# Blender 5.0.1
# www.blender.org
mtllib mdlCuerpoC.mtl
o mdlChicaCuerpo
v 1.404854 4.160001 -16.164793
v 1.409007 4.153771 -16.185558
v 1.382012 4.085247 -16.133646
v 1.373706 4.101858 -16.117033
v 1.357094 4.114317 -16.104574
v 1.388242 4.168307 -16.148182
v 1.396548 4.284591 -16.183481
v 1.404854 4.282515 -16.208401
v 1.423542 4.361422 -16.179329
v 1.413160 4.357269 -16.158564
v 1.377859 4.288744 -16.171022
v 1.394471 4.357269 -16.146105
v 1.415236 4.425794 -16.112881
v 1.375782 4.363499 -16.150257
v 1.359170 4.290821 -16.175177
v 1.396548 4.434100 -16.117033
v 1.361247 4.371805 -16.168947
v 1.344635 4.292897 -16.191788
v 1.384089 4.448636 -16.131569
v 1.355017 4.388417 -16.218782
v 1.336329 4.292897 -16.233318
v 1.346711 4.292897 -16.264465
v 1.384089 4.488090 -16.187635
v 1.371629 4.400876 -16.249929
v 1.384089 4.297050 -16.314302
v 1.394471 4.498472 -16.204247
v 1.429772 4.425794 -16.297689
v 1.425619 4.508854 -16.227089
v 1.448460 4.589838 -16.152334
v 1.413160 4.573226 -16.135723
v 1.450537 4.625139 -16.056814
v 1.425619 4.608527 -16.052662
v 1.442231 4.627215 -15.948836
v 1.429772 4.614757 -15.946760
v 1.436001 4.596068 -15.859547
v 1.448460 4.606451 -15.855393
v 1.446384 4.560767 -15.791021
v 1.462996 4.571150 -15.782716
v 1.465073 4.527543 -15.743261
v 1.485838 4.540002 -15.739109
v 1.487914 4.477707 -15.693425
v 1.521138 4.486013 -15.685120
v 1.498297 4.429947 -15.666430
v 1.550209 4.425794 -15.639436
v 1.560592 4.388417 -15.618671
v 1.489991 4.371805 -15.647742
v 1.558516 4.303280 -15.599982
v 1.483761 4.301204 -15.637360
v 1.543980 4.213990 -15.597906
v 1.473379 4.224372 -15.633206
v 1.523215 4.133006 -15.585446
v 1.458843 4.147542 -15.637360
v 1.448460 4.076940 -15.647742
v 1.514909 4.072787 -15.589600
v 1.438078 4.000110 -15.656048
v 1.514909 3.991803 -15.585446
v 1.448460 3.906667 -15.651895
v 1.546056 3.892131 -15.585446
v 1.469226 3.825683 -15.649818
v 1.583434 3.836065 -15.575064
v 1.570974 3.744699 -15.620748
v 1.651958 3.804918 -15.568834
v 1.654035 3.738469 -15.599982
v 1.728789 3.786229 -15.554298
v 1.732942 3.732239 -15.589600
v 1.809773 3.784152 -15.548069
v 1.811850 3.732239 -15.589600
v 1.890757 3.734316 -15.595829
v 1.888681 3.790382 -15.558452
v 1.971741 3.736392 -15.608288
v 1.973818 3.788305 -15.568834
v 2.050649 3.738469 -15.626977
v 2.058955 3.790382 -15.587523
v 2.125403 3.742622 -15.653972
v 2.127480 3.798688 -15.606212
v 2.204310 3.744699 -15.693425
v 2.200157 3.821529 -15.639436
v 2.297753 3.811147 -15.751568
v 2.262453 3.885901 -15.685120
v 2.320595 3.894207 -15.761950
v 2.285294 3.985574 -15.691349
v 2.328901 3.989727 -15.766103
v 2.314366 4.076940 -15.741185
v 2.289447 4.072787 -15.691349
v 2.303983 4.164154 -15.728726
v 2.276988 4.164154 -15.687196
v 2.252070 4.245138 -15.685120
v 2.285294 4.249290 -15.718344
v 2.272835 4.340657 -15.718344
v 2.231305 4.336504 -15.683043
v 2.252070 4.423717 -15.728726
v 2.214693 4.415411 -15.693425
v 2.218846 4.477707 -15.724573
v 2.254147 4.475630 -15.759873
v 2.233382 4.533772 -15.780639
v 2.266606 4.521314 -15.807633
v 2.241688 4.569074 -15.815940
v 2.270759 4.548308 -15.840858
v 2.245841 4.587762 -15.859547
v 2.274912 4.569073 -15.882388
v 2.245841 4.612680 -15.915612
v 2.272835 4.589838 -15.932224
v 2.235458 4.633445 -16.021515
v 2.268682 4.614757 -16.029819
v 2.252070 4.608527 -16.141953
v 2.206387 4.631369 -16.146105
v 2.245841 4.575303 -16.237471
v 2.181469 4.602297 -16.260313
v 2.243764 4.508854 -16.308073
v 2.166933 4.535849 -16.345449
v 2.156551 4.456942 -16.391132
v 2.235458 4.436176 -16.362062
v 2.146168 4.429947 -16.416052
v 2.243764 4.375957 -16.384903
v 2.175239 4.292897 -16.455505
v 2.094255 4.402953 -16.447199
v 2.098408 4.284591 -16.488729
v 2.046495 4.396723 -16.465887
v 2.027807 4.282515 -16.505341
v 1.961359 4.409182 -16.463812
v 1.940593 4.284591 -16.505341
v 1.865839 4.425794 -16.447199
v 1.845074 4.288744 -16.494959
v 1.919828 4.172460 -16.534412
v 1.818079 4.172460 -16.524029
v 1.903216 4.060328 -16.553101
v 1.799391 4.058251 -16.540642
v 1.782779 3.952349 -16.544794
v 1.890757 3.952349 -16.559330
v 1.996659 3.948196 -16.563484
v 1.882451 3.854753 -16.542719
v 1.988353 3.850600 -16.542719
v 2.090102 3.848524 -16.519876
v 2.079720 3.769616 -16.490805
v 1.980047 3.771693 -16.509495
v 2.069337 3.715627 -16.449276
v 1.973818 3.715627 -16.467964
v 1.874145 3.777923 -16.511570
v 1.872069 3.721857 -16.467964
v 1.774473 3.858907 -16.532335
v 1.770320 3.782075 -16.501188
v 1.770320 3.726010 -16.457581
v 1.872069 3.684480 -16.416052
v 1.774473 3.686556 -16.409821
v 1.795238 3.659561 -16.326761
v 1.880375 3.663714 -16.314302
v 1.969665 3.676173 -16.418127
v 2.061031 3.678250 -16.403591
v 1.969665 3.680326 -16.316378
v 2.054802 3.678250 -16.308073
v 2.139939 3.678250 -16.366215
v 2.150321 3.715627 -16.409821
v 2.212616 3.715627 -16.349602
v 2.121250 3.667868 -16.297689
v 2.193928 3.678250 -16.305996
v 2.175239 3.655408 -16.262388
v 2.260376 3.715627 -16.283154
v 2.175239 3.655408 -16.262388
v 2.237535 3.678250 -16.252007
v 2.289447 3.707321 -16.210476
v 2.206387 3.649179 -16.214630
v 2.262453 3.672020 -16.189711
v 2.233382 3.636720 -16.160641
v 2.310212 3.688632 -16.135721
v 2.233382 3.636720 -16.160641
v 2.287371 3.645026 -16.125340
v 2.314366 3.676174 -16.056814
v 2.281141 3.642949 -16.050585
v 2.258300 3.613878 -16.114956
v 2.243764 3.622184 -16.038126
v 2.270759 3.634643 -15.979983
v 2.303983 3.667868 -15.973754
v 2.231305 3.613878 -15.986213
v 2.216769 3.611802 -15.938454
v 2.249994 3.628414 -15.911459
v 2.281141 3.655409 -15.892770
v 2.208463 3.618032 -15.847087
v 2.175239 3.599343 -15.882387
v 2.119174 3.591037 -15.840858
v 2.152398 3.611802 -15.799327
v 2.235458 3.647102 -15.822168
v 2.175239 3.640873 -15.766103
v 2.106714 3.636720 -15.726649
v 2.119174 3.591037 -15.840858
v 2.088026 3.605572 -15.768180
v 2.063108 3.584807 -15.830475
v 2.025730 3.603496 -15.745337
v 2.007042 3.576501 -15.820092
v 2.036113 3.634643 -15.699655
v 2.007042 3.576501 -15.820092
v 1.959282 3.599343 -15.730803
v 1.965512 3.634643 -15.683043
v 1.944746 3.570271 -15.813863
v 1.882451 3.564042 -15.809710
v 1.890757 3.599343 -15.716267
v 1.890757 3.632567 -15.670584
v 1.882451 3.564042 -15.809710
v 1.818079 3.593113 -15.714190
v 1.816003 3.626337 -15.664354
v 1.809773 3.568195 -15.807633
v 1.743325 3.588960 -15.714190
v 1.737095 3.572348 -15.807633
v 1.741248 3.624261 -15.664354
v 1.666494 3.620108 -15.674736
v 1.737095 3.572348 -15.807633
v 1.678953 3.586884 -15.726649
v 1.593816 3.622185 -15.699655
v 1.683106 3.576501 -15.824245
v 1.612505 3.588960 -15.747415
v 1.651958 3.578578 -15.834628
v 1.525291 3.628414 -15.741185
v 1.597969 3.580654 -15.836704
v 1.552286 3.597266 -15.780639
v 1.469226 3.636720 -15.801404
v 1.506603 3.605572 -15.838781
v 1.597969 3.580654 -15.836704
v 1.546056 3.591037 -15.882387
v 1.516985 3.595190 -15.909382
v 1.471302 3.611802 -15.890694
v 1.494144 3.599343 -15.946759
v 1.436001 3.626337 -15.952989
v 1.427695 3.645026 -15.874082
v 1.398624 3.661638 -15.952989
v 1.494144 3.599343 -15.946759
v 1.462996 3.609725 -16.011131
v 1.423542 3.642949 -16.036049
v 1.386165 3.682403 -16.044355
v 1.458843 3.638796 -16.112881
v 1.421466 3.667868 -16.133646
v 1.487914 3.657485 -16.200094
v 1.390318 3.703168 -16.150257
v 1.487914 3.657485 -16.200094
v 1.452613 3.682403 -16.227089
v 1.427695 3.715627 -16.249929
v 1.487914 3.657485 -16.200094
v 1.541903 3.661638 -16.264465
v 1.512832 3.684480 -16.301844
v 1.489991 3.719780 -16.335068
v 1.604199 3.659561 -16.297689
v 1.585510 3.686556 -16.353756
v 1.570974 3.723933 -16.397362
v 1.672724 3.684480 -16.391132
v 1.604199 3.659561 -16.297689
v 1.681030 3.655408 -16.326761
v 1.774473 3.686556 -16.409821
v 1.668571 3.723933 -16.436815
v 1.770320 3.726010 -16.457581
v 1.770320 3.782075 -16.501188
v 1.664418 3.784152 -16.478346
v 1.664418 3.860983 -16.513647
v 1.774473 3.858907 -16.532335
v 1.670647 3.956502 -16.534412
v 1.782779 3.952349 -16.544794
v 1.689336 4.062405 -16.524029
v 1.799391 4.058251 -16.540642
v 1.712177 4.176613 -16.507418
v 1.818079 4.172460 -16.524029
v 1.739172 4.294973 -16.480423
v 1.845074 4.288744 -16.494959
v 1.865839 4.425794 -16.447199
v 1.749555 4.432024 -16.430588
v 1.676877 4.421641 -16.418127
v 1.639499 4.294973 -16.457581
v 1.583434 4.411258 -16.391132
v 1.541903 4.290821 -16.422281
v 1.479608 4.400876 -16.347527
v 1.452613 4.290821 -16.372444
v 1.506603 4.176613 -16.436817
v 1.417313 4.172460 -16.376598
v 1.473379 4.062405 -16.436817
v 1.386165 4.054098 -16.359985
v 1.352941 4.174536 -16.303919
v 1.330099 4.049945 -16.262390
v 1.325946 4.178689 -16.252007
v 1.311411 4.056175 -16.202171
v 1.319717 4.182842 -16.216705
v 1.309334 4.068634 -16.158564
v 1.350864 4.170383 -16.162716
v 1.321793 4.103935 -16.119110
v 1.338405 4.112241 -16.106651
v 1.369553 4.170383 -16.150257
v 1.325946 4.079017 -16.042278
v 1.342558 4.095629 -16.033974
v 1.363323 4.099782 -16.033974
v 1.348788 4.076940 -15.971678
v 1.369553 4.083170 -15.971678
v 1.357094 4.070711 -15.907306
v 1.332176 4.060328 -15.973754
v 1.309334 3.991803 -16.075502
v 1.319717 3.946120 -15.990366
v 1.340482 4.054099 -15.905230
v 1.369553 4.074864 -15.834628
v 1.330099 3.935738 -15.903152
v 1.355017 4.056175 -15.826322
v 1.346711 3.966885 -15.807633
v 1.346711 3.892131 -15.801404
v 1.375782 4.004262 -15.737032
v 1.379936 3.917049 -15.730803
v 1.394471 3.827759 -15.726649
v 1.355017 3.825682 -15.811787
v 1.411083 3.750928 -15.739108
v 1.479608 3.744699 -15.664354
v 1.498297 3.676174 -15.697578
v 1.436001 3.684480 -15.768180
v 1.577204 3.674097 -15.653972
v 1.658188 3.674097 -15.633206
v 1.737095 3.674097 -15.622824
v 1.813926 3.676174 -15.624900
v 1.892834 3.680327 -15.631130
v 1.967588 3.684480 -15.645665
v 2.044419 3.682403 -15.662277
v 2.121250 3.684480 -15.687196
v 2.196004 3.684480 -15.724573
v 2.266606 3.684480 -15.791021
v 2.341360 3.748852 -15.861623
v 2.312289 3.694862 -15.876158
v 2.287371 3.742622 -15.766103
v 2.357972 3.815300 -15.855393
v 2.380814 3.800764 -15.963371
v 2.401579 3.883825 -15.961295
v 2.372508 3.898360 -15.857470
v 2.395350 3.960656 -15.963371
v 2.376661 3.983497 -15.857470
v 2.364202 4.056175 -15.890694
v 2.355896 4.072787 -15.807633
v 2.347590 4.122623 -15.851240
v 2.343437 4.166230 -15.780639
v 2.339283 4.197378 -15.830475
v 2.328901 4.253444 -15.768180
v 2.326824 4.265903 -15.828399
v 2.314366 4.336504 -15.822169
v 2.312289 4.342734 -15.764027
v 2.299830 4.409182 -15.824245
v 2.293600 4.434100 -15.774409
v 2.289447 4.475630 -15.799328
v 2.295677 4.442406 -15.845011
v 2.289447 4.500548 -15.830475
v 2.293600 4.463171 -15.869928
v 2.289447 4.521314 -15.863699
v 2.295677 4.477707 -15.894847
v 2.291524 4.537926 -15.903153
v 2.295677 4.492242 -15.928071
v 2.297753 4.513008 -15.965448
v 2.291524 4.562844 -15.950912
v 2.295677 4.529620 -16.031897
v 2.291524 4.583609 -16.033974
v 2.281141 4.519237 -16.112881
v 2.270759 4.571150 -16.135723
v 2.279065 4.496395 -16.181406
v 2.268682 4.542078 -16.220860
v 2.281141 4.452789 -16.225012
v 2.272835 4.488090 -16.274849
v 2.285294 4.413335 -16.314302
v 2.262453 4.390493 -16.262390
v 2.295677 4.348963 -16.328838
v 2.268682 4.332351 -16.274849
v 2.310212 4.259673 -16.330914
v 2.252070 4.278361 -16.411898
v 2.266606 4.151694 -16.426434
v 2.187698 4.162077 -16.478346
v 2.191851 4.039563 -16.490805
v 2.104638 4.168306 -16.517799
v 2.104638 4.052022 -16.536489
v 2.004965 4.058251 -16.557255
v 2.100485 3.941967 -16.538565
v 2.189775 3.929508 -16.492882
v 2.270759 4.020875 -16.432663
v 2.268682 3.906666 -16.430586
v 2.181469 3.840218 -16.478346
v 2.256223 3.827759 -16.413975
v 2.235458 3.765464 -16.384903
v 2.166933 3.767540 -16.449276
v 2.303983 3.817376 -16.332991
v 2.285294 3.761311 -16.312225
v 2.339283 3.802841 -16.247854
v 2.318518 3.755081 -16.233318
v 2.360049 3.786229 -16.160641
v 2.337207 3.734316 -16.148182
v 2.370431 3.767540 -16.065121
v 2.343437 3.717704 -16.058891
v 2.362125 3.753005 -15.965448
v 2.335130 3.707321 -15.967525
v 2.393273 3.821529 -16.071350
v 2.374584 3.829835 -16.171022
v 2.403656 3.896284 -16.077579
v 2.389120 3.923278 -16.183481
v 2.397426 3.983497 -16.073427
v 2.370431 4.010492 -16.179329
v 2.339283 4.031257 -16.160641
v 2.374584 4.027104 -16.067198
v 2.368355 4.031257 -15.975831
v 2.357972 4.037487 -16.063044
v 2.351743 4.045793 -15.979983
v 2.347590 4.068635 -15.899000
v 2.328901 4.070711 -15.903152
v 2.333054 4.133006 -15.861623
v 2.314366 4.135083 -15.865776
v 2.322672 4.203608 -15.842934
v 2.303983 4.203608 -15.849164
v 2.312289 4.267979 -15.842935
v 2.293600 4.265903 -15.849164
v 2.301906 4.332351 -15.838781
v 2.283218 4.328198 -15.845011
v 2.268682 4.394647 -15.845011
v 2.287371 4.400876 -15.838781
v 2.264529 4.425794 -15.863699
v 2.283218 4.432024 -15.859547
v 2.283218 4.450712 -15.882388
v 2.264529 4.444483 -15.886541
v 2.283218 4.465248 -15.905230
v 2.264529 4.459019 -15.911459
v 2.285294 4.477707 -15.936378
v 2.266606 4.471478 -15.940530
v 2.285294 4.496395 -15.971678
v 2.266606 4.488090 -15.973754
v 2.285294 4.510931 -16.029819
v 2.266606 4.502625 -16.027744
v 2.270759 4.502625 -16.104574
v 2.252070 4.496395 -16.100422
v 2.249994 4.473554 -16.164793
v 2.268682 4.479783 -16.168947
v 2.254147 4.438253 -16.206324
v 2.270759 4.442406 -16.210476
v 2.245841 4.384264 -16.252007
v 2.229228 4.382187 -16.249929
v 2.252070 4.328198 -16.266542
v 2.237535 4.324045 -16.266542
v 2.249994 4.257596 -16.272772
v 2.264529 4.257596 -16.270695
v 2.276988 4.164154 -16.264465
v 2.293600 4.166230 -16.264465
v 2.281141 4.259673 -16.281078
v 2.308136 4.162077 -16.274849
v 2.303983 4.079017 -16.216705
v 2.320595 4.076940 -16.225012
v 2.362125 4.054098 -16.272772
v 2.333054 4.135082 -16.330914
v 2.333054 3.995956 -16.357908
v 2.372508 3.960655 -16.276924
v 2.320595 3.885901 -16.347527
v 2.355896 3.850600 -16.260313
v 2.287371 4.074863 -16.216705
v 2.306060 4.027104 -16.150257
v 2.320595 4.033333 -16.154411
v 2.339283 4.035410 -16.063044
v 2.324748 4.016721 -16.063044
v 2.330978 4.045793 -15.982060
v 2.314366 4.031257 -15.982060
v 2.308136 4.010492 -15.979983
v 2.301906 4.041639 -15.894847
v 2.312289 4.060328 -15.901076
v 2.285294 4.112241 -15.851240
v 2.295677 4.126776 -15.861623
v 2.274912 4.186995 -15.828399
v 2.285294 4.197378 -15.840858
v 2.264529 4.255520 -15.828399
v 2.274912 4.259673 -15.842935
v 2.252070 4.324045 -15.822169
v 2.264529 4.324045 -15.838781
v 2.249994 4.394647 -15.838781
v 2.235458 4.398799 -15.824245
v 2.231305 4.436177 -15.847087
v 2.245841 4.427871 -15.859547
v 2.231305 4.456942 -15.874082
v 2.245841 4.446559 -15.884464
v 2.231305 4.473554 -15.899000
v 2.245841 4.463171 -15.907306
v 2.233382 4.488090 -15.932224
v 2.245841 4.475630 -15.938454
v 2.247917 4.492242 -15.971678
v 2.233382 4.506778 -15.967525
v 2.245841 4.508854 -16.027744
v 2.233382 4.523390 -16.025667
v 2.233382 4.500548 -16.100422
v 2.218846 4.513008 -16.104574
v 2.231305 4.475630 -16.166870
v 2.216769 4.486013 -16.177252
v 2.233382 4.442406 -16.210476
v 2.216769 4.452789 -16.225012
v 2.208463 4.386340 -16.262390
v 2.200157 4.392570 -16.281078
v 2.218846 4.324045 -16.283155
v 2.212616 4.328198 -16.303919
v 2.231305 4.253444 -16.287308
v 2.225075 4.249290 -16.308073
v 2.260376 4.155848 -16.279001
v 2.252070 4.141312 -16.297689
v 2.272835 4.058251 -16.227089
v 2.270759 4.041639 -16.243700
v 2.291524 4.006339 -16.156487
v 2.291524 3.985574 -16.164793
v 2.320595 3.991803 -16.065121
v 2.013271 4.170383 -16.534412
v 1.369553 3.759234 -15.830475
v 1.392395 3.696939 -15.851240
v 1.342558 3.769617 -15.930147
v 1.365400 3.713551 -15.944683
v 1.355017 3.734316 -16.048508
v 1.330099 3.794535 -16.046432
v 1.359170 3.753005 -16.164793
v 1.332176 3.825682 -16.179329
v 1.398624 3.765464 -16.276924
v 1.371629 3.840218 -16.305996
v 1.467149 3.773769 -16.374521
v 1.452613 3.850600 -16.405668
v 1.560592 3.779999 -16.436815
v 1.554362 3.858907 -16.472116
v 1.454690 3.952349 -16.426434
v 1.558516 3.954426 -16.497034
v 1.579281 4.064481 -16.492882
v 1.606275 4.178689 -16.478346
v 1.363323 3.941967 -16.330914
v 1.311411 3.929508 -16.187635
v 1.305181 3.956502 -16.131569
v 1.313487 3.860983 -16.036049
v 1.313487 3.900437 -16.019438
v 1.325946 3.833988 -15.917688
v 1.321793 3.877595 -15.905230
v 1.377859 4.074864 -15.780639
v 1.396548 4.076940 -15.701732
v 1.394471 4.118471 -15.743261
v 1.406930 4.143389 -15.687196
v 1.402777 4.172460 -15.730803
v 1.423542 4.224372 -15.674737
v 1.417313 4.236832 -15.732879
v 1.436001 4.292898 -15.674737
v 1.436001 4.348963 -15.734956
v 1.446384 4.363499 -15.678890
v 1.427695 4.292898 -15.730803
v 1.444307 4.342734 -15.753644
v 1.438078 4.290821 -15.749491
v 1.460919 4.338581 -15.761950
v 1.454690 4.286668 -15.757797
v 1.444307 4.236832 -15.759873
v 1.427695 4.238908 -15.751568
v 1.433925 4.182842 -15.755721
v 1.415236 4.182842 -15.747415
v 1.425619 4.133006 -15.768180
v 1.406930 4.130929 -15.757797
v 1.390318 4.089399 -15.793097
v 1.409007 4.091475 -15.803480
v 1.390318 4.079017 -15.842934
v 1.406930 4.066558 -15.842934
v 1.394471 4.066558 -15.911459
v 1.377859 4.076940 -15.909383
v 1.404854 4.047869 -15.913535
v 1.386165 4.072787 -15.977907
v 1.396548 4.054099 -15.982060
v 1.379936 4.089399 -16.040203
v 1.388242 4.070711 -16.050585
v 1.417313 4.047869 -15.842934
v 1.438078 4.062405 -15.797251
v 1.456766 4.108088 -15.755720
v 1.427695 4.081093 -15.803480
v 1.444307 4.124700 -15.764027
v 1.467149 4.164154 -15.741185
v 1.452613 4.176613 -15.753644
v 1.479608 4.224372 -15.741185
v 1.465073 4.230602 -15.755721
v 1.489991 4.282515 -15.741185
v 1.473379 4.284592 -15.755721
v 1.481685 4.336504 -15.757797
v 1.498297 4.340657 -15.745338
v 1.485838 4.375958 -15.764027
v 1.465073 4.375958 -15.768180
v 1.467149 4.413335 -15.776485
v 1.448460 4.382187 -15.759873
v 1.450537 4.417488 -15.766103
v 1.440154 4.390493 -15.741185
v 1.442231 4.429947 -15.749491
v 1.452613 4.417488 -15.687196
v 1.454690 4.461095 -15.710037
v 1.433925 4.469401 -15.774409
v 1.444307 4.508855 -15.747415
v 1.423542 4.504702 -15.815940
v 1.431848 4.546232 -15.797251
v 1.419389 4.531696 -15.867852
v 1.425619 4.579456 -15.861623
v 1.415236 4.552461 -15.942607
v 1.419389 4.596068 -15.948836
v 1.411083 4.550385 -16.019438
v 1.415236 4.593991 -16.038126
v 1.400701 4.504701 -16.085886
v 1.402777 4.558691 -16.131569
v 1.411083 4.488090 -16.075504
v 1.421466 4.529620 -16.011131
v 1.429772 4.477707 -16.071350
v 1.440154 4.521314 -16.011131
v 1.425619 4.531696 -15.942607
v 1.444307 4.521314 -15.942607
v 1.446384 4.502625 -15.876159
v 1.429772 4.510931 -15.874082
v 1.452613 4.479783 -15.832552
v 1.433925 4.486013 -15.824245
v 1.460919 4.448636 -15.797251
v 1.444307 4.454865 -15.788945
v 1.471302 4.483936 -15.832552
v 1.481685 4.454865 -15.799328
v 1.487914 4.415411 -15.774409
v 1.504526 4.425794 -15.764027
v 1.502450 4.384264 -15.753644
v 1.496220 4.467324 -15.793097
v 1.485838 4.500548 -15.828399
v 1.481685 4.525467 -15.876159
v 1.467149 4.508854 -15.876159
v 1.465073 4.527543 -15.944683
v 1.479608 4.546232 -15.946760
v 1.460919 4.527543 -16.015285
v 1.473379 4.544155 -16.023590
v 1.450537 4.481860 -16.079657
v 1.462996 4.496395 -16.094193
v 1.433925 4.427870 -16.123262
v 1.446384 4.436176 -16.139875
v 2.042048 3.454582 -16.100584
v 2.064874 3.286236 -16.090122
v 2.070581 3.288138 -16.086317
v 2.047754 3.456484 -16.097731
v 2.075336 3.289089 -16.082514
v 2.053461 3.458386 -16.092976
v 2.080092 3.290992 -16.076807
v 2.057265 3.459337 -16.088221
v 2.082945 3.291943 -16.071100
v 2.060119 3.461240 -16.082514
v 2.084847 3.293845 -16.064442
v 2.062021 3.462191 -16.075855
v 2.085799 3.294796 -16.057785
v 2.062972 3.463142 -16.069197
v 2.084847 3.295747 -16.051126
v 2.062021 3.464093 -16.062540
v 2.082945 3.296698 -16.044468
v 2.060119 3.465044 -16.055882
v 2.056314 3.465044 -16.050175
v 2.079141 3.296698 -16.038763
v 2.052510 3.465044 -16.044468
v 2.075336 3.296698 -16.034006
v 2.069630 3.296698 -16.029251
v 2.046803 3.465044 -16.039713
v 2.063923 3.295747 -16.026398
v 2.041097 3.465044 -16.036860
v 2.057265 3.294796 -16.023544
v 2.034439 3.464093 -16.034958
v 2.027781 3.463142 -16.034006
v 2.050608 3.293845 -16.023544
v 2.021123 3.461240 -16.034958
v 2.043950 3.292894 -16.023544
v 2.014466 3.460289 -16.036860
v 2.037292 3.291943 -16.025446
v 2.008759 3.458386 -16.039713
v 2.031585 3.290040 -16.028299
v 2.004004 3.457435 -16.043518
v 2.026830 3.288138 -16.033056
v 1.999248 3.455533 -16.049225
v 2.022074 3.287187 -16.037811
v 1.996395 3.454582 -16.054932
v 2.019221 3.285285 -16.044468
v 1.994492 3.452680 -16.061588
v 2.017319 3.284334 -16.050175
v 1.994492 3.451729 -16.068247
v 2.016368 3.283383 -16.056833
v 1.994492 3.450778 -16.074903
v 2.017319 3.282432 -16.064442
v 1.997346 3.449826 -16.081562
v 2.023026 3.280529 -16.076807
v 2.000199 3.449826 -16.087269
v 2.019221 3.281481 -16.070148
v 2.026830 3.280529 -16.081562
v 2.004955 3.449826 -16.092976
v 2.009710 3.449826 -16.096779
v 2.032537 3.281481 -16.086317
v 2.015417 3.450778 -16.100584
v 2.038243 3.281481 -16.089170
v 2.022074 3.450778 -16.102486
v 2.051559 3.283383 -16.092024
v 2.028732 3.452680 -16.103437
v 2.044901 3.282432 -16.091072
v 2.058217 3.284334 -16.092024
v 2.035390 3.453631 -16.102486
v 2.064874 3.286236 -16.090122
v 2.042048 3.454582 -16.100584
v 1.630219 3.454582 -16.100584
v 1.619756 3.284334 -16.090122
v 1.626414 3.285285 -16.086317
v 1.635925 3.454582 -16.097731
v 1.631170 3.285285 -16.082514
v 1.641632 3.455533 -16.092976
v 1.635925 3.286236 -16.076807
v 1.646387 3.456484 -16.088221
v 1.638779 3.287187 -16.071100
v 1.649241 3.457435 -16.082514
v 1.640681 3.288138 -16.064442
v 1.651143 3.458386 -16.075855
v 1.641632 3.289090 -16.057785
v 1.652094 3.459337 -16.069197
v 1.641632 3.290040 -16.051126
v 1.651143 3.460289 -16.062540
v 1.639730 3.290992 -16.044468
v 1.649241 3.461240 -16.055882
v 1.635925 3.291943 -16.038763
v 1.646387 3.462191 -16.050175
v 1.632121 3.292894 -16.034006
v 1.642583 3.463142 -16.044468
v 1.626414 3.293845 -16.029251
v 1.636876 3.464093 -16.039713
v 1.620708 3.294796 -16.026398
v 1.631170 3.464093 -16.036860
v 1.614050 3.294796 -16.023544
v 1.624512 3.465044 -16.034958
v 1.617854 3.465044 -16.034006
v 1.607392 3.294796 -16.023544
v 1.611197 3.465044 -16.034958
v 1.600734 3.294796 -16.023544
v 1.604539 3.465044 -16.036860
v 1.594077 3.294796 -16.025446
v 1.598832 3.465044 -16.039713
v 1.588370 3.294796 -16.028299
v 1.593126 3.464093 -16.043518
v 1.582663 3.293845 -16.033056
v 1.588370 3.463142 -16.049225
v 1.578859 3.293845 -16.037811
v 1.585517 3.462191 -16.054932
v 1.575054 3.292894 -16.044468
v 1.583614 3.461240 -16.061588
v 1.573152 3.291943 -16.050175
v 1.582663 3.460289 -16.068247
v 1.572201 3.290992 -16.056833
v 1.583614 3.459337 -16.074903
v 1.573152 3.290040 -16.064442
v 1.585517 3.458386 -16.081562
v 1.575054 3.288138 -16.070148
v 1.588370 3.457435 -16.087269
v 1.577908 3.287187 -16.076807
v 1.592174 3.456484 -16.092976
v 1.581712 3.286236 -16.081562
v 1.597881 3.455533 -16.096779
v 1.587419 3.286236 -16.086317
v 1.603588 3.455533 -16.100584
v 1.593126 3.285285 -16.089170
v 1.610245 3.454582 -16.102486
v 1.606441 3.284334 -16.092024
v 1.616903 3.454582 -16.103437
v 1.599783 3.285285 -16.091072
v 1.613099 3.284334 -16.092024
v 1.623561 3.454582 -16.102486
v 1.619756 3.284334 -16.090122
v 1.630219 3.454582 -16.100584
v 1.891773 4.220222 -16.063492
v 1.855631 4.220222 -16.069199
v 1.855631 4.055681 -16.080610
v 1.891773 4.055681 -16.074905
v 1.921257 4.220222 -16.041616
v 1.921257 4.055681 -16.053028
v 1.942182 4.055681 -16.022594
v 1.942182 4.220222 -16.011181
v 1.948839 4.055681 -15.987403
v 1.948839 4.220222 -15.975989
v 1.942182 4.055681 -15.950310
v 1.942182 4.220222 -15.938896
v 1.921257 4.055681 -15.920825
v 1.921257 4.220222 -15.909412
v 1.890822 4.220222 -15.888488
v 1.890822 4.055681 -15.899900
v 1.855631 4.220222 -15.881830
v 1.855631 4.055681 -15.893243
v 1.818538 4.220222 -15.889439
v 1.818538 4.055681 -15.900852
v 1.789053 4.220222 -15.909412
v 1.789053 4.055681 -15.920825
v 1.768129 4.220222 -15.940799
v 1.768129 4.055681 -15.952211
v 1.761471 4.220222 -15.975989
v 1.761471 4.055681 -15.987403
v 1.769080 4.220222 -16.011181
v 1.769080 4.055681 -16.022594
v 1.789053 4.220222 -16.041616
v 1.789053 4.055681 -16.053028
v 1.818538 4.220222 -16.062540
v 1.818538 4.055681 -16.073954
v 1.855631 4.220222 -16.069199
v 1.855631 4.055681 -16.080610
v 1.855631 4.220222 -16.042566
v 1.855631 4.405688 -16.018789
v 1.831853 4.405688 -16.014984
v 1.831853 4.220222 -16.037811
v 1.812831 4.404737 -16.001669
v 1.812831 4.220222 -16.024496
v 1.799516 4.220222 -16.005474
v 1.799516 4.403786 -15.981696
v 1.794760 4.220222 -15.982647
v 1.794760 4.402835 -15.958870
v 1.798564 4.220222 -15.959821
v 1.798564 4.401884 -15.936043
v 1.812831 4.220222 -15.939847
v 1.812831 4.399981 -15.916070
v 1.831853 4.399981 -15.902754
v 1.831853 4.220222 -15.926532
v 1.855631 4.399981 -15.898950
v 1.855631 4.220222 -15.921777
v 1.877506 4.220222 -15.925581
v 1.877506 4.399981 -15.902754
v 1.897480 4.220222 -15.939847
v 1.910795 4.401884 -15.935092
v 1.910795 4.220222 -15.958870
v 1.897480 4.399981 -15.916070
v 1.915551 4.402835 -15.958870
v 1.915551 4.220222 -15.982647
v 1.911746 4.403786 -15.981696
v 1.911746 4.220222 -16.004522
v 1.897480 4.404737 -16.001669
v 1.897480 4.220222 -16.024496
v 1.878457 4.220222 -16.038763
v 1.878457 4.405688 -16.015936
v 1.855631 4.220222 -16.042566
v 1.855631 4.405688 -16.018789
v 1.855631 4.055681 -16.080610
v 1.855631 4.055681 -16.040665
v 1.878457 4.055681 -16.037811
v 1.891773 4.055681 -16.074905
v 1.921257 4.055681 -16.053028
v 1.897480 4.055681 -16.023544
v 1.942182 4.055681 -16.022594
v 1.911746 4.055681 -16.003571
v 1.948839 4.055681 -15.987403
v 1.915551 4.055681 -15.980745
v 1.942182 4.055681 -15.950310
v 1.910795 4.055681 -15.956967
v 1.921257 4.055681 -15.920825
v 1.897480 4.055681 -15.937945
v 1.890822 4.055681 -15.899900
v 1.877506 4.055681 -15.924629
v 1.855631 4.055681 -15.893243
v 1.831853 4.055681 -15.924629
v 1.818538 4.055681 -15.900852
v 1.855631 4.055681 -15.920825
v 1.812831 4.055681 -15.937945
v 1.789053 4.055681 -15.920825
v 1.798564 4.055681 -15.957918
v 1.768129 4.055681 -15.952211
v 1.794760 4.055681 -15.980745
v 1.761471 4.055681 -15.987403
v 1.799516 4.055681 -16.003571
v 1.769080 4.055681 -16.022594
v 1.812831 4.055681 -16.023544
v 1.789053 4.055681 -16.053028
v 1.831853 4.055681 -16.036860
v 1.818538 4.055681 -16.073954
v 1.855631 4.055681 -16.040665
v 1.855631 4.055681 -16.080610
v 1.878457 4.220222 -16.038763
v 1.855631 4.220222 -16.042566
v 1.855631 4.220222 -16.069199
v 1.891773 4.220222 -16.063492
v 1.897480 4.220222 -16.024496
v 1.921257 4.220222 -16.041616
v 1.911746 4.220222 -16.004522
v 1.942182 4.220222 -16.011181
v 1.915551 4.220222 -15.982647
v 1.948839 4.220222 -15.975989
v 1.910795 4.220222 -15.958870
v 1.942182 4.220222 -15.938896
v 1.897480 4.220222 -15.939847
v 1.921257 4.220222 -15.909412
v 1.877506 4.220222 -15.925581
v 1.890822 4.220222 -15.888488
v 1.855631 4.220222 -15.921777
v 1.818538 4.220222 -15.889439
v 1.831853 4.220222 -15.926532
v 1.855631 4.220222 -15.881830
v 1.789053 4.220222 -15.909412
v 1.812831 4.220222 -15.939847
v 1.768129 4.220222 -15.940799
v 1.798564 4.220222 -15.959821
v 1.761471 4.220222 -15.975989
v 1.794760 4.220222 -15.982647
v 1.769080 4.220222 -16.011181
v 1.799516 4.220222 -16.005474
v 1.789053 4.220222 -16.041616
v 1.812831 4.220222 -16.024496
v 1.818538 4.220222 -16.062540
v 1.831853 4.220222 -16.037811
v 1.855631 4.220222 -16.069199
v 1.855631 4.220222 -16.042566
v 1.812831 4.404737 -16.001669
v 1.831853 4.405688 -16.014984
v 1.855631 4.405688 -16.018789
v 1.799516 4.403786 -15.981696
v 1.897480 4.404737 -16.001669
v 1.915551 4.402835 -15.958870
v 1.897480 4.399981 -15.916070
v 1.855631 4.399981 -15.898950
v 1.812831 4.399981 -15.916070
v 1.794760 4.402835 -15.958870
v 1.798564 4.401884 -15.936043
v 1.831853 4.399981 -15.902754
v 1.877506 4.399981 -15.902754
v 1.910795 4.401884 -15.935092
v 1.911746 4.403786 -15.981696
v 1.878457 4.405688 -16.015936
v 1.855631 3.679043 -16.111998
v 1.855631 4.055681 -16.040665
v 1.831853 4.055681 -16.036860
v 1.831853 3.679043 -16.107243
v 1.812831 4.055681 -16.023544
v 1.812831 3.678092 -16.093927
v 1.799516 3.677141 -16.074903
v 1.799516 4.055681 -16.003571
v 1.794760 3.676190 -16.052078
v 1.794760 4.055681 -15.980745
v 1.798564 3.675239 -16.029251
v 1.798564 4.055681 -15.957918
v 1.812831 3.673337 -16.009277
v 1.812831 4.055681 -15.937945
v 1.831853 4.055681 -15.924629
v 1.831853 3.673337 -15.995962
v 1.855631 4.055681 -15.920825
v 1.855631 3.673337 -15.991207
v 1.877506 3.673337 -15.995962
v 1.877506 4.055681 -15.924629
v 1.897480 3.673337 -16.009277
v 1.910795 4.055681 -15.956967
v 1.910795 3.674288 -16.028299
v 1.897480 4.055681 -15.937945
v 1.915551 4.055681 -15.980745
v 1.915551 3.676190 -16.052078
v 1.911746 4.055681 -16.003571
v 1.911746 3.677141 -16.073954
v 1.897480 4.055681 -16.023544
v 1.897480 3.678092 -16.093927
v 1.878457 3.679043 -16.108192
v 1.878457 4.055681 -16.037811
v 1.855631 3.679043 -16.111998
v 1.855631 4.055681 -16.040665
v 1.905088 4.393324 -15.958870
v 1.902235 4.394275 -15.977892
v 1.890822 4.395226 -15.994061
v 1.809027 4.395226 -15.977892
v 1.890822 4.392373 -15.923678
v 1.901284 4.392373 -15.938896
v 1.855631 4.391422 -15.909412
v 1.873702 4.391422 -15.912266
v 1.819489 4.392373 -15.923678
v 1.835658 4.391422 -15.912266
v 1.805222 4.393324 -15.958870
v 1.808076 4.392373 -15.939847
v 1.855631 4.396177 -16.009277
v 1.819489 4.395226 -15.994061
v 1.835658 4.396177 -16.005474
v 1.874653 4.396177 -16.006426
v 1.855631 4.396177 -16.009277
v 1.855631 4.532186 -16.009277
v 1.835658 4.532186 -16.005474
v 1.835658 4.396177 -16.005474
v 1.819489 4.531235 -15.994061
v 1.819489 4.395226 -15.994061
v 1.809027 4.531235 -15.977892
v 1.809027 4.395226 -15.977892
v 1.805222 4.530283 -15.958870
v 1.805222 4.393324 -15.958870
v 1.808076 4.529332 -15.939848
v 1.808076 4.392373 -15.939847
v 1.819489 4.528381 -15.923678
v 1.819489 4.392373 -15.923678
v 1.835658 4.527430 -15.912266
v 1.835658 4.391422 -15.912266
v 1.855631 4.527430 -15.909412
v 1.855631 4.391422 -15.909412
v 1.873702 4.391422 -15.912266
v 1.873702 4.527430 -15.912266
v 1.890822 4.392373 -15.923678
v 1.890822 4.528381 -15.923678
v 1.901284 4.392373 -15.938896
v 1.901284 4.528381 -15.938896
v 1.905088 4.393324 -15.958870
v 1.905088 4.530283 -15.958870
v 1.902235 4.394275 -15.977892
v 1.902235 4.531235 -15.977892
v 1.890822 4.395226 -15.994061
v 1.890822 4.531235 -15.994061
v 1.874653 4.396177 -16.006426
v 1.874653 4.532186 -16.006426
v 1.855631 4.396177 -16.009277
v 1.855631 4.532186 -16.009277
v 1.855631 4.532186 -16.009277
v 1.855631 4.532186 -16.000719
v 1.838511 4.532186 -15.997865
v 1.835658 4.532186 -16.005474
v 1.819489 4.531235 -15.994061
v 1.826147 4.531235 -15.988354
v 1.809027 4.531235 -15.977892
v 1.816636 4.530283 -15.975039
v 1.813782 4.530283 -15.958870
v 1.805222 4.530283 -15.958870
v 1.816636 4.529332 -15.943652
v 1.808076 4.529332 -15.939848
v 1.819489 4.528381 -15.923678
v 1.838511 4.527430 -15.920825
v 1.835658 4.527430 -15.912266
v 1.826147 4.528381 -15.929385
v 1.855631 4.527430 -15.909412
v 1.870849 4.527430 -15.919874
v 1.873702 4.527430 -15.912266
v 1.855631 4.527430 -15.917021
v 1.890822 4.528381 -15.923678
v 1.893675 4.529332 -15.942700
v 1.901284 4.528381 -15.938896
v 1.885115 4.528381 -15.929385
v 1.905088 4.530283 -15.958870
v 1.893675 4.530283 -15.975039
v 1.902235 4.531235 -15.977892
v 1.896528 4.530283 -15.958870
v 1.890822 4.531235 -15.994061
v 1.871800 4.532186 -15.997865
v 1.874653 4.532186 -16.006426
v 1.885115 4.531235 -15.988354
v 1.855631 4.532186 -16.009277
v 1.855631 4.532186 -16.000719
v 1.855631 4.532186 -16.000719
v 1.855631 4.551208 -16.000719
v 1.838511 4.550257 -15.997865
v 1.838511 4.532186 -15.997865
v 1.826147 4.550257 -15.988354
v 1.826147 4.531235 -15.988354
v 1.816636 4.549305 -15.975039
v 1.816636 4.530283 -15.975039
v 1.813782 4.548354 -15.958870
v 1.813782 4.530283 -15.958870
v 1.816636 4.548354 -15.943652
v 1.816636 4.529332 -15.943652
v 1.826147 4.547403 -15.929385
v 1.826147 4.528381 -15.929385
v 1.838511 4.546452 -15.920825
v 1.838511 4.527430 -15.920825
v 1.855631 4.546452 -15.917021
v 1.855631 4.527430 -15.917021
v 1.870849 4.527430 -15.919874
v 1.870849 4.546452 -15.919874
v 1.885115 4.528381 -15.929385
v 1.885115 4.547403 -15.929385
v 1.893675 4.529332 -15.942700
v 1.893675 4.548354 -15.942700
v 1.896528 4.530283 -15.958870
v 1.896528 4.548354 -15.958870
v 1.893675 4.530283 -15.975039
v 1.893675 4.549305 -15.975039
v 1.885115 4.531235 -15.988354
v 1.885115 4.550257 -15.988354
v 1.871800 4.532186 -15.997865
v 1.871800 4.550257 -15.997865
v 1.855631 4.532186 -16.000719
v 1.855631 4.551208 -16.000719
v 1.867995 4.605421 -15.987403
v 1.855631 4.605421 -15.989305
v 1.855631 4.550257 -15.992158
v 1.867995 4.550257 -15.990256
v 1.878457 4.604470 -15.979794
v 1.878457 4.550257 -15.982647
v 1.886066 4.604470 -15.968381
v 1.886066 4.549305 -15.971234
v 1.888920 4.548354 -15.958870
v 1.888920 4.603518 -15.956017
v 1.886066 4.548354 -15.945554
v 1.886066 4.602568 -15.942700
v 1.878457 4.602568 -15.932239
v 1.878457 4.547403 -15.935092
v 1.867995 4.601616 -15.924630
v 1.867995 4.547403 -15.927484
v 1.855631 4.601616 -15.922728
v 1.842315 4.547403 -15.928434
v 1.842315 4.601616 -15.925581
v 1.855631 4.547403 -15.925581
v 1.831853 4.547403 -15.935092
v 1.831853 4.602568 -15.932239
v 1.824244 4.602568 -15.943652
v 1.822342 4.548354 -15.958870
v 1.822342 4.603518 -15.956017
v 1.824244 4.548354 -15.946506
v 1.824244 4.549305 -15.971234
v 1.824244 4.604470 -15.969332
v 1.831853 4.604470 -15.979794
v 1.842315 4.550257 -15.990256
v 1.842315 4.605421 -15.987403
v 1.831853 4.550257 -15.982647
v 1.855631 4.550257 -15.992158
v 1.855631 4.605421 -15.989305
v 1.867995 4.550257 -15.990256
v 1.855631 4.550257 -15.992158
v 1.855631 4.551208 -16.000719
v 1.871800 4.550257 -15.997865
v 1.885115 4.550257 -15.988354
v 1.878457 4.550257 -15.982647
v 1.886066 4.549305 -15.971234
v 1.893675 4.549305 -15.975039
v 1.896528 4.548354 -15.958870
v 1.888920 4.548354 -15.958870
v 1.886066 4.548354 -15.945554
v 1.893675 4.548354 -15.942700
v 1.885115 4.547403 -15.929385
v 1.878457 4.547403 -15.935092
v 1.867995 4.547403 -15.927484
v 1.870849 4.546452 -15.919874
v 1.855631 4.546452 -15.917021
v 1.855631 4.547403 -15.925581
v 1.842315 4.547403 -15.928434
v 1.838511 4.546452 -15.920825
v 1.826147 4.547403 -15.929385
v 1.831853 4.547403 -15.935092
v 1.824244 4.548354 -15.946506
v 1.813782 4.548354 -15.958870
v 1.822342 4.548354 -15.958870
v 1.816636 4.548354 -15.943652
v 1.816636 4.549305 -15.975039
v 1.824244 4.549305 -15.971234
v 1.831853 4.550257 -15.982647
v 1.826147 4.550257 -15.988354
v 1.842315 4.550257 -15.990256
v 1.855631 4.551208 -16.000719
v 1.855631 4.550257 -15.992158
v 1.838511 4.550257 -15.997865
v 1.954546 4.438026 -15.798133
v 1.954546 4.437075 -15.786719
v 1.963106 4.436124 -15.779111
v 1.963106 4.438026 -15.806692
v 1.982128 4.436124 -15.779111
v 1.982128 4.438026 -15.806692
v 1.989737 4.438026 -15.798133
v 1.989737 4.437075 -15.786719
v 1.730085 4.438026 -15.798133
v 1.730085 4.437075 -15.786719
v 1.738645 4.436124 -15.779111
v 1.738645 4.438026 -15.806692
v 1.757667 4.438026 -15.806692
v 1.757667 4.436124 -15.779111
v 1.765276 4.438026 -15.798133
v 1.765276 4.437075 -15.786719
v 1.765276 4.589252 -15.788622
v 1.765276 4.438026 -15.798133
v 1.765276 4.437075 -15.786719
v 1.765276 4.588301 -15.777208
v 1.757667 4.587350 -15.769600
v 1.757667 4.436124 -15.779111
v 1.738645 4.436124 -15.779111
v 1.738645 4.587350 -15.769600
v 1.730085 4.437075 -15.786719
v 1.730085 4.588301 -15.777208
v 1.730085 4.589252 -15.788622
v 1.730085 4.438026 -15.798133
v 1.738645 4.589252 -15.797181
v 1.757667 4.438026 -15.806692
v 1.757667 4.589252 -15.797181
v 1.738645 4.438026 -15.806692
v 1.765276 4.438026 -15.798133
v 1.765276 4.589252 -15.788622
v 1.963106 4.589252 -15.797181
v 1.954546 4.589252 -15.788622
v 1.954546 4.438026 -15.798133
v 1.963106 4.438026 -15.806692
v 1.982128 4.438026 -15.806692
v 1.982128 4.589252 -15.797181
v 1.989737 4.438026 -15.798133
v 1.989737 4.589252 -15.788622
v 1.989737 4.437075 -15.786719
v 1.989737 4.588301 -15.777208
v 1.982128 4.587350 -15.769600
v 1.963106 4.436124 -15.779111
v 1.963106 4.587350 -15.769600
v 1.982128 4.436124 -15.779111
v 1.954546 4.437075 -15.786719
v 1.954546 4.588301 -15.777208
v 1.954546 4.589252 -15.788622
v 1.954546 4.438026 -15.798133
v 1.556032 4.511261 -15.928434
v 1.556032 4.552159 -15.928434
v 1.556032 4.552159 -15.795280
v 1.556032 4.511261 -15.795280
v 1.556032 4.552159 -15.928434
v 1.620708 4.552159 -15.928434
v 1.620708 4.552159 -15.795280
v 1.556032 4.552159 -15.795280
v 1.620708 4.511261 -15.795280
v 1.620708 4.552159 -15.795280
v 1.620708 4.552159 -15.928434
v 1.620708 4.511261 -15.928434
v 1.620708 4.487484 -15.795280
v 1.620708 4.487484 -15.928434
v 1.537961 4.512212 -15.927484
v 1.556032 4.511261 -15.928434
v 1.556032 4.511261 -15.795280
v 1.537961 4.512213 -15.794329
v 1.537961 4.487484 -15.927484
v 1.537961 4.512212 -15.927484
v 1.537961 4.512213 -15.794329
v 1.537961 4.487484 -15.794329
v 1.620708 4.511261 -15.928434
v 1.620708 4.552159 -15.928434
v 1.556032 4.552159 -15.928434
v 1.556032 4.511261 -15.928434
v 1.620708 4.487484 -15.928434
v 1.556032 4.487484 -15.928434
v 1.537961 4.487484 -15.927484
v 1.537961 4.512212 -15.927484
v 1.556032 4.487484 -15.795280
v 1.620708 4.487484 -15.795280
v 1.620708 4.487484 -15.928434
v 1.556032 4.487484 -15.928434
v 1.537961 4.487484 -15.927484
v 1.537961 4.487484 -15.794329
v 1.556032 4.511261 -15.795280
v 1.556032 4.552159 -15.795280
v 1.620708 4.552159 -15.795280
v 1.620708 4.511261 -15.795280
v 1.556032 4.487484 -15.795280
v 1.537961 4.487484 -15.794329
v 1.537961 4.512213 -15.794329
v 1.620708 4.487484 -15.795280
v 1.473286 4.536941 -15.910363
v 1.562690 4.548354 -15.914167
v 1.561739 4.552159 -15.904656
v 1.473286 4.540746 -15.900852
v 1.473286 4.536941 -15.891341
v 1.562690 4.548354 -15.895145
v 1.564592 4.528381 -15.895145
v 1.475188 4.517919 -15.891341
v 1.474237 4.527430 -15.887537
v 1.563641 4.538843 -15.890390
v 1.473286 4.536941 -15.891341
v 1.562690 4.548354 -15.895145
v 1.564592 4.528381 -15.914167
v 1.475188 4.517919 -15.910363
v 1.476139 4.513164 -15.900852
v 1.564592 4.524577 -15.904656
v 1.564592 4.528381 -15.895145
v 1.475188 4.517919 -15.891341
v 1.563641 4.538843 -15.917972
v 1.562690 4.548354 -15.914167
v 1.473286 4.536941 -15.910363
v 1.474237 4.527430 -15.915119
v 1.564592 4.528381 -15.914167
v 1.475188 4.517919 -15.910363
v 1.474237 4.533137 -15.845688
v 1.563641 4.536941 -15.848541
v 1.563641 4.540746 -15.839030
v 1.474237 4.536941 -15.836177
v 1.563641 4.536941 -15.829519
v 1.474237 4.533137 -15.826666
v 1.563641 4.517919 -15.829519
v 1.474237 4.514114 -15.826666
v 1.474237 4.523625 -15.822862
v 1.563641 4.527430 -15.825715
v 1.474237 4.533137 -15.826666
v 1.563641 4.536941 -15.829519
v 1.563641 4.513164 -15.839030
v 1.563641 4.517919 -15.848541
v 1.474237 4.514114 -15.845688
v 1.474237 4.509359 -15.836177
v 1.563641 4.517919 -15.829519
v 1.474237 4.514114 -15.826666
v 1.563641 4.527430 -15.852345
v 1.563641 4.536941 -15.848541
v 1.474237 4.533137 -15.845688
v 1.474237 4.523625 -15.849492
v 1.563641 4.517919 -15.848541
v 1.474237 4.514114 -15.845688
v 1.554130 4.460853 -15.800986
v 1.415269 4.449439 -15.801937
v 1.414317 4.452292 -15.803840
v 1.554130 4.463706 -15.802888
v 1.554130 4.470364 -15.842834
v 1.554130 4.460853 -15.800986
v 1.554130 4.463706 -15.802888
v 1.553179 4.482728 -15.833323
v 1.552228 4.489386 -15.845688
v 1.554130 4.473217 -15.866612
v 1.563641 4.351475 -15.854248
v 1.563641 4.347671 -15.811448
v 1.566495 4.314382 -15.814301
v 1.566495 4.318187 -15.857101
v 1.563641 4.353378 -15.877074
v 1.566495 4.320089 -15.879928
v 1.563641 4.358133 -15.946506
v 1.554130 4.470364 -15.926532
v 1.554130 4.475119 -15.920825
v 1.552228 4.488435 -15.902755
v 1.552228 4.490337 -15.863759
v 1.566495 4.325795 -15.949359
v 1.554130 4.470364 -15.926532
v 1.415269 4.458950 -15.927484
v 1.424780 4.347671 -15.947456
v 1.563641 4.358133 -15.946506
v 1.426682 4.315333 -15.950310
v 1.566495 4.325795 -15.949359
v 1.563641 4.347671 -15.811448
v 1.566495 4.314382 -15.814301
v 1.426682 4.303920 -15.815252
v 1.423829 4.337209 -15.812399
v 1.554130 4.460853 -15.800986
v 1.415269 4.449439 -15.801937
v 1.415269 4.458950 -15.927484
v 1.554130 4.470364 -15.926532
v 1.554130 4.475119 -15.920825
v 1.414317 4.464657 -15.921777
v 1.552228 4.488435 -15.902755
v 1.413366 4.477973 -15.903706
v 1.566495 4.325795 -15.949359
v 1.426682 4.315333 -15.950310
v 1.426682 4.309627 -15.880878
v 1.566495 4.320089 -15.879928
v 1.426682 4.306774 -15.858052
v 1.566495 4.318187 -15.857101
v 1.426682 4.303920 -15.815252
v 1.566495 4.314382 -15.814301
v 1.553179 4.482728 -15.833323
v 1.554130 4.463706 -15.802888
v 1.414317 4.452292 -15.803840
v 1.413366 4.472266 -15.834274
v 1.552228 4.489386 -15.845688
v 1.413366 4.477973 -15.846639
v 1.552228 4.490337 -15.863759
v 1.413366 4.479875 -15.864710
v 1.552228 4.488435 -15.902755
v 1.413366 4.477973 -15.903706
v 2.133354 4.529332 -15.936043
v 2.133354 4.529332 -16.069199
v 2.133354 4.489386 -16.069199
v 2.133354 4.489386 -15.936043
v 2.068679 4.529332 -15.936043
v 2.068679 4.529332 -16.069199
v 2.133354 4.529332 -16.069199
v 2.133354 4.529332 -15.936043
v 2.068679 4.464657 -15.936043
v 2.068679 4.464657 -16.069199
v 2.068679 4.489386 -16.069199
v 2.068679 4.489386 -15.936043
v 2.068679 4.529332 -16.069199
v 2.068679 4.529332 -15.936043
v 2.151425 4.489386 -16.068247
v 2.151425 4.489386 -15.935092
v 2.133354 4.489386 -15.936043
v 2.133354 4.489386 -16.069199
v 2.151425 4.489386 -15.935092
v 2.151425 4.489386 -16.068247
v 2.151425 4.465608 -16.068247
v 2.151425 4.465608 -15.935092
v 2.133354 4.529332 -16.069199
v 2.068679 4.529332 -16.069199
v 2.068679 4.489386 -16.069199
v 2.133354 4.489386 -16.069199
v 2.068679 4.464657 -16.069199
v 2.133354 4.464657 -16.069199
v 2.151425 4.465608 -16.068247
v 2.151425 4.489386 -16.068247
v 2.068679 4.464657 -16.069199
v 2.068679 4.464657 -15.936043
v 2.133354 4.464657 -15.936043
v 2.133354 4.464657 -16.069199
v 2.151425 4.465608 -16.068247
v 2.151425 4.465608 -15.935092
v 2.133354 4.464657 -15.936043
v 2.068679 4.464657 -15.936043
v 2.068679 4.489386 -15.936043
v 2.133354 4.489386 -15.936043
v 2.151425 4.465608 -15.935092
v 2.151425 4.489386 -15.935092
v 2.068679 4.529332 -15.936043
v 2.133354 4.529332 -15.936043
v 2.216100 4.514114 -16.032104
v 2.126696 4.525528 -16.034958
v 2.127647 4.529332 -16.044470
v 2.216100 4.517919 -16.041616
v 2.216100 4.514114 -16.051126
v 2.126696 4.525528 -16.053980
v 2.215149 4.504603 -16.028301
v 2.214198 4.495092 -16.032104
v 2.125745 4.506506 -16.034958
v 2.125745 4.516017 -16.031155
v 2.216100 4.514114 -16.032104
v 2.126696 4.525528 -16.034958
v 2.214198 4.491288 -16.041616
v 2.214198 4.495092 -16.051126
v 2.125745 4.506506 -16.053980
v 2.124794 4.502701 -16.044470
v 2.125745 4.506506 -16.034958
v 2.214198 4.495092 -16.032104
v 2.216100 4.514114 -16.051126
v 2.126696 4.525528 -16.053980
v 2.125745 4.516017 -16.058735
v 2.215149 4.504603 -16.054932
v 2.125745 4.506506 -16.053980
v 2.214198 4.495092 -16.051126
v 2.215149 4.514114 -15.975989
v 2.215149 4.510310 -15.966478
v 2.125745 4.514114 -15.970283
v 2.125745 4.517919 -15.979794
v 2.215149 4.510310 -15.986452
v 2.125745 4.514114 -15.989305
v 2.215149 4.500799 -15.962674
v 2.215149 4.491288 -15.966478
v 2.125745 4.495092 -15.970283
v 2.125745 4.504603 -15.965528
v 2.215149 4.510310 -15.966478
v 2.125745 4.514114 -15.970283
v 2.215149 4.491288 -15.986452
v 2.125745 4.495092 -15.989305
v 2.125745 4.491288 -15.979794
v 2.215149 4.487484 -15.975989
v 2.125745 4.495092 -15.970283
v 2.215149 4.491288 -15.966478
v 2.215149 4.510310 -15.986452
v 2.125745 4.514114 -15.989305
v 2.125745 4.504603 -15.993110
v 2.215149 4.500799 -15.990256
v 2.125745 4.495092 -15.989305
v 2.215149 4.491288 -15.986452
v 2.122892 4.297262 -16.020691
v 2.122892 4.303920 -16.090122
v 2.125745 4.335306 -16.087269
v 2.125745 4.330551 -16.017838
v 2.125745 4.328649 -15.994061
v 2.122892 4.295360 -15.996914
v 2.122892 4.291556 -15.954114
v 2.125745 4.324844 -15.951261
v 2.135256 4.438026 -15.941750
v 2.136207 4.448488 -15.983599
v 2.135256 4.440879 -15.942700
v 2.137158 4.460853 -15.973136
v 2.137158 4.466559 -15.986452
v 2.136207 4.450390 -16.007376
v 2.137158 4.468462 -16.004522
v 2.137158 4.465608 -16.042566
v 2.135256 4.453244 -16.060638
v 2.135256 4.447537 -16.067295
v 2.125745 4.335306 -16.087269
v 2.122892 4.303920 -16.090122
v 2.262704 4.292507 -16.091074
v 2.265558 4.324844 -16.088221
v 2.135256 4.447537 -16.067295
v 2.275069 4.437075 -16.068247
v 2.262704 4.281094 -15.955065
v 2.122892 4.291556 -15.954114
v 2.125745 4.324844 -15.951261
v 2.265558 4.314382 -15.952211
v 2.135256 4.438026 -15.941750
v 2.275069 4.427564 -15.942700
v 2.275069 4.441831 -16.061588
v 2.276020 4.455146 -16.043518
v 2.137158 4.465608 -16.042566
v 2.135256 4.453244 -16.060638
v 2.275069 4.437075 -16.068247
v 2.135256 4.447537 -16.067295
v 2.262704 4.286800 -16.021643
v 2.262704 4.292507 -16.091074
v 2.122892 4.303920 -16.090122
v 2.122892 4.297262 -16.020691
v 2.262704 4.284898 -15.997865
v 2.122892 4.295360 -15.996914
v 2.262704 4.281094 -15.955065
v 2.122892 4.291556 -15.954114
v 2.275069 4.430417 -15.943652
v 2.135256 4.440879 -15.942700
v 2.137158 4.460853 -15.973136
v 2.276020 4.449439 -15.974088
v 2.137158 4.466559 -15.986452
v 2.276020 4.456097 -15.987403
v 2.137158 4.468462 -16.004522
v 2.276020 4.457048 -16.005474
v 2.137158 4.465608 -16.042566
v 2.276020 4.455146 -16.043518
v 2.306060 3.335626 -16.148180
v 2.283218 3.327320 -16.210476
v 2.239611 3.314861 -16.272772
v 1.975894 3.289942 -16.372444
v 2.112944 3.343932 -15.788944
v 2.316442 3.341855 -16.083809
v 2.308136 3.343932 -15.965448
v 2.320595 3.341855 -16.021513
v 2.281141 3.343932 -15.909382
v 2.185622 3.341855 -15.813863
v 2.239611 3.343932 -15.853316
v 2.023654 3.348085 -15.764027
v 1.878298 3.289942 -16.368292
v 1.946823 3.348085 -15.743261
v 1.782779 3.296172 -16.357908
v 1.867916 3.343932 -15.730803
v 1.786932 3.343932 -15.724572
v 1.681030 3.312784 -16.339220
v 1.689336 3.339779 -15.726649
v 1.377859 3.381309 -16.114956
v 1.589663 3.348085 -15.732879
v 1.421466 3.375079 -16.200094
v 1.573051 3.333549 -16.316378
v 1.483761 3.356391 -16.268618
v 1.390318 3.366773 -15.869928
v 1.504526 3.354314 -15.757797
v 1.363323 3.385462 -16.029819
v 1.361247 3.381309 -15.957142
v 1.436001 3.362621 -15.805556
v 2.079720 3.279560 -16.370367
v 2.177316 3.296172 -16.335068
v 1.816003 3.123822 -16.119110
v 1.836768 3.132128 -16.112881
v 1.830538 3.146663 -15.996595
v 1.820156 3.130051 -15.994519
v 1.805620 3.107209 -16.117033
v 1.801467 3.111362 -16.154411
v 1.805620 3.127975 -16.164793
v 1.782779 3.121745 -16.204247
v 1.795238 3.132128 -16.198017
v 1.865839 3.134204 -16.162716
v 1.797314 3.138357 -16.243700
v 1.857533 3.140434 -16.243700
v 1.892834 3.138357 -16.204247
v 1.923981 3.150816 -16.237471
v 1.880375 3.171581 -16.308073
v 1.770320 3.173658 -16.301842
v 1.969665 3.169505 -16.262388
v 1.872069 3.215188 -16.347527
v 1.942670 3.215188 -16.339220
v 2.042342 3.213112 -16.297689
v 1.878298 3.289942 -16.368292
v 1.975894 3.289942 -16.372444
v 2.079720 3.279560 -16.370367
v 2.152398 3.256718 -16.283154
v 2.177316 3.296172 -16.335068
v 2.239611 3.314861 -16.272772
v 2.204310 3.273330 -16.237471
v 2.283218 3.327320 -16.210476
v 2.252070 3.289942 -16.183481
v 2.306060 3.335626 -16.148180
v 2.274912 3.296172 -16.125340
v 2.316442 3.341855 -16.083809
v 2.287371 3.296172 -16.063044
v 2.320595 3.341855 -16.021513
v 2.279065 3.289943 -16.017361
v 2.272835 3.292019 -15.973754
v 2.308136 3.343932 -15.965448
v 2.260376 3.294096 -15.944683
v 2.281141 3.343932 -15.909382
v 2.218846 3.292019 -15.886540
v 2.239611 3.343932 -15.853316
v 2.185622 3.341855 -15.813863
v 2.164857 3.279560 -15.853316
v 2.112944 3.343932 -15.788944
v 2.075567 3.262948 -15.824245
v 2.023654 3.348085 -15.764027
v 1.994583 3.289943 -15.770256
v 1.946823 3.348085 -15.743261
v 1.930211 3.292019 -15.751567
v 1.867916 3.343932 -15.730803
v 1.874145 3.287866 -15.743261
v 1.811850 3.275407 -15.741185
v 1.786932 3.343932 -15.724572
v 1.705948 3.244259 -15.782715
v 1.689336 3.339779 -15.726649
v 1.597969 3.273330 -15.788944
v 1.589663 3.348085 -15.732879
v 1.514909 3.294096 -15.801404
v 1.504526 3.354314 -15.757797
v 1.458843 3.300325 -15.834628
v 1.436001 3.362621 -15.805556
v 1.390318 3.366773 -15.869928
v 1.421466 3.304478 -15.884464
v 1.361247 3.381309 -15.957142
v 1.400701 3.310708 -15.963371
v 1.394471 3.316937 -16.015284
v 1.363323 3.385462 -16.029819
v 1.411083 3.314861 -16.096268
v 1.377859 3.381309 -16.114956
v 1.452613 3.300325 -16.175175
v 1.421466 3.375079 -16.200094
v 1.483761 3.356391 -16.268618
v 1.519062 3.267101 -16.212553
v 1.573051 3.333549 -16.316378
v 1.622887 3.211035 -16.245777
v 1.681030 3.312784 -16.339220
v 1.708024 3.221417 -16.316378
v 1.782779 3.296172 -16.357908
v 1.780702 3.219341 -16.339220
v 1.695565 3.169505 -16.249929
v 1.681030 3.154969 -16.243700
v 1.618734 3.188193 -16.243700
v 1.741248 3.134204 -16.222935
v 1.755784 3.148740 -16.227089
v 1.730866 3.113439 -16.222935
v 1.774473 3.100980 -16.206324
v 1.799391 3.090597 -16.152334
v 1.805620 3.086444 -16.114956
v 1.818079 3.109286 -15.990366
v 1.809773 3.144587 -15.878235
v 1.813926 3.165352 -15.882387
v 1.774473 3.161199 -15.828398
v 1.805620 3.190270 -15.813863
v 1.693489 3.227647 -15.782715
v 1.687259 3.202729 -15.803480
v 1.600046 3.231800 -15.797251
v 1.595893 3.250489 -15.791021
v 1.523215 3.248412 -15.820092
v 1.514909 3.271254 -15.803480
v 1.460919 3.256719 -15.849163
v 1.456766 3.277483 -15.836704
v 1.421466 3.281636 -15.884464
v 1.429772 3.262948 -15.890694
v 1.400701 3.287866 -15.963371
v 1.394471 3.269177 -15.965448
v 1.394471 3.273330 -16.015284
v 1.394471 3.294096 -16.015284
v 1.411083 3.289942 -16.096268
v 1.417313 3.262948 -16.092115
v 1.452613 3.250489 -16.160641
v 1.452613 3.275407 -16.173100
v 1.516985 3.244259 -16.210476
v 1.516985 3.225571 -16.202169
v 1.616658 3.171581 -16.241623
v 1.672724 3.136281 -16.241623
v 1.826385 3.181964 -15.882387
v 1.816003 3.206882 -15.811786
v 1.890757 3.190270 -15.876158
v 1.961359 3.223494 -15.832551
v 1.926058 3.246336 -15.768179
v 1.861686 3.244259 -15.757797
v 1.882451 3.256719 -15.751567
v 1.913599 3.258795 -15.755720
v 1.971741 3.206882 -15.840858
v 2.077643 3.244259 -15.824245
v 1.905293 3.175735 -15.876158
v 1.977971 3.186117 -15.834628
v 1.913599 3.154969 -15.872005
v 1.855457 3.140434 -15.996595
v 1.853380 3.121745 -16.110804
v 1.838844 3.150816 -15.996595
v 1.865839 3.121745 -15.992442
v 1.863763 3.100980 -16.108727
v 1.890757 3.103056 -16.162716
v 1.882451 3.121745 -16.162716
v 1.896987 3.103056 -16.193865
v 1.892834 3.121745 -16.195940
v 1.946823 3.117592 -16.237471
v 1.938517 3.138357 -16.235394
v 1.990430 3.138357 -16.262388
v 1.982124 3.154969 -16.258236
v 2.063108 3.181964 -16.301842
v 2.054802 3.200653 -16.295612
v 2.152398 3.238030 -16.276924
v 2.158627 3.217265 -16.279001
v 2.204310 3.254642 -16.233318
v 2.212616 3.235953 -16.235394
v 2.252070 3.269177 -16.181406
v 2.260376 3.250489 -16.181406
v 2.285294 3.256718 -16.123262
v 2.274912 3.275407 -16.121185
v 2.297753 3.258795 -16.063044
v 2.287371 3.275407 -16.060966
v 2.281141 3.271254 -16.017361
v 2.291524 3.254642 -16.017361
v 2.272835 3.273330 -15.973754
v 2.283218 3.256718 -15.971678
v 2.262453 3.273330 -15.946759
v 2.272835 3.256718 -15.942606
v 2.218846 3.273330 -15.886540
v 2.227152 3.256718 -15.880311
v 2.171086 3.244259 -15.845010
v 2.164857 3.260871 -15.853316
v 2.083873 3.225571 -15.815939
v 1.685183 3.649179 -15.749491
v 1.570974 3.657485 -15.797251
v 1.531521 3.663714 -15.851240
v 1.745402 3.651255 -15.739108
v 1.502450 3.667868 -15.899000
v 1.813926 3.651255 -15.741185
v 1.473379 3.678250 -15.955066
v 1.884528 3.657485 -15.745337
v 1.462996 3.692786 -16.029819
v 1.950976 3.657485 -15.759873
v 1.458843 3.717704 -16.117033
v 2.015348 3.659562 -15.774409
v 1.485838 3.734316 -16.204247
v 2.073490 3.661638 -15.793097
v 1.537750 3.738469 -16.274849
v 2.181469 3.674097 -15.863699
v 1.604199 3.738469 -16.322609
v 2.214693 3.682403 -15.919765
v 1.683106 3.740545 -16.357908
v 2.233382 3.688632 -15.982060
v 1.776549 3.744698 -16.380751
v 2.239611 3.692786 -16.052662
v 1.872069 3.744698 -16.391132
v 2.243764 3.694862 -16.108727
v 2.227152 3.717704 -16.162716
v 1.969665 3.740545 -16.395287
v 2.204310 3.728086 -16.227089
v 2.054802 3.740545 -16.380751
v 2.171086 3.736392 -16.283154
v 2.125403 3.738469 -16.343372
v 1.651958 3.578578 -15.834628
v 1.597969 3.580654 -15.836704
v 1.612505 3.588960 -15.747415
v 1.687259 3.580654 -16.337143
v 1.595893 3.524588 -16.314302
v 1.678953 3.499670 -16.328838
v 1.805620 3.453987 -15.780639
v 1.872069 3.501747 -15.809710
v 1.880375 3.451910 -15.782715
v 1.479608 3.418686 -15.853316
v 1.527368 3.478905 -15.909382
v 1.552286 3.478905 -15.880311
v 1.500373 3.543277 -15.963371
v 1.462996 3.609725 -16.011131
v 1.494144 3.599343 -15.946759
v 1.543980 3.532894 -15.921842
v 1.489991 3.489288 -15.975830
v 1.477531 3.553659 -16.023590
v 1.467149 3.503823 -16.038126
v 1.467149 3.503823 -16.038126
v 1.489991 3.564042 -16.106651
v 1.481685 3.510053 -16.108727
v 1.458843 3.638796 -16.112881
v 1.500373 3.584807 -16.193865
v 1.481685 3.510053 -16.108727
v 1.494144 3.524588 -16.198017
v 1.487914 3.657485 -16.200094
v 1.541903 3.595189 -16.270695
v 1.541903 3.532894 -16.264465
v 1.610428 3.586884 -16.293537
v 1.595893 3.524588 -16.314302
v 1.568898 3.495517 -16.337143
v 1.502450 3.497594 -16.295612
v 1.494144 3.524588 -16.198017
v 1.448460 3.503823 -16.214630
v 1.406930 3.497594 -16.131569
v 1.388242 3.489288 -16.036049
v 1.425619 3.453987 -15.948836
v 1.489991 3.489288 -15.975830
v 1.448460 3.441528 -15.898999
v 1.527368 3.478905 -15.909382
v 1.479608 3.418686 -15.853316
v 1.674800 3.462293 -16.351679
v 1.678953 3.499670 -16.328838
v 1.799391 3.424916 -16.368292
v 1.786932 3.439451 -16.281078
v 1.789008 3.570271 -16.293537
v 1.687259 3.580654 -16.337143
v 1.795238 3.659561 -16.326761
v 1.681030 3.655408 -16.326761
v 1.604199 3.659561 -16.297689
v 1.541903 3.661638 -16.264465
v 1.516985 3.595190 -15.909382
v 1.500373 3.584807 -16.193865
v 1.494144 3.524588 -16.198017
v 1.541903 3.532894 -16.264465
v 2.214693 3.524588 -15.961295
v 2.247917 3.445681 -16.017361
v 2.227152 3.441528 -15.963371
v 1.876222 3.582731 -16.293537
v 1.786932 3.439451 -16.281078
v 1.890757 3.429069 -16.270695
v 2.115021 3.474752 -15.828399
v 2.144092 3.516282 -15.888618
v 2.150321 3.453987 -15.872005
v 1.984200 3.422839 -16.299767
v 2.056878 3.441528 -16.320532
v 1.969665 3.580654 -16.297689
v 2.021577 3.472676 -15.793097
v 2.056878 3.518359 -15.836704
v 2.073490 3.468523 -15.813863
v 2.235458 3.447757 -16.156487
v 2.210540 3.543277 -16.200094
v 2.220922 3.439451 -16.218782
v 1.876222 3.300325 -15.674736
v 1.880375 3.269178 -15.680966
v 1.791085 3.279560 -15.672660
v 1.784855 3.321090 -15.662277
v 1.874145 3.331473 -15.668507
v 1.953053 3.302402 -15.687196
v 1.944746 3.273330 -15.691348
v 1.926058 3.233877 -15.697578
v 2.015348 3.256719 -15.716267
v 1.942670 3.200653 -15.722496
v 1.890757 3.231800 -15.691348
v 1.863763 3.198576 -15.707960
v 1.813926 3.152893 -15.774409
v 1.975894 3.169505 -15.799327
v 2.096332 3.223494 -15.776485
v 1.896987 3.125898 -15.853316
v 2.090102 3.219341 -15.797251
v 1.980047 3.173658 -15.820092
v 1.909446 3.138357 -15.863699
v 2.083873 3.225571 -15.815939
v 1.977971 3.186117 -15.834628
v 1.913599 3.154969 -15.872005
v 1.863763 3.103057 -15.988290
v 1.865839 3.121745 -15.992442
v 1.863763 3.100980 -16.108727
v 1.863763 3.084368 -16.108727
v 1.890757 3.103056 -16.162716
v 1.886604 3.084368 -16.164793
v 1.853380 3.069832 -16.110804
v 1.874145 3.071909 -16.168945
v 1.832615 3.061526 -16.114956
v 1.803544 3.061526 -16.171022
v 1.861686 3.078138 -16.264465
v 1.789008 3.076062 -16.262388
v 1.884528 3.119668 -16.347527
v 1.755784 3.121745 -16.339220
v 1.867916 3.184040 -16.403591
v 1.768243 3.190270 -16.397362
v 1.867916 3.227647 -16.418127
v 1.768243 3.233877 -16.409821
v 1.770320 3.279560 -16.418127
v 1.876222 3.271254 -16.428511
v 1.778626 3.368850 -16.447199
v 1.882451 3.362620 -16.459658
v 1.876222 3.456064 -16.472116
v 1.782779 3.453987 -16.453428
v 1.876222 3.460216 -16.436815
v 1.766167 3.468522 -16.430586
v 1.876222 3.453987 -16.420204
v 1.770320 3.466446 -16.407745
v 1.896987 3.414533 -16.368292
v 1.799391 3.424916 -16.368292
v 1.674800 3.462293 -16.351679
v 1.639499 3.493440 -16.382826
v 1.568898 3.495517 -16.337143
v 1.546056 3.514205 -16.355831
v 1.502450 3.497594 -16.295612
v 1.479608 3.526665 -16.316378
v 1.448460 3.503823 -16.214630
v 1.419389 3.532894 -16.222935
v 1.384089 3.534971 -16.127417
v 1.406930 3.497594 -16.131569
v 1.388242 3.489288 -16.036049
v 1.357094 3.543277 -16.033974
v 1.367476 3.528741 -15.955066
v 1.425619 3.453987 -15.948836
v 1.384089 3.528741 -15.876158
v 1.448460 3.441528 -15.898999
v 1.479608 3.418686 -15.853316
v 1.438078 3.510053 -15.776485
v 1.577204 3.424916 -15.782715
v 1.527368 3.507976 -15.714190
v 1.624964 3.503823 -15.683043
v 1.645729 3.485135 -15.701731
v 1.701795 3.503823 -15.676813
v 1.716330 3.458140 -15.707960
v 1.795238 3.501747 -15.676813
v 1.807697 3.472676 -15.712113
v 1.878298 3.495517 -15.687196
v 1.888681 3.478905 -15.718343
v 1.975894 3.497594 -15.705884
v 1.977971 3.491364 -15.722496
v 2.052725 3.503823 -15.718343
v 2.046495 3.495517 -15.747415
v 2.117097 3.499670 -15.761950
v 2.137862 3.514206 -15.741185
v 2.152398 3.478905 -15.795174
v 2.177316 3.514206 -15.761950
v 2.254147 3.518359 -15.805556
v 2.233382 3.491364 -15.851240
v 2.295677 3.516282 -15.876158
v 2.264529 3.480982 -15.903152
v 2.320595 3.503823 -15.942606
v 2.281141 3.453987 -15.948836
v 2.310212 3.456064 -16.011131
v 2.339283 3.497594 -16.031897
v 2.316442 3.441528 -16.110804
v 2.341360 3.491364 -16.137798
v 2.308136 3.433222 -16.158564
v 2.330978 3.487211 -16.195940
v 2.285294 3.420763 -16.202169
v 2.310212 3.476828 -16.235394
v 2.258300 3.416610 -16.256159
v 2.276988 3.476828 -16.316378
v 2.166933 3.414533 -16.335068
v 2.206387 3.470599 -16.389057
v 2.123327 3.468522 -16.432663
v 2.063108 3.414533 -16.357908
v 2.007042 3.462293 -16.430586
v 1.986277 3.410380 -16.368292
v 1.896987 3.414533 -16.368292
v 1.876222 3.453987 -16.420204
v 1.876222 3.460216 -16.436815
v 2.015348 3.464369 -16.453428
v 2.011195 3.447757 -16.476269
v 1.876222 3.456064 -16.472116
v 1.882451 3.362620 -16.459658
v 2.000812 3.350161 -16.463810
v 1.982124 3.258795 -16.428511
v 1.876222 3.271254 -16.428511
v 1.969665 3.213112 -16.411898
v 1.867916 3.227647 -16.418127
v 1.950976 3.173658 -16.391132
v 1.867916 3.184040 -16.403591
v 1.884528 3.119668 -16.347527
v 1.982124 3.113439 -16.291460
v 1.934364 3.088521 -16.254084
v 1.861686 3.078138 -16.264465
v 1.899063 3.076062 -16.212553
v 1.874145 3.071909 -16.168945
v 1.896987 3.086444 -16.200094
v 1.886604 3.084368 -16.164793
v 1.890757 3.103056 -16.162716
v 1.896987 3.103056 -16.193865
v 1.946823 3.117592 -16.237471
v 1.944746 3.100980 -16.245777
v 1.990430 3.123822 -16.276924
v 1.990430 3.138357 -16.262388
v 2.065184 3.169505 -16.316378
v 2.063108 3.181964 -16.301842
v 2.158627 3.217265 -16.279001
v 2.169010 3.206882 -16.291460
v 2.212616 3.235953 -16.235394
v 2.225075 3.225571 -16.243700
v 2.260376 3.250489 -16.181406
v 2.276988 3.242183 -16.189711
v 2.285294 3.256718 -16.123262
v 2.303983 3.250489 -16.127417
v 2.297753 3.258795 -16.063044
v 2.316442 3.252565 -16.063044
v 2.310212 3.246336 -16.015284
v 2.291524 3.254642 -16.017361
v 2.283218 3.256718 -15.971678
v 2.301906 3.250489 -15.965448
v 2.272835 3.256718 -15.942606
v 2.289447 3.250489 -15.932223
v 2.227152 3.256718 -15.880311
v 2.241688 3.248412 -15.865775
v 2.181469 3.235953 -15.826322
v 2.171086 3.244259 -15.845010
v 2.189775 3.244259 -15.807633
v 2.270759 3.281636 -15.824245
v 2.256223 3.254642 -15.849163
v 2.204310 3.273330 -15.776485
v 2.117097 3.265024 -15.747415
v 2.131633 3.319014 -15.732879
v 2.042342 3.329396 -15.705884
v 2.031960 3.289943 -15.712113
v 1.959282 3.333549 -15.683043
v 1.874145 3.402074 -15.651895
v 1.975894 3.402074 -15.670584
v 2.063108 3.404151 -15.691349
v 1.880375 3.478905 -15.649818
v 1.986277 3.483058 -15.664354
v 2.077643 3.489288 -15.685119
v 1.984200 3.493441 -15.672660
v 2.067261 3.499670 -15.693425
v 2.150321 3.505900 -15.714190
v 2.162780 3.493441 -15.707960
v 2.196004 3.510053 -15.734955
v 2.216769 3.489288 -15.730803
v 2.270759 3.510053 -15.784792
v 2.285294 3.485135 -15.780639
v 2.345513 3.485135 -15.855392
v 2.330978 3.507976 -15.855392
v 2.353819 3.512129 -15.932224
v 2.389120 3.480982 -15.950912
v 2.395350 3.489288 -16.013208
v 2.376661 3.505900 -16.033974
v 2.399503 3.478905 -16.121187
v 2.378737 3.497594 -16.139875
v 2.389120 3.474752 -16.187635
v 2.368355 3.491364 -16.202169
v 2.357972 3.468522 -16.268620
v 2.341360 3.487211 -16.258236
v 2.303983 3.480982 -16.335068
v 2.318518 3.462293 -16.343372
v 2.245841 3.458140 -16.426434
v 2.214693 3.476828 -16.418127
v 2.133709 3.456064 -16.470039
v 2.125403 3.470599 -16.445122
v 2.239611 3.354314 -16.413975
v 2.121250 3.343932 -16.463810
v 2.214693 3.254642 -16.376596
v 2.098408 3.240106 -16.424356
v 2.200157 3.223494 -16.343372
v 2.083873 3.196499 -16.384903
v 2.058955 3.163275 -16.335068
v 2.181469 3.204805 -16.310148
v 2.266606 3.244259 -16.283154
v 2.241688 3.225571 -16.258236
v 2.295677 3.244259 -16.200094
v 2.318518 3.262948 -16.216705
v 2.347590 3.275407 -16.148180
v 2.324748 3.254642 -16.133646
v 2.360049 3.281636 -16.077579
v 2.337207 3.258795 -16.067198
v 2.360049 3.279560 -16.013208
v 2.330978 3.252565 -16.013208
v 2.347590 3.281636 -15.948835
v 2.322672 3.254642 -15.957142
v 2.306060 3.256718 -15.917688
v 2.322672 3.283713 -15.892770
v 2.364202 3.316937 -15.944683
v 2.330978 3.319014 -15.874082
v 2.281141 3.316937 -15.807633
v 2.339283 3.399998 -15.861623
v 2.380814 3.397921 -15.944683
v 2.399503 3.397921 -16.017361
v 2.378737 3.314861 -16.015284
v 2.374584 3.312784 -16.087961
v 2.397426 3.391692 -16.102497
v 2.362125 3.304478 -16.160641
v 2.384967 3.387538 -16.181406
v 2.335130 3.294096 -16.231241
v 2.355896 3.379232 -16.258236
v 2.285294 3.277483 -16.301844
v 2.310212 3.368850 -16.335068
v 2.287371 3.399998 -15.791021
v 2.218846 3.402074 -15.741185
v 2.212616 3.316937 -15.757797
v 2.144092 3.404151 -15.714190
v 1.878298 3.489288 -15.658124
v 1.789008 3.495517 -15.645665
v 1.780702 3.485135 -15.635283
v 1.678953 3.507976 -15.643589
v 1.662341 3.499670 -15.629053
v 1.589663 3.516282 -15.649818
v 1.568898 3.505900 -15.633206
v 1.504526 3.526665 -15.685119
v 1.483761 3.512129 -15.660201
v 1.409007 3.532894 -15.757797
v 1.371629 3.518359 -15.766103
v 1.361247 3.541200 -15.865775
v 1.305181 3.526665 -15.944683
v 1.340482 3.547430 -15.955066
v 1.328023 3.516282 -15.840858
v 1.298952 3.451910 -15.942606
v 1.321793 3.441528 -15.836704
v 1.298952 3.360544 -15.948836
v 1.332176 3.346008 -15.845011
v 1.379936 3.426992 -15.747415
v 1.390318 3.333549 -15.764027
v 1.471302 3.416610 -15.674736
v 1.475455 3.321090 -15.705884
v 1.570974 3.410380 -15.641512
v 1.575127 3.314861 -15.678889
v 1.670647 3.406227 -15.637360
v 1.681030 3.312784 -15.670584
v 1.776549 3.404151 -15.641512
v 1.583434 3.265024 -15.710037
v 1.676877 3.244259 -15.720420
v 1.591740 3.227647 -15.755720
v 1.805620 3.244259 -15.683043
v 1.695565 3.192347 -15.766103
v 1.776549 3.148740 -15.809710
v 1.685183 3.192347 -15.784791
v 1.595893 3.221418 -15.778562
v 1.687259 3.202729 -15.803480
v 1.600046 3.231800 -15.797251
v 1.523215 3.248412 -15.820092
v 1.514909 3.238030 -15.803480
v 1.460919 3.256719 -15.849163
v 1.446384 3.248412 -15.834628
v 1.429772 3.262948 -15.890694
v 1.411083 3.256718 -15.882387
v 1.394471 3.269177 -15.965448
v 1.375782 3.260871 -15.963371
v 1.373706 3.267101 -16.015284
v 1.394471 3.273330 -16.015284
v 1.396548 3.254642 -16.098345
v 1.417313 3.262948 -16.092115
v 1.436001 3.242183 -16.171022
v 1.452613 3.250489 -16.160641
v 1.504526 3.217265 -16.216705
v 1.516985 3.225571 -16.202169
v 1.616658 3.171581 -16.241623
v 1.606275 3.161199 -16.258236
v 1.672724 3.136281 -16.241623
v 1.668571 3.121745 -16.254084
v 1.597969 3.165352 -16.276924
v 1.672724 3.113439 -16.270695
v 1.728789 3.096827 -16.231241
v 1.737095 3.086444 -16.243700
v 1.685183 3.186117 -16.368292
v 1.662341 3.233877 -16.378674
v 1.570974 3.223494 -16.328836
v 1.660264 3.287866 -16.395287
v 1.543980 3.304478 -16.368292
v 1.637423 3.391691 -16.420204
v 1.521138 3.412457 -16.393209
v 1.600046 3.499670 -16.434740
v 1.514909 3.514205 -16.389057
v 1.622887 3.499670 -16.401516
v 1.527368 3.522512 -16.372444
v 1.456766 3.534971 -16.335068
v 1.442231 3.526665 -16.343372
v 1.394471 3.545353 -16.235394
v 1.377859 3.541200 -16.245777
v 1.355017 3.549506 -16.129492
v 1.334252 3.545353 -16.133646
v 1.328023 3.549506 -16.023590
v 1.307258 3.528741 -16.021513
v 1.307258 3.458140 -16.137798
v 1.290646 3.460216 -16.021513
v 1.301028 3.364697 -16.033974
v 1.344635 3.306555 -16.114956
v 1.317640 3.358467 -16.131569
v 1.323870 3.316937 -16.021513
v 1.317640 3.310708 -15.952989
v 1.352941 3.277483 -16.019438
v 1.375782 3.265024 -16.104574
v 1.417313 3.250489 -16.183481
v 1.390318 3.292019 -16.208399
v 1.489991 3.223494 -16.233318
v 1.462996 3.267101 -16.276924
v 1.369553 3.348085 -16.231241
v 1.442231 3.327320 -16.312225
v 1.427695 3.433222 -16.341297
v 1.357094 3.447757 -16.249929
v 1.352941 3.271254 -15.959218
v 1.355017 3.298249 -15.855392
v 1.390318 3.265024 -15.872005
v 1.431848 3.254642 -15.818016
v 1.485838 3.275407 -15.739108
v 1.504526 3.244259 -15.780639
v 1.406930 3.287866 -15.786868
v 1.772396 3.084368 -16.210476
v 1.778626 3.071909 -16.208399
v 1.774473 3.100980 -16.206324
v 1.801467 3.073985 -16.158564
v 1.799391 3.090597 -16.152334
v 1.816003 3.069832 -16.114956
v 1.805620 3.086444 -16.114956
v 1.826385 3.092674 -15.986213
v 1.816003 3.127975 -15.867852
v 1.845074 3.084368 -15.982060
v 1.809773 3.144587 -15.878235
v 1.818079 3.109286 -15.990366
v 1.774473 3.161199 -15.828398
v 1.832615 3.121745 -15.865775
v 1.853380 3.088521 -15.982060
v 1.730866 3.113439 -16.222935
v 2.083873 4.066558 -15.631130
v 2.081796 4.151695 -15.635283
v 1.988353 4.147542 -15.614518
v 1.990430 4.062405 -15.610365
v 2.079720 3.977268 -15.626977
v 2.160704 3.981421 -15.664354
v 2.171086 4.062405 -15.662277
v 2.164857 4.145465 -15.664354
v 2.150321 4.228526 -15.664354
v 2.260376 4.074864 -15.774409
v 2.252070 4.160001 -15.766103
v 2.239611 4.240984 -15.761950
v 2.285294 4.112241 -15.851240
v 2.274912 4.186995 -15.828399
v 2.264529 4.255520 -15.828399
v 2.229228 4.330275 -15.764027
v 2.252070 4.324045 -15.822169
v 2.235458 4.398799 -15.824245
v 2.208463 4.405029 -15.774409
v 2.231305 4.436177 -15.847087
v 2.210540 4.448636 -15.799328
v 2.218846 4.492242 -15.836704
v 2.125403 4.438253 -15.712114
v 2.166933 4.531696 -15.807633
v 2.133709 4.523390 -15.782716
v 2.079720 4.513008 -15.753644
v 2.125403 4.556614 -15.818016
v 2.071414 4.546232 -15.780639
v 1.990430 4.531696 -15.737032
v 1.988353 4.517160 -15.747415
v 2.073490 4.560767 -15.772333
v 2.135786 4.589839 -15.795175
v 2.079720 4.573226 -15.751568
v 2.127480 4.573226 -15.811787
v 2.079720 4.573226 -15.751568
v 2.083873 4.579456 -15.737032
v 1.992506 4.544155 -15.716267
v 1.992506 4.548308 -15.699655
v 1.992506 4.548308 -15.699655
v 1.882451 4.533772 -15.693425
v 1.880375 4.523390 -15.716267
v 1.878298 4.508855 -15.726649
v 1.770320 4.525467 -15.705885
v 1.882451 4.533772 -15.693425
v 1.774473 4.537926 -15.683043
v 1.776549 4.542079 -15.666430
v 1.776549 4.542079 -15.666430
v 1.658188 4.566997 -15.672661
v 1.658188 4.562844 -15.689273
v 1.658188 4.550385 -15.710037
v 1.660264 4.535849 -15.720420
v 1.587587 4.554538 -15.759873
v 1.589663 4.569074 -15.749492
v 1.658188 4.562844 -15.689273
v 1.579281 4.585686 -15.732880
v 1.570974 4.593991 -15.722497
v 1.570974 4.593991 -15.722497
v 1.535674 4.623063 -15.778563
v 1.546056 4.612680 -15.786868
v 1.554362 4.591915 -15.799328
v 1.552286 4.575303 -15.807633
v 1.527368 4.602298 -15.878235
v 1.529444 4.620986 -15.874082
v 1.546056 4.612680 -15.786868
v 1.519062 4.641751 -15.865776
v 1.508679 4.656287 -15.859547
v 1.535674 4.623063 -15.778563
v 1.527368 4.616833 -15.965448
v 1.519062 4.641751 -15.865776
v 1.519062 4.658363 -15.961295
v 1.529444 4.635522 -15.963372
v 1.560592 4.625139 -16.048510
v 1.562669 4.641751 -16.046432
v 1.519062 4.658363 -15.961295
v 1.510756 4.672899 -15.959219
v 1.552286 4.664593 -16.048510
v 1.543980 4.681205 -16.050585
v 1.543980 4.681205 -16.050585
v 1.602122 4.670822 -16.125340
v 1.608352 4.647981 -16.119110
v 1.608352 4.629292 -16.119110
v 1.602122 4.670822 -16.125340
v 1.687259 4.672899 -16.185558
v 1.693489 4.650057 -16.177252
v 1.693489 4.633445 -16.177252
v 1.687259 4.672899 -16.185558
v 1.768243 4.679129 -16.214630
v 1.772396 4.654210 -16.208401
v 1.774473 4.637598 -16.212553
v 1.768243 4.679129 -16.214630
v 1.855457 4.683281 -16.231241
v 1.857533 4.658363 -16.225012
v 1.857533 4.641751 -16.231241
v 1.770320 4.635522 -16.239548
v 1.859610 4.643828 -16.258236
v 1.772396 4.633445 -16.249931
v 1.861686 4.643828 -16.266542
v 1.768243 4.606451 -16.289385
v 1.859610 4.610603 -16.303919
v 1.859610 4.552461 -16.345449
v 1.768243 4.550385 -16.332991
v 1.768243 4.483936 -16.378674
v 1.863763 4.483936 -16.389057
v 1.770320 4.438253 -16.411898
v 1.876222 4.440330 -16.416052
v 1.853380 4.270056 -16.434740
v 1.749555 4.276285 -16.420204
v 1.826385 4.160001 -16.461735
v 1.724636 4.162077 -16.447199
v 1.805620 4.052022 -16.476271
v 1.701795 4.052022 -16.461735
v 1.791085 3.954426 -16.480423
v 1.685183 3.960655 -16.470039
v 1.782779 3.875518 -16.470039
v 1.678953 3.879672 -16.453428
v 1.778626 3.813223 -16.445122
v 1.678953 3.815300 -16.424356
v 1.681030 3.767540 -16.391132
v 1.778626 3.769616 -16.411898
v 1.776549 3.744698 -16.380751
v 1.683106 3.740545 -16.357908
v 1.593816 3.767540 -16.355833
v 1.604199 3.738469 -16.322609
v 1.521138 3.763387 -16.301844
v 1.537750 3.738469 -16.274849
v 1.469226 3.759234 -16.225012
v 1.485838 3.734316 -16.204247
v 1.438078 3.742622 -16.133646
v 1.458843 3.717704 -16.117033
v 1.436001 3.721857 -16.040203
v 1.462996 3.692786 -16.029819
v 1.446384 3.705245 -15.957142
v 1.473379 3.678250 -15.955066
v 1.471302 3.692786 -15.886540
v 1.502450 3.667868 -15.899000
v 1.531521 3.663714 -15.851240
v 1.506603 3.684480 -15.822168
v 1.570974 3.657485 -15.797251
v 1.554362 3.678250 -15.770256
v 1.676877 3.669944 -15.716267
v 1.685183 3.649179 -15.749491
v 1.743325 3.672021 -15.707961
v 1.745402 3.651255 -15.739108
v 1.811850 3.674097 -15.707961
v 1.813926 3.651255 -15.741185
v 1.882451 3.680327 -15.714190
v 1.884528 3.657485 -15.745337
v 1.955129 3.682403 -15.726649
v 1.950976 3.657485 -15.759873
v 2.023654 3.682403 -15.741185
v 2.015348 3.659562 -15.774409
v 2.073490 3.661638 -15.793097
v 2.088026 3.684480 -15.764027
v 2.181469 3.674097 -15.863699
v 2.200157 3.694862 -15.845011
v 2.237535 3.701092 -15.905230
v 2.214693 3.682403 -15.919765
v 2.256223 3.711474 -15.977907
v 2.233382 3.688632 -15.982060
v 2.239611 3.692786 -16.052662
v 2.264529 3.715627 -16.054739
v 2.243764 3.694862 -16.108727
v 2.260376 3.726010 -16.121187
v 2.227152 3.717704 -16.162716
v 2.243764 3.746775 -16.187635
v 2.204310 3.728086 -16.227089
v 2.218846 3.759234 -16.258236
v 2.171086 3.736392 -16.283154
v 2.177316 3.759234 -16.316378
v 2.125403 3.738469 -16.343372
v 2.125403 3.759234 -16.372444
v 2.054802 3.740545 -16.380751
v 2.054802 3.759234 -16.405668
v 1.969665 3.740545 -16.395287
v 1.971741 3.761311 -16.422281
v 1.876222 3.767540 -16.420204
v 1.872069 3.744698 -16.391132
v 1.776549 3.744698 -16.380751
v 1.778626 3.769616 -16.411898
v 1.778626 3.813223 -16.445122
v 1.878298 3.809070 -16.455505
v 1.782779 3.875518 -16.470039
v 1.886604 3.871366 -16.480423
v 1.791085 3.954426 -16.480423
v 1.894910 3.954426 -16.494959
v 1.805620 4.052022 -16.476271
v 1.907369 4.052022 -16.488729
v 1.826385 4.160001 -16.461735
v 1.921905 4.157924 -16.472116
v 1.853380 4.270056 -16.434740
v 1.942670 4.265903 -16.445122
v 1.876222 4.440330 -16.416052
v 1.975894 4.432024 -16.413975
v 1.955129 4.475630 -16.389057
v 1.863763 4.483936 -16.389057
v 1.946823 4.546232 -16.343374
v 1.859610 4.552461 -16.345449
v 1.944746 4.604374 -16.299767
v 1.859610 4.610603 -16.303919
v 1.861686 4.643828 -16.266542
v 1.944746 4.639675 -16.262390
v 1.942670 4.643828 -16.249931
v 1.859610 4.643828 -16.258236
v 1.857533 4.641751 -16.231241
v 1.938517 4.647981 -16.218782
v 1.857533 4.658363 -16.225012
v 1.855457 4.683281 -16.231241
v 1.938517 4.664593 -16.216705
v 1.940593 4.689511 -16.225012
v 1.996659 4.652133 -16.208401
v 1.940593 4.689511 -16.225012
v 1.998736 4.670822 -16.208401
v 2.004965 4.691587 -16.218782
v 2.004965 4.691587 -16.218782
v 2.056878 4.656287 -16.158564
v 2.067261 4.677052 -16.164793
v 2.054802 4.637598 -16.158564
v 2.067261 4.677052 -16.164793
v 2.110867 4.666669 -16.094193
v 2.100485 4.645904 -16.092115
v 2.098408 4.627215 -16.092115
v 2.110867 4.666669 -16.094193
v 2.154474 4.654210 -16.009056
v 2.144092 4.631369 -16.011131
v 2.146168 4.612680 -16.013208
v 2.154474 4.654210 -16.009056
v 2.160704 4.629292 -15.896923
v 2.152398 4.608527 -15.903153
v 2.152398 4.589838 -15.909383
v 2.150321 4.587762 -15.855393
v 2.160704 4.629292 -15.896923
v 2.160704 4.608527 -15.845011
v 2.171086 4.641751 -15.892771
v 2.169010 4.620986 -15.838781
v 2.146168 4.600221 -15.784792
v 2.135786 4.589839 -15.795175
v 2.150321 4.571150 -15.863699
v 2.185622 4.562844 -15.861623
v 2.177316 4.546232 -15.826323
v 2.218846 4.517160 -15.865776
v 2.231305 4.473554 -15.899000
v 2.222999 4.535849 -15.899000
v 2.231305 4.456942 -15.874082
v 2.233382 4.488090 -15.932224
v 2.222999 4.550385 -15.944683
v 2.185622 4.583609 -15.909383
v 2.183545 4.606451 -16.011131
v 2.222999 4.566997 -16.027744
v 2.152398 4.610603 -16.110804
v 2.158627 4.606451 -16.129494
v 2.085949 4.623063 -16.187635
v 2.208463 4.560767 -16.127417
v 2.202234 4.533772 -16.210476
v 2.216769 4.486013 -16.177252
v 2.218846 4.513008 -16.104574
v 2.233382 4.523390 -16.025667
v 2.233382 4.506778 -15.967525
v 2.216769 4.452789 -16.225012
v 2.200157 4.475630 -16.268620
v 2.200157 4.392570 -16.281078
v 2.196004 4.411258 -16.318455
v 2.202234 4.355193 -16.339220
v 2.212616 4.328198 -16.303919
v 2.210540 4.263826 -16.364138
v 2.225075 4.249290 -16.308073
v 2.220922 4.143389 -16.378674
v 2.252070 4.141312 -16.297689
v 2.264529 4.118470 -16.324684
v 2.270759 4.041639 -16.243700
v 2.297753 4.029181 -16.276924
v 2.310212 3.977268 -16.179329
v 2.291524 3.985574 -16.164793
v 2.335130 3.958579 -16.069273
v 2.320595 3.991803 -16.065121
v 2.333054 3.950273 -15.969602
v 2.308136 4.010492 -15.979983
v 2.312289 3.977268 -15.874082
v 2.301906 4.041639 -15.894847
v 2.274912 3.993880 -15.799327
v 2.266606 3.902513 -15.797251
v 2.146168 3.892131 -15.658125
v 2.312289 3.904590 -15.878235
v 2.247917 3.827759 -15.788944
v 2.299830 3.829835 -15.878235
v 2.337207 3.887978 -15.969602
v 2.320595 3.817376 -15.971678
v 2.239611 3.769617 -15.801404
v 2.285294 3.773770 -15.882387
v 2.303983 3.779999 -15.971678
v 2.222999 3.723933 -15.822168
v 2.262453 3.734316 -15.892770
v 2.283218 3.742622 -15.973754
v 2.289447 3.753005 -16.054739
v 2.312289 3.794535 -16.058891
v 2.283218 3.767540 -16.133646
v 2.303983 3.813223 -16.144028
v 2.266606 3.788305 -16.210476
v 2.285294 3.829835 -16.225012
v 2.237535 3.796611 -16.285231
v 2.254147 3.842294 -16.301844
v 2.196004 3.798687 -16.349602
v 2.212616 3.850600 -16.372444
v 2.150321 3.860983 -16.426434
v 2.137862 3.802841 -16.401516
v 2.071414 3.867213 -16.461735
v 2.063108 3.802841 -16.438892
v 1.975894 3.804917 -16.453428
v 1.982124 3.869289 -16.482500
v 1.992506 3.952349 -16.499111
v 2.079720 3.946120 -16.478346
v 2.083873 4.047869 -16.476271
v 1.998736 4.052022 -16.492882
v 2.009118 4.157924 -16.472116
v 2.083873 4.155848 -16.457581
v 2.019501 4.263826 -16.445122
v 2.079720 4.267979 -16.430586
v 2.036113 4.419565 -16.413975
v 2.088026 4.419565 -16.409822
v 2.038189 4.467324 -16.384903
v 2.096332 4.461094 -16.378674
v 2.096332 4.529620 -16.326761
v 2.027807 4.537926 -16.337143
v 2.100485 4.589838 -16.262390
v 2.025730 4.596068 -16.289385
v 2.019501 4.629292 -16.243700
v 2.106714 4.608527 -16.212553
v 2.011195 4.639675 -16.231241
v 2.125403 4.587762 -16.247854
v 2.119174 4.523390 -16.324684
v 2.121250 4.454865 -16.380751
v 2.117097 4.442406 -16.391132
v 2.146168 4.276285 -16.399439
v 2.154474 4.151694 -16.422281
v 2.158627 4.035410 -16.434740
v 2.225075 4.018798 -16.386980
v 2.156551 3.935737 -16.436815
v 2.220922 3.917049 -16.384903
v 2.276988 3.998033 -16.324684
v 2.268682 3.898360 -16.314302
v 2.310212 3.962732 -16.258236
v 2.297753 3.869289 -16.237471
v 2.324748 3.923278 -16.175177
v 2.316442 3.848524 -16.156487
v 2.339283 3.898360 -16.073427
v 2.330978 3.840218 -16.065121
v 2.102561 3.777923 -15.703808
v 2.098408 3.721857 -15.734956
v 2.034036 3.773770 -15.676813
v 2.029883 3.719780 -15.712113
v 1.961359 3.773770 -15.660201
v 1.957206 3.721857 -15.695501
v 1.884528 3.769617 -15.647742
v 1.884528 3.717704 -15.683043
v 1.809773 3.767540 -15.643589
v 1.811850 3.713551 -15.676813
v 1.739172 3.765464 -15.645665
v 1.739172 3.709398 -15.676813
v 1.668571 3.709398 -15.685119
v 1.666494 3.767540 -15.656048
v 1.531521 3.713551 -15.739108
v 1.460919 3.773770 -15.772332
v 1.481685 3.721857 -15.795175
v 1.519062 3.769617 -15.712113
v 1.448460 3.842295 -15.761950
v 1.508679 3.838141 -15.697578
v 1.492067 3.914972 -15.699655
v 1.645729 3.892131 -15.595829
v 1.676877 3.863060 -15.606212
v 1.720483 3.883825 -15.581293
v 1.739172 3.842295 -15.593753
v 1.807697 3.883825 -15.583370
v 1.807697 3.840218 -15.589600
v 1.884528 3.846448 -15.595829
v 1.892834 3.881748 -15.585446
v 1.965512 3.844371 -15.606212
v 1.982124 3.883825 -15.604136
v 2.046495 3.842295 -15.626977
v 2.069337 3.883825 -15.622824
v 2.104638 3.850600 -15.641512
v 1.988353 3.975191 -15.606212
v 1.896987 4.060328 -15.589600
v 1.894910 3.973115 -15.585446
v 1.803544 4.058252 -15.585446
v 1.803544 3.973115 -15.583370
v 1.712177 3.975191 -15.579217
v 1.710101 4.058252 -15.581294
v 1.629117 3.985574 -15.595829
v 1.631193 4.062405 -15.593753
v 1.481685 4.002186 -15.701732
v 1.433925 3.921202 -15.766103
v 1.494144 4.076940 -15.691349
v 1.433925 4.000109 -15.766103
v 1.409007 3.896284 -15.822169
v 1.438078 4.062405 -15.797251
v 1.417313 4.047869 -15.842934
v 1.404854 4.047869 -15.913535
v 1.386165 3.879672 -15.915612
v 1.377859 3.900437 -16.023590
v 1.396548 4.054099 -15.982060
v 1.388242 4.070711 -16.050585
v 1.369553 3.956502 -16.129492
v 1.382012 4.085247 -16.133646
v 1.375782 4.056175 -16.189711
v 1.409007 4.153771 -16.185558
v 1.386165 4.174536 -16.229166
v 1.404854 4.282515 -16.208401
v 1.402777 4.280438 -16.235395
v 1.423542 4.378034 -16.216705
v 1.423542 4.361422 -16.179329
v 1.446384 4.436176 -16.139875
v 1.442231 4.465248 -16.175177
v 1.462996 4.496395 -16.094193
v 1.458843 4.531696 -16.114958
v 1.473379 4.544155 -16.023590
v 1.471302 4.562844 -16.044355
v 1.479608 4.573226 -15.952990
v 1.487914 4.610603 -16.063044
v 1.500373 4.618910 -16.058891
v 1.492067 4.608527 -15.963372
v 1.498297 4.593991 -15.869929
v 1.483761 4.556614 -15.878235
v 1.516985 4.564920 -15.801404
v 1.487914 4.523390 -15.822169
v 1.539827 4.544155 -15.759873
v 1.498297 4.494319 -15.786868
v 1.566821 4.527543 -15.739109
v 1.516985 4.448636 -15.743261
v 1.597969 4.527543 -15.728726
v 1.654035 4.413335 -15.647742
v 1.666494 4.500548 -15.695502
v 1.774473 4.486013 -15.697578
v 1.770320 4.510931 -15.716267
v 1.716330 4.411259 -15.641513
v 1.724636 4.363499 -15.624901
v 1.799391 4.411259 -15.647742
v 1.662341 4.367652 -15.631130
v 1.660264 4.294974 -15.612441
v 1.523215 4.357269 -15.701732
v 1.527368 4.407105 -15.718344
v 1.504526 4.425794 -15.764027
v 1.502450 4.384264 -15.753644
v 1.498297 4.340657 -15.745338
v 1.516985 4.290821 -15.691349
v 1.489991 4.282515 -15.741185
v 1.510756 4.218143 -15.685120
v 1.479608 4.224372 -15.741185
v 1.467149 4.164154 -15.741185
v 1.498297 4.143389 -15.687196
v 1.456766 4.108088 -15.755720
v 1.639499 4.130929 -15.595829
v 1.714254 4.137159 -15.585446
v 1.651958 4.209837 -15.599982
v 1.722560 4.218143 -15.593753
v 1.805620 4.139236 -15.589600
v 1.807697 4.220220 -15.599982
v 1.724636 4.297050 -15.608289
v 1.807697 4.299127 -15.614518
v 1.894910 4.222296 -15.604136
v 1.892834 4.301204 -15.620748
v 1.805620 4.369728 -15.633206
v 1.890757 4.373881 -15.641513
v 1.884528 4.415411 -15.656048
v 1.973818 4.380111 -15.658125
v 1.980047 4.423717 -15.674737
v 1.878298 4.486013 -15.707961
v 1.986277 4.490166 -15.724573
v 2.073490 4.434100 -15.695502
v 2.117097 4.388417 -15.691349
v 2.056878 4.390493 -15.676813
v 2.061031 4.313663 -15.653972
v 2.071414 4.234755 -15.641513
v 2.127480 4.309510 -15.674737
v 1.982124 4.228526 -15.622824
v 1.977971 4.307433 -15.637360
v 1.896987 4.141312 -15.595829
v 1.496220 4.467324 -15.793097
v 1.485838 4.500548 -15.828399
v 1.481685 4.525467 -15.876159
v 1.479608 4.546232 -15.946760
v 1.579281 4.610603 -16.154411
v 1.591740 4.618910 -16.137798
v 1.683106 4.625139 -16.200094
v 1.678953 4.618910 -16.214630
v 1.566821 4.575303 -16.210476
v 1.670647 4.587762 -16.256161
v 1.670647 4.535849 -16.303919
v 1.560592 4.517160 -16.268620
v 1.674800 4.471478 -16.355833
v 1.568898 4.450712 -16.324684
v 1.600046 4.413335 -16.368292
v 1.687259 4.432024 -16.393209
v 1.656111 4.276285 -16.399439
v 1.568898 4.274209 -16.366215
v 1.629117 4.164154 -16.420204
v 1.537750 4.164154 -16.380751
v 1.604199 4.056175 -16.434740
v 1.510756 4.056175 -16.384903
v 1.585510 3.958579 -16.438892
v 1.494144 3.956502 -16.376596
v 1.583434 3.877595 -16.416052
v 1.492067 3.871366 -16.359985
v 1.585510 3.813223 -16.386980
v 1.504526 3.806994 -16.332991
v 1.425619 3.858907 -16.274849
v 1.448460 3.798687 -16.247854
v 1.392395 3.844371 -16.164793
v 1.413160 3.784152 -16.150257
v 1.390318 3.815300 -16.044355
v 1.411083 3.763387 -16.044355
v 1.402777 3.792458 -15.938454
v 1.421466 3.742622 -15.948836
v 1.444307 3.730163 -15.867852
v 1.425619 3.782076 -15.851240
v 1.388242 3.846447 -15.925995
v 1.413160 3.840218 -15.832551
v 1.375782 3.871366 -16.036049
v 1.373706 3.935738 -16.175177
v 1.390318 4.049945 -16.237471
v 1.417313 3.948196 -16.295614
v 1.436001 4.052022 -16.318455
v 1.406930 4.170383 -16.268620
v 1.460919 4.164154 -16.328838
v 1.431848 4.282515 -16.272772
v 1.487914 4.274209 -16.322609
v 1.494144 4.405029 -16.328838
v 1.448460 4.423717 -16.295614
v 1.456766 4.492242 -16.231241
v 1.481685 4.577379 -16.146105
v 2.171086 4.641751 -15.892771
v 2.164857 4.666669 -16.006979
v 2.164857 4.666669 -16.006979
v 2.121250 4.681205 -16.098345
v 2.077643 4.689511 -16.171022
v 2.121250 4.681205 -16.098345
v 2.011195 4.704046 -16.227089
v 2.077643 4.689511 -16.171022
v 1.942670 4.704046 -16.233318
v 2.011195 4.704046 -16.227089
v 1.855457 4.699893 -16.237471
v 1.942670 4.704046 -16.233318
v 1.855457 4.699893 -16.237471
v 1.766167 4.693664 -16.222937
v 1.766167 4.693664 -16.222937
v 1.681030 4.687434 -16.193865
v 1.681030 4.687434 -16.193865
v 1.593816 4.683281 -16.133646
v 1.593816 4.683281 -16.133646
v 1.510756 4.672899 -15.959219
v 1.508679 4.656287 -15.859547
v 1.658188 4.566997 -15.672661
v 1.882451 4.537926 -15.676813
v 1.882451 4.537926 -15.676813
v 2.146168 4.600221 -15.784792
v 2.083873 4.579456 -15.737032
v 2.187698 4.623063 -15.836704
v 2.206387 4.618910 -15.834628
v 2.196004 4.596068 -15.791021
v 2.162780 4.598145 -15.778563
v 2.169010 4.620986 -15.838781
v 2.189775 4.645904 -15.890694
v 2.171086 4.641751 -15.892771
v 2.204310 4.641751 -15.890694
v 2.202234 4.668746 -16.006979
v 2.189775 4.645904 -15.890694
v 2.239611 4.629292 -15.899000
v 2.239611 4.608527 -15.842935
v 2.233382 4.585686 -15.801404
v 2.245841 4.604374 -15.851240
v 2.241688 4.581532 -15.809711
v 2.233382 4.546232 -15.757797
v 2.241688 4.569074 -15.815940
v 2.233382 4.533772 -15.780639
v 2.218846 4.477707 -15.724573
v 2.220922 4.477707 -15.693425
v 2.214693 4.415411 -15.693425
v 2.220922 4.409182 -15.670584
v 2.231305 4.336504 -15.683043
v 2.239611 4.332351 -15.660201
v 2.252070 4.245138 -15.685120
v 2.262453 4.243061 -15.662277
v 2.276988 4.164154 -15.687196
v 2.283218 4.164154 -15.662277
v 2.289447 4.072787 -15.691349
v 2.295677 4.068635 -15.668508
v 2.285294 3.985574 -15.691349
v 2.295677 3.985574 -15.668508
v 2.262453 3.892131 -15.666430
v 2.262453 3.885901 -15.685120
v 2.200157 3.821529 -15.639436
v 2.202234 3.829835 -15.618670
v 2.127480 3.798688 -15.606212
v 2.127480 3.804918 -15.589600
v 2.058955 3.790382 -15.587523
v 2.061031 3.798688 -15.572988
v 1.973818 3.788305 -15.568834
v 1.973818 3.794535 -15.550146
v 1.888681 3.790382 -15.558452
v 1.888681 3.792458 -15.537687
v 1.809773 3.784152 -15.548069
v 1.809773 3.792458 -15.533534
v 1.728789 3.786229 -15.554298
v 1.728789 3.790382 -15.533534
v 1.651958 3.804918 -15.568834
v 1.645729 3.806994 -15.543917
v 1.809773 3.800764 -15.523151
v 1.726713 3.802841 -15.525228
v 1.645729 3.817376 -15.529381
v 1.585510 3.852677 -15.537687
v 1.635346 3.890054 -15.533534
v 1.716330 3.881748 -15.516922
v 1.809773 3.881748 -15.518998
v 1.805620 3.975191 -15.518998
v 1.705948 3.975191 -15.514845
v 1.705948 4.060328 -15.516922
v 1.616658 3.985574 -15.533534
v 1.618734 4.064481 -15.531457
v 1.519062 3.991804 -15.554299
v 1.548133 3.894207 -15.548069
v 1.512832 3.991803 -15.568834
v 1.543980 3.890054 -15.564681
v 1.581357 3.842295 -15.550146
v 1.583434 3.836065 -15.575064
v 1.546056 3.892131 -15.585446
v 1.514909 3.991803 -15.585446
v 1.512832 4.070711 -15.568834
v 1.514909 4.072787 -15.589600
v 1.519062 4.133006 -15.568834
v 1.523215 4.133006 -15.585446
v 1.533597 4.211914 -15.570911
v 1.543980 4.213990 -15.597906
v 1.558516 4.303280 -15.599982
v 1.556439 4.307433 -15.577141
v 1.560592 4.392570 -15.597906
v 1.560592 4.388417 -15.618671
v 1.550209 4.434100 -15.620748
v 1.550209 4.425794 -15.639436
v 1.512832 4.504702 -15.666430
v 1.521138 4.486013 -15.685120
v 1.485838 4.540002 -15.739109
v 1.475455 4.560767 -15.728726
v 1.462996 4.571150 -15.782716
v 1.456766 4.587762 -15.772333
v 1.448460 4.606451 -15.855393
v 1.442231 4.625139 -15.849164
v 1.442231 4.627215 -15.948836
v 1.436001 4.641751 -15.950912
v 1.450537 4.625139 -16.056814
v 1.429772 4.647981 -16.065121
v 1.448460 4.589838 -16.152334
v 1.425619 4.610603 -16.160641
v 1.400701 4.523390 -16.252007
v 1.425619 4.508854 -16.227089
v 1.429772 4.425794 -16.297689
v 1.398624 4.440330 -16.332991
v 1.479608 4.400876 -16.347527
v 1.465073 4.409182 -16.389057
v 1.583434 4.411258 -16.391132
v 1.575127 4.415411 -16.430588
v 1.676877 4.421641 -16.418127
v 1.666494 4.427870 -16.459658
v 1.749555 4.432024 -16.430588
v 1.757861 4.429947 -16.478346
v 1.865839 4.425794 -16.447199
v 1.872069 4.425794 -16.488729
v 1.961359 4.409182 -16.463812
v 1.971741 4.417488 -16.482500
v 2.046495 4.396723 -16.465887
v 2.056878 4.402953 -16.486652
v 2.094255 4.402953 -16.447199
v 2.123327 4.409182 -16.476271
v 2.146168 4.429947 -16.416052
v 2.164857 4.440330 -16.436817
v 2.181469 4.473554 -16.424356
v 2.156551 4.456942 -16.391132
v 2.166933 4.535849 -16.345449
v 2.179392 4.546232 -16.353756
v 2.187698 4.610603 -16.270695
v 2.181469 4.602297 -16.260313
v 2.214693 4.647981 -16.144028
v 2.206387 4.631369 -16.146105
v 2.235458 4.633445 -16.021515
v 2.231305 4.643828 -16.021515
v 2.245841 4.612680 -15.915612
v 2.245841 4.625139 -15.905230
v 2.245841 4.587762 -15.859547
v 2.231305 4.654210 -16.013208
v 2.173163 4.670822 -16.114958
v 2.208463 4.654210 -16.146105
v 2.129556 4.664593 -16.233318
v 2.187698 4.623063 -16.274849
v 2.108791 4.681205 -16.200094
v 2.036113 4.685358 -16.272772
v 2.023654 4.699893 -16.247854
v 2.090102 4.689511 -16.181406
v 2.137862 4.681205 -16.102499
v 2.121250 4.681205 -16.098345
v 2.077643 4.689511 -16.171022
v 2.011195 4.704046 -16.227089
v 2.021577 4.704046 -16.241625
v 2.011195 4.704046 -16.227089
v 1.944746 4.708200 -16.247854
v 1.946823 4.706123 -16.262390
v 1.953053 4.697817 -16.293537
v 1.857533 4.701970 -16.297689
v 1.944746 4.708200 -16.247854
v 1.857533 4.708200 -16.266542
v 1.855457 4.708200 -16.252007
v 1.757861 4.691587 -16.276924
v 1.762014 4.699893 -16.247854
v 1.855457 4.708200 -16.252007
v 1.855457 4.699893 -16.237471
v 1.764090 4.699893 -16.237471
v 1.766167 4.693664 -16.222937
v 1.670647 4.687434 -16.214630
v 1.672724 4.689511 -16.208401
v 1.766167 4.693664 -16.222937
v 1.681030 4.687434 -16.193865
v 1.593816 4.683281 -16.133646
v 1.583434 4.685358 -16.146105
v 1.577204 4.679129 -16.154411
v 1.560592 4.666669 -16.179329
v 1.583434 4.685358 -16.146105
v 1.529444 4.685358 -16.054739
v 1.481685 4.681205 -16.065121
v 1.529444 4.685358 -16.054739
v 1.494144 4.674975 -15.957143
v 1.469226 4.670822 -15.955066
v 1.431848 4.658363 -16.069275
v 1.436001 4.650057 -15.950912
v 1.425619 4.618910 -16.168947
v 1.541903 4.625139 -16.245777
v 1.404854 4.527543 -16.262390
v 1.537750 4.556614 -16.312225
v 1.546056 4.490166 -16.370369
v 1.402777 4.450712 -16.339220
v 1.467149 4.427870 -16.382828
v 1.575127 4.425794 -16.432663
v 1.656111 4.508854 -16.403593
v 1.666494 4.438253 -16.463812
v 1.755784 4.442406 -16.486652
v 1.757861 4.519237 -16.430588
v 1.863763 4.519237 -16.443047
v 1.874145 4.438253 -16.494959
v 1.961359 4.510931 -16.443047
v 1.977971 4.423717 -16.490807
v 2.046495 4.502625 -16.436817
v 2.056878 4.413335 -16.488729
v 2.106714 4.496395 -16.430588
v 2.121250 4.417488 -16.478346
v 2.166933 4.446559 -16.449276
v 2.173163 4.479783 -16.428511
v 2.181469 4.554538 -16.359985
v 2.112944 4.571150 -16.372444
v 2.123327 4.639675 -16.295614
v 2.040266 4.643828 -16.330914
v 1.953053 4.583609 -16.395287
v 2.040266 4.577379 -16.386980
v 1.953053 4.650057 -16.345449
v 1.857533 4.656287 -16.349604
v 1.857533 4.589838 -16.397364
v 1.753708 4.650057 -16.332991
v 1.753708 4.587762 -16.382828
v 1.649882 4.635522 -16.295614
v 1.647805 4.575303 -16.351679
v 1.660264 4.677052 -16.239548
v 1.475455 4.652134 -15.851240
v 1.444307 4.633445 -15.847087
v 1.462996 4.598145 -15.768180
v 1.498297 4.616833 -15.770256
v 1.479608 4.569074 -15.726649
v 1.523215 4.589839 -15.720420
v 1.519062 4.517160 -15.660201
v 1.600046 4.531696 -15.645666
v 1.558516 4.440330 -15.604136
v 1.550209 4.569074 -15.691349
v 1.554362 4.591915 -15.714190
v 1.585510 4.569074 -15.680966
v 1.554362 4.591915 -15.714190
v 1.662341 4.556614 -15.656048
v 1.664418 4.542079 -15.645666
v 1.676877 4.506778 -15.620748
v 1.662341 4.556614 -15.656048
v 1.778626 4.531696 -15.651896
v 1.778626 4.525467 -15.645666
v 1.784855 4.498472 -15.626977
v 1.778626 4.531696 -15.651896
v 1.884528 4.529620 -15.662278
v 1.884528 4.527543 -15.658125
v 1.884528 4.504702 -15.641513
v 1.990430 4.504702 -15.653972
v 1.992506 4.531696 -15.676813
v 1.884528 4.529620 -15.662278
v 1.882451 4.537926 -15.676813
v 1.992506 4.540002 -15.683043
v 1.992506 4.548308 -15.699655
v 2.092179 4.556614 -15.707961
v 1.992506 4.548308 -15.699655
v 2.088026 4.573226 -15.722497
v 2.083873 4.579456 -15.737032
v 2.083873 4.579456 -15.737032
v 2.146168 4.600221 -15.784792
v 2.162780 4.598145 -15.778563
v 2.150321 4.566997 -15.741185
v 2.162780 4.598145 -15.778563
v 2.185622 4.577379 -15.766104
v 2.154474 4.540002 -15.712114
v 2.096332 4.521314 -15.678890
v 2.144092 4.467324 -15.658125
v 2.227152 4.548308 -15.751568
v 2.208463 4.473554 -15.680966
v 2.210540 4.407105 -15.656048
v 2.135786 4.405029 -15.633206
v 2.148245 4.321969 -15.616594
v 2.231305 4.330275 -15.647742
v 2.173163 4.236832 -15.606212
v 2.249994 4.238908 -15.645665
v 2.189775 4.149618 -15.604136
v 2.274912 4.164154 -15.651896
v 2.198081 4.062405 -15.604136
v 2.289447 4.066558 -15.658125
v 2.289447 3.985574 -15.658125
v 2.187698 3.979344 -15.608289
v 2.264529 3.896284 -15.645665
v 2.173163 3.892131 -15.599982
v 2.204310 3.840218 -15.612441
v 2.131633 3.813223 -15.581293
v 2.090102 3.883825 -15.562605
v 2.063108 3.804918 -15.560529
v 1.973818 3.802841 -15.539763
v 1.994583 3.881748 -15.541840
v 2.002889 3.975191 -15.543917
v 1.901140 3.879672 -15.521075
v 1.903216 3.973115 -15.521075
v 1.905293 4.062405 -15.525228
v 1.805620 4.062405 -15.521075
v 1.807697 4.145465 -15.527305
v 1.712177 4.141312 -15.521075
v 1.720483 4.226449 -15.529381
v 1.641576 4.218143 -15.537687
v 1.629117 4.135083 -15.533534
v 1.541903 4.207761 -15.556376
v 1.525291 4.130929 -15.554299
v 1.521138 4.068635 -15.552222
v 1.564745 4.307433 -15.560529
v 1.654035 4.307433 -15.550146
v 1.573051 4.392570 -15.581294
v 1.656111 4.386340 -15.570911
v 1.647805 4.440330 -15.589600
v 1.716330 4.438253 -15.583370
v 1.803544 4.440330 -15.591677
v 1.722560 4.382187 -15.564682
v 1.809773 4.388417 -15.572988
v 1.811850 4.313663 -15.552222
v 1.724636 4.311586 -15.545993
v 1.811850 4.228526 -15.535610
v 1.903216 4.232679 -15.541840
v 1.905293 4.147542 -15.531457
v 2.000812 4.151695 -15.552222
v 2.004965 4.066558 -15.548070
v 2.102561 4.068635 -15.570911
v 2.100485 3.977268 -15.566758
v 2.098408 4.155848 -15.575064
v 2.088026 4.243061 -15.581294
v 1.994583 4.236832 -15.560529
v 2.075567 4.328198 -15.593753
v 1.984200 4.400876 -15.597906
v 2.071414 4.409182 -15.616594
v 1.988353 4.321969 -15.575065
v 1.896987 4.394647 -15.581294
v 1.901140 4.315739 -15.558452
v 1.890757 4.444483 -15.599982
v 1.988353 4.454865 -15.618671
v 2.085949 4.463171 -15.639436
v 1.888681 3.800764 -15.527305
v 1.882451 4.537926 -15.676813
v 1.776549 4.542079 -15.666430
v 1.776549 4.542079 -15.666430
v 1.658188 4.566997 -15.672661
v 1.658188 4.566997 -15.672661
v 1.570974 4.593991 -15.722497
v 1.519062 4.623063 -15.772333
v 1.554362 4.591915 -15.714190
v 1.535674 4.623063 -15.778563
v 1.570974 4.593991 -15.722497
v 1.492067 4.656287 -15.853317
v 1.519062 4.623063 -15.772333
v 1.535674 4.623063 -15.778563
v 1.508679 4.656287 -15.859547
v 1.508679 4.656287 -15.859547
v 1.510756 4.672899 -15.959219
v 1.510756 4.672899 -15.959219
v 1.543980 4.681205 -16.050585
v 1.543980 4.681205 -16.050585
v 1.593816 4.683281 -16.133646
v 1.942670 4.704046 -16.233318
v 1.855457 4.699893 -16.237471
v 1.942670 4.704046 -16.233318
v 2.183545 4.670822 -16.006979
v 2.137862 4.681205 -16.102499
v 2.164857 4.666669 -16.006979
v 2.121250 4.681205 -16.098345
v 2.171086 4.641751 -15.892771
v 2.164857 4.666669 -16.006979
v 2.146168 4.600221 -15.784792
v 1.610428 3.526665 -15.859546
v 1.629117 3.468523 -15.807633
v 1.585510 3.476829 -15.845011
v 1.541903 3.661638 -16.264465
v 1.604199 3.659561 -16.297689
v 1.512832 3.684480 -16.301844
v 1.774473 3.686556 -16.409821
v 1.681030 3.655408 -16.326761
v 1.795238 3.659561 -16.326761
v 1.969665 3.676173 -16.418127
v 1.880375 3.663714 -16.314302
v 1.969665 3.680326 -16.316378
v 2.139939 3.678250 -16.366215
v 2.054802 3.678250 -16.308073
v 2.121250 3.667868 -16.297689
v 2.237535 3.678250 -16.252007
v 2.175239 3.655408 -16.262388
v 2.206387 3.649179 -16.214630
v 2.287371 3.645026 -16.125340
v 2.233382 3.636720 -16.160641
v 2.258300 3.613878 -16.114956
v 2.270759 3.634643 -15.979983
v 2.243764 3.622184 -16.038126
v 2.231305 3.613878 -15.986213
v 2.175239 3.599343 -15.882387
v 2.249994 3.628414 -15.911459
v 2.216769 3.611802 -15.938454
v 2.088026 3.605572 -15.768180
v 2.119174 3.591037 -15.840858
v 2.063108 3.584807 -15.830475
v 1.959282 3.599343 -15.730803
v 2.007042 3.576501 -15.820092
v 1.944746 3.570271 -15.813863
v 1.818079 3.593113 -15.714190
v 1.882451 3.564042 -15.809710
v 1.809773 3.568195 -15.807633
v 1.678953 3.586884 -15.726649
v 1.737095 3.572348 -15.807633
v 1.683106 3.576501 -15.824245
v 1.575127 3.528741 -15.890694
v 1.516985 3.595190 -15.909382
v 1.546056 3.591037 -15.882387
v 1.724636 3.456064 -15.780639
v 1.799391 3.505900 -15.809710
v 1.805620 3.453987 -15.780639
v 1.807697 3.472676 -15.712113
v 1.716330 3.458140 -15.707960
v 1.683106 3.460217 -15.791021
v 1.687259 3.514206 -15.828399
v 1.629117 3.468523 -15.807633
v 1.645729 3.485135 -15.701731
v 1.577204 3.424916 -15.782715
v 1.585510 3.476829 -15.845011
v 1.479608 3.418686 -15.853316
v 1.552286 3.478905 -15.880311
v 1.575127 3.528741 -15.890694
v 1.527368 3.478905 -15.909382
v 1.489991 3.489288 -15.975830
v 1.543980 3.532894 -15.921842
v 1.516985 3.595190 -15.909382
v 1.610428 3.526665 -15.859546
v 1.546056 3.591037 -15.882387
v 1.597969 3.580654 -15.836704
v 1.637423 3.528741 -15.836704
v 1.651958 3.578578 -15.834628
v 1.683106 3.576501 -15.824245
v 1.737095 3.572348 -15.807633
v 1.730866 3.512129 -15.815939
v 1.799391 3.505900 -15.809710
v 1.809773 3.568195 -15.807633
v 1.872069 3.501747 -15.809710
v 1.882451 3.564042 -15.809710
v 1.940593 3.510053 -15.813863
v 1.944746 3.570271 -15.813863
v 2.004965 3.518359 -15.818016
v 2.007042 3.576501 -15.820092
v 2.056878 3.518359 -15.836704
v 2.063108 3.584807 -15.830475
v 2.106714 3.528741 -15.849163
v 2.119174 3.591037 -15.840858
v 2.144092 3.516282 -15.888618
v 2.175239 3.599343 -15.882387
v 2.204310 3.534971 -15.915611
v 2.216769 3.611802 -15.938454
v 2.214693 3.524588 -15.961295
v 2.231305 3.613878 -15.986213
v 2.233382 3.534971 -15.998672
v 2.243764 3.622184 -16.038126
v 2.237535 3.526665 -16.081732
v 2.258300 3.613878 -16.114956
v 2.225075 3.539124 -16.156487
v 2.233382 3.636720 -16.160641
v 2.210540 3.543277 -16.200094
v 2.206387 3.649179 -16.214630
v 2.181469 3.553659 -16.249929
v 2.175239 3.655408 -16.262388
v 2.125403 3.568195 -16.303919
v 2.121250 3.667868 -16.297689
v 2.052725 3.576501 -16.314302
v 2.054802 3.678250 -16.308073
v 1.969665 3.580654 -16.297689
v 1.969665 3.680326 -16.316378
v 1.880375 3.663714 -16.314302
v 1.795238 3.659561 -16.326761
v 1.876222 3.582731 -16.293537
v 1.789008 3.570271 -16.293537
v 1.786932 3.439451 -16.281078
v 1.890757 3.429069 -16.270695
v 1.984200 3.422839 -16.299767
v 1.786932 3.439451 -16.281078
v 1.799391 3.424916 -16.368292
v 1.896987 3.414533 -16.368292
v 1.986277 3.410380 -16.368292
v 2.056878 3.441528 -16.320532
v 2.063108 3.414533 -16.357908
v 2.123327 3.453987 -16.328838
v 2.166933 3.414533 -16.335068
v 2.204310 3.437375 -16.260313
v 2.258300 3.416610 -16.256159
v 2.220922 3.439451 -16.218782
v 2.285294 3.420763 -16.202169
v 2.235458 3.447757 -16.156487
v 2.308136 3.433222 -16.158564
v 2.245841 3.439451 -16.110804
v 2.316442 3.441528 -16.110804
v 2.247917 3.445681 -16.017361
v 2.310212 3.456064 -16.011131
v 2.281141 3.453987 -15.948836
v 2.227152 3.441528 -15.963371
v 2.264529 3.480982 -15.903152
v 2.200157 3.453987 -15.925994
v 2.233382 3.491364 -15.851240
v 2.150321 3.453987 -15.872005
v 2.152398 3.478905 -15.795174
v 2.115021 3.474752 -15.828399
v 2.117097 3.499670 -15.761950
v 2.073490 3.468523 -15.813863
v 2.046495 3.495517 -15.747415
v 2.021577 3.472676 -15.793097
v 1.977971 3.491364 -15.722496
v 1.957206 3.460217 -15.786868
v 1.888681 3.478905 -15.718343
v 1.880375 3.451910 -15.782715
v 2.004965 3.518359 -15.818016
v 2.144092 3.516282 -15.888618
v 2.056878 3.441528 -16.320532
v 2.123327 3.453987 -16.328838
v 2.204310 3.437375 -16.260313
v 2.220922 3.439451 -16.218782
v 2.235458 3.447757 -16.156487
v 2.235458 3.447757 -16.156487
v 2.245841 3.439451 -16.110804
v 2.200157 3.453987 -15.925994
v 2.115021 3.474752 -15.828399
v 2.021577 3.472676 -15.793097
v 1.957206 3.460217 -15.786868
v 1.805620 3.453987 -15.780639
v 1.724636 3.456064 -15.780639
v 1.724636 3.456064 -15.780639
v 1.683106 3.460217 -15.791021
v 1.629117 3.468523 -15.807633
v 1.458843 3.638796 -16.112881
v 1.423542 3.642949 -16.036049
v 1.462996 3.609725 -16.011131
vn 0.8663 0.0675 0.4950
vn 0.9661 0.0296 0.2564
vn 0.8376 -0.0566 0.5433
vn 0.9699 0.0196 0.2426
vn 0.8849 0.3637 0.2910
vn 0.3516 0.7688 0.5341
vn 0.4821 0.2472 0.8405
vn 0.1240 -0.0088 0.9922
vn 0.9324 -0.0750 0.3537
vn 0.8595 -0.3737 0.3488
vn 0.6864 -0.4576 0.5652
vn 0.2012 -0.4142 0.8877
vn -0.4895 -0.2200 0.8438
vn 0.0678 -0.5083 0.8585
vn -0.5645 0.0452 0.8242
vn -0.9107 0.0768 0.4060
vn -0.6278 -0.2691 0.7303
vn -0.9223 0.1222 0.3667
vn -0.9739 0.2270 -0.0002
vn -0.9577 0.1156 0.2634
vn -0.9835 0.1719 -0.0573
vn -0.8679 0.1783 -0.4637
vn -0.7597 0.3667 -0.5370
vn -0.9677 0.2518 -0.0099
vn -0.6988 0.2414 -0.6734
vn -0.8324 0.1430 -0.5354
vn -0.6761 0.5409 -0.5003
vn -0.9138 0.2812 -0.2929
vn -0.9954 0.0800 0.0533
vn -0.5950 0.7135 -0.3699
vn -0.9613 0.2505 -0.1149
vn -0.7030 0.7030 -0.1073
vn -0.9318 0.3624 0.0207
vn -0.7967 0.6004 0.0693
vn -0.7691 0.5926 0.2396
vn -0.9626 0.1692 0.2116
vn -0.6864 0.5652 0.4576
vn -0.8977 0.1496 0.4144
vn -0.5696 0.5018 0.6510
vn -0.8290 0.0565 0.5563
vn -0.4636 0.4636 0.7551
vn -0.6948 0.1861 0.6947
vn -0.4356 0.3715 0.8199
vn -0.7713 0.0818 0.6311
vn -0.5980 0.2120 0.7729
vn -0.4749 0.2192 0.8523
vn -0.7145 0.1725 0.6780
vn -0.5214 0.1422 0.8414
vn -0.6122 0.1715 0.7719
vn -0.5581 0.1306 0.8194
vn -0.7078 0.1199 0.6962
vn -0.6476 0.0340 0.7612
vn -0.6843 0.0112 0.7291
vn -0.7505 0.0341 0.6599
vn -0.7237 -0.0225 0.6897
vn -0.7213 -0.0945 0.6862
vn -0.6714 -0.1199 0.7313
vn -0.6608 -0.1995 0.7236
vn -0.5746 -0.2248 0.7869
vn -0.5046 -0.4381 0.7440
vn -0.3783 -0.3783 0.8449
vn -0.2967 -0.5932 0.7484
vn -0.2170 -0.4462 0.8682
vn -0.1714 -0.6122 0.7719
vn -0.0802 -0.5263 0.8465
vn 0.0342 -0.6950 0.7182
vn 0.0450 -0.5515 0.8329
vn 0.1306 -0.5581 0.8194
vn 0.1073 -0.7028 0.7032
vn 0.1569 -0.5672 0.8085
vn 0.1460 -0.7054 0.6936
vn 0.2525 -0.5684 0.7831
vn 0.2414 -0.6861 0.6862
vn 0.3518 -0.5342 0.7687
vn 0.3860 -0.6521 0.6525
vn 0.5634 -0.4427 0.6976
vn 0.6597 -0.4443 0.6062
vn 0.7614 -0.2538 0.5965
vn 0.7938 -0.2108 0.5705
vn 0.8422 -0.1170 0.5263
vn 0.9223 -0.0988 0.3736
vn 0.8728 -0.0442 0.4861
vn 0.8594 -0.0109 0.5113
vn 0.9606 0.0505 0.2733
vn 0.7967 0.0693 0.6004
vn 0.9542 0.2060 0.2172
vn 0.8629 0.1917 0.4677
vn 0.7215 0.0946 0.6860
vn 0.6857 0.1592 0.7102
vn 0.8289 0.2351 0.5076
vn 0.6548 0.2696 0.7061
vn 0.9028 0.1736 0.3935
vn 0.8869 0.1635 0.4320
vn 0.6565 0.4153 0.6297
vn 0.8362 0.2748 0.4745
vn 0.7220 0.4546 0.5215
vn 0.8369 0.3807 0.3933
vn 0.7909 0.4927 0.3630
vn 0.8570 0.4533 0.2450
vn 0.8063 0.5291 0.2646
vn 0.8054 0.5807 0.1186
vn 0.7453 0.6476 0.1588
vn 0.6715 0.7402 -0.0341
vn 0.7126 0.7013 0.0226
vn 0.6695 0.7191 -0.1860
vn 0.6276 0.7305 -0.2690
vn 0.6389 0.6655 -0.3860
vn 0.6500 0.5827 -0.4877
vn 0.6113 0.5026 -0.6113
vn 0.8669 0.2564 -0.4274
vn 0.6936 0.3274 -0.6416
vn 0.5614 0.4277 -0.7084
vn 0.5662 0.1972 -0.8003
vn 0.5968 0.3114 -0.7395
vn 0.4305 0.2706 -0.8611
vn 0.4133 0.1008 -0.9050
vn 0.2929 0.2812 -0.9139
vn 0.1399 0.1501 -0.9787
vn 0.0937 0.2708 -0.9581
vn -0.0648 0.1207 -0.9906
vn -0.0512 0.2973 -0.9534
vn -0.1363 0.0275 -0.9903
vn -0.1073 0.3112 -0.9443
vn -0.0590 0.2166 -0.9745
vn -0.1236 0.2164 -0.9685
vn -0.0741 0.1112 -0.9910
vn -0.1256 0.1159 -0.9853
vn -0.0800 -0.0533 -0.9954
vn -0.1163 -0.0268 -0.9929
vn -0.0604 -0.2515 -0.9660
vn 0.0994 -0.0542 -0.9936
vn 0.0721 -0.2781 -0.9578
vn 0.0557 -0.4906 -0.8696
vn 0.3068 -0.2832 -0.9087
vn 0.2615 -0.4856 -0.8342
vn 0.1861 -0.6948 -0.6948
vn 0.0226 -0.6781 -0.7346
vn -0.0674 -0.4950 -0.8663
vn -0.0699 -0.7226 -0.6877
vn -0.1072 -0.6910 -0.7148
vn -0.1265 -0.2530 -0.9592
vn -0.1534 -0.4839 -0.8616
vn -0.0317 -0.9198 -0.3912
vn -0.0552 -0.8840 -0.4641
vn 0.1067 -0.6410 -0.7601
vn 0.0578 -0.7716 -0.6334
vn 0.0203 -0.9454 -0.3253
vn 0.0814 -0.9663 -0.2442
vn 0.0671 -0.8738 -0.4817
vn -0.0222 -0.6661 -0.7455
vn 0.2029 -0.9344 -0.2930
vn 0.4003 -0.6805 -0.6138
vn 0.5527 -0.6869 -0.4719
vn 0.3760 -0.8523 -0.3635
vn 0.2437 -0.4384 -0.8651
vn 0.6446 -0.3417 -0.6839
vn 0.6411 -0.6545 -0.4007
vn 0.5195 -0.7792 -0.3507
vn 0.6444 -0.3417 -0.6841
vn 0.7090 -0.6171 -0.3414
vn 0.5713 -0.7174 -0.3986
vn 0.7976 -0.3345 -0.5020
vn 0.8073 -0.3332 -0.4870
vn 0.7861 -0.5578 -0.2663
vn 0.7025 -0.6642 -0.2555
vn 0.8074 -0.3332 -0.4870
vn 0.7815 -0.6230 -0.0340
vn 0.6459 -0.7612 0.0577
vn 0.9109 -0.3936 -0.1237
vn 0.9248 -0.3562 0.1337
vn 0.5595 -0.8281 0.0336
vn 0.7112 -0.6995 0.0699
vn 0.5263 -0.8422 0.1170
vn 0.9133 -0.3158 0.2573
vn 0.8402 -0.4511 0.3008
vn 0.6695 -0.7191 0.1860
vn 0.4531 -0.8572 0.2449
vn 0.5717 -0.6259 0.5305
vn 0.3466 -0.8666 0.3590
vn 0.4299 -0.6583 0.6179
vn 0.5516 -0.7486 0.3677
vn 0.4368 -0.7545 0.4898
vn 0.2973 -0.7367 0.6074
vn 0.2097 -0.9086 0.3611
vn 0.4300 -0.6583 0.6179
vn 0.1616 -0.9004 0.4040
vn 0.2276 -0.6949 0.6822
vn 0.1861 -0.6948 0.6947
vn 0.1996 -0.7234 0.6610
vn 0.1244 -0.9048 0.4072
vn 0.1862 -0.6947 0.6948
vn 0.1459 -0.7175 0.6811
vn 0.1021 -0.8852 0.4539
vn 0.1186 -0.5803 0.8057
vn 0.0696 -0.7769 0.6258
vn 0.1199 -0.7198 0.6837
vn 0.0427 -0.9178 0.3948
vn 0.0697 -0.7769 0.6258
vn 0.0698 -0.7450 0.6634
vn -0.0103 -0.9284 0.3714
vn -0.0112 -0.7504 0.6608
vn -0.1071 -0.7265 0.6788
vn -0.0112 -0.7071 0.7071
vn -0.1199 -0.7313 0.6714
vn -0.0957 -0.9464 0.3084
vn -0.1070 -0.7264 0.6788
vn -0.2821 -0.7566 0.5899
vn -0.1842 -0.9535 0.2384
vn -0.1949 -0.8290 0.5242
vn -0.1298 -0.8375 0.5308
vn -0.4598 -0.7750 0.4335
vn -0.3388 -0.9114 0.2337
vn -0.3528 -0.8445 0.4030
vn -0.5793 -0.7595 0.2961
vn -0.3764 -0.9126 0.1597
vn -0.5195 -0.7327 0.4396
vn -0.5661 -0.7373 0.3686
vn -0.4482 -0.8849 0.1264
vn -0.6812 -0.6549 0.3273
vn -0.5774 -0.8152 0.0453
vn -0.6822 -0.7071 0.1861
vn -0.7665 -0.6406 0.0458
vn -0.6381 -0.7585 -0.1324
vn -0.6811 -0.6549 0.3274
vn -0.8436 -0.5368 0.0108
vn -0.7917 -0.6054 -0.0815
vn -0.5825 -0.7724 -0.2532
vn -0.8003 -0.5505 -0.2375
vn -0.7446 -0.4786 -0.4653
vn -0.7467 -0.6202 -0.2405
vn -0.4899 -0.7993 -0.3481
vn -0.7446 -0.4787 -0.4652
vn -0.6411 -0.6545 -0.4007
vn -0.3826 -0.8289 -0.4081
vn -0.7446 -0.4786 -0.4654
vn -0.5439 -0.5439 -0.6391
vn -0.5003 -0.6761 -0.5409
vn -0.2603 -0.8429 -0.4710
vn -0.3519 -0.5342 -0.7687
vn -0.3275 -0.6681 -0.6681
vn -0.1686 -0.8311 -0.5300
vn -0.1991 -0.6347 -0.7467
vn -0.3518 -0.5342 -0.7687
vn -0.0553 -0.8839 -0.4644
vn -0.1860 -0.6695 -0.7191
vn -0.2483 -0.4966 -0.8317
vn -0.2694 -0.3045 -0.9136
vn -0.2089 -0.0190 -0.9778
vn -0.1961 0.1446 -0.9699
vn -0.1938 0.2149 -0.9572
vn -0.1658 0.2986 -0.9399
vn -0.1399 0.0563 -0.9886
vn -0.2166 0.0593 -0.9745
vn -0.2695 0.3045 -0.9136
vn -0.3344 0.0104 -0.9424
vn -0.3927 0.2945 -0.8712
vn -0.5496 -0.0107 -0.8354
vn -0.5436 0.2654 -0.7963
vn -0.4675 0.1918 -0.8630
vn -0.6558 0.1457 -0.7408
vn -0.5710 0.0932 -0.8157
vn -0.7612 0.0341 -0.6476
vn -0.8204 0.0809 -0.5661
vn -0.9125 -0.0105 -0.4090
vn -0.9409 0.0523 -0.3346
vn -0.9845 0.0091 -0.1751
vn -0.9677 0.1561 0.1977
vn -0.9797 0.1682 0.1089
vn -0.8110 0.2916 0.5072
vn -0.9454 0.2937 0.1414
vn -0.4768 0.7549 0.4503
vn -0.2645 0.3726 0.8895
vn -0.9306 0.3252 0.1682
vn -0.4242 0.8725 0.2424
vn 0.1828 0.9569 0.2258
vn -0.5217 0.8198 0.2360
vn 0.1598 0.9786 0.1298
vn -0.4947 0.8629 0.1035
vn -0.9677 0.1980 0.1561
vn -0.9723 0.1845 0.1433
vn -0.9889 0.0848 0.1224
vn -0.9874 0.0854 0.1329
vn -0.5903 0.8059 0.0454
vn -0.9319 0.2731 0.2386
vn -0.9842 0.0869 0.1544
vn -0.9646 0.0711 0.2539
vn -0.8947 0.0663 0.4418
vn -0.9453 -0.0519 0.3220
vn -0.8290 -0.0568 0.5564
vn -0.7965 -0.1838 0.5760
vn -0.9157 -0.2202 0.3361
vn -0.7808 -0.3644 0.5075
vn -0.6000 -0.3261 0.7305
vn -0.5157 -0.5564 0.6515
vn -0.7174 -0.5713 0.3986
vn -0.3073 -0.5249 0.7937
vn -0.1698 -0.5578 0.8124
vn -0.0338 -0.5723 0.8193
vn 0.0693 -0.6004 0.7967
vn 0.1314 -0.5852 0.8002
vn 0.1707 -0.5853 0.7926
vn 0.2253 -0.5886 0.7764
vn 0.3240 -0.5572 0.7646
vn 0.4582 -0.5796 0.6739
vn 0.6503 -0.5825 0.4877
vn 0.8650 -0.3954 0.3089
vn 0.7467 -0.3537 0.5633
vn 0.7691 -0.5926 0.2394
vn 0.9026 -0.2110 0.3751
vn 0.9438 -0.3037 0.1301
vn 0.9835 -0.1071 0.1461
vn 0.9295 -0.0641 0.3632
vn 0.9830 0.1557 0.0973
vn 0.9607 0.0505 0.2731
vn 0.9570 0.2893 0.0197
vn 0.9495 0.0516 0.3096
vn 0.9612 0.2325 -0.1481
vn 0.9391 0.0633 0.3377
vn 0.9656 0.1785 -0.1893
vn 0.9193 0.1345 0.3699
vn 0.9452 0.1758 -0.2751
vn 0.9680 0.1874 -0.1668
vn 0.8964 0.2123 0.3892
vn 0.9847 0.1447 -0.0968
vn 0.8532 0.2720 0.4451
vn 0.9088 0.2951 0.2950
vn 0.9979 0.0254 -0.0600
vn 0.9500 0.2511 0.1856
vn 0.9977 -0.0519 -0.0432
vn 0.9621 0.2220 0.1586
vn 0.9977 -0.0679 -0.0086
vn 0.9712 0.2045 0.1227
vn 0.9793 -0.1943 -0.0574
vn 0.9949 -0.0971 -0.0266
vn 0.9524 0.2930 0.0837
vn 0.9932 -0.0821 -0.0820
vn 0.9503 0.2883 -0.1174
vn 0.9919 -0.0458 -0.1182
vn 0.9482 0.2725 -0.1635
vn 0.9998 0.0158 0.0082
vn 0.9345 0.2927 -0.2027
vn 0.9923 -0.0830 0.0921
vn 0.9275 0.2862 -0.2404
vn 0.9345 0.2027 -0.2927
vn 0.8826 -0.1767 0.4357
vn 0.9600 0.1813 -0.2133
vn 0.8013 0.0571 0.5955
vn 0.9657 0.1785 -0.1886
vn 0.6822 0.1861 -0.7071
vn 0.7198 0.1200 -0.6838
vn 0.4937 0.1411 -0.8581
vn 0.5302 0.0564 -0.8460
vn 0.3439 0.0860 -0.9351
vn 0.3037 0.1912 -0.9334
vn 0.0855 0.1329 -0.9874
vn 0.3666 -0.0755 -0.9273
vn 0.5173 -0.0920 -0.8508
vn 0.7067 0.0342 -0.7067
vn 0.7128 -0.1329 -0.6886
vn 0.5103 -0.3062 -0.8037
vn 0.7090 -0.3414 -0.6171
vn 0.6259 -0.5307 -0.5715
vn 0.4352 -0.4748 -0.7649
vn 0.7930 -0.3900 -0.4680
vn 0.7318 -0.5322 -0.4257
vn 0.8437 -0.4155 -0.3400
vn 0.7857 -0.5281 -0.3220
vn 0.8779 -0.4209 -0.2285
vn 0.8317 -0.4966 -0.2483
vn 0.8983 -0.4325 -0.0775
vn 0.8585 -0.5083 -0.0678
vn 0.8885 -0.4499 0.0900
vn 0.8063 -0.5874 0.0691
vn 0.9613 -0.2659 -0.0716
vn 0.9440 -0.2332 -0.2332
vn 0.9970 -0.0347 -0.0694
vn 0.9846 -0.0092 -0.1748
vn 0.9542 0.2904 -0.0726
vn 0.9179 0.3967 0.0105
vn 0.6080 0.7919 0.0575
vn 0.7856 0.6071 -0.1193
vn 0.8594 0.5112 -0.0109
vn 0.2635 0.9628 -0.0608
vn 0.2514 0.9499 -0.1856
vn 0.5613 0.7084 -0.4278
vn -0.2123 0.7618 -0.6120
vn 0.5003 0.4081 -0.7636
vn -0.0855 0.3310 -0.9397
vn 0.4959 0.1935 -0.8466
vn -0.0533 0.0800 -0.9954
vn 0.4675 0.1026 -0.8780
vn -0.0427 0.0427 -0.9982
vn 0.4895 0.1282 -0.8625
vn -0.0333 0.0250 -0.9991
vn -0.0088 -0.1243 -0.9922
vn 0.6081 -0.0574 -0.7917
vn 0.0698 -0.6511 -0.7558
vn 0.7304 -0.4120 -0.5448
vn 0.6467 -0.6198 -0.4446
vn 0.0809 -0.8203 -0.5661
vn 0.6549 -0.6811 -0.3275
vn 0.0776 -0.8983 -0.4325
vn 0.5968 -0.7395 -0.3114
vn 0.6450 -0.7095 -0.2838
vn 0.0625 -0.9479 -0.3125
vn 0.6429 -0.7520 -0.1455
vn 0.1386 -0.9893 -0.0463
vn 0.6386 -0.7664 0.0697
vn 0.0384 -0.9787 0.2015
vn 0.1368 -0.9013 0.4110
vn 0.7090 -0.6171 0.3414
vn 0.0579 -0.6943 0.7174
vn 0.6883 -0.5263 0.4993
vn 0.5065 -0.4533 0.7335
vn -0.2978 -0.4220 0.8563
vn 0.1712 -0.1309 0.9765
vn -0.4709 -0.2054 0.8579
vn -0.3569 -0.0865 0.9301
vn 0.2398 0.0599 0.9690
vn -0.3764 0.1597 0.9126
vn 0.3518 0.3033 0.8856
vn 0.7579 0.1988 0.6213
vn 0.8353 0.3417 0.4307
vn 0.1723 0.6521 0.7383
vn 0.6837 0.5901 0.4293
vn 0.9560 0.2918 -0.0302
vn 0.9042 0.1489 -0.4003
vn 0.8468 -0.0000 -0.5319
vn 0.9560 -0.0302 -0.2918
vn 0.8410 -0.2072 -0.4997
vn 0.9068 -0.2473 -0.3415
vn -0.5879 0.4142 0.6948
vn -0.6565 0.6297 0.4153
vn -0.0288 0.9771 0.2110
vn -0.4051 0.9143 -0.0000
vn -0.8896 0.4556 0.0325
vn -0.4352 0.8705 -0.2297
vn -0.8072 0.5464 -0.2235
vn -0.9556 0.2469 -0.1610
vn -0.9033 0.2973 -0.3092
vn -0.7430 0.4246 -0.5174
vn -0.7738 0.1451 -0.6166
vn -0.6024 0.2259 -0.7656
vn -0.7559 0.0225 -0.6543
vn -0.5645 0.0452 -0.8242
vn -0.7378 -0.1071 -0.6664
vn -0.5481 -0.0685 -0.8336
vn -0.7474 -0.1326 -0.6510
vn -0.4819 -0.0672 -0.8736
vn -0.5793 -0.2961 -0.7595
vn -0.7303 -0.2691 -0.6278
vn -0.7111 -0.4696 -0.5233
vn -0.5310 -0.5854 -0.6127
vn -0.6963 -0.5758 -0.4285
vn -0.4833 -0.7115 -0.5101
vn -0.6991 -0.6200 -0.3562
vn -0.4876 -0.7644 -0.4218
vn -0.6938 -0.6415 -0.3273
vn -0.4253 -0.8120 -0.3996
vn -0.4870 -0.8074 -0.3332
vn -0.7032 -0.6781 -0.2135
vn -0.4517 -0.8919 -0.0215
vn -0.6912 -0.7147 0.1070
vn -0.4564 -0.8512 0.2591
vn -0.6642 -0.7025 0.2555
vn -0.4727 -0.7746 0.4201
vn -0.6865 -0.6337 0.3565
vn -0.5574 -0.5302 0.6389
vn -0.8036 -0.3064 0.5103
vn -0.7367 -0.2973 0.6074
vn -0.9144 -0.2083 0.3472
vn -0.7963 -0.2654 0.5435
vn -0.9396 -0.2125 0.2685
vn -0.7823 -0.1711 0.5989
vn -0.9128 -0.1964 0.3582
vn -0.8269 0.0110 0.5623
vn -0.9460 -0.0735 0.3156
vn -0.9041 0.1488 0.4006
vn -0.9747 -0.0796 0.2089
vn -0.9480 0.1293 0.2909
vn -0.9644 -0.1141 0.2385
vn -0.9870 0.0566 0.1503
vn 0.0802 0.2205 -0.9721
vn -0.8905 -0.3610 0.2768
vn -0.8198 -0.5217 0.2360
vn -0.9303 -0.3502 0.1095
vn -0.8627 -0.4995 0.0795
vn -0.8908 -0.4511 -0.0555
vn -0.9495 -0.3131 -0.0202
vn -0.8549 -0.4641 -0.2320
vn -0.9345 -0.2927 -0.2027
vn -0.7529 -0.5152 -0.4095
vn -0.8401 -0.3009 -0.4514
vn -0.5811 -0.4730 -0.6622
vn -0.6510 -0.2553 -0.7148
vn -0.4630 -0.2878 -0.8383
vn -0.3916 -0.4830 -0.7832
vn -0.6260 -0.0696 -0.7767
vn -0.4377 -0.0548 -0.8974
vn -0.3597 0.1461 -0.9216
vn -0.3088 0.2172 -0.9260
vn -0.8424 -0.0924 -0.5309
vn -0.9625 -0.1255 -0.2406
vn -0.9997 -0.0244 -0.0081
vn -0.9860 -0.1659 -0.0184
vn -0.9970 -0.0085 0.0767
vn -0.9685 -0.2163 0.1236
vn -0.9860 -0.0185 0.1659
vn -0.9388 0.2797 0.2011
vn -0.8696 0.0558 0.4906
vn -0.9701 0.2377 0.0492
vn -0.8542 0.0562 0.5170
vn -0.9830 0.1838 -0.0003
vn -0.8461 0.1293 0.5171
vn -0.9814 0.1829 -0.0580
vn -0.8616 0.1534 0.4839
vn -0.9907 0.1351 0.0177
vn -0.9842 0.1544 -0.0868
vn -0.8311 0.1686 0.5300
vn -0.7237 0.0226 -0.6898
vn -0.6738 0.0946 -0.7329
vn -0.1411 -0.0659 -0.9878
vn -0.1327 -0.0000 -0.9912
vn -0.1251 0.0179 -0.9920
vn -0.6412 0.1069 -0.7599
vn -0.1295 0.0555 -0.9900
vn -0.6866 0.1997 -0.6991
vn -0.1384 0.4383 -0.8881
vn -0.7190 0.4128 -0.5592
vn -0.6241 0.7387 -0.2547
vn 0.1584 0.7566 -0.6343
vn 0.0863 0.9858 -0.1437
vn 0.7421 0.5859 -0.3255
vn 0.6686 0.7390 -0.0821
vn 0.1452 0.9892 0.0181
vn 0.8852 0.4539 -0.1021
vn 0.7507 0.6597 0.0341
vn 0.8985 0.4385 -0.0214
vn 0.7664 0.6386 0.0697
vn 0.9142 0.4052 -0.0000
vn 0.8639 0.4073 -0.2962
vn 0.7811 0.2945 -0.5506
vn 0.7352 0.1994 -0.6479
vn 0.6432 0.4154 -0.6432
vn 0.5216 0.2926 -0.8015
vn 0.6435 -0.0000 -0.7655
vn 0.4304 -0.0000 -0.9027
vn 0.6251 -0.1322 -0.7693
vn 0.4269 -0.1011 -0.8986
vn 0.6637 -0.1327 -0.7361
vn 0.3536 -0.0750 -0.9324
vn 0.4282 -0.1504 -0.8911
vn 0.6391 -0.1721 -0.7497
vn 0.4035 -0.2136 -0.8897
vn -0.1625 -0.1523 -0.9749
vn -0.2065 -0.3334 -0.9199
vn -0.7396 -0.0581 -0.6705
vn -0.7784 -0.2808 -0.5615
vn -0.9958 0.0873 0.0259
vn -0.9970 -0.0086 0.0765
vn -0.8072 0.2235 0.5464
vn -0.8035 0.2511 0.5398
vn -0.9817 -0.1082 0.1568
vn -0.8466 0.2331 0.4785
vn -0.9866 -0.1054 0.1245
vn -0.9177 0.2440 0.3136
vn -0.9954 -0.0800 0.0533
vn -0.9556 0.2469 0.1611
vn -0.9663 0.2441 0.0814
vn -0.9932 -0.0177 0.1153
vn -0.9651 0.2590 0.0397
vn -0.9834 0.0571 0.1721
vn -0.9534 0.3011 -0.0201
vn -0.7175 -0.3986 0.5713
vn -0.7510 -0.5826 0.3107
vn -0.0000 -0.7344 0.6787
vn -0.0694 -0.9733 0.2188
vn -0.6995 -0.7112 -0.0700
vn -0.0094 -0.9864 -0.1643
vn -0.1938 -0.9236 -0.3307
vn -0.7392 -0.6389 -0.2130
vn -0.1422 -0.8414 -0.5214
vn -0.7566 -0.5899 -0.2821
vn -0.1996 -0.6610 -0.7234
vn -0.8088 -0.4751 -0.3467
vn 0.4587 -0.6611 -0.5937
vn 0.4669 -0.4936 -0.7337
vn 0.3908 -0.3656 -0.8447
vn 0.6108 -0.3119 -0.7278
vn 0.6255 -0.2127 -0.7506
vn 0.6451 -0.4300 -0.6316
vn 0.6986 -0.5508 -0.4568
vn 0.7304 -0.6278 -0.2691
vn 0.4778 -0.8006 -0.3616
vn 0.5581 -0.8194 -0.1306
vn 0.7550 -0.6489 -0.0944
vn 0.6077 -0.7690 0.1984
vn 0.7987 -0.5809 0.1573
vn 0.6784 -0.6252 0.3858
vn 0.8184 -0.5036 0.2770
vn 0.6640 -0.5421 0.5150
vn 0.8344 -0.4425 0.3287
vn 0.3470 -0.0102 -0.9378
vn 0.4052 -0.0000 -0.9142
vn 0.5241 0.0109 -0.8516
vn 0.5800 0.0223 -0.8143
vn 0.6771 0.0459 -0.7345
vn 0.7287 0.0578 -0.6824
vn 0.8063 0.0691 -0.5875
vn 0.8465 0.0801 -0.5263
vn 0.9050 0.1006 -0.4134
vn 0.9277 0.0982 -0.3602
vn 0.9644 0.1141 -0.2385
vn 0.9782 0.1198 -0.1697
vn 0.9912 0.1273 -0.0363
vn 0.9903 0.1363 0.0272
vn 0.9768 0.1410 0.1611
vn 0.9644 0.1468 0.2201
vn 0.9160 0.1470 0.3732
vn 0.8414 0.1422 0.5214
vn 0.8044 0.1441 0.5763
vn 0.7008 0.1329 0.7008
vn 0.7056 0.1460 0.6934
vn 0.5717 0.1310 0.8099
vn 0.5308 0.1297 0.8375
vn 0.4035 0.1114 0.9082
vn 0.3503 0.1094 0.9302
vn 0.1992 0.0896 0.9759
vn 0.0347 0.0694 0.9970
vn -0.0344 0.0602 0.9976
vn -0.1596 0.0470 0.9861
vn -0.2220 0.0289 0.9746
vn -0.3466 0.0102 0.9379
vn -0.4052 -0.0000 0.9142
vn -0.5241 -0.0109 0.8516
vn -0.5800 -0.0223 0.8143
vn -0.6771 -0.0459 0.7345
vn -0.7287 -0.0578 0.6824
vn -0.8063 -0.0691 0.5875
vn -0.8466 -0.0801 0.5262
vn -0.9017 -0.0891 0.4230
vn -0.9277 -0.0982 0.3602
vn -0.9782 -0.1198 0.1697
vn -0.9912 -0.1273 0.0364
vn -0.9768 -0.1410 -0.1612
vn -0.9903 -0.1363 -0.0273
vn -0.9160 -0.1470 -0.3732
vn -0.9644 -0.1467 -0.2201
vn -0.8044 -0.1441 -0.5763
vn -0.8414 -0.1422 -0.5214
vn -0.7008 -0.1329 -0.7008
vn -0.7056 -0.1460 -0.6934
vn -0.5852 -0.1314 -0.8002
vn -0.4171 -0.1127 -0.9018
vn -0.5309 -0.1297 -0.8375
vn -0.1991 -0.0896 -0.9759
vn -0.3503 -0.1095 -0.9302
vn 0.0344 -0.0602 -0.9976
vn -0.0347 -0.0694 -0.9970
vn 0.2220 -0.0289 -0.9746
vn 0.1582 -0.0372 -0.9867
vn 0.4049 -0.0000 -0.9144
vn 0.3466 -0.0102 -0.9379
vn 0.3443 -0.0860 -0.9349
vn 0.3964 -0.0881 -0.9139
vn 0.5129 -0.0798 -0.8548
vn 0.5662 -0.0809 -0.8203
vn 0.6687 -0.0821 -0.7390
vn 0.7164 -0.0824 -0.6929
vn 0.8015 -0.0813 -0.5924
vn 0.8381 -0.0804 -0.5396
vn 0.9046 -0.0772 -0.4192
vn 0.9324 -0.0750 -0.3537
vn 0.9706 -0.0700 -0.2302
vn 0.9825 -0.0674 -0.1734
vn 0.9976 -0.0602 -0.0344
vn 0.9979 -0.0597 0.0256
vn 0.9861 -0.0470 0.1596
vn 0.9755 -0.0488 0.2146
vn 0.9350 -0.0312 0.3532
vn 0.9142 -0.0319 0.4039
vn 0.8563 -0.0220 0.5160
vn 0.8181 -0.0111 0.5749
vn 0.7344 -0.0000 0.6788
vn 0.6902 -0.0000 0.7236
vn 0.5875 0.0111 0.8092
vn 0.5417 0.0221 0.8403
vn 0.4297 0.0322 0.9024
vn 0.3692 0.0422 0.9284
vn 0.2034 0.0484 0.9779
vn 0.2033 0.0484 0.9779
vn 0.0434 0.0607 0.9972
vn -0.0170 0.0682 0.9975
vn -0.1531 0.0765 0.9852
vn -0.2089 0.0796 0.9747
vn -0.3439 0.0860 0.9351
vn -0.3964 0.0881 0.9139
vn -0.5129 0.0798 0.8548
vn -0.5661 0.0809 0.8203
vn -0.6686 0.0821 0.7390
vn -0.7164 0.0822 0.6929
vn -0.8015 0.0813 0.5924
vn -0.8381 0.0804 0.5396
vn -0.9046 0.0772 0.4192
vn -0.9273 0.0755 0.3666
vn -0.9706 0.0700 0.2301
vn -0.9825 0.0674 0.1734
vn -0.9972 0.0607 0.0433
vn -0.9861 0.0470 -0.1597
vn -0.9979 0.0597 -0.0256
vn -0.9350 0.0312 -0.3532
vn -0.9755 0.0488 -0.2146
vn -0.8563 0.0220 -0.5160
vn -0.9142 0.0319 -0.4039
vn -0.7344 -0.0000 -0.6787
vn -0.8181 0.0111 -0.5749
vn -0.5875 -0.0111 -0.8092
vn -0.6902 -0.0000 -0.7236
vn -0.4297 -0.0322 -0.9024
vn -0.5418 -0.0221 -0.8402
vn -0.2033 -0.0484 -0.9779
vn -0.3692 -0.0422 -0.9284
vn 0.0170 -0.0682 -0.9975
vn -0.0434 -0.0607 -0.9972
vn -0.2146 -0.0488 -0.9755
vn 0.2089 -0.0795 -0.9747
vn 0.1531 -0.0765 -0.9852
vn 0.3960 -0.0881 -0.9140
vn 0.3439 -0.0860 -0.9350
vn -0.0703 0.2417 -0.9678
vn 0.2953 0.2154 -0.9308
vn 0.0368 -0.1372 -0.9899
vn 0.4538 -0.1018 -0.8853
vn 0.7103 0.1588 -0.6858
vn 0.7026 -0.2551 -0.6643
vn 0.8800 -0.1639 -0.4458
vn 0.9334 0.1908 -0.3038
vn 0.9835 -0.1715 -0.0572
vn 0.9826 0.1730 0.0673
vn 0.9334 -0.1908 0.3038
vn 0.8800 0.1639 0.4458
vn 0.6773 0.2552 0.6901
vn 0.6858 -0.1589 0.7102
vn 0.4420 0.1509 0.8842
vn 0.0536 0.0893 0.9946
vn 0.3089 -0.2169 0.9260
vn -0.3066 0.1419 0.9412
vn -0.0704 -0.2416 0.9678
vn -0.6559 0.1454 0.7407
vn -0.4425 -0.2031 0.8735
vn -0.8800 0.1639 0.4458
vn -0.7351 -0.1990 0.6481
vn -0.9843 0.1700 0.0473
vn -0.9334 -0.1908 0.3038
vn -0.9272 0.1806 -0.3280
vn -0.9816 -0.1746 -0.0776
vn -0.7467 0.1988 -0.6348
vn -0.8871 -0.1631 -0.4318
vn -0.4425 0.2030 -0.8735
vn -0.6686 -0.1455 -0.7292
vn -0.0708 0.2416 -0.9678
vn -0.3066 -0.1419 -0.9412
vn 0.0364 -0.1372 -0.9899
vn -0.0219 0.4899 -0.8715
vn -0.0192 0.1978 -0.9801
vn -0.3168 0.1311 -0.9394
vn -0.4336 0.2846 -0.8550
vn -0.7128 0.1329 -0.6886
vn -0.6711 0.3417 -0.6580
vn -0.8727 0.2420 -0.4241
vn -0.4895 0.8625 -0.1282
vn -0.9722 0.2201 -0.0801
vn -0.9967 0.0612 0.0524
vn -0.9334 0.1908 0.3037
vn -0.8936 -0.0436 0.4468
vn -0.7098 0.0943 0.6980
vn -0.6681 0.3275 0.6681
vn -0.4539 -0.1021 0.8852
vn -0.3169 0.1307 0.9394
vn -0.0104 0.3964 0.9180
vn -0.0099 0.2983 0.9544
vn 0.3066 0.1419 0.9412
vn 0.6980 0.0943 0.7098
vn 0.4538 -0.1022 0.8852
vn 0.9334 0.1909 0.3038
vn 0.8936 -0.0436 0.4468
vn 0.4533 0.7333 0.5067
vn 0.9756 0.2142 -0.0487
vn 0.7814 0.6186 0.0817
vn 0.8651 0.2433 -0.4385
vn 0.9479 0.0625 -0.3125
vn 0.6840 0.3416 -0.6446
vn 0.6494 0.4732 -0.5953
vn 0.4450 0.2717 -0.8533
vn -0.0185 0.1978 -0.9801
vn 0.3064 0.1423 -0.9412
vn -0.0217 0.4899 -0.8715
vn -0.0160 -0.0000 -0.9999
vn 0.0366 -0.1371 -0.9899
vn 0.3073 -0.0000 -0.9516
vn 0.4539 -0.1018 -0.8852
vn 0.7025 -0.2555 -0.6642
vn 0.7234 0.0459 -0.6889
vn 0.8799 -0.1643 -0.4458
vn 0.9495 -0.0513 -0.3097
vn 0.9835 -0.1719 -0.0572
vn 0.9911 -0.1108 0.0741
vn 0.9334 -0.1912 0.3036
vn 0.6857 -0.1592 0.7102
vn 0.8827 -0.1765 0.4354
vn 0.3087 -0.2172 0.9260
vn 0.6772 -0.2556 0.6900
vn -0.0706 -0.2419 0.9677
vn 0.4386 -0.2437 0.8650
vn -0.4427 -0.2034 0.8733
vn -0.4386 -0.2437 0.8650
vn -0.0095 -0.2179 0.9759
vn -0.7352 -0.1994 0.6479
vn -0.6899 -0.2556 0.6772
vn -0.9334 -0.1912 0.3036
vn -0.8827 -0.1765 0.4355
vn -0.9815 -0.1749 -0.0778
vn -0.9931 -0.1080 0.0452
vn -0.8870 -0.1634 -0.4318
vn -0.9453 -0.0516 -0.3220
vn -0.6686 -0.1455 -0.7293
vn -0.7234 0.0459 -0.6889
vn -0.3064 -0.1419 -0.9413
vn -0.3125 0.0625 -0.9478
vn 0.0367 -0.1371 -0.9899
vn -0.0163 -0.0000 -0.9999
vn -0.0189 0.1979 -0.9800
vn 0.4451 0.2724 -0.8530
vn -0.0706 0.2419 -0.9677
vn 0.2951 0.2157 -0.9308
vn 0.6838 0.3423 -0.6444
vn 0.7102 0.1592 -0.6858
vn 0.8650 0.2437 -0.4386
vn 0.9334 0.1912 -0.3036
vn 0.9755 0.2146 -0.0487
vn 0.9825 0.1734 0.0674
vn 0.9334 0.1912 0.3036
vn 0.8799 0.1643 0.4458
vn 0.6772 0.2556 0.6900
vn 0.3065 0.1419 0.9412
vn -0.0105 0.3967 0.9179
vn 0.4421 0.1509 0.8842
vn -0.3168 0.1307 0.9394
vn -0.3065 0.1419 0.9412
vn 0.0538 0.0893 0.9946
vn -0.6558 0.1454 0.7408
vn -0.9334 0.1912 0.3036
vn -0.8799 0.1643 0.4458
vn -0.9721 0.2205 -0.0801
vn -0.9842 0.1704 0.0473
vn -0.8725 0.2424 -0.4242
vn -0.9272 0.1809 -0.3279
vn -0.6709 0.3424 -0.6578
vn -0.7467 0.1991 -0.6347
vn -0.4336 0.2853 -0.8548
vn -0.4427 0.2034 -0.8733
vn -0.0188 0.1979 -0.9800
vn -0.3168 0.1307 -0.9394
vn -0.7128 0.1326 -0.6887
vn -0.0218 0.4904 -0.8712
vn 0.6492 0.4737 -0.5951
vn 0.7819 0.6181 0.0816
vn 0.4535 0.7331 0.5068
vn -0.0099 0.2986 0.9543
vn -0.6680 0.3278 0.6680
vn 0.4539 -0.1022 0.8852
vn 0.8936 -0.0437 0.4467
vn 0.9479 0.0621 -0.3125
vn 0.3064 0.1420 -0.9412
vn -0.0162 0.0003 -0.9999
vn -0.0191 0.1871 -0.9822
vn -0.3127 0.0628 -0.9478
vn -0.4458 0.1643 -0.8799
vn -0.7234 0.0460 -0.6889
vn -0.8917 0.0780 -0.4459
vn -0.9453 -0.0516 -0.3222
vn -0.9969 0.0172 -0.0773
vn -0.9931 -0.1080 0.0450
vn -0.9479 -0.0625 0.3125
vn -0.8828 -0.1762 0.4354
vn -0.7128 -0.1329 0.6887
vn -0.6900 -0.2552 0.6773
vn -0.4384 -0.2434 0.8652
vn -0.3145 -0.1797 0.9321
vn -0.0093 -0.1854 0.9826
vn 0.3145 -0.1797 0.9321
vn 0.7008 -0.1329 0.7008
vn 0.4384 -0.2435 0.8652
vn 0.9479 -0.0625 0.3125
vn 0.8828 -0.1763 0.4354
vn 0.6772 -0.2552 0.6901
vn 0.9982 0.0084 -0.0587
vn 0.9911 -0.1108 0.0740
vn 0.8917 0.0780 -0.4458
vn 0.9494 -0.0513 -0.3097
vn 0.7246 0.1328 -0.6763
vn 0.4458 0.1643 -0.8799
vn -0.0184 0.1871 -0.9822
vn 0.3074 0.0003 -0.9516
vn -0.0158 0.0003 -0.9999
vn 0.9495 -0.0202 -0.3132
vn 0.7456 -0.6660 0.0226
vn -0.4533 -0.8707 -0.1909
vn 0.5005 -0.6759 0.5410
vn 0.8920 -0.0215 0.4514
vn 0.3131 -0.0202 0.9495
vn -0.0112 -0.7289 0.6845
vn -0.3132 -0.0201 0.9495
vn -0.6517 -0.3131 0.6908
vn -0.8920 -0.0214 0.4514
vn -0.9963 -0.0787 0.0349
vn -0.7558 -0.0694 -0.6512
vn -0.0193 -0.2315 -0.9727
vn -0.4514 -0.0211 -0.8921
vn 0.4514 -0.0211 -0.8921
vn -0.0180 0.1151 -0.9932
vn -0.0194 -0.2309 -0.9728
vn -0.3190 0.0412 -0.9468
vn -0.4514 -0.0215 -0.8921
vn -0.6704 0.0578 -0.7397
vn -0.7558 -0.0698 -0.6511
vn -0.8983 0.0776 -0.4325
vn -0.4533 -0.8707 -0.1908
vn -0.9955 0.0622 -0.0711
vn -0.9963 -0.0787 0.0350
vn -0.9468 0.0412 0.3191
vn -0.8921 -0.0215 0.4514
vn -0.7449 0.0698 0.6635
vn -0.6519 -0.3125 0.6909
vn -0.4468 0.0436 0.8936
vn -0.3131 -0.0202 0.9495
vn -0.0114 -0.7294 0.6840
vn -0.0084 0.0587 0.9982
vn 0.5001 -0.6764 0.5407
vn 0.4468 0.0436 0.8936
vn 0.8921 -0.0215 0.4514
vn 0.7390 0.0820 0.6687
vn 0.7451 -0.6666 0.0226
vn 0.9468 0.0412 0.3190
vn 0.9959 0.0793 -0.0440
vn 0.8936 0.0436 -0.4468
vn 0.4514 -0.0215 -0.8921
vn 0.6809 0.0821 -0.7278
vn -0.0191 -0.2309 -0.9728
vn 0.3068 0.0409 -0.9509
vn -0.0175 0.1151 -0.9932
vn -0.0191 0.2199 -0.9753
vn -0.0177 0.1150 -0.9932
vn -0.3836 0.5688 -0.7275
vn -0.3191 0.0410 -0.9468
vn -0.6704 0.0574 -0.7398
vn -0.6974 0.4430 -0.5633
vn -0.9087 0.2832 -0.3068
vn -0.9009 0.4289 0.0659
vn -0.9955 0.0619 -0.0711
vn -0.7406 0.5423 0.3968
vn -0.9469 0.0408 0.3191
vn -0.7450 0.0695 0.6635
vn -0.4468 0.0433 0.8936
vn -0.2511 0.5398 0.8034
vn -0.6315 0.2839 0.7216
vn -0.0084 0.0584 0.9983
vn 0.4468 0.0432 0.8936
vn 0.2511 0.5398 0.8035
vn 0.7390 0.0818 0.6687
vn 0.9468 0.0409 0.3191
vn 0.7294 0.5566 0.3978
vn 0.6177 0.2835 0.7335
vn 0.9959 0.0790 -0.0441
vn 0.8936 0.0435 -0.4468
vn 0.7903 0.5645 -0.2383
vn 0.9561 0.2809 0.0831
vn 0.6808 0.0818 -0.7278
vn 0.3067 0.0405 -0.9509
vn 0.3836 0.5688 -0.7275
vn 0.7336 0.2835 -0.6177
vn -0.0178 0.1149 -0.9932
vn -0.0192 0.2199 -0.9753
vn -0.0110 0.6249 -0.7806
vn -0.0193 0.2196 -0.9754
vn -0.3069 0.2829 -0.9087
vn -0.3836 0.5688 -0.7276
vn -0.6253 0.3855 -0.6785
vn -0.6975 0.4427 -0.5635
vn -0.8017 0.4655 -0.3749
vn -0.9087 0.2829 -0.3069
vn -0.9266 0.3724 -0.0532
vn -0.9011 0.4286 0.0659
vn -0.9087 0.2829 0.3069
vn -0.7406 0.5422 0.3968
vn -0.6611 0.4587 0.5937
vn -0.6316 0.2832 0.7217
vn -0.4336 0.2846 0.8550
vn -0.2511 0.5398 0.8035
vn -0.0103 0.3586 0.9334
vn -0.0105 0.3961 0.9182
vn 0.4305 0.2703 0.8612
vn 0.6179 0.2828 0.7336
vn 0.6481 0.4591 0.6076
vn 0.7292 0.5569 0.3977
vn 0.9083 0.2710 0.3186
vn 0.9563 0.2803 0.0831
vn 0.8854 0.4643 -0.0216
vn 0.7902 0.5645 -0.2384
vn 0.8627 0.2831 -0.4190
vn 0.7336 0.2828 -0.6179
vn 0.6091 0.4737 -0.6361
vn -0.0189 0.2197 -0.9754
vn 0.2930 0.2809 -0.9139
vn -0.0112 0.6249 -0.7806
vn -0.0113 0.6491 -0.7606
vn 0.3056 0.0843 -0.9484
vn -0.0176 0.1250 -0.9920
vn 0.4451 0.2717 -0.8533
vn 0.4634 0.7553 -0.4635
vn 0.7584 0.1322 -0.6383
vn 0.9232 0.0424 -0.3820
vn 0.8735 0.3441 -0.3445
vn 0.9936 0.0990 -0.0541
vn 0.5529 0.8293 0.0807
vn 0.9102 0.1476 0.3869
vn 0.9251 0.0315 0.3784
vn 0.4125 0.8122 0.4126
vn 0.6584 0.0575 0.7505
vn 0.4472 -0.0106 0.8944
vn 0.3012 0.1781 0.9368
vn -0.0111 0.6002 0.7997
vn -0.4472 -0.0107 0.8944
vn -0.3119 0.1667 0.9354
vn -0.0087 0.0949 0.9955
vn -0.5589 0.5866 0.5862
vn -0.7067 0.0342 0.7067
vn -0.9233 0.0104 0.3839
vn -0.9889 0.1221 -0.0846
vn -0.9861 0.1593 0.0469
vn -0.8723 0.3068 0.3808
vn -0.1997 0.9794 -0.0285
vn -0.9224 0.0988 -0.3733
vn -0.7128 0.1327 -0.6887
vn -0.3183 0.0849 -0.9442
vn -0.4450 0.2717 -0.8533
vn -0.6937 0.2694 -0.6680
vn -0.0111 0.6492 -0.7606
vn -0.0182 0.1249 -0.9920
vn -0.0179 0.1251 -0.9920
vn 0.4451 0.2721 -0.8532
vn -0.0112 0.6247 -0.7808
vn 0.2929 0.2815 -0.9138
vn 0.6090 0.4740 -0.6360
vn 0.7585 0.1321 -0.6381
vn 0.8733 0.3448 -0.3443
vn 0.8625 0.2838 -0.4190
vn 0.8853 0.4646 -0.0216
vn 0.9936 0.0991 -0.0542
vn 0.9082 0.2716 0.3185
vn 0.6480 0.4594 0.6075
vn 0.6582 0.0574 0.7506
vn 0.3011 0.1787 0.9367
vn 0.4305 0.2709 0.8610
vn -0.0103 0.3592 0.9332
vn -0.0086 0.0952 0.9954
vn -0.3118 0.1673 0.9353
vn -0.4336 0.2853 0.8548
vn -0.6610 0.4590 0.5936
vn -0.7067 0.0339 0.7067
vn -0.8721 0.3074 0.3808
vn -0.9861 0.1596 0.0470
vn -0.9263 0.3730 -0.0532
vn -0.9086 0.2835 0.3068
vn -0.9224 0.0985 -0.3734
vn -0.8015 0.4658 -0.3749
vn -0.6936 0.2700 -0.6679
vn -0.4451 0.2721 -0.8532
vn -0.6251 0.3861 -0.6783
vn -0.3068 0.2835 -0.9086
vn -0.9232 -0.0421 0.3821
vn -0.8609 -0.0328 -0.5077
vn -0.1651 -0.1752 0.9706
vn -0.2840 -0.2275 -0.9315
vn 0.2628 -0.3586 0.8957
vn 0.1811 -0.0474 -0.9823
vn 0.8609 -0.0328 -0.5077
vn 0.9232 -0.0421 0.3820
vn -0.8531 -0.0329 -0.5207
vn -0.1610 -0.2469 0.9556
vn -0.2858 -0.1058 -0.9524
vn 0.1811 -0.1207 -0.9760
vn 0.2749 -0.2520 0.9278
vn 0.8531 -0.0329 -0.5208
vn 0.8531 -0.0332 -0.5207
vn 0.9543 -0.1165 -0.2754
vn 0.9232 -0.0424 0.3820
vn 0.9161 -0.1466 0.3732
vn 0.2835 -0.0943 0.9543
vn 0.2751 -0.2517 0.9279
vn -0.1613 -0.2467 0.9556
vn -0.4073 -0.1743 0.8965
vn -0.9232 -0.0424 0.3820
vn -0.9160 -0.1466 0.3733
vn -0.9541 -0.1163 -0.2759
vn -0.8533 -0.0331 -0.5204
vn -0.2985 0.0100 -0.9544
vn 0.4230 -0.0887 -0.9018
vn 0.1814 -0.1205 -0.9760
vn -0.2859 -0.1055 -0.9524
vn 0.9542 -0.1166 -0.2756
vn 0.8529 -0.0331 -0.5210
vn -0.9578 -0.1158 -0.2631
vn -0.2921 -0.0299 -0.9559
vn -0.8607 -0.0330 -0.5080
vn -0.2841 -0.2268 -0.9316
vn 0.1816 -0.0475 -0.9822
vn 0.4344 -0.0106 -0.9006
vn 0.8611 -0.0330 -0.5074
vn 0.9578 -0.1155 -0.2633
vn 0.2809 -0.1401 0.9495
vn -0.4171 -0.1127 0.9018
vn -0.1655 -0.1753 0.9705
vn 0.2629 -0.3580 0.8959
vn -0.9579 -0.1156 -0.2629
vn -0.8609 -0.0331 -0.5077
vn -0.2910 0.9186 -0.2674
vn -0.8346 0.1814 -0.5201
vn -0.7648 0.6171 0.1852
vn -0.4936 0.4669 0.7338
vn 0.7652 0.6166 -0.1851
vn -0.2905 0.9188 -0.2672
vn 0.2905 0.9188 0.2672
vn -0.7652 0.6166 0.1851
vn 0.2910 0.9186 0.2674
vn 0.9250 -0.0000 0.3799
vn 0.7648 0.6171 -0.1852
vn 0.8696 -0.0000 -0.4938
vn 0.5898 -0.7945 0.1445
vn 0.1770 -0.9682 -0.1770
vn -0.8346 0.1811 -0.5202
vn -0.5399 0.8379 -0.0804
vn -0.4935 0.4672 0.7336
vn -0.9343 0.3508 0.0638
vn -0.5396 0.8381 -0.0804
vn -0.8009 -0.5893 -0.1061
vn -0.9345 0.3501 0.0637
vn -0.7832 -0.5847 0.2115
vn 0.7650 0.6169 -0.1851
vn -0.2906 0.9186 -0.2678
vn 0.1769 -0.9682 -0.1770
vn -0.0092 -0.9846 -0.1748
vn -0.8011 -0.5891 -0.1057
vn -0.5396 0.8381 -0.0800
vn 0.5901 -0.7943 0.1445
vn -0.0090 -0.9881 0.1538
vn 0.1767 -0.9683 -0.1768
vn -0.0092 -0.9846 -0.1745
vn -0.8011 -0.5890 -0.1060
vn -0.7834 -0.5845 0.2114
vn -0.7650 0.6169 0.1851
vn -0.4936 0.4672 0.7335
vn 0.2906 0.9186 0.2678
vn 0.9248 -0.0000 0.3805
vn -0.0091 -0.9881 0.1538
vn -0.9344 0.3504 0.0637
vn 0.5899 -0.7945 0.1441
vn -0.1073 0.6912 -0.7146
vn -0.1073 0.6913 -0.7146
vn -0.1229 0.9924 -0.0000
vn -0.0700 0.7114 0.6993
vn 0.1072 -0.6908 0.7151
vn 0.0458 -0.1281 0.9907
vn 0.0181 0.1348 0.9907
vn -0.0699 0.7109 0.6998
vn -0.0699 0.7110 0.6998
vn 0.0700 -0.7114 -0.6993
vn 0.1229 -0.9924 -0.0000
vn 0.1072 -0.6913 0.7146
vn -0.1072 0.6908 -0.7151
vn -0.0459 0.1284 -0.9907
vn -0.1072 0.6907 -0.7151
vn -0.0181 -0.1347 -0.9907
vn 0.0700 -0.7112 -0.6995
vn 0.0699 -0.7109 -0.6998
vn -0.0579 0.7062 -0.7057
vn -0.0578 0.7061 -0.7057
vn -0.0446 0.9894 -0.1383
vn -0.0367 0.9899 0.1371
vn -0.0000 0.6071 0.7946
vn -0.0112 0.8001 0.5997
vn 0.0579 -0.7057 0.7062
vn 0.0579 -0.7057 0.7061
vn 0.0366 -0.1371 0.9899
vn 0.0273 0.1359 0.9903
vn -0.0000 0.6068 0.7949
vn -0.0111 0.7999 0.6000
vn -0.0000 -0.6071 -0.7946
vn 0.0367 -0.9899 -0.1371
vn 0.0111 -0.8001 -0.5997
vn 0.0462 -0.9893 0.1383
vn 0.0579 -0.7062 0.7057
vn -0.0578 0.7057 -0.7062
vn -0.0366 0.1371 -0.9899
vn -0.0579 0.7057 -0.7062
vn -0.0273 -0.1359 -0.9903
vn -0.0000 -0.6068 -0.7949
vn 0.0111 -0.7999 -0.6000
vn -0.0919 -0.0829 0.9923
vn 0.2974 -0.0515 0.9534
vn -0.1184 0.8055 0.5807
vn 0.0569 0.8199 0.5697
vn 0.2976 -0.0512 0.9533
vn 0.9970 0.0768 0.0085
vn 0.0566 0.8201 0.5694
vn 0.9964 0.0852 -0.0000
vn -0.0003 0.8546 0.5193
vn 0.0731 0.9502 0.3028
vn 0.9970 0.0767 0.0085
vn 0.9964 0.0851 -0.0000
vn 0.2419 -0.0706 0.9677
vn 0.4098 -0.7528 0.5152
vn 0.2683 -0.9598 -0.0826
vn 0.3834 -0.9194 -0.0875
vn 0.4461 0.1643 -0.8798
vn 0.4179 0.2148 -0.8827
vn 0.1316 0.7799 -0.6119
vn 0.0094 0.9647 -0.2631
vn 0.0159 0.9997 0.0163
vn 0.1908 -0.9335 -0.3037
vn -0.0921 0.2461 -0.9648
vn 0.4176 0.2148 -0.8829
vn -0.0875 0.1653 -0.9823
vn 0.4458 0.1642 -0.8799
vn 0.1912 -0.9334 -0.3037
vn -0.0459 -0.6773 -0.7343
vn 0.4095 -0.7529 0.5152
vn 0.2416 -0.0706 0.9678
vn -0.0110 -0.8436 0.5369
vn -0.0834 -0.1019 0.9913
vn 0.2970 -0.0513 0.9535
vn -0.0919 -0.0827 0.9923
vn 0.4178 0.2145 -0.8829
vn -0.0924 0.2463 -0.9648
vn -0.1574 0.7885 -0.5946
vn -0.1855 0.9499 -0.2515
vn 0.0097 0.9646 -0.2634
vn -0.0460 -0.6768 -0.7347
vn 0.1911 -0.9335 -0.3034
vn -0.0259 -0.9958 -0.0874
vn 0.3828 -0.9197 -0.0877
vn -0.0349 -0.9955 -0.0881
vn 0.2680 -0.9599 -0.0826
vn 0.4096 -0.7527 0.5154
vn -0.0110 -0.8434 0.5371
vn -0.0000 0.8546 0.5193
vn -0.1185 0.8056 0.5805
vn -0.2328 0.8467 0.4785
vn 0.0728 0.9503 0.3028
vn -0.1431 0.9724 0.1845
vn 0.0160 0.9997 0.0162
vn -0.1902 0.9810 -0.0379
vn 0.0096 0.9648 -0.2628
vn -0.1855 0.9501 -0.2509
vn 0.2910 0.9186 -0.2674
vn 0.7648 0.6171 0.1852
vn 0.8346 0.1814 -0.5201
vn 0.4936 0.4669 0.7338
vn -0.7652 0.6166 -0.1851
vn -0.2905 0.9188 0.2672
vn 0.2905 0.9188 -0.2672
vn 0.7652 0.6166 0.1851
vn -0.1770 -0.9682 -0.1769
vn -0.5898 -0.7945 0.1445
vn -0.8696 -0.0000 -0.4938
vn -0.9250 -0.0000 0.3799
vn -0.7648 0.6171 -0.1852
vn -0.2910 0.9186 0.2674
vn 0.9343 0.3507 0.0637
vn 0.5396 0.8381 -0.0803
vn 0.4935 0.4672 0.7336
vn 0.8346 0.1814 -0.5202
vn 0.5396 0.8381 -0.0804
vn 0.9345 0.3501 0.0637
vn 0.8009 -0.5893 -0.1061
vn 0.7832 -0.5847 0.2115
vn -0.7650 0.6169 -0.1851
vn 0.2906 0.9186 -0.2678
vn 0.8347 0.1812 -0.5201
vn -0.1770 -0.9682 -0.1770
vn 0.0092 -0.9846 -0.1748
vn 0.8011 -0.5891 -0.1057
vn 0.5396 0.8381 -0.0800
vn -0.5901 -0.7943 0.1445
vn -0.1767 -0.9683 -0.1768
vn 0.0091 -0.9881 0.1538
vn 0.0092 -0.9846 -0.1745
vn 0.8013 -0.5888 -0.1061
vn 0.7836 -0.5842 0.2114
vn -0.5899 -0.7945 0.1441
vn 0.0090 -0.9881 0.1538
vn -0.9248 -0.0000 0.3805
vn 0.4940 0.4669 0.7335
vn 0.7834 -0.5845 0.2114
vn 0.9344 0.3504 0.0637
vn 0.7650 0.6169 0.1851
vn -0.2906 0.9186 0.2678
vn 0.0700 0.7114 0.6993
vn 0.1230 0.9924 -0.0000
vn 0.1072 0.6912 -0.7146
vn 0.1073 0.6913 -0.7146
vn -0.1072 -0.6908 0.7151
vn -0.0458 -0.1280 0.9907
vn -0.0180 0.1348 0.9907
vn 0.0699 0.7110 0.6998
vn 0.0699 0.7109 0.6998
vn -0.0700 -0.7114 -0.6993
vn -0.1230 -0.9924 -0.0000
vn -0.1072 -0.6913 0.7146
vn 0.1072 0.6908 -0.7151
vn 0.0458 0.1281 -0.9907
vn 0.0181 -0.1347 -0.9907
vn -0.0699 -0.7110 -0.6997
vn -0.0699 -0.7109 -0.6998
vn -0.0000 0.6070 0.7947
vn 0.0367 0.9899 0.1371
vn 0.0111 0.8001 0.5997
vn 0.0462 0.9893 -0.1383
vn 0.0578 0.7059 -0.7059
vn 0.0579 0.7061 -0.7057
vn -0.0578 -0.7057 0.7061
vn -0.0367 -0.1371 0.9899
vn -0.0579 -0.7057 0.7062
vn -0.0273 0.1359 0.9903
vn 0.0111 0.8000 0.5999
vn -0.0000 -0.6071 -0.7947
vn -0.0111 -0.8001 -0.5997
vn -0.0367 -0.9899 -0.1371
vn -0.0451 -0.9894 0.1384
vn -0.0579 -0.7061 0.7057
vn -0.0578 -0.7061 0.7057
vn 0.0578 0.7057 -0.7061
vn 0.0579 0.7057 -0.7061
vn 0.0366 0.1371 -0.9899
vn 0.0273 -0.1359 -0.9903
vn -0.0111 -0.8000 -0.6000
vn -0.1909 -0.9335 -0.3036
vn -0.4195 -0.9045 -0.0772
vn -0.4461 0.1642 -0.8798
vn -0.9964 0.0852 -0.0000
vn -0.2202 -0.9722 -0.0801
vn -0.4098 -0.7528 0.5152
vn -0.2419 -0.0705 0.9677
vn -0.2976 -0.0513 0.9533
vn -0.9970 0.0766 0.0084
vn -0.0566 0.8201 0.5695
vn 0.0003 0.8546 0.5192
vn -0.0728 0.9503 0.3028
vn -0.9970 0.0767 0.0085
vn -0.0159 0.9997 0.0163
vn -0.0094 0.9647 -0.2632
vn -0.1317 0.7799 -0.6119
vn -0.4179 0.2148 -0.8828
vn -0.1912 -0.9334 -0.3036
vn -0.4458 0.1642 -0.8799
vn 0.0459 -0.6773 -0.7342
vn 0.0875 0.1653 -0.9823
vn -0.4176 0.2147 -0.8829
vn 0.0921 0.2461 -0.9649
vn -0.4095 -0.7529 0.5152
vn 0.0110 -0.8436 0.5369
vn -0.2416 -0.0706 0.9678
vn 0.0833 -0.1019 0.9913
vn -0.2970 -0.0513 0.9535
vn 0.0919 -0.0827 0.9923
vn 0.1855 0.9499 -0.2515
vn 0.1574 0.7886 -0.5944
vn -0.0097 0.9646 -0.2634
vn -0.1316 0.7799 -0.6119
vn 0.0924 0.2460 -0.9649
vn -0.4178 0.2144 -0.8829
vn 0.0460 -0.6768 -0.7347
vn 0.0259 -0.9958 -0.0873
vn -0.1910 -0.9335 -0.3033
vn -0.4189 -0.9047 -0.0773
vn 0.0349 -0.9955 -0.0881
vn -0.2201 -0.9722 -0.0802
vn 0.0110 -0.8434 0.5371
vn -0.4096 -0.7527 0.5154
vn -0.0566 0.8201 0.5694
vn 0.1185 0.8056 0.5805
vn -0.0000 0.8546 0.5192
vn 0.2328 0.8467 0.4785
vn -0.0728 0.9503 0.3027
vn 0.1431 0.9724 0.1845
vn -0.0162 0.9997 0.0163
vn 0.1902 0.9810 -0.0380
vn -0.0096 0.9648 -0.2628
vn 0.1855 0.9501 -0.2509
vn -0.6714 0.6844 0.2841
vn 0.0448 -0.9941 0.0985
vn -0.2435 -0.8652 0.4384
vn 0.0378 -0.9830 0.1796
vn 0.0325 -0.9995 -0.0000
vn -0.1622 -0.9845 0.0669
vn -0.8338 0.5443 -0.0926
vn -0.9168 0.2322 -0.3250
vn -0.3008 -0.9369 -0.1783
vn -0.6227 0.4738 -0.6227
vn -0.4892 0.2201 -0.8439
vn -0.0412 -0.9991 -0.0080
vn -0.0080 -0.9999 0.0080
vn -0.0001 -0.9765 0.2156
vn 0.0087 -0.9954 -0.0949
vn -0.0192 -0.9778 0.2085
vn -0.0257 -0.9973 -0.0684
vn -0.1384 -0.9893 -0.0460
vn -0.0391 -0.9739 0.2237
vn -0.0401 -0.9620 -0.2702
vn 0.0517 -0.9973 0.0520
vn -0.1341 -0.9863 0.0957
vn -0.1151 -0.9613 0.2505
vn 0.6102 0.4883 0.6239
vn 0.4551 0.0666 -0.8879
vn 0.3206 -0.9033 -0.2851
vn 0.2308 -0.9728 -0.0193
vn 0.9048 0.4072 -0.1244
vn 0.6762 0.3712 -0.6364
vn -0.2610 0.3444 0.9018
vn -0.4877 0.6502 0.5826
vn -0.0335 0.9985 -0.0422
vn -0.7180 0.6959 0.0114
vn -0.6605 0.7338 -0.1590
vn -0.2066 0.9692 0.1342
vn -0.9509 0.3067 -0.0409
vn -0.9734 0.2107 0.0903
vn -0.8856 0.3518 0.3033
vn -0.1118 0.9140 0.3900
vn -0.6253 0.3855 0.6785
vn 0.0872 0.9250 0.3698
vn 0.0762 0.9869 0.1424
vn -0.0917 0.9678 0.2343
vn -0.0806 0.8293 0.5529
vn 0.0940 0.9580 0.2710
vn -0.0660 0.8946 0.4420
vn 0.1851 0.7650 0.6169
vn 0.0434 0.4337 0.9000
vn -0.1575 0.7884 0.5947
vn -0.1847 0.6034 0.7758
vn -0.0000 -0.9764 0.2159
vn -0.1859 0.6820 0.7073
vn -0.2611 0.3441 0.9019
vn -0.4419 0.7093 0.5491
vn -0.4876 0.6505 0.5824
vn -0.2436 -0.8650 0.4386
vn -0.6566 0.6294 0.4156
vn -0.6715 0.6844 0.2841
vn -0.7397 0.5965 0.3115
vn 0.0447 -0.9941 0.0985
vn -0.8467 0.4955 0.1936
vn -0.1625 -0.9844 0.0669
vn -0.8881 0.4548 0.0666
vn -0.9137 0.3831 -0.1354
vn -0.8441 0.4889 -0.2203
vn -0.9167 0.2324 -0.3249
vn -0.7753 0.4464 -0.4468
vn -0.3010 -0.9368 -0.1784
vn -0.6128 0.5307 -0.5856
vn -0.6227 0.4741 -0.6225
vn -0.4891 0.2204 -0.8439
vn -0.3884 0.4527 -0.8026
vn -0.2863 0.4480 -0.8469
vn -0.0413 -0.9991 -0.0083
vn -0.3345 0.5018 -0.7977
vn -0.2204 0.2314 -0.9476
vn 0.0086 -0.9954 -0.0953
vn -0.1141 0.2385 -0.9644
vn 0.0912 0.4904 -0.8667
vn -0.0258 -0.9973 -0.0688
vn 0.0907 0.4766 -0.8744
vn -0.1387 -0.9893 -0.0462
vn 0.1651 0.4595 -0.8727
vn -0.0401 -0.9619 -0.2705
vn 0.3346 0.5015 -0.7978
vn 0.4551 0.0666 -0.8880
vn 0.6349 0.4590 -0.6215
vn 0.6761 0.3715 -0.6363
vn 0.3208 -0.9032 -0.2852
vn 0.8713 0.3924 -0.2947
vn 0.9217 0.3593 -0.1461
vn 0.9221 0.3793 0.0759
vn 0.2312 -0.9727 -0.0192
vn 0.9010 0.3553 0.2491
vn 0.0520 -0.9973 0.0520
vn 0.7545 0.4366 0.4900
vn -0.1340 -0.9863 0.0958
vn 0.6102 0.4884 0.6238
vn 0.5276 0.5137 0.6766
vn -0.1149 -0.9612 0.2507
vn 0.4217 0.4874 0.7646
vn -0.0389 -0.9738 0.2240
vn 0.3900 0.4680 0.7930
vn -0.0190 -0.9778 0.2089
vn 0.1867 0.3968 0.8987
vn 0.2696 0.6807 0.6811
vn 0.2805 0.1403 0.9495
vn -0.0802 0.2205 0.9721
vn -0.2559 0.3021 0.9183
vn 0.1409 0.8580 0.4940
vn -0.2855 0.1646 0.9441
vn -0.6694 0.2273 0.7073
vn -0.9428 0.1535 0.2960
vn -0.9929 0.0268 0.1163
vn -0.9985 0.0423 0.0338
vn -0.9771 0.0790 -0.1977
vn -0.2540 0.5966 -0.7613
vn -0.8275 0.4890 -0.2758
vn -0.3782 0.4955 -0.7820
vn 0.0208 0.3749 -0.9268
vn 0.1195 0.6332 -0.7647
vn 0.1919 0.4672 -0.8631
vn 0.2027 0.2927 -0.9345
vn 0.3379 0.5458 -0.7668
vn 0.3321 0.3567 -0.8732
vn 0.5707 0.5163 -0.6386
vn 0.6297 0.2267 -0.7430
vn 0.8682 0.2171 -0.4462
vn 0.9049 0.1860 -0.3829
vn 0.9713 -0.0003 -0.2380
vn 0.9315 -0.2274 -0.2838
vn 0.9914 0.0548 0.1191
vn 0.9966 -0.0260 0.0780
vn 0.9277 0.0982 0.3602
vn 0.9124 0.2456 0.3275
vn 0.7676 0.2815 0.5758
vn 0.7128 0.1329 0.6887
vn 0.4675 0.1918 0.8630
vn 0.4786 0.2334 0.8464
vn 0.2107 0.0903 0.9734
vn -0.0582 0.1939 0.9793
vn -0.0809 0.8292 -0.5531
vn -0.3116 0.8978 -0.3113
vn 0.0434 0.9060 -0.4210
vn -0.1585 0.7563 -0.6347
vn -0.2527 0.7829 -0.5686
vn 0.0226 0.7012 -0.7126
vn -0.1016 0.4404 -0.8920
vn -0.2173 0.3089 -0.9259
vn -0.0174 -0.0869 -0.9961
vn 0.2493 0.0502 -0.9671
vn 0.6031 0.3409 -0.7211
vn 0.3856 -0.0538 -0.9211
vn 0.8003 0.2375 -0.5505
vn 0.7372 0.5664 -0.3684
vn 0.7344 0.6771 0.0462
vn 0.1280 0.9520 -0.2781
vn 0.8757 0.4319 -0.2159
vn 0.8663 0.4949 0.0678
vn 0.8368 0.4057 0.3677
vn 0.8035 0.2511 0.5398
vn 0.7792 0.5195 0.3506
vn 0.5763 0.1441 0.8044
vn 0.6608 0.3567 0.6604
vn 0.4856 0.0108 0.8741
vn 0.4483 0.2864 0.8468
vn 0.3797 0.1726 0.9089
vn 0.1755 -0.1652 0.9705
vn 0.0344 0.0510 0.9981
vn -0.3283 -0.0738 0.9417
vn -0.3899 -0.2802 0.8772
vn -0.6635 -0.0699 0.7449
vn -0.6031 -0.3409 0.7211
vn -0.8141 -0.1437 0.5627
vn -0.7292 -0.3977 0.5569
vn -0.8242 -0.4692 0.3170
vn -0.9322 -0.2501 0.2615
vn -0.8516 -0.5241 0.0109
vn -0.9707 -0.2403 -0.0096
vn -0.9256 -0.3386 -0.1693
vn -0.8326 -0.5352 -0.1427
vn -0.9379 -0.2903 -0.1898
vn -0.8197 -0.5383 -0.1957
vn -0.8384 -0.2878 -0.4630
vn -0.7105 -0.5362 -0.4558
vn -0.6450 -0.2838 -0.7095
vn -0.5564 -0.5157 -0.6515
vn -0.2915 -0.5070 -0.8112
vn -0.3046 -0.2694 -0.9136
vn 0.0532 -0.3727 -0.9264
vn 0.0533 0.9954 0.0800
vn -0.0186 0.9841 0.1764
vn 0.0089 0.9922 0.1240
vn -0.0181 0.9892 0.1452
vn -0.0277 0.9872 0.1568
vn -0.0481 0.9802 0.1922
vn -0.0586 0.9770 0.2052
vn -0.0277 0.9872 0.1569
vn -0.0384 0.9787 0.2015
vn -0.0285 0.9794 0.1997
vn -0.0386 0.9764 0.2127
vn -0.0092 0.9846 0.1748
vn 0.0182 0.9892 0.1452
vn 0.0180 0.9907 0.1351
vn 0.0268 0.9929 0.1163
vn 0.0089 0.9910 0.1339
vn 0.0266 0.9940 0.1065
vn 0.0177 0.9932 0.1153
vn 0.0179 0.9920 0.1251
vn 0.0538 0.9945 0.0896
vn -0.0000 0.9883 0.1528
vn -0.0288 0.9747 0.2217
vn -0.0697 0.9733 0.2188
vn -0.0000 0.9955 0.0944
vn -0.0669 0.9844 0.1625
vn -0.0459 0.9907 0.1284
vn -0.0864 0.9858 0.1438
vn -0.0000 0.9988 0.0495
vn -0.3529 -0.8443 0.4032
vn -0.1297 -0.8375 0.5308
vn -0.1840 -0.9536 0.2382
vn -0.2802 0.3899 -0.8772
vn -0.0085 -0.0329 -0.9994
vn 0.3211 0.2854 -0.9030
vn 0.0193 0.2315 0.9727
vn 0.0215 0.8921 0.4514
vn -0.0498 0.9672 0.2490
vn -0.5275 0.6766 0.5138
vn 0.2905 0.9541 -0.0725
vn -0.5430 0.6519 0.5293
vn -0.8438 -0.5365 0.0111
vn -0.8499 -0.1417 0.5076
vn -0.6812 -0.6547 0.3276
vn -0.9916 -0.0270 0.1262
vn -0.7716 -0.0579 0.6335
vn -0.6504 0.5826 0.4875
vn -0.5297 0.8313 0.1685
vn -0.9835 -0.1071 -0.1461
vn -0.5300 0.8311 0.1686
vn -0.6191 0.7853 -0.0000
vn -0.8006 -0.5500 -0.2376
vn -0.9223 -0.1222 -0.3667
vn -0.6863 0.6993 -0.1998
vn -0.6190 0.7854 0.0001
vn -0.7448 -0.4783 -0.4654
vn -0.6529 -0.0458 -0.7560
vn -0.6296 0.4156 -0.6564
vn -0.4269 0.1011 -0.8986
vn -0.2803 0.3902 -0.8771
vn 0.0577 0.9815 -0.1828
vn -0.0427 0.9982 -0.0427
vn -0.6864 0.6993 -0.1997
vn 0.3495 0.9236 0.1578
vn 0.0267 0.9917 0.1261
vn 0.5163 0.8398 0.1679
vn 0.4039 0.9079 0.1120
vn 0.1921 0.9602 0.2027
vn -0.6502 0.5825 0.4877
vn 0.2904 0.9541 -0.0726
vn -0.5274 0.6766 0.5138
vn 0.2530 0.9592 -0.1262
vn 0.3206 0.2854 -0.9032
vn 0.2422 0.9677 0.0703
vn 0.2814 0.2927 -0.9139
vn 0.2407 -0.1967 -0.9505
vn -0.0082 -0.0328 -0.9994
vn 0.1070 -0.6412 -0.7599
vn -0.1991 -0.6350 -0.7464
vn -0.5437 -0.5442 -0.6389
vn -0.5664 -0.7371 0.3687
vn -0.6864 0.6993 -0.1995
vn -0.9222 -0.1220 -0.3669
vn -0.6299 0.4151 -0.6565
vn 0.6702 0.7400 0.0577
vn 0.9299 0.0003 0.3679
vn 0.5038 0.8620 0.0560
vn 0.2812 0.2929 -0.9139
vn 0.0283 -0.1888 -0.9816
vn -0.0213 0.4129 -0.9105
vn 0.6408 -0.0454 0.7664
vn 0.4964 0.8319 0.2481
vn 0.1456 0.9892 0.0181
vn -0.2272 0.2837 -0.9316
vn -0.2369 0.5360 -0.8103
vn -0.1321 -0.0752 -0.9884
vn 0.2663 0.2001 0.9429
vn -0.0097 0.9760 0.2176
vn 0.0388 0.9739 0.2237
vn 0.9157 0.0540 -0.3983
vn 0.8525 0.4746 -0.2192
vn 0.7995 0.4896 -0.3480
vn 0.1141 -0.2385 0.9644
vn 0.1106 -0.1910 0.9753
vn -0.0871 -0.3700 0.9249
vn 0.2404 -0.2862 0.9275
vn 0.0390 -0.2240 0.9738
vn 0.1339 -0.2062 0.9693
vn 0.2169 -0.2060 0.9542
vn 0.3248 -0.5713 0.7537
vn 0.2337 -0.3388 0.9114
vn 0.2547 -0.7387 0.6241
vn 0.2735 -0.8450 0.4594
vn 0.1127 -0.4171 0.9018
vn -0.0226 -0.7126 0.7012
vn -0.0220 -0.8563 0.5160
vn 0.2691 -0.7306 0.6276
vn 0.2903 -0.9379 -0.1898
vn 0.1901 -0.9379 0.2901
vn 0.4979 -0.7730 -0.3931
vn 0.3061 -0.8038 -0.5100
vn 0.7655 -0.6024 -0.2260
vn 0.8284 -0.3698 -0.4207
vn 0.4737 -0.6361 -0.6091
vn 0.9352 -0.3371 -0.1087
vn 0.9765 -0.1309 -0.1711
vn 0.9948 -0.0626 0.0809
vn 0.9066 -0.3902 0.1607
vn 0.9216 -0.1461 0.3596
vn 0.8384 -0.4630 0.2878
vn 0.5672 -0.8085 0.1569
vn 0.2203 -0.9753 -0.0190
vn -0.0942 -0.9891 0.1130
vn -0.0345 -0.9976 -0.0602
vn 0.0924 -0.9648 -0.2463
vn -0.0865 -0.9301 -0.3569
vn 0.0685 -0.8247 -0.5615
vn -0.1851 -0.7650 -0.6169
vn -0.0337 -0.5724 -0.8193
vn -0.1659 -0.4739 -0.8648
vn -0.0404 -0.2825 -0.9584
vn -0.2093 -0.2424 -0.9473
vn -0.1732 -0.2491 -0.9529
vn -0.0837 -0.2930 -0.9524
vn -0.1813 -0.2133 -0.9600
vn -0.0808 -0.2322 -0.9693
vn -0.1071 0.1460 -0.9835
vn -0.1352 0.1066 -0.9851
vn -0.0000 0.9867 -0.1626
vn 0.1682 0.9797 -0.1091
vn 0.0685 0.8336 0.5481
vn 0.2331 0.8468 0.4782
vn 0.2419 0.9677 0.0706
vn 0.0643 0.9918 0.1102
vn 0.2529 0.9591 -0.1268
vn 0.2750 0.8967 0.3468
vn 0.0576 0.9814 -0.1831
vn 0.3299 0.8798 0.3421
vn -0.0429 0.9982 -0.0429
vn 0.4451 0.8532 0.2720
vn 0.5503 0.8004 0.2376
vn 0.6991 0.6866 0.1997
vn 0.0271 0.9916 0.1262
vn 0.5160 0.8400 0.1680
vn 0.6662 0.7381 0.1071
vn 0.7112 0.6995 -0.0700
vn 0.4036 0.9080 0.1121
vn 0.7272 0.6525 -0.2131
vn 0.1918 0.9602 0.2029
vn 0.5047 0.7438 -0.4383
vn 0.0766 0.9164 -0.3930
vn 0.2936 0.7914 -0.5361
vn 0.1553 0.8364 -0.5257
vn -0.0205 0.9364 -0.3502
vn 0.0672 0.8738 -0.4817
vn 0.0656 0.9073 -0.4154
vn -0.0000 0.9087 -0.4174
vn -0.0755 0.9272 -0.3669
vn -0.0287 0.9771 -0.2108
vn -0.1244 0.9048 -0.4073
vn -0.0759 0.9869 -0.1423
vn -0.1587 0.9183 -0.3628
vn -0.1111 0.9910 -0.0741
vn -0.1337 0.9248 -0.3562
vn -0.0994 0.9169 -0.3866
vn -0.1179 0.9820 -0.1473
vn -0.2273 0.8848 -0.4068
vn -0.1870 0.9462 -0.2640
vn -0.1650 0.9706 -0.1752
vn -0.3543 0.8795 -0.3176
vn -0.2443 0.9439 -0.2221
vn -0.3718 0.8197 -0.4356
vn -0.5965 0.7398 -0.3113
vn -0.3812 0.8720 -0.3070
vn -0.5762 0.7964 -0.1839
vn -0.6538 0.7490 -0.1070
vn -0.5174 0.8508 -0.0920
vn -0.5927 0.8051 -0.0224
vn -0.4600 0.8879 0.0107
vn -0.6507 0.7477 0.1325
vn -0.3250 0.9455 0.0202
vn -0.6770 0.6902 0.2554
vn -0.3781 0.8981 0.2245
vn -0.4897 0.7995 0.3479
vn -0.1872 0.9461 0.2643
vn -0.3215 0.8658 0.3834
vn -0.1276 0.8704 0.4755
vn -0.0706 0.9676 0.2422
vn -0.0446 0.8578 0.5120
vn -0.0406 0.9547 0.2949
vn 0.0683 0.8337 0.5479
vn 0.0641 0.9918 0.1102
vn -0.0509 0.9571 -0.2851
vn -0.0090 0.1443 -0.9895
vn -0.0296 -0.2563 -0.9661
vn -0.0317 -0.3912 -0.9198
vn 0.0801 -0.5262 -0.8466
vn 0.1861 -0.6823 -0.7070
vn -0.0334 -0.5721 -0.8195
vn 0.0690 -0.8247 -0.5613
vn 0.2980 -0.8564 -0.4216
vn 0.2291 -0.9269 -0.2972
vn 0.2921 -0.9559 0.0305
vn 0.2202 -0.9753 -0.0190
vn 0.7612 -0.3806 0.5250
vn 0.8523 -0.2192 0.4749
vn 0.9217 -0.1463 0.3594
vn 0.6631 -0.3714 0.6499
vn 0.6583 -0.6180 0.4299
vn 0.6198 -0.6467 0.4446
vn 0.6248 -0.5025 0.5976
vn 0.4146 -0.8033 0.4276
vn 0.3714 -0.6632 0.6499
vn 0.0341 -0.7508 0.6597
vn 0.0886 -0.9079 0.4097
vn -0.2228 -0.8168 0.5322
vn -0.0645 -0.9243 0.3762
vn -0.2978 -0.8563 0.4219
vn -0.0094 -0.9783 0.2069
vn -0.3609 -0.9087 0.2096
vn -0.0533 -0.9954 0.0800
vn -0.3466 -0.9379 -0.0102
vn 0.0165 -0.9993 -0.0330
vn -0.3311 -0.9397 -0.0854
vn -0.3408 -0.9396 -0.0310
vn -0.0083 -0.9991 0.0413
vn -0.2934 -0.9455 -0.1413
vn -0.0423 -0.9985 -0.0338
vn -0.1535 -0.9428 -0.2960
vn 0.1544 -0.9842 -0.0868
vn 0.0317 -0.9198 -0.3912
vn 0.3630 -0.7909 0.4927
vn 0.4629 -0.8100 0.3600
vn 0.5728 -0.5728 0.5864
vn 0.3817 -0.5397 0.7503
vn 0.2758 -0.4890 0.8275
vn 0.2676 -0.2908 0.9186
vn 0.2501 -0.2615 0.9322
vn 0.2768 -0.3610 0.8905
vn 0.2060 -0.2169 0.9542
vn 0.1398 -0.1498 0.9788
vn 0.1960 -0.1444 0.9699
vn 0.1530 0.0769 0.9852
vn 0.2490 -0.1733 0.9529
vn 0.1870 0.0191 0.9822
vn 0.0103 0.9378 0.3470
vn 0.2516 0.0100 0.9678
vn 0.0212 0.9105 0.4129
vn 0.0909 0.8742 0.4769
vn 0.3222 -0.0097 0.9466
vn 0.2159 0.8757 0.4319
vn 0.5126 0.1169 0.8506
vn 0.4993 0.6883 0.5263
vn 0.6598 0.0345 0.7506
vn 0.8422 0.1173 0.5262
vn 0.4101 0.8796 0.2412
vn 0.3250 0.9436 0.0629
vn 0.9398 0.1084 0.3240
vn 0.9700 0.2379 0.0495
vn 0.2033 0.9779 -0.0484
vn 0.9834 0.1643 -0.0771
vn 0.3241 0.9398 -0.1080
vn 0.9562 0.0835 -0.2806
vn 0.2493 0.9528 -0.1733
vn 0.8886 0.1143 -0.4443
vn 0.0089 0.9962 -0.0861
vn 0.2204 0.9476 -0.2314
vn 0.8152 0.0457 -0.5774
vn 0.6132 0.0698 -0.7869
vn 0.0937 0.9581 -0.2708
vn 0.2561 0.0824 -0.9631
vn -0.0001 0.9028 -0.4300
vn 0.5217 -0.2360 -0.8198
vn 0.2221 -0.2443 -0.9439
vn 0.5395 -0.4859 -0.6876
vn 0.1673 -0.5019 -0.8486
vn 0.4486 -0.7652 -0.4618
vn 0.1988 -0.7580 -0.6213
vn 0.3719 -0.9070 -0.1973
vn 0.2616 -0.8343 -0.4852
vn 0.5793 -0.7595 -0.2961
vn 0.3376 -0.9411 -0.0205
vn 0.4809 -0.8707 -0.1029
vn 0.6988 -0.6734 -0.2414
vn 0.7520 -0.6428 -0.1455
vn 0.4861 -0.8728 -0.0442
vn 0.8014 -0.5953 -0.0573
vn 0.5289 -0.8484 -0.0220
vn 0.7817 -0.6183 0.0817
vn 0.5129 -0.8548 0.0798
vn 0.7691 -0.5926 0.2396
vn 0.4879 -0.8568 0.1666
vn 0.4710 -0.8429 0.2603
vn 0.6948 -0.5879 0.4142
vn 0.9136 -0.2694 0.3045
vn 0.8342 -0.2615 0.4856
vn 0.6862 -0.2415 0.6862
vn 0.8506 -0.1165 0.5127
vn 0.9167 -0.1230 0.3801
vn 0.9878 -0.1235 0.0950
vn 0.9351 -0.3439 0.0860
vn 0.9418 -0.3280 -0.0741
vn 0.9893 -0.1306 -0.0653
vn 0.9109 -0.3690 -0.1845
vn 0.9540 -0.1951 -0.2276
vn 0.8362 -0.4181 -0.3548
vn 0.8829 -0.2147 -0.4176
vn 0.7445 -0.4787 -0.4653
vn 0.7934 -0.2519 -0.5541
vn 0.7198 -0.1200 0.6838
vn 0.4937 -0.1411 0.8581
vn 0.2879 -0.1772 0.9411
vn 0.4219 -0.2978 0.8563
vn 0.0865 0.9300 0.3572
vn 0.0976 0.9326 0.3474
vn 0.0868 0.9841 0.1548
vn 0.0874 0.0266 0.9958
vn 0.0952 0.9954 0.0090
vn 0.0001 0.0675 0.9977
vn 0.1294 0.9901 -0.0552
vn -0.2163 0.1240 0.9684
vn 0.0347 0.9970 0.0694
vn -0.5462 0.2239 0.8072
vn -0.0350 0.9963 0.0787
vn -0.7420 0.3259 0.5858
vn -0.1500 0.9871 0.0563
vn -0.8810 0.4521 0.1391
vn -0.8911 0.3497 0.2892
vn -0.9823 0.0477 0.1812
vn -0.9216 -0.0209 0.3875
vn -0.9703 -0.1858 0.1548
vn -0.8592 -0.2578 0.4419
vn -0.7339 -0.0699 0.6757
vn -0.6749 -0.2985 0.6749
vn -0.4739 -0.1659 0.8648
vn -0.3975 -0.4104 0.8207
vn -0.1827 -0.2257 0.9569
vn -0.1634 -0.4319 0.8870
vn -0.0656 -0.4154 0.9073
vn 0.0384 -0.2015 0.9787
vn -0.1725 -0.6778 0.7148
vn -0.1584 -0.6213 0.7674
vn -0.2341 -0.8380 0.4929
vn -0.2125 -0.7620 0.6117
vn -0.1576 -0.5942 0.7888
vn -0.3764 -0.9126 -0.1597
vn -0.3797 -0.9220 0.0759
vn -0.4335 -0.7750 -0.4598
vn -0.2061 -0.9542 -0.2168
vn -0.2341 -0.8380 -0.4929
vn -0.0000 -0.8767 -0.4811
vn -0.1159 -0.9853 -0.1256
vn 0.1377 -0.8949 -0.4245
vn -0.0723 -0.9941 -0.0813
vn 0.2655 -0.9235 -0.2770
vn -0.0347 -0.9970 -0.0694
vn 0.3118 -0.9354 -0.1670
vn -0.1793 -0.9831 -0.0379
vn -0.1056 -0.9943 0.0176
vn 0.2934 -0.9455 0.1413
vn -0.0182 -0.9892 0.1452
vn 0.2520 -0.9279 0.2749
vn -0.1726 -0.9747 0.1421
vn 0.1026 -0.8780 0.4675
vn -0.2812 -0.9139 0.2929
vn -0.1190 -0.7857 0.6071
vn -0.3752 -0.8018 0.4652
vn -0.2413 -0.7111 0.6603
vn -0.4734 -0.6493 0.5952
vn -0.3977 -0.5569 0.7292
vn -0.4147 -0.8034 -0.4272
vn -0.4834 -0.7117 -0.5098
vn -0.3088 -0.9261 -0.2169
vn -0.4882 -0.6103 0.6238
vn -0.3986 -0.5713 -0.7175
vn -0.3548 -0.4181 -0.8362
vn -0.4440 -0.5920 -0.6727
vn -0.2575 -0.3161 -0.9131
vn -0.3954 -0.3954 -0.8290
vn -0.2186 -0.2186 -0.9510
vn -0.4249 -0.1889 -0.8853
vn -0.1813 0.2137 -0.9599
vn -0.4636 0.1787 -0.8678
vn 0.1557 0.9830 -0.0973
vn 0.2107 0.9771 -0.0288
vn 0.0470 0.9861 -0.1596
vn -0.6969 0.2844 -0.6584
vn 0.1871 0.9822 0.0187
vn -0.8119 0.4000 -0.4253
vn 0.1351 0.9907 0.0180
vn -0.8378 0.4933 -0.2341
vn -0.1167 0.9928 0.0269
vn -0.9049 0.4137 -0.1004
vn -0.9519 0.0621 -0.3001
vn -0.9985 0.0423 -0.0338
vn -0.9644 -0.2385 -0.1141
vn -0.9034 -0.3091 -0.2972
vn -0.8038 -0.5565 -0.2102
vn -0.8549 -0.5083 -0.1040
vn -0.8466 -0.5262 0.0801
vn -0.6910 -0.7148 -0.1072
vn -0.6588 -0.7427 -0.1198
vn -0.6348 -0.7130 -0.2979
vn -0.7406 -0.5422 -0.3968
vn -0.5860 -0.5996 -0.5451
vn -0.5222 -0.7706 -0.3653
vn -0.8225 -0.3037 -0.4809
vn -0.6445 -0.3419 -0.6839
vn -0.8450 -0.0334 -0.5337
vn -0.6489 -0.0944 -0.7550
vn -0.6461 -0.7538 0.1196
vn -0.5101 -0.8379 0.1940
vn -0.7452 -0.6039 0.2827
vn -0.4330 -0.8278 0.3566
vn -0.2849 -0.8549 0.4335
vn -0.3417 -0.6966 0.6309
vn -0.5854 -0.6127 0.5310
vn -0.3661 -0.9300 0.0316
vn -0.7352 -0.3543 0.5779
vn -0.8344 -0.4425 0.3287
vn -0.7391 -0.2128 0.6391
vn -0.7190 -0.6697 0.1858
vn -0.9087 -0.3068 0.2832
vn -0.7338 -0.6604 0.1590
vn -0.8648 -0.4739 0.1659
vn -0.1120 -0.9703 0.2145
vn -0.6663 -0.7453 0.0226
vn -0.8936 -0.4468 -0.0439
vn -0.8777 -0.4620 0.1270
vn -0.6523 -0.6523 -0.3860
vn 0.4702 -0.8692 0.1527
vn -0.0512 -0.9571 0.2850
vn -0.4426 -0.4166 0.7941
vn -0.2659 -0.0716 -0.9613
vn -0.2918 -0.0302 -0.9560
vn -0.2107 -0.0903 -0.9734
vn -0.6133 -0.0694 -0.7868
vn -0.3252 -0.0203 -0.9454
vn -0.6702 0.0578 -0.7399
vn -0.6300 0.0225 -0.7763
vn -0.8387 -0.0000 -0.5446
vn -0.5896 -0.1445 -0.7946
vn -0.8293 -0.0806 -0.5529
vn -0.9426 -0.0414 -0.3314
vn -0.8245 -0.1178 -0.5535
vn -0.9277 -0.0982 -0.3602
vn -0.9193 -0.1344 -0.3699
vn -0.7690 -0.1984 -0.6077
vn -0.9203 -0.1704 -0.3522
vn -0.8933 -0.2382 -0.3811
vn -0.6774 -0.2556 -0.6898
vn -0.6913 -0.3853 -0.6112
vn -0.9359 -0.2255 -0.2706
vn -0.8427 -0.3270 -0.4276
vn -0.5377 -0.4709 -0.6994
vn -0.4917 -0.4518 -0.7444
vn -0.4418 -0.5489 -0.7096
vn -0.5118 -0.4978 -0.7002
vn -0.1715 -0.6124 -0.7717
vn -0.3489 -0.3734 -0.8596
vn -0.5157 0.6515 -0.5564
vn -0.1899 -0.2899 -0.9380
vn -0.3694 0.7256 -0.5805
vn -0.4452 0.8269 -0.3435
vn -0.6139 0.7422 -0.2689
vn -0.7406 0.5422 -0.3968
vn -0.2768 0.8905 -0.3610
vn -0.2919 0.9560 0.0299
vn -0.1573 0.9817 0.1077
vn -0.1188 0.7958 -0.5938
vn -0.1571 0.9817 0.1076
vn -0.0854 0.9397 -0.3310
vn -0.1191 -0.3137 -0.9420
vn 0.1069 0.7599 -0.6412
vn 0.0988 0.9224 -0.3734
vn 0.1178 0.9821 0.1469
vn 0.3071 0.8722 -0.3808
vn 0.1180 0.9821 0.1470
vn 0.1927 0.9737 0.1214
vn 0.3701 0.7137 -0.5947
vn 0.1492 -0.2445 -0.9581
vn 0.4805 -0.3765 -0.7921
vn 0.6853 0.5778 -0.4434
vn 0.5826 0.7510 -0.3108
vn 0.3074 0.8721 -0.3807
vn 0.3533 0.9350 0.0308
vn 0.7958 0.5938 -0.1188
vn 0.3536 0.9349 0.0311
vn 0.4145 0.8876 0.2010
vn 0.9032 0.3209 -0.2852
vn 0.4421 -0.7094 -0.5489
vn 0.5106 -0.8035 -0.3062
vn 0.9738 0.2240 -0.0389
vn 0.8669 0.4984 -0.0108
vn 0.7957 0.5939 -0.1188
vn 0.5078 0.8498 0.1415
vn 0.4145 0.8875 0.2011
vn 0.4820 -0.8756 -0.0328
vn 0.9674 0.1132 0.2264
vn 0.8669 0.4984 -0.0106
vn 0.8850 0.4067 0.2269
vn 0.4077 -0.8962 0.1748
vn 0.8725 0.1651 0.4598
vn 0.8848 0.4066 0.2275
vn 0.7942 0.4296 0.4297
vn 0.5886 0.7764 0.2254
vn 0.5070 0.8112 0.2915
vn 0.6651 0.3127 0.6781
vn 0.5994 0.5311 0.5989
vn 0.6247 -0.5028 0.5974
vn 0.4605 0.2181 0.8604
vn 0.5989 0.5311 0.5994
vn 0.3919 0.4830 0.7830
vn 0.3553 -0.7233 0.5922
vn 0.2708 0.0937 0.9581
vn 0.3913 0.4830 0.7833
vn 0.2231 0.3641 0.9043
vn 0.2220 -0.8259 0.5182
vn 0.0430 -0.0426 0.9982
vn 0.2231 0.3640 0.9043
vn 0.0306 0.2919 0.9560
vn 0.0610 -0.9626 0.2639
vn 0.1307 -0.9893 0.0654
vn 0.0587 -0.9982 -0.0084
vn 0.2745 -0.8366 0.4741
vn 0.0455 -0.8061 0.5900
vn 0.2134 -0.6653 0.7155
vn 0.0461 -0.6407 0.7664
vn 0.0571 -0.5824 0.8109
vn 0.2395 -0.5926 0.7691
vn 0.1975 -0.5802 0.7901
vn 0.0110 -0.5496 0.8354
vn 0.1353 -0.2063 0.9691
vn 0.0192 -0.2202 0.9753
vn 0.0981 -0.1668 0.9811
vn 0.1742 -0.1536 0.9727
vn 0.1237 -0.2163 0.9685
vn 0.1936 -0.2151 0.9572
vn 0.1256 -0.1159 0.9853
vn 0.1152 0.0177 0.9932
vn 0.2088 0.0190 0.9778
vn 0.1265 0.2530 0.9592
vn 0.2694 0.3045 0.9136
vn 0.1411 0.4937 0.8581
vn 0.2483 0.4966 0.8317
vn 0.1858 0.6566 0.7310
vn 0.1072 0.6910 0.7148
vn 0.1067 0.7706 0.6283
vn 0.1988 0.7580 0.6213
vn 0.3275 0.6549 0.6811
vn 0.3231 0.7753 0.5427
vn 0.5003 0.6761 0.5409
vn 0.4768 0.7549 0.4503
vn 0.6523 0.6523 0.3861
vn 0.6088 0.7015 0.3706
vn 0.7580 0.6064 0.2400
vn 0.6908 0.6908 0.2135
vn 0.7965 0.5974 0.0937
vn 0.7047 0.7047 0.0822
vn 0.7715 0.6353 -0.0340
vn 0.6635 0.7449 -0.0698
vn 0.6822 0.7071 -0.1861
vn 0.5524 0.8101 -0.1964
vn 0.4892 0.8439 -0.2201
vn 0.5793 0.7595 -0.2961
vn 0.3381 0.8515 -0.4007
vn 0.3968 0.7406 -0.5423
vn 0.2267 0.7430 -0.6297
vn 0.1680 0.8400 -0.5160
vn 0.0341 0.7400 -0.6717
vn -0.0000 0.8218 -0.5698
vn -0.0579 0.7174 -0.6943
vn -0.0811 0.8111 -0.5793
vn -0.1200 0.7080 -0.6960
vn -0.1187 0.7958 -0.5938
vn -0.1460 0.7056 -0.6934
vn -0.1437 0.8141 -0.5627
vn -0.1994 0.7351 -0.6479
vn -0.1821 0.8255 -0.5342
vn -0.3037 0.8225 -0.4808
vn -0.3686 0.7373 -0.5661
vn -0.4506 0.8110 -0.3733
vn -0.5276 0.7518 -0.3956
vn -0.6778 0.7147 -0.1725
vn -0.6381 0.7585 -0.1324
vn -0.7112 0.6995 -0.0700
vn -0.6781 0.7346 -0.0226
vn -0.7763 0.6300 0.0225
vn -0.7690 0.6077 0.1984
vn -0.7861 0.5579 0.2662
vn -0.6523 0.6523 0.3860
vn -0.7090 0.6171 0.3414
vn -0.6088 0.7014 0.3706
vn -0.5299 0.7419 0.4107
vn -0.5670 0.6749 0.4724
vn -0.4232 0.7539 0.5026
vn -0.4151 0.6695 0.6160
vn -0.2254 0.7764 0.5886
vn -0.1861 0.6822 0.7071
vn -0.0224 0.7957 0.6052
vn -0.0226 0.6663 0.7454
vn 0.0699 0.6877 0.7226
vn 0.0694 0.7868 0.6133
vn 0.1410 0.4937 0.8581
vn 0.0672 0.4817 0.8738
vn 0.0604 0.2515 0.9660
vn 0.1153 0.0177 0.9932
vn 0.0793 0.0441 0.9959
vn 0.1256 -0.1158 0.9853
vn 0.0848 -0.1224 0.9889
vn 0.1236 -0.2164 0.9685
vn 0.0591 -0.2165 0.9745
vn 0.0189 -0.1979 0.9800
vn 0.0190 -0.2202 0.9753
vn -0.0399 -0.2590 0.9651
vn -0.0801 -0.5396 0.8381
vn -0.0935 -0.5842 0.8062
vn 0.0568 -0.5824 0.8109
vn -0.0944 -0.6489 0.7550
vn 0.0454 -0.6407 0.7664
vn 0.0453 -0.8061 0.5900
vn -0.1572 -0.7988 0.5806
vn -0.0273 -0.9903 0.1366
vn 0.0607 -0.9627 0.2638
vn -0.0458 -0.7560 0.6529
vn 0.0423 -0.0427 0.9982
vn -0.1277 0.1375 0.9822
vn 0.0298 0.2919 0.9560
vn -0.1000 0.4000 0.9111
vn -0.3861 -0.6520 0.6525
vn -0.3518 0.3033 0.8856
vn -0.3217 0.5282 0.7858
vn -0.6578 0.3421 0.6710
vn -0.3223 0.5282 0.7856
vn -0.5309 0.5991 0.5994
vn -0.5635 -0.7465 0.3539
vn -0.8132 0.2502 0.5255
vn -0.5313 0.5992 0.5989
vn -0.6993 0.5379 0.4707
vn -0.5244 -0.8288 0.1953
vn -0.9379 0.1898 0.2903
vn -0.8329 0.4544 0.3159
vn -0.5244 -0.8514 0.0111
vn -0.9898 0.1214 0.0747
vn -0.8331 0.4545 0.3152
vn -0.8911 0.4282 0.1504
vn -0.4644 -0.8547 -0.2320
vn -0.9557 0.2655 -0.1274
vn -0.8354 0.5496 -0.0110
vn -0.5506 0.8003 0.2376
vn -0.4097 0.8798 0.2410
vn -0.6144 0.7420 -0.2684
vn -0.2756 0.9542 0.1166
vn -0.4621 -0.7650 -0.4486
vn -0.5568 -0.7292 -0.3977
vn -0.5421 -0.6640 -0.5150
vn -0.8856 -0.3518 -0.3033
vn -0.8964 -0.3892 -0.2123
vn -0.9786 -0.1598 -0.1298
vn -0.9703 -0.1858 -0.1548
vn -0.8816 -0.4580 -0.1145
vn -0.9811 -0.1668 -0.0981
vn -0.5981 -0.7729 -0.2120
vn -0.5216 -0.8505 -0.0680
vn -0.4499 -0.8885 0.0900
vn -0.8381 -0.5354 0.1047
vn -0.3224 -0.9337 0.1556
vn -0.5683 -0.7832 0.2523
vn -0.8616 -0.4839 0.1534
vn -0.7938 -0.5249 0.3073
vn -0.9760 -0.1811 0.1208
vn -0.9768 -0.1611 0.1410
vn -0.9729 -0.2260 0.0491
vn -0.9759 -0.2070 -0.0690
vn -0.9613 -0.1479 0.2324
vn -0.7834 -0.3914 0.4829
vn -0.9835 -0.0771 0.1639
vn -0.7794 -0.3505 0.5193
vn -0.7546 -0.2263 0.6159
vn -0.9728 -0.1638 0.1638
vn -0.7539 -0.1854 0.6303
vn -0.9441 -0.1647 0.2854
vn -0.7520 -0.1456 0.6429
vn -0.9308 -0.2954 0.2155
vn -0.9043 -0.2234 0.3639
vn -0.7835 -0.5395 -0.3083
vn -0.9461 -0.3154 0.0736
vn -0.8919 -0.4517 -0.0216
vn -0.7180 -0.6960 0.0110
vn -0.9562 -0.2806 0.0831
vn -0.9142 -0.4040 0.0319
vn -0.9776 -0.1796 -0.1097
vn -0.9495 -0.3096 -0.0516
vn -0.9524 -0.1058 -0.2857
vn -0.9557 -0.1274 -0.2655
vn -0.8015 0.0813 -0.5924
vn -0.6461 0.1197 -0.7538
vn -0.6911 0.3126 -0.6517
vn -0.9344 0.0637 -0.3504
vn -0.9027 0.2110 -0.3751
vn -0.6865 0.3565 -0.6337
vn -0.9817 0.1080 -0.1571
vn -0.9438 0.3038 -0.1302
vn -0.8649 0.3955 -0.3089
vn -0.5729 0.5729 -0.5862
vn -0.8886 0.4499 -0.0899
vn -0.7764 0.5886 -0.2254
vn -0.8063 0.5874 -0.0691
vn -0.8585 0.5083 0.0678
vn -0.8982 0.4326 0.0778
vn -0.8317 0.4966 0.2485
vn -0.8779 0.4209 0.2285
vn -0.7857 0.5281 0.3221
vn -0.8436 0.4155 0.3400
vn -0.7318 0.5322 0.4258
vn -0.7930 0.3900 0.4680
vn -0.6259 0.5307 0.5715
vn -0.7090 0.3414 0.6171
vn -0.5103 0.3062 0.8037
vn -0.4352 0.4748 0.7650
vn -0.3045 0.2694 0.9136
vn -0.2615 0.4856 0.8342
vn -0.0721 0.2781 0.9578
vn -0.0558 0.4906 0.8696
vn -0.0993 0.0542 0.9936
vn -0.3666 0.0755 0.9273
vn -0.3212 -0.0964 0.9421
vn -0.0653 -0.1307 0.9893
vn -0.1012 -0.2126 0.9719
vn -0.3171 -0.1925 0.9286
vn -0.0896 -0.1992 0.9759
vn -0.2725 -0.1635 0.9482
vn -0.1027 -0.2367 0.9661
vn -0.2838 -0.2274 0.9315
vn -0.1179 -0.5537 0.8244
vn -0.1448 -0.6033 0.7843
vn -0.1854 -0.6303 0.7539
vn -0.1715 -0.6125 0.7717
vn -0.2967 -0.7482 0.5934
vn -0.2135 -0.6908 0.6908
vn -0.2994 -0.8483 0.4367
vn -0.3637 -0.8849 0.2909
vn -0.2930 -0.9137 0.2815
vn -0.6177 -0.6585 0.4299
vn -0.5989 -0.5312 0.5993
vn -0.6225 -0.4739 0.6229
vn -0.6022 -0.2261 0.7656
vn -0.4919 -0.1800 0.8518
vn -0.4979 -0.1541 0.8535
vn -0.5302 -0.0564 0.8460
vn -0.5128 0.0798 0.8548
vn -0.6952 -0.0342 0.7180
vn -0.7080 0.1200 0.6960
vn -0.8410 0.2072 0.4997
vn -0.8354 0.0110 0.5496
vn -0.9068 0.2473 0.3415
vn -0.9509 0.0409 0.3067
vn -0.9476 0.2314 0.2204
vn -0.9822 0.0187 0.1871
vn -0.9613 0.2659 0.0716
vn -0.9963 0.0350 0.0787
vn -0.4118 0.5446 -0.7306
vn -0.4819 0.4953 -0.7228
vn -0.2254 0.5886 -0.7764
vn -0.2383 0.5645 -0.7903
vn -0.1707 0.5853 -0.7926
vn -0.1573 0.5808 -0.7987
vn -0.1314 0.5852 -0.8002
vn -0.1310 0.5717 -0.8099
vn -0.0570 0.5695 -0.8200
vn -0.0452 0.5645 -0.8242
vn 0.0338 0.5852 -0.8102
vn 0.0683 0.5349 -0.8422
vn 0.2526 0.5683 -0.7831
vn 0.4419 0.5491 -0.7094
vn 0.3253 0.4129 -0.8507
vn 0.7175 0.5713 -0.3986
vn 0.7909 0.3630 -0.4927
vn 0.5165 0.3357 -0.7877
vn 0.7863 0.1843 -0.5897
vn 0.4926 0.2902 -0.8205
vn 0.6362 0.0939 -0.7658
vn 0.4353 0.1768 -0.8828
vn 0.3435 0.4452 -0.8269
vn 0.0650 0.1206 -0.9906
vn 0.1512 0.4420 -0.8842
vn -0.0260 0.0780 -0.9966
vn -0.0329 0.4944 -0.8686
vn -0.1031 0.4811 -0.8706
vn -0.1235 0.0950 -0.9878
vn -0.1666 0.4877 -0.8570
vn -0.2127 0.0387 -0.9764
vn -0.2472 0.4821 -0.8405
vn -0.2945 0.0406 -0.9548
vn -0.5231 0.4694 -0.7113
vn -0.2219 -0.0289 -0.9746
vn -0.1153 -0.0177 -0.9932
vn -0.1399 -0.0560 -0.9886
vn -0.0327 -0.0084 -0.9994
vn -0.0426 -0.0425 -0.9982
vn 0.0760 -0.0000 -0.9971
vn 0.4730 0.0440 -0.8800
vn 0.0874 -0.0262 -0.9958
vn 0.4899 -0.0218 -0.8715
vn 0.6543 0.0226 -0.7559
vn 0.7059 -0.0579 -0.7059
vn 0.8156 0.0689 -0.5744
vn 0.8954 -0.1133 -0.4307
vn 0.8870 -0.1634 -0.4318
vn 0.9606 -0.0197 -0.2773
vn 0.9631 -0.1036 -0.2485
vn 0.9830 -0.0973 -0.1557
vn 0.9861 -0.0470 -0.1596
vn 0.9922 -0.0735 -0.1011
vn 0.9874 -0.0854 -0.1329
vn 0.9901 -0.0841 -0.1121
vn 0.9972 -0.0433 -0.0607
vn 0.9877 -0.1491 -0.0466
vn 0.9936 -0.1074 0.0358
vn 0.9157 -0.2202 -0.3362
vn 0.9949 -0.0972 0.0260
vn 0.9666 -0.1352 -0.2179
vn 0.9051 -0.1857 0.3826
vn 0.9699 -0.1960 0.1444
vn 0.9707 -0.2224 -0.0911
vn 0.9727 -0.1536 -0.1741
vn 0.9700 -0.2425 -0.0194
vn 0.9802 -0.0480 -0.1922
vn 0.9647 -0.2631 -0.0097
vn 0.9646 -0.2538 -0.0711
vn 0.9946 -0.0000 -0.1038
vn 0.9734 -0.2107 -0.0903
vn 0.6995 -0.7112 -0.0700
vn 0.6823 -0.7071 0.1858
vn 0.3858 -0.9210 0.0536
vn 0.7533 -0.6004 -0.2683
vn 0.6103 -0.6239 -0.4883
vn 0.9473 -0.2424 -0.2093
vn 0.5429 -0.5294 -0.6519
vn 0.8773 -0.2800 -0.3897
vn 0.5044 -0.3495 -0.7895
vn 0.7693 -0.2394 -0.5924
vn 0.3546 -0.4184 -0.8362
vn 0.5686 -0.3099 -0.7620
vn 0.0221 -0.5417 -0.8403
vn 0.3632 -0.3760 -0.8525
vn -0.0754 -0.3662 -0.9275
vn -0.0809 -0.5662 -0.8203
vn -0.0217 -0.4772 -0.8785
vn -0.0675 -0.4950 -0.8663
vn -0.0199 -0.2891 -0.9571
vn 0.3608 -0.2768 -0.8906
vn 0.3472 -0.2083 -0.9144
vn 0.5608 -0.2242 -0.7970
vn 0.5617 -0.2807 -0.7782
vn 0.8630 -0.1918 -0.4674
vn 0.8703 -0.1276 -0.4757
vn 0.8769 -0.1520 -0.4560
vn 0.5947 -0.1577 -0.7884
vn 0.8661 -0.1404 -0.4798
vn 0.6461 -0.1197 -0.7538
vn 0.8568 -0.1666 -0.4879
vn 0.8466 -0.1044 -0.5219
vn 0.6717 -0.0341 -0.7400
vn 0.8669 0.0108 -0.4984
vn 0.4415 -0.0663 -0.8948
vn 0.3833 -0.1353 -0.9136
vn 0.0350 -0.0787 -0.9963
vn 0.0180 -0.1351 -0.9907
vn -0.0565 -0.1504 -0.9870
vn -0.0538 -0.0895 -0.9945
vn -0.0190 -0.2088 -0.9778
vn -0.0695 -0.2185 -0.9734
vn -0.1246 -0.2285 -0.9655
vn -0.1287 -0.1486 -0.9805
vn -0.0733 -0.3025 -0.9503
vn -0.1302 -0.3038 -0.9438
vn -0.1031 -0.4811 -0.8706
vn -0.1165 -0.5127 -0.8506
vn -0.1670 -0.3118 -0.9354
vn -0.0937 -0.5974 -0.7965
vn -0.1547 -0.5118 -0.8451
vn -0.4564 -0.2591 -0.8512
vn -0.1925 -0.3171 -0.9286
vn -0.2204 -0.2314 -0.9476
vn -0.5073 -0.2351 -0.8290
vn -0.2427 -0.1372 -0.9603
vn -0.1860 -0.1548 -0.9703
vn -0.1719 -0.2363 -0.9563
vn -0.1341 -0.0957 -0.9863
vn 0.9264 -0.0532 -0.3727
vn 0.9771 -0.0287 -0.2108
vn 0.9939 -0.0633 -0.0904
vn 0.9972 -0.0434 -0.0607
vn 0.3216 -0.8658 0.3834
vn 0.2169 -0.9542 0.2060
vn 0.2077 -0.9509 0.2295
vn 0.3156 -0.8330 0.4544
vn 0.3694 -0.7256 0.5805
vn 0.3273 -0.6938 0.6415
vn 0.3266 -0.6140 0.7185
vn 0.3557 -0.6060 0.7115
vn 0.3107 -0.5827 0.7510
vn 0.3409 -0.6031 0.7211
vn 0.3389 -0.2340 0.9113
vn 0.2574 -0.2241 0.9399
vn 0.2830 -0.1524 0.9469
vn 0.3971 -0.1362 0.9076
vn 0.4712 -0.2054 0.8578
vn 0.3596 -0.1461 0.9216
vn 0.5577 -0.0929 0.8249
vn 0.4378 0.0547 0.8974
vn 0.6260 0.0695 0.7767
vn 0.4630 0.2878 0.8384
vn 0.6471 0.2411 0.7233
vn 0.5811 0.4730 0.6622
vn 0.3916 0.4830 0.7832
vn 0.8401 0.3009 0.4514
vn 0.7529 0.5152 0.4095
vn 0.9345 0.2927 0.2027
vn 0.8604 0.4605 0.2181
vn 0.9522 0.3039 0.0304
vn 0.8936 0.4468 0.0436
vn 0.9303 0.3502 -0.1094
vn 0.8703 0.4861 -0.0791
vn 0.8198 0.5217 -0.2360
vn 0.8905 0.3610 -0.2768
vn 0.9685 0.2164 -0.1236
vn 0.9157 0.2202 -0.3361
vn 0.9860 0.1659 0.0184
vn 0.9625 0.1255 0.2406
vn 0.8426 0.0923 0.5306
vn 0.9125 0.0105 0.4090
vn 0.7612 -0.0341 0.6476
vn 0.6429 -0.1456 0.7520
vn 0.8204 -0.0808 0.5661
vn 0.5536 -0.1178 0.8244
vn 0.7550 -0.0944 0.6489
vn 0.4853 -0.1159 0.8667
vn 0.7330 -0.3403 0.5890
vn 0.6257 -0.5846 0.5165
vn 0.6445 -0.6839 0.3419
vn -0.4780 0.8295 0.2890
vn -0.4779 0.8294 0.2893
vn -0.3046 0.9136 0.2694
vn -0.3045 0.9136 0.2694
vn -0.2476 0.9067 0.3416
vn -0.2474 0.9066 0.3418
vn -0.1400 0.8735 0.4662
vn -0.1398 0.8737 0.4659
vn -0.0575 0.7816 0.6211
vn 0.0111 0.6724 0.7401
vn 0.0114 0.6724 0.7401
vn 0.1329 0.7126 0.6889
vn 0.1331 0.7126 0.6888
vn 0.1765 0.8827 0.4355
vn 0.3300 0.8797 0.3425
vn 0.3302 0.8797 0.3422
vn 0.5888 0.7762 0.2253
vn 0.5076 0.8499 0.1416
vn 0.1929 0.9737 0.1214
vn 0.0097 0.9647 0.2631
vn 0.0098 0.9647 0.2631
vn -0.2920 0.9559 0.0299
vn 0.3124 0.8497 0.4248
vn 0.0656 0.9073 0.4154
vn 0.2943 0.7811 0.5507
vn 0.0504 0.9606 0.2733
vn 0.1296 0.8377 0.5305
vn -0.4095 0.8799 0.2412
vn -0.5500 0.8006 0.2377
vn 0.3326 0.9027 0.2732
vn 0.4384 0.8115 0.3865
vn 0.3241 0.9398 0.1080
vn 0.0506 0.9607 0.2730
vn 0.4572 0.8655 0.2045
vn 0.9718 0.1947 0.1331
vn 0.4399 0.7325 0.5195
vn 0.9684 0.1240 0.2165
vn 0.8371 0.3805 0.3931
vn 0.9888 -0.0271 0.1467
vn 0.8364 0.2746 0.4744
vn 0.8869 0.1636 0.4320
vn 0.9801 0.0482 0.1925
vn 0.9026 0.1737 0.3938
vn 0.9743 0.1827 0.1319
vn 0.9661 0.2563 0.0300
vn 0.8628 0.1917 0.4677
vn 0.9632 0.2562 0.0819
vn 0.9542 0.2060 0.2169
vn 0.9793 0.1939 0.0585
vn 0.9607 0.0506 0.2730
vn 0.9986 0.0504 -0.0164
vn 0.9223 -0.0988 0.3737
vn 0.9795 -0.1996 -0.0285
vn 0.8757 -0.4817 0.0328
vn 0.7938 -0.2109 0.5705
vn 0.6598 -0.4444 0.6060
vn 0.5805 -0.7256 0.3695
vn 0.3860 -0.6525 0.6521
vn 0.3140 -0.8415 0.4396
vn 0.2414 -0.6864 0.6860
vn 0.1651 -0.8725 0.4599
vn 0.1460 -0.7056 0.6934
vn 0.0994 -0.9169 0.3866
vn 0.1073 -0.7028 0.7033
vn 0.0759 -0.9220 0.3796
vn 0.0342 -0.6954 0.7178
vn 0.0220 -0.8484 0.5289
vn -0.1376 -0.8948 0.4248
vn -0.1715 -0.6122 0.7719
vn -0.3754 -0.8840 0.2785
vn -0.1757 -0.1655 0.9704
vn 0.0187 -0.1875 0.9821
vn -0.0275 -0.1469 0.9888
vn -0.1854 -0.0093 0.9826
vn -0.3337 -0.2072 0.9196
vn -0.0607 -0.0433 0.9972
vn 0.0252 -0.0420 0.9988
vn 0.0325 0.0084 0.9994
vn -0.1047 -0.0087 0.9945
vn -0.0688 0.0258 0.9973
vn -0.1977 -0.0186 0.9801
vn -0.1961 0.0094 0.9805
vn -0.2918 -0.0302 0.9560
vn -0.3251 -0.0630 0.9436
vn -0.8841 -0.4421 0.1512
vn -0.6337 -0.6865 0.3565
vn -0.5045 -0.4381 0.7440
vn -0.6610 -0.1995 0.7234
vn -0.7212 -0.0946 0.6862
vn -0.9867 0.0372 0.1582
vn -0.7505 0.0341 0.6600
vn -0.9749 0.1523 0.1625
vn -0.7080 0.1199 0.6960
vn -0.9787 0.2051 0.0003
vn -0.6127 0.1716 0.7715
vn -0.9569 0.1828 0.2258
vn -0.9719 0.0291 0.2336
vn -0.5983 0.2119 0.7728
vn -0.7712 0.0820 0.6313
vn -0.9136 -0.3043 0.2697
vn -0.6948 0.1861 0.6948
vn -0.8288 0.0570 0.5566
vn -0.9232 -0.2536 0.2887
vn -0.8976 0.1499 0.4145
vn -0.9703 -0.1545 0.1861
vn -0.9848 -0.1445 0.0966
vn -0.9317 0.3627 0.0207
vn -0.9270 -0.3746 0.0208
vn -0.9612 0.2508 -0.1149
vn -0.8662 -0.4795 0.1404
vn -0.9954 0.0803 0.0532
vn -0.8667 -0.3464 0.3588
vn -0.8415 -0.3140 0.4396
vn -0.9140 0.2811 -0.2927
vn -0.8327 0.1424 -0.5351
vn -0.8041 -0.5945 -0.0003
vn -0.5496 -0.0110 -0.8354
vn -0.2521 -0.8882 -0.3841
vn -0.3345 0.0105 -0.9424
vn -0.0668 -0.8878 -0.4554
vn -0.2166 0.0594 -0.9745
vn 0.0098 -0.9543 -0.2986
vn -0.1399 0.0558 -0.9886
vn -0.0587 -0.9769 -0.2055
vn -0.1363 0.0273 -0.9903
vn -0.0988 -0.9223 -0.3737
vn -0.0649 0.1200 -0.9906
vn -0.0932 -0.8157 -0.5710
vn 0.1398 0.1498 -0.9788
vn 0.0331 -0.8607 -0.5080
vn 0.4134 0.1006 -0.9050
vn 0.3891 -0.9189 -0.0649
vn 0.5661 0.1972 -0.8004
vn 0.7344 -0.6787 -0.0000
vn 0.8849 -0.3636 0.2910
vn 0.6938 0.3273 -0.6415
vn 0.8671 0.2562 -0.4272
vn 0.9260 -0.3087 0.2172
vn 0.9727 -0.2311 0.0193
vn 0.6502 0.5825 -0.4877
vn 0.9853 -0.0762 -0.1531
vn 0.6281 0.7301 -0.2692
vn 0.6717 0.7400 -0.0342
vn 0.9581 0.2708 -0.0937
vn 0.8056 0.5805 0.1184
vn 0.9854 0.1677 -0.0278
vn 0.8572 0.4531 0.2449
vn 0.5598 0.8279 -0.0336
vn 0.4958 0.8466 -0.1935
vn 0.3183 0.9442 -0.0849
vn 0.5131 0.7623 -0.3944
vn 0.3663 0.8790 -0.3052
vn 0.3279 0.9272 -0.1809
vn 0.2994 0.8483 -0.4366
vn 0.2676 0.9185 -0.2910
vn 0.1997 0.9794 -0.0285
vn 0.1748 0.9846 0.0092
vn -0.3043 0.9137 0.2693
vn -0.2471 0.9069 0.3413
vn 0.1264 0.9916 -0.0274
vn -0.1398 0.8737 0.4660
vn 0.0695 0.9734 -0.2185
vn 0.0087 0.9954 0.0952
vn 0.1559 0.8274 -0.5396
vn -0.0451 0.8331 -0.5512
vn -0.0653 0.9893 -0.1307
vn -0.0495 0.9701 0.2376
vn -0.2578 0.8592 -0.4419
vn -0.1755 0.9705 -0.1652
vn -0.0484 0.9779 0.2033
vn 0.0112 0.6729 0.7396
vn 0.1328 0.7130 0.6884
vn -0.2387 0.9320 -0.2728
vn -0.1065 0.9940 -0.0266
vn 0.1764 0.8829 0.4353
vn -0.0162 0.9999 -0.0003
vn 0.3297 0.8800 0.3419
vn -0.2079 0.9508 -0.2297
vn -0.3196 0.8728 -0.3688
vn -0.2530 0.9592 -0.1265
vn -0.0163 0.9999 -0.0002
vn -0.0164 0.9996 0.0246
vn -0.4715 0.8576 -0.2053
vn -0.0162 0.9996 0.0248
vn -0.0551 0.9913 0.1193
vn -0.3767 0.9197 0.1108
vn -0.6384 0.7582 0.1324
vn -0.4447 0.7848 -0.4316
vn -0.4158 0.6431 -0.6431
vn -0.3706 0.6088 -0.7014
vn -0.3409 0.6031 -0.7211
vn -0.3705 0.6088 -0.7015
vn -0.3616 0.4778 -0.8006
vn -0.3358 0.5162 -0.7879
vn -0.3107 0.5826 -0.7510
vn -0.2878 0.4626 -0.8386
vn -0.1534 0.4839 -0.8616
vn -0.1970 0.5664 -0.8003
vn -0.0111 0.5496 -0.8354
vn 0.0320 0.4165 -0.9086
vn 0.0922 0.5308 -0.8424
vn 0.0886 0.4097 -0.9079
vn 0.1170 0.5264 -0.8422
vn 0.1026 0.4672 -0.8782
vn 0.1698 0.5578 -0.8124
vn 0.2003 0.3998 -0.8945
vn 0.3231 0.3984 -0.8584
vn 0.3546 0.5777 -0.7353
vn 0.4153 0.6297 -0.6565
vn 0.2408 0.6337 -0.7351
vn 0.3240 0.7646 -0.5572
vn 0.2135 0.7032 -0.6781
vn 0.1444 0.5898 -0.7945
vn 0.0935 0.5842 -0.8062
vn 0.0945 0.6614 -0.7441
vn -0.0459 0.6651 -0.7454
vn -0.0571 0.5824 -0.8109
vn -0.2396 0.5926 -0.7691
vn -0.2135 0.6781 -0.7032
vn -0.3266 0.6140 -0.7186
vn -0.3270 0.7063 -0.6278
vn -0.3124 0.8497 -0.4248
vn -0.6587 0.6968 0.2840
vn -0.4101 0.8575 0.3107
vn -0.5412 0.6759 0.5004
vn -0.5021 0.5694 0.6509
vn -0.3357 0.7877 0.5165
vn -0.3797 0.5100 0.7718
vn -0.3128 0.6909 0.6518
vn -0.3219 0.3833 0.8657
vn -0.1686 0.5300 0.8311
vn -0.2408 0.6337 0.7351
vn -0.0451 0.8413 0.5387
vn -0.1459 0.6811 0.7175
vn -0.0000 0.5947 0.8039
vn -0.0447 0.8416 0.5383
vn 0.0454 0.7766 0.6284
vn -0.0000 0.5193 0.8546
vn 0.0937 0.5974 0.7965
vn 0.0457 0.7767 0.6282
vn 0.0943 0.7658 0.6362
vn 0.0807 0.5529 0.8293
vn 0.0940 0.6236 0.7760
vn 0.0575 0.7821 0.6206
vn 0.0932 0.5710 0.8157
vn 0.1060 0.5891 0.8011
vn 0.0818 0.6311 0.7714
vn 0.0574 0.7820 0.6206
vn 0.0224 0.7957 0.6052
vn 0.0097 0.9646 0.2634
vn -0.1569 0.9817 0.1083
vn 0.1590 0.6605 0.7338
vn 0.0691 0.8063 0.5874
vn -0.1570 0.9816 0.1083
vn -0.2918 0.9560 0.0302
vn 0.2555 0.7025 0.6642
vn -0.2754 0.9542 0.1169
vn 0.1298 0.8375 0.5308
vn 0.2687 0.6141 0.7421
vn 0.1300 0.8373 0.5310
vn 0.2696 0.7061 0.6548
vn 0.3570 0.6472 0.6736
vn 0.1573 0.5808 0.7987
vn 0.2720 0.4451 0.8531
vn 0.3497 0.5045 0.7894
vn 0.3729 0.2645 0.8894
vn 0.2790 0.2792 0.9188
vn 0.3197 0.2056 0.9250
vn 0.4499 0.1775 0.8753
vn 0.3566 0.1338 0.9246
vn 0.5130 0.1166 0.8504
vn 0.4021 0.0652 0.9133
vn 0.5305 0.0565 0.8458
vn 0.4472 -0.0107 0.8944
vn 0.5626 0.0111 0.8267
vn 0.5080 -0.0332 0.8607
vn 0.4256 -0.0214 0.9046
vn 0.5613 -0.0688 0.8248
vn 0.4217 0.0106 0.9067
vn 0.5398 -0.1562 0.8272
vn 0.3869 -0.1483 0.9101
vn 0.2983 -0.0099 0.9544
vn 0.2384 -0.1845 0.9535
vn 0.2198 -0.0190 0.9754
vn 0.1977 -0.1565 0.9677
vn 0.1284 -0.0459 0.9907
vn 0.2219 0.0289 0.9746
vn 0.1399 0.0560 0.9886
vn 0.0427 0.0427 0.9982
vn 0.0537 0.0895 0.9945
vn -0.0349 0.0787 0.9963
vn -0.0180 0.1351 0.9907
vn -0.1460 0.1071 0.9835
vn -0.1845 0.0680 0.9805
vn -0.3115 0.1073 0.9442
vn -0.3157 0.0736 0.9460
vn -0.3880 0.0176 0.9215
vn -0.2882 0.1772 0.9410
vn -0.1005 0.2009 0.9744
vn -0.2408 0.2862 0.9274
vn -0.0832 0.2807 0.9562
vn -0.1127 0.4171 0.9018
vn 0.0106 0.4344 0.9006
vn 0.0302 0.2918 0.9560
vn 0.0669 0.4684 0.8810
vn 0.0731 0.3028 0.9502
vn 0.0695 0.2185 0.9734
vn -0.0000 0.2159 0.9764
vn 0.0565 0.1503 0.9870
vn 0.1340 0.0957 0.9863
vn 0.1288 0.1486 0.9805
vn 0.2146 0.0488 0.9755
vn 0.3254 0.0204 0.9454
vn 0.3011 0.0201 0.9534
vn 0.2538 0.0711 0.9646
vn 0.2427 0.1372 0.9603
vn 0.2204 0.2314 0.9476
vn 0.1858 0.1548 0.9703
vn 0.1925 0.3171 0.9286
vn 0.1670 0.3118 0.9354
vn 0.1719 0.2364 0.9563
vn 0.1302 0.3038 0.9438
vn 0.1246 0.2284 0.9656
vn 0.1021 0.4539 0.8852
vn 0.1276 0.4757 0.8703
vn 0.1783 0.4637 0.8679
vn 0.0778 -0.1753 0.9814
vn 0.0098 0.9646 0.2634
vn 0.1179 0.9820 0.1473
vn 0.1178 0.9820 0.1473
vn 0.1927 0.9736 0.1220
vn 0.1927 0.9737 0.1217
vn 0.3532 0.9350 0.0312
vn -0.0553 0.8840 0.4641
vn 0.4140 0.8877 0.2014
vn -0.0553 0.8841 0.4641
vn -0.0617 0.9557 0.2878
vn 0.5076 0.8499 0.1417
vn 0.5067 0.8114 0.2914
vn 0.5068 0.8114 0.2914
vn 0.0111 0.6729 0.7397
vn -0.0575 0.7820 0.6206
vn 0.0547 0.9925 0.1093
vn -0.3042 0.9137 0.2693
vn -0.4774 0.8298 0.2890
vn -0.5500 0.8006 0.2376
vn -0.2754 0.9542 0.1168
vn -0.3733 0.8110 0.4505
vn -0.6428 0.1459 0.7520
vn -0.4878 0.6500 0.5827
vn -0.3823 -0.8291 -0.4080
vn -0.0551 -0.8842 -0.4639
vn 0.1068 -0.6412 -0.7599
vn 0.0575 -0.7714 -0.6337
vn 0.0205 -0.9455 -0.3250
vn 0.0672 -0.8738 -0.4817
vn -0.0225 -0.6661 -0.7456
vn 0.2024 -0.9346 -0.2926
vn 0.2436 -0.4386 -0.8650
vn 0.6445 -0.3417 -0.6840
vn 0.5192 -0.7794 -0.3507
vn 0.7978 -0.3342 -0.5018
vn 0.8074 -0.3332 -0.4869
vn 0.7024 -0.6643 -0.2558
vn 0.9110 -0.3934 -0.1234
vn 0.9248 -0.3562 0.1338
vn 0.5593 -0.8283 0.0334
vn 0.9132 -0.3158 0.2577
vn 0.5261 -0.8424 0.1169
vn 0.5715 -0.6259 0.5307
vn 0.8402 -0.4511 0.3010
vn 0.4299 -0.6583 0.6180
vn 0.2095 -0.9088 0.3609
vn 0.2274 -0.6949 0.6822
vn 0.1244 -0.9050 0.4069
vn 0.1185 -0.5802 0.8058
vn 0.0695 -0.7767 0.6260
vn 0.0425 -0.9179 0.3946
vn -0.0112 -0.7504 0.6609
vn -0.1072 -0.7262 0.6791
vn -0.0957 -0.9465 0.3081
vn -0.1950 -0.8290 0.5242
vn -0.7006 -0.0463 0.7121
vn -0.5197 -0.7325 0.4398
vn -0.0095 0.2406 0.9706
vn -0.0544 0.9038 0.4244
vn 0.0215 0.8922 0.4512
vn -0.0754 0.9274 -0.3663
vn 0.0656 0.9074 -0.4151
vn 0.1549 0.9703 0.1858
vn -0.1898 0.2903 0.9379
vn -0.3731 0.8111 0.4505
vn -0.0204 0.9367 -0.3496
vn 0.0763 0.9165 -0.3928
vn -0.4880 0.6502 0.5824
vn 0.2904 0.9541 -0.0725
vn -0.5432 0.6514 0.5296
vn -0.7006 -0.0457 0.7121
vn -0.5278 0.6761 0.5141
vn -0.7716 -0.0573 0.6335
vn -0.6505 0.5823 0.4877
vn -0.5663 -0.7371 0.3688
vn -0.6429 0.1453 0.7521
vn -0.3527 -0.8445 0.4030
vn -0.2732 0.1051 0.9562
vn -0.1951 -0.8290 0.5242
vn -0.1071 -0.7267 0.6786
vn -0.1246 0.2284 0.9656
vn -0.0096 0.2402 0.9707
vn -0.0112 -0.7507 0.6606
vn 0.0193 0.2311 0.9727
vn 0.0695 -0.7769 0.6258
vn 0.0392 0.2354 0.9711
vn 0.1185 -0.5808 0.8054
vn 0.1150 0.2507 0.9612
vn 0.1861 -0.6950 0.6945
vn 0.2663 0.1997 0.9430
vn 0.2274 -0.6951 0.6820
vn 0.4364 0.0895 0.8953
vn 0.6405 -0.0460 0.7666
vn 0.7490 -0.1070 0.6539
vn 0.8401 -0.4514 0.3009
vn 0.9299 -0.0000 0.3679
vn 0.9132 -0.3157 0.2576
vn 0.9800 0.0188 0.1979
vn 0.9997 -0.0081 -0.0244
vn 0.9111 -0.3933 -0.1238
vn 0.9557 -0.0616 -0.2877
vn 0.8075 -0.3329 -0.4870
vn 0.9156 0.0539 -0.3985
vn 0.7763 0.0941 -0.6233
vn 0.6446 -0.3416 -0.6840
vn 0.4769 0.0908 -0.8743
vn 0.2437 -0.4386 -0.8650
vn -0.0349 0.0787 -0.9963
vn -0.0226 -0.6665 -0.7451
vn -0.1318 -0.0753 -0.9884
vn 0.0668 -0.8740 -0.4814
vn 0.0576 -0.7718 -0.6332
vn 0.1067 -0.6409 -0.7602
vn 0.2401 -0.1967 -0.9506
vn -0.0211 0.4129 -0.9105
vn -0.2368 0.5362 -0.8102
vn 0.0643 0.9919 0.1099
vn 0.2812 0.2932 -0.9138
vn 0.2418 0.9678 0.0702
vn -0.0406 0.9548 0.2945
vn -0.0706 0.9677 0.2419
vn 0.3754 0.2788 -0.8839
vn -0.1868 0.9463 0.2638
vn 0.6621 0.4733 -0.5811
vn -0.3783 0.8980 0.2247
vn 0.7995 0.4896 -0.3481
vn -0.3256 0.9453 0.0205
vn 0.8525 0.4745 -0.2192
vn -0.4603 0.8877 0.0108
vn 0.6436 0.7610 -0.0819
vn 0.6702 0.7399 0.0578
vn -0.5760 0.7966 -0.1838
vn -0.3805 0.8723 -0.3071
vn 0.5036 0.8621 0.0560
vn -0.3712 0.8201 -0.4355
vn 0.5047 0.7895 0.3492
vn -0.3543 0.8796 -0.3176
vn 0.1452 0.9892 0.0182
vn -0.2269 0.8850 -0.4065
vn 0.4965 0.8317 0.2483
vn 0.0388 0.9739 0.2238
vn -0.1337 0.9247 -0.3565
vn -0.0096 0.9760 0.2177
vn -0.1208 0.9760 0.1811
vn -0.1244 0.9048 -0.4072
vn -0.0499 0.9672 0.2490
vn 0.1148 0.2511 0.9611
vn 0.6407 -0.0454 0.7664
vn 0.3754 0.2785 -0.8840
vn 0.6625 0.4728 -0.5810
vn 0.7994 0.4896 -0.3482
vn 0.8525 0.4746 -0.2193
vn 0.8525 0.4746 -0.2191
vn 0.6436 0.7610 -0.0817
vn 0.5048 0.7892 0.3497
vn 0.4962 0.8319 0.2482
vn -0.0098 0.9760 0.2177
vn -0.1211 0.9760 0.1808
vn 0.0214 0.8921 0.4514
vn -0.0545 0.9037 0.4246
vn 0.1547 0.9704 0.1854
vn -0.3733 0.8109 0.4506
vn -0.6379 -0.7586 -0.1326
vn -0.8003 -0.5506 -0.2376
vn -0.8436 -0.5368 0.0110
vt 0.117235 -0.557219
vt 0.119173 -0.556250
vt 0.119173 -0.542685
vt 0.122080 -0.564001
vt 0.119173 -0.565939
vt 0.117235 -0.567876
vt 0.114329 -0.557219
vt 0.116266 -0.541717
vt 0.121111 -0.544623
vt 0.126924 -0.536872
vt 0.124986 -0.533965
vt 0.123049 -0.532028
vt 0.121111 -0.530090
vt 0.132738 -0.525245
vt 0.113360 -0.539779
vt 0.118204 -0.528152
vt 0.130800 -0.522339
vt 0.110453 -0.538810
vt 0.111422 -0.523308
vt 0.128862 -0.518463
vt 0.104640 -0.536872
vt 0.099795 -0.534934
vt 0.107546 -0.519432
vt 0.122080 -0.508774
vt 0.091075 -0.530090
vt 0.097858 -0.507805
vt 0.120142 -0.505868
vt 0.116266 -0.499085
vt 0.134675 -0.489397
vt 0.136613 -0.497148
vt 0.155022 -0.490365
vt 0.154053 -0.496179
vt 0.175369 -0.498117
vt 0.173431 -0.501992
vt 0.188933 -0.512650
vt 0.191840 -0.509743
vt 0.199591 -0.524276
vt 0.203466 -0.523308
vt 0.206373 -0.534934
vt 0.212186 -0.532997
vt 0.213155 -0.549468
vt 0.220906 -0.549468
vt 0.214124 -0.561094
vt 0.225751 -0.565939
vt 0.225751 -0.575628
vt 0.210248 -0.573690
vt 0.219937 -0.593068
vt 0.204435 -0.586285
vt 0.208311 -0.608570
vt 0.196684 -0.598881
vt 0.196684 -0.621165
vt 0.186026 -0.609539
vt 0.175369 -0.618259
vt 0.187964 -0.629885
vt 0.164711 -0.626979
vt 0.178275 -0.641512
vt 0.155991 -0.639574
vt 0.166649 -0.657014
vt 0.147271 -0.651201
vt 0.162773 -0.668641
vt 0.145333 -0.671547
vt 0.161804 -0.681236
vt 0.149209 -0.685112
vt 0.162773 -0.695770
vt 0.152115 -0.698676
vt 0.165680 -0.709334
vt 0.154053 -0.711272
vt 0.155022 -0.725805
vt 0.166649 -0.723867
vt 0.155991 -0.739369
vt 0.167617 -0.738401
vt 0.155022 -0.752934
vt 0.166649 -0.753903
vt 0.154053 -0.767467
vt 0.166649 -0.766498
vt 0.150177 -0.782000
vt 0.166649 -0.782000
vt 0.152115 -0.802347
vt 0.169555 -0.799440
vt 0.160835 -0.813005
vt 0.181182 -0.813005
vt 0.172462 -0.824632
vt 0.186026 -0.830445
vt 0.192808 -0.823663
vt 0.198622 -0.839165
vt 0.204435 -0.833351
vt 0.216062 -0.842071
vt 0.210248 -0.847885
vt 0.219937 -0.858543
vt 0.226720 -0.852729
vt 0.228657 -0.870169
vt 0.235440 -0.864356
vt 0.237377 -0.875983
vt 0.229626 -0.879858
vt 0.235440 -0.889547
vt 0.227688 -0.890516
vt 0.233502 -0.897298
vt 0.226720 -0.897298
vt 0.229626 -0.905049
vt 0.223813 -0.904080
vt 0.225751 -0.913769
vt 0.219937 -0.911831
vt 0.215093 -0.926365
vt 0.211217 -0.923458
vt 0.198622 -0.933147
vt 0.201528 -0.940898
vt 0.185057 -0.938960
vt 0.186026 -0.950587
vt 0.170524 -0.940898
vt 0.169555 -0.954462
vt 0.154053 -0.953493
vt 0.156960 -0.939929
vt 0.147271 -0.954462
vt 0.147271 -0.935085
vt 0.127893 -0.939929
vt 0.137582 -0.961245
vt 0.118204 -0.949618
vt 0.130800 -0.968027
vt 0.110453 -0.959307
vt 0.124018 -0.982560
vt 0.101733 -0.971902
vt 0.117235 -1.000000
vt 0.092044 -0.987405
vt 0.083324 -0.962213
vt 0.070729 -0.975778
vt 0.066853 -0.950587
vt 0.052320 -0.963182
vt 0.052320 -0.937022
vt 0.036818 -0.949618
vt 0.041662 -0.924427
vt 0.065884 -0.926365
vt 0.055227 -0.914738
vt 0.047475 -0.904080
vt 0.067822 -0.904080
vt 0.060071 -0.894391
vt 0.053289 -0.885671
vt 0.040693 -0.894391
vt 0.032942 -0.913769
vt 0.026160 -0.903111
vt 0.009689 -0.911831
vt 0.025191 -0.936054
vt 0.016471 -0.922489
vt 0.020347 -0.893422
vt 0.004844 -0.901174
vt -0.000000 -0.884703
vt 0.013564 -0.875014
vt 0.035849 -0.884703
vt 0.049413 -0.877920
vt 0.029067 -0.868231
vt 0.043600 -0.861449
vt 0.060071 -0.869200
vt 0.064915 -0.876951
vt 0.073635 -0.867262
vt 0.069760 -0.858543
vt 0.056195 -0.857574
vt 0.065884 -0.849823
vt 0.082355 -0.857574
vt 0.077511 -0.849823
vt 0.090106 -0.846916
vt 0.084293 -0.840134
vt 0.072666 -0.841103
vt 0.080418 -0.832383
vt 0.096889 -0.835289
vt 0.091075 -0.829476
vt 0.103671 -0.824632
vt 0.098826 -0.818818
vt 0.086231 -0.823663
vt 0.093982 -0.812036
vt 0.105609 -0.808160
vt 0.111422 -0.813974
vt 0.112391 -0.798472
vt 0.099795 -0.803316
vt 0.104640 -0.796534
vt 0.118204 -0.802347
vt 0.117235 -0.786845
vt 0.108515 -0.783938
vt 0.121111 -0.775218
vt 0.112391 -0.772312
vt 0.124986 -0.789752
vt 0.128862 -0.777156
vt 0.131769 -0.764561
vt 0.123049 -0.763592
vt 0.124018 -0.751965
vt 0.110453 -0.761654
vt 0.110453 -0.751965
vt 0.133706 -0.751965
vt 0.124018 -0.740338
vt 0.134675 -0.740338
vt 0.124986 -0.728712
vt 0.108515 -0.740338
vt 0.107546 -0.729681
vt 0.133706 -0.727743
vt 0.123049 -0.716116
vt 0.132738 -0.715147
vt 0.121111 -0.704489
vt 0.105609 -0.717085
vt 0.105609 -0.704489
vt 0.130800 -0.702552
vt 0.127893 -0.690925
vt 0.118204 -0.693832
vt 0.124018 -0.680267
vt 0.115298 -0.683174
vt 0.101733 -0.694801
vt 0.100764 -0.688987
vt 0.119173 -0.669610
vt 0.111422 -0.673485
vt 0.100764 -0.679298
vt 0.111422 -0.658952
vt 0.104640 -0.664765
vt 0.095920 -0.668641
vt 0.092044 -0.662827
vt 0.097858 -0.657014
vt 0.088169 -0.657014
vt 0.092044 -0.647325
vt 0.103671 -0.650232
vt 0.095920 -0.640543
vt 0.082355 -0.637636
vt 0.081386 -0.646356
vt 0.086231 -0.629885
vt 0.071698 -0.626979
vt 0.069760 -0.633761
vt 0.057164 -0.626010
vt 0.074604 -0.619227
vt 0.060071 -0.617290
vt 0.062009 -0.611476
vt 0.046507 -0.612445
vt 0.044569 -0.621165
vt 0.047475 -0.604694
vt 0.032942 -0.609539
vt 0.032942 -0.620196
vt 0.032942 -0.599850
vt 0.018409 -0.607601
vt 0.019378 -0.619227
vt 0.000969 -0.606632
vt 0.017440 -0.597912
vt 0.000969 -0.595974
vt 0.000969 -0.584347
vt 0.018409 -0.586285
vt 0.019378 -0.573690
vt 0.001938 -0.569814
vt 0.021315 -0.558188
vt 0.003876 -0.554312
vt 0.024222 -0.541717
vt 0.006782 -0.535903
vt 0.028098 -0.523308
vt 0.011627 -0.517494
vt 0.032942 -0.503930
vt 0.016471 -0.497148
vt 0.043600 -0.481645
vt 0.024222 -0.473894
vt 0.054258 -0.488428
vt 0.048444 -0.510712
vt 0.067822 -0.497148
vt 0.062978 -0.518463
vt 0.085262 -0.506837
vt 0.078480 -0.525245
vt 0.060071 -0.536872
vt 0.074604 -0.543654
vt 0.057164 -0.554312
vt 0.072666 -0.561094
vt 0.087200 -0.548499
vt 0.087200 -0.568845
vt 0.095920 -0.551405
vt 0.095920 -0.571752
vt 0.100764 -0.553343
vt 0.102702 -0.572721
vt 0.109484 -0.557219
vt 0.110453 -0.570783
vt 0.114329 -0.569814
vt 0.112391 -0.557219
vt 0.119173 -0.580472
vt 0.122080 -0.578534
vt 0.124018 -0.576596
vt 0.128862 -0.585316
vt 0.130800 -0.583379
vt 0.135644 -0.591130
vt 0.125955 -0.588223
vt 0.133706 -0.594036
vt 0.107546 -0.589192
vt 0.114329 -0.600819
vt 0.144364 -0.596943
vt 0.143395 -0.600819
vt 0.124018 -0.609539
vt 0.138551 -0.613414
vt 0.152115 -0.615352
vt 0.132738 -0.623103
vt 0.144364 -0.627947
vt 0.136613 -0.638605
vt 0.125955 -0.629885
vt 0.128862 -0.647325
vt 0.137582 -0.658952
vt 0.127893 -0.664765
vt 0.120142 -0.653139
vt 0.133706 -0.676392
vt 0.138551 -0.688018
vt 0.141457 -0.700614
vt 0.143395 -0.713210
vt 0.144364 -0.726774
vt 0.144364 -0.739369
vt 0.144364 -0.752934
vt 0.142426 -0.766498
vt 0.138551 -0.780063
vt 0.132738 -0.793627
vt 0.133706 -0.812036
vt 0.142426 -0.797503
vt 0.125955 -0.806223
vt 0.141457 -0.817849
vt 0.128862 -0.828507
vt 0.138551 -0.837227
vt 0.151146 -0.826569
vt 0.146302 -0.844978
vt 0.160835 -0.836258
vt 0.165680 -0.847885
vt 0.177306 -0.840134
vt 0.178275 -0.849823
vt 0.190871 -0.846916
vt 0.189902 -0.855636
vt 0.202497 -0.854667
vt 0.197653 -0.862418
vt 0.204435 -0.869200
vt 0.212186 -0.864356
vt 0.212186 -0.878889
vt 0.220906 -0.876951
vt 0.222844 -0.884703
vt 0.213155 -0.885671
vt 0.221875 -0.890516
vt 0.213155 -0.890516
vt 0.219937 -0.896329
vt 0.212186 -0.895360
vt 0.217031 -0.902142
vt 0.210248 -0.900205
vt 0.208311 -0.906018
vt 0.214124 -0.909894
vt 0.202497 -0.913769
vt 0.207342 -0.919582
vt 0.192808 -0.919582
vt 0.195715 -0.928302
vt 0.183120 -0.923458
vt 0.183120 -0.933147
vt 0.174400 -0.924427
vt 0.172462 -0.933147
vt 0.159866 -0.928302
vt 0.163742 -0.919582
vt 0.151146 -0.923458
vt 0.155991 -0.915707
vt 0.141457 -0.914738
vt 0.133706 -0.927334
vt 0.120142 -0.914738
vt 0.111422 -0.926365
vt 0.097858 -0.914738
vt 0.089138 -0.926365
vt 0.102702 -0.937991
vt 0.078480 -0.937991
vt 0.077511 -0.914738
vt 0.086231 -0.903111
vt 0.105609 -0.902142
vt 0.093982 -0.891485
vt 0.077511 -0.894391
vt 0.086231 -0.882765
vt 0.079449 -0.875014
vt 0.070729 -0.885671
vt 0.093982 -0.872107
vt 0.088169 -0.865325
vt 0.101733 -0.860480
vt 0.095920 -0.854667
vt 0.107546 -0.848854
vt 0.101733 -0.842071
vt 0.115298 -0.836258
vt 0.109484 -0.830445
vt 0.124018 -0.823663
vt 0.117235 -0.818818
vt 0.121111 -0.843040
vt 0.112391 -0.854667
vt 0.128862 -0.849823
vt 0.122080 -0.864356
vt 0.137582 -0.857574
vt 0.131769 -0.872107
vt 0.137582 -0.874045
vt 0.143395 -0.861449
vt 0.153084 -0.854667
vt 0.145333 -0.863387
vt 0.155022 -0.856605
vt 0.166649 -0.851760
vt 0.166649 -0.854667
vt 0.178275 -0.853698
vt 0.178275 -0.856605
vt 0.188933 -0.858543
vt 0.186995 -0.860480
vt 0.195715 -0.864356
vt 0.193777 -0.866294
vt 0.201528 -0.871138
vt 0.199591 -0.873076
vt 0.205404 -0.880827
vt 0.208311 -0.879858
vt 0.207342 -0.886640
vt 0.210248 -0.885671
vt 0.209280 -0.890516
vt 0.207342 -0.890516
vt 0.209280 -0.895360
vt 0.206373 -0.894391
vt 0.207342 -0.899236
vt 0.205404 -0.898267
vt 0.205404 -0.904080
vt 0.203466 -0.903111
vt 0.200560 -0.910862
vt 0.198622 -0.908925
vt 0.191840 -0.916676
vt 0.190871 -0.914738
vt 0.182151 -0.917645
vt 0.182151 -0.920551
vt 0.174400 -0.918614
vt 0.174400 -0.921520
vt 0.164711 -0.916676
vt 0.165680 -0.914738
vt 0.156960 -0.913769
vt 0.157929 -0.911831
vt 0.151146 -0.906987
vt 0.149209 -0.907956
vt 0.143395 -0.897298
vt 0.140489 -0.898267
vt 0.147271 -0.909894
vt 0.138551 -0.898267
vt 0.138551 -0.884703
vt 0.135644 -0.884703
vt 0.126924 -0.886640
vt 0.128862 -0.901174
vt 0.112391 -0.890516
vt 0.117235 -0.877920
vt 0.100764 -0.878889
vt 0.106578 -0.866294
vt 0.140489 -0.884703
vt 0.141457 -0.875014
vt 0.139520 -0.874045
vt 0.146302 -0.865325
vt 0.148240 -0.867262
vt 0.155991 -0.859511
vt 0.156960 -0.862418
vt 0.157929 -0.864356
vt 0.166649 -0.860480
vt 0.166649 -0.857574
vt 0.175369 -0.861449
vt 0.177306 -0.859511
vt 0.184088 -0.864356
vt 0.186026 -0.862418
vt 0.189902 -0.870169
vt 0.191840 -0.868231
vt 0.195715 -0.876951
vt 0.197653 -0.875014
vt 0.202497 -0.881796
vt 0.201528 -0.883734
vt 0.202497 -0.886640
vt 0.204435 -0.886640
vt 0.202497 -0.890516
vt 0.204435 -0.890516
vt 0.201528 -0.893422
vt 0.203466 -0.893422
vt 0.200560 -0.896329
vt 0.202497 -0.897298
vt 0.200560 -0.902142
vt 0.198622 -0.901174
vt 0.196684 -0.907956
vt 0.195715 -0.906018
vt 0.189902 -0.912800
vt 0.187964 -0.910862
vt 0.181182 -0.914738
vt 0.180213 -0.912800
vt 0.174400 -0.915707
vt 0.174400 -0.912800
vt 0.165680 -0.911831
vt 0.166649 -0.909894
vt 0.159866 -0.909894
vt 0.160835 -0.906987
vt 0.153084 -0.905049
vt 0.154053 -0.903111
vt 0.145333 -0.896329
vt 0.147271 -0.894391
vt 0.142426 -0.884703
vt 0.145333 -0.883734
vt 0.144364 -0.875983
vt 0.145333 -0.876951
vt 0.150177 -0.869200
vt 0.093982 -0.949618
vt 0.118204 -0.636667
vt 0.110453 -0.643450
vt 0.107546 -0.626979
vt 0.101733 -0.633761
vt 0.090106 -0.623103
vt 0.095920 -0.615352
vt 0.078480 -0.611476
vt 0.082355 -0.601788
vt 0.063947 -0.602756
vt 0.067822 -0.591130
vt 0.049413 -0.595005
vt 0.052320 -0.583379
vt 0.035849 -0.577565
vt 0.034880 -0.590161
vt 0.054258 -0.569814
vt 0.037787 -0.564001
vt 0.040693 -0.547530
vt 0.044569 -0.530090
vt 0.070729 -0.577565
vt 0.089138 -0.588223
vt 0.097858 -0.589192
vt 0.102702 -0.607601
vt 0.107546 -0.603725
vt 0.114329 -0.620196
vt 0.119173 -0.616321
vt 0.153084 -0.601788
vt 0.164711 -0.610507
vt 0.163742 -0.599850
vt 0.174400 -0.602756
vt 0.172462 -0.593068
vt 0.186026 -0.592099
vt 0.179244 -0.585316
vt 0.193777 -0.582410
vt 0.188933 -0.567876
vt 0.185057 -0.576596
vt 0.199591 -0.570783
vt 0.186026 -0.566908
vt 0.181182 -0.575628
vt 0.182151 -0.565939
vt 0.179244 -0.573690
vt 0.174400 -0.580472
vt 0.176337 -0.582410
vt 0.168586 -0.587254
vt 0.170524 -0.590161
vt 0.161804 -0.592099
vt 0.162773 -0.595005
vt 0.153084 -0.597912
vt 0.153084 -0.595005
vt 0.145333 -0.594036
vt 0.146302 -0.591130
vt 0.139520 -0.586285
vt 0.137582 -0.589192
vt 0.141457 -0.584347
vt 0.132738 -0.580472
vt 0.134675 -0.578534
vt 0.125955 -0.574659
vt 0.127893 -0.571752
vt 0.147271 -0.589192
vt 0.152115 -0.589192
vt 0.157929 -0.587254
vt 0.153084 -0.592099
vt 0.159866 -0.589192
vt 0.163742 -0.583379
vt 0.166649 -0.585316
vt 0.169555 -0.577565
vt 0.171493 -0.578534
vt 0.173431 -0.570783
vt 0.176337 -0.571752
vt 0.179244 -0.564970
vt 0.177306 -0.564001
vt 0.181182 -0.559156
vt 0.184088 -0.560125
vt 0.185057 -0.553343
vt 0.187964 -0.560125
vt 0.188933 -0.553343
vt 0.191840 -0.560125
vt 0.193777 -0.552374
vt 0.203466 -0.561094
vt 0.204435 -0.550436
vt 0.192808 -0.542685
vt 0.201528 -0.538810
vt 0.188933 -0.532997
vt 0.195715 -0.527183
vt 0.182151 -0.523308
vt 0.186995 -0.515557
vt 0.169555 -0.514588
vt 0.171493 -0.505868
vt 0.155022 -0.509743
vt 0.155022 -0.500054
vt 0.139520 -0.512650
vt 0.135644 -0.500054
vt 0.140489 -0.516525
vt 0.155022 -0.514588
vt 0.141457 -0.520401
vt 0.155022 -0.518463
vt 0.168586 -0.519432
vt 0.167617 -0.522339
vt 0.177306 -0.530090
vt 0.179244 -0.527183
vt 0.182151 -0.536872
vt 0.185057 -0.534934
vt 0.185057 -0.545592
vt 0.188933 -0.544623
vt 0.179244 -0.538810
vt 0.181182 -0.545592
vt 0.182151 -0.553343
vt 0.179244 -0.552374
vt 0.178275 -0.558188
vt 0.178275 -0.545592
vt 0.175369 -0.539779
vt 0.171493 -0.533965
vt 0.174400 -0.532028
vt 0.165680 -0.525245
vt 0.162773 -0.528152
vt 0.154053 -0.522339
vt 0.154053 -0.525245
vt 0.142426 -0.523308
vt 0.143395 -0.526214
vt 0.133706 -0.527183
vt 0.135644 -0.530090
vt 0.563902 -0.275122
vt 0.540488 -0.278049
vt 0.564878 -0.280000
vt 0.540488 -0.281952
vt 0.564878 -0.283903
vt 0.540488 -0.285854
vt 0.564878 -0.287805
vt 0.541463 -0.290732
vt 0.564878 -0.292683
vt 0.541463 -0.294635
vt 0.564878 -0.296586
vt 0.541463 -0.298537
vt 0.564878 -0.301464
vt 0.541463 -0.302439
vt 0.565854 -0.305366
vt 0.541463 -0.307317
vt 0.565854 -0.309269
vt 0.542439 -0.311220
vt 0.542439 -0.315122
vt 0.565854 -0.314147
vt 0.542439 -0.319025
vt 0.565854 -0.318049
vt 0.566829 -0.321952
vt 0.542439 -0.323903
vt 0.566829 -0.326830
vt 0.542439 -0.327805
vt 0.566829 -0.330732
vt 0.543415 -0.331708
vt 0.543415 -0.335610
vt 0.566829 -0.334634
vt 0.543415 -0.340488
vt 0.566829 -0.338537
vt 0.544390 -0.344391
vt 0.567805 -0.343415
vt 0.544390 -0.348293
vt 0.567805 -0.347317
vt 0.544390 -0.352195
vt 0.567805 -0.351220
vt 0.545366 -0.356098
vt 0.568780 -0.355122
vt 0.545366 -0.360976
vt 0.568780 -0.360000
vt 0.545366 -0.364878
vt 0.568780 -0.363903
vt 0.546341 -0.368781
vt 0.546341 -0.372683
vt 0.569756 -0.367805
vt 0.546341 -0.376586
vt 0.569756 -0.371708
vt 0.547317 -0.381464
vt 0.569756 -0.380488
vt 0.569756 -0.376586
vt 0.547317 -0.385366
vt 0.569756 -0.384390
vt 0.547317 -0.389269
vt 0.547317 -0.393171
vt 0.570732 -0.388293
vt 0.547317 -0.397073
vt 0.570732 -0.392195
vt 0.547317 -0.401951
vt 0.570732 -0.400976
vt 0.570732 -0.397073
vt 0.547317 -0.405854
vt 0.570732 -0.404878
vt 0.547317 -0.409756
vt 0.570732 -0.408781
vt 0.017562 -0.896585
vt 0.037074 -0.884877
vt 0.000977 -0.807804
vt 0.021464 -0.809756
vt 0.052684 -0.878048
vt 0.039025 -0.808780
vt 0.055611 -0.808780
vt 0.068294 -0.873170
vt 0.071220 -0.807804
vt 0.080976 -0.869268
vt 0.086830 -0.807804
vt 0.094635 -0.866341
vt 0.106342 -0.865365
vt 0.101464 -0.807804
vt 0.118050 -0.864390
vt 0.129757 -0.864390
vt 0.117074 -0.807804
vt 0.141464 -0.864390
vt 0.131708 -0.807804
vt 0.152196 -0.866341
vt 0.147318 -0.808780
vt 0.164879 -0.869268
vt 0.161952 -0.809756
vt 0.176586 -0.873170
vt 0.176586 -0.811707
vt 0.189269 -0.878048
vt 0.192196 -0.812682
vt 0.202927 -0.883902
vt 0.207805 -0.814634
vt 0.218537 -0.892682
vt 0.223415 -0.816585
vt 0.237074 -0.906341
vt 0.240976 -0.818536
vt 0.261464 -0.818536
vt 0.121952 -0.998048
vt 0.222440 -0.918048
vt 0.140488 -0.968780
vt 0.209757 -0.906341
vt 0.143415 -0.955121
vt 0.198049 -0.898536
vt 0.185366 -0.892682
vt 0.141464 -0.947316
vt 0.173659 -0.887804
vt 0.139513 -0.941463
vt 0.162927 -0.884877
vt 0.136586 -0.937560
vt 0.151220 -0.881950
vt 0.133659 -0.935609
vt 0.130732 -0.934633
vt 0.140488 -0.880975
vt 0.128781 -0.879999
vt 0.127806 -0.934633
vt 0.118050 -0.879999
vt 0.106342 -0.880975
vt 0.123903 -0.934633
vt 0.094635 -0.881950
vt 0.117074 -0.938536
vt 0.120976 -0.936585
vt 0.082928 -0.884877
vt 0.114147 -0.942438
vt 0.070245 -0.887804
vt 0.110245 -0.947316
vt 0.057562 -0.893658
vt 0.107318 -0.957072
vt 0.043903 -0.900487
vt 0.031220 -0.910243
vt 0.108293 -0.969755
vt 0.009757 -0.782439
vt 0.025367 -0.784390
vt 0.042928 -0.786341
vt 0.059513 -0.788292
vt 0.074147 -0.789268
vt 0.089757 -0.791219
vt 0.104391 -0.793170
vt 0.119025 -0.794146
vt 0.146342 -0.795121
vt 0.131708 -0.795121
vt 0.160001 -0.795121
vt 0.175610 -0.795121
vt 0.190244 -0.794146
vt 0.205854 -0.794146
vt 0.222440 -0.794146
vt 0.238049 -0.793170
vt 0.254635 -0.792195
vt 0.261464 -0.534634
vt 0.245854 -0.534634
vt 0.231220 -0.535610
vt 0.216586 -0.536585
vt 0.201952 -0.538537
vt 0.187318 -0.539512
vt 0.171708 -0.540488
vt 0.157074 -0.541463
vt 0.142440 -0.541463
vt 0.127806 -0.540488
vt 0.112196 -0.538537
vt 0.097562 -0.536585
vt 0.082928 -0.533659
vt 0.068294 -0.530732
vt 0.053659 -0.528780
vt 0.039025 -0.526829
vt 0.023416 -0.525854
vt 0.966828 -0.480976
vt 0.962926 -0.472195
vt 0.966828 -0.491707
vt 0.926828 -0.509268
vt 0.945365 -0.460488
vt 0.955121 -0.464390
vt 0.934633 -0.460488
vt 0.925853 -0.465366
vt 0.918048 -0.473171
vt 0.915121 -0.481951
vt 0.915121 -0.492683
vt 0.919024 -0.502439
vt 0.935609 -0.513171
vt 0.956097 -0.509268
vt 0.946341 -0.513171
vt 0.963902 -0.501463
vt 0.398049 -0.353171
vt 0.407805 -0.283903
vt 0.387317 -0.350244
vt 0.397073 -0.282927
vt 0.378537 -0.348293
vt 0.386342 -0.280976
vt 0.368781 -0.346342
vt 0.375610 -0.280000
vt 0.360000 -0.345366
vt 0.365854 -0.278049
vt 0.351220 -0.343415
vt 0.355122 -0.277074
vt 0.341464 -0.343415
vt 0.344391 -0.276098
vt 0.332683 -0.342439
vt 0.334634 -0.276098
vt 0.323903 -0.275122
vt 0.323903 -0.342439
vt 0.313171 -0.276098
vt 0.302439 -0.276098
vt 0.315122 -0.342439
vt 0.292683 -0.277074
vt 0.305366 -0.342439
vt 0.281952 -0.278049
vt 0.296586 -0.343415
vt 0.272196 -0.279025
vt 0.286830 -0.345366
vt 0.260488 -0.280976
vt 0.278049 -0.346342
vt 0.250732 -0.281952
vt 0.268293 -0.348293
vt 0.240001 -0.283903
vt 0.259513 -0.350244
vt 0.248781 -0.353171
vt 0.395122 -0.357073
vt 0.386342 -0.354147
vt 0.377561 -0.352195
vt 0.368781 -0.350244
vt 0.360000 -0.349269
vt 0.350244 -0.348293
vt 0.332683 -0.346342
vt 0.341464 -0.347317
vt 0.315122 -0.346342
vt 0.323903 -0.346342
vt 0.296586 -0.348293
vt 0.305366 -0.347317
vt 0.279025 -0.350244
vt 0.287805 -0.349269
vt 0.260488 -0.354147
vt 0.269269 -0.352195
vt 0.251708 -0.357073
vt 0.392195 -0.367805
vt 0.383415 -0.364878
vt 0.375610 -0.362927
vt 0.366830 -0.360976
vt 0.359025 -0.359025
vt 0.350244 -0.358049
vt 0.341464 -0.357073
vt 0.332683 -0.357073
vt 0.323903 -0.357073
vt 0.315122 -0.357073
vt 0.306342 -0.357073
vt 0.297561 -0.358049
vt 0.288781 -0.359025
vt 0.280000 -0.360976
vt 0.271220 -0.362927
vt 0.263415 -0.364878
vt 0.254635 -0.367805
vt 0.264391 -0.403903
vt 0.272196 -0.401951
vt 0.257561 -0.371708
vt 0.264391 -0.368781
vt 0.279025 -0.400000
vt 0.273171 -0.366830
vt 0.286830 -0.399025
vt 0.280976 -0.365854
vt 0.289757 -0.363903
vt 0.293659 -0.398049
vt 0.297561 -0.362927
vt 0.301464 -0.397073
vt 0.308293 -0.396098
vt 0.306342 -0.361951
vt 0.316098 -0.396098
vt 0.315122 -0.361951
vt 0.323903 -0.396098
vt 0.330732 -0.396098
vt 0.332683 -0.361951
vt 0.323903 -0.360976
vt 0.338537 -0.397073
vt 0.340488 -0.361951
vt 0.346342 -0.397073
vt 0.353171 -0.398049
vt 0.358049 -0.363903
vt 0.349269 -0.362927
vt 0.360000 -0.399025
vt 0.365854 -0.364878
vt 0.367805 -0.400000
vt 0.374634 -0.401951
vt 0.381464 -0.369756
vt 0.373659 -0.366830
vt 0.382439 -0.403903
vt 0.389269 -0.371708
vt 0.069269 -0.954145
vt 0.063415 -0.954145
vt 0.073172 -0.958048
vt 0.058537 -0.959024
vt 0.073172 -0.968780
vt 0.058537 -0.968780
vt 0.063415 -0.972682
vt 0.069269 -0.972682
vt 0.097562 -0.370732
vt 0.090732 -0.370732
vt 0.101464 -0.374634
vt 0.086830 -0.374634
vt 0.086830 -0.384390
vt 0.101464 -0.384390
vt 0.090732 -0.389269
vt 0.097562 -0.389269
vt 0.408781 -0.155123
vt 0.408781 -0.075123
vt 0.402927 -0.155123
vt 0.402927 -0.075123
vt 0.397073 -0.075123
vt 0.397073 -0.155123
vt 0.387317 -0.155123
vt 0.387317 -0.075123
vt 0.381464 -0.155123
vt 0.381464 -0.075123
vt 0.375610 -0.075123
vt 0.375610 -0.155123
vt 0.368781 -0.075123
vt 0.359025 -0.075123
vt 0.359025 -0.155123
vt 0.368781 -0.155123
vt 0.353171 -0.075123
vt 0.353171 -0.155123
vt 0.057562 -0.075123
vt 0.051708 -0.075123
vt 0.057562 -0.156098
vt 0.051708 -0.156098
vt 0.041952 -0.156098
vt 0.041952 -0.075123
vt 0.035123 -0.156098
vt 0.035123 -0.075123
vt 0.029269 -0.156098
vt 0.029269 -0.075123
vt 0.023416 -0.075123
vt 0.012684 -0.075123
vt 0.012684 -0.156098
vt 0.023416 -0.156098
vt 0.006830 -0.075123
vt 0.006830 -0.156098
vt 0.000977 -0.075123
vt 0.000977 -0.156098
vt 0.711219 -0.716097
vt 0.687805 -0.713170
vt 0.711219 -0.779512
vt 0.687805 -0.777560
vt 0.914146 -0.500488
vt 0.879999 -0.500488
vt 0.914146 -0.571707
vt 0.879999 -0.571707
vt 0.935609 -0.176586
vt 0.911219 -0.177562
vt 0.935609 -0.240976
vt 0.911219 -0.240976
vt 0.897560 -0.177562
vt 0.897560 -0.240976
vt 0.214635 -0.999023
vt 0.224391 -0.999023
vt 0.214635 -0.928780
vt 0.224391 -0.928780
vt 0.727804 -0.306342
vt 0.713170 -0.304391
vt 0.727804 -0.369756
vt 0.713170 -0.367805
vt 0.986341 -0.157074
vt 0.986341 -0.131708
vt 0.957072 -0.155123
vt 0.957072 -0.129757
vt 0.986341 -0.116098
vt 0.957072 -0.114147
vt 0.949267 -0.114147
vt 0.949267 -0.129757
vt 0.777560 -0.141464
vt 0.811707 -0.141464
vt 0.777560 -0.070245
vt 0.811707 -0.071220
vt 0.821463 -0.071220
vt 0.821463 -0.141464
vt 0.999023 -0.390244
vt 0.975609 -0.389269
vt 0.999023 -0.422439
vt 0.975609 -0.421464
vt 0.961950 -0.389269
vt 0.961950 -0.379512
vt 0.975609 -0.380488
vt 0.961950 -0.421464
vt 0.153171 -0.067318
vt 0.153171 -0.017562
vt 0.148293 -0.067318
vt 0.148293 -0.017562
vt 0.142440 -0.017562
vt 0.142440 -0.066342
vt 0.440976 -0.763902
vt 0.440976 -0.811707
vt 0.446829 -0.763902
vt 0.446829 -0.810731
vt 0.451707 -0.765853
vt 0.451707 -0.812682
vt 0.389269 -0.071220
vt 0.389269 -0.022440
vt 0.383415 -0.071220
vt 0.383415 -0.021464
vt 0.378537 -0.022440
vt 0.378537 -0.071220
vt 0.958048 -0.893658
vt 0.964877 -0.893658
vt 0.958048 -0.849755
vt 0.964877 -0.850731
vt 0.970731 -0.890731
vt 0.970731 -0.847804
vt 0.032196 -0.428293
vt 0.032196 -0.378537
vt 0.027318 -0.427317
vt 0.027318 -0.377561
vt 0.021464 -0.377561
vt 0.021464 -0.427317
vt 0.717073 -0.005855
vt 0.717073 -0.052684
vt 0.722926 -0.005855
vt 0.722926 -0.052684
vt 0.728780 -0.006830
vt 0.728780 -0.053659
vt 0.976584 -0.949267
vt 0.970731 -0.949267
vt 0.976584 -0.998048
vt 0.970731 -0.999023
vt 0.965853 -0.949267
vt 0.965853 -0.999023
vt 0.160001 -0.048781
vt 0.165854 -0.049757
vt 0.160001 -0.005855
vt 0.165854 -0.006830
vt 0.171708 -0.046830
vt 0.171708 -0.004879
vt 0.702439 -0.088781
vt 0.704390 -0.158049
vt 0.704390 -0.089757
vt 0.705365 -0.159025
vt 0.713170 -0.131708
vt 0.733658 -0.126830
vt 0.714146 -0.129757
vt 0.733658 -0.197074
vt 0.728780 -0.119025
vt 0.735609 -0.116098
vt 0.744390 -0.125854
vt 0.744390 -0.197074
vt 0.713170 -0.199025
vt 0.713170 -0.218537
vt 0.733658 -0.217562
vt 0.744390 -0.216586
vt 0.777560 -0.195123
vt 0.772682 -0.128781
vt 0.770731 -0.124879
vt 0.761951 -0.117074
vt 0.744390 -0.115123
vt 0.777560 -0.214635
vt 0.439025 -0.097562
vt 0.439025 -0.160001
vt 0.510244 -0.098537
vt 0.510244 -0.160976
vt 0.530732 -0.160001
vt 0.530732 -0.097562
vt 0.620488 -0.159025
vt 0.639024 -0.159025
vt 0.618536 -0.089757
vt 0.638049 -0.089757
vt 0.534634 -0.078050
vt 0.534634 -0.156098
vt 0.537561 -0.078050
vt 0.537561 -0.156098
vt 0.546341 -0.157074
vt 0.546341 -0.079025
vt 0.944389 -0.796097
vt 0.944389 -0.722926
vt 0.907316 -0.796097
vt 0.907316 -0.722926
vt 0.894633 -0.796097
vt 0.894633 -0.722926
vt 0.872194 -0.722926
vt 0.872194 -0.796097
vt 0.603902 -0.079025
vt 0.585366 -0.079025
vt 0.603902 -0.157074
vt 0.585366 -0.157074
vt 0.577561 -0.079025
vt 0.577561 -0.157074
vt 0.567805 -0.079025
vt 0.567805 -0.157074
vt 0.181464 -0.108293
vt 0.245854 -0.108293
vt 0.181464 -0.084879
vt 0.244879 -0.084879
vt 0.875121 -0.574634
vt 0.875121 -0.644878
vt 0.909267 -0.574634
vt 0.909267 -0.644878
vt 0.919024 -0.377561
vt 0.919024 -0.314147
vt 0.905365 -0.375610
vt 0.905365 -0.312195
vt 0.880975 -0.373659
vt 0.880975 -0.310244
vt 0.480976 -0.677073
vt 0.480976 -0.747317
vt 0.490732 -0.677073
vt 0.490732 -0.747317
vt 0.781463 -0.155123
vt 0.781463 -0.218537
vt 0.795121 -0.155123
vt 0.795121 -0.218537
vt 0.961950 -0.465366
vt 0.991219 -0.467317
vt 0.961950 -0.440000
vt 0.991219 -0.441951
vt 0.961950 -0.424390
vt 0.991219 -0.426342
vt 0.999023 -0.427317
vt 0.999023 -0.442927
vt 0.919999 -0.719024
vt 0.919999 -0.648780
vt 0.885853 -0.719024
vt 0.885853 -0.648780
vt 0.876097 -0.648780
vt 0.876097 -0.719024
vt 0.961950 -0.335610
vt 0.961950 -0.367805
vt 0.975609 -0.335610
vt 0.975609 -0.367805
vt 0.961950 -0.376586
vt 0.975609 -0.377561
vt 0.999023 -0.368781
vt 0.999023 -0.336586
vt 0.050733 -0.028294
vt 0.000977 -0.028294
vt 0.050733 -0.034147
vt 0.000977 -0.034147
vt 0.001952 -0.039025
vt 0.050733 -0.039025
vt 0.973658 -0.897560
vt 0.967804 -0.898536
vt 0.973658 -0.943414
vt 0.967804 -0.944389
vt 0.961950 -0.897560
vt 0.961950 -0.943414
vt 0.124879 -0.003903
vt 0.119025 -0.003903
vt 0.124879 -0.053659
vt 0.119025 -0.052684
vt 0.114147 -0.052684
vt 0.114147 -0.002928
vt 0.312195 -0.046830
vt 0.312195 -0.005855
vt 0.306342 -0.044879
vt 0.306342 -0.003903
vt 0.299513 -0.045855
vt 0.299513 -0.005855
vt 0.244879 -0.031220
vt 0.239025 -0.031220
vt 0.244879 -0.080976
vt 0.239025 -0.080976
vt 0.234147 -0.031220
vt 0.234147 -0.080976
vt 0.822438 -0.414634
vt 0.816585 -0.415610
vt 0.822438 -0.459512
vt 0.816585 -0.461464
vt 0.810731 -0.413659
vt 0.810731 -0.459512
vt 0.712195 -0.053659
vt 0.712195 -0.003903
vt 0.707317 -0.052684
vt 0.707317 -0.003903
vt 0.701463 -0.052684
vt 0.701463 -0.002928
vt 0.247805 -0.003903
vt 0.247805 -0.044879
vt 0.254635 -0.005855
vt 0.254635 -0.046830
vt 0.260488 -0.003903
vt 0.260488 -0.044879
vt 0.866341 -0.666341
vt 0.834146 -0.670244
vt 0.866341 -0.685853
vt 0.834146 -0.690731
vt 0.822438 -0.691707
vt 0.822438 -0.672195
vt 0.801951 -0.674146
vt 0.801951 -0.694634
vt 0.801951 -0.761951
vt 0.822438 -0.763902
vt 0.802926 -0.763902
vt 0.818536 -0.771707
vt 0.824390 -0.773658
vt 0.834146 -0.761951
vt 0.833170 -0.772682
vt 0.851707 -0.767804
vt 0.859511 -0.758048
vt 0.861463 -0.754146
vt 0.876097 -0.551219
vt 0.875121 -0.530732
vt 0.813658 -0.557073
vt 0.812682 -0.536585
vt 0.876097 -0.458537
vt 0.813658 -0.464390
vt 0.348293 -0.156098
vt 0.348293 -0.086830
vt 0.328781 -0.156098
vt 0.329756 -0.086830
vt 0.264391 -0.157074
vt 0.264391 -0.086830
vt 0.879024 -0.799999
vt 0.870243 -0.800975
vt 0.879024 -0.878048
vt 0.870243 -0.879024
vt 0.867316 -0.800975
vt 0.867316 -0.879024
vt 0.864390 -0.455610
vt 0.901463 -0.455610
vt 0.864390 -0.381464
vt 0.901463 -0.381464
vt 0.914146 -0.455610
vt 0.914146 -0.381464
vt 0.936585 -0.455610
vt 0.936585 -0.381464
vt 0.936585 -0.879024
vt 0.936585 -0.800975
vt 0.918048 -0.878048
vt 0.918048 -0.799999
vt 0.911219 -0.878048
vt 0.911219 -0.799999
vt 0.900487 -0.878048
vt 0.900487 -0.799999
vt 0.916567 -0.475832
vt 0.906878 -0.473894
vt 0.927225 -0.480677
vt 0.948540 -0.517494
vt 0.857465 -0.511681
vt 0.896220 -0.473894
vt 0.887500 -0.474863
vt 0.878780 -0.477770
vt 0.871029 -0.483583
vt 0.864247 -0.490365
vt 0.859403 -0.500054
vt 0.856496 -0.525245
vt 0.854558 -0.537841
vt 0.950478 -0.532028
vt 0.854558 -0.549468
vt 0.951447 -0.547530
vt 0.855527 -0.562063
vt 0.859403 -0.576596
vt 0.951447 -0.563032
vt 0.862309 -0.592099
vt 0.924318 -0.614383
vt 0.935945 -0.606632
vt 0.950478 -0.580472
vt 0.945634 -0.595005
vt 0.868123 -0.603725
vt 0.887500 -0.618259
vt 0.911723 -0.619227
vt 0.901065 -0.621165
vt 0.876843 -0.613414
vt 0.946603 -0.501992
vt 0.938851 -0.488428
vt 0.786736 -0.706427
vt 0.785767 -0.709334
vt 0.804176 -0.709334
vt 0.778985 -0.710303
vt 0.804176 -0.711272
vt 0.786736 -0.712241
vt 0.780923 -0.712241
vt 0.774141 -0.712241
vt 0.774141 -0.715147
vt 0.767358 -0.711272
vt 0.779954 -0.701583
vt 0.767358 -0.702552
vt 0.756701 -0.698676
vt 0.773172 -0.696738
vt 0.768327 -0.692863
vt 0.756701 -0.715147
vt 0.747981 -0.699645
vt 0.763483 -0.686081
vt 0.749919 -0.688987
vt 0.734416 -0.697707
vt 0.756701 -0.672516
vt 0.737323 -0.681236
vt 0.742167 -0.662827
vt 0.759607 -0.653139
vt 0.749919 -0.646356
vt 0.760576 -0.635699
vt 0.767358 -0.643450
vt 0.771234 -0.626979
vt 0.776078 -0.635699
vt 0.781892 -0.623103
vt 0.786736 -0.631823
vt 0.794487 -0.620196
vt 0.798363 -0.630854
vt 0.807083 -0.620196
vt 0.806114 -0.632792
vt 0.813865 -0.634730
vt 0.818709 -0.624072
vt 0.819678 -0.637636
vt 0.829367 -0.629885
vt 0.829367 -0.645387
vt 0.839056 -0.638605
vt 0.846807 -0.649263
vt 0.834212 -0.656045
vt 0.852621 -0.661858
vt 0.838087 -0.671547
vt 0.857465 -0.679298
vt 0.847776 -0.686081
vt 0.860372 -0.693832
vt 0.850683 -0.697707
vt 0.860372 -0.708365
vt 0.850683 -0.707396
vt 0.847776 -0.717085
vt 0.859403 -0.722898
vt 0.837118 -0.733556
vt 0.854558 -0.740338
vt 0.836149 -0.750996
vt 0.850683 -0.757778
vt 0.832274 -0.764561
vt 0.842932 -0.771343
vt 0.825492 -0.773281
vt 0.833243 -0.782000
vt 0.820647 -0.789752
vt 0.816772 -0.778125
vt 0.805145 -0.795565
vt 0.804176 -0.781032
vt 0.795456 -0.782969
vt 0.791581 -0.795565
vt 0.781892 -0.779094
vt 0.776078 -0.791689
vt 0.770265 -0.770374
vt 0.761545 -0.782969
vt 0.749919 -0.770374
vt 0.764452 -0.758747
vt 0.742167 -0.753903
vt 0.761545 -0.739369
vt 0.737323 -0.734525
vt 0.750887 -0.725805
vt 0.734416 -0.715147
vt 0.747981 -0.714178
vt 0.763483 -0.726774
vt 0.765421 -0.738401
vt 0.766390 -0.727743
vt 0.770265 -0.719992
vt 0.768327 -0.717085
vt 0.772203 -0.721929
vt 0.775110 -0.717085
vt 0.781892 -0.715147
vt 0.786736 -0.715147
vt 0.803207 -0.714178
vt 0.818709 -0.717085
vt 0.824523 -0.720961
vt 0.819678 -0.714178
vt 0.829367 -0.717085
vt 0.834212 -0.734525
vt 0.829367 -0.734525
vt 0.830336 -0.748089
vt 0.832274 -0.750027
vt 0.825492 -0.759716
vt 0.829367 -0.762623
vt 0.820647 -0.767467
vt 0.822585 -0.770374
vt 0.815803 -0.775218
vt 0.813865 -0.772312
vt 0.803207 -0.778125
vt 0.803207 -0.775218
vt 0.795456 -0.776187
vt 0.795456 -0.779094
vt 0.783830 -0.775218
vt 0.784798 -0.771343
vt 0.775110 -0.765529
vt 0.772203 -0.767467
vt 0.767358 -0.756809
vt 0.770265 -0.754872
vt 0.767358 -0.737432
vt 0.769296 -0.728712
vt 0.832274 -0.715147
vt 0.820647 -0.711272
vt 0.823554 -0.702552
vt 0.833243 -0.690925
vt 0.842932 -0.698676
vt 0.842932 -0.708365
vt 0.845838 -0.705458
vt 0.845838 -0.700614
vt 0.835181 -0.672516
vt 0.830336 -0.689956
vt 0.822585 -0.699645
vt 0.827429 -0.688018
vt 0.820647 -0.696738
vt 0.804176 -0.705458
vt 0.787705 -0.703521
vt 0.804176 -0.707396
vt 0.804176 -0.702552
vt 0.788674 -0.700614
vt 0.781892 -0.695770
vt 0.778016 -0.693832
vt 0.779954 -0.698676
vt 0.771234 -0.688018
vt 0.776078 -0.695770
vt 0.767358 -0.682205
vt 0.769296 -0.689956
vt 0.765421 -0.684143
vt 0.762514 -0.671547
vt 0.759607 -0.671547
vt 0.762514 -0.655076
vt 0.765421 -0.657014
vt 0.769296 -0.646356
vt 0.771234 -0.648294
vt 0.778016 -0.638605
vt 0.779954 -0.641512
vt 0.788674 -0.638605
vt 0.787705 -0.634730
vt 0.798363 -0.637636
vt 0.798363 -0.633761
vt 0.805145 -0.635699
vt 0.805145 -0.639574
vt 0.812896 -0.637636
vt 0.811927 -0.640543
vt 0.816772 -0.639574
vt 0.815803 -0.642481
vt 0.826461 -0.648294
vt 0.824523 -0.650232
vt 0.828398 -0.658952
vt 0.831305 -0.657014
vt 0.831305 -0.672516
vt 0.835181 -0.125095
vt 0.844869 -0.109593
vt 0.826461 -0.129939
vt 0.847776 -0.099904
vt 0.818709 -0.133815
vt 0.848745 -0.089246
vt 0.809990 -0.136722
vt 0.848745 -0.078588
vt 0.798363 -0.137691
vt 0.847776 -0.068900
vt 0.783830 -0.135753
vt 0.846807 -0.058242
vt 0.771234 -0.130908
vt 0.844869 -0.049522
vt 0.761545 -0.121220
vt 0.836149 -0.032082
vt 0.755732 -0.110562
vt 0.828398 -0.026269
vt 0.751856 -0.097966
vt 0.819678 -0.021424
vt 0.749919 -0.083433
vt 0.809021 -0.019486
vt 0.749919 -0.068900
vt 0.800301 -0.017549
vt 0.791581 -0.019486
vt 0.751856 -0.054366
vt 0.780923 -0.021424
vt 0.754763 -0.040802
vt 0.772203 -0.025300
vt 0.761545 -0.031113
vt 0.699536 -0.727743
vt 0.716007 -0.729681
vt 0.710194 -0.719023
vt 0.631714 -0.836258
vt 0.623963 -0.825600
vt 0.623963 -0.836258
vt 0.642372 -0.779094
vt 0.628808 -0.773281
vt 0.638497 -0.783938
vt 0.670470 -0.775218
vt 0.655936 -0.776187
vt 0.663688 -0.782000
vt 0.663688 -0.768436
vt 0.650123 -0.782969
vt 0.650123 -0.769405
vt 0.658843 -0.760685
vt 0.674345 -0.758747
vt 0.668532 -0.752934
vt 0.683065 -0.766498
vt 0.685972 -0.750996
vt 0.679190 -0.744214
vt 0.693723 -0.759716
vt 0.697599 -0.743245
vt 0.690816 -0.736463
vt 0.705350 -0.736463
vt 0.694692 -0.722898
vt 0.685003 -0.728712
vt 0.674345 -0.737432
vt 0.661750 -0.743245
vt 0.650123 -0.750996
vt 0.641403 -0.761654
vt 0.635590 -0.767467
vt 0.707287 -0.714178
vt 0.715039 -0.697707
vt 0.723759 -0.706427
vt 0.729572 -0.721929
vt 0.733447 -0.733556
vt 0.719883 -0.739369
vt 0.710194 -0.745183
vt 0.702443 -0.751965
vt 0.659812 -0.786845
vt 0.637528 -0.911831
vt 0.645279 -0.896329
vt 0.633652 -0.903111
vt 0.714070 -0.990311
vt 0.716976 -0.966089
vt 0.702443 -0.981591
vt 0.637528 -0.880827
vt 0.625901 -0.874045
vt 0.628808 -0.883734
vt 0.682096 -0.967058
vt 0.690816 -0.974809
vt 0.705350 -0.957369
vt 0.633652 -0.864356
vt 0.623963 -0.857574
vt 0.624932 -0.866294
vt 0.668532 -0.930240
vt 0.650123 -0.932178
vt 0.654968 -0.941867
vt 0.480568 -0.849823
vt 0.475723 -0.849823
vt 0.478630 -0.862418
vt 0.481537 -0.839165
vt 0.472817 -0.863387
vt 0.471848 -0.849823
vt 0.476692 -0.838196
vt 0.486381 -0.828507
vt 0.487350 -0.843040
vt 0.493163 -0.841103
vt 0.506728 -0.835289
vt 0.486381 -0.847885
vt 0.491226 -0.852729
vt 0.501883 -0.860480
vt 0.497039 -0.813974
vt 0.500915 -0.813974
vt 0.516417 -0.849823
vt 0.509635 -0.834320
vt 0.503821 -0.813974
vt 0.518355 -0.846916
vt 0.520292 -0.844978
vt 0.512541 -0.832383
vt 0.536763 -0.860480
vt 0.538701 -0.857574
vt 0.556141 -0.865325
vt 0.555172 -0.868231
vt 0.565830 -0.867262
vt 0.565830 -0.870169
vt 0.554203 -0.871138
vt 0.564861 -0.873076
vt 0.554203 -0.875014
vt 0.559048 -0.882765
vt 0.578426 -0.884703
vt 0.569706 -0.894391
vt 0.594897 -0.896329
vt 0.574550 -0.908925
vt 0.600710 -0.914738
vt 0.583270 -0.921520
vt 0.603617 -0.923458
vt 0.585208 -0.929271
vt 0.587146 -0.937991
vt 0.607492 -0.933147
vt 0.591021 -0.956400
vt 0.612337 -0.953493
vt 0.612337 -0.974809
vt 0.591021 -0.974809
vt 0.610399 -0.982560
vt 0.587146 -0.979653
vt 0.609430 -0.985467
vt 0.587146 -0.984498
vt 0.591990 -0.997093
vt 0.612337 -1.000000
vt 0.564861 -0.993218
vt 0.560017 -0.983529
vt 0.544514 -0.986436
vt 0.542577 -0.980622
vt 0.529012 -0.985467
vt 0.529012 -0.977716
vt 0.510603 -0.982560
vt 0.511572 -0.974809
vt 0.495101 -0.968996
vt 0.492195 -0.976747
vt 0.474755 -0.967058
vt 0.482506 -0.957369
vt 0.471848 -0.948649
vt 0.454408 -0.956400
vt 0.465066 -0.937991
vt 0.446657 -0.947680
vt 0.438906 -0.937991
vt 0.456346 -0.923458
vt 0.429217 -0.915707
vt 0.448595 -0.908925
vt 0.443750 -0.894391
vt 0.437937 -0.892454
vt 0.440844 -0.880827
vt 0.429217 -0.879858
vt 0.438906 -0.864356
vt 0.430186 -0.861449
vt 0.438906 -0.848854
vt 0.432124 -0.845947
vt 0.438906 -0.829476
vt 0.435999 -0.828507
vt 0.440844 -0.814943
vt 0.435999 -0.814943
vt 0.438906 -0.801378
vt 0.443750 -0.800409
vt 0.435999 -0.791689
vt 0.444719 -0.792658
vt 0.449564 -0.779094
vt 0.440844 -0.774249
vt 0.451501 -0.765529
vt 0.441812 -0.762623
vt 0.452470 -0.753903
vt 0.441812 -0.751965
vt 0.446657 -0.740338
vt 0.456346 -0.739369
vt 0.450532 -0.721929
vt 0.461190 -0.721929
vt 0.452470 -0.713210
vt 0.465066 -0.712241
vt 0.454408 -0.703521
vt 0.466035 -0.705458
vt 0.458283 -0.692863
vt 0.473786 -0.691894
vt 0.466035 -0.671547
vt 0.479599 -0.677361
vt 0.485412 -0.663796
vt 0.469910 -0.652170
vt 0.488319 -0.644418
vt 0.474755 -0.637636
vt 0.492195 -0.621165
vt 0.479599 -0.622134
vt 0.495101 -0.622134
vt 0.491226 -0.647325
vt 0.496070 -0.647325
vt 0.501883 -0.623103
vt 0.519323 -0.629885
vt 0.513510 -0.651201
vt 0.529981 -0.655076
vt 0.536763 -0.636667
vt 0.539670 -0.657014
vt 0.545483 -0.638605
vt 0.548390 -0.657983
vt 0.552266 -0.642481
vt 0.565830 -0.653139
vt 0.561954 -0.674454
vt 0.574550 -0.672516
vt 0.582301 -0.660890
vt 0.585208 -0.673485
vt 0.593928 -0.675423
vt 0.586177 -0.675423
vt 0.592959 -0.678330
vt 0.586177 -0.679298
vt 0.591990 -0.681236
vt 0.573581 -0.679298
vt 0.573581 -0.676392
vt 0.562923 -0.678330
vt 0.563892 -0.681236
vt 0.545483 -0.684143
vt 0.547421 -0.687050
vt 0.533857 -0.701583
vt 0.530950 -0.699645
vt 0.527075 -0.713210
vt 0.523199 -0.711272
vt 0.519323 -0.724836
vt 0.516417 -0.722898
vt 0.514479 -0.736463
vt 0.511572 -0.734525
vt 0.510603 -0.747120
vt 0.506728 -0.746152
vt 0.505759 -0.754872
vt 0.509635 -0.755841
vt 0.506728 -0.764561
vt 0.502852 -0.763592
vt 0.505759 -0.769405
vt 0.501883 -0.769405
vt 0.502852 -0.783938
vt 0.498977 -0.783938
vt 0.498977 -0.796534
vt 0.502852 -0.796534
vt 0.495101 -0.796534
vt 0.495101 -0.782969
vt 0.488319 -0.782969
vt 0.487350 -0.796534
vt 0.488319 -0.811067
vt 0.478630 -0.808160
vt 0.474755 -0.822694
vt 0.480568 -0.825600
vt 0.471848 -0.836258
vt 0.460221 -0.849823
vt 0.461190 -0.833351
vt 0.446657 -0.848854
vt 0.463128 -0.818818
vt 0.447626 -0.830445
vt 0.444719 -0.829476
vt 0.448595 -0.813974
vt 0.446657 -0.814943
vt 0.449564 -0.800409
vt 0.452470 -0.799440
vt 0.450532 -0.792658
vt 0.454408 -0.791689
vt 0.453439 -0.780063
vt 0.458283 -0.780063
vt 0.461190 -0.766498
vt 0.457315 -0.767467
vt 0.458283 -0.754872
vt 0.465066 -0.752934
vt 0.465066 -0.743245
vt 0.462159 -0.739369
vt 0.470879 -0.728712
vt 0.467003 -0.724836
vt 0.472817 -0.719023
vt 0.470879 -0.715147
vt 0.476692 -0.707396
vt 0.472817 -0.706427
vt 0.477661 -0.694801
vt 0.481537 -0.695770
vt 0.487350 -0.682205
vt 0.483475 -0.678330
vt 0.491226 -0.665734
vt 0.487350 -0.664765
vt 0.499946 -0.686081
vt 0.506728 -0.669610
vt 0.514479 -0.690925
vt 0.524168 -0.673485
vt 0.521261 -0.693832
vt 0.532888 -0.677361
vt 0.527075 -0.697707
vt 0.544514 -0.680267
vt 0.514479 -0.707396
vt 0.520292 -0.710303
vt 0.512541 -0.721929
vt 0.507697 -0.719023
vt 0.502852 -0.730649
vt 0.507697 -0.733556
vt 0.498977 -0.741307
vt 0.503821 -0.744214
vt 0.496070 -0.751965
vt 0.501883 -0.753903
vt 0.493163 -0.760685
vt 0.498977 -0.762623
vt 0.498008 -0.769405
vt 0.491226 -0.770374
vt 0.487350 -0.759716
vt 0.484443 -0.770374
vt 0.482506 -0.782969
vt 0.472817 -0.769405
vt 0.475723 -0.756809
vt 0.478630 -0.746152
vt 0.490257 -0.749058
vt 0.494132 -0.739369
vt 0.482506 -0.733556
vt 0.498008 -0.727743
vt 0.485412 -0.722898
vt 0.501883 -0.717085
vt 0.489288 -0.711272
vt 0.507697 -0.704489
vt 0.494132 -0.699645
vt 0.469910 -0.781032
vt 0.467972 -0.793627
vt 0.465066 -0.805254
vt 0.480568 -0.795565
vt 0.443750 -0.848854
vt 0.444719 -0.865325
vt 0.446657 -0.883734
vt 0.447626 -0.866294
vt 0.450532 -0.896329
vt 0.449564 -0.885671
vt 0.454408 -0.907956
vt 0.454408 -0.897298
vt 0.462159 -0.921520
vt 0.458283 -0.906987
vt 0.467972 -0.936054
vt 0.466035 -0.923458
vt 0.475723 -0.945742
vt 0.479599 -0.941867
vt 0.471848 -0.931209
vt 0.485412 -0.935085
vt 0.478630 -0.925396
vt 0.493163 -0.929271
vt 0.486381 -0.919582
vt 0.473786 -0.915707
vt 0.482506 -0.910862
vt 0.468941 -0.904080
vt 0.478630 -0.901174
vt 0.465066 -0.893422
vt 0.476692 -0.889547
vt 0.462159 -0.880827
vt 0.475723 -0.876951
vt 0.460221 -0.865325
vt 0.483475 -0.888578
vt 0.486381 -0.877920
vt 0.490257 -0.887609
vt 0.495101 -0.875983
vt 0.483475 -0.859511
vt 0.498008 -0.877920
vt 0.505759 -0.866294
vt 0.499946 -0.878889
vt 0.493163 -0.888578
vt 0.495101 -0.888578
vt 0.495101 -0.898267
vt 0.493163 -0.898267
vt 0.496070 -0.905049
vt 0.494132 -0.906018
vt 0.498008 -0.909894
vt 0.496070 -0.911831
vt 0.502852 -0.917645
vt 0.501883 -0.918614
vt 0.506728 -0.922489
vt 0.507697 -0.920551
vt 0.515448 -0.926365
vt 0.515448 -0.923458
vt 0.524168 -0.927334
vt 0.524168 -0.925396
vt 0.534826 -0.924427
vt 0.533857 -0.922489
vt 0.548390 -0.916676
vt 0.546452 -0.913769
vt 0.555172 -0.907956
vt 0.553234 -0.906987
vt 0.558079 -0.908925
vt 0.549359 -0.918614
vt 0.560986 -0.898267
vt 0.559048 -0.899236
vt 0.568737 -0.923458
vt 0.566799 -0.932178
vt 0.551297 -0.931209
vt 0.567768 -0.940898
vt 0.549359 -0.943805
vt 0.563892 -0.958338
vt 0.546452 -0.959307
vt 0.556141 -0.973840
vt 0.541608 -0.972871
vt 0.541608 -0.976747
vt 0.558079 -0.979653
vt 0.529981 -0.972871
vt 0.529981 -0.970933
vt 0.512541 -0.969965
vt 0.513510 -0.968027
vt 0.497039 -0.963182
vt 0.498008 -0.960276
vt 0.483475 -0.952525
vt 0.486381 -0.948649
vt 0.503821 -0.949618
vt 0.492195 -0.941867
vt 0.499946 -0.934116
vt 0.509635 -0.939929
vt 0.511572 -0.933147
vt 0.501883 -0.929271
vt 0.497039 -0.924427
vt 0.504790 -0.924427
vt 0.514479 -0.928302
vt 0.524168 -0.930240
vt 0.523199 -0.937022
vt 0.535794 -0.936054
vt 0.534826 -0.927334
vt 0.521261 -0.943805
vt 0.534826 -0.944773
vt 0.517386 -0.955431
vt 0.531919 -0.958338
vt 0.499946 -0.920551
vt 0.494132 -0.912800
vt 0.490257 -0.916676
vt 0.491226 -0.906987
vt 0.490257 -0.898267
vt 0.484443 -0.899236
vt 0.486381 -0.908925
vt 0.560986 -0.890516
vt 0.560017 -0.891485
vt 0.556141 -0.882765
vt 0.557110 -0.891485
vt 0.552266 -0.877920
vt 0.554203 -0.883734
vt 0.533857 -0.867262
vt 0.550328 -0.879858
vt 0.534826 -0.864356
vt 0.515448 -0.863387
vt 0.515448 -0.866294
vt 0.532888 -0.870169
vt 0.507697 -0.868231
vt 0.535794 -0.863387
vt 0.516417 -0.860480
vt 0.556141 -0.898267
vt 0.317795 -0.754872
vt 0.306168 -0.754872
vt 0.317795 -0.767467
vt 0.316826 -0.743245
vt 0.306168 -0.767467
vt 0.294542 -0.754872
vt 0.294542 -0.743245
vt 0.305199 -0.742276
vt 0.307137 -0.723867
vt 0.327484 -0.744214
vt 0.317795 -0.724836
vt 0.311013 -0.713210
vt 0.329422 -0.725805
vt 0.321670 -0.716116
vt 0.331359 -0.716116
vt 0.341048 -0.726774
vt 0.341048 -0.718054
vt 0.351706 -0.718054
vt 0.352675 -0.726774
vt 0.359457 -0.722898
vt 0.357519 -0.715147
vt 0.366239 -0.717085
vt 0.374959 -0.725805
vt 0.358488 -0.741307
vt 0.374959 -0.732587
vt 0.383679 -0.728712
vt 0.373990 -0.743245
vt 0.381741 -0.742276
vt 0.388524 -0.743245
vt 0.378835 -0.759716
vt 0.384648 -0.760685
vt 0.389493 -0.743245
vt 0.391430 -0.730649
vt 0.389493 -0.729681
vt 0.386586 -0.761654
vt 0.394337 -0.745183
vt 0.390461 -0.761654
vt 0.383679 -0.781032
vt 0.385617 -0.781032
vt 0.377866 -0.781032
vt 0.383679 -0.800409
vt 0.385617 -0.800409
vt 0.389493 -0.800409
vt 0.387555 -0.821725
vt 0.392399 -0.819787
vt 0.386586 -0.821725
vt 0.379804 -0.822694
vt 0.382710 -0.840134
vt 0.387555 -0.838196
vt 0.389493 -0.838196
vt 0.393368 -0.837227
vt 0.392399 -0.849823
vt 0.393368 -0.838196
vt 0.395306 -0.848854
vt 0.390461 -0.849823
vt 0.384648 -0.851760
vt 0.388524 -0.866294
vt 0.394337 -0.865325
vt 0.395306 -0.864356
vt 0.399181 -0.863387
vt 0.390461 -0.881796
vt 0.396275 -0.880827
vt 0.398212 -0.880827
vt 0.394337 -0.898267
vt 0.399181 -0.897298
vt 0.401119 -0.896329
vt 0.402088 -0.879858
vt 0.404995 -0.895360
vt 0.403057 -0.911831
vt 0.404995 -0.896329
vt 0.404995 -0.911831
vt 0.398212 -0.913769
vt 0.409839 -0.929271
vt 0.411777 -0.929271
vt 0.404995 -0.932178
vt 0.416621 -0.943805
vt 0.418559 -0.942836
vt 0.411777 -0.946711
vt 0.424372 -0.957369
vt 0.426310 -0.956400
vt 0.419528 -0.960276
vt 0.407901 -0.949618
vt 0.416621 -0.963182
vt 0.406932 -0.951556
vt 0.415652 -0.965120
vt 0.400150 -0.956400
vt 0.408870 -0.969965
vt 0.397244 -0.976747
vt 0.389493 -0.963182
vt 0.377866 -0.969965
vt 0.384648 -0.985467
vt 0.369146 -0.974809
vt 0.376897 -0.991280
vt 0.345893 -0.999031
vt 0.342017 -0.980622
vt 0.323608 -1.000000
vt 0.320702 -0.981591
vt 0.302293 -1.000000
vt 0.301324 -0.980622
vt 0.283884 -0.998062
vt 0.284853 -0.978685
vt 0.268382 -0.995156
vt 0.270319 -0.975778
vt 0.254817 -0.991280
vt 0.258693 -0.972871
vt 0.248035 -0.969965
vt 0.245128 -0.988373
vt 0.237377 -0.985467
vt 0.241253 -0.967058
vt 0.250942 -0.952525
vt 0.243191 -0.949618
vt 0.251911 -0.937022
vt 0.245128 -0.935085
vt 0.252879 -0.920551
vt 0.246097 -0.918614
vt 0.250942 -0.904080
vt 0.245128 -0.902142
vt 0.248035 -0.887609
vt 0.241253 -0.885671
vt 0.247066 -0.873076
vt 0.240284 -0.871138
vt 0.246097 -0.860480
vt 0.239315 -0.859511
vt 0.238346 -0.848854
vt 0.246097 -0.847885
vt 0.240284 -0.836258
vt 0.246097 -0.836258
vt 0.245128 -0.814943
vt 0.238346 -0.814943
vt 0.244159 -0.803316
vt 0.238346 -0.803316
vt 0.244159 -0.791689
vt 0.237377 -0.790720
vt 0.245128 -0.779094
vt 0.238346 -0.778125
vt 0.246097 -0.767467
vt 0.238346 -0.765529
vt 0.247066 -0.754872
vt 0.240284 -0.753903
vt 0.242222 -0.743245
vt 0.249004 -0.744214
vt 0.245128 -0.721929
vt 0.250942 -0.722898
vt 0.251911 -0.711272
vt 0.246097 -0.710303
vt 0.251911 -0.698676
vt 0.246097 -0.698676
vt 0.246097 -0.687050
vt 0.251911 -0.686081
vt 0.246097 -0.676392
vt 0.252879 -0.674454
vt 0.249004 -0.664765
vt 0.255786 -0.661858
vt 0.251911 -0.652170
vt 0.258693 -0.649263
vt 0.252879 -0.640543
vt 0.259662 -0.637636
vt 0.254817 -0.627947
vt 0.260631 -0.625041
vt 0.255786 -0.613414
vt 0.260631 -0.611476
vt 0.253848 -0.597912
vt 0.260631 -0.597912
vt 0.259662 -0.581441
vt 0.252879 -0.581441
vt 0.257724 -0.564001
vt 0.250942 -0.564001
vt 0.267413 -0.564001
vt 0.268382 -0.581441
vt 0.280008 -0.564001
vt 0.280008 -0.582410
vt 0.294542 -0.565939
vt 0.293573 -0.583379
vt 0.311982 -0.568845
vt 0.310044 -0.586285
vt 0.330390 -0.575628
vt 0.327484 -0.591130
vt 0.349768 -0.584347
vt 0.343955 -0.598881
vt 0.376897 -0.598881
vt 0.368177 -0.613414
vt 0.376897 -0.614383
vt 0.385617 -0.600819
vt 0.389493 -0.620196
vt 0.398212 -0.608570
vt 0.399181 -0.626979
vt 0.407901 -0.615352
vt 0.414684 -0.620196
vt 0.406932 -0.631823
vt 0.408870 -0.633761
vt 0.416621 -0.621165
vt 0.420497 -0.624072
vt 0.412746 -0.636667
vt 0.424372 -0.626979
vt 0.417590 -0.638605
vt 0.426310 -0.626979
vt 0.419528 -0.639574
vt 0.407901 -0.646356
vt 0.412746 -0.649263
vt 0.414684 -0.650232
vt 0.406932 -0.662827
vt 0.408870 -0.662827
vt 0.402088 -0.660890
vt 0.403057 -0.675423
vt 0.404995 -0.675423
vt 0.398212 -0.674454
vt 0.398212 -0.690925
vt 0.400150 -0.691894
vt 0.393368 -0.689956
vt 0.394337 -0.710303
vt 0.395306 -0.710303
vt 0.388524 -0.708365
vt 0.391430 -0.719023
vt 0.393368 -0.719992
vt 0.399181 -0.711272
vt 0.397244 -0.720961
vt 0.395306 -0.730649
vt 0.385617 -0.718054
vt 0.378835 -0.715147
vt 0.375928 -0.721929
vt 0.370115 -0.713210
vt 0.373021 -0.707396
vt 0.363333 -0.707396
vt 0.360426 -0.711272
vt 0.374959 -0.700614
vt 0.365270 -0.702552
vt 0.382710 -0.707396
vt 0.386586 -0.689956
vt 0.388524 -0.673485
vt 0.377866 -0.688018
vt 0.394337 -0.657983
vt 0.386586 -0.670578
vt 0.376897 -0.673485
vt 0.372053 -0.661858
vt 0.365270 -0.666703
vt 0.369146 -0.677361
vt 0.371084 -0.688987
vt 0.368177 -0.696738
vt 0.360426 -0.660890
vt 0.364301 -0.654107
vt 0.352675 -0.652170
vt 0.354613 -0.647325
vt 0.346862 -0.644418
vt 0.342986 -0.649263
vt 0.334266 -0.640543
vt 0.332328 -0.649263
vt 0.317795 -0.638605
vt 0.316826 -0.651201
vt 0.312950 -0.647325
vt 0.304230 -0.658952
vt 0.300355 -0.654107
vt 0.293573 -0.667672
vt 0.295511 -0.669610
vt 0.289697 -0.683174
vt 0.295511 -0.684143
vt 0.288728 -0.696738
vt 0.297448 -0.695770
vt 0.292604 -0.709334
vt 0.301324 -0.706427
vt 0.295511 -0.719992
vt 0.283884 -0.721929
vt 0.282915 -0.745183
vt 0.273226 -0.723867
vt 0.282915 -0.709334
vt 0.273226 -0.710303
vt 0.265475 -0.723867
vt 0.280977 -0.696738
vt 0.270319 -0.696738
vt 0.265475 -0.710303
vt 0.257724 -0.722898
vt 0.265475 -0.697707
vt 0.258693 -0.711272
vt 0.258693 -0.698676
vt 0.258693 -0.685112
vt 0.266444 -0.684143
vt 0.260631 -0.672516
vt 0.269351 -0.671547
vt 0.264506 -0.659921
vt 0.272257 -0.658952
vt 0.266444 -0.647325
vt 0.274195 -0.647325
vt 0.268382 -0.635699
vt 0.277102 -0.635699
vt 0.279039 -0.624072
vt 0.269351 -0.624072
vt 0.280008 -0.611476
vt 0.269351 -0.611476
vt 0.280008 -0.597912
vt 0.269351 -0.596943
vt 0.293573 -0.598881
vt 0.291635 -0.612445
vt 0.306168 -0.613414
vt 0.308106 -0.600819
vt 0.324577 -0.604694
vt 0.322639 -0.616321
vt 0.340079 -0.610507
vt 0.339110 -0.620196
vt 0.362364 -0.621165
vt 0.359457 -0.627947
vt 0.370115 -0.625041
vt 0.365270 -0.632792
vt 0.375928 -0.639574
vt 0.381741 -0.630854
vt 0.384648 -0.648294
vt 0.391430 -0.637636
vt 0.399181 -0.643450
vt 0.388524 -0.656045
vt 0.402088 -0.644418
vt 0.382710 -0.652170
vt 0.373021 -0.641512
vt 0.363333 -0.635699
vt 0.361395 -0.633761
vt 0.338142 -0.630854
vt 0.319733 -0.627947
vt 0.303262 -0.625041
vt 0.289697 -0.624072
vt 0.300355 -0.636667
vt 0.286791 -0.635699
vt 0.282915 -0.647325
vt 0.296479 -0.647325
vt 0.278071 -0.657983
vt 0.291635 -0.657014
vt 0.275164 -0.670578
vt 0.285822 -0.668641
vt 0.273226 -0.683174
vt 0.281946 -0.682205
vt 0.255786 -0.745183
vt 0.265475 -0.748089
vt 0.254817 -0.756809
vt 0.264506 -0.757778
vt 0.253848 -0.768436
vt 0.263537 -0.769405
vt 0.252879 -0.780063
vt 0.262568 -0.781032
vt 0.252879 -0.791689
vt 0.262568 -0.791689
vt 0.252879 -0.803316
vt 0.262568 -0.802347
vt 0.252879 -0.813974
vt 0.254817 -0.836258
vt 0.262568 -0.813005
vt 0.254817 -0.847885
vt 0.263537 -0.847885
vt 0.263537 -0.835289
vt 0.273226 -0.847885
vt 0.273226 -0.836258
vt 0.283884 -0.838196
vt 0.281946 -0.813974
vt 0.278071 -0.810098
vt 0.280977 -0.803316
vt 0.275164 -0.801378
vt 0.280977 -0.792658
vt 0.275164 -0.792658
vt 0.276133 -0.782000
vt 0.280977 -0.781032
vt 0.276133 -0.770374
vt 0.281946 -0.768436
vt 0.276133 -0.759716
vt 0.281946 -0.756809
vt 0.277102 -0.750996
vt 0.293573 -0.767467
vt 0.293573 -0.780063
vt 0.305199 -0.780063
vt 0.293573 -0.792658
vt 0.305199 -0.793627
vt 0.293573 -0.805254
vt 0.294542 -0.815912
vt 0.304230 -0.805254
vt 0.305199 -0.815912
vt 0.295511 -0.840134
vt 0.305199 -0.839165
vt 0.283884 -0.849823
vt 0.294542 -0.850791
vt 0.302293 -0.855636
vt 0.280008 -0.858543
vt 0.300355 -0.861449
vt 0.300355 -0.872107
vt 0.276133 -0.871138
vt 0.278071 -0.887609
vt 0.300355 -0.881796
vt 0.302293 -0.891485
vt 0.285822 -0.903111
vt 0.304230 -0.904080
vt 0.300355 -0.911831
vt 0.313919 -0.910862
vt 0.315857 -0.917645
vt 0.331359 -0.914738
vt 0.331359 -0.918614
vt 0.344924 -0.916676
vt 0.342986 -0.910862
vt 0.354613 -0.906018
vt 0.358488 -0.910862
vt 0.363333 -0.899236
vt 0.368177 -0.903111
vt 0.374959 -0.893422
vt 0.372053 -0.889547
vt 0.377866 -0.879858
vt 0.384648 -0.881796
vt 0.381741 -0.897298
vt 0.384648 -0.897298
vt 0.382710 -0.866294
vt 0.378835 -0.854667
vt 0.375928 -0.867262
vt 0.375928 -0.845947
vt 0.371084 -0.858543
vt 0.374959 -0.840134
vt 0.367208 -0.852729
vt 0.375928 -0.834320
vt 0.359457 -0.844978
vt 0.372053 -0.819787
vt 0.355581 -0.817849
vt 0.377866 -0.800409
vt 0.372053 -0.800409
vt 0.355581 -0.808160
vt 0.357519 -0.794596
vt 0.348799 -0.806223
vt 0.347830 -0.815912
vt 0.337173 -0.814943
vt 0.344924 -0.839165
vt 0.353644 -0.841103
vt 0.349768 -0.846916
vt 0.356550 -0.848854
vt 0.342986 -0.846916
vt 0.335235 -0.838196
vt 0.334266 -0.845947
vt 0.324577 -0.838196
vt 0.325546 -0.846916
vt 0.316826 -0.846916
vt 0.314888 -0.838196
vt 0.309075 -0.848854
vt 0.313919 -0.815912
vt 0.324577 -0.814943
vt 0.314888 -0.805254
vt 0.326515 -0.805254
vt 0.327484 -0.792658
vt 0.315857 -0.793627
vt 0.338142 -0.805254
vt 0.339110 -0.793627
vt 0.339110 -0.781032
vt 0.328453 -0.781032
vt 0.349768 -0.793627
vt 0.350737 -0.781032
vt 0.358488 -0.781032
vt 0.359457 -0.765529
vt 0.351706 -0.767467
vt 0.373021 -0.781032
vt 0.373021 -0.761654
vt 0.359457 -0.750027
vt 0.350737 -0.745183
vt 0.352675 -0.753903
vt 0.341048 -0.754872
vt 0.339110 -0.745183
vt 0.329422 -0.754872
vt 0.328453 -0.767467
vt 0.340079 -0.767467
vt 0.316826 -0.780063
vt 0.362364 -0.853698
vt 0.367208 -0.859511
vt 0.371084 -0.867262
vt 0.373990 -0.877920
vt 0.389493 -0.916676
vt 0.393368 -0.915707
vt 0.400150 -0.934116
vt 0.398212 -0.936054
vt 0.380773 -0.924427
vt 0.390461 -0.940898
vt 0.380773 -0.947680
vt 0.371084 -0.932178
vt 0.370115 -0.955431
vt 0.361395 -0.940898
vt 0.356550 -0.949618
vt 0.363333 -0.962213
vt 0.338142 -0.964151
vt 0.334266 -0.949618
vt 0.318764 -0.964151
vt 0.316826 -0.948649
vt 0.300355 -0.963182
vt 0.300355 -0.946711
vt 0.284853 -0.961245
vt 0.284853 -0.943805
vt 0.272257 -0.958338
vt 0.272257 -0.941867
vt 0.261599 -0.938960
vt 0.260631 -0.955431
vt 0.271288 -0.925396
vt 0.260631 -0.923458
vt 0.269351 -0.907956
vt 0.259662 -0.906018
vt 0.264506 -0.889547
vt 0.255786 -0.889547
vt 0.262568 -0.873076
vt 0.254817 -0.874045
vt 0.253848 -0.860480
vt 0.262568 -0.859511
vt 0.271288 -0.873076
vt 0.271288 -0.858543
vt 0.274195 -0.889547
vt 0.282915 -0.908925
vt 0.283884 -0.928302
vt 0.298417 -0.918614
vt 0.299386 -0.932178
vt 0.315857 -0.935085
vt 0.315857 -0.923458
vt 0.332328 -0.936054
vt 0.332328 -0.925396
vt 0.350737 -0.934116
vt 0.351706 -0.926365
vt 0.361395 -0.919582
vt 0.374959 -0.908925
vt 0.403057 -0.692863
vt 0.404026 -0.692863
vt 0.407901 -0.677361
vt 0.412746 -0.664765
vt 0.418559 -0.652170
vt 0.422435 -0.641512
vt 0.429217 -0.628916
vt 0.429217 -0.954462
vt 0.421466 -0.940898
vt 0.414684 -0.927334
vt 0.408870 -0.910862
vt 0.392399 -0.820756
vt 0.389493 -0.781032
vt 0.394337 -0.744214
vt 0.355581 -0.417699
vt 0.352675 -0.417699
vt 0.353644 -0.425450
vt 0.353644 -0.408979
vt 0.347830 -0.426419
vt 0.348799 -0.416730
vt 0.349768 -0.408010
vt 0.355581 -0.408979
vt 0.360426 -0.417699
vt 0.357519 -0.391539
vt 0.361395 -0.408979
vt 0.362364 -0.417699
vt 0.359457 -0.425450
vt 0.361395 -0.424481
vt 0.363333 -0.425450
vt 0.359457 -0.434170
vt 0.363333 -0.434170
vt 0.360426 -0.446766
vt 0.356550 -0.449672
vt 0.360426 -0.458392
vt 0.357519 -0.461299
vt 0.364301 -0.471957
vt 0.360426 -0.473894
vt 0.368177 -0.487459
vt 0.364301 -0.488428
vt 0.371084 -0.501023
vt 0.367208 -0.501992
vt 0.373021 -0.516525
vt 0.369146 -0.517494
vt 0.372053 -0.531059
vt 0.368177 -0.530090
vt 0.364301 -0.545592
vt 0.367208 -0.547530
vt 0.353644 -0.557219
vt 0.351706 -0.554312
vt 0.341048 -0.561094
vt 0.340079 -0.558188
vt 0.329422 -0.563032
vt 0.328453 -0.560125
vt 0.314888 -0.564001
vt 0.313919 -0.560125
vt 0.300355 -0.564001
vt 0.300355 -0.560125
vt 0.286791 -0.563032
vt 0.286791 -0.560125
vt 0.274195 -0.559156
vt 0.273226 -0.562063
vt 0.261599 -0.555281
vt 0.260631 -0.559156
vt 0.262568 -0.553343
vt 0.286791 -0.558188
vt 0.274195 -0.556250
vt 0.260631 -0.541717
vt 0.253848 -0.547530
vt 0.273226 -0.544623
vt 0.287759 -0.545592
vt 0.287759 -0.530090
vt 0.272257 -0.530090
vt 0.273226 -0.516525
vt 0.258693 -0.528152
vt 0.259662 -0.515557
vt 0.244159 -0.527183
vt 0.248035 -0.541717
vt 0.241253 -0.527183
vt 0.246097 -0.542685
vt 0.251911 -0.549468
vt 0.249973 -0.552374
vt 0.243191 -0.543654
vt 0.238346 -0.527183
vt 0.240284 -0.514588
vt 0.237377 -0.514588
vt 0.241253 -0.504899
vt 0.239315 -0.503930
vt 0.244159 -0.491334
vt 0.240284 -0.489397
vt 0.245128 -0.474863
vt 0.248035 -0.475832
vt 0.250942 -0.460330
vt 0.247066 -0.459361
vt 0.249004 -0.452579
vt 0.246097 -0.452579
vt 0.247066 -0.437077
vt 0.243191 -0.439014
vt 0.241253 -0.424481
vt 0.244159 -0.423512
vt 0.240284 -0.414792
vt 0.243191 -0.414792
vt 0.239315 -0.401228
vt 0.243191 -0.401228
vt 0.240284 -0.385726
vt 0.243191 -0.385726
vt 0.240284 -0.368286
vt 0.245128 -0.367317
vt 0.239315 -0.350846
vt 0.245128 -0.350846
vt 0.243191 -0.330499
vt 0.237377 -0.331468
vt 0.238346 -0.313059
vt 0.245128 -0.315966
vt 0.246097 -0.301432
vt 0.251911 -0.306277
vt 0.265475 -0.291744
vt 0.268382 -0.298526
vt 0.282915 -0.287868
vt 0.284853 -0.295619
vt 0.297448 -0.284961
vt 0.300355 -0.293681
vt 0.319733 -0.285930
vt 0.320702 -0.292713
vt 0.337173 -0.289806
vt 0.338142 -0.293681
vt 0.351706 -0.293681
vt 0.351706 -0.297557
vt 0.361395 -0.296588
vt 0.360426 -0.303370
vt 0.370115 -0.306277
vt 0.365270 -0.310152
vt 0.365270 -0.314997
vt 0.373021 -0.314028
vt 0.369146 -0.330499
vt 0.366239 -0.330499
vt 0.364301 -0.348908
vt 0.366239 -0.348908
vt 0.364301 -0.371192
vt 0.367208 -0.370223
vt 0.366239 -0.390570
vt 0.364301 -0.390570
vt 0.365270 -0.408010
vt 0.363333 -0.408979
vt 0.365270 -0.417699
vt 0.362364 -0.391539
vt 0.362364 -0.370223
vt 0.355581 -0.374099
vt 0.362364 -0.348908
vt 0.351706 -0.355690
vt 0.346862 -0.360535
vt 0.337173 -0.349877
vt 0.335235 -0.352784
vt 0.343955 -0.363441
vt 0.349768 -0.376037
vt 0.346862 -0.376037
vt 0.341048 -0.365379
vt 0.334266 -0.353752
vt 0.332328 -0.356659
vt 0.324577 -0.350846
vt 0.324577 -0.351815
vt 0.325546 -0.346001
vt 0.312950 -0.345032
vt 0.312950 -0.348908
vt 0.311982 -0.350846
vt 0.299386 -0.345032
vt 0.299386 -0.348908
vt 0.299386 -0.350846
vt 0.311982 -0.353752
vt 0.299386 -0.353752
vt 0.285822 -0.351815
vt 0.285822 -0.352784
vt 0.286791 -0.355690
vt 0.271288 -0.359566
vt 0.273226 -0.362472
vt 0.270319 -0.358597
vt 0.268382 -0.353752
vt 0.254817 -0.369255
vt 0.261599 -0.372161
vt 0.247066 -0.366348
vt 0.253848 -0.384757
vt 0.250942 -0.384757
vt 0.244159 -0.384757
vt 0.247066 -0.349877
vt 0.266444 -0.342126
vt 0.245128 -0.329530
vt 0.266444 -0.327592
vt 0.266444 -0.314997
vt 0.247066 -0.315966
vt 0.253848 -0.309184
vt 0.269351 -0.300464
vt 0.283884 -0.312090
vt 0.285822 -0.297557
vt 0.301324 -0.295619
vt 0.300355 -0.311121
vt 0.317795 -0.311121
vt 0.320702 -0.295619
vt 0.332328 -0.312090
vt 0.339110 -0.296588
vt 0.345893 -0.314028
vt 0.351706 -0.299495
vt 0.354613 -0.315966
vt 0.359457 -0.304339
vt 0.363333 -0.310152
vt 0.363333 -0.314997
vt 0.364301 -0.330499
vt 0.352675 -0.329530
vt 0.351706 -0.345032
vt 0.340079 -0.339219
vt 0.342017 -0.326624
vt 0.329422 -0.324686
vt 0.327484 -0.336312
vt 0.313919 -0.335344
vt 0.314888 -0.323717
vt 0.299386 -0.323717
vt 0.299386 -0.335344
vt 0.283884 -0.325655
vt 0.283884 -0.337281
vt 0.284853 -0.347939
vt 0.244159 -0.401228
vt 0.249973 -0.400259
vt 0.245128 -0.414792
vt 0.246097 -0.422543
vt 0.250942 -0.413823
vt 0.249973 -0.436108
vt 0.252879 -0.422543
vt 0.252879 -0.452579
vt 0.262568 -0.438046
vt 0.256755 -0.428357
vt 0.257724 -0.423512
vt 0.261599 -0.430294
vt 0.272257 -0.439014
vt 0.272257 -0.436108
vt 0.273226 -0.444828
vt 0.288728 -0.441921
vt 0.288728 -0.440952
vt 0.288728 -0.447734
vt 0.304230 -0.441921
vt 0.304230 -0.446766
vt 0.319733 -0.446766
vt 0.320702 -0.441921
vt 0.320702 -0.439983
vt 0.305199 -0.438046
vt 0.321670 -0.436108
vt 0.336204 -0.437077
vt 0.336204 -0.434170
vt 0.335235 -0.431263
vt 0.345893 -0.433201
vt 0.344924 -0.424481
vt 0.345893 -0.439014
vt 0.351706 -0.429326
vt 0.357519 -0.435139
vt 0.336204 -0.443859
vt 0.342986 -0.452579
vt 0.353644 -0.450641
vt 0.354613 -0.462268
vt 0.342017 -0.463237
vt 0.343955 -0.476801
vt 0.357519 -0.474863
vt 0.346862 -0.490365
vt 0.361395 -0.489397
vt 0.349768 -0.503930
vt 0.365270 -0.501992
vt 0.350737 -0.518463
vt 0.367208 -0.517494
vt 0.367208 -0.530090
vt 0.348799 -0.531059
vt 0.361395 -0.543654
vt 0.346862 -0.544623
vt 0.351706 -0.552374
vt 0.339110 -0.556250
vt 0.332328 -0.545592
vt 0.328453 -0.558188
vt 0.317795 -0.545592
vt 0.313919 -0.558188
vt 0.302293 -0.545592
vt 0.318764 -0.531059
vt 0.303262 -0.531059
vt 0.303262 -0.517494
vt 0.288728 -0.517494
vt 0.288728 -0.503930
vt 0.274195 -0.503930
vt 0.276133 -0.491334
vt 0.263537 -0.492303
vt 0.260631 -0.504899
vt 0.247066 -0.492303
vt 0.244159 -0.504899
vt 0.243191 -0.514588
vt 0.251911 -0.476801
vt 0.265475 -0.477770
vt 0.253848 -0.462268
vt 0.267413 -0.464206
vt 0.267413 -0.455486
vt 0.278071 -0.457423
vt 0.278071 -0.466143
vt 0.290666 -0.457423
vt 0.291635 -0.466143
vt 0.290666 -0.477770
vt 0.277102 -0.477770
vt 0.289697 -0.491334
vt 0.304230 -0.503930
vt 0.304230 -0.491334
vt 0.319733 -0.517494
vt 0.318764 -0.503930
vt 0.334266 -0.531059
vt 0.335235 -0.516525
vt 0.334266 -0.502961
vt 0.333297 -0.489397
vt 0.332328 -0.475832
vt 0.318764 -0.490365
vt 0.331359 -0.463237
vt 0.317795 -0.464206
vt 0.317795 -0.476801
vt 0.304230 -0.466143
vt 0.304230 -0.477770
vt 0.304230 -0.457423
vt 0.318764 -0.456454
vt 0.334266 -0.454517
vt 0.299386 -0.558188
vt 0.288728 -0.437077
vt 0.272257 -0.432232
vt 0.260631 -0.422543
vt 0.253848 -0.413823
vt 0.257724 -0.412854
vt 0.251911 -0.400259
vt 0.255786 -0.400259
vt 0.257724 -0.385726
vt 0.264506 -0.373130
vt 0.323608 -0.354721
vt 0.354613 -0.391539
vt 0.346862 -0.377006
vt 0.350737 -0.390570
vt 0.628808 -0.798472
vt 0.642372 -0.795565
vt 0.634621 -0.790720
vt -0.000000 -0.621165
vt 0.646248 -0.788783
vt 0.655936 -0.791689
vt 0.632683 -0.825600
vt 0.624932 -0.813974
vt 0.614274 -0.825600
vt 0.614274 -0.813005
vt 0.626870 -0.808160
vt 0.636559 -0.809129
vt 0.612337 -0.803316
vt 0.622994 -0.788783
vt 0.651092 -0.800409
vt 0.640434 -0.801378
vt 0.647216 -0.806223
vt 0.645279 -0.811067
vt 0.643341 -0.817849
vt 0.634621 -0.815912
vt 0.641403 -0.828507
vt 0.640434 -0.838196
vt 0.631714 -0.845947
vt 0.640434 -0.846916
vt 0.632683 -0.855636
vt 0.641403 -0.855636
vt 0.643341 -0.863387
vt 0.636559 -0.872107
vt 0.646248 -0.870169
vt 0.650123 -0.879858
vt 0.644310 -0.889547
vt 0.655936 -0.888578
vt 0.659812 -0.894391
vt 0.650123 -0.902142
vt 0.664656 -0.901174
vt 0.654968 -0.913769
vt 0.669501 -0.910862
vt 0.663688 -0.924427
vt 0.676283 -0.915707
vt 0.682096 -0.922489
vt 0.675314 -0.936054
vt 0.687910 -0.927334
vt 0.685003 -0.943805
vt 0.695661 -0.933147
vt 0.694692 -0.950587
vt 0.704381 -0.937991
vt 0.715039 -0.945742
vt 0.723759 -0.955431
vt 0.733447 -0.963182
vt 0.725696 -0.974809
vt 0.692754 -0.991280
vt 0.704381 -1.000000
vt 0.683065 -0.981591
vt 0.676283 -0.971902
vt 0.673376 -0.960276
vt 0.663688 -0.961245
vt 0.658843 -0.947680
vt 0.650123 -0.948649
vt 0.644310 -0.941867
vt 0.639465 -0.936054
vt 0.645279 -0.925396
vt 0.635590 -0.930240
vt 0.628808 -0.917645
vt 0.625901 -0.906987
vt 0.621057 -0.900205
vt 0.631714 -0.895360
vt 0.617181 -0.892454
vt 0.618150 -0.876951
vt 0.615243 -0.870169
vt 0.615243 -0.859511
vt 0.613305 -0.849823
vt 0.623963 -0.846916
vt 0.614274 -0.837227
s 1
usemtl Material.015
f 1/1/1 2/2/2 7/3/3
f 2/2/2 1/1/1 3/4/4
f 1/1/1 4/5/5 3/4/4
f 4/5/5 1/1/1 5/6/6
f 5/6/6 1/1/1 6/7/7
f 6/7/7 1/1/1 7/3/3
f 6/7/7 7/3/3 11/8/8
f 2/2/2 8/9/9 7/3/3
f 8/9/9 9/10/10 7/3/3
f 7/3/3 9/10/10 10/11/11
f 7/3/3 10/11/11 12/12/12
f 11/8/8 7/3/3 12/12/12
f 11/8/8 12/12/12 14/13/13
f 12/12/12 10/11/11 13/14/14
f 12/12/12 13/14/14 14/13/13
f 15/15/15 11/8/8 14/13/13
f 15/15/15 14/13/13 17/16/16
f 14/13/13 13/14/14 16/17/17
f 14/13/13 16/17/17 17/16/16
f 18/18/18 15/15/15 17/16/16
f 18/18/18 17/16/16 20/19/19
f 17/16/16 16/17/17 19/20/20
f 17/16/16 19/20/20 20/19/19
f 21/21/21 18/18/18 20/19/19
f 22/22/22 21/21/21 20/19/19
f 22/22/22 20/19/19 24/23/23
f 20/19/19 19/20/20 23/24/24
f 20/19/19 23/24/24 24/23/23
f 25/25/25 22/22/22 24/23/23
f 25/25/25 24/23/23 27/26/26
f 24/23/23 23/24/24 26/27/27
f 24/23/23 26/27/27 28/28/28
f 27/26/26 24/23/23 28/28/28
f 28/28/28 26/27/27 29/29/29
f 26/27/27 30/30/30 29/29/29
f 29/29/29 30/30/30 31/31/31
f 30/30/30 32/32/32 31/31/31
f 31/31/31 32/32/32 33/33/33
f 32/32/32 34/34/34 33/33/33
f 34/34/34 35/35/35 33/33/33
f 33/33/33 35/35/35 36/36/36
f 35/35/35 37/37/37 36/36/36
f 36/36/36 37/37/37 38/38/38
f 37/37/37 39/39/39 38/38/38
f 38/38/38 39/39/39 40/40/40
f 39/39/39 41/41/41 40/40/40
f 40/40/40 41/41/41 42/42/42
f 41/41/41 43/43/43 42/42/42
f 42/42/42 43/43/43 44/44/44
f 44/44/44 43/43/43 45/45/45
f 43/43/43 46/46/46 45/45/45
f 45/45/45 46/46/46 47/47/47
f 46/46/46 48/48/48 47/47/47
f 47/47/47 48/48/48 49/49/49
f 48/48/48 50/50/50 49/49/49
f 49/49/49 50/50/50 51/51/51
f 50/50/50 52/52/52 51/51/51
f 52/52/52 53/53/53 51/51/51
f 51/51/51 53/53/53 54/54/54
f 53/53/53 55/55/55 54/54/54
f 54/54/54 55/55/55 56/56/56
f 55/55/55 57/57/57 56/56/56
f 56/56/56 57/57/57 58/58/58
f 57/57/57 59/59/59 58/58/58
f 58/58/58 59/59/59 60/60/60
f 59/59/59 61/61/61 60/60/60
f 60/60/60 61/61/61 62/62/62
f 61/61/61 63/63/63 62/62/62
f 62/62/62 63/63/63 64/64/64
f 63/63/63 65/65/65 64/64/64
f 64/64/64 65/65/65 66/66/66
f 65/65/65 67/67/67 66/66/66
f 67/67/67 68/68/68 66/66/66
f 66/66/66 68/68/68 69/69/69
f 68/68/68 70/70/70 69/69/69
f 69/69/69 70/70/70 71/71/71
f 70/70/70 72/72/72 71/71/71
f 71/71/71 72/72/72 73/73/73
f 72/72/72 74/74/74 73/73/73
f 73/73/73 74/74/74 75/75/75
f 74/74/74 76/76/76 75/75/75
f 75/75/75 76/76/76 77/77/77
f 76/76/76 78/78/78 77/77/77
f 77/77/77 78/78/78 79/79/79
f 78/78/78 80/80/80 79/79/79
f 79/79/79 80/80/80 81/81/81
f 80/80/80 82/82/82 81/81/81
f 82/82/82 83/83/83 81/81/81
f 81/81/81 83/83/83 84/84/84
f 83/83/83 85/85/85 84/84/84
f 84/84/84 85/85/85 86/86/86
f 86/86/86 85/85/85 87/87/87
f 85/85/85 88/88/88 87/87/87
f 88/88/88 89/89/89 87/87/87
f 87/87/87 89/89/89 90/90/90
f 89/89/89 91/91/91 90/90/90
f 90/90/90 91/91/91 92/92/92
f 92/92/92 91/91/91 93/93/93
f 91/91/91 94/94/94 93/93/93
f 93/93/93 94/94/94 95/95/95
f 94/94/94 96/96/96 95/95/95
f 95/95/95 96/96/96 97/97/97
f 96/96/96 98/98/98 97/97/97
f 97/97/97 98/98/98 99/99/99
f 98/98/98 100/100/100 99/99/99
f 99/99/99 100/100/100 101/101/101
f 100/100/100 102/102/102 101/101/101
f 101/101/101 102/102/102 103/103/103
f 102/102/102 104/104/104 103/103/103
f 104/104/104 105/105/105 103/103/103
f 103/103/103 105/105/105 106/106/106
f 105/105/105 107/107/107 106/106/106
f 106/106/106 107/107/107 108/108/108
f 107/107/107 109/109/109 108/108/108
f 108/108/108 109/109/109 110/110/110
f 110/110/110 109/109/109 111/111/111
f 109/109/109 112/112/112 111/111/111
f 111/111/111 112/112/112 113/113/113
f 112/112/112 114/114/114 113/113/113
f 114/114/114 115/115/115 113/113/113
f 113/113/113 115/115/115 116/116/116
f 115/115/115 117/117/117 116/116/116
f 116/116/116 117/117/117 118/118/118
f 117/117/117 119/119/119 118/118/118
f 118/118/118 119/119/119 120/120/120
f 119/119/119 121/121/121 120/120/120
f 120/120/120 121/121/121 122/122/122
f 122/122/122 121/121/121 123/123/123
f 121/121/121 124/124/124 123/123/123
f 123/123/123 124/124/124 125/125/125
f 124/124/124 126/126/126 125/125/125
f 125/125/125 126/126/126 127/127/127
f 127/127/127 126/126/126 129/128/128
f 128/129/129 127/127/127 129/128/128
f 128/129/129 129/128/128 131/130/130
f 129/128/128 126/126/126 130/131/131
f 129/128/128 130/131/131 132/132/132
f 131/130/130 129/128/128 132/132/132
f 131/130/130 132/132/132 135/133/133
f 130/131/131 133/134/134 132/132/132
f 133/134/134 134/135/135 132/132/132
f 134/135/135 135/133/133 132/132/132
f 136/136/136 137/137/137 135/133/133
f 134/135/135 136/136/136 135/133/133
f 137/137/137 138/138/138 135/133/133
f 135/133/133 138/138/138 131/130/130
f 138/138/138 139/139/139 142/140/140
f 137/137/137 139/139/139 138/138/138
f 138/138/138 140/141/141 131/130/130
f 140/141/141 138/138/138 141/142/142
f 141/142/142 138/138/138 142/140/140
f 139/139/139 143/143/143 142/140/140
f 142/140/140 143/143/143 144/144/144
f 144/144/144 143/143/143 145/145/145
f 145/145/145 143/143/143 146/146/146
f 146/146/146 143/143/143 147/147/147
f 143/143/143 139/139/139 147/147/147
f 139/139/139 137/137/137 147/147/147
f 137/137/137 136/136/136 147/147/147
f 136/136/136 148/148/148 147/147/147
f 147/147/147 148/148/148 149/149/149
f 149/149/149 148/148/148 150/150/150
f 150/150/150 148/148/148 151/151/151
f 148/148/148 152/152/152 151/151/151
f 152/152/152 153/153/153 151/151/151
f 151/151/151 153/153/153 155/154/154
f 154/155/155 151/151/151 155/154/154
f 156/156/156 154/155/155 155/154/154
f 153/153/153 157/157/157 155/154/154
f 155/154/154 157/157/157 159/158/158
f 158/156/159 155/154/154 159/158/158
f 157/157/157 160/159/160 159/158/158
f 159/158/158 160/159/160 162/160/161
f 161/161/162 159/158/158 162/160/161
f 163/162/163 161/161/162 162/160/161
f 160/159/160 164/163/164 162/160/161
f 162/160/161 164/163/164 166/164/165
f 165/162/166 162/160/161 166/164/165
f 164/163/164 167/165/167 166/164/165
f 167/165/167 168/166/168 166/164/165
f 166/164/165 168/166/168 169/167/169
f 169/167/169 168/166/168 170/168/170
f 170/168/170 168/166/168 171/169/171
f 168/166/168 172/170/172 171/169/171
f 171/169/171 172/170/172 175/171/173
f 173/172/174 171/169/171 174/173/175
f 174/173/175 171/169/171 175/171/173
f 172/170/172 176/174/176 175/171/173
f 176/174/176 177/175/177 175/171/173
f 175/171/173 177/175/177 178/176/178
f 178/176/178 177/175/177 180/177/179
f 179/178/180 178/176/178 180/177/179
f 177/175/177 181/179/181 180/177/179
f 181/179/181 182/180/182 180/177/179
f 182/180/182 183/181/183 180/177/179
f 180/177/179 183/181/183 185/182/184
f 184/178/185 180/177/179 185/182/184
f 185/182/184 183/181/183 187/183/186
f 186/184/187 185/182/184 187/183/186
f 188/185/188 186/184/187 187/183/186
f 183/181/183 189/186/189 187/183/186
f 187/183/186 189/186/189 191/187/190
f 190/185/191 187/183/186 191/187/190
f 189/186/189 192/188/192 191/187/190
f 191/187/190 192/188/192 195/189/193
f 193/190/194 191/187/190 194/191/195
f 194/191/195 191/187/190 195/189/193
f 192/188/192 196/192/196 195/189/193
f 195/189/193 196/192/196 198/193/197
f 197/191/198 195/189/193 198/193/197
f 196/192/196 199/194/199 198/193/197
f 198/193/197 199/194/199 201/195/200
f 200/196/201 198/193/197 201/195/200
f 202/197/202 200/196/201 201/195/200
f 199/194/199 203/198/203 201/195/200
f 203/198/203 204/199/204 201/195/200
f 201/195/200 204/199/204 206/200/205
f 205/197/206 201/195/200 206/200/205
f 204/199/204 207/201/207 206/200/205
f 206/200/205 207/201/207 209/202/208
f 208/203/209 206/200/205 209/202/208
f 210/204/210 208/203/209 209/202/208
f 207/201/207 211/205/211 209/202/208
f 209/202/208 211/205/211 213/206/212
f 212/207/213 209/202/208 213/206/212
f 211/205/211 214/208/214 213/206/212
f 214/208/214 215/209/215 213/206/212
f 213/206/212 215/209/215 216/207/213
f 216/207/213 215/209/215 217/210/216
f 217/210/216 215/209/215 218/211/217
f 215/209/215 219/212/218 218/211/217
f 218/211/217 219/212/218 220/213/219
f 220/213/219 219/212/218 221/214/220
f 219/212/218 222/215/221 221/214/220
f 222/215/221 223/216/222 221/214/220
f 221/214/220 223/216/222 226/217/223
f 224/213/224 221/214/220 225/218/225
f 225/218/225 221/214/220 226/217/223
f 223/216/222 227/219/226 226/217/223
f 226/217/223 227/219/226 229/220/227
f 228/221/228 226/217/223 229/220/227
f 230/222/229 228/221/228 229/220/227
f 227/219/226 231/223/230 229/220/227
f 229/220/227 231/223/230 233/224/231
f 232/222/232 229/220/227 233/224/231
f 231/223/230 234/225/233 233/224/231
f 233/224/231 234/225/233 237/226/234
f 235/222/235 233/224/231 236/227/236
f 236/227/236 233/224/231 237/226/234
f 234/225/233 238/228/237 237/226/234
f 237/226/234 238/228/237 240/229/238
f 239/230/239 237/226/234 240/229/238
f 238/228/237 241/231/240 240/229/238
f 241/231/240 242/232/241 240/229/238
f 240/229/238 242/232/241 244/233/242
f 243/230/243 240/229/238 244/233/242
f 244/233/242 242/232/241 245/234/244
f 242/232/241 246/235/245 245/234/244
f 245/234/244 246/235/245 247/236/140
f 247/236/140 246/235/245 248/237/142
f 246/235/245 249/238/246 248/237/142
f 249/238/246 250/239/247 248/237/142
f 248/237/142 250/239/247 251/240/141
f 250/239/247 252/241/248 251/240/141
f 251/240/141 252/241/248 253/242/129
f 252/241/248 254/243/249 253/242/129
f 253/242/129 254/243/249 255/244/127
f 254/243/249 256/245/250 255/244/127
f 255/244/127 256/245/250 257/246/125
f 256/245/250 258/247/251 257/246/125
f 257/246/125 258/247/251 259/248/123
f 259/248/123 258/247/251 261/249/252
f 260/250/122 259/248/123 261/249/252
f 261/249/252 258/247/251 262/251/253
f 258/247/251 263/252/254 262/251/253
f 262/251/253 263/252/254 264/253/255
f 263/252/254 265/254/256 264/253/255
f 264/253/255 265/254/256 266/255/257
f 265/254/256 267/256/258 266/255/257
f 266/255/257 267/256/258 27/26/26
f 268/257/259 269/258/260 267/256/258
f 265/254/256 268/257/259 267/256/258
f 267/256/258 269/258/260 25/25/25
f 267/256/258 25/25/25 27/26/26
f 270/259/261 271/260/262 269/258/260
f 268/257/259 270/259/261 269/258/260
f 269/258/260 271/260/262 272/261/263
f 269/258/260 272/261/263 25/25/25
f 271/260/262 273/262/264 272/261/263
f 273/262/264 274/263/265 272/261/263
f 272/261/263 274/263/265 22/22/22
f 272/261/263 22/22/22 25/25/25
f 275/264/266 276/265/267 274/263/265
f 273/262/264 275/264/266 274/263/265
f 274/263/265 276/265/267 21/21/21
f 274/263/265 21/21/21 22/22/22
f 276/265/267 277/266/268 278/267/269
f 275/264/266 277/266/268 276/265/267
f 276/265/267 278/267/269 18/18/18
f 21/21/21 276/265/267 18/18/18
f 277/266/268 279/268/270 278/267/269
f 279/268/270 280/269/271 278/267/269
f 280/269/271 281/270/272 278/267/269
f 278/267/269 281/270/272 15/15/15
f 278/267/269 15/15/15 18/18/18
f 5/6/6 6/7/7 281/270/272
f 280/269/271 5/6/6 281/270/272
f 281/270/272 6/7/7 11/8/8
f 281/270/272 11/8/8 15/15/15
f 282/271/273 283/272/274 280/269/271
f 279/268/270 282/271/273 280/269/271
f 283/272/274 5/6/6 280/269/271
f 284/273/275 283/272/274 285/274/276
f 283/272/274 284/273/275 5/6/6
f 285/274/276 283/272/274 282/271/273
f 286/275/277 284/273/275 285/274/276
f 286/275/277 285/274/276 287/276/278
f 285/274/276 282/271/273 288/277/279
f 287/276/278 285/274/276 288/277/279
f 287/276/278 288/277/279 291/278/280
f 282/271/273 289/279/281 288/277/279
f 288/277/279 289/279/281 290/280/282
f 288/277/279 290/280/282 291/278/280
f 292/281/283 287/276/278 291/278/280
f 292/281/283 291/278/280 294/282/284
f 291/278/280 290/280/282 293/283/285
f 291/278/280 293/283/285 295/284/286
f 294/282/284 291/278/280 295/284/286
f 294/282/284 295/284/286 297/285/287
f 295/284/286 293/283/285 296/286/288
f 295/284/286 296/286/288 298/287/289
f 297/285/287 295/284/286 298/287/289
f 297/285/287 298/287/289 55/55/55
f 298/287/289 296/286/288 299/288/290
f 298/287/289 299/288/290 57/57/57
f 55/55/55 298/287/289 57/57/57
f 296/286/288 300/289/291 299/288/290
f 300/289/291 301/290/292 299/288/290
f 299/288/290 301/290/292 302/291/293
f 299/288/290 302/291/293 59/59/59
f 57/57/57 299/288/290 59/59/59
f 302/291/293 301/290/292 303/292/294
f 302/291/293 303/292/294 61/61/61
f 59/59/59 302/291/293 61/61/61
f 301/290/292 304/293/295 303/292/294
f 303/292/294 304/293/295 211/205/211
f 303/292/294 305/294/296 61/61/61
f 305/294/296 303/292/294 207/201/207
f 207/201/207 303/292/294 211/205/211
f 305/294/296 306/295/297 63/63/63
f 306/295/297 305/294/296 207/201/207
f 61/61/61 305/294/296 63/63/63
f 306/295/297 307/296/298 65/65/65
f 307/296/298 306/295/297 204/199/204
f 204/199/204 306/295/297 207/201/207
f 63/63/63 306/295/297 65/65/65
f 307/296/298 308/297/299 67/67/67
f 308/297/299 307/296/298 203/198/203
f 203/198/203 307/296/298 204/199/204
f 65/65/65 307/296/298 67/67/67
f 308/297/299 309/298/300 67/67/67
f 309/298/300 308/297/299 196/192/196
f 196/192/196 308/297/299 199/194/199
f 199/194/199 308/297/299 203/198/203
f 309/298/300 310/299/301 68/68/68
f 310/299/301 309/298/300 192/188/192
f 192/188/192 309/298/300 196/192/196
f 67/67/67 309/298/300 68/68/68
f 310/299/301 311/300/302 70/70/70
f 311/300/302 310/299/301 189/186/189
f 189/186/189 310/299/301 192/188/192
f 68/68/68 310/299/301 70/70/70
f 311/300/302 312/301/303 72/72/72
f 312/301/303 311/300/302 183/181/183
f 183/181/183 311/300/302 189/186/189
f 70/70/70 311/300/302 72/72/72
f 312/301/303 313/302/304 74/74/74
f 313/302/304 312/301/303 183/181/183
f 72/72/72 312/301/303 74/74/74
f 313/302/304 314/303/305 76/76/76
f 314/303/305 313/302/304 182/180/182
f 182/180/182 313/302/304 183/181/183
f 74/74/74 313/302/304 76/76/76
f 314/303/305 315/304/306 317/305/307
f 316/306/308 315/304/306 314/303/305
f 316/306/308 314/303/305 181/179/181
f 314/303/305 317/305/307 76/76/76
f 181/179/181 314/303/305 182/180/182
f 317/305/307 315/304/306 318/307/309
f 317/305/307 318/307/309 78/78/78
f 76/76/76 317/305/307 78/78/78
f 315/304/306 319/308/310 318/307/309
f 319/308/310 320/309/311 318/307/309
f 318/307/309 320/309/311 321/310/312
f 318/307/309 321/310/312 80/80/80
f 78/78/78 318/307/309 80/80/80
f 320/309/311 322/311/313 321/310/312
f 321/310/312 322/311/313 323/312/314
f 321/310/312 323/312/314 82/82/82
f 80/80/80 321/310/312 82/82/82
f 322/311/313 324/313/315 323/312/314
f 323/312/314 324/313/315 325/314/316
f 323/312/314 325/314/316 82/82/82
f 324/313/315 326/315/317 325/314/316
f 325/314/316 326/315/317 327/316/318
f 325/314/316 327/316/318 83/83/83
f 82/82/82 325/314/316 83/83/83
f 326/315/317 328/317/319 327/316/318
f 327/316/318 328/317/319 329/318/320
f 327/316/318 329/318/320 85/85/85
f 83/83/83 327/316/318 85/85/85
f 328/317/319 330/319/321 329/318/320
f 330/319/321 331/320/322 329/318/320
f 329/318/320 331/320/322 332/321/323
f 329/318/320 332/321/323 89/89/89
f 85/85/85 329/318/320 88/88/88
f 88/88/88 329/318/320 89/89/89
f 331/320/322 333/322/324 332/321/323
f 332/321/323 333/322/324 334/323/325
f 332/321/323 334/323/325 91/91/91
f 89/89/89 332/321/323 91/91/91
f 334/323/325 333/322/324 335/324/326
f 334/323/325 335/324/326 94/94/94
f 91/91/91 334/323/325 94/94/94
f 333/322/324 336/325/327 335/324/326
f 335/324/326 336/325/327 337/326/328
f 335/324/326 337/326/328 96/96/96
f 94/94/94 335/324/326 96/96/96
f 336/325/327 338/327/329 337/326/328
f 337/326/328 338/327/329 339/328/330
f 337/326/328 339/328/330 98/98/98
f 96/96/96 337/326/328 98/98/98
f 338/327/329 340/329/331 339/328/330
f 339/328/330 340/329/331 341/330/332
f 339/328/330 341/330/332 100/100/100
f 98/98/98 339/328/330 100/100/100
f 340/329/331 342/331/333 341/330/332
f 342/331/333 343/332/334 341/330/332
f 341/330/332 343/332/334 344/333/335
f 341/330/332 344/333/335 102/102/102
f 100/100/100 341/330/332 102/102/102
f 343/332/334 345/334/336 344/333/335
f 344/333/335 345/334/336 346/335/337
f 344/333/335 346/335/337 104/104/104
f 102/102/102 344/333/335 104/104/104
f 345/334/336 347/336/338 346/335/337
f 346/335/337 347/336/338 348/337/339
f 346/335/337 348/337/339 105/105/105
f 104/104/104 346/335/337 105/105/105
f 347/336/338 349/338/340 348/337/339
f 348/337/339 349/338/340 350/339/341
f 348/337/339 350/339/341 107/107/107
f 105/105/105 348/337/339 107/107/107
f 349/338/340 351/340/342 350/339/341
f 350/339/341 351/340/342 352/341/343
f 350/339/341 352/341/343 109/109/109
f 107/107/107 350/339/341 109/109/109
f 352/341/343 351/340/342 353/342/344
f 352/341/343 353/342/344 109/109/109
f 351/340/342 354/343/345 353/342/344
f 353/342/344 354/343/345 355/344/346
f 353/342/344 355/344/346 114/114/114
f 109/109/109 353/342/344 112/112/112
f 112/112/112 353/342/344 114/114/114
f 354/343/345 356/345/347 355/344/346
f 356/345/347 357/346/348 355/344/346
f 355/344/346 357/346/348 358/347/349
f 355/344/346 358/347/349 114/114/114
f 357/346/348 359/348/350 358/347/349
f 358/347/349 359/348/350 360/349/351
f 358/347/349 360/349/351 115/115/115
f 114/114/114 358/347/349 115/115/115
f 360/349/351 359/348/350 361/350/352
f 360/349/351 361/350/352 363/351/353
f 360/349/351 362/352/354 115/115/115
f 362/352/354 360/349/351 363/351/353
f 364/353/355 362/352/354 363/351/353
f 364/353/355 363/351/353 130/131/131
f 363/351/353 361/350/352 365/354/356
f 363/351/353 365/354/356 130/131/131
f 365/354/356 361/350/352 366/355/357
f 365/354/356 366/355/357 133/134/134
f 130/131/131 365/354/356 133/134/134
f 361/350/352 367/356/358 366/355/357
f 367/356/358 368/357/359 366/355/357
f 366/355/357 368/357/359 369/358/360
f 366/355/357 369/358/360 133/134/134
f 368/357/359 370/359/361 369/358/360
f 370/359/361 371/360/362 369/358/360
f 369/358/360 371/360/362 372/361/363
f 369/358/360 372/361/363 133/134/134
f 372/361/363 371/360/362 152/152/152
f 372/361/363 152/152/152 134/135/135
f 133/134/134 372/361/363 134/135/135
f 373/362/364 374/363/365 371/360/362
f 370/359/361 373/362/364 371/360/362
f 371/360/362 374/363/365 153/153/153
f 371/360/362 153/153/153 152/152/152
f 374/363/365 375/364/366 376/365/367
f 373/362/364 375/364/366 374/363/365
f 374/363/365 376/365/367 157/157/157
f 153/153/153 374/363/365 157/157/157
f 375/364/366 377/366/368 376/365/367
f 376/365/367 377/366/368 378/367/369
f 376/365/367 378/367/369 160/159/160
f 157/157/157 376/365/367 160/159/160
f 377/366/368 379/368/370 378/367/369
f 378/367/369 379/368/370 380/369/371
f 378/367/369 380/369/371 164/163/164
f 160/159/160 378/367/369 164/163/164
f 379/368/370 381/370/372 380/369/371
f 380/369/371 381/370/372 382/371/373
f 380/369/371 382/371/373 167/165/167
f 164/163/164 380/369/371 167/165/167
f 382/371/373 381/370/372 316/306/308
f 382/371/373 316/306/308 176/174/176
f 167/165/167 382/371/373 172/170/172
f 172/170/172 382/371/373 176/174/176
f 381/370/372 315/304/306 316/306/308
f 315/304/306 381/370/372 319/308/310
f 381/370/372 379/368/370 319/308/310
f 379/368/370 383/372/374 319/308/310
f 377/366/368 383/372/374 379/368/370
f 384/373/375 383/372/374 377/366/368
f 383/372/374 384/373/375 385/374/376
f 383/372/374 385/374/376 320/309/311
f 319/308/310 383/372/374 320/309/311
f 384/373/375 386/375/377 385/374/376
f 385/374/376 386/375/377 387/376/378
f 385/374/376 387/376/378 322/311/313
f 320/309/311 385/374/376 322/311/313
f 386/375/377 388/377/379 387/376/378
f 388/377/379 389/378/380 387/376/378
f 389/378/380 390/379/381 387/376/378
f 387/376/378 390/379/381 391/380/382
f 387/376/378 391/380/382 322/311/313
f 390/379/381 392/381/383 391/380/382
f 392/381/383 393/382/384 391/380/382
f 391/380/382 393/382/384 394/383/385
f 391/380/382 394/383/385 324/313/315
f 322/311/313 391/380/382 324/313/315
f 393/382/384 395/384/386 394/383/385
f 394/383/385 395/384/386 396/385/387
f 394/383/385 396/385/387 326/315/317
f 324/313/315 394/383/385 326/315/317
f 395/384/386 397/386/388 396/385/387
f 396/385/387 397/386/388 398/387/389
f 396/385/387 398/387/389 328/317/319
f 326/315/317 396/385/387 328/317/319
f 397/386/388 399/388/390 398/387/389
f 398/387/389 399/388/390 400/389/391
f 398/387/389 400/389/391 330/319/321
f 328/317/319 398/387/389 330/319/321
f 399/388/390 401/390/392 400/389/391
f 400/389/391 401/390/392 402/391/393
f 400/389/391 402/391/393 330/319/321
f 401/390/392 403/392/394 402/391/393
f 403/392/394 404/393/395 402/391/393
f 402/391/393 404/393/395 405/394/396
f 402/391/393 405/394/396 331/320/322
f 330/319/321 402/391/393 331/320/322
f 404/393/395 406/395/397 405/394/396
f 405/394/396 406/395/397 407/396/398
f 405/394/396 407/396/398 333/322/324
f 331/320/322 405/394/396 333/322/324
f 407/396/398 406/395/397 408/397/399
f 407/396/398 408/397/399 338/327/329
f 333/322/324 407/396/398 336/325/327
f 336/325/327 407/396/398 338/327/329
f 406/395/397 409/398/400 408/397/399
f 408/397/399 409/398/400 410/399/401
f 408/397/399 410/399/401 340/329/331
f 338/327/329 408/397/399 340/329/331
f 409/398/400 411/400/402 410/399/401
f 410/399/401 411/400/402 412/401/403
f 410/399/401 412/401/403 342/331/333
f 340/329/331 410/399/401 342/331/333
f 411/400/402 413/402/402 412/401/403
f 412/401/403 413/402/402 414/403/404
f 412/401/403 414/403/404 342/331/333
f 413/402/402 415/404/405 414/403/404
f 414/403/404 415/404/405 416/405/406
f 414/403/404 416/405/406 343/332/334
f 342/331/333 414/403/404 343/332/334
f 415/404/405 417/406/407 416/405/406
f 416/405/406 417/406/407 418/407/408
f 416/405/406 418/407/408 345/334/336
f 343/332/334 416/405/406 345/334/336
f 417/406/407 419/408/409 418/407/408
f 419/408/409 420/409/410 418/407/408
f 418/407/408 420/409/410 421/410/411
f 418/407/408 421/410/411 347/336/338
f 345/334/336 418/407/408 347/336/338
f 420/409/410 422/411/412 421/410/411
f 421/410/411 422/411/412 423/412/413
f 421/410/411 423/412/413 349/338/340
f 347/336/338 421/410/411 349/338/340
f 423/412/413 422/411/412 424/413/414
f 423/412/413 424/413/414 351/340/342
f 349/338/340 423/412/413 351/340/342
f 422/411/412 425/414/415 424/413/414
f 424/413/414 425/414/415 426/415/416
f 424/413/414 426/415/416 356/345/347
f 351/340/342 424/413/414 354/343/345
f 354/343/345 424/413/414 356/345/347
f 425/414/415 427/416/417 426/415/416
f 427/416/417 428/417/418 426/415/416
f 426/415/416 428/417/418 429/418/419
f 426/415/416 429/418/419 356/345/347
f 428/417/418 430/419/420 429/418/419
f 430/419/420 431/420/421 429/418/419
f 429/418/419 431/420/421 432/421/422
f 429/418/419 432/421/422 356/345/347
f 432/421/422 431/420/421 433/422/423
f 432/421/422 433/422/423 357/346/348
f 356/345/347 432/421/422 357/346/348
f 431/420/421 434/423/424 433/422/423
f 434/423/424 435/424/425 433/422/423
f 433/422/423 435/424/425 436/425/426
f 433/422/423 436/425/426 437/426/427
f 357/346/348 433/422/423 437/426/427
f 359/348/350 357/346/348 437/426/427
f 359/348/350 437/426/427 367/356/358
f 437/426/427 436/425/426 438/427/428
f 437/426/427 438/427/428 367/356/358
f 436/425/426 439/428/429 438/427/428
f 438/427/428 439/428/429 440/429/430
f 438/427/428 440/429/430 368/357/359
f 367/356/358 438/427/428 368/357/359
f 439/428/429 441/430/431 440/429/430
f 440/429/430 441/430/431 373/362/364
f 440/429/430 373/362/364 370/359/361
f 368/357/359 440/429/430 370/359/361
f 386/375/377 384/373/375 441/430/431
f 439/428/429 386/375/377 441/430/431
f 441/430/431 384/373/375 375/364/366
f 441/430/431 375/364/366 373/362/364
f 388/377/379 386/375/377 439/428/429
f 436/425/426 388/377/379 439/428/429
f 435/424/425 388/377/379 436/425/426
f 435/424/425 389/378/380 388/377/379
f 434/423/424 389/378/380 435/424/425
f 430/419/420 442/431/432 434/423/424
f 431/420/421 430/419/420 434/423/424
f 442/431/432 443/432/433 434/423/424
f 443/432/433 444/433/434 434/423/424
f 444/433/434 389/378/380 434/423/424
f 444/433/434 445/434/435 392/381/383
f 443/432/433 445/434/435 444/433/434
f 389/378/380 444/433/434 392/381/383
f 446/435/436 445/434/435 443/432/433
f 445/434/435 446/435/436 447/436/437
f 445/434/435 447/436/437 393/382/384
f 392/381/383 445/434/435 393/382/384
f 447/436/437 446/435/436 448/437/438
f 447/436/437 448/437/438 395/384/386
f 393/382/384 447/436/437 395/384/386
f 446/435/436 449/438/439 448/437/438
f 449/438/439 450/439/440 448/437/438
f 448/437/438 450/439/440 451/440/441
f 448/437/438 451/440/441 395/384/386
f 450/439/440 452/441/442 451/440/441
f 451/440/441 452/441/442 453/442/443
f 451/440/441 453/442/443 395/384/386
f 452/441/442 454/443/444 453/442/443
f 453/442/443 454/443/444 455/444/445
f 453/442/443 455/444/445 397/386/388
f 395/384/386 453/442/443 397/386/388
f 454/443/444 456/445/446 455/444/445
f 455/444/445 456/445/446 457/446/447
f 455/444/445 457/446/447 399/388/390
f 397/386/388 455/444/445 399/388/390
f 456/445/446 458/447/448 457/446/447
f 457/446/447 458/447/448 459/448/449
f 457/446/447 459/448/449 401/390/392
f 399/388/390 457/446/447 401/390/392
f 459/448/449 458/447/448 460/449/450
f 459/448/449 460/449/450 404/393/395
f 401/390/392 459/448/449 403/392/394
f 403/392/394 459/448/449 404/393/395
f 458/447/448 461/450/451 460/449/450
f 461/450/451 462/451/452 460/449/450
f 460/449/450 462/451/452 463/452/453
f 460/449/450 463/452/453 406/395/397
f 404/393/395 460/449/450 406/395/397
f 462/451/452 464/453/454 463/452/453
f 463/452/453 464/453/454 465/454/455
f 463/452/453 465/454/455 406/395/397
f 464/453/454 466/455/456 465/454/455
f 465/454/455 466/455/456 467/456/457
f 465/454/455 467/456/457 409/398/400
f 406/395/397 465/454/455 409/398/400
f 466/455/456 468/457/458 467/456/457
f 467/456/457 468/457/458 469/458/459
f 467/456/457 469/458/459 411/400/402
f 409/398/400 467/456/457 411/400/402
f 469/458/459 468/457/458 470/459/460
f 469/458/459 470/459/460 413/402/402
f 411/400/402 469/458/459 413/402/402
f 468/457/458 471/460/461 470/459/460
f 470/459/460 471/460/461 472/461/462
f 470/459/460 472/461/462 415/404/405
f 413/402/402 470/459/460 415/404/405
f 471/460/461 473/462/463 472/461/462
f 472/461/462 473/462/463 474/463/464
f 472/461/462 474/463/464 419/408/409
f 415/404/405 472/461/462 417/406/407
f 417/406/407 472/461/462 419/408/409
f 473/462/463 475/464/465 474/463/464
f 474/463/464 475/464/465 476/465/466
f 474/463/464 476/465/466 420/409/410
f 419/408/409 474/463/464 420/409/410
f 475/464/465 477/466/467 476/465/466
f 476/465/466 477/466/467 478/467/468
f 476/465/466 478/467/468 422/411/412
f 420/409/410 476/465/466 422/411/412
f 477/466/467 479/468/469 478/467/468
f 478/467/468 479/468/469 480/469/470
f 478/467/468 480/469/470 425/414/415
f 422/411/412 478/467/468 425/414/415
f 479/468/469 481/470/471 480/469/470
f 480/469/470 481/470/471 482/471/472
f 480/469/470 482/471/472 425/414/415
f 481/470/471 483/472/473 482/471/472
f 482/471/472 483/472/473 484/473/474
f 482/471/472 484/473/474 427/416/417
f 425/414/415 482/471/472 427/416/417
f 483/472/473 485/474/475 484/473/474
f 484/473/474 485/474/475 486/475/476
f 484/473/474 486/475/476 430/419/420
f 427/416/417 484/473/474 428/417/418
f 428/417/418 484/473/474 430/419/420
f 485/474/475 487/476/477 486/475/476
f 487/476/477 488/477/478 486/475/476
f 486/475/476 488/477/478 442/431/432
f 486/475/476 442/431/432 430/419/420
f 488/477/478 489/478/479 490/479/480
f 487/476/477 489/478/479 488/477/478
f 488/477/478 490/479/480 443/432/433
f 442/431/432 488/477/478 443/432/433
f 489/478/479 491/480/481 490/479/480
f 491/480/481 492/481/482 490/479/480
f 490/479/480 492/481/482 446/435/436
f 490/479/480 446/435/436 443/432/433
f 492/481/482 449/438/439 446/435/436
f 390/379/381 389/378/380 392/381/383
f 375/364/366 384/373/375 377/366/368
f 361/350/352 359/348/350 367/356/358
f 124/124/124 493/482/483 364/353/355
f 126/126/126 124/124/124 364/353/355
f 126/126/126 364/353/355 130/131/131
f 493/482/483 362/352/354 364/353/355
f 362/352/354 493/482/483 119/119/119
f 119/119/119 493/482/483 121/121/121
f 121/121/121 493/482/483 124/124/124
f 115/115/115 362/352/354 117/117/117
f 117/117/117 362/352/354 119/119/119
f 176/174/176 316/306/308 181/179/181
f 304/293/295 494/483/484 495/484/485
f 301/290/292 494/483/484 304/293/295
f 304/293/295 495/484/485 214/208/214
f 211/205/211 304/293/295 214/208/214
f 494/483/484 496/485/486 495/484/485
f 495/484/485 496/485/486 497/486/487
f 495/484/485 497/486/487 222/215/221
f 214/208/214 495/484/485 222/215/221
f 497/486/487 496/485/486 498/487/488
f 497/486/487 498/487/488 227/219/226
f 222/215/221 497/486/487 223/216/222
f 223/216/222 497/486/487 227/219/226
f 496/485/486 499/488/489 498/487/488
f 498/487/488 499/488/489 500/489/490
f 498/487/488 500/489/490 231/223/230
f 227/219/226 498/487/488 231/223/230
f 499/488/489 501/490/491 500/489/490
f 500/489/490 501/490/491 502/491/492
f 500/489/490 502/491/492 234/225/233
f 231/223/230 500/489/490 234/225/233
f 501/490/491 503/492/493 502/491/492
f 502/491/492 503/492/493 504/493/494
f 502/491/492 504/493/494 238/228/237
f 234/225/233 502/491/492 238/228/237
f 503/492/493 505/494/495 504/493/494
f 504/493/494 505/494/495 507/495/496
f 504/493/494 506/496/497 238/228/237
f 506/496/497 504/493/494 507/495/496
f 506/496/497 507/495/496 250/239/247
f 505/494/495 508/497/498 507/495/496
f 507/495/496 508/497/498 509/498/499
f 507/495/496 509/498/499 250/239/247
f 508/497/498 270/259/261 509/498/499
f 509/498/499 270/259/261 510/499/500
f 509/498/499 510/499/500 252/241/248
f 250/239/247 509/498/499 252/241/248
f 510/499/500 270/259/261 268/257/259
f 510/499/500 511/500/501 254/243/249
f 511/500/501 510/499/500 268/257/259
f 252/241/248 510/499/500 254/243/249
f 511/500/501 268/257/259 265/254/256
f 254/243/249 511/500/501 256/245/250
f 256/245/250 511/500/501 263/252/254
f 263/252/254 511/500/501 265/254/256
f 508/497/498 512/501/502 271/260/262
f 505/494/495 512/501/502 508/497/498
f 270/259/261 508/497/498 271/260/262
f 512/501/502 513/502/503 273/262/264
f 513/502/503 512/501/502 503/492/493
f 503/492/493 512/501/502 505/494/495
f 271/260/262 512/501/502 273/262/264
f 513/502/503 514/503/504 275/264/266
f 515/504/505 514/503/504 513/502/503
f 515/504/505 513/502/503 501/490/491
f 513/502/503 275/264/266 273/262/264
f 501/490/491 513/502/503 503/492/493
f 516/505/506 514/503/504 515/504/505
f 516/505/506 515/504/505 517/506/507
f 517/506/507 515/504/505 499/488/489
f 499/488/489 515/504/505 501/490/491
f 518/507/508 516/505/506 517/506/507
f 518/507/508 517/506/507 300/289/291
f 517/506/507 494/483/484 300/289/291
f 494/483/484 517/506/507 496/485/486
f 496/485/486 517/506/507 499/488/489
f 290/280/282 516/505/506 518/507/508
f 293/283/285 290/280/282 518/507/508
f 293/283/285 518/507/508 296/286/288
f 296/286/288 518/507/508 300/289/291
f 289/279/281 514/503/504 516/505/506
f 290/280/282 289/279/281 516/505/506
f 514/503/504 289/279/281 277/266/268
f 514/503/504 277/266/268 275/264/266
f 238/228/237 506/496/497 241/231/240
f 241/231/240 506/496/497 249/238/246
f 249/238/246 506/496/497 250/239/247
f 300/289/291 494/483/484 301/290/292
f 519/508/509 294/282/284 297/285/287
f 520/509/510 519/508/509 297/285/287
f 520/509/510 297/285/287 55/55/55
f 521/510/511 519/508/509 520/509/510
f 522/511/512 521/510/511 520/509/510
f 522/511/512 520/509/510 53/53/53
f 53/53/53 520/509/510 55/55/55
f 523/512/513 521/510/511 522/511/512
f 524/513/514 523/512/513 522/511/512
f 524/513/514 522/511/512 52/52/52
f 52/52/52 522/511/512 53/53/53
f 525/514/515 523/512/513 524/513/514
f 526/515/516 525/514/515 524/513/514
f 526/515/516 524/513/514 50/50/50
f 50/50/50 524/513/514 52/52/52
f 527/516/517 529/517/518 526/515/516
f 528/518/519 527/516/517 526/515/516
f 528/518/519 526/515/516 48/48/48
f 529/517/518 525/514/515 526/515/516
f 48/48/48 526/515/516 50/50/50
f 530/519/520 531/520/521 529/517/518
f 527/516/517 530/519/520 529/517/518
f 529/517/518 531/520/521 525/514/515
f 532/521/522 533/522/523 531/520/521
f 530/519/520 532/521/522 531/520/521
f 533/522/523 534/523/524 531/520/521
f 531/520/521 534/523/524 535/524/525
f 531/520/521 535/524/525 525/514/515
f 534/523/524 536/525/526 535/524/525
f 535/524/525 536/525/526 537/526/527
f 535/524/525 537/526/527 525/514/515
f 536/525/526 538/527/528 537/526/527
f 537/526/527 538/527/528 539/528/529
f 537/526/527 539/528/529 523/512/513
f 525/514/515 537/526/527 523/512/513
f 539/528/529 538/527/528 540/529/530
f 539/528/529 540/529/530 521/510/511
f 523/512/513 539/528/529 521/510/511
f 538/527/528 541/530/531 540/529/530
f 541/530/531 542/531/532 540/529/530
f 540/529/530 542/531/532 292/281/283
f 540/529/530 292/281/283 294/282/284
f 521/510/511 540/529/530 519/508/509
f 519/508/509 540/529/530 294/282/284
f 543/532/533 544/533/534 542/531/532
f 541/530/531 543/532/533 542/531/532
f 544/533/534 545/534/535 542/531/532
f 542/531/532 545/534/535 287/276/278
f 542/531/532 287/276/278 292/281/283
f 545/534/535 544/533/534 286/275/277
f 545/534/535 286/275/277 287/276/278
f 546/535/536 547/536/537 544/533/534
f 543/532/533 546/535/536 544/533/534
f 544/533/534 547/536/537 286/275/277
f 548/537/538 549/538/539 547/536/537
f 546/535/536 548/537/538 547/536/537
f 547/536/537 549/538/539 284/273/275
f 547/536/537 284/273/275 286/275/277
f 549/538/539 4/5/5 5/6/6
f 4/5/5 549/538/539 550/539/540
f 550/539/540 549/538/539 548/537/538
f 284/273/275 549/538/539 5/6/6
f 3/4/4 4/5/5 550/539/540
f 551/540/541 546/535/536 543/532/533
f 552/541/542 551/540/541 543/532/533
f 553/542/543 552/541/542 554/543/544
f 554/543/544 552/541/542 543/532/533
f 555/544/545 553/542/543 554/543/544
f 555/544/545 554/543/544 541/530/531
f 554/543/544 543/532/533 541/530/531
f 556/545/546 553/542/543 555/544/545
f 557/546/547 556/545/546 555/544/545
f 557/546/547 555/544/545 538/527/528
f 538/527/528 555/544/545 541/530/531
f 558/547/548 556/545/546 557/546/547
f 559/548/549 558/547/548 557/546/547
f 559/548/549 557/546/547 536/525/526
f 536/525/526 557/546/547 538/527/528
f 560/549/550 558/547/548 559/548/549
f 561/550/551 560/549/550 559/548/549
f 561/550/551 559/548/549 534/523/524
f 534/523/524 559/548/549 536/525/526
f 562/551/552 560/549/550 561/550/551
f 562/551/552 561/550/551 532/521/522
f 532/521/522 561/550/551 533/522/523
f 533/522/523 561/550/551 534/523/524
f 563/552/553 560/549/550 562/551/552
f 564/553/554 563/552/553 562/551/552
f 564/553/554 562/551/552 565/554/555
f 565/554/555 562/551/552 532/521/522
f 566/555/556 564/553/554 565/554/555
f 566/555/556 565/554/555 567/556/557
f 565/554/555 532/521/522 530/519/520
f 567/556/557 565/554/555 530/519/520
f 568/557/558 566/555/556 567/556/557
f 568/557/558 567/556/557 569/558/559
f 567/556/557 530/519/520 527/516/517
f 569/558/559 567/556/557 527/516/517
f 570/559/560 568/557/558 569/558/559
f 570/559/560 569/558/559 571/560/561
f 569/558/559 527/516/517 528/518/519
f 571/560/561 569/558/559 528/518/519
f 572/561/562 570/559/560 571/560/561
f 572/561/562 571/560/561 43/43/43
f 571/560/561 528/518/519 46/46/46
f 43/43/43 571/560/561 46/46/46
f 573/562/563 570/559/560 572/561/562
f 574/563/564 573/562/563 572/561/562
f 574/563/564 572/561/562 41/41/41
f 41/41/41 572/561/562 43/43/43
f 575/564/565 573/562/563 574/563/564
f 576/565/566 575/564/565 574/563/564
f 576/565/566 574/563/564 39/39/39
f 39/39/39 574/563/564 41/41/41
f 577/566/567 575/564/565 576/565/566
f 578/567/568 577/566/567 576/565/566
f 578/567/568 576/565/566 37/37/37
f 37/37/37 576/565/566 39/39/39
f 579/568/567 577/566/567 578/567/568
f 580/569/569 579/568/567 578/567/568
f 580/569/569 578/567/568 35/35/35
f 35/35/35 578/567/568 37/37/37
f 581/570/570 579/568/567 580/569/569
f 582/571/571 581/570/570 580/569/569
f 582/571/571 580/569/569 34/34/34
f 34/34/34 580/569/569 35/35/35
f 583/572/572 581/570/570 582/571/571
f 584/573/573 583/572/572 582/571/571
f 584/573/573 582/571/571 32/32/32
f 32/32/32 582/571/571 34/34/34
f 23/24/24 583/572/572 584/573/573
f 23/24/24 584/573/573 26/27/27
f 26/27/27 584/573/573 30/30/30
f 30/30/30 584/573/573 32/32/32
f 585/574/574 586/575/575 583/572/572
f 19/20/20 585/574/574 583/572/572
f 19/20/20 583/572/572 23/24/24
f 583/572/572 586/575/575 581/570/570
f 587/576/576 588/577/577 586/575/575
f 585/574/574 587/576/576 586/575/575
f 586/575/575 588/577/577 589/578/578
f 586/575/575 589/578/578 579/568/567
f 581/570/570 586/575/575 579/568/567
f 588/577/577 590/579/579 589/578/578
f 590/579/579 591/580/580 589/578/578
f 589/578/578 591/580/580 592/581/581
f 589/578/578 592/581/581 577/566/567
f 579/568/567 589/578/578 577/566/567
f 591/580/580 593/582/582 592/581/581
f 592/581/581 593/582/582 594/583/583
f 592/581/581 594/583/583 575/564/565
f 577/566/567 592/581/581 575/564/565
f 593/582/582 595/584/584 594/583/583
f 594/583/583 595/584/584 596/585/585
f 594/583/583 596/585/585 573/562/563
f 575/564/565 594/583/583 573/562/563
f 596/585/585 595/584/584 568/557/558
f 596/585/585 568/557/558 570/559/560
f 573/562/563 596/585/585 570/559/560
f 597/586/586 598/587/587 595/584/584
f 593/582/582 597/586/586 595/584/584
f 598/587/587 599/588/588 595/584/584
f 595/584/584 599/588/588 566/555/556
f 595/584/584 566/555/556 568/557/558
f 600/589/589 601/590/590 599/588/588
f 598/587/587 600/589/589 599/588/588
f 599/588/588 601/590/590 564/553/554
f 599/588/588 564/553/554 566/555/556
f 601/590/590 563/552/553 564/553/554
f 602/591/591 600/589/589 598/587/587
f 603/592/592 602/591/591 597/586/586
f 597/586/586 602/591/591 598/587/587
f 604/593/593 603/592/592 605/594/594
f 605/594/594 603/592/592 597/586/586
f 606/595/595 604/593/593 605/594/594
f 606/595/595 605/594/594 590/579/579
f 605/594/594 597/586/586 593/582/582
f 590/579/579 605/594/594 591/580/580
f 591/580/580 605/594/594 593/582/582
f 607/596/596 604/593/593 606/595/595
f 608/597/597 607/596/596 606/595/595
f 608/597/597 606/595/595 588/577/577
f 588/577/577 606/595/595 590/579/579
f 609/598/598 607/596/596 608/597/597
f 610/599/599 609/598/598 608/597/597
f 610/599/599 608/597/597 587/576/576
f 587/576/576 608/597/597 588/577/577
f 611/600/600 609/598/598 610/599/599
f 612/601/601 611/600/600 610/599/599
f 612/601/601 610/599/599 587/576/576
f 613/602/602 611/600/600 612/601/601
f 10/11/11 613/602/602 612/601/601
f 10/11/11 612/601/601 13/14/14
f 13/14/14 612/601/601 587/576/576
f 9/10/10 613/602/602 10/11/11
f 13/14/14 587/576/576 16/17/17
f 16/17/17 587/576/576 585/574/574
f 16/17/17 585/574/574 19/20/20
f 46/46/46 528/518/519 48/48/48
f 277/266/268 289/279/281 279/268/270
f 289/279/281 282/271/273 279/268/270
f 258/247/251 256/245/250 263/252/254
f 246/235/245 241/231/240 249/238/246
f 242/232/241 241/231/240 246/235/245
f 215/209/215 214/208/214 222/215/221
f 219/212/218 215/209/215 222/215/221
f 177/175/177 176/174/176 181/179/181
f 168/166/168 167/165/167 172/170/172
f 152/152/152 148/148/148 136/136/136
f 152/152/152 136/136/136 134/135/135
f 140/141/141 128/129/129 131/130/130
f 615/603/603 614/604/604 616/605/605
f 614/604/604 617/606/606 616/605/605
f 616/605/605 617/606/606 618/607/607
f 617/606/606 619/608/608 618/607/607
f 618/607/607 619/608/608 620/609/609
f 619/608/608 621/610/610 620/609/609
f 620/609/609 621/610/610 622/611/611
f 621/610/610 623/612/612 622/611/611
f 622/611/611 623/612/612 624/613/613
f 623/612/612 625/614/614 624/613/613
f 624/613/613 625/614/614 626/615/615
f 625/614/614 627/616/616 626/615/615
f 626/615/615 627/616/616 628/617/617
f 627/616/616 629/618/618 628/617/617
f 628/617/617 629/618/618 630/619/619
f 629/618/618 631/620/619 630/619/619
f 631/620/619 632/621/620 630/619/619
f 630/619/619 632/621/620 633/622/621
f 632/621/620 634/623/622 633/622/621
f 633/622/621 634/623/622 635/624/623
f 635/624/623 634/623/622 636/625/624
f 634/623/622 637/626/625 636/625/624
f 636/625/624 637/626/625 638/627/626
f 637/626/625 639/628/627 638/627/626
f 638/627/626 639/628/627 640/629/628
f 639/628/627 641/630/628 640/629/628
f 641/630/628 642/631/629 640/629/628
f 640/629/628 642/631/629 643/632/630
f 642/631/629 644/633/631 643/632/630
f 643/632/630 644/633/631 645/634/632
f 644/633/631 646/635/633 645/634/632
f 645/634/632 646/635/633 647/636/634
f 646/635/633 648/637/635 647/636/634
f 647/636/634 648/637/635 649/638/636
f 648/637/635 650/639/637 649/638/636
f 649/638/636 650/639/637 651/640/638
f 650/639/637 652/641/639 651/640/638
f 651/640/638 652/641/639 653/642/640
f 652/641/639 654/643/641 653/642/640
f 653/642/640 654/643/641 655/644/642
f 654/643/641 656/645/481 655/644/642
f 655/644/642 656/645/481 657/646/643
f 657/646/643 656/645/481 658/647/644
f 660/648/645 659/649/646 658/647/644
f 659/649/646 657/646/643 658/647/644
f 662/650/647 661/651/648 660/648/645
f 661/651/648 659/649/646 660/648/645
f 664/652/649 663/653/650 662/650/647
f 663/653/650 665/654/647 662/650/647
f 665/654/647 661/651/648 662/650/647
f 667/655/651 666/656/652 664/652/649
f 666/656/652 663/653/650 664/652/649
f 668/657/653 666/656/652 667/655/651
f 670/658/654 669/659/655 668/657/653
f 669/659/655 666/656/652 668/657/653
f 672/660/656 671/661/657 670/658/654
f 671/661/657 669/659/655 670/658/654
f 674/662/658 673/663/659 672/660/656
f 673/663/659 675/664/656 672/660/656
f 675/664/656 671/661/657 672/660/656
f 677/665/660 676/666/661 674/662/658
f 676/666/661 673/663/659 674/662/658
f 679/667/662 678/668/663 677/665/660
f 678/668/663 676/666/661 677/665/660
f 681/603/664 680/604/665 682/605/666
f 680/604/665 683/606/667 682/605/666
f 682/605/666 683/606/667 684/607/668
f 683/606/667 685/608/669 684/607/668
f 684/607/668 685/608/669 686/609/670
f 685/608/669 687/610/671 686/609/670
f 686/609/670 687/610/671 688/611/672
f 687/610/671 689/612/673 688/611/672
f 688/611/672 689/612/673 690/613/674
f 689/612/673 691/614/675 690/613/674
f 690/613/674 691/614/675 692/615/676
f 691/614/675 693/616/677 692/615/676
f 692/615/676 693/616/677 694/617/678
f 693/616/677 695/618/679 694/617/678
f 694/617/678 695/618/679 696/619/680
f 695/618/679 697/620/681 696/619/680
f 696/619/680 697/620/681 698/622/682
f 697/620/681 699/621/683 698/622/682
f 698/622/682 699/621/683 700/624/684
f 699/621/683 701/623/685 700/624/684
f 700/624/684 701/623/685 702/625/686
f 701/623/685 703/626/687 702/625/686
f 702/625/686 703/626/687 704/627/688
f 703/626/687 705/628/689 704/627/688
f 704/627/688 705/628/689 706/629/690
f 705/628/689 707/630/691 706/629/690
f 707/630/691 708/631/692 706/629/690
f 706/629/690 708/631/692 709/632/693
f 708/631/692 710/633/694 709/632/693
f 709/632/693 710/633/694 711/634/695
f 710/633/694 712/635/696 711/634/695
f 711/634/695 712/635/696 713/636/697
f 712/635/696 714/637/698 713/636/697
f 713/636/697 714/637/698 715/638/699
f 714/637/698 716/639/700 715/638/699
f 715/638/699 716/639/700 717/640/701
f 716/639/700 718/641/702 717/640/701
f 717/640/701 718/641/702 719/642/703
f 718/641/702 720/643/704 719/642/703
f 719/642/703 720/643/704 721/644/705
f 720/643/704 722/645/706 721/644/705
f 721/644/705 722/645/706 723/646/707
f 723/646/707 722/645/706 724/647/708
f 726/648/709 725/649/710 724/647/708
f 725/649/710 723/646/707 724/647/708
f 728/650/711 727/651/712 726/648/709
f 727/651/712 725/649/710 726/648/709
f 730/652/713 729/654/714 728/650/711
f 729/654/714 727/651/712 728/650/711
f 732/655/715 731/653/716 730/652/713
f 731/653/716 729/654/714 730/652/713
f 734/657/717 733/656/718 732/655/715
f 733/656/718 731/653/716 732/655/715
f 736/658/719 735/659/720 734/657/717
f 735/659/720 733/656/718 734/657/717
f 738/660/721 737/661/722 736/658/719
f 737/661/722 735/659/720 736/658/719
f 740/662/723 739/663/724 738/660/721
f 739/663/724 741/664/725 738/660/721
f 741/664/725 737/661/722 738/660/721
f 743/665/726 742/666/727 740/662/723
f 742/666/727 739/663/724 740/662/723
f 745/667/728 744/668/729 743/665/726
f 744/668/729 742/666/727 743/665/726
f 747/669/730 746/670/731 748/671/732
f 748/671/732 746/670/731 749/672/733
f 746/670/731 750/673/734 749/672/733
f 749/672/733 750/673/734 751/674/735
f 751/674/735 750/673/734 752/675/736
f 750/673/734 753/676/737 752/675/736
f 752/675/736 753/676/737 754/677/738
f 753/676/737 755/678/739 754/677/738
f 754/677/738 755/678/739 756/679/740
f 756/679/740 755/678/739 757/680/741
f 759/681/742 758/682/743 757/680/741
f 758/682/743 756/679/740 757/680/741
f 760/683/744 758/682/743 759/681/742
f 762/684/745 761/685/746 760/683/744
f 761/685/746 758/682/743 760/683/744
f 764/686/747 763/687/748 762/684/745
f 763/687/748 761/685/746 762/684/745
f 766/688/749 765/689/750 764/686/747
f 765/689/750 763/687/748 764/686/747
f 768/690/751 767/691/752 766/688/749
f 767/691/752 765/689/750 766/688/749
f 770/692/753 769/693/754 768/690/751
f 769/693/754 767/691/752 768/690/751
f 772/694/755 771/695/756 770/692/753
f 771/695/756 769/693/754 770/692/753
f 774/696/757 773/697/758 772/694/755
f 773/697/758 771/695/756 772/694/755
f 776/698/759 775/699/760 774/696/757
f 775/699/760 773/697/758 774/696/757
f 778/700/761 777/701/762 776/698/759
f 777/701/762 775/699/760 776/698/759
f 779/702/763 777/701/762 778/700/761
f 781/703/764 780/704/765 782/705/766
f 780/704/765 783/706/767 782/705/766
f 782/705/766 783/706/767 784/707/768
f 783/706/767 785/708/769 784/707/768
f 785/708/769 786/709/770 784/707/768
f 784/707/768 786/709/770 787/710/771
f 786/709/770 788/711/772 787/710/771
f 787/710/771 788/711/772 789/712/773
f 788/711/772 790/713/774 789/712/773
f 789/712/773 790/713/774 791/714/775
f 790/713/774 792/715/776 791/714/775
f 791/714/775 792/715/776 793/716/777
f 793/716/777 792/715/776 794/717/778
f 794/717/778 792/715/776 795/718/779
f 797/719/780 796/720/781 795/718/779
f 796/720/781 794/717/778 795/718/779
f 798/721/782 796/720/781 797/719/780
f 800/722/783 799/723/784 798/721/782
f 799/723/784 796/720/781 798/721/782
f 802/724/785 801/725/786 800/722/783
f 801/725/786 803/726/787 800/722/783
f 803/726/787 799/723/784 800/722/783
f 805/727/788 804/728/789 802/724/785
f 804/728/789 801/725/786 802/724/785
f 807/729/790 806/730/791 805/727/788
f 806/730/791 804/728/789 805/727/788
f 809/731/792 808/732/793 807/729/790
f 808/732/793 806/730/791 807/729/790
f 810/733/794 808/732/793 809/731/792
f 812/734/795 811/735/796 810/733/794
f 811/735/796 808/732/793 810/733/794
f 813/703/797 811/735/796 812/734/795
f 815/736/798 814/671/799 816/737/800
f 814/671/799 817/672/801 816/737/800
f 817/672/801 818/674/802 816/737/800
f 816/737/800 818/674/802 819/738/803
f 818/674/802 820/675/804 819/738/803
f 819/738/803 820/675/804 821/739/805
f 820/675/804 822/677/806 821/739/805
f 821/739/805 822/677/806 823/740/807
f 823/740/807 822/677/806 824/679/808
f 826/682/809 825/741/810 824/679/808
f 825/741/810 823/740/807 824/679/808
f 828/685/811 827/742/812 826/682/809
f 827/742/812 825/741/810 826/682/809
f 830/687/813 829/743/814 828/685/811
f 829/743/814 827/742/812 828/685/811
f 832/689/815 831/744/816 830/687/813
f 831/744/816 833/745/817 830/687/813
f 833/745/817 829/743/814 830/687/813
f 835/691/818 834/746/819 832/689/815
f 834/746/819 831/744/816 832/689/815
f 837/693/820 836/747/821 835/691/818
f 836/747/821 834/746/819 835/691/818
f 839/695/822 838/748/823 837/693/820
f 838/748/823 836/747/821 837/693/820
f 841/697/824 840/749/825 839/695/822
f 840/749/825 838/748/823 839/695/822
f 843/699/826 842/750/827 841/697/824
f 842/750/827 840/749/825 841/697/824
f 845/701/828 844/751/829 843/699/826
f 844/751/829 842/750/827 843/699/826
f 847/702/830 846/752/831 845/701/828
f 846/752/831 844/751/829 845/701/828
f 849/734/832 848/733/833 850/669/834
f 850/669/834 848/733/833 851/670/835
f 848/733/833 852/731/836 851/670/835
f 851/670/835 852/731/836 853/673/837
f 852/731/836 854/729/838 853/673/837
f 853/673/837 854/729/838 855/676/839
f 854/729/838 856/727/840 855/676/839
f 855/676/839 856/727/840 857/678/841
f 856/727/840 858/724/842 857/678/841
f 857/678/841 858/724/842 859/680/843
f 858/724/842 860/722/783 859/680/843
f 859/680/843 860/722/783 861/681/844
f 861/681/844 860/722/783 862/721/845
f 864/719/846 863/683/847 862/721/845
f 863/683/847 861/681/844 862/721/845
f 866/718/848 865/686/849 864/719/846
f 865/686/849 867/684/850 864/719/846
f 867/684/850 863/683/847 864/719/846
f 869/715/776 868/688/851 866/718/848
f 868/688/851 865/686/849 866/718/848
f 871/713/852 870/690/853 869/715/776
f 870/690/853 868/688/851 869/715/776
f 873/711/854 872/692/855 871/713/852
f 872/692/855 870/690/853 871/713/852
f 875/709/856 874/694/857 873/711/854
f 874/694/857 872/692/855 873/711/854
f 877/708/858 876/696/859 875/709/856
f 876/696/859 874/694/857 875/709/856
f 879/706/860 878/698/861 877/708/858
f 878/698/861 876/696/859 877/708/858
f 881/704/862 880/700/834 879/706/860
f 880/700/834 878/698/861 879/706/860
f 883/705/863 882/707/864 884/703/865
f 882/707/864 885/710/771 884/703/865
f 884/703/865 885/710/771 886/732/866
f 886/732/866 885/710/771 887/728/867
f 887/728/867 885/710/771 888/726/868
f 888/726/868 885/710/771 889/720/869
f 889/720/869 885/710/771 890/716/870
f 890/716/870 885/710/771 891/712/773
f 892/714/775 890/716/870 891/712/773
f 893/717/778 889/720/869 890/716/870
f 894/723/871 888/726/868 889/720/869
f 895/725/872 887/728/867 888/726/868
f 896/730/873 886/732/866 887/728/867
f 897/735/874 884/703/865 886/732/866
f 899/752/875 898/753/876 900/751/877
f 898/753/876 901/754/878 900/751/877
f 900/751/877 901/754/878 902/750/879
f 901/754/878 903/755/768 902/750/879
f 903/755/768 904/756/880 902/750/879
f 902/750/879 904/756/880 905/749/881
f 904/756/880 906/757/882 905/749/881
f 905/749/881 906/757/882 907/748/883
f 906/757/882 908/758/884 907/748/883
f 907/748/883 908/758/884 909/747/885
f 908/758/884 910/759/886 909/747/885
f 909/747/885 910/759/886 911/746/887
f 911/746/887 910/759/886 912/744/888
f 912/744/888 910/759/886 913/760/889
f 915/761/890 914/745/817 913/760/889
f 914/745/817 912/744/888 913/760/889
f 916/762/891 914/745/817 915/761/890
f 918/763/892 917/743/893 916/762/891
f 917/743/893 914/745/817 916/762/891
f 920/764/894 919/741/895 918/763/892
f 919/741/895 921/742/896 918/763/892
f 921/742/896 917/743/893 918/763/892
f 923/765/897 922/740/898 920/764/894
f 922/740/898 919/741/895 920/764/894
f 925/766/899 924/739/900 923/765/897
f 924/739/900 922/740/898 923/765/897
f 927/767/901 926/738/803 925/766/899
f 926/738/803 924/739/900 925/766/899
f 928/768/902 926/738/803 927/767/901
f 930/769/903 929/737/904 928/768/902
f 929/737/904 926/738/803 928/768/902
f 931/736/905 929/737/904 930/769/903
f 933/770/906 932/771/907 934/772/362
f 934/772/362 932/771/907 935/773/908
f 935/773/908 932/771/907 936/774/909
f 936/774/909 932/771/907 937/775/910
f 939/776/911 938/777/912 936/774/909
f 938/777/912 935/773/908 936/774/909
f 941/778/913 940/779/914 938/777/912
f 940/779/914 935/773/908 938/777/912
f 943/780/915 942/781/916 940/779/914
f 942/781/916 935/773/908 940/779/914
f 945/782/917 944/783/918 935/773/908
f 944/783/918 934/772/362 935/773/908
f 946/784/919 944/783/918 945/782/917
f 947/785/920 934/772/362 944/783/918
f 949/786/921 948/787/922 950/788/923
f 948/787/922 951/789/924 950/788/923
f 950/788/923 951/789/924 952/790/925
f 951/789/924 953/791/926 952/790/925
f 952/790/925 953/791/926 954/792/927
f 953/791/926 955/793/928 954/792/927
f 954/792/927 955/793/928 956/794/929
f 955/793/928 957/795/930 956/794/929
f 956/794/929 957/795/930 958/796/931
f 957/795/930 959/797/932 958/796/931
f 958/796/931 959/797/932 960/798/933
f 959/797/932 961/799/934 960/798/933
f 960/798/933 961/799/934 962/800/935
f 962/800/935 961/799/934 963/801/936
f 965/802/937 964/803/938 963/801/936
f 964/803/938 962/800/935 963/801/936
f 966/804/911 964/803/938 965/802/937
f 968/805/939 967/806/940 966/804/911
f 967/806/940 964/803/938 966/804/911
f 970/807/941 969/808/942 968/805/939
f 969/808/942 967/806/940 968/805/939
f 972/809/943 971/810/944 970/807/941
f 971/810/944 969/808/942 970/807/941
f 974/811/906 973/812/945 972/809/943
f 973/812/945 971/810/944 972/809/943
f 976/813/362 975/814/946 974/811/906
f 975/814/946 973/812/945 974/811/906
f 978/815/947 977/816/948 976/813/362
f 977/816/948 975/814/946 976/813/362
f 980/817/949 979/818/950 978/815/947
f 979/818/950 977/816/948 978/815/947
f 981/819/951 979/818/950 980/817/949
f 983/820/952 982/786/953 984/821/954
f 982/786/953 985/788/955 984/821/954
f 985/788/955 986/790/956 984/821/954
f 984/821/954 986/790/956 987/822/957
f 986/790/956 988/792/927 987/822/957
f 987/822/957 988/792/927 989/823/958
f 989/823/958 988/792/927 990/824/959
f 988/792/927 991/794/960 990/824/959
f 990/824/959 991/794/960 992/825/961
f 991/794/960 993/796/962 992/825/961
f 992/825/961 993/796/962 994/798/963
f 996/800/964 995/826/965 994/798/963
f 995/826/965 997/827/966 994/798/963
f 997/827/966 992/825/961 994/798/963
f 998/803/967 995/826/965 996/800/964
f 1000/806/968 999/828/969 998/803/967
f 999/828/969 1001/829/846 998/803/967
f 1001/829/846 995/826/965 998/803/967
f 1002/808/970 999/828/969 1000/806/968
f 1004/810/971 1003/830/972 1002/808/970
f 1003/830/972 1005/831/973 1002/808/970
f 1005/831/973 999/828/969 1002/808/970
f 1006/812/974 1003/830/972 1004/810/971
f 1008/814/975 1007/832/976 1006/812/974
f 1007/832/976 1009/833/977 1006/812/974
f 1009/833/977 1003/830/972 1006/812/974
f 1010/816/978 1007/832/976 1008/814/975
f 1012/818/979 1011/834/980 1010/816/978
f 1011/834/980 1013/835/981 1010/816/978
f 1013/835/981 1007/832/976 1010/816/978
f 1014/819/982 1011/834/980 1012/818/979
f 1015/836/983 1011/834/980 1014/819/982
f 1017/837/984 1016/820/985 1018/838/986
f 1016/820/985 1019/821/987 1018/838/986
f 1018/838/986 1019/821/987 1020/839/988
f 1019/821/987 1021/822/989 1020/839/988
f 1020/839/988 1021/822/989 1022/840/990
f 1021/822/989 1023/823/991 1022/840/990
f 1022/840/990 1023/823/991 1024/841/992
f 1023/823/991 1025/824/993 1024/841/992
f 1024/841/992 1025/824/993 1026/842/994
f 1025/824/993 1027/825/995 1026/842/994
f 1026/842/994 1027/825/995 1028/843/996
f 1027/825/995 1029/827/997 1028/843/996
f 1028/843/996 1029/827/997 1030/844/998
f 1029/827/997 1031/826/999 1030/844/998
f 1030/844/998 1031/826/999 1032/845/1000
f 1031/826/999 1033/829/1001 1032/845/1000
f 1033/829/1001 1034/828/969 1032/845/1000
f 1032/845/1000 1034/828/969 1035/846/1002
f 1034/828/969 1036/831/1003 1035/846/1002
f 1035/846/1002 1036/831/1003 1037/847/1004
f 1036/831/1003 1038/830/1005 1037/847/1004
f 1037/847/1004 1038/830/1005 1039/848/1006
f 1038/830/1005 1040/833/1007 1039/848/1006
f 1039/848/1006 1040/833/1007 1041/849/1008
f 1040/833/1007 1042/832/1009 1041/849/1008
f 1041/849/1008 1042/832/1009 1043/850/1010
f 1043/850/1010 1042/832/1009 1044/835/1011
f 1046/834/980 1045/851/1012 1044/835/1011
f 1045/851/1012 1043/850/1010 1044/835/1011
f 1048/836/1013 1047/852/1014 1046/834/980
f 1047/852/1014 1045/851/1012 1046/834/980
f 1049/853/1015 1047/852/1014 1048/836/1013
f 1051/854/1016 1050/855/1017 1052/856/1018
f 1052/856/1018 1050/855/1017 1053/857/1019
f 1050/855/1017 1054/858/1020 1053/857/1019
f 1053/857/1019 1054/858/1020 1055/859/1021
f 1054/858/1020 1056/860/1022 1055/859/1021
f 1055/859/1021 1056/860/1022 1057/861/1023
f 1057/861/1023 1056/860/1022 1058/862/1024
f 1056/860/1022 1059/863/1025 1058/862/1024
f 1058/862/1024 1059/863/1025 1060/864/1026
f 1059/863/1025 1061/865/1027 1060/864/1026
f 1061/865/1027 1062/866/1028 1060/864/1026
f 1060/864/1026 1062/866/1028 1063/867/1029
f 1062/866/1028 1064/868/1030 1063/867/1029
f 1063/867/1029 1064/868/1030 1065/869/1031
f 1065/869/1031 1064/868/1030 1066/870/1032
f 1068/871/1033 1067/872/1034 1066/870/1032
f 1067/872/1034 1069/873/1035 1066/870/1032
f 1069/873/1035 1065/869/1031 1066/870/1032
f 1071/874/1036 1070/875/1037 1068/871/1033
f 1070/875/1037 1067/872/1034 1068/871/1033
f 1072/876/1038 1070/875/1037 1071/874/1036
f 1074/877/1039 1073/878/1040 1072/876/1038
f 1073/878/1040 1075/879/1041 1072/876/1038
f 1075/879/1041 1070/875/1037 1072/876/1038
f 1077/880/1042 1076/881/1043 1074/877/1039
f 1076/881/1043 1073/878/1040 1074/877/1039
f 1078/882/1044 1076/881/1043 1077/880/1042
f 1080/883/1045 1079/884/1046 1078/882/1044
f 1079/884/1046 1081/885/1047 1078/882/1044
f 1081/885/1047 1076/881/1043 1078/882/1044
f 1083/886/1048 1082/887/1049 1080/883/1045
f 1082/887/1049 1079/884/1046 1080/883/1045
f 1085/856/1050 1084/857/1051 1086/853/1052
f 1086/853/1052 1084/857/1051 1087/852/1053
f 1087/852/1053 1084/857/1051 1088/851/1054
f 1084/857/1051 1089/859/1055 1088/851/1054
f 1089/859/1055 1090/861/1056 1088/851/1054
f 1088/851/1054 1090/861/1056 1091/850/1057
f 1091/850/1057 1090/861/1056 1092/849/1058
f 1090/861/1056 1093/862/1059 1092/849/1058
f 1093/862/1059 1094/864/1026 1092/849/1058
f 1092/849/1058 1094/864/1026 1095/848/1060
f 1095/848/1060 1094/864/1026 1096/847/1061
f 1094/864/1026 1097/867/1062 1096/847/1061
f 1097/867/1062 1098/869/1063 1096/847/1061
f 1096/847/1061 1098/869/1063 1099/846/1064
f 1099/846/1064 1098/869/1063 1100/845/1065
f 1098/869/1063 1101/873/1066 1100/845/1065
f 1101/873/1066 1102/872/1067 1100/845/1065
f 1100/845/1065 1102/872/1067 1103/844/1068
f 1103/844/1068 1102/872/1067 1104/843/1069
f 1104/843/1069 1102/872/1067 1105/875/1070
f 1106/879/1071 1104/843/1069 1105/875/1070
f 1108/878/1072 1107/841/1073 1106/879/1071
f 1107/841/1073 1109/842/1074 1106/879/1071
f 1109/842/1074 1104/843/1069 1106/879/1071
f 1111/881/1075 1110/840/1076 1108/878/1072
f 1110/840/1076 1107/841/1073 1108/878/1072
f 1112/885/1077 1110/840/1076 1111/881/1075
f 1114/884/1078 1113/839/1079 1112/885/1077
f 1113/839/1079 1110/840/1076 1112/885/1077
f 1116/887/1050 1115/837/1052 1114/884/1078
f 1115/837/1052 1117/838/1080 1114/884/1078
f 1117/838/1080 1113/839/1079 1114/884/1078
f 1119/888/1081 1118/889/1082 1120/890/1083
f 1118/889/1082 1121/891/1084 1120/890/1083
f 1120/890/1083 1121/891/1084 1122/892/1085
f 1122/892/1085 1121/891/1084 1123/893/1086
f 1124/894/1087 1122/892/1085 1123/893/1086
f 1125/895/1088 1122/892/1085 1124/894/1087
f 1127/896/1081 1126/897/1089 1128/898/1090
f 1126/897/1089 1129/899/1091 1128/898/1090
f 1129/899/1091 1130/900/1092 1128/898/1090
f 1128/898/1090 1130/900/1092 1131/901/1093
f 1131/901/1093 1130/900/1092 1132/902/1094
f 1133/903/1088 1131/901/1093 1132/902/1094
f 1135/904/1095 1134/905/1096 1136/906/1097
f 1134/905/1096 1137/907/1098 1136/906/1097
f 1137/907/1098 1138/908/1099 1136/906/1097
f 1136/906/1097 1138/908/1099 1139/909/1100
f 1139/909/1100 1138/908/1099 1140/910/1101
f 1138/908/1099 1141/911/1102 1140/910/1101
f 1140/910/1101 1141/911/1102 1142/912/1103
f 1141/911/1102 1143/913/1104 1142/912/1103
f 1143/913/1104 1144/914/1105 1142/912/1103
f 1142/912/1103 1144/914/1105 1145/915/1106
f 1145/915/1106 1144/914/1105 1146/916/1107
f 1148/917/1108 1147/918/1109 1146/916/1107
f 1147/918/1109 1149/919/1110 1146/916/1107
f 1149/919/1110 1145/915/1106 1146/916/1107
f 1151/920/1111 1150/921/1112 1148/917/1108
f 1150/921/1112 1147/918/1109 1148/917/1108
f 1153/922/1113 1152/923/1114 1154/924/1115
f 1154/924/1115 1152/923/1114 1155/925/1116
f 1155/925/1116 1152/923/1114 1156/926/1117
f 1152/923/1114 1157/927/1118 1156/926/1117
f 1156/926/1117 1157/927/1118 1158/928/1119
f 1157/927/1118 1159/929/1120 1158/928/1119
f 1158/928/1119 1159/929/1120 1160/930/1097
f 1160/930/1097 1159/929/1120 1161/931/1098
f 1162/932/1121 1160/930/1097 1161/931/1098
f 1164/933/1122 1163/934/1123 1162/932/1121
f 1163/934/1123 1165/935/1124 1162/932/1121
f 1165/935/1124 1160/930/1097 1162/932/1121
f 1167/936/1104 1166/937/1103 1164/933/1122
f 1166/937/1103 1163/934/1123 1164/933/1122
f 1168/938/1125 1166/937/1103 1167/936/1104
f 1169/939/1126 1166/937/1103 1168/938/1125
f 1171/940/1127 1170/941/1128 1172/942/1129
f 1172/942/1129 1170/941/1128 1173/943/1130
f 1175/944/1131 1174/945/1132 1176/946/1133
f 1176/946/1133 1174/945/1132 1177/947/1134
f 1179/948/1135 1178/949/1136 1180/950/1137
f 1180/950/1137 1178/949/1136 1181/951/1138
f 1181/951/1138 1178/949/1136 1182/952/1139
f 1183/953/1140 1181/951/1138 1182/952/1139
f 1185/954/1141 1184/955/1142 1186/956/1143
f 1186/956/1143 1184/955/1142 1187/957/1144
f 1189/958/1145 1188/959/1146 1190/960/1147
f 1190/960/1147 1188/959/1146 1191/961/1148
f 1193/962/1149 1192/963/1138 1194/964/1150
f 1194/964/1150 1192/963/1138 1195/965/1128
f 1192/963/1138 1196/966/1151 1195/965/1128
f 1196/966/1151 1197/967/1152 1195/965/1128
f 1197/967/1152 1198/968/1153 1195/965/1128
f 1195/965/1128 1198/968/1153 1199/969/1154
f 1201/970/1155 1200/971/1156 1202/972/1157
f 1202/972/1157 1200/971/1156 1203/973/1158
f 1203/973/1158 1200/971/1156 1204/974/1159
f 1200/971/1156 1205/975/1160 1204/974/1159
f 1207/976/1161 1206/977/1162 1208/978/1163
f 1208/978/1163 1206/977/1162 1209/979/1164
f 1209/979/1164 1206/977/1162 1210/980/1165
f 1210/980/1165 1206/977/1162 1211/981/1160
f 1206/977/1162 1212/982/1166 1211/981/1160
f 1213/983/1167 1209/979/1164 1210/980/1165
f 1215/984/1168 1214/985/1169 1216/986/1170
f 1216/986/1170 1214/985/1169 1217/987/1170
f 1218/988/1171 1216/986/1170 1217/987/1170
f 1219/989/1171 1216/986/1170 1218/988/1171
f 1221/990/1172 1220/991/1172 1222/992/1173
f 1220/991/1172 1223/993/1174 1222/992/1173
f 1222/992/1173 1223/993/1174 1224/994/1175
f 1224/994/1175 1223/993/1174 1225/995/1176
f 1227/996/1177 1226/997/1177 1228/998/1178
f 1226/997/1177 1229/999/1178 1228/998/1178
f 1229/999/1178 1230/1000/1179 1228/998/1178
f 1230/1000/1179 1231/1001/1179 1228/998/1178
f 1233/1002/1180 1232/1003/1181 1234/1004/1182
f 1234/1004/1182 1232/1003/1181 1235/1005/1183
f 1232/1003/1181 1236/1006/1184 1235/1005/1183
f 1236/1006/1184 1237/1007/1185 1235/1005/1183
f 1239/1008/1186 1238/1009/1187 1240/1010/1188
f 1240/1010/1188 1238/1009/1187 1241/1011/1189
f 1243/1012/1190 1242/1013/1191 1241/1011/1189
f 1242/1013/1191 1240/1010/1188 1241/1011/1189
f 1245/1014/1192 1244/1015/1193 1246/1016/1194
f 1244/1015/1193 1247/1017/1195 1246/1016/1194
f 1246/1016/1194 1247/1017/1195 1248/1018/1196
f 1248/1018/1196 1247/1017/1195 1249/1019/1197
f 1251/1020/1198 1250/1021/1199 1252/1022/1200
f 1252/1022/1200 1250/1021/1199 1253/1023/1201
f 1250/1021/1199 1254/1024/1202 1253/1023/1201
f 1254/1024/1202 1255/1025/1202 1253/1023/1201
f 1257/1026/1203 1256/1027/1204 1258/1028/1205
f 1258/1028/1205 1256/1027/1204 1259/1029/1206
f 1256/1027/1204 1260/1030/1207 1259/1029/1206
f 1260/1030/1207 1261/1031/1208 1259/1029/1206
f 1263/1032/1209 1262/1033/1210 1264/1034/1211
f 1264/1034/1211 1262/1033/1210 1265/1035/1212
f 1267/1036/1213 1266/1037/1214 1268/1038/1215
f 1266/1037/1214 1267/1036/1213 1272/1039/1216
f 1268/1038/1215 1266/1037/1214 1269/1040/1217
f 1269/1040/1217 1266/1037/1214 1270/1041/1218
f 1270/1041/1218 1266/1037/1214 1271/1042/1219
f 1271/1042/1219 1266/1037/1214 1272/1039/1216
f 1271/1042/1219 1272/1039/1216 1276/1043/1220
f 1267/1036/1213 1273/1044/1221 1272/1039/1216
f 1273/1044/1221 1274/1045/1222 1272/1039/1216
f 1274/1045/1222 1275/1046/1223 1272/1039/1216
f 1275/1046/1223 1276/1043/1220 1272/1039/1216
f 1275/1046/1223 1277/1047/1224 1276/1043/1220
f 1277/1047/1224 1278/1048/1225 1276/1043/1220
f 1278/1048/1225 1279/1049/1226 1276/1043/1220
f 1276/1043/1220 1279/1049/1226 1271/1042/1219
f 1279/1049/1226 1280/1050/1227 1271/1042/1219
f 1280/1050/1227 1281/1051/1228 1271/1042/1219
f 1281/1051/1228 1282/1052/1229 1271/1042/1219
f 1282/1052/1229 1270/1041/1218 1271/1042/1219
f 1283/1053/1230 1278/1048/1225 1277/1047/1224
f 1285/1054/1231 1284/1055/1232 1286/1056/1233
f 1286/1056/1233 1284/1055/1232 1287/1057/1234
f 1289/1058/1235 1288/1059/1236 1287/1057/1234
f 1288/1059/1236 1286/1056/1233 1287/1057/1234
f 1291/1060/1237 1290/1061/1238 1292/1062/1239
f 1292/1062/1239 1290/1061/1238 1293/1063/1240
f 1290/1061/1238 1294/1033/1241 1293/1063/1240
f 1294/1033/1241 1295/1032/1242 1293/1063/1240
f 1297/1064/1243 1296/1065/1244 1298/1066/1227
f 1298/1066/1227 1296/1065/1244 1299/1067/1245
f 1301/1068/1246 1300/1069/1247 1299/1067/1245
f 1300/1069/1247 1298/1066/1227 1299/1067/1245
f 1303/1070/1248 1302/1071/1249 1304/1072/1250
f 1302/1071/1249 1305/1073/1251 1304/1072/1250
f 1304/1072/1250 1305/1073/1251 1306/1074/1252
f 1306/1074/1252 1305/1073/1251 1307/1075/1253
f 1309/1076/1254 1308/1077/1255 1307/1075/1253
f 1308/1077/1255 1306/1074/1252 1307/1075/1253
f 1311/1078/1215 1310/1079/1256 1312/1080/1257
f 1312/1080/1257 1310/1079/1256 1313/1081/1258
f 1310/1079/1256 1314/1082/1259 1313/1081/1258
f 1313/1081/1258 1314/1082/1259 1315/1083/1260
f 1314/1082/1259 1316/1084/1261 1315/1083/1260
f 1315/1083/1260 1316/1084/1261 1317/1085/1262
f 1317/1085/1262 1316/1084/1261 1318/1069/1263
f 1319/1068/1264 1317/1085/1262 1318/1069/1263
f 1321/1086/1265 1320/1087/1266 1322/1088/1267
f 1320/1087/1266 1323/1089/1268 1322/1088/1267
f 1325/1090/1269 1324/1091/1270 1326/1092/1271
f 1324/1091/1270 1327/1093/1272 1326/1092/1271
f 1329/1094/1273 1328/1095/1274 1330/1096/1275
f 1328/1095/1274 1331/1097/1276 1330/1096/1275
f 1330/1096/1275 1331/1097/1276 1332/1098/1277
f 1332/1098/1277 1331/1097/1276 1333/1099/1278
f 1335/1100/1279 1334/1101/1280 1336/1102/1281
f 1336/1102/1281 1334/1101/1280 1337/1103/1282
f 1339/1104/1283 1338/1105/1284 1340/1106/1285
f 1338/1105/1284 1341/1107/1286 1340/1106/1285
f 1343/1108/1287 1342/1109/1288 1344/1110/1275
f 1342/1109/1288 1345/1111/1289 1344/1110/1275
f 1344/1110/1275 1345/1111/1289 1346/1112/1290
f 1346/1112/1290 1345/1111/1289 1347/1113/1291
f 1347/1113/1291 1345/1111/1289 1348/1114/1292
f 1348/1114/1292 1345/1111/1289 1349/1115/1293
f 1351/1116/1294 1350/1117/1295 1352/1118/1296
f 1350/1117/1295 1353/1119/1297 1352/1118/1296
f 1353/1119/1297 1354/1120/1298 1352/1118/1296
f 1354/1120/1298 1355/1121/1299 1352/1118/1296
f 1357/1122/1300 1356/1123/1301 1358/1124/1302
f 1358/1124/1302 1356/1123/1301 1359/1125/1303
f 1356/1123/1301 1360/1126/1304 1359/1125/1303
f 1360/1126/1304 1361/1127/1305 1359/1125/1303
f 1363/1128/1306 1362/1129/1307 1359/1125/1303
f 1362/1129/1307 1358/1124/1302 1359/1125/1303
f 1365/1130/1308 1364/1131/1308 1366/1132/1309
f 1364/1131/1308 1367/1133/1309 1366/1132/1309
f 1367/1133/1309 1368/1134/1310 1366/1132/1309
f 1366/1132/1309 1368/1134/1310 1369/1135/1311
f 1371/1136/1312 1370/1137/1313 1372/1138/1312
f 1372/1138/1312 1370/1137/1313 1373/1139/1314
f 1370/1137/1313 1374/1140/1315 1373/1139/1314
f 1373/1139/1314 1374/1140/1315 1375/1141/1316
f 1377/1142/1317 1376/1143/1318 1378/1144/1317
f 1378/1144/1317 1376/1143/1318 1379/1145/1318
f 1379/1145/1318 1376/1143/1318 1380/1146/1319
f 1380/1146/1319 1376/1143/1318 1381/1147/1319
f 1383/1148/1320 1382/1149/1320 1384/1150/1321
f 1382/1149/1320 1385/1151/1322 1384/1150/1321
f 1384/1150/1321 1385/1151/1322 1386/1152/1323
f 1386/1152/1323 1385/1151/1322 1387/1153/1324
f 1389/1154/1325 1388/1155/1326 1390/1156/1327
f 1390/1156/1327 1388/1155/1326 1391/1157/1328
f 1388/1155/1326 1392/1158/1329 1391/1157/1328
f 1391/1157/1328 1392/1158/1329 1393/1159/1330
f 1395/1160/1331 1394/1161/1332 1396/1162/1333
f 1396/1162/1333 1394/1161/1332 1397/1163/1334
f 1394/1161/1332 1398/1164/1196 1397/1163/1334
f 1397/1163/1334 1398/1164/1196 1399/1165/1335
f 1401/1166/1336 1400/1167/1337 1402/1168/1338
f 1400/1167/1337 1403/1169/1339 1402/1168/1338
f 1402/1168/1338 1403/1169/1339 1404/1170/1340
f 1404/1170/1340 1403/1169/1339 1405/1171/1341
f 1407/1172/1342 1406/1173/1343 1408/1174/1344
f 1406/1173/1343 1409/1175/1345 1408/1174/1344
f 1408/1174/1344 1409/1175/1345 1410/1176/1207
f 1410/1176/1207 1409/1175/1345 1411/1177/1346
f 1413/1178/1347 1412/1179/1348 1414/1180/1349
f 1414/1180/1349 1412/1179/1348 1415/1181/1350
f 1415/1181/1350 1412/1179/1348 1416/1182/1350
f 1412/1179/1348 1417/1183/1351 1416/1182/1350
f 1417/1183/1351 1418/1184/1352 1416/1182/1350
f 1418/1184/1352 1419/1185/1353 1416/1182/1350
f 1419/1185/1353 1420/1186/1354 1416/1182/1350
f 1416/1182/1350 1420/1186/1354 1421/1187/1355
f 1420/1186/1354 1422/1188/1356 1421/1187/1355
f 1422/1188/1356 1423/1189/1357 1421/1187/1355
f 1423/1189/1357 1424/1190/1358 1421/1187/1355
f 1421/1187/1355 1424/1190/1358 1425/1191/1359
f 1424/1190/1358 1426/1192/1360 1425/1191/1359
f 1426/1192/1360 1427/1193/1361 1425/1191/1359
f 1427/1193/1361 1428/1194/1362 1425/1191/1359
f 1428/1194/1362 1429/1195/1363 1425/1191/1359
f 1429/1195/1363 1414/1180/1349 1415/1181/1350
f 1429/1195/1363 1415/1181/1350 1425/1191/1359
f 1421/1187/1355 1425/1191/1359 1416/1182/1350
f 1415/1181/1350 1416/1182/1350 1425/1191/1359
f 1431/1196/1364 1430/1197/1365 1432/1198/1366
f 1432/1198/1366 1430/1197/1365 1433/1199/1367
f 1430/1197/1365 1434/1200/1368 1433/1199/1367
f 1433/1199/1367 1434/1200/1368 1435/1201/1369
f 1437/1202/1370 1436/1203/1371 1438/1204/1372
f 1436/1203/1371 1439/1205/1373 1438/1204/1372
f 1438/1204/1372 1439/1205/1373 1440/1206/1374
f 1440/1206/1374 1439/1205/1373 1441/1207/1375
f 1443/1208/1376 1442/1209/1377 1444/1210/1378
f 1444/1210/1378 1442/1209/1377 1445/1211/1379
f 1442/1209/1377 1446/1212/1380 1445/1211/1379
f 1445/1211/1379 1446/1212/1380 1447/1213/1381
f 1449/1214/1382 1448/1215/1383 1450/1216/1384
f 1450/1216/1384 1448/1215/1383 1451/1217/1385
f 1448/1215/1383 1452/1218/1386 1451/1217/1385
f 1451/1217/1385 1452/1218/1386 1453/1219/1387
f 1453/1219/1387 1452/1218/1386 1454/1220/1388
f 1455/1221/1389 1453/1219/1387 1454/1220/1388
f 1457/1222/1390 1456/1223/1391 1458/1224/1392
f 1456/1223/1391 1459/1225/1393 1458/1224/1392
f 1458/1224/1392 1459/1225/1393 1460/1226/1394
f 1459/1225/1393 1461/1227/1395 1460/1226/1394
f 1460/1226/1394 1461/1227/1395 1462/1228/1396
f 1461/1227/1395 1463/1229/1397 1462/1228/1396
f 1462/1228/1396 1463/1229/1397 1464/1210/1398
f 1463/1229/1397 1465/1208/1399 1464/1210/1398
f 1467/1230/1400 1466/1231/1401 1468/1232/1402
f 1468/1232/1402 1466/1231/1401 1469/1233/1403
f 1469/1233/1403 1466/1231/1401 1470/1234/1404
f 1470/1234/1404 1466/1231/1401 1471/1235/1405
f 1473/1236/1406 1472/1237/1407 1471/1235/1405
f 1472/1237/1407 1474/1238/1408 1471/1235/1405
f 1474/1238/1408 1470/1234/1404 1471/1235/1405
f 1476/1239/1409 1475/1240/1410 1474/1238/1408
f 1475/1240/1410 1470/1234/1404 1474/1238/1408
f 1477/1241/1411 1469/1233/1403 1470/1234/1404
f 1479/1242/1412 1478/1243/1413 1477/1241/1411
f 1478/1243/1413 1469/1233/1403 1477/1241/1411
f 1481/1244/1414 1480/1245/1415 1479/1242/1412
f 1480/1245/1415 1478/1243/1413 1479/1242/1412
f 1482/1246/1416 1480/1245/1415 1481/1244/1414
f 1484/1247/1417 1483/1248/1418 1482/1246/1416
f 1483/1248/1418 1480/1245/1415 1482/1246/1416
f 1486/1249/1419 1485/1250/1420 1484/1247/1417
f 1485/1250/1420 1487/1251/1421 1484/1247/1417
f 1487/1251/1421 1488/1252/1422 1484/1247/1417
f 1488/1252/1422 1483/1248/1418 1484/1247/1417
f 1489/1253/1423 1488/1252/1422 1487/1251/1421
f 1491/1254/1424 1490/1255/1425 1486/1249/1419
f 1490/1255/1425 1492/1256/1426 1486/1249/1419
f 1492/1256/1426 1485/1250/1420 1486/1249/1419
f 1493/1257/1427 1492/1256/1426 1490/1255/1425
f 1494/1258/1428 1490/1255/1425 1491/1254/1424
f 1495/1259/1429 1468/1232/1402 1469/1233/1403
f 1496/1260/1430 1468/1232/1402 1495/1259/1429
f 1498/1261/1431 1497/1262/1432 1499/1263/1433
f 1497/1262/1432 1498/1261/1431 1503/1264/1434
f 1499/1263/1433 1497/1262/1432 1500/1265/1435
f 1500/1265/1435 1497/1262/1432 1501/1266/1436
f 1501/1266/1436 1497/1262/1432 1502/1267/1437
f 1502/1267/1437 1497/1262/1432 1503/1264/1434
f 1505/1268/1438 1504/1269/1439 1503/1264/1434
f 1504/1269/1439 1502/1267/1437 1503/1264/1434
f 1505/1268/1438 1503/1264/1434 1507/1270/1440
f 1503/1264/1434 1498/1261/1431 1506/1271/1441
f 1503/1264/1434 1506/1271/1441 1508/1272/1442
f 1507/1270/1440 1503/1264/1434 1508/1272/1442
f 1507/1270/1440 1508/1272/1442 1511/1273/1443
f 1506/1271/1441 1509/1274/1444 1508/1272/1442
f 1508/1272/1442 1509/1274/1444 1510/1275/1445
f 1508/1272/1442 1510/1275/1445 1511/1273/1443
f 1512/1276/1446 1507/1270/1440 1511/1273/1443
f 1512/1276/1446 1511/1273/1443 1514/1277/1447
f 1511/1273/1443 1510/1275/1445 1513/1278/1448
f 1511/1273/1443 1513/1278/1448 1515/1279/1449
f 1514/1277/1447 1511/1273/1443 1515/1279/1449
f 1514/1277/1447 1515/1279/1449 1517/1280/1450
f 1515/1279/1449 1513/1278/1448 1516/1281/1451
f 1515/1279/1449 1516/1281/1451 1518/1282/1403
f 1517/1280/1450 1515/1279/1449 1518/1282/1403
f 1518/1282/1403 1516/1281/1451 1519/1283/1452
f 1516/1281/1451 1520/1284/1453 1519/1283/1452
f 1519/1283/1452 1520/1284/1453 1521/1285/1454
f 1521/1285/1454 1520/1284/1453 1522/1286/1455
f 1520/1284/1453 1523/1287/1456 1522/1286/1455
f 1522/1286/1455 1523/1287/1456 1524/1288/1457
f 1523/1287/1456 1525/1289/1458 1524/1288/1457
f 1524/1288/1457 1525/1289/1458 1526/1290/1459
f 1525/1289/1458 1527/1291/1460 1526/1290/1459
f 1526/1290/1459 1527/1291/1460 1528/1292/1461
f 1527/1291/1460 1529/1293/1462 1528/1292/1461
f 1528/1292/1461 1529/1293/1462 1530/1294/1406
f 1529/1293/1462 1531/1295/1463 1530/1294/1406
f 1531/1295/1463 1532/1296/1464 1530/1294/1406
f 1530/1294/1406 1532/1296/1464 1533/1297/1465
f 1532/1296/1464 1534/1298/1466 1533/1297/1465
f 1533/1297/1465 1534/1298/1466 1535/1299/1467
f 1534/1298/1466 1536/1300/1468 1535/1299/1467
f 1535/1299/1467 1536/1300/1468 1537/1301/1469
f 1537/1301/1469 1536/1300/1468 1538/1302/1470
f 1536/1300/1468 1539/1303/1471 1538/1302/1470
f 1538/1302/1470 1539/1303/1471 1540/1304/1404
f 1539/1303/1471 1541/1305/1472 1540/1304/1404
f 1540/1304/1404 1541/1305/1472 1542/1306/1473
f 1541/1305/1472 1543/1307/1474 1542/1306/1473
f 1542/1306/1473 1543/1307/1474 1544/1308/1412
f 1543/1307/1474 1545/1309/1475 1544/1308/1412
f 1545/1309/1475 1546/1310/1476 1544/1308/1412
f 1545/1309/1475 1547/1311/1477 1546/1310/1476
f 1547/1311/1477 1548/1312/1478 1546/1310/1476
f 1546/1310/1476 1548/1312/1478 1549/1313/1479
f 1548/1312/1478 1550/1314/1480 1549/1313/1479
f 1549/1313/1479 1550/1314/1480 1551/1315/1481
f 1550/1314/1480 1552/1316/1482 1551/1315/1481
f 1551/1315/1481 1552/1316/1482 1553/1317/1483
f 1552/1316/1482 1554/1318/1484 1553/1317/1483
f 1553/1317/1483 1554/1318/1484 1555/1319/1485
f 1554/1318/1484 1556/1320/1486 1555/1319/1485
f 1555/1319/1485 1556/1320/1486 1557/1321/1487
f 1557/1321/1487 1556/1320/1486 1558/1322/1488
f 1556/1320/1486 1559/1323/1489 1558/1322/1488
f 1558/1322/1488 1559/1323/1489 1560/1324/1427
f 1559/1323/1489 1561/1325/1490 1560/1324/1427
f 1561/1325/1490 1562/1326/1491 1560/1324/1427
f 1560/1324/1427 1562/1326/1491 1563/1327/1492
f 1562/1326/1491 1564/1328/1493 1563/1327/1492
f 1563/1327/1492 1564/1328/1493 1565/1329/1494
f 1564/1328/1493 1566/1330/1495 1565/1329/1494
f 1565/1329/1494 1566/1330/1495 1567/1331/1496
f 1567/1331/1496 1566/1330/1495 1568/1332/1497
f 1566/1330/1495 1569/1333/1498 1568/1332/1497
f 1568/1332/1497 1569/1333/1498 1570/1334/1499
f 1569/1333/1498 1571/1335/1500 1570/1334/1499
f 1570/1334/1499 1571/1335/1500 1572/1336/1501
f 1571/1335/1500 1573/1337/1502 1572/1336/1501
f 1572/1336/1501 1573/1337/1502 1574/1338/1503
f 1573/1337/1502 1575/1339/1504 1574/1338/1503
f 1575/1339/1504 1514/1277/1447 1574/1338/1503
f 1574/1338/1503 1514/1277/1447 1517/1280/1450
f 1573/1337/1502 1512/1276/1446 1575/1339/1504
f 1575/1339/1504 1512/1276/1446 1514/1277/1447
f 1571/1335/1500 1576/1340/1505 1573/1337/1502
f 1576/1340/1505 1512/1276/1446 1573/1337/1502
f 1578/1341/1506 1577/1342/1507 1576/1340/1505
f 1577/1342/1507 1579/1343/1508 1576/1340/1505
f 1578/1341/1506 1576/1340/1505 1571/1335/1500
f 1579/1343/1508 1580/1344/1509 1576/1340/1505
f 1576/1340/1505 1580/1344/1509 1512/1276/1446
f 1579/1343/1508 1504/1269/1439 1580/1344/1509
f 1504/1269/1439 1505/1268/1438 1580/1344/1509
f 1580/1344/1509 1505/1268/1438 1507/1270/1440
f 1580/1344/1509 1507/1270/1440 1512/1276/1446
f 1577/1342/1507 1581/1345/1510 1579/1343/1508
f 1581/1345/1510 1582/1346/1511 1579/1343/1508
f 1582/1346/1511 1504/1269/1439 1579/1343/1508
f 1583/1347/1512 1502/1267/1437 1582/1346/1511
f 1502/1267/1437 1504/1269/1439 1582/1346/1511
f 1584/1348/1513 1501/1266/1436 1583/1347/1512
f 1501/1266/1436 1502/1267/1437 1583/1347/1512
f 1585/1349/1514 1501/1266/1436 1584/1348/1513
f 1586/1350/1515 1500/1265/1435 1585/1349/1514
f 1500/1265/1435 1501/1266/1436 1585/1349/1514
f 1588/1351/1516 1587/1352/1517 1586/1350/1515
f 1587/1352/1517 1500/1265/1435 1586/1350/1515
f 1587/1352/1517 1588/1351/1516 1589/1353/1518
f 1589/1353/1518 1588/1351/1516 1590/1354/1519
f 1588/1351/1516 1591/1355/1520 1590/1354/1519
f 1591/1355/1520 1592/1356/1521 1590/1354/1519
f 1590/1354/1519 1592/1356/1521 1593/1357/1522
f 1592/1356/1521 1594/1358/1523 1593/1357/1522
f 1593/1357/1522 1594/1358/1523 1595/1359/1524
f 1594/1358/1523 1596/1360/1525 1595/1359/1524
f 1595/1359/1524 1596/1360/1525 1597/1361/1526
f 1597/1361/1526 1596/1360/1525 1598/1362/1527
f 1596/1360/1525 1599/1363/1528 1598/1362/1527
f 1598/1362/1527 1599/1363/1528 1600/1364/1529
f 1599/1363/1528 1601/1365/1530 1600/1364/1529
f 1601/1365/1530 1602/1366/1531 1600/1364/1529
f 1600/1364/1529 1602/1366/1531 1603/1367/1532
f 1603/1367/1532 1602/1366/1531 1604/1368/1533
f 1602/1366/1531 1605/1369/1534 1604/1368/1533
f 1605/1369/1534 1606/1370/1535 1604/1368/1533
f 1604/1368/1533 1606/1370/1535 1607/1371/1536
f 1607/1371/1536 1606/1370/1535 1608/1372/1537
f 1606/1370/1535 1609/1373/1538 1608/1372/1537
f 1608/1372/1537 1609/1373/1538 1578/1341/1506
f 1609/1373/1538 1610/1374/1539 1578/1341/1506
f 1610/1374/1539 1611/1375/1540 1577/1342/1507
f 1610/1374/1539 1577/1342/1507 1578/1341/1506
f 1611/1375/1540 1581/1345/1510 1577/1342/1507
f 1607/1371/1536 1608/1372/1537 1569/1333/1498
f 1608/1372/1537 1578/1341/1506 1571/1335/1500
f 1569/1333/1498 1608/1372/1537 1571/1335/1500
f 1604/1368/1533 1607/1371/1536 1566/1330/1495
f 1566/1330/1495 1607/1371/1536 1569/1333/1498
f 1603/1367/1532 1604/1368/1533 1564/1328/1493
f 1564/1328/1493 1604/1368/1533 1566/1330/1495
f 1600/1364/1529 1603/1367/1532 1561/1325/1490
f 1561/1325/1490 1603/1367/1532 1562/1326/1491
f 1562/1326/1491 1603/1367/1532 1564/1328/1493
f 1598/1362/1527 1600/1364/1529 1559/1323/1489
f 1559/1323/1489 1600/1364/1529 1561/1325/1490
f 1597/1361/1526 1598/1362/1527 1556/1320/1486
f 1556/1320/1486 1598/1362/1527 1559/1323/1489
f 1595/1359/1524 1597/1361/1526 1554/1318/1484
f 1554/1318/1484 1597/1361/1526 1556/1320/1486
f 1593/1357/1522 1595/1359/1524 1552/1316/1482
f 1552/1316/1482 1595/1359/1524 1554/1318/1484
f 1590/1354/1519 1593/1357/1522 1552/1316/1482
f 1589/1353/1518 1590/1354/1519 1550/1314/1480
f 1550/1314/1480 1590/1354/1519 1552/1316/1482
f 1613/1376/1541 1612/1377/1542 1589/1353/1518
f 1612/1377/1542 1587/1352/1517 1589/1353/1518
f 1613/1376/1541 1589/1353/1518 1550/1314/1480
f 1614/1378/1543 1612/1377/1542 1613/1376/1541
f 1614/1378/1543 1613/1376/1541 1615/1379/1544
f 1615/1379/1544 1613/1376/1541 1616/1380/1545
f 1613/1376/1541 1617/1381/1546 1616/1380/1545
f 1617/1381/1546 1613/1376/1541 1548/1312/1478
f 1548/1312/1478 1613/1376/1541 1550/1314/1480
f 1617/1381/1546 1618/1382/1547 1616/1380/1545
f 1618/1382/1547 1617/1381/1546 1547/1311/1477
f 1547/1311/1477 1617/1381/1546 1548/1312/1478
f 1616/1380/1545 1618/1382/1547 1619/1383/1548
f 1619/1383/1548 1618/1382/1547 1547/1311/1477
f 1616/1380/1545 1619/1383/1548 1545/1309/1475
f 1619/1383/1548 1547/1311/1477 1545/1309/1475
f 1615/1379/1544 1616/1380/1545 1543/1307/1474
f 1543/1307/1474 1616/1380/1545 1545/1309/1475
f 1621/1384/1549 1620/1385/1550 1615/1379/1544
f 1620/1385/1550 1622/1386/1551 1615/1379/1544
f 1621/1384/1549 1615/1379/1544 1541/1305/1472
f 1622/1386/1551 1614/1378/1543 1615/1379/1544
f 1541/1305/1472 1615/1379/1544 1543/1307/1474
f 1620/1385/1550 1623/1387/1552 1622/1386/1551
f 1623/1387/1552 1624/1388/1553 1622/1386/1551
f 1624/1388/1553 1625/1389/1554 1622/1386/1551
f 1622/1386/1551 1625/1389/1554 1614/1378/1543
f 1625/1389/1554 1626/1390/1555 1627/1391/1556
f 1626/1390/1555 1625/1389/1554 1628/1392/1557
f 1625/1389/1554 1627/1391/1556 1614/1378/1543
f 1628/1392/1557 1625/1389/1554 1624/1388/1553
f 1629/1393/1558 1626/1390/1555 1628/1392/1557
f 1630/1394/1559 1626/1390/1555 1629/1393/1558
f 1632/1395/1560 1631/1396/1561 1630/1394/1559
f 1631/1396/1561 1626/1390/1555 1630/1394/1559
f 1634/1397/1562 1633/1398/1563 1632/1395/1560
f 1633/1398/1563 1631/1396/1561 1632/1395/1560
f 1636/1399/1564 1635/1400/1565 1634/1397/1562
f 1635/1400/1565 1633/1398/1563 1634/1397/1562
f 1635/1400/1565 1636/1399/1564 1637/1401/1566
f 1636/1399/1564 1638/1402/1567 1637/1401/1566
f 1637/1401/1566 1638/1402/1567 1639/1403/1568
f 1639/1403/1568 1638/1402/1567 1640/1404/1569
f 1638/1402/1567 1641/1405/1570 1640/1404/1569
f 1640/1404/1569 1641/1405/1570 1642/1406/1571
f 1641/1405/1570 1643/1407/1572 1642/1406/1571
f 1642/1406/1571 1643/1407/1572 1644/1408/1573
f 1643/1407/1572 1645/1409/1574 1644/1408/1573
f 1645/1409/1574 1646/1410/1575 1644/1408/1573
f 1644/1408/1573 1646/1410/1575 1647/1411/1576
f 1646/1410/1575 1648/1412/1577 1647/1411/1576
f 1647/1411/1576 1648/1412/1577 1649/1413/1578
f 1649/1413/1578 1648/1412/1577 1650/1414/1579
f 1648/1412/1577 1651/1415/1580 1650/1414/1579
f 1650/1414/1579 1651/1415/1580 1652/1416/1581
f 1651/1415/1580 1653/1417/1582 1652/1416/1581
f 1652/1416/1581 1653/1417/1582 1654/1418/1583
f 1653/1417/1582 1655/1419/1584 1654/1418/1583
f 1654/1418/1583 1655/1419/1584 1656/1420/1585
f 1655/1419/1584 1657/1421/1586 1656/1420/1585
f 1657/1421/1586 1658/1422/1587 1656/1420/1585
f 1656/1420/1585 1658/1422/1587 1659/1423/1588
f 1658/1422/1587 1660/1424/1589 1659/1423/1588
f 1660/1424/1589 1623/1387/1552 1620/1385/1550
f 1660/1424/1589 1620/1385/1550 1621/1384/1549
f 1659/1423/1588 1660/1424/1589 1621/1384/1549
f 1656/1420/1585 1659/1423/1588 1539/1303/1471
f 1659/1423/1588 1621/1384/1549 1541/1305/1472
f 1539/1303/1471 1659/1423/1588 1541/1305/1472
f 1654/1418/1583 1656/1420/1585 1534/1298/1466
f 1534/1298/1466 1656/1420/1585 1536/1300/1468
f 1536/1300/1468 1656/1420/1585 1539/1303/1471
f 1652/1416/1581 1654/1418/1583 1532/1296/1464
f 1532/1296/1464 1654/1418/1583 1534/1298/1466
f 1650/1414/1579 1652/1416/1581 1531/1295/1463
f 1531/1295/1463 1652/1416/1581 1532/1296/1464
f 1649/1413/1578 1650/1414/1579 1531/1295/1463
f 1647/1411/1576 1649/1413/1578 1529/1293/1462
f 1529/1293/1462 1649/1413/1578 1531/1295/1463
f 1644/1408/1573 1647/1411/1576 1527/1291/1460
f 1527/1291/1460 1647/1411/1576 1529/1293/1462
f 1642/1406/1571 1644/1408/1573 1523/1287/1456
f 1523/1287/1456 1644/1408/1573 1525/1289/1458
f 1525/1289/1458 1644/1408/1573 1527/1291/1460
f 1640/1404/1569 1642/1406/1571 1520/1284/1453
f 1520/1284/1453 1642/1406/1571 1523/1287/1456
f 1639/1403/1568 1640/1404/1569 1520/1284/1453
f 1637/1401/1566 1639/1403/1568 1516/1281/1451
f 1516/1281/1451 1639/1403/1568 1520/1284/1453
f 1513/1278/1448 1635/1400/1565 1637/1401/1566
f 1513/1278/1448 1637/1401/1566 1516/1281/1451
f 1510/1275/1445 1633/1398/1563 1635/1400/1565
f 1510/1275/1445 1635/1400/1565 1513/1278/1448
f 1509/1274/1444 1506/1271/1441 1633/1398/1563
f 1633/1398/1563 1506/1271/1441 1631/1396/1561
f 1509/1274/1444 1633/1398/1563 1510/1275/1445
f 1631/1396/1561 1506/1271/1441 1626/1390/1555
f 1626/1390/1555 1498/1261/1431 1627/1391/1556
f 1498/1261/1431 1499/1263/1433 1627/1391/1556
f 1627/1391/1556 1499/1263/1433 1612/1377/1542
f 1627/1391/1556 1612/1377/1542 1614/1378/1543
f 1506/1271/1441 1498/1261/1431 1626/1390/1555
f 1612/1377/1542 1499/1263/1433 1587/1352/1517
f 1499/1263/1433 1500/1265/1435 1587/1352/1517
f 1662/1425/1590 1661/1426/1591 1663/1427/1592
f 1661/1426/1591 1664/1428/1593 1663/1427/1592
f 1663/1427/1592 1664/1428/1593 1665/1429/1594
f 1664/1428/1593 1666/1430/1595 1665/1429/1594
f 1665/1429/1594 1666/1430/1595 1667/1431/1596
f 1666/1430/1595 1668/1432/1597 1667/1431/1596
f 1667/1431/1596 1668/1432/1597 1669/1433/1598
f 1668/1432/1597 1670/1434/1599 1669/1433/1598
f 1669/1433/1598 1670/1434/1599 1671/1435/1600
f 1670/1434/1599 1672/1436/1601 1671/1435/1600
f 1671/1435/1600 1672/1436/1601 1673/1437/1602
f 1672/1436/1601 1674/1438/1603 1673/1437/1602
f 1673/1437/1602 1674/1438/1603 1675/1439/1604
f 1674/1438/1603 1676/1440/1605 1675/1439/1604
f 1675/1439/1604 1676/1440/1605 1677/1441/1606
f 1676/1440/1605 1678/1442/1607 1677/1441/1606
f 1677/1441/1606 1678/1442/1607 1679/1443/1607
f 1678/1442/1607 1680/1444/1606 1679/1443/1607
f 1679/1443/1607 1680/1444/1606 1681/1445/1608
f 1680/1444/1606 1682/1446/1609 1681/1445/1608
f 1681/1445/1608 1682/1446/1609 1683/1447/1610
f 1682/1446/1609 1684/1448/1611 1683/1447/1610
f 1684/1448/1611 1685/1449/1612 1683/1447/1610
f 1683/1447/1610 1685/1449/1612 1686/1450/1613
f 1685/1449/1612 1687/1451/1614 1686/1450/1613
f 1686/1450/1613 1687/1451/1614 1688/1452/1615
f 1688/1452/1615 1687/1451/1614 1689/1453/1616
f 1690/1454/1617 1688/1452/1615 1689/1453/1616
f 1692/207/1618 1691/204/1619 1693/202/1620
f 1695/1455/1621 1694/1456/1622 1696/1457/1623
f 1698/1458/1624 1697/1459/1625 1699/1460/1626
f 1701/1461/1627 1700/1462/1628 1702/1463/1629
f 1704/1464/1630 1703/1465/1631 1705/1466/1632
f 1703/1465/1631 1704/1464/1630 1708/1467/1633
f 1705/1466/1632 1703/1465/1631 1706/1468/1634
f 1706/1468/1634 1703/1465/1631 1707/1469/1635
f 1707/1469/1635 1703/1465/1631 1708/1467/1633
f 1709/1470/1636 1707/1469/1635 1708/1467/1633
f 1708/1467/1633 1704/1464/1630 1711/1471/1637
f 1710/1470/1638 1708/1467/1633 1711/1471/1637
f 1712/1472/1639 1710/1470/1638 1711/1471/1637
f 1704/1464/1630 1713/1473/1640 1711/1471/1637
f 1713/1473/1640 1714/1474/1641 1711/1471/1637
f 1711/1471/1637 1714/1474/1641 1716/1475/1642
f 1715/1472/1643 1711/1471/1637 1716/1475/1642
f 1713/1473/1640 1717/1476/1644 1714/1474/1641
f 1717/1476/1644 1718/1477/1645 1714/1474/1641
f 1714/1474/1641 1718/1477/1645 1719/1478/1646
f 1718/1477/1645 1720/1479/1647 1719/1478/1646
f 1720/1479/1647 1721/1455/1648 1719/1478/1646
f 1721/1455/1648 1722/1480/1649 1719/1478/1646
f 1722/1480/1649 1723/1481/1650 1719/1478/1646
f 1719/1478/1646 1723/1481/1650 1724/1475/1651
f 1723/1481/1650 1725/1482/1652 1724/1475/1651
f 1725/1482/1652 1726/1483/1653 1724/1475/1651
f 1724/1475/1651 1726/1483/1653 1712/1472/1639
f 1727/1484/1654 1710/1470/1638 1726/1483/1653
f 1726/1483/1653 1710/1470/1638 1712/1472/1639
f 1728/1485/1655 1710/1470/1638 1727/1484/1654
f 1730/1486/1656 1729/1469/1657 1728/1485/1655
f 1729/1469/1657 1710/1470/1638 1728/1485/1655
f 1732/1462/1658 1731/1461/1659 1730/1486/1656
f 1731/1461/1659 1729/1469/1657 1730/1486/1656
f 1722/1480/1649 1721/1455/1648 1733/1487/1660
f 1721/1455/1648 1734/1457/1661 1733/1487/1660
f 1733/1487/1660 1734/1457/1661 1735/1488/1662
f 1735/1488/1662 1734/1457/1661 1736/1489/1663
f 1736/1489/1663 1734/1457/1661 1737/1490/1664
f 1734/1457/1661 1738/1456/1665 1737/1490/1664
f 1737/1490/1664 1738/1456/1665 1739/1491/1666
f 1739/1491/1666 1738/1456/1665 1740/1492/1667
f 1738/1456/1665 1720/1479/1647 1740/1492/1667
f 1740/1492/1667 1720/1479/1647 1741/1493/243
f 1720/1479/1647 1718/1477/1645 1741/1493/243
f 1741/1493/243 1718/1477/1645 1742/1494/1668
f 1742/1494/1668 1718/1477/1645 1717/1476/1644
f 1721/1455/1648 1720/1479/1647 1738/1456/1665
f 1743/1495/1669 1705/1466/1632 1706/1468/1634
f 1745/1475/1670 1744/1474/1671 1746/1478/1672
f 1748/1496/1673 1747/1497/1674 1749/1498/1675
f 1751/1499/1676 1750/1500/1677 1752/1501/1678
f 1754/1502/1679 1753/1503/1680 1755/1504/1681
f 1757/1505/1682 1756/1506/1683 1758/1507/1684
f 1760/1508/1685 1759/1509/1686 1761/1510/1687
f 1763/1511/1688 1762/1512/1689 1764/1513/1690
f 1766/1514/1691 1765/1515/1692 1767/1516/1693
f 1765/1515/1692 1766/1514/1691 1771/1517/1694
f 1767/1516/1693 1765/1515/1692 1768/1518/1695
f 1768/1518/1695 1765/1515/1692 1769/1519/1696
f 1769/1519/1696 1765/1515/1692 1770/1520/1697
f 1770/1520/1697 1765/1515/1692 1771/1517/1694
f 1770/1520/1697 1771/1517/1694 1773/1521/1698
f 1771/1517/1694 1766/1514/1691 1772/1522/1699
f 1771/1517/1694 1772/1522/1699 1774/1523/1700
f 1773/1521/1698 1771/1517/1694 1774/1523/1700
f 1773/1521/1698 1774/1523/1700 1778/1524/1701
f 1772/1522/1699 1775/1525/1702 1774/1523/1700
f 1775/1525/1702 1776/1526/1703 1774/1523/1700
f 1774/1523/1700 1776/1526/1703 1777/1527/1704
f 1774/1523/1700 1777/1527/1704 1778/1524/1701
f 1779/1528/1705 1773/1521/1698 1778/1524/1701
f 1779/1528/1705 1778/1524/1701 1781/1529/1706
f 1778/1524/1701 1777/1527/1704 1780/1530/1707
f 1778/1524/1701 1780/1530/1707 1782/1531/1708
f 1781/1529/1706 1778/1524/1701 1782/1531/1708
f 1781/1529/1706 1782/1531/1708 1784/1532/1709
f 1782/1531/1708 1780/1530/1707 1783/1533/1710
f 1782/1531/1708 1783/1533/1710 1786/1534/1711
f 1784/1532/1709 1782/1531/1708 1785/1535/1712
f 1785/1535/1712 1782/1531/1708 1786/1534/1711
f 1783/1533/1710 1787/1536/1713 1786/1534/1711
f 1786/1534/1711 1787/1536/1713 1788/1537/1714
f 1788/1537/1714 1787/1536/1713 1789/1538/1715
f 1787/1536/1713 1790/1539/1716 1789/1538/1715
f 1789/1538/1715 1790/1539/1716 1791/1540/1717
f 1791/1540/1717 1790/1539/1716 1792/1541/1718
f 1790/1539/1716 1793/1542/1719 1792/1541/1718
f 1792/1541/1718 1793/1542/1719 1794/1543/1720
f 1793/1542/1719 1795/1544/1721 1794/1543/1720
f 1795/1544/1721 1796/1545/1722 1794/1543/1720
f 1794/1543/1720 1796/1545/1722 1797/1546/1723
f 1796/1545/1722 1798/1547/1724 1797/1546/1723
f 1797/1546/1723 1798/1547/1724 1799/1548/1725
f 1798/1547/1724 1800/1549/1726 1799/1548/1725
f 1799/1548/1725 1800/1549/1726 1801/1550/1727
f 1800/1549/1726 1802/1551/1728 1801/1550/1727
f 1801/1550/1727 1802/1551/1728 1803/1552/1729
f 1802/1551/1728 1804/1553/1730 1803/1552/1729
f 1804/1553/1730 1805/1554/1731 1803/1552/1729
f 1803/1552/1729 1805/1554/1731 1806/1555/1732
f 1805/1554/1731 1807/1556/1733 1806/1555/1732
f 1806/1555/1732 1807/1556/1733 1808/1557/1734
f 1808/1557/1734 1807/1556/1733 1809/1558/1735
f 1807/1556/1733 1810/1559/1736 1809/1558/1735
f 1809/1558/1735 1810/1559/1736 1811/1560/1737
f 1810/1559/1736 1812/1561/1738 1811/1560/1737
f 1811/1560/1737 1812/1561/1738 1813/1562/1739
f 1812/1561/1738 1814/1563/1740 1813/1562/1739
f 1813/1562/1739 1814/1563/1740 1816/1564/1741
f 1815/1565/1742 1813/1562/1739 1816/1564/1741
f 1816/1564/1741 1814/1563/1740 1817/1566/1743
f 1814/1563/1740 1818/1567/1744 1817/1566/1743
f 1817/1566/1743 1818/1567/1744 1819/1568/1745
f 1818/1567/1744 1820/1569/1746 1819/1568/1745
f 1819/1568/1745 1820/1569/1746 1821/1570/1747
f 1820/1569/1746 1822/1571/1748 1821/1570/1747
f 1821/1570/1747 1822/1571/1748 1823/1572/1652
f 1822/1571/1748 1824/1573/1749 1823/1572/1652
f 1824/1573/1749 1825/1574/1750 1823/1572/1652
f 1823/1572/1652 1825/1574/1750 1826/1575/1751
f 1826/1575/1751 1825/1574/1750 1827/1576/1752
f 1825/1574/1750 1828/1577/1753 1827/1576/1752
f 1828/1577/1753 1829/1578/1754 1827/1576/1752
f 1827/1576/1752 1829/1578/1754 1830/1579/1755
f 1829/1578/1754 1831/1580/1756 1830/1579/1755
f 1830/1579/1755 1831/1580/1756 1832/1581/1757
f 1832/1581/1757 1831/1580/1756 1833/1582/1658
f 1831/1580/1756 1834/1583/1758 1833/1582/1658
f 1833/1582/1658 1834/1583/1758 1835/1584/1759
f 1834/1583/1758 1836/1585/1760 1835/1584/1759
f 1836/1585/1760 1837/1586/1761 1835/1584/1759
f 1835/1584/1759 1837/1586/1761 1838/1587/1762
f 1837/1586/1761 1839/1588/1763 1838/1587/1762
f 1838/1587/1762 1839/1588/1763 1840/1589/1764
f 1839/1588/1763 1841/1590/1765 1840/1589/1764
f 1840/1589/1764 1841/1590/1765 1842/1591/1766
f 1841/1590/1765 1843/1592/1767 1842/1591/1766
f 1842/1591/1766 1843/1592/1767 1844/1593/1768
f 1843/1592/1767 1845/1594/1769 1844/1593/1768
f 1844/1593/1768 1845/1594/1769 1846/1595/1770
f 1845/1594/1769 1847/1596/1771 1846/1595/1770
f 1846/1595/1770 1847/1596/1771 1848/1597/1772
f 1848/1597/1772 1847/1596/1771 1849/1598/1773
f 1847/1596/1771 1850/1599/1774 1849/1598/1773
f 1849/1598/1773 1850/1599/1774 1851/1600/1775
f 1850/1599/1774 1852/1601/1776 1851/1600/1775
f 1852/1601/1776 1853/1602/1777 1851/1600/1775
f 1851/1600/1775 1853/1602/1777 1854/1603/1778
f 1853/1602/1777 1855/1604/1779 1854/1603/1778
f 1854/1603/1778 1855/1604/1779 1856/1605/1780
f 1855/1604/1779 1857/1606/1781 1856/1605/1780
f 1856/1605/1780 1857/1606/1781 1858/1607/1782
f 1858/1607/1782 1857/1606/1781 1859/1608/1783
f 1857/1606/1781 1860/1609/1784 1859/1608/1783
f 1859/1608/1783 1860/1609/1784 1861/1610/1785
f 1860/1609/1784 1862/1611/1786 1861/1610/1785
f 1861/1610/1785 1862/1611/1786 1863/1612/1787
f 1862/1611/1786 1864/1613/1788 1863/1612/1787
f 1863/1612/1787 1864/1613/1788 1865/1614/1789
f 1864/1613/1788 1866/1615/1790 1865/1614/1789
f 1865/1614/1789 1866/1615/1790 1867/1616/1791
f 1866/1615/1790 1868/1617/1792 1867/1616/1791
f 1867/1616/1791 1868/1617/1792 1869/1618/1793
f 1868/1617/1792 1870/1619/1794 1869/1618/1793
f 1870/1619/1794 1871/1620/1795 1869/1618/1793
f 1869/1618/1793 1871/1620/1795 1872/1621/1796
f 1871/1620/1795 1873/1622/1797 1872/1621/1796
f 1872/1621/1796 1873/1622/1797 1874/1623/1798
f 1874/1623/1798 1873/1622/1797 1876/1624/1799
f 1875/1625/1800 1874/1623/1798 1876/1624/1799
f 1873/1622/1797 1877/1626/1737 1876/1624/1799
f 1873/1622/1797 1878/1627/1801 1877/1626/1737
f 1878/1627/1801 1879/1628/1802 1877/1626/1737
f 1877/1626/1737 1879/1628/1802 1880/1629/1735
f 1880/1629/1735 1879/1628/1802 1881/1630/1734
f 1879/1628/1802 1882/1631/1803 1881/1630/1734
f 1882/1631/1803 1883/1632/1804 1881/1630/1734
f 1881/1630/1734 1883/1632/1804 1884/1633/1732
f 1883/1632/1804 1885/1634/1805 1884/1633/1732
f 1884/1633/1732 1885/1634/1805 1886/1635/1729
f 1885/1634/1805 1887/1636/1806 1886/1635/1729
f 1886/1635/1729 1887/1636/1806 1888/1637/1807
f 1888/1637/1807 1887/1636/1806 1889/1638/1808
f 1887/1636/1806 1890/1639/1809 1889/1638/1808
f 1890/1639/1809 1891/1640/1810 1889/1638/1808
f 1889/1638/1808 1891/1640/1810 1892/1641/1723
f 1891/1640/1810 1893/1642/1811 1892/1641/1723
f 1892/1641/1723 1893/1642/1811 1894/1643/1812
f 1893/1642/1811 1895/1644/1813 1894/1643/1812
f 1894/1643/1812 1895/1644/1813 1896/1645/1718
f 1896/1645/1718 1895/1644/1813 1898/1646/1814
f 1897/1647/1815 1896/1645/1718 1898/1646/1814
f 1898/1646/1814 1895/1644/1813 1899/1648/1816
f 1895/1644/1813 1900/1649/1817 1899/1648/1816
f 1900/1649/1817 1901/1650/1818 1899/1648/1816
f 1899/1648/1816 1901/1650/1818 1902/1651/1819
f 1901/1650/1818 1903/1652/1820 1902/1651/1819
f 1902/1651/1819 1903/1652/1820 1904/1653/1821
f 1904/1653/1821 1903/1652/1820 1905/1654/1822
f 1903/1652/1820 1906/1655/1823 1905/1654/1822
f 1905/1654/1822 1906/1655/1823 1907/1656/1824
f 1906/1655/1823 1908/1657/1825 1907/1656/1824
f 1907/1656/1824 1908/1657/1825 1909/1658/1826
f 1908/1657/1825 1910/1659/1827 1909/1658/1826
f 1909/1658/1826 1910/1659/1827 1911/1660/1828
f 1910/1659/1827 1912/1661/1829 1911/1660/1828
f 1911/1660/1828 1912/1661/1829 1913/1662/1830
f 1912/1661/1829 1914/1663/1831 1913/1662/1830
f 1914/1663/1831 1915/1664/1481 1913/1662/1830
f 1913/1662/1830 1915/1664/1481 1916/1665/1832
f 1916/1665/1832 1915/1664/1481 1917/1666/1833
f 1915/1664/1481 1918/1667/1834 1917/1666/1833
f 1917/1666/1833 1918/1667/1834 1919/1668/1835
f 1918/1667/1834 1920/1669/1836 1919/1668/1835
f 1919/1668/1835 1920/1669/1836 1921/1670/1837
f 1920/1669/1836 1922/1671/1178 1921/1670/1837
f 1922/1671/1178 1923/1672/1838 1921/1670/1837
f 1921/1670/1837 1923/1672/1838 1924/1673/1839
f 1923/1672/1838 1781/1529/1706 1924/1673/1839
f 1924/1673/1839 1781/1529/1706 1784/1532/1709
f 1922/1671/1178 1925/1674/1840 1923/1672/1838
f 1925/1674/1840 1779/1528/1705 1923/1672/1838
f 1923/1672/1838 1779/1528/1705 1781/1529/1706
f 1927/1675/1841 1926/1676/1842 1925/1674/1840
f 1926/1676/1842 1928/1677/1843 1925/1674/1840
f 1927/1675/1841 1925/1674/1840 1922/1671/1178
f 1928/1677/1843 1929/1678/1844 1925/1674/1840
f 1925/1674/1840 1929/1678/1844 1779/1528/1705
f 1928/1677/1843 1930/1679/1845 1929/1678/1844
f 1930/1679/1845 1931/1680/1846 1929/1678/1844
f 1929/1678/1844 1931/1680/1846 1932/1681/1847
f 1929/1678/1844 1932/1681/1847 1779/1528/1705
f 1931/1680/1846 1933/1682/1848 1932/1681/1847
f 1933/1682/1848 1770/1520/1697 1932/1681/1847
f 1932/1681/1847 1770/1520/1697 1773/1521/1698
f 1932/1681/1847 1773/1521/1698 1779/1528/1705
f 1933/1682/1848 1769/1519/1696 1770/1520/1697
f 1769/1519/1696 1933/1682/1848 1934/1683/1849
f 1934/1683/1849 1933/1682/1848 1935/1684/1850
f 1933/1682/1848 1931/1680/1846 1935/1684/1850
f 1934/1683/1849 1935/1684/1850 1937/1685/1851
f 1935/1684/1850 1931/1680/1846 1936/1686/1852
f 1935/1684/1850 1936/1686/1852 1938/1687/1853
f 1937/1685/1851 1935/1684/1850 1938/1687/1853
f 1937/1685/1851 1938/1687/1853 1940/1688/1854
f 1938/1687/1853 1936/1686/1852 1939/1689/1855
f 1938/1687/1853 1939/1689/1855 1941/1690/1856
f 1940/1688/1854 1938/1687/1853 1941/1690/1856
f 1940/1688/1854 1941/1690/1856 1847/1596/1771
f 1941/1690/1856 1939/1689/1855 1942/1691/1857
f 1941/1690/1856 1942/1691/1857 1850/1599/1774
f 1847/1596/1771 1941/1690/1856 1850/1599/1774
f 1939/1689/1855 1943/1692/1858 1942/1691/1857
f 1942/1691/1857 1943/1692/1858 1944/1693/1859
f 1942/1691/1857 1944/1693/1859 1852/1601/1776
f 1850/1599/1774 1942/1691/1857 1852/1601/1776
f 1943/1692/1858 1945/1694/1860 1944/1693/1859
f 1944/1693/1859 1945/1694/1860 1946/1695/1861
f 1944/1693/1859 1946/1695/1861 1853/1602/1777
f 1852/1601/1776 1944/1693/1859 1853/1602/1777
f 1945/1694/1860 1947/1696/1862 1946/1695/1861
f 1947/1696/1862 1948/1697/1863 1946/1695/1861
f 1946/1695/1861 1948/1697/1863 1949/1698/1864
f 1946/1695/1861 1949/1698/1864 1853/1602/1777
f 1949/1698/1864 1948/1697/1863 1950/1699/1865
f 1949/1698/1864 1950/1699/1865 1855/1604/1779
f 1853/1602/1777 1949/1698/1864 1855/1604/1779
f 1948/1697/1863 1951/1700/1866 1950/1699/1865
f 1951/1700/1866 1952/1701/1867 1950/1699/1865
f 1950/1699/1865 1952/1701/1867 1953/1702/1868
f 1950/1699/1865 1953/1702/1868 1860/1609/1784
f 1855/1604/1779 1950/1699/1865 1857/1606/1781
f 1857/1606/1781 1950/1699/1865 1860/1609/1784
f 1952/1701/1867 1954/1703/1869 1953/1702/1868
f 1953/1702/1868 1954/1703/1869 1955/1704/1870
f 1953/1702/1868 1955/1704/1870 1862/1611/1786
f 1860/1609/1784 1953/1702/1868 1862/1611/1786
f 1954/1703/1869 1956/1705/1871 1955/1704/1870
f 1955/1704/1870 1956/1705/1871 1957/1706/1872
f 1955/1704/1870 1957/1706/1872 1862/1611/1786
f 1956/1705/1871 1958/1707/1873 1957/1706/1872
f 1957/1706/1872 1958/1707/1873 1959/1708/1874
f 1957/1706/1872 1959/1708/1874 1864/1613/1788
f 1862/1611/1786 1957/1706/1872 1864/1613/1788
f 1959/1708/1874 1958/1707/1873 1960/1709/1875
f 1959/1708/1874 1960/1709/1875 1868/1617/1792
f 1864/1613/1788 1959/1708/1874 1866/1615/1790
f 1866/1615/1790 1959/1708/1874 1868/1617/1792
f 1958/1707/1873 1961/1710/1876 1960/1709/1875
f 1961/1710/1876 1962/1711/1877 1960/1709/1875
f 1960/1709/1875 1962/1711/1877 1963/1712/1878
f 1960/1709/1875 1963/1712/1878 1870/1619/1794
f 1868/1617/1792 1960/1709/1875 1870/1619/1794
f 1962/1711/1877 1964/1713/1879 1963/1712/1878
f 1963/1712/1878 1964/1713/1879 1965/1714/1880
f 1963/1712/1878 1965/1714/1880 1871/1620/1795
f 1870/1619/1794 1963/1712/1878 1871/1620/1795
f 1965/1714/1880 1964/1713/1879 1879/1628/1802
f 1878/1627/1801 1965/1714/1880 1879/1628/1802
f 1965/1714/1880 1878/1627/1801 1871/1620/1795
f 1962/1711/1877 1966/1715/1881 1964/1713/1879
f 1964/1713/1879 1966/1715/1881 1967/1716/1882
f 1964/1713/1879 1967/1716/1882 1879/1628/1802
f 1966/1715/1881 1968/1717/1883 1967/1716/1882
f 1967/1716/1882 1968/1717/1883 1969/1718/1884
f 1967/1716/1882 1969/1718/1884 1882/1631/1803
f 1879/1628/1802 1967/1716/1882 1882/1631/1803
f 1968/1717/1883 1970/1719/1885 1969/1718/1884
f 1969/1718/1884 1970/1719/1885 1971/1720/1886
f 1969/1718/1884 1971/1720/1886 1883/1632/1804
f 1882/1631/1803 1969/1718/1884 1883/1632/1804
f 1971/1720/1886 1970/1719/1885 1973/1721/1887
f 1972/1722/1888 1971/1720/1886 1973/1721/1887
f 1971/1720/1886 1972/1722/1888 1885/1634/1805
f 1883/1632/1804 1971/1720/1886 1885/1634/1805
f 1972/1722/1888 1973/1721/1887 1903/1652/1820
f 1970/1719/1885 1974/1723/1889 1973/1721/1887
f 1973/1721/1887 1974/1723/1889 1975/1724/1890
f 1973/1721/1887 1975/1724/1890 1906/1655/1823
f 1903/1652/1820 1973/1721/1887 1906/1655/1823
f 1975/1724/1890 1974/1723/1889 1976/1725/1891
f 1975/1724/1890 1976/1725/1891 1910/1659/1827
f 1906/1655/1823 1975/1724/1890 1908/1657/1825
f 1908/1657/1825 1975/1724/1890 1910/1659/1827
f 1974/1723/1889 1977/1726/1892 1976/1725/1891
f 1977/1726/1892 1978/1727/1893 1976/1725/1891
f 1976/1725/1891 1978/1727/1893 1979/1728/1894
f 1976/1725/1891 1979/1728/1894 1910/1659/1827
f 1978/1727/1893 1980/1729/1895 1979/1728/1894
f 1979/1728/1894 1980/1729/1895 1981/1730/1896
f 1979/1728/1894 1981/1730/1896 1912/1661/1829
f 1910/1659/1827 1979/1728/1894 1912/1661/1829
f 1980/1729/1895 1982/1731/1897 1981/1730/1896
f 1981/1730/1896 1982/1731/1897 1983/1732/1898
f 1981/1730/1896 1983/1732/1898 1914/1663/1831
f 1912/1661/1829 1981/1730/1896 1914/1663/1831
f 1982/1731/1897 1984/1733/1899 1983/1732/1898
f 1983/1732/1898 1984/1733/1899 1985/1734/1900
f 1983/1732/1898 1985/1734/1900 1918/1667/1834
f 1914/1663/1831 1983/1732/1898 1915/1664/1481
f 1915/1664/1481 1983/1732/1898 1918/1667/1834
f 1985/1734/1900 1984/1733/1899 1986/1735/1901
f 1985/1734/1900 1986/1735/1901 1920/1669/1836
f 1918/1667/1834 1985/1734/1900 1920/1669/1836
f 1984/1733/1899 1987/1736/1902 1986/1735/1901
f 1986/1735/1901 1987/1736/1902 1927/1675/1841
f 1986/1735/1901 1927/1675/1841 1922/1671/1178
f 1920/1669/1836 1986/1735/1901 1922/1671/1178
f 1984/1733/1899 1988/1737/1903 1987/1736/1902
f 1988/1737/1903 1989/1738/1904 1987/1736/1902
f 1987/1736/1902 1989/1738/1904 1926/1676/1842
f 1987/1736/1902 1926/1676/1842 1927/1675/1841
f 1990/1739/1905 1989/1738/1904 1991/1740/1906
f 1989/1738/1904 1990/1739/1905 1926/1676/1842
f 1991/1740/1906 1989/1738/1904 1992/1741/1907
f 1989/1738/1904 1988/1737/1903 1992/1741/1907
f 1991/1740/1906 1992/1741/1907 1951/1700/1866
f 1992/1741/1907 1988/1737/1903 1993/1742/1908
f 1992/1741/1907 1993/1742/1908 1951/1700/1866
f 1988/1737/1903 1994/1743/1909 1993/1742/1908
f 1994/1743/1909 1995/1744/1910 1993/1742/1908
f 1993/1742/1908 1995/1744/1910 1996/1745/1911
f 1993/1742/1908 1996/1745/1911 1952/1701/1867
f 1951/1700/1866 1993/1742/1908 1952/1701/1867
f 1995/1744/1910 1997/1746/1912 1996/1745/1911
f 1996/1745/1911 1997/1746/1912 1998/1747/1913
f 1996/1745/1911 1998/1747/1913 1954/1703/1869
f 1952/1701/1867 1996/1745/1911 1954/1703/1869
f 1997/1746/1912 1999/1748/1914 1998/1747/1913
f 1998/1747/1913 1999/1748/1914 2000/1749/1915
f 1998/1747/1913 2000/1749/1915 1956/1705/1871
f 1954/1703/1869 1998/1747/1913 1956/1705/1871
f 1999/1748/1914 2001/1750/1916 2000/1749/1915
f 2000/1749/1915 2001/1750/1916 2002/1751/1917
f 2000/1749/1915 2002/1751/1917 1958/1707/1873
f 1956/1705/1871 2000/1749/1915 1958/1707/1873
f 2002/1751/1917 2001/1750/1916 1968/1717/1883
f 1966/1715/1881 2002/1751/1917 1968/1717/1883
f 2002/1751/1917 1966/1715/1881 1962/1711/1877
f 1958/1707/1873 2002/1751/1917 1961/1710/1876
f 1961/1710/1876 2002/1751/1917 1962/1711/1877
f 2001/1750/1916 1999/1748/1914 1974/1723/1889
f 1968/1717/1883 2001/1750/1916 1970/1719/1885
f 1970/1719/1885 2001/1750/1916 1974/1723/1889
f 1999/1748/1914 1997/1746/1912 1977/1726/1892
f 1974/1723/1889 1999/1748/1914 1977/1726/1892
f 1997/1746/1912 1995/1744/1910 1978/1727/1893
f 1977/1726/1892 1997/1746/1912 1978/1727/1893
f 1995/1744/1910 1994/1743/1909 1980/1729/1895
f 1978/1727/1893 1995/1744/1910 1980/1729/1895
f 1994/1743/1909 1988/1737/1903 1984/1733/1899
f 1980/1729/1895 1994/1743/1909 1982/1731/1897
f 1982/1731/1897 1994/1743/1909 1984/1733/1899
f 2003/1752/1918 1990/1739/1905 1991/1740/1906
f 2003/1752/1918 1991/1740/1906 1948/1697/1863
f 1948/1697/1863 1991/1740/1906 1951/1700/1866
f 2004/1753/1919 1990/1739/1905 2003/1752/1918
f 2004/1753/1919 2003/1752/1918 1947/1696/1862
f 1947/1696/1862 2003/1752/1918 1948/1697/1863
f 2006/1754/1920 2005/1755/1921 2004/1753/1919
f 2005/1755/1921 1990/1739/1905 2004/1753/1919
f 2006/1754/1920 2004/1753/1919 1943/1692/1858
f 1943/1692/1858 2004/1753/1919 1945/1694/1860
f 1945/1694/1860 2004/1753/1919 1947/1696/1862
f 1936/1686/1852 1930/1679/1845 2006/1754/1920
f 1930/1679/1845 2005/1755/1921 2006/1754/1920
f 1936/1686/1852 2006/1754/1920 1939/1689/1855
f 1939/1689/1855 2006/1754/1920 1943/1692/1858
f 2005/1755/1921 1930/1679/1845 1928/1677/1843
f 1990/1739/1905 2005/1755/1921 1926/1676/1842
f 1926/1676/1842 2005/1755/1921 1928/1677/1843
f 1885/1634/1805 1972/1722/1888 1887/1636/1806
f 1887/1636/1806 1972/1722/1888 1890/1639/1809
f 1890/1639/1809 1972/1722/1888 1903/1652/1820
f 2007/1756/1922 1937/1685/1851 1940/1688/1854
f 2007/1756/1922 1940/1688/1854 1843/1592/1767
f 1843/1592/1767 1940/1688/1854 1845/1594/1769
f 1845/1594/1769 1940/1688/1854 1847/1596/1771
f 2008/1757/1923 1937/1685/1851 2007/1756/1922
f 2008/1757/1923 2007/1756/1922 1841/1590/1765
f 1841/1590/1765 2007/1756/1922 1843/1592/1767
f 2010/1758/1924 2009/1759/1925 2008/1757/1923
f 2009/1759/1925 1937/1685/1851 2008/1757/1923
f 2010/1758/1924 2008/1757/1923 1839/1588/1763
f 1839/1588/1763 2008/1757/1923 1841/1590/1765
f 2012/1760/1926 2011/1761/1927 2010/1758/1924
f 2011/1761/1927 2009/1759/1925 2010/1758/1924
f 2012/1760/1926 2010/1758/1924 1837/1586/1761
f 1837/1586/1761 2010/1758/1924 1839/1588/1763
f 2014/1762/1928 2013/1763/1929 2012/1760/1926
f 2013/1763/1929 2011/1761/1927 2012/1760/1926
f 2014/1762/1928 2012/1760/1926 1836/1585/1760
f 1836/1585/1760 2012/1760/1926 1837/1586/1761
f 2016/1764/1930 2015/1765/1931 2014/1762/1928
f 2015/1765/1931 2013/1763/1929 2014/1762/1928
f 2016/1764/1930 2014/1762/1928 1834/1583/1758
f 1834/1583/1758 2014/1762/1928 1836/1585/1760
f 2018/1766/1932 2017/1767/1933 2016/1764/1930
f 2017/1767/1933 2015/1765/1931 2016/1764/1930
f 2018/1766/1932 2016/1764/1930 1834/1583/1758
f 2020/1768/1934 2019/1769/1935 2018/1766/1932
f 2019/1769/1935 2021/1770/1936 2018/1766/1932
f 2020/1768/1934 2018/1766/1932 1829/1578/1754
f 2021/1770/1936 2017/1767/1933 2018/1766/1932
f 1829/1578/1754 2018/1766/1932 1831/1580/1756
f 1831/1580/1756 2018/1766/1932 1834/1583/1758
f 2019/1769/1935 2022/1771/1937 2021/1770/1936
f 2022/1771/1937 2023/1772/1938 2021/1770/1936
f 2021/1770/1936 2023/1772/1938 2017/1767/1933
f 2022/1771/1937 2024/1773/1939 2023/1772/1938
f 2024/1773/1939 2025/1774/1940 2023/1772/1938
f 2023/1772/1938 2025/1774/1940 2026/1775/1941
f 2023/1772/1938 2026/1775/1941 2017/1767/1933
f 2025/1774/1940 2027/1776/1942 2026/1775/1941
f 2026/1775/1941 2027/1776/1942 2028/1777/1943
f 2026/1775/1941 2028/1777/1943 2015/1765/1931
f 2017/1767/1933 2026/1775/1941 2015/1765/1931
f 2027/1776/1942 2029/1778/1944 2028/1777/1943
f 2028/1777/1943 2029/1778/1944 2030/1779/1945
f 2028/1777/1943 2030/1779/1945 2013/1763/1929
f 2015/1765/1931 2028/1777/1943 2013/1763/1929
f 2029/1778/1944 2031/1780/1946 2030/1779/1945
f 2030/1779/1945 2031/1780/1946 2032/1781/817
f 2030/1779/1945 2032/1781/817 2011/1761/1927
f 2013/1763/1929 2030/1779/1945 2011/1761/1927
f 2031/1780/1946 2033/1782/1947 2032/1781/817
f 2032/1781/817 2033/1782/1947 2034/1783/1948
f 2032/1781/817 2034/1783/1948 2009/1759/1925
f 2011/1761/1927 2032/1781/817 2009/1759/1925
f 2033/1782/1947 1768/1518/1695 2034/1783/1948
f 2034/1783/1948 1768/1518/1695 1934/1683/1849
f 2034/1783/1948 1934/1683/1849 2009/1759/1925
f 2031/1780/1946 2035/1784/1949 2033/1782/1947
f 2035/1784/1949 2036/1785/1950 2033/1782/1947
f 2036/1785/1950 1767/1516/1693 2033/1782/1947
f 2033/1782/1947 1767/1516/1693 1768/1518/1695
f 2036/1785/1950 2035/1784/1949 2037/1786/1951
f 2036/1785/1950 2037/1786/1951 2039/1787/1952
f 1767/1516/1693 2036/1785/1950 2038/1788/1953
f 2038/1788/1953 2036/1785/1950 2039/1787/1952
f 2038/1788/1953 2039/1787/1952 1777/1527/1704
f 2039/1787/1952 2037/1786/1951 2041/1789/1954
f 2040/1790/1955 2039/1787/1952 2041/1789/1954
f 2039/1787/1952 2040/1790/1955 1777/1527/1704
f 2040/1790/1955 2041/1789/1954 2043/1791/1956
f 2041/1789/1954 2037/1786/1951 2042/1792/1957
f 2041/1789/1954 2042/1792/1957 2044/1793/1958
f 2043/1791/1956 2041/1789/1954 2044/1793/1958
f 2044/1793/1958 2042/1792/1957 2045/1794/1959
f 2042/1792/1957 2046/1795/1960 2045/1794/1959
f 2045/1794/1959 2046/1795/1960 2047/1796/1961
f 2046/1795/1960 2048/1797/1962 2047/1796/1961
f 2047/1796/1961 2048/1797/1962 2049/1798/1963
f 2048/1797/1962 2050/1799/1964 2049/1798/1963
f 2049/1798/1963 2050/1799/1964 2051/1800/1965
f 2050/1799/1964 2052/1801/1966 2051/1800/1965
f 2052/1801/1966 2053/1802/1967 2051/1800/1965
f 2051/1800/1965 2053/1802/1967 2054/1803/1968
f 2053/1802/1967 2055/1804/1969 2054/1803/1968
f 2054/1803/1968 2055/1804/1969 2056/1805/1970
f 2055/1804/1969 2057/1806/1971 2056/1805/1970
f 2056/1805/1970 2057/1806/1971 2058/1807/1972
f 2057/1806/1971 2059/1808/1973 2058/1807/1972
f 2058/1807/1972 2059/1808/1973 2060/1809/1974
f 2060/1809/1974 2059/1808/1973 2062/1810/1975
f 2061/1811/1976 2060/1809/1974 2062/1810/1975
f 2064/1812/1977 2063/1813/1978 2062/1810/1975
f 2063/1813/1978 2061/1811/1976 2062/1810/1975
f 2064/1812/1977 2062/1810/1975 2066/1814/1979
f 2062/1810/1975 2059/1808/1973 2065/1815/1980
f 2062/1810/1975 2065/1815/1980 2066/1814/1979
f 2068/1816/1981 2067/1817/1982 2066/1814/1979
f 2067/1817/1982 2064/1812/1977 2066/1814/1979
f 2068/1816/1981 2066/1814/1979 1800/1549/1726
f 2066/1814/1979 2065/1815/1980 2069/1818/1983
f 2066/1814/1979 2069/1818/1983 1800/1549/1726
f 2069/1818/1983 2065/1815/1980 2070/1819/1984
f 2069/1818/1983 2070/1819/1984 1804/1553/1730
f 1800/1549/1726 2069/1818/1983 1802/1551/1728
f 1802/1551/1728 2069/1818/1983 1804/1553/1730
f 2065/1815/1980 2071/1820/1985 2070/1819/1984
f 2070/1819/1984 2071/1820/1985 2072/1821/1986
f 2070/1819/1984 2072/1821/1986 1805/1554/1731
f 1804/1553/1730 2070/1819/1984 1805/1554/1731
f 2071/1820/1985 2073/1822/1987 2072/1821/1986
f 2072/1821/1986 2073/1822/1987 2074/1823/1988
f 2072/1821/1986 2074/1823/1988 1807/1556/1733
f 1805/1554/1731 2072/1821/1986 1807/1556/1733
f 2073/1822/1987 2075/1824/1989 2074/1823/1988
f 2074/1823/1988 2075/1824/1989 2076/1825/1990
f 2074/1823/1988 2076/1825/1990 1810/1559/1736
f 1807/1556/1733 2074/1823/1988 1810/1559/1736
f 2075/1824/1989 2077/1826/1991 2076/1825/1990
f 2076/1825/1990 2077/1826/1991 2079/1827/1992
f 2078/1828/1993 2076/1825/1990 2079/1827/1992
f 2076/1825/1990 2078/1828/1993 1812/1561/1738
f 1810/1559/1736 2076/1825/1990 1812/1561/1738
f 2078/1828/1993 2079/1827/1992 1820/1569/1746
f 2079/1827/1992 2077/1826/1991 2080/1829/1994
f 2079/1827/1992 2080/1829/1994 1822/1571/1748
f 1820/1569/1746 2079/1827/1992 1822/1571/1748
f 2077/1826/1991 2081/1830/1995 2080/1829/1994
f 2080/1829/1994 2081/1830/1995 2082/1831/1996
f 2080/1829/1994 2082/1831/1996 1822/1571/1748
f 2081/1830/1995 2083/1832/1997 2082/1831/1996
f 2082/1831/1996 2083/1832/1997 2084/1833/1998
f 2082/1831/1996 2084/1833/1998 1825/1574/1750
f 1822/1571/1748 2082/1831/1996 1824/1573/1749
f 1824/1573/1749 2082/1831/1996 1825/1574/1750
f 2083/1832/1997 2085/1834/1999 2084/1833/1998
f 2084/1833/1998 2085/1834/1999 2086/1835/2000
f 2084/1833/1998 2086/1835/2000 1828/1577/1753
f 1825/1574/1750 2084/1833/1998 1828/1577/1753
f 2085/1834/1999 2087/1836/2001 2086/1835/2000
f 2086/1835/2000 2087/1836/2001 2020/1768/1934
f 2086/1835/2000 2020/1768/1934 1829/1578/1754
f 1828/1577/1753 2086/1835/2000 1829/1578/1754
f 2085/1834/1999 2088/1837/2002 2087/1836/2001
f 2088/1837/2002 2089/1838/2003 2087/1836/2001
f 2087/1836/2001 2089/1838/2003 2019/1769/1935
f 2087/1836/2001 2019/1769/1935 2020/1768/1934
f 2088/1837/2002 2090/1839/2004 2089/1838/2003
f 2090/1839/2004 2024/1773/1939 2089/1838/2003
f 2089/1838/2003 2024/1773/1939 2022/1771/1937
f 2089/1838/2003 2022/1771/1937 2019/1769/1935
f 2092/1840/2005 2091/1841/2006 2090/1839/2004
f 2091/1841/2006 2093/1842/2007 2090/1839/2004
f 2092/1840/2005 2090/1839/2004 2088/1837/2002
f 2090/1839/2004 2093/1842/2007 2024/1773/1939
f 2094/1843/2008 2093/1842/2007 2095/1844/2009
f 2093/1842/2007 2094/1843/2008 2024/1773/1939
f 2095/1844/2009 2093/1842/2007 2096/1845/2010
f 2093/1842/2007 2091/1841/2006 2096/1845/2010
f 2095/1844/2009 2096/1845/2010 2053/1802/1967
f 2096/1845/2010 2091/1841/2006 2097/1846/2011
f 2096/1845/2010 2097/1846/2011 2057/1806/1971
f 2053/1802/1967 2096/1845/2010 2055/1804/1969
f 2055/1804/1969 2096/1845/2010 2057/1806/1971
f 2097/1846/2011 2091/1841/2006 2098/1847/2012
f 2097/1846/2011 2098/1847/2012 2100/1848/2013
f 2057/1806/1971 2097/1846/2011 2099/1849/2014
f 2099/1849/2014 2097/1846/2011 2100/1848/2013
f 2099/1849/2014 2100/1848/2013 2071/1820/1985
f 2098/1847/2012 2101/1850/2015 2100/1848/2013
f 2100/1848/2013 2101/1850/2015 2102/1851/2016
f 2100/1848/2013 2102/1851/2016 2073/1822/1987
f 2071/1820/1985 2100/1848/2013 2073/1822/1987
f 2102/1851/2016 2101/1850/2015 2104/1852/2017
f 2103/1853/2018 2102/1851/2016 2104/1852/2017
f 2102/1851/2016 2103/1853/2018 2075/1824/1989
f 2073/1822/1987 2102/1851/2016 2075/1824/1989
f 2103/1853/2018 2104/1852/2017 2081/1830/1995
f 2104/1852/2017 2101/1850/2015 2088/1837/2002
f 2104/1852/2017 2088/1837/2002 2083/1832/1997
f 2081/1830/1995 2104/1852/2017 2083/1832/1997
f 2075/1824/1989 2103/1853/2018 2077/1826/1991
f 2077/1826/1991 2103/1853/2018 2081/1830/1995
f 2101/1850/2015 2098/1847/2012 2092/1840/2005
f 2101/1850/2015 2092/1840/2005 2088/1837/2002
f 2059/1808/1973 2057/1806/1971 2099/1849/2014
f 2059/1808/1973 2099/1849/2014 2065/1815/1980
f 2065/1815/1980 2099/1849/2014 2071/1820/1985
f 2098/1847/2012 2091/1841/2006 2092/1840/2005
f 2105/1854/2019 2094/1843/2008 2095/1844/2009
f 2105/1854/2019 2095/1844/2009 2052/1801/1966
f 2052/1801/1966 2095/1844/2009 2053/1802/1967
f 2107/1855/2020 2106/1856/2021 2105/1854/2019
f 2106/1856/2021 2094/1843/2008 2105/1854/2019
f 2107/1855/2020 2105/1854/2019 2052/1801/1966
f 2108/1857/2022 2106/1856/2021 2107/1855/2020
f 2108/1857/2022 2107/1855/2020 2050/1799/1964
f 2050/1799/1964 2107/1855/2020 2052/1801/1966
f 2110/1858/2023 2109/1859/2024 2108/1857/2022
f 2109/1859/2024 2111/1860/2025 2108/1857/2022
f 2110/1858/2023 2108/1857/2022 2048/1797/1962
f 2111/1860/2025 2106/1856/2021 2108/1857/2022
f 2048/1797/1962 2108/1857/2022 2050/1799/1964
f 2111/1860/2025 2109/1859/2024 2029/1778/1944
f 2106/1856/2021 2111/1860/2025 2025/1774/1940
f 2025/1774/1940 2111/1860/2025 2027/1776/1942
f 2027/1776/1942 2111/1860/2025 2029/1778/1944
f 2037/1786/1951 2035/1784/1949 2110/1858/2023
f 2035/1784/1949 2109/1859/2024 2110/1858/2023
f 2037/1786/1951 2110/1858/2023 2046/1795/1960
f 2046/1795/1960 2110/1858/2023 2048/1797/1962
f 2109/1859/2024 2035/1784/1949 2031/1780/1946
f 2029/1778/1944 2109/1859/2024 2031/1780/1946
f 2094/1843/2008 2106/1856/2021 2024/1773/1939
f 2024/1773/1939 2106/1856/2021 2025/1774/1940
f 2083/1832/1997 2088/1837/2002 2085/1834/1999
f 1812/1561/1738 2078/1828/1993 1818/1567/1744
f 1818/1567/1744 2078/1828/1993 1820/1569/1746
f 2113/1861/2026 2112/1862/2027 2068/1816/1981
f 2112/1862/2027 2067/1817/1982 2068/1816/1981
f 2113/1861/2026 2068/1816/1981 1798/1547/1724
f 1798/1547/1724 2068/1816/1981 1800/1549/1726
f 2112/1862/2027 2113/1861/2026 1796/1545/1722
f 1796/1545/1722 2113/1861/2026 1798/1547/1724
f 2115/1863/2028 2114/1864/2029 2112/1862/2027
f 2114/1864/2029 2067/1817/1982 2112/1862/2027
f 2115/1863/2028 2112/1862/2027 1796/1545/1722
f 2117/1865/2030 2116/1866/2031 2115/1863/2028
f 2116/1866/2031 2114/1864/2029 2115/1863/2028
f 2117/1865/2030 2115/1863/2028 1795/1544/1721
f 1795/1544/1721 2115/1863/2028 1796/1545/1722
f 2119/1867/2032 2118/1868/2033 2117/1865/2030
f 2118/1868/2033 2116/1866/2031 2117/1865/2030
f 2119/1867/2032 2117/1865/2030 1795/1544/1721
f 2121/1869/2034 2120/1870/2035 2119/1867/2032
f 2120/1870/2035 2122/1871/2036 2119/1867/2032
f 2121/1869/2034 2119/1867/2032 1795/1544/1721
f 2122/1871/2036 2123/1872/2037 2119/1867/2032
f 2123/1872/2037 2118/1868/2033 2119/1867/2032
f 2122/1871/2036 2120/1870/2035 2124/1873/2038
f 2120/1870/2035 2040/1790/1955 2124/1873/2038
f 2124/1873/2038 2040/1790/1955 2043/1791/1956
f 2126/1874/2039 2125/1875/2040 2121/1869/2034
f 2125/1875/2040 2120/1870/2035 2121/1869/2034
f 2126/1874/2039 2121/1869/2034 1793/1542/1719
f 1793/1542/1719 2121/1869/2034 1795/1544/1721
f 1780/1530/1707 2125/1875/2040 2126/1874/2039
f 1780/1530/1707 2126/1874/2039 1783/1533/1710
f 1783/1533/1710 2126/1874/2039 1787/1536/1713
f 1787/1536/1713 2126/1874/2039 1790/1539/1716
f 1790/1539/1716 2126/1874/2039 1793/1542/1719
f 1777/1527/1704 2040/1790/1955 2125/1875/2040
f 2125/1875/2040 2040/1790/1955 2120/1870/2035
f 1777/1527/1704 2125/1875/2040 1780/1530/1707
f 2114/1864/2029 2127/1876/2041 2067/1817/1982
f 2067/1817/1982 2127/1876/2041 2064/1812/1977
f 2127/1876/2041 2063/1813/1978 2064/1812/1977
f 2042/1792/1957 2037/1786/1951 2046/1795/1960
f 1776/1526/1703 1775/1525/1702 2038/1788/1953
f 1775/1525/1702 1766/1514/1691 2038/1788/1953
f 1776/1526/1703 2038/1788/1953 1777/1527/1704
f 1766/1514/1691 1767/1516/1693 2038/1788/1953
f 2009/1759/1925 1934/1683/1849 1937/1685/1851
f 1931/1680/1846 1930/1679/1845 1936/1686/1852
f 1768/1518/1695 1769/1519/1696 1934/1683/1849
f 1901/1650/1818 1890/1639/1809 1903/1652/1820
f 1900/1649/1817 1890/1639/1809 1901/1650/1818
f 1895/1644/1813 1893/1642/1811 1900/1649/1817
f 1893/1642/1811 1891/1640/1810 1900/1649/1817
f 1891/1640/1810 1890/1639/1809 1900/1649/1817
f 1871/1620/1795 1878/1627/1801 1873/1622/1797
f 1814/1563/1740 1812/1561/1738 1818/1567/1744
f 1772/1522/1699 1766/1514/1691 1775/1525/1702
f 2129/1877/2042 2128/1878/2043 2130/1879/2044
f 2128/1878/2043 2129/1877/2042 2135/1880/2045
f 2128/1878/2043 2131/1881/725 2130/1879/2044
f 2131/1881/725 2128/1878/2043 2132/1882/2046
f 2132/1882/2046 2128/1878/2043 2133/1883/2047
f 2133/1883/2047 2128/1878/2043 2134/1884/2048
f 2134/1884/2048 2128/1878/2043 2135/1880/2045
f 2134/1884/2048 2135/1880/2045 2137/1885/2049
f 2135/1880/2045 2129/1877/2042 2136/1886/2050
f 2135/1880/2045 2136/1886/2050 2138/1887/2051
f 2137/1885/2049 2135/1880/2045 2138/1887/2051
f 2137/1885/2049 2138/1887/2051 2140/1888/2052
f 2138/1887/2051 2136/1886/2050 2139/1889/2053
f 2138/1887/2051 2139/1889/2053 2141/1890/2054
f 2140/1888/2052 2138/1887/2051 2141/1890/2054
f 2141/1890/2054 2139/1889/2053 2142/1891/2055
f 2139/1889/2053 2143/1892/2056 2142/1891/2055
f 2142/1891/2055 2143/1892/2056 2144/1893/2057
f 2144/1893/2057 2143/1892/2056 2145/1894/2058
f 2145/1894/2058 2143/1892/2056 2146/1895/2059
f 2145/1894/2058 2146/1895/2059 2148/1896/2060
f 2147/1897/2061 2145/1894/2058 2148/1896/2060
f 2149/1898/2062 2147/1897/2061 2148/1896/2060
f 2149/1898/2062 2148/1896/2060 2151/1899/2063
f 2148/1896/2060 2146/1895/2059 2150/1900/2064
f 2148/1896/2060 2150/1900/2064 2152/1901/2065
f 2151/1899/2063 2148/1896/2060 2152/1901/2065
f 2151/1899/2063 2152/1901/2065 2154/1902/2066
f 2152/1901/2065 2150/1900/2064 2153/1903/2067
f 2152/1901/2065 2153/1903/2067 2155/1904/2068
f 2154/1902/2066 2152/1901/2065 2155/1904/2068
f 2154/1902/2066 2155/1904/2068 2158/1905/2069
f 2155/1904/2068 2153/1903/2067 2157/1906/2070
f 2156/1907/2071 2155/1904/2068 2157/1906/2070
f 2155/1904/2068 2156/1907/2071 2158/1905/2069
f 2160/1908/2072 2159/1909/2073 2158/1905/2069
f 2159/1909/2073 2161/1910/2074 2158/1905/2069
f 2161/1910/2074 2154/1902/2066 2158/1905/2069
f 2158/1905/2069 2156/1907/2071 2162/1908/2072
f 2162/1908/2072 2156/1907/2071 2164/1911/2075
f 2163/1912/2076 2162/1908/2072 2164/1911/2075
f 2165/1913/2077 2163/1912/2076 2164/1911/2075
f 2164/1911/2075 2156/1907/2071 2168/1914/2078
f 2166/1913/2079 2164/1911/2075 2167/1915/2080
f 2167/1915/2080 2164/1911/2075 2168/1914/2078
f 2156/1907/2071 2157/1906/2070 2168/1914/2078
f 2157/1906/2070 2169/1916/2081 2168/1914/2078
f 2169/1916/2081 2170/1917/2082 2168/1914/2078
f 2168/1914/2078 2170/1917/2082 2172/1918/2083
f 2171/1915/2080 2168/1914/2078 2172/1918/2083
f 2173/1919/2084 2171/1915/2080 2172/1918/2083
f 2172/1918/2083 2170/1917/2082 2176/1920/2085
f 2174/1919/2086 2172/1918/2083 2175/1921/2087
f 2175/1921/2087 2172/1918/2083 2176/1920/2085
f 2176/1920/2085 2170/1917/2082 2177/1922/2088
f 2170/1917/2082 2178/1923/2089 2177/1922/2088
f 2178/1923/2089 2179/1924/2090 2177/1922/2088
f 2179/1924/2090 2180/1925/2091 2177/1922/2088
f 2177/1922/2088 2180/1925/2091 2182/1926/2092
f 2181/1920/2093 2177/1922/2088 2182/1926/2092
f 2183/1927/2094 2181/1920/2093 2182/1926/2092
f 2182/1926/2092 2180/1925/2091 2186/1928/2095
f 2184/1929/2096 2182/1926/2092 2185/1930/2097
f 2185/1930/2097 2182/1926/2092 2186/1928/2095
f 2186/1928/2095 2180/1925/2091 2187/1931/2098
f 2180/1925/2091 2179/1924/2090 2187/1931/2098
f 2179/1924/2090 2188/1932/2099 2187/1931/2098
f 2188/1932/2099 2189/1933/2100 2187/1931/2098
f 2189/1933/2100 2190/1934/2101 2187/1931/2098
f 2187/1931/2098 2190/1934/2101 2192/1935/2102
f 2191/1928/2103 2187/1931/2098 2192/1935/2102
f 2193/1936/2104 2191/1928/2103 2192/1935/2102
f 2194/1930/2105 2191/1928/2103 2193/1936/2104
f 2189/1933/2100 2195/1937/2106 2190/1934/2101
f 2190/1934/2101 2195/1937/2106 2198/1938/2107
f 2196/1935/2108 2190/1934/2101 2197/1939/2109
f 2197/1939/2109 2190/1934/2101 2198/1938/2107
f 2195/1937/2106 2199/1940/2110 2198/1938/2107
f 2199/1940/2110 2200/1941/2111 2198/1938/2107
f 2198/1938/2107 2200/1941/2111 2201/1939/2112
f 2201/1939/2112 2200/1941/2111 2203/1942/2113
f 2202/1943/2114 2201/1939/2112 2203/1942/2113
f 2204/1944/2115 2202/1943/2114 2203/1942/2113
f 2203/1942/2113 2200/1941/2111 2207/1945/2116
f 2205/1946/2115 2203/1942/2113 2206/1947/2117
f 2206/1947/2117 2203/1942/2113 2207/1945/2116
f 2200/1941/2111 2208/1948/2118 2207/1945/2116
f 2207/1945/2116 2208/1948/2118 2211/1949/2119
f 2209/1947/2120 2207/1945/2116 2210/1950/2121
f 2210/1950/2121 2207/1945/2116 2211/1949/2119
f 2208/1948/2118 2212/1951/2122 2211/1949/2119
f 2211/1949/2119 2212/1951/2122 2215/1952/2123
f 2213/1950/2124 2211/1949/2119 2214/1953/2125
f 2214/1953/2125 2211/1949/2119 2215/1952/2123
f 2212/1951/2122 2216/1954/2126 2215/1952/2123
f 2215/1952/2123 2216/1954/2126 2219/1955/2127
f 2217/1953/2128 2215/1952/2123 2218/1956/2129
f 2218/1956/2129 2215/1952/2123 2219/1955/2127
f 2219/1955/2127 2216/1954/2126 2220/1957/2130
f 2216/1954/2126 2221/1958/2131 2220/1957/2130
f 2220/1957/2130 2221/1958/2131 2222/1959/2132
f 2221/1958/2131 2223/1960/2133 2222/1959/2132
f 2222/1959/2132 2223/1960/2133 2224/1961/2134
f 2223/1960/2133 2225/1962/2135 2224/1961/2134
f 2224/1961/2134 2225/1962/2135 2226/1963/2136
f 2226/1963/2136 2225/1962/2135 2227/1964/2137
f 2225/1962/2135 2228/1965/2138 2227/1964/2137
f 2228/1965/2138 2229/1966/2139 2227/1964/2137
f 2227/1964/2137 2229/1966/2139 2230/1967/2140
f 2229/1966/2139 2231/1968/2141 2230/1967/2140
f 2230/1967/2140 2231/1968/2141 2232/1969/2142
f 2232/1969/2142 2231/1968/2141 2233/1970/2143
f 2231/1968/2141 2234/1971/2144 2233/1970/2143
f 2233/1970/2143 2234/1971/2144 2235/1972/2145
f 2234/1971/2144 2236/1973/2146 2235/1972/2145
f 2235/1972/2145 2236/1973/2146 2237/1974/2147
f 2236/1973/2146 2238/1975/1850 2237/1974/2147
f 2237/1974/2147 2238/1975/1850 2239/1976/2148
f 2238/1975/1850 2240/1977/2149 2239/1976/2148
f 2239/1976/2148 2240/1977/2149 2241/1978/2150
f 2240/1977/2149 2242/1979/2151 2241/1978/2150
f 2241/1978/2150 2242/1979/2151 2243/1980/2152
f 2242/1979/2151 2244/1981/2153 2243/1980/2152
f 2244/1981/2153 2245/1982/2154 2243/1980/2152
f 2243/1980/2152 2245/1982/2154 2246/1983/2155
f 2246/1983/2155 2245/1982/2154 2247/1984/2156
f 2247/1984/2156 2245/1982/2154 2248/1985/2157
f 2245/1982/2154 2249/1986/2158 2248/1985/2157
f 2248/1985/2157 2249/1986/2158 2250/1987/2159
f 2249/1986/2158 2251/1988/2160 2250/1987/2159
f 2250/1987/2159 2251/1988/2160 2252/1989/2161
f 2251/1988/2160 2253/1990/2162 2252/1989/2161
f 2252/1989/2161 2253/1990/2162 2254/1991/2163
f 2253/1990/2162 2255/1992/2164 2254/1991/2163
f 2254/1991/2163 2255/1992/2164 2256/1993/2165
f 2255/1992/2164 2257/1994/2166 2256/1993/2165
f 2256/1993/2165 2257/1994/2166 2258/1995/2167
f 2257/1994/2166 2259/1996/2168 2258/1995/2167
f 2258/1995/2167 2259/1996/2168 2260/1997/2169
f 2259/1996/2168 2261/1998/2170 2260/1997/2169
f 2260/1997/2169 2261/1998/2170 2262/1999/2171
f 2262/1999/2171 2261/1998/2170 2263/2000/2172
f 2261/1998/2170 2264/2001/2173 2263/2000/2172
f 2263/2000/2172 2264/2001/2173 2265/2002/2174
f 2264/2001/2173 2266/2003/2175 2265/2002/2174
f 2266/2003/2175 2267/2004/2176 2265/2002/2174
f 2265/2002/2174 2267/2004/2176 2268/2005/2177
f 2267/2004/2176 2269/2006/2178 2268/2005/2177
f 2268/2005/2177 2269/2006/2178 2270/2007/2179
f 2269/2006/2178 2271/2008/2180 2270/2007/2179
f 2270/2007/2179 2271/2008/2180 2272/2009/2181
f 2271/2008/2180 2273/2010/2182 2272/2009/2181
f 2272/2009/2181 2273/2010/2182 2274/2011/2183
f 2273/2010/2182 2275/2012/2184 2274/2011/2183
f 2274/2011/2183 2275/2012/2184 2276/2013/2185
f 2275/2012/2184 2277/2014/2186 2276/2013/2185
f 2276/2013/2185 2277/2014/2186 2278/2015/2187
f 2278/2015/2187 2277/2014/2186 2279/2016/2188
f 2277/2014/2186 2280/2017/2189 2279/2016/2188
f 2279/2016/2188 2280/2017/2189 2281/2018/2190
f 2280/2017/2189 2282/2019/2191 2281/2018/2190
f 2282/2019/2191 2283/2020/2192 2281/2018/2190
f 2281/2018/2190 2283/2020/2192 2284/2021/2193
f 2283/2020/2192 2285/2022/2194 2284/2021/2193
f 2284/2021/2193 2285/2022/2194 2286/2023/2194
f 2286/2023/2194 2285/2022/2194 2287/2024/2195
f 2285/2022/2194 2288/2025/2196 2287/2024/2195
f 2287/2024/2195 2288/2025/2196 2289/2026/2197
f 2288/2025/2196 2290/2027/2198 2289/2026/2197
f 2289/2026/2197 2290/2027/2198 2291/2028/2199
f 2290/2027/2198 2292/2029/2200 2291/2028/2199
f 2291/2028/2199 2292/2029/2200 2293/2030/2201
f 2292/2029/2200 2294/2031/2199 2293/2030/2201
f 2293/2030/2201 2294/2031/2199 2295/2032/2202
f 2294/2031/2199 2296/2033/2203 2295/2032/2202
f 2295/2032/2202 2296/2033/2203 2297/2034/2204
f 2296/2033/2203 2298/2035/2205 2297/2034/2204
f 2297/2034/2204 2298/2035/2205 2299/2036/2206
f 2298/2035/2205 2300/2037/2207 2299/2036/2206
f 2299/2036/2206 2300/2037/2207 2301/2038/2208
f 2300/2037/2207 2302/2039/2209 2301/2038/2208
f 2302/2039/2209 2303/2040/2210 2301/2038/2208
f 2301/2038/2208 2303/2040/2210 2304/2041/2211
f 2304/2041/2211 2303/2040/2210 2306/2042/2155
f 2305/2043/2156 2304/2041/2211 2306/2042/2155
f 2306/2042/2155 2303/2040/2210 2307/2044/2212
f 2303/2040/2210 2308/2045/2213 2307/2044/2212
f 2307/2044/2212 2308/2045/2213 2309/2046/2150
f 2308/2045/2213 2310/2047/2214 2309/2046/2150
f 2309/2046/2150 2310/2047/2214 2311/2048/2215
f 2310/2047/2214 2312/2049/2216 2311/2048/2215
f 2311/2048/2215 2312/2049/2216 2313/2050/2217
f 2312/2049/2216 2314/2051/2218 2313/2050/2217
f 2313/2050/2217 2314/2051/2218 2315/2052/2219
f 2314/2051/2218 2316/2053/2220 2315/2052/2219
f 2315/2052/2219 2316/2053/2220 2317/2054/2143
f 2316/2053/2220 2318/2055/2221 2317/2054/2143
f 2317/2054/2143 2318/2055/2221 2319/2056/2222
f 2318/2055/2221 2320/2057/2223 2319/2056/2222
f 2320/2057/2223 2321/2058/2224 2319/2056/2222
f 2319/2056/2222 2321/2058/2224 2322/2059/2140
f 2321/2058/2224 2323/2060/2225 2322/2059/2140
f 2322/2059/2140 2323/2060/2225 2324/2061/2226
f 2323/2060/2225 2325/2062/2227 2324/2061/2226
f 2324/2061/2226 2325/2062/2227 2326/2063/2228
f 2326/2063/2228 2325/2062/2227 2327/2064/2229
f 2325/2062/2227 2328/2065/2230 2327/2064/2229
f 2328/2065/2230 2329/2066/2231 2327/2064/2229
f 2327/2064/2229 2329/2066/2231 2330/2067/2132
f 2330/2067/2132 2329/2066/2231 2331/2068/2232
f 2329/2066/2231 2332/2069/2233 2331/2068/2232
f 2331/2068/2232 2332/2069/2233 2333/2070/2234
f 2333/2070/2234 2332/2069/2233 2335/2071/2235
f 2334/2072/2236 2333/2070/2234 2335/2071/2235
f 2336/2073/2237 2334/2072/2236 2335/2071/2235
f 2332/2069/2233 2337/2074/2238 2335/2071/2235
f 2335/2071/2235 2337/2074/2238 2339/2075/2239
f 2338/2073/2237 2335/2071/2235 2339/2075/2239
f 2340/2076/2240 2338/2073/2237 2339/2075/2239
f 2339/2075/2239 2337/2074/2238 2342/2077/2241
f 2341/2076/2242 2339/2075/2239 2342/2077/2241
f 2343/2078/2243 2341/2076/2242 2342/2077/2241
f 2337/2074/2238 2344/2079/2244 2342/2077/2241
f 2342/2077/2241 2344/2079/2244 2347/2080/2245
f 2345/2078/2246 2342/2077/2241 2346/2081/2247
f 2346/2081/2247 2342/2077/2241 2347/2080/2245
f 2344/2079/2244 2348/2082/2248 2347/2080/2245
f 2347/2080/2245 2348/2082/2248 2351/2083/2249
f 2349/2081/2247 2347/2080/2245 2350/2084/2250
f 2350/2084/2250 2347/2080/2245 2351/2083/2249
f 2348/2082/2248 2352/2085/2251 2351/2083/2249
f 2351/2083/2249 2352/2085/2251 2355/2086/2252
f 2353/2084/2253 2351/2083/2249 2354/2087/2254
f 2354/2087/2254 2351/2083/2249 2355/2086/2252
f 2352/2085/2251 2356/2088/2255 2355/2086/2252
f 2356/2088/2255 2357/2089/2256 2355/2086/2252
f 2355/2086/2252 2357/2089/2256 2358/2087/2254
f 2357/2089/2256 2359/2090/2257 2358/2087/2254
f 2358/2087/2254 2359/2090/2257 2360/2091/2258
f 2360/2091/2258 2359/2090/2257 2361/2092/2259
f 2361/2092/2259 2359/2090/2257 2363/1909/2260
f 2362/2093/2261 2361/2092/2259 2363/1909/2260
f 2363/1909/2260 2359/2090/2257 2161/1910/2074
f 2359/2090/2257 2357/2089/2256 2161/1910/2074
f 2356/2088/2255 2364/2094/2262 2357/2089/2256
f 2357/2089/2256 2364/2094/2262 2154/1902/2066
f 2357/2089/2256 2154/1902/2066 2161/1910/2074
f 2364/2094/2262 2365/2095/2263 2366/2096/2264
f 2365/2095/2263 2364/2094/2262 2356/2088/2255
f 2364/2094/2262 2366/2096/2264 2154/1902/2066
f 2365/2095/2263 2367/2097/2265 2366/2096/2264
f 2367/2097/2265 2149/1898/2062 2366/2096/2264
f 2366/2096/2264 2149/1898/2062 2151/1899/2063
f 2366/2096/2264 2151/1899/2063 2154/1902/2066
f 2369/2098/2266 2368/2099/2267 2367/2097/2265
f 2368/2099/2267 2370/2100/2268 2367/2097/2265
f 2369/2098/2266 2367/2097/2265 2365/2095/2263
f 2367/2097/2265 2370/2100/2268 2149/1898/2062
f 2370/2100/2268 2147/1897/2061 2149/1898/2062
f 2372/2101/2269 2371/2102/2270 2369/2098/2266
f 2371/2102/2270 2368/2099/2267 2369/2098/2266
f 2372/2101/2269 2369/2098/2266 2373/2103/2271
f 2373/2103/2271 2369/2098/2266 2365/2095/2263
f 2374/2104/2272 2372/2101/2269 2373/2103/2271
f 2374/2104/2272 2373/2103/2271 2356/2088/2255
f 2373/2103/2271 2365/2095/2263 2356/2088/2255
f 2376/2105/2273 2375/2106/2274 2374/2104/2272
f 2375/2106/2274 2372/2101/2269 2374/2104/2272
f 2376/2105/2273 2374/2104/2272 2352/2085/2251
f 2352/2085/2251 2374/2104/2272 2356/2088/2255
f 2378/2107/2275 2377/2108/2276 2376/2105/2273
f 2377/2108/2276 2379/2109/2277 2376/2105/2273
f 2378/2107/2275 2376/2105/2273 2348/2082/2248
f 2379/2109/2277 2375/2106/2274 2376/2105/2273
f 2348/2082/2248 2376/2105/2273 2352/2085/2251
f 2377/2108/2276 2380/2110/2278 2379/2109/2277
f 2380/2110/2278 2381/2111/2279 2379/2109/2277
f 2381/2111/2279 2382/2112/2280 2379/2109/2277
f 2379/2109/2277 2382/2112/2280 2375/2106/2274
f 2382/2112/2280 2383/2113/2281 2375/2106/2274
f 2375/2106/2274 2383/2113/2281 2372/2101/2269
f 2383/2113/2281 2384/2114/2282 2372/2101/2269
f 2384/2114/2282 2371/2102/2270 2372/2101/2269
f 2381/2111/2279 2380/2110/2278 2385/2115/2283
f 2380/2110/2278 2386/2116/2284 2385/2115/2283
f 2385/2115/2283 2386/2116/2284 2387/2117/2285
f 2386/2116/2284 2388/2118/2286 2387/2117/2285
f 2388/2118/2286 2389/2119/2287 2387/2117/2285
f 2387/2117/2285 2389/2119/2287 2390/2120/2288
f 2389/2119/2287 2391/2121/2289 2390/2120/2288
f 2390/2120/2288 2391/2121/2289 2392/2122/2290
f 2391/2121/2289 2393/2123/2291 2392/2122/2290
f 2392/2122/2290 2393/2123/2291 2394/2124/2292
f 2393/2123/2291 2395/2125/2293 2394/2124/2292
f 2394/2124/2292 2395/2125/2293 2396/2126/2294
f 2395/2125/2293 2397/2127/2295 2396/2126/2294
f 2397/2127/2295 2398/2128/2296 2396/2126/2294
f 2396/2126/2294 2398/2128/2296 2399/2129/2297
f 2398/2128/2296 2400/2130/2298 2399/2129/2297
f 2399/2129/2297 2400/2130/2298 2401/2131/2299
f 2400/2130/2298 2402/2132/2300 2401/2131/2299
f 2401/2131/2299 2402/2132/2300 2403/2133/2301
f 2402/2132/2300 2404/2134/2302 2403/2133/2301
f 2403/2133/2301 2404/2134/2302 2405/2135/2303
f 2404/2134/2302 2406/2136/2049 2405/2135/2303
f 2406/2136/2049 2137/1885/2049 2405/2135/2303
f 2405/2135/2303 2137/1885/2049 2140/1888/2052
f 2404/2134/2302 2407/2137/2304 2406/2136/2049
f 2407/2137/2304 2133/1883/2047 2406/2136/2049
f 2406/2136/2049 2133/1883/2047 2137/1885/2049
f 2408/2138/2305 2133/1883/2047 2407/2137/2304
f 2408/2138/2305 2407/2137/2304 2410/2139/2306
f 2409/2140/2307 2407/2137/2304 2404/2134/2302
f 2407/2137/2304 2409/2140/2307 2411/2141/2308
f 2410/2139/2306 2407/2137/2304 2411/2141/2308
f 2410/2139/2306 2411/2141/2308 2414/2142/2309
f 2409/2140/2307 2412/2143/2310 2411/2141/2308
f 2411/2141/2308 2412/2143/2310 2413/2144/2311
f 2411/2141/2308 2413/2144/2311 2415/2145/2312
f 2414/2142/2309 2411/2141/2308 2415/2145/2312
f 2414/2142/2309 2415/2145/2312 2417/2146/2313
f 2415/2145/2312 2413/2144/2311 2416/2147/2314
f 2415/2145/2312 2416/2147/2314 2418/2148/2315
f 2417/2146/2313 2415/2145/2312 2418/2148/2315
f 2417/2146/2313 2418/2148/2315 2282/2019/2191
f 2418/2148/2315 2416/2147/2314 2419/2149/2316
f 2418/2148/2315 2419/2149/2316 2283/2020/2192
f 2282/2019/2191 2418/2148/2315 2283/2020/2192
f 2419/2149/2316 2416/2147/2314 2420/2150/2317
f 2419/2149/2316 2420/2150/2317 2288/2025/2196
f 2283/2020/2192 2419/2149/2316 2285/2022/2194
f 2285/2022/2194 2419/2149/2316 2288/2025/2196
f 2416/2147/2314 2421/2151/2318 2420/2150/2317
f 2420/2150/2317 2421/2151/2318 2422/2152/2319
f 2420/2150/2317 2422/2152/2319 2290/2027/2198
f 2288/2025/2196 2420/2150/2317 2290/2027/2198
f 2421/2151/2318 2423/2153/2320 2422/2152/2319
f 2422/2152/2319 2423/2153/2320 2424/2154/2321
f 2422/2152/2319 2424/2154/2321 2292/2029/2200
f 2290/2027/2198 2422/2152/2319 2292/2029/2200
f 2423/2153/2320 2425/2155/2322 2424/2154/2321
f 2424/2154/2321 2425/2155/2322 2426/2156/2323
f 2424/2154/2321 2426/2156/2323 2294/2031/2199
f 2292/2029/2200 2424/2154/2321 2294/2031/2199
f 2425/2155/2322 2427/2157/2324 2426/2156/2323
f 2426/2156/2323 2427/2157/2324 2428/2158/2325
f 2426/2156/2323 2428/2158/2325 2296/2033/2203
f 2294/2031/2199 2426/2156/2323 2296/2033/2203
f 2427/2157/2324 2429/2159/2326 2428/2158/2325
f 2429/2159/2326 2430/2160/2327 2428/2158/2325
f 2428/2158/2325 2430/2160/2327 2431/2161/2328
f 2428/2158/2325 2431/2161/2328 2298/2035/2205
f 2296/2033/2203 2428/2158/2325 2298/2035/2205
f 2430/2160/2327 2432/2162/2329 2431/2161/2328
f 2431/2161/2328 2432/2162/2329 2433/2163/2330
f 2431/2161/2328 2433/2163/2330 2298/2035/2205
f 2433/2163/2330 2432/2162/2329 2435/2164/2331
f 2434/2165/2332 2433/2163/2330 2435/2164/2331
f 2433/2163/2330 2434/2165/2332 2300/2037/2207
f 2298/2035/2205 2433/2163/2330 2300/2037/2207
f 2434/2165/2332 2435/2164/2331 2310/2047/2214
f 2435/2164/2331 2432/2162/2329 2436/2166/2333
f 2435/2164/2331 2436/2166/2333 2312/2049/2216
f 2310/2047/2214 2435/2164/2331 2312/2049/2216
f 2432/2162/2329 2437/2167/2334 2436/2166/2333
f 2437/2167/2334 2438/2168/2335 2436/2166/2333
f 2436/2166/2333 2438/2168/2335 2439/2169/2336
f 2436/2166/2333 2439/2169/2336 2314/2051/2218
f 2312/2049/2216 2436/2166/2333 2314/2051/2218
f 2439/2169/2336 2438/2168/2335 2440/2170/2337
f 2439/2169/2336 2440/2170/2337 2316/2053/2220
f 2314/2051/2218 2439/2169/2336 2316/2053/2220
f 2438/2168/2335 2441/2171/2338 2440/2170/2337
f 2440/2170/2337 2441/2171/2338 2442/2172/2339
f 2440/2170/2337 2442/2172/2339 2318/2055/2221
f 2316/2053/2220 2440/2170/2337 2318/2055/2221
f 2441/2171/2338 2443/2173/2340 2442/2172/2339
f 2442/2172/2339 2443/2173/2340 2444/2174/2341
f 2442/2172/2339 2444/2174/2341 2320/2057/2223
f 2318/2055/2221 2442/2172/2339 2320/2057/2223
f 2443/2173/2340 2445/2175/2342 2444/2174/2341
f 2444/2174/2341 2445/2175/2342 2446/2176/2343
f 2444/2174/2341 2446/2176/2343 2320/2057/2223
f 2445/2175/2342 2447/2177/2344 2446/2176/2343
f 2447/2177/2344 2448/2178/2345 2446/2176/2343
f 2446/2176/2343 2448/2178/2345 2449/2179/2346
f 2446/2176/2343 2449/2179/2346 2321/2058/2224
f 2320/2057/2223 2446/2176/2343 2321/2058/2224
f 2448/2178/2345 2450/2180/2347 2449/2179/2346
f 2449/2179/2346 2450/2180/2347 2451/2181/2348
f 2449/2179/2346 2451/2181/2348 2323/2060/2225
f 2321/2058/2224 2449/2179/2346 2323/2060/2225
f 2451/2181/2348 2450/2180/2347 2452/2182/2349
f 2451/2181/2348 2452/2182/2349 2328/2065/2230
f 2323/2060/2225 2451/2181/2348 2325/2062/2227
f 2325/2062/2227 2451/2181/2348 2328/2065/2230
f 2450/2180/2347 2453/2183/2350 2452/2182/2349
f 2452/2182/2349 2453/2183/2350 2378/2107/2275
f 2454/2184/2351 2452/2182/2349 2378/2107/2275
f 2452/2182/2349 2454/2184/2351 2328/2065/2230
f 2454/2184/2351 2378/2107/2275 2344/2079/2244
f 2328/2065/2230 2454/2184/2351 2329/2066/2231
f 2329/2066/2231 2454/2184/2351 2337/2074/2238
f 2337/2074/2238 2454/2184/2351 2344/2079/2244
f 2450/2180/2347 2455/2185/2352 2453/2183/2350
f 2453/2183/2350 2455/2185/2352 2377/2108/2276
f 2453/2183/2350 2377/2108/2276 2378/2107/2275
f 2456/2186/2353 2386/2116/2284 2455/2185/2352
f 2455/2185/2352 2386/2116/2284 2380/2110/2278
f 2456/2186/2353 2455/2185/2352 2450/2180/2347
f 2455/2185/2352 2380/2110/2278 2377/2108/2276
f 2457/2187/2354 2388/2118/2286 2456/2186/2353
f 2388/2118/2286 2386/2116/2284 2456/2186/2353
f 2457/2187/2354 2456/2186/2353 2447/2177/2344
f 2447/2177/2344 2456/2186/2353 2448/2178/2345
f 2448/2178/2345 2456/2186/2353 2450/2180/2347
f 2458/2188/2355 2388/2118/2286 2457/2187/2354
f 2458/2188/2355 2457/2187/2354 2447/2177/2344
f 2459/2189/2356 2389/2119/2287 2458/2188/2355
f 2389/2119/2287 2388/2118/2286 2458/2188/2355
f 2459/2189/2356 2458/2188/2355 2445/2175/2342
f 2445/2175/2342 2458/2188/2355 2447/2177/2344
f 2460/2190/2357 2391/2121/2289 2459/2189/2356
f 2391/2121/2289 2389/2119/2287 2459/2189/2356
f 2460/2190/2357 2459/2189/2356 2441/2171/2338
f 2441/2171/2338 2459/2189/2356 2443/2173/2340
f 2443/2173/2340 2459/2189/2356 2445/2175/2342
f 2461/2191/2358 2393/2123/2291 2460/2190/2357
f 2393/2123/2291 2391/2121/2289 2460/2190/2357
f 2461/2191/2358 2460/2190/2357 2438/2168/2335
f 2438/2168/2335 2460/2190/2357 2441/2171/2338
f 2463/2192/2359 2462/2193/2360 2461/2191/2358
f 2462/2193/2360 2393/2123/2291 2461/2191/2358
f 2463/2192/2359 2461/2191/2358 2437/2167/2334
f 2437/2167/2334 2461/2191/2358 2438/2168/2335
f 2464/2194/2361 2462/2193/2360 2463/2192/2359
f 2464/2194/2361 2463/2192/2359 2430/2160/2327
f 2430/2160/2327 2463/2192/2359 2432/2162/2329
f 2432/2162/2329 2463/2192/2359 2437/2167/2334
f 2466/2195/2362 2465/2196/2363 2464/2194/2361
f 2465/2196/2363 2462/2193/2360 2464/2194/2361
f 2466/2195/2362 2464/2194/2361 2429/2159/2326
f 2429/2159/2326 2464/2194/2361 2430/2160/2327
f 2468/2197/2364 2467/2198/2365 2466/2195/2362
f 2467/2198/2365 2465/2196/2363 2466/2195/2362
f 2468/2197/2364 2466/2195/2362 2427/2157/2324
f 2427/2157/2324 2466/2195/2362 2429/2159/2326
f 2470/2199/2366 2469/2200/2367 2468/2197/2364
f 2469/2200/2367 2467/2198/2365 2468/2197/2364
f 2470/2199/2366 2468/2197/2364 2425/2155/2322
f 2425/2155/2322 2468/2197/2364 2427/2157/2324
f 2472/2201/2368 2471/2202/2369 2470/2199/2366
f 2471/2202/2369 2469/2200/2367 2470/2199/2366
f 2472/2201/2368 2470/2199/2366 2423/2153/2320
f 2423/2153/2320 2470/2199/2366 2425/2155/2322
f 2413/2144/2311 2412/2143/2310 2472/2201/2368
f 2412/2143/2310 2471/2202/2369 2472/2201/2368
f 2413/2144/2311 2472/2201/2368 2421/2151/2318
f 2421/2151/2318 2472/2201/2368 2423/2153/2320
f 2469/2200/2367 2471/2202/2369 2400/2130/2298
f 2400/2130/2298 2471/2202/2369 2402/2132/2300
f 2471/2202/2369 2412/2143/2310 2402/2132/2300
f 2467/2198/2365 2469/2200/2367 2398/2128/2296
f 2398/2128/2296 2469/2200/2367 2400/2130/2298
f 2465/2196/2363 2467/2198/2365 2397/2127/2295
f 2397/2127/2295 2467/2198/2365 2398/2128/2296
f 2462/2193/2360 2465/2196/2363 2395/2125/2293
f 2395/2125/2293 2465/2196/2363 2397/2127/2295
f 2393/2123/2291 2462/2193/2360 2395/2125/2293
f 2300/2037/2207 2434/2165/2332 2302/2039/2209
f 2302/2039/2209 2434/2165/2332 2308/2045/2213
f 2308/2045/2213 2434/2165/2332 2310/2047/2214
f 2416/2147/2314 2413/2144/2311 2421/2151/2318
f 2474/2203/2370 2473/2204/2371 2417/2146/2313
f 2473/2204/2371 2414/2142/2309 2417/2146/2313
f 2474/2203/2370 2417/2146/2313 2280/2017/2189
f 2280/2017/2189 2417/2146/2313 2282/2019/2191
f 2476/2205/2372 2475/2206/2373 2474/2203/2370
f 2475/2206/2373 2473/2204/2371 2474/2203/2370
f 2476/2205/2372 2474/2203/2370 2280/2017/2189
f 2478/2207/2374 2477/2208/2375 2476/2205/2372
f 2477/2208/2375 2475/2206/2373 2476/2205/2372
f 2478/2207/2374 2476/2205/2372 2277/2014/2186
f 2277/2014/2186 2476/2205/2372 2280/2017/2189
f 2480/2209/2376 2479/2210/2377 2478/2207/2374
f 2479/2210/2377 2477/2208/2375 2478/2207/2374
f 2480/2209/2376 2478/2207/2374 2275/2012/2184
f 2275/2012/2184 2478/2207/2374 2277/2014/2186
f 2482/2211/2378 2481/2212/2379 2480/2209/2376
f 2481/2212/2379 2479/2210/2377 2480/2209/2376
f 2482/2211/2378 2480/2209/2376 2273/2010/2182
f 2273/2010/2182 2480/2209/2376 2275/2012/2184
f 2484/2213/2380 2483/2214/2381 2482/2211/2378
f 2483/2214/2381 2481/2212/2379 2482/2211/2378
f 2484/2213/2380 2482/2211/2378 2271/2008/2180
f 2271/2008/2180 2482/2211/2378 2273/2010/2182
f 2485/2215/2382 2483/2214/2381 2484/2213/2380
f 2485/2215/2382 2484/2213/2380 2267/2004/2176
f 2267/2004/2176 2484/2213/2380 2269/2006/2178
f 2269/2006/2178 2484/2213/2380 2271/2008/2180
f 2487/2216/2383 2486/2217/2384 2485/2215/2382
f 2486/2217/2384 2483/2214/2381 2485/2215/2382
f 2487/2216/2383 2485/2215/2382 2266/2003/2175
f 2266/2003/2175 2485/2215/2382 2267/2004/2176
f 2489/2218/2385 2488/2219/2386 2487/2216/2383
f 2488/2219/2386 2490/2220/2387 2487/2216/2383
f 2489/2218/2385 2487/2216/2383 2266/2003/2175
f 2490/2220/2387 2486/2217/2384 2487/2216/2383
f 2488/2219/2386 2491/2221/2388 2490/2220/2387
f 2491/2221/2388 2492/2222/2389 2490/2220/2387
f 2490/2220/2387 2492/2222/2389 2486/2217/2384
f 2491/2221/2388 2493/2223/2390 2492/2222/2389
f 2493/2223/2390 2494/2224/2391 2492/2222/2389
f 2492/2222/2389 2494/2224/2391 2495/2225/2392
f 2492/2222/2389 2495/2225/2392 2486/2217/2384
f 2494/2224/2391 2496/2226/2393 2495/2225/2392
f 2495/2225/2392 2496/2226/2393 2497/2227/2394
f 2495/2225/2392 2497/2227/2394 2486/2217/2384
f 2496/2226/2393 2498/2228/2395 2497/2227/2394
f 2497/2227/2394 2498/2228/2395 2499/2229/2396
f 2497/2227/2394 2499/2229/2396 2483/2214/2381
f 2486/2217/2384 2497/2227/2394 2483/2214/2381
f 2499/2229/2396 2498/2228/2395 2500/2230/2397
f 2499/2229/2396 2500/2230/2397 2479/2210/2377
f 2483/2214/2381 2499/2229/2396 2481/2212/2379
f 2481/2212/2379 2499/2229/2396 2479/2210/2377
f 2498/2228/2395 2501/2231/2398 2500/2230/2397
f 2500/2230/2397 2501/2231/2398 2502/2232/2399
f 2500/2230/2397 2502/2232/2399 2477/2208/2375
f 2479/2210/2377 2500/2230/2397 2477/2208/2375
f 2501/2231/2398 2503/2233/2400 2502/2232/2399
f 2502/2232/2399 2503/2233/2400 2504/2234/2401
f 2502/2232/2399 2504/2234/2401 2475/2206/2373
f 2477/2208/2375 2502/2232/2399 2475/2206/2373
f 2503/2233/2400 2505/2235/2402 2504/2234/2401
f 2504/2234/2401 2505/2235/2402 2506/2236/2403
f 2504/2234/2401 2506/2236/2403 2473/2204/2371
f 2475/2206/2373 2504/2234/2401 2473/2204/2371
f 2505/2235/2402 2408/2138/2305 2506/2236/2403
f 2506/2236/2403 2408/2138/2305 2410/2139/2306
f 2506/2236/2403 2410/2139/2306 2473/2204/2371
f 2503/2233/2400 2507/2237/2404 2505/2235/2402
f 2507/2237/2404 2132/1882/2046 2505/2235/2402
f 2505/2235/2402 2132/1882/2046 2408/2138/2305
f 2509/2238/2405 2508/2239/2406 2507/2237/2404
f 2508/2239/2406 2131/1881/725 2507/2237/2404
f 2509/2238/2405 2507/2237/2404 2503/2233/2400
f 2507/2237/2404 2131/1881/725 2132/1882/2046
f 2511/2240/2407 2510/2241/2408 2509/2238/2405
f 2510/2241/2408 2508/2239/2406 2509/2238/2405
f 2511/2240/2407 2509/2238/2405 2498/2228/2395
f 2498/2228/2395 2509/2238/2405 2501/2231/2398
f 2501/2231/2398 2509/2238/2405 2503/2233/2400
f 2512/2242/2409 2510/2241/2408 2511/2240/2407
f 2512/2242/2409 2511/2240/2407 2496/2226/2393
f 2496/2226/2393 2511/2240/2407 2498/2228/2395
f 2514/2243/2410 2513/2244/2411 2512/2242/2409
f 2513/2244/2411 2510/2241/2408 2512/2242/2409
f 2514/2243/2410 2512/2242/2409 2494/2224/2391
f 2494/2224/2391 2512/2242/2409 2496/2226/2393
f 2513/2244/2411 2514/2243/2410 2515/2245/2412
f 2515/2245/2412 2514/2243/2410 2516/2246/2413
f 2516/2246/2413 2514/2243/2410 2493/2223/2390
f 2493/2223/2390 2514/2243/2410 2494/2224/2391
f 2515/2245/2412 2516/2246/2413 2518/2247/2414
f 2517/2248/2415 2516/2246/2413 2493/2223/2390
f 2516/2246/2413 2517/2248/2415 2519/2249/2416
f 2518/2247/2414 2516/2246/2413 2519/2249/2416
f 2518/2247/2414 2519/2249/2416 2521/2250/2417
f 2519/2249/2416 2517/2248/2415 2520/2251/2418
f 2519/2249/2416 2520/2251/2418 2522/2252/2419
f 2521/2250/2417 2519/2249/2416 2522/2252/2419
f 2522/2252/2419 2520/2251/2418 2523/2253/2420
f 2520/2251/2418 2524/2254/2421 2523/2253/2420
f 2524/2254/2421 2525/2255/2422 2523/2253/2420
f 2523/2253/2420 2525/2255/2422 2526/2256/2423
f 2526/2256/2423 2525/2255/2422 2527/2257/2424
f 2525/2255/2422 2528/2258/2425 2527/2257/2424
f 2527/2257/2424 2528/2258/2425 2529/2259/2426
f 2528/2258/2425 2530/2260/2427 2529/2259/2426
f 2529/2259/2426 2530/2260/2427 2531/2261/2428
f 2530/2260/2427 2532/2262/2429 2531/2261/2428
f 2531/2261/2428 2532/2262/2429 2533/2263/2430
f 2532/2262/2429 2534/2264/2431 2533/2263/2430
f 2534/2264/2431 2535/2265/2432 2533/2263/2430
f 2533/2263/2430 2535/2265/2432 2536/2266/2433
f 2536/2266/2433 2535/2265/2432 2537/2267/2434
f 2535/2265/2432 2538/2268/2435 2537/2267/2434
f 2537/2267/2434 2538/2268/2435 2539/2269/2436
f 2539/2269/2436 2538/2268/2435 2540/2270/2437
f 2539/2269/2436 2540/2270/2437 2542/2271/2438
f 2541/2272/2439 2539/2269/2436 2542/2271/2438
f 2543/2273/2440 2541/2272/2439 2542/2271/2438
f 2543/2273/2440 2542/2271/2438 2546/2274/2441
f 2540/2270/2437 2544/2275/2442 2542/2271/2438
f 2542/2271/2438 2544/2275/2442 2545/2276/2443
f 2542/2271/2438 2545/2276/2443 2546/2274/2441
f 2547/2277/2444 2543/2273/2440 2546/2274/2441
f 2547/2277/2444 2546/2274/2441 2189/1933/2100
f 2546/2274/2441 2545/2276/2443 2195/1937/2106
f 2546/2274/2441 2195/1937/2106 2189/1933/2100
f 2549/2278/2445 2548/2279/2446 2547/2277/2444
f 2548/2279/2446 2543/2273/2440 2547/2277/2444
f 2549/2278/2445 2547/2277/2444 2189/1933/2100
f 2551/2280/2447 2550/2281/2448 2549/2278/2445
f 2550/2281/2448 2548/2279/2446 2549/2278/2445
f 2551/2280/2447 2549/2278/2445 2188/1932/2099
f 2188/1932/2099 2549/2278/2445 2189/1933/2100
f 2553/2282/2449 2552/2283/2450 2551/2280/2447
f 2552/2283/2450 2550/2281/2448 2551/2280/2447
f 2553/2282/2449 2551/2280/2447 2179/1924/2090
f 2179/1924/2090 2551/2280/2447 2188/1932/2099
f 2555/2284/2451 2554/2285/2452 2553/2282/2449
f 2554/2285/2452 2552/2283/2450 2553/2282/2449
f 2555/2284/2451 2553/2282/2449 2179/1924/2090
f 2557/2286/2453 2556/2287/2454 2555/2284/2451
f 2556/2287/2454 2554/2285/2452 2555/2284/2451
f 2557/2286/2453 2555/2284/2451 2178/1923/2089
f 2178/1923/2089 2555/2284/2451 2179/1924/2090
f 2559/2288/2455 2558/2289/2456 2557/2286/2453
f 2558/2289/2456 2560/2290/2457 2557/2286/2453
f 2559/2288/2455 2557/2286/2453 2178/1923/2089
f 2560/2290/2457 2556/2287/2454 2557/2286/2453
f 2562/2291/2458 2561/2292/2459 2560/2290/2457
f 2561/2292/2459 2563/2293/2460 2560/2290/2457
f 2562/2291/2458 2560/2290/2457 2558/2289/2456
f 2560/2290/2457 2563/2293/2460 2556/2287/2454
f 2561/2292/2459 2564/2294/2461 2563/2293/2460
f 2564/2294/2461 2565/2295/2462 2563/2293/2460
f 2563/2293/2460 2565/2295/2462 2566/2296/2463
f 2563/2293/2460 2566/2296/2463 2556/2287/2454
f 2566/2296/2463 2565/2295/2462 2568/2297/2464
f 2567/2298/2465 2566/2296/2463 2568/2297/2464
f 2566/2296/2463 2567/2298/2465 2554/2285/2452
f 2556/2287/2454 2566/2296/2463 2554/2285/2452
f 2568/2297/2464 2565/2295/2462 2569/2299/2466
f 2565/2295/2462 2570/2300/2467 2569/2299/2466
f 2569/2299/2466 2570/2300/2467 2571/2301/2468
f 2570/2300/2467 2572/2302/2469 2571/2301/2468
f 2571/2301/2468 2572/2302/2469 2573/2303/2470
f 2573/2303/2470 2572/2302/2469 2574/2304/2471
f 2572/2302/2469 2575/2305/2472 2574/2304/2471
f 2574/2304/2471 2575/2305/2472 2576/2306/2473
f 2575/2305/2472 2518/2247/2414 2576/2306/2473
f 2576/2306/2473 2518/2247/2414 2521/2250/2417
f 2572/2302/2469 2577/2307/2474 2575/2305/2472
f 2575/2305/2472 2577/2307/2474 2518/2247/2414
f 2579/2308/2475 2578/2309/2476 2577/2307/2474
f 2578/2309/2476 2513/2244/2411 2577/2307/2474
f 2579/2308/2475 2577/2307/2474 2572/2302/2469
f 2577/2307/2474 2513/2244/2411 2515/2245/2412
f 2577/2307/2474 2515/2245/2412 2518/2247/2414
f 2580/2310/2477 2578/2309/2476 2579/2308/2475
f 2580/2310/2477 2579/2308/2475 2564/2294/2461
f 2564/2294/2461 2579/2308/2475 2570/2300/2467
f 2570/2300/2467 2579/2308/2475 2572/2302/2469
f 2582/2311/2478 2581/2312/2479 2580/2310/2477
f 2581/2312/2479 2578/2309/2476 2580/2310/2477
f 2582/2311/2478 2580/2310/2477 2583/2313/2480
f 2583/2313/2480 2580/2310/2477 2564/2294/2461
f 2584/2314/2481 2582/2311/2478 2583/2313/2480
f 2584/2314/2481 2583/2313/2480 2561/2292/2459
f 2583/2313/2480 2564/2294/2461 2561/2292/2459
f 2586/2315/2482 2585/2316/2483 2584/2314/2481
f 2585/2316/2483 2582/2311/2478 2584/2314/2481
f 2586/2315/2482 2584/2314/2481 2587/2317/2484
f 2587/2317/2484 2584/2314/2481 2561/2292/2459
f 2588/2318/2485 2586/2315/2482 2587/2317/2484
f 2588/2318/2485 2587/2317/2484 2589/2319/2486
f 2587/2317/2484 2561/2292/2459 2562/2291/2458
f 2589/2319/2486 2587/2317/2484 2562/2291/2458
f 2591/2320/2487 2590/2321/2488 2589/2319/2486
f 2590/2321/2488 2588/2318/2485 2589/2319/2486
f 2591/2320/2487 2589/2319/2486 2592/2322/2489
f 2589/2319/2486 2562/2291/2458 2592/2322/2489
f 2593/2323/2489 2591/2320/2487 2592/2322/2489
f 2593/2323/2489 2592/2322/2489 2169/1916/2081
f 2592/2322/2489 2562/2291/2458 2558/2289/2456
f 2592/2322/2489 2558/2289/2456 2169/1916/2081
f 2153/1903/2067 2594/2324/2490 2593/2323/2489
f 2594/2324/2490 2591/2320/2487 2593/2323/2489
f 2153/1903/2067 2593/2323/2489 2157/1906/2070
f 2157/1906/2070 2593/2323/2489 2169/1916/2081
f 2150/1900/2064 2595/2325/2491 2594/2324/2490
f 2595/2325/2491 2596/2326/2492 2594/2324/2490
f 2150/1900/2064 2594/2324/2490 2153/1903/2067
f 2594/2324/2490 2596/2326/2492 2591/2320/2487
f 2595/2325/2491 2597/2327/2493 2596/2326/2492
f 2596/2326/2492 2597/2327/2493 2590/2321/2488
f 2596/2326/2492 2590/2321/2488 2591/2320/2487
f 2599/2328/2494 2598/2329/2495 2597/2327/2493
f 2598/2329/2495 2600/2330/2496 2597/2327/2493
f 2599/2328/2494 2597/2327/2493 2595/2325/2491
f 2597/2327/2493 2600/2330/2496 2601/2331/2497
f 2597/2327/2493 2601/2331/2497 2590/2321/2488
f 2601/2331/2497 2600/2330/2496 2586/2315/2482
f 2601/2331/2497 2586/2315/2482 2588/2318/2485
f 2590/2321/2488 2601/2331/2497 2588/2318/2485
f 2598/2329/2495 2130/1879/2044 2600/2330/2496
f 2600/2330/2496 2130/1879/2044 2585/2316/2483
f 2600/2330/2496 2585/2316/2483 2586/2315/2482
f 2143/1892/2056 2136/1886/2050 2599/2328/2494
f 2136/1886/2050 2598/2329/2495 2599/2328/2494
f 2143/1892/2056 2599/2328/2494 2146/1895/2059
f 2146/1895/2059 2599/2328/2494 2595/2325/2491
f 2136/1886/2050 2129/1877/2042 2598/2329/2495
f 2129/1877/2042 2130/1879/2044 2598/2329/2495
f 2146/1895/2059 2595/2325/2491 2150/1900/2064
f 2130/1879/2044 2602/2332/2498 2585/2316/2483
f 2585/2316/2483 2602/2332/2498 2582/2311/2478
f 2130/1879/2044 2131/1881/725 2602/2332/2498
f 2131/1881/725 2508/2239/2406 2602/2332/2498
f 2602/2332/2498 2508/2239/2406 2581/2312/2479
f 2602/2332/2498 2581/2312/2479 2582/2311/2478
f 2508/2239/2406 2510/2241/2408 2581/2312/2479
f 2581/2312/2479 2510/2241/2408 2578/2309/2476
f 2578/2309/2476 2510/2241/2408 2513/2244/2411
f 2565/2295/2462 2564/2294/2461 2570/2300/2467
f 2567/2298/2465 2603/2333/2499 2554/2285/2452
f 2554/2285/2452 2603/2333/2499 2552/2283/2450
f 2603/2333/2499 2604/2334/2500 2552/2283/2450
f 2552/2283/2450 2604/2334/2500 2550/2281/2448
f 2604/2334/2500 2605/2335/2501 2550/2281/2448
f 2550/2281/2448 2605/2335/2501 2548/2279/2446
f 2605/2335/2501 2606/2336/2502 2548/2279/2446
f 2548/2279/2446 2606/2336/2502 2543/2273/2440
f 2606/2336/2502 2541/2272/2439 2543/2273/2440
f 2558/2289/2456 2559/2288/2455 2169/1916/2081
f 2169/1916/2081 2559/2288/2455 2170/1917/2082
f 2170/1917/2082 2559/2288/2455 2178/1923/2089
f 2544/2275/2442 2607/2337/2503 2545/2276/2443
f 2545/2276/2443 2607/2337/2503 2608/2338/2504
f 2545/2276/2443 2608/2338/2504 2199/1940/2110
f 2195/1937/2106 2545/2276/2443 2199/1940/2110
f 2608/2338/2504 2607/2337/2503 2609/2339/2505
f 2608/2338/2504 2609/2339/2505 2212/1951/2122
f 2199/1940/2110 2608/2338/2504 2208/1948/2118
f 2208/1948/2118 2608/2338/2504 2212/1951/2122
f 2609/2339/2505 2607/2337/2503 2610/2340/2506
f 2609/2339/2505 2610/2340/2506 2221/1958/2131
f 2212/1951/2122 2609/2339/2505 2216/1954/2126
f 2216/1954/2126 2609/2339/2505 2221/1958/2131
f 2607/2337/2503 2611/2341/2507 2610/2340/2506
f 2610/2340/2506 2611/2341/2507 2612/2342/2508
f 2610/2340/2506 2612/2342/2508 2223/1960/2133
f 2221/1958/2131 2610/2340/2506 2223/1960/2133
f 2612/2342/2508 2611/2341/2507 2613/2343/2509
f 2612/2342/2508 2613/2343/2509 2228/1965/2138
f 2223/1960/2133 2612/2342/2508 2225/1962/2135
f 2225/1962/2135 2612/2342/2508 2228/1965/2138
f 2611/2341/2507 2614/2344/2510 2613/2343/2509
f 2613/2343/2509 2614/2344/2510 2615/2345/2511
f 2613/2343/2509 2615/2345/2511 2229/1966/2139
f 2228/1965/2138 2613/2343/2509 2229/1966/2139
f 2614/2344/2510 2616/2346/2512 2615/2345/2511
f 2616/2346/2512 2617/2347/2513 2615/2345/2511
f 2615/2345/2511 2617/2347/2513 2618/2348/2514
f 2615/2345/2511 2618/2348/2514 2229/1966/2139
f 2618/2348/2514 2617/2347/2513 2619/2349/2515
f 2618/2348/2514 2619/2349/2515 2234/1971/2144
f 2229/1966/2139 2618/2348/2514 2231/1968/2141
f 2231/1968/2141 2618/2348/2514 2234/1971/2144
f 2617/2347/2513 2620/2350/2516 2619/2349/2515
f 2619/2349/2515 2620/2350/2516 2621/2351/811
f 2619/2349/2515 2621/2351/811 2236/1973/2146
f 2234/1971/2144 2619/2349/2515 2236/1973/2146
f 2620/2350/2516 2622/2352/2517 2621/2351/811
f 2621/2351/811 2622/2352/2517 2623/2353/2518
f 2621/2351/811 2623/2353/2518 2238/1975/1850
f 2236/1973/2146 2621/2351/811 2238/1975/1850
f 2622/2352/2517 2624/2354/2519 2623/2353/2518
f 2623/2353/2518 2624/2354/2519 2625/2355/2520
f 2623/2353/2518 2625/2355/2520 2240/1977/2149
f 2238/1975/1850 2623/2353/2518 2240/1977/2149
f 2624/2354/2519 2626/2356/2521 2625/2355/2520
f 2625/2355/2520 2626/2356/2521 2627/2357/2522
f 2625/2355/2520 2627/2357/2522 2242/1979/2151
f 2240/1977/2149 2625/2355/2520 2242/1979/2151
f 2626/2356/2521 2628/2358/2523 2627/2357/2522
f 2627/2357/2522 2628/2358/2523 2630/2359/2524
f 2629/2360/2525 2627/2357/2522 2630/2359/2524
f 2627/2357/2522 2629/2360/2525 2242/1979/2151
f 2629/2360/2525 2630/2359/2524 2251/1988/2160
f 2628/2358/2523 2631/2361/2526 2630/2359/2524
f 2630/2359/2524 2631/2361/2526 2632/2362/2527
f 2630/2359/2524 2632/2362/2527 2251/1988/2160
f 2631/2361/2526 2633/2363/2528 2632/2362/2527
f 2632/2362/2527 2633/2363/2528 2634/2364/2529
f 2632/2362/2527 2634/2364/2529 2253/1990/2162
f 2251/1988/2160 2632/2362/2527 2253/1990/2162
f 2633/2363/2528 2635/2365/2530 2634/2364/2529
f 2634/2364/2529 2635/2365/2530 2636/2366/2531
f 2634/2364/2529 2636/2366/2531 2255/1992/2164
f 2253/1990/2162 2634/2364/2529 2255/1992/2164
f 2635/2365/2530 2637/2367/2532 2636/2366/2531
f 2636/2366/2531 2637/2367/2532 2638/2368/2533
f 2636/2366/2531 2638/2368/2533 2257/1994/2166
f 2255/1992/2164 2636/2366/2531 2257/1994/2166
f 2638/2368/2533 2637/2367/2532 2639/2369/2534
f 2638/2368/2533 2639/2369/2534 2261/1998/2170
f 2257/1994/2166 2638/2368/2533 2259/1996/2168
f 2259/1996/2168 2638/2368/2533 2261/1998/2170
f 2637/2367/2532 2640/2370/2535 2639/2369/2534
f 2639/2369/2534 2640/2370/2535 2489/2218/2385
f 2639/2369/2534 2489/2218/2385 2264/2001/2173
f 2261/1998/2170 2639/2369/2534 2264/2001/2173
f 2637/2367/2532 2641/2371/2536 2640/2370/2535
f 2641/2371/2536 2642/2372/2537 2640/2370/2535
f 2640/2370/2535 2642/2372/2537 2488/2219/2386
f 2640/2370/2535 2488/2219/2386 2489/2218/2385
f 2641/2371/2536 2524/2254/2421 2642/2372/2537
f 2524/2254/2421 2520/2251/2418 2642/2372/2537
f 2642/2372/2537 2520/2251/2418 2491/2221/2388
f 2642/2372/2537 2491/2221/2388 2488/2219/2386
f 2643/2373/2538 2525/2255/2422 2641/2371/2536
f 2525/2255/2422 2524/2254/2421 2641/2371/2536
f 2643/2373/2538 2641/2371/2536 2635/2365/2530
f 2635/2365/2530 2641/2371/2536 2637/2367/2532
f 2644/2374/2539 2528/2258/2425 2643/2373/2538
f 2528/2258/2425 2525/2255/2422 2643/2373/2538
f 2644/2374/2539 2643/2373/2538 2633/2363/2528
f 2633/2363/2528 2643/2373/2538 2635/2365/2530
f 2646/2375/2540 2645/2376/2541 2644/2374/2539
f 2645/2376/2541 2530/2260/2427 2644/2374/2539
f 2646/2375/2540 2644/2374/2539 2631/2361/2526
f 2530/2260/2427 2528/2258/2425 2644/2374/2539
f 2631/2361/2526 2644/2374/2539 2633/2363/2528
f 2647/2377/2542 2645/2376/2541 2646/2375/2540
f 2647/2377/2542 2646/2375/2540 2626/2356/2521
f 2626/2356/2521 2646/2375/2540 2628/2358/2523
f 2628/2358/2523 2646/2375/2540 2631/2361/2526
f 2649/2378/2543 2648/2379/2544 2647/2377/2542
f 2648/2379/2544 2645/2376/2541 2647/2377/2542
f 2649/2378/2543 2647/2377/2542 2624/2354/2519
f 2624/2354/2519 2647/2377/2542 2626/2356/2521
f 2651/2380/2545 2650/2381/2546 2649/2378/2543
f 2650/2381/2546 2648/2379/2544 2649/2378/2543
f 2651/2380/2545 2649/2378/2543 2622/2352/2517
f 2622/2352/2517 2649/2378/2543 2624/2354/2519
f 2652/2382/2547 2650/2381/2546 2651/2380/2545
f 2652/2382/2547 2651/2380/2545 2620/2350/2516
f 2620/2350/2516 2651/2380/2545 2622/2352/2517
f 2653/2383/2548 2650/2381/2546 2652/2382/2547
f 2653/2383/2548 2652/2382/2547 2616/2346/2512
f 2616/2346/2512 2652/2382/2547 2617/2347/2513
f 2617/2347/2513 2652/2382/2547 2620/2350/2516
f 2654/2384/2549 2535/2265/2432 2653/2383/2548
f 2535/2265/2432 2650/2381/2546 2653/2383/2548
f 2654/2384/2549 2653/2383/2548 2616/2346/2512
f 2655/2385/2550 2538/2268/2435 2654/2384/2549
f 2538/2268/2435 2535/2265/2432 2654/2384/2549
f 2655/2385/2550 2654/2384/2549 2611/2341/2507
f 2611/2341/2507 2654/2384/2549 2614/2344/2510
f 2614/2344/2510 2654/2384/2549 2616/2346/2512
f 2538/2268/2435 2655/2385/2550 2540/2270/2437
f 2540/2270/2437 2655/2385/2550 2544/2275/2442
f 2544/2275/2442 2655/2385/2550 2607/2337/2503
f 2607/2337/2503 2655/2385/2550 2611/2341/2507
f 2648/2379/2544 2650/2381/2546 2534/2264/2431
f 2534/2264/2431 2650/2381/2546 2535/2265/2432
f 2645/2376/2541 2648/2379/2544 2532/2262/2429
f 2532/2262/2429 2648/2379/2544 2534/2264/2431
f 2530/2260/2427 2645/2376/2541 2532/2262/2429
f 2242/1979/2151 2629/2360/2525 2244/1981/2153
f 2244/1981/2153 2629/2360/2525 2249/1986/2158
f 2249/1986/2158 2629/2360/2525 2251/1988/2160
f 2520/2251/2418 2517/2248/2415 2491/2221/2388
f 2517/2248/2415 2493/2223/2390 2491/2221/2388
f 2264/2001/2173 2489/2218/2385 2266/2003/2175
f 2473/2204/2371 2410/2139/2306 2414/2142/2309
f 2412/2143/2310 2409/2140/2307 2402/2132/2300
f 2402/2132/2300 2409/2140/2307 2404/2134/2302
f 2132/1882/2046 2133/1883/2047 2408/2138/2305
f 2344/2079/2244 2378/2107/2275 2348/2082/2248
f 2656/2091/2258 2353/2084/2253 2354/2087/2254
f 2657/2386/2551 2353/2084/2253 2656/2091/2258
f 2658/2387/2552 2349/2081/2247 2350/2084/2250
f 2659/2388/2553 2349/2081/2247 2658/2387/2552
f 2661/2388/2554 2660/2389/2555 2346/2081/2247
f 2660/2389/2555 2345/2078/2246 2346/2081/2247
f 2663/2389/2556 2662/2390/2557 2343/2078/2243
f 2662/2390/2557 2341/2076/2242 2343/2078/2243
f 2665/2390/2558 2664/2391/2559 2340/2076/2240
f 2664/2391/2559 2338/2073/2237 2340/2076/2240
f 2332/2069/2233 2329/2066/2231 2337/2074/2238
f 2667/2391/2559 2666/2392/2560 2336/2073/2237
f 2666/2392/2560 2334/2072/2236 2336/2073/2237
f 2303/2040/2210 2302/2039/2209 2308/2045/2213
f 2245/1982/2154 2244/1981/2153 2249/1986/2158
f 2668/2393/2561 2217/1953/2128 2218/1956/2129
f 2669/2394/2562 2217/1953/2128 2668/2393/2561
f 2670/2394/2563 2213/1950/2124 2214/1953/2125
f 2671/2395/2564 2213/1950/2124 2670/2394/2563
f 2672/2395/2564 2209/1947/2120 2210/1950/2121
f 2673/2396/2565 2209/1947/2120 2672/2395/2564
f 2200/1941/2111 2199/1940/2110 2208/1948/2118
f 2674/2396/2566 2205/1946/2115 2206/1947/2117
f 2675/1943/2567 2196/1935/2108 2197/1939/2109
f 2676/1936/2568 2196/1935/2108 2675/1943/2567
f 2677/2397/2569 2181/1920/2093 2183/1927/2094
f 2678/2398/2570 2171/1915/2080 2173/1919/2084
f 2679/2398/2571 2166/1913/2079 2167/1915/2080
f 2681/2399/2572 2680/2093/2261 2160/1908/2072
f 2680/2093/2261 2159/1909/2073 2160/1908/2072
f 2139/1889/2053 2136/1886/2050 2143/1892/2056
f 2133/1883/2047 2134/1884/2048 2137/1885/2049
f 2683/2400/2573 2682/2401/2574 2684/2402/2575
f 2682/2401/2574 2683/2400/2573 2687/2403/2576
f 2684/2402/2575 2682/2401/2574 2685/2404/2577
f 2685/2404/2577 2682/2401/2574 2686/2405/2578
f 2686/2405/2578 2682/2401/2574 2687/2403/2576
f 2688/2406/2579 2686/2405/2578 2687/2403/2576
f 2687/2403/2576 2683/2400/2573 2689/2407/2580
f 2689/2407/2580 2683/2400/2573 2693/2408/2581
f 2689/2407/2580 2690/2409/2582 2691/2403/2583
f 2690/2409/2582 2689/2407/2580 2692/2410/2584
f 2692/2410/2584 2689/2407/2580 2693/2408/2581
f 2692/2410/2584 2693/2408/2581 2695/2411/2585
f 2693/2408/2581 2683/2400/2573 2694/2412/2586
f 2693/2408/2581 2694/2412/2586 2696/2413/2587
f 2695/2411/2585 2693/2408/2581 2696/2413/2587
f 2695/2411/2585 2696/2413/2587 2698/2414/2588
f 2696/2413/2587 2694/2412/2586 2697/2415/2589
f 2696/2413/2587 2697/2415/2589 2699/2416/2590
f 2698/2414/2588 2696/2413/2587 2699/2416/2590
f 2699/2416/2590 2697/2415/2589 2700/2417/2591
f 2697/2415/2589 2701/2418/2592 2700/2417/2591
f 2700/2417/2591 2701/2418/2592 2702/2419/2593
f 2701/2418/2592 2703/2420/2594 2702/2419/2593
f 2702/2419/2593 2703/2420/2594 2704/2421/90
f 2703/2420/2594 2705/2422/2595 2704/2421/90
f 2704/2421/90 2705/2422/2595 2706/2423/2596
f 2705/2422/2595 2707/2424/2597 2706/2423/2596
f 2706/2423/2596 2707/2424/2597 2708/2425/2598
f 2707/2424/2597 2709/2426/2599 2708/2425/2598
f 2708/2425/2598 2709/2426/2599 2710/2427/2600
f 2709/2426/2599 2711/2428/2601 2710/2427/2600
f 2710/2427/2600 2711/2428/2601 2712/2429/2602
f 2711/2428/2601 2713/2430/2603 2712/2429/2602
f 2713/2430/2603 2714/2431/2604 2712/2429/2602
f 2712/2429/2602 2714/2431/2604 2715/2432/2605
f 2715/2432/2605 2714/2431/2604 2716/2433/2606
f 2714/2431/2604 2717/2434/2607 2716/2433/2606
f 2716/2433/2606 2717/2434/2607 2718/2435/2608
f 2717/2434/2607 2719/2436/2609 2718/2435/2608
f 2718/2435/2608 2719/2436/2609 2720/2437/2610
f 2719/2436/2609 2721/2438/2611 2720/2437/2610
f 2720/2437/2610 2721/2438/2611 2722/2439/2612
f 2721/2438/2611 2723/2440/2613 2722/2439/2612
f 2722/2439/2612 2723/2440/2613 2724/2441/2614
f 2723/2440/2613 2725/2442/2615 2724/2441/2614
f 2724/2441/2614 2725/2442/2615 2726/2443/2616
f 2726/2443/2616 2725/2442/2615 2727/2444/2617
f 2726/2443/2616 2727/2444/2617 2729/2445/2618
f 2728/2446/2619 2726/2443/2616 2729/2445/2618
f 2731/2447/2620 2730/2448/62 2729/2445/2618
f 2730/2448/62 2728/2446/2619 2729/2445/2618
f 2731/2447/2620 2729/2445/2618 2734/2449/2621
f 2727/2444/2617 2732/2450/2622 2729/2445/2618
f 2729/2445/2618 2732/2450/2622 2733/2451/2623
f 2729/2445/2618 2733/2451/2623 2734/2449/2621
f 2736/2452/2624 2735/2453/2625 2734/2449/2621
f 2735/2453/2625 2731/2447/2620 2734/2449/2621
f 2736/2452/2624 2734/2449/2621 2737/2454/2626
f 2733/2451/2623 2737/2454/2626 2734/2449/2621
f 2733/2451/2623 2738/2455/2627 2737/2454/2626
f 2738/2455/2627 2739/2456/2628 2737/2454/2626
f 2739/2456/2628 2740/2457/2629 2737/2454/2626
f 2737/2454/2626 2740/2457/2629 2736/2452/2624
f 2739/2456/2628 2741/2458/2630 2740/2457/2629
f 2740/2457/2629 2741/2458/2630 2742/2459/2631
f 2740/2457/2629 2742/2459/2631 2736/2452/2624
f 2741/2458/2630 2743/2460/2632 2742/2459/2631
f 2743/2460/2632 2744/2461/2633 2742/2459/2631
f 2742/2459/2631 2744/2461/2633 2745/2462/2634
f 2742/2459/2631 2745/2462/2634 2736/2452/2624
f 2744/2461/2633 2746/2463/1939 2745/2462/2634
f 2746/2463/1939 2747/2464/2635 2745/2462/2634
f 2745/2462/2634 2747/2464/2635 2735/2453/2625
f 2745/2462/2634 2735/2453/2625 2736/2452/2624
f 2748/2465/2636 2747/2464/2635 2749/2466/2637
f 2747/2464/2635 2748/2465/2636 2735/2453/2625
f 2749/2466/2637 2747/2464/2635 2750/2467/2638
f 2747/2464/2635 2746/2463/1939 2750/2467/2638
f 2750/2467/2638 2746/2463/1939 2751/2468/2639
f 2746/2463/1939 2752/2469/2640 2751/2468/2639
f 2751/2468/2639 2752/2469/2640 2753/2470/2641
f 2752/2469/2640 2754/2471/2642 2753/2470/2641
f 2753/2470/2641 2754/2471/2642 2755/2472/2643
f 2754/2471/2642 2756/2473/2644 2755/2472/2643
f 2755/2472/2643 2756/2473/2644 2757/2474/2645
f 2757/2474/2645 2756/2473/2644 2758/2475/47
f 2756/2473/2644 2759/2476/2646 2758/2475/47
f 2759/2476/2646 2760/2477/2647 2758/2475/47
f 2758/2475/47 2760/2477/2647 2761/2478/2648
f 2760/2477/2647 2762/2479/473 2761/2478/2648
f 2761/2478/2648 2762/2479/473 2763/2480/2649
f 2762/2479/473 2764/2481/2650 2763/2480/2649
f 2763/2480/2649 2764/2481/2650 2765/2482/2651
f 2765/2482/2651 2764/2481/2650 2766/2483/2652
f 2764/2481/2650 2767/2484/2653 2766/2483/2652
f 2766/2483/2652 2767/2484/2653 2768/2485/2654
f 2767/2484/2653 2769/2486/2655 2768/2485/2654
f 2768/2485/2654 2769/2486/2655 2770/2487/36
f 2769/2486/2655 2771/2488/2656 2770/2487/36
f 2770/2487/36 2771/2488/2656 2772/2489/2657
f 2771/2488/2656 2773/2490/2658 2772/2489/2657
f 2772/2489/2657 2773/2490/2658 2774/2491/2659
f 2773/2490/2658 2775/2492/2660 2774/2491/2659
f 2774/2491/2659 2775/2492/2660 2776/2493/2661
f 2775/2492/2660 2777/2494/2662 2776/2493/2661
f 2777/2494/2662 2778/2495/2663 2776/2493/2661
f 2776/2493/2661 2778/2495/2663 2779/2496/2664
f 2779/2496/2664 2778/2495/2663 2780/2497/2665
f 2778/2495/2663 2781/2498/2666 2780/2497/2665
f 2780/2497/2665 2781/2498/2666 2782/2499/2667
f 2781/2498/2666 2783/2500/2668 2782/2499/2667
f 2782/2499/2667 2783/2500/2668 2784/2501/2669
f 2783/2500/2668 2785/2502/2670 2784/2501/2669
f 2784/2501/2669 2785/2502/2670 2786/2503/2671
f 2785/2502/2670 2787/2504/2672 2786/2503/2671
f 2786/2503/2671 2787/2504/2672 2788/2505/2673
f 2787/2504/2672 2789/2506/2674 2788/2505/2673
f 2788/2505/2673 2789/2506/2674 2790/2507/2675
f 2789/2506/2674 2791/2508/2676 2790/2507/2675
f 2790/2507/2675 2791/2508/2676 2792/2509/2677
f 2791/2508/2676 2793/2510/2678 2792/2509/2677
f 2792/2509/2677 2793/2510/2678 2794/2511/2679
f 2793/2510/2678 2795/2512/2680 2794/2511/2679
f 2794/2511/2679 2795/2512/2680 2796/2513/2681
f 2795/2512/2680 2797/2514/2682 2796/2513/2681
f 2796/2513/2681 2797/2514/2682 2798/2515/2683
f 2797/2514/2682 2799/2516/2684 2798/2515/2683
f 2799/2516/2684 2800/2517/2685 2798/2515/2683
f 2798/2515/2683 2800/2517/2685 2801/2518/2686
f 2801/2518/2686 2800/2517/2685 2802/2519/2687
f 2800/2517/2685 2803/2520/2688 2802/2519/2687
f 2803/2520/2688 2804/2521/2689 2802/2519/2687
f 2802/2519/2687 2804/2521/2689 2805/2522/2690
f 2804/2521/2689 2806/2523/2691 2805/2522/2690
f 2805/2522/2690 2806/2523/2691 2807/2524/2692
f 2807/2524/2692 2806/2523/2691 2808/2525/2693
f 2806/2523/2691 2809/2526/2694 2808/2525/2693
f 2808/2525/2693 2809/2526/2694 2810/2527/2695
f 2809/2526/2694 2811/2528/2696 2810/2527/2695
f 2810/2527/2695 2811/2528/2696 2812/2529/2697
f 2811/2528/2696 2695/2411/2585 2812/2529/2697
f 2812/2529/2697 2695/2411/2585 2698/2414/2588
f 2809/2526/2694 2813/2530/2698 2811/2528/2696
f 2813/2530/2698 2692/2410/2584 2811/2528/2696
f 2811/2528/2696 2692/2410/2584 2695/2411/2585
f 2815/2531/2699 2814/2532/2700 2813/2530/2698
f 2814/2532/2700 2690/2409/2582 2813/2530/2698
f 2815/2531/2699 2813/2530/2698 2809/2526/2694
f 2813/2530/2698 2690/2409/2582 2692/2410/2584
f 2817/2533/2701 2816/2534/2702 2815/2531/2699
f 2816/2534/2702 2818/2535/2703 2815/2531/2699
f 2817/2533/2701 2815/2531/2699 2804/2521/2689
f 2818/2535/2703 2814/2532/2700 2815/2531/2699
f 2804/2521/2689 2815/2531/2699 2806/2523/2691
f 2806/2523/2691 2815/2531/2699 2809/2526/2694
f 2816/2534/2702 2819/2536/2704 2818/2535/2703
f 2819/2536/2704 2820/2537/2705 2818/2535/2703
f 2820/2537/2705 2821/2538/2706 2818/2535/2703
f 2818/2535/2703 2821/2538/2706 2822/2539/2707
f 2814/2532/2700 2818/2535/2703 2822/2539/2707
f 2822/2539/2707 2821/2538/2706 2823/2540/2708
f 2823/2540/2708 2821/2538/2706 2824/2541/2709
f 2824/2541/2709 2821/2538/2706 2826/2542/2710
f 2825/2543/2711 2824/2541/2709 2826/2542/2710
f 2821/2538/2706 2820/2537/2705 2826/2542/2710
f 2826/2542/2710 2820/2537/2705 2829/2544/2712
f 2827/2543/2711 2826/2542/2710 2828/2545/2713
f 2828/2545/2713 2826/2542/2710 2829/2544/2712
f 2820/2537/2705 2830/2546/2714 2829/2544/2712
f 2830/2546/2714 2831/2547/2715 2829/2544/2712
f 2829/2544/2712 2831/2547/2715 2833/2548/2716
f 2832/2545/2713 2829/2544/2712 2833/2548/2716
f 2834/2549/2717 2832/2545/2713 2833/2548/2716
f 2831/2547/2715 2835/2550/2718 2833/2548/2716
f 2835/2550/2718 2836/2551/2719 2833/2548/2716
f 2833/2548/2716 2836/2551/2719 2837/2549/2717
f 2837/2549/2717 2836/2551/2719 2839/2552/2720
f 2838/2553/2721 2837/2549/2717 2839/2552/2720
f 2840/2554/2722 2838/2553/2721 2839/2552/2720
f 2836/2551/2719 2841/2555/2723 2839/2552/2720
f 2841/2555/2723 2842/2556/2724 2839/2552/2720
f 2839/2552/2720 2842/2556/2724 2844/2557/2725
f 2843/2554/2722 2839/2552/2720 2844/2557/2725
f 2844/2557/2725 2842/2556/2724 2846/2558/2726
f 2845/2559/2727 2844/2557/2725 2846/2558/2726
f 2846/2558/2726 2842/2556/2724 2847/2560/2728
f 2842/2556/2724 2841/2555/2723 2847/2560/2728
f 2841/2555/2723 2848/2561/2729 2847/2560/2728
f 2847/2560/2728 2848/2561/2729 2851/2562/2730
f 2849/2558/2731 2847/2560/2728 2850/2563/2732
f 2850/2563/2732 2847/2560/2728 2851/2562/2730
f 2851/2562/2730 2848/2561/2729 2855/2564/2733
f 2852/2563/2734 2851/2562/2730 2853/2565/2735
f 2851/2562/2730 2854/2566/2736 2853/2565/2735
f 2854/2566/2736 2851/2562/2730 2855/2564/2733
f 2856/2567/2737 2854/2566/2736 2855/2564/2733
f 2856/2567/2737 2855/2564/2733 2775/2492/2660
f 2855/2564/2733 2848/2561/2729 2857/2568/2738
f 2855/2564/2733 2857/2568/2738 2777/2494/2662
f 2775/2492/2660 2855/2564/2733 2777/2494/2662
f 2848/2561/2729 2858/2569/2071 2857/2568/2738
f 2857/2568/2738 2858/2569/2071 2859/2570/2739
f 2857/2568/2738 2859/2570/2739 2778/2495/2663
f 2777/2494/2662 2857/2568/2738 2778/2495/2663
f 2858/2569/2071 2860/2571/2740 2859/2570/2739
f 2860/2571/2740 2861/2572/2741 2859/2570/2739
f 2859/2570/2739 2861/2572/2741 2862/2573/2742
f 2859/2570/2739 2862/2573/2742 2781/2498/2666
f 2778/2495/2663 2859/2570/2739 2781/2498/2666
f 2862/2573/2742 2861/2572/2741 2863/2574/2743
f 2862/2573/2742 2863/2574/2743 2781/2498/2666
f 2863/2574/2743 2861/2572/2741 2864/2575/2744
f 2863/2574/2743 2864/2575/2744 2785/2502/2670
f 2781/2498/2666 2863/2574/2743 2783/2500/2668
f 2783/2500/2668 2863/2574/2743 2785/2502/2670
f 2861/2572/2741 2865/2576/2745 2864/2575/2744
f 2864/2575/2744 2865/2576/2745 2866/2577/2746
f 2864/2575/2744 2866/2577/2746 2787/2504/2672
f 2785/2502/2670 2864/2575/2744 2787/2504/2672
f 2866/2577/2746 2865/2576/2745 2867/2578/2747
f 2866/2577/2746 2867/2578/2747 2789/2506/2674
f 2787/2504/2672 2866/2577/2746 2789/2506/2674
f 2865/2576/2745 2868/2579/2748 2867/2578/2747
f 2868/2579/2748 2869/2580/2749 2867/2578/2747
f 2867/2578/2747 2869/2580/2749 2870/2581/2750
f 2867/2578/2747 2870/2581/2750 2791/2508/2676
f 2789/2506/2674 2867/2578/2747 2791/2508/2676
f 2869/2580/2749 2871/2582/2751 2870/2581/2750
f 2870/2581/2750 2871/2582/2751 2872/2583/2752
f 2870/2581/2750 2872/2583/2752 2793/2510/2678
f 2791/2508/2676 2870/2581/2750 2793/2510/2678
f 2871/2582/2751 2873/2584/2753 2872/2583/2752
f 2872/2583/2752 2873/2584/2753 2874/2585/2754
f 2872/2583/2752 2874/2585/2754 2795/2512/2680
f 2793/2510/2678 2872/2583/2752 2795/2512/2680
f 2873/2584/2753 2875/2586/2755 2874/2585/2754
f 2874/2585/2754 2875/2586/2755 2876/2587/2756
f 2874/2585/2754 2876/2587/2756 2795/2512/2680
f 2876/2587/2756 2875/2586/2755 2877/2588/2757
f 2876/2587/2756 2877/2588/2757 2799/2516/2684
f 2795/2512/2680 2876/2587/2756 2797/2514/2682
f 2797/2514/2682 2876/2587/2756 2799/2516/2684
f 2877/2588/2757 2875/2586/2755 2878/2589/2758
f 2877/2588/2757 2878/2589/2758 2800/2517/2685
f 2799/2516/2684 2877/2588/2757 2800/2517/2685
f 2878/2589/2758 2875/2586/2755 2879/2590/2759
f 2878/2589/2758 2879/2590/2759 2803/2520/2688
f 2800/2517/2685 2878/2589/2758 2803/2520/2688
f 2875/2586/2755 2880/2591/2760 2879/2590/2759
f 2880/2591/2760 2881/2592/2761 2879/2590/2759
f 2879/2590/2759 2881/2592/2761 2817/2533/2701
f 2879/2590/2759 2817/2533/2701 2804/2521/2689
f 2803/2520/2688 2879/2590/2759 2804/2521/2689
f 2880/2591/2760 2882/2593/2762 2881/2592/2761
f 2882/2593/2762 2819/2536/2704 2881/2592/2761
f 2881/2592/2761 2819/2536/2704 2816/2534/2702
f 2881/2592/2761 2816/2534/2702 2817/2533/2701
f 2884/2594/2763 2883/2595/2764 2882/2593/2762
f 2883/2595/2764 2885/2596/2765 2882/2593/2762
f 2884/2594/2763 2882/2593/2762 2880/2591/2760
f 2882/2593/2762 2885/2596/2765 2830/2546/2714
f 2819/2536/2704 2882/2593/2762 2830/2546/2714
f 2886/2597/2766 2885/2596/2765 2887/2598/2767
f 2885/2596/2765 2886/2597/2766 2831/2547/2715
f 2887/2598/2767 2885/2596/2765 2883/2595/2764
f 2830/2546/2714 2885/2596/2765 2831/2547/2715
f 2889/2599/2768 2888/2600/2769 2887/2598/2767
f 2888/2600/2769 2886/2597/2766 2887/2598/2767
f 2889/2599/2768 2887/2598/2767 2868/2579/2748
f 2887/2598/2767 2883/2595/2764 2869/2580/2749
f 2868/2579/2748 2887/2598/2767 2869/2580/2749
f 2891/2601/2770 2890/2602/2771 2889/2599/2768
f 2890/2602/2771 2888/2600/2769 2889/2599/2768
f 2891/2601/2770 2889/2599/2768 2868/2579/2748
f 2890/2602/2771 2891/2601/2770 2858/2569/2071
f 2858/2569/2071 2891/2601/2770 2860/2571/2740
f 2860/2571/2740 2891/2601/2770 2865/2576/2745
f 2865/2576/2745 2891/2601/2770 2868/2579/2748
f 2888/2600/2769 2890/2602/2771 2835/2550/2718
f 2890/2602/2771 2892/2603/2772 2835/2550/2718
f 2892/2603/2772 2890/2602/2771 2858/2569/2071
f 2835/2550/2718 2892/2603/2772 2836/2551/2719
f 2836/2551/2719 2892/2603/2772 2841/2555/2723
f 2841/2555/2723 2892/2603/2772 2848/2561/2729
f 2848/2561/2729 2892/2603/2772 2858/2569/2071
f 2886/2597/2766 2888/2600/2769 2831/2547/2715
f 2831/2547/2715 2888/2600/2769 2835/2550/2718
f 2883/2595/2764 2884/2594/2763 2871/2582/2751
f 2871/2582/2751 2884/2594/2763 2873/2584/2753
f 2873/2584/2753 2884/2594/2763 2880/2591/2760
f 2869/2580/2749 2883/2595/2764 2871/2582/2751
f 2875/2586/2755 2873/2584/2753 2880/2591/2760
f 2861/2572/2741 2860/2571/2740 2865/2576/2745
f 2894/2604/2773 2893/2605/2774 2856/2567/2737
f 2893/2605/2774 2854/2566/2736 2856/2567/2737
f 2894/2604/2773 2856/2567/2737 2773/2490/2658
f 2773/2490/2658 2856/2567/2737 2775/2492/2660
f 2895/2606/2775 2893/2605/2774 2894/2604/2773
f 2895/2606/2775 2894/2604/2773 2771/2488/2656
f 2771/2488/2656 2894/2604/2773 2773/2490/2658
f 2897/2607/2776 2896/2608/2777 2895/2606/2775
f 2896/2608/2777 2893/2605/2774 2895/2606/2775
f 2897/2607/2776 2895/2606/2775 2769/2486/2655
f 2769/2486/2655 2895/2606/2775 2771/2488/2656
f 2899/2609/2778 2898/2610/2779 2897/2607/2776
f 2898/2610/2779 2896/2608/2777 2897/2607/2776
f 2899/2609/2778 2897/2607/2776 2767/2484/2653
f 2767/2484/2653 2897/2607/2776 2769/2486/2655
f 2901/2611/2780 2900/2612/2781 2899/2609/2778
f 2900/2612/2781 2902/2613/2782 2899/2609/2778
f 2901/2611/2780 2899/2609/2778 2764/2481/2650
f 2902/2613/2782 2898/2610/2779 2899/2609/2778
f 2764/2481/2650 2899/2609/2778 2767/2484/2653
f 2898/2610/2779 2902/2613/2782 2903/2614/2783
f 2903/2614/2783 2902/2613/2782 2904/2615/2784
f 2902/2613/2782 2900/2612/2781 2904/2615/2784
f 2904/2615/2784 2900/2612/2781 2907/2616/2785
f 2905/2614/2786 2904/2615/2784 2906/2617/2787
f 2906/2617/2787 2904/2615/2784 2907/2616/2785
f 2900/2612/2781 2908/2618/2788 2907/2616/2785
f 2907/2616/2785 2908/2618/2788 2911/2619/2789
f 2909/2617/2790 2907/2616/2785 2910/2620/2791
f 2910/2620/2791 2907/2616/2785 2911/2619/2789
f 2908/2618/2788 2912/2621/2792 2911/2619/2789
f 2911/2619/2789 2912/2621/2792 2915/2622/2793
f 2913/2620/2791 2911/2619/2789 2914/2622/2794
f 2914/2622/2794 2911/2619/2789 2915/2622/2793
f 2912/2621/2792 2916/2623/2795 2915/2622/2793
f 2916/2623/2795 2917/2624/2796 2915/2622/2793
f 2917/2624/2796 2918/2625/2797 2915/2622/2793
f 2915/2622/2793 2918/2625/2797 2919/2622/2798
f 2919/2622/2798 2918/2625/2797 2921/2626/2799
f 2920/2627/2800 2919/2622/2798 2921/2626/2799
f 2922/2628/2801 2920/2627/2800 2921/2626/2799
f 2918/2625/2797 2923/2629/2802 2921/2626/2799
f 2921/2626/2799 2923/2629/2802 2925/2630/2803
f 2924/2628/2804 2921/2626/2799 2925/2630/2803
f 2926/2631/2805 2924/2628/2804 2925/2630/2803
f 2925/2630/2803 2923/2629/2802 2930/2632/2806
f 2927/2631/2805 2925/2630/2803 2928/2633/2807
f 2928/2633/2807 2925/2630/2803 2929/2404/2808
f 2929/2404/2808 2925/2630/2803 2930/2632/2806
f 2930/2632/2806 2923/2629/2802 2933/2634/2809
f 2931/2404/2810 2930/2632/2806 2932/2635/2811
f 2932/2635/2811 2930/2632/2806 2933/2634/2809
f 2932/2635/2811 2933/2634/2809 2936/2636/2812
f 2923/2629/2802 2934/2637/2813 2933/2634/2809
f 2933/2634/2809 2934/2637/2813 2935/2638/2814
f 2933/2634/2809 2935/2638/2814 2937/2639/2815
f 2936/2636/2812 2933/2634/2809 2937/2639/2815
f 2936/2636/2812 2937/2639/2815 2701/2418/2592
f 2937/2639/2815 2935/2638/2814 2938/2640/2816
f 2937/2639/2815 2938/2640/2816 2703/2420/2594
f 2701/2418/2592 2937/2639/2815 2703/2420/2594
f 2935/2638/2814 2939/2641/2817 2938/2640/2816
f 2939/2641/2817 2940/2642/2818 2938/2640/2816
f 2938/2640/2816 2940/2642/2818 2941/2643/2819
f 2938/2640/2816 2941/2643/2819 2705/2422/2595
f 2703/2420/2594 2938/2640/2816 2705/2422/2595
f 2940/2642/2818 2942/2644/2820 2941/2643/2819
f 2941/2643/2819 2942/2644/2820 2943/2645/2821
f 2941/2643/2819 2943/2645/2821 2707/2424/2597
f 2705/2422/2595 2941/2643/2819 2707/2424/2597
f 2942/2644/2820 2944/2646/2822 2943/2645/2821
f 2943/2645/2821 2944/2646/2822 2945/2647/2823
f 2943/2645/2821 2945/2647/2823 2709/2426/2599
f 2707/2424/2597 2943/2645/2821 2709/2426/2599
f 2944/2646/2822 2946/2648/2824 2945/2647/2823
f 2945/2647/2823 2946/2648/2824 2947/2649/2825
f 2945/2647/2823 2947/2649/2825 2711/2428/2601
f 2709/2426/2599 2945/2647/2823 2711/2428/2601
f 2947/2649/2825 2946/2648/2824 2948/2650/2826
f 2947/2649/2825 2948/2650/2826 2713/2430/2603
f 2711/2428/2601 2947/2649/2825 2713/2430/2603
f 2946/2648/2824 2949/2651/2827 2948/2650/2826
f 2948/2650/2826 2949/2651/2827 2950/2652/2828
f 2948/2650/2826 2950/2652/2828 2713/2430/2603
f 2949/2651/2827 2951/2653/2829 2950/2652/2828
f 2950/2652/2828 2951/2653/2829 2952/2654/2830
f 2950/2652/2828 2952/2654/2830 2714/2431/2604
f 2713/2430/2603 2950/2652/2828 2714/2431/2604
f 2952/2654/2830 2951/2653/2829 2953/2655/2831
f 2952/2654/2830 2953/2655/2831 2717/2434/2607
f 2714/2431/2604 2952/2654/2830 2717/2434/2607
f 2951/2653/2829 2954/2656/2832 2953/2655/2831
f 2953/2655/2831 2954/2656/2832 2955/2657/2833
f 2953/2655/2831 2955/2657/2833 2721/2438/2611
f 2717/2434/2607 2953/2655/2831 2719/2436/2609
f 2719/2436/2609 2953/2655/2831 2721/2438/2611
f 2955/2657/2833 2954/2656/2832 2957/2658/2834
f 2956/2659/2835 2955/2657/2833 2957/2658/2834
f 2955/2657/2833 2956/2659/2835 2723/2440/2613
f 2721/2438/2611 2955/2657/2833 2723/2440/2613
f 2956/2659/2835 2957/2658/2834 2959/2660/2836
f 2957/2658/2834 2954/2656/2832 2958/2661/2837
f 2957/2658/2834 2958/2661/2837 2960/2662/2215
f 2959/2660/2836 2957/2658/2834 2960/2662/2215
f 2959/2660/2836 2960/2662/2215 2738/2455/2627
f 2958/2661/2837 2961/2663/2838 2960/2662/2215
f 2960/2662/2215 2961/2663/2838 2962/2664/2839
f 2960/2662/2215 2962/2664/2839 2739/2456/2628
f 2738/2455/2627 2960/2662/2215 2739/2456/2628
f 2961/2663/2838 2963/2665/2840 2962/2664/2839
f 2963/2665/2840 2964/2666/2841 2962/2664/2839
f 2962/2664/2839 2964/2666/2841 2741/2458/2630
f 2962/2664/2839 2741/2458/2630 2739/2456/2628
f 2963/2665/2840 2965/2667/2842 2964/2666/2841
f 2965/2667/2842 2966/2668/2843 2964/2666/2841
f 2964/2666/2841 2966/2668/2843 2967/2669/2844
f 2964/2666/2841 2967/2669/2844 2741/2458/2630
f 2966/2668/2843 2968/2670/2845 2967/2669/2844
f 2967/2669/2844 2968/2670/2845 2969/2671/2846
f 2967/2669/2844 2969/2671/2846 2743/2460/2632
f 2741/2458/2630 2967/2669/2844 2743/2460/2632
f 2969/2671/2846 2968/2670/2845 2754/2471/2642
f 2970/2672/2847 2969/2671/2846 2752/2469/2640
f 2969/2671/2846 2970/2672/2847 2743/2460/2632
f 2752/2469/2640 2969/2671/2846 2754/2471/2642
f 2970/2672/2847 2752/2469/2640 2746/2463/1939
f 2743/2460/2632 2970/2672/2847 2744/2461/2633
f 2744/2461/2633 2970/2672/2847 2746/2463/1939
f 2968/2670/2845 2966/2668/2843 2971/2673/2848
f 2968/2670/2845 2971/2673/2848 2756/2473/2644
f 2754/2471/2642 2968/2670/2845 2756/2473/2644
f 2966/2668/2843 2972/2674/2849 2971/2673/2848
f 2971/2673/2848 2972/2674/2849 2973/2675/2850
f 2971/2673/2848 2973/2675/2850 2759/2476/2646
f 2756/2473/2644 2971/2673/2848 2759/2476/2646
f 2972/2674/2849 2974/2676/2851 2973/2675/2850
f 2974/2676/2851 2975/2677/2852 2973/2675/2850
f 2973/2675/2850 2975/2677/2852 2901/2611/2780
f 2973/2675/2850 2901/2611/2780 2760/2477/2647
f 2759/2476/2646 2973/2675/2850 2760/2477/2647
f 2974/2676/2851 2976/2678/2853 2975/2677/2852
f 2976/2678/2853 2908/2618/2788 2975/2677/2852
f 2975/2677/2852 2908/2618/2788 2900/2612/2781
f 2975/2677/2852 2900/2612/2781 2901/2611/2780
f 2978/2679/2854 2977/2680/2855 2976/2678/2853
f 2976/2678/2853 2977/2680/2855 2912/2621/2792
f 2978/2679/2854 2976/2678/2853 2974/2676/2851
f 2908/2618/2788 2976/2678/2853 2912/2621/2792
f 2979/2681/2856 2977/2680/2855 2978/2679/2854
f 2979/2681/2856 2978/2679/2854 2980/2682/2857
f 2980/2682/2857 2978/2679/2854 2981/2683/2858
f 2981/2683/2858 2978/2679/2854 2974/2676/2851
f 2980/2682/2857 2981/2683/2858 2982/2684/2859
f 2972/2674/2849 2981/2683/2858 2974/2676/2851
f 2981/2683/2858 2972/2674/2849 2965/2667/2842
f 2982/2684/2859 2981/2683/2858 2965/2667/2842
f 2984/2685/2860 2983/2686/2861 2982/2684/2859
f 2983/2686/2861 2980/2682/2857 2982/2684/2859
f 2984/2685/2860 2982/2684/2859 2963/2665/2840
f 2982/2684/2859 2965/2667/2842 2963/2665/2840
f 2986/2687/2862 2985/2688/1539 2984/2685/2860
f 2985/2688/1539 2983/2686/2861 2984/2685/2860
f 2986/2687/2862 2984/2685/2860 2961/2663/2838
f 2961/2663/2838 2984/2685/2860 2963/2665/2840
f 2988/2689/2863 2987/2690/2864 2986/2687/2862
f 2987/2690/2864 2989/2691/2865 2986/2687/2862
f 2988/2689/2863 2986/2687/2862 2958/2661/2837
f 2989/2691/2865 2985/2688/1539 2986/2687/2862
f 2958/2661/2837 2986/2687/2862 2961/2663/2838
f 2989/2691/2865 2990/2692/2866 2985/2688/1539
f 2990/2692/2866 2989/2691/2865 2942/2644/2820
f 2942/2644/2820 2989/2691/2865 2944/2646/2822
f 2989/2691/2865 2987/2690/2864 2944/2646/2822
f 2992/2693/2867 2991/2694/2868 2990/2692/2866
f 2990/2692/2866 2991/2694/2868 2985/2688/1539
f 2992/2693/2867 2990/2692/2866 2940/2642/2818
f 2940/2642/2818 2990/2692/2866 2942/2644/2820
f 2994/2695/2869 2993/2696/2870 2992/2693/2867
f 2993/2696/2870 2995/2697/2871 2992/2693/2867
f 2994/2695/2869 2992/2693/2867 2939/2641/2817
f 2995/2697/2871 2991/2694/2868 2992/2693/2867
f 2939/2641/2817 2992/2693/2867 2940/2642/2818
f 2993/2696/2870 2996/2698/2872 2995/2697/2871
f 2995/2697/2871 2996/2698/2872 2997/2699/2873
f 2991/2694/2868 2995/2697/2871 2997/2699/2873
f 2991/2694/2868 2997/2699/2873 2983/2686/2861
f 2997/2699/2873 2996/2698/2872 2979/2681/2856
f 2997/2699/2873 2979/2681/2856 2980/2682/2857
f 2983/2686/2861 2997/2699/2873 2980/2682/2857
f 2998/2700/2874 2996/2698/2872 2993/2696/2870
f 2996/2698/2872 2998/2700/2874 2979/2681/2856
f 2999/2701/2875 2998/2700/2874 2993/2696/2870
f 2998/2700/2874 2999/2701/2875 2916/2623/2795
f 2998/2700/2874 2977/2680/2855 2979/2681/2856
f 2977/2680/2855 2998/2700/2874 2916/2623/2795
f 2999/2701/2875 2993/2696/2870 2994/2695/2869
f 2916/2623/2795 2999/2701/2875 2917/2624/2796
f 2917/2624/2796 2999/2701/2875 3000/2702/2876
f 3000/2702/2876 2999/2701/2875 2994/2695/2869
f 2934/2637/2813 2917/2624/2796 3000/2702/2876
f 2934/2637/2813 3000/2702/2876 2935/2638/2814
f 3000/2702/2876 2994/2695/2869 2939/2641/2817
f 2935/2638/2814 3000/2702/2876 2939/2641/2817
f 2985/2688/1539 2991/2694/2868 2983/2686/2861
f 2954/2656/2832 2951/2653/2829 2988/2689/2863
f 2951/2653/2829 2949/2651/2827 2988/2689/2863
f 2954/2656/2832 2988/2689/2863 2958/2661/2837
f 2949/2651/2827 2987/2690/2864 2988/2689/2863
f 2944/2646/2822 2987/2690/2864 2946/2648/2824
f 2946/2648/2824 2987/2690/2864 2949/2651/2827
f 2912/2621/2792 2977/2680/2855 2916/2623/2795
f 2965/2667/2842 2972/2674/2849 2966/2668/2843
f 3001/2703/2877 2956/2659/2835 2959/2660/2836
f 3001/2703/2877 2959/2660/2836 2738/2455/2627
f 2725/2442/2615 2956/2659/2835 3001/2703/2877
f 2725/2442/2615 3001/2703/2877 2727/2444/2617
f 2727/2444/2617 3001/2703/2877 2732/2450/2622
f 2732/2450/2622 3001/2703/2877 2738/2455/2627
f 2723/2440/2613 2956/2659/2835 2725/2442/2615
f 2694/2412/2586 2684/2402/2575 2936/2636/2812
f 2684/2402/2575 2932/2635/2811 2936/2636/2812
f 2694/2412/2586 2936/2636/2812 2697/2415/2589
f 2697/2415/2589 2936/2636/2812 2701/2418/2592
f 2923/2629/2802 2918/2625/2797 2934/2637/2813
f 2918/2625/2797 2917/2624/2796 2934/2637/2813
f 2684/2402/2575 2931/2404/2810 2932/2635/2811
f 3002/2627/2878 2913/2620/2791 2914/2622/2794
f 3003/2704/2879 2913/2620/2791 3002/2627/2878
f 3004/2704/2880 2909/2617/2790 2910/2620/2791
f 3005/2705/2881 2909/2617/2790 3004/2704/2880
f 3006/2705/2882 2905/2614/2786 2906/2617/2787
f 3007/2706/2883 2905/2614/2786 3006/2705/2882
f 2760/2477/2647 2901/2611/2780 2762/2479/473
f 2762/2479/473 2901/2611/2780 2764/2481/2650
f 3009/2614/2786 3008/2707/2884 2898/2610/2779
f 3008/2707/2884 2896/2608/2777 2898/2610/2779
f 3011/2706/2883 3010/2708/2885 3009/2614/2786
f 3010/2708/2885 3008/2707/2884 3009/2614/2786
f 3013/2707/2886 3012/2709/2887 2896/2608/2777
f 3012/2709/2887 2893/2605/2774 2896/2608/2777
f 3014/2708/2885 3012/2709/2887 3013/2707/2886
f 3015/2710/2888 3012/2709/2887 3014/2708/2885
f 3016/2710/2568 2853/2565/2735 3012/2709/2887
f 2853/2565/2735 2854/2566/2736 3012/2709/2887
f 2854/2566/2736 2893/2605/2774 3012/2709/2887
f 3017/2711/2114 2853/2565/2735 3016/2710/2568
f 3018/2711/2114 2852/2563/2734 2853/2565/2735
f 3019/2712/2889 2852/2563/2734 3018/2711/2114
f 3020/2712/2890 2849/2558/2731 2850/2563/2732
f 3021/2559/2727 2849/2558/2731 3020/2712/2890
f 3023/2553/2891 3022/2713/2892 2834/2549/2717
f 3022/2713/2892 2832/2545/2713 2834/2549/2717
f 2820/2537/2705 2819/2536/2704 2830/2546/2714
f 3024/2713/2892 2827/2543/2711 2828/2545/2713
f 3026/2539/2707 3025/2714/2893 2814/2532/2700
f 3025/2714/2893 2690/2409/2582 2814/2532/2700
f 3028/2715/2894 3027/2716/2895 3026/2539/2707
f 3027/2716/2895 3025/2714/2893 3026/2539/2707
f 3030/2716/2895 3029/2406/2896 3025/2714/2893
f 3029/2406/2896 2691/2403/2583 3025/2714/2893
f 2691/2403/2583 2690/2409/2582 3025/2714/2893
f 2748/2465/2636 2749/2466/2637 2731/2447/2620
f 2749/2466/2637 2730/2448/62 2731/2447/2620
f 2735/2453/2625 2748/2465/2636 2731/2447/2620
f 2732/2450/2622 2738/2455/2627 2733/2451/2623
f 2683/2400/2573 2684/2402/2575 2694/2412/2586
f 3031/2633/2897 2685/2404/2577 2686/2405/2578
f 3033/2717/2898 3032/2718/2899 3034/2719/2900
f 3036/230/243 3035/227/236 3037/226/2901
f 3039/233/242 3038/234/2902 3040/2720/2903
f 3042/146/2904 3041/147/2905 3043/149/2906
f 3045/150/2907 3044/151/2908 3046/155/2909
f 3048/156/2910 3047/158/2911 3049/161/2912
f 3051/162/2913 3050/164/2914 3052/167/2915
f 3054/168/2916 3053/169/2917 3055/172/2918
f 3057/171/2919 3056/176/2920 3058/173/2921
f 3060/178/2922 3059/182/2923 3061/184/2924
f 3063/185/188 3062/187/2925 3064/190/2926
f 3066/191/2927 3065/193/2928 3067/196/2929
f 3069/197/2930 3068/200/2931 3070/203/2932
f 3072/1495/217 3071/2721/2933 3073/2722/2934
f 3075/2723/2935 3074/2724/2936 3076/1459/2937
f 3076/1459/2937 3074/2724/2936 3077/2725/2938
f 3077/2725/2938 3074/2724/2936 3078/2726/2939
f 3074/2724/2936 3079/2727/2940 3078/2726/2939
f 3079/2727/2940 3080/2728/2941 3081/2717/2942
f 3079/2727/2940 3081/2717/2942 3082/2729/2943
f 3078/2726/2939 3079/2727/2940 3082/2729/2943
f 3082/2729/2943 3081/2717/2942 3083/2730/2944
f 3081/2717/2942 3084/2719/2945 3083/2730/2944
f 3083/2730/2944 3084/2719/2945 3085/1462/2946
f 3085/1462/2946 3084/2719/2945 3086/1463/2947
f 3084/2719/2945 3087/2721/2948 3086/1463/2947
f 3086/1463/2947 3087/2721/2948 3088/1461/2949
f 3088/1461/2949 3087/2721/2948 3090/1468/2950
f 3089/1469/2951 3088/1461/2949 3090/1468/2950
f 3087/2721/2948 3091/1495/2952 3090/1468/2950
f 3084/2719/2945 3092/2718/2953 3087/2721/2948
f 3087/2721/2948 3092/2718/2953 3094/2731/2954
f 3093/2722/2934 3087/2721/2948 3094/2731/2954
f 3092/2718/2953 3095/2732/2955 3094/2731/2954
f 3094/2731/2954 3095/2732/2955 3096/2733/210
f 3096/2733/210 3095/2732/2955 3097/2734/2956
f 3095/2732/2955 3080/2728/2941 3097/2734/2956
f 3097/2734/2956 3080/2728/2941 3098/2735/2957
f 3080/2728/2941 3099/2736/2958 3098/2735/2957
f 3099/2736/2958 3100/2723/2959 3098/2735/2957
f 3098/2735/2957 3100/2723/2959 3101/2737/2960
f 3100/2723/2959 3102/1458/2961 3101/2737/2960
f 3101/2737/2960 3102/1458/2961 3103/2738/2962
f 3102/1458/2961 3104/2739/2963 3103/2738/2962
f 3103/2738/2962 3104/2739/2963 3105/2740/2964
f 3104/2739/2963 3106/2741/2965 3105/2740/2964
f 3105/2740/2964 3106/2741/2965 3107/2742/2966
f 3106/2741/2965 3108/1508/2967 3107/2742/2966
f 3107/2742/2966 3108/1508/2967 3109/2743/2968
f 3108/1508/2967 3110/2744/2969 3109/2743/2968
f 3109/2743/2968 3110/2744/2969 3111/2745/2922
f 3110/2744/2969 3112/1502/2970 3111/2745/2922
f 3111/2745/2922 3112/1502/2970 3113/2746/2920
f 3112/1502/2970 3114/2747/2971 3113/2746/2920
f 3113/2746/2920 3114/2747/2971 3115/2748/2972
f 3114/2747/2971 3116/1497/2973 3115/2748/2972
f 3115/2748/2972 3116/1497/2973 3117/2749/2974
f 3116/1497/2973 3118/2750/2975 3117/2749/2974
f 3117/2749/2974 3118/2750/2975 3119/2751/170
f 3118/2750/2975 3120/2752/2976 3119/2751/170
f 3119/2751/170 3120/2752/2976 3121/2753/2977
f 3120/2752/2976 3122/2754/2978 3121/2753/2977
f 3121/2753/2977 3122/2754/2978 3123/2755/2979
f 3122/2754/2978 3124/1511/2980 3123/2755/2979
f 3123/2755/2979 3124/1511/2980 3125/2756/2912
f 3124/1511/2980 3126/2757/2981 3125/2756/2912
f 3125/2756/2912 3126/2757/2981 3127/2758/2982
f 3126/2757/2981 3128/2759/2983 3127/2758/2982
f 3127/2758/2982 3128/2759/2983 3129/2760/2984
f 3128/2759/2983 3130/2761/2985 3129/2760/2984
f 3129/2760/2984 3130/2761/2985 3131/2762/2986
f 3130/2761/2985 3132/1507/2987 3131/2762/2986
f 3131/2762/2986 3132/1507/2987 3133/2763/2988
f 3133/2763/2988 3132/1507/2987 3134/2764/2989
f 3134/2764/2989 3132/1507/2987 3136/1500/1677
f 3135/2765/2990 3134/2764/2989 3136/1500/1677
f 3138/1499/1676 3137/2766/2991 3136/1500/1677
f 3137/2766/2991 3135/2765/2990 3136/1500/1677
f 3136/1500/1677 3132/1507/2987 3139/1501/2992
f 3132/1507/2987 3140/1506/2993 3139/1501/2992
f 3139/1501/2992 3140/1506/2993 3143/2767/2994
f 3141/1499/2995 3139/1501/2992 3142/2768/2996
f 3142/2768/2996 3139/1501/2992 3143/2767/2994
f 3143/2767/2994 3140/1506/2993 3144/2769/2997
f 3140/1506/2993 3145/1505/1682 3144/2769/2997
f 3144/2769/2997 3145/1505/1682 3146/2770/2998
f 3145/1505/1682 3147/2771/2999 3146/2770/2998
f 3146/2770/2998 3147/2771/2999 3148/2772/3000
f 3147/2771/2999 3149/2773/3001 3148/2772/3000
f 3148/2772/3000 3149/2773/3001 3150/2774/3002
f 3149/2773/3001 3151/1513/3003 3150/2774/3002
f 3150/2774/3002 3151/1513/3003 3152/2775/3004
f 3151/1513/3003 3153/1512/3005 3152/2775/3004
f 3152/2775/3004 3153/1512/3005 3154/2776/3006
f 3153/1512/3005 3155/2777/3007 3154/2776/3006
f 3154/2776/3006 3155/2777/3007 3156/2778/1785
f 3155/2777/3007 3157/1496/3008 3156/2778/1785
f 3156/2778/1785 3157/1496/3008 3158/2779/3009
f 3158/2779/3009 3157/1496/3008 3159/2780/3010
f 3157/1496/3008 3160/1498/3011 3159/2780/3010
f 3159/2780/3010 3160/1498/3011 3161/2781/3012
f 3160/1498/3011 3162/2782/3013 3161/2781/3012
f 3161/2781/3012 3162/2782/3013 3163/2783/3014
f 3162/2782/3013 3164/1504/3015 3163/2783/3014
f 3163/2783/3014 3164/1504/3015 3165/2784/3016
f 3164/1504/3015 3166/1503/3017 3165/2784/3016
f 3165/2784/3016 3166/1503/3017 3167/2785/1773
f 3166/1503/3017 3168/1510/3018 3167/2785/1773
f 3167/2785/1773 3168/1510/3018 3169/2786/3019
f 3168/1510/3018 3170/1509/3020 3169/2786/3019
f 3169/2786/3019 3170/1509/3020 3171/2787/1770
f 3170/1509/3020 3172/2788/3021 3171/2787/1770
f 3171/2787/1770 3172/2788/3021 3173/2789/3022
f 3172/2788/3021 3174/1460/3023 3173/2789/3022
f 3173/2789/3022 3174/1460/3023 3077/2725/2938
f 3172/2788/3021 3104/2739/2963 3174/1460/3023
f 3174/1460/3023 3104/2739/2963 3102/1458/2961
f 3174/1460/3023 3076/1459/2937 3077/2725/2938
f 3175/2741/3024 3172/2788/3021 3170/1509/3020
f 3166/1503/3017 3110/2744/2969 3168/1510/3018
f 3168/1510/3018 3110/2744/2969 3108/1508/2967
f 3176/1502/3025 3164/1504/3015 3162/2782/3013
f 3160/1498/3011 3116/1497/2973 3162/2782/3013
f 3162/2782/3013 3116/1497/2973 3114/2747/2971
f 3155/2777/3007 3120/2752/2976 3157/1496/3008
f 3120/2752/2976 3118/2750/2975 3157/1496/3008
f 3157/1496/3008 3118/2750/2975 3116/1497/2973
f 3149/2773/3001 3147/2771/2999 3126/2757/2981
f 3130/2761/2985 3128/2759/2983 3147/2771/2999
f 3147/2771/2999 3128/2759/2983 3126/2757/2981
f 3177/1505/1682 3132/1507/2987 3130/2761/2985
f 3178/2771/3026 3177/1505/1682 3130/2761/2985
f 3179/2773/3027 3126/2757/2981 3180/1513/3028
f 3180/1513/3028 3126/2757/2981 3124/1511/2980
f 3181/1512/3029 3124/1511/2980 3122/2754/2978
f 3182/1512/3030 3122/2754/2978 3120/2752/2976
f 3183/2777/3031 3182/1512/3030 3120/2752/2976
f 3184/2782/3032 3114/2747/2971 3112/1502/2970
f 3185/1503/3033 3112/1502/2970 3110/2744/2969
f 3186/1509/3034 3108/1508/2967 3106/2741/2965
f 3187/2788/3035 3106/2741/2965 3104/2739/2963
f 3188/1459/3036 3102/1458/2961 3100/2723/2959
f 3189/2724/3037 3100/2723/2959 3099/2736/2958
f 3190/2724/3037 3099/2736/2958 3080/2728/2941
f 3191/2727/3038 3190/2724/3037 3080/2728/2941
f 3081/2717/2942 3080/2728/2941 3095/2732/2955
f 3192/2717/3039 3095/2732/2955 3092/2718/2953
f 3194/217/3040 3193/221/3041 3195/218/3042
