# Blender 5.0.1
# www.blender.org
mtllib mdlManoIzquierdaC.mtl
o mdlChicaBrazoIzquierda
v 2.431828 4.440607 -16.196640
v 2.443875 4.413841 -16.171618
v 2.476731 4.430673 -16.169603
v 2.457382 4.455215 -16.196074
v 2.436768 4.477140 -16.212152
v 2.417722 4.462986 -16.213472
v 2.402622 4.431708 -16.202436
v 2.394658 4.461051 -16.219257
v 2.409608 4.401975 -16.177120
v 2.369867 4.432123 -16.204662
v 2.366711 4.464659 -16.223829
v 2.371252 4.397424 -16.179203
v 2.337795 4.440596 -16.201872
v 2.341133 4.402929 -16.172771
v 2.339588 4.370807 -16.142456
v 2.333720 4.406990 -16.171408
v 2.330094 4.442430 -16.198614
v 2.332139 4.372416 -16.137148
v 2.331079 4.411791 -16.168446
v 2.329498 4.377217 -16.134188
v 2.333194 4.342931 -16.094233
v 2.330552 4.347733 -16.091270
v 2.332963 4.386531 -16.127270
v 2.332318 4.359788 -16.085947
v 2.334633 4.342811 -16.041803
v 2.331384 4.330819 -16.042728
v 2.335241 4.338468 -15.987633
v 2.333693 4.323734 -15.986966
v 2.334727 4.341315 -15.938843
v 2.333720 4.328580 -15.938023
v 2.335508 4.359122 -15.892769
v 2.331571 4.348964 -15.887092
v 2.334772 4.378288 -15.858986
v 2.333871 4.369160 -15.849360
v 2.331795 4.398196 -15.826949
v 2.329878 4.403615 -15.834533
v 2.331890 4.425335 -15.815540
v 2.332361 4.422430 -15.807501
v 2.333903 4.447055 -15.796549
v 2.334373 4.444150 -15.788508
v 2.362646 4.448967 -15.810410
v 2.365104 4.445547 -15.802671
v 2.393377 4.450365 -15.824573
v 2.338026 4.438442 -15.783277
v 2.398077 4.446203 -15.815088
v 2.368757 4.439839 -15.797440
v 2.343162 4.432672 -15.782443
v 2.399489 4.441236 -15.811603
v 2.371364 4.432586 -15.796458
v 2.344150 4.409531 -15.793544
v 2.375246 4.404416 -15.808472
v 2.400106 4.434499 -15.810319
v 2.408366 4.401238 -15.827645
v 2.454309 4.427628 -15.855657
v 2.455680 4.433851 -15.857243
v 2.492385 4.427559 -15.904566
v 2.452821 4.441331 -15.860272
v 2.491226 4.432299 -15.906003
v 2.482007 4.435493 -15.915036
v 2.445050 4.442011 -15.869761
v 2.507320 4.430543 -15.939756
v 2.511550 4.429286 -15.938313
v 2.531475 4.434081 -15.986548
v 2.521026 4.437111 -15.989134
v 2.541421 4.439002 -16.029329
v 2.530972 4.442032 -16.031914
v 2.542795 4.452723 -16.072184
v 2.533393 4.457298 -16.070517
v 2.524571 4.473822 -16.113907
v 2.534009 4.471698 -16.119516
v 2.518172 4.484473 -16.145617
v 2.509529 4.488369 -16.137804
v 2.493510 4.506275 -16.173838
v 2.486315 4.507657 -16.166483
v 2.466536 4.523914 -16.195921
v 2.459052 4.523071 -16.186670
v 2.434643 4.544646 -16.212845
v 2.429941 4.545059 -16.201694
v 2.398012 4.563339 -16.214676
v 2.401267 4.565439 -16.225368
v 2.378268 4.578300 -16.227423
v 2.375014 4.576199 -16.216728
v 2.353751 4.588770 -16.221132
v 2.353823 4.593674 -16.229019
v 2.348661 4.573460 -16.228512
v 2.347143 4.571070 -16.220169
v 2.341764 4.553535 -16.225655
v 2.343317 4.554627 -16.217306
v 2.336719 4.513395 -16.218946
v 2.338813 4.516487 -16.210443
v 2.334198 4.484631 -16.200768
v 2.329573 4.480056 -16.209122
v 2.332582 4.451354 -16.183199
v 2.327705 4.447005 -16.193604
v 2.334256 4.418880 -16.159634
v 2.337155 4.511787 -16.227598
v 2.332251 4.477706 -16.216026
v 2.341820 4.508922 -16.234804
v 2.339952 4.475871 -16.219286
v 2.365107 4.498287 -16.234646
v 2.392108 4.510380 -16.234537
v 2.369434 4.527917 -16.242428
v 2.388612 4.484974 -16.228495
v 2.415577 4.494616 -16.224443
v 2.407521 4.479430 -16.223022
v 2.452126 4.494551 -16.212122
v 2.424463 4.514025 -16.227604
v 2.397558 4.532819 -16.236937
v 2.464553 4.514538 -16.207237
v 2.433202 4.537268 -16.224007
v 2.399537 4.555837 -16.234636
v 2.467478 4.521853 -16.200474
v 2.435332 4.542811 -16.219446
v 2.401667 4.561380 -16.230076
v 2.380263 4.567893 -16.239344
v 2.378416 4.574466 -16.234179
v 2.359000 4.580464 -16.243748
v 2.355164 4.587553 -16.238281
v 2.348556 4.569853 -16.237318
v 2.354669 4.564474 -16.244982
v 2.344189 4.551412 -16.234608
v 2.349107 4.548320 -16.239767
v 2.376332 4.547843 -16.245285
v 2.493516 4.496383 -16.185457
v 2.495646 4.501926 -16.180897
v 2.518431 4.474355 -16.155186
v 2.520561 4.479898 -16.150627
v 2.536473 4.458386 -16.123398
v 2.536109 4.464897 -16.122631
v 2.544213 4.437865 -16.080315
v 2.545437 4.447921 -16.075144
v 2.545080 4.423402 -16.035715
v 2.545510 4.431686 -16.032747
v 2.534081 4.426828 -15.985568
v 2.533362 4.416319 -15.986641
v 2.514156 4.422032 -15.937332
v 2.511990 4.414037 -15.937949
v 2.520611 4.391655 -15.985689
v 2.500433 4.387085 -15.939503
v 2.492460 4.418822 -15.903437
v 2.480756 4.395704 -15.898233
v 2.457414 4.368011 -15.904729
v 2.446440 4.397420 -15.855921
v 2.434196 4.376052 -15.871506
v 2.421839 4.360969 -15.884278
v 2.405559 4.377746 -15.848841
v 2.433055 4.351116 -15.907800
v 2.403088 4.339148 -15.899110
v 2.401365 4.323402 -15.940631
v 2.442211 4.340624 -15.943768
v 2.403615 4.320265 -15.991771
v 2.450933 4.335489 -15.991719
v 2.475896 4.361680 -15.943493
v 2.492714 4.360542 -15.987791
v 2.455637 4.342573 -16.044138
v 2.496336 4.363629 -16.040518
v 2.527921 4.391485 -16.037127
v 2.494709 4.378770 -16.091263
v 2.526295 4.406627 -16.087872
v 2.487800 4.403515 -16.136086
v 2.521916 4.432856 -16.132843
v 2.503256 4.455563 -16.165915
v 2.481125 4.478848 -16.194286
v 2.451873 4.383201 -16.138107
v 2.454552 4.359714 -16.094728
v 2.413489 4.345169 -16.097582
v 2.414574 4.328029 -16.046991
v 2.375929 4.321253 -16.047180
v 2.370073 4.337652 -16.099369
v 2.345958 4.322925 -16.047504
v 2.374802 4.317198 -15.990659
v 2.347072 4.318128 -15.989238
v 2.370816 4.320623 -15.937167
v 2.345075 4.321038 -15.936049
v 2.372251 4.334144 -15.893752
v 2.344121 4.339134 -15.887623
v 2.401052 4.356995 -15.871627
v 2.374298 4.354567 -15.858069
v 2.344432 4.359845 -15.849589
v 2.372691 4.380698 -15.827619
v 2.339390 4.389006 -15.818379
v 2.336014 4.416722 -15.802268
v 2.335448 4.392488 -15.821717
v 2.337018 4.363905 -15.848225
v 2.336707 4.343194 -15.886259
v 2.337409 4.325325 -15.936733
v 2.339118 4.320189 -15.988028
v 2.336015 4.325502 -16.045992
v 2.341149 4.340870 -16.095444
v 2.366776 4.367878 -16.144032
v 2.411351 4.370656 -16.140806
v 3.050559 5.192144 -16.110970
v 2.910036 5.227581 -16.089705
v 2.910185 5.229723 -16.092379
v 3.050823 5.194183 -16.112705
v 2.910201 5.230846 -16.094185
v 3.051750 5.195070 -16.114649
v 2.911013 5.231837 -16.097067
v 3.051651 5.196297 -16.117393
v 2.910781 5.232045 -16.098944
v 3.052214 5.196372 -16.120346
v 2.911344 5.232120 -16.101896
v 3.051982 5.196580 -16.122223
v 2.910749 5.231516 -16.104782
v 3.051387 5.195975 -16.125109
v 2.910269 5.230808 -16.106730
v 3.050907 5.195268 -16.127056
v 2.909542 5.229184 -16.108747
v 3.050975 5.193512 -16.130152
v 2.908814 5.227561 -16.110765
v 3.050363 5.191784 -16.131231
v 3.049635 5.190161 -16.133249
v 2.907954 5.224918 -16.111916
v 3.048892 5.187415 -16.133461
v 2.907342 5.223191 -16.112995
v 3.047121 5.185008 -16.134472
v 2.906483 5.220548 -16.114145
v 3.046493 5.182158 -16.133745
v 2.905854 5.217698 -16.113419
v 3.045997 5.180327 -16.133886
v 2.904563 5.216000 -16.112484
v 3.044573 5.177609 -16.132084
v 2.903935 5.213149 -16.111757
v 3.044309 5.175570 -16.130348
v 2.903671 5.211111 -16.110022
v 3.044045 5.173532 -16.128613
v 2.902496 5.209308 -16.108149
v 3.043118 5.172645 -16.126669
v 2.902479 5.208185 -16.106342
v 3.043217 5.171418 -16.123924
v 2.901668 5.207195 -16.103458
v 3.042654 5.171343 -16.120970
v 2.902015 5.206883 -16.100643
v 3.042885 5.171135 -16.119093
v 2.902247 5.206676 -16.098768
v 3.043481 5.171740 -16.116209
v 2.901932 5.207516 -16.095743
v 3.043298 5.173599 -16.114052
v 2.902527 5.208120 -16.092857
v 3.043893 5.174203 -16.111166
v 2.903255 5.209743 -16.090839
v 3.044753 5.176846 -16.110016
v 2.904842 5.214010 -16.087671
v 3.045480 5.178470 -16.107998
v 2.903867 5.211471 -16.089760
v 2.905454 5.215737 -16.086592
v 3.046224 5.181216 -16.107786
v 2.906198 5.218483 -16.086380
v 3.046836 5.182943 -16.106707
v 2.906826 5.221334 -16.087107
v 3.048375 5.185557 -16.107573
v 2.908481 5.223844 -16.087034
v 3.049119 5.188304 -16.107361
v 2.908745 5.225883 -16.088768
v 3.049384 5.190342 -16.109095
v 2.910036 5.227581 -16.089705
v 3.050559 5.192144 -16.110970
v 2.863262 4.975011 -16.071369
v 2.857861 4.979203 -16.068312
v 2.857711 4.985025 -16.079218
v 2.861406 4.981202 -16.081060
v 2.868430 4.971027 -16.076303
v 2.865117 4.978502 -16.084709
v 2.871662 4.967620 -16.081900
v 2.867006 4.976274 -16.088081
v 2.875025 4.965231 -16.088364
v 2.869822 4.974934 -16.093397
v 2.876451 4.963418 -16.095490
v 2.870817 4.974065 -16.098436
v 2.877214 4.962757 -16.102406
v 2.871811 4.973197 -16.103476
v 2.877198 4.963351 -16.110050
v 2.870984 4.972799 -16.108238
v 2.870289 4.973422 -16.113869
v 2.875361 4.964417 -16.117418
v 2.868137 4.975328 -16.118212
v 2.872612 4.965719 -16.124647
v 2.865983 4.977235 -16.122555
v 2.869565 4.968985 -16.130659
v 2.862009 4.979613 -16.126623
v 2.864812 4.972619 -16.135454
v 2.858514 4.982700 -16.128742
v 2.859263 4.976385 -16.139174
v 2.855019 4.985786 -16.130861
v 2.854079 4.980963 -16.141884
v 2.850729 4.989005 -16.131905
v 2.848215 4.985569 -16.142578
v 2.846919 4.992932 -16.130999
v 2.842467 4.990071 -16.142336
v 2.842860 4.995943 -16.130165
v 2.837198 4.995282 -16.140144
v 2.839034 4.998747 -16.127455
v 2.831798 4.999474 -16.137087
v 2.835207 5.001551 -16.124744
v 2.827540 5.003222 -16.132290
v 2.833433 5.003675 -16.120434
v 2.823398 5.006865 -16.126554
v 2.830749 5.006035 -16.115986
v 2.820946 5.009018 -16.120230
v 2.818361 5.010151 -16.113037
v 2.829755 5.006904 -16.110947
v 2.817846 5.011728 -16.106050
v 2.828876 5.007668 -16.104969
v 2.818772 5.010898 -16.098543
v 2.829455 5.007150 -16.100277
v 2.830150 5.006527 -16.094646
v 2.819699 5.010068 -16.091038
v 2.832551 5.005536 -16.090233
v 2.822199 5.007850 -16.083879
v 2.834703 5.003630 -16.085890
v 2.826406 5.005264 -16.077936
v 2.838314 5.000440 -16.082830
v 2.830248 5.001866 -16.073002
v 2.835796 4.998100 -16.069283
v 2.842173 4.998165 -16.079702
v 2.840981 4.993523 -16.066572
v 2.845668 4.995078 -16.077583
v 2.846845 4.988916 -16.065878
v 2.849594 4.991048 -16.077549
v 2.852345 4.983498 -16.066191
v 2.853769 4.987933 -16.077446
v 2.667587 4.760766 -16.052589
v 2.674677 4.755083 -16.055058
v 2.664679 4.749741 -16.065983
v 2.659163 4.754036 -16.063864
v 2.652504 4.758775 -16.063480
v 2.659603 4.767807 -16.051790
v 2.647551 4.763145 -16.064314
v 2.652049 4.773905 -16.053076
v 2.641456 4.767959 -16.066887
v 2.644927 4.779059 -16.056446
v 2.638484 4.784184 -16.061832
v 2.636818 4.771489 -16.070744
v 2.632836 4.789176 -16.068296
v 2.632065 4.775123 -16.075541
v 2.628646 4.792886 -16.076046
v 2.629018 4.778388 -16.081551
v 2.625119 4.795443 -16.084003
v 2.626269 4.779691 -16.088779
v 2.622934 4.796821 -16.094187
v 2.624796 4.781568 -16.095139
v 2.624532 4.781247 -16.102856
v 2.622439 4.796707 -16.103779
v 2.625179 4.780690 -16.110708
v 2.623765 4.796121 -16.113649
v 2.626605 4.778877 -16.117834
v 2.625738 4.793260 -16.121922
v 2.629968 4.776488 -16.124298
v 2.629533 4.789927 -16.130470
v 2.633200 4.773080 -16.129894
v 2.634354 4.786255 -16.138220
v 2.640186 4.781119 -16.143364
v 2.637573 4.769228 -16.133753
v 2.647045 4.775645 -16.147709
v 2.642858 4.765141 -16.137749
v 2.654135 4.769962 -16.150177
v 2.653990 4.755324 -16.139244
v 2.661208 4.763156 -16.150839
v 2.648490 4.760742 -16.138931
v 2.659854 4.750718 -16.138550
v 2.668762 4.757059 -16.149553
v 2.666197 4.746819 -16.135906
v 2.675884 4.751905 -16.146181
v 2.670587 4.742374 -16.132120
v 2.683122 4.746647 -16.141872
v 2.675340 4.738740 -16.127325
v 2.688770 4.741654 -16.135408
v 2.678636 4.736390 -16.121243
v 2.692960 4.737946 -16.127659
v 2.681020 4.734276 -16.115023
v 2.696602 4.735284 -16.118763
v 2.682858 4.733210 -16.107655
v 2.698672 4.734011 -16.109518
v 2.699167 4.734125 -16.099926
v 2.683121 4.733531 -16.099939
v 2.698089 4.735626 -16.089985
v 2.682474 4.734089 -16.092085
v 2.695983 4.737467 -16.080845
v 2.680800 4.734986 -16.085030
v 2.692189 4.740800 -16.072296
v 2.677685 4.738290 -16.078495
v 2.687252 4.744576 -16.065485
v 2.674206 4.740783 -16.072969
v 2.681536 4.749608 -16.059402
v 2.669832 4.744634 -16.069113
v 2.674677 4.755083 -16.055058
v 2.664679 4.749741 -16.065983
v 2.637590 4.707848 -16.068235
v 2.633101 4.711802 -16.065315
v 2.641807 4.715446 -16.053455
v 2.648418 4.709055 -16.057871
v 2.642759 4.703864 -16.073172
v 2.654134 4.704023 -16.063951
v 2.645990 4.700456 -16.078768
v 2.659071 4.700247 -16.070765
v 2.649354 4.698067 -16.085230
v 2.662865 4.696915 -16.079313
v 2.650779 4.696254 -16.092356
v 2.665766 4.694941 -16.089531
v 2.651542 4.695593 -16.099272
v 2.666844 4.693439 -16.099470
v 2.651279 4.695271 -16.106987
v 2.665438 4.693562 -16.108925
v 2.663369 4.694835 -16.118168
v 2.649441 4.696338 -16.114355
v 2.660637 4.697260 -16.127205
v 2.647057 4.698452 -16.120575
v 2.655420 4.701309 -16.135754
v 2.643761 4.700801 -16.126657
v 2.649772 4.706302 -16.142216
v 2.638892 4.704539 -16.132391
v 2.643329 4.711428 -16.147602
v 2.633592 4.709220 -16.136040
v 2.635544 4.717732 -16.150764
v 2.628523 4.713695 -16.137812
v 2.627991 4.723830 -16.152050
v 2.622544 4.718405 -16.139444
v 2.620669 4.729721 -16.151459
v 2.616795 4.722907 -16.139202
v 2.612916 4.736555 -16.148783
v 2.611279 4.727202 -16.137081
v 2.606058 4.742030 -16.144438
v 2.605879 4.731394 -16.134024
v 2.600342 4.747061 -16.138355
v 2.601621 4.735141 -16.129227
v 2.594494 4.751074 -16.131407
v 2.597478 4.738785 -16.123493
v 2.590815 4.754303 -16.121918
v 2.595026 4.740938 -16.117167
v 2.588958 4.757059 -16.112707
v 2.592689 4.742987 -16.109903
v 2.587632 4.757646 -16.102839
v 2.592042 4.743545 -16.102049
v 2.588127 4.757759 -16.093246
v 2.593101 4.743733 -16.095411
v 2.594028 4.742903 -16.087904
v 2.590312 4.756382 -16.083063
v 2.596528 4.740686 -16.080746
v 2.593955 4.753721 -16.074165
v 2.600734 4.738100 -16.074802
v 2.599056 4.749775 -16.066555
v 2.604577 4.734702 -16.069868
v 2.604703 4.744783 -16.060091
v 2.609877 4.730021 -16.066219
v 2.611146 4.739657 -16.054705
v 2.615062 4.725443 -16.063509
v 2.618021 4.733588 -16.051405
v 2.620925 4.720836 -16.062815
v 2.626485 4.727255 -16.050259
v 2.626673 4.716333 -16.063057
v 2.633806 4.721364 -16.050848
v 2.633101 4.711802 -16.065315
v 2.641807 4.715446 -16.053455
v 2.631694 4.710207 -16.065319
v 2.611866 4.686859 -16.064489
v 2.606349 4.691154 -16.062368
v 2.625267 4.714739 -16.063061
v 2.619518 4.719241 -16.062817
v 2.600601 4.695657 -16.062126
v 2.613655 4.723848 -16.063513
v 2.594738 4.700264 -16.062820
v 2.608470 4.728426 -16.066221
v 2.589553 4.704842 -16.065531
v 2.604080 4.732871 -16.070009
v 2.584253 4.709523 -16.069180
v 2.580410 4.712921 -16.074114
v 2.599327 4.736505 -16.074804
v 2.576204 4.715507 -16.080057
v 2.596032 4.738855 -16.080887
v 2.573703 4.717724 -16.087215
v 2.592621 4.741308 -16.087908
v 2.571866 4.718790 -16.094584
v 2.591694 4.742138 -16.095413
v 2.590635 4.741950 -16.102053
v 2.571602 4.718469 -16.102299
v 2.591282 4.741392 -16.109907
v 2.572365 4.717808 -16.109215
v 2.593619 4.739343 -16.117170
v 2.573791 4.715995 -16.116341
v 2.596072 4.737190 -16.123495
v 2.577155 4.713606 -16.122805
v 2.600214 4.733546 -16.129230
v 2.581297 4.709962 -16.128538
v 2.604472 4.729799 -16.134026
v 2.585555 4.706215 -16.133335
v 2.609872 4.725607 -16.137085
v 2.590955 4.702024 -16.136393
v 2.615389 4.721313 -16.139204
v 2.596472 4.697728 -16.138514
v 2.602219 4.693225 -16.138756
v 2.621137 4.716810 -16.139448
v 2.608083 4.688619 -16.138062
v 2.627116 4.712100 -16.137815
v 2.613268 4.684042 -16.135351
v 2.633096 4.707389 -16.136181
v 2.618568 4.679360 -16.131702
v 2.637486 4.702944 -16.132395
v 2.642354 4.699206 -16.126659
v 2.622411 4.675962 -16.126768
v 2.645650 4.696856 -16.120579
v 2.626617 4.673376 -16.120825
v 2.648034 4.694743 -16.114357
v 2.629117 4.671158 -16.113667
v 2.649872 4.693677 -16.106991
v 2.631218 4.670414 -16.098583
v 2.650136 4.693998 -16.099274
v 2.630955 4.670092 -16.106298
v 2.630455 4.671075 -16.091667
v 2.649373 4.694659 -16.092358
v 2.629030 4.672888 -16.084541
v 2.647947 4.696472 -16.085234
v 2.625666 4.675277 -16.078079
v 2.644583 4.698861 -16.078770
v 2.621524 4.678921 -16.072344
v 2.641352 4.702269 -16.073174
v 2.617266 4.682668 -16.067547
v 2.636183 4.706253 -16.068239
v 2.611866 4.686859 -16.064489
v 2.631694 4.710207 -16.065319
v 2.650231 4.731857 -16.065212
v 2.641807 4.715446 -16.053455
v 2.633806 4.721364 -16.050848
v 2.644962 4.737068 -16.063023
v 2.638303 4.741806 -16.062641
v 2.626485 4.727255 -16.050259
v 2.633235 4.746281 -16.064413
v 2.618021 4.733588 -16.051405
v 2.627255 4.750990 -16.066046
v 2.611146 4.739657 -16.054705
v 2.622617 4.754520 -16.069902
v 2.604703 4.744783 -16.060091
v 2.617748 4.758258 -16.075638
v 2.599056 4.749775 -16.066555
v 2.614701 4.761524 -16.081648
v 2.593955 4.753721 -16.074165
v 2.612069 4.762722 -16.087940
v 2.590312 4.756382 -16.083063
v 2.610231 4.763788 -16.095308
v 2.588127 4.757759 -16.093246
v 2.587632 4.757646 -16.102839
v 2.610215 4.764382 -16.102953
v 2.588958 4.757059 -16.112707
v 2.610978 4.763721 -16.109869
v 2.590815 4.754303 -16.121918
v 2.612404 4.761908 -16.116993
v 2.594494 4.751074 -16.131407
v 2.614857 4.759756 -16.123320
v 2.600342 4.747061 -16.138355
v 2.618999 4.756112 -16.129053
v 2.606058 4.742030 -16.144438
v 2.623257 4.752364 -16.133850
v 2.612916 4.736555 -16.148783
v 2.628657 4.748172 -16.136908
v 2.620669 4.729721 -16.151459
v 2.634174 4.743877 -16.139029
v 2.639674 4.738460 -16.139341
v 2.627991 4.723830 -16.152050
v 2.645537 4.733853 -16.138647
v 2.635544 4.717732 -16.150764
v 2.651633 4.729039 -16.136076
v 2.643329 4.711428 -16.147602
v 2.656271 4.725509 -16.132217
v 2.649772 4.706302 -16.142216
v 2.655420 4.701309 -16.135754
v 2.661024 4.721875 -16.127422
v 2.660637 4.697260 -16.127205
v 2.664319 4.719525 -16.121340
v 2.663369 4.694835 -16.118168
v 2.666819 4.717308 -16.114182
v 2.665438 4.693562 -16.108925
v 2.668657 4.716241 -16.106813
v 2.668557 4.715751 -16.100107
v 2.666844 4.693439 -16.099470
v 2.668158 4.717224 -16.092182
v 2.665766 4.694941 -16.089531
v 2.666484 4.718122 -16.085127
v 2.662865 4.696915 -16.079313
v 2.663368 4.721426 -16.078592
v 2.654134 4.704023 -16.063951
v 2.659889 4.723918 -16.073069
v 2.659071 4.700247 -16.070765
v 2.648418 4.709055 -16.057871
v 2.655631 4.727666 -16.068272
v 2.641807 4.715446 -16.053455
v 2.650231 4.731857 -16.065212
v 2.659163 4.754036 -16.063864
v 2.664679 4.749741 -16.065983
v 2.650231 4.731857 -16.065212
v 2.644962 4.737068 -16.063023
v 2.652504 4.758775 -16.063480
v 2.638303 4.741806 -16.062641
v 2.647551 4.763145 -16.064314
v 2.633235 4.746281 -16.064413
v 2.641456 4.767959 -16.066887
v 2.627255 4.750990 -16.066046
v 2.636818 4.771489 -16.070744
v 2.622617 4.754520 -16.069902
v 2.617748 4.758258 -16.075638
v 2.632065 4.775123 -16.075541
v 2.614701 4.761524 -16.081648
v 2.629018 4.778388 -16.081551
v 2.612069 4.762722 -16.087940
v 2.626269 4.779691 -16.088779
v 2.610231 4.763788 -16.095308
v 2.624796 4.781568 -16.095139
v 2.624532 4.781247 -16.102856
v 2.610215 4.764382 -16.102953
v 2.625179 4.780690 -16.110708
v 2.610978 4.763721 -16.109869
v 2.626605 4.778877 -16.117834
v 2.612404 4.761908 -16.116993
v 2.629968 4.776488 -16.124298
v 2.614857 4.759756 -16.123320
v 2.633200 4.773080 -16.129894
v 2.618999 4.756112 -16.129053
v 2.637573 4.769228 -16.133753
v 2.628657 4.748172 -16.136908
v 2.642858 4.765141 -16.137749
v 2.623257 4.752364 -16.133850
v 2.634174 4.743877 -16.139029
v 2.648490 4.760742 -16.138931
v 2.639674 4.738460 -16.139341
v 2.653990 4.755324 -16.139244
v 2.645537 4.733853 -16.138647
v 2.659854 4.750718 -16.138550
v 2.651633 4.729039 -16.136076
v 2.666197 4.746819 -16.135906
v 2.656271 4.725509 -16.132217
v 2.670587 4.742374 -16.132120
v 2.675340 4.738740 -16.127325
v 2.661024 4.721875 -16.127422
v 2.678636 4.736390 -16.121243
v 2.664319 4.719525 -16.121340
v 2.681020 4.734276 -16.115023
v 2.666819 4.717308 -16.114182
v 2.682858 4.733210 -16.107655
v 2.668557 4.715751 -16.100107
v 2.683121 4.733531 -16.099939
v 2.668657 4.716241 -16.106813
v 2.668158 4.717224 -16.092182
v 2.682474 4.734089 -16.092085
v 2.666484 4.718122 -16.085127
v 2.680800 4.734986 -16.085030
v 2.663368 4.721426 -16.078592
v 2.677685 4.738290 -16.078495
v 2.659889 4.723918 -16.073069
v 2.674206 4.740783 -16.072969
v 2.655631 4.727666 -16.068272
v 2.669832 4.744634 -16.069113
v 2.664679 4.749741 -16.065983
v 2.650231 4.731857 -16.065212
v 2.683216 4.771390 -16.065878
v 2.674677 4.755083 -16.055058
v 2.667587 4.760766 -16.052589
v 2.676789 4.775921 -16.063618
v 2.671041 4.780424 -16.063375
v 2.659603 4.767807 -16.051790
v 2.665177 4.785031 -16.064070
v 2.652049 4.773905 -16.053076
v 2.659993 4.789608 -16.066780
v 2.644927 4.779059 -16.056446
v 2.655355 4.793139 -16.070639
v 2.638484 4.784184 -16.061832
v 2.650602 4.796772 -16.075434
v 2.632836 4.789176 -16.068296
v 2.647555 4.800037 -16.081446
v 2.628646 4.792886 -16.076046
v 2.644144 4.802492 -16.088465
v 2.625119 4.795443 -16.084003
v 2.643217 4.803321 -16.095972
v 2.622934 4.796821 -16.094187
v 2.622439 4.796707 -16.103779
v 2.642042 4.803236 -16.103548
v 2.623765 4.796121 -16.113649
v 2.642805 4.802575 -16.110464
v 2.625738 4.793260 -16.121922
v 2.645142 4.800526 -16.117729
v 2.629533 4.789927 -16.130470
v 2.647594 4.798373 -16.124054
v 2.634354 4.786255 -16.138220
v 2.651737 4.794729 -16.129787
v 2.640186 4.781119 -16.143364
v 2.655995 4.790982 -16.134584
v 2.647045 4.775645 -16.147709
v 2.661395 4.786790 -16.137642
v 2.654135 4.769962 -16.150177
v 2.666911 4.782495 -16.139763
v 2.672411 4.777077 -16.140078
v 2.661208 4.763156 -16.150839
v 2.678275 4.772471 -16.139381
v 2.668762 4.757059 -16.149553
v 2.684618 4.768572 -16.136740
v 2.675884 4.751905 -16.146181
v 2.689008 4.764127 -16.132952
v 2.683122 4.746647 -16.141872
v 2.688770 4.741654 -16.135408
v 2.693762 4.760493 -16.128157
v 2.692960 4.737946 -16.127659
v 2.697057 4.758143 -16.122074
v 2.696602 4.735284 -16.118763
v 2.699557 4.755926 -16.114916
v 2.698672 4.734011 -16.109518
v 2.701395 4.754859 -16.107548
v 2.701658 4.755181 -16.099833
v 2.699167 4.734125 -16.099926
v 2.700895 4.755842 -16.092916
v 2.698089 4.735626 -16.089985
v 2.699222 4.756740 -16.085863
v 2.695983 4.737467 -16.080845
v 2.696106 4.760044 -16.079329
v 2.687252 4.744576 -16.065485
v 2.692627 4.762536 -16.073803
v 2.692189 4.740800 -16.072296
v 2.681536 4.749608 -16.059402
v 2.687458 4.766520 -16.068867
v 2.674677 4.755083 -16.055058
v 2.683216 4.771390 -16.065878
v 2.857711 4.985025 -16.079218
v 2.853769 4.987933 -16.077446
v 2.849594 4.991048 -16.077549
v 2.861406 4.981202 -16.081060
v 2.845668 4.995078 -16.077583
v 2.865117 4.978502 -16.084709
v 2.842173 4.998165 -16.079702
v 2.867006 4.976274 -16.088081
v 2.838314 5.000440 -16.082830
v 2.869822 4.974934 -16.093397
v 2.834703 5.003630 -16.085890
v 2.870817 4.974065 -16.098436
v 2.832551 5.005536 -16.090233
v 2.871811 4.973197 -16.103476
v 2.830150 5.006527 -16.094646
v 2.870984 4.972799 -16.108238
v 2.829455 5.007150 -16.100277
v 2.870289 4.973422 -16.113869
v 2.828876 5.007668 -16.104969
v 2.868137 4.975328 -16.118212
v 2.829755 5.006904 -16.110947
v 2.865983 4.977235 -16.122555
v 2.830749 5.006035 -16.115986
v 2.862009 4.979613 -16.126623
v 2.833433 5.003675 -16.120434
v 2.858514 4.982700 -16.128742
v 2.835207 5.001551 -16.124744
v 2.855019 4.985786 -16.130861
v 2.839034 4.998747 -16.127455
v 2.850729 4.989005 -16.131905
v 2.842860 4.995943 -16.130165
v 2.846919 4.992932 -16.130999
v 2.594694 4.687833 -16.068047
v 2.599779 4.684482 -16.068081
v 2.604384 4.680423 -16.070063
v 2.608874 4.676468 -16.072981
v 2.589741 4.692204 -16.068880
v 2.612585 4.673768 -16.076630
v 2.585335 4.695526 -16.070860
v 2.616180 4.671172 -16.081217
v 2.580698 4.699056 -16.074718
v 2.617837 4.669151 -16.086466
v 2.576971 4.702350 -16.078714
v 2.619379 4.667234 -16.092653
v 2.574702 4.704360 -16.083996
v 2.620258 4.666470 -16.098631
v 2.572433 4.706370 -16.089279
v 2.619447 4.667196 -16.105198
v 2.570828 4.707229 -16.094770
v 2.618752 4.667819 -16.110828
v 2.570680 4.706803 -16.101547
v 2.616368 4.669932 -16.117048
v 2.570896 4.707190 -16.107315
v 2.613188 4.672179 -16.122192
v 2.572437 4.705274 -16.113503
v 2.609214 4.674557 -16.126259
v 2.575006 4.703017 -16.118889
v 2.605603 4.677747 -16.129316
v 2.578601 4.700421 -16.123476
v 2.600534 4.682221 -16.131088
v 2.582064 4.696805 -16.127195
v 2.596244 4.685440 -16.132132
v 2.586801 4.693766 -16.130045
v 2.591407 4.689707 -16.132027
v 2.633101 4.711802 -16.065315
v 2.631694 4.710207 -16.065319
v 2.625267 4.714739 -16.063061
v 2.626673 4.716333 -16.063057
v 2.620925 4.720836 -16.062815
v 2.619518 4.719241 -16.062817
v 2.615062 4.725443 -16.063509
v 2.613655 4.723848 -16.063513
v 2.609877 4.730021 -16.066219
v 2.608470 4.728426 -16.066221
v 2.604577 4.734702 -16.069868
v 2.604080 4.732871 -16.070009
v 2.599327 4.736505 -16.074804
v 2.600734 4.738100 -16.074802
v 2.596032 4.738855 -16.080887
v 2.596528 4.740686 -16.080746
v 2.592621 4.741308 -16.087908
v 2.594028 4.742903 -16.087904
v 2.591694 4.742138 -16.095413
v 2.593101 4.743733 -16.095411
v 2.592042 4.743545 -16.102049
v 2.590635 4.741950 -16.102053
v 2.592689 4.742987 -16.109903
v 2.591282 4.741392 -16.109907
v 2.595026 4.740938 -16.117167
v 2.593619 4.739343 -16.117170
v 2.597478 4.738785 -16.123493
v 2.596072 4.737190 -16.123495
v 2.601621 4.735141 -16.129227
v 2.600214 4.733546 -16.129230
v 2.605879 4.731394 -16.134024
v 2.604472 4.729799 -16.134026
v 2.611279 4.727202 -16.137081
v 2.609872 4.725607 -16.137085
v 2.616795 4.722907 -16.139202
v 2.621137 4.716810 -16.139448
v 2.622544 4.718405 -16.139444
v 2.615389 4.721313 -16.139204
v 2.627116 4.712100 -16.137815
v 2.628523 4.713695 -16.137812
v 2.633096 4.707389 -16.136181
v 2.633592 4.709220 -16.136040
v 2.637486 4.702944 -16.132395
v 2.638892 4.704539 -16.132391
v 2.643761 4.700801 -16.126657
v 2.642354 4.699206 -16.126659
v 2.647057 4.698452 -16.120575
v 2.645650 4.696856 -16.120579
v 2.649441 4.696338 -16.114355
v 2.648034 4.694743 -16.114357
v 2.651279 4.695271 -16.106987
v 2.650136 4.693998 -16.099274
v 2.651542 4.695593 -16.099272
v 2.649872 4.693677 -16.106991
v 2.649373 4.694659 -16.092358
v 2.650779 4.696254 -16.092356
v 2.647947 4.696472 -16.085234
v 2.649354 4.698067 -16.085230
v 2.644583 4.698861 -16.078770
v 2.645990 4.700456 -16.078768
v 2.641352 4.702269 -16.073174
v 2.642759 4.703864 -16.073172
v 2.636183 4.706253 -16.068239
v 2.637590 4.707848 -16.068235
v 2.631694 4.710207 -16.065319
v 2.633101 4.711802 -16.065315
v 2.687458 4.766520 -16.068867
v 2.683216 4.771390 -16.065878
v 2.857861 4.979203 -16.068312
v 2.863262 4.975011 -16.071369
v 2.868430 4.971027 -16.076303
v 2.692627 4.762536 -16.073803
v 2.871662 4.967620 -16.081900
v 2.696106 4.760044 -16.079329
v 2.875025 4.965231 -16.088364
v 2.699222 4.756740 -16.085863
v 2.876451 4.963418 -16.095490
v 2.700895 4.755842 -16.092916
v 2.877214 4.962757 -16.102406
v 2.701658 4.755181 -16.099833
v 2.877198 4.963351 -16.110050
v 2.701395 4.754859 -16.107548
v 2.699557 4.755926 -16.114916
v 2.875361 4.964417 -16.117418
v 2.697057 4.758143 -16.122074
v 2.872612 4.965719 -16.124647
v 2.693762 4.760493 -16.128157
v 2.869565 4.968985 -16.130659
v 2.689008 4.764127 -16.132952
v 2.864812 4.972619 -16.135454
v 2.859263 4.976385 -16.139174
v 2.684618 4.768572 -16.136740
v 2.854079 4.980963 -16.141884
v 2.678275 4.772471 -16.139381
v 2.848215 4.985569 -16.142578
v 2.672411 4.777077 -16.140078
v 2.842467 4.990071 -16.142336
v 2.666911 4.782495 -16.139763
v 2.837198 4.995282 -16.140144
v 2.661395 4.786790 -16.137642
v 2.831798 4.999474 -16.137087
v 2.655995 4.790982 -16.134584
v 2.651737 4.794729 -16.129787
v 2.827540 5.003222 -16.132290
v 2.647594 4.798373 -16.124054
v 2.823398 5.006865 -16.126554
v 2.645142 4.800526 -16.117729
v 2.820946 5.009018 -16.120230
v 2.642805 4.802575 -16.110464
v 2.818361 5.010151 -16.113037
v 2.642042 4.803236 -16.103548
v 2.817846 5.011728 -16.106050
v 2.643217 4.803321 -16.095972
v 2.819699 5.010068 -16.091038
v 2.644144 4.802492 -16.088465
v 2.818772 5.010898 -16.098543
v 2.822199 5.007850 -16.083879
v 2.647555 4.800037 -16.081446
v 2.826406 5.005264 -16.077936
v 2.650602 4.796772 -16.075434
v 2.830248 5.001866 -16.073002
v 2.655355 4.793139 -16.070639
v 2.659993 4.789608 -16.066780
v 2.835796 4.998100 -16.069283
v 2.665177 4.785031 -16.064070
v 2.840981 4.993523 -16.066572
v 2.671041 4.780424 -16.063375
v 2.846845 4.988916 -16.065878
v 2.676789 4.775921 -16.063618
v 2.852345 4.983498 -16.066191
v 2.683216 4.771390 -16.065878
v 2.857861 4.979203 -16.068312
v 2.571866 4.718790 -16.094584
v 2.573703 4.717724 -16.087215
v 2.572433 4.706370 -16.089279
v 2.570828 4.707229 -16.094770
v 2.570680 4.706803 -16.101547
v 2.571602 4.718469 -16.102299
v 2.570896 4.707190 -16.107315
v 2.572365 4.717808 -16.109215
v 2.572437 4.705274 -16.113503
v 2.573791 4.715995 -16.116341
v 2.575006 4.703017 -16.118889
v 2.577155 4.713606 -16.122805
v 2.581297 4.709962 -16.128538
v 2.578601 4.700421 -16.123476
v 2.585555 4.706215 -16.133335
v 2.582064 4.696805 -16.127195
v 2.590955 4.702024 -16.136393
v 2.586801 4.693766 -16.130045
v 2.596472 4.697728 -16.138514
v 2.591407 4.689707 -16.132027
v 2.596244 4.685440 -16.132132
v 2.602219 4.693225 -16.138756
v 2.600534 4.682221 -16.131088
v 2.608083 4.688619 -16.138062
v 2.605603 4.677747 -16.129316
v 2.613268 4.684042 -16.135351
v 2.609214 4.674557 -16.126259
v 2.618568 4.679360 -16.131702
v 2.613188 4.672179 -16.122192
v 2.622411 4.675962 -16.126768
v 2.616368 4.669932 -16.117048
v 2.626617 4.673376 -16.120825
v 2.618752 4.667819 -16.110828
v 2.629117 4.671158 -16.113667
v 2.619447 4.667196 -16.105198
v 2.630955 4.670092 -16.106298
v 2.631218 4.670414 -16.098583
v 2.620258 4.666470 -16.098631
v 2.630455 4.671075 -16.091667
v 2.619379 4.667234 -16.092653
v 2.629030 4.672888 -16.084541
v 2.617837 4.669151 -16.086466
v 2.625666 4.675277 -16.078079
v 2.616180 4.671172 -16.081217
v 2.621524 4.678921 -16.072344
v 2.612585 4.673768 -16.076630
v 2.617266 4.682668 -16.067547
v 2.608874 4.676468 -16.072981
v 2.611866 4.686859 -16.064489
v 2.604384 4.680423 -16.070063
v 2.606349 4.691154 -16.062368
v 2.599779 4.684482 -16.068081
v 2.594694 4.687833 -16.068047
v 2.600601 4.695657 -16.062126
v 2.589741 4.692204 -16.068880
v 2.594738 4.700264 -16.062820
v 2.585335 4.695526 -16.070860
v 2.589553 4.704842 -16.065531
v 2.580698 4.699056 -16.074718
v 2.584253 4.709523 -16.069180
v 2.580410 4.712921 -16.074114
v 2.576971 4.702350 -16.078714
v 2.576204 4.715507 -16.080057
v 2.574702 4.704360 -16.083996
v 2.976097 5.419866 -16.009109
v 2.942195 5.427619 -15.990570
v 2.952082 5.501698 -15.986491
v 3.010925 5.487260 -16.005957
v 2.935359 5.515609 -16.159315
v 3.010925 5.487260 -16.005957
v 2.952082 5.501698 -15.986491
v 2.876516 5.530046 -16.139851
v 2.900647 5.448110 -16.161531
v 2.865834 5.456100 -16.142853
v 2.942195 5.427619 -15.990570
v 2.976097 5.419866 -16.009109
v 2.900647 5.448110 -16.161531
v 2.935359 5.515609 -16.159315
v 2.876516 5.530046 -16.139851
v 2.865834 5.456100 -16.142853
v 2.952082 5.501698 -15.986491
v 2.942195 5.427619 -15.990570
v 2.865834 5.456100 -16.142853
v 2.876516 5.530046 -16.139851
v 2.976097 5.419866 -16.009109
v 3.010925 5.487260 -16.005957
v 2.935359 5.515609 -16.159315
v 2.900647 5.448110 -16.161531
v 2.926299 5.337998 -16.079502
v 2.895627 5.340627 -16.057108
v 2.917564 5.389344 -16.061176
v 2.931891 5.386369 -16.072914
v 2.910646 5.394382 -16.102184
v 2.926299 5.337998 -16.079502
v 2.905054 5.346011 -16.108772
v 2.895627 5.340627 -16.057108
v 2.874267 5.348743 -16.087317
v 2.917564 5.389344 -16.061176
v 2.896204 5.397460 -16.091385
v 2.896204 5.397460 -16.091385
v 2.905054 5.346011 -16.108772
v 2.874267 5.348743 -16.087317
v 2.941983 5.382637 -16.111208
v 2.933196 5.367131 -16.109911
v 2.951107 5.377965 -16.095497
v 2.945652 5.399248 -16.108860
v 2.954775 5.394576 -16.093149
v 2.942680 5.415473 -16.103807
v 2.951920 5.410697 -16.087158
v 2.934261 5.427989 -16.095598
v 2.944660 5.423893 -16.079018
v 2.922649 5.435381 -16.086599
v 2.932137 5.431521 -16.069880
v 2.916966 5.432977 -16.061098
v 2.907727 5.437752 -16.077747
v 2.902925 5.428335 -16.054094
v 2.892642 5.432327 -16.069736
v 2.880525 5.421456 -16.065586
v 2.890013 5.417596 -16.048866
v 2.871987 5.406865 -16.064219
v 2.881474 5.403006 -16.047499
v 2.877806 5.386395 -16.049847
v 2.868318 5.390254 -16.066566
v 2.880661 5.370274 -16.055838
v 2.871290 5.374030 -16.071619
v 2.888832 5.356841 -16.064116
v 2.879460 5.360598 -16.079897
v 2.901355 5.349214 -16.073254
v 2.891073 5.353206 -16.088898
v 2.906242 5.351750 -16.097679
v 2.915614 5.347994 -16.081898
v 2.921079 5.356259 -16.105761
v 2.930566 5.352400 -16.089041
v 2.942568 5.363375 -16.094130
v 2.898022 5.409484 -16.099920
v 2.894909 5.408257 -16.098707
v 2.905508 5.406859 -16.104992
v 2.902344 5.408511 -16.102489
v 2.913336 5.411267 -16.087152
v 2.907060 5.411693 -16.083439
v 2.901082 5.410155 -16.080942
v 2.907727 5.437752 -16.077747
v 2.892642 5.432327 -16.069736
v 2.880525 5.421456 -16.065586
v 2.896183 5.405399 -16.078936
v 2.871987 5.406865 -16.064219
v 2.892740 5.399359 -16.078215
v 2.891916 5.392715 -16.078848
v 2.868318 5.390254 -16.066566
v 2.892929 5.386721 -16.081564
v 2.871290 5.374030 -16.071619
v 2.896011 5.381171 -16.084486
v 2.879460 5.360598 -16.079897
v 2.900633 5.378235 -16.088274
v 2.891073 5.353206 -16.088898
v 2.906242 5.351750 -16.097679
v 2.906910 5.377809 -16.091988
v 2.921079 5.356259 -16.105761
v 2.912887 5.379347 -16.094482
v 2.933196 5.367131 -16.109911
v 2.917787 5.384103 -16.096491
v 2.941983 5.382637 -16.111208
v 2.920981 5.389228 -16.097282
v 2.945652 5.399248 -16.108860
v 2.922054 5.396788 -16.096579
v 2.921041 5.402781 -16.093863
v 2.908095 5.399478 -16.108055
v 2.906855 5.394900 -16.108408
v 2.889513 5.401670 -16.096842
v 2.891416 5.405096 -16.096699
v 2.907381 5.403508 -16.106558
v 2.917958 5.408331 -16.090940
v 2.942680 5.415473 -16.103807
v 2.934261 5.427989 -16.095598
v 2.922649 5.435381 -16.086599
v 2.888273 5.397093 -16.097195
v 2.888987 5.393063 -16.098694
v 2.904952 5.391475 -16.108553
v 2.901591 5.389333 -16.107410
v 2.890744 5.389816 -16.101196
v 2.897436 5.387323 -16.105190
v 2.894024 5.388060 -16.102760
v 2.925435 5.376158 -16.058786
v 2.920749 5.376319 -16.057226
v 2.918744 5.378651 -16.054792
v 2.928432 5.377489 -16.060936
v 2.916149 5.373034 -16.075338
v 2.910121 5.374375 -16.071554
v 2.905383 5.377415 -16.068705
v 2.915614 5.347994 -16.081898
v 2.901355 5.349214 -16.073254
v 2.888832 5.356841 -16.064116
v 2.880661 5.370274 -16.055838
v 2.902168 5.381946 -16.064915
v 2.877806 5.386395 -16.049847
v 2.901287 5.388958 -16.063066
v 2.881474 5.403006 -16.047499
v 2.902112 5.395603 -16.062433
v 2.905670 5.401539 -16.062216
v 2.890013 5.417596 -16.048866
v 2.910322 5.405380 -16.064293
v 2.902925 5.428335 -16.054094
v 2.916966 5.432977 -16.061098
v 2.916431 5.407937 -16.067657
v 2.925773 5.397404 -16.053585
v 2.921750 5.396414 -16.052235
v 2.922576 5.406492 -16.070503
v 2.944660 5.423893 -16.079018
v 2.927198 5.403556 -16.074291
v 2.932137 5.431521 -16.069880
v 2.929185 5.396667 -16.056017
v 2.932349 5.395015 -16.058517
v 2.934222 5.391665 -16.060083
v 2.918141 5.393356 -16.051163
v 2.934936 5.387634 -16.061583
v 2.930413 5.399025 -16.078081
v 2.931293 5.392012 -16.079929
v 2.951920 5.410697 -16.087158
v 2.954775 5.394576 -16.093149
v 2.951107 5.377965 -16.095497
v 2.930469 5.385368 -16.080563
v 2.926911 5.379432 -16.080780
v 2.942568 5.363375 -16.094130
v 2.922259 5.375591 -16.078703
v 2.930566 5.352400 -16.089041
v 2.931793 5.379631 -16.062078
v 2.915828 5.381218 -16.052219
v 2.915114 5.385249 -16.050722
v 2.933828 5.384076 -16.062803
v 2.916354 5.389826 -16.050369
v 2.405406 4.463494 -16.094555
v 2.410613 4.482718 -16.093071
v 2.409123 4.483473 -16.097624
v 2.403915 4.464249 -16.099108
v 2.409339 4.483860 -16.103394
v 2.404131 4.464635 -16.104876
v 2.409555 4.484247 -16.109161
v 2.404347 4.465022 -16.110645
v 2.411709 4.484057 -16.114269
v 2.406501 4.464832 -16.115751
v 2.413862 4.483868 -16.119375
v 2.408654 4.464643 -16.120859
v 2.417158 4.483235 -16.122746
v 2.411950 4.464010 -16.124228
v 2.421365 4.482366 -16.126253
v 2.416157 4.463141 -16.127735
v 2.425688 4.481393 -16.128822
v 2.420480 4.462168 -16.130304
v 2.430242 4.480213 -16.129515
v 2.425034 4.460988 -16.130999
v 2.434796 4.479033 -16.130207
v 2.429589 4.459808 -16.131691
v 2.439582 4.477645 -16.129023
v 2.434375 4.458420 -16.130507
v 2.443573 4.476389 -16.126762
v 2.438365 4.457165 -16.128246
v 2.447564 4.475134 -16.124502
v 2.442357 4.455909 -16.125984
v 2.449833 4.473124 -16.119219
v 2.444625 4.453898 -16.120703
v 2.449369 4.471822 -16.113522
v 2.444161 4.452597 -16.115005
v 2.448789 4.470623 -16.108763
v 2.443582 4.451399 -16.110245
v 2.449368 4.470105 -16.104071
v 2.444161 4.450880 -16.105555
v 2.449832 4.469690 -16.100317
v 2.444624 4.450465 -16.101801
v 2.444176 4.450286 -16.097910
v 2.449384 4.469511 -16.096426
v 2.443977 4.451022 -16.093946
v 2.449185 4.470247 -16.092464
v 2.443645 4.450739 -16.089117
v 2.448853 4.469965 -16.087633
v 2.444157 4.451976 -16.081331
v 2.449364 4.471201 -16.079847
v 2.442615 4.453893 -16.075144
v 2.447823 4.473118 -16.073660
v 2.440642 4.456753 -16.066872
v 2.445850 4.475979 -16.065388
v 2.434977 4.458906 -16.062077
v 2.440185 4.478131 -16.060595
v 2.428782 4.463230 -16.057941
v 2.433990 4.482455 -16.056459
v 2.432350 4.477633 -16.039436
v 2.481784 4.581487 -16.035019
v 2.464888 4.594684 -16.031473
v 2.474768 4.608094 -16.035067
v 2.491781 4.594794 -16.037672
v 2.505351 4.615160 -16.041916
v 2.529397 4.570128 -16.042152
v 2.543631 4.589343 -16.046604
v 2.488339 4.628460 -16.039310
v 2.491781 4.594794 -16.037672
v 2.529397 4.570128 -16.042152
v 2.516743 4.563262 -16.113655
v 2.479126 4.587928 -16.109177
v 2.543631 4.589343 -16.046604
v 2.530065 4.582713 -16.117970
v 2.516743 4.563262 -16.113655
v 2.529397 4.570128 -16.042152
v 2.516743 4.563262 -16.113655
v 2.530065 4.582713 -16.117970
v 2.492696 4.608294 -16.113419
v 2.479126 4.587928 -16.109177
v 2.461203 4.601464 -16.106430
v 2.469129 4.574621 -16.106522
v 2.451206 4.588158 -16.103777
v 2.475684 4.621594 -16.110813
v 2.907101 5.339560 -16.045145
v 2.899682 5.340429 -16.043169
v 2.904087 5.345071 -16.054768
v 2.908409 5.344098 -16.057337
v 2.913246 5.338115 -16.047991
v 2.912864 5.344145 -16.060774
v 2.919407 5.337793 -16.052643
v 2.917071 5.343276 -16.064281
v 2.924541 5.337811 -16.058096
v 2.919473 5.344002 -16.069319
v 2.928400 5.337254 -16.064419
v 2.921742 5.343709 -16.073486
v 2.931481 5.337951 -16.071470
v 2.921958 5.344095 -16.079256
v 2.932492 5.338205 -16.078316
v 2.922290 5.344378 -16.084085
v 2.932476 5.338799 -16.085960
v 2.930639 5.339866 -16.093328
v 2.921595 5.345001 -16.089716
v 2.927890 5.341167 -16.100557
v 2.919194 5.345992 -16.094130
v 2.923188 5.341923 -16.106642
v 2.915634 5.346303 -16.098476
v 2.918849 5.343490 -16.111717
v 2.912322 5.347530 -16.102753
v 2.912557 5.344509 -16.115648
v 2.908331 5.348785 -16.105013
v 2.905470 5.345661 -16.118502
v 2.903182 5.349361 -16.107206
v 2.897703 5.346841 -16.119341
v 2.897237 5.350070 -16.108322
v 2.890052 5.347919 -16.119242
v 2.892682 5.351251 -16.107630
v 2.883544 5.348551 -16.117405
v 2.886969 5.351751 -16.106869
v 2.876489 5.350232 -16.114420
v 2.882398 5.351809 -16.104370
v 2.870328 5.350554 -16.109768
v 2.878076 5.352781 -16.101801
v 2.865194 5.350536 -16.104315
v 2.874647 5.352395 -16.097565
v 2.861335 5.351094 -16.097992
v 2.871467 5.352924 -16.093256
v 2.858254 5.350396 -16.090940
v 2.869314 5.353113 -16.088150
v 2.857243 5.350142 -16.084095
v 2.869098 5.352727 -16.082380
v 2.857258 5.349548 -16.076450
v 2.868518 5.351529 -16.077621
v 2.870372 5.351585 -16.072060
v 2.859096 5.348482 -16.069082
v 2.871862 5.350831 -16.067507
v 2.861844 5.347179 -16.061853
v 2.875174 5.349604 -16.063231
v 2.866547 5.346424 -16.055769
v 2.878733 5.349292 -16.058884
v 2.871796 5.344622 -16.050831
v 2.883635 5.347801 -16.056763
v 2.878088 5.343602 -16.046900
v 2.887874 5.347461 -16.054430
v 2.884265 5.342686 -16.043907
v 2.893455 5.345941 -16.054323
v 2.892031 5.341506 -16.043070
v 2.898373 5.345572 -16.054007
v 2.884868 5.132884 -16.054649
v 2.879592 5.123379 -16.066618
v 2.872173 5.124248 -16.064642
v 2.875512 5.134328 -16.053335
v 2.864770 5.126240 -16.064472
v 2.866039 5.135878 -16.052959
v 2.857798 5.127288 -16.066389
v 2.856087 5.136718 -16.054529
v 2.850827 5.128336 -16.068304
v 2.847062 5.138446 -16.058044
v 2.844534 5.129356 -16.072235
v 2.839743 5.139805 -16.062777
v 2.839169 5.131263 -16.078110
v 2.832440 5.142288 -16.069313
v 2.834467 5.132018 -16.084196
v 2.826595 5.143486 -16.077135
v 2.831834 5.133216 -16.090487
v 2.823616 5.144996 -16.086241
v 2.830908 5.134046 -16.097992
v 2.821546 5.146270 -16.095486
v 2.821299 5.147071 -16.105007
v 2.829981 5.134876 -16.105499
v 2.822873 5.147401 -16.114805
v 2.831903 5.134894 -16.112484
v 2.826385 5.147154 -16.123943
v 2.833825 5.134912 -16.119467
v 2.831172 5.147484 -16.132210
v 2.837932 5.135271 -16.125719
v 2.838012 5.147133 -16.138878
v 2.843977 5.135053 -16.131310
v 2.845879 5.146443 -16.144745
v 2.848979 5.134051 -16.135895
v 2.854888 5.145309 -16.148876
v 2.856282 5.133286 -16.138809
v 2.864129 5.143968 -16.151129
v 2.863702 5.132417 -16.140785
v 2.873849 5.143335 -16.151434
v 2.871352 5.131340 -16.140884
v 2.882643 5.141815 -16.149796
v 2.878208 5.130395 -16.139906
v 2.891667 5.140087 -16.146280
v 2.885295 5.129244 -16.137053
v 2.900013 5.138388 -16.140751
v 2.891340 5.127308 -16.133192
v 2.907316 5.135905 -16.134212
v 2.896837 5.126421 -16.128183
v 2.912250 5.134943 -16.126251
v 2.901539 5.125666 -16.122099
v 2.916141 5.133197 -16.117285
v 2.904288 5.124364 -16.114870
v 2.918458 5.132838 -16.107969
v 2.906025 5.122808 -16.100796
v 2.918705 5.132037 -16.098448
v 2.906125 5.123298 -16.107502
v 2.904219 5.122685 -16.092873
v 2.916883 5.130792 -16.088720
v 2.902049 5.121752 -16.085960
v 2.913371 5.131038 -16.079582
v 2.898190 5.122309 -16.079638
v 2.908468 5.130813 -16.072254
v 2.893056 5.122292 -16.074186
v 2.901744 5.131060 -16.064648
v 2.886895 5.122613 -16.069532
v 2.893878 5.131750 -16.058781
v 2.879592 5.123379 -16.066618
v 2.884868 5.132884 -16.054649
v 2.876810 5.081012 -16.058428
v 2.871499 5.075509 -16.070913
v 2.864874 5.076246 -16.070015
v 2.867453 5.082457 -16.057114
v 2.857224 5.077322 -16.069916
v 2.857070 5.084241 -16.056599
v 2.849457 5.078503 -16.070753
v 2.847365 5.085998 -16.058098
v 2.842370 5.079655 -16.073608
v 2.838341 5.087726 -16.061613
v 2.836325 5.081590 -16.077469
v 2.830111 5.089321 -16.066206
v 2.830828 5.082477 -16.082476
v 2.823355 5.090755 -16.073889
v 2.827037 5.082996 -16.088699
v 2.817510 5.091954 -16.081713
v 2.824404 5.084195 -16.094990
v 2.813620 5.093700 -16.090679
v 2.811550 5.094974 -16.099924
v 2.822567 5.085261 -16.102358
v 2.811187 5.095879 -16.110384
v 2.822551 5.085855 -16.110003
v 2.812762 5.096209 -16.120182
v 2.823446 5.086213 -16.117786
v 2.816521 5.096878 -16.129250
v 2.826527 5.086910 -16.124838
v 2.822219 5.096971 -16.137655
v 2.830386 5.086353 -16.131161
v 2.828695 5.095809 -16.145332
v 2.835520 5.086370 -16.136614
v 2.836926 5.095930 -16.150190
v 2.841797 5.085945 -16.140327
v 2.845935 5.094797 -16.154320
v 2.848073 5.085519 -16.144041
v 2.855176 5.093455 -16.156574
v 2.855608 5.084547 -16.145079
v 2.865559 5.091671 -16.157089
v 2.863011 5.082554 -16.145248
v 2.875263 5.089914 -16.155588
v 2.869867 5.081610 -16.144272
v 2.884288 5.088186 -16.152073
v 2.876955 5.080458 -16.141417
v 2.892518 5.086591 -16.147480
v 2.883247 5.079438 -16.137487
v 2.899274 5.085156 -16.139797
v 2.888744 5.078551 -16.132479
v 2.905119 5.083958 -16.131973
v 2.893198 5.076880 -16.126465
v 2.909010 5.082211 -16.123007
v 2.895831 5.075682 -16.120174
v 2.911079 5.080938 -16.113762
v 2.897684 5.074022 -16.105162
v 2.911442 5.080033 -16.103302
v 2.897668 5.074616 -16.112806
v 2.896789 5.073664 -16.097378
v 2.909868 5.079703 -16.093504
v 2.893956 5.073882 -16.090256
v 2.906107 5.079034 -16.084436
v 2.889849 5.073524 -16.084003
v 2.900658 5.079856 -16.075960
v 2.884715 5.073506 -16.078550
v 2.893934 5.080103 -16.068354
v 2.878686 5.074847 -16.074766
v 2.886067 5.080793 -16.062487
v 2.871499 5.075509 -16.070913
v 2.876810 5.081012 -16.058428
v 2.866133 5.037709 -16.074430
v 2.871913 5.073442 -16.071194
v 2.878190 5.073016 -16.074907
v 2.873189 5.036028 -16.077415
v 2.884219 5.071675 -16.078691
v 2.879349 5.035706 -16.082069
v 2.889353 5.071693 -16.084145
v 2.884484 5.035724 -16.087521
v 2.888343 5.035167 -16.093843
v 2.893460 5.072051 -16.090397
v 2.891424 5.035864 -16.100895
v 2.896293 5.071833 -16.097519
v 2.892435 5.036119 -16.107740
v 2.897188 5.072191 -16.105303
v 2.892419 5.036712 -16.115385
v 2.897172 5.072785 -16.112947
v 2.890581 5.037778 -16.122753
v 2.895335 5.073851 -16.120316
v 2.892703 5.075049 -16.126606
v 2.887949 5.038977 -16.129044
v 2.888911 5.075569 -16.132830
v 2.883247 5.039732 -16.135128
v 2.883662 5.077372 -16.137766
v 2.877997 5.041535 -16.140066
v 2.871589 5.042658 -16.144936
v 2.877369 5.078391 -16.141697
v 2.865528 5.043470 -16.146990
v 2.870282 5.079543 -16.144552
v 2.857646 5.044755 -16.148767
v 2.862515 5.080723 -16.145390
v 2.850111 5.045727 -16.147730
v 2.854865 5.081800 -16.145290
v 2.842576 5.046700 -16.146690
v 2.848488 5.083452 -16.144321
v 2.836432 5.048145 -16.143845
v 2.841301 5.084114 -16.140469
v 2.830271 5.048467 -16.139193
v 2.835024 5.084539 -16.136755
v 2.825137 5.048449 -16.133739
v 2.826031 5.085079 -16.124979
v 2.821029 5.048091 -16.127489
v 2.829890 5.084522 -16.131302
v 2.822950 5.084382 -16.117928
v 2.818197 5.048309 -16.120365
v 2.822055 5.084024 -16.110144
v 2.817302 5.047951 -16.112583
v 2.822071 5.083430 -16.102499
v 2.817317 5.047358 -16.104937
v 2.823908 5.082364 -16.095131
v 2.819039 5.046395 -16.098509
v 2.821787 5.045093 -16.091278
v 2.826541 5.081165 -16.088840
v 2.826489 5.044337 -16.085194
v 2.831243 5.080410 -16.082756
v 2.830828 5.042771 -16.080118
v 2.842784 5.077588 -16.073887
v 2.837120 5.041751 -16.076187
v 2.836492 5.078607 -16.077818
v 2.849872 5.076436 -16.071033
v 2.844208 5.040599 -16.073334
v 2.856728 5.075491 -16.070057
v 2.851974 5.039419 -16.072495
v 2.864378 5.074415 -16.070156
v 2.859625 5.038342 -16.072594
v 2.871913 5.073442 -16.071194
v 2.866133 5.037709 -16.074430
v 2.875710 5.101851 -16.068520
v 2.876810 5.081012 -16.058428
v 2.867453 5.082457 -16.057114
v 2.869086 5.102587 -16.067621
v 2.861551 5.103560 -16.066584
v 2.857070 5.084241 -16.056599
v 2.853668 5.104845 -16.068361
v 2.847365 5.085998 -16.058098
v 2.846945 5.106808 -16.070206
v 2.838341 5.087726 -16.061613
v 2.840536 5.107932 -16.075075
v 2.830111 5.089321 -16.066206
v 2.823355 5.090755 -16.073889
v 2.835039 5.108819 -16.080082
v 2.817510 5.091954 -16.081713
v 2.831496 5.110253 -16.086235
v 2.813620 5.093700 -16.090679
v 2.828615 5.110537 -16.092598
v 2.811550 5.094974 -16.099924
v 2.826778 5.111603 -16.099964
v 2.826762 5.112196 -16.107611
v 2.811187 5.095879 -16.110384
v 2.828021 5.113366 -16.114384
v 2.812762 5.096209 -16.120182
v 2.830854 5.113148 -16.121508
v 2.816521 5.096878 -16.129250
v 2.834845 5.113610 -16.128696
v 2.822219 5.096971 -16.137655
v 2.828695 5.095809 -16.145332
v 2.839847 5.112608 -16.133282
v 2.836926 5.095930 -16.150190
v 2.846008 5.112287 -16.137934
v 2.845935 5.094797 -16.154320
v 2.852400 5.111757 -16.140709
v 2.855176 5.093455 -16.156574
v 2.859820 5.110888 -16.142685
v 2.867470 5.109811 -16.142786
v 2.865559 5.091671 -16.157089
v 2.875237 5.108631 -16.141947
v 2.875263 5.089914 -16.155588
v 2.881166 5.106800 -16.139025
v 2.884288 5.088186 -16.152073
v 2.887458 5.105780 -16.135094
v 2.892518 5.086591 -16.147480
v 2.892955 5.104893 -16.130085
v 2.899274 5.085156 -16.139797
v 2.905119 5.083958 -16.131973
v 2.897409 5.103222 -16.124071
v 2.909010 5.082211 -16.123007
v 2.900406 5.102836 -16.116772
v 2.911079 5.080938 -16.113762
v 2.902128 5.101873 -16.110342
v 2.902143 5.101279 -16.102697
v 2.911442 5.080033 -16.103302
v 2.901000 5.100006 -16.094984
v 2.909868 5.079703 -16.093504
v 2.898167 5.100224 -16.087862
v 2.900658 5.079856 -16.075960
v 2.894060 5.099866 -16.081610
v 2.906107 5.079034 -16.084436
v 2.893934 5.080103 -16.068354
v 2.889174 5.100763 -16.076088
v 2.886067 5.080793 -16.062487
v 2.882897 5.101189 -16.072372
v 2.876810 5.081012 -16.058428
v 2.875710 5.101851 -16.068520
v 2.872173 5.124248 -16.064642
v 2.879592 5.123379 -16.066618
v 2.875710 5.101851 -16.068520
v 2.869086 5.102587 -16.067621
v 2.864770 5.126240 -16.064472
v 2.861551 5.103560 -16.066584
v 2.857798 5.127288 -16.066389
v 2.853668 5.104845 -16.068361
v 2.850827 5.128336 -16.068304
v 2.846945 5.106808 -16.070206
v 2.844534 5.129356 -16.072235
v 2.840536 5.107932 -16.075075
v 2.839169 5.131263 -16.078110
v 2.835039 5.108819 -16.080082
v 2.834467 5.132018 -16.084196
v 2.831496 5.110253 -16.086235
v 2.831834 5.133216 -16.090487
v 2.828615 5.110537 -16.092598
v 2.830908 5.134046 -16.097992
v 2.826778 5.111603 -16.099964
v 2.826762 5.112196 -16.107611
v 2.829981 5.134876 -16.105499
v 2.828021 5.113366 -16.114384
v 2.831903 5.134894 -16.112484
v 2.830854 5.113148 -16.121508
v 2.833825 5.134912 -16.119467
v 2.834845 5.113610 -16.128696
v 2.837932 5.135271 -16.125719
v 2.839847 5.112608 -16.133282
v 2.843977 5.135053 -16.131310
v 2.846008 5.112287 -16.137934
v 2.848979 5.134051 -16.135895
v 2.852400 5.111757 -16.140709
v 2.856282 5.133286 -16.138809
v 2.859820 5.110888 -16.142685
v 2.863702 5.132417 -16.140785
v 2.867470 5.109811 -16.142786
v 2.871352 5.131340 -16.140884
v 2.875237 5.108631 -16.141947
v 2.878208 5.130395 -16.139906
v 2.881166 5.106800 -16.139025
v 2.885295 5.129244 -16.137053
v 2.887458 5.105780 -16.135094
v 2.891340 5.127308 -16.133192
v 2.892955 5.104893 -16.130085
v 2.896837 5.126421 -16.128183
v 2.897409 5.103222 -16.124071
v 2.901539 5.125666 -16.122099
v 2.900406 5.102836 -16.116772
v 2.904288 5.124364 -16.114870
v 2.902128 5.101873 -16.110342
v 2.906125 5.123298 -16.107502
v 2.906025 5.122808 -16.100796
v 2.902143 5.101279 -16.102697
v 2.904219 5.122685 -16.092873
v 2.901000 5.100006 -16.094984
v 2.902049 5.121752 -16.085960
v 2.898167 5.100224 -16.087862
v 2.898190 5.122309 -16.079638
v 2.894060 5.099866 -16.081610
v 2.893056 5.122292 -16.074186
v 2.889174 5.100763 -16.076088
v 2.886895 5.122613 -16.069532
v 2.882897 5.101189 -16.072372
v 2.879592 5.123379 -16.066618
v 2.875710 5.101851 -16.068520
v 2.884299 5.151552 -16.064085
v 2.884868 5.132884 -16.054649
v 2.875512 5.134328 -16.053335
v 2.876880 5.152421 -16.062109
v 2.869229 5.153497 -16.062010
v 2.866039 5.135878 -16.052959
v 2.862373 5.154442 -16.062986
v 2.856087 5.136718 -16.054529
v 2.855534 5.156509 -16.065769
v 2.847062 5.138446 -16.058044
v 2.849241 5.157529 -16.069700
v 2.839743 5.139805 -16.062777
v 2.832440 5.142288 -16.069313
v 2.843744 5.158416 -16.074709
v 2.826595 5.143486 -16.077135
v 2.839290 5.160087 -16.080723
v 2.823616 5.144996 -16.086241
v 2.836541 5.161389 -16.087952
v 2.821546 5.146270 -16.095486
v 2.834456 5.161540 -16.095390
v 2.834440 5.162134 -16.103035
v 2.821299 5.147071 -16.105007
v 2.836610 5.163067 -16.109949
v 2.822873 5.147401 -16.114805
v 2.838532 5.163085 -16.116932
v 2.826385 5.147154 -16.123943
v 2.842639 5.163443 -16.123184
v 2.831172 5.147484 -16.132210
v 2.838012 5.147133 -16.138878
v 2.847525 5.162546 -16.128708
v 2.845879 5.146443 -16.144745
v 2.853686 5.162224 -16.133360
v 2.854888 5.145309 -16.148876
v 2.860990 5.161458 -16.136274
v 2.864129 5.143968 -16.151129
v 2.868409 5.160589 -16.138250
v 2.876060 5.159513 -16.138350
v 2.873849 5.143335 -16.151434
v 2.882915 5.158568 -16.137371
v 2.882643 5.141815 -16.149796
v 2.890003 5.157416 -16.134518
v 2.891667 5.140087 -16.146280
v 2.896047 5.155481 -16.130657
v 2.900013 5.138388 -16.140751
v 2.901544 5.154594 -16.125650
v 2.907316 5.135905 -16.134212
v 2.912250 5.134943 -16.126251
v 2.905999 5.152924 -16.119637
v 2.916141 5.133197 -16.117285
v 2.908995 5.152536 -16.112335
v 2.918458 5.132838 -16.107969
v 2.909922 5.151707 -16.104830
v 2.910848 5.150877 -16.097322
v 2.918705 5.132037 -16.098448
v 2.908678 5.149943 -16.090410
v 2.916883 5.130792 -16.088720
v 2.906756 5.149925 -16.083426
v 2.908468 5.130813 -16.072254
v 2.902649 5.149567 -16.077173
v 2.913371 5.131038 -16.079582
v 2.901744 5.131060 -16.064648
v 2.896852 5.150700 -16.071512
v 2.893878 5.131750 -16.058781
v 2.890691 5.151022 -16.066860
v 2.884868 5.132884 -16.054649
v 2.884299 5.151552 -16.064085
v 2.904087 5.345071 -16.054768
v 2.898373 5.345572 -16.054007
v 2.893455 5.345941 -16.054323
v 2.887874 5.347461 -16.054430
v 2.908409 5.344098 -16.057337
v 2.883635 5.347801 -16.056763
v 2.912864 5.344145 -16.060774
v 2.878733 5.349292 -16.058884
v 2.917071 5.343276 -16.064281
v 2.875174 5.349604 -16.063231
v 2.919473 5.344002 -16.069319
v 2.871862 5.350831 -16.067507
v 2.921742 5.343709 -16.073486
v 2.870372 5.351585 -16.072060
v 2.921958 5.344095 -16.079256
v 2.868518 5.351529 -16.077621
v 2.922290 5.344378 -16.084085
v 2.869098 5.352727 -16.082380
v 2.921595 5.345001 -16.089716
v 2.869314 5.353113 -16.088150
v 2.919194 5.345992 -16.094130
v 2.871467 5.352924 -16.093256
v 2.915634 5.346303 -16.098476
v 2.874647 5.352395 -16.097565
v 2.912322 5.347530 -16.102753
v 2.878076 5.352781 -16.101801
v 2.908331 5.348785 -16.105013
v 2.882398 5.351809 -16.104370
v 2.903182 5.349361 -16.107206
v 2.886969 5.351751 -16.106869
v 2.897237 5.350070 -16.108322
v 2.892682 5.351251 -16.107630
v 2.850621 5.030414 -16.079107
v 2.857361 5.029573 -16.079069
v 2.862710 5.028261 -16.080837
v 2.844676 5.031123 -16.080223
v 2.869103 5.027732 -16.083614
v 2.838615 5.031935 -16.082277
v 2.874469 5.027542 -16.087189
v 2.833598 5.033530 -16.085339
v 2.878560 5.026777 -16.091635
v 2.829011 5.034181 -16.090485
v 2.881872 5.027267 -16.096809
v 2.825700 5.035408 -16.094761
v 2.883910 5.027182 -16.102856
v 2.823067 5.036607 -16.101051
v 2.885036 5.027332 -16.108763
v 2.822372 5.037229 -16.106682
v 2.885137 5.027822 -16.115469
v 2.821562 5.037955 -16.113249
v 2.883531 5.028681 -16.120960
v 2.822688 5.038106 -16.119156
v 2.880898 5.029880 -16.127253
v 2.824726 5.038021 -16.125202
v 2.877471 5.031210 -16.132465
v 2.828949 5.038275 -16.130516
v 2.873000 5.031758 -16.136675
v 2.833040 5.037509 -16.134962
v 2.867983 5.033353 -16.139734
v 2.838406 5.037320 -16.138536
v 2.861922 5.034165 -16.141788
v 2.843888 5.037026 -16.141174
v 2.855977 5.034873 -16.142904
v 2.849237 5.035714 -16.142944
v 2.871913 5.073442 -16.071194
v 2.871499 5.075509 -16.070913
v 2.878686 5.074847 -16.074766
v 2.878190 5.073016 -16.074907
v 2.884715 5.073506 -16.078550
v 2.884219 5.071675 -16.078691
v 2.889849 5.073524 -16.084003
v 2.889353 5.071693 -16.084145
v 2.893460 5.072051 -16.090397
v 2.893956 5.073882 -16.090256
v 2.896293 5.071833 -16.097519
v 2.896789 5.073664 -16.097378
v 2.897188 5.072191 -16.105303
v 2.897684 5.074022 -16.105162
v 2.897172 5.072785 -16.112947
v 2.897668 5.074616 -16.112806
v 2.895831 5.075682 -16.120174
v 2.895335 5.073851 -16.120316
v 2.893198 5.076880 -16.126465
v 2.892703 5.075049 -16.126606
v 2.888744 5.078551 -16.132479
v 2.888911 5.075569 -16.132830
v 2.883247 5.079438 -16.137487
v 2.883662 5.077372 -16.137766
v 2.876955 5.080458 -16.141417
v 2.877369 5.078391 -16.141697
v 2.869867 5.081610 -16.144272
v 2.870282 5.079543 -16.144552
v 2.863011 5.082554 -16.145248
v 2.862515 5.080723 -16.145390
v 2.855608 5.084547 -16.145079
v 2.854865 5.081800 -16.145290
v 2.848488 5.083452 -16.144321
v 2.848073 5.085519 -16.144041
v 2.841301 5.084114 -16.140469
v 2.841797 5.085945 -16.140327
v 2.835024 5.084539 -16.136755
v 2.835520 5.086370 -16.136614
v 2.829890 5.084522 -16.131302
v 2.830386 5.086353 -16.131161
v 2.826527 5.086910 -16.124838
v 2.826031 5.085079 -16.124979
v 2.823446 5.086213 -16.117786
v 2.822950 5.084382 -16.117928
v 2.822551 5.085855 -16.110003
v 2.822055 5.084024 -16.110144
v 2.822567 5.085261 -16.102358
v 2.822071 5.083430 -16.102499
v 2.823908 5.082364 -16.095131
v 2.824404 5.084195 -16.094990
v 2.826541 5.081165 -16.088840
v 2.827037 5.082996 -16.088699
v 2.831243 5.080410 -16.082756
v 2.830828 5.082477 -16.082476
v 2.836492 5.078607 -16.077818
v 2.836325 5.081590 -16.077469
v 2.842784 5.077588 -16.073887
v 2.842370 5.079655 -16.073608
v 2.849872 5.076436 -16.071033
v 2.849457 5.078503 -16.070753
v 2.856728 5.075491 -16.070057
v 2.857224 5.077322 -16.069916
v 2.864378 5.074415 -16.070156
v 2.871499 5.075509 -16.070913
v 2.871913 5.073442 -16.071194
v 2.864874 5.076246 -16.070015
v 2.884299 5.151552 -16.064085
v 2.907101 5.339560 -16.045145
v 2.913246 5.338115 -16.047991
v 2.890691 5.151022 -16.066860
v 2.919407 5.337793 -16.052643
v 2.896852 5.150700 -16.071512
v 2.924541 5.337811 -16.058096
v 2.902649 5.149567 -16.077173
v 2.906756 5.149925 -16.083426
v 2.928400 5.337254 -16.064419
v 2.908678 5.149943 -16.090410
v 2.931481 5.337951 -16.071470
v 2.910848 5.150877 -16.097322
v 2.932492 5.338205 -16.078316
v 2.909922 5.151707 -16.104830
v 2.932476 5.338799 -16.085960
v 2.930639 5.339866 -16.093328
v 2.908995 5.152536 -16.112335
v 2.927890 5.341167 -16.100557
v 2.905999 5.152924 -16.119637
v 2.923188 5.341923 -16.106642
v 2.901544 5.154594 -16.125650
v 2.918849 5.343490 -16.111717
v 2.896047 5.155481 -16.130657
v 2.890003 5.157416 -16.134518
v 2.912557 5.344509 -16.115648
v 2.882915 5.158568 -16.137371
v 2.905470 5.345661 -16.118502
v 2.876060 5.159513 -16.138350
v 2.897703 5.346841 -16.119341
v 2.868409 5.160589 -16.138250
v 2.890052 5.347919 -16.119242
v 2.860990 5.161458 -16.136274
v 2.883544 5.348551 -16.117405
v 2.853686 5.162224 -16.133360
v 2.876489 5.350232 -16.114420
v 2.847525 5.162546 -16.128708
v 2.870328 5.350554 -16.109768
v 2.842639 5.163443 -16.123184
v 2.861335 5.351094 -16.097992
v 2.838532 5.163085 -16.116932
v 2.865194 5.350536 -16.104315
v 2.858254 5.350396 -16.090940
v 2.836610 5.163067 -16.109949
v 2.857243 5.350142 -16.084095
v 2.834440 5.162134 -16.103035
v 2.857258 5.349548 -16.076450
v 2.834456 5.161540 -16.095390
v 2.836541 5.161389 -16.087952
v 2.859096 5.348482 -16.069082
v 2.839290 5.160087 -16.080723
v 2.861844 5.347179 -16.061853
v 2.843744 5.158416 -16.074709
v 2.866547 5.346424 -16.055769
v 2.849241 5.157529 -16.069700
v 2.878088 5.343602 -16.046900
v 2.855534 5.156509 -16.065769
v 2.871796 5.344622 -16.050831
v 2.884265 5.342686 -16.043907
v 2.862373 5.154442 -16.062986
v 2.892031 5.341506 -16.043070
v 2.869229 5.153497 -16.062010
v 2.899682 5.340429 -16.043169
v 2.876880 5.152421 -16.062109
v 2.907101 5.339560 -16.045145
v 2.884299 5.151552 -16.064085
v 2.817317 5.047358 -16.104937
v 2.819039 5.046395 -16.098509
v 2.823067 5.036607 -16.101051
v 2.822372 5.037229 -16.106682
v 2.821562 5.037955 -16.113249
v 2.817302 5.047951 -16.112583
v 2.822688 5.038106 -16.119156
v 2.818197 5.048309 -16.120365
v 2.824726 5.038021 -16.125202
v 2.821029 5.048091 -16.127489
v 2.825137 5.048449 -16.133739
v 2.828949 5.038275 -16.130516
v 2.830271 5.048467 -16.139193
v 2.833040 5.037509 -16.134962
v 2.836432 5.048145 -16.143845
v 2.838406 5.037320 -16.138536
v 2.842576 5.046700 -16.146690
v 2.843888 5.037026 -16.141174
v 2.850111 5.045727 -16.147730
v 2.849237 5.035714 -16.142944
v 2.855977 5.034873 -16.142904
v 2.857646 5.044755 -16.148767
v 2.861922 5.034165 -16.141788
v 2.865528 5.043470 -16.146990
v 2.867983 5.033353 -16.139734
v 2.871589 5.042658 -16.144936
v 2.873000 5.031758 -16.136675
v 2.877997 5.041535 -16.140066
v 2.883247 5.039732 -16.135128
v 2.877471 5.031210 -16.132465
v 2.887949 5.038977 -16.129044
v 2.880898 5.029880 -16.127253
v 2.890581 5.037778 -16.122753
v 2.883531 5.028681 -16.120960
v 2.892419 5.036712 -16.115385
v 2.885137 5.027822 -16.115469
v 2.885036 5.027332 -16.108763
v 2.892435 5.036119 -16.107740
v 2.883910 5.027182 -16.102856
v 2.891424 5.035864 -16.100895
v 2.881872 5.027267 -16.096809
v 2.888343 5.035167 -16.093843
v 2.878560 5.026777 -16.091635
v 2.884484 5.035724 -16.087521
v 2.879349 5.035706 -16.082069
v 2.874469 5.027542 -16.087189
v 2.873189 5.036028 -16.077415
v 2.869103 5.027732 -16.083614
v 2.866133 5.037709 -16.074430
v 2.862710 5.028261 -16.080837
v 2.859625 5.038342 -16.072594
v 2.857361 5.029573 -16.079069
v 2.850621 5.030414 -16.079107
v 2.851974 5.039419 -16.072495
v 2.844676 5.031123 -16.080223
v 2.844208 5.040599 -16.073334
v 2.838615 5.031935 -16.082277
v 2.837120 5.041751 -16.076187
v 2.833598 5.033530 -16.085339
v 2.830828 5.042771 -16.080118
v 2.829011 5.034181 -16.090485
v 2.826489 5.044337 -16.085194
v 2.821787 5.045093 -16.091278
v 2.825700 5.035408 -16.094761
v 2.838018 5.037579 -16.089293
v 2.839575 5.033351 -16.078382
v 2.836594 5.033144 -16.078039
v 2.834409 5.032804 -16.078770
v 2.832471 5.033380 -16.079432
v 2.830418 5.034060 -16.081032
v 2.828364 5.034739 -16.082630
v 2.827222 5.035182 -16.084368
v 2.826990 5.035390 -16.086245
v 2.825732 5.035937 -16.088921
v 2.826659 5.036824 -16.090866
v 2.826312 5.037136 -16.093681
v 2.827239 5.038023 -16.095625
v 2.829077 5.038673 -16.097708
v 2.830783 5.038305 -16.098925
v 2.832736 5.038852 -16.100069
v 2.834691 5.039400 -16.101213
v 2.837671 5.039607 -16.101559
v 2.839741 5.040050 -16.101765
v 2.841678 5.039474 -16.101103
v 2.843980 5.039710 -16.099434
v 2.845917 5.039135 -16.098772
v 2.847971 5.038455 -16.097174
v 2.849229 5.037908 -16.094496
v 2.850372 5.037464 -16.092758
v 2.850604 5.037256 -16.090881
v 2.850703 5.036029 -16.088137
v 2.850024 5.036058 -16.086123
v 2.849096 5.035171 -16.084177
v 2.847258 5.034520 -16.082094
v 2.845420 5.033869 -16.080011
v 2.843466 5.033322 -16.078867
v 2.841645 5.033794 -16.078590
v 2.840388 5.026377 -16.067686
v 2.845438 5.027027 -16.068237
v 2.849462 5.028018 -16.069588
v 2.841632 5.018458 -16.059074
v 2.848504 5.018637 -16.059902
v 2.854234 5.019259 -16.062469
v 2.842016 5.007897 -16.051613
v 2.850842 5.008624 -16.053587
v 2.858641 5.009689 -16.056358
v 2.860095 5.020901 -16.065905
v 2.866457 5.011878 -16.060938
v 2.864682 5.021966 -16.070208
v 2.872998 5.013491 -16.066387
v 2.869401 5.024052 -16.075380
v 2.877486 5.015783 -16.073437
v 2.871935 5.025797 -16.081285
v 2.880814 5.017396 -16.080418
v 2.873194 5.026967 -16.088060
v 2.883000 5.019453 -16.089136
v 2.872879 5.029524 -16.094486
v 2.882454 5.022218 -16.097441
v 2.872316 5.031166 -16.100985
v 2.881660 5.024067 -16.105814
v 2.869684 5.032364 -16.107275
v 2.878132 5.026625 -16.113773
v 2.865345 5.033931 -16.112350
v 2.873562 5.028399 -16.120726
v 2.867038 5.029626 -16.126534
v 2.861007 5.035498 -16.117426
v 2.860630 5.030749 -16.131403
v 2.855626 5.036282 -16.121496
v 2.852268 5.031325 -16.135126
v 2.849317 5.036178 -16.123621
v 2.844138 5.031694 -16.136974
v 2.842345 5.037226 -16.125536
v 2.835328 5.032092 -16.136806
v 2.836268 5.036915 -16.125786
v 2.826502 5.031366 -16.134834
v 2.829264 5.035717 -16.124088
v 2.818703 5.030300 -16.132061
v 2.822508 5.035435 -16.122322
v 2.811135 5.029027 -16.127411
v 2.816894 5.034709 -16.118816
v 2.805257 5.026263 -16.122171
v 2.812175 5.032624 -16.113646
v 2.800107 5.025122 -16.114912
v 2.808614 5.031219 -16.108540
v 2.796530 5.022593 -16.108002
v 2.805170 5.029709 -16.102497
v 2.795254 5.020300 -16.099422
v 2.803547 5.027728 -16.096731
v 2.794890 5.017772 -16.090981
v 2.805699 5.024104 -16.082937
v 2.796595 5.015686 -16.082745
v 2.804110 5.026086 -16.090235
v 2.815103 5.030559 -16.084349
v 2.814771 5.031993 -16.088968
v 2.814440 5.033427 -16.093590
v 2.816047 5.034286 -16.097549
v 2.817537 5.035248 -16.102448
v 2.820418 5.036682 -16.105537
v 2.823299 5.038116 -16.108625
v 2.827870 5.038059 -16.111124
v 2.831894 5.039050 -16.112476
v 2.836828 5.039804 -16.113966
v 2.840836 5.039672 -16.113510
v 2.845870 5.039199 -16.112257
v 2.849993 5.038963 -16.110863
v 2.854232 5.038623 -16.108532
v 2.857428 5.037500 -16.105194
v 2.859828 5.036509 -16.100780
v 2.861319 5.035754 -16.096228
v 2.862445 5.034188 -16.092682
v 2.861865 5.032989 -16.087923
v 2.861285 5.031791 -16.083164
v 2.859431 5.030017 -16.079275
v 2.856914 5.029395 -16.075176
v 2.853122 5.028196 -16.071949
v 2.817503 5.029568 -16.079933
v 2.819788 5.028681 -16.076458
v 2.807968 5.022094 -16.077654
v 2.811512 5.020659 -16.071503
v 2.799096 5.013469 -16.075584
v 2.803782 5.011590 -16.067694
v 2.816098 5.020008 -16.066357
v 2.810306 5.010364 -16.061888
v 2.821363 5.019329 -16.063225
v 2.817625 5.009004 -16.057156
v 2.825076 5.008664 -16.053293
v 2.827540 5.018413 -16.060232
v 2.834117 5.008059 -16.051584
v 2.834644 5.018384 -16.059183
v 2.835469 5.026745 -16.068003
v 2.831462 5.026877 -16.068457
v 2.827223 5.027218 -16.070787
v 2.822984 5.027557 -16.073120
v 2.901654 4.965020 -16.102280
v 2.898657 4.961973 -16.090677
v 2.899380 4.974374 -16.087467
v 2.902377 4.977422 -16.099070
v 2.901919 4.968776 -16.113466
v 2.898464 4.957082 -16.116261
v 2.898331 4.954345 -16.105942
v 2.896128 4.951166 -16.095417
v 2.893186 4.944143 -16.109327
v 2.890867 4.941067 -16.099741
v 2.886611 4.938567 -16.090815
v 2.883917 4.932460 -16.104654
v 2.880456 4.929827 -16.096806
v 2.874942 4.927875 -16.090557
v 2.871948 4.923731 -16.103178
v 2.868388 4.922325 -16.098074
v 2.863553 4.920343 -16.093840
v 2.868517 4.926158 -16.084169
v 2.857939 4.919618 -16.090336
v 2.861860 4.924649 -16.079659
v 2.873745 4.934011 -16.076233
v 2.865134 4.931954 -16.070578
v 2.866851 4.941771 -16.062956
v 2.876373 4.943591 -16.068750
v 2.868452 4.951690 -16.056271
v 2.878769 4.953378 -16.063143
v 2.869043 4.963073 -16.052193
v 2.878449 4.964997 -16.058926
v 2.867580 4.975135 -16.049715
v 2.877897 4.976823 -16.056585
v 2.875292 4.989329 -16.055845
v 2.865770 4.987509 -16.050051
v 2.871048 5.000448 -16.056984
v 2.862570 4.999411 -16.052197
v 2.858641 5.009689 -16.056358
v 2.866457 5.011878 -16.060938
v 2.872998 5.013491 -16.066387
v 2.878516 5.002948 -16.064379
v 2.877486 5.015783 -16.073437
v 2.884825 5.004768 -16.071705
v 2.880814 5.017396 -16.080418
v 2.888303 5.008523 -16.081360
v 2.883000 5.019453 -16.089136
v 2.890373 5.010684 -16.091017
v 2.882454 5.022218 -16.097441
v 2.890622 5.013316 -16.100397
v 2.881660 5.024067 -16.105814
v 2.888933 5.016525 -16.110439
v 2.878132 5.026625 -16.113773
v 2.885042 5.018270 -16.119406
v 2.873562 5.028399 -16.120726
v 2.879445 5.020385 -16.127159
v 2.872937 5.022735 -16.134771
v 2.867038 5.029626 -16.126534
v 2.864344 5.023519 -16.140373
v 2.860630 5.030749 -16.131403
v 2.855071 5.024331 -16.143959
v 2.852268 5.031325 -16.135126
v 2.845003 5.025276 -16.146467
v 2.844138 5.031694 -16.136974
v 2.834918 5.025097 -16.147171
v 2.835328 5.032092 -16.136806
v 2.824934 5.023692 -16.145130
v 2.826502 5.031366 -16.134834
v 2.815428 5.022995 -16.141142
v 2.818703 5.030300 -16.132061
v 2.806702 5.021042 -16.136423
v 2.811135 5.029027 -16.127411
v 2.799118 5.018646 -16.129969
v 2.805257 5.026263 -16.122171
v 2.793835 5.016486 -16.121841
v 2.800107 5.025122 -16.114912
v 2.789579 5.013986 -16.112917
v 2.796530 5.022593 -16.108002
v 2.787261 5.010910 -16.103331
v 2.795254 5.020300 -16.099422
v 2.787128 5.008173 -16.093012
v 2.794890 5.017772 -16.090981
v 2.796595 5.015686 -16.082745
v 2.788949 5.005984 -16.083838
v 2.799096 5.013469 -16.075584
v 2.792708 5.003219 -16.074001
v 2.803782 5.011590 -16.067694
v 2.798305 5.001105 -16.066250
v 2.810306 5.010364 -16.061888
v 2.805971 4.999434 -16.058704
v 2.813406 4.997972 -16.053036
v 2.817625 5.009004 -16.057156
v 2.822679 4.997159 -16.049450
v 2.825076 5.008664 -16.053293
v 2.834117 5.008059 -16.051584
v 2.832995 4.997130 -16.046869
v 2.842964 4.997412 -16.047106
v 2.833215 4.985021 -16.044380
v 2.844210 4.984963 -16.043816
v 2.853727 4.997562 -16.048416
v 2.855106 4.986133 -16.045996
v 2.844994 4.972929 -16.044279
v 2.832840 4.972308 -16.044775
v 2.832597 4.960613 -16.046038
v 2.845661 4.960999 -16.045681
v 2.857468 4.961932 -16.047998
v 2.856916 4.973759 -16.045658
v 2.865770 4.987509 -16.050051
v 2.867580 4.975135 -16.049715
v 2.869043 4.963073 -16.052193
v 2.868452 4.951690 -16.056271
v 2.857788 4.950314 -16.052216
v 2.866851 4.941771 -16.062956
v 2.857098 4.940158 -16.059038
v 2.865134 4.931954 -16.070578
v 2.855265 4.930445 -16.067598
v 2.853150 4.923819 -16.076746
v 2.861860 4.924649 -16.079659
v 2.857939 4.919618 -16.090336
v 2.851051 4.918316 -16.087700
v 2.844178 4.918138 -16.086872
v 2.845119 4.922961 -16.075850
v 2.838101 4.917827 -16.087120
v 2.836061 4.922443 -16.075752
v 2.830998 4.917855 -16.088169
v 2.827931 4.922812 -16.077600
v 2.824821 4.918772 -16.091162
v 2.819569 4.923388 -16.081326
v 2.819440 4.919555 -16.095230
v 2.813160 4.924511 -16.086195
v 2.814058 4.920339 -16.099300
v 2.806884 4.926654 -16.091932
v 2.802314 4.928428 -16.098885
v 2.810515 4.921773 -16.105452
v 2.798539 4.930070 -16.106913
v 2.808131 4.923887 -16.111673
v 2.797082 4.933071 -16.115078
v 2.806657 4.925765 -16.118032
v 2.797199 4.934684 -16.123590
v 2.807005 4.927171 -16.124668
v 2.799748 4.937552 -16.131300
v 2.808628 4.929152 -16.130434
v 2.802961 4.939270 -16.139219
v 2.811161 4.930898 -16.136337
v 2.807449 4.941562 -16.146269
v 2.815517 4.932171 -16.142519
v 2.813990 4.943175 -16.151718
v 2.820352 4.934152 -16.146753
v 2.821558 4.944448 -16.156368
v 2.825965 4.934878 -16.150257
v 2.829357 4.945514 -16.159142
v 2.831943 4.936416 -16.152754
v 2.838183 4.946239 -16.161114
v 2.838815 4.936594 -16.153582
v 2.845803 4.936669 -16.153473
v 2.846445 4.946890 -16.160135
v 2.851996 4.936876 -16.152287
v 2.855487 4.946285 -16.158424
v 2.858172 4.935960 -16.149294
v 2.862822 4.946049 -16.155500
v 2.870141 4.944689 -16.150770
v 2.864465 4.934941 -16.145363
v 2.875870 4.943594 -16.143885
v 2.868935 4.934393 -16.141155
v 2.881351 4.941584 -16.137072
v 2.872479 4.932959 -16.135002
v 2.883967 4.939263 -16.128975
v 2.874863 4.930845 -16.128782
v 2.885673 4.937177 -16.120739
v 2.876337 4.928967 -16.122423
v 2.875989 4.927561 -16.115788
v 2.885192 4.934752 -16.113235
v 2.874366 4.925580 -16.110022
v 2.893434 4.946775 -16.118708
v 2.891497 4.949068 -16.128820
v 2.896659 4.960394 -16.127241
v 2.887855 4.951730 -16.137716
v 2.892785 4.963263 -16.138014
v 2.882142 4.953948 -16.146406
v 2.886161 4.965716 -16.146566
v 2.874591 4.955514 -16.153015
v 2.868758 4.968615 -16.161451
v 2.866130 4.957317 -16.159483
v 2.878379 4.967491 -16.155050
v 2.870044 4.981092 -16.161194
v 2.880692 4.979629 -16.153994
v 2.888226 4.976938 -16.145580
v 2.881051 4.991219 -16.151791
v 2.888833 4.989444 -16.143307
v 2.870404 4.992682 -16.158993
v 2.879820 5.003074 -16.147436
v 2.887602 5.001299 -16.138952
v 2.869173 5.004537 -16.154636
v 2.876387 5.013466 -16.142008
v 2.885080 5.011455 -16.133661
v 2.867925 5.015269 -16.148476
v 2.858873 5.005689 -16.159023
v 2.857378 5.015505 -16.152931
v 2.846735 5.006190 -16.161325
v 2.846151 5.015770 -16.155373
v 2.834581 5.005569 -16.161821
v 2.835271 5.015724 -16.154999
v 2.823349 5.014895 -16.153620
v 2.822774 5.004635 -16.159504
v 2.812685 5.013518 -16.149563
v 2.812110 5.003259 -16.155447
v 2.803163 5.011698 -16.143768
v 2.801430 5.000759 -16.149586
v 2.795695 5.009198 -16.136375
v 2.793051 4.998495 -16.142052
v 2.789369 5.006255 -16.127243
v 2.785930 4.995684 -16.131844
v 2.784318 5.003887 -16.117241
v 2.781542 4.992165 -16.122049
v 2.782116 5.000708 -16.106714
v 2.778544 4.989117 -16.110449
v 2.782099 4.997867 -16.095459
v 2.778643 4.986174 -16.098253
v 2.780448 4.982861 -16.087273
v 2.783788 4.994659 -16.085417
v 2.785233 4.979756 -16.076637
v 2.787663 4.991790 -16.074642
v 2.791973 4.977199 -16.067148
v 2.794402 4.989233 -16.065153
v 2.799755 4.975424 -16.058664
v 2.802068 4.987562 -16.057608
v 2.810402 4.973961 -16.051464
v 2.811441 4.985523 -16.051277
v 2.820702 4.972809 -16.047077
v 2.821988 4.985286 -16.046822
v 2.809795 4.961455 -16.053736
v 2.821254 4.960982 -16.049417
v 2.810363 4.950752 -16.057882
v 2.821574 4.949364 -16.053635
v 2.812521 4.939784 -16.064180
v 2.822821 4.938632 -16.059795
v 2.833712 4.948863 -16.051332
v 2.834048 4.938367 -16.057354
v 2.845866 4.949484 -16.050835
v 2.845291 4.939225 -16.056719
v 2.845528 4.929955 -16.065485
v 2.835444 4.929777 -16.066189
v 2.825244 4.929703 -16.067831
v 2.815855 4.930618 -16.072355
v 2.807509 4.932318 -16.077885
v 2.803149 4.941823 -16.070511
v 2.799958 4.933885 -16.084492
v 2.795483 4.943494 -16.078056
v 2.789654 4.945816 -16.087685
v 2.795157 4.935866 -16.093321
v 2.784985 4.948816 -16.097382
v 2.791514 4.938528 -16.102219
v 2.782932 4.951213 -16.108433
v 2.789577 4.940821 -16.112329
v 2.783197 4.954969 -16.119619
v 2.790074 4.944369 -16.121639
v 2.791233 4.946765 -16.131159
v 2.786310 4.957912 -16.130283
v 2.790450 4.960516 -16.140146
v 2.795489 4.949265 -16.140085
v 2.796776 4.963459 -16.149279
v 2.801930 4.952105 -16.148279
v 2.805155 4.965724 -16.156811
v 2.809267 4.953586 -16.154804
v 2.814677 4.967544 -16.162605
v 2.817877 4.955642 -16.160461
v 2.825341 4.968920 -16.166662
v 2.826720 4.957491 -16.164240
v 2.836352 4.969986 -16.167904
v 2.836572 4.957877 -16.165413
v 2.847452 4.957923 -16.165787
v 2.847232 4.970032 -16.168278
v 2.856857 4.958130 -16.163069
v 2.858459 4.969767 -16.165836
v 2.847607 4.982745 -16.167881
v 2.859745 4.982244 -16.165579
v 2.859193 4.994070 -16.163239
v 2.847055 4.994571 -16.165543
v 2.835453 4.982123 -16.168379
v 2.834901 4.993949 -16.166039
v 2.822979 4.993120 -16.164658
v 2.823646 4.981190 -16.166059
v 2.811404 4.991980 -16.160463
v 2.812982 4.979814 -16.162004
v 2.800839 4.989376 -16.153664
v 2.802302 4.977314 -16.156141
v 2.792576 4.987009 -16.145191
v 2.793923 4.975050 -16.148609
v 2.785339 4.984301 -16.135921
v 2.786802 4.972239 -16.138399
v 2.781067 4.980678 -16.125191
v 2.782414 4.968719 -16.128607
v 2.778069 4.977631 -16.113588
v 2.779417 4.965672 -16.117004
v 2.777920 4.973772 -16.101463
v 2.779515 4.962729 -16.104809
v 2.781320 4.959416 -16.093830
v 2.779973 4.971375 -16.090412
v 2.786105 4.956312 -16.083195
v 2.784874 4.968166 -16.078840
v 2.791934 4.953990 -16.073566
v 2.790703 4.965845 -16.069210
v 2.799396 4.963834 -16.060865
v 2.800627 4.951979 -16.065220
v 2.894341 4.998741 -16.129463
v 2.890792 5.009237 -16.124971
v 2.899127 4.995636 -16.118828
v 2.894667 5.006369 -16.114199
v 2.901047 4.992220 -16.106909
v 2.897383 5.002820 -16.103357
v 2.896339 5.000320 -16.092899
v 2.901030 4.989380 -16.095652
v 2.894136 4.997140 -16.082375
v 2.897785 4.985418 -16.084122
v 2.889997 4.994536 -16.072510
v 2.886524 4.980003 -16.064049
v 2.883671 4.991593 -16.063377
v 2.893761 4.982710 -16.073318
v 2.895107 4.970751 -16.076735
v 2.894632 4.959265 -16.079876
v 2.887987 4.967940 -16.066526
v 2.887396 4.956558 -16.070604
v 2.891078 4.948798 -16.085415
v 2.884752 4.945854 -16.076283
v 2.881081 4.935491 -16.082760
v 2.902394 4.980262 -16.110327
v 2.900474 4.983678 -16.122244
v 2.899999 4.972191 -16.125383
v 2.895688 4.986783 -16.132879
v 2.894965 4.974380 -16.136089
v 2.862570 4.999411 -16.052197
v 2.858641 5.009689 -16.056358
v 2.850842 5.008624 -16.053587
v 2.842016 5.007897 -16.051613
v 2.834693 4.915750 -16.099463
v 2.838700 4.915617 -16.099007
v 2.838520 4.914663 -16.111624
v 2.830454 4.916090 -16.101793
v 2.830998 4.917855 -16.088169
v 2.838101 4.917827 -16.087120
v 2.844178 4.918138 -16.086872
v 2.851051 4.918316 -16.087700
v 2.843618 4.915248 -16.098692
v 2.840706 4.915003 -16.110891
v 2.848669 4.915899 -16.099243
v 2.842776 4.915446 -16.111099
v 2.842429 4.917474 -16.123363
v 2.845508 4.914738 -16.111513
v 2.847462 4.915285 -16.112659
v 2.852444 4.915975 -16.100664
v 2.856236 4.917172 -16.103893
v 2.863553 4.920343 -16.093840
v 2.857939 4.919618 -16.090336
v 2.868388 4.922325 -16.098074
v 2.860144 4.918267 -16.106182
v 2.871948 4.923731 -16.103178
v 2.862662 4.918889 -16.110281
v 2.874366 4.925580 -16.110022
v 2.864516 4.920663 -16.114170
v 2.875989 4.927561 -16.115788
v 2.866007 4.921625 -16.119066
v 2.876337 4.928967 -16.122423
v 2.865675 4.923059 -16.123688
v 2.865344 4.924494 -16.128309
v 2.874863 4.930845 -16.128782
v 2.863059 4.925381 -16.131784
v 2.872479 4.932959 -16.135002
v 2.860658 4.926372 -16.136200
v 2.868935 4.934393 -16.141155
v 2.857462 4.927495 -16.139538
v 2.864465 4.934941 -16.145363
v 2.853224 4.927835 -16.141869
v 2.858172 4.935960 -16.149294
v 2.849100 4.928071 -16.143261
v 2.851996 4.936876 -16.152287
v 2.844977 4.928308 -16.144655
v 2.845803 4.936669 -16.153473
v 2.839811 4.927761 -16.145042
v 2.838815 4.936594 -16.153582
v 2.835124 4.927922 -16.143480
v 2.831943 4.936416 -16.152754
v 2.831101 4.926931 -16.142130
v 2.825965 4.934878 -16.150257
v 2.827193 4.925837 -16.139841
v 2.820352 4.934152 -16.146753
v 2.823649 4.925554 -16.136541
v 2.815517 4.932171 -16.142519
v 2.820768 4.924120 -16.133453
v 2.811161 4.930898 -16.136337
v 2.819162 4.923262 -16.129494
v 2.808628 4.929152 -16.130434
v 2.818582 4.922063 -16.124733
v 2.807005 4.927171 -16.124668
v 2.818002 4.920865 -16.119974
v 2.806657 4.925765 -16.118032
v 2.819244 4.919195 -16.115492
v 2.808131 4.923887 -16.111673
v 2.820618 4.918544 -16.111877
v 2.810515 4.921773 -16.105452
v 2.823019 4.917553 -16.107462
v 2.814058 4.920339 -16.099300
v 2.819440 4.919555 -16.095230
v 2.826215 4.916430 -16.104124
v 2.824821 4.918772 -16.091162
v 2.835672 4.915475 -16.112146
v 2.834529 4.915918 -16.113884
v 2.832228 4.915683 -16.115555
v 2.831085 4.916126 -16.117292
v 2.830075 4.917589 -16.119898
v 2.829844 4.917797 -16.121775
v 2.829496 4.918108 -16.124590
v 2.830423 4.918995 -16.126535
v 2.831350 4.919882 -16.128479
v 2.833188 4.920533 -16.130562
v 2.833983 4.920400 -16.131639
v 2.836848 4.920712 -16.132923
v 2.838802 4.921258 -16.134068
v 2.840872 4.921702 -16.134274
v 2.843853 4.921909 -16.134619
v 2.845790 4.921333 -16.133957
v 2.847976 4.921673 -16.133226
v 2.850029 4.920993 -16.131626
v 2.851171 4.920550 -16.129889
v 2.853225 4.919870 -16.128288
v 2.853573 4.919559 -16.125473
v 2.853804 4.919352 -16.123596
v 2.853904 4.918125 -16.120853
v 2.854135 4.917917 -16.118977
v 2.852297 4.917266 -16.116892
v 2.851370 4.916379 -16.114948
v 2.849416 4.915833 -16.113804
v 2.438599 4.465900 -16.050182
v 2.442485 4.474933 -16.040022
v 2.446681 4.463880 -16.052368
v 2.434977 4.458906 -16.062077
v 2.428782 4.463230 -16.057941
v 2.432350 4.477633 -16.039436
v 2.415028 4.482713 -16.044449
v 2.434563 4.489281 -16.031673
v 2.446520 4.486108 -16.032536
v 2.452389 4.472441 -16.042484
v 2.450571 4.498406 -16.026855
v 2.457335 4.483379 -16.035137
v 2.461945 4.470259 -16.047762
v 2.467802 4.480962 -16.040552
v 2.462181 4.495545 -16.030533
v 2.454159 4.511119 -16.024929
v 2.472648 4.493128 -16.035950
v 2.465884 4.508154 -16.027668
v 2.477146 4.505604 -16.034161
v 2.479592 4.518761 -16.033972
v 2.469124 4.521179 -16.028555
v 2.481689 4.532229 -16.036598
v 2.471222 4.534647 -16.031181
v 2.457515 4.524040 -16.024878
v 2.460407 4.537375 -16.028582
v 2.448450 4.540548 -16.027718
v 2.445442 4.527316 -16.024954
v 2.437056 4.543796 -16.029808
v 2.434048 4.530564 -16.027044
v 2.441291 4.514528 -16.023928
v 2.427843 4.518455 -16.027618
v 2.438498 4.501683 -16.026932
v 2.420265 4.506998 -16.031805
v 2.416214 4.494700 -16.037485
v 2.441954 4.554800 -16.035946
v 2.432151 4.557783 -16.040190
v 2.427021 4.546986 -16.035931
v 2.423026 4.560738 -16.046450
v 2.416986 4.550177 -16.042051
v 2.408425 4.553207 -16.051264
v 2.417545 4.562748 -16.053263
v 2.411403 4.559662 -16.055738
v 2.403772 4.557331 -16.062767
v 2.409663 4.565749 -16.064491
v 2.423901 4.572468 -16.060686
v 2.419215 4.574346 -16.068575
v 2.433636 4.579206 -16.066927
v 2.429065 4.580980 -16.073879
v 2.443554 4.584083 -16.075323
v 2.440242 4.585310 -16.079599
v 2.453639 4.585979 -16.084072
v 2.451469 4.586762 -16.086609
v 2.462980 4.585128 -16.093031
v 2.454781 4.585535 -16.082335
v 2.456834 4.584856 -16.080734
v 2.459799 4.583940 -16.079273
v 2.461736 4.583364 -16.078611
v 2.464469 4.582656 -16.079027
v 2.466291 4.582184 -16.079304
v 2.468907 4.581579 -16.080658
v 2.470498 4.581315 -16.082811
v 2.472088 4.581050 -16.084967
v 2.473678 4.580785 -16.087120
v 2.474241 4.580861 -16.090073
v 2.474920 4.580832 -16.092089
v 2.474573 4.581143 -16.094904
v 2.474225 4.581455 -16.097717
v 2.472967 4.582002 -16.100395
v 2.471709 4.582550 -16.103071
v 2.469655 4.583229 -16.104670
v 2.467602 4.583909 -16.106270
v 2.465549 4.584589 -16.107870
v 2.462816 4.585297 -16.107454
v 2.460878 4.585872 -16.108114
v 2.458261 4.586477 -16.106762
v 2.456440 4.586949 -16.106483
v 2.453939 4.587450 -16.104191
v 2.452349 4.587714 -16.102037
v 2.451669 4.587743 -16.100023
v 2.450195 4.587903 -16.096931
v 2.450543 4.587592 -16.094116
v 2.449979 4.587517 -16.091162
v 2.451238 4.586969 -16.088486
v 2.451469 4.586762 -16.086609
v 2.438636 4.586169 -16.085091
v 2.440242 4.585310 -16.079599
v 2.426317 4.582282 -16.081108
v 2.429065 4.580980 -16.073879
v 2.415208 4.576196 -16.078482
v 2.419215 4.574346 -16.068575
v 2.405425 4.567806 -16.076273
v 2.409663 4.565749 -16.064491
v 2.403772 4.557331 -16.062767
v 2.396801 4.560096 -16.074133
v 2.403124 4.569287 -16.087395
v 2.393772 4.559954 -16.087273
v 2.390216 4.546053 -16.073910
v 2.386657 4.548081 -16.087708
v 2.382274 4.535500 -16.088556
v 2.384922 4.533708 -16.074621
v 2.383272 4.520419 -16.075888
v 2.379713 4.522448 -16.089684
v 2.382417 4.506998 -16.078230
v 2.379885 4.508687 -16.091227
v 2.385338 4.493652 -16.081995
v 2.383037 4.495133 -16.093115
v 2.389665 4.481900 -16.085756
v 2.387596 4.483174 -16.095001
v 2.396310 4.471508 -16.089653
v 2.395384 4.472338 -16.097160
v 2.405406 4.463494 -16.094555
v 2.403915 4.464249 -16.099108
v 2.404131 4.464635 -16.104876
v 2.394341 4.473272 -16.105604
v 2.404347 4.465022 -16.110645
v 2.395236 4.473630 -16.113388
v 2.406501 4.464832 -16.115751
v 2.397953 4.473516 -16.121449
v 2.408654 4.464643 -16.120859
v 2.401813 4.472958 -16.127771
v 2.411950 4.464010 -16.124228
v 2.406583 4.472164 -16.134233
v 2.416157 4.463141 -16.127735
v 2.411585 4.471163 -16.138817
v 2.420480 4.462168 -16.130304
v 2.417729 4.469718 -16.141665
v 2.425034 4.460988 -16.130999
v 2.424901 4.467934 -16.143711
v 2.431392 4.466177 -16.143742
v 2.429589 4.459808 -16.131691
v 2.438000 4.464317 -16.142836
v 2.434375 4.458420 -16.130507
v 2.444840 4.462250 -16.140051
v 2.438365 4.457165 -16.128246
v 2.451000 4.460211 -16.135252
v 2.442357 4.455909 -16.125984
v 2.455338 4.458644 -16.130177
v 2.444625 4.453898 -16.120703
v 2.459908 4.456870 -16.123224
v 2.444161 4.452597 -16.115005
v 2.462657 4.455568 -16.115995
v 2.443582 4.451399 -16.110245
v 2.464610 4.454398 -16.107689
v 2.444161 4.450880 -16.105555
v 2.444624 4.450465 -16.101801
v 2.464626 4.453804 -16.100044
v 2.444176 4.450286 -16.097910
v 2.463731 4.453446 -16.092260
v 2.443977 4.451022 -16.093946
v 2.461014 4.453560 -16.084200
v 2.443645 4.450739 -16.089117
v 2.458065 4.453882 -16.078016
v 2.444157 4.451976 -16.081331
v 2.453295 4.454676 -16.071554
v 2.442615 4.453893 -16.075144
v 2.454531 4.462067 -16.056429
v 2.440642 4.456753 -16.066872
v 2.462150 4.460461 -16.062368
v 2.469448 4.468757 -16.054638
v 2.476720 4.467463 -16.063391
v 2.477010 4.479092 -16.048645
v 2.485077 4.477665 -16.058475
v 2.482768 4.491021 -16.044180
v 2.490718 4.489698 -16.054949
v 2.487266 4.503498 -16.042391
v 2.495216 4.502175 -16.053160
v 2.497662 4.515332 -16.052971
v 2.489711 4.516655 -16.042202
v 2.498964 4.528932 -16.054520
v 2.490898 4.530359 -16.044689
v 2.496807 4.541617 -16.057671
v 2.489535 4.542912 -16.048918
v 2.487693 4.554756 -16.055094
v 2.480074 4.556362 -16.049154
v 2.482033 4.544414 -16.042042
v 2.472476 4.546595 -16.036764
v 2.472224 4.558175 -16.045094
v 2.462573 4.549088 -16.034302
v 2.464142 4.560196 -16.042908
v 2.454918 4.562660 -16.042461
v 2.452437 4.551788 -16.033716
v 2.446372 4.565096 -16.044029
v 2.457581 4.571672 -16.053362
v 2.450974 4.573533 -16.054268
v 2.441900 4.571891 -16.052366
v 2.445045 4.575364 -16.057190
v 2.434416 4.569985 -16.052616
v 2.438885 4.577403 -16.061989
v 2.446865 4.582856 -16.071049
v 2.450972 4.581497 -16.067848
v 2.455758 4.580109 -16.066666
v 2.460544 4.578722 -16.065481
v 2.465214 4.577437 -16.065235
v 2.464984 4.569680 -16.053532
v 2.471245 4.568132 -16.055439
v 2.469653 4.576361 -16.066866
v 2.477389 4.566687 -16.058287
v 2.473976 4.575388 -16.069435
v 2.483302 4.565450 -16.063009
v 2.477387 4.574652 -16.071867
v 2.488072 4.564656 -16.069469
v 2.480567 4.574122 -16.076174
v 2.491020 4.564334 -16.075655
v 2.483632 4.573697 -16.081419
v 2.493737 4.564220 -16.083715
v 2.484874 4.573744 -16.086388
v 2.494633 4.564578 -16.091499
v 2.485090 4.574130 -16.092157
v 2.494617 4.565172 -16.099144
v 2.485422 4.574413 -16.096987
v 2.483816 4.575272 -16.102478
v 2.492664 4.566342 -16.107450
v 2.482211 4.576130 -16.107969
v 2.489915 4.567644 -16.114679
v 2.479810 4.577121 -16.112383
v 2.485345 4.569418 -16.121632
v 2.475587 4.578584 -16.116522
v 2.481007 4.570985 -16.126707
v 2.471596 4.579840 -16.118782
v 2.474847 4.573024 -16.131506
v 2.467605 4.581095 -16.121042
v 2.468007 4.575092 -16.134289
v 2.462819 4.582483 -16.122227
v 2.461399 4.576952 -16.135197
v 2.458265 4.583663 -16.121534
v 2.454907 4.578708 -16.135164
v 2.447736 4.580492 -16.133118
v 2.453711 4.584843 -16.120842
v 2.441592 4.581937 -16.130272
v 2.449388 4.585816 -16.118271
v 2.436590 4.582938 -16.125687
v 2.445181 4.586685 -16.114763
v 2.431820 4.583732 -16.119226
v 2.441885 4.587318 -16.111395
v 2.427960 4.584290 -16.112904
v 2.439731 4.587507 -16.106287
v 2.425243 4.584404 -16.104843
v 2.437578 4.587697 -16.101181
v 2.424348 4.584046 -16.097059
v 2.437362 4.587310 -16.095413
v 2.437146 4.586924 -16.089643
v 2.425390 4.583112 -16.088614
v 2.413139 4.577469 -16.087727
v 2.412776 4.578374 -16.098186
v 2.414234 4.578808 -16.108923
v 2.402529 4.570400 -16.099731
v 2.403872 4.570937 -16.111406
v 2.392946 4.561274 -16.101486
v 2.395083 4.561679 -16.114237
v 2.386741 4.549166 -16.102058
v 2.387736 4.550014 -16.116549
v 2.381332 4.536924 -16.103708
v 2.383353 4.537433 -16.117399
v 2.380793 4.524380 -16.118526
v 2.379797 4.523532 -16.104036
v 2.381196 4.510412 -16.118193
v 2.379058 4.510007 -16.105440
v 2.383785 4.496783 -16.117126
v 2.382442 4.496246 -16.105452
v 2.387233 4.484079 -16.105461
v 2.388691 4.484512 -16.116198
v 2.391292 4.484502 -16.125196
v 2.386949 4.496848 -16.129080
v 2.395715 4.484020 -16.134472
v 2.392167 4.496233 -16.139433
v 2.402191 4.482858 -16.142149
v 2.399438 4.494938 -16.148186
v 2.408899 4.481488 -16.147949
v 2.407852 4.493200 -16.155201
v 2.417408 4.491019 -16.160479
v 2.416750 4.479675 -16.152010
v 2.427312 4.488526 -16.162941
v 2.425743 4.477418 -16.154335
v 2.434056 4.475190 -16.154642
v 2.437448 4.485826 -16.163527
v 2.442601 4.472754 -16.153074
v 2.447931 4.482814 -16.161297
v 2.456823 4.480067 -16.156914
v 2.451379 4.470111 -16.149630
v 2.465948 4.477113 -16.150654
v 2.458565 4.467732 -16.144032
v 2.473482 4.474422 -16.142241
v 2.465073 4.465382 -16.136417
v 2.479426 4.471997 -16.131674
v 2.470670 4.463268 -16.128666
v 2.484460 4.469808 -16.120968
v 2.473766 4.461654 -16.118622
v 2.486876 4.468223 -16.108910
v 2.475951 4.460277 -16.108438
v 2.476198 4.459475 -16.098917
v 2.487355 4.467214 -16.097511
v 2.475650 4.458806 -16.088320
v 2.485218 4.466809 -16.084759
v 2.472138 4.459053 -16.079182
v 2.467716 4.459535 -16.069906
v 2.481937 4.466848 -16.073744
v 2.494138 4.477087 -16.082794
v 2.490179 4.477154 -16.069765
v 2.501485 4.488752 -16.080484
v 2.497526 4.488819 -16.067455
v 2.505984 4.501228 -16.078695
v 2.502024 4.501296 -16.065666
v 2.504470 4.514453 -16.065477
v 2.508429 4.514385 -16.078506
v 2.504066 4.528421 -16.065811
v 2.508026 4.528354 -16.078840
v 2.502025 4.541002 -16.068024
v 2.505305 4.540964 -16.079039
v 2.497681 4.553348 -16.071907
v 2.493259 4.553830 -16.062632
v 2.501193 4.553102 -16.081045
v 2.507443 4.541368 -16.091789
v 2.501741 4.553771 -16.091642
v 2.506963 4.542377 -16.103188
v 2.501494 4.554572 -16.101164
v 2.499309 4.555950 -16.111347
v 2.504547 4.543962 -16.115248
v 2.496213 4.557563 -16.121391
v 2.499514 4.546152 -16.125954
v 2.490616 4.559677 -16.129145
v 2.493569 4.548577 -16.136520
v 2.484108 4.562027 -16.136757
v 2.486035 4.551267 -16.144934
v 2.476922 4.564406 -16.142355
v 2.476911 4.554222 -16.151194
v 2.468145 4.567050 -16.145800
v 2.468018 4.556969 -16.155577
v 2.457535 4.559980 -16.157806
v 2.459599 4.569485 -16.147367
v 2.447400 4.562681 -16.157219
v 2.451286 4.571713 -16.147060
v 2.442293 4.573970 -16.144735
v 2.437496 4.565173 -16.154758
v 2.434442 4.575783 -16.140675
v 2.427939 4.567355 -16.149481
v 2.419526 4.569093 -16.142466
v 2.427735 4.577153 -16.134874
v 2.412254 4.570387 -16.133711
v 2.421258 4.578315 -16.127197
v 2.416836 4.578797 -16.117922
v 2.407037 4.571002 -16.123360
v 2.399043 4.561611 -16.127268
v 2.405056 4.560864 -16.138697
v 2.392607 4.549710 -16.129717
v 2.398504 4.549067 -16.142084
v 2.388108 4.537233 -16.131506
v 2.394005 4.536590 -16.143873
v 2.391560 4.523433 -16.144062
v 2.385663 4.524076 -16.131695
v 2.385156 4.510344 -16.131222
v 2.391168 4.509597 -16.142653
v 2.399511 4.522110 -16.154831
v 2.398324 4.508407 -16.152344
v 2.409631 4.520004 -16.163061
v 2.407649 4.506433 -16.159496
v 2.421009 4.517351 -16.168615
v 2.418000 4.504119 -16.165852
v 2.432734 4.514386 -16.171354
v 2.429725 4.501154 -16.168591
v 2.440772 4.498218 -16.169315
v 2.444691 4.511213 -16.172218
v 2.452281 4.494866 -16.166286
v 2.456085 4.507966 -16.170128
v 2.462996 4.491647 -16.162180
v 2.467826 4.504406 -16.165222
v 2.473147 4.488352 -16.155121
v 2.478093 4.501009 -16.157223
v 2.487681 4.497639 -16.147211
v 2.480797 4.485559 -16.145769
v 2.494652 4.494874 -16.135843
v 2.487768 4.482793 -16.134401
v 2.500033 4.492373 -16.122324
v 2.492917 4.480500 -16.122759
v 2.502681 4.490581 -16.108387
v 2.495566 4.478708 -16.108822
v 2.496276 4.477491 -16.095547
v 2.503507 4.489260 -16.094175
v 2.507064 4.503161 -16.107538
v 2.507890 4.501841 -16.093325
v 2.510451 4.514894 -16.092197
v 2.509625 4.516214 -16.106411
v 2.510164 4.528759 -16.091593
v 2.509453 4.529975 -16.104868
v 2.506805 4.531767 -16.118803
v 2.501656 4.534060 -16.130447
v 2.506976 4.518007 -16.120346
v 2.501595 4.520507 -16.133867
v 2.504299 4.505057 -16.122412
v 2.499034 4.507454 -16.134995
v 2.494625 4.523273 -16.145233
v 2.491948 4.510323 -16.147299
v 2.485037 4.526642 -16.155247
v 2.482360 4.513693 -16.157312
v 2.472093 4.517091 -16.165310
v 2.474770 4.530040 -16.163244
v 2.460352 4.520650 -16.170216
v 2.463029 4.533599 -16.168150
v 2.448047 4.524134 -16.172167
v 2.451635 4.536847 -16.170240
v 2.435974 4.527410 -16.172243
v 2.427952 4.542984 -16.166637
v 2.423454 4.530507 -16.168427
v 2.439678 4.540019 -16.169378
v 2.454659 4.549485 -16.165359
v 2.443613 4.552421 -16.164635
v 2.431887 4.555386 -16.161896
v 2.421536 4.557700 -16.155542
v 2.416574 4.545638 -16.161083
v 2.412211 4.559674 -16.148388
v 2.406454 4.547744 -16.152853
v 2.402867 4.535031 -16.154779
v 2.412076 4.533161 -16.162872
v 2.466169 4.546133 -16.162331
v 2.476883 4.542914 -16.158224
v 2.487034 4.539619 -16.151165
v 2.494684 4.536826 -16.141813
v 2.582281 4.744125 -16.049685
v 2.587781 4.738707 -16.049997
v 2.521530 4.688220 -16.033907
v 2.518682 4.689032 -16.034430
v 2.490920 4.628423 -16.022280
v 2.486629 4.631642 -16.023321
v 2.579204 4.742331 -16.066856
v 2.582281 4.744125 -16.049685
v 2.518682 4.689032 -16.034430
v 2.514942 4.688389 -16.051392
v 2.482890 4.631000 -16.040285
v 2.486629 4.631642 -16.023321
v 2.514942 4.688389 -16.051392
v 2.482890 4.631000 -16.040285
v 2.488339 4.628460 -16.039310
v 2.531655 4.677052 -16.052780
v 2.579204 4.742331 -16.066856
v 2.588100 4.735053 -16.067795
v 2.593438 4.706647 -16.141008
v 2.634450 4.651814 -16.176237
v 2.640008 4.654799 -16.144779
v 2.607003 4.713277 -16.069645
v 2.588100 4.735053 -16.067795
v 2.574667 4.729443 -16.140028
v 2.587880 4.703663 -16.172468
v 2.569224 4.726355 -16.170547
v 2.653441 4.660409 -16.072546
v 2.555359 4.570448 -16.022182
v 2.509486 4.617143 -16.018106
v 2.552706 4.660715 -16.030191
v 2.598826 4.614934 -16.034199
v 2.611139 4.715261 -16.045834
v 2.657011 4.668565 -16.049911
v 2.551224 4.568464 -16.045994
v 2.555359 4.570448 -16.022182
v 2.598826 4.614934 -16.034199
v 2.594443 4.612036 -16.058081
v 2.657011 4.668565 -16.049911
v 2.652876 4.666582 -16.073723
v 2.652876 4.666582 -16.073723
v 2.657011 4.668565 -16.049911
v 2.611139 4.715261 -16.045834
v 2.607003 4.713277 -16.069645
v 2.587781 4.738707 -16.049997
v 2.588100 4.735053 -16.067795
v 2.579204 4.742331 -16.066856
v 2.582281 4.744125 -16.049685
v 2.587977 4.740784 -16.039188
v 2.611966 4.715657 -16.041071
v 2.492027 4.630264 -16.011606
v 2.510198 4.617644 -16.014282
v 2.509486 4.617143 -16.018106
v 2.490920 4.628423 -16.022280
v 2.488339 4.628460 -16.039310
v 2.486629 4.631642 -16.023321
v 2.505351 4.615160 -16.041916
v 2.551224 4.568464 -16.045994
v 2.555359 4.570448 -16.022182
v 2.482890 4.631000 -16.040285
v 2.525546 4.634789 -16.047058
v 2.505351 4.615160 -16.041916
v 2.551224 4.568464 -16.045994
v 2.594443 4.612036 -16.058081
v 2.548570 4.658731 -16.054003
v 2.607003 4.713277 -16.069645
v 2.652876 4.666582 -16.073723
v 2.587977 4.740784 -16.039188
v 2.611966 4.715657 -16.041071
v 2.553533 4.661111 -16.025429
v 2.523001 4.690873 -16.022226
v 2.492027 4.630264 -16.011606
v 2.510198 4.617644 -16.014282
v 2.587781 4.738707 -16.049997
v 2.587977 4.740784 -16.039188
v 2.523001 4.690873 -16.022226
v 2.521530 4.688220 -16.033907
v 2.492027 4.630264 -16.011606
v 2.490920 4.628423 -16.022280
v 2.611966 4.715657 -16.041071
v 2.611139 4.715261 -16.045834
v 2.552706 4.660715 -16.030191
v 2.553533 4.661111 -16.025429
v 2.509486 4.617143 -16.018106
v 2.510198 4.617644 -16.014282
v 2.492696 4.608294 -16.113419
v 2.530065 4.582713 -16.117970
v 2.524507 4.579729 -16.149427
v 2.487138 4.605310 -16.144878
v 2.475684 4.621594 -16.110813
v 2.469215 4.618846 -16.142134
v 2.529447 4.649117 -16.156826
v 2.487138 4.605310 -16.144878
v 2.524507 4.579729 -16.149427
v 2.576017 4.597268 -16.160595
v 2.587880 4.703663 -16.172468
v 2.513327 4.667306 -16.156681
v 2.569224 4.726355 -16.170547
v 2.469215 4.618846 -16.142134
v 2.634450 4.651814 -16.176237
v 2.582486 4.600017 -16.129274
v 2.524507 4.579729 -16.149427
v 2.530065 4.582713 -16.117970
v 2.595008 4.605863 -16.056904
v 2.653441 4.660409 -16.072546
v 2.640008 4.654799 -16.144779
v 2.576017 4.597268 -16.160595
v 2.634450 4.651814 -16.176237
v 2.543631 4.589343 -16.046604
v 2.607003 4.713277 -16.069645
v 2.653441 4.660409 -16.072546
v 2.595008 4.605863 -16.056904
v 2.548570 4.658731 -16.054003
v 2.543631 4.589343 -16.046604
v 2.525546 4.634789 -16.047058
v 2.505351 4.615160 -16.041916
v 2.518885 4.670290 -16.125221
v 2.475684 4.621594 -16.110813
v 2.469215 4.618846 -16.142134
v 2.513327 4.667306 -16.156681
v 2.569224 4.726355 -16.170547
v 2.574667 4.729443 -16.140028
v 2.531655 4.677052 -16.052780
v 2.588100 4.735053 -16.067795
v 2.488339 4.628460 -16.039310
v 2.474768 4.608094 -16.035067
v 2.461203 4.601464 -16.106430
v 2.451206 4.588158 -16.103777
v 2.464888 4.594684 -16.031473
v 3.060328 5.904035 -15.840866
v 3.047597 5.918995 -15.850269
v 3.062490 5.925670 -15.849265
v 3.082886 5.906423 -15.839177
v 3.077548 5.877698 -15.839590
v 3.055784 5.877082 -15.839076
v 3.038600 5.905870 -15.844296
v 3.030656 5.884399 -15.845690
v 3.022692 5.913742 -15.862510
v 3.014494 5.892498 -15.865952
v 3.026042 5.856293 -15.856647
v 3.008277 5.898019 -15.887728
v 3.008939 5.866451 -15.872356
v 3.006082 5.877681 -15.896020
v 3.010166 5.884006 -15.908454
v 3.013398 5.842732 -15.888159
v 3.009888 5.858248 -15.909163
v 3.012449 5.875823 -15.922270
v 3.009211 5.840299 -15.925798
v 3.015021 5.869866 -15.937980
v 3.022748 5.894016 -15.942577
v 3.011601 5.839472 -15.951443
v 3.016181 5.868876 -15.957175
v 3.022713 5.895313 -15.959269
v 3.006253 5.838029 -15.969886
v 3.008192 5.872234 -15.972657
v 3.011253 5.899249 -15.970047
v 2.996443 5.873945 -15.981542
v 2.990527 5.840771 -15.978166
v 2.998309 5.903247 -15.976427
v 2.982705 5.876171 -15.990124
v 2.970170 5.848829 -15.983181
v 2.983124 5.907988 -15.984552
v 2.955456 5.854413 -16.003901
v 2.969038 5.883301 -16.006592
v 2.970111 5.910831 -16.003679
v 2.972807 5.944357 -16.000305
v 2.962026 5.887051 -16.030569
v 2.967365 5.915774 -16.030157
v 2.968979 5.945303 -16.027090
v 2.968019 5.915237 -16.053450
v 2.970033 5.940706 -16.055092
v 2.978378 5.958117 -16.058407
v 2.978695 5.968937 -16.031992
v 2.991352 5.970211 -16.064985
v 2.996477 5.984224 -16.040915
v 3.008669 5.974762 -16.072933
v 3.018095 5.992423 -16.055305
v 3.026097 5.973029 -16.083696
v 3.039247 5.989885 -16.068722
v 3.039623 5.963590 -16.092724
v 3.057404 5.975128 -16.081015
v 3.067393 5.951471 -16.089073
v 3.050695 5.943930 -16.100475
v 3.080671 5.928617 -16.091135
v 3.061479 5.922045 -16.106331
v 3.079240 5.897707 -16.104900
v 3.095644 5.912915 -16.079985
v 3.102454 5.878420 -16.076221
v 3.096540 5.848994 -16.093479
v 3.076437 5.860575 -16.117081
v 3.049852 5.893938 -16.120632
v 3.061479 5.922045 -16.106331
v 3.043875 5.919017 -16.117123
v 3.050695 5.943930 -16.100475
v 3.039623 5.963590 -16.092724
v 3.034827 5.940613 -16.113617
v 3.038164 5.924085 -16.134800
v 3.027733 5.959242 -16.106472
v 3.031898 5.946938 -16.129395
v 3.036212 5.930801 -16.159075
v 3.022563 5.966309 -16.123995
v 3.028500 5.956168 -16.153212
v 3.020329 5.964657 -16.178627
v 3.018763 5.979599 -16.143105
v 3.009398 5.990375 -16.166016
v 2.994179 5.996412 -16.190832
v 2.992577 6.008903 -16.151365
v 2.979707 5.996666 -16.115349
v 2.968495 6.014016 -16.133093
v 3.002595 5.993840 -16.131115
v 2.975622 6.015228 -16.173832
v 2.952987 6.017828 -16.156015
v 2.941564 6.003078 -16.120455
v 2.929380 6.010146 -16.141323
v 2.955636 6.006884 -16.191231
v 2.938061 6.012450 -16.173712
v 2.923491 6.006703 -16.159920
v 2.923250 5.987146 -16.185205
v 2.913306 5.985975 -16.163059
v 2.912651 5.986512 -16.139767
v 2.898311 5.958303 -16.143221
v 2.902393 5.957131 -16.114386
v 2.919410 5.982990 -16.117836
v 2.935571 5.974892 -16.097574
v 2.957583 5.988921 -16.105055
v 2.955351 5.962382 -16.088770
v 2.971108 5.975733 -16.093449
v 2.970500 5.955190 -16.076702
v 2.983727 5.967058 -16.081232
v 2.990161 5.979996 -16.103748
v 2.999055 5.972125 -16.088879
v 3.007842 5.978036 -16.112461
v 3.014495 5.970907 -16.099339
v 3.008669 5.974762 -16.072933
v 3.026097 5.973029 -16.083696
v 2.991352 5.970211 -16.064985
v 2.978378 5.958117 -16.058407
v 2.970033 5.940706 -16.055092
v 2.968019 5.915237 -16.053450
v 2.963892 5.937490 -16.075739
v 2.960972 5.916534 -16.073484
v 2.941015 5.920533 -16.083208
v 2.944729 5.943261 -16.083260
v 2.916539 5.923564 -16.092482
v 2.919889 5.952804 -16.091766
v 2.924904 5.893910 -16.101004
v 2.899949 5.923378 -16.115711
v 2.907485 5.893250 -16.143127
v 2.895578 5.922326 -16.142653
v 2.910808 5.892756 -16.120440
v 2.908037 5.871716 -16.145576
v 2.906300 5.868256 -16.122591
v 2.913347 5.866959 -16.102556
v 2.905262 5.839429 -16.108812
v 2.916034 5.837328 -16.091431
v 2.926396 5.866567 -16.087372
v 2.929336 5.836710 -16.074198
v 2.938904 5.864177 -16.072342
v 2.939690 5.893230 -16.088169
v 2.956175 5.889809 -16.073744
v 2.963222 5.888512 -16.053709
v 2.947399 5.860365 -16.052763
v 2.939566 5.832609 -16.056971
v 2.938493 5.805079 -16.059883
v 2.927469 5.807408 -16.079313
v 2.926395 5.776129 -16.061590
v 2.917612 5.777716 -16.079275
v 2.901205 5.755011 -16.062922
v 2.892169 5.756823 -16.082653
v 2.885671 5.729089 -16.063869
v 2.875046 5.727358 -16.088009
v 2.876608 5.701169 -16.061630
v 2.865442 5.697439 -16.085922
v 2.859632 5.667871 -16.073740
v 2.870545 5.671827 -16.051497
v 2.856569 5.637107 -16.055716
v 2.868312 5.645288 -16.035212
v 2.858820 5.609085 -16.035940
v 2.871646 5.621263 -16.015127
v 2.862983 5.589283 -16.017595
v 2.876639 5.605686 -15.998523
v 2.872206 5.572449 -15.999546
v 2.883910 5.591818 -15.984116
v 2.884537 5.561548 -15.985435
v 2.891469 5.580176 -15.971601
v 2.895998 5.557611 -15.974656
v 2.900764 5.568245 -15.961439
v 2.917002 5.555159 -15.960682
v 2.900704 5.543558 -15.976791
v 2.930963 5.540362 -15.957726
v 2.909063 5.523796 -15.973694
v 2.945829 5.521053 -15.955382
v 2.925702 5.506650 -15.977644
v 2.949424 5.494407 -15.986135
v 2.967528 5.506874 -15.959629
v 2.973253 5.485771 -15.985823
v 2.990092 5.499371 -15.969559
v 2.993575 5.479009 -15.997498
v 3.013486 5.496091 -15.981228
v 3.032974 5.498746 -16.000179
v 3.008039 5.481149 -16.020096
v 3.050797 5.506593 -16.024664
v 3.034828 5.486029 -16.037596
v 3.048021 5.499193 -16.058817
v 3.055389 5.516213 -16.053635
v 3.052137 5.521611 -16.084209
v 3.044481 5.502365 -16.087498
v 3.039342 5.525524 -16.117979
v 3.026915 5.505537 -16.122866
v 3.019675 5.535497 -16.150230
v 3.005548 5.518250 -16.156710
v 2.984864 5.539021 -16.185535
v 3.004016 5.556783 -16.175411
v 2.970392 5.567911 -16.201603
v 2.993269 5.584868 -16.194132
v 2.963476 5.598800 -16.214172
v 2.985558 5.613984 -16.208904
v 2.955512 5.628142 -16.230993
v 2.975064 5.641843 -16.225576
v 2.944224 5.654229 -16.249868
v 2.964571 5.669703 -16.242249
v 2.931742 5.682603 -16.266237
v 2.953788 5.695336 -16.257027
v 2.918318 5.713039 -16.278053
v 2.945136 5.726513 -16.267244
v 2.903411 5.743536 -16.285471
v 2.933842 5.762492 -16.274502
v 2.906573 5.787798 -16.283072
v 2.937262 5.792887 -16.261038
v 2.949264 5.790949 -16.250105
v 2.955929 5.764036 -16.260218
v 2.963317 5.733992 -16.260242
v 2.945136 5.726513 -16.267244
v 2.973846 5.708585 -16.247513
v 2.953788 5.695336 -16.257027
v 2.984628 5.682951 -16.232737
v 2.964571 5.669703 -16.242249
v 2.995664 5.657091 -16.215910
v 2.975064 5.641843 -16.225576
v 3.006699 5.631230 -16.199083
v 2.985558 5.613984 -16.208904
v 3.015204 5.603887 -16.182108
v 2.993269 5.584868 -16.194132
v 3.026492 5.577800 -16.163233
v 3.004016 5.556783 -16.175411
v 3.038463 5.559770 -16.139341
v 3.019675 5.535497 -16.150230
v 3.039342 5.525524 -16.117979
v 3.051658 5.551796 -16.110279
v 3.052137 5.521611 -16.084209
v 3.061670 5.546626 -16.078409
v 3.055389 5.516213 -16.053635
v 3.065175 5.541002 -16.045788
v 3.059677 5.535895 -16.016205
v 3.050797 5.506593 -16.024664
v 3.048614 5.528274 -15.990425
v 3.032974 5.498746 -16.000179
v 3.030173 5.527164 -15.967223
v 3.013486 5.496091 -15.981228
v 3.007032 5.530217 -15.953505
v 2.990092 5.499371 -15.969559
v 2.984757 5.539946 -15.945469
v 2.967528 5.506874 -15.959629
v 2.945829 5.521053 -15.955382
v 2.964252 5.551838 -15.943728
v 2.930963 5.540362 -15.957726
v 2.947762 5.565151 -15.946535
v 2.917002 5.555159 -15.960682
v 2.931488 5.575785 -15.943350
v 2.900764 5.568245 -15.961439
v 2.917527 5.590581 -15.946305
v 2.891469 5.580176 -15.971601
v 2.910221 5.601997 -15.956770
v 2.883910 5.591818 -15.984116
v 2.902120 5.611640 -15.969438
v 2.894561 5.623282 -15.981951
v 2.876639 5.605686 -15.998523
v 2.889279 5.636635 -15.996660
v 2.871646 5.621263 -16.015127
v 2.884539 5.651986 -16.011217
v 2.868312 5.645288 -16.035212
v 2.883700 5.675043 -16.027508
v 2.870545 5.671827 -16.051497
v 2.889474 5.702159 -16.035746
v 2.876608 5.701169 -16.061630
v 2.885671 5.729089 -16.063869
v 2.897995 5.728080 -16.038141
v 2.901205 5.755011 -16.062922
v 2.913277 5.754228 -16.039240
v 2.926395 5.776129 -16.061590
v 2.933442 5.774832 -16.041555
v 2.938493 5.805079 -16.059883
v 2.942470 5.800300 -16.039854
v 2.939566 5.832609 -16.056971
v 2.940071 5.828408 -16.032240
v 2.946745 5.860903 -16.029470
v 2.947399 5.860365 -16.052763
v 2.963222 5.888512 -16.053709
v 2.948687 5.794779 -16.018078
v 2.946541 5.822659 -16.008415
v 2.961159 5.789937 -15.999105
v 2.962990 5.816787 -15.990047
v 2.973125 5.785547 -15.984229
v 2.978428 5.811820 -15.979874
v 2.990142 5.807657 -15.967046
v 2.992165 5.805845 -15.950657
v 2.980573 5.780190 -15.968902
v 2.986032 5.775349 -15.953273
v 2.973535 5.754207 -15.970906
v 2.964640 5.762078 -15.985777
v 2.948958 5.739990 -15.979969
v 2.939269 5.746089 -15.997042
v 2.952673 5.766467 -16.000652
v 2.926544 5.751158 -16.018064
v 2.944179 5.770278 -16.020231
v 2.910321 5.727072 -16.012411
v 2.923587 5.724001 -15.991235
v 2.904329 5.702633 -16.010164
v 2.914524 5.696081 -15.988994
v 2.899132 5.679968 -16.005714
v 2.904702 5.668841 -15.992898
v 2.922877 5.686211 -15.974277
v 2.908284 5.658229 -15.979780
v 2.931520 5.678566 -15.961455
v 2.915590 5.646814 -15.969316
v 2.938826 5.667151 -15.950991
v 2.923691 5.637170 -15.956648
v 2.946673 5.657734 -15.940372
v 2.929297 5.628495 -15.947775
v 2.955062 5.650316 -15.929599
v 2.938592 5.616564 -15.937613
v 2.966382 5.640322 -15.923682
v 2.949370 5.604571 -15.931849
v 2.976942 5.631006 -15.923911
v 2.962208 5.596966 -15.934276
v 2.993469 5.620145 -15.925047
v 2.978734 5.586105 -15.935411
v 3.013973 5.608253 -15.926788
v 2.997791 5.576727 -15.936696
v 3.034007 5.599267 -15.936569
v 3.020066 5.566998 -15.944732
v 3.042413 5.562173 -15.960652
v 3.054365 5.594957 -15.952188
v 3.058577 5.561573 -15.981658
v 3.070023 5.594810 -15.977290
v 3.068304 5.565423 -16.009796
v 3.080003 5.598433 -16.003380
v 3.073802 5.570530 -16.039377
v 3.086367 5.613965 -16.059278
v 3.073080 5.577411 -16.070099
v 3.086295 5.605313 -16.030758
v 3.098788 5.640096 -16.022141
v 3.093943 5.630702 -15.995217
v 3.108425 5.664968 -15.986901
v 3.099350 5.656832 -15.961423
v 3.085410 5.624564 -15.969585
v 3.087417 5.656176 -15.938974
v 3.071741 5.624196 -15.944785
v 3.068759 5.657744 -15.921763
v 3.051383 5.628506 -15.929167
v 3.048472 5.666958 -15.914031
v 3.029360 5.638008 -15.919083
v 3.010845 5.649384 -15.917645
v 3.027427 5.676851 -15.912444
v 2.994354 5.662697 -15.920451
v 3.009889 5.688618 -15.919502
v 2.980069 5.672816 -15.917568
v 2.995098 5.699190 -15.920716
v 2.966219 5.681327 -15.923337
v 2.981790 5.709700 -15.926332
v 2.958372 5.690744 -15.933956
v 2.973148 5.717345 -15.939153
v 2.950271 5.700388 -15.946624
v 2.964506 5.724989 -15.951975
v 2.941629 5.708033 -15.959445
v 2.957853 5.732119 -15.965098
v 2.932734 5.715904 -15.974316
v 2.980188 5.747077 -15.957783
v 2.987878 5.765026 -15.937803
v 2.986300 5.737949 -15.944813
v 2.996232 5.755156 -15.923087
v 2.996677 5.730016 -15.934341
v 3.007055 5.722082 -15.923871
v 3.029207 5.738422 -15.905855
v 3.021157 5.713345 -15.916054
v 3.010587 5.746192 -15.913221
v 3.032303 5.764139 -15.886555
v 3.009669 5.770488 -15.889373
v 2.995638 5.784130 -15.905076
v 3.018437 5.806075 -15.878100
v 3.006684 5.821426 -15.896001
v 2.989886 5.800386 -15.927826
v 3.026523 5.833604 -15.871845
v 3.044856 5.823609 -15.862584
v 3.049723 5.851489 -15.849578
v 3.072898 5.847139 -15.846605
v 3.100375 5.846436 -15.850075
v 3.094678 5.814332 -15.861341
v 3.067742 5.817034 -15.857718
v 3.087028 5.785194 -15.876247
v 3.062623 5.789380 -15.872772
v 3.039989 5.795729 -15.875590
v 3.079631 5.755830 -15.889106
v 3.054973 5.760242 -15.887679
v 3.072234 5.726467 -15.901964
v 3.049564 5.730363 -15.900840
v 3.063065 5.694940 -15.908528
v 3.039237 5.703576 -15.908841
v 3.084435 5.689724 -15.915953
v 3.094145 5.723249 -15.909234
v 3.101104 5.688670 -15.932860
v 3.113344 5.723679 -15.926291
v 3.113579 5.691325 -15.955155
v 3.124372 5.728848 -15.948129
v 3.118676 5.700493 -15.980029
v 3.131169 5.735275 -15.971410
v 3.122326 5.712174 -16.004446
v 3.111280 5.674878 -16.013521
v 3.109253 5.690331 -16.038925
v 3.097666 5.651035 -16.048155
v 3.094809 5.662264 -16.071817
v 3.080185 5.621939 -16.084997
v 3.072268 5.630200 -16.108364
v 3.068093 5.583097 -16.098324
v 3.057392 5.590101 -16.123590
v 3.065144 5.640235 -16.129528
v 3.046868 5.605617 -16.147938
v 3.036739 5.626965 -16.165377
v 3.055379 5.655070 -16.147730
v 3.027440 5.652536 -16.184553
v 3.044203 5.674872 -16.169418
v 3.015610 5.676624 -16.203583
v 3.033821 5.696446 -16.188904
v 3.005228 5.698198 -16.223068
v 3.022644 5.716249 -16.210592
v 2.991121 5.720576 -16.239901
v 3.007202 5.734856 -16.229782
v 2.979762 5.741760 -16.250889
v 2.994254 5.752495 -16.245176
v 2.968508 5.766550 -16.253075
v 2.981917 5.773287 -16.247669
v 2.959313 5.791979 -16.242811
v 2.955648 5.817471 -16.224808
v 2.942275 5.813185 -16.234154
v 2.972722 5.798717 -16.237408
v 2.991096 5.781281 -16.243710
v 2.987867 5.805165 -16.234354
v 2.968840 5.826886 -16.225393
v 2.989734 5.834467 -16.229240
v 2.946200 5.843127 -16.216595
v 2.960799 5.861217 -16.222710
v 2.989106 5.864738 -16.227921
v 2.934298 5.858562 -16.207104
v 2.960207 5.893939 -16.225332
v 2.937582 5.873007 -16.210121
v 2.919542 5.867837 -16.191628
v 2.920007 5.878573 -16.192602
v 2.936561 5.897445 -16.215712
v 2.959074 5.924663 -16.228109
v 2.918408 5.898561 -16.194405
v 2.935139 5.925943 -16.216595
v 2.958046 5.958993 -16.222082
v 2.916698 5.924834 -16.193392
v 2.933028 5.956276 -16.210875
v 2.956806 5.982361 -16.213030
v 2.939919 5.986093 -16.202114
v 2.918312 5.954362 -16.190327
v 2.909161 5.954963 -16.165977
v 2.907800 5.925208 -16.166994
v 2.911500 5.898419 -16.168308
v 2.910604 5.879400 -16.170301
v 2.908803 5.864893 -16.171684
v 2.904142 5.857867 -16.176094
v 2.900670 5.854696 -16.150759
v 2.893768 5.848411 -16.156916
v 2.897961 5.840953 -16.130896
v 2.890412 5.829063 -16.146013
v 2.898011 5.806232 -16.128428
v 2.905348 5.807160 -16.110287
v 2.904275 5.779631 -16.113199
v 2.910275 5.776788 -16.097414
v 2.914420 5.807799 -16.094498
v 2.889099 5.757090 -16.103294
v 2.883751 5.755646 -16.121737
v 2.871976 5.727624 -16.108648
v 2.869158 5.727664 -16.127239
v 2.862701 5.692491 -16.124018
v 2.859300 5.694223 -16.106567
v 2.853026 5.657668 -16.114044
v 2.850960 5.663172 -16.094238
v 2.844362 5.621940 -16.095879
v 2.845620 5.630699 -16.074017
v 2.849218 5.586663 -16.075121
v 2.848777 5.598163 -16.054852
v 2.860435 5.555673 -16.048359
v 2.860065 5.572076 -16.035976
v 2.872658 5.537416 -16.022419
v 2.871783 5.554273 -16.014133
v 2.887402 5.544176 -15.994024
v 2.890484 5.524126 -15.996622
v 2.898120 5.507495 -16.003613
v 2.876029 5.519592 -16.026911
v 2.886484 5.506670 -16.035946
v 2.914177 5.499539 -16.012789
v 2.902793 5.498487 -16.043074
v 2.927014 5.491934 -16.015215
v 2.919897 5.492077 -16.047998
v 2.942382 5.485813 -16.017790
v 2.953007 5.487544 -15.993651
v 2.957132 5.482680 -16.001013
v 2.964947 5.478309 -16.027719
v 2.977707 5.475692 -16.010639
v 2.992388 5.475154 -16.027245
v 2.978291 5.474000 -16.046682
v 2.997631 5.476739 -16.038242
v 2.987006 5.475007 -16.062380
v 3.003921 5.479870 -16.044987
v 2.996768 5.477561 -16.073826
v 3.026121 5.478878 -16.054152
v 3.014990 5.477600 -16.082386
v 3.037254 5.487655 -16.067184
v 3.031654 5.486438 -16.087675
v 3.014340 5.489384 -16.120995
v 3.000206 5.482029 -16.115854
v 2.992467 5.502550 -16.158936
v 2.975551 5.493938 -16.155695
v 2.965564 5.525094 -16.188904
v 2.948359 5.514256 -16.183769
v 2.949104 5.554499 -16.204668
v 2.927128 5.542920 -16.201132
v 2.918222 5.574324 -16.213398
v 2.940452 5.585675 -16.214886
v 2.909317 5.605727 -16.225664
v 2.932488 5.615018 -16.231707
v 2.900559 5.633298 -16.244688
v 2.921200 5.641105 -16.250582
v 2.908465 5.669706 -16.269001
v 2.884500 5.658643 -16.265162
v 2.893053 5.700657 -16.280514
v 2.867099 5.690109 -16.276371
v 2.873374 5.730413 -16.289528
v 2.848756 5.723637 -16.283030
v 2.857526 5.762972 -16.292391
v 2.883986 5.773067 -16.292437
v 2.868102 5.803173 -16.291355
v 2.886282 5.810652 -16.284353
v 2.856448 5.832023 -16.288832
v 2.874628 5.839502 -16.281830
v 2.900738 5.818935 -16.274698
v 2.916688 5.803624 -16.272045
v 2.919353 5.821057 -16.255713
v 2.906446 5.827507 -16.266035
v 2.903292 5.842654 -16.255550
v 2.915006 5.838491 -16.242723
v 2.932803 5.816606 -16.245235
v 2.924731 5.834844 -16.229593
v 2.908634 5.853989 -16.225489
v 2.917853 5.850795 -16.216457
v 2.935033 5.835648 -16.220253
v 2.925914 5.852340 -16.208860
v 2.913146 5.861100 -16.193687
v 2.907868 5.860811 -16.199383
v 2.894346 5.856610 -16.181339
v 2.896914 5.864295 -16.206064
v 2.881403 5.860609 -16.187719
v 2.883177 5.845383 -16.164364
v 2.869040 5.851668 -16.168238
v 2.877833 5.826550 -16.153156
v 2.861671 5.830899 -16.152786
v 2.858174 5.805493 -16.146744
v 2.876613 5.802854 -16.149313
v 2.892375 5.802564 -16.144976
v 2.883890 5.779094 -16.146524
v 2.896939 5.778703 -16.131340
v 2.877210 5.756491 -16.137674
v 2.857653 5.756430 -16.152105
v 2.865400 5.729765 -16.141277
v 2.851809 5.728158 -16.156616
v 2.860137 5.692305 -16.140560
v 2.850524 5.689667 -16.156504
v 2.855345 5.651938 -16.131804
v 2.851697 5.647754 -16.148655
v 2.852435 5.607450 -16.132154
v 2.852105 5.612665 -16.114698
v 2.850967 5.570340 -16.121344
v 2.852807 5.569909 -16.094255
v 2.855789 5.536360 -16.117277
v 2.860812 5.533126 -16.092997
v 2.861058 5.539042 -16.058695
v 2.870106 5.517447 -16.062201
v 2.866348 5.523296 -16.096870
v 2.883632 5.508007 -16.071228
v 2.874703 5.517175 -16.102789
v 2.898277 5.505017 -16.083891
v 2.915311 5.497451 -16.101564
v 2.941702 5.485253 -16.064074
v 2.959278 5.479686 -16.081593
v 2.931186 5.494625 -16.120674
v 2.969981 5.480179 -16.097593
v 2.945831 5.491635 -16.133337
v 2.983720 5.481701 -16.109646
v 2.961559 5.492642 -16.145691
v 2.930643 5.513765 -16.171112
v 2.914373 5.510759 -16.158913
v 2.904751 5.535402 -16.192886
v 2.885010 5.532973 -16.175983
v 2.896099 5.566579 -16.203104
v 2.876358 5.564151 -16.186201
v 2.889724 5.599466 -16.215519
v 2.874213 5.595780 -16.197174
v 2.863355 5.630151 -16.213081
v 2.879230 5.627325 -16.232191
v 2.849137 5.658814 -16.227098
v 2.863965 5.654443 -16.250462
v 2.844575 5.686424 -16.261370
v 2.831736 5.690280 -16.238310
v 2.826485 5.719725 -16.265978
v 2.815887 5.722839 -16.241173
v 2.802280 5.754656 -16.242289
v 2.812625 5.751768 -16.269144
v 2.832907 5.756196 -16.285891
v 2.821542 5.787271 -16.285261
v 2.844172 5.794562 -16.291458
v 2.835048 5.824895 -16.289083
v 2.815202 5.818861 -16.280987
v 2.832183 5.842267 -16.280493
v 2.819563 5.847194 -16.272076
v 2.830472 5.864791 -16.258848
v 2.844181 5.853971 -16.278576
v 2.847711 5.874331 -16.247292
v 2.863409 5.862995 -16.267323
v 2.864738 5.872909 -16.232712
v 2.880724 5.863798 -16.254637
v 2.895473 5.860665 -16.237860
v 2.891038 5.844818 -16.268534
v 2.881222 5.869488 -16.218287
v 2.850527 5.870543 -16.208067
v 2.866759 5.867348 -16.195690
v 2.836792 5.855379 -16.187000
v 2.851577 5.854699 -16.174166
v 2.822881 5.831706 -16.166853
v 2.842473 5.834219 -16.156364
v 2.840423 5.806298 -16.150780
v 2.820831 5.803785 -16.161268
v 2.840939 5.782312 -16.149286
v 2.855543 5.786762 -16.146387
v 2.845645 5.768259 -16.151421
v 2.868922 5.781156 -16.148657
v 2.825511 5.763747 -16.162064
v 2.826170 5.749569 -16.176342
v 2.813869 5.772813 -16.182777
v 2.804009 5.760510 -16.212387
v 2.812191 5.732238 -16.210209
v 2.832764 5.717752 -16.178568
v 2.841311 5.682969 -16.177156
v 2.825798 5.700421 -16.209093
v 2.840452 5.670150 -16.203726
v 2.855035 5.634975 -16.190472
v 2.851233 5.640768 -16.168314
v 2.860580 5.597864 -16.176317
v 2.854248 5.602173 -16.154011
v 2.862725 5.566235 -16.165344
v 2.853863 5.569060 -16.142891
v 2.870871 5.535511 -16.159224
v 2.885807 5.513608 -16.123497
v 2.899151 5.509298 -16.142460
v 2.861215 5.536564 -16.138971
v 2.798610 5.790039 -16.212666
v 2.792904 5.785216 -16.241962
v 2.792818 5.817485 -16.240488
v 2.801801 5.784842 -16.268360
v 2.797991 5.817915 -16.264233
v 2.798773 5.839471 -16.238792
v 2.804594 5.845507 -16.253576
v 2.816950 5.860590 -16.240805
v 2.805239 5.847364 -16.223984
v 2.832959 5.869966 -16.222801
v 2.818430 5.853031 -16.203936
v 2.795741 5.821052 -16.213091
v 2.809184 5.826492 -16.190996
v 2.809123 5.798056 -16.185713
v 2.821094 5.780026 -16.161823
v 2.981399 5.963153 -16.218189
v 2.973287 5.992580 -16.207621
v 3.011562 5.932818 -16.210533
v 3.004027 5.966696 -16.203753
v 2.986692 5.930017 -16.226717
v 3.015373 5.899745 -16.214663
v 2.989020 5.897007 -16.226446
v 3.016653 5.865189 -16.218641
v 3.035755 5.830982 -16.205839
v 3.039499 5.866054 -16.198212
v 3.014245 5.833888 -16.223909
v 3.028610 5.801392 -16.216648
v 3.008689 5.807842 -16.230314
v 3.004758 5.787792 -16.236256
v 3.005021 5.764033 -16.236811
v 3.016871 5.779570 -16.228136
v 3.021041 5.749877 -16.221411
v 3.034227 5.769184 -16.210379
v 3.035577 5.735783 -16.201611
v 3.046411 5.762116 -16.189510
v 3.043612 5.798033 -16.197823
v 3.056085 5.793190 -16.178850
v 3.052093 5.831394 -16.184656
v 3.061129 5.829581 -16.164925
v 3.050918 5.869557 -16.171871
v 3.053158 5.865067 -16.149492
v 3.043094 5.901210 -16.163197
v 3.034493 5.901414 -16.191580
v 3.028694 5.935003 -16.187149
v 3.043598 5.897008 -16.138466
v 3.059123 5.859772 -16.129765
v 3.080395 5.823668 -16.127964
v 3.070165 5.827768 -16.145191
v 3.077304 5.784310 -16.138250
v 3.066568 5.788864 -16.159575
v 3.070236 5.745983 -16.147930
v 3.060041 5.752535 -16.169100
v 3.048378 5.721977 -16.179459
v 3.061179 5.708171 -16.157309
v 3.070003 5.695396 -16.134552
v 3.082131 5.736691 -16.125168
v 3.091243 5.726141 -16.104305
v 3.099106 5.766240 -16.092422
v 3.087752 5.777532 -16.115030
v 3.092832 5.816374 -16.105047
v 3.104438 5.804856 -16.080391
v 3.109826 5.795111 -16.056875
v 3.106664 5.837538 -16.064423
v 3.107280 5.827052 -16.042505
v 3.107518 5.863997 -16.046869
v 3.107830 5.888458 -16.029469
v 3.109239 5.900882 -16.055632
v 3.103904 5.854768 -16.026394
v 3.103963 5.879455 -16.011044
v 3.108027 5.846155 -16.013123
v 3.111656 5.818213 -16.027185
v 3.124781 5.809083 -16.010870
v 3.115902 5.783531 -16.039963
v 3.123931 5.768984 -16.019409
v 3.112811 5.744173 -16.050249
v 3.106229 5.756206 -16.071259
v 3.098366 5.716106 -16.083141
v 3.104949 5.704073 -16.062132
v 3.078320 5.683074 -16.115892
v 3.087432 5.672525 -16.095030
v 3.118310 5.728143 -16.029547
v 3.129142 5.750728 -15.996814
v 3.137985 5.773829 -15.963778
v 3.134510 5.791796 -15.988726
v 3.145053 5.812156 -15.954098
v 3.137060 5.829155 -15.978594
v 3.136538 5.863032 -15.968469
v 3.122330 5.868163 -15.985091
v 3.147061 5.847517 -15.944121
v 3.121729 5.841477 -16.000597
v 3.108628 5.872841 -15.997617
v 3.106157 5.896045 -15.982117
v 3.103228 5.902370 -15.997894
v 3.099170 5.922029 -15.986800
v 3.107096 5.911373 -16.016319
v 3.103831 5.932805 -16.003023
v 3.111251 5.922602 -16.036640
v 3.106792 5.946321 -16.020838
v 3.101693 5.958292 -16.046246
v 3.101886 5.933378 -16.059549
v 3.087380 5.959816 -16.071674
v 3.092450 5.939250 -16.074574
v 3.075655 5.983762 -16.061264
v 3.070328 5.997056 -16.019144
v 3.056304 6.000806 -16.046467
v 3.092463 5.981269 -16.032042
v 3.097562 5.969298 -16.006632
v 3.095253 5.951496 -15.991477
v 3.079405 5.984055 -15.994340
v 3.061404 5.967697 -15.970774
v 3.054022 5.987850 -15.982368
v 3.080785 5.962997 -15.977896
v 3.064556 5.948802 -15.960623
v 3.079960 5.945132 -15.967140
v 3.085419 5.940290 -15.951510
v 3.096956 5.931366 -15.960237
v 3.091497 5.936208 -15.975865
v 3.104087 5.915189 -15.971325
v 3.116883 5.915024 -15.958189
v 3.120148 5.893592 -15.971486
v 3.134897 5.890460 -15.954709
v 3.128197 5.914921 -15.940653
v 3.146251 5.879169 -15.932101
v 3.141463 5.911851 -15.919477
v 3.144862 5.902621 -15.895659
v 3.149361 5.867713 -15.906389
v 3.141500 5.893165 -15.873137
v 3.141734 5.857062 -15.881368
v 3.147353 5.832353 -15.916367
v 3.139726 5.821702 -15.891344
v 3.143645 5.799733 -15.927935
v 3.131787 5.790339 -15.904357
v 3.134876 5.764146 -15.939207
v 3.123307 5.756978 -15.917523
v 3.111505 5.785913 -15.887609
v 3.103819 5.754323 -15.898573
v 3.119696 5.817048 -15.872548
v 3.123405 5.849669 -15.860979
v 3.103578 5.879509 -15.842603
v 3.124366 5.883483 -15.855253
v 3.120667 5.910272 -15.853939
v 3.107424 5.935576 -15.855821
v 3.128364 5.922077 -15.866213
v 3.105227 5.911489 -15.843480
v 3.083889 5.932797 -15.849013
v 3.082367 5.947797 -15.870320
v 3.060679 5.938445 -15.868677
v 3.058692 5.942708 -15.889009
v 3.080127 5.952288 -15.892700
v 3.107350 5.948062 -15.877584
v 3.133061 5.935304 -15.886378
v 3.105109 5.952553 -15.899964
v 3.076768 5.950330 -15.911446
v 3.128579 5.940536 -15.910504
v 3.098968 5.949337 -15.920610
v 3.073410 5.948371 -15.930191
v 3.117919 5.936353 -15.930700
v 3.090802 5.944185 -15.937011
v 3.106028 5.932005 -15.944447
v 3.070304 5.946186 -15.946888
v 3.055917 5.939057 -15.943795
v 3.041565 5.930632 -15.924012
v 3.042978 5.929415 -15.941160
v 3.055299 5.942047 -15.924445
v 3.037519 5.934257 -15.956789
v 3.051253 5.945672 -15.957222
v 3.026489 5.946477 -15.964601
v 3.041052 5.962115 -15.966774
v 3.013722 5.958985 -15.970060
v 3.031104 5.978333 -15.974277
v 3.018268 5.989686 -15.992485
v 3.043751 6.003139 -16.004667
v 3.004496 5.993209 -16.017757
v 3.029185 6.004889 -16.032143
v 2.984401 5.973761 -16.002695
v 2.997667 5.970691 -15.981519
v 2.985533 5.939288 -15.979283
v 3.002959 5.933806 -15.969412
v 3.016556 5.925521 -15.965692
v 3.028669 5.917299 -15.957572
v 3.032139 5.912972 -15.941640
v 3.019346 5.895748 -15.925127
v 3.028738 5.914705 -15.924191
v 3.014497 5.899995 -15.907220
v 3.023348 5.916953 -15.906438
v 3.020740 5.920458 -15.886785
v 3.040405 5.931623 -15.904816
v 3.038992 5.932840 -15.887669
v 3.056416 5.944747 -15.907446
v 3.041233 5.928349 -15.865288
v 2.441015 4.364049 -15.991546
v 2.395686 4.348311 -15.991900
v 2.398365 4.353459 -16.040073
v 2.446225 4.370681 -16.039867
v 2.489742 4.395445 -16.038290
v 2.480302 4.390071 -15.991413
v 2.430993 4.367866 -15.949895
v 2.390688 4.352643 -15.946603
v 2.465220 4.390921 -15.949466
v 2.417318 4.377390 -15.913476
v 2.384568 4.364164 -15.906687
v 2.403573 4.385759 -15.889806
v 2.446737 4.397252 -15.910702
v 2.420195 4.402037 -15.879534
v 2.381326 4.404083 -15.853461
v 2.427309 4.419284 -15.876400
v 2.384315 4.426193 -15.842965
v 2.356885 4.405817 -15.846043
v 2.360127 4.427701 -15.833499
v 2.386764 4.446305 -15.832624
v 2.361093 4.447875 -15.818758
v 2.393377 4.450365 -15.824573
v 2.445050 4.442011 -15.869761
v 2.436701 4.438241 -15.875463
v 2.471128 4.430239 -15.920589
v 2.458806 4.413858 -15.916670
v 2.479419 4.413071 -15.950873
v 2.494754 4.411995 -15.990772
v 2.508953 4.434145 -15.992181
v 2.495965 4.438086 -15.941730
v 2.507320 4.430543 -15.939756
v 2.482007 4.435493 -15.915036
v 2.521026 4.437111 -15.989134
v 2.530972 4.442032 -16.031914
v 2.519151 4.438839 -16.032913
v 2.533393 4.457298 -16.070517
v 2.521573 4.454105 -16.071516
v 2.524571 4.473822 -16.113907
v 2.514050 4.471948 -16.108604
v 2.509529 4.488369 -16.137804
v 2.498214 4.484723 -16.134705
v 2.486315 4.507657 -16.166483
v 2.476700 4.501270 -16.161793
v 2.459052 4.523071 -16.186670
v 2.449437 4.516684 -16.181980
v 2.429941 4.545059 -16.201694
v 2.423110 4.539929 -16.195105
v 2.398012 4.563339 -16.214676
v 2.374148 4.569523 -16.211046
v 2.375014 4.576199 -16.216728
v 2.393422 4.557467 -16.206339
v 2.368623 4.555820 -16.209774
v 2.387391 4.544218 -16.209164
v 2.415089 4.527195 -16.197626
v 2.407358 4.516687 -16.202044
v 2.439717 4.506691 -16.186096
v 2.428008 4.497213 -16.189907
v 2.448622 4.475287 -16.173828
v 2.463655 4.488021 -16.167961
v 2.481845 4.468219 -16.142929
v 2.468006 4.453197 -16.151300
v 2.498840 4.450704 -16.115391
v 2.481894 4.429749 -16.119827
v 2.506615 4.432635 -16.076252
v 2.489128 4.409681 -16.080841
v 2.504447 4.417142 -16.035601
v 2.438412 4.407436 -16.125345
v 2.445357 4.385143 -16.084467
v 2.395257 4.368663 -16.086420
v 2.391095 4.392213 -16.125399
v 2.371830 4.352101 -16.041157
v 2.368974 4.367079 -16.085455
v 2.365353 4.392628 -16.124279
v 2.343306 4.351259 -16.041939
v 2.340703 4.366010 -16.084188
v 2.339612 4.393043 -16.123161
v 2.332318 4.359788 -16.085947
v 2.332963 4.386531 -16.127270
v 2.334256 4.418880 -16.159634
v 2.342858 4.422424 -16.151886
v 2.332582 4.451354 -16.183199
v 2.343461 4.456607 -16.177647
v 2.334198 4.484631 -16.200768
v 2.344788 4.487659 -16.193321
v 2.346079 4.516260 -16.205051
v 2.338813 4.516487 -16.210443
v 2.348053 4.552917 -16.211765
v 2.343317 4.554627 -16.217306
v 2.351590 4.567135 -16.212734
v 2.347143 4.571070 -16.220169
v 2.354874 4.581579 -16.215752
v 2.353751 4.588770 -16.221132
v 2.364833 4.541830 -16.210854
v 2.381612 4.530742 -16.209940
v 2.360253 4.512425 -16.205120
v 2.375874 4.506077 -16.205645
v 2.360698 4.483536 -16.195740
v 2.376607 4.479414 -16.198160
v 2.361901 4.453968 -16.180216
v 2.382329 4.450813 -16.183086
v 2.365816 4.420753 -16.154903
v 2.386533 4.419823 -16.159668
v 2.427849 4.434141 -16.154766
v 2.416055 4.460680 -16.177738
v 2.404731 4.484315 -16.192671
v 2.395072 4.502759 -16.202068
v 2.334633 4.342811 -16.041803
v 2.346192 4.348625 -15.989966
v 2.335241 4.338468 -15.987633
v 2.334727 4.341315 -15.938843
v 2.345136 4.349473 -15.941331
v 2.335508 4.359122 -15.892769
v 2.341604 4.383418 -15.865577
v 2.334772 4.378288 -15.858986
v 2.342882 4.366250 -15.899205
v 2.360079 4.383230 -15.872087
v 2.363598 4.365321 -15.903971
v 2.367188 4.352315 -15.943739
v 2.380796 4.382300 -15.876853
v 2.371933 4.348210 -15.991085
v 2.334432 4.407035 -15.838926
v 2.329878 4.403615 -15.834533
v 2.333662 4.427498 -15.821835
v 2.331890 4.425335 -15.815540
v 2.334627 4.447672 -15.807094
v 2.333903 4.447055 -15.796549
v 2.362646 4.448967 -15.810410
v 2.749106 5.297499 -16.197876
v 2.737063 5.223936 -16.208735
v 2.795785 5.218034 -16.254522
v 2.808369 5.293596 -16.243511
v 2.766390 5.368899 -16.177380
v 2.704375 5.300949 -16.141457
v 2.725636 5.371318 -16.121567
v 2.689261 5.223904 -16.152321
v 2.684449 5.292404 -16.072588
v 2.708276 5.366709 -16.056787
v 2.663874 5.216452 -16.078447
v 2.718974 5.352206 -15.990252
v 2.696953 5.278768 -15.995655
v 2.685704 5.206977 -16.004311
v 2.744601 5.263889 -15.942142
v 2.735306 5.189132 -15.947157
v 2.730059 5.118246 -15.960663
v 2.813943 5.248473 -15.901891
v 2.803853 5.171943 -15.909108
v 2.793329 5.100769 -15.928308
v 2.888782 5.238163 -15.891220
v 2.878151 5.159634 -15.898592
v 2.865097 5.086977 -15.917645
v 2.789526 5.041010 -15.951286
v 2.855728 5.024704 -15.944423
v 2.853345 5.019388 -15.951031
v 2.791120 5.034663 -15.958499
v 2.851792 5.018295 -15.959379
v 2.791556 5.033054 -15.967151
v 2.795893 5.039153 -15.977535
v 2.854140 5.024909 -15.969462
v 2.858619 5.037066 -15.974985
v 2.800625 5.051083 -15.981010
v 2.752539 5.063820 -16.005238
v 2.745278 5.050406 -16.001616
v 2.718851 5.060153 -16.035162
v 2.720941 5.076885 -16.035675
v 2.710389 5.083806 -16.088333
v 2.702368 5.071072 -16.090857
v 2.722795 5.089055 -16.144011
v 2.714774 5.076321 -16.146532
v 2.754363 5.088533 -16.192165
v 2.749162 5.079508 -16.196732
v 2.794650 5.071630 -16.226370
v 2.799851 5.080655 -16.221806
v 2.855934 5.062165 -16.234982
v 2.852468 5.052851 -16.241899
v 2.912340 5.044604 -16.233362
v 2.910574 5.032549 -16.238688
v 2.955982 5.022161 -16.207554
v 2.954505 5.012332 -16.214773
v 2.992428 5.001101 -16.174391
v 2.991122 5.009674 -16.169071
v 3.005728 4.992986 -16.115889
v 3.002469 5.004525 -16.114210
v 2.988363 5.002017 -16.060125
v 2.990680 4.992538 -16.057251
v 2.955964 4.998314 -16.010229
v 2.955382 5.007504 -16.015457
v 2.910765 5.008418 -15.982485
v 2.914702 5.018576 -15.988162
v 2.858619 5.037066 -15.974985
v 2.854140 5.024909 -15.969462
v 2.912935 5.002772 -15.972853
v 2.851792 5.018295 -15.959379
v 2.853345 5.019388 -15.951031
v 2.917924 5.000835 -15.965263
v 2.855728 5.024704 -15.944423
v 2.922295 5.005637 -15.958958
v 2.937266 5.072875 -15.932323
v 2.865097 5.086977 -15.917645
v 2.950103 5.148210 -15.919261
v 2.878151 5.159634 -15.898592
v 2.888782 5.238163 -15.891220
v 2.956792 5.230222 -15.915228
v 3.018297 5.225576 -15.959116
v 3.017179 5.305816 -15.960629
v 2.959146 5.309884 -15.921443
v 2.894066 5.315249 -15.902291
v 2.956080 5.383199 -15.938215
v 3.009159 5.379771 -15.968299
v 3.057026 5.307910 -16.015831
v 3.039062 5.384442 -16.021990
v 3.004347 5.390219 -15.974969
v 3.033674 5.390439 -16.024872
v 3.000152 5.393928 -15.980355
v 2.955499 5.392389 -15.943441
v 2.950257 5.394553 -15.953079
v 2.900362 5.395178 -15.925802
v 2.899386 5.398536 -15.937940
v 2.943391 5.390720 -15.963180
v 2.895739 5.394351 -15.954791
v 2.897262 5.383101 -15.954119
v 2.944120 5.377697 -15.964710
v 2.892625 5.311620 -15.934088
v 2.944944 5.305123 -15.949684
v 2.889366 5.236471 -15.927262
v 2.943420 5.229685 -15.945209
v 2.880071 5.161713 -15.932277
v 2.936114 5.154411 -15.950526
v 2.866906 5.095341 -15.948515
v 2.926601 5.082332 -15.961533
v 2.858619 5.037066 -15.974985
v 2.914702 5.018576 -15.988162
v 2.979538 5.072845 -15.996479
v 2.955382 5.007504 -16.015457
v 3.016279 5.069005 -16.047745
v 2.988363 5.002017 -16.060125
v 3.029626 5.072193 -16.107975
v 3.002469 5.004525 -16.114210
v 3.014338 5.080824 -16.166174
v 2.991122 5.009674 -16.169071
v 2.955982 5.022161 -16.207554
v 2.976486 5.096959 -16.214443
v 2.912340 5.044604 -16.233362
v 2.924748 5.115404 -16.243904
v 2.855934 5.062165 -16.234982
v 2.860787 5.130967 -16.249022
v 2.799851 5.080655 -16.221806
v 2.801850 5.143297 -16.229858
v 2.754363 5.088533 -16.192165
v 2.752855 5.149301 -16.191574
v 2.715321 5.151369 -16.142511
v 2.722795 5.089055 -16.144011
v 2.700637 5.144410 -16.084637
v 2.710389 5.083806 -16.088333
v 2.713684 5.136520 -16.028185
v 2.720941 5.076885 -16.035675
v 2.752539 5.063820 -16.005238
v 2.749330 5.123580 -15.985604
v 2.803887 5.108843 -15.958187
v 2.800625 5.051083 -15.981010
v 2.858619 5.037066 -15.974985
v 2.866906 5.095341 -15.948515
v 2.816982 5.174060 -15.954696
v 2.880071 5.161713 -15.932277
v 2.830149 5.244181 -15.959091
v 2.889366 5.236471 -15.927262
v 2.892625 5.311620 -15.934088
v 2.831307 5.322382 -15.942167
v 2.845598 5.389060 -15.961816
v 2.897262 5.383101 -15.954119
v 2.895739 5.394351 -15.954791
v 2.844075 5.400311 -15.962488
v 2.841503 5.406268 -15.946778
v 2.899386 5.398536 -15.937940
v 2.838249 5.404167 -15.936085
v 2.900362 5.395178 -15.925802
v 2.834853 5.396008 -15.930253
v 2.899208 5.386276 -15.918225
v 2.894066 5.315249 -15.902291
v 2.822009 5.326816 -15.911061
v 2.781131 5.401328 -15.950397
v 2.762139 5.338812 -15.940231
v 2.756399 5.421974 -15.991367
v 2.787056 5.410970 -15.956376
v 2.749062 5.417297 -15.988873
v 2.749424 5.431924 -16.039921
v 2.739592 5.428216 -16.041224
v 2.759589 5.437915 -16.097343
v 2.750951 5.431919 -16.101151
v 2.793723 5.441329 -16.149591
v 2.786027 5.433272 -16.157951
v 2.821928 5.365799 -16.220362
v 2.838599 5.430297 -16.192133
v 2.844307 5.438869 -16.183470
v 2.888997 5.359919 -16.239815
v 2.900208 5.425509 -16.206583
v 2.903097 5.430373 -16.195877
v 2.954767 5.414522 -16.199799
v 2.953172 5.420869 -16.192585
v 2.904902 5.431239 -16.185480
v 2.952736 5.422477 -16.183933
v 3.003499 5.407390 -16.166611
v 2.998291 5.408256 -16.159557
v 2.947386 5.413536 -16.161110
v 2.985964 5.401768 -16.144020
v 3.031985 5.398283 -16.120617
v 3.039433 5.396674 -16.125925
v 3.010149 5.392763 -16.112219
v 3.040078 5.394782 -16.075697
v 3.047491 5.390722 -16.077061
v 3.054075 5.382438 -16.076685
v 3.047500 5.388328 -16.129948
v 3.071604 5.311262 -16.082510
v 3.059787 5.319316 -16.145411
v 3.079954 5.232092 -16.092297
v 3.078183 5.146989 -16.101488
v 3.065846 5.225835 -16.017578
v 3.062607 5.240084 -16.162941
v 3.058630 5.158175 -16.177822
v 3.018178 5.254611 -16.223204
v 3.017852 5.332874 -16.201880
v 2.956137 5.272253 -16.262007
v 2.958018 5.347322 -16.234993
v 3.009071 5.400012 -16.174429
v 2.879162 5.286911 -16.265617
v 2.866725 5.207516 -16.283386
v 2.786489 5.143275 -16.259537
v 2.857647 5.130079 -16.282410
v 2.945653 5.189890 -16.276134
v 2.934045 5.110970 -16.275009
v 3.010477 5.173505 -16.235432
v 2.997027 5.091268 -16.240761
v 2.919107 5.038687 -16.264320
v 2.973993 5.014987 -16.233725
v 3.044640 5.073938 -16.183306
v 3.018894 5.001304 -16.186054
v 3.061951 5.063495 -16.108717
v 3.017144 4.988992 -16.048281
v 3.043866 5.058268 -16.033394
v 3.033710 4.991829 -16.115261
v 3.062593 5.140794 -16.022369
v 3.013308 5.140824 -15.961557
v 3.001630 5.060749 -15.973181
v 2.974944 4.993925 -15.992010
v 3.007312 4.985284 -16.049582
v 2.966595 4.990154 -15.997711
v 2.998058 4.986026 -16.054672
v 2.957881 4.992896 -16.002647
v 3.014047 4.984412 -16.117865
v 3.009026 4.995144 -16.183413
v 2.999047 4.995269 -16.177958
v 3.025326 4.985607 -16.117020
v 2.966367 5.008085 -16.229336
v 2.958630 5.007468 -16.222136
v 2.915170 5.028529 -16.258642
v 2.911663 5.026655 -16.249998
v 2.851098 5.050377 -16.260946
v 2.851821 5.047246 -16.250858
v 2.788036 5.067571 -16.234423
v 2.733835 5.078190 -16.209719
v 2.740813 5.075737 -16.202433
v 2.784783 5.069219 -16.244364
v 2.730724 5.085896 -16.214798
v 2.783407 5.076636 -16.251793
v 2.849434 5.055570 -16.266481
v 2.684485 5.150114 -16.157787
v 2.691670 5.085575 -16.157391
v 2.728057 5.151403 -16.215643
v 2.665606 5.143115 -16.084665
v 2.678252 5.077483 -16.089275
v 2.682593 5.069941 -16.090645
v 2.696518 5.077579 -16.154665
v 2.704690 5.072840 -16.149883
v 2.692536 5.067364 -16.092157
v 2.700087 5.058116 -16.026758
v 2.711225 5.053251 -16.030775
v 2.733780 5.048142 -15.987818
v 2.738446 5.045277 -15.995025
v 2.730739 5.057003 -15.980148
v 2.682411 5.133124 -16.014175
v 2.692815 5.068234 -16.020531
v 3.016943 5.387943 -16.073599
v 3.024419 5.391181 -16.029961
v 3.011551 5.386443 -16.035212
v 2.987973 5.387355 -15.992208
v 3.010291 5.373935 -16.036440
v 2.984472 5.375588 -15.995182
v 3.027890 5.303914 -16.029516
v 2.992997 5.301180 -15.983415
v 2.997187 5.224422 -15.981895
v 3.035805 5.226352 -16.030651
v 2.991581 5.146409 -15.985620
v 3.031646 5.145824 -16.034832
v 3.044776 5.151690 -16.101055
v 3.046911 5.230282 -16.092627
v 3.033864 5.238172 -16.149080
v 3.029235 5.160548 -16.161303
v 2.994929 5.250309 -16.197657
v 2.988311 5.173201 -16.209578
v 2.935526 5.190100 -16.243288
v 2.943591 5.264694 -16.231825
v 2.870771 5.203891 -16.250608
v 2.881331 5.277516 -16.235352
v 2.811799 5.213768 -16.227503
v 2.821564 5.285622 -16.214449
v 2.758537 5.218578 -16.186720
v 2.770038 5.290143 -16.176016
v 2.731962 5.290212 -16.127106
v 2.718473 5.219162 -16.137508
v 2.717026 5.283479 -16.071281
v 2.698076 5.213523 -16.076679
v 2.715894 5.206375 -16.018627
v 2.725518 5.272170 -16.010435
v 2.757871 5.185377 -15.977720
v 2.767672 5.259682 -15.968609
v 2.746998 5.343609 -16.005186
v 2.779897 5.331863 -15.968450
v 2.800877 5.393864 -15.978917
v 2.776256 5.404477 -16.002068
v 2.802426 5.408597 -15.979584
v 2.778710 5.414697 -16.003345
v 2.792805 5.412103 -15.963275
v 2.764101 5.420139 -15.994625
v 2.759620 5.429121 -16.039385
v 2.768843 5.437173 -16.092255
v 2.772458 5.421515 -16.041811
v 2.777456 5.417184 -16.087109
v 2.772281 5.413005 -16.042730
v 2.780163 5.427178 -16.086338
v 2.803311 5.417982 -16.132309
v 2.815633 5.434363 -16.136229
v 2.799542 5.443616 -16.143742
v 2.847848 5.439446 -16.175425
v 2.858191 5.429061 -16.161011
v 2.898476 5.408409 -16.174582
v 2.850423 5.416101 -16.161486
v 2.901760 5.422853 -16.177599
v 2.940055 5.398968 -16.170235
v 2.946377 5.335251 -16.205423
v 2.890083 5.346527 -16.209856
v 2.982210 5.390228 -16.149042
v 2.995257 5.324286 -16.178993
v 3.029709 5.313632 -16.133907
v 3.010625 5.379966 -16.115797
v 3.015430 5.375662 -16.076874
v 3.040008 5.306938 -16.083298
v 2.833499 5.351830 -16.191761
v 2.788228 5.357029 -16.156130
v 2.753877 5.356294 -16.109875
v 2.740059 5.356011 -16.057684
v 2.899208 5.386276 -15.918225
v 2.674706 4.887750 -16.273996
v 2.729635 4.860359 -16.279596
v 2.705020 4.922882 -16.248594
v 2.664087 4.934180 -16.223349
v 2.630984 4.907682 -16.239031
v 2.635937 4.841492 -16.293268
v 2.697448 4.805816 -16.298492
v 2.752993 4.767938 -16.282175
v 2.782827 4.829508 -16.262211
v 2.656442 4.746659 -16.310497
v 2.595107 4.790845 -16.304354
v 2.713398 4.703815 -16.290693
v 2.611675 4.685855 -16.315905
v 2.667148 4.643073 -16.291700
v 2.757656 4.670886 -16.242968
v 2.709129 4.608434 -16.241777
v 2.565278 4.628946 -16.310156
v 2.622415 4.580972 -16.280416
v 2.659802 4.554101 -16.231173
v 2.576230 4.531276 -16.257059
v 2.596948 4.509209 -16.211540
v 2.680843 4.532962 -16.170858
v 2.605370 4.496745 -16.163443
v 2.568634 4.536718 -16.244995
v 2.587146 4.517844 -16.205166
v 2.595315 4.505607 -16.159117
v 2.568663 4.549061 -16.237318
v 2.584934 4.530930 -16.199236
v 2.595128 4.520628 -16.157433
v 2.593318 4.508516 -16.105927
v 2.592878 4.523765 -16.106291
v 2.591458 4.531125 -16.056890
v 2.592692 4.517649 -16.054323
v 2.564039 4.552767 -16.017435
v 2.561802 4.539868 -16.010166
v 2.540816 4.574448 -15.993228
v 2.537385 4.563838 -15.983454
v 2.569397 4.530678 -16.001596
v 2.542049 4.557223 -15.970027
v 2.597416 4.593775 -15.939142
v 2.634312 4.558821 -15.979135
v 2.659827 4.646419 -15.917871
v 2.701642 4.608373 -15.963022
v 2.713125 4.709613 -15.917462
v 2.759171 4.670310 -15.961169
v 2.806034 4.737954 -15.967894
v 2.759952 4.774806 -15.920243
v 2.839376 4.805147 -15.977208
v 2.797925 4.836681 -15.932821
v 2.857684 4.859605 -15.992389
v 2.821441 4.890274 -15.955056
v 2.818942 4.904882 -15.967866
v 2.850266 4.877306 -16.000040
v 2.806297 4.887574 -15.978744
v 2.836427 4.862285 -16.008411
v 2.783864 4.837979 -15.956201
v 2.818408 4.810051 -15.995126
v 2.748422 4.777587 -15.943770
v 2.788931 4.748113 -15.983603
v 2.702678 4.716392 -15.940681
v 2.744346 4.682179 -15.979075
v 2.650209 4.657422 -15.942830
v 2.689635 4.623951 -15.982970
v 2.654279 4.556177 -16.042931
v 2.716443 4.599155 -16.035328
v 2.626172 4.579653 -15.996874
v 2.593364 4.607292 -15.960300
v 2.564039 4.552767 -16.017435
v 2.591458 4.531125 -16.056890
v 2.592878 4.523765 -16.106291
v 2.667449 4.550855 -16.104082
v 2.595128 4.520628 -16.157433
v 2.666082 4.555878 -16.164396
v 2.647500 4.573597 -16.216974
v 2.584934 4.530930 -16.199236
v 2.616549 4.596016 -16.259087
v 2.568663 4.549061 -16.237318
v 2.565053 4.637767 -16.283894
v 2.529241 4.593779 -16.259081
v 2.494260 4.644452 -16.261787
v 2.513950 4.681602 -16.281158
v 2.472727 4.686925 -16.233385
v 2.482585 4.720366 -16.254057
v 2.461036 4.709574 -16.206284
v 2.466334 4.749487 -16.210943
v 2.450933 4.732019 -16.154142
v 2.472828 4.762226 -16.147190
v 2.450634 4.728439 -16.078728
v 2.479108 4.764002 -16.080416
v 2.491902 4.756340 -16.026011
v 2.475796 4.716076 -16.034790
v 2.517619 4.708803 -15.975507
v 2.492370 4.662997 -15.992189
v 2.555493 4.649353 -15.953079
v 2.514629 4.600003 -15.980855
v 2.540816 4.574448 -15.993228
v 2.593364 4.607292 -15.960300
v 2.650209 4.657422 -15.942830
v 2.602395 4.702060 -15.934096
v 2.702678 4.716392 -15.940681
v 2.653598 4.758413 -15.921556
v 2.748422 4.777587 -15.943770
v 2.699742 4.815549 -15.929354
v 2.783864 4.837979 -15.956201
v 2.735043 4.869882 -15.946646
v 2.806297 4.887574 -15.978744
v 2.764672 4.918096 -15.976544
v 2.818942 4.904882 -15.967866
v 2.771209 4.930892 -15.969622
v 2.770014 4.929430 -15.946483
v 2.821441 4.890274 -15.955056
v 2.738796 4.877673 -15.920990
v 2.797925 4.836681 -15.932821
v 2.700423 4.819858 -15.903703
v 2.759952 4.774806 -15.920243
v 2.653196 4.758724 -15.896214
v 2.713125 4.709613 -15.917462
v 2.598922 4.698889 -15.908760
v 2.659827 4.646419 -15.917871
v 2.551226 4.644410 -15.929946
v 2.597416 4.593775 -15.939142
v 2.510397 4.597512 -15.961664
v 2.542049 4.557223 -15.970027
v 2.537385 4.563838 -15.983454
v 2.507762 4.592422 -15.970322
v 2.540816 4.574448 -15.993228
v 2.514629 4.600003 -15.980855
v 2.480114 4.661412 -15.984537
v 2.492370 4.662997 -15.992189
v 2.475796 4.716076 -16.034790
v 2.463575 4.716944 -16.031080
v 2.450634 4.728439 -16.078728
v 2.442174 4.730954 -16.081615
v 2.450933 4.732019 -16.154142
v 2.437918 4.731114 -16.152637
v 2.448057 4.711121 -16.208719
v 2.461036 4.709574 -16.206284
v 2.457036 4.692119 -16.245607
v 2.472727 4.686925 -16.233385
v 2.482622 4.639878 -16.273485
v 2.494260 4.644452 -16.261787
v 2.529241 4.593779 -16.259081
v 2.519956 4.582177 -16.271847
v 2.523864 4.579992 -16.285198
v 2.481935 4.645461 -16.287518
v 2.508386 4.682837 -16.305593
v 2.458367 4.709530 -16.252266
v 2.450172 4.753837 -16.210571
v 2.443309 4.732615 -16.191023
v 2.471125 4.724302 -16.264835
v 2.507077 4.770600 -16.264154
v 2.549723 4.736779 -16.311045
v 2.547149 4.821927 -16.259214
v 2.590367 4.867998 -16.253139
v 2.513074 4.843201 -16.191616
v 2.473038 4.794326 -16.200499
v 2.465181 4.802389 -16.137596
v 2.448058 4.772923 -16.142950
v 2.452349 4.775215 -16.075872
v 2.427312 4.736623 -16.074944
v 2.428152 4.742201 -16.150206
v 2.467349 4.764359 -16.015779
v 2.451243 4.724095 -16.024557
v 2.502173 4.716164 -15.932795
v 2.474253 4.666565 -15.974825
v 2.536318 4.757848 -15.921876
v 2.485555 4.797822 -16.010117
v 2.583149 4.809400 -15.915641
v 2.524543 4.845150 -16.005486
v 2.634177 4.860992 -15.924654
v 2.580124 4.896413 -15.998259
v 2.681951 4.914232 -15.943607
v 2.666901 4.959809 -16.006168
v 2.713862 4.950514 -15.966687
v 2.637010 4.939104 -15.996349
v 2.617709 4.946314 -16.050001
v 2.604127 4.942312 -16.118225
v 2.643481 4.961991 -16.064077
v 2.565053 4.902366 -16.050465
v 2.549518 4.901332 -16.122332
v 2.512691 4.850752 -16.064444
v 2.502722 4.852232 -16.132509
v 2.470920 4.802166 -16.070974
v 2.559222 4.886695 -16.190397
v 2.605989 4.923452 -16.187897
v 2.637903 4.942346 -16.181326
v 2.636588 4.953312 -16.123121
v 2.659737 4.944117 -16.169092
v 2.654086 4.952734 -16.121136
v 2.646395 4.931036 -16.120481
v 2.672846 4.943525 -16.067638
v 2.668175 4.960031 -16.069447
v 2.691344 4.961824 -16.034222
v 2.696267 4.945092 -16.030365
v 2.721318 4.942763 -16.004248
v 2.725578 4.953849 -15.995128
v 2.649854 4.921607 -16.010393
v 2.689553 4.898899 -15.967290
v 2.597992 4.879431 -16.008656
v 2.644886 4.851593 -15.952273
v 2.548013 4.833134 -16.016026
v 2.595377 4.802390 -15.951603
v 2.509025 4.785805 -16.020657
v 2.549776 4.751002 -15.964286
v 2.538367 4.835542 -16.069294
v 2.497679 4.790954 -16.075518
v 2.526662 4.837310 -16.135010
v 2.489409 4.789693 -16.141991
v 2.521034 4.831247 -16.204445
v 2.486565 4.784887 -16.209526
v 2.550225 4.811769 -16.250193
v 2.513225 4.763925 -16.255127
v 2.554457 4.731319 -16.284870
v 2.596770 4.781904 -16.278185
v 2.608090 4.688969 -16.287754
v 2.653510 4.745487 -16.285006
v 2.657922 4.652410 -16.268480
v 2.739717 4.682965 -16.224682
v 2.694008 4.624221 -16.225536
v 2.703089 4.709155 -16.267780
v 2.739865 4.769569 -16.257221
v 2.778518 4.745315 -16.218369
v 2.807051 4.805565 -16.204702
v 2.808379 4.728790 -16.164946
v 2.836154 4.789720 -16.157427
v 2.820737 4.722736 -16.101891
v 2.765565 4.665019 -16.166714
v 2.779623 4.656223 -16.102066
v 2.771442 4.659609 -16.033327
v 2.716785 4.602793 -16.167572
v 2.726866 4.595028 -16.102322
v 2.812591 4.728572 -16.037094
v 2.839137 4.793087 -16.043762
v 2.843776 4.785376 -16.099913
v 2.852717 4.843113 -16.096737
v 2.845024 4.842554 -16.146364
v 2.857887 4.860933 -16.150129
v 2.820292 4.863201 -16.187334
v 2.834173 4.870782 -16.194525
v 2.800185 4.888422 -16.219952
v 2.788946 4.876039 -16.215723
v 2.757519 4.907506 -16.233622
v 2.748774 4.894155 -16.225599
v 2.722549 4.851707 -16.254419
v 2.768363 4.827368 -16.239613
v 2.691446 4.801162 -16.273008
v 2.677022 4.874522 -16.250486
v 2.639588 4.832035 -16.267403
v 2.639161 4.889302 -16.225235
v 2.594855 4.852874 -16.240633
v 2.616842 4.902722 -16.181004
v 2.565123 4.870354 -16.195038
v 2.571180 4.884701 -16.122635
v 2.618452 4.921004 -16.116035
v 2.585957 4.886415 -16.056915
v 2.631023 4.925912 -16.056005
v 2.646479 4.919906 -16.172237
v 2.675689 4.936302 -16.207708
v 2.669986 4.914090 -16.207355
v 2.706795 4.907656 -16.225239
v 2.710403 4.926777 -16.234095
v 2.758643 4.904064 -16.248875
v 2.804745 4.881950 -16.235964
v 2.827698 4.803481 -16.222216
v 2.841480 4.863115 -16.204693
v 2.861248 4.783700 -16.167505
v 2.871201 4.840531 -16.156134
v 2.869882 4.778450 -16.101797
v 2.879905 4.840185 -16.098312
v 2.869522 4.858010 -16.097164
v 2.879355 4.840580 -16.045580
v 2.866513 4.861825 -16.052168
v 2.853686 4.845898 -16.052347
v 2.864518 4.785543 -16.035099
v 2.834901 4.717547 -16.028439
v 2.843483 4.710102 -16.101887
v 2.792668 4.644585 -16.024981
v 2.801286 4.639592 -16.102369
v 2.734851 4.580423 -16.024939
v 2.745457 4.574915 -16.102631
v 2.664844 4.533221 -16.034145
v 2.604132 4.498975 -16.104107
v 2.599493 4.506686 -16.047956
v 2.681233 4.527548 -16.102045
v 2.736895 4.585069 -16.176224
v 2.785964 4.649520 -16.177259
v 2.829860 4.717289 -16.175184
v 2.797540 4.737235 -16.236343
v 2.540816 4.574448 -15.993228
vn 0.3233 -0.5001 -0.8033
vn 0.3425 -0.6344 -0.6930
vn 0.2267 -0.5426 -0.8088
vn 0.4553 -0.5451 -0.7039
vn 0.4010 -0.4152 -0.8166
vn 0.3259 -0.3394 -0.8824
vn 0.2806 -0.4015 -0.8718
vn 0.1424 -0.4220 -0.8953
vn -0.0639 -0.5646 -0.8229
vn 0.1798 -0.6793 -0.7115
vn -0.1099 -0.4089 -0.9059
vn -0.3143 -0.5112 -0.7999
vn -0.0666 -0.6946 -0.7163
vn -0.2827 -0.6126 -0.7381
vn -0.6737 -0.4865 -0.5563
vn -0.2407 -0.7429 -0.6246
vn -0.7335 -0.3501 -0.5826
vn -0.9969 0.0396 0.0674
vn -0.6610 -0.6014 -0.4488
vn -0.9962 -0.0755 -0.0442
vn -0.8637 0.3916 0.3172
vn -0.6636 -0.6870 -0.2960
vn -0.9955 -0.0943 0.0015
vn -0.8749 0.4237 0.2348
vn -0.8557 0.5032 0.1206
vn -0.9924 -0.1226 -0.0034
vn -0.8955 0.4449 0.0133
vn -0.9977 -0.0669 0.0063
vn -0.8823 0.4628 -0.0855
vn -0.9889 -0.1483 0.0045
vn -0.8760 0.4318 -0.2149
vn -0.9873 -0.1505 0.0506
vn -0.9725 0.1652 -0.1639
vn -0.9577 -0.2395 0.1596
vn -0.9898 -0.1000 0.1010
vn -0.9928 0.0609 -0.1032
vn -0.9984 0.0565 -0.0061
vn -0.9689 -0.1182 0.2174
vn -0.5799 0.7854 0.2167
vn -0.6917 0.4253 0.5836
vn 0.1681 0.8781 0.4481
vn 0.0149 0.9968 0.0789
vn 0.0959 0.9946 0.0409
vn 0.3609 0.8058 0.4695
vn -0.1457 0.3746 0.9157
vn 0.3449 0.4785 0.8075
vn 0.5313 0.3573 0.7682
vn 0.0885 -0.2581 0.9620
vn 0.3985 -0.2408 0.8850
vn 0.5514 -0.2004 0.8098
vn 0.0908 -0.5465 0.8325
vn 0.3066 -0.5105 0.8034
vn 0.4859 -0.4594 0.7436
vn 0.6901 -0.1692 0.7037
vn 0.6762 0.3247 0.6613
vn 0.8048 0.1385 0.5772
vn 0.3837 0.8904 0.2450
vn 0.5481 0.7892 0.2771
vn 0.0718 0.9965 -0.0426
vn -0.0666 0.9730 -0.2211
vn 0.2512 0.9585 0.1350
vn 0.7509 0.5381 0.3830
vn 0.5843 0.7634 0.2752
vn -0.0109 0.9926 0.1212
vn 0.4933 0.8355 0.2420
vn -0.0499 0.9760 0.2118
vn 0.5757 0.7825 0.2372
vn -0.0584 0.9359 0.3475
vn 0.1824 0.9212 0.3436
vn 0.7003 0.7073 0.0963
vn 0.6052 0.7933 0.0669
vn 0.1925 0.8901 0.4132
vn 0.5540 0.8280 0.0865
vn 0.1285 0.8552 0.5021
vn 0.4850 0.8666 0.1178
vn 0.1619 0.8087 0.5655
vn 0.4927 0.8637 0.1060
vn 0.2540 0.7726 0.5819
vn 0.3393 0.8174 0.4655
vn 0.5201 0.8505 -0.0782
vn 0.4907 0.8689 0.0650
vn 0.3400 0.7698 0.5402
vn -0.1499 0.8341 0.5308
vn -0.1810 0.9833 -0.0206
vn -0.9587 0.2751 -0.0721
vn -0.8992 0.2779 0.3380
vn -0.9786 0.1982 -0.0556
vn -0.8972 0.2131 0.3868
vn -0.9730 0.1831 0.1403
vn -0.7998 0.2303 0.5544
vn -0.7368 0.3252 0.5928
vn -0.9933 0.1148 0.0159
vn -0.8078 0.3319 0.4871
vn -0.9970 0.0505 0.0587
vn -0.7928 0.4051 0.4554
vn -0.9102 0.0332 -0.4128
vn -0.7602 -0.1920 -0.6206
vn -0.3587 -0.2095 -0.9096
vn -0.3266 -0.3824 -0.8644
vn -0.0563 -0.3024 -0.9515
vn 0.2082 -0.2032 -0.9567
vn 0.1494 -0.2977 -0.9429
vn -0.0019 -0.1711 -0.9852
vn 0.2802 -0.2603 -0.9240
vn 0.2515 -0.3100 -0.9169
vn 0.4053 -0.2182 -0.8878
vn 0.3510 -0.0933 -0.9317
vn 0.5277 0.0204 -0.8492
vn 0.2957 -0.0634 -0.9532
vn 0.4567 0.1066 -0.8832
vn 0.6698 0.4972 -0.5515
vn 0.3855 0.1780 -0.9054
vn 0.5973 0.6061 -0.5253
vn 0.5129 0.6054 -0.6087
vn 0.2879 0.2645 -0.9204
vn 0.4839 0.6988 -0.5268
vn 0.0465 0.3189 -0.9467
vn -0.1344 0.7665 -0.6280
vn -0.8480 0.2197 -0.4823
vn -0.1654 0.0766 -0.9832
vn -0.8704 0.1225 -0.4769
vn -0.3671 -0.0788 -0.9269
vn 0.1433 -0.0044 -0.9897
vn 0.6981 -0.0099 -0.7160
vn 0.7827 0.4424 -0.4379
vn 0.7886 -0.1332 -0.6003
vn 0.8570 0.3317 -0.3944
vn 0.8591 -0.2630 -0.4391
vn 0.9562 0.1718 -0.2370
vn 0.8937 -0.3730 -0.2493
vn 0.9894 0.1423 -0.0290
vn 0.9205 -0.3898 -0.0272
vn 0.9624 0.2030 0.1807
vn 0.9441 0.0883 0.3175
vn 0.9031 -0.3647 0.2267
vn 0.8884 0.0453 0.4569
vn 0.8536 -0.3216 0.4098
vn 0.7821 -0.5789 0.2307
vn 0.7357 -0.5500 0.3952
vn 0.8068 -0.2133 0.5510
vn 0.7217 -0.4305 0.5420
vn 0.5511 -0.7055 0.4456
vn 0.5978 -0.4754 0.6455
vn 0.4413 -0.6961 0.5663
vn 0.4234 -0.7471 0.5124
vn 0.4318 -0.8112 0.3944
vn 0.3874 -0.6936 0.6074
vn 0.3220 -0.8672 0.3798
vn 0.2965 -0.9343 0.1978
vn 0.4187 -0.8755 0.2411
vn 0.2575 -0.9661 0.0169
vn 0.4057 -0.9126 0.0501
vn 0.5779 -0.7727 0.2624
vn 0.5894 -0.8050 0.0676
vn 0.4359 -0.8851 -0.1630
vn 0.5643 -0.8160 -0.1253
vn 0.7687 -0.6376 -0.0511
vn 0.5445 -0.7725 -0.3268
vn 0.7528 -0.5821 -0.3072
vn 0.5047 -0.6736 -0.5399
vn 0.7177 -0.4720 -0.5120
vn 0.6131 -0.3455 -0.7105
vn 0.5268 -0.2312 -0.8179
vn 0.3482 -0.7609 -0.5475
vn 0.3859 -0.8386 -0.3845
vn 0.2515 -0.8768 -0.4098
vn 0.2803 -0.9398 -0.1957
vn 0.0888 -0.9744 -0.2064
vn 0.0560 -0.9027 -0.4266
vn -0.1190 -0.9742 -0.1917
vn 0.0382 -0.9992 -0.0079
vn -0.1091 -0.9940 -0.0091
vn 0.0667 -0.9814 0.1801
vn -0.1296 -0.9671 0.2187
vn 0.0916 -0.9022 0.4215
vn -0.1226 -0.8984 0.4217
vn 0.1588 -0.8075 0.5681
vn 0.3430 -0.7774 0.5272
vn -0.0469 -0.8068 0.5890
vn 0.2052 -0.6888 0.6953
vn -0.1005 -0.7067 0.7004
vn -0.8079 -0.3257 0.4912
vn -0.8510 -0.3485 0.3929
vn -0.5958 -0.6486 0.4735
vn -0.5753 -0.7399 0.3488
vn -0.5690 -0.7951 0.2099
vn -0.4744 -0.8802 0.0114
vn -0.5270 -0.8373 -0.1458
vn -0.2025 -0.8650 -0.4590
vn 0.0059 -0.7978 -0.6029
vn 0.2075 -0.7847 -0.5841
vn 0.2581 0.5943 0.7617
vn 0.2641 0.6416 0.7201
vn 0.2727 0.7275 0.6296
vn 0.2754 0.7653 0.5818
vn 0.2777 0.8362 0.4728
vn 0.2770 0.8675 0.4131
vn 0.2719 0.9179 0.2889
vn 0.2677 0.9365 0.2267
vn 0.2558 0.9616 0.0995
vn 0.2476 0.9683 0.0346
vn 0.2266 0.9690 -0.0980
vn 0.2168 0.9643 -0.1523
vn 0.1898 0.9401 -0.2832
vn 0.1829 0.9158 -0.3576
vn 0.1560 0.8731 -0.4618
vn 0.1372 0.8388 -0.5269
vn 0.1046 0.7719 -0.6271
vn 0.0875 0.7334 -0.6742
vn 0.0399 0.6158 -0.7869
vn 0.0399 0.6157 -0.7870
vn -0.0057 0.4897 -0.8718
vn -0.0248 0.4330 -0.9011
vn -0.0626 0.3144 -0.9472
vn -0.0804 0.2551 -0.9636
vn -0.1076 0.1305 -0.9856
vn -0.1245 0.0672 -0.9899
vn -0.1567 -0.0631 -0.9856
vn -0.1717 -0.1280 -0.9768
vn -0.1974 -0.2461 -0.9489
vn -0.2103 -0.3096 -0.9273
vn -0.2323 -0.4277 -0.8736
vn -0.2411 -0.4799 -0.8435
vn -0.2581 -0.5941 -0.7618
vn -0.2641 -0.6416 -0.7201
vn -0.2727 -0.7275 -0.6296
vn -0.2754 -0.7652 -0.5819
vn -0.2777 -0.8363 -0.4728
vn -0.2770 -0.8675 -0.4132
vn -0.2719 -0.9180 -0.2888
vn -0.2677 -0.9365 -0.2267
vn -0.2558 -0.9616 -0.0995
vn -0.2476 -0.9682 -0.0347
vn -0.2266 -0.9690 0.0981
vn -0.2168 -0.9643 0.1522
vn -0.1897 -0.9400 0.2837
vn -0.1830 -0.9159 0.3572
vn -0.1560 -0.8731 0.4620
vn -0.1372 -0.8387 0.5270
vn -0.1046 -0.7718 0.6272
vn -0.0875 -0.7332 0.6743
vn -0.0399 -0.6157 0.7869
vn 0.0056 -0.4899 0.8717
vn -0.0399 -0.6157 0.7870
vn 0.0248 -0.4330 0.9011
vn 0.0626 -0.3144 0.9472
vn 0.0805 -0.2549 0.9636
vn 0.1077 -0.1302 0.9856
vn 0.1245 -0.0672 0.9899
vn 0.1567 0.0632 0.9856
vn 0.1716 0.1275 0.9769
vn 0.1974 0.2462 0.9489
vn 0.2103 0.3096 0.9273
vn 0.2322 0.4274 0.8737
vn 0.2412 0.4803 0.8433
vn 0.2581 0.5939 0.7620
vn 0.3118 -0.2064 0.9275
vn 0.4325 -0.2849 0.8554
vn 0.6970 0.6607 0.2787
vn 0.7192 0.6707 0.1816
vn 0.5281 -0.3880 0.7554
vn 0.7161 0.6899 0.1058
vn 0.6329 -0.4828 0.6053
vn 0.7083 0.7034 0.0590
vn 0.7093 -0.5488 0.4423
vn 0.6994 0.7145 0.0150
vn 0.7595 -0.5944 0.2643
vn 0.6945 0.7195 0.0049
vn 0.7853 -0.6143 0.0766
vn 0.6919 0.7218 -0.0165
vn 0.7773 -0.6103 -0.1529
vn 0.6645 0.7466 -0.0325
vn 0.6858 0.7268 -0.0376
vn 0.7313 -0.5737 -0.3689
vn 0.6792 0.7315 -0.0593
vn 0.6563 -0.5171 -0.5495
vn 0.6811 0.7287 -0.0718
vn 0.5675 -0.4371 -0.6978
vn 0.6846 0.7224 -0.0973
vn 0.4850 -0.3495 -0.8016
vn 0.6795 0.7187 -0.1476
vn 0.3669 -0.2624 -0.8925
vn 0.6614 0.7197 -0.2115
vn 0.2215 -0.1523 -0.9632
vn 0.6269 0.7235 -0.2891
vn 0.0720 -0.0256 -0.9971
vn 0.5620 0.7449 -0.3597
vn -0.0823 0.0991 -0.9917
vn 0.5157 0.7927 -0.3251
vn -0.2251 0.2231 -0.9484
vn 0.5214 0.8238 -0.2225
vn -0.3927 0.3482 -0.8512
vn 0.5336 0.8309 -0.1576
vn -0.5233 0.4707 -0.7104
vn 0.5540 0.8265 -0.0996
vn -0.6133 0.5501 -0.5667
vn 0.5412 0.8378 -0.0720
vn -0.6846 0.6128 -0.3948
vn -0.7232 0.6613 -0.1991
vn 0.5700 0.8210 -0.0330
vn -0.7426 0.6695 -0.0142
vn 0.5780 0.8159 -0.0128
vn -0.7116 0.6858 0.1527
vn 0.5979 0.8015 -0.0063
vn 0.5766 0.8170 -0.0017
vn -0.7022 0.6402 0.3115
vn 0.5840 0.8116 0.0177
vn -0.6338 0.5965 0.4924
vn 0.5816 0.8125 0.0391
vn -0.5513 0.5251 0.6483
vn 0.5686 0.8171 0.0954
vn -0.4298 0.3937 0.8126
vn -0.2659 0.2853 0.9208
vn 0.5873 0.8011 0.1153
vn -0.1266 0.1713 0.9771
vn 0.5944 0.7852 0.1736
vn 0.0199 0.0392 0.9990
vn 0.6088 0.7447 0.2736
vn 0.1711 -0.0866 0.9814
vn 0.6542 0.6897 0.3104
vn 0.2876 -0.2314 0.9294
vn 0.1261 -0.0935 0.9876
vn 0.0442 -0.4730 0.8799
vn -0.0158 -0.2984 0.9543
vn -0.2178 -0.2498 0.9435
vn -0.0464 0.0517 0.9976
vn -0.3551 -0.1323 0.9254
vn -0.1942 0.1700 0.9661
vn -0.5342 -0.0712 0.8423
vn -0.2504 0.3890 0.8866
vn -0.4439 0.3828 0.8102
vn -0.6090 0.1526 0.7784
vn -0.5663 0.4832 0.6677
vn -0.7564 0.2030 0.6219
vn -0.6506 0.5583 0.5148
vn -0.8427 0.2692 0.4663
vn -0.7206 0.6075 0.3341
vn -0.9003 0.3215 0.2935
vn -0.8841 0.4431 0.1486
vn -0.9220 0.3557 0.1531
vn -0.9387 0.3447 -0.0025
vn -0.7664 0.6412 -0.0384
vn -0.9240 0.3308 -0.1916
vn -0.7453 0.6279 -0.2242
vn -0.8833 0.3012 -0.3591
vn -0.7005 0.5878 -0.4048
vn -0.8178 0.2385 -0.5237
vn -0.6284 0.5247 -0.5743
vn -0.7524 0.0889 -0.6527
vn -0.4503 0.5357 -0.7144
vn -0.4177 0.3432 -0.8413
vn -0.5634 0.0976 -0.8204
vn -0.2873 0.2318 -0.9294
vn -0.4470 -0.0860 -0.8904
vn -0.1258 0.0939 -0.9876
vn -0.1861 -0.2970 -0.9366
vn -0.2626 -0.1212 -0.9573
vn 0.0468 -0.0513 -0.9976
vn -0.0452 -0.4182 -0.9072
vn 0.1945 -0.1696 -0.9661
vn 0.0879 -0.5256 -0.8462
vn 0.3397 -0.2978 -0.8921
vn 0.1329 -0.6737 -0.7270
vn 0.3701 -0.4847 -0.7925
vn 0.2880 -0.6908 -0.6632
vn 0.5541 -0.4794 -0.6806
vn 0.3880 -0.7683 -0.5091
vn 0.6410 -0.5566 -0.5285
vn 0.4510 -0.8215 -0.3490
vn 0.7143 -0.6079 -0.3468
vn 0.4885 -0.8624 -0.1328
vn 0.8681 -0.4702 -0.1591
vn 0.7630 -0.6443 0.0523
vn 0.4999 -0.8630 0.0734
vn 0.7392 -0.6293 0.2400
vn 0.4757 -0.8421 0.2541
vn 0.6946 -0.5741 0.4334
vn 0.4262 -0.7987 0.4248
vn 0.5399 -0.6202 0.5691
vn 0.3495 -0.7238 0.5949
vn 0.5381 -0.4459 0.7153
vn 0.2580 -0.6548 0.7104
vn 0.4181 -0.3428 0.8413
vn 0.0959 -0.6098 0.7868
vn 0.2876 -0.2313 0.9294
vn 0.0443 -0.4731 0.8799
vn -0.3495 -0.7269 0.5911
vn -0.2595 -0.7933 0.5508
vn 0.2874 -0.2315 0.9294
vn 0.4179 -0.3430 0.8413
vn -0.1839 -0.8568 0.4818
vn 0.5379 -0.4461 0.7153
vn -0.1213 -0.9153 0.3840
vn 0.5247 -0.6311 0.5713
vn -0.0752 -0.9544 0.2889
vn 0.6945 -0.5744 0.4334
vn -0.0409 -0.9813 0.1882
vn 0.7438 -0.6185 0.2535
vn -0.0280 -0.9975 0.0647
vn 0.7628 -0.6445 0.0523
vn -0.0383 -0.9964 -0.0760
vn 0.8787 -0.4504 -0.1583
vn 0.7140 -0.6082 -0.3468
vn -0.0616 -0.9749 -0.2140
vn 0.6427 -0.5432 -0.5402
vn -0.1022 -0.9418 -0.3202
vn 0.5539 -0.4796 -0.6805
vn -0.1691 -0.8906 -0.4222
vn 0.3537 -0.5112 -0.7833
vn -0.2570 -0.8438 -0.4711
vn 0.3395 -0.2980 -0.8921
vn -0.3185 -0.7738 -0.5476
vn 0.1943 -0.1698 -0.9661
vn -0.4069 -0.6955 -0.5922
vn 0.0465 -0.0515 -0.9976
vn -0.5027 -0.6284 -0.5937
vn -0.0494 0.1721 -0.9838
vn -0.5870 -0.5306 -0.6115
vn -0.2783 0.2181 -0.9354
vn -0.6851 -0.4717 -0.5551
vn -0.4058 0.3392 -0.8487
vn -0.7629 -0.3905 -0.5153
vn -0.5255 0.4426 -0.7266
vn -0.8425 -0.3295 -0.4262
vn -0.6286 0.5244 -0.5744
vn -0.8987 -0.2814 -0.3364
vn -0.7006 0.5875 -0.4049
vn -0.9451 -0.2422 -0.2192
vn -0.7455 0.6277 -0.2242
vn -0.9694 -0.2182 -0.1127
vn -0.7666 0.6410 -0.0384
vn -0.9766 -0.2142 0.0175
vn -0.9023 0.4019 0.1558
vn -0.9718 -0.2099 0.1076
vn -0.9497 -0.2348 0.2072
vn -0.7208 0.6073 0.3341
vn -0.9114 -0.2599 0.3190
vn -0.6508 0.5581 0.5147
vn -0.8596 -0.3047 0.4101
vn -0.5666 0.4830 0.6676
vn -0.7860 -0.3382 0.5175
vn -0.4585 0.3875 0.7998
vn -0.7062 -0.4302 0.5624
vn -0.3242 0.2770 0.9045
vn -0.6220 -0.5011 0.6017
vn -0.1808 0.1646 0.9696
vn -0.5190 -0.5799 0.6280
vn -0.0364 0.0364 0.9987
vn -0.4524 -0.6626 0.5969
vn 0.1923 -0.0155 0.9812
vn -0.3494 -0.7267 0.5914
vn 0.2875 -0.2316 0.9294
vn 0.2054 -0.3301 0.9213
vn 0.2607 -0.1924 0.9460
vn 0.0403 -0.1997 0.9790
vn 0.1280 -0.0858 0.9881
vn 0.0064 0.0214 0.9997
vn -0.1418 -0.0580 0.9882
vn -0.1542 0.1411 0.9779
vn -0.2822 0.0594 0.9575
vn -0.2948 0.2659 0.9178
vn -0.4285 0.1846 0.8845
vn -0.4441 0.3826 0.8102
vn -0.5437 0.2654 0.7962
vn -0.6356 0.3380 0.6941
vn -0.5789 0.4862 0.6546
vn -0.7294 0.4196 0.5403
vn -0.6605 0.5592 0.5010
vn -0.7981 0.4684 0.3788
vn -0.7273 0.6064 0.3216
vn -0.8442 0.5114 0.1607
vn -0.7612 0.6276 0.1634
vn -0.7735 0.6337 -0.0114
vn -0.8577 0.5082 -0.0780
vn -0.7625 0.6131 -0.2065
vn -0.8376 0.4829 -0.2553
vn -0.7127 0.5751 -0.4017
vn -0.7849 0.4378 -0.4385
vn -0.6413 0.5128 -0.5707
vn -0.6910 0.3992 -0.6026
vn -0.5510 0.4356 -0.7118
vn -0.6085 0.2932 -0.7374
vn -0.4306 0.3341 -0.8384
vn -0.4940 0.1888 -0.8487
vn -0.2991 0.2243 -0.9275
vn -0.3548 0.0738 -0.9320
vn -0.1281 0.0858 -0.9880
vn -0.2776 -0.0964 -0.9559
vn -0.0910 -0.1425 -0.9856
vn 0.0456 -0.0629 -0.9970
vn 0.0545 -0.2540 -0.9657
vn 0.1944 -0.1837 -0.9636
vn 0.2051 -0.3854 -0.8997
vn 0.3394 -0.2979 -0.8922
vn 0.3706 -0.4686 -0.8019
vn 0.4441 -0.3826 -0.8102
vn 0.5414 -0.4607 -0.7033
vn 0.4785 -0.5972 -0.6438
vn 0.5652 -0.6673 -0.4851
vn 0.7105 -0.5976 -0.3715
vn 0.6282 -0.7170 -0.3021
vn 0.7612 -0.6276 -0.1634
vn 0.6737 -0.7387 0.0198
vn 0.6583 -0.7373 -0.1516
vn 0.7691 -0.6358 0.0651
vn 0.6600 -0.7218 0.2081
vn 0.7483 -0.6073 0.2668
vn 0.6127 -0.6851 0.3940
vn 0.6972 -0.5614 0.4457
vn 0.5517 -0.6228 0.5547
vn 0.6201 -0.4945 0.6091
vn 0.4483 -0.5496 0.7050
vn 0.5151 -0.3982 0.7590
vn 0.3308 -0.4476 0.8308
vn 0.3961 -0.2988 0.8682
vn 0.2056 -0.3302 0.9212
vn 0.2609 -0.1926 0.9460
vn 0.2873 -0.2319 0.9293
vn 0.4194 0.0493 0.9065
vn 0.1924 -0.0153 0.9812
vn 0.2562 0.0980 0.9617
vn 0.1691 0.2649 0.9493
vn -0.0364 0.0363 0.9987
vn 0.0272 0.3815 0.9240
vn -0.1808 0.1646 0.9697
vn -0.1053 0.5023 0.8583
vn -0.3243 0.2770 0.9045
vn -0.1703 0.6299 0.7578
vn -0.3215 0.6728 0.6663
vn -0.5665 0.4830 0.6677
vn -0.4074 0.7478 0.5242
vn -0.6509 0.5581 0.5147
vn -0.4810 0.8036 0.3506
vn -0.7210 0.6071 0.3341
vn -0.5157 0.8462 0.1343
vn -0.9025 0.4015 0.1558
vn -0.7666 0.6409 -0.0384
vn -0.5302 0.8448 -0.0715
vn -0.7455 0.6276 -0.2242
vn -0.5082 0.8234 -0.2523
vn -0.7007 0.5875 -0.4048
vn -0.4598 0.7806 -0.4234
vn -0.6286 0.5245 -0.5743
vn -0.3830 0.7069 -0.5946
vn -0.2814 0.6204 -0.7320
vn -0.1333 0.5725 -0.8090
vn -0.2784 0.2181 -0.9354
vn -0.0643 0.4440 -0.8937
vn -0.0493 0.1724 -0.9838
vn 0.0122 0.2879 -0.9576
vn 0.1924 0.2292 -0.9542
vn 0.0466 -0.0515 -0.9976
vn 0.3405 0.1107 -0.9337
vn 0.4657 -0.0106 -0.8849
vn 0.6239 -0.1208 -0.7721
vn 0.3533 -0.5116 -0.7832
vn 0.5539 -0.4796 -0.6806
vn 0.7447 -0.2358 -0.6243
vn 0.8263 -0.2997 -0.4768
vn 0.8874 -0.3508 -0.2990
vn 0.8789 -0.4499 -0.1583
vn 0.9114 -0.3848 -0.1459
vn 0.9236 -0.3832 -0.0058
vn 0.7626 -0.6447 0.0523
vn 0.9134 -0.3622 0.1858
vn 0.7438 -0.6185 0.2534
vn 0.8724 -0.3337 0.3571
vn 0.6945 -0.5744 0.4333
vn 0.8156 -0.2145 0.5374
vn 0.5243 -0.6315 0.5712
vn 0.7014 -0.1710 0.6919
vn 0.5448 -0.1064 0.8318
vn 0.2874 -0.2316 0.9294
vn 0.4196 0.0492 0.9064
vn 0.0444 -0.4728 0.8800
vn -0.0157 -0.2982 0.9544
vn 0.4192 0.0488 0.9066
vn 0.2558 0.0975 0.9618
vn -0.2177 -0.2496 0.9436
vn 0.1687 0.2644 0.9495
vn -0.3550 -0.1321 0.9255
vn 0.0268 0.3811 0.9241
vn -0.5341 -0.0710 0.8424
vn -0.1056 0.5018 0.8585
vn -0.6088 0.1528 0.7784
vn -0.1707 0.6296 0.7580
vn -0.3220 0.6724 0.6664
vn -0.7562 0.2033 0.6220
vn -0.4079 0.7475 0.5243
vn -0.8425 0.2695 0.4664
vn -0.4815 0.8033 0.3506
vn -0.9002 0.3218 0.2936
vn -0.5162 0.8458 0.1344
vn -0.9219 0.3559 0.1532
vn -0.9386 0.3450 -0.0025
vn -0.5307 0.8445 -0.0715
vn -0.9239 0.3311 -0.1916
vn -0.5087 0.8231 -0.2523
vn -0.8832 0.3015 -0.3591
vn -0.4603 0.7803 -0.4234
vn -0.8177 0.2388 -0.5237
vn -0.3835 0.7066 -0.5947
vn -0.7522 0.0894 -0.6528
vn -0.2819 0.6200 -0.7322
vn -0.5633 0.0978 -0.8205
vn -0.0647 0.4436 -0.8939
vn -0.1337 0.5722 -0.8092
vn -0.4469 -0.0858 -0.8905
vn 0.0118 0.2874 -0.9577
vn -0.2624 -0.1209 -0.9574
vn 0.1921 0.2288 -0.9543
vn -0.1859 -0.2968 -0.9367
vn 0.3401 0.1103 -0.9339
vn -0.0450 -0.4179 -0.9074
vn 0.4654 -0.0111 -0.8850
vn 0.0881 -0.5254 -0.8463
vn 0.6236 -0.1213 -0.7723
vn 0.1331 -0.6736 -0.7270
vn 0.2883 -0.6906 -0.6633
vn 0.7445 -0.2364 -0.6244
vn 0.3882 -0.7681 -0.5092
vn 0.8261 -0.3002 -0.4769
vn 0.4512 -0.8214 -0.3490
vn 0.8872 -0.3513 -0.2990
vn 0.4888 -0.8622 -0.1328
vn 0.9234 -0.3837 -0.0058
vn 0.9111 -0.3854 -0.1460
vn 0.5001 -0.8628 0.0734
vn 0.9132 -0.3627 0.1858
vn 0.4760 -0.8419 0.2542
vn 0.8722 -0.3343 0.3572
vn 0.4264 -0.7986 0.4248
vn 0.8154 -0.2150 0.5375
vn 0.3498 -0.7237 0.5949
vn 0.7012 -0.1715 0.6921
vn 0.2583 -0.6547 0.7104
vn 0.5445 -0.1069 0.8319
vn 0.0961 -0.6096 0.7868
vn 0.0444 -0.4729 0.8800
vn 0.4193 0.0487 0.9066
vn 0.2740 -0.1664 0.9472
vn 0.1260 -0.0937 0.9876
vn 0.1186 -0.0563 0.9913
vn -0.0194 0.0893 0.9958
vn -0.0466 0.0514 0.9976
vn -0.1666 0.2010 0.9653
vn -0.1943 0.1697 0.9661
vn -0.3110 0.3337 0.8899
vn -0.4010 0.4313 0.8082
vn -0.5136 0.4994 0.6977
vn -0.5665 0.4829 0.6677
vn -0.6053 0.5794 0.5458
vn -0.6774 0.6330 0.3747
vn -0.7219 0.6749 0.1529
vn -0.8842 0.4428 0.1486
vn -0.7372 0.6722 -0.0688
vn -0.7083 0.6562 -0.2603
vn -0.7006 0.5875 -0.4048
vn -0.6594 0.5982 -0.4553
vn -0.5786 0.5425 -0.6091
vn -0.4503 0.5356 -0.7144
vn -0.4744 0.4417 -0.7615
vn -0.4179 0.3430 -0.8413
vn -0.3652 0.3781 -0.8507
vn -0.2875 0.2316 -0.9294
vn -0.2608 0.2677 -0.9275
vn -0.1259 0.0937 -0.9876
vn -0.1310 0.1368 -0.9819
vn 0.0309 0.0196 -0.9993
vn 0.1808 -0.1116 -0.9772
vn 0.3222 -0.2317 -0.9179
vn 0.3396 -0.2980 -0.8921
vn 0.4708 -0.3450 -0.8120
vn 0.3697 -0.4851 -0.7924
vn 0.6039 -0.4623 -0.6493
vn 0.6409 -0.5568 -0.5285
vn 0.6922 -0.5359 -0.4834
vn 0.8682 -0.4699 -0.1591
vn 0.7771 -0.6106 -0.1528
vn 0.7925 -0.6098 0.0097
vn 0.7731 -0.6005 0.2044
vn 0.7390 -0.6295 0.2400
vn 0.7328 -0.5626 0.3827
vn 0.6660 -0.4893 0.5631
vn 0.5395 -0.6206 0.5690
vn 0.5643 -0.4114 0.7157
vn 0.4178 -0.3430 0.8413
vn 0.4197 -0.3058 0.8546
vn 0.2741 -0.1665 0.9472
vn 0.6541 0.6897 0.3105
vn 0.6970 0.6607 0.2786
vn 0.6089 0.7444 0.2740
vn 0.7190 0.6709 0.1813
vn 0.5946 0.7851 0.1731
vn 0.7159 0.6903 0.1052
vn 0.5875 0.8010 0.1147
vn 0.7081 0.7036 0.0587
vn 0.5689 0.8169 0.0951
vn 0.6993 0.7147 0.0148
vn 0.5818 0.8124 0.0389
vn 0.6943 0.7197 0.0048
vn 0.5843 0.8113 0.0173
vn 0.6915 0.7222 -0.0167
vn 0.5769 0.8168 -0.0018
vn 0.6644 0.7467 -0.0324
vn 0.5982 0.8013 -0.0063
vn 0.6856 0.7270 -0.0375
vn 0.5783 0.8157 -0.0128
vn 0.6790 0.7318 -0.0589
vn 0.5702 0.8208 -0.0329
vn 0.6810 0.7288 -0.0716
vn 0.5417 0.8375 -0.0717
vn 0.6845 0.7225 -0.0971
vn 0.5544 0.8263 -0.0992
vn 0.6793 0.7189 -0.1471
vn 0.5340 0.8307 -0.1573
vn 0.6613 0.7199 -0.2109
vn 0.5219 0.8237 -0.2217
vn 0.6269 0.7235 -0.2890
vn 0.5155 0.7927 -0.3253
vn 0.5619 0.7449 -0.3597
vn -0.2565 -0.5205 0.8144
vn -0.4549 -0.5536 0.6976
vn -0.2003 -0.6302 0.7501
vn -0.2918 -0.8011 0.5225
vn -0.6294 -0.6058 0.4867
vn -0.3824 -0.8689 0.3142
vn -0.6951 -0.6475 0.3124
vn -0.4421 -0.8786 0.1806
vn -0.7388 -0.6195 0.2653
vn -0.4774 -0.8712 0.1147
vn -0.7306 -0.6692 0.1354
vn -0.4980 -0.8651 0.0607
vn -0.7338 -0.6740 0.0854
vn -0.5068 -0.8615 0.0293
vn -0.7295 -0.6814 0.0602
vn -0.4830 -0.8754 -0.0176
vn -0.7042 -0.7093 0.0308
vn -0.5255 -0.8499 -0.0391
vn -0.7401 -0.6723 0.0170
vn -0.5256 -0.8479 -0.0696
vn -0.7557 -0.6548 -0.0131
vn -0.5174 -0.8482 -0.1134
vn -0.7658 -0.6405 -0.0581
vn -0.5139 -0.8385 -0.1813
vn -0.8142 -0.5488 -0.1894
vn -0.5027 -0.8141 -0.2907
vn -0.7807 -0.5589 -0.2794
vn -0.4877 -0.7422 -0.4597
vn -0.7438 -0.4502 -0.4941
vn -0.4600 -0.5744 -0.6771
vn -0.5978 -0.3431 -0.7245
vn -0.4820 -0.3839 -0.7875
vn 0.2607 -0.1924 0.9461
vn -0.3496 -0.7268 0.5912
vn 0.1281 -0.0858 0.9881
vn -0.4523 -0.6627 0.5969
vn -0.5190 -0.5799 0.6279
vn -0.6220 -0.5013 0.6015
vn -0.1542 0.1410 0.9779
vn -0.7064 -0.4302 0.5621
vn -0.2949 0.2659 0.9178
vn -0.7860 -0.3380 0.5176
vn -0.4444 0.3824 0.8101
vn -0.5788 0.4861 0.6547
vn -0.8596 -0.3050 0.4101
vn -0.6607 0.5590 0.5011
vn -0.9114 -0.2598 0.3190
vn -0.7273 0.6064 0.3215
vn -0.9498 -0.2345 0.2071
vn -0.9718 -0.2097 0.1076
vn -0.9767 -0.2139 0.0174
vn -0.9694 -0.2182 -0.1123
vn -0.9452 -0.2419 -0.2192
vn -0.8987 -0.2812 -0.3365
vn -0.8424 -0.3295 -0.4264
vn -0.5511 0.4356 -0.7117
vn -0.7629 -0.3906 -0.5152
vn -0.6852 -0.4717 -0.5550
vn -0.5872 -0.5304 -0.6115
vn -0.1280 0.0858 -0.9881
vn -0.5026 -0.6282 -0.5939
vn 0.1943 -0.1837 -0.9636
vn -0.4068 -0.6954 -0.5924
vn 0.3398 -0.2978 -0.8921
vn -0.3181 -0.7737 -0.5479
vn -0.2571 -0.8438 -0.4711
vn -0.1692 -0.8905 -0.4223
vn 0.5414 -0.4607 -0.7034
vn -0.1022 -0.9418 -0.3203
vn -0.0615 -0.9749 -0.2141
vn 0.7691 -0.6358 0.0650
vn -0.0281 -0.9975 0.0646
vn -0.0409 -0.9813 0.1883
vn -0.1213 -0.9153 0.3841
vn 0.5152 -0.3983 0.7589
vn -0.1839 -0.8567 0.4819
vn 0.3961 -0.2989 0.8682
vn -0.2594 -0.7933 0.5508
vn 0.2742 -0.1667 0.9471
vn 0.3116 -0.2066 0.9275
vn 0.4323 -0.2851 0.8555
vn 0.5279 -0.3883 0.7554
vn 0.6327 -0.4831 0.6053
vn 0.6659 -0.4893 0.5631
vn 0.7091 -0.5491 0.4423
vn 0.7329 -0.5626 0.3826
vn 0.7593 -0.5946 0.2644
vn 0.7851 -0.6146 0.0766
vn 0.7771 -0.6105 -0.1529
vn 0.7771 -0.6106 -0.1529
vn 0.7311 -0.5739 -0.3689
vn 0.6561 -0.5173 -0.5495
vn 0.6039 -0.4623 -0.6492
vn 0.5673 -0.4373 -0.6978
vn 0.4849 -0.3497 -0.8016
vn 0.3667 -0.2627 -0.8925
vn 0.2214 -0.1526 -0.9632
vn 0.0718 -0.0258 -0.9971
vn 0.0309 0.0195 -0.9993
vn -0.0825 0.0988 -0.9917
vn -0.2253 0.2230 -0.9484
vn -0.3929 0.3480 -0.8512
vn -0.5235 0.4705 -0.7104
vn -0.5786 0.5425 -0.6090
vn -0.6135 0.5499 -0.5668
vn -0.6848 0.6125 -0.3948
vn -0.7233 0.6612 -0.1991
vn -0.7372 0.6722 -0.0687
vn -0.7428 0.6694 -0.0142
vn -0.7024 0.6400 0.3115
vn -0.7118 0.6855 0.1527
vn -0.6340 0.5963 0.4924
vn -0.5516 0.5248 0.6483
vn -0.4300 0.3935 0.8125
vn -0.2661 0.2850 0.9208
vn -0.1268 0.1710 0.9771
vn 0.0197 0.0390 0.9990
vn 0.1187 -0.0563 0.9913
vn 0.1709 -0.0869 0.9814
vn 0.3113 -0.2066 0.9276
vn -0.7983 0.4682 0.3789
vn -0.8443 0.5111 0.1607
vn -0.7295 -0.6813 0.0601
vn -0.7042 -0.7094 0.0306
vn -0.8578 0.5079 -0.0781
vn -0.7557 -0.6548 -0.0130
vn -0.8379 0.4825 -0.2553
vn -0.7851 0.4375 -0.4385
vn -0.6912 0.3990 -0.6026
vn -0.6086 0.2929 -0.7375
vn -0.7808 -0.5587 -0.2797
vn -0.4941 0.1885 -0.8487
vn -0.7438 -0.4502 -0.4940
vn -0.3550 0.0735 -0.9320
vn -0.5977 -0.3429 -0.7247
vn -0.2779 -0.0969 -0.9557
vn -0.4823 -0.3843 -0.7872
vn -0.4600 -0.5745 -0.6770
vn -0.0911 -0.1427 -0.9856
vn -0.4877 -0.7422 -0.4596
vn 0.0543 -0.2542 -0.9656
vn 0.2048 -0.3858 -0.8996
vn 0.3704 -0.4688 -0.8019
vn -0.5175 -0.8482 -0.1134
vn 0.4783 -0.5974 -0.6437
vn -0.5255 -0.8479 -0.0697
vn 0.5650 -0.6675 -0.4850
vn 0.6281 -0.7172 -0.3020
vn -0.4830 -0.8754 -0.0175
vn 0.6581 -0.7375 -0.1517
vn 0.6735 -0.7389 0.0197
vn -0.5068 -0.8616 0.0293
vn 0.6596 -0.7222 0.2081
vn -0.4979 -0.8651 0.0607
vn 0.6124 -0.6855 0.3939
vn -0.4774 -0.8712 0.1146
vn 0.5515 -0.6231 0.5546
vn 0.4478 -0.5500 0.7050
vn -0.3827 -0.8689 0.3140
vn 0.3304 -0.4481 0.8307
vn -0.2918 -0.8012 0.5225
vn 0.2052 -0.3305 0.9212
vn -0.2002 -0.6302 0.7501
vn 0.0399 -0.2001 0.9790
vn -0.2565 -0.5204 0.8145
vn -0.4548 -0.5535 0.6977
vn -0.1422 -0.0584 0.9881
vn -0.6293 -0.6058 0.4867
vn -0.2824 0.0592 0.9575
vn -0.6951 -0.6474 0.3125
vn -0.4289 0.1842 0.8844
vn -0.5439 0.2652 0.7962
vn -0.6359 0.3375 0.6941
vn -0.7307 -0.6692 0.1354
vn -0.7295 0.4194 0.5403
vn -0.6771 -0.6155 0.4032
vn 0.7574 -0.6232 -0.1949
vn -0.4409 0.6615 0.6067
vn 0.9530 0.2962 -0.0628
vn 0.9531 0.2961 -0.0626
vn 0.7948 0.3600 -0.4886
vn -0.4410 0.6616 0.6065
vn -0.6557 0.7542 -0.0347
vn -0.9359 -0.1355 0.3253
vn 0.1959 -0.7681 -0.6096
vn -0.6771 -0.6153 0.4036
vn 0.7573 -0.6234 -0.1948
vn 0.7946 0.3600 -0.4889
vn 0.1956 -0.7682 -0.6096
vn -0.6558 0.7541 -0.0350
vn -0.9358 -0.1353 0.3256
vn -0.6768 -0.6158 0.4034
vn -0.4408 0.6618 0.6064
vn -0.9359 -0.1350 0.3254
vn -0.6556 0.7543 -0.0349
vn 0.9531 0.2963 -0.0624
vn 0.7575 -0.6230 -0.1951
vn 0.7946 0.3602 -0.4886
vn 0.1955 -0.7684 -0.6094
vn -0.2351 -0.6763 0.6981
vn 0.9114 -0.4108 -0.0263
vn -0.1575 0.4289 0.8895
vn 0.9670 0.2133 -0.1396
vn 0.6598 0.3351 -0.6726
vn 0.9114 -0.4106 -0.0261
vn -0.1519 -0.5196 -0.8408
vn -0.9793 0.1097 0.1700
vn -0.1568 0.4290 0.8896
vn -0.7972 0.5337 -0.2821
vn -0.7974 0.5335 -0.2819
vn -0.1515 -0.5200 -0.8406
vn -0.9794 0.1094 0.1699
vn 0.0704 -0.2176 -0.9735
vn -0.0725 0.0607 -0.9955
vn 0.9149 -0.3523 0.1970
vn 0.2279 0.1854 -0.9559
vn 0.9515 -0.0439 0.3046
vn 0.2011 0.4323 -0.8790
vn 0.8984 0.1938 0.3941
vn 0.0860 0.6432 -0.7609
vn 0.7614 0.3759 0.5282
vn 0.0107 0.8881 -0.4596
vn 0.6043 0.3729 0.7041
vn 0.4118 0.5023 0.7603
vn -0.3859 0.8022 -0.4555
vn 0.0732 0.5274 0.8465
vn -0.5860 0.6297 -0.5100
vn -0.7414 0.6085 -0.2830
vn -0.0704 0.2176 0.9735
vn -0.9149 0.3524 -0.1970
vn 0.0725 -0.0606 0.9955
vn -0.2280 -0.1855 0.9558
vn -0.9515 0.0439 -0.3046
vn -0.2011 -0.4323 0.8790
vn -0.8984 -0.1940 -0.3941
vn -0.0860 -0.6431 0.7609
vn -0.7614 -0.3759 -0.5282
vn -0.0106 -0.8881 0.4596
vn -0.6043 -0.3729 -0.7041
vn -0.4118 -0.5023 -0.7603
vn 0.3858 -0.8023 0.4556
vn -0.0732 -0.5274 -0.8465
vn 0.5860 -0.6296 0.5100
vn 0.7414 -0.6085 0.2830
vn -0.1275 0.9750 -0.1821
vn -0.4949 0.8399 -0.2227
vn -0.4797 0.5157 -0.7099
vn 0.2345 0.8008 -0.5512
vn 0.1332 0.9467 -0.2933
vn -0.3820 0.4534 -0.8053
vn -0.3856 0.8026 -0.4551
vn -0.5859 0.4728 -0.6582
vn -0.7414 0.6087 -0.2824
vn -0.6696 0.3950 -0.6290
vn -0.9150 0.3524 -0.1964
vn -0.8094 0.3171 -0.4944
vn -0.7548 0.1804 -0.6307
vn -0.9516 0.0438 -0.3041
vn -0.7324 0.0583 -0.6784
vn -0.8985 -0.1942 -0.3936
vn -0.6740 -0.0355 -0.7379
vn -0.7615 -0.3764 -0.5278
vn -0.5685 -0.0478 -0.8213
vn -0.6043 -0.3731 -0.7040
vn -0.4116 -0.5028 -0.7601
vn -0.4569 -0.1127 -0.8824
vn -0.0729 -0.5278 -0.8463
vn -0.3503 -0.0677 -0.9342
vn 0.0709 -0.2180 -0.9734
vn -0.3195 0.0454 -0.9465
vn -0.0728 0.0608 -0.9955
vn 0.0963 -0.0008 -0.9954
vn -0.2549 0.2325 -0.9386
vn 0.2285 0.1854 -0.9557
vn -0.2028 0.3420 -0.9176
vn 0.2613 0.2168 -0.9406
vn -0.1221 0.0754 -0.9897
vn -0.9056 0.3438 -0.2484
vn -0.7267 0.6107 -0.3146
vn 0.2168 0.5339 -0.8172
vn -0.2568 0.4315 -0.8648
vn 0.0864 0.6434 -0.7607
vn 0.2016 0.4324 -0.8789
vn -0.9203 0.0638 -0.3859
vn -0.9035 -0.2362 -0.3576
vn 0.1055 -0.3085 -0.9454
vn -0.1199 -0.5726 -0.8110
vn -0.7434 -0.5828 -0.3282
vn -0.2977 -0.7936 -0.5306
vn -0.5131 -0.7813 -0.3553
vn 0.1271 -0.9751 0.1817
vn -0.1333 -0.9467 0.2934
vn 0.3819 -0.4533 0.8054
vn -0.2345 -0.8009 0.5510
vn 0.4948 -0.8400 0.2228
vn 0.4797 -0.5157 0.7099
vn 0.3857 -0.8026 0.4551
vn 0.2568 -0.4315 0.8648
vn -0.0865 -0.6434 0.7607
vn -0.0107 -0.8881 0.4596
vn -0.2016 -0.4324 0.8789
vn 0.2028 -0.3420 0.9176
vn -0.2285 -0.1854 0.9557
vn 0.2549 -0.2324 0.9386
vn 0.0728 -0.0608 0.9955
vn -0.0963 0.0007 0.9954
vn 0.3194 -0.0455 0.9465
vn -0.0708 0.2179 0.9734
vn 0.3504 0.0678 0.9342
vn 0.0728 0.5278 0.8462
vn 0.4569 0.1127 0.8824
vn 0.4116 0.5028 0.7601
vn 0.5684 0.0478 0.8214
vn 0.1198 0.5726 0.8110
vn 0.2976 0.7939 0.5303
vn 0.7614 0.3764 0.5278
vn 0.6043 0.3732 0.7040
vn 0.6740 0.0356 0.7379
vn 0.7435 0.5826 0.3283
vn 0.5130 0.7815 0.3551
vn 0.9035 0.2363 0.3576
vn -0.1056 0.3087 0.9453
vn 0.9203 -0.0638 0.3859
vn 0.7323 -0.0583 0.6784
vn 0.7548 -0.1804 0.6307
vn 0.9516 -0.0438 0.3040
vn 0.8985 0.1942 0.3936
vn 0.9150 -0.3523 0.1964
vn 0.8095 -0.3171 0.4942
vn 0.6696 -0.3950 0.6290
vn 0.7414 -0.6087 0.2824
vn 0.5859 -0.4727 0.6582
vn 0.7267 -0.6107 0.3146
vn -0.2170 -0.5341 0.8171
vn -0.2613 -0.2168 0.9406
vn 0.9056 -0.3438 0.2483
vn 0.1221 -0.0752 0.9897
vn -0.2500 -0.8320 0.4952
vn 0.5101 -0.6849 0.5203
vn 0.2357 -0.9718 0.0051
vn 0.7561 -0.6411 -0.1315
vn 0.1571 -0.9870 0.0344
vn 0.4755 -0.8797 0.0053
vn 0.0289 -0.9931 0.1135
vn 0.4509 -0.8825 0.1340
vn 0.0009 -0.9884 0.1516
vn 0.3913 -0.8836 0.2571
vn -0.0042 -0.9842 0.1772
vn 0.3096 -0.8845 0.3490
vn 0.0088 -0.9759 0.2180
vn 0.2123 -0.8681 0.4487
vn -0.0208 -0.9550 0.2960
vn 0.0949 -0.8497 0.5186
vn -0.0695 -0.9161 0.3949
vn -0.0322 -0.8300 0.5569
vn -0.1410 -0.8461 0.5141
vn -0.2196 -0.9161 0.3355
vn -0.2338 -0.7384 0.6325
vn -0.2718 -0.7582 0.5927
vn -0.3741 -0.5643 0.7359
vn -0.4110 -0.7209 0.5580
vn -0.5174 -0.2732 0.8110
vn -0.5373 -0.6664 0.5169
vn -0.7409 0.0904 0.6655
vn -0.7960 -0.5677 0.2100
vn -0.9691 0.0947 0.2280
vn -0.8152 -0.5711 -0.0966
vn -0.9885 -0.1447 -0.0448
vn -0.6961 -0.6937 -0.1852
vn -0.9259 -0.3705 -0.0735
vn -0.5915 -0.7964 -0.1260
vn -0.8517 -0.5228 -0.0360
vn -0.8920 -0.4515 -0.0231
vn -0.8719 -0.4894 -0.0172
vn -0.3239 -0.9444 -0.0560
vn -0.5770 -0.8167 0.0017
vn -0.7393 -0.6690 -0.0764
vn -0.6294 -0.7760 -0.0406
vn -0.7068 -0.7026 -0.0829
vn -0.7676 -0.6383 0.0584
vn -0.7502 -0.6610 0.0195
vn -0.9133 -0.4015 0.0685
vn -0.7304 -0.6829 -0.0076
vn -0.8385 -0.5440 0.0320
vn -0.7035 -0.7090 -0.0482
vn -0.7941 -0.5943 -0.1275
vn -0.6105 -0.7782 -0.1472
vn -0.7103 -0.5223 -0.4719
vn -0.5426 -0.8012 -0.2522
vn -0.9699 -0.1713 -0.1732
vn -0.6774 -0.7344 -0.0419
vn -0.5340 -0.6567 0.5326
vn -0.8063 -0.5085 0.3021
vn 0.0759 -0.9045 0.4197
vn -0.6556 0.5850 0.4774
vn -0.1649 -0.9074 0.3865
vn -0.2975 -0.4387 0.8480
vn 0.0160 -0.8139 0.5808
vn 0.5334 -0.5022 0.6807
vn -0.8275 0.5597 -0.0444
vn 0.0163 -0.8138 0.5809
vn -0.1653 -0.9074 0.3863
vn -0.1303 -0.9770 -0.1689
vn -0.2851 -0.8873 -0.3624
vn 0.2927 -0.9543 -0.0605
vn 0.5331 -0.5019 0.6811
vn -0.1300 -0.9770 -0.1689
vn 0.0163 -0.8140 0.5807
vn 0.2931 -0.9542 -0.0602
vn -0.1302 -0.9769 -0.1692
vn -0.5279 -0.6639 -0.5297
vn -0.2853 -0.8872 -0.3627
vn -0.8123 0.5200 -0.2641
vn -0.0298 -0.9958 -0.0866
vn -0.9969 0.0612 0.0501
vn -0.8128 0.5800 0.0538
vn 0.0919 -0.0569 0.9941
vn 0.2828 -0.0811 0.9557
vn 0.2145 0.9141 0.3441
vn 0.2327 0.9375 0.2588
vn 0.4594 -0.0916 0.8835
vn 0.2393 0.9491 0.2047
vn 0.6320 -0.0959 0.7690
vn 0.2267 0.9624 0.1496
vn 0.7810 -0.1205 0.6128
vn 0.2255 0.9653 0.1314
vn 0.9045 -0.1015 0.4143
vn 0.2150 0.9708 0.1066
vn 0.9689 -0.0895 0.2305
vn 0.2138 0.9727 0.0896
vn 0.9970 -0.0657 0.0398
vn 0.2366 0.9691 0.0698
vn 0.9908 -0.0453 -0.1274
vn 0.9594 -0.0326 -0.2803
vn 0.2174 0.9745 0.0554
vn 0.8884 -0.0022 -0.4590
vn 0.2159 0.9753 0.0467
vn 0.7833 0.0245 -0.6212
vn 0.2200 0.9753 0.0195
vn 0.6163 0.0456 -0.7862
vn 0.2226 0.9747 -0.0180
vn 0.4259 0.0887 -0.9004
vn 0.2138 0.9745 -0.0673
vn 0.2507 0.1202 -0.9606
vn 0.1971 0.9682 -0.1540
vn 0.0574 0.1411 -0.9883
vn 0.1492 0.9620 -0.2288
vn -0.1409 0.1669 -0.9759
vn 0.0862 0.9647 -0.2487
vn -0.3244 0.1797 -0.9287
vn 0.0446 0.9835 -0.1753
vn -0.4993 0.2006 -0.8429
vn 0.0453 0.9950 -0.0889
vn -0.6567 0.1994 -0.7273
vn 0.0543 0.9983 -0.0199
vn -0.7642 0.2303 -0.6025
vn 0.0559 0.9982 0.0233
vn -0.8617 0.1979 -0.4672
vn 0.0654 0.9964 0.0532
vn -0.9375 0.1962 -0.2875
vn 0.0714 0.9948 0.0724
vn -0.9793 0.1778 -0.0969
vn 0.0744 0.9939 0.0818
vn -0.9791 0.1566 0.1294
vn 0.1009 0.9901 0.0970
vn 0.0795 0.9908 0.1091
vn -0.9262 0.1293 0.3541
vn 0.0784 0.9886 0.1285
vn -0.8498 0.0991 0.5177
vn 0.0666 0.9879 0.1400
vn -0.7291 0.0737 0.6804
vn 0.0635 0.9813 0.1815
vn -0.6118 0.0698 0.7879
vn 0.0602 0.9724 0.2256
vn -0.4705 0.0247 0.8821
vn 0.0662 0.9497 0.3060
vn -0.2961 -0.0041 0.9551
vn 0.0973 0.9128 0.3967
vn -0.1093 -0.0367 0.9933
vn 0.1690 0.8905 0.4224
vn 0.2636 -0.4625 0.8465
vn 0.3098 -0.1464 0.9395
vn 0.0868 -0.4434 0.8921
vn 0.1190 -0.0178 0.9927
vn -0.0956 -0.4114 0.9064
vn -0.1014 -0.0788 0.9917
vn -0.2720 -0.3871 0.8810
vn -0.2906 -0.0393 0.9560
vn -0.4374 -0.3489 0.8289
vn -0.4824 -0.0084 0.8759
vn -0.6016 -0.3242 0.7300
vn -0.6331 -0.1091 0.7663
vn -0.7345 -0.2917 0.6127
vn -0.7463 0.0547 0.6634
vn -0.8492 -0.2456 0.4675
vn -0.8569 0.0900 0.5076
vn -0.9250 -0.2219 0.3085
vn -0.9349 0.1235 0.3327
vn -0.9741 -0.2039 0.0977
vn -0.9296 0.3396 0.1435
vn -0.9838 0.1673 -0.0638
vn -0.9776 -0.1748 -0.1175
vn -0.9464 0.1855 -0.2645
vn -0.9373 -0.1643 -0.3075
vn -0.8756 0.1878 -0.4450
vn -0.8643 -0.1578 -0.4776
vn -0.7947 0.0547 -0.6045
vn -0.7631 -0.1604 -0.6261
vn -0.6600 0.1762 -0.7303
vn -0.6328 -0.1738 -0.7545
vn -0.5064 0.1696 -0.8454
vn -0.4813 -0.1813 -0.8576
vn -0.3343 0.1429 -0.9316
vn -0.3094 -0.2084 -0.9278
vn -0.1129 0.2054 -0.9721
vn -0.1293 -0.2314 -0.9642
vn 0.0904 0.0823 -0.9925
vn 0.2776 0.0435 -0.9597
vn 0.2369 -0.2886 -0.9277
vn 0.4551 0.0171 -0.8903
vn 0.3985 -0.3197 -0.8596
vn 0.6232 -0.0228 -0.7817
vn 0.5520 -0.3563 -0.7539
vn 0.7189 -0.1896 -0.6688
vn 0.6713 -0.3912 -0.6295
vn 0.8499 -0.0859 -0.5199
vn 0.7770 -0.4283 -0.4612
vn 0.9313 -0.1203 -0.3438
vn 0.8397 -0.4570 -0.2933
vn 0.9808 -0.1467 -0.1284
vn 0.8718 -0.4897 -0.0107
vn 0.8790 -0.4530 -0.1490
vn 0.9821 -0.1665 0.0878
vn 0.8455 -0.5003 0.1865
vn 0.9425 -0.1845 0.2785
vn 0.7827 -0.5121 0.3537
vn 0.8464 -0.3093 0.4336
vn 0.6959 -0.5076 0.5081
vn 0.7748 -0.1836 0.6049
vn 0.5715 -0.4976 0.6525
vn 0.6487 -0.1736 0.7410
vn 0.4307 -0.4848 0.7612
vn 0.4833 -0.1642 0.8599
vn 0.3097 -0.1463 0.9395
vn 0.0899 -0.8587 0.5045
vn 0.3096 -0.1466 0.9395
vn -0.0357 -0.8617 0.5061
vn 0.1211 -0.0090 0.9926
vn -0.1422 -0.8251 0.5468
vn -0.1014 -0.0791 0.9917
vn -0.2670 -0.8094 0.5230
vn -0.2907 -0.0396 0.9560
vn -0.3763 -0.7875 0.4882
vn -0.4824 -0.0087 0.8759
vn -0.4758 -0.7629 0.4377
vn -0.6281 -0.1251 0.7680
vn -0.5619 -0.7449 0.3597
vn -0.7463 0.0544 0.6634
vn -0.6392 -0.7228 0.2628
vn -0.8569 0.0897 0.5076
vn -0.6781 -0.7227 0.1337
vn -0.9029 0.2576 0.3442
vn -0.9578 0.2479 0.1456
vn -0.7505 -0.6608 -0.0029
vn -0.9831 0.1669 -0.0757
vn -0.7248 -0.6768 -0.1288
vn -0.9464 0.1853 -0.2644
vn -0.7024 -0.6662 -0.2507
vn -0.8756 0.1875 -0.4451
vn -0.6515 -0.6646 -0.3658
vn -0.7973 0.0265 -0.6030
vn -0.5724 -0.6940 -0.4367
vn -0.6601 0.1760 -0.7303
vn -0.5031 -0.6739 -0.5411
vn -0.5065 0.1693 -0.8455
vn -0.4063 -0.6847 -0.6051
vn -0.3343 0.1426 -0.9316
vn -0.2913 -0.6913 -0.6612
vn -0.0996 0.2203 -0.9703
vn -0.1739 -0.6882 -0.7043
vn 0.0903 0.0819 -0.9925
vn -0.0435 -0.7352 -0.6764
vn 0.2775 0.0432 -0.9597
vn 0.0733 -0.7573 -0.6489
vn 0.4688 0.0128 -0.8832
vn 0.1787 -0.7751 -0.6060
vn 0.6231 -0.0231 -0.7818
vn 0.2808 -0.7937 -0.5396
vn 0.7138 -0.2128 -0.6672
vn 0.3570 -0.8182 -0.4506
vn 0.8499 -0.0862 -0.5199
vn 0.4244 -0.8306 -0.3606
vn 0.9313 -0.1206 -0.3438
vn 0.4666 -0.8526 -0.2353
vn 0.9808 -0.1470 -0.1285
vn 0.4884 -0.8713 -0.0480
vn 0.4941 -0.8573 -0.1444
vn 0.9821 -0.1668 0.0879
vn 0.4686 -0.8802 0.0751
vn 0.9425 -0.1848 0.2785
vn 0.4402 -0.8798 0.1794
vn 0.8404 -0.3318 0.4286
vn 0.3943 -0.8676 0.3031
vn 0.7845 -0.1855 0.5917
vn 0.2873 -0.8798 0.3788
vn 0.6486 -0.1739 0.7410
vn 0.1954 -0.8728 0.4472
vn 0.4833 -0.1645 0.8599
vn 0.0902 -0.8588 0.5043
vn 0.3096 -0.1467 0.9395
vn 0.2817 -0.1111 0.9530
vn 0.3195 -0.2409 0.9165
vn 0.4660 -0.1276 0.8755
vn 0.4912 -0.2649 0.8298
vn 0.6160 -0.1437 0.7745
vn 0.6405 -0.2756 0.7168
vn 0.7768 -0.1463 0.6125
vn 0.7540 -0.2851 0.5918
vn 0.8447 -0.2866 0.4520
vn 0.8946 -0.1528 0.4200
vn 0.9210 -0.2809 0.2698
vn 0.9598 -0.1513 0.2365
vn 0.9592 -0.2667 0.0933
vn 0.9902 -0.1351 0.0363
vn 0.9520 -0.2836 -0.1149
vn 0.9793 -0.1217 -0.1617
vn 0.9228 -0.2050 -0.3262
vn 0.9408 -0.1035 -0.3229
vn 0.8768 -0.0873 -0.4729
vn 0.8233 -0.2037 -0.5298
vn 0.7662 -0.0623 -0.6396
vn 0.7062 -0.1731 -0.6865
vn 0.6016 -0.0287 -0.7983
vn 0.5875 -0.1577 -0.7937
vn 0.4599 -0.1285 -0.8786
vn 0.4114 0.0053 -0.9114
vn 0.2721 -0.0920 -0.9579
vn 0.2326 0.0443 -0.9716
vn 0.0930 -0.0677 -0.9934
vn 0.0460 0.0645 -0.9969
vn -0.1190 -0.0681 -0.9906
vn -0.1519 0.0913 -0.9842
vn -0.3069 -0.0120 -0.9517
vn -0.3370 0.1127 -0.9347
vn -0.4742 0.0087 -0.8804
vn -0.5135 0.1367 -0.8472
vn -0.6351 0.0166 -0.7722
vn -0.6704 0.1410 -0.7285
vn -0.7948 0.0544 -0.6045
vn -0.8731 0.1492 -0.4641
vn -0.7868 0.1479 -0.5992
vn -0.9069 0.0611 -0.4168
vn -0.9443 0.1485 -0.2935
vn -0.9672 0.0216 -0.2531
vn -0.9850 0.1446 -0.0939
vn -0.9979 0.0146 -0.0634
vn -0.9869 0.1274 0.0991
vn -0.9898 -0.0303 0.1389
vn -0.9442 0.1063 0.3119
vn -0.9508 -0.0671 0.3024
vn -0.8857 -0.0399 0.4626
vn -0.8497 0.0734 0.5221
vn -0.7809 -0.0389 0.6235
vn -0.7359 0.0504 0.6752
vn -0.6206 -0.0711 0.7809
vn -0.4740 0.0011 0.8805
vn -0.6141 0.0329 0.7885
vn -0.4438 -0.1363 0.8857
vn -0.2969 -0.0265 0.9545
vn -0.2630 -0.1656 0.9505
vn -0.1033 -0.0585 0.9929
vn -0.0791 -0.1897 0.9786
vn 0.0862 -0.0826 0.9928
vn 0.1198 -0.2491 0.9610
vn 0.2812 -0.1110 0.9532
vn 0.3193 -0.2409 0.9165
vn 0.3097 -0.1467 0.9395
vn 0.2988 0.1702 0.9390
vn 0.1211 -0.0088 0.9926
vn 0.1304 0.1239 0.9837
vn -0.0300 0.2284 0.9731
vn -0.1014 -0.0792 0.9917
vn -0.2080 0.2470 0.9464
vn -0.2906 -0.0396 0.9560
vn -0.3821 0.2836 0.8795
vn -0.5261 0.3636 0.7687
vn -0.6280 -0.1257 0.7680
vn -0.6911 0.3683 0.6219
vn -0.7932 0.3928 0.4654
vn -0.9028 0.2579 0.3442
vn -0.8542 0.4246 0.3000
vn -0.9577 0.2482 0.1456
vn -0.8937 0.4236 0.1478
vn -0.8885 0.4588 0.0010
vn -0.8635 0.4656 -0.1938
vn -0.9464 0.1852 -0.2645
vn -0.8034 0.4753 -0.3587
vn -0.8757 0.1875 -0.4450
vn -0.6736 0.5184 -0.5268
vn -0.7973 0.0260 -0.6030
vn -0.6601 0.1759 -0.7303
vn -0.5615 0.4668 -0.6833
vn -0.5065 0.1692 -0.8455
vn -0.4087 0.4487 -0.7947
vn -0.3344 0.1425 -0.9316
vn -0.2429 0.4394 -0.8648
vn -0.0996 0.2205 -0.9703
vn -0.0944 0.3426 -0.9347
vn 0.0860 0.3875 -0.9178
vn 0.2680 0.3476 -0.8985
vn 0.4386 0.3203 -0.8397
vn 0.4688 0.0127 -0.8832
vn 0.5942 0.2824 -0.7531
vn 0.7470 0.2865 -0.5999
vn 0.7136 -0.2133 -0.6673
vn 0.8499 -0.0863 -0.5199
vn 0.8708 0.2174 -0.4411
vn 0.9414 0.1796 -0.2856
vn 0.9920 0.0476 -0.1172
vn 0.9868 0.1389 0.0828
vn 0.9821 -0.1669 0.0878
vn 0.9554 0.1270 0.2667
vn 0.8766 0.1705 0.4500
vn 0.8402 -0.3323 0.4285
vn 0.7651 0.1294 0.6308
vn 0.6303 0.1291 0.7656
vn 0.4833 -0.1645 0.8598
vn 0.4717 0.1536 0.8683
vn 0.3096 -0.1469 0.9394
vn 0.2991 0.1701 0.9390
vn 0.2636 -0.4623 0.8466
vn 0.0870 -0.4429 0.8923
vn 0.2988 0.1696 0.9391
vn 0.1303 0.1234 0.9838
vn -0.0955 -0.4109 0.9067
vn -0.0301 0.2278 0.9732
vn -0.2720 -0.3869 0.8811
vn -0.2082 0.2465 0.9465
vn -0.4373 -0.3486 0.8290
vn -0.3823 0.2830 0.8796
vn -0.6017 -0.3239 0.7301
vn -0.5263 0.3631 0.7689
vn -0.7345 -0.2915 0.6128
vn -0.6913 0.3677 0.6220
vn -0.8493 -0.2452 0.4676
vn -0.7934 0.3922 0.4655
vn -0.9251 -0.2216 0.3085
vn -0.8545 0.4241 0.3000
vn -0.9742 -0.2036 0.0977
vn -0.8940 0.4230 0.1477
vn -0.8888 0.4583 0.0008
vn -0.9776 -0.1745 -0.1175
vn -0.8638 0.4651 -0.1940
vn -0.9373 -0.1640 -0.3075
vn -0.8037 0.4748 -0.3588
vn -0.8644 -0.1576 -0.4776
vn -0.6738 0.5179 -0.5270
vn -0.7631 -0.1601 -0.6261
vn -0.5617 0.4663 -0.6834
vn -0.6329 -0.1735 -0.7546
vn -0.4089 0.4482 -0.7949
vn -0.4813 -0.1810 -0.8577
vn -0.2430 0.4389 -0.8651
vn -0.3094 -0.2081 -0.9279
vn -0.0945 0.3420 -0.9349
vn -0.1292 -0.2311 -0.9643
vn 0.0859 0.3870 -0.9181
vn 0.0543 -0.2539 -0.9657
vn 0.2680 0.3470 -0.8988
vn 0.2369 -0.2884 -0.9278
vn 0.4385 0.3197 -0.8399
vn 0.3986 -0.3194 -0.8597
vn 0.5943 0.2818 -0.7533
vn 0.5521 -0.3561 -0.7540
vn 0.7470 0.2860 -0.6001
vn 0.6714 -0.3910 -0.6295
vn 0.8708 0.2168 -0.4412
vn 0.7772 -0.4281 -0.4613
vn 0.9414 0.1790 -0.2857
vn 0.8398 -0.4568 -0.2933
vn 0.9920 0.0470 -0.1173
vn 0.8791 -0.4527 -0.1490
vn 0.8720 -0.4894 -0.0106
vn 0.9869 0.1382 0.0828
vn 0.8457 -0.5001 0.1865
vn 0.9555 0.1264 0.2667
vn 0.7829 -0.5118 0.3538
vn 0.8767 0.1698 0.4501
vn 0.6960 -0.5073 0.5082
vn 0.7652 0.1288 0.6308
vn 0.5716 -0.4973 0.6527
vn 0.6303 0.1284 0.7656
vn 0.4308 -0.4846 0.7613
vn 0.4717 0.1530 0.8684
vn 0.2637 -0.4623 0.8466
vn 0.2990 0.1696 0.9390
vn 0.3097 -0.1470 0.9394
vn 0.3395 -0.0816 0.9371
vn 0.1190 -0.0180 0.9927
vn 0.1461 -0.0813 0.9859
vn -0.0433 -0.0361 0.9984
vn -0.2267 -0.0137 0.9739
vn -0.4089 0.0175 0.9124
vn -0.6086 0.0561 0.7915
vn -0.6332 -0.1097 0.7662
vn -0.7463 0.0545 0.6634
vn -0.7687 0.0887 0.6334
vn -0.8694 0.1206 0.4791
vn -0.9349 0.1232 0.3327
vn -0.9464 0.1438 0.2892
vn -0.9294 0.3399 0.1435
vn -0.9776 0.1655 0.1302
vn -0.9816 0.1879 -0.0353
vn -0.9839 0.1671 -0.0637
vn -0.9555 0.1978 -0.2186
vn -0.9464 0.1853 -0.2645
vn -0.8895 0.2135 -0.4040
vn -0.7622 0.2180 -0.6096
vn -0.7948 0.0541 -0.6045
vn -0.6085 0.2125 -0.7646
vn -0.5065 0.1693 -0.8454
vn -0.4435 0.1982 -0.8741
vn -0.3344 0.1426 -0.9316
vn -0.2620 0.1828 -0.9476
vn -0.1129 0.2054 -0.9722
vn -0.0755 0.1497 -0.9858
vn 0.1068 0.1408 -0.9843
vn 0.3122 0.1174 -0.9427
vn 0.2775 0.0432 -0.9598
vn 0.4771 0.0875 -0.8745
vn 0.4550 0.0168 -0.8903
vn 0.6158 0.0869 -0.7831
vn 0.7488 0.0528 -0.6607
vn 0.7187 -0.1901 -0.6688
vn 0.8611 -0.0000 -0.5085
vn 0.9313 -0.1205 -0.3438
vn 0.9410 -0.0278 -0.3373
vn 0.9896 -0.0771 -0.1214
vn 0.9922 -0.0738 0.1002
vn 0.9821 -0.1668 0.0878
vn 0.9534 -0.0855 0.2893
vn 0.9425 -0.1848 0.2784
vn 0.8729 -0.0821 0.4809
vn 0.7748 -0.1839 0.6049
vn 0.8462 -0.3099 0.4335
vn 0.7811 -0.0801 0.6192
vn 0.6684 -0.1022 0.7368
vn 0.5140 -0.0893 0.8532
vn 0.1689 0.8910 0.4215
vn 0.2144 0.9142 0.3439
vn 0.0972 0.9128 0.3966
vn 0.0663 0.9499 0.3055
vn 0.2324 0.9377 0.2584
vn 0.0607 0.9724 0.2255
vn 0.2390 0.9493 0.2042
vn 0.0639 0.9814 0.1811
vn 0.2265 0.9625 0.1493
vn 0.0670 0.9879 0.1399
vn 0.2251 0.9655 0.1312
vn 0.0786 0.9886 0.1283
vn 0.2148 0.9708 0.1065
vn 0.0799 0.9908 0.1089
vn 0.2136 0.9728 0.0897
vn 0.1012 0.9901 0.0970
vn 0.2363 0.9692 0.0698
vn 0.0748 0.9938 0.0819
vn 0.2172 0.9746 0.0555
vn 0.0717 0.9948 0.0725
vn 0.2157 0.9753 0.0469
vn 0.0657 0.9964 0.0534
vn 0.2199 0.9753 0.0197
vn 0.0564 0.9981 0.0235
vn 0.2222 0.9748 -0.0175
vn 0.0547 0.9983 -0.0195
vn 0.2136 0.9746 -0.0667
vn 0.0454 0.9950 -0.0887
vn 0.1970 0.9683 -0.1535
vn 0.0445 0.9835 -0.1753
vn 0.1492 0.9620 -0.2285
vn 0.0059 -0.6516 0.7585
vn -0.1264 -0.6796 0.7226
vn 0.0771 -0.8009 0.5938
vn -0.2640 -0.8320 0.4879
vn 0.0817 -0.9334 0.3494
vn -0.2944 -0.9115 0.2873
vn 0.0616 -0.9841 0.1664
vn -0.3062 -0.9426 0.1334
vn 0.0950 -0.9904 0.1003
vn -0.3401 -0.9353 0.0976
vn 0.0249 -0.9997 -0.0073
vn -0.2939 -0.9558 -0.0080
vn 0.0085 -0.9987 -0.0499
vn -0.2891 -0.9562 -0.0448
vn -0.0031 -0.9968 -0.0799
vn -0.2375 -0.9683 -0.0778
vn -0.0560 -0.9940 -0.0935
vn -0.2871 -0.9532 -0.0950
vn 0.0003 -0.9916 -0.1296
vn -0.2989 -0.9468 -0.1195
vn 0.0046 -0.9870 -0.1609
vn -0.3552 -0.9149 -0.1919
vn 0.0122 -0.9762 -0.2166
vn -0.3225 -0.9172 -0.2341
vn 0.0730 -0.9337 -0.3505
vn -0.3422 -0.8783 -0.3340
vn 0.0277 -0.9010 -0.4329
vn -0.3505 -0.7966 -0.4925
vn 0.0114 -0.7646 -0.6444
vn -0.2958 -0.6275 -0.7203
vn -0.0639 -0.5648 -0.8227
vn -0.1851 -0.4944 -0.8493
vn 0.0901 -0.8587 0.5045
vn 0.2816 -0.1110 0.9531
vn 0.1955 -0.8729 0.4471
vn 0.2871 -0.8799 0.3786
vn 0.6161 -0.1437 0.7745
vn 0.7768 -0.1465 0.6125
vn 0.8945 -0.1530 0.4201
vn 0.4403 -0.8798 0.1793
vn 0.9597 -0.1515 0.2365
vn 0.4684 -0.8803 0.0751
vn 0.9901 -0.1353 0.0363
vn 0.4882 -0.8714 -0.0481
vn 0.9793 -0.1220 -0.1617
vn 0.4939 -0.8574 -0.1444
vn 0.4665 -0.8527 -0.2352
vn 0.9407 -0.1038 -0.3229
vn 0.4243 -0.8307 -0.3605
vn 0.3573 -0.8181 -0.4507
vn 0.7663 -0.0620 -0.6395
vn 0.2811 -0.7933 -0.5400
vn 0.6016 -0.0284 -0.7983
vn 0.1789 -0.7748 -0.6064
vn 0.4115 0.0056 -0.9114
vn 0.0735 -0.7572 -0.6491
vn 0.2327 0.0446 -0.9715
vn -0.0433 -0.7353 -0.6764
vn 0.0461 0.0644 -0.9969
vn -0.3371 0.1127 -0.9347
vn -0.2913 -0.6915 -0.6610
vn -0.5134 0.1367 -0.8472
vn -0.6703 0.1412 -0.7285
vn -0.5033 -0.6736 -0.5412
vn -0.7868 0.1482 -0.5991
vn -0.5724 -0.6939 -0.4368
vn -0.6515 -0.6646 -0.3657
vn -0.8731 0.1495 -0.4641
vn -0.7026 -0.6660 -0.2508
vn -0.9443 0.1487 -0.2934
vn -0.7250 -0.6766 -0.1288
vn -0.9850 0.1449 -0.0938
vn -0.7507 -0.6606 -0.0028
vn -0.9868 0.1277 0.0992
vn -0.9441 0.1066 0.3120
vn -0.6781 -0.7227 0.1339
vn -0.8497 0.0737 0.5221
vn -0.6391 -0.7228 0.2628
vn -0.7360 0.0502 0.6751
vn -0.5618 -0.7450 0.3596
vn -0.6141 0.0326 0.7885
vn -0.4758 -0.7629 0.4378
vn -0.4739 0.0008 0.8806
vn -0.3762 -0.7876 0.4880
vn -0.2969 -0.0268 0.9545
vn -0.2670 -0.8096 0.5227
vn -0.1422 -0.8250 0.5470
vn 0.0899 -0.8587 0.5046
vn -0.0356 -0.8617 0.5061
vn 0.2811 -0.1111 0.9532
vn 0.2830 -0.0815 0.9557
vn 0.4594 -0.0918 0.8835
vn 0.5140 -0.0892 0.8531
vn 0.6319 -0.0962 0.7690
vn 0.7810 -0.1208 0.6128
vn 0.8730 -0.0823 0.4807
vn 0.9044 -0.1018 0.4143
vn 0.9689 -0.0898 0.2305
vn 0.9922 -0.0738 0.1001
vn 0.9970 -0.0660 0.0398
vn 0.9908 -0.0455 -0.1273
vn 0.9594 -0.0328 -0.2803
vn 0.8884 -0.0025 -0.4590
vn 0.8610 -0.0000 -0.5085
vn 0.7833 0.0242 -0.6212
vn 0.6162 0.0454 -0.7863
vn 0.4772 0.0875 -0.8744
vn 0.4259 0.0884 -0.9005
vn 0.2506 0.1199 -0.9606
vn 0.0573 0.1409 -0.9884
vn -0.1409 0.1666 -0.9759
vn -0.3244 0.1794 -0.9288
vn -0.4994 0.2003 -0.8429
vn -0.6567 0.1990 -0.7274
vn -0.7621 0.2180 -0.6096
vn -0.8618 0.1977 -0.4672
vn -0.7643 0.2300 -0.6025
vn -0.9375 0.1959 -0.2875
vn -0.9555 0.1978 -0.2187
vn -0.9793 0.1775 -0.0970
vn -0.9816 0.1877 -0.0357
vn -0.9792 0.1564 0.1294
vn -0.9776 0.1655 0.1303
vn -0.9464 0.1439 0.2892
vn -0.9263 0.1290 0.3541
vn -0.8499 0.0988 0.5176
vn -0.7292 0.0734 0.6804
vn -0.4705 0.0244 0.8820
vn -0.6119 0.0694 0.7879
vn -0.2962 -0.0044 0.9551
vn -0.1094 -0.0370 0.9933
vn 0.0918 -0.0573 0.9941
vn 0.2827 -0.0814 0.9558
vn 0.3392 -0.0817 0.9371
vn -0.9508 -0.0676 0.3023
vn -0.9898 -0.0309 0.1388
vn -0.2372 -0.9683 -0.0778
vn -0.2871 -0.9532 -0.0951
vn -0.9979 0.0141 -0.0634
vn -0.2989 -0.9468 -0.1196
vn -0.9672 0.0212 -0.2531
vn -0.3553 -0.9149 -0.1919
vn -0.9070 0.0609 -0.4167
vn -0.6351 0.0163 -0.7723
vn -0.4741 0.0084 -0.8804
vn -0.3505 -0.7965 -0.4927
vn -0.3069 -0.0122 -0.9517
vn -0.2959 -0.6273 -0.7204
vn -0.1190 -0.0686 -0.9905
vn -0.1852 -0.4946 -0.8492
vn -0.0637 -0.5644 -0.8230
vn 0.0931 -0.0680 -0.9933
vn 0.0115 -0.7647 -0.6443
vn 0.2721 -0.0924 -0.9578
vn 0.0282 -0.9010 -0.4329
vn 0.4599 -0.1288 -0.8786
vn 0.5874 -0.1583 -0.7937
vn 0.7061 -0.1736 -0.6865
vn 0.8232 -0.2040 -0.5298
vn 0.0046 -0.9870 -0.1608
vn 0.9227 -0.2053 -0.3262
vn 0.9519 -0.2841 -0.1149
vn -0.0558 -0.9941 -0.0935
vn 0.9592 -0.2670 0.0933
vn 0.0084 -0.9987 -0.0500
vn 0.9209 -0.2812 0.2698
vn 0.8447 -0.2868 0.4520
vn 0.0950 -0.9904 0.1002
vn 0.7539 -0.2857 0.5916
vn 0.6404 -0.2761 0.7167
vn 0.0616 -0.9842 0.1663
vn 0.4912 -0.2652 0.8297
vn 0.0818 -0.9334 0.3494
vn 0.3193 -0.2414 0.9164
vn 0.0771 -0.8010 0.5937
vn 0.1197 -0.2497 0.9609
vn 0.0059 -0.6517 0.7584
vn -0.1264 -0.6794 0.7228
vn -0.0791 -0.1901 0.9786
vn -0.2640 -0.8319 0.4882
vn -0.2631 -0.1659 0.9504
vn -0.2946 -0.9114 0.2872
vn -0.4438 -0.1366 0.8856
vn -0.3062 -0.9426 0.1335
vn -0.6205 -0.0715 0.7809
vn -0.7809 -0.0392 0.6234
vn -0.8857 -0.0401 0.4625
vn -0.0325 0.9631 0.2672
vn -0.0203 0.8742 0.4852
vn 0.0240 0.8812 0.4722
vn -0.0644 0.8731 0.4833
vn -0.1071 0.8783 0.4660
vn -0.1497 0.8816 0.4476
vn -0.1763 0.8878 0.4251
vn -0.1837 0.9043 0.3853
vn -0.2252 0.9035 0.3647
vn -0.2463 0.9120 0.3280
vn -0.2510 0.9236 0.2899
vn -0.2550 0.9333 0.2528
vn -0.2509 0.9487 0.1926
vn -0.2289 0.9589 0.1676
vn -0.2101 0.9700 0.1222
vn -0.1799 0.9788 0.0977
vn -0.1356 0.9882 0.0717
vn -0.0997 0.9933 0.0576
vn -0.0597 0.9967 0.0542
vn -0.0127 0.9991 0.0395
vn 0.0478 0.9983 0.0345
vn 0.0854 0.9931 0.0805
vn 0.1214 0.9872 0.1036
vn 0.1202 0.9812 0.1508
vn 0.1709 0.9721 0.1609
vn 0.1812 0.9652 0.1885
vn 0.2124 0.9464 0.2431
vn 0.1930 0.9363 0.2933
vn 0.1821 0.9213 0.3437
vn 0.1588 0.9129 0.3761
vn 0.1337 0.9022 0.4100
vn 0.1067 0.8891 0.4452
vn 0.0664 0.8861 0.4588
vn 0.0775 0.7759 0.6260
vn -0.0095 0.7762 0.6304
vn 0.1467 0.7883 0.5976
vn 0.1179 0.6612 0.7409
vn 0.0194 0.6672 0.7447
vn 0.2206 0.6650 0.7135
vn 0.1610 0.4975 0.8524
vn 0.0303 0.5230 0.8518
vn 0.2920 0.5192 0.8032
vn 0.3131 0.6867 0.6561
vn 0.4175 0.5433 0.7283
vn 0.3952 0.7039 0.5902
vn 0.5113 0.5670 0.6458
vn 0.4656 0.7321 0.4973
vn 0.6024 0.5943 0.5328
vn 0.5075 0.7591 0.4077
vn 0.6570 0.6345 0.4071
vn 0.5288 0.7927 0.3032
vn 0.6848 0.6727 0.2801
vn 0.5396 0.8200 0.1910
vn 0.6839 0.7143 0.1486
vn 0.5181 0.8514 0.0815
vn 0.6628 0.7487 0.0118
vn 0.4848 0.8745 -0.0136
vn 0.6105 0.7836 -0.1147
vn 0.4330 0.8925 -0.1263
vn 0.5564 0.7927 -0.2490
vn 0.4416 0.8362 -0.3253
vn 0.3301 0.9240 -0.1927
vn 0.3187 0.8561 -0.4069
vn 0.2475 0.9360 -0.2504
vn 0.1872 0.8635 -0.4684
vn 0.1419 0.9420 -0.3042
vn 0.0540 0.8707 -0.4889
vn 0.0308 0.9508 -0.3082
vn -0.0851 0.8675 -0.4901
vn -0.0716 0.9447 -0.3199
vn -0.2236 0.8493 -0.4783
vn -0.1892 0.9351 -0.2996
vn -0.3512 0.8416 -0.4102
vn -0.2890 0.9220 -0.2577
vn -0.4645 0.8147 -0.3470
vn -0.3808 0.9035 -0.1965
vn -0.5715 0.7824 -0.2476
vn -0.4598 0.8800 -0.1190
vn -0.6471 0.7476 -0.1498
vn -0.5219 0.8525 -0.0299
vn -0.6976 0.7163 -0.0177
vn -0.5654 0.8222 0.0651
vn -0.7324 0.6722 0.1087
vn -0.5836 0.7938 0.1711
vn -0.7078 0.6642 0.2407
vn -0.5677 0.7437 0.3530
vn -0.5612 0.7844 0.2642
vn -0.7068 0.6091 0.3597
vn -0.4156 0.8463 0.3332
vn -0.3972 0.8740 0.2799
vn -0.4276 0.8796 0.2086
vn -0.4102 0.9013 0.1390
vn -0.3833 0.9212 0.0666
vn -0.3368 0.9415 0.0133
vn -0.2777 0.9590 -0.0558
vn -0.2179 0.9710 -0.0986
vn -0.1457 0.9828 -0.1133
vn -0.0665 0.9879 -0.1399
vn 0.0078 0.9920 -0.1258
vn 0.0841 0.9887 -0.1242
vn 0.1496 0.9848 -0.0885
vn 0.2173 0.9750 -0.0470
vn 0.2847 0.9586 0.0006
vn 0.3291 0.9401 0.0895
vn 0.3602 0.9188 0.1613
vn 0.3802 0.8977 0.2229
vn 0.3700 0.8788 0.3012
vn 0.3459 0.8572 0.3816
vn 0.3175 0.8413 0.4375
vn 0.2672 0.8223 0.5025
vn 0.2104 0.8044 0.5556
vn -0.3901 0.8301 0.3985
vn -0.3445 0.8165 0.4634
vn -0.5294 0.7133 0.4592
vn -0.4743 0.6952 0.5401
vn -0.6580 0.5725 0.4891
vn -0.5864 0.5478 0.5967
vn -0.3977 0.6654 0.6318
vn -0.4858 0.5071 0.7120
vn -0.2962 0.6339 0.7144
vn -0.3549 0.4796 0.8025
vn -0.2312 0.4792 0.8467
vn -0.1836 0.6509 0.7366
vn -0.0923 0.4792 0.8728
vn -0.0744 0.6449 0.7606
vn -0.0857 0.7753 0.6257
vn -0.1620 0.7813 0.6028
vn -0.2219 0.7892 0.5727
vn -0.2947 0.7967 0.5277
vn 0.9796 -0.1881 0.0700
vn 0.9403 -0.2405 0.2409
vn 0.9242 -0.3798 0.0393
vn 0.9524 -0.0580 0.2993
vn 0.9914 -0.0069 0.1303
vn 0.9875 -0.1077 -0.1154
vn 0.9324 -0.3200 -0.1679
vn 0.8436 -0.5342 -0.0551
vn 0.8822 -0.4202 0.2123
vn 0.8148 -0.5713 0.0991
vn 0.6978 -0.7161 0.0179
vn 0.7503 -0.6169 0.2377
vn 0.6473 -0.7474 0.1499
vn 0.5219 -0.8525 0.0299
vn 0.5715 -0.7823 0.2477
vn 0.4598 -0.8800 0.1190
vn 0.3809 -0.9034 0.1967
vn 0.4650 -0.8145 0.3471
vn 0.2891 -0.9219 0.2579
vn 0.3514 -0.8415 0.4104
vn 0.5331 -0.6895 0.4903
vn 0.3792 -0.7197 0.5817
vn 0.4305 -0.5737 0.6968
vn 0.5684 -0.5256 0.6329
vn 0.4517 -0.4067 0.7941
vn 0.6125 -0.3827 0.6916
vn 0.4557 -0.2224 0.8619
vn 0.6227 -0.1925 0.7584
vn 0.4633 -0.0320 0.8856
vn 0.6287 -0.0016 0.7776
vn 0.5549 0.1933 0.8091
vn 0.4058 0.1555 0.9007
vn 0.4929 0.3704 0.7873
vn 0.3555 0.3453 0.8686
vn 0.4178 0.5428 0.7285
vn 0.2922 0.5189 0.8033
vn 0.5116 0.5666 0.6459
vn 0.6101 0.4027 0.6824
vn 0.6026 0.5941 0.5328
vn 0.7076 0.4413 0.5519
vn 0.6572 0.6343 0.4072
vn 0.7852 0.4806 0.3906
vn 0.6852 0.6724 0.2800
vn 0.8040 0.5470 0.2331
vn 0.6841 0.7141 0.1486
vn 0.8153 0.5709 0.0965
vn 0.7868 0.6139 -0.0636
vn 0.6109 0.7833 -0.1151
vn 0.7263 0.6568 -0.2028
vn 0.5566 0.7926 -0.2491
vn 0.6466 0.6727 -0.3596
vn 0.5233 0.7176 -0.4596
vn 0.3882 0.7426 -0.5457
vn 0.3189 0.8559 -0.4071
vn 0.2426 0.7575 -0.6060
vn 0.1874 0.8632 -0.4688
vn 0.0744 0.7583 -0.6476
vn 0.0539 0.8705 -0.4891
vn -0.0648 0.7663 -0.6393
vn -0.0851 0.8675 -0.4902
vn -0.2160 0.7388 -0.6383
vn -0.2236 0.8491 -0.4785
vn -0.3789 0.7197 -0.5818
vn -0.3514 0.8413 -0.4107
vn -0.5331 0.6895 -0.4903
vn -0.4646 0.8146 -0.3473
vn -0.6503 0.6617 -0.3732
vn -0.5715 0.7823 -0.2477
vn -0.7503 0.6169 -0.2377
vn -0.6473 0.7473 -0.1501
vn -0.8148 0.5713 -0.0991
vn -0.6978 0.7161 -0.0179
vn -0.8435 0.5342 0.0552
vn -0.8293 0.5172 0.2115
vn -0.7079 0.6640 0.2406
vn -0.7070 0.6089 0.3597
vn -0.8186 0.4456 0.3625
vn -0.6582 0.5723 0.4891
vn -0.7630 0.4127 0.4975
vn -0.5866 0.5473 0.5970
vn -0.6709 0.3767 0.6387
vn -0.4858 0.5070 0.7120
vn -0.5617 0.3146 0.7652
vn -0.4132 0.3249 0.8507
vn -0.3549 0.4794 0.8026
vn -0.2663 0.3160 0.9106
vn -0.2314 0.4787 0.8469
vn -0.1057 0.3088 0.9452
vn -0.0924 0.4789 0.8730
vn 0.0482 0.3377 0.9400
vn 0.0597 0.1577 0.9857
vn -0.1160 0.1136 0.9867
vn 0.2033 0.3294 0.9220
vn 0.2336 0.1337 0.9631
vn 0.0692 -0.0779 0.9946
vn -0.1524 -0.0764 0.9854
vn -0.1174 -0.2764 0.9539
vn 0.0772 -0.2980 0.9514
vn 0.2743 -0.2495 0.9287
vn 0.2942 -0.0522 0.9543
vn 0.4057 0.1555 0.9007
vn 0.4628 -0.0321 0.8859
vn 0.4551 -0.2225 0.8622
vn 0.4513 -0.4067 0.7943
vn 0.2686 -0.4364 0.8587
vn 0.4303 -0.5737 0.6969
vn 0.2605 -0.5950 0.7604
vn 0.3789 -0.7197 0.5817
vn 0.2160 -0.7388 0.6383
vn 0.2236 -0.8491 0.4785
vn 0.3511 -0.8415 0.4106
vn 0.1892 -0.9350 0.2999
vn 0.2889 -0.9220 0.2577
vn 0.0716 -0.9447 0.3200
vn 0.0851 -0.8675 0.4901
vn -0.0308 -0.9508 0.3082
vn -0.0539 -0.8705 0.4892
vn -0.1419 -0.9420 0.3042
vn -0.1873 -0.8633 0.4686
vn -0.2474 -0.9360 0.2504
vn -0.3187 -0.8561 0.4069
vn -0.3301 -0.9240 0.1927
vn -0.4416 -0.8362 0.3253
vn -0.4330 -0.8925 0.1263
vn -0.5566 -0.7926 0.2491
vn -0.6107 -0.7835 0.1148
vn -0.4851 -0.8744 0.0138
vn -0.6628 -0.7487 -0.0118
vn -0.5181 -0.8514 -0.0815
vn -0.6839 -0.7143 -0.1484
vn -0.5398 -0.8199 -0.1908
vn -0.6850 -0.6726 -0.2801
vn -0.5289 -0.7927 -0.3032
vn -0.6571 -0.6344 -0.4072
vn -0.5077 -0.7590 -0.4077
vn -0.6024 -0.5943 -0.5329
vn -0.4656 -0.7321 -0.4973
vn -0.5114 -0.5668 -0.6459
vn -0.3952 -0.7039 -0.5902
vn -0.4177 -0.5430 -0.7284
vn -0.3131 -0.6867 -0.6561
vn -0.2922 -0.5189 -0.8033
vn -0.2206 -0.6650 -0.7135
vn -0.1610 -0.4976 -0.8524
vn -0.1179 -0.6611 -0.7409
vn -0.0303 -0.5230 -0.8518
vn -0.0194 -0.6672 -0.7447
vn 0.0745 -0.6447 -0.7608
vn 0.0924 -0.4790 -0.8729
vn 0.1836 -0.6509 -0.7366
vn 0.2312 -0.4790 -0.8469
vn 0.2962 -0.6339 -0.7144
vn 0.3549 -0.4794 -0.8026
vn 0.4858 -0.5070 -0.7120
vn 0.3976 -0.6654 -0.6318
vn 0.5864 -0.5476 -0.5968
vn 0.4744 -0.6950 -0.5402
vn 0.6582 -0.5723 -0.4891
vn 0.5294 -0.7133 -0.4592
vn 0.7070 -0.6089 -0.3597
vn 0.5679 -0.7435 -0.3532
vn 0.7078 -0.6642 -0.2407
vn 0.5614 -0.7843 -0.2641
vn 0.5836 -0.7938 -0.1711
vn 0.7324 -0.6722 -0.1087
vn 0.5654 -0.8222 -0.0650
vn 0.8293 -0.5172 -0.2115
vn 0.8186 -0.4456 -0.3625
vn 0.8914 -0.2641 -0.3684
vn 0.7630 -0.4127 -0.4975
vn 0.8197 -0.2258 -0.5264
vn 0.6709 -0.3767 -0.6387
vn 0.7188 -0.1899 -0.6688
vn 0.5617 -0.3146 -0.7652
vn 0.5940 -0.1352 -0.7930
vn 0.4132 -0.3249 -0.8507
vn 0.5028 0.0537 -0.8627
vn 0.6499 0.0071 -0.7600
vn 0.7774 -0.0005 -0.6290
vn 0.6420 0.1934 -0.7419
vn 0.7857 0.1955 -0.5870
vn 0.6293 0.3742 -0.6811
vn 0.4861 0.2521 -0.8367
vn 0.7603 0.3784 -0.5280
vn 0.5960 0.5598 -0.5757
vn 0.4636 0.4296 -0.7749
vn 0.7384 0.5241 -0.4244
vn 0.4391 0.5942 -0.6739
vn 0.3036 0.4514 -0.8391
vn 0.2648 0.6076 -0.7488
vn 0.1102 0.4475 -0.8874
vn 0.0855 0.6106 -0.7873
vn -0.0896 0.4728 -0.8766
vn -0.0878 0.6345 -0.7679
vn -0.2605 0.5950 -0.7604
vn -0.2686 0.4364 -0.8587
vn -0.4303 0.5737 -0.6969
vn -0.4515 0.4067 -0.7942
vn -0.5684 0.5256 -0.6329
vn -0.6124 0.3827 -0.6917
vn -0.6959 0.5076 -0.5081
vn -0.7490 0.3325 -0.5731
vn -0.8035 0.4750 -0.3587
vn -0.8584 0.2883 -0.4243
vn -0.8822 0.4203 -0.2124
vn -0.9403 0.2405 -0.2409
vn -0.9242 0.3798 -0.0393
vn -0.9797 0.1881 -0.0700
vn -0.9324 0.3202 0.1679
vn -0.9875 0.1077 0.1154
vn -0.9495 0.0863 0.3017
vn -0.8914 0.2641 0.3683
vn -0.8766 0.0355 0.4799
vn -0.8197 0.2258 0.5264
vn -0.7774 0.0007 0.6289
vn -0.7188 0.1899 0.6688
vn -0.6499 -0.0071 0.7600
vn -0.5941 0.1353 0.7930
vn -0.5028 -0.0537 0.8627
vn -0.4599 0.1288 0.8786
vn -0.3323 -0.0755 0.9401
vn -0.2876 0.1230 0.9498
vn -0.4862 -0.2521 0.8367
vn -0.3026 -0.2617 0.9165
vn -0.4636 -0.4295 0.7749
vn -0.3036 -0.4514 0.8391
vn -0.4391 -0.5942 0.6739
vn -0.2648 -0.6076 0.7488
vn -0.1102 -0.4475 0.8874
vn -0.0855 -0.6106 0.7873
vn 0.0896 -0.4728 0.8766
vn 0.0879 -0.6345 0.7679
vn 0.0648 -0.7662 0.6393
vn -0.0744 -0.7583 0.6476
vn -0.2426 -0.7575 0.6060
vn -0.3882 -0.7426 0.5457
vn -0.5233 -0.7176 0.4596
vn -0.5960 -0.5598 0.5757
vn -0.6466 -0.6727 0.3596
vn -0.7384 -0.5241 0.4244
vn -0.8154 -0.5011 0.2900
vn -0.7263 -0.6568 0.2028
vn -0.8779 -0.4614 0.1282
vn -0.7868 -0.6139 0.0636
vn -0.8994 -0.4366 -0.0204
vn -0.8153 -0.5709 -0.0965
vn -0.9035 -0.3776 -0.2026
vn -0.8040 -0.5471 -0.2331
vn -0.7852 -0.4806 -0.3906
vn -0.8844 -0.3011 -0.3568
vn -0.8022 -0.2635 -0.5358
vn -0.7075 -0.4413 -0.5519
vn -0.6927 -0.2306 -0.6833
vn -0.6101 -0.4027 -0.6824
vn -0.5549 -0.1933 -0.8092
vn -0.4929 -0.3704 -0.7873
vn -0.4057 -0.1555 -0.9007
vn -0.3554 -0.3453 -0.8686
vn -0.2336 -0.1336 -0.9631
vn -0.2033 -0.3294 -0.9220
vn -0.0597 -0.1578 -0.9857
vn -0.0482 -0.3377 -0.9400
vn 0.1057 -0.3087 -0.9453
vn 0.1160 -0.1136 -0.9867
vn 0.2663 -0.3160 -0.9106
vn 0.2876 -0.1230 -0.9498
vn 0.1524 0.0764 -0.9854
vn 0.3323 0.0755 -0.9401
vn 0.3026 0.2617 -0.9165
vn 0.1174 0.2763 -0.9539
vn -0.0692 0.0779 -0.9946
vn -0.0772 0.2981 -0.9514
vn -0.2744 0.2495 -0.9287
vn -0.2942 0.0522 -0.9543
vn -0.4555 0.2223 -0.8620
vn -0.4630 0.0321 -0.8858
vn -0.6227 0.1926 -0.7584
vn -0.6287 0.0016 -0.7776
vn -0.7592 0.1562 -0.6319
vn -0.7548 -0.0392 -0.6548
vn -0.8687 0.1087 -0.4833
vn -0.8670 -0.0652 -0.4941
vn -0.9524 0.0580 -0.2993
vn -0.9274 -0.1391 -0.3473
vn -0.9914 0.0069 -0.1303
vn -0.9695 -0.1840 -0.1620
vn -0.9947 -0.0828 0.0606
vn -0.9620 -0.2728 0.0077
vn -0.9386 -0.2884 0.1894
vn -0.9617 -0.1048 0.2533
vn -0.8679 -0.3350 0.3667
vn -0.8916 -0.1470 0.4282
vn -0.7603 -0.3784 0.5280
vn -0.7857 -0.1955 0.5870
vn -0.6293 -0.3742 0.6811
vn -0.6420 -0.1934 0.7419
vn 0.8679 0.3351 -0.3667
vn 0.8152 0.5012 -0.2903
vn 0.9386 0.2884 -0.1894
vn 0.8779 0.4613 -0.1281
vn 0.9620 0.2728 -0.0077
vn 0.8994 0.4366 0.0204
vn 0.9035 0.3776 0.2026
vn 0.9695 0.1840 0.1620
vn 0.8844 0.3011 0.3568
vn 0.9274 0.1391 0.3473
vn 0.8021 0.2635 0.5359
vn 0.7548 0.0392 0.6548
vn 0.8670 0.0652 0.4941
vn 0.6927 0.2306 0.6833
vn 0.8687 -0.1088 0.4833
vn 0.8584 -0.2883 0.4243
vn 0.7592 -0.1562 0.6319
vn 0.7490 -0.3325 0.5731
vn 0.8035 -0.4750 0.3587
vn 0.6958 -0.5076 0.5081
vn 0.6503 -0.6617 0.3732
vn 0.9947 0.0828 -0.0606
vn 0.9617 0.1048 -0.2534
vn 0.9495 -0.0863 -0.3017
vn 0.8916 0.1471 -0.4282
vn 0.8766 -0.0356 -0.4799
vn 0.1610 0.4976 0.8524
vn 0.0304 0.5228 0.8519
vn -0.0841 -0.9887 0.1242
vn -0.0078 -0.9920 0.1258
vn -0.0307 -0.9509 0.3079
vn -0.0478 -0.9983 -0.0346
vn -0.1496 -0.9848 0.0884
vn -0.1419 -0.9421 0.3039
vn 0.0715 -0.9448 0.3196
vn 0.0665 -0.9879 0.1399
vn 0.1891 -0.9352 0.2993
vn 0.1457 -0.9828 0.1133
vn 0.0130 -0.9991 -0.0395
vn 0.0597 -0.9967 -0.0542
vn 0.0994 -0.9934 -0.0576
vn 0.0325 -0.9631 -0.2672
vn 0.1356 -0.9882 -0.0717
vn 0.2178 -0.9710 0.0986
vn 0.2777 -0.9590 0.0558
vn 0.3807 -0.9036 0.1962
vn 0.2888 -0.9221 0.2575
vn 0.4596 -0.8801 0.1188
vn 0.3368 -0.9415 -0.0132
vn 0.3833 -0.9212 -0.0666
vn 0.5653 -0.8223 -0.0651
vn 0.4103 -0.9013 -0.1388
vn 0.5835 -0.7939 -0.1711
vn 0.4276 -0.8796 -0.2085
vn 0.5612 -0.7844 -0.2642
vn 0.3972 -0.8740 -0.2799
vn 0.4156 -0.8463 -0.3333
vn 0.5676 -0.7438 -0.3531
vn 0.3901 -0.8301 -0.3985
vn 0.3445 -0.8165 -0.4634
vn 0.4742 -0.6954 -0.5401
vn 0.2947 -0.7967 -0.5276
vn 0.3975 -0.6656 -0.6316
vn 0.2219 -0.7892 -0.5727
vn 0.2961 -0.6341 -0.7143
vn 0.1620 -0.7812 -0.6028
vn 0.1836 -0.6511 -0.7364
vn 0.0857 -0.7753 -0.6257
vn 0.0744 -0.6451 -0.7605
vn 0.0095 -0.7762 -0.6304
vn -0.0775 -0.7759 -0.6260
vn -0.1178 -0.6614 -0.7408
vn -0.1467 -0.7883 -0.5976
vn -0.2204 -0.6652 -0.7133
vn -0.2103 -0.8044 -0.5557
vn -0.3130 -0.6869 -0.6559
vn -0.2672 -0.8223 -0.5024
vn -0.3949 -0.7041 -0.5901
vn -0.3175 -0.8413 -0.4374
vn -0.4655 -0.7323 -0.4971
vn -0.3459 -0.8572 -0.3815
vn -0.5072 -0.7593 -0.4076
vn -0.3700 -0.8789 -0.3012
vn -0.5285 -0.7929 -0.3032
vn -0.3802 -0.8977 -0.2229
vn -0.5394 -0.8201 -0.1910
vn -0.3602 -0.9188 -0.1613
vn -0.5179 -0.8515 -0.0816
vn -0.3290 -0.9401 -0.0894
vn -0.4846 -0.8746 0.0135
vn -0.2847 -0.9586 -0.0005
vn -0.4327 -0.8926 0.1262
vn -0.3300 -0.9241 0.1926
vn -0.2173 -0.9750 0.0470
vn -0.2474 -0.9361 0.2502
vn -0.0856 -0.9931 -0.0806
vn -0.1213 -0.9872 -0.1033
vn -0.1200 -0.9813 -0.1506
vn -0.1710 -0.9720 -0.1611
vn -0.1812 -0.9652 -0.1885
vn -0.2123 -0.9466 -0.2429
vn -0.1930 -0.9363 -0.2933
vn -0.1819 -0.9212 -0.3440
vn -0.1588 -0.9128 -0.3762
vn -0.1338 -0.9023 -0.4098
vn -0.1069 -0.8892 -0.4450
vn -0.0664 -0.8860 -0.4588
vn -0.0241 -0.8812 -0.4722
vn 0.0203 -0.8742 -0.4852
vn 0.0644 -0.8731 -0.4833
vn 0.1071 -0.8783 -0.4660
vn 0.1500 -0.8816 -0.4475
vn 0.1766 -0.8878 -0.4250
vn 0.1836 -0.9044 -0.3853
vn 0.2251 -0.9034 -0.3650
vn 0.2464 -0.9120 -0.3279
vn 0.2509 -0.9236 -0.2899
vn 0.2550 -0.9333 -0.2528
vn 0.2509 -0.9487 -0.1926
vn 0.2289 -0.9589 -0.1675
vn 0.2103 -0.9699 -0.1224
vn 0.1802 -0.9788 -0.0978
vn -0.1623 -0.7615 0.6275
vn -0.0484 -0.6675 0.7430
vn -0.5336 -0.6567 0.5329
vn -0.9698 -0.1713 -0.1733
vn -0.0063 -0.5242 0.8516
vn -0.7676 -0.6383 0.0581
vn -0.2604 -0.4283 0.8653
vn 0.0562 -0.3351 0.9405
vn 0.1074 -0.6923 0.7136
vn 0.1962 -0.5324 0.8235
vn 0.2702 -0.3562 0.8945
vn 0.2704 -0.7059 0.6547
vn 0.3766 -0.5691 0.7310
vn 0.1218 -0.1091 0.9865
vn 0.3672 -0.1700 0.9145
vn 0.4523 -0.3932 0.8005
vn 0.5448 -0.2102 0.8118
vn 0.5573 -0.0060 0.8303
vn 0.3776 0.0404 0.9251
vn 0.5828 0.1921 0.7896
vn 0.4048 0.2379 0.8829
vn 0.1803 0.1232 0.9759
vn 0.2247 0.3286 0.9174
vn 0.0217 0.3372 0.9412
vn -0.0378 0.1480 0.9883
vn -0.6514 0.2717 0.7084
vn -0.7275 0.3226 0.6056
vn -0.1319 -0.0306 0.9908
vn -0.8325 0.3020 0.4644
vn -0.2255 -0.2359 0.9453
vn -0.9389 0.2543 0.2321
vn -0.9033 -0.0557 0.4255
vn -0.0863 0.5410 0.8366
vn -0.2511 0.6169 0.7459
vn -0.5788 -0.4460 0.6827
vn -0.3915 0.6038 0.6944
vn -0.5871 -0.6709 0.4530
vn -0.8196 -0.3579 0.4474
vn -0.4489 0.6908 0.5668
vn -0.6137 0.5942 0.5199
vn -0.7336 -0.6596 0.1633
vn -0.5617 0.6796 0.4719
vn -0.3584 0.7749 0.5206
vn -0.4489 0.8045 0.3891
vn -0.2222 0.8803 0.4191
vn -0.2899 0.9017 0.3207
vn -0.0811 0.9460 0.3137
vn -0.1126 0.9598 0.2572
vn 0.0731 0.9746 0.2118
vn 0.0412 0.9838 0.1747
vn 0.2607 0.9626 0.0742
vn 0.1061 0.9655 0.2378
vn 0.1390 0.9546 0.2634
vn 0.1823 0.9443 0.2739
vn 0.2236 0.9325 0.2835
vn 0.2816 0.9127 0.2962
vn 0.3359 0.9034 0.2665
vn 0.3732 0.8948 0.2449
vn 0.4113 0.8841 0.2219
vn 0.4368 0.8798 0.1874
vn 0.4613 0.8740 0.1527
vn 0.4820 0.8695 0.1076
vn 0.4835 0.8720 0.0765
vn 0.4516 0.8912 0.0428
vn 0.4739 0.8806 -0.0009
vn 0.4650 0.8848 -0.0305
vn 0.4342 0.8983 -0.0672
vn 0.4022 0.9108 -0.0930
vn 0.3693 0.9217 -0.1186
vn 0.3271 0.9362 -0.1289
vn 0.2859 0.9482 -0.1384
vn 0.2263 0.9622 -0.1516
vn 0.1736 0.9773 -0.1213
vn 0.1362 0.9856 -0.0998
vn 0.0970 0.9923 -0.0772
vn 0.0715 0.9965 -0.0427
vn 0.0460 0.9989 -0.0082
vn 0.0241 0.9990 0.0365
vn 0.0230 0.9974 0.0677
vn 0.0586 0.9930 0.1026
vn 0.0325 0.9889 0.1451
vn -0.1504 0.9719 0.1809
vn -0.1126 0.9598 0.2573
vn -0.3228 0.9167 0.2357
vn -0.4964 0.8237 0.2740
vn -0.4488 0.8045 0.3891
vn -0.5895 0.7492 0.3020
vn -0.5844 0.2928 0.7568
vn -0.7337 -0.6596 0.1632
vn -0.6499 0.7425 0.1623
vn -0.8082 0.5715 0.1421
vn -0.5399 0.2355 0.8081
vn -0.8893 0.4358 0.1388
vn -0.3280 0.0160 0.9445
vn -0.5530 -0.0519 0.8316
vn -0.9914 0.0345 0.1262
vn -0.6051 -0.1905 0.7730
vn -0.9832 -0.1497 0.1048
vn -0.5398 -0.3409 0.7697
vn -0.9405 -0.3303 0.0796
vn -0.4119 -0.4660 0.7831
vn -0.8654 -0.4984 0.0517
vn -0.0745 -0.5185 0.8518
vn -0.7502 -0.6610 0.0196
vn 0.5099 -0.6850 0.5204
vn 0.7559 -0.6413 -0.1316
vn 0.4756 -0.8797 0.0052
vn -0.7708 -0.6333 -0.0693
vn -0.7600 -0.6296 -0.1610
vn -0.7208 -0.6359 -0.2757
vn -0.6740 -0.6505 -0.3502
vn 0.2124 -0.8681 0.4486
vn -0.5976 -0.6724 -0.4368
vn -0.5027 -0.6947 -0.5144
vn -0.0320 -0.8300 0.5568
vn -0.4074 -0.7259 -0.5541
vn -0.2197 -0.9161 0.3355
vn -0.2844 -0.7385 -0.6114
vn -0.1598 -0.7901 -0.5918
vn -0.2719 -0.7582 0.5926
vn -0.0543 -0.8109 -0.5826
vn 0.0571 -0.8420 -0.5364
vn -0.5372 -0.6665 0.5169
vn 0.1554 -0.8654 -0.4764
vn 0.2190 -0.8878 -0.4048
vn -0.8151 -0.5711 -0.0967
vn 0.2547 -0.9182 -0.3032
vn -0.6961 -0.6937 -0.1851
vn 0.2885 -0.9318 -0.2201
vn 0.2527 -0.9593 -0.1263
vn -0.8920 -0.4515 -0.0230
vn -0.3239 -0.9445 -0.0557
vn 0.2930 -0.9542 -0.0605
vn -0.5770 -0.8167 0.0018
vn 0.2867 -0.9571 0.0420
vn -0.6293 -0.7761 -0.0406
vn 0.2630 -0.9566 0.1256
vn 0.2297 -0.9530 0.1977
vn -0.9133 -0.4014 0.0688
vn 0.1295 -0.9262 0.3541
vn 0.1499 -0.8534 0.4993
vn -0.7939 -0.5945 -0.1274
vn 0.3107 -0.8428 0.4396
vn 0.3868 -0.7365 0.5549
vn 0.5257 -0.7404 0.4189
vn 0.5184 -0.6006 0.6088
vn 0.6522 -0.5840 0.4834
vn 0.6122 -0.4231 0.6680
vn 0.7512 -0.4085 0.5185
vn 0.6992 -0.2413 0.6730
vn 0.8031 -0.2589 0.5366
vn 0.8340 -0.1027 0.5421
vn 0.7154 -0.0420 0.6974
vn 0.8379 0.1017 0.5362
vn 0.7258 0.1651 0.6678
vn 0.8096 0.3078 0.4998
vn 0.6824 0.3548 0.6391
vn 0.6627 0.5145 0.5441
vn 0.5486 0.5428 0.6359
vn 0.5626 0.3728 0.7379
vn 0.4127 0.4346 0.8005
vn 0.3999 0.6032 0.6901
vn 0.2551 0.4976 0.8291
vn 0.2741 0.6328 0.7241
vn 0.1456 0.6691 0.7288
vn 0.0856 0.5193 0.8503
vn -0.0364 0.6983 0.7149
vn 0.1598 0.7901 0.5918
vn 0.0558 0.8205 0.5689
vn -0.1353 0.7583 0.6377
vn -0.0088 0.8607 0.5091
vn -0.1581 0.8568 0.4909
vn -0.2612 0.7510 0.6064
vn 0.0451 0.9156 0.3996
vn -0.0189 0.9310 0.3645
vn 0.1204 0.8960 0.4275
vn 0.2029 0.8715 0.4464
vn 0.2876 0.8424 0.4557
vn 0.2844 0.7385 0.6113
vn 0.4074 0.7260 0.5541
vn 0.3696 0.8283 0.4210
vn 0.5028 0.6947 0.5144
vn 0.4447 0.8119 0.3781
vn 0.5976 0.6724 0.4368
vn 0.5091 0.7953 0.3291
vn 0.6740 0.6504 0.3502
vn 0.5600 0.7810 0.2765
vn 0.7208 0.6359 0.2757
vn 0.6049 0.7683 0.2094
vn 0.7600 0.6296 0.1611
vn 0.6219 0.7694 0.1455
vn 0.7708 0.6332 0.0694
vn 0.6380 0.7676 0.0610
vn 0.7502 0.6610 -0.0195
vn 0.6053 0.7959 0.0133
vn 0.6248 0.7795 -0.0458
vn 0.7481 0.6536 -0.1146
vn 0.5890 0.7990 -0.1216
vn 0.7155 0.6695 -0.1995
vn 0.5571 0.8111 -0.1782
vn 0.6501 0.6993 -0.2972
vn 0.4977 0.8368 -0.2281
vn 0.5871 0.7283 -0.3534
vn 0.4360 0.8608 -0.2626
vn 0.4927 0.7663 -0.4123
vn 0.3622 0.8858 -0.2900
vn 0.3827 0.8023 -0.4582
vn 0.2795 0.9091 -0.3090
vn 0.2815 0.8388 -0.4661
vn 0.1920 0.9281 -0.3191
vn 0.1487 0.8601 -0.4880
vn 0.0339 0.9029 -0.4284
vn 0.1127 0.9523 -0.2836
vn -0.0657 0.9185 -0.3899
vn 0.0380 0.9699 -0.2406
vn -0.1619 0.9359 -0.3128
vn -0.0279 0.9810 -0.1921
vn -0.2423 0.9432 -0.2273
vn -0.0812 0.9868 -0.1401
vn -0.2929 0.9437 -0.1538
vn -0.1289 0.9889 -0.0738
vn -0.3344 0.9416 -0.0398
vn -0.1455 0.9893 -0.0098
vn -0.3455 0.9370 0.0518
vn -0.1635 0.9838 0.0741
vn -0.3171 0.9376 0.1429
vn -0.1230 0.9846 0.1241
vn -0.4996 0.8521 0.1559
vn -0.5256 0.8499 0.0373
vn -0.5077 0.8571 -0.0873
vn -0.6752 0.7374 0.0202
vn -0.6603 0.7415 -0.1193
vn -0.8042 0.5944 0.0041
vn -0.7787 0.6065 -0.1608
vn -0.8986 0.4388 -0.0094
vn -0.8771 0.4415 -0.1890
vn -0.9631 0.2647 -0.0488
vn -0.9352 0.2709 -0.2278
vn -0.9721 0.0908 -0.2161
vn -0.9963 0.0781 -0.0372
vn -0.9710 -0.1035 -0.2156
vn -0.9933 -0.1040 -0.0497
vn -0.9381 -0.2840 -0.1984
vn -0.9543 -0.2930 -0.0593
vn -0.8655 -0.4639 -0.1892
vn -0.8822 -0.4665 -0.0643
vn -0.8194 -0.4802 -0.3130
vn -0.8919 -0.2979 -0.3402
vn -0.7548 -0.4883 -0.4379
vn -0.8096 -0.3078 -0.4998
vn -0.6627 -0.5145 -0.5441
vn -0.6824 -0.3548 -0.6391
vn -0.5486 -0.5428 -0.6359
vn -0.5626 -0.3728 -0.7379
vn -0.4126 -0.4346 -0.8006
vn -0.3999 -0.6032 -0.6901
vn -0.2551 -0.4976 -0.8291
vn -0.2741 -0.6328 -0.7241
vn -0.1456 -0.6691 -0.7288
vn -0.0856 -0.5193 -0.8503
vn 0.0223 -0.6907 -0.7228
vn 0.0863 -0.5410 -0.8366
vn 0.2224 -0.5893 -0.7767
vn 0.1566 -0.7268 -0.6688
vn 0.3897 -0.6186 -0.6822
vn 0.2755 -0.7553 -0.5946
vn 0.5075 -0.6607 -0.5531
vn 0.3681 -0.7879 -0.4936
vn 0.5923 -0.6806 -0.4312
vn 0.4489 -0.8045 -0.3891
vn 0.6404 -0.7062 -0.3018
vn 0.4964 -0.8237 -0.2740
vn 0.6500 -0.7424 -0.1623
vn 0.4996 -0.8521 -0.1559
vn 0.5257 -0.8499 -0.0373
vn 0.6752 -0.7374 -0.0202
vn 0.5076 -0.8571 0.0873
vn 0.6603 -0.7415 0.1193
vn 0.4548 -0.8657 0.2092
vn 0.6079 -0.7505 0.2594
vn 0.3902 -0.8580 0.3341
vn 0.7787 -0.6065 0.1608
vn 0.8772 -0.4414 0.1891
vn 0.8208 -0.4503 0.3514
vn 0.9353 -0.2709 0.2275
vn 0.8757 -0.2682 0.4014
vn 0.9216 -0.0781 0.3801
vn 0.9721 -0.0908 0.2161
vn 0.9222 0.1112 0.3703
vn 0.9710 0.1035 0.2156
vn 0.8919 0.2980 0.3403
vn 0.9381 0.2840 0.1984
vn 0.8194 0.4802 0.3130
vn 0.7549 0.4883 0.4379
vn 0.8655 0.4638 0.1892
vn 0.9543 0.2930 0.0593
vn 0.8822 0.4664 0.0643
vn 0.9405 0.3303 -0.0796
vn 0.8654 0.4984 -0.0517
vn 0.8530 0.4926 -0.1724
vn 0.9195 0.3241 -0.2224
vn 0.8067 0.5165 -0.2872
vn 0.8701 0.3449 -0.3521
vn 0.7327 0.5579 -0.3898
vn 0.7916 0.3879 -0.4722
vn 0.6402 0.5910 -0.4908
vn 0.6737 0.4296 -0.6014
vn 0.5260 0.6370 -0.5636
vn 0.5180 0.5020 -0.6925
vn 0.3940 0.6813 -0.6169
vn 0.3785 0.5377 -0.7534
vn 0.2196 0.6075 -0.7634
vn 0.2382 0.7480 -0.6195
vn 0.0615 0.6710 -0.7389
vn 0.1088 0.7809 -0.6151
vn -0.0160 0.8139 -0.5808
vn -0.1074 0.6922 -0.7136
vn -0.1769 0.8293 -0.5301
vn -0.2704 0.7059 -0.6547
vn -0.3868 0.7365 -0.5549
vn -0.2933 0.8493 -0.4389
vn -0.5257 0.7404 -0.4190
vn -0.3902 0.8580 -0.3341
vn -0.6078 0.7505 -0.2594
vn -0.4548 0.8657 -0.2092
vn -0.6522 0.5840 -0.4833
vn -0.8207 0.4504 -0.3515
vn -0.7512 0.4085 -0.5185
vn -0.8757 0.2682 -0.4015
vn -0.8032 0.2590 -0.5365
vn -0.8340 0.1027 -0.5421
vn -0.9216 0.0780 -0.3802
vn -0.8379 -0.1017 -0.5363
vn -0.9222 -0.1112 -0.3703
vn -0.7155 0.0419 -0.6974
vn -0.7258 -0.1651 -0.6678
vn -0.5573 0.0060 -0.8303
vn -0.5827 -0.1920 -0.7897
vn -0.3776 -0.0404 -0.9251
vn -0.4048 -0.2379 -0.8829
vn -0.1803 -0.1232 -0.9759
vn -0.2247 -0.3286 -0.9174
vn -0.0217 -0.3372 -0.9412
vn 0.0378 -0.1480 -0.9883
vn 0.1746 -0.3883 -0.9048
vn 0.2361 -0.1996 -0.9510
vn 0.3408 -0.4415 -0.8300
vn 0.4223 -0.2530 -0.8704
vn 0.5012 -0.4487 -0.7399
vn 0.5935 -0.2672 -0.7592
vn 0.6999 -0.3423 -0.6268
vn 0.6133 -0.5091 -0.6038
vn 0.7940 -0.3669 -0.4847
vn 0.7008 -0.5367 -0.4699
vn 0.8580 -0.4024 -0.3192
vn 0.7655 -0.5598 -0.3173
vn 0.8788 -0.4502 -0.1583
vn 0.7784 -0.6062 -0.1631
vn 0.8042 -0.5944 -0.0041
vn 0.8986 -0.4388 0.0094
vn 0.9577 -0.2482 -0.1456
vn 0.9631 -0.2647 0.0488
vn 0.9962 -0.0781 0.0372
vn 0.9914 -0.0345 -0.1262
vn 0.9933 0.1040 0.0498
vn 0.9832 0.1497 -0.1048
vn 0.9547 0.1386 -0.2634
vn 0.8931 0.1732 -0.4151
vn 0.9557 -0.0418 -0.2914
vn 0.8890 -0.0163 -0.4577
vn 0.9158 -0.2223 -0.3346
vn 0.8457 -0.1907 -0.4984
vn 0.8008 0.0302 -0.5981
vn 0.7462 -0.1521 -0.6481
vn 0.6763 0.0386 -0.7356
vn 0.6435 -0.1159 -0.7566
vn 0.5103 -0.0721 -0.8570
vn 0.5256 0.1282 -0.8410
vn 0.3280 -0.0160 -0.9446
vn 0.3411 0.1877 -0.9211
vn 0.1321 0.0406 -0.9904
vn 0.1452 0.2486 -0.9577
vn -0.1218 0.1091 -0.9865
vn -0.2702 0.3562 -0.8945
vn -0.0562 0.3351 -0.9405
vn -0.3672 0.1700 -0.9145
vn 0.1870 0.4331 -0.8818
vn 0.0063 0.5242 -0.8516
vn -0.1962 0.5324 -0.8235
vn -0.3765 0.5692 -0.7309
vn -0.4523 0.3933 -0.8004
vn -0.5184 0.6006 -0.6087
vn -0.6123 0.4231 -0.6679
vn -0.5448 0.2102 -0.8118
vn -0.6992 0.2413 -0.6730
vn 0.3808 0.3729 -0.8461
vn 0.5482 0.3242 -0.7710
vn 0.6869 0.2369 -0.6870
vn 0.8089 0.2128 -0.5482
vn 0.1010 0.9947 0.0197
vn -0.4294 0.7624 0.4841
vn -0.7134 0.6622 0.2294
vn -0.8321 -0.3238 0.4503
vn -0.8260 0.3740 0.4218
vn -0.5453 0.5926 -0.5928
vn -0.7135 0.6622 0.2290
vn -0.5998 0.3407 -0.7240
vn -0.8958 0.4432 -0.0332
vn -0.8260 0.3741 0.4216
vn -0.8958 0.4432 -0.0335
vn -0.6000 0.3409 -0.7238
vn -0.8277 0.5595 -0.0442
vn -0.7391 0.6667 -0.0960
vn -0.5455 0.5929 -0.5924
vn -0.0967 0.9788 -0.1808
vn 0.7360 0.6493 -0.1916
vn 0.5200 0.0752 -0.8509
vn 0.0161 0.0726 -0.9972
vn 0.9852 0.0051 -0.1716
vn 0.7308 0.6690 -0.1356
vn -0.0966 0.9787 -0.1811
vn -0.4979 0.8672 0.0093
vn -0.5933 0.7087 -0.3819
vn 0.8974 -0.3443 0.2760
vn -0.2661 -0.5073 0.8197
vn 0.1663 -0.1741 0.9706
vn 0.2263 0.0324 0.9735
vn 0.3925 -0.1451 0.9082
vn 0.4546 0.3248 0.8294
vn 0.6975 -0.1948 0.6896
vn 0.1663 -0.1745 0.9705
vn -0.1454 -0.6692 -0.7287
vn 0.3929 -0.1455 0.9080
vn 0.0362 -0.3060 -0.9513
vn 0.6973 -0.1947 0.6898
vn 0.3941 0.0464 -0.9179
vn 0.3942 0.0468 -0.9179
vn 0.4548 0.3253 0.8291
vn 0.1008 0.9947 0.0202
vn -0.0969 0.9787 -0.1811
vn -0.5454 0.5928 -0.5926
vn -0.4296 0.7622 0.4842
vn 0.1563 0.2577 0.9535
vn 0.3821 -0.0672 0.9217
vn 0.2878 -0.1220 0.9499
vn -0.1943 0.1839 0.9636
vn -0.2658 -0.5069 0.8200
vn -0.8321 -0.3237 0.4503
vn -0.8275 0.5598 -0.0442
vn -0.2971 -0.4384 0.8482
vn -0.8260 0.3739 0.4218
vn -0.1458 -0.6692 -0.7286
vn 0.1663 -0.1744 0.9705
vn -0.2973 -0.4386 0.8481
vn -0.1727 -0.0906 -0.9808
vn -0.1456 -0.6693 -0.7286
vn 0.0358 -0.3056 -0.9515
vn 0.1727 0.0906 0.9808
vn 0.3940 0.0466 -0.9179
vn 0.3821 -0.0669 0.9217
vn 0.1566 0.2576 0.9535
vn 0.2433 0.0197 0.9698
vn -0.1155 0.3766 0.9192
vn -0.1941 0.1836 0.9637
vn 0.2874 -0.1219 0.9500
vn 0.1566 0.2579 0.9534
vn 0.1013 0.9947 0.0200
vn -0.1158 0.3769 0.9190
vn -0.7209 0.6074 0.3338
vn -0.1946 0.1837 0.9635
vn -0.8321 -0.3239 0.4501
vn 0.4548 0.3250 0.8292
vn 0.3823 -0.0670 0.9216
vn 0.2261 0.0326 0.9736
vn 0.2430 0.0199 0.9698
vn -0.2662 -0.5069 0.8199
vn 0.2875 -0.1222 0.9499
vn 0.2933 -0.9541 -0.0606
vn -0.5278 -0.6636 -0.5301
vn -0.1802 -0.7438 -0.6436
vn -0.4155 -0.4489 -0.7912
vn -0.8128 0.5801 0.0535
vn -0.8475 0.4805 -0.2256
vn -0.4153 -0.4487 -0.7913
vn -0.5390 0.2889 -0.7912
vn -0.1802 -0.7440 -0.6434
vn 0.0835 -0.4091 -0.9087
vn 0.0159 0.0724 -0.9972
vn -0.5929 0.7088 -0.3822
vn -0.8476 0.4802 -0.2259
vn 0.5202 0.0753 -0.8507
vn 0.5622 -0.8266 -0.0264
vn -0.1804 -0.7436 -0.6438
vn 0.0837 -0.4095 -0.9085
vn 0.2930 -0.9542 -0.0604
vn 0.4523 -0.5213 0.7237
vn 0.8972 -0.3446 0.2761
vn 0.9852 0.0056 -0.1716
vn 0.5201 0.0750 -0.8508
vn 0.5333 -0.5017 0.6811
vn 0.8972 -0.3445 0.2763
vn 0.7307 0.6691 -0.1359
vn 0.4525 -0.5217 0.7233
vn -0.7209 0.6904 0.0608
vn -0.8129 0.5799 0.0535
vn -0.7390 0.6668 -0.0960
vn -0.8476 0.4804 -0.2254
vn -0.5931 0.7088 -0.3819
vn -0.4982 0.8670 0.0095
vn -0.0964 0.9787 -0.1812
vn -0.8274 0.5599 -0.0441
vn -0.8124 0.5201 -0.2636
vn -0.6559 0.5851 0.4769
vn -0.9969 0.0611 0.0498
vn -0.8064 -0.5082 0.3024
vn -0.0993 0.1875 0.9772
vn -0.3130 0.6244 0.7157
vn -0.4352 0.2430 0.8669
vn -0.2208 0.6045 0.7654
vn 0.0378 0.1681 0.9850
vn 0.0604 -0.1105 0.9920
vn -0.1782 -0.1479 0.9728
vn -0.5533 -0.0518 0.8314
vn -0.7215 0.5126 0.4656
vn -0.5868 -0.2990 0.7525
vn -0.9044 -0.2041 0.3747
vn -0.9463 0.3227 0.0201
vn -0.9975 -0.0456 0.0548
vn -0.9723 -0.0770 0.2206
vn -0.9555 0.1627 -0.2459
vn -0.9987 -0.0225 -0.0461
vn -0.9525 0.3029 0.0311
vn -0.9610 0.1754 -0.2138
vn -0.9766 0.1773 -0.1218
vn -0.9494 0.3133 0.0206
vn -0.9419 0.3161 -0.1134
vn -0.9632 0.2034 0.1757
vn -0.7823 0.2738 0.5595
vn -0.8943 0.2329 0.3820
vn -0.7604 0.0978 0.6421
vn -0.5234 0.0408 0.8511
vn -0.5807 -0.0038 0.8141
vn -0.3663 0.1108 0.9239
vn -0.6180 0.1433 0.7730
vn -0.4732 -0.1289 0.8715
vn -0.5314 0.1783 0.8282
vn -0.8226 0.2505 0.5105
vn -0.7225 -0.0774 0.6871
vn -0.9274 0.0425 0.3716
vn -0.8495 0.2949 0.4374
vn -0.9473 0.3020 0.1067
vn -0.9159 0.2016 0.3471
vn -0.9940 0.0947 0.0550
vn -0.9792 0.1563 0.1291
vn -0.9721 0.2344 0.0078
vn -0.9789 0.1954 0.0604
vn -0.8483 0.5266 -0.0544
vn -0.8105 0.5839 -0.0466
vn -0.6123 0.7783 -0.1387
vn -0.5802 0.7809 -0.2316
vn -0.3320 0.8876 -0.3192
vn -0.0116 0.8232 -0.5676
vn -0.0005 0.7901 -0.6130
vn 0.2799 0.6072 -0.7436
vn 0.3220 0.6298 -0.7069
vn 0.4798 0.4265 -0.7668
vn 0.4407 0.4195 -0.7936
vn 0.5864 0.3286 -0.7403
vn 0.4618 0.3296 -0.8234
vn 0.6852 0.2079 -0.6980
vn 0.8212 0.1629 -0.5469
vn 0.9187 0.0711 -0.3885
vn 0.8811 0.0848 -0.4653
vn 0.7061 0.2150 -0.6747
vn 0.6095 0.3072 -0.7308
vn 0.7576 0.3385 -0.5581
vn 0.7601 0.4553 -0.4637
vn 0.2804 0.6074 -0.7432
vn 0.6848 0.6796 -0.2630
vn 0.9643 0.2609 -0.0452
vn 0.9377 0.3475 0.0049
vn 0.8365 0.5251 0.1569
vn 0.9528 0.2786 -0.1203
vn 0.9239 0.3777 -0.0610
vn 0.8107 0.5793 0.0849
vn 0.8526 0.4037 -0.3319
vn 0.7927 0.5862 -0.1673
vn 0.5253 0.8480 0.0698
vn 0.5897 0.6302 -0.5051
vn 0.2958 0.7507 0.5907
vn 0.5911 0.7104 0.3819
vn 0.1204 0.8960 0.4274
vn -0.0602 0.9980 0.0208
vn 0.2543 0.9108 -0.3252
vn -0.3417 0.7834 0.5191
vn -0.5207 0.7991 0.3004
vn -0.7056 0.6908 -0.1579
vn -0.1211 0.8266 -0.5496
vn -0.4199 0.7856 -0.4545
vn -0.7606 0.3969 -0.5139
vn -0.9120 0.3122 -0.2662
vn -0.8186 0.5376 0.2022
vn -0.9717 0.1987 -0.1276
vn -0.8330 0.3264 0.4468
vn -0.5512 0.6266 0.5510
vn -0.3526 0.5273 0.7731
vn -0.0889 0.6523 0.7527
vn -0.2169 0.4563 0.8630
vn -0.0401 0.6715 0.7399
vn -0.6409 0.6095 0.4666
vn -0.2939 0.8955 0.3344
vn 0.2546 0.7815 0.5696
vn 0.0610 0.9749 0.2140
vn 0.5555 0.7693 0.3156
vn 0.3080 0.9435 -0.1221
vn -0.3318 0.8879 -0.3187
vn -0.0112 0.8235 -0.5672
vn -0.6122 0.7785 -0.1382
vn -0.8483 0.5268 -0.0538
vn -0.9788 0.1954 0.0610
vn -0.9792 0.1563 0.1297
vn -0.6932 0.2061 0.6906
vn -0.7889 0.1568 0.5941
vn -0.4746 -0.0619 0.8780
vn -0.2918 0.1921 0.9370
vn -0.6108 -0.1025 0.7851
vn -0.5051 0.2667 0.8208
vn -0.6897 -0.0755 0.7201
vn -0.9287 -0.1810 0.3236
vn -0.9753 -0.2209 -0.0081
vn -0.9527 -0.0263 0.3029
vn -0.9789 -0.1371 -0.1514
vn -0.9778 0.1984 -0.0672
vn -0.9593 0.2203 0.1765
vn -0.8250 0.2161 0.5222
vn -0.9122 0.0575 0.4058
vn -0.7931 0.0605 0.6061
vn -0.6844 0.2823 0.6722
vn -0.8120 0.0941 0.5761
vn -0.7637 0.3595 0.5363
vn -0.6495 0.1914 0.7359
vn -0.7279 0.2434 0.6410
vn -0.9054 0.3641 0.2185
vn -0.9029 0.4040 0.1472
vn -0.9585 0.1192 0.2591
vn -0.9011 0.1491 0.4073
vn -0.8203 0.1101 0.5613
vn -0.7560 0.5268 0.3884
vn -0.7760 0.4912 0.3956
vn -0.7278 0.5853 0.3574
vn -0.7690 0.5788 0.2712
vn -0.8472 0.3779 0.3733
vn -0.8711 0.3925 0.2950
vn -0.8648 0.3231 0.3843
vn -0.8993 0.3319 0.2848
vn -0.8826 0.3166 0.3476
vn -0.8551 0.3087 0.4166
vn -0.8869 0.2514 0.3877
vn -0.8491 0.2832 0.4459
vn -0.9157 0.1459 0.3744
vn -0.8418 0.2572 0.4746
vn -0.9176 0.0089 0.3975
vn -0.8232 0.2040 0.5298
vn -0.8550 -0.1151 0.5056
vn -0.7802 0.1296 0.6120
vn -0.7810 -0.2123 0.5874
vn -0.7530 0.0306 0.6573
vn -0.6740 -0.3301 0.6609
vn -0.5637 -0.2616 0.7835
vn -0.4040 -0.3833 0.8306
vn -0.6388 -0.2980 0.7093
vn -0.4238 -0.2100 0.8811
vn -0.5992 -0.3833 0.7028
vn -0.2789 -0.4671 0.8391
vn -0.3656 -0.7631 0.5329
vn -0.3101 -0.8085 0.5002
vn -0.1213 -0.6365 0.7617
vn -0.1327 -0.8530 0.5048
vn 0.1820 -0.6309 0.7542
vn 0.2468 -0.8989 0.3621
vn 0.3951 -0.6669 0.6318
vn 0.5879 -0.7207 0.3674
vn 0.3834 -0.9085 0.1665
vn 0.7775 -0.5901 0.2175
vn 0.4967 -0.8464 0.1918
vn 0.8302 -0.5535 -0.0660
vn 0.9365 -0.3438 -0.0698
vn 0.9022 -0.3327 -0.2744
vn 0.8333 -0.4461 -0.3265
vn 0.8144 -0.3338 -0.4748
vn 0.7187 -0.4585 -0.5227
vn 0.7090 -0.3310 -0.6227
vn 0.6272 -0.3938 -0.6719
vn 0.5243 -0.3323 -0.7840
vn 0.6316 -0.2935 -0.7176
vn 0.4103 -0.2783 -0.8684
vn 0.5438 -0.2652 -0.7962
vn 0.3703 -0.3404 -0.8643
vn 0.5201 -0.2865 -0.8046
vn 0.3861 -0.3938 -0.8342
vn 0.5231 -0.3169 -0.7912
vn 0.4005 -0.3671 -0.8395
vn 0.5067 -0.2818 -0.8148
vn 0.4705 -0.1985 -0.8598
vn 0.3315 -0.1647 -0.9290
vn 0.4150 -0.0893 -0.9054
vn 0.4503 0.1215 -0.8846
vn 0.4143 0.1441 -0.8987
vn 0.6008 0.3538 -0.7169
vn 0.5475 0.4540 -0.7029
vn 0.4473 0.2468 -0.8597
vn 0.4716 -0.0599 -0.8798
vn 0.4150 -0.0894 -0.9054
vn 0.5444 -0.1826 -0.8187
vn 0.4704 -0.1985 -0.8598
vn 0.5896 -0.2380 -0.7719
vn 0.5067 -0.2819 -0.8148
vn 0.6162 -0.2606 -0.7433
vn 0.6453 -0.2293 -0.7288
vn 0.5203 -0.2864 -0.8045
vn 0.6742 -0.2126 -0.7073
vn 0.5439 -0.2652 -0.7961
vn 0.6999 -0.2471 -0.6701
vn 0.6316 -0.2935 -0.7175
vn 0.7836 -0.2869 -0.5511
vn 0.8143 -0.3338 -0.4748
vn 0.8697 -0.2901 -0.3992
vn 0.9265 -0.2985 -0.2291
vn 0.9365 -0.3437 -0.0698
vn 0.9524 -0.3040 -0.0210
vn 0.9282 -0.3203 0.1891
vn 0.7779 -0.5896 0.2176
vn 0.7950 -0.4006 0.4555
vn 0.5882 -0.7203 0.3678
vn 0.5626 -0.4527 0.6918
vn 0.3954 -0.6665 0.6321
vn 0.2922 -0.4464 0.8458
vn 0.1823 -0.6305 0.7545
vn 0.0823 -0.3486 0.9337
vn -0.1210 -0.6361 0.7621
vn -0.2787 -0.4666 0.8394
vn -0.1824 -0.1823 0.9662
vn -0.4236 -0.2099 0.8812
vn -0.2160 -0.2756 0.9367
vn -0.4037 -0.3833 0.8307
vn -0.2468 -0.3366 0.9087
vn -0.5636 -0.2610 0.7837
vn -0.5629 0.0162 0.8264
vn -0.7528 0.0311 0.6575
vn -0.6828 0.2024 0.7020
vn -0.7801 0.1298 0.6121
vn -0.7059 0.2231 0.6722
vn -0.7466 0.2494 0.6168
vn -0.7834 0.2869 0.5513
vn -0.8136 0.3086 0.4928
vn -0.8328 0.3142 0.4558
vn -0.8498 0.3071 0.4285
vn -0.8176 0.4094 0.4050
vn -0.6877 0.5985 0.4110
vn -0.7560 0.5268 0.3885
vn -0.9013 0.1491 0.4068
vn -0.9621 0.0863 0.2588
vn -0.9586 0.1192 0.2585
vn -0.9756 0.0407 0.2157
vn -0.9190 0.3363 0.2056
vn -0.9029 0.4040 0.1466
vn -0.9055 0.3641 0.2180
vn -0.9273 -0.0102 0.3742
vn -0.8925 -0.0357 0.4497
vn -0.8156 -0.0511 0.5764
vn -0.6462 -0.0218 0.7628
vn -0.7435 0.1158 0.6587
vn -0.5624 0.1497 0.8132
vn -0.8266 0.3124 0.4681
vn -0.9214 0.3823 0.0694
vn -0.8679 0.2439 0.4327
vn -0.9607 0.1567 0.2290
vn -0.7299 0.3919 0.5601
vn -0.6921 0.4108 0.5935
vn -0.5733 0.5595 0.5986
vn -0.6181 0.5674 0.5441
vn -0.7298 0.3781 0.5696
vn -0.6463 0.5843 0.4908
vn -0.7747 0.4537 0.4405
vn -0.7688 0.4400 0.4640
vn -0.7202 0.4312 0.5435
vn -0.8312 0.2773 0.4819
vn -0.7952 0.2531 0.5511
vn -0.8190 0.2855 0.4977
vn -0.7902 0.2763 0.5471
vn -0.7625 0.2421 0.6000
vn -0.7555 0.2524 0.6045
vn -0.7404 0.2097 0.6386
vn -0.7278 0.2432 0.6412
vn -0.6956 0.2197 0.6840
vn -0.6854 0.1661 0.7090
vn -0.6718 0.1989 0.7135
vn -0.5729 0.0924 0.8144
vn -0.5541 0.1099 0.8252
vn -0.2514 -0.0729 0.9651
vn -0.2429 -0.1579 0.9571
vn -0.0746 -0.1799 0.9809
vn -0.0658 -0.3054 0.9499
vn -0.0812 -0.2232 0.9714
vn -0.1273 -0.2393 0.9626
vn 0.0464 -0.3030 0.9519
vn 0.0719 -0.2841 0.9561
vn 0.3381 -0.3952 0.8541
vn 0.3324 -0.3406 0.8795
vn 0.6242 -0.3854 0.6796
vn 0.6576 -0.4465 0.6068
vn 0.8336 -0.3669 0.4129
vn 0.8301 -0.4264 0.3592
vn 0.9164 -0.3422 0.2075
vn 0.8955 -0.4061 0.1820
vn 0.9456 -0.3252 0.0011
vn 0.9451 -0.2868 -0.1567
vn 0.9355 -0.3531 -0.0077
vn 0.9438 -0.2766 -0.1811
vn 0.9431 -0.3252 -0.0699
vn 0.9093 -0.3999 0.1150
vn 0.9330 -0.3529 0.0713
vn 0.8611 -0.4132 0.2961
vn 0.6906 -0.4389 0.5748
vn 0.6336 -0.4693 0.6151
vn 0.4152 -0.3815 0.8258
vn 0.3869 -0.4128 0.8246
vn 0.0861 -0.2359 0.9680
vn 0.0916 -0.2818 0.9551
vn -0.0953 -0.1433 0.9851
vn -0.1709 -0.0609 0.9834
vn -0.0903 -0.0819 0.9925
vn -0.1797 0.0268 0.9833
vn -0.1919 0.0193 0.9812
vn -0.2221 0.1943 0.9555
vn -0.4958 0.1933 0.8467
vn -0.3859 0.3778 0.8417
vn -0.6281 0.2644 0.7318
vn -0.5007 0.4800 0.7204
vn -0.6659 0.3042 0.6812
vn -0.6912 0.3680 0.6219
vn -0.5732 0.5595 0.5987
vn -0.6920 0.3966 0.6032
vn -0.7788 0.3371 0.5289
vn -0.9555 -0.0491 0.2908
vn -0.7992 -0.2467 0.5482
vn -0.6219 0.2213 0.7511
vn -0.5182 -0.0102 0.8552
vn -0.3738 -0.3600 0.8548
vn -0.5693 -0.4624 0.6798
vn -0.3587 -0.0443 0.9324
vn -0.2038 -0.4709 0.8583
vn -0.4926 -0.3520 0.7959
vn -0.8735 -0.0897 0.4785
vn -0.5983 -0.0649 0.7987
vn -0.8848 0.2181 0.4118
vn -0.9587 0.2396 0.1530
vn -0.6733 -0.2419 0.6987
vn -0.3456 -0.3088 0.8861
vn -0.3179 -0.3818 0.8678
vn -0.0352 -0.3194 0.9470
vn 0.3011 -0.3049 0.9035
vn 0.2570 -0.4314 0.8648
vn -0.0955 -0.4112 0.9065
vn 0.2148 -0.4543 0.8646
vn -0.2262 -0.3259 0.9179
vn -0.0627 -0.4235 0.9037
vn 0.1634 -0.4155 0.8948
vn -0.1004 -0.4232 0.9004
vn 0.1253 -0.3448 0.9303
vn 0.1000 -0.2522 0.9625
vn -0.1992 -0.1088 0.9739
vn 0.4422 -0.3504 0.8256
vn 0.4661 -0.3707 0.8033
vn 0.7417 -0.3815 0.5517
vn 0.7504 -0.3575 0.5559
vn 0.8952 -0.3660 0.2545
vn 0.9151 -0.3222 0.2423
vn 0.9527 -0.3009 0.0422
vn 0.9699 -0.2433 -0.0097
vn 0.9666 -0.2073 -0.1506
vn 0.9581 -0.2695 -0.0970
vn 0.9517 -0.1929 -0.2387
vn 0.9450 -0.2484 -0.2127
vn 0.9262 -0.1860 -0.3280
vn 0.9298 -0.2197 -0.2953
vn 0.8973 -0.1811 -0.4025
vn 0.9063 -0.2487 -0.3418
vn 0.8548 -0.2164 -0.4716
vn 0.8545 -0.1607 -0.4940
vn 0.7993 -0.1835 -0.5723
vn 0.7667 -0.1712 -0.6188
vn 0.8197 -0.1689 -0.5473
vn 0.7310 -0.2064 -0.6505
vn 0.7915 -0.1804 -0.5840
vn 0.6956 -0.2197 -0.6840
vn 0.7629 -0.1933 -0.6170
vn 0.6544 -0.2190 -0.7237
vn 0.7137 -0.2130 -0.6673
vn 0.5827 -0.1953 -0.7889
vn 0.6405 -0.2013 -0.7411
vn 0.4931 -0.0550 -0.8682
vn 0.5189 -0.0632 -0.8525
vn 0.3628 0.2506 -0.8976
vn 0.2732 0.2667 -0.9243
vn 0.2873 0.5189 -0.8051
vn 0.0764 0.4594 -0.8850
vn 0.0039 0.4231 -0.9061
vn 0.5031 0.5831 -0.6379
vn 0.2239 0.2616 -0.9388
vn 0.0270 0.2974 -0.9544
vn -0.2020 0.1852 -0.9617
vn -0.0121 0.1076 -0.9941
vn -0.3221 -0.0221 -0.9464
vn -0.2351 0.2261 -0.9453
vn 0.0747 0.0165 -0.9971
vn -0.2634 -0.0856 -0.9609
vn -0.4774 0.2060 -0.8542
vn -0.5860 -0.0885 -0.8054
vn -0.5893 -0.1321 -0.7970
vn -0.7504 0.3575 -0.5559
vn -0.8432 -0.0853 -0.5309
vn -0.2081 0.0277 -0.9777
vn -0.6028 0.0256 -0.7975
vn -0.8669 -0.0957 -0.4892
vn -0.1833 0.2301 -0.9557
vn -0.6382 0.2070 -0.7415
vn -0.8740 0.0399 -0.4843
vn -0.1896 0.4562 -0.8694
vn -0.4905 0.5336 -0.6890
vn -0.8741 0.1622 -0.4578
vn -0.9292 0.1067 -0.3538
vn -0.9304 -0.0050 -0.3665
vn -0.9468 -0.1453 -0.2870
vn -0.9689 0.0631 -0.2395
vn -0.8941 0.3971 -0.2071
vn -0.5680 0.8221 0.0397
vn -0.8953 0.4452 0.0133
vn -0.7452 0.6029 0.2848
vn -0.9478 0.1333 0.2896
vn -0.8142 0.1892 0.5489
vn -0.9221 -0.0143 0.3866
vn -0.9222 -0.0143 0.3866
vn -0.8858 0.3287 0.3277
vn -0.8494 0.4016 0.3423
vn -0.8483 0.0336 0.5284
vn -0.7958 0.5622 0.2250
vn -0.8184 0.5204 0.2440
vn -0.9205 0.3725 0.1180
vn -0.9380 0.2834 0.1994
vn -0.9772 0.2080 -0.0417
vn -0.9603 0.2788 0.0022
vn -0.9706 0.1288 -0.2033
vn -0.9653 0.2461 0.0868
vn -0.9928 -0.0052 -0.1200
vn -0.9738 0.1252 0.1899
vn -0.9867 -0.1623 0.0019
vn -0.9659 -0.0363 0.2563
vn -0.9576 -0.2310 0.1722
vn -0.9366 -0.1601 0.3118
vn -0.8810 -0.2753 0.3848
vn -0.8856 -0.2588 0.3857
vn -0.7936 -0.2922 0.5337
vn -0.7905 -0.3490 0.5033
vn -0.6148 -0.6610 0.4301
vn -0.8242 -0.4936 0.2776
vn -0.5323 -0.8399 0.1057
vn -0.3676 -0.8961 0.2489
vn -0.3944 -0.9188 0.0143
vn -0.3720 -0.9044 0.2091
vn -0.3572 -0.9339 -0.0134
vn -0.3412 -0.9360 0.0867
vn -0.3825 -0.8364 0.3925
vn -0.2711 -0.9336 0.2344
vn -0.2335 -0.9707 0.0572
vn -0.0222 -0.9863 0.1636
vn 0.0850 -0.9936 0.0748
vn -0.1277 -0.9918 0.0024
vn 0.2266 -0.9738 0.0184
vn 0.0637 -0.9951 -0.0762
vn 0.1837 -0.9812 0.0592
vn 0.0597 -0.9967 -0.0543
vn 0.3096 -0.9493 0.0545
vn 0.2182 -0.9667 -0.1338
vn 0.6398 -0.7629 -0.0935
vn 0.6247 -0.7091 -0.3271
vn 0.5070 -0.7458 -0.4321
vn 0.2149 -0.9214 -0.3237
vn 0.4874 -0.6289 -0.6057
vn 0.3384 -0.5059 -0.7935
vn -0.0698 -0.7192 -0.6912
vn 0.1914 -0.3476 -0.9179
vn -0.1102 -0.5027 -0.8574
vn -0.1036 -0.3663 -0.9247
vn 0.1454 -0.3748 -0.9156
vn -0.0961 -0.4967 -0.8626
vn 0.1525 -0.4925 -0.8569
vn -0.1075 -0.5814 -0.8065
vn 0.1837 -0.4906 -0.8518
vn 0.1571 -0.4290 -0.8895
vn -0.1669 -0.5387 -0.8258
vn 0.1084 -0.2642 -0.9584
vn -0.2740 -0.4132 -0.8684
vn -0.0034 -0.1842 -0.9829
vn -0.3332 -0.3024 -0.8930
vn -0.1046 -0.0986 -0.9896
vn 0.1907 0.0136 -0.9816
vn 0.0794 0.0848 -0.9932
vn 0.3332 0.2293 -0.9146
vn 0.0899 0.3032 -0.9487
vn 0.3477 0.4741 -0.8089
vn 0.5070 0.3777 -0.7747
vn 0.5400 0.3409 -0.7695
vn 0.6511 0.4912 -0.5786
vn 0.6210 0.4613 -0.6337
vn 0.6323 0.6152 -0.4709
vn 0.6660 0.6299 -0.3995
vn 0.6716 0.5448 -0.5021
vn 0.6072 0.6347 -0.4780
vn 0.5448 0.8020 -0.2449
vn 0.3876 0.8473 -0.3631
vn 0.0438 0.6859 -0.7264
vn 0.2989 0.5442 -0.7839
vn -0.2109 0.9392 -0.2710
vn 0.1739 0.9844 -0.0252
vn -0.0362 0.9557 0.2923
vn 0.2846 0.9554 0.0784
vn 0.0945 0.8948 0.4364
vn -0.1982 0.7563 0.6235
vn 0.0247 0.7062 0.7076
vn -0.1187 0.3305 0.9363
vn -0.0327 0.4795 0.8769
vn -0.0499 0.1531 0.9869
vn -0.0561 0.0788 0.9953
vn -0.6680 0.0763 0.7403
vn -0.5017 0.2369 0.8320
vn -0.8143 0.3338 0.4748
vn -0.5452 -0.0021 0.8383
vn -0.8126 0.1545 0.5619
vn -0.7378 -0.0019 0.6750
vn -0.9211 0.1375 0.3643
vn -0.8948 0.0066 0.4464
vn -0.9944 0.0843 0.0637
vn -0.9851 -0.0300 0.1696
vn -0.9979 0.0143 -0.0634
vn -0.9903 -0.0210 -0.1375
vn -0.9943 -0.0800 -0.0707
vn -0.8901 -0.4517 -0.0616
vn -0.9372 -0.3372 0.0896
vn -0.9501 -0.2771 0.1434
vn -0.7773 -0.6262 0.0610
vn -0.6985 -0.7146 -0.0376
vn -0.4977 -0.8656 -0.0541
vn -0.5033 -0.8578 -0.1048
vn -0.3848 -0.9185 -0.0909
vn -0.3396 -0.9402 -0.0263
vn -0.2704 -0.9586 -0.0890
vn -0.3076 -0.9335 -0.1841
vn -0.1193 -0.9762 -0.1813
vn -0.2138 -0.9303 -0.2980
vn -0.0753 -0.9809 -0.1792
vn -0.2144 -0.9184 -0.3324
vn -0.2240 -0.8370 -0.4993
vn -0.2863 -0.8721 -0.3969
vn -0.2996 -0.6618 -0.6872
vn -0.5900 -0.5946 -0.5462
vn -0.4142 -0.3789 -0.8276
vn -0.7309 -0.3352 -0.5945
vn -0.4718 -0.4688 -0.7468
vn -0.7934 -0.3557 -0.4939
vn -0.7841 -0.4931 -0.3769
vn -0.5021 -0.6162 -0.6068
vn -0.7995 -0.5405 -0.2618
vn -0.5393 -0.5939 -0.5970
vn -0.6238 -0.5029 -0.5983
vn -0.8440 -0.4878 -0.2230
vn -0.7291 -0.4100 -0.5480
vn -0.9089 -0.3994 -0.1199
vn -0.9354 -0.3366 -0.1081
vn -0.7939 -0.2803 -0.5397
vn -0.4187 -0.1964 -0.8866
vn -0.4916 -0.0964 -0.8655
vn -0.1617 -0.0089 -0.9868
vn -0.2487 0.1135 -0.9619
vn -0.6255 0.1696 -0.7616
vn -0.3042 0.4514 -0.8389
vn -0.6071 0.5059 -0.6128
vn -0.4146 0.7965 -0.4400
vn -0.0516 0.6994 -0.7129
vn -0.1289 0.9550 -0.2671
vn 0.1942 0.7732 -0.6037
vn 0.1626 0.9837 -0.0774
vn 0.4173 0.7739 -0.4763
vn 0.5212 0.8200 -0.2365
vn 0.4872 0.5481 -0.6799
vn 0.2794 0.9597 0.0291
vn -0.1654 0.9385 0.3031
vn -0.0030 0.9376 0.3478
vn -0.4807 0.7556 0.4450
vn -0.1932 0.7800 0.5953
vn -0.6151 0.4800 0.6256
vn -0.2797 0.4337 0.8565
vn -0.3570 0.1466 0.9225
vn -0.7592 0.0849 0.6453
vn -0.3957 -0.0710 0.9156
vn -0.0547 -0.0427 0.9976
vn -0.2334 -0.4041 0.8845
vn -0.0475 -0.0928 0.9945
vn -0.6481 -0.4109 0.6412
vn -0.7531 -0.2690 0.6004
vn -0.8938 -0.2262 0.3872
vn -0.9233 -0.2472 0.2938
vn -0.9118 -0.3042 0.2759
vn -0.8386 -0.1961 0.5082
vn -0.9422 -0.2133 0.2583
vn -0.9122 -0.3802 0.1530
vn -0.9112 -0.4119 0.0085
vn -0.9346 -0.3291 -0.1348
vn -0.9827 -0.1832 -0.0264
vn -0.9173 -0.2307 -0.3245
vn -0.9834 -0.0939 -0.1554
vn -0.8801 -0.2448 -0.4069
vn -0.9612 -0.1375 -0.2393
vn -0.7263 -0.5777 -0.3726
vn -0.5365 -0.8246 -0.1794
vn -0.8495 -0.4652 -0.2491
vn -0.4259 -0.8712 -0.2442
vn -0.9455 -0.1249 0.3007
vn -0.9772 -0.1961 -0.0809
vn -0.9978 0.0273 -0.0605
vn -0.8426 -0.1162 -0.5259
vn -0.8750 0.1750 -0.4514
vn -0.8998 0.4341 -0.0447
vn -0.7514 0.5123 -0.4160
vn -0.5959 0.8013 -0.0530
vn -0.7574 0.6160 0.2165
vn -0.4103 0.9013 0.1390
vn -0.6492 0.6457 0.4021
vn -0.9158 0.2222 0.3346
vn -0.8329 0.3386 0.4377
vn -0.9103 -0.0369 0.4123
vn -0.8183 -0.1355 0.5585
vn 0.3424 0.3647 -0.8659
vn 0.2154 0.6647 -0.7154
vn 0.6517 0.2345 -0.7213
vn 0.2770 0.1629 -0.9470
vn 0.6790 0.3716 -0.6332
vn 0.5916 0.1227 -0.7968
vn 0.2081 0.0296 -0.9777
vn 0.5229 0.1014 -0.8463
vn 0.7105 0.0820 -0.6989
vn 0.4503 0.1214 -0.8846
vn 0.7803 0.1396 -0.6096
vn 0.6726 0.0537 -0.7381
vn 0.3558 0.1845 -0.9162
vn 0.4601 0.1597 -0.8734
vn 0.5540 -0.0259 -0.8321
vn 0.6775 -0.0158 -0.7353
vn 0.6975 -0.1347 -0.7038
vn 0.7758 -0.0662 -0.6275
vn 0.8350 -0.0792 -0.5445
vn 0.8136 -0.0031 -0.5814
vn 0.8685 -0.0041 -0.4957
vn 0.8678 0.0792 -0.4906
vn 0.9194 0.1512 -0.3631
vn 0.9283 0.2063 -0.3095
vn 0.9460 0.2918 -0.1415
vn 0.9607 0.2417 -0.1364
vn 0.8489 0.2180 -0.4815
vn 0.8614 0.2775 -0.4255
vn 0.9495 0.2852 -0.1308
vn 0.8093 0.3644 -0.4607
vn 0.8460 0.1632 -0.5076
vn 0.8938 0.2261 -0.3872
vn 0.8935 0.0214 -0.4486
vn 0.8809 0.0157 -0.4731
vn 0.8704 -0.0839 -0.4851
vn 0.8569 -0.0770 -0.5097
vn 0.8200 -0.1576 -0.5502
vn 0.8415 -0.1551 -0.5175
vn 0.8551 -0.1495 -0.4964
vn 0.8891 -0.0816 -0.4503
vn 0.9050 -0.1034 -0.4127
vn 0.9277 -0.0166 -0.3731
vn 0.9005 0.0031 -0.4349
vn 0.8899 0.0650 -0.4515
vn 0.9487 0.0304 -0.3146
vn 0.9724 0.0769 -0.2203
vn 0.9851 0.0299 -0.1695
vn 0.9967 0.0761 -0.0280
vn 0.9991 -0.0356 -0.0239
vn 0.9995 0.0306 0.0110
vn 0.9742 0.0371 -0.2227
vn 0.9991 0.0237 -0.0364
vn 0.8623 0.2503 -0.4402
vn 0.9175 0.2535 -0.3064
vn 0.8735 0.1738 -0.4548
vn 0.9345 0.1106 -0.3384
vn 0.9453 -0.0056 -0.3261
vn 0.9446 -0.0439 -0.3252
vn 0.9368 -0.0241 -0.3490
vn 0.9191 -0.1122 -0.3778
vn 0.9371 -0.1367 -0.3211
vn 0.9058 -0.1517 -0.3957
vn 0.8796 -0.1495 -0.4515
vn 0.9560 -0.1168 -0.2692
vn 0.9705 -0.1207 -0.2089
vn 0.9831 -0.1666 -0.0757
vn 0.9597 -0.0204 -0.2802
vn 0.9893 -0.0671 -0.1296
vn 0.9139 0.1156 -0.3892
vn 0.8623 0.2502 -0.4402
vn 0.9777 0.0679 -0.1986
vn 0.7522 0.3269 -0.5721
vn 0.7592 0.2807 -0.5872
vn 0.8394 0.2792 -0.4663
vn 0.8295 0.3514 -0.4341
vn 0.9972 0.0616 0.0415
vn 0.9766 0.1871 0.1063
vn 0.9801 -0.0132 0.1979
vn 0.9568 0.0973 0.2738
vn 0.9965 0.0740 -0.0398
vn 0.9639 0.2543 0.0787
vn 0.8823 0.3661 -0.2957
vn 0.9008 0.1940 -0.3884
vn 0.7151 0.2852 -0.6382
vn 0.5663 0.7047 -0.4275
vn 0.4556 0.8855 0.0908
vn 0.7743 0.6254 -0.0966
vn 0.1921 0.9117 -0.3632
vn 0.7996 0.5405 0.2618
vn 0.8318 0.3177 0.4552
vn 0.5764 0.6528 0.4916
vn 0.2744 0.5514 0.7878
vn 0.5709 0.5029 0.6490
vn 0.2395 0.7329 0.6368
vn 0.2081 0.7773 0.5937
vn 0.6474 0.6254 0.4356
vn 0.3924 0.9164 -0.0789
vn 0.6152 0.7350 -0.2850
vn 0.8761 0.4178 0.2404
vn 0.7919 0.4810 -0.3763
vn 0.7146 0.4131 -0.5645
vn 0.8540 0.3215 -0.4090
vn 0.7542 0.4821 -0.4458
vn 0.9537 0.1866 -0.2359
vn 0.8970 0.3696 -0.2425
vn 0.9660 0.2424 0.0900
vn 0.9968 0.0004 0.0794
vn 0.8928 0.0593 0.4465
vn 0.8868 -0.1385 0.4410
vn 0.9897 -0.1104 0.0907
vn 0.8506 -0.2764 0.4472
vn 0.9569 -0.2402 0.1634
vn 0.7870 -0.3873 0.4803
vn 0.9311 -0.2907 0.2202
vn 0.7780 -0.3614 0.5139
vn 0.5255 -0.4427 0.7266
vn 0.5022 -0.4082 0.7624
vn 0.5646 -0.3979 0.7231
vn 0.6252 -0.2381 0.7433
vn 0.3523 -0.1054 0.9299
vn 0.6755 -0.0902 0.7319
vn 0.6085 0.1454 0.7801
vn 0.3443 0.6507 0.6768
vn 0.2925 0.2336 0.9273
vn 0.7649 0.4188 0.4893
vn 0.0087 0.5833 0.8122
vn -0.1287 0.9003 0.4157
vn -0.3579 0.8459 0.3955
vn -0.3789 0.9051 0.1931
vn 0.3221 0.8864 0.3325
vn -0.1282 0.9852 0.1142
vn 0.2623 0.9647 0.0237
vn 0.7384 0.6425 0.2049
vn -0.1440 0.9869 -0.0735
vn 0.2471 0.9192 -0.3067
vn 0.7163 0.6641 -0.2141
vn -0.1218 0.9783 -0.1678
vn 0.2744 0.9010 -0.3360
vn 0.5086 0.7214 -0.4700
vn 0.0140 0.9995 -0.0292
vn -0.4545 0.8828 0.1191
vn -0.6928 0.7092 -0.1304
vn -0.4605 0.8831 -0.0899
vn -0.7775 0.6212 0.0986
vn -0.5415 0.4452 0.7131
vn -0.1620 0.5625 0.8108
vn -0.2362 0.1996 0.9510
vn -0.0375 0.4335 0.9004
vn -0.3262 0.3873 0.8623
vn -0.1350 0.6595 0.7395
vn -0.3617 0.7637 0.5347
vn -0.0309 0.9343 0.3552
vn -0.5105 0.8511 0.1225
vn -0.1649 0.9825 -0.0862
vn -0.7194 0.6272 0.2985
vn -0.5781 0.5011 0.6440
vn -0.6747 0.1625 0.7200
vn -0.4057 -0.0189 0.9138
vn -0.3979 -0.0093 0.9174
vn -0.7642 0.2553 0.5923
vn -0.8931 0.4498 -0.0102
vn -0.8992 0.3654 -0.2405
vn -0.8283 0.5160 -0.2184
vn -0.8663 0.4127 -0.2814
vn -0.7821 0.5789 -0.2307
vn -0.7028 0.7106 0.0348
vn -0.6187 0.7800 -0.0941
vn -0.5023 0.8543 0.1336
vn -0.4297 0.9029 -0.0079
vn -0.4616 0.8209 0.3364
vn -0.4296 0.9023 -0.0351
vn -0.2330 0.9720 -0.0311
vn -0.4453 0.8667 -0.2248
vn -0.2695 0.9407 0.2063
vn -0.4175 0.8898 0.1845
vn -0.6112 0.7829 0.1159
vn -0.6540 0.7385 -0.1640
vn -0.6318 0.6856 -0.3616
vn -0.2694 0.9393 -0.2127
vn -0.4487 0.8022 -0.3938
vn -0.6145 0.6064 -0.5047
vn -0.2529 0.8705 -0.4222
vn -0.3991 0.7403 -0.5410
vn -0.4963 0.5797 -0.6463
vn -0.6123 0.3695 -0.6990
vn -0.3227 0.6232 -0.7123
vn -0.4367 0.4297 -0.7904
vn -0.3895 0.6349 -0.6672
vn -0.2096 0.6303 -0.7475
vn -0.3010 0.5379 -0.7874
vn -0.2907 0.7298 -0.6188
vn 0.0957 0.9946 0.0405
vn -0.0669 0.9729 -0.2215
vn -0.5644 0.5540 -0.6120
vn -0.5556 0.6930 -0.4594
vn -0.7418 0.3943 -0.5424
vn -0.7626 0.5372 -0.3604
vn -0.8119 0.5501 -0.1955
vn -0.6402 0.7562 -0.1357
vn -0.4424 0.8596 -0.2556
vn 0.2515 0.9584 0.1350
vn 0.0713 0.9965 -0.0428
vn -0.0115 0.9926 0.1210
vn -0.0505 0.9760 0.2118
vn -0.6959 0.7062 0.1304
vn -0.0587 0.9358 0.3476
vn -0.6497 0.6674 0.3640
vn 0.1819 0.9212 0.3439
vn -0.5281 0.6768 0.5129
vn 0.1920 0.8900 0.4135
vn -0.5106 0.5452 0.6649
vn 0.1281 0.8551 0.5025
vn -0.4591 0.4512 0.7653
vn 0.1616 0.8085 0.5658
vn -0.2959 0.3915 0.8713
vn 0.2539 0.7724 0.5821
vn -0.1607 0.3659 0.9167
vn 0.3391 0.8173 0.4659
vn 0.0234 0.3518 0.9358
vn -0.1520 0.2241 0.9626
vn 0.3398 0.7696 0.5406
vn -0.1189 0.0300 0.9924
vn -0.2579 -0.0154 0.9661
vn -0.3690 0.0396 0.9286
vn -0.3266 0.1104 0.9387
vn -0.4576 0.1154 0.8816
vn -0.5620 0.2153 0.7987
vn -0.6561 0.3153 0.6856
vn -0.5275 0.4878 0.6956
vn -0.7367 0.4480 0.5064
vn -0.5536 0.6131 0.5636
vn -0.7963 0.5244 0.3015
vn -0.5991 0.7122 0.3658
vn -0.8210 0.5684 0.0540
vn -0.3512 0.7491 0.5616
vn -0.3976 0.8388 0.3719
vn -0.2091 0.8779 0.4307
vn -0.0334 0.9818 0.1868
vn -0.1620 0.7812 0.6028
vn -0.0132 0.9032 0.4291
vn -0.2516 0.9376 0.2401
vn 0.0380 0.7979 0.6015
vn -0.2217 0.8439 0.4885
vn -0.8746 0.4241 0.2350
vn -0.1839 0.7509 0.6343
vn -0.8635 0.3920 0.3175
vn -0.7925 0.4053 0.4557
vn -0.1390 0.6307 0.7635
vn -0.8075 0.3321 0.4875
vn -0.1349 0.5168 0.8454
vn -0.7364 0.3253 0.5932
vn -0.0840 0.4093 0.9085
vn -0.1795 0.2649 0.9474
vn -0.7994 0.2304 0.5548
vn -0.2766 0.1588 0.9478
vn -0.8970 0.2132 0.3873
vn -0.3037 0.1550 0.9401
vn -0.8990 0.2779 0.3386
vn -0.1405 0.4537 0.8800
vn -0.1496 0.8339 0.5312
vn 0.0152 0.0878 0.9960
vn -0.1282 0.1312 0.9830
vn 0.0998 0.2628 0.9597
vn -0.0259 0.2704 0.9624
vn 0.1722 0.4124 0.8946
vn -0.0270 0.3956 0.9180
vn 0.1689 0.5522 0.8164
vn -0.1025 0.5331 0.8398
vn 0.1319 0.6652 0.7349
vn -0.0998 0.6873 0.7195
vn -0.3129 0.6244 0.7157
vn -0.2785 0.4660 0.8398
vn -0.2358 0.3668 0.8999
vn -0.2225 0.2526 0.9417
vn -0.8554 0.5037 0.1207
vn -0.2903 0.9569 0.0106
vn -0.8952 0.4454 0.0133
vn -0.8821 0.4633 -0.0856
vn -0.3101 0.9231 -0.2275
vn -0.8757 0.4322 -0.2151
vn -0.4084 0.7148 -0.5678
vn -0.2532 0.8705 -0.4221
vn -0.9725 0.1654 -0.1642
vn -0.1197 0.7997 -0.5883
vn -0.0553 0.9137 -0.4026
vn -0.2548 0.7850 -0.5646
vn -0.0376 0.9831 -0.1791
vn -0.0294 0.9996 -0.0041
vn -0.4434 0.5779 -0.6851
vn -0.9928 0.0612 -0.1034
vn -0.4886 0.5477 -0.6792
vn -0.9984 0.0568 -0.0066
vn -0.4759 0.7455 -0.4666
vn -0.5800 0.7854 0.2163
vn 0.0146 0.9968 0.0784
vn -0.6503 0.2661 -0.7116
vn -0.7123 0.1731 -0.6802
vn -0.8236 0.2948 -0.4846
vn -0.4773 0.1741 -0.8613
vn -0.4560 0.2917 -0.8408
vn -0.6470 0.3771 -0.6627
vn -0.8396 0.3909 -0.3773
vn -0.9578 0.2830 -0.0511
vn -0.8889 0.1771 -0.4224
vn -0.9198 0.3920 0.0163
vn -0.8374 0.2794 0.4698
vn -0.9954 0.0931 0.0228
vn -0.8740 0.1467 0.4632
vn -0.6386 0.0906 0.7642
vn -0.8544 0.0099 0.5196
vn -0.6334 -0.0261 0.7733
vn -0.3328 0.0515 0.9416
vn -0.6450 -0.1486 0.7496
vn -0.3262 -0.1140 0.9384
vn 0.0947 0.0007 0.9955
vn -0.3325 -0.2564 0.9076
vn 0.0610 -0.1652 0.9844
vn -0.0053 -0.2992 0.9542
vn -0.3092 -0.3968 0.8643
vn -0.0011 -0.4454 0.8953
vn -0.2237 -0.8824 0.4139
vn -0.3517 -0.8341 0.4250
vn -0.2239 -0.9291 -0.2943
vn -0.1159 -0.9528 -0.2807
vn 0.1107 -0.6015 -0.7912
vn -0.1836 -0.5704 -0.8006
vn 0.2679 0.2285 -0.9360
vn -0.0399 0.2923 -0.9555
vn 0.6087 0.1460 -0.7799
vn 0.3385 -0.6631 -0.6676
vn 0.7113 -0.5246 -0.4678
vn 0.8985 0.1002 -0.4275
vn 0.9956 0.0548 -0.0754
vn 0.6944 -0.7147 -0.0840
vn 0.9383 -0.0117 0.3456
vn 0.5286 -0.8274 0.1899
vn 0.7155 -0.0417 0.6973
vn 0.3224 -0.8459 0.4250
vn 0.0940 -0.7280 0.6791
vn 0.3822 0.0527 0.9226
vn 0.0710 0.0894 0.9935
vn -0.1673 -0.6511 0.7403
vn -0.2992 0.1013 0.9488
vn -0.4479 -0.6522 0.6116
vn -0.6353 0.1250 0.7621
vn -0.6035 -0.6742 0.4258
vn -0.7592 -0.5839 0.2873
vn -0.8721 0.1688 0.4592
vn -0.9008 -0.4319 -0.0450
vn -0.9506 0.2947 0.0976
vn -0.8887 0.3018 -0.3451
vn -0.7266 -0.6168 -0.3026
vn -0.6390 -0.5802 -0.5050
vn -0.6572 0.3536 -0.6656
vn -0.4402 -0.5201 -0.7319
vn -0.3427 0.3574 -0.8688
vn -0.0398 0.2923 -0.9555
vn -0.1842 -0.5703 -0.8005
vn -0.3261 -0.9071 -0.2662
vn -0.2240 -0.9291 -0.2943
vn -0.1386 -0.9381 0.3174
vn -0.0008 -0.4456 0.8952
vn 0.2172 -0.4990 0.8389
vn 0.3351 -0.3164 0.8875
vn -0.0047 -0.2993 0.9541
vn 0.4038 -0.1477 0.9029
vn 0.0615 -0.1652 0.9843
vn 0.4383 -0.0286 0.8984
vn 0.0953 0.0007 0.9954
vn 0.4355 0.1273 0.8911
vn 0.6732 -0.0217 0.7392
vn 0.6664 0.0804 0.7413
vn 0.0638 0.1829 0.9811
vn 0.3771 0.2784 0.8833
vn 0.6881 0.2158 0.6927
vn 0.8956 0.1345 0.4241
vn 0.8989 0.2951 0.3238
vn 0.4877 0.7422 0.4596
vn 0.3913 0.9046 0.1692
vn 0.0180 0.9997 -0.0178
vn 0.2467 0.8573 0.4518
vn -0.0374 0.9832 -0.1788
vn 0.0924 0.9957 -0.0107
vn 0.1188 0.7738 0.6222
vn -0.1934 0.6824 -0.7049
vn 0.1088 0.7270 -0.6779
vn -0.0677 -0.2085 -0.9757
vn -0.3972 -0.1690 -0.9020
vn 0.0138 -0.1380 -0.9903
vn -0.4487 -0.1266 -0.8847
vn 0.0372 -0.0255 -0.9990
vn -0.4506 0.0303 -0.8922
vn 0.0791 0.0848 -0.9932
vn -0.4038 0.1477 -0.9029
vn 0.0551 0.2495 -0.9668
vn -0.3249 0.3008 -0.8966
vn -0.0400 0.2922 -0.9555
vn -0.3428 0.3571 -0.8689
vn -0.5993 0.3279 -0.7303
vn -0.6571 0.3535 -0.6657
vn -0.8326 0.3198 -0.4522
vn -0.8887 0.3017 -0.3453
vn -0.9578 0.2830 -0.0508
vn -0.9506 0.2948 0.0974
vn -0.8659 0.2209 0.4487
vn -0.8721 0.1691 0.4592
vn -0.6352 0.1252 0.7621
vn -0.6061 0.1393 0.7831
vn -0.2991 0.1015 0.9488
vn -0.2739 0.1183 0.9545
vn 0.0711 0.0893 0.9935
vn 0.1119 0.0832 0.9902
vn 0.3822 0.0525 0.9226
vn 0.4615 -0.0068 0.8871
vn 0.7155 -0.0417 0.6974
vn 0.6896 -0.0655 0.7213
vn 0.8850 -0.0132 0.4654
vn 0.9383 -0.0115 0.3457
vn 0.9928 0.0944 0.0737
vn 0.9957 0.0550 -0.0752
vn 0.8864 0.0953 -0.4530
vn 0.8984 0.1005 -0.4274
vn 0.6088 0.1462 -0.7798
vn 0.5744 0.1000 -0.8125
vn 0.3706 0.1812 -0.9110
vn 0.2680 0.2287 -0.9359
vn 0.0556 0.2494 -0.9668
vn -0.0396 0.2921 -0.9556
vn 0.3352 -0.0070 -0.9421
vn 0.0797 0.0847 -0.9932
vn 0.3101 0.0228 -0.9504
vn 0.0375 -0.0255 -0.9990
vn 0.0144 -0.1380 -0.9903
vn 0.2570 -0.0630 -0.9644
vn 0.1508 -0.2675 -0.9517
vn -0.0672 -0.2086 -0.9757
vn 0.1092 0.7270 -0.6779
vn 0.3088 0.5307 -0.7893
vn 0.1551 0.9817 -0.1107
vn 0.0924 0.9957 -0.0108
vn -0.0003 0.8984 0.4392
vn 0.1182 0.7739 0.6222
vn -0.1616 0.3505 0.9225
vn 0.0927 0.2966 0.9505
vn 0.0633 0.1829 0.9811
vn -0.2506 0.2195 0.9429
vn -0.4978 0.3391 0.7983
vn -0.5468 0.1967 0.8139
vn -0.1678 0.9086 0.3825
vn -0.8131 0.4454 0.3749
vn -0.1281 0.8574 0.4984
vn -0.0931 0.9823 0.1627
vn -0.8361 0.5459 0.0549
vn -0.2508 0.9680 -0.0043
vn -0.8122 0.5203 -0.2638
vn -0.3382 0.8797 -0.3343
vn -0.6335 0.4696 -0.6149
vn -0.3774 0.3823 -0.8435
vn -0.2822 0.5001 -0.8187
vn -0.0322 0.4107 -0.9112
vn -0.0504 0.9203 -0.3879
vn 0.0188 0.5590 -0.8290
vn 0.2850 0.4799 -0.8297
vn 0.1180 0.9439 -0.3083
vn 0.2720 0.9173 -0.2908
vn 0.4034 0.8843 -0.2352
vn 0.2039 0.9104 0.3599
vn 0.1130 0.9331 0.3414
vn 0.0926 0.9569 0.2752
vn 0.0171 0.9838 0.1787
vn -0.1740 0.5996 0.7812
vn -0.3458 0.7079 0.6159
vn 0.6239 0.7681 -0.1445
vn 0.5837 0.8053 0.1041
vn -0.5579 0.7779 0.2891
vn -0.0718 0.9936 0.0875
vn 0.9520 0.2974 0.0731
vn 0.9117 0.3045 -0.2759
vn 0.9804 0.1896 0.0532
vn 0.9109 0.1982 -0.3618
vn 0.9985 0.0554 0.0036
vn 0.9933 -0.0952 -0.0653
vn 0.9068 0.0804 -0.4139
vn 0.9080 -0.0183 0.4185
vn 0.8559 -0.0375 -0.5158
vn 0.6940 0.1025 -0.7126
vn 0.6807 0.2540 -0.6871
vn 0.3260 0.2173 -0.9200
vn 0.3113 0.3690 -0.8758
vn 0.6420 0.3990 -0.6547
vn -0.1091 0.2895 -0.9509
vn -0.1120 0.1148 -0.9870
vn -0.4615 0.0068 -0.8871
vn -0.1097 -0.0724 -0.9913
vn 0.3304 0.0286 -0.9434
vn 0.2739 -0.1183 -0.9545
vn 0.6061 -0.1393 -0.7831
vn 0.2651 -0.2399 -0.9339
vn 0.5967 -0.2970 -0.7455
vn 0.8577 -0.1956 -0.4756
vn 0.8440 -0.3417 -0.4135
vn 0.9574 -0.2888 0.0089
vn 0.8313 -0.4617 0.3095
vn 0.8860 -0.4624 -0.0352
vn 0.8326 -0.3197 0.4523
vn 0.9136 -0.1685 0.3700
vn 0.6862 -0.1562 0.7105
vn 0.6324 -0.3103 0.7097
vn 0.5737 -0.4699 0.6709
vn 0.0952 -0.9904 0.1004
vn -0.0407 -0.9813 0.1883
vn -0.3680 -0.9175 -0.1507
vn -0.3685 -0.9050 -0.2125
vn -0.3361 -0.9385 -0.0797
vn 0.2391 -0.9231 -0.3012
vn 0.3303 -0.9425 -0.0508
vn -0.3121 -0.9500 -0.0133
vn 0.0510 -0.8682 -0.4935
vn -0.3476 -0.9376 -0.0058
vn -0.1197 -0.7840 -0.6091
vn -0.3481 -0.9373 -0.0153
vn -0.3162 -0.8596 -0.4014
vn -0.2743 -0.9208 0.2772
vn -0.1926 -0.9782 0.0777
vn -0.4922 -0.7828 -0.3806
vn -0.4179 -0.7644 -0.4910
vn -0.0303 -0.9994 0.0185
vn -0.7042 -0.1064 -0.7020
vn -0.3972 -0.1695 -0.9019
vn -0.1107 -0.2568 -0.9601
vn -0.8850 0.0132 -0.4654
vn -0.6896 0.0655 -0.7212
vn -0.9132 -0.1892 -0.3611
vn -0.9939 -0.0920 -0.0602
vn -0.9714 -0.2323 0.0495
vn -0.6451 -0.7508 -0.1422
vn -0.5409 -0.7847 -0.3029
vn -0.0526 -0.9951 -0.0843
vn 0.1062 -0.9807 -0.1643
vn -0.6355 -0.7578 0.1479
vn 0.0290 -0.9697 -0.2427
vn -0.4433 -0.8409 0.3106
vn -0.0587 -0.9669 -0.2482
vn -0.6241 -0.3029 0.7202
vn -0.9032 -0.1107 0.4147
vn -0.8855 -0.2591 0.3857
vn -0.6507 0.7591 0.0187
vn -0.1837 0.9812 -0.0592
vn -0.6792 0.7001 -0.2205
vn -0.4852 0.7209 -0.4948
vn -0.9290 -0.2109 -0.3040
vn -0.7000 -0.1676 -0.6942
vn -0.8956 -0.1345 -0.4241
vn -0.6591 -0.0961 -0.7459
vn -0.6732 0.0217 -0.7392
vn -0.9080 0.0183 -0.4185
vn -0.6747 0.1542 -0.7218
vn -0.9136 0.1685 -0.3701
vn -0.9933 0.0952 0.0653
vn -0.9985 -0.0535 0.0086
vn -0.9018 -0.0705 0.4263
vn -0.8559 0.0375 0.5158
vn -0.6940 -0.1025 0.7126
vn -0.6321 0.0131 0.7748
vn -0.3304 -0.0286 0.9434
vn -0.3260 -0.2173 0.9200
vn 0.1120 -0.1148 0.9871
vn 0.1003 -0.2855 0.9531
vn 0.4659 -0.1716 0.8680
vn 0.4441 -0.2884 0.8483
vn 0.6938 -0.1821 0.6968
vn 0.6626 -0.2803 0.6945
vn 0.8234 -0.2956 0.4844
vn 0.8821 -0.1761 0.4369
vn 0.9647 -0.2627 0.0170
vn 0.9958 -0.0913 0.0111
vn 0.8564 -0.0509 -0.5138
vn 0.8614 -0.1524 -0.4846
vn 0.5318 0.0063 -0.8468
vn 0.5183 0.0104 -0.8552
vn 0.8303 -0.2650 -0.4903
vn 0.5573 -0.1869 -0.8090
vn 0.4804 -0.2877 -0.8285
vn 0.8430 -0.3651 -0.3950
vn 0.4763 0.6800 -0.5575
vn 0.6863 0.7189 -0.1103
vn 0.1839 0.9827 0.0229
vn 0.2735 0.9551 0.1137
vn 0.4093 0.8987 0.1574
vn 0.3309 0.9167 0.2238
vn 0.8228 0.5489 0.1470
vn 0.8693 -0.4231 0.2554
vn 0.7661 0.4462 0.4626
vn 0.9128 -0.4042 -0.0587
vn 0.6355 -0.4282 0.6425
vn 0.5879 0.4321 0.6839
vn 0.2110 0.9543 0.2117
vn 0.2219 0.9450 0.2401
vn 0.3599 0.4942 0.7914
vn 0.3346 -0.4213 0.8429
vn 0.0938 -0.4194 0.9029
vn 0.0567 0.5066 0.8603
vn -0.2910 -0.4256 0.8568
vn 0.0497 -0.4213 0.9055
vn -0.3090 -0.3966 0.8644
vn -0.6420 -0.3985 0.6550
vn -0.6742 -0.2712 0.6870
vn -0.8971 -0.2363 0.3734
vn -0.9042 -0.3015 0.3024
vn -0.9730 -0.2280 -0.0345
vn -0.9691 -0.2467 -0.0001
vn 0.3590 -0.4305 0.8281
vn 0.6469 -0.3771 0.6628
vn 0.8388 -0.4027 0.3664
vn 0.9153 -0.4024 -0.0158
vn 0.0933 0.2965 0.9505
vn -0.0592 0.4969 -0.8658
vn 0.2764 0.3328 -0.9016
vn 0.2027 0.1663 -0.9650
vn 0.0772 0.6209 -0.7801
vn -0.2105 0.8192 -0.5334
vn -0.4164 0.6886 -0.5936
vn -0.1488 0.3816 -0.9123
vn 0.1668 0.0205 -0.9858
vn 0.5000 0.0944 -0.8609
vn 0.4873 -0.0764 -0.8699
vn -0.1996 0.3038 -0.9316
vn 0.0476 -0.0403 -0.9981
vn 0.4619 -0.2377 -0.8545
vn 0.3697 -0.3247 -0.8706
vn -0.0040 -0.3005 -0.9538
vn 0.6502 -0.4294 -0.6268
vn 0.5995 -0.5355 -0.5948
vn 0.3354 -0.5533 -0.7624
vn 0.0153 -0.6284 -0.7777
vn 0.4896 -0.6845 -0.5401
vn 0.3149 -0.8222 -0.4741
vn -0.7746 -0.6076 0.1755
vn 0.5372 -0.8089 -0.2389
vn 0.2802 -0.9540 -0.1064
vn -0.8647 -0.4947 0.0867
vn -0.3261 0.4034 0.8549
vn -0.8924 -0.4486 0.0492
vn -0.5543 0.6664 0.4987
vn -0.5105 0.8410 0.1793
vn -0.9650 -0.2622 -0.0027
vn -0.4439 0.8880 -0.1198
vn -0.4149 0.7964 -0.4400
vn -0.8959 -0.3937 -0.2057
vn -0.2904 0.6395 -0.7118
vn -0.8152 -0.5036 -0.2861
vn -0.7995 -0.5406 -0.2618
vn -0.1586 0.4828 -0.8612
vn -0.0132 -0.8188 0.5739
vn -0.2202 -0.6424 0.7341
vn -0.0176 -0.5255 0.8506
vn 0.2493 -0.7257 0.6412
vn 0.1490 -0.3818 0.9122
vn 0.4403 -0.5922 0.6749
vn 0.3376 -0.2929 0.8945
vn 0.6105 -0.4643 0.6417
vn 0.6779 -0.3321 0.6558
vn 0.4210 -0.1620 0.8925
vn 0.7673 -0.1949 0.6109
vn 0.4927 0.0020 0.8702
vn 0.8172 0.0446 0.5746
vn 0.5137 0.2387 0.8241
vn 0.5688 0.7871 -0.2387
vn 0.3806 0.8645 -0.3282
vn -0.3924 -0.0141 -0.9197
vn -0.7296 0.2471 -0.6377
vn -0.4927 -0.0021 -0.8702
vn -0.7598 0.2057 -0.6167
vn -0.4322 0.1644 -0.8867
vn -0.6780 0.3321 -0.6558
vn -0.3376 0.2929 -0.8945
vn -0.6105 0.4643 -0.6417
vn -0.4275 0.5880 -0.6866
vn -0.1591 0.3866 -0.9084
vn -0.4245 0.8418 -0.3334
vn -0.2371 0.7199 -0.6523
vn -0.6319 0.6857 -0.3613
vn -0.0117 0.5373 -0.8433
vn -0.2903 0.6397 -0.7117
vn -0.4144 0.7967 -0.4399
vn -0.4434 0.8883 -0.1198
vn -0.5069 0.8615 -0.0308
vn -0.5102 0.8412 0.1789
vn -0.5286 0.8110 0.2507
vn -0.4800 0.7211 0.4996
vn -0.5539 0.6668 0.4986
vn -0.3082 0.4943 0.8129
vn -0.3261 0.4036 0.8548
vn 0.0444 0.3091 0.9500
vn -0.0862 0.1823 0.9795
vn 0.3156 0.0703 0.9463
vn 0.3453 0.0195 0.9383
vn 0.5363 -0.2416 0.8087
vn 0.6680 -0.2010 0.7165
vn 0.8114 -0.3771 0.4465
vn 0.8637 -0.3905 0.3185
vn 0.6736 -0.7297 0.1179
vn 0.8369 -0.5473 -0.0072
vn 0.7243 -0.6578 -0.2066
vn 0.8082 -0.5715 -0.1421
vn 0.7794 -0.3634 -0.5104
vn 0.6389 -0.3968 -0.6590
vn 0.5941 -0.1353 -0.7930
vn 0.4979 -0.1284 -0.8577
vn 0.3265 0.1392 -0.9349
vn 0.1769 0.1717 -0.9691
vn -0.0114 0.5370 -0.8435
vn -0.1581 0.4831 -0.8612
vn -0.1588 0.3863 -0.9086
vn 0.2264 0.0352 -0.9734
vn -0.3372 0.2926 -0.8948
vn 0.0589 -0.0442 -0.9973
vn -0.4318 0.1641 -0.8869
vn -0.0526 -0.1883 -0.9807
vn -0.4923 -0.0024 -0.8704
vn -0.1078 -0.3947 -0.9125
vn -0.3922 -0.0141 -0.9198
vn 0.0652 -0.2892 -0.9550
vn 0.5688 0.7872 -0.2383
vn 0.4954 0.8252 -0.2714
vn 0.2566 0.5821 0.7715
vn 0.5133 0.2390 0.8243
vn 0.1236 0.3381 0.9330
vn 0.4923 0.0024 0.8704
vn 0.0744 0.1775 0.9813
vn 0.4206 -0.1617 0.8927
vn 0.0037 0.0007 1.0000
vn 0.3372 -0.2926 0.8948
vn -0.1205 -0.1162 0.9859
vn 0.1486 -0.3814 0.9124
vn -0.2958 -0.2496 0.9221
vn -0.0181 -0.5251 0.8508
vn -0.4768 -0.3555 0.8039
vn -0.2205 -0.6424 0.7339
vn -0.7995 -0.5405 -0.2619
vn -0.8212 -0.4682 -0.3262
vn -0.1584 0.4830 -0.8612
vn 0.1768 0.1713 -0.9692
vn -0.6871 -0.5381 -0.4883
vn 0.4977 -0.1284 -0.8578
vn 0.6387 -0.3971 -0.6591
vn -0.4216 -0.8249 -0.3765
vn 0.7242 -0.6581 -0.2061
vn -0.4137 -0.9099 -0.0309
vn 0.6736 -0.7296 0.1180
vn -0.5603 -0.8272 0.0419
vn -0.7892 -0.6094 0.0762
vn 0.8112 -0.3775 0.4466
vn -0.8649 -0.4945 0.0865
vn 0.5362 -0.2415 0.8088
vn -0.7540 -0.5357 0.3802
vn 0.3149 0.0704 0.9465
vn -0.0861 0.1823 0.9795
vn -0.7426 -0.5425 0.3928
vn -0.3202 -0.4740 -0.8203
vn -0.5691 -0.1928 -0.7994
vn -0.3417 0.0491 -0.9385
vn -0.8496 0.0917 -0.5193
vn -0.8165 0.4264 -0.3892
vn -0.6008 0.3666 -0.7104
vn -0.9556 0.1624 -0.2458
vn -0.5848 0.4865 -0.6491
vn -0.3374 0.2928 -0.8947
vn -0.5423 0.5335 -0.6490
vn -0.4908 0.6078 -0.6243
vn -0.6639 0.6495 -0.3707
vn -0.7214 0.5751 -0.3858
vn -0.8040 0.5901 -0.0739
vn -0.8550 0.5105 -0.0916
vn -0.8370 0.5286 0.1414
vn -0.9277 0.3187 0.1943
vn -0.9893 0.0718 -0.1266
vn -0.8075 0.3700 0.4593
vn -0.9262 -0.0382 0.3750
vn -0.6231 0.0231 0.7818
vn -0.7294 -0.1765 0.6609
vn -0.5455 0.2801 0.7899
vn -0.7232 0.4996 0.4767
vn -0.4291 0.3617 0.8277
vn -0.3399 0.4737 0.8125
vn -0.5571 0.6541 0.5117
vn -0.2724 0.5616 0.7813
vn -0.2535 0.8995 0.3557
vn -0.4834 0.7092 0.5132
vn -0.0271 0.7605 0.6487
vn -0.5614 0.8019 0.2044
vn -0.5447 0.8376 -0.0424
vn -0.6660 0.7198 0.1956
vn -0.2202 0.9754 -0.0060
vn -0.6706 0.7393 -0.0613
vn -0.7431 0.6489 0.1635
vn -0.7482 0.6600 -0.0674
vn -0.8024 0.5742 0.1626
vn -0.6125 0.7090 -0.3496
vn -0.5182 0.7958 -0.3134
vn -0.2974 0.9001 -0.3185
vn -0.2564 0.9490 -0.1832
vn 0.8858 0.4614 0.0503
vn 0.7490 0.6120 -0.2538
vn 0.6532 -0.7498 0.1055
vn 0.5982 -0.7679 -0.2291
vn 0.4813 0.8251 -0.2958
vn 0.3927 0.8902 -0.2311
vn 0.5285 -0.7457 -0.4057
vn 0.2710 -0.5771 -0.7704
vn 0.3098 0.9507 -0.0151
vn 0.4097 -0.7824 -0.4690
vn 0.2558 -0.5710 -0.7801
vn 0.5626 -0.6282 -0.5374
vn 0.3708 -0.4527 -0.8109
vn 0.6487 -0.5713 -0.5028
vn 0.4699 -0.3293 -0.8190
vn 0.7164 -0.4854 -0.5012
vn 0.5662 -0.2443 -0.7872
vn 0.7434 -0.6486 -0.1635
vn 0.7854 -0.5998 -0.1527
vn 0.7460 -0.6649 -0.0375
vn 0.8089 -0.5872 -0.0293
vn 0.7039 -0.6764 0.2168
vn 0.7742 -0.5483 0.3163
vn 0.4397 -0.5172 0.7343
vn 0.5521 -0.4083 0.7270
vn 0.2466 -0.2191 0.9440
vn 0.1234 -0.2729 0.9541
vn -0.0678 0.0831 0.9942
vn -0.1551 -0.0239 0.9876
vn -0.3845 0.3301 0.8621
vn -0.6502 0.4294 0.6268
vn -0.4619 0.2377 0.8545
vn -0.5995 0.5355 0.5948
vn -0.4873 0.0765 0.8699
vn -0.6950 0.2856 0.6599
vn -0.8163 0.4214 0.3950
vn -0.9023 0.2365 0.3605
vn -0.8898 0.4562 0.0127
vn -0.7981 0.5991 0.0646
vn -0.7467 0.5387 0.3902
vn -0.7810 0.5474 -0.3006
vn -0.6828 0.6713 0.2885
vn -0.6610 0.7501 -0.0207
vn -0.8441 0.4143 -0.3405
vn -0.9169 0.2812 -0.2832
vn -0.9629 0.2700 0.0028
vn -0.9431 0.3311 0.0300
vn -0.9258 0.2074 0.3161
vn 0.0997 0.9859 0.1347
vn -0.7235 0.2167 0.6555
vn 0.4131 0.9065 0.0871
vn 0.2348 0.9161 0.3250
vn -0.5199 -0.0749 0.8509
vn 0.3073 0.8460 0.4357
vn -0.1725 -0.1374 0.9754
vn -0.2764 -0.3328 0.9016
vn -0.5000 -0.0944 0.8608
vn -0.2027 -0.1663 0.9650
vn 0.0553 -0.5089 0.8591
vn 0.1068 -0.3737 0.9214
vn 0.3245 -0.7143 0.6201
vn 0.3354 -0.6286 0.7017
vn 0.4520 -0.8338 0.3170
vn 0.5657 -0.7643 0.3095
vn 0.6659 -0.7460 0.0068
vn 0.5299 -0.8470 0.0433
vn 0.6829 -0.7068 -0.1847
vn 0.5428 -0.8176 -0.1920
vn 0.6175 -0.6974 0.3637
vn 0.6752 0.5397 0.5028
vn 0.3899 -0.6345 0.6674
vn 0.0819 -0.3862 0.9188
vn 0.3348 0.8674 0.3681
vn 0.3320 0.5806 -0.7435
vn 0.5869 0.2993 -0.7523
vn 0.7292 -0.0734 -0.6804
vn 0.8183 0.1358 -0.5584
vn 0.8863 -0.2403 -0.3958
vn 0.9613 0.0680 -0.2668
vn 0.9629 -0.2699 -0.0028
vn 0.9884 0.1313 -0.0762
vn 0.9750 -0.0378 0.2192
vn -0.0650 0.9975 -0.0258
vn 0.2520 0.9411 -0.2256
vn -0.8979 0.3341 -0.2866
vn 0.8938 -0.2910 0.3412
vn 0.8441 -0.4143 0.3405
vn 0.8820 -0.4677 -0.0572
vn 0.7810 -0.5474 0.3006
vn 0.7914 -0.6106 -0.0280
vn 0.6318 -0.6856 0.3616
vn 0.6610 -0.7501 0.0207
vn 0.4245 -0.8418 0.3334
vn 0.1667 -0.9778 0.1267
vn 0.4766 -0.8771 0.0605
vn 0.1079 -0.9184 0.3807
vn 0.6884 -0.6424 -0.3368
vn 0.7659 -0.5381 -0.3519
vn 0.8092 -0.4328 -0.3974
vn 0.7052 -0.2888 -0.6475
vn -0.1583 0.4832 -0.8611
vt 0.395306 -0.536872
vt 0.396275 -0.531059
vt 0.391430 -0.536872
vt 0.401119 -0.531059
vt 0.400150 -0.536872
vt 0.398212 -0.541717
vt 0.395306 -0.540748
vt 0.391430 -0.541717
vt 0.386586 -0.538810
vt 0.390461 -0.531059
vt 0.387555 -0.544623
vt 0.381741 -0.540748
vt 0.385617 -0.532997
vt 0.379804 -0.533965
vt 0.378835 -0.533965
vt 0.378835 -0.526214
vt 0.380773 -0.541717
vt 0.377866 -0.534934
vt 0.377866 -0.526214
vt 0.376897 -0.526214
vt 0.373990 -0.527183
vt 0.376897 -0.517494
vt 0.375928 -0.517494
vt 0.373990 -0.518463
vt 0.373990 -0.509743
vt 0.375928 -0.508774
vt 0.374959 -0.499085
vt 0.376897 -0.500054
vt 0.375928 -0.491334
vt 0.378835 -0.491334
vt 0.378835 -0.482614
vt 0.380773 -0.482614
vt 0.381741 -0.474863
vt 0.383679 -0.475832
vt 0.385617 -0.470019
vt 0.384648 -0.469050
vt 0.387555 -0.465174
vt 0.388524 -0.466143
vt 0.392399 -0.462268
vt 0.392399 -0.464206
vt 0.397244 -0.466143
vt 0.398212 -0.464206
vt 0.402088 -0.468081
vt 0.401119 -0.470019
vt 0.392399 -0.465174
vt 0.396275 -0.467112
vt 0.400150 -0.470019
vt 0.392399 -0.466143
vt 0.396275 -0.468081
vt 0.399181 -0.470988
vt 0.391430 -0.468081
vt 0.393368 -0.471957
vt 0.397244 -0.475832
vt 0.404995 -0.479708
vt 0.406932 -0.479708
vt 0.410808 -0.488428
vt 0.407901 -0.478739
vt 0.411777 -0.488428
vt 0.413715 -0.487459
vt 0.409839 -0.477770
vt 0.413715 -0.495210
vt 0.412746 -0.495210
vt 0.414684 -0.503930
vt 0.416621 -0.502961
vt 0.415652 -0.511681
vt 0.417590 -0.511681
vt 0.415652 -0.518463
vt 0.417590 -0.519432
vt 0.416621 -0.527183
vt 0.413715 -0.527183
vt 0.412746 -0.532997
vt 0.414684 -0.532997
vt 0.410808 -0.539779
vt 0.412746 -0.540748
vt 0.407901 -0.545592
vt 0.409839 -0.546561
vt 0.404026 -0.551405
vt 0.405964 -0.552374
vt 0.401119 -0.558188
vt 0.400150 -0.557219
vt 0.397244 -0.561094
vt 0.398212 -0.562063
vt 0.393368 -0.564001
vt 0.394337 -0.562063
vt 0.391430 -0.562063
vt 0.390461 -0.563032
vt 0.388524 -0.560125
vt 0.387555 -0.561094
vt 0.384648 -0.554312
vt 0.382710 -0.555281
vt 0.379804 -0.549468
vt 0.381741 -0.548499
vt 0.377866 -0.542685
vt 0.379804 -0.541717
vt 0.375928 -0.534934
vt 0.385617 -0.553343
vt 0.382710 -0.547530
vt 0.386586 -0.552374
vt 0.384648 -0.547530
vt 0.389493 -0.549468
vt 0.394337 -0.549468
vt 0.392399 -0.546561
vt 0.392399 -0.553343
vt 0.396275 -0.545592
vt 0.394337 -0.544623
vt 0.402088 -0.542685
vt 0.399181 -0.547530
vt 0.404995 -0.544623
vt 0.396275 -0.552374
vt 0.402088 -0.550436
vt 0.406932 -0.544623
vt 0.398212 -0.555281
vt 0.403057 -0.551405
vt 0.399181 -0.556250
vt 0.396275 -0.558188
vt 0.396275 -0.559156
vt 0.393368 -0.560125
vt 0.393368 -0.561094
vt 0.391430 -0.560125
vt 0.392399 -0.559156
vt 0.389493 -0.558188
vt 0.390461 -0.558188
vt 0.394337 -0.556250
vt 0.407901 -0.538810
vt 0.409839 -0.538810
vt 0.410808 -0.532028
vt 0.411777 -0.532028
vt 0.411777 -0.526214
vt 0.412746 -0.527183
vt 0.412746 -0.519432
vt 0.414684 -0.518463
vt 0.412746 -0.511681
vt 0.413715 -0.511681
vt 0.413715 -0.503930
vt 0.411777 -0.503930
vt 0.411777 -0.495210
vt 0.410808 -0.495210
vt 0.407901 -0.503930
vt 0.405964 -0.496179
vt 0.408870 -0.489397
vt 0.404995 -0.489397
vt 0.399181 -0.490365
vt 0.401119 -0.481645
vt 0.398212 -0.484552
vt 0.395306 -0.486490
vt 0.395306 -0.490365
vt 0.394337 -0.479708
vt 0.390461 -0.488428
vt 0.388524 -0.494241
vt 0.395306 -0.496179
vt 0.387555 -0.501992
vt 0.395306 -0.502961
vt 0.400150 -0.496179
vt 0.402088 -0.502961
vt 0.395306 -0.509743
vt 0.401119 -0.510712
vt 0.406932 -0.510712
vt 0.401119 -0.517494
vt 0.406932 -0.518463
vt 0.401119 -0.524276
vt 0.407901 -0.526214
vt 0.406932 -0.532028
vt 0.404995 -0.537841
vt 0.395306 -0.524276
vt 0.395306 -0.517494
vt 0.389493 -0.517494
vt 0.388524 -0.509743
vt 0.383679 -0.509743
vt 0.382710 -0.517494
vt 0.378835 -0.509743
vt 0.383679 -0.501023
vt 0.379804 -0.501023
vt 0.384648 -0.493272
vt 0.380773 -0.492303
vt 0.386586 -0.486490
vt 0.382710 -0.484552
vt 0.388524 -0.480677
vt 0.392399 -0.483583
vt 0.385617 -0.477770
vt 0.391430 -0.475832
vt 0.387555 -0.470988
vt 0.389493 -0.467112
vt 0.386586 -0.470988
vt 0.384648 -0.476801
vt 0.381741 -0.483583
vt 0.379804 -0.491334
vt 0.377866 -0.500054
vt 0.376897 -0.509743
vt 0.377866 -0.517494
vt 0.383679 -0.526214
vt 0.389493 -0.525245
vt 0.706341 -0.274147
vt 0.616585 -0.275122
vt 0.705365 -0.278049
vt 0.616585 -0.279025
vt 0.705365 -0.281952
vt 0.615610 -0.283903
vt 0.705365 -0.285854
vt 0.615610 -0.287805
vt 0.705365 -0.289756
vt 0.615610 -0.291708
vt 0.705365 -0.294635
vt 0.615610 -0.295610
vt 0.705365 -0.298537
vt 0.615610 -0.299513
vt 0.705365 -0.302439
vt 0.615610 -0.303415
vt 0.705365 -0.306342
vt 0.615610 -0.308293
vt 0.705365 -0.310244
vt 0.615610 -0.312195
vt 0.615610 -0.316098
vt 0.705365 -0.314147
vt 0.616585 -0.320000
vt 0.706341 -0.318049
vt 0.616585 -0.323903
vt 0.706341 -0.321952
vt 0.616585 -0.327805
vt 0.706341 -0.325854
vt 0.616585 -0.331708
vt 0.707317 -0.329756
vt 0.617561 -0.336586
vt 0.707317 -0.334634
vt 0.617561 -0.340488
vt 0.707317 -0.338537
vt 0.617561 -0.344391
vt 0.708292 -0.342439
vt 0.618536 -0.348293
vt 0.708292 -0.346342
vt 0.618536 -0.353171
vt 0.708292 -0.350244
vt 0.618536 -0.357073
vt 0.709268 -0.354147
vt 0.618536 -0.360976
vt 0.709268 -0.358049
vt 0.619512 -0.364878
vt 0.709268 -0.361951
vt 0.619512 -0.369756
vt 0.709268 -0.365854
vt 0.619512 -0.373659
vt 0.709268 -0.369756
vt 0.619512 -0.377561
vt 0.710244 -0.377561
vt 0.710244 -0.373659
vt 0.619512 -0.381464
vt 0.710244 -0.382439
vt 0.620488 -0.386342
vt 0.710244 -0.386342
vt 0.620488 -0.390244
vt 0.710244 -0.390244
vt 0.620488 -0.394147
vt 0.710244 -0.394147
vt 0.620488 -0.398049
vt 0.709268 -0.398049
vt 0.620488 -0.401951
vt 0.709268 -0.401951
vt 0.620488 -0.405854
vt 0.971706 -0.200001
vt 0.968780 -0.200976
vt 0.973658 -0.205854
vt 0.971706 -0.206830
vt 0.964877 -0.203903
vt 0.968780 -0.208781
vt 0.961950 -0.206830
vt 0.966828 -0.210732
vt 0.959999 -0.209757
vt 0.965853 -0.212683
vt 0.958048 -0.213659
vt 0.964877 -0.215610
vt 0.958048 -0.217562
vt 0.963902 -0.218537
vt 0.958048 -0.221464
vt 0.963902 -0.221464
vt 0.964877 -0.223415
vt 0.958048 -0.225366
vt 0.965853 -0.226342
vt 0.959999 -0.229269
vt 0.966828 -0.228293
vt 0.961950 -0.233171
vt 0.968780 -0.230244
vt 0.964877 -0.235122
vt 0.971706 -0.232196
vt 0.968780 -0.238049
vt 0.973658 -0.233171
vt 0.971706 -0.239025
vt 0.976584 -0.234147
vt 0.976584 -0.240000
vt 0.979511 -0.234147
vt 0.980487 -0.240000
vt 0.982438 -0.233171
vt 0.984389 -0.239025
vt 0.985365 -0.232196
vt 0.988292 -0.238049
vt 0.987316 -0.230244
vt 0.991219 -0.235122
vt 0.989267 -0.228293
vt 0.994145 -0.233171
vt 0.991219 -0.226342
vt 0.996097 -0.229269
vt 0.998048 -0.225366
vt 0.992194 -0.223415
vt 0.999023 -0.221464
vt 0.992194 -0.221464
vt 0.999023 -0.217562
vt 0.992194 -0.218537
vt 0.992194 -0.215610
vt 0.998048 -0.213659
vt 0.991219 -0.212683
vt 0.996097 -0.209757
vt 0.989267 -0.210732
vt 0.994145 -0.206830
vt 0.987316 -0.208781
vt 0.991219 -0.203903
vt 0.988292 -0.200976
vt 0.985365 -0.206830
vt 0.984389 -0.200001
vt 0.982438 -0.205854
vt 0.980487 -0.199025
vt 0.979511 -0.204879
vt 0.976584 -0.199025
vt 0.976584 -0.204879
vt 0.323903 -0.540488
vt 0.322927 -0.535610
vt 0.315122 -0.539512
vt 0.315122 -0.535610
vt 0.315122 -0.531707
vt 0.322927 -0.530732
vt 0.315122 -0.526829
vt 0.322927 -0.526829
vt 0.315122 -0.522927
vt 0.322927 -0.522927
vt 0.321952 -0.518049
vt 0.314147 -0.519024
vt 0.321952 -0.514146
vt 0.314147 -0.515122
vt 0.321952 -0.510244
vt 0.314147 -0.510244
vt 0.321952 -0.506341
vt 0.314147 -0.506341
vt 0.321952 -0.502439
vt 0.314147 -0.502439
vt 0.314147 -0.498537
vt 0.320976 -0.497561
vt 0.314147 -0.493659
vt 0.320976 -0.493659
vt 0.313171 -0.489756
vt 0.320976 -0.489756
vt 0.313171 -0.485854
vt 0.320976 -0.485854
vt 0.313171 -0.481951
vt 0.320976 -0.481951
vt 0.320976 -0.477073
vt 0.313171 -0.478049
vt 0.320976 -0.473171
vt 0.313171 -0.473171
vt 0.320976 -0.469268
vt 0.313171 -0.465366
vt 0.313171 -0.469268
vt 0.320976 -0.465366
vt 0.313171 -0.461464
vt 0.320976 -0.461464
vt 0.313171 -0.457561
vt 0.320976 -0.457561
vt 0.313171 -0.452683
vt 0.320976 -0.452683
vt 0.313171 -0.448781
vt 0.320976 -0.448781
vt 0.313171 -0.444878
vt 0.320976 -0.444878
vt 0.313171 -0.440976
vt 0.320976 -0.440976
vt 0.313171 -0.437073
vt 0.320976 -0.436098
vt 0.320976 -0.432195
vt 0.313171 -0.432195
vt 0.320976 -0.428293
vt 0.313171 -0.428293
vt 0.320976 -0.424390
vt 0.313171 -0.424390
vt 0.320976 -0.419512
vt 0.312195 -0.420488
vt 0.320976 -0.415610
vt 0.312195 -0.415610
vt 0.320000 -0.411707
vt 0.312195 -0.411707
vt 0.320000 -0.406829
vt 0.312195 -0.407805
vt 0.280976 -0.407805
vt 0.280976 -0.411707
vt 0.288781 -0.405854
vt 0.288781 -0.410732
vt 0.280976 -0.415610
vt 0.288781 -0.415610
vt 0.280976 -0.420488
vt 0.288781 -0.420488
vt 0.281952 -0.424390
vt 0.288781 -0.424390
vt 0.281952 -0.428293
vt 0.288781 -0.428293
vt 0.281952 -0.433171
vt 0.289757 -0.433171
vt 0.281952 -0.437073
vt 0.289757 -0.437073
vt 0.289757 -0.440976
vt 0.281952 -0.440976
vt 0.289757 -0.444878
vt 0.281952 -0.445854
vt 0.289757 -0.449756
vt 0.281952 -0.449756
vt 0.289757 -0.453659
vt 0.281952 -0.453659
vt 0.289757 -0.457561
vt 0.281952 -0.457561
vt 0.289757 -0.461464
vt 0.282927 -0.462439
vt 0.289757 -0.466342
vt 0.282927 -0.466342
vt 0.289757 -0.470244
vt 0.282927 -0.470244
vt 0.289757 -0.474146
vt 0.282927 -0.474146
vt 0.289757 -0.478049
vt 0.282927 -0.478049
vt 0.289757 -0.481951
vt 0.282927 -0.482927
vt 0.289757 -0.486829
vt 0.282927 -0.486829
vt 0.289757 -0.490732
vt 0.282927 -0.490732
vt 0.289757 -0.494634
vt 0.282927 -0.494634
vt 0.290732 -0.498537
vt 0.282927 -0.498537
vt 0.290732 -0.502439
vt 0.282927 -0.503415
vt 0.282927 -0.507317
vt 0.290732 -0.507317
vt 0.282927 -0.511220
vt 0.290732 -0.511220
vt 0.283903 -0.515122
vt 0.290732 -0.515122
vt 0.283903 -0.520000
vt 0.290732 -0.519024
vt 0.283903 -0.523902
vt 0.290732 -0.523902
vt 0.283903 -0.527805
vt 0.290732 -0.527805
vt 0.283903 -0.532683
vt 0.291708 -0.532683
vt 0.283903 -0.536585
vt 0.291708 -0.536585
vt 0.282927 -0.540488
vt 0.291708 -0.542439
vt 0.265366 -0.540488
vt 0.281952 -0.540488
vt 0.265366 -0.536585
vt 0.281952 -0.536585
vt 0.281952 -0.532683
vt 0.265366 -0.531707
vt 0.281952 -0.527805
vt 0.265366 -0.527805
vt 0.281952 -0.523902
vt 0.265366 -0.523902
vt 0.281952 -0.520000
vt 0.265366 -0.520000
vt 0.265366 -0.515122
vt 0.281952 -0.515122
vt 0.265366 -0.511220
vt 0.281952 -0.511220
vt 0.265366 -0.507317
vt 0.281952 -0.507317
vt 0.265366 -0.503415
vt 0.281952 -0.503415
vt 0.281952 -0.498537
vt 0.265366 -0.499512
vt 0.281952 -0.494634
vt 0.265366 -0.494634
vt 0.281952 -0.490732
vt 0.265366 -0.490732
vt 0.281952 -0.486829
vt 0.265366 -0.486829
vt 0.281952 -0.482927
vt 0.265366 -0.482927
vt 0.281952 -0.478049
vt 0.265366 -0.479024
vt 0.281952 -0.474146
vt 0.265366 -0.475122
vt 0.281952 -0.470244
vt 0.265366 -0.470244
vt 0.264391 -0.466342
vt 0.280976 -0.466342
vt 0.264391 -0.462439
vt 0.280976 -0.462439
vt 0.264391 -0.458537
vt 0.280976 -0.457561
vt 0.264391 -0.454634
vt 0.280976 -0.453659
vt 0.280976 -0.449756
vt 0.264391 -0.449756
vt 0.280976 -0.445854
vt 0.264391 -0.445854
vt 0.280976 -0.440976
vt 0.264391 -0.441951
vt 0.280976 -0.437073
vt 0.263415 -0.433171
vt 0.264391 -0.438049
vt 0.280976 -0.433171
vt 0.263415 -0.429268
vt 0.280976 -0.429268
vt 0.263415 -0.425366
vt 0.280000 -0.424390
vt 0.263415 -0.421464
vt 0.280000 -0.420488
vt 0.263415 -0.416586
vt 0.280000 -0.416586
vt 0.263415 -0.412683
vt 0.280000 -0.411707
vt 0.262439 -0.408781
vt 0.280000 -0.407805
vt 0.303415 -0.539512
vt 0.302439 -0.535610
vt 0.302439 -0.531707
vt 0.302439 -0.527805
vt 0.302439 -0.522927
vt 0.302439 -0.519024
vt 0.301464 -0.515122
vt 0.301464 -0.511220
vt 0.301464 -0.506341
vt 0.301464 -0.502439
vt 0.301464 -0.498537
vt 0.301464 -0.494634
vt 0.301464 -0.490732
vt 0.301464 -0.485854
vt 0.301464 -0.481951
vt 0.301464 -0.478049
vt 0.300488 -0.474146
vt 0.300488 -0.470244
vt 0.300488 -0.465366
vt 0.300488 -0.461464
vt 0.300488 -0.457561
vt 0.300488 -0.453659
vt 0.300488 -0.448781
vt 0.300488 -0.444878
vt 0.300488 -0.440976
vt 0.300488 -0.437073
vt 0.300488 -0.432195
vt 0.300488 -0.428293
vt 0.300488 -0.424390
vt 0.300488 -0.420488
vt 0.300488 -0.415610
vt 0.300488 -0.411707
vt 0.300488 -0.407805
vt 0.333659 -0.538537
vt 0.333659 -0.534634
vt 0.332683 -0.530732
vt 0.332683 -0.525854
vt 0.332683 -0.521951
vt 0.332683 -0.518049
vt 0.332683 -0.514146
vt 0.331708 -0.510244
vt 0.331708 -0.506341
vt 0.331708 -0.501463
vt 0.331708 -0.497561
vt 0.331708 -0.493659
vt 0.331708 -0.489756
vt 0.331708 -0.485854
vt 0.330732 -0.480976
vt 0.330732 -0.477073
vt 0.330732 -0.473171
vt 0.330732 -0.469268
vt 0.330732 -0.465366
vt 0.330732 -0.461464
vt 0.330732 -0.456585
vt 0.330732 -0.452683
vt 0.330732 -0.448781
vt 0.330732 -0.444878
vt 0.330732 -0.440976
vt 0.330732 -0.436098
vt 0.330732 -0.432195
vt 0.330732 -0.428293
vt 0.330732 -0.424390
vt 0.330732 -0.420488
vt 0.330732 -0.415610
vt 0.330732 -0.411707
vt 0.330732 -0.407805
vt 0.983414 -0.661463
vt 0.983414 -0.658536
vt 0.983414 -0.665366
vt 0.981462 -0.668292
vt 0.982438 -0.655609
vt 0.980487 -0.671219
vt 0.981462 -0.652683
vt 0.977560 -0.673170
vt 0.979511 -0.649756
vt 0.974633 -0.675122
vt 0.977560 -0.647805
vt 0.971706 -0.676097
vt 0.974633 -0.645853
vt 0.968780 -0.677073
vt 0.971706 -0.644878
vt 0.965853 -0.677073
vt 0.968780 -0.643902
vt 0.962926 -0.676097
vt 0.965853 -0.643902
vt 0.959999 -0.675122
vt 0.961950 -0.644878
vt 0.957072 -0.673170
vt 0.959024 -0.645853
vt 0.955121 -0.671219
vt 0.957072 -0.647805
vt 0.953170 -0.668292
vt 0.954145 -0.649756
vt 0.951219 -0.665366
vt 0.953170 -0.652683
vt 0.951219 -0.662439
vt 0.951219 -0.655609
vt 0.951219 -0.659512
vt 0.478049 -0.405854
vt 0.478049 -0.409756
vt 0.478049 -0.413659
vt 0.478049 -0.418537
vt 0.478049 -0.422439
vt 0.478049 -0.426342
vt 0.478049 -0.430244
vt 0.478049 -0.434146
vt 0.478049 -0.438049
vt 0.478049 -0.441951
vt 0.478049 -0.445854
vt 0.478049 -0.449756
vt 0.478049 -0.453659
vt 0.478049 -0.457561
vt 0.478049 -0.462439
vt 0.478049 -0.466342
vt 0.478049 -0.470244
vt 0.478049 -0.474146
vt 0.478049 -0.478049
vt 0.479024 -0.481951
vt 0.479024 -0.485854
vt 0.479024 -0.489756
vt 0.479024 -0.493659
vt 0.479024 -0.501463
vt 0.479024 -0.497561
vt 0.479024 -0.505366
vt 0.480000 -0.510244
vt 0.480000 -0.514146
vt 0.480000 -0.518049
vt 0.480000 -0.521951
vt 0.480000 -0.525854
vt 0.480000 -0.529756
vt 0.480976 -0.533659
vt 0.973658 -0.639024
vt 0.968780 -0.638049
vt 0.964877 -0.638049
vt 0.960975 -0.639024
vt 0.956097 -0.640975
vt 0.953170 -0.642927
vt 0.949267 -0.645853
vt 0.947316 -0.649756
vt 0.945365 -0.653658
vt 0.944389 -0.658536
vt 0.944389 -0.663414
vt 0.945365 -0.667317
vt 0.947316 -0.671219
vt 0.950243 -0.675122
vt 0.953170 -0.678048
vt 0.957072 -0.680975
vt 0.960975 -0.681951
vt 0.964877 -0.682926
vt 0.969755 -0.682926
vt 0.973658 -0.681951
vt 0.978536 -0.680975
vt 0.981462 -0.678048
vt 0.985365 -0.675122
vt 0.987316 -0.671219
vt 0.989267 -0.667317
vt 0.990243 -0.662439
vt 0.990243 -0.657561
vt 0.989267 -0.653658
vt 0.987316 -0.649756
vt 0.984389 -0.645853
vt 0.981462 -0.642927
vt 0.977560 -0.640000
vt 0.718048 -0.817560
vt 0.720975 -0.796097
vt 0.678048 -0.815609
vt 0.682926 -0.782439
vt 0.591219 -0.784390
vt 0.586341 -0.817560
vt 0.586341 -0.722926
vt 0.587317 -0.743414
vt 0.678048 -0.720975
vt 0.679024 -0.741463
vt 0.550244 -0.786341
vt 0.547317 -0.806829
vt 0.675122 -0.680975
vt 0.583414 -0.682926
vt 0.065367 -0.139513
vt 0.065367 -0.159025
vt 0.092684 -0.148293
vt 0.091708 -0.158049
vt 0.111220 -0.160001
vt 0.087806 -0.183415
vt 0.107318 -0.185366
vt 0.085854 -0.202927
vt 0.105367 -0.204879
vt 0.083903 -0.231220
vt 0.103415 -0.233171
vt 0.112196 -0.150245
vt 0.135610 -0.166830
vt 0.139513 -0.147318
vt 0.898536 -0.071220
vt 0.891707 -0.063415
vt 0.885853 -0.071220
vt 0.881950 -0.058537
vt 0.879024 -0.068294
vt 0.870243 -0.058537
vt 0.872194 -0.068294
vt 0.860487 -0.061464
vt 0.865365 -0.071220
vt 0.850731 -0.068294
vt 0.859511 -0.075123
vt 0.856585 -0.081952
vt 0.845853 -0.079025
vt 0.855609 -0.088781
vt 0.845853 -0.089757
vt 0.848780 -0.100489
vt 0.858536 -0.095610
vt 0.856585 -0.108293
vt 0.862438 -0.100489
vt 0.869268 -0.103415
vt 0.866341 -0.114147
vt 0.876097 -0.103415
vt 0.878048 -0.115123
vt 0.883902 -0.101464
vt 0.889755 -0.110245
vt 0.888780 -0.096586
vt 0.897560 -0.102440
vt 0.902438 -0.091708
vt 0.891707 -0.089757
vt 0.902438 -0.080976
vt 0.892682 -0.082928
vt 0.889755 -0.076098
vt 0.971706 -0.270244
vt 0.971706 -0.271220
vt 0.978536 -0.274147
vt 0.972682 -0.268293
vt 0.972682 -0.269269
vt 0.979511 -0.270244
vt 0.991219 -0.282927
vt 0.975609 -0.277074
vt 0.983414 -0.289756
vt 0.974633 -0.293659
vt 0.971706 -0.278049
vt 0.964877 -0.293659
vt 0.967804 -0.278049
vt 0.963902 -0.277074
vt 0.955121 -0.289756
vt 0.960975 -0.274147
vt 0.948292 -0.282927
vt 0.959999 -0.270244
vt 0.944389 -0.273171
vt 0.959999 -0.266342
vt 0.944389 -0.263415
vt 0.948292 -0.254635
vt 0.960975 -0.262439
vt 0.955121 -0.246830
vt 0.963902 -0.260488
vt 0.964877 -0.242927
vt 0.967804 -0.258537
vt 0.974633 -0.243903
vt 0.971706 -0.258537
vt 0.975609 -0.260488
vt 0.984389 -0.247805
vt 0.978536 -0.263415
vt 0.971706 -0.266342
vt 0.970731 -0.265366
vt 0.968780 -0.271220
vt 0.970731 -0.271220
vt 0.971706 -0.267318
vt 0.979511 -0.266342
vt 0.995121 -0.263415
vt 0.991219 -0.254635
vt 0.994145 -0.273171
vt 0.967804 -0.271220
vt 0.966828 -0.270244
vt 0.968780 -0.265366
vt 0.967804 -0.266342
vt 0.966828 -0.269269
vt 0.967804 -0.267318
vt 0.966828 -0.268293
vt 0.971706 -0.760000
vt 0.972682 -0.760000
vt 0.968780 -0.753170
vt 0.973658 -0.759024
vt 0.970731 -0.760975
vt 0.965853 -0.756097
vt 0.953170 -0.747317
vt 0.971706 -0.752195
vt 0.968780 -0.736585
vt 0.959999 -0.740487
vt 0.979511 -0.736585
vt 0.975609 -0.752195
vt 0.988292 -0.740487
vt 0.979511 -0.753170
vt 0.995121 -0.747317
vt 0.982438 -0.756097
vt 0.984389 -0.760000
vt 0.999023 -0.757073
vt 0.984389 -0.763902
vt 0.999023 -0.766829
vt 0.982438 -0.767804
vt 0.995121 -0.776585
vt 0.979511 -0.770731
vt 0.976584 -0.761951
vt 0.976584 -0.762926
vt 0.978536 -0.787317
vt 0.988292 -0.783414
vt 0.975609 -0.771707
vt 0.974633 -0.764878
vt 0.975609 -0.763902
vt 0.973658 -0.764878
vt 0.976584 -0.760975
vt 0.972682 -0.763902
vt 0.971706 -0.771707
vt 0.968780 -0.770731
vt 0.959999 -0.783414
vt 0.968780 -0.787317
vt 0.953170 -0.775609
vt 0.965853 -0.767804
vt 0.963902 -0.763902
vt 0.949267 -0.766829
vt 0.963902 -0.760000
vt 0.949267 -0.757073
vt 0.970731 -0.762926
vt 0.974633 -0.759024
vt 0.975609 -0.759024
vt 0.971706 -0.763902
vt 0.976584 -0.760000
vt 0.016586 -0.998048
vt 0.026342 -0.999023
vt 0.016586 -0.995121
vt 0.027318 -0.996097
vt 0.016586 -0.992194
vt 0.027318 -0.993170
vt 0.016586 -0.989267
vt 0.027318 -0.990243
vt 0.016586 -0.986341
vt 0.027318 -0.987316
vt 0.017562 -0.983414
vt 0.027318 -0.984389
vt 0.017562 -0.980487
vt 0.028294 -0.981462
vt 0.017562 -0.978536
vt 0.028294 -0.978536
vt 0.017562 -0.975609
vt 0.028294 -0.976584
vt 0.017562 -0.972682
vt 0.028294 -0.973658
vt 0.017562 -0.970731
vt 0.028294 -0.970731
vt 0.018538 -0.967804
vt 0.028294 -0.968780
vt 0.018538 -0.964877
vt 0.029269 -0.965853
vt 0.018538 -0.961950
vt 0.029269 -0.962926
vt 0.019513 -0.959024
vt 0.029269 -0.959999
vt 0.019513 -0.956097
vt 0.030245 -0.957072
vt 0.020489 -0.954145
vt 0.030245 -0.954145
vt 0.020489 -0.951219
vt 0.031220 -0.952194
vt 0.020489 -0.949267
vt 0.031220 -0.950243
vt 0.031220 -0.948292
vt 0.020489 -0.947316
vt 0.031220 -0.945365
vt 0.020489 -0.945365
vt 0.031220 -0.943414
vt 0.020489 -0.942438
vt 0.030245 -0.939511
vt 0.019513 -0.938536
vt 0.029269 -0.935609
vt 0.019513 -0.934633
vt 0.028294 -0.930731
vt 0.017562 -0.930731
vt 0.028294 -0.926828
vt 0.017562 -0.925853
vt 0.026342 -0.922926
vt 0.016586 -0.921950
vt 0.018538 -0.913170
vt 0.550244 -0.004879
vt 0.550244 -0.016586
vt 0.560000 -0.004879
vt 0.559024 -0.016586
vt 0.571707 -0.016586
vt 0.560000 -0.040976
vt 0.572683 -0.040976
vt 0.572683 -0.004879
vt 0.799024 -0.601951
vt 0.793170 -0.577561
vt 0.760000 -0.610731
vt 0.754146 -0.586341
vt 0.582439 -0.233171
vt 0.541463 -0.232196
vt 0.582439 -0.246830
vt 0.541463 -0.245854
vt 0.709268 -0.551219
vt 0.712195 -0.564878
vt 0.733658 -0.547317
vt 0.736585 -0.560000
vt 0.748292 -0.557073
vt 0.738536 -0.568780
vt 0.750243 -0.565854
vt 0.745365 -0.544390
vt 0.782438 -0.422439
vt 0.779512 -0.419512
vt 0.775609 -0.424390
vt 0.772682 -0.423415
vt 0.775609 -0.417561
vt 0.770731 -0.422439
vt 0.772682 -0.415610
vt 0.767804 -0.421464
vt 0.768780 -0.415610
vt 0.764878 -0.421464
vt 0.763902 -0.415610
vt 0.761951 -0.422439
vt 0.760000 -0.415610
vt 0.760000 -0.423415
vt 0.757073 -0.417561
vt 0.757073 -0.424390
vt 0.753170 -0.419512
vt 0.750243 -0.422439
vt 0.755121 -0.426342
vt 0.748292 -0.426342
vt 0.754146 -0.429268
vt 0.746341 -0.430244
vt 0.752195 -0.431220
vt 0.745365 -0.434146
vt 0.752195 -0.434146
vt 0.745365 -0.438049
vt 0.752195 -0.437073
vt 0.746341 -0.441951
vt 0.752195 -0.440000
vt 0.748292 -0.445854
vt 0.754146 -0.442927
vt 0.750243 -0.448781
vt 0.755121 -0.444878
vt 0.753170 -0.451707
vt 0.757073 -0.446829
vt 0.757073 -0.453659
vt 0.760000 -0.448781
vt 0.760000 -0.455610
vt 0.761951 -0.449756
vt 0.763902 -0.456585
vt 0.764878 -0.449756
vt 0.768780 -0.456585
vt 0.767804 -0.449756
vt 0.772682 -0.455610
vt 0.770731 -0.449756
vt 0.776585 -0.453659
vt 0.772682 -0.448781
vt 0.779512 -0.451707
vt 0.775609 -0.446829
vt 0.777560 -0.444878
vt 0.782438 -0.448781
vt 0.779512 -0.442927
vt 0.784390 -0.445854
vt 0.780487 -0.440000
vt 0.786341 -0.441951
vt 0.780487 -0.437073
vt 0.787317 -0.438049
vt 0.780487 -0.434146
vt 0.787317 -0.434146
vt 0.780487 -0.431220
vt 0.786341 -0.430244
vt 0.778536 -0.429268
vt 0.784390 -0.426342
vt 0.777560 -0.426342
vt 0.669268 -0.941463
vt 0.669268 -0.932682
vt 0.664390 -0.941463
vt 0.664390 -0.932682
vt 0.660487 -0.941463
vt 0.660487 -0.933658
vt 0.656585 -0.941463
vt 0.656585 -0.933658
vt 0.652683 -0.941463
vt 0.651707 -0.933658
vt 0.647805 -0.941463
vt 0.647805 -0.933658
vt 0.643902 -0.941463
vt 0.643902 -0.933658
vt 0.640000 -0.942438
vt 0.640000 -0.934633
vt 0.636097 -0.942438
vt 0.635122 -0.934633
vt 0.631219 -0.942438
vt 0.631219 -0.934633
vt 0.627317 -0.934633
vt 0.627317 -0.942438
vt 0.623414 -0.934633
vt 0.623414 -0.942438
vt 0.618536 -0.935609
vt 0.619512 -0.942438
vt 0.614634 -0.935609
vt 0.614634 -0.942438
vt 0.610731 -0.935609
vt 0.610731 -0.943414
vt 0.606829 -0.935609
vt 0.606829 -0.943414
vt 0.602927 -0.935609
vt 0.602927 -0.943414
vt 0.598049 -0.935609
vt 0.599024 -0.943414
vt 0.594146 -0.936585
vt 0.594146 -0.943414
vt 0.590244 -0.936585
vt 0.590244 -0.944389
vt 0.586341 -0.936585
vt 0.586341 -0.944389
vt 0.582439 -0.936585
vt 0.582439 -0.944389
vt 0.577561 -0.936585
vt 0.578536 -0.944389
vt 0.573658 -0.936585
vt 0.573658 -0.944389
vt 0.569756 -0.936585
vt 0.569756 -0.944389
vt 0.565854 -0.936585
vt 0.561951 -0.944389
vt 0.565854 -0.944389
vt 0.560975 -0.936585
vt 0.557073 -0.944389
vt 0.557073 -0.936585
vt 0.553171 -0.944389
vt 0.553171 -0.936585
vt 0.549268 -0.945365
vt 0.549268 -0.936585
vt 0.544390 -0.945365
vt 0.544390 -0.936585
vt 0.540488 -0.945365
vt 0.540488 -0.936585
vt 0.536585 -0.945365
vt 0.535610 -0.937560
vt 0.670244 -0.972682
vt 0.671219 -0.963902
vt 0.666341 -0.972682
vt 0.666341 -0.964877
vt 0.661463 -0.972682
vt 0.661463 -0.964877
vt 0.657561 -0.972682
vt 0.657561 -0.964877
vt 0.653658 -0.972682
vt 0.652683 -0.964877
vt 0.648780 -0.972682
vt 0.648780 -0.964877
vt 0.644878 -0.972682
vt 0.644878 -0.965853
vt 0.640975 -0.972682
vt 0.640975 -0.965853
vt 0.637073 -0.972682
vt 0.636097 -0.965853
vt 0.632195 -0.965853
vt 0.632195 -0.972682
vt 0.628292 -0.965853
vt 0.628292 -0.973658
vt 0.624390 -0.965853
vt 0.624390 -0.973658
vt 0.620488 -0.966828
vt 0.620488 -0.973658
vt 0.615610 -0.966828
vt 0.616585 -0.973658
vt 0.611707 -0.966828
vt 0.611707 -0.973658
vt 0.607805 -0.966828
vt 0.607805 -0.973658
vt 0.603902 -0.966828
vt 0.603902 -0.973658
vt 0.600000 -0.966828
vt 0.600000 -0.974633
vt 0.595122 -0.966828
vt 0.596097 -0.974633
vt 0.591219 -0.967804
vt 0.592195 -0.974633
vt 0.587317 -0.967804
vt 0.587317 -0.974633
vt 0.583414 -0.967804
vt 0.583414 -0.974633
vt 0.578536 -0.967804
vt 0.579512 -0.975609
vt 0.574634 -0.967804
vt 0.575610 -0.975609
vt 0.570732 -0.967804
vt 0.570732 -0.975609
vt 0.566829 -0.967804
vt 0.562927 -0.975609
vt 0.566829 -0.975609
vt 0.561951 -0.968780
vt 0.558049 -0.975609
vt 0.558049 -0.968780
vt 0.554146 -0.976584
vt 0.554146 -0.968780
vt 0.549268 -0.976584
vt 0.549268 -0.968780
vt 0.545366 -0.976584
vt 0.545366 -0.968780
vt 0.541463 -0.976584
vt 0.540488 -0.968780
vt 0.536585 -0.977560
vt 0.535610 -0.969755
vt 0.536585 -0.978536
vt 0.538536 -0.999023
vt 0.541463 -0.978536
vt 0.542439 -0.999023
vt 0.545366 -0.977560
vt 0.546341 -0.998048
vt 0.549268 -0.977560
vt 0.551219 -0.998048
vt 0.555122 -0.998048
vt 0.554146 -0.977560
vt 0.559024 -0.998048
vt 0.558049 -0.977560
vt 0.562927 -0.997072
vt 0.562927 -0.976584
vt 0.567805 -0.997072
vt 0.566829 -0.976584
vt 0.571707 -0.997072
vt 0.570732 -0.976584
vt 0.575610 -0.976584
vt 0.575610 -0.997072
vt 0.579512 -0.976584
vt 0.580488 -0.996097
vt 0.583414 -0.975609
vt 0.584390 -0.996097
vt 0.588293 -0.996097
vt 0.587317 -0.975609
vt 0.592195 -0.996097
vt 0.592195 -0.975609
vt 0.597073 -0.995121
vt 0.596097 -0.975609
vt 0.600975 -0.995121
vt 0.600000 -0.975609
vt 0.604878 -0.995121
vt 0.603902 -0.975609
vt 0.608780 -0.995121
vt 0.607805 -0.974633
vt 0.612683 -0.995121
vt 0.612683 -0.974633
vt 0.617561 -0.994145
vt 0.620488 -0.974633
vt 0.616585 -0.974633
vt 0.621463 -0.994145
vt 0.624390 -0.974633
vt 0.625366 -0.994145
vt 0.628292 -0.974633
vt 0.629268 -0.994145
vt 0.632195 -0.974633
vt 0.633170 -0.994145
vt 0.637073 -0.973658
vt 0.637073 -0.994145
vt 0.641951 -0.994145
vt 0.640975 -0.973658
vt 0.645853 -0.994145
vt 0.644878 -0.973658
vt 0.649756 -0.994145
vt 0.653658 -0.973658
vt 0.648780 -0.973658
vt 0.653658 -0.994145
vt 0.657561 -0.973658
vt 0.658536 -0.994145
vt 0.661463 -0.973658
vt 0.662439 -0.994145
vt 0.666341 -0.973658
vt 0.666341 -0.994145
vt 0.670244 -0.973658
vt 0.670244 -0.994145
vt 0.669268 -0.953170
vt 0.665366 -0.953170
vt 0.661463 -0.953170
vt 0.656585 -0.954145
vt 0.652683 -0.954145
vt 0.648780 -0.954145
vt 0.644878 -0.954145
vt 0.640000 -0.954145
vt 0.636097 -0.954145
vt 0.632195 -0.955121
vt 0.628292 -0.955121
vt 0.623414 -0.955121
vt 0.619512 -0.955121
vt 0.615610 -0.955121
vt 0.611707 -0.955121
vt 0.607805 -0.956097
vt 0.602927 -0.956097
vt 0.599024 -0.956097
vt 0.595122 -0.956097
vt 0.591219 -0.956097
vt 0.586341 -0.956097
vt 0.582439 -0.956097
vt 0.578536 -0.957072
vt 0.574634 -0.957072
vt 0.569756 -0.957072
vt 0.565854 -0.957072
vt 0.561951 -0.957072
vt 0.558049 -0.957072
vt 0.553171 -0.957072
vt 0.549268 -0.957072
vt 0.545366 -0.957072
vt 0.540488 -0.957072
vt 0.536585 -0.957072
vt 0.668292 -0.922926
vt 0.663414 -0.922926
vt 0.659512 -0.922926
vt 0.655609 -0.922926
vt 0.651707 -0.923902
vt 0.647805 -0.923902
vt 0.642927 -0.923902
vt 0.639024 -0.923902
vt 0.635122 -0.923902
vt 0.631219 -0.923902
vt 0.626341 -0.924877
vt 0.622439 -0.924877
vt 0.618536 -0.924877
vt 0.614634 -0.924877
vt 0.609756 -0.924877
vt 0.605853 -0.925853
vt 0.601951 -0.925853
vt 0.598049 -0.925853
vt 0.594146 -0.925853
vt 0.589268 -0.925853
vt 0.585366 -0.925853
vt 0.581463 -0.926828
vt 0.577561 -0.926828
vt 0.573658 -0.926828
vt 0.569756 -0.926828
vt 0.564878 -0.926828
vt 0.560975 -0.926828
vt 0.557073 -0.926828
vt 0.553171 -0.926828
vt 0.549268 -0.926828
vt 0.545366 -0.926828
vt 0.540488 -0.926828
vt 0.536585 -0.925853
vt 0.979511 -0.036098
vt 0.981462 -0.034147
vt 0.977560 -0.039025
vt 0.983414 -0.031220
vt 0.974633 -0.040976
vt 0.983414 -0.027318
vt 0.971706 -0.041952
vt 0.983414 -0.024391
vt 0.968780 -0.042928
vt 0.983414 -0.021464
vt 0.965853 -0.041952
vt 0.981462 -0.018538
vt 0.961950 -0.041952
vt 0.980487 -0.015611
vt 0.959024 -0.040001
vt 0.977560 -0.013659
vt 0.956097 -0.039025
vt 0.975609 -0.011708
vt 0.954145 -0.036098
vt 0.972682 -0.010733
vt 0.952194 -0.033172
vt 0.968780 -0.009757
vt 0.951219 -0.030245
vt 0.965853 -0.009757
vt 0.951219 -0.027318
vt 0.962926 -0.010733
vt 0.951219 -0.024391
vt 0.959999 -0.011708
vt 0.951219 -0.021464
vt 0.957072 -0.013659
vt 0.953170 -0.018538
vt 0.955121 -0.015611
vt 0.535610 -0.823414
vt 0.539512 -0.823414
vt 0.543415 -0.824390
vt 0.547317 -0.824390
vt 0.551219 -0.824390
vt 0.555122 -0.824390
vt 0.559024 -0.824390
vt 0.562927 -0.824390
vt 0.566829 -0.824390
vt 0.570732 -0.823414
vt 0.575610 -0.823414
vt 0.579512 -0.823414
vt 0.583414 -0.823414
vt 0.587317 -0.823414
vt 0.591219 -0.823414
vt 0.595122 -0.822438
vt 0.599024 -0.822438
vt 0.602927 -0.822438
vt 0.606829 -0.822438
vt 0.615610 -0.821463
vt 0.610731 -0.821463
vt 0.619512 -0.821463
vt 0.623414 -0.821463
vt 0.627317 -0.820487
vt 0.631219 -0.820487
vt 0.635122 -0.820487
vt 0.639024 -0.820487
vt 0.646829 -0.820487
vt 0.642927 -0.820487
vt 0.650731 -0.820487
vt 0.654634 -0.820487
vt 0.659512 -0.820487
vt 0.663414 -0.819512
vt 0.985365 -0.011708
vt 0.981462 -0.008781
vt 0.978536 -0.005855
vt 0.973658 -0.003903
vt 0.969755 -0.002928
vt 0.964877 -0.002928
vt 0.960975 -0.003903
vt 0.957072 -0.005855
vt 0.953170 -0.008781
vt 0.950243 -0.011708
vt 0.947316 -0.015611
vt 0.945365 -0.019513
vt 0.944389 -0.023416
vt 0.944389 -0.028294
vt 0.945365 -0.032196
vt 0.947316 -0.036098
vt 0.949267 -0.040001
vt 0.952194 -0.042928
vt 0.956097 -0.045855
vt 0.959999 -0.047806
vt 0.964877 -0.048781
vt 0.968780 -0.048781
vt 0.973658 -0.047806
vt 0.977560 -0.045855
vt 0.981462 -0.043903
vt 0.984389 -0.040976
vt 0.987316 -0.037074
vt 0.989267 -0.033172
vt 0.990243 -0.028294
vt 0.990243 -0.024391
vt 0.989267 -0.019513
vt 0.987316 -0.015611
vt 0.833170 -0.043903
vt 0.839024 -0.044879
vt 0.839024 -0.043903
vt 0.838048 -0.045855
vt 0.838048 -0.046830
vt 0.837073 -0.047806
vt 0.836097 -0.048781
vt 0.835121 -0.049757
vt 0.834146 -0.049757
vt 0.833170 -0.050733
vt 0.832195 -0.050733
vt 0.831219 -0.049757
vt 0.830243 -0.049757
vt 0.829268 -0.048781
vt 0.828292 -0.047806
vt 0.827316 -0.046830
vt 0.827316 -0.045855
vt 0.826341 -0.044879
vt 0.826341 -0.043903
vt 0.827316 -0.042928
vt 0.827316 -0.040976
vt 0.828292 -0.040001
vt 0.829268 -0.040001
vt 0.830243 -0.039025
vt 0.831219 -0.038050
vt 0.832195 -0.038050
vt 0.833170 -0.038050
vt 0.834146 -0.038050
vt 0.835121 -0.039025
vt 0.836097 -0.040001
vt 0.837073 -0.040001
vt 0.838048 -0.040976
vt 0.838048 -0.042928
vt 0.844877 -0.042928
vt 0.844877 -0.045855
vt 0.843902 -0.040976
vt 0.850731 -0.041952
vt 0.850731 -0.045855
vt 0.850731 -0.039025
vt 0.857560 -0.041952
vt 0.857560 -0.046830
vt 0.856585 -0.037074
vt 0.848780 -0.035123
vt 0.854633 -0.032196
vt 0.846829 -0.032196
vt 0.852682 -0.028294
vt 0.844877 -0.030245
vt 0.848780 -0.024391
vt 0.840975 -0.028294
vt 0.844877 -0.021464
vt 0.838048 -0.026342
vt 0.839999 -0.019513
vt 0.834146 -0.025367
vt 0.835121 -0.018538
vt 0.831219 -0.025367
vt 0.830243 -0.018538
vt 0.827316 -0.026342
vt 0.825365 -0.020489
vt 0.823414 -0.028294
vt 0.820487 -0.022440
vt 0.816585 -0.024391
vt 0.820487 -0.030245
vt 0.812682 -0.028294
vt 0.818536 -0.032196
vt 0.810731 -0.032196
vt 0.816585 -0.035123
vt 0.808780 -0.037074
vt 0.814634 -0.039025
vt 0.807804 -0.041952
vt 0.814634 -0.042928
vt 0.807804 -0.046830
vt 0.814634 -0.045855
vt 0.808780 -0.051708
vt 0.814634 -0.049757
vt 0.810731 -0.056586
vt 0.816585 -0.052684
vt 0.813658 -0.060489
vt 0.818536 -0.056586
vt 0.816585 -0.064391
vt 0.821463 -0.058537
vt 0.820487 -0.066342
vt 0.824390 -0.060489
vt 0.825365 -0.068294
vt 0.827316 -0.062440
vt 0.830243 -0.069269
vt 0.834146 -0.062440
vt 0.831219 -0.062440
vt 0.835121 -0.069269
vt 0.834146 -0.056586
vt 0.831219 -0.056586
vt 0.829268 -0.055611
vt 0.827316 -0.054635
vt 0.825365 -0.053659
vt 0.823414 -0.051708
vt 0.822438 -0.049757
vt 0.821463 -0.047806
vt 0.820487 -0.045855
vt 0.820487 -0.042928
vt 0.821463 -0.040976
vt 0.821463 -0.039025
vt 0.823414 -0.036098
vt 0.825365 -0.035123
vt 0.827316 -0.033172
vt 0.829268 -0.032196
vt 0.831219 -0.032196
vt 0.834146 -0.032196
vt 0.836097 -0.032196
vt 0.838048 -0.033172
vt 0.839999 -0.035123
vt 0.841951 -0.036098
vt 0.843902 -0.038050
vt 0.836097 -0.055611
vt 0.838048 -0.054635
vt 0.838048 -0.062440
vt 0.841951 -0.060489
vt 0.839999 -0.068294
vt 0.844877 -0.066342
vt 0.844877 -0.058537
vt 0.848780 -0.063415
vt 0.846829 -0.055611
vt 0.852682 -0.060489
vt 0.854633 -0.056586
vt 0.848780 -0.052684
vt 0.856585 -0.051708
vt 0.850731 -0.049757
vt 0.844877 -0.047806
vt 0.843902 -0.049757
vt 0.841951 -0.051708
vt 0.840975 -0.053659
vt 0.546341 -0.735609
vt 0.547317 -0.741463
vt 0.551219 -0.733658
vt 0.541463 -0.743414
vt 0.540488 -0.737561
vt 0.544390 -0.729756
vt 0.550244 -0.728780
vt 0.557073 -0.731707
vt 0.553171 -0.739512
vt 0.559024 -0.736585
vt 0.565854 -0.734634
vt 0.561951 -0.742439
vt 0.567805 -0.738536
vt 0.574634 -0.735609
vt 0.570732 -0.743414
vt 0.577561 -0.739512
vt 0.579512 -0.742439
vt 0.573658 -0.748292
vt 0.583414 -0.746341
vt 0.577561 -0.752195
vt 0.567805 -0.752195
vt 0.571707 -0.758048
vt 0.564878 -0.762926
vt 0.560975 -0.756097
vt 0.557073 -0.766829
vt 0.554146 -0.760000
vt 0.549268 -0.769756
vt 0.547317 -0.761951
vt 0.541463 -0.771707
vt 0.539512 -0.763902
vt 0.532683 -0.764878
vt 0.532683 -0.772682
vt 0.524878 -0.764878
vt 0.524878 -0.771707
vt 0.517073 -0.764878
vt 0.516098 -0.770731
vt 0.517073 -0.759024
vt 0.524878 -0.759024
vt 0.516098 -0.754146
vt 0.523902 -0.753170
vt 0.515122 -0.748292
vt 0.522927 -0.747317
vt 0.514146 -0.742439
vt 0.521951 -0.741463
vt 0.513171 -0.736585
vt 0.520976 -0.735609
vt 0.512195 -0.730731
vt 0.520000 -0.729756
vt 0.511220 -0.724878
vt 0.519024 -0.723902
vt 0.510244 -0.719024
vt 0.518049 -0.718048
vt 0.517073 -0.712195
vt 0.509268 -0.713170
vt 0.516098 -0.706341
vt 0.508293 -0.707317
vt 0.516098 -0.700487
vt 0.508293 -0.701463
vt 0.515122 -0.694634
vt 0.507317 -0.695609
vt 0.515122 -0.688780
vt 0.507317 -0.689756
vt 0.515122 -0.683902
vt 0.507317 -0.683902
vt 0.515122 -0.678048
vt 0.507317 -0.678048
vt 0.515122 -0.672195
vt 0.507317 -0.672195
vt 0.515122 -0.666341
vt 0.507317 -0.666341
vt 0.516098 -0.660488
vt 0.508293 -0.660488
vt 0.516098 -0.654634
vt 0.508293 -0.654634
vt 0.517073 -0.649756
vt 0.509268 -0.648780
vt 0.517073 -0.643902
vt 0.509268 -0.642927
vt 0.510244 -0.637073
vt 0.518049 -0.638049
vt 0.511220 -0.631219
vt 0.519024 -0.632195
vt 0.512195 -0.625366
vt 0.520000 -0.626341
vt 0.514146 -0.619512
vt 0.520976 -0.620488
vt 0.521951 -0.614634
vt 0.515122 -0.613658
vt 0.522927 -0.609756
vt 0.515122 -0.607805
vt 0.523902 -0.602927
vt 0.516098 -0.602927
vt 0.524878 -0.597073
vt 0.531707 -0.598049
vt 0.530732 -0.604878
vt 0.524878 -0.591219
vt 0.532683 -0.591219
vt 0.538536 -0.599024
vt 0.537561 -0.605853
vt 0.543415 -0.606829
vt 0.545366 -0.600975
vt 0.547317 -0.594146
vt 0.540488 -0.592195
vt 0.533658 -0.584390
vt 0.541463 -0.584390
vt 0.550244 -0.586341
vt 0.557073 -0.589268
vt 0.554146 -0.597073
vt 0.564878 -0.593171
vt 0.560975 -0.600000
vt 0.571707 -0.598049
vt 0.567805 -0.603902
vt 0.573658 -0.608780
vt 0.577561 -0.603902
vt 0.579512 -0.613658
vt 0.583414 -0.609756
vt 0.577561 -0.617561
vt 0.570732 -0.612683
vt 0.574634 -0.621463
vt 0.567805 -0.617561
vt 0.572683 -0.625366
vt 0.565854 -0.621463
vt 0.570732 -0.629268
vt 0.563902 -0.626341
vt 0.568780 -0.633170
vt 0.561951 -0.631219
vt 0.567805 -0.638049
vt 0.560975 -0.636097
vt 0.559024 -0.640000
vt 0.566829 -0.641951
vt 0.558049 -0.644878
vt 0.565854 -0.646829
vt 0.558049 -0.649756
vt 0.564878 -0.650731
vt 0.557073 -0.654634
vt 0.563902 -0.655609
vt 0.556097 -0.658536
vt 0.563902 -0.659512
vt 0.556097 -0.663414
vt 0.563902 -0.664390
vt 0.556097 -0.668292
vt 0.562927 -0.668292
vt 0.555122 -0.673170
vt 0.562927 -0.673170
vt 0.555122 -0.678048
vt 0.562927 -0.678048
vt 0.555122 -0.682926
vt 0.562927 -0.681951
vt 0.556097 -0.686829
vt 0.562927 -0.686829
vt 0.563902 -0.691707
vt 0.556097 -0.691707
vt 0.563902 -0.695609
vt 0.556097 -0.696585
vt 0.564878 -0.700487
vt 0.557073 -0.701463
vt 0.558049 -0.706341
vt 0.564878 -0.705365
vt 0.559024 -0.711219
vt 0.565854 -0.709268
vt 0.560000 -0.716097
vt 0.566829 -0.714146
vt 0.560975 -0.720000
vt 0.567805 -0.718048
vt 0.561951 -0.724878
vt 0.569756 -0.722926
vt 0.570732 -0.726829
vt 0.563902 -0.729756
vt 0.572683 -0.730731
vt 0.556097 -0.726829
vt 0.554146 -0.721951
vt 0.548293 -0.723902
vt 0.553171 -0.717073
vt 0.547317 -0.718048
vt 0.552195 -0.712195
vt 0.546341 -0.713170
vt 0.551219 -0.707317
vt 0.545366 -0.703414
vt 0.545366 -0.708292
vt 0.550244 -0.702439
vt 0.539512 -0.703414
vt 0.540488 -0.709268
vt 0.541463 -0.714146
vt 0.534634 -0.710243
vt 0.535610 -0.715122
vt 0.529756 -0.710243
vt 0.534634 -0.704390
vt 0.530732 -0.716097
vt 0.523902 -0.711219
vt 0.528780 -0.705365
vt 0.523902 -0.717073
vt 0.522927 -0.705365
vt 0.527805 -0.699512
vt 0.521951 -0.700487
vt 0.527805 -0.694634
vt 0.521951 -0.694634
vt 0.527805 -0.688780
vt 0.521951 -0.688780
vt 0.521951 -0.682926
vt 0.527805 -0.682926
vt 0.521951 -0.678048
vt 0.526829 -0.678048
vt 0.521951 -0.672195
vt 0.527805 -0.672195
vt 0.521951 -0.666341
vt 0.527805 -0.667317
vt 0.521951 -0.661463
vt 0.527805 -0.661463
vt 0.522927 -0.655609
vt 0.528780 -0.655609
vt 0.522927 -0.649756
vt 0.528780 -0.650731
vt 0.523902 -0.644878
vt 0.529756 -0.644878
vt 0.530732 -0.640000
vt 0.524878 -0.639024
vt 0.531707 -0.634146
vt 0.525854 -0.633170
vt 0.532683 -0.628292
vt 0.526829 -0.627317
vt 0.533658 -0.623414
vt 0.527805 -0.622439
vt 0.534634 -0.617561
vt 0.528780 -0.616585
vt 0.536585 -0.611707
vt 0.529756 -0.610731
vt 0.540488 -0.618536
vt 0.542439 -0.613658
vt 0.546341 -0.620488
vt 0.548293 -0.614634
vt 0.552195 -0.622439
vt 0.553171 -0.616585
vt 0.549268 -0.608780
vt 0.556097 -0.611707
vt 0.552195 -0.602927
vt 0.558049 -0.605853
vt 0.563902 -0.608780
vt 0.561951 -0.613658
vt 0.559024 -0.619512
vt 0.557073 -0.624390
vt 0.556097 -0.629268
vt 0.550244 -0.627317
vt 0.554146 -0.634146
vt 0.549268 -0.632195
vt 0.547317 -0.637073
vt 0.553171 -0.639024
vt 0.546341 -0.642927
vt 0.552195 -0.643902
vt 0.545366 -0.647805
vt 0.551219 -0.648780
vt 0.545366 -0.652683
vt 0.550244 -0.653658
vt 0.550244 -0.658536
vt 0.544390 -0.657561
vt 0.544390 -0.662439
vt 0.549268 -0.663414
vt 0.543415 -0.667317
vt 0.549268 -0.668292
vt 0.543415 -0.673170
vt 0.549268 -0.673170
vt 0.543415 -0.678048
vt 0.549268 -0.678048
vt 0.543415 -0.682926
vt 0.549268 -0.682926
vt 0.543415 -0.687805
vt 0.549268 -0.687805
vt 0.549268 -0.692683
vt 0.544390 -0.692683
vt 0.550244 -0.697561
vt 0.544390 -0.698536
vt 0.538536 -0.693658
vt 0.538536 -0.698536
vt 0.533658 -0.699512
vt 0.533658 -0.693658
vt 0.538536 -0.687805
vt 0.532683 -0.688780
vt 0.532683 -0.682926
vt 0.537561 -0.682926
vt 0.532683 -0.678048
vt 0.537561 -0.678048
vt 0.532683 -0.672195
vt 0.538536 -0.672195
vt 0.532683 -0.667317
vt 0.538536 -0.667317
vt 0.533658 -0.661463
vt 0.538536 -0.662439
vt 0.533658 -0.656585
vt 0.539512 -0.657561
vt 0.534634 -0.651707
vt 0.539512 -0.651707
vt 0.534634 -0.645853
vt 0.540488 -0.646829
vt 0.541463 -0.641951
vt 0.535610 -0.640975
vt 0.542439 -0.636097
vt 0.536585 -0.635122
vt 0.543415 -0.631219
vt 0.537561 -0.630244
vt 0.544390 -0.625366
vt 0.539512 -0.624390
vt 0.530732 -0.721951
vt 0.524878 -0.722926
vt 0.532683 -0.726829
vt 0.525854 -0.727804
vt 0.533658 -0.732682
vt 0.526829 -0.733658
vt 0.528780 -0.739512
vt 0.534634 -0.738536
vt 0.529756 -0.745365
vt 0.535610 -0.744390
vt 0.530732 -0.752195
vt 0.538536 -0.757073
vt 0.537561 -0.750243
vt 0.531707 -0.758048
vt 0.543415 -0.749268
vt 0.549268 -0.747317
vt 0.545366 -0.755121
vt 0.551219 -0.753170
vt 0.555122 -0.744390
vt 0.558049 -0.750243
vt 0.563902 -0.747317
vt 0.538536 -0.731707
vt 0.537561 -0.725853
vt 0.543415 -0.724878
vt 0.536585 -0.720975
vt 0.542439 -0.720000
vt 0.524878 -0.584390
vt 0.517073 -0.585366
vt 0.517073 -0.591219
vt 0.517073 -0.597073
vt 0.519024 -0.011708
vt 0.520976 -0.010733
vt 0.519024 -0.003903
vt 0.521951 -0.016586
vt 0.517073 -0.012684
vt 0.515122 -0.005855
vt 0.522927 -0.002928
vt 0.523902 -0.009757
vt 0.526829 -0.002928
vt 0.525854 -0.009757
vt 0.522927 -0.016586
vt 0.523902 -0.016586
vt 0.524878 -0.016586
vt 0.524878 -0.022440
vt 0.526829 -0.016586
vt 0.528780 -0.010733
vt 0.530732 -0.011708
vt 0.533658 -0.005855
vt 0.529756 -0.003903
vt 0.536585 -0.007806
vt 0.532683 -0.012684
vt 0.539512 -0.009757
vt 0.534634 -0.014635
vt 0.541463 -0.013659
vt 0.535610 -0.016586
vt 0.543415 -0.016586
vt 0.536585 -0.018538
vt 0.543415 -0.020489
vt 0.537561 -0.021464
vt 0.537561 -0.023416
vt 0.543415 -0.024391
vt 0.536585 -0.026342
vt 0.543415 -0.028294
vt 0.535610 -0.028294
vt 0.541463 -0.031220
vt 0.534634 -0.030245
vt 0.539512 -0.034147
vt 0.532683 -0.032196
vt 0.536585 -0.037074
vt 0.530732 -0.033172
vt 0.533658 -0.039025
vt 0.528780 -0.034147
vt 0.530732 -0.040976
vt 0.525854 -0.035123
vt 0.526829 -0.041952
vt 0.523902 -0.035123
vt 0.522927 -0.041952
vt 0.520976 -0.034147
vt 0.519024 -0.040976
vt 0.519024 -0.033172
vt 0.516098 -0.039025
vt 0.517073 -0.032196
vt 0.512195 -0.037074
vt 0.515122 -0.030245
vt 0.510244 -0.034147
vt 0.513171 -0.028294
vt 0.507317 -0.031220
vt 0.512195 -0.026342
vt 0.506341 -0.028294
vt 0.512195 -0.023416
vt 0.505366 -0.024391
vt 0.512195 -0.021464
vt 0.505366 -0.020489
vt 0.512195 -0.018538
vt 0.506341 -0.016586
vt 0.513171 -0.016586
vt 0.507317 -0.013659
vt 0.510244 -0.010733
vt 0.515122 -0.014635
vt 0.512195 -0.007806
vt 0.520976 -0.017562
vt 0.520000 -0.018538
vt 0.519024 -0.019513
vt 0.519024 -0.020489
vt 0.518049 -0.021464
vt 0.518049 -0.023416
vt 0.519024 -0.024391
vt 0.519024 -0.025367
vt 0.520000 -0.026342
vt 0.520976 -0.027318
vt 0.521951 -0.028294
vt 0.522927 -0.028294
vt 0.523902 -0.028294
vt 0.524878 -0.028294
vt 0.526829 -0.028294
vt 0.527805 -0.028294
vt 0.528780 -0.027318
vt 0.529756 -0.026342
vt 0.529756 -0.025367
vt 0.530732 -0.024391
vt 0.530732 -0.023416
vt 0.530732 -0.021464
vt 0.530732 -0.020489
vt 0.529756 -0.019513
vt 0.529756 -0.018538
vt 0.528780 -0.017562
vt 0.527805 -0.016586
vt 0.135610 -0.280000
vt 0.140488 -0.290732
vt 0.149269 -0.287805
vt 0.129757 -0.282927
vt 0.128781 -0.270244
vt 0.137562 -0.269269
vt 0.142440 -0.300488
vt 0.165854 -0.283903
vt 0.151220 -0.299513
vt 0.142440 -0.309269
vt 0.132684 -0.292683
vt 0.134635 -0.301464
vt 0.134635 -0.309269
vt 0.126830 -0.293659
vt 0.127806 -0.301464
vt 0.140488 -0.318049
vt 0.133659 -0.316098
vt 0.127806 -0.308293
vt 0.126830 -0.315122
vt 0.125854 -0.320976
vt 0.131708 -0.322927
vt 0.122928 -0.326830
vt 0.128781 -0.329756
vt 0.138537 -0.325854
vt 0.133659 -0.332683
vt 0.139513 -0.338537
vt 0.145367 -0.329756
vt 0.146342 -0.346342
vt 0.155123 -0.335610
vt 0.149269 -0.320000
vt 0.161952 -0.323903
vt 0.151220 -0.310244
vt 0.167806 -0.310244
vt 0.168781 -0.297561
vt 0.135610 -0.350244
vt 0.136586 -0.359025
vt 0.148293 -0.358049
vt 0.136586 -0.367805
vt 0.148293 -0.368781
vt 0.145367 -0.380488
vt 0.134635 -0.374634
vt 0.137562 -0.380488
vt 0.137562 -0.390244
vt 0.128781 -0.386342
vt 0.122928 -0.373659
vt 0.119025 -0.380488
vt 0.113171 -0.369756
vt 0.109269 -0.373659
vt 0.105367 -0.363903
vt 0.102440 -0.366830
vt 0.098537 -0.358049
vt 0.096586 -0.359025
vt 0.092684 -0.351220
vt 0.099513 -0.357073
vt 0.100489 -0.355122
vt 0.101464 -0.354147
vt 0.101464 -0.353171
vt 0.101464 -0.351220
vt 0.101464 -0.350244
vt 0.100489 -0.349269
vt 0.099513 -0.347317
vt 0.099513 -0.346342
vt 0.097562 -0.346342
vt 0.096586 -0.345366
vt 0.095611 -0.344391
vt 0.094635 -0.344391
vt 0.093659 -0.344391
vt 0.091708 -0.344391
vt 0.090732 -0.344391
vt 0.089757 -0.344391
vt 0.088781 -0.345366
vt 0.087806 -0.345366
vt 0.086830 -0.346342
vt 0.085854 -0.347317
vt 0.085854 -0.348293
vt 0.084879 -0.349269
vt 0.084879 -0.350244
vt 0.084879 -0.352195
vt 0.084879 -0.353171
vt 0.085854 -0.355122
vt 0.086830 -0.356098
vt 0.087806 -0.357073
vt 0.088781 -0.359025
vt 0.090732 -0.360000
vt 0.082928 -0.365854
vt 0.085854 -0.368781
vt 0.075123 -0.370732
vt 0.079025 -0.376586
vt 0.066342 -0.374634
vt 0.069269 -0.383415
vt 0.055611 -0.377561
vt 0.058537 -0.387317
vt 0.045855 -0.378537
vt 0.048781 -0.390244
vt 0.055611 -0.367805
vt 0.045855 -0.366830
vt 0.030245 -0.373659
vt 0.037074 -0.361951
vt 0.028294 -0.356098
vt 0.019513 -0.365854
vt 0.010733 -0.355122
vt 0.021464 -0.347317
vt 0.004879 -0.343415
vt 0.015611 -0.338537
vt 0.000977 -0.329756
vt 0.012684 -0.327805
vt 0.000977 -0.317074
vt 0.010733 -0.316098
vt 0.002928 -0.304391
vt 0.010733 -0.305366
vt 0.006830 -0.291708
vt 0.011708 -0.292683
vt 0.017562 -0.292683
vt 0.017562 -0.305366
vt 0.022440 -0.292683
vt 0.024391 -0.304391
vt 0.028294 -0.292683
vt 0.030245 -0.303415
vt 0.033172 -0.291708
vt 0.036098 -0.302439
vt 0.038050 -0.290732
vt 0.040976 -0.301464
vt 0.042928 -0.288781
vt 0.045855 -0.300488
vt 0.046830 -0.287805
vt 0.050733 -0.299513
vt 0.051708 -0.286830
vt 0.054635 -0.297561
vt 0.059513 -0.296586
vt 0.056586 -0.284878
vt 0.063415 -0.295610
vt 0.060489 -0.283903
vt 0.067318 -0.293659
vt 0.065367 -0.282927
vt 0.072196 -0.292683
vt 0.070245 -0.281952
vt 0.076098 -0.290732
vt 0.075123 -0.279025
vt 0.080976 -0.289756
vt 0.079025 -0.275122
vt 0.084879 -0.288781
vt 0.081952 -0.273171
vt 0.089757 -0.286830
vt 0.085854 -0.272196
vt 0.088781 -0.270244
vt 0.094635 -0.285854
vt 0.092684 -0.270244
vt 0.099513 -0.283903
vt 0.095611 -0.269269
vt 0.104391 -0.282927
vt 0.100489 -0.268293
vt 0.109269 -0.280976
vt 0.106342 -0.269269
vt 0.114147 -0.279025
vt 0.114147 -0.269269
vt 0.123903 -0.285854
vt 0.121952 -0.271220
vt 0.118050 -0.287805
vt 0.120001 -0.294635
vt 0.114147 -0.295610
vt 0.120976 -0.301464
vt 0.115123 -0.302439
vt 0.121952 -0.308293
vt 0.116098 -0.308293
vt 0.120976 -0.314147
vt 0.116098 -0.314147
vt 0.115123 -0.319025
vt 0.120001 -0.320000
vt 0.114147 -0.323903
vt 0.118050 -0.324878
vt 0.112196 -0.328781
vt 0.116098 -0.329756
vt 0.113171 -0.334634
vt 0.117074 -0.337561
vt 0.120001 -0.332683
vt 0.124879 -0.334634
vt 0.120001 -0.339513
vt 0.128781 -0.338537
vt 0.122928 -0.343415
vt 0.124879 -0.348293
vt 0.132684 -0.344391
vt 0.126830 -0.353171
vt 0.117074 -0.351220
vt 0.118050 -0.355122
vt 0.121952 -0.360000
vt 0.118050 -0.360000
vt 0.116098 -0.364878
vt 0.124879 -0.363903
vt 0.109269 -0.358049
vt 0.107318 -0.360976
vt 0.109269 -0.355122
vt 0.109269 -0.352195
vt 0.109269 -0.350244
vt 0.116098 -0.347317
vt 0.114147 -0.344391
vt 0.108293 -0.347317
vt 0.112196 -0.341464
vt 0.107318 -0.345366
vt 0.109269 -0.339513
vt 0.105367 -0.343415
vt 0.107318 -0.337561
vt 0.103415 -0.342439
vt 0.104391 -0.336586
vt 0.101464 -0.341464
vt 0.101464 -0.335610
vt 0.099513 -0.340488
vt 0.098537 -0.334634
vt 0.097562 -0.339513
vt 0.095611 -0.334634
vt 0.095611 -0.339513
vt 0.093659 -0.338537
vt 0.093659 -0.334634
vt 0.091708 -0.338537
vt 0.090732 -0.334634
vt 0.089757 -0.339513
vt 0.087806 -0.334634
vt 0.087806 -0.339513
vt 0.085854 -0.335610
vt 0.085854 -0.340488
vt 0.083903 -0.336586
vt 0.083903 -0.341464
vt 0.080976 -0.337561
vt 0.082928 -0.342439
vt 0.079025 -0.338537
vt 0.080976 -0.343415
vt 0.078050 -0.339513
vt 0.076098 -0.341464
vt 0.080001 -0.345366
vt 0.074147 -0.343415
vt 0.079025 -0.346342
vt 0.073172 -0.346342
vt 0.079025 -0.348293
vt 0.072196 -0.349269
vt 0.078050 -0.351220
vt 0.072196 -0.353171
vt 0.078050 -0.353171
vt 0.072196 -0.356098
vt 0.079025 -0.356098
vt 0.072196 -0.360976
vt 0.080001 -0.359025
vt 0.073172 -0.365854
vt 0.080976 -0.361951
vt 0.065367 -0.367805
vt 0.064391 -0.360976
vt 0.065367 -0.356098
vt 0.056586 -0.360000
vt 0.058537 -0.354147
vt 0.049757 -0.358049
vt 0.052684 -0.351220
vt 0.041952 -0.353171
vt 0.046830 -0.347317
vt 0.035123 -0.348293
vt 0.041952 -0.342439
vt 0.037074 -0.336586
vt 0.029269 -0.341464
vt 0.032196 -0.329756
vt 0.025367 -0.333659
vt 0.029269 -0.322927
vt 0.021464 -0.324878
vt 0.026342 -0.314147
vt 0.019513 -0.315122
vt 0.033172 -0.313171
vt 0.036098 -0.320000
vt 0.039025 -0.311220
vt 0.041952 -0.318049
vt 0.043903 -0.310244
vt 0.046830 -0.316098
vt 0.048781 -0.308293
vt 0.051708 -0.314147
vt 0.055611 -0.313171
vt 0.053659 -0.307317
vt 0.059513 -0.311220
vt 0.057562 -0.305366
vt 0.061464 -0.304391
vt 0.063415 -0.309269
vt 0.065367 -0.302439
vt 0.067318 -0.308293
vt 0.071220 -0.306342
vt 0.069269 -0.301464
vt 0.075123 -0.305366
vt 0.074147 -0.299513
vt 0.079025 -0.303415
vt 0.078050 -0.297561
vt 0.083903 -0.302439
vt 0.081952 -0.296586
vt 0.088781 -0.300488
vt 0.086830 -0.295610
vt 0.093659 -0.299513
vt 0.091708 -0.293659
vt 0.096586 -0.292683
vt 0.098537 -0.298537
vt 0.101464 -0.291708
vt 0.103415 -0.297561
vt 0.107318 -0.289756
vt 0.109269 -0.296586
vt 0.112196 -0.288781
vt 0.104391 -0.303415
vt 0.110245 -0.302439
vt 0.105367 -0.308293
vt 0.110245 -0.308293
vt 0.105367 -0.313171
vt 0.110245 -0.313171
vt 0.110245 -0.318049
vt 0.105367 -0.318049
vt 0.109269 -0.322927
vt 0.104391 -0.321952
vt 0.108293 -0.327805
vt 0.104391 -0.326830
vt 0.106342 -0.331708
vt 0.110245 -0.333659
vt 0.103415 -0.330732
vt 0.100489 -0.325854
vt 0.099513 -0.330732
vt 0.096586 -0.325854
vt 0.096586 -0.330732
vt 0.092684 -0.330732
vt 0.092684 -0.325854
vt 0.089757 -0.330732
vt 0.089757 -0.326830
vt 0.086830 -0.330732
vt 0.085854 -0.326830
vt 0.083903 -0.331708
vt 0.082928 -0.327805
vt 0.081952 -0.332683
vt 0.080001 -0.328781
vt 0.079025 -0.333659
vt 0.077074 -0.329756
vt 0.074147 -0.331708
vt 0.077074 -0.334634
vt 0.072196 -0.333659
vt 0.074147 -0.336586
vt 0.072196 -0.338537
vt 0.069269 -0.335610
vt 0.070245 -0.340488
vt 0.067318 -0.337561
vt 0.065367 -0.340488
vt 0.069269 -0.343415
vt 0.062440 -0.344391
vt 0.067318 -0.347317
vt 0.060489 -0.348293
vt 0.066342 -0.351220
vt 0.055611 -0.345366
vt 0.058537 -0.341464
vt 0.050733 -0.341464
vt 0.054635 -0.337561
vt 0.046830 -0.337561
vt 0.050733 -0.333659
vt 0.047806 -0.328781
vt 0.042928 -0.332683
vt 0.044879 -0.323903
vt 0.039025 -0.326830
vt 0.052684 -0.325854
vt 0.049757 -0.321952
vt 0.056586 -0.323903
vt 0.053659 -0.320000
vt 0.060489 -0.321952
vt 0.057562 -0.318049
vt 0.063415 -0.320000
vt 0.061464 -0.316098
vt 0.065367 -0.314147
vt 0.067318 -0.318049
vt 0.069269 -0.313171
vt 0.070245 -0.317074
vt 0.073172 -0.311220
vt 0.074147 -0.315122
vt 0.077074 -0.309269
vt 0.078050 -0.314147
vt 0.081952 -0.312195
vt 0.080976 -0.308293
vt 0.085854 -0.311220
vt 0.084879 -0.307317
vt 0.090732 -0.310244
vt 0.089757 -0.305366
vt 0.095611 -0.309269
vt 0.094635 -0.304391
vt 0.099513 -0.304391
vt 0.100489 -0.309269
vt 0.095611 -0.314147
vt 0.100489 -0.313171
vt 0.100489 -0.318049
vt 0.096586 -0.318049
vt 0.100489 -0.321952
vt 0.096586 -0.321952
vt 0.092684 -0.321952
vt 0.088781 -0.322927
vt 0.091708 -0.318049
vt 0.087806 -0.319025
vt 0.090732 -0.314147
vt 0.086830 -0.315122
vt 0.083903 -0.320000
vt 0.082928 -0.316098
vt 0.080001 -0.320976
vt 0.079025 -0.317074
vt 0.075123 -0.319025
vt 0.077074 -0.321952
vt 0.072196 -0.320000
vt 0.074147 -0.323903
vt 0.069269 -0.321952
vt 0.070245 -0.324878
vt 0.065367 -0.323903
vt 0.064391 -0.328781
vt 0.067318 -0.326830
vt 0.062440 -0.325854
vt 0.072196 -0.328781
vt 0.069269 -0.329756
vt 0.067318 -0.331708
vt 0.064391 -0.334634
vt 0.061464 -0.331708
vt 0.061464 -0.337561
vt 0.058537 -0.333659
vt 0.058537 -0.327805
vt 0.055611 -0.330732
vt 0.075123 -0.326830
vt 0.078050 -0.325854
vt 0.081952 -0.324878
vt 0.084879 -0.323903
vt 0.789268 -0.457561
vt 0.785365 -0.458537
vt 0.793170 -0.500488
vt 0.791219 -0.501463
vt 0.799024 -0.533659
vt 0.796097 -0.533659
vt 0.776585 -0.459512
vt 0.783414 -0.502439
vt 0.786341 -0.534634
vt 0.783414 -0.534634
vt 0.773658 -0.502439
vt 0.770731 -0.459512
vt 0.943414 -0.089757
vt 0.906341 -0.107318
vt 0.943414 -0.107318
vt 0.906341 -0.089757
vt 0.943414 -0.051708
vt 0.959024 -0.051708
vt 0.959024 -0.089757
vt 0.959024 -0.107318
vt 0.906341 -0.051708
vt 0.784390 -0.914146
vt 0.783414 -0.949267
vt 0.816585 -0.916097
vt 0.816585 -0.950243
vt 0.859511 -0.916097
vt 0.860487 -0.951219
vt 0.782438 -0.961950
vt 0.816585 -0.962926
vt 0.860487 -0.963902
vt 0.172684 -0.052684
vt 0.160001 -0.052684
vt 0.172684 -0.087806
vt 0.160001 -0.087806
vt 0.168781 -0.105367
vt 0.160001 -0.103415
vt 0.160001 -0.108293
vt 0.168781 -0.108293
vt 0.175610 -0.106342
vt 0.174635 -0.087806
vt 0.516098 -0.906341
vt 0.516098 -0.918048
vt 0.519024 -0.906341
vt 0.521951 -0.917072
vt 0.530732 -0.918048
vt 0.531707 -0.906341
vt 0.521951 -0.920975
vt 0.531707 -0.871219
vt 0.519024 -0.871219
vt 0.531707 -0.920975
vt 0.781463 -0.997072
vt 0.796097 -0.998048
vt 0.814634 -0.999023
vt 0.858536 -0.999023
vt 0.859511 -0.914146
vt 0.859511 -0.895609
vt 0.816585 -0.913170
vt 0.816585 -0.892682
vt 0.782438 -0.899511
vt 0.784390 -0.912194
vt 0.860487 -0.889755
vt 0.816585 -0.886829
vt 0.781463 -0.893658
vt 0.585366 -0.258537
vt 0.600975 -0.230244
vt 0.603902 -0.256586
vt 0.587317 -0.271220
vt 0.604878 -0.269269
vt 0.631219 -0.206830
vt 0.624390 -0.240000
vt 0.644878 -0.207805
vt 0.596097 -0.201952
vt 0.635122 -0.163903
vt 0.650731 -0.163903
vt 0.636097 -0.243903
vt 0.597073 -0.160976
vt 0.580488 -0.202927
vt 0.544390 -0.203903
vt 0.540488 -0.162927
vt 0.579512 -0.160976
vt 0.502439 -0.167805
vt 0.509268 -0.211708
vt 0.515122 -0.229269
vt 0.520000 -0.244879
vt 0.737561 -0.509268
vt 0.727804 -0.547317
vt 0.720000 -0.512195
vt 0.714146 -0.467317
vt 0.730731 -0.464390
vt 0.786341 -0.548293
vt 0.788292 -0.557073
vt 0.762514 -0.949618
vt 0.761545 -0.949618
vt 0.762514 -0.950587
vt 0.761545 -0.948649
vt 0.762514 -0.948649
vt 0.763483 -0.949618
vt 0.763483 -0.950587
vt 0.761545 -0.951556
vt 0.761545 -0.950587
vt 0.762514 -0.952525
vt 0.761545 -0.952525
vt 0.760576 -0.951556
vt 0.760576 -0.952525
vt 0.762514 -0.954462
vt 0.759607 -0.952525
vt 0.759607 -0.954462
vt 0.759607 -0.956400
vt 0.758639 -0.953493
vt 0.756701 -0.954462
vt 0.757670 -0.958338
vt 0.755732 -0.952525
vt 0.755732 -0.955431
vt 0.755732 -0.959307
vt 0.754763 -0.952525
vt 0.753794 -0.956400
vt 0.751856 -0.957369
vt 0.752825 -0.953493
vt 0.753794 -0.961245
vt 0.748950 -0.957369
vt 0.750887 -0.953493
vt 0.750887 -0.962213
vt 0.747981 -0.963182
vt 0.747981 -0.953493
vt 0.745074 -0.953493
vt 0.746043 -0.958338
vt 0.741199 -0.959307
vt 0.745074 -0.949618
vt 0.740230 -0.953493
vt 0.736354 -0.953493
vt 0.741199 -0.948649
vt 0.736354 -0.948649
vt 0.736354 -0.943805
vt 0.741199 -0.944773
vt 0.737323 -0.939929
vt 0.742167 -0.940898
vt 0.739261 -0.935085
vt 0.744105 -0.937991
vt 0.741199 -0.931209
vt 0.745074 -0.934116
vt 0.744105 -0.928302
vt 0.747012 -0.931209
vt 0.749919 -0.928302
vt 0.747981 -0.924427
vt 0.753794 -0.925396
vt 0.751856 -0.921520
vt 0.758639 -0.921520
vt 0.757670 -0.927334
vt 0.763483 -0.927334
vt 0.767358 -0.924427
vt 0.765421 -0.919582
vt 0.759607 -0.914738
vt 0.753794 -0.916676
vt 0.755732 -0.912800
vt 0.748950 -0.913769
vt 0.751856 -0.910862
vt 0.745074 -0.910862
vt 0.747981 -0.907956
vt 0.756701 -0.909894
vt 0.752825 -0.907956
vt 0.749919 -0.905049
vt 0.757670 -0.906018
vt 0.754763 -0.904080
vt 0.752825 -0.902142
vt 0.756701 -0.901174
vt 0.753794 -0.900205
vt 0.751856 -0.898267
vt 0.754763 -0.898267
vt 0.748950 -0.898267
vt 0.749919 -0.900205
vt 0.750887 -0.896329
vt 0.751856 -0.895360
vt 0.753794 -0.897298
vt 0.749919 -0.894391
vt 0.751856 -0.894391
vt 0.752825 -0.893422
vt 0.754763 -0.895360
vt 0.752825 -0.894391
vt 0.754763 -0.893422
vt 0.752825 -0.892454
vt 0.751856 -0.892454
vt 0.751856 -0.889547
vt 0.749919 -0.889547
vt 0.749919 -0.892454
vt 0.747012 -0.892454
vt 0.747981 -0.895360
vt 0.743136 -0.893422
vt 0.744105 -0.896329
vt 0.739261 -0.894391
vt 0.741199 -0.898267
vt 0.746043 -0.900205
vt 0.743136 -0.901174
vt 0.747981 -0.902142
vt 0.745074 -0.905049
vt 0.739261 -0.904080
vt 0.742167 -0.907956
vt 0.737323 -0.900205
vt 0.735385 -0.896329
vt 0.734416 -0.891485
vt 0.734416 -0.886640
vt 0.739261 -0.890516
vt 0.738292 -0.885671
vt 0.742167 -0.885671
vt 0.743136 -0.889547
vt 0.747012 -0.885671
vt 0.747012 -0.889547
vt 0.747012 -0.880827
vt 0.749919 -0.885671
vt 0.754763 -0.882765
vt 0.750887 -0.881796
vt 0.752825 -0.886640
vt 0.755732 -0.878889
vt 0.752825 -0.876951
vt 0.748950 -0.875983
vt 0.750887 -0.871138
vt 0.747012 -0.870169
vt 0.745074 -0.875983
vt 0.743136 -0.869200
vt 0.741199 -0.875014
vt 0.743136 -0.880827
vt 0.739261 -0.880827
vt 0.734416 -0.879858
vt 0.736354 -0.874045
vt 0.739261 -0.867262
vt 0.741199 -0.861449
vt 0.746043 -0.863387
vt 0.745074 -0.855636
vt 0.748950 -0.857574
vt 0.749919 -0.850791
vt 0.753794 -0.852729
vt 0.754763 -0.845947
vt 0.759607 -0.848854
vt 0.758639 -0.840134
vt 0.763483 -0.844009
vt 0.766390 -0.837227
vt 0.762514 -0.834320
vt 0.770265 -0.831414
vt 0.766390 -0.828507
vt 0.773172 -0.825600
vt 0.768327 -0.821725
vt 0.776078 -0.819787
vt 0.771234 -0.816880
vt 0.778016 -0.815912
vt 0.773172 -0.813005
vt 0.778985 -0.812036
vt 0.775110 -0.809129
vt 0.779954 -0.808160
vt 0.778016 -0.806223
vt 0.781892 -0.803316
vt 0.782861 -0.808160
vt 0.785767 -0.801378
vt 0.787705 -0.807191
vt 0.791581 -0.800409
vt 0.791581 -0.806223
vt 0.797394 -0.806223
vt 0.796425 -0.799440
vt 0.801270 -0.804285
vt 0.802238 -0.799440
vt 0.806114 -0.805254
vt 0.809021 -0.799440
vt 0.813865 -0.802347
vt 0.809990 -0.808160
vt 0.819678 -0.806223
vt 0.815803 -0.810098
vt 0.819678 -0.813005
vt 0.823554 -0.811067
vt 0.824523 -0.817849
vt 0.820647 -0.818818
vt 0.823554 -0.825600
vt 0.818709 -0.825600
vt 0.820647 -0.834320
vt 0.816772 -0.832383
vt 0.813865 -0.840134
vt 0.818709 -0.842071
vt 0.811927 -0.845947
vt 0.816772 -0.848854
vt 0.809990 -0.852729
vt 0.812896 -0.857574
vt 0.806114 -0.859511
vt 0.809021 -0.864356
vt 0.802238 -0.865325
vt 0.805145 -0.870169
vt 0.797394 -0.870169
vt 0.800301 -0.875014
vt 0.792550 -0.873076
vt 0.794487 -0.878889
vt 0.787705 -0.875983
vt 0.787705 -0.882765
vt 0.781892 -0.878889
vt 0.781892 -0.884703
vt 0.781892 -0.887609
vt 0.787705 -0.887609
vt 0.793518 -0.890516
vt 0.794487 -0.886640
vt 0.798363 -0.894391
vt 0.800301 -0.890516
vt 0.802238 -0.899236
vt 0.805145 -0.895360
vt 0.806114 -0.905049
vt 0.809990 -0.900205
vt 0.809990 -0.909894
vt 0.813865 -0.906018
vt 0.814834 -0.915707
vt 0.819678 -0.912800
vt 0.817741 -0.922489
vt 0.823554 -0.919582
vt 0.818709 -0.929271
vt 0.824523 -0.927334
vt 0.823554 -0.935085
vt 0.817741 -0.936054
vt 0.820647 -0.942836
vt 0.814834 -0.941867
vt 0.817741 -0.949618
vt 0.812896 -0.948649
vt 0.810958 -0.954462
vt 0.816772 -0.956400
vt 0.809990 -0.960276
vt 0.815803 -0.962213
vt 0.808052 -0.965120
vt 0.813865 -0.968027
vt 0.806114 -0.969965
vt 0.811927 -0.973840
vt 0.803207 -0.973840
vt 0.809021 -0.977716
vt 0.806114 -0.981591
vt 0.800301 -0.977716
vt 0.801270 -0.984498
vt 0.797394 -0.980622
vt 0.797394 -0.986436
vt 0.794487 -0.982560
vt 0.794487 -0.989342
vt 0.790612 -0.984498
vt 0.791581 -0.991280
vt 0.788674 -0.986436
vt 0.788674 -0.994187
vt 0.785767 -0.988373
vt 0.782861 -0.990311
vt 0.784798 -0.996125
vt 0.778985 -0.992249
vt 0.779954 -0.998062
vt 0.774141 -0.994187
vt 0.774141 -0.999031
vt 0.769296 -0.994187
vt 0.767358 -0.999031
vt 0.763483 -0.992249
vt 0.760576 -0.997093
vt 0.755732 -0.993218
vt 0.758639 -0.989342
vt 0.751856 -0.988373
vt 0.754763 -0.984498
vt 0.747981 -0.982560
vt 0.750887 -0.979653
vt 0.744105 -0.976747
vt 0.747981 -0.974809
vt 0.741199 -0.971902
vt 0.745074 -0.969965
vt 0.743136 -0.965120
vt 0.739261 -0.966089
vt 0.737323 -0.959307
vt 0.751856 -0.972871
vt 0.749919 -0.968027
vt 0.755732 -0.970933
vt 0.752825 -0.966089
vt 0.758639 -0.968996
vt 0.755732 -0.965120
vt 0.757670 -0.963182
vt 0.759607 -0.962213
vt 0.760576 -0.967058
vt 0.762514 -0.965120
vt 0.763483 -0.969965
vt 0.760576 -0.971902
vt 0.764452 -0.974809
vt 0.761545 -0.977716
vt 0.758639 -0.973840
vt 0.757670 -0.980622
vt 0.754763 -0.976747
vt 0.762514 -0.984498
vt 0.765421 -0.980622
vt 0.766390 -0.987405
vt 0.770265 -0.984498
vt 0.770265 -0.989342
vt 0.774141 -0.987405
vt 0.772203 -0.981591
vt 0.777047 -0.986436
vt 0.775110 -0.980622
vt 0.779954 -0.984498
vt 0.778016 -0.978685
vt 0.781892 -0.983529
vt 0.779954 -0.976747
vt 0.784798 -0.981591
vt 0.781892 -0.975778
vt 0.786736 -0.979653
vt 0.783830 -0.973840
vt 0.789643 -0.977716
vt 0.785767 -0.971902
vt 0.791581 -0.975778
vt 0.788674 -0.969965
vt 0.794487 -0.973840
vt 0.790612 -0.967058
vt 0.796425 -0.969965
vt 0.793518 -0.963182
vt 0.799332 -0.967058
vt 0.801270 -0.962213
vt 0.795456 -0.959307
vt 0.803207 -0.957369
vt 0.797394 -0.954462
vt 0.805145 -0.952525
vt 0.799332 -0.949618
vt 0.807083 -0.946711
vt 0.801270 -0.939929
vt 0.800301 -0.944773
vt 0.808052 -0.940898
vt 0.794487 -0.943805
vt 0.793518 -0.947680
vt 0.787705 -0.946711
vt 0.787705 -0.950587
vt 0.792550 -0.952525
vt 0.785767 -0.953493
vt 0.790612 -0.956400
vt 0.784798 -0.957369
vt 0.788674 -0.960276
vt 0.782861 -0.960276
vt 0.786736 -0.963182
vt 0.783830 -0.966089
vt 0.779954 -0.962213
vt 0.781892 -0.968027
vt 0.778016 -0.965120
vt 0.779954 -0.969965
vt 0.776078 -0.967058
vt 0.778016 -0.971902
vt 0.774141 -0.968996
vt 0.775110 -0.972871
vt 0.771234 -0.969965
vt 0.773172 -0.974809
vt 0.769296 -0.971902
vt 0.771234 -0.976747
vt 0.767358 -0.972871
vt 0.768327 -0.978685
vt 0.766390 -0.968996
vt 0.765421 -0.964151
vt 0.768327 -0.967058
vt 0.767358 -0.963182
vt 0.770265 -0.966089
vt 0.773172 -0.964151
vt 0.772203 -0.959307
vt 0.770265 -0.961245
vt 0.775110 -0.962213
vt 0.769296 -0.957369
vt 0.767358 -0.958338
vt 0.765421 -0.959307
vt 0.765421 -0.955431
vt 0.763483 -0.956400
vt 0.762514 -0.960276
vt 0.763483 -0.953493
vt 0.765421 -0.952525
vt 0.764452 -0.951556
vt 0.765421 -0.950587
vt 0.765421 -0.949618
vt 0.767358 -0.950587
vt 0.766390 -0.951556
vt 0.769296 -0.951556
vt 0.767358 -0.954462
vt 0.768327 -0.953493
vt 0.772203 -0.953493
vt 0.771234 -0.955431
vt 0.775110 -0.954462
vt 0.774141 -0.957369
vt 0.778985 -0.957369
vt 0.777047 -0.960276
vt 0.779954 -0.954462
vt 0.776078 -0.952525
vt 0.781892 -0.951556
vt 0.778016 -0.949618
vt 0.782861 -0.948649
vt 0.778016 -0.946711
vt 0.782861 -0.944773
vt 0.778985 -0.943805
vt 0.782861 -0.940898
vt 0.788674 -0.941867
vt 0.787705 -0.937991
vt 0.794487 -0.938960
vt 0.794487 -0.934116
vt 0.802238 -0.935085
vt 0.802238 -0.930240
vt 0.809990 -0.936054
vt 0.810958 -0.930240
vt 0.802238 -0.926365
vt 0.809990 -0.924427
vt 0.808052 -0.918614
vt 0.801270 -0.921520
vt 0.805145 -0.913769
vt 0.799332 -0.916676
vt 0.801270 -0.907956
vt 0.796425 -0.910862
vt 0.798363 -0.903111
vt 0.793518 -0.906018
vt 0.794487 -0.897298
vt 0.791581 -0.901174
vt 0.790612 -0.893422
vt 0.788674 -0.896329
vt 0.786736 -0.891485
vt 0.784798 -0.893422
vt 0.780923 -0.889547
vt 0.776078 -0.889547
vt 0.779954 -0.892454
vt 0.777047 -0.887609
vt 0.783830 -0.895360
vt 0.778985 -0.895360
vt 0.774141 -0.892454
vt 0.774141 -0.895360
vt 0.769296 -0.891485
vt 0.771234 -0.888578
vt 0.769296 -0.896329
vt 0.764452 -0.893422
vt 0.767358 -0.886640
vt 0.765421 -0.888578
vt 0.762514 -0.890516
vt 0.764452 -0.883734
vt 0.762514 -0.885671
vt 0.760576 -0.894391
vt 0.759607 -0.891485
vt 0.760576 -0.887609
vt 0.758639 -0.895360
vt 0.757670 -0.893422
vt 0.757670 -0.889547
vt 0.756701 -0.895360
vt 0.755732 -0.894391
vt 0.755732 -0.891485
vt 0.753794 -0.890516
vt 0.755732 -0.887609
vt 0.757670 -0.884703
vt 0.759607 -0.881796
vt 0.761545 -0.880827
vt 0.762514 -0.878889
vt 0.758639 -0.875983
vt 0.760576 -0.875014
vt 0.755732 -0.872107
vt 0.759607 -0.871138
vt 0.756701 -0.866294
vt 0.752825 -0.865325
vt 0.755732 -0.860480
vt 0.751856 -0.858543
vt 0.749919 -0.864356
vt 0.757670 -0.855636
vt 0.760576 -0.857574
vt 0.762514 -0.850791
vt 0.764452 -0.853698
vt 0.769296 -0.848854
vt 0.767358 -0.845947
vt 0.774141 -0.843040
vt 0.770265 -0.840134
vt 0.777047 -0.836258
vt 0.774141 -0.834320
vt 0.779954 -0.829476
vt 0.777047 -0.827538
vt 0.783830 -0.823663
vt 0.779954 -0.822694
vt 0.784798 -0.817849
vt 0.781892 -0.816880
vt 0.782861 -0.813005
vt 0.786736 -0.813005
vt 0.789643 -0.813005
vt 0.788674 -0.817849
vt 0.791581 -0.817849
vt 0.793518 -0.813005
vt 0.794487 -0.817849
vt 0.796425 -0.812036
vt 0.797394 -0.817849
vt 0.798363 -0.812036
vt 0.798363 -0.807191
vt 0.800301 -0.808160
vt 0.803207 -0.812036
vt 0.804176 -0.808160
vt 0.808052 -0.810098
vt 0.806114 -0.813974
vt 0.809021 -0.811067
vt 0.808052 -0.815912
vt 0.810958 -0.812036
vt 0.810958 -0.817849
vt 0.814834 -0.813005
vt 0.813865 -0.817849
vt 0.817741 -0.814943
vt 0.816772 -0.818818
vt 0.815803 -0.824632
vt 0.812896 -0.824632
vt 0.812896 -0.831414
vt 0.809990 -0.831414
vt 0.809990 -0.838196
vt 0.807083 -0.837227
vt 0.807083 -0.844009
vt 0.803207 -0.842071
vt 0.801270 -0.847885
vt 0.805145 -0.849823
vt 0.799332 -0.852729
vt 0.802238 -0.856605
vt 0.795456 -0.858543
vt 0.799332 -0.861449
vt 0.794487 -0.866294
vt 0.791581 -0.863387
vt 0.789643 -0.869200
vt 0.787705 -0.866294
vt 0.785767 -0.872107
vt 0.783830 -0.869200
vt 0.781892 -0.873076
vt 0.782861 -0.875983
vt 0.778985 -0.875983
vt 0.778985 -0.877920
vt 0.777047 -0.875014
vt 0.776078 -0.876951
vt 0.778016 -0.879858
vt 0.779954 -0.881796
vt 0.777047 -0.882765
vt 0.777047 -0.880827
vt 0.775110 -0.879858
vt 0.774141 -0.882765
vt 0.777047 -0.885671
vt 0.773172 -0.884703
vt 0.771234 -0.881796
vt 0.769296 -0.883734
vt 0.768327 -0.884703
vt 0.772203 -0.886640
vt 0.765421 -0.882765
vt 0.766390 -0.880827
vt 0.764452 -0.877920
vt 0.768327 -0.879858
vt 0.766390 -0.876951
vt 0.762514 -0.874045
vt 0.765421 -0.874045
vt 0.761545 -0.870169
vt 0.764452 -0.870169
vt 0.764452 -0.867262
vt 0.761545 -0.866294
vt 0.759607 -0.866294
vt 0.761545 -0.862418
vt 0.758639 -0.861449
vt 0.762514 -0.858543
vt 0.766390 -0.860480
vt 0.767358 -0.855636
vt 0.770265 -0.857574
vt 0.771234 -0.850791
vt 0.774141 -0.852729
vt 0.776078 -0.844978
vt 0.778985 -0.846916
vt 0.782861 -0.840134
vt 0.779954 -0.838196
vt 0.786736 -0.835289
vt 0.784798 -0.831414
vt 0.790612 -0.831414
vt 0.789643 -0.828507
vt 0.786736 -0.823663
vt 0.789643 -0.823663
vt 0.791581 -0.828507
vt 0.792550 -0.823663
vt 0.793518 -0.828507
vt 0.795456 -0.824632
vt 0.799332 -0.825600
vt 0.801270 -0.818818
vt 0.805145 -0.820756
vt 0.802238 -0.827538
vt 0.807083 -0.822694
vt 0.805145 -0.828507
vt 0.809990 -0.823663
vt 0.808052 -0.830445
vt 0.804176 -0.835289
vt 0.801270 -0.834320
vt 0.800301 -0.840134
vt 0.797394 -0.838196
vt 0.798363 -0.844978
vt 0.794487 -0.842071
vt 0.795456 -0.850791
vt 0.792550 -0.847885
vt 0.788674 -0.853698
vt 0.792550 -0.855636
vt 0.785767 -0.858543
vt 0.788674 -0.860480
vt 0.784798 -0.864356
vt 0.782861 -0.862418
vt 0.781892 -0.867262
vt 0.778985 -0.865325
vt 0.777047 -0.867262
vt 0.778985 -0.869200
vt 0.780923 -0.870169
vt 0.778016 -0.872107
vt 0.778985 -0.873076
vt 0.777047 -0.874045
vt 0.776078 -0.873076
vt 0.775110 -0.874045
vt 0.773172 -0.874045
vt 0.775110 -0.875014
vt 0.772203 -0.875014
vt 0.774141 -0.875983
vt 0.771234 -0.876951
vt 0.773172 -0.877920
vt 0.772203 -0.879858
vt 0.775110 -0.878889
vt 0.770265 -0.877920
vt 0.770265 -0.875014
vt 0.768327 -0.875983
vt 0.769296 -0.872107
vt 0.767358 -0.873076
vt 0.768327 -0.870169
vt 0.766390 -0.870169
vt 0.766390 -0.867262
vt 0.768327 -0.867262
vt 0.767358 -0.864356
vt 0.765421 -0.864356
vt 0.767358 -0.863387
vt 0.763483 -0.863387
vt 0.769296 -0.863387
vt 0.771234 -0.862418
vt 0.771234 -0.865325
vt 0.775110 -0.866294
vt 0.776078 -0.863387
vt 0.774141 -0.858543
vt 0.778016 -0.854667
vt 0.778985 -0.860480
vt 0.781892 -0.856605
vt 0.785767 -0.850791
vt 0.781892 -0.848854
vt 0.788674 -0.844978
vt 0.785767 -0.842071
vt 0.791581 -0.840134
vt 0.788674 -0.838196
vt 0.794487 -0.836258
vt 0.795456 -0.830445
vt 0.792550 -0.834320
vt 0.798363 -0.832383
vt 0.773172 -0.868231
vt 0.775110 -0.869200
vt 0.774141 -0.871138
vt 0.777047 -0.870169
vt 0.775110 -0.872107
vt 0.773172 -0.872107
vt 0.774141 -0.873076
vt 0.773172 -0.873076
vt 0.772203 -0.872107
vt 0.771234 -0.874045
vt 0.770265 -0.872107
vt 0.772203 -0.870169
vt 0.770265 -0.870169
vt 0.771234 -0.868231
vt 0.769296 -0.865325
vt 0.757670 -0.897298
vt 0.755732 -0.896329
vt 0.760576 -0.900205
vt 0.761545 -0.897298
vt 0.757670 -0.899236
vt 0.764452 -0.900205
vt 0.764452 -0.896329
vt 0.769296 -0.900205
vt 0.774141 -0.904080
vt 0.774141 -0.900205
vt 0.768327 -0.905049
vt 0.778985 -0.903111
vt 0.778016 -0.898267
vt 0.781892 -0.898267
vt 0.786736 -0.898267
vt 0.782861 -0.901174
vt 0.787705 -0.903111
vt 0.783830 -0.905049
vt 0.789643 -0.907956
vt 0.784798 -0.909894
vt 0.778985 -0.906987
vt 0.778985 -0.910862
vt 0.773172 -0.907956
vt 0.772203 -0.911831
vt 0.767358 -0.908925
vt 0.766390 -0.911831
vt 0.762514 -0.907956
vt 0.763483 -0.904080
vt 0.759607 -0.903111
vt 0.760576 -0.911831
vt 0.766390 -0.915707
vt 0.772203 -0.918614
vt 0.772203 -0.915707
vt 0.778985 -0.918614
vt 0.778985 -0.914738
vt 0.785767 -0.917645
vt 0.784798 -0.913769
vt 0.791581 -0.912800
vt 0.792550 -0.917645
vt 0.793518 -0.922489
vt 0.785767 -0.922489
vt 0.786736 -0.926365
vt 0.779954 -0.926365
vt 0.778985 -0.922489
vt 0.773172 -0.923458
vt 0.774141 -0.927334
vt 0.775110 -0.931209
vt 0.769296 -0.929271
vt 0.770265 -0.932178
vt 0.765421 -0.931209
vt 0.762514 -0.934116
vt 0.766390 -0.934116
vt 0.760576 -0.931209
vt 0.763483 -0.936054
vt 0.767358 -0.935085
vt 0.771234 -0.934116
vt 0.772203 -0.937022
vt 0.775110 -0.934116
vt 0.777047 -0.937022
vt 0.780923 -0.934116
vt 0.779954 -0.930240
vt 0.786736 -0.930240
vt 0.787705 -0.934116
vt 0.794487 -0.930240
vt 0.793518 -0.926365
vt 0.781892 -0.937022
vt 0.778016 -0.939929
vt 0.774141 -0.942836
vt 0.773172 -0.939929
vt 0.770265 -0.942836
vt 0.769296 -0.939929
vt 0.766390 -0.940898
vt 0.767358 -0.942836
vt 0.765421 -0.938960
vt 0.768327 -0.937022
vt 0.764452 -0.937022
vt 0.762514 -0.938960
vt 0.761545 -0.937991
vt 0.759607 -0.938960
vt 0.759607 -0.936054
vt 0.757670 -0.937991
vt 0.758639 -0.933147
vt 0.756701 -0.936054
vt 0.753794 -0.934116
vt 0.756701 -0.931209
vt 0.751856 -0.931209
vt 0.754763 -0.929271
vt 0.749919 -0.934116
vt 0.750887 -0.937991
vt 0.752825 -0.936054
vt 0.747981 -0.937022
vt 0.754763 -0.937991
vt 0.756701 -0.938960
vt 0.752825 -0.939929
vt 0.753794 -0.942836
vt 0.754763 -0.940898
vt 0.751856 -0.941867
vt 0.755732 -0.943805
vt 0.756701 -0.942836
vt 0.758639 -0.943805
vt 0.759607 -0.941867
vt 0.758639 -0.940898
vt 0.760576 -0.940898
vt 0.761545 -0.941867
vt 0.763483 -0.940898
vt 0.764452 -0.941867
vt 0.762514 -0.942836
vt 0.765421 -0.943805
vt 0.763483 -0.944773
vt 0.764452 -0.945742
vt 0.765421 -0.944773
vt 0.764452 -0.946711
vt 0.766390 -0.946711
vt 0.768327 -0.944773
vt 0.768327 -0.946711
vt 0.771234 -0.944773
vt 0.770265 -0.947680
vt 0.774141 -0.945742
vt 0.774141 -0.948649
vt 0.770265 -0.949618
vt 0.773172 -0.950587
vt 0.768327 -0.948649
vt 0.766390 -0.947680
vt 0.764452 -0.948649
vt 0.764452 -0.947680
vt 0.763483 -0.947680
vt 0.762514 -0.947680
vt 0.763483 -0.946711
vt 0.761545 -0.947680
vt 0.760576 -0.948649
vt 0.761545 -0.946711
vt 0.760576 -0.947680
vt 0.762514 -0.945742
vt 0.759607 -0.946711
vt 0.760576 -0.945742
vt 0.758639 -0.945742
vt 0.759607 -0.944773
vt 0.761545 -0.944773
vt 0.760576 -0.943805
vt 0.757670 -0.944773
vt 0.756701 -0.946711
vt 0.757670 -0.948649
vt 0.758639 -0.947680
vt 0.755732 -0.948649
vt 0.753794 -0.947680
vt 0.754763 -0.945742
vt 0.751856 -0.946711
vt 0.752825 -0.944773
vt 0.749919 -0.946711
vt 0.750887 -0.943805
vt 0.747981 -0.942836
vt 0.748950 -0.940898
vt 0.746043 -0.941867
vt 0.747012 -0.938960
vt 0.745074 -0.945742
vt 0.747981 -0.945742
vt 0.747981 -0.949618
vt 0.749919 -0.949618
vt 0.751856 -0.949618
vt 0.753794 -0.950587
vt 0.755732 -0.950587
vt 0.757670 -0.952525
vt 0.757670 -0.950587
vt 0.758639 -0.951556
vt 0.758639 -0.950587
vt 0.759607 -0.950587
vt 0.758639 -0.948649
vt 0.759607 -0.949618
vt 0.759607 -0.947680
vt 0.760576 -0.949618
vt 0.605554 -0.169664
vt 0.598772 -0.170633
vt 0.605554 -0.176446
vt 0.597803 -0.163851
vt 0.605554 -0.162882
vt 0.612337 -0.161913
vt 0.612337 -0.168695
vt 0.611368 -0.175477
vt 0.599741 -0.177415
vt 0.605554 -0.181291
vt 0.610399 -0.181291
vt 0.599741 -0.184197
vt 0.604585 -0.186135
vt 0.608461 -0.187104
vt 0.611368 -0.188073
vt 0.604585 -0.192917
vt 0.607492 -0.195824
vt 0.609430 -0.198730
vt 0.601679 -0.195824
vt 0.604585 -0.198730
vt 0.606523 -0.201637
vt 0.611368 -0.199699
vt 0.616212 -0.190010
vt 0.614274 -0.189042
vt 0.617181 -0.180322
vt 0.613305 -0.181291
vt 0.615243 -0.175477
vt 0.616212 -0.168695
vt 0.620088 -0.167726
vt 0.620088 -0.176446
vt 0.622025 -0.176446
vt 0.619119 -0.180322
vt 0.622025 -0.167726
vt 0.622994 -0.160944
vt 0.621057 -0.160944
vt 0.622994 -0.154162
vt 0.621057 -0.154162
vt 0.622025 -0.146411
vt 0.620088 -0.147379
vt 0.620088 -0.141566
vt 0.618150 -0.142535
vt 0.617181 -0.135753
vt 0.615243 -0.136722
vt 0.613305 -0.130908
vt 0.612337 -0.131877
vt 0.610399 -0.126064
vt 0.608461 -0.127033
vt 0.606523 -0.121220
vt 0.602648 -0.119282
vt 0.605554 -0.122188
vt 0.603617 -0.118313
vt 0.601679 -0.121220
vt 0.603617 -0.124126
vt 0.606523 -0.128002
vt 0.604585 -0.128971
vt 0.609430 -0.132846
vt 0.607492 -0.132846
vt 0.609430 -0.137691
vt 0.612337 -0.137691
vt 0.614274 -0.142535
vt 0.610399 -0.143504
vt 0.616212 -0.148348
vt 0.612337 -0.149317
vt 0.616212 -0.155131
vt 0.612337 -0.155131
vt 0.616212 -0.161913
vt 0.604585 -0.149317
vt 0.605554 -0.156099
vt 0.597803 -0.157068
vt 0.593928 -0.163851
vt 0.597803 -0.149317
vt 0.593928 -0.157068
vt 0.590052 -0.163851
vt 0.593928 -0.149317
vt 0.589083 -0.157068
vt 0.587146 -0.157068
vt 0.590052 -0.149317
vt 0.588114 -0.149317
vt 0.589083 -0.142535
vt 0.591021 -0.142535
vt 0.591021 -0.135753
vt 0.592959 -0.135753
vt 0.591990 -0.129939
vt 0.593928 -0.130908
vt 0.595865 -0.126064
vt 0.594897 -0.125095
vt 0.597803 -0.120251
vt 0.596834 -0.119282
vt 0.599741 -0.118313
vt 0.598772 -0.117344
vt 0.600710 -0.116375
vt 0.600710 -0.115406
vt 0.599741 -0.123157
vt 0.601679 -0.125095
vt 0.597803 -0.127033
vt 0.599741 -0.128971
vt 0.596834 -0.131877
vt 0.598772 -0.132846
vt 0.595865 -0.136722
vt 0.598772 -0.137691
vt 0.594897 -0.142535
vt 0.597803 -0.143504
vt 0.604585 -0.143504
vt 0.603617 -0.137691
vt 0.602648 -0.133815
vt 0.602648 -0.129939
vt 0.588114 -0.164819
vt 0.591021 -0.172571
vt 0.589083 -0.173539
vt 0.590052 -0.181291
vt 0.591990 -0.180322
vt 0.592959 -0.188073
vt 0.596834 -0.192917
vt 0.594897 -0.187104
vt 0.595865 -0.194855
vt 0.599741 -0.190979
vt 0.597803 -0.185166
vt 0.601679 -0.189042
vt 0.595865 -0.179353
vt 0.594897 -0.171602
vt 0.598772 -0.198730
vt 0.597803 -0.199699
vt 0.601679 -0.201637
vt 0.600710 -0.202606
vt 0.603617 -0.204544
vt 0.603617 -0.206482
vt 0.607492 -0.202606
vt 0.899127 -0.322748
vt 0.885563 -0.322748
vt 0.899127 -0.332437
vt 0.885563 -0.312090
vt 0.899127 -0.312090
vt 0.911723 -0.322748
vt 0.911723 -0.332437
vt 0.899127 -0.342126
vt 0.885563 -0.332437
vt 0.911723 -0.342126
vt 0.911723 -0.351815
vt 0.885563 -0.342126
vt 0.899127 -0.351815
vt 0.899127 -0.360535
vt 0.885563 -0.351815
vt 0.885563 -0.360535
vt 0.899127 -0.370223
vt 0.872967 -0.360535
vt 0.885563 -0.370223
vt 0.899127 -0.380881
vt 0.872967 -0.370223
vt 0.885563 -0.380881
vt 0.872967 -0.380881
vt 0.862309 -0.370223
vt 0.862309 -0.380881
vt 0.860372 -0.380881
vt 0.860372 -0.370223
vt 0.858434 -0.380881
vt 0.858434 -0.370223
vt 0.856496 -0.370223
vt 0.856496 -0.380881
vt 0.854558 -0.370223
vt 0.854558 -0.380881
vt 0.854558 -0.360535
vt 0.856496 -0.360535
vt 0.856496 -0.351815
vt 0.854558 -0.351815
vt 0.854558 -0.342126
vt 0.856496 -0.342126
vt 0.854558 -0.332437
vt 0.856496 -0.332437
vt 0.854558 -0.322748
vt 0.856496 -0.322748
vt 0.856496 -0.312090
vt 0.854558 -0.312090
vt 0.854558 -0.302401
vt 0.856496 -0.302401
vt 0.854558 -0.291744
vt 0.856496 -0.291744
vt 0.854558 -0.282055
vt 0.856496 -0.282055
vt 0.856496 -0.272366
vt 0.854558 -0.272366
vt 0.856496 -0.262677
vt 0.854558 -0.262677
vt 0.854558 -0.252988
vt 0.856496 -0.252988
vt 0.856496 -0.243299
vt 0.854558 -0.243299
vt 0.856496 -0.233610
vt 0.854558 -0.233610
vt 0.854558 -0.222953
vt 0.856496 -0.222953
vt 0.858434 -0.233610
vt 0.858434 -0.222953
vt 0.860372 -0.222953
vt 0.860372 -0.233610
vt 0.862309 -0.222953
vt 0.862309 -0.233610
vt 0.872967 -0.233610
vt 0.872967 -0.222953
vt 0.885563 -0.233610
vt 0.885563 -0.222953
vt 0.899127 -0.233610
vt 0.899127 -0.222953
vt 0.911723 -0.233610
vt 0.899127 -0.243299
vt 0.911723 -0.243299
vt 0.911723 -0.222953
vt 0.923349 -0.233610
vt 0.923349 -0.243299
vt 0.911723 -0.252988
vt 0.923349 -0.252988
vt 0.925287 -0.243299
vt 0.925287 -0.252988
vt 0.926256 -0.243299
vt 0.925287 -0.233610
vt 0.926256 -0.233610
vt 0.926256 -0.222953
vt 0.925287 -0.222953
vt 0.929163 -0.233610
vt 0.929163 -0.222953
vt 0.932069 -0.222953
vt 0.932069 -0.233610
vt 0.942727 -0.222953
vt 0.942727 -0.233610
vt 0.955323 -0.222953
vt 0.955323 -0.233610
vt 0.966949 -0.222953
vt 0.966949 -0.233610
vt 0.978576 -0.222953
vt 0.978576 -0.233610
vt 0.989234 -0.222953
vt 0.989234 -0.233610
vt 0.978576 -0.243299
vt 0.989234 -0.243299
vt 0.978576 -0.252988
vt 0.989234 -0.252988
vt 0.978576 -0.262677
vt 0.989234 -0.262677
vt 0.978576 -0.272366
vt 0.989234 -0.272366
vt 0.989234 -0.282055
vt 0.978576 -0.282055
vt 0.989234 -0.291744
vt 0.978576 -0.291744
vt 0.989234 -0.302401
vt 0.978576 -0.302401
vt 0.989234 -0.312090
vt 0.978576 -0.312090
vt 0.989234 -0.322748
vt 0.978576 -0.322748
vt 0.978576 -0.332437
vt 0.989234 -0.332437
vt 0.978576 -0.342126
vt 0.989234 -0.342126
vt 0.978576 -0.351815
vt 0.989234 -0.351815
vt 0.989234 -0.360535
vt 0.978576 -0.360535
vt 0.978576 -0.370223
vt 0.989234 -0.370223
vt 0.978576 -0.380881
vt 0.989234 -0.380881
vt 0.966949 -0.370223
vt 0.966949 -0.380881
vt 0.955323 -0.370223
vt 0.955323 -0.380881
vt 0.942727 -0.380881
vt 0.942727 -0.370223
vt 0.932069 -0.370223
vt 0.932069 -0.380881
vt 0.929163 -0.380881
vt 0.929163 -0.370223
vt 0.926256 -0.370223
vt 0.926256 -0.380881
vt 0.925287 -0.370223
vt 0.925287 -0.380881
vt 0.923349 -0.370223
vt 0.923349 -0.380881
vt 0.911723 -0.380881
vt 0.911723 -0.370223
vt 0.923349 -0.360535
vt 0.911723 -0.360535
vt 0.925287 -0.351815
vt 0.923349 -0.351815
vt 0.925287 -0.360535
vt 0.925287 -0.342126
vt 0.923349 -0.342126
vt 0.925287 -0.332437
vt 0.923349 -0.332437
vt 0.925287 -0.322748
vt 0.923349 -0.322748
vt 0.911723 -0.312090
vt 0.923349 -0.312090
vt 0.911723 -0.302401
vt 0.925287 -0.312090
vt 0.923349 -0.302401
vt 0.923349 -0.291744
vt 0.925287 -0.302401
vt 0.925287 -0.291744
vt 0.925287 -0.282055
vt 0.926256 -0.302401
vt 0.926256 -0.291744
vt 0.926256 -0.282055
vt 0.926256 -0.272366
vt 0.929163 -0.291744
vt 0.929163 -0.282055
vt 0.925287 -0.272366
vt 0.925287 -0.262677
vt 0.929163 -0.272366
vt 0.926256 -0.262677
vt 0.923349 -0.262677
vt 0.923349 -0.272366
vt 0.911723 -0.262677
vt 0.911723 -0.272366
vt 0.899127 -0.262677
vt 0.885563 -0.262677
vt 0.899127 -0.272366
vt 0.899127 -0.252988
vt 0.885563 -0.272366
vt 0.899127 -0.282055
vt 0.911723 -0.282055
vt 0.899127 -0.291744
vt 0.911723 -0.291744
vt 0.923349 -0.282055
vt 0.899127 -0.302401
vt 0.885563 -0.302401
vt 0.872967 -0.312090
vt 0.872967 -0.302401
vt 0.885563 -0.291744
vt 0.872967 -0.291744
vt 0.885563 -0.282055
vt 0.872967 -0.282055
vt 0.862309 -0.291744
vt 0.862309 -0.282055
vt 0.872967 -0.272366
vt 0.862309 -0.272366
vt 0.872967 -0.262677
vt 0.862309 -0.252988
vt 0.862309 -0.262677
vt 0.872967 -0.252988
vt 0.885563 -0.252988
vt 0.885563 -0.243299
vt 0.872967 -0.243299
vt 0.862309 -0.243299
vt 0.860372 -0.252988
vt 0.860372 -0.243299
vt 0.858434 -0.252988
vt 0.858434 -0.243299
vt 0.858434 -0.262677
vt 0.860372 -0.272366
vt 0.860372 -0.262677
vt 0.858434 -0.272366
vt 0.860372 -0.282055
vt 0.858434 -0.282055
vt 0.860372 -0.291744
vt 0.858434 -0.291744
vt 0.860372 -0.302401
vt 0.858434 -0.302401
vt 0.858434 -0.312090
vt 0.860372 -0.322748
vt 0.860372 -0.312090
vt 0.858434 -0.322748
vt 0.862309 -0.322748
vt 0.862309 -0.312090
vt 0.862309 -0.302401
vt 0.872967 -0.332437
vt 0.872967 -0.322748
vt 0.862309 -0.332437
vt 0.872967 -0.342126
vt 0.862309 -0.342126
vt 0.860372 -0.342126
vt 0.860372 -0.332437
vt 0.858434 -0.332437
vt 0.858434 -0.342126
vt 0.860372 -0.351815
vt 0.858434 -0.351815
vt 0.860372 -0.360535
vt 0.858434 -0.360535
vt 0.862309 -0.360535
vt 0.872967 -0.351815
vt 0.862309 -0.351815
vt 0.929163 -0.262677
vt 0.926256 -0.252988
vt 0.929163 -0.252988
vt 0.929163 -0.243299
vt 0.932069 -0.252988
vt 0.932069 -0.243299
vt 0.942727 -0.252988
vt 0.942727 -0.243299
vt 0.955323 -0.243299
vt 0.955323 -0.252988
vt 0.966949 -0.243299
vt 0.966949 -0.252988
vt 0.966949 -0.262677
vt 0.955323 -0.262677
vt 0.955323 -0.272366
vt 0.966949 -0.272366
vt 0.955323 -0.282055
vt 0.966949 -0.282055
vt 0.966949 -0.291744
vt 0.955323 -0.291744
vt 0.966949 -0.302401
vt 0.955323 -0.302401
vt 0.966949 -0.312090
vt 0.955323 -0.312090
vt 0.966949 -0.322748
vt 0.955323 -0.322748
vt 0.955323 -0.332437
vt 0.966949 -0.332437
vt 0.955323 -0.342126
vt 0.966949 -0.342126
vt 0.966949 -0.351815
vt 0.955323 -0.351815
vt 0.955323 -0.360535
vt 0.966949 -0.360535
vt 0.942727 -0.351815
vt 0.942727 -0.360535
vt 0.932069 -0.360535
vt 0.932069 -0.351815
vt 0.929163 -0.360535
vt 0.929163 -0.351815
vt 0.926256 -0.360535
vt 0.926256 -0.351815
vt 0.926256 -0.342126
vt 0.926256 -0.332437
vt 0.929163 -0.342126
vt 0.932069 -0.332437
vt 0.929163 -0.332437
vt 0.932069 -0.342126
vt 0.932069 -0.322748
vt 0.929163 -0.322748
vt 0.926256 -0.322748
vt 0.926256 -0.312090
vt 0.929163 -0.312090
vt 0.932069 -0.312090
vt 0.932069 -0.302401
vt 0.929163 -0.302401
vt 0.932069 -0.291744
vt 0.942727 -0.302401
vt 0.942727 -0.291744
vt 0.932069 -0.282055
vt 0.942727 -0.282055
vt 0.942727 -0.272366
vt 0.932069 -0.272366
vt 0.942727 -0.262677
vt 0.932069 -0.262677
vt 0.942727 -0.312090
vt 0.942727 -0.322748
vt 0.942727 -0.332437
vt 0.942727 -0.342126
vt 0.923349 -0.222953
vt 0.068791 -0.114437
vt 0.068791 -0.104748
vt 0.057164 -0.104748
vt 0.077511 -0.114437
vt 0.077511 -0.124126
vt 0.068791 -0.124126
vt 0.057164 -0.114437
vt 0.045538 -0.104748
vt 0.068791 -0.094091
vt 0.057164 -0.094091
vt 0.045538 -0.114437
vt 0.033911 -0.104748
vt 0.045538 -0.094091
vt 0.033911 -0.094091
vt 0.023253 -0.104748
vt 0.045538 -0.085371
vt 0.033911 -0.085371
vt 0.023253 -0.094091
vt 0.013564 -0.094091
vt 0.023253 -0.085371
vt 0.013564 -0.085371
vt 0.011627 -0.094091
vt 0.023253 -0.075682
vt 0.013564 -0.075682
vt 0.011627 -0.085371
vt 0.008720 -0.094091
vt 0.011627 -0.075682
vt 0.008720 -0.085371
vt 0.008720 -0.075682
vt 0.011627 -0.065993
vt 0.008720 -0.065993
vt 0.008720 -0.056304
vt 0.011627 -0.056304
vt 0.008720 -0.046615
vt 0.011627 -0.046615
vt 0.011627 -0.036926
vt 0.008720 -0.036926
vt 0.013564 -0.046615
vt 0.013564 -0.036926
vt 0.023253 -0.036926
vt 0.023253 -0.046615
vt 0.033911 -0.036926
vt 0.033911 -0.046615
vt 0.045538 -0.036926
vt 0.045538 -0.046615
vt 0.057164 -0.046615
vt 0.057164 -0.036926
vt 0.068791 -0.046615
vt 0.068791 -0.036926
vt 0.077511 -0.046615
vt 0.077511 -0.036926
vt 0.080418 -0.036926
vt 0.080418 -0.046615
vt 0.083324 -0.036926
vt 0.083324 -0.046615
vt 0.092044 -0.036926
vt 0.092044 -0.046615
vt 0.102702 -0.036926
vt 0.102702 -0.046615
vt 0.113360 -0.036926
vt 0.113360 -0.046615
vt 0.124986 -0.046615
vt 0.124986 -0.036926
vt 0.134675 -0.056304
vt 0.134675 -0.046615
vt 0.124986 -0.056304
vt 0.134675 -0.036926
vt 0.144364 -0.046615
vt 0.144364 -0.056304
vt 0.144364 -0.065993
vt 0.134675 -0.065993
vt 0.144364 -0.075682
vt 0.134675 -0.075682
vt 0.134675 -0.085371
vt 0.144364 -0.085371
vt 0.134675 -0.094091
vt 0.144364 -0.094091
vt 0.134675 -0.104748
vt 0.144364 -0.104748
vt 0.144364 -0.114437
vt 0.134675 -0.114437
vt 0.144364 -0.124126
vt 0.134675 -0.124126
vt 0.144364 -0.132846
vt 0.134675 -0.132846
vt 0.144364 -0.142535
vt 0.134675 -0.142535
vt 0.144364 -0.153193
vt 0.134675 -0.153193
vt 0.134675 -0.161913
vt 0.144364 -0.161913
vt 0.134675 -0.174508
vt 0.144364 -0.174508
vt 0.134675 -0.186135
vt 0.144364 -0.186135
vt 0.134675 -0.195824
vt 0.144364 -0.195824
vt 0.124986 -0.195824
vt 0.124986 -0.186135
vt 0.113360 -0.195824
vt 0.113360 -0.186135
vt 0.102702 -0.195824
vt 0.102702 -0.186135
vt 0.092044 -0.195824
vt 0.092044 -0.186135
vt 0.083324 -0.195824
vt 0.083324 -0.186135
vt 0.080418 -0.195824
vt 0.080418 -0.186135
vt 0.077511 -0.186135
vt 0.077511 -0.195824
vt 0.068791 -0.186135
vt 0.068791 -0.195824
vt 0.057164 -0.186135
vt 0.057164 -0.195824
vt 0.045538 -0.186135
vt 0.045538 -0.195824
vt 0.033911 -0.186135
vt 0.033911 -0.195824
vt 0.023253 -0.186135
vt 0.023253 -0.195824
vt 0.013564 -0.186135
vt 0.013564 -0.195824
vt 0.011627 -0.195824
vt 0.011627 -0.186135
vt 0.008720 -0.195824
vt 0.008720 -0.186135
vt 0.011627 -0.174508
vt 0.008720 -0.174508
vt 0.008720 -0.161913
vt 0.011627 -0.161913
vt 0.008720 -0.153193
vt 0.011627 -0.153193
vt 0.008720 -0.142535
vt 0.011627 -0.142535
vt 0.011627 -0.132846
vt 0.008720 -0.132846
vt 0.011627 -0.124126
vt 0.008720 -0.124126
vt 0.011627 -0.114437
vt 0.008720 -0.114437
vt 0.008720 -0.104748
vt 0.011627 -0.104748
vt 0.013564 -0.104748
vt 0.013564 -0.114437
vt 0.023253 -0.114437
vt 0.013564 -0.124126
vt 0.023253 -0.132846
vt 0.023253 -0.124126
vt 0.013564 -0.132846
vt 0.033911 -0.124126
vt 0.033911 -0.114437
vt 0.045538 -0.124126
vt 0.057164 -0.124126
vt 0.045538 -0.132846
vt 0.033911 -0.132846
vt 0.033911 -0.142535
vt 0.023253 -0.142535
vt 0.023253 -0.153193
vt 0.013564 -0.153193
vt 0.013564 -0.142535
vt 0.023253 -0.161913
vt 0.013564 -0.161913
vt 0.023253 -0.174508
vt 0.013564 -0.174508
vt 0.033911 -0.174508
vt 0.033911 -0.161913
vt 0.045538 -0.174508
vt 0.045538 -0.161913
vt 0.057164 -0.174508
vt 0.057164 -0.161913
vt 0.068791 -0.174508
vt 0.077511 -0.161913
vt 0.068791 -0.161913
vt 0.077511 -0.174508
vt 0.068791 -0.153193
vt 0.068791 -0.142535
vt 0.057164 -0.153193
vt 0.077511 -0.153193
vt 0.057164 -0.142535
vt 0.045538 -0.153193
vt 0.045538 -0.142535
vt 0.033911 -0.153193
vt 0.057164 -0.132846
vt 0.068791 -0.132846
vt 0.077511 -0.132846
vt 0.077511 -0.142535
vt 0.080418 -0.132846
vt 0.080418 -0.142535
vt 0.083324 -0.142535
vt 0.083324 -0.153193
vt 0.080418 -0.153193
vt 0.080418 -0.161913
vt 0.083324 -0.161913
vt 0.083324 -0.174508
vt 0.080418 -0.174508
vt 0.092044 -0.161913
vt 0.092044 -0.174508
vt 0.102702 -0.161913
vt 0.102702 -0.174508
vt 0.113360 -0.161913
vt 0.113360 -0.174508
vt 0.124986 -0.161913
vt 0.124986 -0.174508
vt 0.113360 -0.153193
vt 0.124986 -0.153193
vt 0.113360 -0.142535
vt 0.124986 -0.142535
vt 0.113360 -0.132846
vt 0.124986 -0.132846
vt 0.113360 -0.124126
vt 0.124986 -0.124126
vt 0.124986 -0.114437
vt 0.113360 -0.114437
vt 0.124986 -0.104748
vt 0.113360 -0.104748
vt 0.124986 -0.094091
vt 0.113360 -0.085371
vt 0.113360 -0.094091
vt 0.124986 -0.085371
vt 0.102702 -0.094091
vt 0.102702 -0.085371
vt 0.092044 -0.085371
vt 0.102702 -0.075682
vt 0.092044 -0.075682
vt 0.102702 -0.065993
vt 0.113360 -0.065993
vt 0.113360 -0.075682
vt 0.113360 -0.056304
vt 0.124986 -0.075682
vt 0.124986 -0.065993
vt 0.102702 -0.056304
vt 0.092044 -0.056304
vt 0.092044 -0.065993
vt 0.083324 -0.065993
vt 0.083324 -0.075682
vt 0.080418 -0.075682
vt 0.083324 -0.085371
vt 0.080418 -0.085371
vt 0.080418 -0.094091
vt 0.083324 -0.094091
vt 0.080418 -0.104748
vt 0.083324 -0.104748
vt 0.092044 -0.104748
vt 0.092044 -0.094091
vt 0.102702 -0.104748
vt 0.092044 -0.114437
vt 0.102702 -0.114437
vt 0.092044 -0.124126
vt 0.102702 -0.124126
vt 0.092044 -0.132846
vt 0.102702 -0.132846
vt 0.102702 -0.142535
vt 0.092044 -0.142535
vt 0.102702 -0.153193
vt 0.092044 -0.153193
vt 0.083324 -0.132846
vt 0.080418 -0.124126
vt 0.083324 -0.124126
vt 0.083324 -0.114437
vt 0.080418 -0.114437
vt 0.077511 -0.104748
vt 0.077511 -0.094091
vt 0.068791 -0.085371
vt 0.077511 -0.085371
vt 0.068791 -0.075682
vt 0.077511 -0.075682
vt 0.068791 -0.065993
vt 0.077511 -0.065993
vt 0.077511 -0.056304
vt 0.080418 -0.065993
vt 0.080418 -0.056304
vt 0.083324 -0.056304
vt 0.068791 -0.056304
vt 0.057164 -0.056304
vt 0.057164 -0.065993
vt 0.045538 -0.056304
vt 0.045538 -0.065993
vt 0.033911 -0.056304
vt 0.033911 -0.065993
vt 0.023253 -0.056304
vt 0.013564 -0.065993
vt 0.023253 -0.065993
vt 0.013564 -0.056304
vt 0.033911 -0.075682
vt 0.045538 -0.075682
vt 0.057164 -0.075682
vt 0.057164 -0.085371
vt 0.144364 -0.036926
s 1
usemtl Material.015
f 1/1/1 2/2/2 7/3/3
f 2/2/2 1/1/1 3/4/4
f 3/4/4 1/1/1 4/5/5
f 4/5/5 1/1/1 5/6/6
f 1/1/1 6/7/7 5/6/6
f 6/7/7 1/1/1 7/3/3
f 8/8/8 6/7/7 7/3/3
f 8/8/8 7/3/3 10/9/9
f 7/3/3 2/2/2 9/10/10
f 7/3/3 9/10/10 10/9/9
f 11/11/11 8/8/8 10/9/9
f 11/11/11 10/9/9 13/12/12
f 10/9/9 9/10/10 12/13/13
f 10/9/9 12/13/13 14/14/14
f 13/12/12 10/9/9 14/14/14
f 13/12/12 14/14/14 16/15/15
f 14/14/14 12/13/13 15/16/16
f 14/14/14 15/16/16 16/15/15
f 17/17/17 13/12/12 16/15/15
f 17/17/17 16/15/15 19/18/18
f 16/15/15 15/16/16 18/19/19
f 16/15/15 18/19/19 20/20/20
f 19/18/18 16/15/15 20/20/20
f 19/18/18 20/20/20 23/21/21
f 18/19/19 21/22/22 20/20/20
f 20/20/20 21/22/22 22/23/23
f 20/20/20 22/23/23 24/24/24
f 23/21/21 20/20/20 24/24/24
f 24/24/24 22/23/23 25/25/25
f 22/23/23 26/26/26 25/25/25
f 25/25/25 26/26/26 27/27/27
f 26/26/26 28/28/28 27/27/27
f 27/27/27 28/28/28 29/29/29
f 28/28/28 30/30/30 29/29/29
f 29/29/29 30/30/30 31/31/31
f 30/30/30 32/32/32 31/31/31
f 31/31/31 32/32/32 33/33/33
f 32/32/32 34/34/34 33/33/33
f 34/34/34 35/35/35 33/33/33
f 33/33/33 35/35/35 36/36/36
f 36/36/36 35/35/35 37/37/37
f 35/35/35 38/38/38 37/37/37
f 37/37/37 38/38/38 39/39/39
f 38/38/38 40/40/40 39/39/39
f 39/39/39 40/40/40 42/41/41
f 41/42/42 39/39/39 42/41/41
f 43/43/43 41/42/42 42/41/41
f 43/43/43 42/41/41 45/44/44
f 42/41/41 40/40/40 44/45/45
f 42/41/41 44/45/45 46/46/46
f 45/44/44 42/41/41 46/46/46
f 45/44/44 46/46/46 48/47/47
f 46/46/46 44/45/45 47/48/48
f 46/46/46 47/48/48 49/49/49
f 48/47/47 46/46/46 49/49/49
f 48/47/47 49/49/49 52/50/50
f 47/48/48 50/51/51 49/49/49
f 49/49/49 50/51/51 51/52/52
f 51/52/52 52/50/50 49/49/49
f 53/53/53 54/54/54 52/50/50
f 51/52/52 53/53/53 52/50/50
f 54/54/54 55/55/55 52/50/50
f 55/55/55 48/47/47 52/50/50
f 56/56/56 57/57/57 55/55/55
f 54/54/54 56/56/56 55/55/55
f 57/57/57 45/44/44 55/55/55
f 55/55/55 45/44/44 48/47/47
f 58/58/58 59/59/59 57/57/57
f 56/56/56 58/58/58 57/57/57
f 59/59/59 60/60/60 57/57/57
f 60/60/60 43/43/43 57/57/57
f 57/57/57 43/43/43 45/44/44
f 59/59/59 58/58/58 61/61/61
f 58/58/58 62/62/62 61/61/61
f 62/62/62 63/63/63 61/61/61
f 61/61/61 63/63/63 64/64/64
f 63/63/63 65/65/65 64/64/64
f 64/64/64 65/65/65 66/66/66
f 65/65/65 67/67/67 66/66/66
f 66/66/66 67/67/67 68/68/68
f 68/68/68 67/67/67 69/69/69
f 67/67/67 70/70/70 69/69/69
f 70/70/70 71/71/71 69/69/69
f 69/69/69 71/71/71 72/72/72
f 71/71/71 73/73/73 72/72/72
f 72/72/72 73/73/73 74/74/74
f 73/73/73 75/75/75 74/74/74
f 74/74/74 75/75/75 76/76/76
f 75/75/75 77/77/77 76/76/76
f 76/76/76 77/77/77 78/78/78
f 78/78/78 77/77/77 79/79/79
f 77/77/77 80/80/80 79/79/79
f 80/80/80 81/81/81 79/79/79
f 79/79/79 81/81/81 82/82/82
f 82/82/82 81/81/81 83/83/83
f 81/81/81 84/84/84 83/83/83
f 84/84/84 85/85/85 83/83/83
f 83/83/83 85/85/85 86/86/86
f 85/85/85 87/87/87 86/86/86
f 86/86/86 87/87/87 88/88/88
f 87/87/87 89/89/89 88/88/88
f 88/88/88 89/89/89 90/90/90
f 90/90/90 89/89/89 91/91/91
f 89/89/89 92/92/92 91/91/91
f 91/91/91 92/92/92 93/93/93
f 92/92/92 94/94/94 93/93/93
f 94/94/94 19/18/18 93/93/93
f 93/93/93 19/18/18 95/95/95
f 95/95/95 19/18/18 23/21/21
f 94/94/94 17/17/17 19/18/18
f 92/92/92 17/17/17 94/94/94
f 96/96/96 97/97/97 92/92/92
f 89/89/89 96/96/96 92/92/92
f 97/97/97 17/17/17 92/92/92
f 98/98/98 99/99/99 97/97/97
f 96/96/96 98/98/98 97/97/97
f 97/97/97 99/99/99 17/17/17
f 100/100/100 11/11/11 99/99/99
f 98/98/98 100/100/100 99/99/99
f 99/99/99 11/11/11 13/12/12
f 99/99/99 13/12/12 17/17/17
f 101/101/101 103/102/102 100/100/100
f 102/103/103 101/101/101 100/100/100
f 102/103/103 100/100/100 98/98/98
f 100/100/100 103/102/102 11/11/11
f 104/104/104 105/105/105 103/102/102
f 101/101/101 104/104/104 103/102/102
f 103/102/102 105/105/105 8/8/8
f 103/102/102 8/8/8 11/11/11
f 105/105/105 6/7/7 8/8/8
f 6/7/7 105/105/105 5/6/6
f 5/6/6 105/105/105 104/104/104
f 5/6/6 104/104/104 106/106/106
f 104/104/104 101/101/101 107/107/107
f 106/106/106 104/104/104 107/107/107
f 106/106/106 107/107/107 109/108/108
f 107/107/107 101/101/101 108/109/109
f 107/107/107 108/109/109 110/110/110
f 109/108/108 107/107/107 110/110/110
f 109/108/108 110/110/110 112/111/111
f 110/110/110 108/109/109 111/112/112
f 110/110/110 111/112/112 113/113/113
f 112/111/111 110/110/110 113/113/113
f 112/111/111 113/113/113 77/77/77
f 113/113/113 111/112/112 114/114/114
f 113/113/113 114/114/114 80/80/80
f 77/77/77 113/113/113 80/80/80
f 111/112/112 115/115/115 114/114/114
f 114/114/114 115/115/115 116/116/116
f 114/114/114 116/116/116 80/80/80
f 115/115/115 117/117/117 116/116/116
f 116/116/116 117/117/117 118/118/118
f 116/116/116 118/118/118 81/81/81
f 80/80/80 116/116/116 81/81/81
f 118/118/118 117/117/117 119/119/119
f 118/118/118 119/119/119 85/85/85
f 81/81/81 118/118/118 84/84/84
f 84/84/84 118/118/118 85/85/85
f 117/117/117 120/120/120 119/119/119
f 119/119/119 120/120/120 121/121/121
f 119/119/119 121/121/121 87/87/87
f 85/85/85 119/119/119 87/87/87
f 120/120/120 122/122/122 121/121/121
f 121/121/121 122/122/122 96/96/96
f 121/121/121 96/96/96 87/87/87
f 123/123/123 102/103/103 122/122/122
f 120/120/120 123/123/123 122/122/122
f 122/122/122 102/103/103 98/98/98
f 122/122/122 98/98/98 96/96/96
f 108/109/109 123/123/123 111/112/112
f 123/123/123 108/109/109 102/103/103
f 111/112/112 123/123/123 115/115/115
f 115/115/115 123/123/123 120/120/120
f 117/117/117 115/115/115 120/120/120
f 124/124/124 109/108/108 112/111/111
f 125/125/125 124/124/124 112/111/111
f 125/125/125 112/111/111 75/75/75
f 75/75/75 112/111/111 77/77/77
f 126/126/126 124/124/124 125/125/125
f 127/127/127 126/126/126 125/125/125
f 127/127/127 125/125/125 73/73/73
f 73/73/73 125/125/125 75/75/75
f 128/128/128 126/126/126 127/127/127
f 129/129/129 128/128/128 127/127/127
f 129/129/129 127/127/127 71/71/71
f 71/71/71 127/127/127 73/73/73
f 130/130/130 128/128/128 129/129/129
f 131/131/131 130/130/130 129/129/129
f 131/131/131 129/129/129 70/70/70
f 70/70/70 129/129/129 71/71/71
f 132/132/132 130/130/130 131/131/131
f 133/133/133 132/132/132 131/131/131
f 133/133/133 131/131/131 67/67/67
f 67/67/67 131/131/131 70/70/70
f 132/132/132 133/133/133 134/134/134
f 134/134/134 133/133/133 63/63/63
f 63/63/63 133/133/133 65/65/65
f 65/65/65 133/133/133 67/67/67
f 135/135/135 132/132/132 134/134/134
f 135/135/135 134/134/134 136/136/136
f 134/134/134 62/62/62 136/136/136
f 62/62/62 134/134/134 63/63/63
f 137/137/137 135/135/135 136/136/136
f 137/137/137 136/136/136 56/56/56
f 136/136/136 62/62/62 58/58/58
f 136/136/136 58/58/58 56/56/56
f 138/138/138 135/135/135 137/137/137
f 139/139/139 138/138/138 137/137/137
f 139/139/139 137/137/137 140/140/140
f 140/140/140 137/137/137 56/56/56
f 141/141/141 139/139/139 140/140/140
f 141/141/141 140/140/140 54/54/54
f 140/140/140 56/56/56 54/54/54
f 142/142/142 139/139/139 141/141/141
f 143/143/143 142/142/142 141/141/141
f 143/143/143 141/141/141 54/54/54
f 144/144/144 142/142/142 143/143/143
f 144/144/144 143/143/143 53/53/53
f 53/53/53 143/143/143 54/54/54
f 145/145/145 147/146/146 144/144/144
f 146/147/147 145/145/145 144/144/144
f 146/147/147 144/144/144 53/53/53
f 147/146/146 142/142/142 144/144/144
f 148/148/148 149/149/149 147/146/146
f 145/145/145 148/148/148 147/146/146
f 149/149/149 150/150/150 147/146/146
f 147/146/146 150/150/150 142/142/142
f 151/151/151 152/152/152 150/150/150
f 149/149/149 151/151/151 150/150/150
f 150/150/150 152/152/152 153/153/153
f 150/150/150 153/153/153 142/142/142
f 152/152/152 154/154/154 153/153/153
f 153/153/153 154/154/154 138/138/138
f 153/153/153 138/138/138 139/139/139
f 142/142/142 153/153/153 139/139/139
f 155/155/155 156/156/156 154/154/154
f 152/152/152 155/155/155 154/154/154
f 154/154/154 156/156/156 157/157/157
f 154/154/154 157/157/157 138/138/138
f 156/156/156 158/158/158 157/157/157
f 158/158/158 159/159/159 157/157/157
f 157/157/157 159/159/159 132/132/132
f 157/157/157 132/132/132 135/135/135
f 138/138/138 157/157/157 135/135/135
f 160/160/160 161/161/161 159/159/159
f 158/158/158 160/160/160 159/159/159
f 159/159/159 161/161/161 130/130/130
f 159/159/159 130/130/130 132/132/132
f 161/161/161 3/4/4 162/162/162
f 160/160/160 3/4/4 161/161/161
f 161/161/161 162/162/162 126/126/126
f 130/130/130 161/161/161 128/128/128
f 128/128/128 161/161/161 126/126/126
f 3/4/4 4/5/5 162/162/162
f 162/162/162 4/5/5 163/163/163
f 162/162/162 163/163/163 124/124/124
f 126/126/126 162/162/162 124/124/124
f 163/163/163 4/5/5 106/106/106
f 163/163/163 106/106/106 109/108/108
f 124/124/124 163/163/163 109/108/108
f 164/164/164 2/2/2 160/160/160
f 165/165/165 164/164/164 160/160/160
f 165/165/165 160/160/160 158/158/158
f 2/2/2 3/4/4 160/160/160
f 166/166/166 164/164/164 165/165/165
f 166/166/166 165/165/165 167/167/167
f 167/167/167 165/165/165 155/155/155
f 155/155/155 165/165/165 158/158/158
f 168/168/168 166/166/166 167/167/167
f 168/168/168 167/167/167 151/151/151
f 167/167/167 155/155/155 152/152/152
f 151/151/151 167/167/167 152/152/152
f 169/169/169 166/166/166 168/168/168
f 169/169/169 168/168/168 170/170/170
f 170/170/170 168/168/168 171/171/171
f 171/171/171 168/168/168 151/151/151
f 172/172/172 170/170/170 171/171/171
f 172/172/172 171/171/171 173/173/173
f 171/171/171 151/151/151 149/149/149
f 173/173/173 171/171/171 149/149/149
f 174/174/174 172/172/172 173/173/173
f 174/174/174 173/173/173 175/175/175
f 173/173/173 148/148/148 175/175/175
f 148/148/148 173/173/173 149/149/149
f 176/176/176 174/174/174 175/175/175
f 176/176/176 175/175/175 178/177/177
f 175/175/175 148/148/148 177/178/178
f 175/175/175 177/178/178 178/177/177
f 179/179/179 176/176/176 178/177/177
f 179/179/179 178/177/177 180/180/180
f 178/177/177 177/178/178 146/147/147
f 178/177/177 146/147/147 180/180/180
f 181/181/181 179/179/179 180/180/180
f 181/181/181 180/180/180 51/52/52
f 180/180/180 146/147/147 53/53/53
f 180/180/180 53/53/53 51/52/52
f 182/182/182 183/183/183 181/181/181
f 50/51/51 182/182/182 181/181/181
f 50/51/51 181/181/181 51/52/52
f 183/183/183 184/184/184 181/181/181
f 184/184/184 179/179/179 181/181/181
f 34/34/34 185/185/185 184/184/184
f 183/183/183 34/34/34 184/184/184
f 184/184/184 185/185/185 179/179/179
f 32/32/32 186/186/186 185/185/185
f 34/34/34 32/32/32 185/185/185
f 185/185/185 186/186/186 176/176/176
f 185/185/185 176/176/176 179/179/179
f 187/187/187 186/186/186 30/30/30
f 186/186/186 187/187/187 174/174/174
f 186/186/186 174/174/174 176/176/176
f 30/30/30 186/186/186 32/32/32
f 187/187/187 172/172/172 174/174/174
f 188/188/188 172/172/172 187/187/187
f 188/188/188 187/187/187 26/26/26
f 26/26/26 187/187/187 28/28/28
f 28/28/28 187/187/187 30/30/30
f 170/170/170 172/172/172 188/188/188
f 21/22/22 170/170/170 188/188/188
f 21/22/22 188/188/188 22/23/23
f 22/23/23 188/188/188 26/26/26
f 38/38/38 35/35/35 183/183/183
f 182/182/182 38/38/38 183/183/183
f 35/35/35 34/34/34 183/183/183
f 40/40/40 38/38/38 182/182/182
f 44/45/45 40/40/40 182/182/182
f 44/45/45 182/182/182 47/48/48
f 47/48/48 182/182/182 50/51/51
f 177/178/178 148/148/148 145/145/145
f 177/178/178 145/145/145 146/147/147
f 189/189/189 169/169/169 170/170/170
f 189/189/189 170/170/170 21/22/22
f 190/190/190 169/169/169 189/189/189
f 15/16/16 190/190/190 189/189/189
f 15/16/16 189/189/189 18/19/19
f 18/19/19 189/189/189 21/22/22
f 9/10/10 191/191/191 190/190/190
f 12/13/13 9/10/10 190/190/190
f 12/13/13 190/190/190 15/16/16
f 190/190/190 191/191/191 169/169/169
f 2/2/2 164/164/164 191/191/191
f 9/10/10 2/2/2 191/191/191
f 191/191/191 164/164/164 166/166/166
f 191/191/191 166/166/166 169/169/169
f 156/156/156 155/155/155 158/158/158
f 108/109/109 101/101/101 102/103/103
f 4/5/5 5/6/6 106/106/106
f 87/87/87 96/96/96 89/89/89
f 193/192/192 192/193/193 194/194/194
f 192/193/193 195/195/195 194/194/194
f 194/194/194 195/195/195 196/196/196
f 195/195/195 197/197/197 196/196/196
f 196/196/196 197/197/197 198/198/198
f 197/197/197 199/199/199 198/198/198
f 198/198/198 199/199/199 200/200/200
f 199/199/199 201/201/201 200/200/200
f 200/200/200 201/201/201 202/202/202
f 201/201/201 203/203/203 202/202/202
f 202/202/202 203/203/203 204/204/204
f 203/203/203 205/205/205 204/204/204
f 204/204/204 205/205/205 206/206/206
f 205/205/205 207/207/207 206/206/206
f 206/206/206 207/207/207 208/208/208
f 207/207/207 209/209/209 208/208/208
f 208/208/208 209/209/209 210/210/210
f 209/209/209 211/211/211 210/210/210
f 211/211/211 212/212/212 210/210/210
f 210/210/210 212/212/212 213/213/213
f 212/212/212 214/214/214 213/213/213
f 213/213/213 214/214/214 215/215/215
f 214/214/214 216/216/216 215/215/215
f 215/215/215 216/216/216 217/217/217
f 217/217/217 216/216/216 218/218/218
f 219/219/219 217/217/217 218/218/218
f 220/220/220 219/219/219 218/218/218
f 221/221/221 219/219/219 220/220/220
f 222/222/222 221/221/221 220/220/220
f 223/223/223 221/221/221 222/222/222
f 224/224/224 223/223/223 222/222/222
f 225/225/225 223/223/223 224/224/224
f 226/226/226 225/225/225 224/224/224
f 227/227/227 225/225/225 226/226/226
f 228/228/228 227/227/227 226/226/226
f 229/229/229 227/227/227 228/228/228
f 230/230/230 229/229/229 228/228/228
f 231/231/231 229/229/229 230/230/230
f 232/232/232 231/231/231 230/230/230
f 233/233/233 231/231/231 232/232/232
f 234/234/234 233/233/233 232/232/232
f 235/235/235 233/233/233 234/234/234
f 236/236/236 235/235/235 234/234/234
f 237/237/237 235/235/235 236/236/236
f 238/238/238 237/237/237 236/236/236
f 239/239/239 237/237/237 238/238/238
f 240/240/240 239/239/239 238/238/238
f 241/241/241 239/239/239 240/240/240
f 242/242/242 241/241/241 240/240/240
f 243/243/243 245/244/244 242/242/242
f 244/245/245 243/243/243 242/242/242
f 245/244/244 241/241/241 242/242/242
f 246/246/246 243/243/243 244/245/245
f 247/247/247 246/246/246 244/245/245
f 248/248/248 246/246/246 247/247/247
f 249/249/249 248/248/248 247/247/247
f 250/250/250 248/248/248 249/249/249
f 251/251/251 250/250/250 249/249/249
f 252/252/252 250/250/250 251/251/251
f 253/253/253 252/252/252 251/251/251
f 254/254/254 252/252/252 253/253/253
f 255/255/255 254/254/254 253/253/253
f 256/256/256 254/254/254 255/255/255
f 257/257/193 256/256/256 255/255/255
f 259/258/257 258/259/258 260/260/259
f 260/260/259 258/259/258 261/261/260
f 258/259/258 262/262/261 261/261/260
f 261/261/260 262/262/261 263/263/262
f 262/262/261 264/264/263 263/263/262
f 263/263/262 264/264/263 265/265/264
f 264/264/263 266/266/265 265/265/264
f 265/265/264 266/266/265 267/267/266
f 266/266/265 268/268/267 267/267/266
f 267/267/266 268/268/267 269/269/268
f 268/268/267 270/270/269 269/269/268
f 269/269/268 270/270/269 271/271/270
f 270/270/269 272/272/271 271/271/270
f 271/271/270 272/272/271 273/273/272
f 273/273/272 272/272/271 274/274/273
f 272/272/271 275/275/274 274/274/273
f 274/274/273 275/275/274 276/276/275
f 275/275/274 277/277/276 276/276/275
f 276/276/275 277/277/276 278/278/277
f 277/277/276 279/279/278 278/278/277
f 278/278/277 279/279/278 280/280/279
f 279/279/278 281/281/280 280/280/279
f 280/280/279 281/281/280 282/282/281
f 281/281/280 283/283/282 282/282/281
f 282/282/281 283/283/282 284/284/283
f 283/283/282 285/285/284 284/284/283
f 284/284/283 285/285/284 286/286/285
f 285/285/284 287/287/286 286/286/285
f 286/286/285 287/287/286 288/288/287
f 287/287/286 289/289/288 288/288/287
f 288/288/287 289/289/288 290/290/289
f 289/289/288 291/291/290 290/290/289
f 290/290/289 291/291/290 292/292/291
f 291/291/290 293/293/292 292/292/291
f 292/292/291 293/293/292 294/294/293
f 293/293/292 295/295/294 294/294/293
f 294/294/293 295/295/294 296/296/295
f 295/295/294 297/297/296 296/296/295
f 296/296/295 297/297/296 298/298/297
f 297/297/296 299/299/298 298/298/297
f 299/299/298 300/300/299 298/298/297
f 298/298/297 300/300/299 301/301/300
f 300/300/299 302/302/301 301/301/300
f 301/301/300 302/302/301 303/303/302
f 302/302/301 304/304/303 303/303/302
f 303/303/302 304/304/303 305/305/304
f 305/305/304 304/304/303 306/306/305
f 304/304/303 307/307/306 306/306/305
f 306/306/305 307/307/306 308/308/307
f 307/307/306 309/309/308 308/308/307
f 308/308/307 309/309/308 310/310/309
f 309/309/308 311/311/310 310/310/309
f 310/310/309 311/311/310 312/312/311
f 311/311/310 313/313/312 312/312/311
f 313/313/312 314/314/313 312/312/311
f 312/312/311 314/314/313 315/315/314
f 314/314/313 316/316/315 315/315/314
f 315/315/314 316/316/315 317/317/316
f 316/316/315 318/318/317 317/317/316
f 317/317/316 318/318/317 319/319/318
f 318/318/317 320/320/319 319/319/318
f 319/319/318 320/320/319 321/321/320
f 320/320/319 259/258/257 321/321/320
f 259/258/257 260/260/259 321/321/320
f 323/322/321 322/323/322 324/324/323
f 324/324/323 322/323/322 325/325/324
f 325/325/324 322/323/322 326/326/325
f 322/323/322 327/327/326 326/326/325
f 326/326/325 327/327/326 328/328/327
f 327/327/326 329/329/328 328/328/327
f 328/328/327 329/329/328 330/330/329
f 329/329/328 331/331/330 330/330/329
f 331/331/330 332/332/331 330/330/329
f 330/330/329 332/332/331 333/333/332
f 332/332/331 334/334/333 333/333/332
f 333/333/332 334/334/333 335/335/334
f 334/334/333 336/336/335 335/335/334
f 335/335/334 336/336/335 337/337/336
f 336/336/335 338/338/337 337/337/336
f 337/337/336 338/338/337 339/339/338
f 338/338/337 340/340/339 339/339/338
f 339/339/338 340/340/339 341/341/340
f 341/341/340 340/340/339 342/342/341
f 340/340/339 343/343/342 342/342/341
f 342/342/341 343/343/342 344/344/343
f 343/343/342 345/345/344 344/344/343
f 344/344/343 345/345/344 346/346/345
f 345/345/344 347/347/346 346/346/345
f 346/346/345 347/347/346 348/348/347
f 347/347/346 349/349/348 348/348/347
f 348/348/347 349/349/348 350/350/349
f 350/350/349 349/349/348 351/351/350
f 352/352/351 350/350/349 351/351/350
f 353/353/352 350/350/349 352/352/351
f 354/354/353 353/353/352 352/352/351
f 355/355/354 353/353/352 354/354/353
f 356/356/355 355/355/354 354/354/353
f 357/357/356 359/358/357 356/356/355
f 358/359/358 357/357/356 356/356/355
f 359/358/357 355/355/354 356/356/355
f 360/360/359 357/357/356 358/359/358
f 361/361/360 360/360/359 358/359/358
f 362/362/361 360/360/359 361/361/360
f 363/363/362 362/362/361 361/361/360
f 364/364/363 362/362/361 363/363/362
f 365/365/364 364/364/363 363/363/362
f 366/366/365 364/364/363 365/365/364
f 367/367/366 366/366/365 365/365/364
f 368/368/367 366/366/365 367/367/366
f 369/369/368 368/368/367 367/367/366
f 370/370/369 368/368/367 369/369/368
f 371/371/370 370/370/369 369/369/368
f 372/372/371 370/370/369 371/371/370
f 373/373/372 372/372/371 371/371/370
f 374/374/373 372/372/371 373/373/372
f 375/375/374 372/372/371 374/374/373
f 376/376/375 375/375/374 374/374/373
f 377/377/376 375/375/374 376/376/375
f 378/378/377 377/377/376 376/376/375
f 379/379/378 377/377/376 378/378/377
f 380/380/379 379/379/378 378/378/377
f 381/381/380 379/379/378 380/380/379
f 382/382/381 381/381/380 380/380/379
f 383/383/382 381/381/380 382/382/381
f 384/384/383 383/383/382 382/382/381
f 385/385/384 383/383/382 384/384/383
f 386/386/385 385/385/384 384/384/383
f 387/387/386 385/385/384 386/386/385
f 389/388/387 388/389/388 390/390/389
f 390/390/389 388/389/388 391/391/390
f 388/389/388 392/392/391 391/391/390
f 391/391/390 392/392/391 393/393/392
f 392/392/391 394/394/393 393/393/392
f 393/393/392 394/394/393 395/395/394
f 394/394/393 396/396/395 395/395/394
f 395/395/394 396/396/395 397/397/396
f 396/396/395 398/398/397 397/397/396
f 397/397/396 398/398/397 399/399/398
f 398/398/397 400/400/399 399/399/398
f 399/399/398 400/400/399 401/401/400
f 400/400/399 402/402/401 401/401/400
f 401/401/400 402/402/401 403/403/402
f 403/403/402 402/402/401 404/404/403
f 402/402/401 405/405/404 404/404/403
f 404/404/403 405/405/404 406/406/405
f 405/405/404 407/407/406 406/406/405
f 406/406/405 407/407/406 408/408/407
f 407/407/406 409/409/408 408/408/407
f 408/408/407 409/409/408 410/410/409
f 409/409/408 411/411/410 410/410/409
f 410/410/409 411/411/410 412/412/411
f 411/411/410 413/413/412 412/412/411
f 412/412/411 413/413/412 414/414/413
f 413/413/412 415/415/414 414/414/413
f 414/414/413 415/415/414 416/416/415
f 415/415/414 417/417/416 416/416/415
f 416/416/415 417/417/416 418/418/417
f 417/417/416 419/419/418 418/418/417
f 418/418/417 419/419/418 420/420/419
f 419/419/418 421/421/420 420/420/419
f 420/420/419 421/421/420 422/422/421
f 421/421/420 423/423/422 422/422/421
f 422/422/421 423/423/422 424/424/423
f 423/423/422 425/425/424 424/424/423
f 424/424/423 425/425/424 426/426/425
f 426/426/425 425/425/424 427/427/426
f 428/428/427 426/426/425 427/427/426
f 429/429/428 428/428/427 427/427/426
f 430/430/429 428/428/427 429/429/428
f 431/431/430 430/430/429 429/429/428
f 432/432/431 430/430/429 431/431/430
f 433/433/432 432/432/431 431/431/430
f 434/434/433 432/432/431 433/433/432
f 435/435/434 434/434/433 433/433/432
f 436/436/435 434/434/433 435/435/434
f 437/437/436 434/434/433 436/436/435
f 438/438/437 437/437/436 436/436/435
f 439/439/438 437/437/436 438/438/437
f 440/440/439 439/439/438 438/438/437
f 441/441/440 439/439/438 440/440/439
f 442/442/441 441/441/440 440/440/439
f 443/443/442 441/441/440 442/442/441
f 444/444/443 443/443/442 442/442/441
f 445/445/444 443/443/442 444/444/443
f 446/446/445 445/445/444 444/444/443
f 447/447/446 445/445/444 446/446/445
f 448/448/447 447/447/446 446/446/445
f 449/449/448 447/447/446 448/448/447
f 450/450/449 449/449/448 448/448/447
f 451/451/450 449/449/448 450/450/449
f 452/452/451 451/451/450 450/450/449
f 453/453/452 451/451/450 452/452/451
f 455/454/453 454/455/454 456/456/455
f 454/455/454 457/457/456 456/456/455
f 457/457/456 458/458/457 456/456/455
f 456/456/455 458/458/457 459/459/458
f 458/458/457 460/460/459 459/459/458
f 459/459/458 460/460/459 461/461/460
f 460/460/459 462/462/461 461/461/460
f 461/461/460 462/462/461 463/463/462
f 462/462/461 464/464/463 463/463/462
f 463/463/462 464/464/463 465/465/464
f 465/465/464 464/464/463 466/466/465
f 464/464/463 467/467/466 466/466/465
f 466/466/465 467/467/466 468/468/467
f 467/467/466 469/469/468 468/468/467
f 468/468/467 469/469/468 470/470/469
f 469/469/468 471/471/470 470/470/469
f 470/470/469 471/471/470 472/472/471
f 471/471/470 473/473/472 472/472/471
f 473/473/472 474/474/473 472/472/471
f 472/472/471 474/474/473 475/475/474
f 474/474/473 476/476/475 475/475/474
f 475/475/474 476/476/475 477/477/476
f 476/476/475 478/478/477 477/477/476
f 477/477/476 478/478/477 479/479/478
f 478/478/477 480/480/479 479/479/478
f 479/479/478 480/480/479 481/481/480
f 480/480/479 482/482/481 481/481/480
f 481/481/480 482/482/481 483/483/482
f 482/482/481 484/484/483 483/483/482
f 483/483/482 484/484/483 485/485/484
f 484/484/483 486/486/485 485/485/484
f 485/485/484 486/486/485 487/487/486
f 486/486/485 488/488/487 487/487/486
f 487/487/486 488/488/487 489/489/488
f 489/489/488 488/488/487 490/490/489
f 488/488/487 491/491/490 490/490/489
f 490/490/489 491/491/490 492/492/491
f 491/491/490 493/493/492 492/492/491
f 492/492/491 493/493/492 494/494/493
f 493/493/492 495/495/494 494/494/493
f 494/494/493 495/495/494 496/496/495
f 495/495/494 497/497/496 496/496/495
f 497/497/496 498/498/497 496/496/495
f 496/496/495 498/498/497 499/499/498
f 499/499/498 498/498/497 500/500/405
f 501/501/499 499/499/498 500/500/405
f 502/502/500 501/501/499 500/500/405
f 503/503/501 501/501/499 502/502/500
f 504/504/502 503/503/501 502/502/500
f 505/505/503 507/506/504 504/504/502
f 506/507/505 505/505/503 504/504/502
f 507/506/504 503/503/501 504/504/502
f 508/508/506 505/505/503 506/507/505
f 509/509/507 508/508/506 506/507/505
f 510/510/508 508/508/506 509/509/507
f 511/511/509 510/510/508 509/509/507
f 512/512/510 510/510/508 511/511/509
f 513/513/511 512/512/510 511/511/509
f 514/514/512 512/512/510 513/513/511
f 515/515/513 514/514/512 513/513/511
f 516/516/514 514/514/512 515/515/513
f 517/517/515 516/516/514 515/515/513
f 518/518/516 516/516/514 517/517/515
f 519/519/517 518/518/516 517/517/515
f 521/453/518 520/520/519 522/451/520
f 520/520/519 523/521/521 522/451/520
f 523/521/521 524/522/522 522/451/520
f 522/451/520 524/522/522 525/449/523
f 524/522/522 526/523/524 525/449/523
f 525/449/523 526/523/524 527/447/525
f 526/523/524 528/524/526 527/447/525
f 527/447/525 528/524/526 529/445/527
f 528/524/526 530/525/528 529/445/527
f 529/445/527 530/525/528 531/443/442
f 530/525/528 532/526/529 531/443/442
f 531/443/442 532/526/529 533/441/530
f 532/526/529 534/527/531 533/441/530
f 533/441/530 534/527/531 535/439/532
f 534/527/531 536/528/533 535/439/532
f 535/439/532 536/528/533 537/437/534
f 536/528/533 538/529/535 537/437/534
f 537/437/534 538/529/535 539/434/536
f 539/434/536 538/529/535 540/432/537
f 538/529/535 541/530/538 540/432/537
f 540/432/537 541/530/538 542/430/539
f 541/530/538 543/531/540 542/430/539
f 542/430/539 543/531/540 544/428/541
f 543/531/540 545/532/542 544/428/541
f 544/428/541 545/532/542 546/426/543
f 545/532/542 547/533/544 546/426/543
f 546/426/543 547/533/544 548/424/423
f 547/533/544 549/534/545 548/424/423
f 548/424/423 549/534/545 550/422/421
f 549/534/545 551/535/546 550/422/421
f 550/422/421 551/535/546 552/420/547
f 551/535/546 553/536/548 552/420/547
f 552/420/547 553/536/548 554/418/549
f 553/536/548 555/537/550 554/418/549
f 555/537/550 556/538/551 554/418/549
f 554/418/549 556/538/551 557/416/552
f 556/538/551 558/539/553 557/416/552
f 557/416/552 558/539/553 559/414/413
f 558/539/553 560/540/554 559/414/413
f 559/414/413 560/540/554 561/412/411
f 560/540/554 562/541/555 561/412/411
f 561/412/411 562/541/555 563/410/556
f 563/410/556 562/541/555 564/408/557
f 562/541/555 565/542/558 564/408/557
f 564/408/557 565/542/558 566/406/405
f 565/542/558 567/543/559 566/406/405
f 566/406/405 567/543/559 568/404/403
f 567/543/559 569/544/560 568/404/403
f 568/404/403 569/544/560 570/403/561
f 569/544/560 571/545/562 570/403/561
f 571/545/562 572/546/563 570/403/561
f 570/403/561 572/546/563 573/401/564
f 572/546/563 574/547/565 573/401/564
f 573/401/564 574/547/565 575/399/566
f 575/399/566 574/547/565 576/548/567
f 577/397/568 575/399/566 576/548/567
f 578/549/569 577/397/568 576/548/567
f 579/393/392 581/395/570 578/549/569
f 580/550/571 579/393/392 578/549/569
f 581/395/570 577/397/568 578/549/569
f 582/391/390 579/393/392 580/550/571
f 583/551/572 582/391/390 580/550/571
f 584/390/573 582/391/390 583/551/572
f 585/552/574 584/390/573 583/551/572
f 587/324/575 586/325/576 588/520/577
f 588/520/577 586/325/576 589/521/578
f 586/325/576 590/326/579 589/521/578
f 589/521/578 590/326/579 591/522/580
f 590/326/579 592/328/581 591/522/580
f 591/522/580 592/328/581 593/523/582
f 592/328/581 594/330/583 593/523/582
f 593/523/582 594/330/583 595/524/584
f 594/330/583 596/333/585 595/524/584
f 595/524/584 596/333/585 597/525/586
f 597/525/586 596/333/585 598/526/587
f 596/333/585 599/335/588 598/526/587
f 598/526/587 599/335/588 600/527/589
f 599/335/588 601/337/590 600/527/589
f 600/527/589 601/337/590 602/528/591
f 601/337/590 603/339/592 602/528/591
f 602/528/591 603/339/592 604/529/593
f 603/339/592 605/341/594 604/529/593
f 605/341/594 606/342/595 604/529/593
f 604/529/593 606/342/595 607/530/596
f 606/342/595 608/344/597 607/530/596
f 607/530/596 608/344/597 609/531/598
f 608/344/597 610/346/599 609/531/598
f 609/531/598 610/346/599 611/532/600
f 610/346/599 612/348/601 611/532/600
f 611/532/600 612/348/601 613/533/602
f 613/533/602 612/348/601 614/350/603
f 615/534/604 613/533/602 614/350/603
f 616/353/605 615/534/604 614/350/603
f 617/536/606 619/535/607 616/353/605
f 618/355/608 617/536/606 616/353/605
f 619/535/607 615/534/604 616/353/605
f 620/537/609 617/536/606 618/355/608
f 621/358/610 620/537/609 618/355/608
f 622/538/611 620/537/609 621/358/610
f 623/357/612 622/538/611 621/358/610
f 624/539/613 622/538/611 623/357/612
f 625/360/614 624/539/613 623/357/612
f 626/540/615 624/539/613 625/360/614
f 627/362/616 626/540/615 625/360/614
f 628/541/617 626/540/615 627/362/616
f 629/364/618 628/541/617 627/362/616
f 630/366/619 628/541/617 629/364/618
f 631/542/620 628/541/617 630/366/619
f 632/368/621 631/542/620 630/366/619
f 633/543/622 631/542/620 632/368/621
f 634/370/623 633/543/622 632/368/621
f 635/544/624 633/543/622 634/370/623
f 636/372/625 635/544/624 634/370/623
f 637/546/626 639/545/627 636/372/625
f 638/375/628 637/546/626 636/372/625
f 639/545/627 635/544/624 636/372/625
f 640/547/629 637/546/626 638/375/628
f 641/377/630 640/547/629 638/375/628
f 642/548/631 640/547/629 641/377/630
f 643/379/632 642/548/631 641/377/630
f 644/549/633 642/548/631 643/379/632
f 645/381/634 644/549/633 643/379/632
f 646/550/635 644/549/633 645/381/634
f 647/383/636 646/550/635 645/381/634
f 648/551/637 646/550/635 647/383/636
f 649/385/638 648/551/637 647/383/636
f 650/387/639 648/551/637 649/385/638
f 651/552/640 648/551/637 650/387/639
f 653/322/452 652/553/641 654/323/642
f 652/553/641 655/554/643 654/323/642
f 655/554/643 656/555/644 654/323/642
f 654/323/642 656/555/644 657/327/645
f 656/555/644 658/556/646 657/327/645
f 657/327/645 658/556/646 659/329/647
f 658/556/646 660/557/648 659/329/647
f 659/329/647 660/557/648 661/331/330
f 660/557/648 662/558/649 661/331/330
f 661/331/330 662/558/649 663/332/463
f 662/558/649 664/559/650 663/332/463
f 663/332/463 664/559/650 665/334/651
f 664/559/650 666/560/652 665/334/651
f 665/334/651 666/560/652 667/336/438
f 666/560/652 668/561/653 667/336/438
f 667/336/438 668/561/653 669/338/436
f 668/561/653 670/562/654 669/338/436
f 669/338/436 670/562/654 671/340/655
f 671/340/655 670/562/654 672/343/431
f 670/562/654 673/563/656 672/343/431
f 672/343/431 673/563/656 674/345/429
f 673/563/656 675/564/657 674/345/429
f 674/345/429 675/564/657 676/347/658
f 675/564/657 677/565/659 676/347/658
f 676/347/658 677/565/659 678/349/543
f 677/565/659 679/566/660 678/349/543
f 678/349/543 679/566/660 680/351/661
f 679/566/660 681/567/662 680/351/661
f 680/351/661 681/567/662 682/352/663
f 681/567/662 683/568/664 682/352/663
f 682/352/663 683/568/664 684/354/665
f 683/568/664 685/569/666 684/354/665
f 684/354/665 685/569/666 686/356/667
f 685/569/666 687/570/668 686/356/667
f 687/570/668 688/571/669 686/356/667
f 686/356/667 688/571/669 689/359/552
f 688/571/669 690/572/670 689/359/552
f 689/359/552 690/572/670 691/361/413
f 690/572/670 692/573/671 691/361/413
f 691/361/413 692/573/671 693/363/672
f 692/573/671 694/574/673 693/363/672
f 693/363/672 694/574/673 695/365/674
f 695/365/674 694/574/673 696/367/557
f 694/574/673 697/575/675 696/367/557
f 696/367/557 697/575/675 698/369/676
f 697/575/675 699/576/677 698/369/676
f 698/369/676 699/576/677 700/371/403
f 699/576/677 701/577/159 700/371/403
f 700/371/403 701/577/159 702/373/678
f 701/577/159 703/578/679 702/373/678
f 703/578/679 704/579/680 702/373/678
f 702/373/678 704/579/680 705/374/400
f 704/579/680 706/580/681 705/374/400
f 705/374/400 706/580/681 707/376/682
f 707/376/682 706/580/681 708/581/683
f 709/378/568 707/376/682 708/581/683
f 710/582/684 709/378/568 708/581/683
f 711/382/392 713/380/685 710/582/684
f 712/583/686 711/382/392 710/582/684
f 713/380/685 709/378/568 710/582/684
f 714/384/687 711/382/392 712/583/686
f 715/584/688 714/384/687 712/583/686
f 716/386/573 714/384/687 715/584/688
f 717/585/689 716/386/573 715/584/688
f 719/321/690 718/260/691 720/319/692
f 718/260/691 721/261/693 720/319/692
f 720/319/692 721/261/693 722/317/694
f 721/261/693 723/263/695 722/317/694
f 722/317/694 723/263/695 724/315/696
f 723/263/695 725/265/697 724/315/696
f 724/315/696 725/265/697 726/312/698
f 725/265/697 727/267/699 726/312/698
f 726/312/698 727/267/699 728/310/700
f 727/267/699 729/269/701 728/310/700
f 728/310/700 729/269/701 730/308/702
f 729/269/701 731/271/703 730/308/702
f 730/308/702 731/271/703 732/306/704
f 731/271/703 733/273/705 732/306/704
f 732/306/704 733/273/705 734/305/706
f 733/273/705 735/274/707 734/305/706
f 734/305/706 735/274/707 736/303/708
f 735/274/707 737/276/709 736/303/708
f 736/303/708 737/276/709 738/301/710
f 737/276/709 739/278/711 738/301/710
f 738/301/710 739/278/711 740/298/712
f 739/278/711 741/280/713 740/298/712
f 740/298/712 741/280/713 742/296/714
f 741/280/713 743/282/715 742/296/714
f 742/296/714 743/282/715 744/294/716
f 744/294/716 743/282/715 745/284/717
f 746/292/718 744/294/716 745/284/717
f 747/286/719 746/292/718 745/284/717
f 748/290/720 746/292/718 747/286/719
f 749/288/721 748/290/720 747/286/719
f 751/586/722 750/587/723 752/588/724
f 752/588/724 750/587/723 753/589/725
f 750/587/723 754/590/726 753/589/725
f 753/589/725 754/590/726 755/591/727
f 754/590/726 756/592/728 755/591/727
f 755/591/727 756/592/728 757/593/729
f 756/592/728 758/594/730 757/593/729
f 757/593/729 758/594/730 759/595/731
f 758/594/730 760/596/732 759/595/731
f 759/595/731 760/596/732 761/597/733
f 760/596/732 762/598/734 761/597/733
f 761/597/733 762/598/734 763/599/735
f 762/598/734 764/600/736 763/599/735
f 763/599/735 764/600/736 765/601/737
f 764/600/736 766/602/738 765/601/737
f 765/601/737 766/602/738 767/603/739
f 766/602/738 768/604/740 767/603/739
f 767/603/739 768/604/740 769/605/741
f 768/604/740 770/606/742 769/605/741
f 769/605/741 770/606/742 771/607/743
f 770/606/742 772/608/744 771/607/743
f 771/607/743 772/608/744 773/609/745
f 772/608/744 774/610/746 773/609/745
f 773/609/745 774/610/746 775/611/747
f 774/610/746 776/612/748 775/611/747
f 775/611/747 776/612/748 777/613/749
f 776/612/748 778/614/750 777/613/749
f 777/613/749 778/614/750 779/615/751
f 779/615/751 778/614/750 780/616/752
f 781/617/753 779/615/751 780/616/752
f 783/455/754 782/452/755 784/457/756
f 782/452/755 785/450/757 784/457/756
f 785/450/757 786/448/758 784/457/756
f 784/457/756 786/448/758 787/458/457
f 786/448/758 788/446/759 787/458/457
f 787/458/457 788/446/759 789/460/760
f 788/446/759 790/444/761 789/460/760
f 789/460/760 790/444/761 791/462/762
f 790/444/761 792/442/763 791/462/762
f 791/462/762 792/442/763 793/464/764
f 793/464/764 792/442/763 794/467/765
f 792/442/763 795/440/766 794/467/765
f 794/467/765 795/440/766 796/469/767
f 795/440/766 797/438/768 796/469/767
f 796/469/767 797/438/768 798/471/769
f 797/438/768 799/436/770 798/471/769
f 798/471/769 799/436/770 800/473/472
f 800/473/472 799/436/770 801/435/771
f 802/433/772 800/473/472 801/435/771
f 803/474/473 800/473/472 802/433/772
f 804/431/773 803/474/473 802/433/772
f 805/476/475 803/474/473 804/431/773
f 806/429/774 805/476/475 804/431/773
f 807/478/477 805/476/475 806/429/774
f 808/427/775 807/478/477 806/429/774
f 809/480/479 807/478/477 808/427/775
f 810/425/776 809/480/479 808/427/775
f 811/482/777 809/480/479 810/425/776
f 812/423/778 811/482/777 810/425/776
f 813/484/483 811/482/777 812/423/778
f 814/421/779 813/484/483 812/423/778
f 815/486/485 813/484/483 814/421/779
f 816/419/780 815/486/485 814/421/779
f 817/491/490 819/488/781 816/419/780
f 818/417/782 817/491/490 816/419/780
f 819/488/781 815/486/485 816/419/780
f 820/493/783 817/491/490 818/417/782
f 821/415/784 820/493/783 818/417/782
f 822/495/785 820/493/783 821/415/784
f 823/413/786 822/495/785 821/415/784
f 824/497/496 822/495/785 823/413/786
f 825/411/787 824/497/496 823/413/786
f 826/409/788 824/497/496 825/411/787
f 827/498/789 824/497/496 826/409/788
f 828/407/790 827/498/789 826/409/788
f 829/500/405 827/498/789 828/407/790
f 830/405/791 829/500/405 828/407/790
f 831/502/500 829/500/405 830/405/791
f 832/402/401 831/502/500 830/405/791
f 833/507/792 835/504/502 832/402/401
f 834/400/793 833/507/792 832/402/401
f 835/504/502 831/502/500 832/402/401
f 836/509/507 833/507/792 834/400/793
f 837/398/794 836/509/507 834/400/793
f 838/511/509 836/509/507 837/398/794
f 839/396/395 838/511/509 837/398/794
f 840/513/511 838/511/509 839/396/395
f 841/394/795 840/513/511 839/396/395
f 842/515/796 840/513/511 841/394/795
f 843/392/797 842/515/796 841/394/795
f 844/517/798 842/515/796 843/392/797
f 845/389/799 844/517/798 843/392/797
f 846/519/517 844/517/798 845/389/799
f 847/388/755 846/519/517 845/389/799
f 849/585/800 848/584/688 850/618/801
f 850/618/801 848/584/688 851/619/802
f 851/619/802 848/584/688 852/620/803
f 848/584/688 853/583/686 852/620/803
f 852/620/803 853/583/686 854/621/804
f 853/583/686 855/582/805 854/621/804
f 854/621/804 855/582/805 856/622/806
f 855/582/805 857/581/807 856/622/806
f 856/622/806 857/581/807 858/623/808
f 857/581/807 859/580/681 858/623/808
f 858/623/808 859/580/681 860/624/809
f 859/580/681 861/579/680 860/624/809
f 860/624/809 861/579/680 862/625/810
f 861/579/680 863/578/811 862/625/810
f 863/578/811 864/577/159 862/625/810
f 862/625/810 864/577/159 865/626/812
f 864/577/159 866/576/677 865/626/812
f 865/626/812 866/576/677 867/627/813
f 866/576/677 868/575/814 867/627/813
f 867/627/813 868/575/814 869/628/815
f 868/575/814 870/574/673 869/628/815
f 869/628/815 870/574/673 871/629/816
f 871/629/816 870/574/673 872/630/817
f 870/574/673 873/573/671 872/630/817
f 872/630/817 873/573/671 874/631/818
f 873/573/671 875/572/670 874/631/818
f 874/631/818 875/572/670 876/632/819
f 875/572/670 877/571/820 876/632/819
f 876/632/819 877/571/820 878/633/821
f 877/571/820 879/570/668 878/633/821
f 878/633/821 879/570/668 880/634/822
f 879/570/668 881/569/666 880/634/822
f 880/634/822 881/569/666 882/635/823
f 881/569/666 883/568/664 882/635/823
f 883/568/664 884/567/662 882/635/823
f 882/635/823 884/567/662 885/636/824
f 885/636/824 884/567/662 886/566/825
f 887/637/826 885/636/824 886/566/825
f 888/565/659 887/637/826 886/566/825
f 889/638/827 887/637/826 888/565/659
f 890/564/657 889/638/827 888/565/659
f 891/639/828 889/638/827 890/564/657
f 892/563/829 891/639/828 890/564/657
f 893/640/830 891/639/828 892/563/829
f 894/562/654 893/640/830 892/563/829
f 895/641/831 897/642/832 894/562/654
f 896/561/653 895/641/831 894/562/654
f 897/642/832 893/640/830 894/562/654
f 898/643/833 895/641/831 896/561/653
f 899/560/652 898/643/833 896/561/653
f 900/644/834 898/643/833 899/560/652
f 901/559/650 900/644/834 899/560/652
f 902/645/835 900/644/834 901/559/650
f 903/558/649 902/645/835 901/559/650
f 904/557/648 902/645/835 903/558/649
f 905/646/836 902/645/835 904/557/648
f 906/556/646 905/646/836 904/557/648
f 907/647/837 905/646/836 906/556/646
f 908/555/644 907/647/837 906/556/646
f 909/648/838 907/647/837 908/555/644
f 910/554/839 909/648/838 908/555/644
f 911/649/840 909/648/838 910/554/839
f 912/553/689 911/649/840 910/554/839
f 913/650/841 911/649/840 912/553/689
f 915/651/842 914/652/843 916/600/844
f 916/600/844 914/652/843 917/602/845
f 917/602/845 914/652/843 918/604/740
f 914/652/843 919/653/846 918/604/740
f 918/604/740 919/653/846 920/606/847
f 919/653/846 921/654/848 920/606/847
f 920/606/847 921/654/848 922/608/744
f 921/654/848 923/655/849 922/608/744
f 922/608/744 923/655/849 924/610/746
f 923/655/849 925/656/850 924/610/746
f 925/656/850 926/657/851 924/610/746
f 924/610/746 926/657/851 927/612/852
f 926/657/851 928/658/853 927/612/852
f 927/612/852 928/658/853 929/614/854
f 928/658/853 930/659/855 929/614/854
f 929/614/854 930/659/855 931/616/856
f 930/659/855 932/660/857 931/616/856
f 931/616/856 932/660/857 933/617/858
f 933/617/858 932/660/857 934/615/859
f 932/660/857 935/661/860 934/615/859
f 934/615/859 935/661/860 936/613/861
f 935/661/860 937/662/862 936/613/861
f 936/613/861 937/662/862 938/611/747
f 937/662/862 939/663/863 938/611/747
f 938/611/747 939/663/863 940/609/745
f 939/663/863 941/664/864 940/609/745
f 940/609/745 941/664/864 942/607/865
f 941/664/864 943/665/866 942/607/865
f 942/607/865 943/665/866 944/605/867
f 943/665/866 945/666/868 944/605/867
f 944/605/867 945/666/868 946/603/739
f 945/666/868 947/667/869 946/603/739
f 946/603/739 947/667/869 948/601/870
f 947/667/869 949/668/871 948/601/870
f 949/668/871 950/669/872 948/601/870
f 948/601/870 950/669/872 951/599/873
f 950/669/872 952/670/874 951/599/873
f 951/599/873 952/670/874 953/597/875
f 952/670/874 954/671/876 953/597/875
f 953/597/875 954/671/876 955/595/877
f 954/671/876 956/672/878 955/595/877
f 955/595/877 956/672/878 957/593/729
f 956/672/878 958/673/879 957/593/729
f 957/593/729 958/673/879 959/591/880
f 958/673/879 960/674/881 959/591/880
f 959/591/880 960/674/881 961/589/882
f 960/674/881 962/675/883 961/589/882
f 961/589/882 962/675/883 963/588/884
f 962/675/883 964/676/885 963/588/884
f 963/588/884 964/676/885 965/586/886
f 965/586/886 964/676/885 966/587/887
f 964/676/885 967/677/888 966/587/887
f 966/587/887 967/677/888 968/590/889
f 967/677/888 969/678/890 968/590/889
f 968/590/889 969/678/890 970/592/891
f 969/678/890 971/679/892 970/592/891
f 970/592/891 971/679/892 972/594/730
f 971/679/892 973/680/893 972/594/730
f 973/680/893 974/681/894 972/594/730
f 972/594/730 974/681/894 975/596/895
f 974/681/894 976/682/896 975/596/895
f 975/596/895 976/682/896 977/598/734
f 976/682/896 915/651/842 977/598/734
f 915/651/842 916/600/844 977/598/734
f 979/683/897 978/684/898 980/685/899
f 978/684/898 981/686/900 980/685/899
f 983/686/901 982/687/902 984/685/903
f 984/685/903 982/687/902 985/688/904
f 987/689/905 986/690/906 988/691/907
f 988/691/907 986/690/906 989/692/908
f 991/687/909 990/693/910 992/688/911
f 992/688/911 990/693/910 993/694/912
f 995/691/913 994/695/914 996/689/915
f 996/689/915 994/695/914 997/696/916
f 999/686/917 998/692/918 1000/687/919
f 1000/687/919 998/692/918 1001/690/920
f 1003/697/921 1002/698/922 1004/699/923
f 1002/698/922 1005/700/924 1004/699/923
f 1004/699/923 1005/700/924 1006/701/925
f 1006/701/925 1005/700/924 1007/702/926
f 1008/703/927 1006/701/925 1007/702/926
f 1009/704/921 1008/703/927 1007/702/926
f 1010/705/928 1008/703/927 1009/704/921
f 1011/706/929 1010/705/928 1009/704/921
f 1012/707/930 1010/705/928 1011/706/929
f 1013/708/931 1004/699/923 1006/701/925
f 1014/709/932 1013/708/931 1006/701/925
f 1015/710/933 1013/708/931 1014/709/932
f 1017/711/934 1016/712/935 1018/713/936
f 1016/712/935 1019/714/937 1018/713/936
f 1018/713/936 1019/714/937 1020/715/938
f 1019/714/937 1021/716/939 1020/715/938
f 1020/715/938 1021/716/939 1022/717/940
f 1021/716/939 1023/718/941 1022/717/940
f 1022/717/940 1023/718/941 1024/719/942
f 1023/718/941 1025/720/943 1024/719/942
f 1024/719/942 1025/720/943 1026/721/944
f 1026/721/944 1025/720/943 1027/722/945
f 1025/720/943 1028/723/946 1027/722/945
f 1027/722/945 1028/723/946 1029/724/947
f 1028/723/946 1030/725/948 1029/724/947
f 1030/725/948 1031/726/949 1029/724/947
f 1029/724/947 1031/726/949 1032/727/950
f 1031/726/949 1033/728/951 1032/727/950
f 1032/727/950 1033/728/951 1034/729/952
f 1034/729/952 1033/728/951 1035/730/953
f 1033/728/951 1036/731/954 1035/730/953
f 1035/730/953 1036/731/954 1037/732/955
f 1036/731/954 1038/733/956 1037/732/955
f 1037/732/955 1038/733/956 1039/734/957
f 1038/733/956 1040/735/958 1039/734/957
f 1039/734/957 1040/735/958 1041/736/959
f 1040/735/958 1042/737/960 1041/736/959
f 1042/737/960 1043/738/961 1041/736/959
f 1041/736/959 1043/738/961 1044/739/962
f 1043/738/961 1045/740/963 1044/739/962
f 1044/739/962 1045/740/963 1046/741/964
f 1046/741/964 1045/740/963 1047/742/965
f 1045/740/963 1017/711/934 1047/742/965
f 1017/711/934 1018/713/936 1047/742/965
f 1048/743/966 1049/744/967 1053/745/968
f 1049/744/967 1048/743/966 1050/746/969
f 1048/743/966 1051/747/970 1050/746/969
f 1051/747/970 1048/743/966 1052/748/971
f 1052/748/971 1048/743/966 1053/745/968
f 1052/748/971 1053/745/968 1055/749/972
f 1053/745/968 1049/744/967 1054/750/973
f 1053/745/968 1054/750/973 1056/751/948
f 1055/749/972 1053/745/968 1056/751/948
f 1056/751/948 1054/750/973 1057/752/974
f 1054/750/973 1058/753/975 1057/752/974
f 1057/752/974 1058/753/975 1059/754/976
f 1058/753/975 1060/755/977 1059/754/976
f 1060/755/977 1061/756/978 1059/754/976
f 1059/754/976 1061/756/978 1062/757/979
f 1061/756/978 1063/758/980 1062/757/979
f 1062/757/979 1063/758/980 1064/759/981
f 1063/758/980 1065/760/982 1064/759/981
f 1064/759/981 1065/760/982 1066/761/983
f 1065/760/982 1067/762/984 1066/761/983
f 1066/761/983 1067/762/984 1068/763/985
f 1068/763/985 1067/762/984 1069/764/986
f 1067/762/984 1070/765/987 1069/764/986
f 1069/764/986 1070/765/987 1071/766/988
f 1070/765/987 1072/767/989 1071/766/988
f 1071/766/988 1072/767/989 1073/768/990
f 1072/767/989 1074/769/991 1073/768/990
f 1073/768/990 1074/769/991 1075/770/992
f 1075/770/992 1074/769/991 1076/771/993
f 1075/770/992 1076/771/993 1078/772/994
f 1077/773/995 1075/770/992 1078/772/994
f 1079/774/996 1077/773/995 1078/772/994
f 1079/774/996 1078/772/994 1080/775/997
f 1076/771/993 1080/775/997 1078/772/994
f 1081/776/998 1082/777/999 1080/775/997
f 1076/771/993 1081/776/998 1080/775/997
f 1082/777/999 1083/778/1000 1080/775/997
f 1083/778/1000 1084/779/1001 1080/775/997
f 1080/775/997 1084/779/1001 1079/774/996
f 1049/744/967 1050/746/969 1084/779/1001
f 1083/778/1000 1049/744/967 1084/779/1001
f 1084/779/1001 1050/746/969 1085/780/1002
f 1084/779/1001 1085/780/1002 1079/774/996
f 1050/746/969 1052/748/971 1085/780/1002
f 1085/780/1002 1052/748/971 1087/781/1003
f 1085/780/1002 1086/782/1004 1079/774/996
f 1086/782/1004 1085/780/1002 1087/781/1003
f 1087/781/1003 1052/748/971 1088/783/943
f 1088/783/943 1052/748/971 1055/749/972
f 1086/782/1004 1077/773/995 1079/774/996
f 1058/753/975 1054/750/973 1083/778/1000
f 1082/777/999 1058/753/975 1083/778/1000
f 1054/750/973 1049/744/967 1083/778/1000
f 1089/784/1005 1061/756/978 1082/777/999
f 1081/776/998 1089/784/1005 1082/777/999
f 1061/756/978 1060/755/977 1082/777/999
f 1060/755/977 1058/753/975 1082/777/999
f 1061/756/978 1089/784/1005 1063/758/980
f 1089/784/1005 1090/785/1006 1063/758/980
f 1090/785/1006 1089/784/1005 1091/786/1007
f 1091/786/1007 1089/784/1005 1081/776/998
f 1072/767/989 1092/787/1008 1091/786/1007
f 1074/769/991 1072/767/989 1091/786/1007
f 1074/769/991 1091/786/1007 1076/771/993
f 1092/787/1008 1090/785/1006 1091/786/1007
f 1091/786/1007 1081/776/998 1076/771/993
f 1092/787/1008 1093/788/1009 1090/785/1006
f 1094/789/1010 1093/788/1009 1092/787/1008
f 1094/789/1010 1092/787/1008 1070/765/987
f 1070/765/987 1092/787/1008 1072/767/989
f 1095/790/1011 1093/788/1009 1094/789/1010
f 1095/790/1011 1094/789/1010 1067/762/984
f 1067/762/984 1094/789/1010 1070/765/987
f 1093/788/1009 1095/790/1011 1067/762/984
f 1090/785/1006 1093/788/1009 1065/760/982
f 1065/760/982 1093/788/1009 1067/762/984
f 1063/758/980 1090/785/1006 1065/760/982
f 1050/746/969 1051/747/970 1052/748/971
f 1096/791/1012 1097/792/1013 1101/793/1014
f 1097/792/1013 1096/791/1012 1098/794/1015
f 1096/791/1012 1099/795/1016 1098/794/1015
f 1099/795/1016 1096/791/1012 1100/796/1017
f 1100/796/1017 1096/791/1012 1101/793/1014
f 1100/796/1017 1101/793/1014 1103/797/1018
f 1097/792/1013 1098/794/1015 1101/793/1014
f 1101/793/1014 1098/794/1015 1102/798/1019
f 1101/793/1014 1102/798/1019 1105/799/1020
f 1103/797/1018 1101/793/1014 1104/800/1021
f 1104/800/1021 1101/793/1014 1105/799/1020
f 1105/799/1020 1102/798/1019 1106/801/1022
f 1102/798/1019 1107/802/1023 1106/801/1022
f 1106/801/1022 1107/802/1023 1108/803/1024
f 1107/802/1023 1109/804/1025 1108/803/1024
f 1108/803/1024 1109/804/1025 1110/805/1026
f 1109/804/1025 1111/806/1027 1110/805/1026
f 1111/806/1027 1112/807/1028 1110/805/1026
f 1110/805/1026 1112/807/1028 1113/808/1029
f 1112/807/1028 1114/809/1030 1113/808/1029
f 1113/808/1029 1114/809/1030 1115/810/1031
f 1115/810/1031 1114/809/1030 1117/811/1032
f 1116/812/1033 1115/810/1031 1117/811/1032
f 1116/812/1033 1117/811/1032 1120/813/1034
f 1117/811/1032 1114/809/1030 1119/814/1035
f 1117/811/1032 1118/815/1036 1120/813/1034
f 1118/815/1036 1117/811/1032 1119/814/1035
f 1121/816/1037 1123/817/1038 1120/813/1034
f 1122/818/1039 1121/816/1037 1120/813/1034
f 1122/818/1039 1120/813/1034 1125/819/1040
f 1123/817/1038 1116/812/1033 1120/813/1034
f 1120/813/1034 1118/815/1036 1124/820/1041
f 1124/820/1041 1125/819/1040 1120/813/1034
f 1118/815/1036 1119/814/1035 1125/819/1040
f 1124/820/1041 1118/815/1036 1125/819/1040
f 1119/814/1035 1126/821/1042 1125/819/1040
f 1126/821/1042 1122/818/1039 1125/819/1040
f 1127/822/1043 1128/823/1044 1126/821/1042
f 1119/814/1035 1127/822/1043 1126/821/1042
f 1128/823/1044 1129/824/1045 1126/821/1042
f 1126/821/1042 1129/824/1045 1122/818/1039
f 1129/824/1045 1130/825/1046 1132/826/1047
f 1128/823/1044 1130/825/1046 1129/824/1045
f 1129/824/1045 1131/827/1048 1122/818/1039
f 1131/827/1048 1129/824/1045 1132/826/1047
f 1132/826/1047 1130/825/1046 1133/828/1049
f 1130/825/1046 1134/829/1050 1133/828/1049
f 1134/829/1050 1135/830/1051 1133/828/1049
f 1133/828/1049 1135/830/1051 1136/831/1052
f 1135/830/1051 1137/832/1053 1136/831/1052
f 1136/831/1052 1137/832/1053 1138/833/964
f 1137/832/1053 1100/796/1017 1138/833/964
f 1138/833/964 1100/796/1017 1103/797/1018
f 1139/834/1054 1099/795/1016 1137/832/1053
f 1135/830/1051 1139/834/1054 1137/832/1053
f 1137/832/1053 1099/795/1016 1100/796/1017
f 1099/795/1016 1139/834/1054 1140/835/1055
f 1140/835/1055 1139/834/1054 1141/836/1056
f 1141/836/1056 1139/834/1054 1142/837/1057
f 1142/837/1057 1139/834/1054 1135/830/1051
f 1143/838/1058 1141/836/1056 1142/837/1057
f 1143/838/1058 1142/837/1057 1128/823/1044
f 1142/837/1057 1130/825/1046 1128/823/1044
f 1130/825/1046 1142/837/1057 1134/829/1050
f 1134/829/1050 1142/837/1057 1135/830/1051
f 1141/836/1056 1143/838/1058 1111/806/1027
f 1111/806/1027 1143/838/1058 1127/822/1043
f 1127/822/1043 1143/838/1058 1128/823/1044
f 1140/835/1055 1141/836/1056 1107/802/1023
f 1107/802/1023 1141/836/1056 1109/804/1025
f 1109/804/1025 1141/836/1056 1111/806/1027
f 1098/794/1015 1099/795/1016 1140/835/1055
f 1098/794/1015 1140/835/1055 1102/798/1019
f 1102/798/1019 1140/835/1055 1107/802/1023
f 1131/827/1048 1121/816/1037 1122/818/1039
f 1112/807/1028 1111/806/1027 1127/822/1043
f 1114/809/1030 1112/807/1028 1127/822/1043
f 1114/809/1030 1127/822/1043 1119/814/1035
f 1145/839/1059 1144/840/1060 1146/841/1061
f 1144/840/1060 1147/842/1062 1146/841/1061
f 1146/841/1061 1147/842/1062 1148/843/1063
f 1147/842/1062 1149/844/1064 1148/843/1063
f 1148/843/1063 1149/844/1064 1150/845/1065
f 1149/844/1064 1151/846/1066 1150/845/1065
f 1150/845/1065 1151/846/1066 1152/847/1067
f 1151/846/1066 1153/848/1068 1152/847/1067
f 1152/847/1067 1153/848/1068 1154/849/1069
f 1153/848/1068 1155/850/1070 1154/849/1069
f 1154/849/1069 1155/850/1070 1156/851/1071
f 1155/850/1070 1157/852/1072 1156/851/1071
f 1156/851/1071 1157/852/1072 1158/853/1073
f 1157/852/1072 1159/854/1074 1158/853/1073
f 1158/853/1073 1159/854/1074 1160/855/1075
f 1159/854/1074 1161/856/1076 1160/855/1075
f 1160/855/1075 1161/856/1076 1162/857/1077
f 1161/856/1076 1163/858/1078 1162/857/1077
f 1162/857/1077 1163/858/1078 1164/859/1079
f 1163/858/1078 1165/860/1080 1164/859/1079
f 1164/859/1079 1165/860/1080 1166/861/1081
f 1165/860/1080 1167/862/1082 1166/861/1081
f 1166/861/1081 1167/862/1082 1168/863/1083
f 1167/862/1082 1169/864/1084 1168/863/1083
f 1168/863/1083 1169/864/1084 1170/865/1085
f 1169/864/1084 1171/866/1086 1170/865/1085
f 1170/865/1085 1171/866/1086 1172/867/1087
f 1171/866/1086 1173/868/1088 1172/867/1087
f 1172/867/1087 1173/868/1088 1174/869/1089
f 1173/868/1088 1175/870/1090 1174/869/1089
f 1174/869/1089 1175/870/1090 1176/871/1091
f 1175/870/1090 1177/872/1092 1176/871/1091
f 1176/871/1091 1177/872/1092 1178/873/1093
f 1177/872/1092 1179/874/1094 1178/873/1093
f 1178/873/1093 1179/874/1094 1180/875/1095
f 1179/874/1094 1181/876/1096 1180/875/1095
f 1181/876/1096 1182/877/1097 1180/875/1095
f 1180/875/1095 1182/877/1097 1183/878/1098
f 1182/877/1097 1184/879/1099 1183/878/1098
f 1183/878/1098 1184/879/1099 1185/880/1100
f 1184/879/1099 1186/881/1101 1185/880/1100
f 1185/880/1100 1186/881/1101 1187/882/1102
f 1186/881/1101 1188/883/1103 1187/882/1102
f 1187/882/1102 1188/883/1103 1189/884/1104
f 1188/883/1103 1190/885/1105 1189/884/1104
f 1189/884/1104 1190/885/1105 1191/886/1106
f 1190/885/1105 1192/887/1107 1191/886/1106
f 1191/886/1106 1192/887/1107 1193/888/1108
f 1192/887/1107 1194/889/1109 1193/888/1108
f 1193/888/1108 1194/889/1109 1195/890/1110
f 1194/889/1109 1196/891/1111 1195/890/1110
f 1195/890/1110 1196/891/1111 1197/892/1112
f 1197/892/1112 1196/891/1111 1198/893/1113
f 1200/894/1114 1199/895/1115 1201/896/1116
f 1199/895/1115 1202/897/1117 1201/896/1116
f 1201/896/1116 1202/897/1117 1203/898/1118
f 1203/898/1118 1202/897/1117 1204/899/1119
f 1205/900/1120 1203/898/1118 1204/899/1119
f 1206/901/1121 1201/896/1116 1203/898/1118
f 1208/902/1122 1207/903/1123 1209/904/1124
f 1209/904/1124 1207/903/1123 1210/905/1125
f 1212/906/1126 1211/907/1127 1213/908/1128
f 1213/908/1128 1211/907/1127 1214/909/1129
f 1216/910/1130 1215/911/1131 1217/912/1132
f 1217/912/1132 1215/911/1131 1218/913/1133
f 1219/914/1134 1217/912/1132 1218/913/1133
f 1220/915/1135 1219/914/1134 1218/913/1133
f 1221/916/1136 1219/914/1134 1220/915/1135
f 1222/917/1137 1217/912/1132 1219/914/1134
f 1224/918/1138 1223/919/1139 1225/920/1140
f 1225/920/1140 1223/919/1139 1226/921/1141
f 1223/919/1139 1227/922/1142 1226/921/1141
f 1226/921/1141 1227/922/1142 1228/923/1143
f 1227/922/1142 1229/924/1144 1228/923/1143
f 1228/923/1143 1229/924/1144 1230/925/1145
f 1229/924/1144 1231/926/1146 1230/925/1145
f 1230/925/1145 1231/926/1146 1232/927/1147
f 1231/926/1146 1233/928/1148 1232/927/1147
f 1232/927/1147 1233/928/1148 1234/929/1149
f 1233/928/1148 1235/930/1150 1234/929/1149
f 1234/929/1149 1235/930/1150 1236/931/1151
f 1235/930/1150 1237/932/1152 1236/931/1151
f 1236/931/1151 1237/932/1152 1238/933/1153
f 1237/932/1152 1239/934/1154 1238/933/1153
f 1239/934/1154 1240/935/1155 1238/933/1153
f 1238/933/1153 1240/935/1155 1241/936/1156
f 1240/935/1155 1242/937/1157 1241/936/1156
f 1241/936/1156 1242/937/1157 1243/938/1158
f 1242/937/1157 1244/939/1159 1243/938/1158
f 1243/938/1158 1244/939/1159 1245/940/1160
f 1244/939/1159 1246/941/1161 1245/940/1160
f 1245/940/1160 1246/941/1161 1247/942/1162
f 1246/941/1161 1248/943/1163 1247/942/1162
f 1247/942/1162 1248/943/1163 1249/944/1164
f 1248/943/1163 1250/945/1165 1249/944/1164
f 1249/944/1164 1250/945/1165 1251/946/1166
f 1250/945/1165 1252/947/1167 1251/946/1166
f 1251/946/1166 1252/947/1167 1253/948/1168
f 1252/947/1167 1254/949/1169 1253/948/1168
f 1253/948/1168 1254/949/1169 1255/950/1170
f 1254/949/1169 1256/951/1171 1255/950/1170
f 1255/950/1170 1256/951/1171 1257/952/1172
f 1256/951/1171 1258/953/1173 1257/952/1172
f 1257/952/1172 1258/953/1173 1259/954/1174
f 1258/953/1173 1260/955/1175 1259/954/1174
f 1259/954/1174 1260/955/1175 1261/956/1176
f 1260/955/1175 1262/957/1177 1261/956/1176
f 1261/956/1176 1262/957/1177 1263/958/1178
f 1262/957/1177 1264/959/1179 1263/958/1178
f 1263/958/1178 1264/959/1179 1265/960/1180
f 1264/959/1179 1266/961/1181 1265/960/1180
f 1265/960/1180 1266/961/1181 1267/962/1182
f 1266/961/1181 1268/963/1183 1267/962/1182
f 1267/962/1182 1268/963/1183 1269/964/1184
f 1268/963/1183 1270/965/1185 1269/964/1184
f 1269/964/1184 1270/965/1185 1271/966/1186
f 1271/966/1186 1270/965/1185 1272/967/1187
f 1270/965/1185 1273/968/1188 1272/967/1187
f 1272/967/1187 1273/968/1188 1274/969/1189
f 1273/968/1188 1275/970/1190 1274/969/1189
f 1274/969/1189 1275/970/1190 1276/971/1191
f 1275/970/1190 1277/972/1192 1276/971/1191
f 1276/971/1191 1277/972/1192 1278/973/1193
f 1277/972/1192 1279/974/1194 1278/973/1193
f 1278/973/1193 1279/974/1194 1280/975/1195
f 1279/974/1194 1281/976/1196 1280/975/1195
f 1280/975/1195 1281/976/1196 1282/977/1197
f 1281/976/1196 1283/978/1198 1282/977/1197
f 1282/977/1197 1283/978/1198 1284/979/1199
f 1283/978/1198 1285/980/1200 1284/979/1199
f 1284/979/1199 1285/980/1200 1286/981/1201
f 1285/980/1200 1224/918/1138 1286/981/1201
f 1224/918/1138 1225/920/1140 1286/981/1201
f 1288/982/1202 1287/983/1203 1289/984/1204
f 1287/983/1203 1290/985/1205 1289/984/1204
f 1289/984/1204 1290/985/1205 1291/986/1206
f 1290/985/1205 1292/987/1207 1291/986/1206
f 1291/986/1206 1292/987/1207 1293/988/1208
f 1292/987/1207 1294/989/1209 1293/988/1208
f 1293/988/1208 1294/989/1209 1295/990/1210
f 1294/989/1209 1296/991/1211 1295/990/1210
f 1295/990/1210 1296/991/1211 1297/992/1212
f 1296/991/1211 1298/993/1213 1297/992/1212
f 1297/992/1212 1298/993/1213 1299/994/1214
f 1298/993/1213 1300/995/1215 1299/994/1214
f 1299/994/1214 1300/995/1215 1301/996/1216
f 1300/995/1215 1302/997/1217 1301/996/1216
f 1301/996/1216 1302/997/1217 1303/998/1218
f 1302/997/1217 1304/999/1219 1303/998/1218
f 1303/998/1218 1304/999/1219 1305/1000/1220
f 1304/999/1219 1306/1001/1221 1305/1000/1220
f 1306/1001/1221 1307/1002/1222 1305/1000/1220
f 1305/1000/1220 1307/1002/1222 1308/1003/1223
f 1307/1002/1222 1309/1004/1224 1308/1003/1223
f 1308/1003/1223 1309/1004/1224 1310/1005/1225
f 1309/1004/1224 1311/1006/1226 1310/1005/1225
f 1310/1005/1225 1311/1006/1226 1312/1007/1227
f 1311/1006/1226 1313/1008/1228 1312/1007/1227
f 1312/1007/1227 1313/1008/1228 1314/1009/1229
f 1314/1009/1229 1313/1008/1228 1315/1010/1230
f 1316/1011/1231 1314/1009/1229 1315/1010/1230
f 1317/1012/1232 1316/1011/1231 1315/1010/1230
f 1318/1013/1233 1316/1011/1231 1317/1012/1232
f 1319/1014/1234 1318/1013/1233 1317/1012/1232
f 1320/1015/1235 1318/1013/1233 1319/1014/1234
f 1321/1016/1236 1320/1015/1235 1319/1014/1234
f 1322/1017/1237 1320/1015/1235 1321/1016/1236
f 1323/1018/1238 1322/1017/1237 1321/1016/1236
f 1324/1019/862 1322/1017/1237 1323/1018/1238
f 1325/1020/1239 1324/1019/862 1323/1018/1238
f 1326/1021/1240 1324/1019/862 1325/1020/1239
f 1327/1022/1241 1326/1021/1240 1325/1020/1239
f 1328/1023/1242 1326/1021/1240 1327/1022/1241
f 1329/1024/1243 1328/1023/1242 1327/1022/1241
f 1330/1025/1244 1328/1023/1242 1329/1024/1243
f 1331/1026/1245 1330/1025/1244 1329/1024/1243
f 1332/1027/1246 1330/1025/1244 1331/1026/1245
f 1333/1028/1247 1332/1027/1246 1331/1026/1245
f 1334/1029/1248 1332/1027/1246 1333/1028/1247
f 1335/1030/1249 1334/1029/1248 1333/1028/1247
f 1336/1031/1250 1334/1029/1248 1335/1030/1249
f 1337/1032/1251 1336/1031/1250 1335/1030/1249
f 1338/1033/1252 1340/1034/1253 1337/1032/1251
f 1339/1035/1254 1338/1033/1252 1337/1032/1251
f 1340/1034/1253 1336/1031/1250 1337/1032/1251
f 1341/1036/1255 1338/1033/1252 1339/1035/1254
f 1342/1037/1256 1341/1036/1255 1339/1035/1254
f 1343/1038/1257 1341/1036/1255 1342/1037/1256
f 1344/1039/1258 1343/1038/1257 1342/1037/1256
f 1345/1040/1259 1343/1038/1257 1344/1039/1258
f 1346/1041/1260 1345/1040/1259 1344/1039/1258
f 1347/1042/1261 1345/1040/1259 1346/1041/1260
f 1348/1043/1262 1347/1042/1261 1346/1041/1260
f 1349/1044/1263 1347/1042/1261 1348/1043/1262
f 1350/1045/1264 1349/1044/1263 1348/1043/1262
f 1351/1046/1202 1349/1044/1263 1350/1045/1264
f 1352/1047/1265 1351/1046/1202 1350/1045/1264
f 1354/1048/1266 1353/1049/1267 1355/1050/1268
f 1353/1049/1267 1356/1051/1269 1355/1050/1268
f 1355/1050/1268 1356/1051/1269 1357/1052/1270
f 1356/1051/1269 1358/1053/1271 1357/1052/1270
f 1357/1052/1270 1358/1053/1271 1359/1054/1272
f 1358/1053/1271 1360/1055/1273 1359/1054/1272
f 1359/1054/1272 1360/1055/1273 1361/1056/1274
f 1360/1055/1273 1362/1057/1275 1361/1056/1274
f 1361/1056/1274 1362/1057/1275 1363/1058/1276
f 1362/1057/1275 1364/1059/1277 1363/1058/1276
f 1363/1058/1276 1364/1059/1277 1365/1060/1278
f 1364/1059/1277 1366/1061/1279 1365/1060/1278
f 1365/1060/1278 1366/1061/1279 1367/1062/1280
f 1366/1061/1279 1368/1063/1281 1367/1062/1280
f 1367/1062/1280 1368/1063/1281 1369/1064/1282
f 1368/1063/1281 1370/1065/1283 1369/1064/1282
f 1370/1065/1283 1371/1066/1284 1369/1064/1282
f 1369/1064/1282 1371/1066/1284 1372/1067/1285
f 1371/1066/1284 1373/1068/1286 1372/1067/1285
f 1372/1067/1285 1373/1068/1286 1374/1069/1287
f 1373/1068/1286 1375/1070/1288 1374/1069/1287
f 1374/1069/1287 1375/1070/1288 1376/1071/1289
f 1375/1070/1288 1377/1072/1290 1376/1071/1289
f 1376/1071/1289 1377/1072/1290 1378/1073/1291
f 1377/1072/1290 1379/1074/1292 1378/1073/1291
f 1378/1073/1291 1379/1074/1292 1380/1075/1293
f 1380/1075/1293 1379/1074/1292 1381/1076/1294
f 1382/1077/1295 1380/1075/1293 1381/1076/1294
f 1383/1078/1296 1382/1077/1295 1381/1076/1294
f 1384/1079/1297 1382/1077/1295 1383/1078/1296
f 1385/1080/1298 1384/1079/1297 1383/1078/1296
f 1386/1081/1299 1384/1079/1297 1385/1080/1298
f 1387/1082/1300 1386/1081/1299 1385/1080/1298
f 1388/1083/1301 1386/1081/1299 1387/1082/1300
f 1389/1084/1302 1388/1083/1301 1387/1082/1300
f 1390/1085/1303 1388/1083/1301 1389/1084/1302
f 1391/1086/1304 1390/1085/1303 1389/1084/1302
f 1392/1087/1305 1390/1085/1303 1391/1086/1304
f 1393/1088/1306 1392/1087/1305 1391/1086/1304
f 1394/1089/1307 1392/1087/1305 1393/1088/1306
f 1395/1090/1308 1394/1089/1307 1393/1088/1306
f 1396/1091/1309 1394/1089/1307 1395/1090/1308
f 1397/1092/1310 1396/1091/1309 1395/1090/1308
f 1398/1093/1311 1396/1091/1309 1397/1092/1310
f 1399/1094/1312 1398/1093/1311 1397/1092/1310
f 1400/1095/1313 1398/1093/1311 1399/1094/1312
f 1401/1096/1314 1400/1095/1313 1399/1094/1312
f 1402/1097/1315 1400/1095/1313 1401/1096/1314
f 1403/1098/1316 1402/1097/1315 1401/1096/1314
f 1404/1099/1317 1406/1100/1318 1403/1098/1316
f 1405/1101/1319 1404/1099/1317 1403/1098/1316
f 1406/1100/1318 1402/1097/1315 1403/1098/1316
f 1407/1102/1320 1404/1099/1317 1405/1101/1319
f 1408/1103/1321 1407/1102/1320 1405/1101/1319
f 1409/1104/1322 1407/1102/1320 1408/1103/1321
f 1410/1105/1323 1409/1104/1322 1408/1103/1321
f 1411/1106/1324 1409/1104/1322 1410/1105/1323
f 1412/1107/1325 1411/1106/1324 1410/1105/1323
f 1413/1108/1326 1411/1106/1324 1412/1107/1325
f 1414/1109/1327 1413/1108/1326 1412/1107/1325
f 1415/1110/1328 1413/1108/1326 1414/1109/1327
f 1416/1111/1329 1415/1110/1328 1414/1109/1327
f 1417/1112/1330 1415/1110/1328 1416/1111/1329
f 1418/1113/1331 1417/1112/1330 1416/1111/1329
f 1420/1114/1332 1419/1115/1333 1421/1116/1334
f 1419/1115/1333 1422/1117/1335 1421/1116/1334
f 1421/1116/1334 1422/1117/1335 1423/1118/1336
f 1422/1117/1335 1424/1119/1337 1423/1118/1336
f 1423/1118/1336 1424/1119/1337 1425/1120/1338
f 1424/1119/1337 1426/1121/1339 1425/1120/1338
f 1426/1121/1339 1427/1122/1340 1425/1120/1338
f 1425/1120/1338 1427/1122/1340 1428/1123/1341
f 1427/1122/1340 1429/1124/1342 1428/1123/1341
f 1428/1123/1341 1429/1124/1342 1430/1125/1343
f 1429/1124/1342 1431/1126/1344 1430/1125/1343
f 1430/1125/1343 1431/1126/1344 1432/1127/1345
f 1431/1126/1344 1433/1128/1346 1432/1127/1345
f 1432/1127/1345 1433/1128/1346 1434/1129/1347
f 1433/1128/1346 1435/1130/1348 1434/1129/1347
f 1434/1129/1347 1435/1130/1348 1436/1131/1349
f 1436/1131/1349 1435/1130/1348 1437/1132/1350
f 1435/1130/1348 1438/1133/1351 1437/1132/1350
f 1437/1132/1350 1438/1133/1351 1439/1134/1352
f 1439/1134/1352 1438/1133/1351 1440/1135/1353
f 1441/1136/1354 1439/1134/1352 1440/1135/1353
f 1442/1137/1355 1441/1136/1354 1440/1135/1353
f 1443/1138/1356 1441/1136/1354 1442/1137/1355
f 1444/1139/1357 1441/1136/1354 1443/1138/1356
f 1445/1140/1358 1444/1139/1357 1443/1138/1356
f 1446/1141/1359 1444/1139/1357 1445/1140/1358
f 1447/1142/1360 1446/1141/1359 1445/1140/1358
f 1448/1143/1361 1446/1141/1359 1447/1142/1360
f 1449/1144/1362 1448/1143/1361 1447/1142/1360
f 1450/1145/1363 1448/1143/1361 1449/1144/1362
f 1451/1146/1364 1450/1145/1363 1449/1144/1362
f 1452/1147/1365 1450/1145/1363 1451/1146/1364
f 1453/1148/1366 1452/1147/1365 1451/1146/1364
f 1454/1149/1367 1452/1147/1365 1453/1148/1366
f 1455/1150/1368 1454/1149/1367 1453/1148/1366
f 1456/1151/1369 1454/1149/1367 1455/1150/1368
f 1457/1152/1370 1456/1151/1369 1455/1150/1368
f 1458/1153/1371 1460/1154/1372 1457/1152/1370
f 1459/1155/1373 1458/1153/1371 1457/1152/1370
f 1460/1154/1372 1456/1151/1369 1457/1152/1370
f 1461/1156/1374 1458/1153/1371 1459/1155/1373
f 1462/1157/1375 1461/1156/1374 1459/1155/1373
f 1463/1158/1376 1461/1156/1374 1462/1157/1375
f 1464/1159/1377 1463/1158/1376 1462/1157/1375
f 1465/1160/1378 1463/1158/1376 1464/1159/1377
f 1466/1161/1379 1465/1160/1378 1464/1159/1377
f 1467/1162/1380 1465/1160/1378 1466/1161/1379
f 1468/1163/1381 1467/1162/1380 1466/1161/1379
f 1469/1164/1382 1467/1162/1380 1468/1163/1381
f 1470/1165/1383 1467/1162/1380 1469/1164/1382
f 1471/1166/1384 1470/1165/1383 1469/1164/1382
f 1472/1167/1385 1470/1165/1383 1471/1166/1384
f 1473/1168/1386 1472/1167/1385 1471/1166/1384
f 1474/1169/1387 1476/1170/1388 1473/1168/1386
f 1475/1171/1389 1474/1169/1387 1473/1168/1386
f 1476/1170/1388 1472/1167/1385 1473/1168/1386
f 1477/1172/1390 1474/1169/1387 1475/1171/1389
f 1478/1173/1391 1477/1172/1390 1475/1171/1389
f 1479/1174/1392 1477/1172/1390 1478/1173/1391
f 1480/1175/1393 1479/1174/1392 1478/1173/1391
f 1481/1176/1394 1479/1174/1392 1480/1175/1393
f 1482/1177/1395 1481/1176/1394 1480/1175/1393
f 1483/1178/1396 1481/1176/1394 1482/1177/1395
f 1484/1179/1397 1483/1178/1396 1482/1177/1395
f 1486/1049/1398 1485/1180/1399 1487/1051/1400
f 1485/1180/1399 1488/1181/1401 1487/1051/1400
f 1488/1181/1401 1489/1182/1402 1487/1051/1400
f 1487/1051/1400 1489/1182/1402 1490/1053/1403
f 1489/1182/1402 1491/1183/1404 1490/1053/1403
f 1490/1053/1403 1491/1183/1404 1492/1055/1405
f 1491/1183/1404 1493/1184/1406 1492/1055/1405
f 1492/1055/1405 1493/1184/1406 1494/1057/1275
f 1493/1184/1406 1495/1185/1407 1494/1057/1275
f 1494/1057/1275 1495/1185/1407 1496/1059/1408
f 1496/1059/1408 1495/1185/1407 1497/1061/1279
f 1495/1185/1407 1498/1186/1409 1497/1061/1279
f 1497/1061/1279 1498/1186/1409 1499/1063/1281
f 1498/1186/1409 1500/1187/1410 1499/1063/1281
f 1499/1063/1281 1500/1187/1410 1501/1065/1411
f 1500/1187/1410 1502/1188/1412 1501/1065/1411
f 1501/1065/1411 1502/1188/1412 1503/1066/1413
f 1502/1188/1412 1504/1189/1414 1503/1066/1413
f 1504/1189/1414 1505/1190/1415 1503/1066/1413
f 1503/1066/1413 1505/1190/1415 1506/1068/1286
f 1505/1190/1415 1507/1191/1416 1506/1068/1286
f 1506/1068/1286 1507/1191/1416 1508/1070/1417
f 1507/1191/1416 1509/1192/1418 1508/1070/1417
f 1508/1070/1417 1509/1192/1418 1510/1072/1419
f 1509/1192/1418 1511/1193/1420 1510/1072/1419
f 1510/1072/1419 1511/1193/1420 1512/1074/1421
f 1512/1074/1421 1511/1193/1420 1513/1076/1422
f 1511/1193/1420 1514/1194/1423 1513/1076/1422
f 1513/1076/1422 1514/1194/1423 1515/1078/1424
f 1514/1194/1423 1516/1195/1425 1515/1078/1424
f 1515/1078/1424 1516/1195/1425 1517/1080/1426
f 1516/1195/1425 1518/1196/1427 1517/1080/1426
f 1517/1080/1426 1518/1196/1427 1519/1082/1428
f 1518/1196/1427 1520/1197/1429 1519/1082/1428
f 1520/1197/1429 1521/1198/1430 1519/1082/1428
f 1519/1082/1428 1521/1198/1430 1522/1084/1302
f 1521/1198/1430 1523/1199/1431 1522/1084/1302
f 1522/1084/1302 1523/1199/1431 1524/1086/1304
f 1523/1199/1431 1525/1200/1432 1524/1086/1304
f 1524/1086/1304 1525/1200/1432 1526/1088/1433
f 1525/1200/1432 1527/1201/1434 1526/1088/1433
f 1526/1088/1433 1527/1201/1434 1528/1090/1308
f 1527/1201/1434 1529/1202/1435 1528/1090/1308
f 1528/1090/1308 1529/1202/1435 1530/1092/1436
f 1530/1092/1436 1529/1202/1435 1531/1094/1437
f 1529/1202/1435 1532/1203/1438 1531/1094/1437
f 1531/1094/1437 1532/1203/1438 1533/1096/1314
f 1532/1203/1438 1534/1204/1439 1533/1096/1314
f 1533/1096/1314 1534/1204/1439 1535/1098/1316
f 1534/1204/1439 1536/1205/1440 1535/1098/1316
f 1536/1205/1440 1537/1206/1441 1535/1098/1316
f 1535/1098/1316 1537/1206/1441 1538/1101/1442
f 1537/1206/1441 1539/1207/1443 1538/1101/1442
f 1538/1101/1442 1539/1207/1443 1540/1103/1321
f 1540/1103/1321 1539/1207/1443 1541/1208/1444
f 1542/1107/1325 1544/1105/1445 1541/1208/1444
f 1543/1209/1446 1542/1107/1325 1541/1208/1444
f 1544/1105/1445 1540/1103/1321 1541/1208/1444
f 1545/1109/1327 1542/1107/1325 1543/1209/1446
f 1546/1210/1447 1545/1109/1327 1543/1209/1446
f 1547/1111/1448 1545/1109/1327 1546/1210/1447
f 1548/1211/1449 1547/1111/1448 1546/1210/1447
f 1549/1113/1450 1547/1111/1448 1548/1211/1449
f 1550/1212/1451 1549/1113/1450 1548/1211/1449
f 1552/982/1452 1551/984/1453 1553/1180/1454
f 1553/1180/1454 1551/984/1453 1554/1181/1455
f 1551/984/1453 1555/986/1456 1554/1181/1455
f 1554/1181/1455 1555/986/1456 1556/1182/1457
f 1555/986/1456 1557/988/1458 1556/1182/1457
f 1556/1182/1457 1557/988/1458 1558/1183/1459
f 1557/988/1458 1559/990/1460 1558/1183/1459
f 1558/1183/1459 1559/990/1460 1560/1184/1461
f 1559/990/1460 1561/992/1462 1560/1184/1461
f 1560/1184/1461 1561/992/1462 1562/1185/1463
f 1561/992/1462 1563/994/1464 1562/1185/1463
f 1562/1185/1463 1563/994/1464 1564/1186/1465
f 1563/994/1464 1565/996/1466 1564/1186/1465
f 1564/1186/1465 1565/996/1466 1566/1187/1467
f 1565/996/1466 1567/998/1468 1566/1187/1467
f 1566/1187/1467 1567/998/1468 1568/1188/1469
f 1567/998/1468 1569/1000/1470 1568/1188/1469
f 1568/1188/1469 1569/1000/1470 1570/1189/1471
f 1570/1189/1471 1569/1000/1470 1571/1190/1472
f 1569/1000/1470 1572/1003/1473 1571/1190/1472
f 1571/1190/1472 1572/1003/1473 1573/1191/1474
f 1572/1003/1473 1574/1005/1475 1573/1191/1474
f 1573/1191/1474 1574/1005/1475 1575/1192/1476
f 1574/1005/1475 1576/1007/1477 1575/1192/1476
f 1575/1192/1476 1576/1007/1477 1577/1193/1478
f 1576/1007/1477 1578/1009/1479 1577/1193/1478
f 1577/1193/1478 1578/1009/1479 1579/1194/1480
f 1579/1194/1480 1578/1009/1479 1580/1011/1481
f 1581/1195/1482 1579/1194/1480 1580/1011/1481
f 1582/1013/1483 1581/1195/1482 1580/1011/1481
f 1583/1196/1484 1581/1195/1482 1582/1013/1483
f 1584/1015/1485 1583/1196/1484 1582/1013/1483
f 1585/1197/1486 1583/1196/1484 1584/1015/1485
f 1586/1017/1487 1585/1197/1486 1584/1015/1485
f 1587/1198/1488 1585/1197/1486 1586/1017/1487
f 1588/1019/1489 1587/1198/1488 1586/1017/1487
f 1589/1199/1490 1587/1198/1488 1588/1019/1489
f 1590/1021/1491 1589/1199/1490 1588/1019/1489
f 1591/1200/1492 1589/1199/1490 1590/1021/1491
f 1592/1023/1493 1591/1200/1492 1590/1021/1491
f 1593/1201/1494 1591/1200/1492 1592/1023/1493
f 1594/1025/1495 1593/1201/1494 1592/1023/1493
f 1595/1202/1496 1593/1201/1494 1594/1025/1495
f 1596/1027/1497 1595/1202/1496 1594/1025/1495
f 1597/1203/1498 1595/1202/1496 1596/1027/1497
f 1598/1029/1499 1597/1203/1498 1596/1027/1497
f 1599/1204/1500 1597/1203/1498 1598/1029/1499
f 1600/1031/1501 1599/1204/1500 1598/1029/1499
f 1601/1205/1502 1599/1204/1500 1600/1031/1501
f 1602/1034/1503 1601/1205/1502 1600/1031/1501
f 1603/1033/1504 1601/1205/1502 1602/1034/1503
f 1604/1206/1505 1601/1205/1502 1603/1033/1504
f 1605/1036/1506 1604/1206/1505 1603/1033/1504
f 1606/1207/1507 1604/1206/1505 1605/1036/1506
f 1607/1038/1508 1606/1207/1507 1605/1036/1506
f 1608/1208/1509 1606/1207/1507 1607/1038/1508
f 1609/1040/1510 1608/1208/1509 1607/1038/1508
f 1610/1209/1511 1608/1208/1509 1609/1040/1510
f 1611/1042/1512 1610/1209/1511 1609/1040/1510
f 1612/1210/1513 1610/1209/1511 1611/1042/1512
f 1613/1044/1514 1612/1210/1513 1611/1042/1512
f 1614/1211/1515 1612/1210/1513 1613/1044/1514
f 1615/1046/1516 1614/1211/1515 1613/1044/1514
f 1616/1212/1517 1614/1211/1515 1615/1046/1516
f 1618/983/1518 1617/1213/1519 1619/985/1520
f 1617/1213/1519 1620/1214/1521 1619/985/1520
f 1620/1214/1521 1621/1215/1522 1619/985/1520
f 1619/985/1520 1621/1215/1522 1622/987/1271
f 1621/1215/1522 1623/1216/1523 1622/987/1271
f 1622/987/1271 1623/1216/1523 1624/989/1405
f 1623/1216/1523 1625/1217/1524 1624/989/1405
f 1624/989/1405 1625/1217/1524 1626/991/1275
f 1625/1217/1524 1627/1218/1525 1626/991/1275
f 1626/991/1275 1627/1218/1525 1628/993/1526
f 1628/993/1526 1627/1218/1525 1629/995/1527
f 1627/1218/1525 1630/1219/1528 1629/995/1527
f 1629/995/1527 1630/1219/1528 1631/997/1281
f 1630/1219/1528 1632/1220/1529 1631/997/1281
f 1631/997/1281 1632/1220/1529 1633/999/1530
f 1632/1220/1529 1634/1221/1531 1633/999/1530
f 1633/999/1530 1634/1221/1531 1635/1001/1532
f 1634/1221/1531 1636/1222/1533 1635/1001/1532
f 1636/1222/1533 1637/1223/1534 1635/1001/1532
f 1635/1001/1532 1637/1223/1534 1638/1002/1535
f 1637/1223/1534 1639/1224/1536 1638/1002/1535
f 1638/1002/1535 1639/1224/1536 1640/1004/1537
f 1639/1224/1536 1641/1225/1538 1640/1004/1537
f 1640/1004/1537 1641/1225/1538 1642/1006/1419
f 1641/1225/1538 1643/1226/1539 1642/1006/1419
f 1642/1006/1419 1643/1226/1539 1644/1008/1540
f 1644/1008/1540 1643/1226/1539 1645/1010/1294
f 1643/1226/1539 1646/1227/1541 1645/1010/1294
f 1645/1010/1294 1646/1227/1541 1647/1012/1542
f 1646/1227/1541 1648/1228/1543 1647/1012/1542
f 1647/1012/1542 1648/1228/1543 1649/1014/1544
f 1648/1228/1543 1650/1229/1545 1649/1014/1544
f 1649/1014/1544 1650/1229/1545 1651/1016/1546
f 1650/1229/1545 1652/1230/1547 1651/1016/1546
f 1652/1230/1547 1653/1231/1548 1651/1016/1546
f 1651/1016/1546 1653/1231/1548 1654/1018/1302
f 1653/1231/1548 1655/1232/1549 1654/1018/1302
f 1654/1018/1302 1655/1232/1549 1656/1020/1550
f 1655/1232/1549 1657/1233/1551 1656/1020/1550
f 1656/1020/1550 1657/1233/1551 1658/1022/1552
f 1657/1233/1551 1659/1234/1553 1658/1022/1552
f 1658/1022/1552 1659/1234/1553 1660/1024/1308
f 1659/1234/1553 1661/1235/1554 1660/1024/1308
f 1660/1024/1308 1661/1235/1554 1662/1026/1555
f 1662/1026/1555 1661/1235/1554 1663/1028/1312
f 1661/1235/1554 1664/1236/1556 1663/1028/1312
f 1663/1028/1312 1664/1236/1556 1665/1030/1557
f 1664/1236/1556 1666/1237/1558 1665/1030/1557
f 1665/1030/1557 1666/1237/1558 1667/1032/1316
f 1666/1237/1558 1668/1238/1559 1667/1032/1316
f 1668/1238/1559 1669/1239/1560 1667/1032/1316
f 1667/1032/1316 1669/1239/1560 1670/1035/1561
f 1669/1239/1560 1671/1240/1562 1670/1035/1561
f 1670/1035/1561 1671/1240/1562 1672/1037/1563
f 1672/1037/1563 1671/1240/1562 1673/1241/1564
f 1674/1041/1565 1676/1039/1566 1673/1241/1564
f 1675/1242/1567 1674/1041/1565 1673/1241/1564
f 1676/1039/1566 1672/1037/1563 1673/1241/1564
f 1677/1043/1327 1674/1041/1565 1675/1242/1567
f 1678/1243/1568 1677/1043/1327 1675/1242/1567
f 1679/1045/1448 1677/1043/1327 1678/1243/1568
f 1680/1244/1569 1679/1045/1448 1678/1243/1568
f 1681/1047/1267 1679/1045/1448 1680/1244/1569
f 1682/1245/1519 1681/1047/1267 1680/1244/1569
f 1684/981/1570 1683/920/1571 1685/979/1572
f 1685/979/1572 1683/920/1571 1686/977/1573
f 1683/920/1571 1687/921/1574 1686/977/1573
f 1686/977/1573 1687/921/1574 1688/975/1575
f 1687/921/1574 1689/923/1576 1688/975/1575
f 1688/975/1575 1689/923/1576 1690/973/1577
f 1689/923/1576 1691/925/1578 1690/973/1577
f 1690/973/1577 1691/925/1578 1692/971/1579
f 1691/925/1578 1693/927/1580 1692/971/1579
f 1692/971/1579 1693/927/1580 1694/969/1581
f 1693/927/1580 1695/929/1582 1694/969/1581
f 1694/969/1581 1695/929/1582 1696/967/1583
f 1695/929/1582 1697/931/1584 1696/967/1583
f 1696/967/1583 1697/931/1584 1698/966/1585
f 1697/931/1584 1699/933/1586 1698/966/1585
f 1698/966/1585 1699/933/1586 1700/964/1587
f 1699/933/1586 1701/936/1588 1700/964/1587
f 1700/964/1587 1701/936/1588 1702/962/1589
f 1701/936/1588 1703/938/1590 1702/962/1589
f 1702/962/1589 1703/938/1590 1704/960/1591
f 1703/938/1590 1705/940/1592 1704/960/1591
f 1704/960/1591 1705/940/1592 1706/958/1593
f 1705/940/1592 1707/942/1594 1706/958/1593
f 1706/958/1593 1707/942/1594 1708/956/1595
f 1707/942/1594 1709/944/1596 1708/956/1595
f 1708/956/1595 1709/944/1596 1710/954/1597
f 1709/944/1596 1711/946/1598 1710/954/1597
f 1710/954/1597 1711/946/1598 1712/952/1599
f 1712/952/1599 1711/946/1598 1713/948/1600
f 1714/950/1170 1712/952/1599 1713/948/1600
f 1716/1246/1601 1715/1247/1602 1717/1248/1603
f 1715/1247/1602 1718/1249/1604 1717/1248/1603
f 1717/1248/1603 1718/1249/1604 1719/1250/1605
f 1718/1249/1604 1720/1251/1606 1719/1250/1605
f 1719/1250/1605 1720/1251/1606 1721/1252/1607
f 1720/1251/1606 1722/1253/1608 1721/1252/1607
f 1721/1252/1607 1722/1253/1608 1723/1254/1609
f 1722/1253/1608 1724/1255/1610 1723/1254/1609
f 1723/1254/1609 1724/1255/1610 1725/1256/1611
f 1724/1255/1610 1726/1257/1612 1725/1256/1611
f 1725/1256/1611 1726/1257/1612 1727/1258/1613
f 1726/1257/1612 1728/1259/1614 1727/1258/1613
f 1727/1258/1613 1728/1259/1614 1729/1260/1615
f 1728/1259/1614 1730/1261/1616 1729/1260/1615
f 1729/1260/1615 1730/1261/1616 1731/1262/1617
f 1730/1261/1616 1732/1263/1618 1731/1262/1617
f 1731/1262/1617 1732/1263/1618 1733/1264/1619
f 1732/1263/1618 1734/1265/1620 1733/1264/1619
f 1733/1264/1619 1734/1265/1620 1735/1266/1621
f 1734/1265/1620 1736/1267/1622 1735/1266/1621
f 1735/1266/1621 1736/1267/1622 1737/1268/1623
f 1736/1267/1622 1738/1269/1624 1737/1268/1623
f 1737/1268/1623 1738/1269/1624 1739/1270/1625
f 1738/1269/1624 1740/1271/1626 1739/1270/1625
f 1739/1270/1625 1740/1271/1626 1741/1272/1627
f 1740/1271/1626 1742/1273/1628 1741/1272/1627
f 1741/1272/1627 1742/1273/1628 1743/1274/1629
f 1743/1274/1629 1742/1273/1628 1744/1275/1630
f 1745/1276/1631 1743/1274/1629 1744/1275/1630
f 1746/1277/1632 1745/1276/1631 1744/1275/1630
f 1748/1112/1633 1747/1114/1634 1749/1110/1635
f 1747/1114/1634 1750/1116/1334 1749/1110/1635
f 1749/1110/1635 1750/1116/1334 1751/1108/1636
f 1750/1116/1334 1752/1118/1637 1751/1108/1636
f 1751/1108/1636 1752/1118/1637 1753/1106/1324
f 1752/1118/1637 1754/1120/1638 1753/1106/1324
f 1754/1120/1638 1755/1123/1639 1753/1106/1324
f 1753/1106/1324 1755/1123/1639 1756/1104/1640
f 1755/1123/1639 1757/1125/1641 1756/1104/1640
f 1756/1104/1640 1757/1125/1641 1758/1102/1642
f 1757/1125/1641 1759/1127/1643 1758/1102/1642
f 1758/1102/1642 1759/1127/1643 1760/1099/1644
f 1759/1127/1643 1761/1129/1645 1760/1099/1644
f 1760/1099/1644 1761/1129/1645 1762/1100/1646
f 1762/1100/1646 1761/1129/1645 1763/1097/1647
f 1761/1129/1645 1764/1131/1648 1763/1097/1647
f 1763/1097/1647 1764/1131/1648 1765/1095/1649
f 1764/1131/1648 1766/1132/1350 1765/1095/1649
f 1765/1095/1649 1766/1132/1350 1767/1093/1650
f 1766/1132/1350 1768/1134/1651 1767/1093/1650
f 1767/1093/1650 1768/1134/1651 1769/1091/1652
f 1768/1134/1651 1770/1136/1653 1769/1091/1652
f 1769/1091/1652 1770/1136/1653 1771/1089/1654
f 1770/1136/1653 1772/1139/1655 1771/1089/1654
f 1771/1089/1654 1772/1139/1655 1773/1087/1656
f 1772/1139/1655 1774/1141/1657 1773/1087/1656
f 1773/1087/1656 1774/1141/1657 1775/1085/1658
f 1774/1141/1657 1776/1143/1659 1775/1085/1658
f 1775/1085/1658 1776/1143/1659 1777/1083/1301
f 1776/1143/1659 1778/1145/1363 1777/1083/1301
f 1778/1145/1363 1779/1147/1660 1777/1083/1301
f 1777/1083/1301 1779/1147/1660 1780/1081/1661
f 1779/1147/1660 1781/1149/1662 1780/1081/1661
f 1780/1081/1661 1781/1149/1662 1782/1079/1297
f 1781/1149/1662 1783/1151/1663 1782/1079/1297
f 1782/1079/1297 1783/1151/1663 1784/1077/1664
f 1783/1151/1663 1785/1154/1665 1784/1077/1664
f 1784/1077/1664 1785/1154/1665 1786/1075/1666
f 1786/1075/1666 1785/1154/1665 1787/1073/1667
f 1785/1154/1665 1788/1153/1668 1787/1073/1667
f 1787/1073/1667 1788/1153/1668 1789/1071/1669
f 1788/1153/1668 1790/1156/1670 1789/1071/1669
f 1789/1071/1669 1790/1156/1670 1791/1069/1671
f 1790/1156/1670 1792/1158/1672 1791/1069/1671
f 1791/1069/1671 1792/1158/1672 1793/1067/1673
f 1792/1158/1672 1794/1160/1674 1793/1067/1673
f 1793/1067/1673 1794/1160/1674 1795/1162/1675
f 1796/1064/1676 1793/1067/1673 1795/1162/1675
f 1797/1165/1677 1796/1064/1676 1795/1162/1675
f 1798/1062/1678 1796/1064/1676 1797/1165/1677
f 1799/1167/1679 1798/1062/1678 1797/1165/1677
f 1800/1060/1680 1798/1062/1678 1799/1167/1679
f 1801/1170/1681 1800/1060/1680 1799/1167/1679
f 1802/1058/1682 1800/1060/1680 1801/1170/1681
f 1803/1169/1683 1802/1058/1682 1801/1170/1681
f 1804/1056/1684 1802/1058/1682 1803/1169/1683
f 1805/1172/1685 1804/1056/1684 1803/1169/1683
f 1806/1054/1686 1804/1056/1684 1805/1172/1685
f 1807/1174/1392 1806/1054/1686 1805/1172/1685
f 1808/1052/1687 1806/1054/1686 1807/1174/1392
f 1809/1176/1394 1808/1052/1687 1807/1174/1392
f 1810/1048/1688 1812/1050/1689 1809/1176/1394
f 1811/1178/1690 1810/1048/1688 1809/1176/1394
f 1812/1050/1689 1808/1052/1687 1809/1176/1394
f 1814/1278/1691 1813/1245/1519 1815/1279/1692
f 1813/1245/1519 1816/1244/1693 1815/1279/1692
f 1815/1279/1692 1816/1244/1693 1817/1280/1694
f 1816/1244/1693 1818/1243/1568 1817/1280/1694
f 1817/1280/1694 1818/1243/1568 1819/1281/1695
f 1818/1243/1568 1820/1242/1567 1819/1281/1695
f 1820/1242/1567 1821/1241/1696 1819/1281/1695
f 1819/1281/1695 1821/1241/1696 1822/1282/1697
f 1821/1241/1696 1823/1240/1562 1822/1282/1697
f 1822/1282/1697 1823/1240/1562 1824/1283/1698
f 1823/1240/1562 1825/1239/1699 1824/1283/1698
f 1824/1283/1698 1825/1239/1699 1826/1284/1700
f 1825/1239/1699 1827/1238/1559 1826/1284/1700
f 1826/1284/1700 1827/1238/1559 1828/1285/1701
f 1828/1285/1701 1827/1238/1559 1829/1286/1702
f 1827/1238/1559 1830/1237/1558 1829/1286/1702
f 1829/1286/1702 1830/1237/1558 1831/1287/1703
f 1830/1237/1558 1832/1236/1704 1831/1287/1703
f 1831/1287/1703 1832/1236/1704 1833/1288/1705
f 1832/1236/1704 1834/1235/1554 1833/1288/1705
f 1833/1288/1705 1834/1235/1554 1835/1289/1706
f 1834/1235/1554 1836/1234/1553 1835/1289/1706
f 1836/1234/1553 1837/1233/1707 1835/1289/1706
f 1835/1289/1706 1837/1233/1707 1838/1290/1708
f 1837/1233/1707 1839/1232/1549 1838/1290/1708
f 1838/1290/1708 1839/1232/1549 1840/1291/1709
f 1839/1232/1549 1841/1231/1548 1840/1291/1709
f 1840/1291/1709 1841/1231/1548 1842/1292/1710
f 1841/1231/1548 1843/1230/1547 1842/1292/1710
f 1842/1292/1710 1843/1230/1547 1844/1293/1711
f 1843/1230/1547 1845/1229/1545 1844/1293/1711
f 1844/1293/1711 1845/1229/1545 1846/1294/1712
f 1845/1229/1545 1847/1228/1543 1846/1294/1712
f 1846/1294/1712 1847/1228/1543 1848/1295/1713
f 1847/1228/1543 1849/1227/1541 1848/1295/1713
f 1848/1295/1713 1849/1227/1541 1850/1296/1714
f 1850/1296/1714 1849/1227/1541 1851/1226/1715
f 1852/1297/1716 1854/1298/1717 1851/1226/1715
f 1853/1225/1538 1852/1297/1716 1851/1226/1715
f 1854/1298/1717 1850/1296/1714 1851/1226/1715
f 1855/1299/1718 1852/1297/1716 1853/1225/1538
f 1856/1224/1719 1855/1299/1718 1853/1225/1538
f 1857/1300/1720 1855/1299/1718 1856/1224/1719
f 1858/1223/1721 1857/1300/1720 1856/1224/1719
f 1859/1301/1722 1857/1300/1720 1858/1223/1721
f 1860/1222/1723 1859/1301/1722 1858/1223/1721
f 1861/1221/1724 1859/1301/1722 1860/1222/1723
f 1862/1302/1725 1859/1301/1722 1861/1221/1724
f 1863/1220/1529 1862/1302/1725 1861/1221/1724
f 1864/1303/1726 1862/1302/1725 1863/1220/1529
f 1865/1219/1528 1864/1303/1726 1863/1220/1529
f 1866/1304/1727 1864/1303/1726 1865/1219/1528
f 1867/1218/1525 1866/1304/1727 1865/1219/1528
f 1868/1305/1728 1870/1306/1729 1867/1218/1525
f 1869/1217/1524 1868/1305/1728 1867/1218/1525
f 1870/1306/1729 1866/1304/1727 1867/1218/1525
f 1871/1307/1730 1868/1305/1728 1869/1217/1524
f 1872/1216/1523 1871/1307/1730 1869/1217/1524
f 1873/1308/1731 1871/1307/1730 1872/1216/1523
f 1874/1215/1522 1873/1308/1731 1872/1216/1523
f 1875/1309/1732 1873/1308/1731 1874/1215/1522
f 1876/1214/1521 1875/1309/1732 1874/1215/1522
f 1877/1310/1733 1875/1309/1732 1876/1214/1521
f 1878/1213/1734 1877/1310/1733 1876/1214/1521
f 1880/1311/1735 1879/1312/1736 1881/1259/1614
f 1881/1259/1614 1879/1312/1736 1882/1261/1737
f 1882/1261/1737 1879/1312/1736 1883/1263/1738
f 1879/1312/1736 1884/1313/1739 1883/1263/1738
f 1883/1263/1738 1884/1313/1739 1885/1265/1740
f 1884/1313/1739 1886/1314/1741 1885/1265/1740
f 1885/1265/1740 1886/1314/1741 1887/1267/1742
f 1886/1314/1741 1888/1315/1743 1887/1267/1742
f 1888/1315/1743 1889/1316/1370 1887/1267/1742
f 1887/1267/1742 1889/1316/1370 1890/1269/1624
f 1889/1316/1370 1891/1317/1744 1890/1269/1624
f 1890/1269/1624 1891/1317/1744 1892/1271/1626
f 1891/1317/1744 1893/1318/1745 1892/1271/1626
f 1892/1271/1626 1893/1318/1745 1894/1273/1746
f 1893/1318/1745 1895/1319/1747 1894/1273/1746
f 1894/1273/1746 1895/1319/1747 1896/1275/1748
f 1895/1319/1747 1897/1320/1749 1896/1275/1748
f 1896/1275/1748 1897/1320/1749 1898/1277/1750
f 1898/1277/1750 1897/1320/1749 1899/1276/1751
f 1897/1320/1749 1900/1321/1752 1899/1276/1751
f 1899/1276/1751 1900/1321/1752 1901/1274/1753
f 1900/1321/1752 1902/1322/1754 1901/1274/1753
f 1901/1274/1753 1902/1322/1754 1903/1272/1755
f 1902/1322/1754 1904/1323/1756 1903/1272/1755
f 1903/1272/1755 1904/1323/1756 1905/1270/1625
f 1904/1323/1756 1906/1324/1757 1905/1270/1625
f 1906/1324/1757 1907/1325/1758 1905/1270/1625
f 1905/1270/1625 1907/1325/1758 1908/1268/1623
f 1907/1325/1758 1909/1326/1759 1908/1268/1623
f 1908/1268/1623 1909/1326/1759 1910/1266/1760
f 1909/1326/1759 1911/1327/1761 1910/1266/1760
f 1910/1266/1760 1911/1327/1761 1912/1264/1619
f 1911/1327/1761 1913/1328/1762 1912/1264/1619
f 1912/1264/1619 1913/1328/1762 1914/1262/1763
f 1914/1262/1763 1913/1328/1762 1915/1260/1615
f 1913/1328/1762 1916/1329/1764 1915/1260/1615
f 1915/1260/1615 1916/1329/1764 1917/1258/1765
f 1916/1329/1764 1918/1330/1766 1917/1258/1765
f 1917/1258/1765 1918/1330/1766 1919/1256/1611
f 1918/1330/1766 1920/1331/1767 1919/1256/1611
f 1919/1256/1611 1920/1331/1767 1921/1254/1768
f 1920/1331/1767 1922/1332/1769 1921/1254/1768
f 1922/1332/1769 1923/1333/1770 1921/1254/1768
f 1921/1254/1768 1923/1333/1770 1924/1252/1771
f 1923/1333/1770 1925/1334/1772 1924/1252/1771
f 1924/1252/1771 1925/1334/1772 1926/1250/1773
f 1925/1334/1772 1927/1335/1774 1926/1250/1773
f 1926/1250/1773 1927/1335/1774 1928/1248/1775
f 1927/1335/1774 1929/1336/1776 1928/1248/1775
f 1928/1248/1775 1929/1336/1776 1930/1246/1777
f 1930/1246/1777 1929/1336/1776 1931/1247/1778
f 1929/1336/1776 1932/1337/1779 1931/1247/1778
f 1931/1247/1778 1932/1337/1779 1933/1249/1780
f 1932/1337/1779 1934/1338/1781 1933/1249/1780
f 1933/1249/1780 1934/1338/1781 1935/1251/1782
f 1934/1338/1781 1936/1339/1783 1935/1251/1782
f 1935/1251/1782 1936/1339/1783 1937/1253/1784
f 1936/1339/1783 1938/1340/1785 1937/1253/1784
f 1937/1253/1784 1938/1340/1785 1939/1255/1610
f 1938/1340/1785 1940/1341/1786 1939/1255/1610
f 1940/1341/1786 1941/1342/1787 1939/1255/1610
f 1939/1255/1610 1941/1342/1787 1942/1257/1612
f 1941/1342/1787 1880/1311/1735 1942/1257/1612
f 1880/1311/1735 1881/1259/1614 1942/1257/1612
f 1943/1343/1788 1944/1344/1789 1975/1345/1790
f 1944/1344/1789 1943/1343/1788 1945/1346/1791
f 1945/1346/1791 1943/1343/1788 1946/1347/1792
f 1946/1347/1792 1943/1343/1788 1947/1348/1793
f 1947/1348/1793 1943/1343/1788 1948/1349/1794
f 1948/1349/1794 1943/1343/1788 1949/1350/1795
f 1949/1350/1795 1943/1343/1788 1950/1351/1796
f 1950/1351/1796 1943/1343/1788 1951/1352/1797
f 1951/1352/1797 1943/1343/1788 1952/1353/1798
f 1952/1353/1798 1943/1343/1788 1953/1354/1799
f 1953/1354/1799 1943/1343/1788 1954/1355/1800
f 1954/1355/1800 1943/1343/1788 1955/1356/1801
f 1955/1356/1801 1943/1343/1788 1956/1357/1802
f 1956/1357/1802 1943/1343/1788 1957/1358/1803
f 1957/1358/1803 1943/1343/1788 1958/1359/1804
f 1958/1359/1804 1943/1343/1788 1959/1360/1805
f 1959/1360/1805 1943/1343/1788 1960/1361/1806
f 1960/1361/1806 1943/1343/1788 1961/1362/1807
f 1961/1362/1807 1943/1343/1788 1962/1363/1808
f 1962/1363/1808 1943/1343/1788 1963/1364/1809
f 1963/1364/1809 1943/1343/1788 1964/1365/1810
f 1964/1365/1810 1943/1343/1788 1965/1366/1811
f 1965/1366/1811 1943/1343/1788 1966/1367/1812
f 1966/1367/1812 1943/1343/1788 1967/1368/1813
f 1967/1368/1813 1943/1343/1788 1968/1369/1814
f 1968/1369/1814 1943/1343/1788 1969/1370/1815
f 1969/1370/1815 1943/1343/1788 1970/1371/1816
f 1970/1371/1816 1943/1343/1788 1971/1372/1817
f 1971/1372/1817 1943/1343/1788 1972/1373/1818
f 1972/1373/1818 1943/1343/1788 1973/1374/1819
f 1973/1374/1819 1943/1343/1788 1974/1375/1820
f 1974/1375/1820 1943/1343/1788 1975/1345/1790
f 1974/1375/1820 1975/1345/1790 1977/1376/1821
f 1975/1345/1790 1944/1344/1789 1976/1377/1822
f 1975/1345/1790 1976/1377/1822 1977/1376/1821
f 1978/1378/1823 1974/1375/1820 1977/1376/1821
f 1978/1378/1823 1977/1376/1821 1980/1379/1824
f 1977/1376/1821 1976/1377/1822 1979/1380/1825
f 1977/1376/1821 1979/1380/1825 1980/1379/1824
f 1981/1381/1826 1978/1378/1823 1980/1379/1824
f 1981/1381/1826 1980/1379/1824 1983/1382/1827
f 1980/1379/1824 1979/1380/1825 1982/1383/1828
f 1980/1379/1824 1982/1383/1828 1983/1382/1827
f 1984/1384/1829 1981/1381/1826 1983/1382/1827
f 1985/1385/1830 1981/1381/1826 1984/1384/1829
f 1986/1386/1831 1985/1385/1830 1984/1384/1829
f 1987/1387/1832 1985/1385/1830 1986/1386/1831
f 1988/1388/1833 1987/1387/1832 1986/1386/1831
f 1989/1389/1834 1987/1387/1832 1988/1388/1833
f 1990/1390/1835 1989/1389/1834 1988/1388/1833
f 1991/1391/1836 1989/1389/1834 1990/1390/1835
f 1992/1392/1837 1991/1391/1836 1990/1390/1835
f 1993/1393/1838 1991/1391/1836 1992/1392/1837
f 1994/1394/1839 1993/1393/1838 1992/1392/1837
f 1995/1395/1840 1993/1393/1838 1994/1394/1839
f 1996/1396/1841 1995/1395/1840 1994/1394/1839
f 1997/1397/1842 1995/1395/1840 1996/1396/1841
f 1998/1398/1843 1997/1397/1842 1996/1396/1841
f 1999/1399/1844 1997/1397/1842 1998/1398/1843
f 2000/1400/1845 1999/1399/1844 1998/1398/1843
f 2001/1401/1846 1999/1399/1844 2000/1400/1845
f 2002/1402/1847 2001/1401/1846 2000/1400/1845
f 2003/1403/1848 2001/1401/1846 2002/1402/1847
f 2004/1404/1849 2001/1401/1846 2003/1403/1848
f 2005/1405/1850 2004/1404/1849 2003/1403/1848
f 2006/1406/1851 2004/1404/1849 2005/1405/1850
f 2007/1407/1852 2006/1406/1851 2005/1405/1850
f 2008/1408/1853 2006/1406/1851 2007/1407/1852
f 2009/1409/1854 2008/1408/1853 2007/1407/1852
f 2010/1410/1855 2008/1408/1853 2009/1409/1854
f 2011/1411/1856 2010/1410/1855 2009/1409/1854
f 2012/1412/1857 2010/1410/1855 2011/1411/1856
f 2013/1413/1858 2012/1412/1857 2011/1411/1856
f 2014/1414/1859 2012/1412/1857 2013/1413/1858
f 2015/1415/1860 2014/1414/1859 2013/1413/1858
f 2016/1416/1861 2014/1414/1859 2015/1415/1860
f 2017/1417/1862 2016/1416/1861 2015/1415/1860
f 2018/1418/1863 2016/1416/1861 2017/1417/1862
f 2019/1419/1864 2018/1418/1863 2017/1417/1862
f 2020/1420/1865 2018/1418/1863 2019/1419/1864
f 2021/1421/1866 2020/1420/1865 2019/1419/1864
f 2022/1422/1867 2020/1420/1865 2021/1421/1866
f 2023/1423/1868 2022/1422/1867 2021/1421/1866
f 2024/1424/1869 2022/1422/1867 2023/1423/1868
f 2025/1425/1870 2024/1424/1869 2023/1423/1868
f 2026/1426/1871 2024/1424/1869 2025/1425/1870
f 2027/1427/1872 2026/1426/1871 2025/1425/1870
f 2028/1428/1873 2030/1429/1874 2027/1427/1872
f 2029/1430/1875 2028/1428/1873 2027/1427/1872
f 2030/1429/1874 2026/1426/1871 2027/1427/1872
f 2031/1431/1876 2032/1432/1877 2030/1429/1874
f 2028/1428/1873 2031/1431/1876 2030/1429/1874
f 2032/1432/1877 2033/1433/1878 2030/1429/1874
f 2030/1429/1874 2033/1433/1878 2026/1426/1871
f 1953/1354/1799 1954/1355/1800 2033/1433/1878
f 2032/1432/1877 1953/1354/1799 2033/1433/1878
f 2033/1433/1878 1954/1355/1800 2034/1434/1879
f 2033/1433/1878 2034/1434/1879 2026/1426/1871
f 1954/1355/1800 1955/1356/1801 2034/1434/1879
f 2034/1434/1879 1955/1356/1801 2035/1435/1880
f 2034/1434/1879 2035/1435/1880 2024/1424/1869
f 2026/1426/1871 2034/1434/1879 2024/1424/1869
f 1955/1356/1801 1956/1357/1802 2035/1435/1880
f 2035/1435/1880 1956/1357/1802 2036/1436/1881
f 2035/1435/1880 2036/1436/1881 2022/1422/1867
f 2024/1424/1869 2035/1435/1880 2022/1422/1867
f 1956/1357/1802 1957/1358/1803 2036/1436/1881
f 2036/1436/1881 1957/1358/1803 2037/1437/1882
f 2036/1436/1881 2037/1437/1882 2020/1420/1865
f 2022/1422/1867 2036/1436/1881 2020/1420/1865
f 1957/1358/1803 1958/1359/1804 2037/1437/1882
f 2037/1437/1882 1958/1359/1804 2038/1438/1883
f 2037/1437/1882 2038/1438/1883 2018/1418/1863
f 2020/1420/1865 2037/1437/1882 2018/1418/1863
f 1958/1359/1804 1959/1360/1805 2038/1438/1883
f 2038/1438/1883 1959/1360/1805 2039/1439/1884
f 2038/1438/1883 2039/1439/1884 2016/1416/1861
f 2018/1418/1863 2038/1438/1883 2016/1416/1861
f 1959/1360/1805 1960/1361/1806 2039/1439/1884
f 2039/1439/1884 1960/1361/1806 2040/1440/1885
f 2039/1439/1884 2040/1440/1885 2014/1414/1859
f 2016/1416/1861 2039/1439/1884 2014/1414/1859
f 1960/1361/1806 1961/1362/1807 2040/1440/1885
f 2040/1440/1885 1961/1362/1807 2041/1441/1886
f 2040/1440/1885 2041/1441/1886 2012/1412/1857
f 2014/1414/1859 2040/1440/1885 2012/1412/1857
f 1961/1362/1807 1962/1363/1808 2041/1441/1886
f 2041/1441/1886 1962/1363/1808 2042/1442/1887
f 2041/1441/1886 2042/1442/1887 2010/1410/1855
f 2012/1412/1857 2041/1441/1886 2010/1410/1855
f 2042/1442/1887 1962/1363/1808 2043/1443/1888
f 2042/1442/1887 2043/1443/1888 2008/1408/1853
f 2010/1410/1855 2042/1442/1887 2008/1408/1853
f 1962/1363/1808 1963/1364/1809 2043/1443/1888
f 2043/1443/1888 1963/1364/1809 2044/1444/1889
f 2043/1443/1888 2044/1444/1889 2006/1406/1851
f 2008/1408/1853 2043/1443/1888 2006/1406/1851
f 1963/1364/1809 1964/1365/1810 2044/1444/1889
f 2044/1444/1889 1964/1365/1810 2045/1445/1890
f 2044/1444/1889 2045/1445/1890 2004/1404/1849
f 2006/1406/1851 2044/1444/1889 2004/1404/1849
f 1964/1365/1810 1965/1366/1811 2045/1445/1890
f 1965/1366/1811 1966/1367/1812 2045/1445/1890
f 2045/1445/1890 1966/1367/1812 2046/1446/1891
f 2045/1445/1890 2046/1446/1891 1999/1399/1844
f 2004/1404/1849 2045/1445/1890 2001/1401/1846
f 2001/1401/1846 2045/1445/1890 1999/1399/1844
f 1966/1367/1812 1967/1368/1813 2046/1446/1891
f 2046/1446/1891 1967/1368/1813 2047/1447/1892
f 2046/1446/1891 2047/1447/1892 1997/1397/1842
f 1999/1399/1844 2046/1446/1891 1997/1397/1842
f 1967/1368/1813 1968/1369/1814 2047/1447/1892
f 2047/1447/1892 1968/1369/1814 2048/1448/1893
f 2047/1447/1892 2048/1448/1893 1995/1395/1840
f 1997/1397/1842 2047/1447/1892 1995/1395/1840
f 2048/1448/1893 1968/1369/1814 2049/1449/1894
f 2048/1448/1893 2049/1449/1894 1993/1393/1838
f 1995/1395/1840 2048/1448/1893 1993/1393/1838
f 1968/1369/1814 1969/1370/1815 2049/1449/1894
f 2049/1449/1894 1969/1370/1815 2050/1450/1895
f 2049/1449/1894 2050/1450/1895 1991/1391/1836
f 1993/1393/1838 2049/1449/1894 1991/1391/1836
f 1969/1370/1815 1970/1371/1816 2050/1450/1895
f 2050/1450/1895 1970/1371/1816 2051/1451/1896
f 2050/1450/1895 2051/1451/1896 1989/1389/1834
f 1991/1391/1836 2050/1450/1895 1989/1389/1834
f 1970/1371/1816 1971/1372/1817 2051/1451/1896
f 2051/1451/1896 1971/1372/1817 2052/1452/1897
f 2051/1451/1896 2052/1452/1897 1987/1387/1832
f 1989/1389/1834 2051/1451/1896 1987/1387/1832
f 1971/1372/1817 1972/1373/1818 2052/1452/1897
f 2052/1452/1897 1972/1373/1818 2053/1453/1898
f 2052/1452/1897 2053/1453/1898 1985/1385/1830
f 1987/1387/1832 2052/1452/1897 1985/1385/1830
f 1972/1373/1818 1973/1374/1819 2053/1453/1898
f 2053/1453/1898 1973/1374/1819 1978/1378/1823
f 2053/1453/1898 1978/1378/1823 1981/1381/1826
f 1985/1385/1830 2053/1453/1898 1981/1381/1826
f 1952/1353/1798 1953/1354/1799 2032/1432/1877
f 2031/1431/1876 1952/1353/1798 2032/1432/1877
f 1951/1352/1797 1952/1353/1798 2031/1431/1876
f 2054/1454/1899 1951/1352/1797 2031/1431/1876
f 2054/1454/1899 2031/1431/1876 2028/1428/1873
f 1950/1351/1796 1951/1352/1797 2054/1454/1899
f 2055/1455/1900 1950/1351/1796 2054/1454/1899
f 2055/1455/1900 2054/1454/1899 2056/1456/1901
f 2056/1456/1901 2054/1454/1899 2028/1428/1873
f 2057/1457/1902 2055/1455/1900 2056/1456/1901
f 2057/1457/1902 2056/1456/1901 2058/1458/1903
f 2056/1456/1901 2028/1428/1873 2029/1430/1875
f 2058/1458/1903 2056/1456/1901 2029/1430/1875
f 2059/1459/1904 2057/1457/1902 2058/1458/1903
f 2060/1460/1905 2057/1457/1902 2059/1459/1904
f 2061/1461/1906 2060/1460/1905 2059/1459/1904
f 2062/1462/1907 2060/1460/1905 2061/1461/1906
f 2063/1463/1908 2062/1462/1907 2061/1461/1906
f 2064/1464/1909 2062/1462/1907 2063/1463/1908
f 2065/1465/1910 2062/1462/1907 2064/1464/1909
f 2066/1466/1911 2065/1465/1910 2064/1464/1909
f 2067/1467/1912 2065/1465/1910 2066/1466/1911
f 1982/1383/1828 2067/1467/1912 2066/1466/1911
f 1976/1377/1822 2068/1468/1913 2067/1467/1912
f 1979/1380/1825 1976/1377/1822 2067/1467/1912
f 1979/1380/1825 2067/1467/1912 1982/1383/1828
f 2067/1467/1912 2068/1468/1913 2065/1465/1910
f 1944/1344/1789 1945/1346/1791 2068/1468/1913
f 1976/1377/1822 1944/1344/1789 2068/1468/1913
f 2068/1468/1913 1945/1346/1791 2069/1469/1914
f 2068/1468/1913 2069/1469/1914 2065/1465/1910
f 1945/1346/1791 1946/1347/1792 2069/1469/1914
f 2069/1469/1914 1946/1347/1792 2070/1470/1915
f 2069/1469/1914 2070/1470/1915 2062/1462/1907
f 2065/1465/1910 2069/1469/1914 2062/1462/1907
f 1946/1347/1792 1947/1348/1793 2070/1470/1915
f 2070/1470/1915 1947/1348/1793 2071/1471/1916
f 2070/1470/1915 2071/1471/1916 2060/1460/1905
f 2062/1462/1907 2070/1470/1915 2060/1460/1905
f 1947/1348/1793 1948/1349/1794 2071/1471/1916
f 2071/1471/1916 1948/1349/1794 2055/1455/1900
f 2071/1471/1916 2055/1455/1900 2057/1457/1902
f 2060/1460/1905 2071/1471/1916 2057/1457/1902
f 1948/1349/1794 1949/1350/1795 2055/1455/1900
f 1949/1350/1795 1950/1351/1796 2055/1455/1900
f 1973/1374/1819 1974/1375/1820 1978/1378/1823
f 2072/1472/1917 2073/1473/1918 2078/1474/1919
f 2073/1473/1918 2072/1472/1917 2074/1475/1920
f 2074/1475/1920 2072/1472/1917 2075/1476/1921
f 2072/1472/1917 2076/1477/1922 2075/1476/1921
f 2076/1477/1922 2072/1472/1917 2077/1478/1923
f 2077/1478/1923 2072/1472/1917 2078/1474/1919
f 2077/1478/1923 2078/1474/1919 2080/1479/1924
f 2078/1474/1919 2073/1473/1918 2079/1480/1925
f 2078/1474/1919 2079/1480/1925 2081/1481/1926
f 2080/1479/1924 2078/1474/1919 2081/1481/1926
f 2080/1479/1924 2081/1481/1926 2083/1482/1927
f 2081/1481/1926 2079/1480/1925 2082/1483/1928
f 2081/1481/1926 2082/1483/1928 2084/1484/1929
f 2083/1482/1927 2081/1481/1926 2084/1484/1929
f 2083/1482/1927 2084/1484/1929 2086/1485/1930
f 2084/1484/1929 2082/1483/1928 2085/1486/1931
f 2084/1484/1929 2085/1486/1931 2087/1487/1932
f 2086/1485/1930 2084/1484/1929 2087/1487/1932
f 2087/1487/1932 2085/1486/1931 2088/1488/1933
f 2085/1486/1931 2089/1489/1934 2088/1488/1933
f 2088/1488/1933 2089/1489/1934 2090/1490/1935
f 2090/1490/1935 2089/1489/1934 2091/1491/1936
f 2089/1489/1934 2092/1492/1937 2091/1491/1936
f 2091/1491/1936 2092/1492/1937 2093/1493/1938
f 2093/1493/1938 2092/1492/1937 2094/1494/1939
f 2092/1492/1937 2095/1495/1940 2094/1494/1939
f 2094/1494/1939 2095/1495/1940 2096/1496/1941
f 2095/1495/1940 2097/1497/1942 2096/1496/1941
f 2096/1496/1941 2097/1497/1942 2098/1498/1943
f 2097/1497/1942 2099/1499/1944 2098/1498/1943
f 2098/1498/1943 2099/1499/1944 2100/1500/1945
f 2099/1499/1944 2101/1501/1946 2100/1500/1945
f 2101/1501/1946 2102/1502/1947 2100/1500/1945
f 2100/1500/1945 2102/1502/1947 2103/1503/1948
f 2102/1502/1947 2104/1504/1949 2103/1503/1948
f 2103/1503/1948 2104/1504/1949 2105/1505/1950
f 2105/1505/1950 2104/1504/1949 2107/1506/1951
f 2106/1507/1952 2105/1505/1950 2107/1506/1951
f 2107/1506/1951 2104/1504/1949 2108/1508/1953
f 2104/1504/1949 2109/1509/1954 2108/1508/1953
f 2108/1508/1953 2109/1509/1954 2110/1510/1955
f 2109/1509/1954 2111/1511/1956 2110/1510/1955
f 2110/1510/1955 2111/1511/1956 2112/1512/1957
f 2111/1511/1956 2113/1513/1958 2112/1512/1957
f 2112/1512/1957 2113/1513/1958 2114/1514/1959
f 2113/1513/1958 2115/1515/1960 2114/1514/1959
f 2114/1514/1959 2115/1515/1960 2116/1516/1961
f 2115/1515/1960 2117/1517/1962 2116/1516/1961
f 2116/1516/1961 2117/1517/1962 2118/1518/1843
f 2117/1517/1962 2119/1519/1963 2118/1518/1843
f 2118/1518/1843 2119/1519/1963 2120/1520/1964
f 2119/1519/1963 2121/1521/1965 2120/1520/1964
f 2120/1520/1964 2121/1521/1965 2122/1522/1966
f 2121/1521/1965 2123/1523/1967 2122/1522/1966
f 2123/1523/1967 2124/1524/1968 2122/1522/1966
f 2122/1522/1966 2124/1524/1968 2125/1525/1848
f 2124/1524/1968 2126/1526/1969 2125/1525/1848
f 2125/1525/1848 2126/1526/1969 2127/1527/1970
f 2126/1526/1969 2128/1528/1971 2127/1527/1970
f 2127/1527/1970 2128/1528/1971 2129/1529/1972
f 2128/1528/1971 2130/1530/1973 2129/1529/1972
f 2129/1529/1972 2130/1530/1973 2131/1531/1974
f 2130/1530/1973 2132/1532/1975 2131/1531/1974
f 2131/1531/1974 2132/1532/1975 2133/1533/1976
f 2132/1532/1975 2134/1534/1977 2133/1533/1976
f 2133/1533/1976 2134/1534/1977 2135/1535/1978
f 2134/1534/1977 2136/1536/1979 2135/1535/1978
f 2135/1535/1978 2136/1536/1979 2137/1537/1980
f 2136/1536/1979 2138/1538/1981 2137/1537/1980
f 2137/1537/1980 2138/1538/1981 2139/1539/1982
f 2138/1538/1981 2140/1540/1983 2139/1539/1982
f 2139/1539/1982 2140/1540/1983 2141/1541/1984
f 2140/1540/1983 2142/1542/1985 2141/1541/1984
f 2141/1541/1984 2142/1542/1985 2143/1543/1986
f 2142/1542/1985 2144/1544/1987 2143/1543/1986
f 2143/1543/1986 2144/1544/1987 2145/1545/1988
f 2144/1544/1987 2146/1546/1989 2145/1545/1988
f 2145/1545/1988 2146/1546/1989 2147/1547/1870
f 2146/1546/1989 2148/1548/1990 2147/1547/1870
f 2147/1547/1870 2148/1548/1990 2149/1549/1991
f 2149/1549/1991 2148/1548/1990 2150/1550/1992
f 2148/1548/1990 2151/1551/1993 2150/1550/1992
f 2150/1550/1992 2151/1551/1993 2152/1552/1994
f 2151/1551/1993 2153/1553/1995 2152/1552/1994
f 2152/1552/1994 2153/1553/1995 2154/1554/1996
f 2153/1553/1995 2155/1555/1997 2154/1554/1996
f 2154/1554/1996 2155/1555/1997 2156/1556/1998
f 2155/1555/1997 2157/1557/1999 2156/1556/1998
f 2157/1557/1999 2158/1558/2000 2156/1556/1998
f 2156/1556/1998 2158/1558/2000 2159/1559/2001
f 2158/1558/2000 2160/1560/2002 2159/1559/2001
f 2159/1559/2001 2160/1560/2002 2161/1561/2003
f 2161/1561/2003 2160/1560/2002 2163/1562/2004
f 2162/1563/2005 2161/1561/2003 2163/1562/2004
f 2164/1564/2006 2162/1563/2005 2163/1562/2004
f 2164/1564/2006 2163/1562/2004 2166/1565/2007
f 2163/1562/2004 2160/1560/2002 2165/1566/2008
f 2163/1562/2004 2165/1566/2008 2166/1565/2007
f 2167/1567/2009 2164/1564/2006 2166/1565/2007
f 2168/1568/2010 2167/1567/2009 2166/1565/2007
f 2168/1568/2010 2166/1565/2007 2169/1569/2011
f 2165/1566/2008 2169/1569/2011 2166/1565/2007
f 2170/1570/2012 2171/1571/2013 2169/1569/2011
f 2165/1566/2008 2170/1570/2012 2169/1569/2011
f 2171/1571/2013 2172/1572/2014 2169/1569/2011
f 2172/1572/2014 2173/1573/2015 2169/1569/2011
f 2173/1573/2015 2174/1574/2016 2169/1569/2011
f 2169/1569/2011 2174/1574/2016 2168/1568/2010
f 2174/1574/2016 2175/1575/2017 2168/1568/2010
f 2175/1575/2017 2174/1574/2016 2176/1576/2018
f 2176/1576/2018 2174/1574/2016 2177/1577/2019
f 2174/1574/2016 2173/1573/2015 2177/1577/2019
f 2177/1577/2019 2173/1573/2015 2178/1578/2020
f 2173/1573/2015 2179/1579/2021 2178/1578/2020
f 2178/1578/2020 2179/1579/2021 2180/1580/2022
f 2179/1579/2021 2181/1581/2023 2180/1580/2022
f 2180/1580/2022 2181/1581/2023 2182/1582/2024
f 2181/1581/2023 2183/1583/2025 2182/1582/2024
f 2183/1583/2025 2184/1584/2026 2182/1582/2024
f 2182/1582/2024 2184/1584/2026 2185/1585/2027
f 2185/1585/2027 2184/1584/2026 2187/1586/2028
f 2186/1587/2029 2185/1585/2027 2187/1586/2028
f 2187/1586/2028 2184/1584/2026 2188/1588/2030
f 2184/1584/2026 2189/1589/2031 2188/1588/2030
f 2188/1588/2030 2189/1589/2031 2190/1590/2032
f 2189/1589/2031 2191/1591/2033 2190/1590/2032
f 2190/1590/2032 2191/1591/2033 2192/1592/2034
f 2191/1591/2033 2193/1593/2035 2192/1592/2034
f 2192/1592/2034 2193/1593/2035 2194/1594/2036
f 2193/1593/2035 2195/1595/2037 2194/1594/2036
f 2194/1594/2036 2195/1595/2037 2196/1596/2038
f 2195/1595/2037 2197/1597/2039 2196/1596/2038
f 2196/1596/2038 2197/1597/2039 2198/1598/2040
f 2197/1597/2039 2199/1599/2041 2198/1598/2040
f 2199/1599/2041 2200/1600/2042 2198/1598/2040
f 2198/1598/2040 2200/1600/2042 2201/1601/2043
f 2200/1600/2042 2202/1602/2044 2201/1601/2043
f 2201/1601/2043 2202/1602/2044 2203/1603/2045
f 2202/1602/2044 2204/1604/2046 2203/1603/2045
f 2203/1603/2045 2204/1604/2046 2205/1605/2047
f 2204/1604/2046 2206/1606/2048 2205/1605/2047
f 2205/1605/2047 2206/1606/2048 2207/1607/2049
f 2206/1606/2048 2208/1608/2050 2207/1607/2049
f 2207/1607/2049 2208/1608/2050 2209/1609/2051
f 2208/1608/2050 2210/1610/2052 2209/1609/2051
f 2209/1609/2051 2210/1610/2052 2211/1611/2053
f 2210/1610/2052 2212/1612/2054 2211/1611/2053
f 2211/1611/2053 2212/1612/2054 2213/1613/2055
f 2212/1612/2054 2214/1614/2056 2213/1613/2055
f 2213/1613/2055 2214/1614/2056 2215/1615/2057
f 2214/1614/2056 2216/1616/2058 2215/1615/2057
f 2215/1615/2057 2216/1616/2058 2217/1617/2059
f 2216/1616/2058 2218/1618/2060 2217/1617/2059
f 2217/1617/2059 2218/1618/2060 2219/1619/2061
f 2218/1618/2060 2220/1620/2062 2219/1619/2061
f 2219/1619/2061 2220/1620/2062 2221/1621/2063
f 2221/1621/2063 2220/1620/2062 2222/1622/2064
f 2220/1620/2062 2223/1623/2065 2222/1622/2064
f 2222/1622/2064 2223/1623/2065 2224/1624/2066
f 2223/1623/2065 2225/1625/2067 2224/1624/2066
f 2224/1624/2066 2225/1625/2067 2226/1626/2068
f 2225/1625/2067 2227/1627/2069 2226/1626/2068
f 2227/1627/2069 2228/1628/2070 2226/1626/2068
f 2226/1626/2068 2228/1628/2070 2229/1629/2071
f 2228/1628/2070 2230/1630/2072 2229/1629/2071
f 2229/1629/2071 2230/1630/2072 2231/1631/2073
f 2230/1630/2072 2232/1632/2074 2231/1631/2073
f 2231/1631/2073 2232/1632/2074 2233/1633/2075
f 2232/1632/2074 2234/1634/2076 2233/1633/2075
f 2233/1633/2075 2234/1634/2076 2235/1635/2077
f 2234/1634/2076 2236/1636/2078 2235/1635/2077
f 2235/1635/2077 2236/1636/2078 2237/1637/2079
f 2237/1637/2079 2236/1636/2078 2238/1638/2080
f 2236/1636/2078 2239/1639/2081 2238/1638/2080
f 2238/1638/2080 2239/1639/2081 2240/1640/2082
f 2239/1639/2081 2083/1482/1927 2240/1640/2082
f 2240/1640/2082 2083/1482/1927 2086/1485/1930
f 2241/1641/2083 2080/1479/1924 2239/1639/2081
f 2236/1636/2078 2241/1641/2083 2239/1639/2081
f 2239/1639/2081 2080/1479/1924 2083/1482/1927
f 2241/1641/2083 2077/1478/1923 2080/1479/1924
f 2242/1642/2084 2077/1478/1923 2241/1641/2083
f 2242/1642/2084 2241/1641/2083 2234/1634/2076
f 2234/1634/2076 2241/1641/2083 2236/1636/2078
f 2243/1643/2085 2077/1478/1923 2242/1642/2084
f 2244/1644/2086 2243/1643/2085 2242/1642/2084
f 2244/1644/2086 2242/1642/2084 2232/1632/2074
f 2232/1632/2074 2242/1642/2084 2234/1634/2076
f 2245/1645/2087 2243/1643/2085 2244/1644/2086
f 2246/1646/2088 2245/1645/2087 2244/1644/2086
f 2246/1646/2088 2244/1644/2086 2230/1630/2072
f 2230/1630/2072 2244/1644/2086 2232/1632/2074
f 2247/1647/2089 2245/1645/2087 2246/1646/2088
f 2248/1648/2090 2247/1647/2089 2246/1646/2088
f 2248/1648/2090 2246/1646/2088 2228/1628/2070
f 2228/1628/2070 2246/1646/2088 2230/1630/2072
f 2249/1649/1756 2251/1650/2091 2248/1648/2090
f 2250/1651/2092 2249/1649/1756 2248/1648/2090
f 2250/1651/2092 2248/1648/2090 2228/1628/2070
f 2251/1650/2091 2247/1647/2089 2248/1648/2090
f 2252/1652/2093 2253/1653/2094 2251/1650/2091
f 2249/1649/1756 2252/1652/2093 2251/1650/2091
f 2251/1650/2091 2253/1653/2094 2247/1647/2089
f 2253/1653/2094 2254/1654/2095 2247/1647/2089
f 2254/1654/2095 2253/1653/2094 2255/1655/2096
f 2253/1653/2094 2252/1652/2093 2255/1655/2096
f 2256/1656/2097 2254/1654/2095 2255/1655/2096
f 2256/1656/2097 2255/1655/2096 2258/1657/2098
f 2255/1655/2096 2252/1652/2093 2257/1658/2099
f 2255/1655/2096 2257/1658/2099 2258/1657/2098
f 2259/1659/2100 2256/1656/2097 2258/1657/2098
f 2259/1659/2100 2258/1657/2098 2261/1660/2101
f 2258/1657/2098 2257/1658/2099 2260/1661/2102
f 2258/1657/2098 2260/1661/2102 2261/1660/2101
f 2262/1662/2103 2259/1659/2100 2261/1660/2101
f 2262/1662/2103 2261/1660/2101 2123/1523/1967
f 2261/1660/2101 2260/1661/2102 2263/1663/2104
f 2261/1660/2101 2263/1663/2104 2124/1524/1968
f 2123/1523/1967 2261/1660/2101 2124/1524/1968
f 2260/1661/2102 2264/1664/2105 2263/1663/2104
f 2263/1663/2104 2264/1664/2105 2265/1665/2106
f 2263/1663/2104 2265/1665/2106 2126/1526/1969
f 2124/1524/1968 2263/1663/2104 2126/1526/1969
f 2264/1664/2105 2266/1666/2107 2265/1665/2106
f 2265/1665/2106 2266/1666/2107 2267/1667/2108
f 2265/1665/2106 2267/1667/2108 2128/1528/1971
f 2126/1526/1969 2265/1665/2106 2128/1528/1971
f 2266/1666/2107 2268/1668/2109 2267/1667/2108
f 2267/1667/2108 2268/1668/2109 2269/1669/2110
f 2267/1667/2108 2269/1669/2110 2130/1530/1973
f 2128/1528/1971 2267/1667/2108 2130/1530/1973
f 2269/1669/2110 2268/1668/2109 2270/1670/2111
f 2269/1669/2110 2270/1670/2111 2134/1534/1977
f 2130/1530/1973 2269/1669/2110 2132/1532/1975
f 2132/1532/1975 2269/1669/2110 2134/1534/1977
f 2268/1668/2109 2271/1671/2112 2270/1670/2111
f 2270/1670/2111 2271/1671/2112 2272/1672/2113
f 2270/1670/2111 2272/1672/2113 2136/1536/1979
f 2134/1534/1977 2270/1670/2111 2136/1536/1979
f 2271/1671/2112 2273/1673/2114 2272/1672/2113
f 2272/1672/2113 2273/1673/2114 2274/1674/2115
f 2272/1672/2113 2274/1674/2115 2138/1538/1981
f 2136/1536/1979 2272/1672/2113 2138/1538/1981
f 2273/1673/2114 2275/1675/2116 2274/1674/2115
f 2274/1674/2115 2275/1675/2116 2276/1676/2117
f 2274/1674/2115 2276/1676/2117 2138/1538/1981
f 2275/1675/2116 2277/1677/2118 2276/1676/2117
f 2276/1676/2117 2277/1677/2118 2278/1678/2119
f 2276/1676/2117 2278/1678/2119 2140/1540/1983
f 2138/1538/1981 2276/1676/2117 2140/1540/1983
f 2277/1677/2118 2279/1679/2120 2278/1678/2119
f 2278/1678/2119 2279/1679/2120 2280/1680/2121
f 2278/1678/2119 2280/1680/2121 2142/1542/1985
f 2140/1540/1983 2278/1678/2119 2142/1542/1985
f 2279/1679/2120 2281/1681/2122 2280/1680/2121
f 2280/1680/2121 2281/1681/2122 2282/1682/2123
f 2280/1680/2121 2282/1682/2123 2144/1544/1987
f 2142/1542/1985 2280/1680/2121 2144/1544/1987
f 2281/1681/2122 2283/1683/2124 2282/1682/2123
f 2282/1682/2123 2283/1683/2124 2284/1684/2125
f 2282/1682/2123 2284/1684/2125 2146/1546/1989
f 2144/1544/1987 2282/1682/2123 2146/1546/1989
f 2283/1683/2124 2285/1685/2126 2284/1684/2125
f 2285/1685/2126 2286/1686/2127 2284/1684/2125
f 2284/1684/2125 2286/1686/2127 2287/1687/2128
f 2284/1684/2125 2287/1687/2128 2151/1551/1993
f 2146/1546/1989 2284/1684/2125 2148/1548/1990
f 2148/1548/1990 2284/1684/2125 2151/1551/1993
f 2286/1686/2127 2288/1688/2129 2287/1687/2128
f 2287/1687/2128 2288/1688/2129 2289/1689/2130
f 2287/1687/2128 2289/1689/2130 2153/1553/1995
f 2151/1551/1993 2287/1687/2128 2153/1553/1995
f 2288/1688/2129 2290/1690/2131 2289/1689/2130
f 2289/1689/2130 2290/1690/2131 2291/1691/2132
f 2289/1689/2130 2291/1691/2132 2155/1555/1997
f 2153/1553/1995 2289/1689/2130 2155/1555/1997
f 2290/1690/2131 2292/1692/2133 2291/1691/2132
f 2291/1691/2132 2292/1692/2133 2293/1693/2134
f 2291/1691/2132 2293/1693/2134 2157/1557/1999
f 2155/1555/1997 2291/1691/2132 2157/1557/1999
f 2292/1692/2133 2294/1694/2135 2293/1693/2134
f 2293/1693/2134 2294/1694/2135 2295/1695/2136
f 2293/1693/2134 2295/1695/2136 2157/1557/1999
f 2295/1695/2136 2294/1694/2135 2296/1696/2137
f 2295/1695/2136 2296/1696/2137 2297/1697/2138
f 2157/1557/1999 2295/1695/2136 2158/1558/2000
f 2158/1558/2000 2295/1695/2136 2297/1697/2138
f 2160/1560/2002 2158/1558/2000 2297/1697/2138
f 2160/1560/2002 2297/1697/2138 2165/1566/2008
f 2297/1697/2138 2296/1696/2137 2170/1570/2012
f 2297/1697/2138 2170/1570/2012 2165/1566/2008
f 2294/1694/2135 2298/1698/2139 2296/1696/2137
f 2296/1696/2137 2298/1698/2139 2299/1699/2140
f 2296/1696/2137 2299/1699/2140 2170/1570/2012
f 2298/1698/2139 2300/1700/2141 2299/1699/2140
f 2299/1699/2140 2300/1700/2141 2301/1701/2142
f 2299/1699/2140 2301/1701/2142 2171/1571/2013
f 2170/1570/2012 2299/1699/2140 2171/1571/2013
f 2300/1700/2141 2302/1702/2143 2301/1701/2142
f 2302/1702/2143 2303/1703/2144 2301/1701/2142
f 2301/1701/2142 2303/1703/2144 2304/1704/2145
f 2301/1701/2142 2304/1704/2145 2171/1571/2013
f 2303/1703/2144 2305/1705/2146 2304/1704/2145
f 2304/1704/2145 2305/1705/2146 2306/1706/2147
f 2304/1704/2145 2306/1706/2147 2172/1572/2014
f 2171/1571/2013 2304/1704/2145 2172/1572/2014
f 2305/1705/2146 2307/1707/2148 2306/1706/2147
f 2306/1706/2147 2307/1707/2148 2181/1581/2023
f 2306/1706/2147 2179/1579/2021 2172/1572/2014
f 2179/1579/2021 2306/1706/2147 2181/1581/2023
f 2307/1707/2148 2308/1708/2149 2183/1583/2025
f 2308/1708/2149 2307/1707/2148 2309/1709/2150
f 2307/1707/2148 2305/1705/2146 2309/1709/2150
f 2181/1581/2023 2307/1707/2148 2183/1583/2025
f 2308/1708/2149 2309/1709/2150 2191/1591/2033
f 2309/1709/2150 2305/1705/2146 2310/1710/2151
f 2309/1709/2150 2310/1710/2151 2193/1593/2035
f 2191/1591/2033 2309/1709/2150 2193/1593/2035
f 2305/1705/2146 2303/1703/2144 2310/1710/2151
f 2310/1710/2151 2303/1703/2144 2311/1711/2152
f 2310/1710/2151 2311/1711/2152 2195/1595/2037
f 2193/1593/2035 2310/1710/2151 2195/1595/2037
f 2303/1703/2144 2302/1702/2143 2311/1711/2152
f 2311/1711/2152 2302/1702/2143 2312/1712/2153
f 2311/1711/2152 2312/1712/2153 2197/1597/2039
f 2195/1595/2037 2311/1711/2152 2197/1597/2039
f 2302/1702/2143 2313/1713/2154 2312/1712/2153
f 2312/1712/2153 2313/1713/2154 2314/1714/2155
f 2312/1712/2153 2314/1714/2155 2199/1599/2041
f 2197/1597/2039 2312/1712/2153 2199/1599/2041
f 2313/1713/2154 2315/1715/2156 2314/1714/2155
f 2315/1715/2156 2316/1716/2157 2314/1714/2155
f 2314/1714/2155 2316/1716/2157 2317/1717/2158
f 2314/1714/2155 2317/1717/2158 2199/1599/2041
f 2316/1716/2157 2318/1718/2159 2317/1717/2158
f 2317/1717/2158 2318/1718/2159 2319/1719/2160
f 2317/1717/2158 2319/1719/2160 2200/1600/2042
f 2199/1599/2041 2317/1717/2158 2200/1600/2042
f 2318/1718/2159 2320/1720/2161 2319/1719/2160
f 2319/1719/2160 2320/1720/2161 2321/1721/2162
f 2319/1719/2160 2321/1721/2162 2202/1602/2044
f 2200/1600/2042 2319/1719/2160 2202/1602/2044
f 2320/1720/2161 2322/1722/2163 2321/1721/2162
f 2321/1721/2162 2322/1722/2163 2323/1723/2164
f 2321/1721/2162 2323/1723/2164 2204/1604/2046
f 2202/1602/2044 2321/1721/2162 2204/1604/2046
f 2323/1723/2164 2322/1722/2163 2324/1724/2165
f 2323/1723/2164 2324/1724/2165 2206/1606/2048
f 2204/1604/2046 2323/1723/2164 2206/1606/2048
f 2322/1722/2163 2325/1725/2166 2324/1724/2165
f 2325/1725/2166 2326/1726/2167 2324/1724/2165
f 2324/1724/2165 2326/1726/2167 2327/1727/2168
f 2324/1724/2165 2327/1727/2168 2208/1608/2050
f 2206/1606/2048 2324/1724/2165 2208/1608/2050
f 2326/1726/2167 2328/1728/2169 2327/1727/2168
f 2327/1727/2168 2328/1728/2169 2329/1729/2170
f 2327/1727/2168 2329/1729/2170 2210/1610/2052
f 2208/1608/2050 2327/1727/2168 2210/1610/2052
f 2328/1728/2169 2330/1730/2171 2329/1729/2170
f 2329/1729/2170 2330/1730/2171 2331/1731/2172
f 2329/1729/2170 2331/1731/2172 2212/1612/2054
f 2210/1610/2052 2329/1729/2170 2212/1612/2054
f 2330/1730/2171 2332/1732/2173 2331/1731/2172
f 2331/1731/2172 2332/1732/2173 2333/1733/2174
f 2331/1731/2172 2333/1733/2174 2214/1614/2056
f 2212/1612/2054 2331/1731/2172 2214/1614/2056
f 2332/1732/2173 2334/1734/2175 2333/1733/2174
f 2333/1733/2174 2334/1734/2175 2335/1735/2176
f 2333/1733/2174 2335/1735/2176 2216/1616/2058
f 2214/1614/2056 2333/1733/2174 2216/1616/2058
f 2334/1734/2175 2336/1736/2177 2335/1735/2176
f 2335/1735/2176 2336/1736/2177 2337/1737/2178
f 2335/1735/2176 2337/1737/2178 2218/1618/2060
f 2216/1616/2058 2335/1735/2176 2218/1618/2060
f 2337/1737/2178 2336/1736/2177 2338/1738/2179
f 2337/1737/2178 2338/1738/2179 2223/1623/2065
f 2218/1618/2060 2337/1737/2178 2220/1620/2062
f 2220/1620/2062 2337/1737/2178 2223/1623/2065
f 2336/1736/2177 2339/1739/2180 2338/1738/2179
f 2338/1738/2179 2339/1739/2180 2340/1740/2181
f 2338/1738/2179 2340/1740/2181 2225/1625/2067
f 2223/1623/2065 2338/1738/2179 2225/1625/2067
f 2339/1739/2180 2341/1741/2182 2340/1740/2181
f 2340/1740/2181 2341/1741/2182 2250/1651/2092
f 2340/1740/2181 2250/1651/2092 2227/1627/2069
f 2225/1625/2067 2340/1740/2181 2227/1627/2069
f 2342/1742/2183 2343/1743/2184 2341/1741/2182
f 2339/1739/2180 2342/1742/2183 2341/1741/2182
f 2341/1741/2182 2343/1743/2184 2249/1649/1756
f 2341/1741/2182 2249/1649/1756 2250/1651/2092
f 2343/1743/2184 2252/1652/2093 2249/1649/1756
f 2252/1652/2093 2343/1743/2184 2257/1658/2099
f 2257/1658/2099 2343/1743/2184 2344/1744/2185
f 2343/1743/2184 2342/1742/2183 2344/1744/2185
f 2257/1658/2099 2344/1744/2185 2260/1661/2102
f 2344/1744/2185 2342/1742/2183 2345/1745/2186
f 2344/1744/2185 2345/1745/2186 2264/1664/2105
f 2260/1661/2102 2344/1744/2185 2264/1664/2105
f 2342/1742/2183 2346/1746/2187 2345/1745/2186
f 2345/1745/2186 2346/1746/2187 2347/1747/2188
f 2345/1745/2186 2347/1747/2188 2266/1666/2107
f 2264/1664/2105 2345/1745/2186 2266/1666/2107
f 2347/1747/2188 2346/1746/2187 2348/1748/2189
f 2347/1747/2188 2348/1748/2189 2271/1671/2112
f 2266/1666/2107 2347/1747/2188 2268/1668/2109
f 2268/1668/2109 2347/1747/2188 2271/1671/2112
f 2346/1746/2187 2349/1749/2190 2348/1748/2189
f 2348/1748/2189 2349/1749/2190 2350/1750/2191
f 2348/1748/2189 2350/1750/2191 2273/1673/2114
f 2271/1671/2112 2348/1748/2189 2273/1673/2114
f 2349/1749/2190 2351/1751/2192 2350/1750/2191
f 2350/1750/2191 2351/1751/2192 2352/1752/2193
f 2350/1750/2191 2352/1752/2193 2275/1675/2116
f 2273/1673/2114 2350/1750/2191 2275/1675/2116
f 2351/1751/2192 2353/1753/2194 2352/1752/2193
f 2352/1752/2193 2353/1753/2194 2354/1754/2195
f 2352/1752/2193 2354/1754/2195 2277/1677/2118
f 2275/1675/2116 2352/1752/2193 2277/1677/2118
f 2353/1753/2194 2355/1755/2196 2354/1754/2195
f 2354/1754/2195 2355/1755/2196 2356/1756/2197
f 2354/1754/2195 2356/1756/2197 2279/1679/2120
f 2277/1677/2118 2354/1754/2195 2279/1679/2120
f 2355/1755/2196 2357/1757/2198 2356/1756/2197
f 2356/1756/2197 2357/1757/2198 2358/1758/2199
f 2356/1756/2197 2358/1758/2199 2281/1681/2122
f 2279/1679/2120 2356/1756/2197 2281/1681/2122
f 2357/1757/2198 2359/1759/2200 2358/1758/2199
f 2358/1758/2199 2359/1759/2200 2360/1760/2201
f 2358/1758/2199 2360/1760/2201 2283/1683/2124
f 2281/1681/2122 2358/1758/2199 2283/1683/2124
f 2359/1759/2200 2361/1761/2202 2360/1760/2201
f 2360/1760/2201 2361/1761/2202 2362/1762/2203
f 2360/1760/2201 2362/1762/2203 2285/1685/2126
f 2283/1683/2124 2360/1760/2201 2285/1685/2126
f 2361/1761/2202 2363/1763/2204 2362/1762/2203
f 2363/1763/2204 2364/1764/2205 2362/1762/2203
f 2362/1762/2203 2364/1764/2205 2365/1765/2206
f 2362/1762/2203 2365/1765/2206 2285/1685/2126
f 2364/1764/2205 2366/1766/2207 2365/1765/2206
f 2365/1765/2206 2366/1766/2207 2367/1767/2208
f 2365/1765/2206 2367/1767/2208 2286/1686/2127
f 2285/1685/2126 2365/1765/2206 2286/1686/2127
f 2366/1766/2207 2368/1768/2209 2367/1767/2208
f 2367/1767/2208 2368/1768/2209 2369/1769/2210
f 2367/1767/2208 2369/1769/2210 2288/1688/2129
f 2286/1686/2127 2367/1767/2208 2288/1688/2129
f 2369/1769/2210 2368/1768/2209 2371/1770/2211
f 2369/1769/2210 2370/1771/2212 2290/1690/2131
f 2370/1771/2212 2369/1769/2210 2371/1770/2211
f 2288/1688/2129 2369/1769/2210 2290/1690/2131
f 2370/1771/2212 2371/1770/2211 2298/1698/2139
f 2371/1770/2211 2368/1768/2209 2313/1713/2154
f 2371/1770/2211 2313/1713/2154 2300/1700/2141
f 2298/1698/2139 2371/1770/2211 2300/1700/2141
f 2290/1690/2131 2370/1771/2212 2292/1692/2133
f 2292/1692/2133 2370/1771/2212 2294/1694/2135
f 2294/1694/2135 2370/1771/2212 2298/1698/2139
f 2368/1768/2209 2366/1766/2207 2315/1715/2156
f 2313/1713/2154 2368/1768/2209 2315/1715/2156
f 2366/1766/2207 2364/1764/2205 2316/1716/2157
f 2315/1715/2156 2366/1766/2207 2316/1716/2157
f 2364/1764/2205 2363/1763/2204 2318/1718/2159
f 2316/1716/2157 2364/1764/2205 2318/1718/2159
f 2363/1763/2204 2361/1761/2202 2322/1722/2163
f 2318/1718/2159 2363/1763/2204 2320/1720/2161
f 2320/1720/2161 2363/1763/2204 2322/1722/2163
f 2361/1761/2202 2359/1759/2200 2325/1725/2166
f 2322/1722/2163 2361/1761/2202 2325/1725/2166
f 2359/1759/2200 2357/1757/2198 2326/1726/2167
f 2325/1725/2166 2359/1759/2200 2326/1726/2167
f 2357/1757/2198 2355/1755/2196 2326/1726/2167
f 2355/1755/2196 2353/1753/2194 2328/1728/2169
f 2326/1726/2167 2355/1755/2196 2328/1728/2169
f 2353/1753/2194 2351/1751/2192 2330/1730/2171
f 2328/1728/2169 2353/1753/2194 2330/1730/2171
f 2351/1751/2192 2349/1749/2190 2332/1732/2173
f 2330/1730/2171 2351/1751/2192 2332/1732/2173
f 2349/1749/2190 2346/1746/2187 2334/1734/2175
f 2332/1732/2173 2349/1749/2190 2334/1734/2175
f 2346/1746/2187 2342/1742/2183 2339/1739/2180
f 2334/1734/2175 2346/1746/2187 2336/1736/2177
f 2336/1736/2177 2346/1746/2187 2339/1739/2180
f 2300/1700/2141 2313/1713/2154 2302/1702/2143
f 2183/1583/2025 2308/1708/2149 2189/1589/2031
f 2189/1589/2031 2308/1708/2149 2191/1591/2033
f 2372/1772/2213 2259/1659/2100 2262/1662/2103
f 2373/1773/2214 2372/1772/2213 2262/1662/2103
f 2373/1773/2214 2262/1662/2103 2123/1523/1967
f 2374/1774/2215 2372/1772/2213 2373/1773/2214
f 2375/1775/2216 2374/1774/2215 2373/1773/2214
f 2375/1775/2216 2373/1773/2214 2121/1521/1965
f 2121/1521/1965 2373/1773/2214 2123/1523/1967
f 2376/1776/2217 2374/1774/2215 2375/1775/2216
f 2377/1777/2218 2376/1776/2217 2375/1775/2216
f 2377/1777/2218 2375/1775/2216 2119/1519/1963
f 2119/1519/1963 2375/1775/2216 2121/1521/1965
f 2378/1778/2219 2376/1776/2217 2377/1777/2218
f 2378/1778/2219 2377/1777/2218 2117/1517/1962
f 2117/1517/1962 2377/1777/2218 2119/1519/1963
f 2379/1779/2220 2376/1776/2217 2378/1778/2219
f 2380/1780/2221 2379/1779/2220 2378/1778/2219
f 2380/1780/2221 2378/1778/2219 2113/1513/1958
f 2113/1513/1958 2378/1778/2219 2115/1515/1960
f 2115/1515/1960 2378/1778/2219 2117/1517/1962
f 2381/1781/2222 2379/1779/2220 2380/1780/2221
f 2382/1782/2223 2381/1781/2222 2380/1780/2221
f 2382/1782/2223 2380/1780/2221 2113/1513/1958
f 2383/1783/2224 2385/1784/2225 2382/1782/2223
f 2384/1785/2226 2383/1783/2224 2382/1782/2223
f 2384/1785/2226 2382/1782/2223 2111/1511/1956
f 2385/1784/2225 2381/1781/2222 2382/1782/2223
f 2111/1511/1956 2382/1782/2223 2113/1513/1958
f 2385/1784/2225 2074/1475/1920 2381/1781/2222
f 2386/1786/2227 2074/1475/1920 2385/1784/2225
f 2386/1786/2227 2385/1784/2225 2383/1783/2224
f 2073/1473/1918 2074/1475/1920 2386/1786/2227
f 2387/1787/2228 2073/1473/1918 2386/1786/2227
f 2387/1787/2228 2386/1786/2227 2388/1788/2229
f 2388/1788/2229 2386/1786/2227 2383/1783/2224
f 2389/1789/2230 2387/1787/2228 2388/1788/2229
f 2389/1789/2230 2388/1788/2229 2099/1499/1944
f 2388/1788/2229 2383/1783/2224 2101/1501/1946
f 2099/1499/1944 2388/1788/2229 2101/1501/1946
f 2390/1790/2231 2387/1787/2228 2389/1789/2230
f 2391/1791/2232 2390/1790/2231 2389/1789/2230
f 2391/1791/2232 2389/1789/2230 2097/1497/1942
f 2097/1497/1942 2389/1789/2230 2099/1499/1944
f 2392/1792/2233 2390/1790/2231 2391/1791/2232
f 2392/1792/2233 2391/1791/2232 2092/1492/1937
f 2092/1492/1937 2391/1791/2232 2095/1495/1940
f 2095/1495/1940 2391/1791/2232 2097/1497/1942
f 2082/1483/1928 2390/1790/2231 2392/1792/2233
f 2082/1483/1928 2392/1792/2233 2085/1486/1931
f 2085/1486/1931 2392/1792/2233 2089/1489/1934
f 2089/1489/1934 2392/1792/2233 2092/1492/1937
f 2079/1480/1925 2390/1790/2231 2082/1483/1928
f 2390/1790/2231 2079/1480/1925 2387/1787/2228
f 2079/1480/1925 2073/1473/1918 2387/1787/2228
f 2383/1783/2224 2384/1785/2226 2101/1501/1946
f 2101/1501/1946 2384/1785/2226 2102/1502/1947
f 2102/1502/1947 2384/1785/2226 2109/1509/1954
f 2109/1509/1954 2384/1785/2226 2111/1511/1956
f 2074/1475/1920 2075/1476/1921 2381/1781/2222
f 2381/1781/2222 2075/1476/1921 2379/1779/2220
f 2075/1476/1921 2393/1793/2234 2379/1779/2220
f 2379/1779/2220 2393/1793/2234 2376/1776/2217
f 2393/1793/2234 2076/1477/1922 2394/1794/2235
f 2075/1476/1921 2076/1477/1922 2393/1793/2234
f 2393/1793/2234 2394/1794/2235 2374/1774/2215
f 2376/1776/2217 2393/1793/2234 2374/1774/2215
f 2076/1477/1922 2395/1795/2236 2394/1794/2235
f 2394/1794/2235 2395/1795/2236 2396/1796/2237
f 2394/1794/2235 2396/1796/2237 2372/1772/2213
f 2374/1774/2215 2394/1794/2235 2372/1772/2213
f 2395/1795/2236 2397/1797/2238 2396/1796/2237
f 2396/1796/2237 2397/1797/2238 2256/1656/2097
f 2396/1796/2237 2256/1656/2097 2259/1659/2100
f 2372/1772/2213 2396/1796/2237 2259/1659/2100
f 2397/1797/2238 2395/1795/2236 2243/1643/2085
f 2397/1797/2238 2254/1654/2095 2256/1656/2097
f 2254/1654/2095 2397/1797/2238 2245/1645/2087
f 2245/1645/2087 2397/1797/2238 2243/1643/2085
f 2395/1795/2236 2076/1477/1922 2077/1478/1923
f 2243/1643/2085 2395/1795/2236 2077/1478/1923
f 2247/1647/2089 2254/1654/2095 2245/1645/2087
f 2227/1627/2069 2250/1651/2092 2228/1628/2070
f 2184/1584/2026 2183/1583/2025 2189/1589/2031
f 2172/1572/2014 2179/1579/2021 2173/1573/2015
f 2175/1575/2017 2398/1798/1950 2168/1568/2010
f 2398/1798/1950 2399/1799/1952 2167/1567/2009
f 2398/1798/1950 2167/1567/2009 2168/1568/2010
f 2399/1799/1952 2400/1800/2239 2167/1567/2009
f 2167/1567/2009 2400/1800/2239 2164/1564/2006
f 2400/1800/2239 2401/1801/2240 2164/1564/2006
f 2401/1801/2240 2162/1563/2005 2164/1564/2006
f 2104/1504/1949 2102/1502/1947 2109/1509/1954
f 2402/1802/2241 2403/1803/2242 2407/1804/2243
f 2403/1803/2242 2402/1802/2241 2404/1805/2244
f 2402/1802/2241 2405/1806/2245 2404/1805/2244
f 2405/1806/2245 2402/1802/2241 2406/1807/2246
f 2406/1807/2246 2402/1802/2241 2407/1804/2243
f 2407/1804/2243 2403/1803/2242 2408/1808/2247
f 2408/1808/2247 2403/1803/2242 2410/1809/2248
f 2409/1810/2249 2408/1808/2247 2410/1809/2248
f 2409/1810/2249 2410/1809/2248 2412/1811/2250
f 2410/1809/2248 2403/1803/2242 2411/1812/2251
f 2410/1809/2248 2411/1812/2251 2413/1813/2252
f 2412/1811/2250 2410/1809/2248 2413/1813/2252
f 2413/1813/2252 2415/1814/2253 2412/1811/2250
f 2411/1812/2251 2414/1815/2254 2413/1813/2252
f 2413/1813/2252 2414/1815/2254 2415/1814/2253
f 2414/1815/2254 2416/1816/2255 2415/1814/2253
f 2416/1816/2255 2417/1817/2256 2415/1814/2253
f 2417/1817/2256 2412/1811/2250 2415/1814/2253
f 2418/1818/2257 2419/1819/2258 2417/1817/2256
f 2416/1816/2255 2418/1818/2257 2417/1817/2256
f 2419/1819/2258 2420/1820/2259 2417/1817/2256
f 2417/1817/2256 2420/1820/2259 2412/1811/2250
f 2420/1820/2259 2409/1810/2249 2412/1811/2250
f 2419/1819/2258 2418/1818/2257 2421/1821/2260
f 2418/1818/2257 2422/1822/2261 2421/1821/2260
f 2421/1821/2260 2422/1822/2261 2423/1823/1930
f 2422/1822/2261 2424/1824/2262 2423/1823/1930
f 2423/1823/1930 2424/1824/2262 2425/1825/2263
f 2424/1824/2262 2426/1826/2264 2425/1825/2263
f 2425/1825/2263 2426/1826/2264 2427/1827/2265
f 2426/1826/2264 2428/1828/2266 2427/1827/2265
f 2427/1827/2265 2428/1828/2266 2429/1829/2267
f 2428/1828/2266 2430/1830/2268 2429/1829/2267
f 2430/1830/2268 2431/1831/2269 2429/1829/2267
f 2429/1829/2267 2431/1831/2269 2432/1832/2270
f 2431/1831/2269 2433/1833/2271 2432/1832/2270
f 2432/1832/2270 2433/1833/2271 2434/1834/2075
f 2433/1833/2271 2435/1835/2272 2434/1834/2075
f 2434/1834/2075 2435/1835/2272 2436/1836/2273
f 2435/1835/2272 2437/1837/2274 2436/1836/2273
f 2436/1836/2273 2437/1837/2274 2438/1838/2275
f 2437/1837/2274 2439/1839/2276 2438/1838/2275
f 2438/1838/2275 2439/1839/2276 2440/1840/2277
f 2439/1839/2276 2441/1841/2278 2440/1840/2277
f 2440/1840/2277 2441/1841/2278 2442/1842/2279
f 2441/1841/2278 2443/1843/2280 2442/1842/2279
f 2442/1842/2279 2443/1843/2280 2444/1844/2281
f 2443/1843/2280 2445/1845/2282 2444/1844/2281
f 2444/1844/2281 2445/1845/2282 2446/1846/2063
f 2445/1845/2282 2447/1847/2283 2446/1846/2063
f 2446/1846/2063 2447/1847/2283 2448/1848/2284
f 2447/1847/2283 2449/1849/2285 2448/1848/2284
f 2448/1848/2284 2449/1849/2285 2450/1850/2286
f 2449/1849/2285 2451/1851/2287 2450/1850/2286
f 2450/1850/2286 2451/1851/2287 2452/1852/2288
f 2451/1851/2287 2453/1853/2289 2452/1852/2288
f 2452/1852/2288 2453/1853/2289 2454/1854/2290
f 2453/1853/2289 2455/1855/2291 2454/1854/2290
f 2454/1854/2290 2455/1855/2291 2456/1856/2292
f 2455/1855/2291 2457/1857/2293 2456/1856/2292
f 2456/1856/2292 2457/1857/2293 2458/1858/2294
f 2457/1857/2293 2459/1859/2295 2458/1858/2294
f 2458/1858/2294 2459/1859/2295 2460/1860/2296
f 2459/1859/2295 2461/1861/2297 2460/1860/2296
f 2460/1860/2296 2461/1861/2297 2462/1862/2298
f 2461/1861/2297 2463/1863/2299 2462/1862/2298
f 2462/1862/2298 2463/1863/2299 2464/1864/2300
f 2463/1863/2299 2465/1865/2301 2464/1864/2300
f 2464/1864/2300 2465/1865/2301 2466/1866/2302
f 2465/1865/2301 2467/1867/2303 2466/1866/2302
f 2466/1866/2302 2467/1867/2303 2468/1868/2304
f 2468/1868/2304 2467/1867/2303 2469/1869/2305
f 2467/1867/2303 2470/1870/2306 2469/1869/2305
f 2469/1869/2305 2470/1870/2306 2471/1871/2307
f 2470/1870/2306 2405/1806/2245 2471/1871/2307
f 2471/1871/2307 2405/1806/2245 2406/1807/2246
f 2405/1806/2245 2470/1870/2306 2472/1872/2308
f 2472/1872/2308 2470/1870/2306 2473/1873/2309
f 2470/1870/2306 2467/1867/2303 2473/1873/2309
f 2472/1872/2308 2473/1873/2309 2414/1815/2254
f 2473/1873/2309 2467/1867/2303 2474/1874/2310
f 2473/1873/2309 2474/1874/2310 2414/1815/2254
f 2474/1874/2310 2467/1867/2303 2475/1875/2311
f 2474/1874/2310 2475/1875/2311 2414/1815/2254
f 2467/1867/2303 2465/1865/2301 2475/1875/2311
f 2475/1875/2311 2465/1865/2301 2476/1876/2312
f 2475/1875/2311 2476/1876/2312 2414/1815/2254
f 2465/1865/2301 2463/1863/2299 2476/1876/2312
f 2476/1876/2312 2463/1863/2299 2477/1877/2313
f 2476/1876/2312 2477/1877/2313 2414/1815/2254
f 2463/1863/2299 2461/1861/2297 2477/1877/2313
f 2461/1861/2297 2459/1859/2295 2477/1877/2313
f 2477/1877/2313 2459/1859/2295 2478/1878/2314
f 2477/1877/2313 2478/1878/2314 2414/1815/2254
f 2459/1859/2295 2457/1857/2293 2478/1878/2314
f 2478/1878/2314 2457/1857/2293 2479/1879/2315
f 2478/1878/2314 2479/1879/2315 2414/1815/2254
f 2457/1857/2293 2455/1855/2291 2479/1879/2315
f 2479/1879/2315 2455/1855/2291 2480/1880/2316
f 2479/1879/2315 2480/1880/2316 2414/1815/2254
f 2455/1855/2291 2453/1853/2289 2480/1880/2316
f 2480/1880/2316 2453/1853/2289 2481/1881/2317
f 2480/1880/2316 2481/1881/2317 2414/1815/2254
f 2453/1853/2289 2451/1851/2287 2481/1881/2317
f 2481/1881/2317 2451/1851/2287 2482/1882/2318
f 2481/1881/2317 2482/1882/2318 2414/1815/2254
f 2451/1851/2287 2449/1849/2285 2482/1882/2318
f 2482/1882/2318 2449/1849/2285 2483/1883/2319
f 2482/1882/2318 2483/1883/2319 2414/1815/2254
f 2449/1849/2285 2447/1847/2283 2483/1883/2319
f 2483/1883/2319 2447/1847/2283 2484/1884/2320
f 2483/1883/2319 2484/1884/2320 2414/1815/2254
f 2447/1847/2283 2445/1845/2282 2484/1884/2320
f 2484/1884/2320 2445/1845/2282 2485/1885/2321
f 2484/1884/2320 2485/1885/2321 2414/1815/2254
f 2445/1845/2282 2443/1843/2280 2485/1885/2321
f 2485/1885/2321 2443/1843/2280 2486/1886/2322
f 2485/1885/2321 2486/1886/2322 2414/1815/2254
f 2443/1843/2280 2441/1841/2278 2486/1886/2322
f 2486/1886/2322 2441/1841/2278 2487/1887/2323
f 2486/1886/2322 2487/1887/2323 2414/1815/2254
f 2441/1841/2278 2439/1839/2276 2487/1887/2323
f 2487/1887/2323 2439/1839/2276 2488/1888/2324
f 2487/1887/2323 2488/1888/2324 2414/1815/2254
f 2439/1839/2276 2437/1837/2274 2488/1888/2324
f 2488/1888/2324 2437/1837/2274 2489/1889/2325
f 2488/1888/2324 2489/1889/2325 2414/1815/2254
f 2437/1837/2274 2435/1835/2272 2489/1889/2325
f 2489/1889/2325 2435/1835/2272 2490/1890/2326
f 2489/1889/2325 2490/1890/2326 2414/1815/2254
f 2490/1890/2326 2435/1835/2272 2491/1891/2327
f 2490/1890/2326 2491/1891/2327 2414/1815/2254
f 2435/1835/2272 2433/1833/2271 2491/1891/2327
f 2491/1891/2327 2433/1833/2271 2492/1892/2328
f 2491/1891/2327 2492/1892/2328 2414/1815/2254
f 2433/1833/2271 2431/1831/2269 2492/1892/2328
f 2492/1892/2328 2431/1831/2269 2493/1893/2329
f 2492/1892/2328 2493/1893/2329 2414/1815/2254
f 2431/1831/2269 2430/1830/2268 2493/1893/2329
f 2493/1893/2329 2430/1830/2268 2494/1894/2330
f 2493/1893/2329 2494/1894/2330 2414/1815/2254
f 2430/1830/2268 2428/1828/2266 2494/1894/2330
f 2494/1894/2330 2428/1828/2266 2495/1895/2331
f 2494/1894/2330 2495/1895/2331 2414/1815/2254
f 2428/1828/2266 2426/1826/2264 2495/1895/2331
f 2495/1895/2331 2426/1826/2264 2496/1896/2332
f 2495/1895/2331 2496/1896/2332 2414/1815/2254
f 2426/1826/2264 2424/1824/2262 2496/1896/2332
f 2496/1896/2332 2424/1824/2262 2497/1897/2333
f 2496/1896/2332 2497/1897/2333 2414/1815/2254
f 2424/1824/2262 2422/1822/2261 2497/1897/2333
f 2497/1897/2333 2422/1822/2261 2498/1898/2334
f 2497/1897/2333 2498/1898/2334 2414/1815/2254
f 2498/1898/2334 2422/1822/2261 2418/1818/2257
f 2498/1898/2334 2418/1818/2257 2416/1816/2255
f 2414/1815/2254 2498/1898/2334 2416/1816/2255
f 2404/1805/2244 2405/1806/2245 2472/1872/2308
f 2404/1805/2244 2472/1872/2308 2414/1815/2254
f 2411/1812/2251 2404/1805/2244 2414/1815/2254
f 2403/1803/2242 2404/1805/2244 2411/1812/2251
f 2499/1899/2335 2500/1900/2336 2504/1901/2337
f 2500/1900/2336 2499/1899/2335 2501/1902/1119
f 2501/1902/1119 2499/1899/2335 2502/1903/1109
f 2502/1903/1109 2499/1899/2335 2503/1904/2338
f 2503/1904/2338 2499/1899/2335 2504/1901/2337
f 2504/1901/2337 2500/1900/2336 2507/1905/2339
f 2505/1906/2340 2504/1901/2337 2506/1907/2341
f 2506/1907/2341 2504/1901/2337 2507/1905/2339
f 2506/1907/2341 2507/1905/2339 2509/1908/2342
f 2507/1905/2339 2500/1900/2336 2508/1909/2343
f 2507/1905/2339 2508/1909/2343 2510/1910/2344
f 2509/1908/2342 2507/1905/2339 2510/1910/2344
f 2509/1908/2342 2510/1910/2344 2513/1911/2345
f 2508/1909/2343 2511/1912/2346 2510/1910/2344
f 2510/1910/2344 2511/1912/2346 2512/1913/2347
f 2510/1910/2344 2512/1913/2347 2513/1911/2345
f 2514/1914/2348 2509/1908/2342 2513/1911/2345
f 2514/1914/2348 2513/1911/2345 2516/1915/2349
f 2512/1913/2347 2515/1916/2350 2513/1911/2345
f 2515/1916/2350 2516/1915/2349 2513/1911/2345
f 2517/1917/2351 2518/1918/2352 2516/1915/2349
f 2515/1916/2350 2517/1917/2351 2516/1915/2349
f 2518/1918/2352 2519/1919/2353 2516/1915/2349
f 2516/1915/2349 2519/1919/2353 2514/1914/2348
f 2520/1920/2354 2521/1921/2355 2519/1919/2353
f 2518/1918/2352 2520/1920/2354 2519/1919/2353
f 2519/1919/2353 2521/1921/2355 2522/1922/2356
f 2519/1919/2353 2522/1922/2356 2514/1914/2348
f 2521/1921/2355 2523/1923/2357 2522/1922/2356
f 2523/1923/2357 2524/1924/2358 2522/1922/2356
f 2522/1922/2356 2524/1924/2358 2525/1925/2359
f 2522/1922/2356 2525/1925/2359 2514/1914/2348
f 2524/1924/2358 2526/1926/2360 2525/1925/2359
f 2526/1926/2360 2527/1927/2361 2525/1925/2359
f 2525/1925/2359 2527/1927/2361 2528/1928/2362
f 2525/1925/2359 2528/1928/2362 2514/1914/2348
f 2527/1927/2361 2529/1929/2363 2528/1928/2362
f 2528/1928/2362 2529/1929/2363 2530/1930/2364
f 2528/1928/2362 2530/1930/2364 2514/1914/2348
f 2529/1929/2363 2531/1931/2365 2530/1930/2364
f 2531/1931/2365 2532/1932/2366 2530/1930/2364
f 2532/1932/2366 2506/1907/2341 2530/1930/2364
f 2530/1930/2364 2506/1907/2341 2509/1908/2342
f 2530/1930/2364 2509/1908/2342 2514/1914/2348
f 2532/1932/2366 2505/1906/2340 2506/1907/2341
f 2533/1933/2367 2534/1934/2368 2526/1926/2360
f 2524/1924/2358 2533/1933/2367 2526/1926/2360
f 2526/1926/2360 2534/1934/2368 2535/1935/2369
f 2534/1934/2368 2536/1936/2370 2535/1935/2369
f 2535/1935/2369 2536/1936/2370 2537/1937/2371
f 2537/1937/2371 2536/1936/2370 2538/1938/2372
f 2536/1936/2370 2539/1939/2373 2538/1938/2372
f 2539/1939/2373 2540/1940/2374 2538/1938/2372
f 2538/1938/2372 2540/1940/2374 2541/1941/2375
f 2541/1941/2375 2540/1940/2374 2542/1942/2376
f 2540/1940/2374 2539/1939/2373 2542/1942/2376
f 2539/1939/2373 2543/1943/2377 2542/1942/2376
f 2542/1942/2376 2543/1943/2377 2544/1944/2378
f 2543/1943/2377 2545/1945/2379 2544/1944/2378
f 2544/1944/2378 2545/1945/2379 2546/1946/2380
f 2545/1945/2379 2547/1947/2381 2546/1946/2380
f 2546/1946/2380 2547/1947/2381 2548/1948/2382
f 2547/1947/2381 2549/1949/2383 2548/1948/2382
f 2548/1948/2382 2549/1949/2383 2550/1950/2384
f 2550/1950/2384 2549/1949/2383 2551/1951/2385
f 2549/1949/2383 2552/1952/2386 2551/1951/2385
f 2552/1952/2386 2553/1953/2387 2551/1951/2385
f 2553/1953/2387 2554/1954/2388 2551/1951/2385
f 2554/1954/2388 2555/1955/2389 2551/1951/2385
f 2555/1955/2389 2556/1956/2390 2551/1951/2385
f 2556/1956/2390 2557/1957/2391 2551/1951/2385
f 2557/1957/2391 2558/1958/2392 2551/1951/2385
f 2558/1958/2392 2559/1959/2393 2551/1951/2385
f 2559/1959/2393 2560/1960/2394 2551/1951/2385
f 2560/1960/2394 2561/1961/2395 2551/1951/2385
f 2561/1961/2395 2562/1962/2396 2551/1951/2385
f 2562/1962/2396 2563/1963/2397 2551/1951/2385
f 2563/1963/2397 2564/1964/2398 2551/1951/2385
f 2564/1964/2398 2565/1965/2399 2551/1951/2385
f 2565/1965/2399 2566/1966/2400 2551/1951/2385
f 2566/1966/2400 2567/1967/2401 2551/1951/2385
f 2567/1967/2401 2568/1968/2402 2551/1951/2385
f 2568/1968/2402 2569/1969/2403 2551/1951/2385
f 2569/1969/2403 2570/1970/2404 2551/1951/2385
f 2570/1970/2404 2571/1971/2405 2551/1951/2385
f 2571/1971/2405 2572/1972/2406 2551/1951/2385
f 2572/1972/2406 2573/1973/2407 2551/1951/2385
f 2573/1973/2407 2574/1974/2408 2551/1951/2385
f 2574/1974/2408 2575/1975/2409 2551/1951/2385
f 2575/1975/2409 2576/1976/2410 2551/1951/2385
f 2576/1976/2410 2577/1977/2411 2551/1951/2385
f 2577/1977/2411 2578/1978/2412 2551/1951/2385
f 2578/1978/2412 2579/1979/2413 2551/1951/2385
f 2579/1979/2413 2580/1980/2414 2551/1951/2385
f 2580/1980/2414 2581/1981/2415 2551/1951/2385
f 2551/1951/2385 2581/1981/2415 2582/1982/2384
f 2581/1981/2415 2583/1983/2416 2582/1982/2384
f 2582/1982/2384 2583/1983/2416 2584/1984/2417
f 2583/1983/2416 2585/1985/2418 2584/1984/2417
f 2584/1984/2417 2585/1985/2418 2586/1986/2380
f 2585/1985/2418 2587/1987/2419 2586/1986/2380
f 2586/1986/2380 2587/1987/2419 2588/1988/2420
f 2587/1987/2419 2589/1989/2421 2588/1988/2420
f 2588/1988/2420 2589/1989/2421 2590/1990/2376
f 2590/1990/2376 2589/1989/2421 2592/1991/2422
f 2591/1992/2423 2590/1990/2376 2592/1991/2422
f 2589/1989/2421 2593/1993/2424 2592/1991/2422
f 2593/1993/2424 2594/1994/2425 2592/1991/2422
f 2592/1991/2422 2594/1994/2425 2595/1995/2426
f 2594/1994/2425 2596/1996/2427 2595/1995/2426
f 2596/1996/2427 2597/1997/1413 2595/1995/2426
f 2595/1995/2426 2597/1997/1413 2598/1998/2428
f 2598/1998/2428 2597/1997/1413 2599/1999/2429
f 2597/1997/1413 2600/2000/2430 2599/1999/2429
f 2599/1999/2429 2600/2000/2430 2601/2001/2431
f 2600/2000/2430 2602/2002/2432 2601/2001/2431
f 2601/2001/2431 2602/2002/2432 2603/2003/2433
f 2602/2002/2432 2604/2004/2434 2603/2003/2433
f 2603/2003/2433 2604/2004/2434 2605/2005/2435
f 2604/2004/2434 2606/2006/2436 2605/2005/2435
f 2605/2005/2435 2606/2006/2436 2607/2007/2437
f 2606/2006/2436 2608/2008/2438 2607/2007/2437
f 2607/2007/2437 2608/2008/2438 2609/2009/2439
f 2609/2009/2439 2608/2008/2438 2610/2010/2440
f 2610/2010/2440 2608/2008/2438 2611/2011/2441
f 2608/2008/2438 2612/2012/2442 2611/2011/2441
f 2611/2011/2441 2612/2012/2442 2613/2013/1066
f 2612/2012/2442 2614/2014/2443 2613/2013/1066
f 2613/2013/1066 2614/2014/2443 2615/2015/1068
f 2614/2014/2443 2616/2016/2444 2615/2015/1068
f 2615/2015/1068 2616/2016/2444 2617/2017/1070
f 2616/2016/2444 2618/2018/2445 2617/2017/1070
f 2617/2017/1070 2618/2018/2445 2619/2019/2446
f 2618/2018/2445 2620/2020/2447 2619/2019/2446
f 2619/2019/2446 2620/2020/2447 2621/2021/1074
f 2620/2020/2447 2622/2022/2448 2621/2021/1074
f 2621/2021/1074 2622/2022/2448 2623/2023/2449
f 2622/2022/2448 2624/2024/2450 2623/2023/2449
f 2623/2023/2449 2624/2024/2450 2625/2025/2451
f 2624/2024/2450 2626/2026/2452 2625/2025/2451
f 2626/2026/2452 2627/2027/2453 2625/2025/2451
f 2625/2025/2451 2627/2027/2453 2628/2028/2454
f 2627/2027/2453 2629/2029/2455 2628/2028/2454
f 2628/2028/2454 2629/2029/2455 2630/2030/1082
f 2629/2029/2455 2631/2031/2456 2630/2030/1082
f 2630/2030/1082 2631/2031/2456 2632/2032/2457
f 2631/2031/2456 2633/2033/2458 2632/2032/2457
f 2632/2032/2457 2633/2033/2458 2634/2034/1086
f 2633/2033/2458 2635/2035/2459 2634/2034/1086
f 2634/2034/1086 2635/2035/2459 2636/2036/2460
f 2635/2035/2459 2637/2037/2461 2636/2036/2460
f 2636/2036/2460 2637/2037/2461 2638/2038/2462
f 2637/2037/2461 2639/2039/2463 2638/2038/2462
f 2638/2038/2462 2639/2039/2463 2640/2040/1092
f 2639/2039/2463 2641/2041/2464 2640/2040/1092
f 2640/2040/1092 2641/2041/2464 2642/2042/2465
f 2642/2042/2465 2641/2041/2464 2643/2043/2466
f 2641/2041/2464 2644/2044/2467 2643/2043/2466
f 2643/2043/2466 2644/2044/2467 2645/2045/2468
f 2644/2044/2467 2646/2046/2469 2645/2045/2468
f 2645/2045/2468 2646/2046/2469 2647/2047/2470
f 2646/2046/2469 2648/2048/2471 2647/2047/2470
f 2647/2047/2470 2648/2048/2471 2649/2049/1101
f 2648/2048/2471 2650/2050/2472 2649/2049/1101
f 2649/2049/1101 2650/2050/2472 2651/2051/2473
f 2650/2050/2472 2652/2052/2474 2651/2051/2473
f 2651/2051/2473 2652/2052/2474 2653/2053/1105
f 2652/2052/2474 2654/2054/2475 2653/2053/1105
f 2653/2053/1105 2654/2054/2475 2655/2055/2476
f 2654/2054/2475 2501/1902/1119 2655/2055/2476
f 2655/2055/2476 2501/1902/1119 2502/1903/1109
f 2654/2054/2475 2652/2052/2474 2656/2056/2477
f 2654/2054/2475 2656/2056/2477 2657/2057/2478
f 2501/1902/1119 2654/2054/2475 2508/1909/2343
f 2508/1909/2343 2654/2054/2475 2511/1912/2346
f 2511/1912/2346 2654/2054/2475 2657/2057/2478
f 2511/1912/2346 2657/2057/2478 2512/1913/2347
f 2656/2056/2477 2658/2058/2479 2657/2057/2478
f 2657/2057/2478 2658/2058/2479 2659/2059/2480
f 2657/2057/2478 2659/2059/2480 2512/1913/2347
f 2658/2058/2479 2660/2060/2481 2659/2059/2480
f 2659/2059/2480 2660/2060/2481 2661/2061/2482
f 2659/2059/2480 2661/2061/2482 2515/1916/2350
f 2512/1913/2347 2659/2059/2480 2515/1916/2350
f 2660/2060/2481 2662/2062/2483 2661/2061/2482
f 2662/2062/2483 2663/2063/2484 2661/2061/2482
f 2661/2061/2482 2663/2063/2484 2517/1917/2351
f 2661/2061/2482 2517/1917/2351 2515/1916/2350
f 2664/2064/2485 2665/2065/2486 2663/2063/2484
f 2662/2062/2483 2664/2064/2485 2663/2063/2484
f 2663/2063/2484 2665/2065/2486 2666/2066/2487
f 2663/2063/2484 2666/2066/2487 2517/1917/2351
f 2665/2065/2486 2667/2067/2488 2666/2066/2487
f 2666/2066/2487 2667/2067/2488 2668/2068/2489
f 2666/2066/2487 2668/2068/2489 2518/1918/2352
f 2517/1917/2351 2666/2066/2487 2518/1918/2352
f 2667/2067/2488 2669/2069/2490 2668/2068/2489
f 2669/2069/2490 2670/2070/2491 2668/2068/2489
f 2668/2068/2489 2670/2070/2491 2520/1920/2354
f 2668/2068/2489 2520/1920/2354 2518/1918/2352
f 2671/2071/2492 2672/2072/2493 2670/2070/2491
f 2669/2069/2490 2671/2071/2492 2670/2070/2491
f 2670/2070/2491 2672/2072/2493 2673/2073/2494
f 2670/2070/2491 2673/2073/2494 2520/1920/2354
f 2673/2073/2494 2672/2072/2493 2674/2074/2495
f 2673/2073/2494 2674/2074/2495 2521/1921/2355
f 2520/1920/2354 2673/2073/2494 2521/1921/2355
f 2672/2072/2493 2675/2075/2496 2674/2074/2495
f 2674/2074/2495 2675/2075/2496 2676/2076/2497
f 2674/2074/2495 2676/2076/2497 2523/1923/2357
f 2521/1921/2355 2674/2074/2495 2523/1923/2357
f 2675/2075/2496 2677/2077/2498 2676/2076/2497
f 2677/2077/2498 2678/2078/2499 2676/2076/2497
f 2676/2076/2497 2678/2078/2499 2679/2079/2500
f 2676/2076/2497 2679/2079/2500 2523/1923/2357
f 2678/2078/2499 2680/2080/2501 2679/2079/2500
f 2679/2079/2500 2680/2080/2501 2533/1933/2367
f 2679/2079/2500 2533/1933/2367 2524/1924/2358
f 2523/1923/2357 2679/2079/2500 2524/1924/2358
f 2681/2081/2502 2682/2082/2503 2680/2080/2501
f 2678/2078/2499 2681/2081/2502 2680/2080/2501
f 2680/2080/2501 2682/2082/2503 2683/2083/2504
f 2680/2080/2501 2683/2083/2504 2534/1934/2368
f 2533/1933/2367 2680/2080/2501 2534/1934/2368
f 2682/2082/2503 2684/2084/2505 2683/2083/2504
f 2683/2083/2504 2684/2084/2505 2686/2085/2506
f 2683/2083/2504 2685/2086/2507 2534/1934/2368
f 2685/2086/2507 2683/2083/2504 2686/2085/2506
f 2685/2086/2507 2686/2085/2506 2543/1943/2377
f 2686/2085/2506 2684/2084/2505 2688/2087/2508
f 2686/2085/2506 2687/2088/2509 2545/1945/2379
f 2687/2088/2509 2686/2085/2506 2688/2087/2508
f 2543/1943/2377 2686/2085/2506 2545/1945/2379
f 2687/2088/2509 2688/2087/2508 2553/1953/2387
f 2688/2087/2508 2684/2084/2505 2689/2089/2510
f 2688/2087/2508 2689/2089/2510 2554/1954/2388
f 2553/1953/2387 2688/2087/2508 2554/1954/2388
f 2684/2084/2505 2682/2082/2503 2689/2089/2510
f 2689/2089/2510 2682/2082/2503 2690/2090/2511
f 2689/2089/2510 2690/2090/2511 2555/1955/2389
f 2554/1954/2388 2689/2089/2510 2555/1955/2389
f 2682/2082/2503 2681/2081/2502 2690/2090/2511
f 2690/2090/2511 2681/2081/2502 2691/2091/2512
f 2690/2090/2511 2691/2091/2512 2556/1956/2390
f 2555/1955/2389 2690/2090/2511 2556/1956/2390
f 2681/2081/2502 2692/2092/2513 2691/2091/2512
f 2692/2092/2513 2693/2093/2514 2691/2091/2512
f 2691/2091/2512 2693/2093/2514 2694/2094/2515
f 2691/2091/2512 2694/2094/2515 2556/1956/2390
f 2693/2093/2514 2695/2095/2516 2694/2094/2515
f 2694/2094/2515 2695/2095/2516 2696/2096/2517
f 2694/2094/2515 2696/2096/2517 2557/1957/2391
f 2556/1956/2390 2694/2094/2515 2557/1957/2391
f 2695/2095/2516 2697/2097/2518 2696/2096/2517
f 2696/2096/2517 2697/2097/2518 2698/2098/2519
f 2696/2096/2517 2698/2098/2519 2558/1958/2392
f 2557/1957/2391 2696/2096/2517 2558/1958/2392
f 2697/2097/2518 2699/2099/2520 2698/2098/2519
f 2698/2098/2519 2699/2099/2520 2700/2100/2521
f 2698/2098/2519 2700/2100/2521 2559/1959/2393
f 2558/1958/2392 2698/2098/2519 2559/1959/2393
f 2699/2099/2520 2701/2101/2522 2700/2100/2521
f 2700/2100/2521 2701/2101/2522 2702/2102/2523
f 2700/2100/2521 2702/2102/2523 2560/1960/2394
f 2559/1959/2393 2700/2100/2521 2560/1960/2394
f 2701/2101/2522 2703/2103/2524 2702/2102/2523
f 2702/2102/2523 2703/2103/2524 2704/2104/2525
f 2702/2102/2523 2704/2104/2525 2561/1961/2395
f 2560/1960/2394 2702/2102/2523 2561/1961/2395
f 2703/2103/2524 2705/2105/2526 2704/2104/2525
f 2704/2104/2525 2705/2105/2526 2706/2106/2527
f 2704/2104/2525 2706/2106/2527 2562/1962/2396
f 2561/1961/2395 2704/2104/2525 2562/1962/2396
f 2705/2105/2526 2707/2107/2528 2706/2106/2527
f 2706/2106/2527 2707/2107/2528 2708/2108/2529
f 2706/2106/2527 2708/2108/2529 2563/1963/2397
f 2562/1962/2396 2706/2106/2527 2563/1963/2397
f 2708/2108/2529 2707/2107/2528 2709/2109/2530
f 2708/2108/2529 2709/2109/2530 2565/1965/2399
f 2563/1963/2397 2708/2108/2529 2564/1964/2398
f 2564/1964/2398 2708/2108/2529 2565/1965/2399
f 2707/2107/2528 2710/2110/2531 2709/2109/2530
f 2709/2109/2530 2710/2110/2531 2711/2111/2532
f 2709/2109/2530 2711/2111/2532 2566/1966/2400
f 2565/1965/2399 2709/2109/2530 2566/1966/2400
f 2710/2110/2531 2712/2112/2533 2711/2111/2532
f 2711/2111/2532 2712/2112/2533 2713/2113/2534
f 2711/2111/2532 2713/2113/2534 2567/1967/2401
f 2566/1966/2400 2711/2111/2532 2567/1967/2401
f 2712/2112/2533 2714/2114/2535 2713/2113/2534
f 2713/2113/2534 2714/2114/2535 2715/2115/2536
f 2713/2113/2534 2715/2115/2536 2568/1968/2402
f 2567/1967/2401 2713/2113/2534 2568/1968/2402
f 2714/2114/2535 2716/2116/2537 2715/2115/2536
f 2715/2115/2536 2716/2116/2537 2717/2117/2538
f 2715/2115/2536 2717/2117/2538 2569/1969/2403
f 2568/1968/2402 2715/2115/2536 2569/1969/2403
f 2716/2116/2537 2718/2118/2539 2717/2117/2538
f 2717/2117/2538 2718/2118/2539 2719/2119/2540
f 2717/2117/2538 2719/2119/2540 2570/1970/2404
f 2569/1969/2403 2717/2117/2538 2570/1970/2404
f 2718/2118/2539 2720/2120/2541 2719/2119/2540
f 2719/2119/2540 2720/2120/2541 2721/2121/2542
f 2719/2119/2540 2721/2121/2542 2571/1971/2405
f 2570/1970/2404 2719/2119/2540 2571/1971/2405
f 2720/2120/2541 2722/2122/2543 2721/2121/2542
f 2721/2121/2542 2722/2122/2543 2723/2123/2544
f 2721/2121/2542 2723/2123/2544 2572/1972/2406
f 2571/1971/2405 2721/2121/2542 2572/1972/2406
f 2722/2122/2543 2724/2124/2545 2723/2123/2544
f 2724/2124/2545 2725/2125/2546 2723/2123/2544
f 2723/2123/2544 2725/2125/2546 2726/2126/2547
f 2723/2123/2544 2726/2126/2547 2572/1972/2406
f 2725/2125/2546 2727/2127/2548 2726/2126/2547
f 2726/2126/2547 2727/2127/2548 2728/2128/2549
f 2726/2126/2547 2728/2128/2549 2573/1973/2407
f 2572/1972/2406 2726/2126/2547 2573/1973/2407
f 2727/2127/2548 2729/2129/2550 2728/2128/2549
f 2728/2128/2549 2729/2129/2550 2730/2130/2551
f 2728/2128/2549 2730/2130/2551 2574/1974/2408
f 2573/1973/2407 2728/2128/2549 2574/1974/2408
f 2729/2129/2550 2731/2131/2552 2730/2130/2551
f 2730/2130/2551 2731/2131/2552 2732/2132/2553
f 2730/2130/2551 2732/2132/2553 2575/1975/2409
f 2574/1974/2408 2730/2130/2551 2575/1975/2409
f 2731/2131/2552 2733/2133/2554 2732/2132/2553
f 2732/2132/2553 2733/2133/2554 2734/2134/2555
f 2732/2132/2553 2734/2134/2555 2576/1976/2410
f 2575/1975/2409 2732/2132/2553 2576/1976/2410
f 2733/2133/2554 2735/2135/2556 2734/2134/2555
f 2734/2134/2555 2735/2135/2556 2736/2136/2557
f 2734/2134/2555 2736/2136/2557 2577/1977/2411
f 2576/1976/2410 2734/2134/2555 2577/1977/2411
f 2735/2135/2556 2737/2137/2558 2736/2136/2557
f 2736/2136/2557 2737/2137/2558 2738/2138/2559
f 2736/2136/2557 2738/2138/2559 2578/1978/2412
f 2577/1977/2411 2736/2136/2557 2578/1978/2412
f 2738/2138/2559 2737/2137/2558 2740/2139/2560
f 2738/2138/2559 2739/2140/2561 2579/1979/2413
f 2739/2140/2561 2738/2138/2559 2740/2139/2560
f 2578/1978/2412 2738/2138/2559 2579/1979/2413
f 2739/2140/2561 2740/2139/2560 2583/1983/2416
f 2740/2139/2560 2737/2137/2558 2741/2141/2562
f 2740/2139/2560 2741/2141/2562 2585/1985/2418
f 2583/1983/2416 2740/2139/2560 2585/1985/2418
f 2741/2141/2562 2737/2137/2558 2742/2142/2563
f 2741/2141/2562 2742/2142/2563 2593/1993/2424
f 2585/1985/2418 2741/2141/2562 2587/1987/2419
f 2587/1987/2419 2741/2141/2562 2593/1993/2424
f 2737/2137/2558 2735/2135/2556 2742/2142/2563
f 2735/2135/2556 2743/2143/2564 2742/2142/2563
f 2742/2142/2563 2743/2143/2564 2744/2144/2565
f 2742/2142/2563 2744/2144/2565 2593/1993/2424
f 2743/2143/2564 2745/2145/2566 2744/2144/2565
f 2744/2144/2565 2745/2145/2566 2746/2146/2567
f 2744/2144/2565 2746/2146/2567 2594/1994/2425
f 2593/1993/2424 2744/2144/2565 2594/1994/2425
f 2745/2145/2566 2747/2147/2568 2746/2146/2567
f 2746/2146/2567 2747/2147/2568 2748/2148/2569
f 2746/2146/2567 2748/2148/2569 2596/1996/2427
f 2594/1994/2425 2746/2146/2567 2596/1996/2427
f 2747/2147/2568 2749/2149/2570 2748/2148/2569
f 2748/2148/2569 2749/2149/2570 2750/2150/2571
f 2748/2148/2569 2750/2150/2571 2597/1997/1413
f 2596/1996/2427 2748/2148/2569 2597/1997/1413
f 2749/2149/2570 2751/2151/2572 2750/2150/2571
f 2751/2151/2572 2752/2152/2573 2750/2150/2571
f 2750/2150/2571 2752/2152/2573 2753/2153/2574
f 2750/2150/2571 2753/2153/2574 2597/1997/1413
f 2752/2152/2573 2754/2154/2575 2753/2153/2574
f 2753/2153/2574 2754/2154/2575 2755/2155/2576
f 2753/2153/2574 2755/2155/2576 2600/2000/2430
f 2597/1997/1413 2753/2153/2574 2600/2000/2430
f 2754/2154/2575 2756/2156/2577 2755/2155/2576
f 2755/2155/2576 2756/2156/2577 2757/2157/2578
f 2755/2155/2576 2757/2157/2578 2602/2002/2432
f 2600/2000/2430 2755/2155/2576 2602/2002/2432
f 2757/2157/2578 2756/2156/2577 2759/2158/2579
f 2757/2157/2578 2758/2159/2580 2604/2004/2434
f 2758/2159/2580 2757/2157/2578 2759/2158/2579
f 2602/2002/2432 2757/2157/2578 2604/2004/2434
f 2758/2159/2580 2759/2158/2579 2614/2014/2443
f 2759/2158/2579 2756/2156/2577 2760/2160/2581
f 2759/2158/2579 2760/2160/2581 2616/2016/2444
f 2614/2014/2443 2759/2158/2579 2616/2016/2444
f 2756/2156/2577 2761/2161/2582 2760/2160/2581
f 2760/2160/2581 2761/2161/2582 2762/2162/2583
f 2760/2160/2581 2762/2162/2583 2618/2018/2445
f 2616/2016/2444 2760/2160/2581 2618/2018/2445
f 2761/2161/2582 2763/2163/2584 2762/2162/2583
f 2762/2162/2583 2763/2163/2584 2764/2164/2585
f 2762/2162/2583 2764/2164/2585 2620/2020/2447
f 2618/2018/2445 2762/2162/2583 2620/2020/2447
f 2763/2163/2584 2765/2165/2586 2764/2164/2585
f 2764/2164/2585 2765/2165/2586 2766/2166/2587
f 2764/2164/2585 2766/2166/2587 2622/2022/2448
f 2620/2020/2447 2764/2164/2585 2622/2022/2448
f 2765/2165/2586 2767/2167/2588 2766/2166/2587
f 2767/2167/2588 2768/2168/2589 2766/2166/2587
f 2766/2166/2587 2768/2168/2589 2769/2169/2590
f 2766/2166/2587 2769/2169/2590 2624/2024/2450
f 2622/2022/2448 2766/2166/2587 2624/2024/2450
f 2768/2168/2589 2770/2170/2591 2769/2169/2590
f 2769/2169/2590 2770/2170/2591 2771/2171/2592
f 2769/2169/2590 2771/2171/2592 2626/2026/2452
f 2624/2024/2450 2769/2169/2590 2626/2026/2452
f 2771/2171/2592 2770/2170/2591 2772/2172/2593
f 2771/2171/2592 2772/2172/2593 2626/2026/2452
f 2770/2170/2591 2773/2173/2594 2772/2172/2593
f 2772/2172/2593 2773/2173/2594 2774/2174/2595
f 2772/2172/2593 2774/2174/2595 2627/2027/2453
f 2626/2026/2452 2772/2172/2593 2627/2027/2453
f 2773/2173/2594 2775/2175/2596 2774/2174/2595
f 2775/2175/2596 2776/2176/2597 2774/2174/2595
f 2774/2174/2595 2776/2176/2597 2777/2177/2598
f 2774/2174/2595 2777/2177/2598 2629/2029/2455
f 2627/2027/2453 2774/2174/2595 2629/2029/2455
f 2776/2176/2597 2778/2178/2599 2777/2177/2598
f 2777/2177/2598 2778/2178/2599 2779/2179/2600
f 2777/2177/2598 2779/2179/2600 2631/2031/2456
f 2629/2029/2455 2777/2177/2598 2631/2031/2456
f 2778/2178/2599 2780/2180/2601 2779/2179/2600
f 2779/2179/2600 2780/2180/2601 2781/2181/2602
f 2779/2179/2600 2781/2181/2602 2633/2033/2458
f 2631/2031/2456 2779/2179/2600 2633/2033/2458
f 2780/2180/2601 2782/2182/2603 2781/2181/2602
f 2781/2181/2602 2782/2182/2603 2783/2183/2604
f 2781/2181/2602 2783/2183/2604 2635/2035/2459
f 2633/2033/2458 2781/2181/2602 2635/2035/2459
f 2782/2182/2603 2784/2184/2605 2783/2183/2604
f 2783/2183/2604 2784/2184/2605 2785/2185/2606
f 2783/2183/2604 2785/2185/2606 2637/2037/2461
f 2635/2035/2459 2783/2183/2604 2637/2037/2461
f 2784/2184/2605 2786/2186/2607 2785/2185/2606
f 2785/2185/2606 2786/2186/2607 2787/2187/2608
f 2785/2185/2606 2787/2187/2608 2639/2039/2463
f 2637/2037/2461 2785/2185/2606 2639/2039/2463
f 2787/2187/2608 2786/2186/2607 2788/2188/2609
f 2787/2187/2608 2788/2188/2609 2644/2044/2467
f 2639/2039/2463 2787/2187/2608 2641/2041/2464
f 2641/2041/2464 2787/2187/2608 2644/2044/2467
f 2786/2186/2607 2789/2189/2610 2788/2188/2609
f 2788/2188/2609 2789/2189/2610 2790/2190/2611
f 2788/2188/2609 2790/2190/2611 2646/2046/2469
f 2644/2044/2467 2788/2188/2609 2646/2046/2469
f 2789/2189/2610 2791/2191/2612 2790/2190/2611
f 2790/2190/2611 2791/2191/2612 2792/2192/2613
f 2790/2190/2611 2792/2192/2613 2648/2048/2471
f 2646/2046/2469 2790/2190/2611 2648/2048/2471
f 2792/2192/2613 2791/2191/2612 2794/2193/2614
f 2792/2192/2613 2793/2194/2615 2650/2050/2472
f 2793/2194/2615 2792/2192/2613 2794/2193/2614
f 2648/2048/2471 2792/2192/2613 2650/2050/2472
f 2793/2194/2615 2794/2193/2614 2658/2058/2479
f 2791/2191/2612 2795/2195/2616 2794/2193/2614
f 2794/2193/2614 2795/2195/2616 2796/2196/1054
f 2794/2193/2614 2796/2196/1054 2658/2058/2479
f 2795/2195/2616 2797/2197/2617 2796/2196/1054
f 2796/2196/1054 2797/2197/2617 2798/2198/2618
f 2796/2196/1054 2798/2198/2618 2660/2060/2481
f 2658/2058/2479 2796/2196/1054 2660/2060/2481
f 2797/2197/2617 2799/2199/2619 2798/2198/2618
f 2798/2198/2618 2799/2199/2619 2800/2200/2620
f 2798/2198/2618 2800/2200/2620 2662/2062/2483
f 2660/2060/2481 2798/2198/2618 2662/2062/2483
f 2799/2199/2619 2801/2201/2621 2800/2200/2620
f 2800/2200/2620 2801/2201/2621 2665/2065/2486
f 2800/2200/2620 2664/2064/2485 2662/2062/2483
f 2664/2064/2485 2800/2200/2620 2665/2065/2486
f 2801/2201/2621 2802/2202/2622 2803/2203/2623
f 2799/2199/2619 2802/2202/2622 2801/2201/2621
f 2801/2201/2621 2803/2203/2623 2667/2067/2488
f 2665/2065/2486 2801/2201/2621 2667/2067/2488
f 2802/2202/2622 2804/2204/2624 2803/2203/2623
f 2803/2203/2623 2804/2204/2624 2805/2205/2625
f 2803/2203/2623 2805/2205/2625 2669/2069/2490
f 2667/2067/2488 2803/2203/2623 2669/2069/2490
f 2804/2204/2624 2806/2206/2626 2805/2205/2625
f 2806/2206/2626 2807/2207/2627 2805/2205/2625
f 2805/2205/2625 2807/2207/2627 2808/2208/2628
f 2805/2205/2625 2808/2208/2628 2669/2069/2490
f 2807/2207/2627 2699/2099/2520 2808/2208/2628
f 2699/2099/2520 2697/2097/2518 2808/2208/2628
f 2808/2208/2628 2697/2097/2518 2671/2071/2492
f 2808/2208/2628 2671/2071/2492 2669/2069/2490
f 2807/2207/2627 2809/2209/2629 2701/2101/2522
f 2806/2206/2626 2809/2209/2629 2807/2207/2627
f 2699/2099/2520 2807/2207/2627 2701/2101/2522
f 2810/2210/2630 2809/2209/2629 2806/2206/2626
f 2809/2209/2629 2810/2210/2630 2811/2211/2631
f 2809/2209/2629 2811/2211/2631 2703/2103/2524
f 2701/2101/2522 2809/2209/2629 2703/2103/2524
f 2810/2210/2630 2812/2212/2632 2811/2211/2631
f 2811/2211/2631 2812/2212/2632 2813/2213/2633
f 2811/2211/2631 2813/2213/2633 2705/2105/2526
f 2703/2103/2524 2811/2211/2631 2705/2105/2526
f 2813/2213/2633 2812/2212/2632 2814/2214/2634
f 2813/2213/2633 2814/2214/2634 2710/2110/2531
f 2705/2105/2526 2813/2213/2633 2707/2107/2528
f 2707/2107/2528 2813/2213/2633 2710/2110/2531
f 2812/2212/2632 2815/2215/2635 2814/2214/2634
f 2814/2214/2634 2815/2215/2635 2816/2216/2636
f 2814/2214/2634 2816/2216/2636 2712/2112/2533
f 2710/2110/2531 2814/2214/2634 2712/2112/2533
f 2815/2215/2635 2817/2217/2637 2816/2216/2636
f 2816/2216/2636 2817/2217/2637 2818/2218/2638
f 2816/2216/2636 2818/2218/2638 2714/2114/2535
f 2712/2112/2533 2816/2216/2636 2714/2114/2535
f 2817/2217/2637 2819/2219/2639 2818/2218/2638
f 2818/2218/2638 2819/2219/2639 2820/2220/2640
f 2818/2218/2638 2820/2220/2640 2716/2116/2537
f 2714/2114/2535 2818/2218/2638 2716/2116/2537
f 2819/2219/2639 2821/2221/2641 2820/2220/2640
f 2820/2220/2640 2821/2221/2641 2822/2222/2642
f 2820/2220/2640 2822/2222/2642 2718/2118/2539
f 2716/2116/2537 2820/2220/2640 2718/2118/2539
f 2821/2221/2641 2823/2223/2643 2822/2222/2642
f 2822/2222/2642 2823/2223/2643 2824/2224/2644
f 2822/2222/2642 2824/2224/2644 2720/2120/2541
f 2718/2118/2539 2822/2222/2642 2720/2120/2541
f 2823/2223/2643 2825/2225/2645 2824/2224/2644
f 2825/2225/2645 2826/2226/2646 2824/2224/2644
f 2824/2224/2644 2826/2226/2646 2827/2227/2647
f 2824/2224/2644 2827/2227/2647 2722/2122/2543
f 2720/2120/2541 2824/2224/2644 2722/2122/2543
f 2826/2226/2646 2828/2228/2648 2827/2227/2647
f 2827/2227/2647 2828/2228/2648 2829/2229/2649
f 2827/2227/2647 2829/2229/2649 2724/2124/2545
f 2722/2122/2543 2827/2227/2647 2724/2124/2545
f 2829/2229/2649 2828/2228/2648 2830/2230/2650
f 2829/2229/2649 2830/2230/2650 2724/2124/2545
f 2828/2228/2648 2831/2231/2651 2830/2230/2650
f 2830/2230/2650 2831/2231/2651 2832/2232/2652
f 2830/2230/2650 2832/2232/2652 2725/2125/2546
f 2724/2124/2545 2830/2230/2650 2725/2125/2546
f 2831/2231/2651 2833/2233/2653 2832/2232/2652
f 2833/2233/2653 2834/2234/2654 2832/2232/2652
f 2832/2232/2652 2834/2234/2654 2835/2235/2655
f 2832/2232/2652 2835/2235/2655 2727/2127/2548
f 2725/2125/2546 2832/2232/2652 2727/2127/2548
f 2834/2234/2654 2836/2236/2656 2835/2235/2655
f 2835/2235/2655 2836/2236/2656 2837/2237/2657
f 2835/2235/2655 2837/2237/2657 2729/2129/2550
f 2727/2127/2548 2835/2235/2655 2729/2129/2550
f 2837/2237/2657 2836/2236/2656 2839/2238/2658
f 2837/2237/2657 2838/2239/2659 2731/2131/2552
f 2838/2239/2659 2837/2237/2657 2839/2238/2658
f 2729/2129/2550 2837/2237/2657 2731/2131/2552
f 2838/2239/2659 2839/2238/2658 2745/2145/2566
f 2839/2238/2658 2836/2236/2656 2840/2240/1000
f 2839/2238/2658 2840/2240/1000 2747/2147/2568
f 2745/2145/2566 2839/2238/2658 2747/2147/2568
f 2836/2236/2656 2841/2241/2660 2840/2240/1000
f 2840/2240/1000 2841/2241/2660 2842/2242/2661
f 2840/2240/1000 2842/2242/2661 2749/2149/2570
f 2747/2147/2568 2840/2240/1000 2749/2149/2570
f 2841/2241/2660 2843/2243/2662 2842/2242/2661
f 2842/2242/2661 2843/2243/2662 2844/2244/2663
f 2842/2242/2661 2844/2244/2663 2751/2151/2572
f 2749/2149/2570 2842/2242/2661 2751/2151/2572
f 2843/2243/2662 2845/2245/2664 2844/2244/2663
f 2845/2245/2664 2846/2246/2665 2844/2244/2663
f 2844/2244/2663 2846/2246/2665 2847/2247/2666
f 2844/2244/2663 2847/2247/2666 2751/2151/2572
f 2847/2247/2666 2846/2246/2665 2849/2248/2667
f 2847/2247/2666 2848/2249/2668 2752/2152/2573
f 2848/2249/2668 2847/2247/2666 2849/2248/2667
f 2751/2151/2572 2847/2247/2666 2752/2152/2573
f 2848/2249/2668 2849/2248/2667 2763/2163/2584
f 2846/2246/2665 2850/2250/2669 2849/2248/2667
f 2849/2248/2667 2850/2250/2669 2851/2251/2670
f 2849/2248/2667 2851/2251/2670 2763/2163/2584
f 2850/2250/2669 2852/2252/2671 2851/2251/2670
f 2851/2251/2670 2852/2252/2671 2853/2253/2672
f 2851/2251/2670 2853/2253/2672 2765/2165/2586
f 2763/2163/2584 2851/2251/2670 2765/2165/2586
f 2852/2252/2671 2854/2254/2673 2853/2253/2672
f 2853/2253/2672 2854/2254/2673 2855/2255/2674
f 2853/2253/2672 2855/2255/2674 2767/2167/2588
f 2765/2165/2586 2853/2253/2672 2767/2167/2588
f 2854/2254/2673 2856/2256/2675 2855/2255/2674
f 2855/2255/2674 2856/2256/2675 2857/2257/2676
f 2855/2255/2674 2857/2257/2676 2768/2168/2589
f 2767/2167/2588 2855/2255/2674 2768/2168/2589
f 2857/2257/2676 2856/2256/2675 2858/2258/2677
f 2857/2257/2676 2858/2258/2677 2773/2173/2594
f 2768/2168/2589 2857/2257/2676 2770/2170/2591
f 2770/2170/2591 2857/2257/2676 2773/2173/2594
f 2856/2256/2675 2859/2259/2678 2858/2258/2677
f 2858/2258/2677 2859/2259/2678 2860/2260/2679
f 2858/2258/2677 2860/2260/2679 2775/2175/2596
f 2773/2173/2594 2858/2258/2677 2775/2175/2596
f 2859/2259/2678 2861/2261/2680 2860/2260/2679
f 2860/2260/2679 2861/2261/2680 2862/2262/2681
f 2860/2260/2679 2862/2262/2681 2776/2176/2597
f 2775/2175/2596 2860/2260/2679 2776/2176/2597
f 2861/2261/2680 2863/2263/2682 2862/2262/2681
f 2862/2262/2681 2863/2263/2682 2864/2264/2683
f 2862/2262/2681 2864/2264/2683 2778/2178/2599
f 2776/2176/2597 2862/2262/2681 2778/2178/2599
f 2863/2263/2682 2865/2265/2684 2864/2264/2683
f 2865/2265/2684 2866/2266/2685 2864/2264/2683
f 2864/2264/2683 2866/2266/2685 2867/2267/2686
f 2864/2264/2683 2867/2267/2686 2778/2178/2599
f 2866/2266/2685 2868/2268/2687 2867/2267/2686
f 2867/2267/2686 2868/2268/2687 2869/2269/2688
f 2867/2267/2686 2869/2269/2688 2780/2180/2601
f 2778/2178/2599 2867/2267/2686 2780/2180/2601
f 2868/2268/2687 2870/2270/2689 2869/2269/2688
f 2869/2269/2688 2870/2270/2689 2871/2271/2690
f 2869/2269/2688 2871/2271/2690 2782/2182/2603
f 2780/2180/2601 2869/2269/2688 2782/2182/2603
f 2870/2270/2689 2872/2272/2691 2871/2271/2690
f 2871/2271/2690 2872/2272/2691 2873/2273/2692
f 2871/2271/2690 2873/2273/2692 2784/2184/2605
f 2782/2182/2603 2871/2271/2690 2784/2184/2605
f 2873/2273/2692 2872/2272/2691 2874/2274/2693
f 2873/2273/2692 2874/2274/2693 2789/2189/2610
f 2784/2184/2605 2873/2273/2692 2786/2186/2607
f 2786/2186/2607 2873/2273/2692 2789/2189/2610
f 2874/2274/2693 2872/2272/2691 2875/2275/2694
f 2874/2274/2693 2875/2275/2694 2795/2195/2616
f 2789/2189/2610 2874/2274/2693 2791/2191/2612
f 2791/2191/2612 2874/2274/2693 2795/2195/2616
f 2872/2272/2691 2876/2276/2695 2875/2275/2694
f 2875/2275/2694 2876/2276/2695 2877/2277/2696
f 2875/2275/2694 2877/2277/2696 2797/2197/2617
f 2795/2195/2616 2875/2275/2694 2797/2197/2617
f 2876/2276/2695 2878/2278/2697 2877/2277/2696
f 2877/2277/2696 2878/2278/2697 2802/2202/2622
f 2877/2277/2696 2802/2202/2622 2799/2199/2619
f 2797/2197/2617 2877/2277/2696 2799/2199/2619
f 2878/2278/2697 2879/2279/2698 2880/2280/2699
f 2876/2276/2695 2879/2279/2698 2878/2278/2697
f 2878/2278/2697 2880/2280/2699 2804/2204/2624
f 2802/2202/2622 2878/2278/2697 2804/2204/2624
f 2879/2279/2698 2881/2281/2700 2880/2280/2699
f 2880/2280/2699 2881/2281/2700 2810/2210/2630
f 2880/2280/2699 2810/2210/2630 2806/2206/2626
f 2804/2204/2624 2880/2280/2699 2806/2206/2626
f 2881/2281/2700 2882/2282/2701 2815/2215/2635
f 2879/2279/2698 2882/2282/2701 2881/2281/2700
f 2881/2281/2700 2812/2212/2632 2810/2210/2630
f 2812/2212/2632 2881/2281/2700 2815/2215/2635
f 2882/2282/2701 2883/2283/2702 2817/2217/2637
f 2883/2283/2702 2882/2282/2701 2884/2284/2703
f 2884/2284/2703 2882/2282/2701 2879/2279/2698
f 2815/2215/2635 2882/2282/2701 2817/2217/2637
f 2885/2285/2704 2883/2283/2702 2884/2284/2703
f 2886/2286/2705 2885/2285/2704 2884/2284/2703
f 2886/2286/2705 2884/2284/2703 2876/2276/2695
f 2884/2284/2703 2879/2279/2698 2876/2276/2695
f 2887/2287/2706 2885/2285/2704 2886/2286/2705
f 2887/2287/2706 2886/2286/2705 2868/2268/2687
f 2868/2268/2687 2886/2286/2705 2870/2270/2689
f 2870/2270/2689 2886/2286/2705 2876/2276/2695
f 2888/2288/2707 2885/2285/2704 2887/2287/2706
f 2889/2289/2708 2888/2288/2707 2887/2287/2706
f 2889/2289/2708 2887/2287/2706 2866/2266/2685
f 2866/2266/2685 2887/2287/2706 2868/2268/2687
f 2890/2290/2709 2888/2288/2707 2889/2289/2708
f 2891/2291/2710 2890/2290/2709 2889/2289/2708
f 2891/2291/2710 2889/2289/2708 2865/2265/2684
f 2865/2265/2684 2889/2289/2708 2866/2266/2685
f 2892/2292/2711 2890/2290/2709 2891/2291/2710
f 2892/2292/2711 2891/2291/2710 2865/2265/2684
f 2893/2293/2712 2890/2290/2709 2892/2292/2711
f 2894/2294/2713 2893/2293/2712 2892/2292/2711
f 2894/2294/2713 2892/2292/2711 2863/2263/2682
f 2863/2263/2682 2892/2292/2711 2865/2265/2684
f 2895/2295/2714 2893/2293/2712 2894/2294/2713
f 2896/2296/2715 2895/2295/2714 2894/2294/2713
f 2896/2296/2715 2894/2294/2713 2861/2261/2680
f 2861/2261/2680 2894/2294/2713 2863/2263/2682
f 2897/2297/2716 2895/2295/2714 2896/2296/2715
f 2898/2298/2717 2897/2297/2716 2896/2296/2715
f 2898/2298/2717 2896/2296/2715 2859/2259/2678
f 2859/2259/2678 2896/2296/2715 2861/2261/2680
f 2899/2299/2718 2901/2300/2719 2898/2298/2717
f 2900/2301/2720 2899/2299/2718 2898/2298/2717
f 2900/2301/2720 2898/2298/2717 2854/2254/2673
f 2901/2300/2719 2897/2297/2716 2898/2298/2717
f 2854/2254/2673 2898/2298/2717 2856/2256/2675
f 2856/2256/2675 2898/2298/2717 2859/2259/2678
f 2897/2297/2716 2901/2300/2719 2902/2302/2721
f 2902/2302/2721 2901/2300/2719 2903/2303/2722
f 2903/2303/2722 2901/2300/2719 2904/2304/2723
f 2901/2300/2719 2899/2299/2718 2904/2304/2723
f 2903/2303/2722 2904/2304/2723 2831/2231/2651
f 2904/2304/2723 2899/2299/2718 2905/2305/2724
f 2904/2304/2723 2905/2305/2724 2833/2233/2653
f 2831/2231/2651 2904/2304/2723 2833/2233/2653
f 2899/2299/2718 2906/2306/2725 2905/2305/2724
f 2905/2305/2724 2906/2306/2725 2907/2307/2726
f 2905/2305/2724 2907/2307/2726 2834/2234/2654
f 2833/2233/2653 2905/2305/2724 2834/2234/2654
f 2907/2307/2726 2906/2306/2725 2908/2308/2727
f 2907/2307/2726 2908/2308/2727 2841/2241/2660
f 2834/2234/2654 2907/2307/2726 2836/2236/2656
f 2836/2236/2656 2907/2307/2726 2841/2241/2660
f 2908/2308/2727 2906/2306/2725 2910/2309/2728
f 2908/2308/2727 2909/2310/2729 2843/2243/2662
f 2909/2310/2729 2908/2308/2727 2910/2309/2728
f 2841/2241/2660 2908/2308/2727 2843/2243/2662
f 2909/2310/2729 2910/2309/2728 2850/2250/2669
f 2910/2309/2728 2906/2306/2725 2900/2301/2720
f 2910/2309/2728 2900/2301/2720 2852/2252/2671
f 2850/2250/2669 2910/2309/2728 2852/2252/2671
f 2843/2243/2662 2909/2310/2729 2845/2245/2664
f 2845/2245/2664 2909/2310/2729 2846/2246/2665
f 2846/2246/2665 2909/2310/2729 2850/2250/2669
f 2906/2306/2725 2899/2299/2718 2900/2301/2720
f 2902/2302/2721 2903/2303/2722 2826/2226/2646
f 2826/2226/2646 2903/2303/2722 2828/2228/2648
f 2828/2228/2648 2903/2303/2722 2831/2231/2651
f 2911/2311/2730 2897/2297/2716 2902/2302/2721
f 2911/2311/2730 2902/2302/2721 2825/2225/2645
f 2825/2225/2645 2902/2302/2721 2826/2226/2646
f 2895/2295/2714 2897/2297/2716 2911/2311/2730
f 2912/2312/2731 2895/2295/2714 2911/2311/2730
f 2912/2312/2731 2911/2311/2730 2823/2223/2643
f 2823/2223/2643 2911/2311/2730 2825/2225/2645
f 2893/2293/2712 2895/2295/2714 2912/2312/2731
f 2913/2313/2732 2893/2293/2712 2912/2312/2731
f 2913/2313/2732 2912/2312/2731 2821/2221/2641
f 2821/2221/2641 2912/2312/2731 2823/2223/2643
f 2888/2288/2707 2890/2290/2709 2913/2313/2732
f 2914/2314/2733 2888/2288/2707 2913/2313/2732
f 2914/2314/2733 2913/2313/2732 2821/2221/2641
f 2890/2290/2709 2893/2293/2712 2913/2313/2732
f 2885/2285/2704 2888/2288/2707 2914/2314/2733
f 2883/2283/2702 2885/2285/2704 2914/2314/2733
f 2883/2283/2702 2914/2314/2733 2819/2219/2639
f 2819/2219/2639 2914/2314/2733 2821/2221/2641
f 2852/2252/2671 2900/2301/2720 2854/2254/2673
f 2817/2217/2637 2883/2283/2702 2819/2219/2639
f 2872/2272/2691 2870/2270/2689 2876/2276/2695
f 2752/2152/2573 2848/2249/2668 2754/2154/2575
f 2754/2154/2575 2848/2249/2668 2761/2161/2582
f 2761/2161/2582 2848/2249/2668 2763/2163/2584
f 2731/2131/2552 2838/2239/2659 2733/2133/2554
f 2733/2133/2554 2838/2239/2659 2743/2143/2564
f 2743/2143/2564 2838/2239/2659 2745/2145/2566
f 2650/2050/2472 2793/2194/2615 2652/2052/2474
f 2652/2052/2474 2793/2194/2615 2656/2056/2477
f 2656/2056/2477 2793/2194/2615 2658/2058/2479
f 2756/2156/2577 2754/2154/2575 2761/2161/2582
f 2604/2004/2434 2758/2159/2580 2606/2006/2436
f 2606/2006/2436 2758/2159/2580 2612/2012/2442
f 2612/2012/2442 2758/2159/2580 2614/2014/2443
f 2735/2135/2556 2733/2133/2554 2743/2143/2564
f 2579/1979/2413 2739/2140/2561 2580/1980/2414
f 2580/1980/2414 2739/2140/2561 2581/1981/2415
f 2581/1981/2415 2739/2140/2561 2583/1983/2416
f 2697/2097/2518 2695/2095/2516 2671/2071/2492
f 2671/2071/2492 2695/2095/2516 2672/2072/2493
f 2695/2095/2516 2693/2093/2514 2672/2072/2493
f 2672/2072/2493 2693/2093/2514 2675/2075/2496
f 2693/2093/2514 2692/2092/2513 2675/2075/2496
f 2675/2075/2496 2692/2092/2513 2677/2077/2498
f 2677/2077/2498 2692/2092/2513 2678/2078/2499
f 2692/2092/2513 2681/2081/2502 2678/2078/2499
f 2545/1945/2379 2687/2088/2509 2547/1947/2381
f 2547/1947/2381 2687/2088/2509 2552/1952/2386
f 2552/1952/2386 2687/2088/2509 2553/1953/2387
f 2534/1934/2368 2685/2086/2507 2536/1936/2370
f 2536/1936/2370 2685/2086/2507 2539/1939/2373
f 2539/1939/2373 2685/2086/2507 2543/1943/2377
f 2608/2008/2438 2606/2006/2436 2612/2012/2442
f 2589/1989/2421 2587/1987/2419 2593/1993/2424
f 2549/1949/2383 2547/1947/2381 2552/1952/2386
f 2500/1900/2336 2501/1902/1119 2508/1909/2343
f 2916/2315/2734 2915/2316/2735 2917/2317/436
f 2917/2317/436 2915/2316/2735 2918/2318/2736
f 2919/2319/2737 2917/2317/436 2918/2318/2736
f 2920/2320/2738 2919/2319/2737 2918/2318/2736
f 2922/2316/2735 2921/2321/2739 2923/2318/2740
f 2921/2321/2739 2924/2322/2741 2923/2318/2740
f 2924/2322/2741 2925/2323/2742 2923/2318/2740
f 2923/2318/2740 2925/2323/2742 2926/2320/2743
f 2928/2323/2744 2927/2322/2745 2929/2324/2746
f 2929/2324/2746 2927/2322/2745 2930/2325/2747
f 2927/2322/2745 2931/2321/2748 2930/2325/2747
f 2930/2325/2747 2931/2321/2748 2932/2326/2749
f 2933/2327/2750 2934/2328/2751 2939/2329/2752
f 2934/2328/2751 2933/2327/2750 2935/2330/2753
f 2935/2330/2753 2933/2327/2750 2936/2331/2754
f 2936/2331/2754 2933/2327/2750 2937/2332/2755
f 2937/2332/2755 2933/2327/2750 2938/2333/2756
f 2938/2333/2756 2933/2327/2750 2939/2329/2752
f 2940/2334/2757 2938/2333/2756 2939/2329/2752
f 2941/2335/2758 2935/2330/2753 2936/2331/2754
f 2943/2336/2759 2942/2337/2760 2944/2338/2761
f 2944/2338/2761 2942/2337/2760 2945/2339/2762
f 2946/2340/2763 2944/2338/2761 2945/2339/2762
f 2947/2341/2764 2946/2340/2763 2945/2339/2762
f 2949/2337/2765 2948/2342/2766 2950/2339/2767
f 2950/2339/2767 2948/2342/2766 2951/2343/2768
f 2952/2341/2769 2950/2339/2767 2951/2343/2768
f 2953/2344/2770 2952/2341/2769 2951/2343/2768
f 2955/2345/2769 2954/2346/2771 2956/2347/2772
f 2954/2346/2771 2957/2348/2754 2956/2347/2772
f 2956/2347/2772 2957/2348/2754 2958/2349/2773
f 2957/2348/2754 2959/2350/2774 2958/2349/2773
f 2959/2350/2774 2960/2351/2775 2958/2349/2773
f 2958/2349/2773 2960/2351/2775 2961/2352/2776
f 2962/2353/2777 2956/2347/2772 2958/2349/2773
f 2963/2354/2778 2956/2347/2772 2962/2353/2777
f 2965/2355/2779 2964/2356/2780 2966/2357/2781
f 2966/2357/2781 2964/2356/2780 2967/2358/2782
f 2968/2359/2783 2970/2360/2784 2967/2358/2782
f 2969/2361/2785 2968/2359/2783 2967/2358/2782
f 2970/2360/2784 2966/2357/2781 2967/2358/2782
f 2971/2362/2786 2966/2357/2781 2970/2360/2784
f 2972/2363/2787 2966/2357/2781 2971/2362/2786
f 2973/2364/2744 2968/2359/2783 2969/2361/2785
f 2975/2365/2788 2974/2366/2789 2976/2342/2790
f 2976/2342/2790 2974/2366/2789 2977/2343/2791
f 2974/2366/2789 2978/2367/2792 2977/2343/2791
f 2978/2367/2792 2979/2368/2754 2977/2343/2791
f 2977/2343/2791 2979/2368/2754 2980/2344/2793
f 2982/2369/2794 2981/2370/2795 2983/2371/2796
f 2981/2370/2795 2984/2372/2797 2983/2371/2796
f 2984/2372/2797 2985/2373/2798 2983/2371/2796
f 2983/2371/2796 2985/2373/2798 2986/2374/2799
f 2988/2370/2800 2987/2375/2801 2989/2372/2802
f 2987/2375/2801 2990/2376/2803 2989/2372/2802
f 2989/2372/2802 2990/2376/2803 2991/2373/2804
f 2991/2373/2804 2990/2376/2803 2992/2377/2805
f 2994/2340/2806 2993/2369/2807 2995/2338/2808
f 2995/2338/2808 2993/2369/2807 2996/2371/2809
f 2997/2336/2810 2995/2338/2808 2996/2371/2809
f 2998/2374/2811 2997/2336/2810 2996/2371/2809
f 3000/906/2812 2999/2378/2813 3001/2379/2814
f 3001/2379/2814 2999/2378/2813 3002/2380/2815
f 2999/2378/2813 3003/2381/2816 3002/2380/2815
f 3002/2380/2815 3003/2381/2816 3004/2382/2817
f 3005/2383/2789 3006/2384/2818 3010/2385/2819
f 3006/2384/2818 3005/2383/2789 3007/2379/2820
f 3007/2379/2820 3005/2383/2789 3008/2386/2821
f 3008/2386/2821 3005/2383/2789 3009/2387/2822
f 3009/2387/2822 3005/2383/2789 3010/2385/2819
f 3011/2388/2823 3009/2387/2822 3010/2385/2819
f 3010/2385/2819 3006/2384/2818 3012/2389/2824
f 3013/2390/2825 3008/2386/2821 3009/2387/2822
f 3014/2391/2826 3015/2379/2827 3020/2386/2828
f 3015/2379/2827 3014/2391/2826 3016/906/2829
f 3016/906/2829 3014/2391/2826 3017/2392/2830
f 3017/2392/2830 3014/2391/2826 3018/2393/2831
f 3018/2393/2831 3014/2391/2826 3019/2394/2832
f 3019/2394/2832 3014/2391/2826 3020/2386/2828
f 3021/2390/2833 3019/2394/2832 3020/2386/2828
f 3022/907/2834 3016/906/2829 3017/2392/2830
f 3024/2393/2835 3023/2395/2836 3025/2392/2837
f 3023/2395/2836 3026/2396/2792 3025/2392/2837
f 3025/2392/2837 3026/2396/2792 3027/907/1120
f 3026/2396/2792 3028/2397/2789 3027/907/1120
f 3028/2397/2789 3029/2398/1118 3027/907/1120
f 3030/2399/2838 3031/917/2839 3036/2325/2840
f 3031/917/2839 3030/2399/2838 3032/2400/2841
f 3032/2400/2841 3030/2399/2838 3033/2401/2819
f 3033/2401/2819 3030/2399/2838 3034/2402/2842
f 3034/2402/2842 3030/2399/2838 3035/2403/2843
f 3035/2403/2843 3030/2399/2838 3036/2325/2840
f 3037/2326/2844 3035/2403/2843 3036/2325/2840
f 3036/2325/2840 3031/917/2839 3038/2324/2845
f 3038/2324/2845 3031/917/2839 3040/914/2846
f 3039/2404/2847 3038/2324/2845 3040/914/2846
f 3041/916/2848 3039/2404/2847 3040/914/2846
f 3042/2405/2849 3039/2404/2847 3041/916/2848
f 3043/2406/2850 3044/2407/2851 3049/2408/2852
f 3044/2407/2851 3043/2406/2850 3045/2409/2853
f 3045/2409/2853 3043/2406/2850 3046/2410/2854
f 3046/2410/2854 3043/2406/2850 3047/2411/2855
f 3047/2411/2855 3043/2406/2850 3048/2412/2856
f 3048/2412/2856 3043/2406/2850 3049/2408/2852
f 3050/2408/2857 3048/2412/2856 3049/2408/2852
f 3050/2408/2857 3049/2408/2852 3052/2413/1281
f 3049/2408/2852 3044/2407/2851 3051/2414/2858
f 3049/2408/2852 3051/2414/2858 3052/2413/1281
f 3053/2415/2859 3050/2408/2857 3052/2413/1281
f 3053/2415/2859 3052/2413/1281 3055/2416/2860
f 3052/2413/1281 3051/2414/2858 3054/2417/2861
f 3052/2413/1281 3054/2417/2861 3056/2418/2862
f 3055/2416/2860 3052/2413/1281 3056/2418/2862
f 3055/2416/2860 3056/2418/2862 3058/2419/2863
f 3056/2418/2862 3054/2417/2861 3057/2420/2864
f 3056/2418/2862 3057/2420/2864 3059/2421/2865
f 3058/2419/2863 3056/2418/2862 3059/2421/2865
f 3058/2419/2863 3059/2421/2865 3061/2422/2866
f 3059/2421/2865 3057/2420/2864 3060/2423/2867
f 3059/2421/2865 3060/2423/2867 3062/2424/2868
f 3061/2422/2866 3059/2421/2865 3062/2424/2868
f 3061/2422/2866 3062/2424/2868 3064/2425/2869
f 3062/2424/2868 3060/2423/2867 3063/2426/2870
f 3062/2424/2868 3063/2426/2870 3065/2427/2871
f 3064/2425/2869 3062/2424/2868 3065/2427/2871
f 3064/2425/2869 3065/2427/2871 3067/2428/2872
f 3065/2427/2871 3063/2426/2870 3066/2429/2873
f 3065/2427/2871 3066/2429/2873 3068/2430/2874
f 3067/2428/2872 3065/2427/2871 3068/2430/2874
f 3067/2428/2872 3068/2430/2874 3070/2431/2875
f 3068/2430/2874 3066/2429/2873 3069/2432/2876
f 3068/2430/2874 3069/2432/2876 3070/2431/2875
f 3071/2433/2877 3067/2428/2872 3070/2431/2875
f 3071/2433/2877 3070/2431/2875 3073/2434/2878
f 3070/2431/2875 3069/2432/2876 3072/2435/2879
f 3070/2431/2875 3072/2435/2879 3073/2434/2878
f 3074/2436/2880 3071/2433/2877 3073/2434/2878
f 3074/2436/2880 3073/2434/2878 3076/2437/2881
f 3073/2434/2878 3072/2435/2879 3075/2438/2882
f 3073/2434/2878 3075/2438/2882 3078/2439/2883
f 3076/2437/2881 3073/2434/2878 3077/2440/2884
f 3077/2440/2884 3073/2434/2878 3078/2439/2883
f 3077/2440/2884 3078/2439/2883 3080/2441/2885
f 3078/2439/2883 3075/2438/2882 3079/2442/2886
f 3078/2439/2883 3079/2442/2886 3081/2443/2887
f 3080/2441/2885 3078/2439/2883 3081/2443/2887
f 3080/2441/2885 3081/2443/2887 3083/2444/2888
f 3081/2443/2887 3079/2442/2886 3082/2445/2889
f 3081/2443/2887 3082/2445/2889 3084/2446/2890
f 3083/2444/2888 3081/2443/2887 3084/2446/2890
f 3084/2446/2890 3082/2445/2889 3085/2447/2891
f 3082/2445/2889 3086/2448/2892 3085/2447/2891
f 3085/2447/2891 3086/2448/2892 3087/2449/2893
f 3086/2448/2892 3088/2450/2894 3087/2449/2893
f 3087/2449/2893 3088/2450/2894 3089/2451/2895
f 3088/2450/2894 3090/2452/2655 3089/2451/2895
f 3089/2451/2895 3090/2452/2655 3091/2453/2896
f 3090/2452/2655 3092/2454/2897 3091/2453/2896
f 3091/2453/2896 3092/2454/2897 3093/2455/2898
f 3092/2454/2897 3094/2456/2899 3093/2455/2898
f 3094/2456/2899 3095/2457/2900 3093/2455/2898
f 3093/2455/2898 3095/2457/2900 3096/2458/2901
f 3095/2457/2900 3097/2459/2902 3096/2458/2901
f 3096/2458/2901 3097/2459/2902 3098/2460/2903
f 3098/2460/2903 3097/2459/2902 3099/2461/2904
f 3097/2459/2902 3100/2462/2905 3099/2461/2904
f 3100/2462/2905 3101/2463/2906 3099/2461/2904
f 3101/2463/2906 3102/2464/2907 3099/2461/2904
f 3102/2464/2907 3103/2465/2908 3099/2461/2904
f 3103/2465/2908 3104/2466/2909 3099/2461/2904
f 3099/2461/2904 3104/2466/2909 3105/2467/2903
f 3104/2466/2909 3106/2468/2910 3105/2467/2903
f 3105/2467/2903 3106/2468/2910 3107/2469/2901
f 3107/2469/2901 3106/2468/2910 3109/2470/2911
f 3108/2471/2912 3107/2469/2901 3109/2470/2911
f 3108/2471/2912 3109/2470/2911 3111/2472/2913
f 3109/2470/2911 3106/2468/2910 3110/2473/2914
f 3109/2470/2911 3110/2473/2914 3112/2474/2915
f 3111/2472/2913 3109/2470/2911 3112/2474/2915
f 3111/2472/2913 3112/2474/2915 3114/2475/2916
f 3112/2474/2915 3110/2473/2914 3113/2476/2917
f 3112/2474/2915 3113/2476/2917 3115/2477/2918
f 3114/2475/2916 3112/2474/2915 3115/2477/2918
f 3114/2475/2916 3115/2477/2918 3117/2478/2919
f 3115/2477/2918 3113/2476/2917 3116/2479/2920
f 3115/2477/2918 3116/2479/2920 3118/2480/2921
f 3117/2478/2919 3115/2477/2918 3118/2480/2921
f 3117/2478/2919 3118/2480/2921 3120/2481/2922
f 3118/2480/2921 3116/2479/2920 3119/2482/2923
f 3118/2480/2921 3119/2482/2923 3120/2481/2922
f 3121/2483/2924 3123/2484/2925 3120/2481/2922
f 3122/2485/2926 3121/2483/2924 3120/2481/2922
f 3122/2485/2926 3120/2481/2922 3125/2486/2927
f 3123/2484/2925 3117/2478/2919 3120/2481/2922
f 3120/2481/2922 3119/2482/2923 3124/2487/2928
f 3120/2481/2922 3124/2487/2928 3125/2486/2927
f 3126/2488/2929 3122/2485/2926 3125/2486/2927
f 3127/2489/2930 3126/2488/2929 3125/2486/2927
f 3125/2486/2927 3130/2490/2931 3127/2489/2930
f 3124/2487/2928 3128/2491/2932 3125/2486/2927
f 3128/2491/2932 3129/2492/2933 3125/2486/2927
f 3125/2486/2927 3129/2492/2933 3130/2490/2931
f 3129/2492/2933 3131/2493/2934 3130/2490/2931
f 3131/2493/2934 3132/2494/2935 3130/2490/2931
f 3132/2494/2935 3133/2495/2936 3130/2490/2931
f 3133/2495/2936 3127/2489/2930 3130/2490/2931
f 3134/2496/2937 3135/2497/2938 3133/2495/2936
f 3132/2494/2935 3134/2496/2937 3133/2495/2936
f 3135/2497/2938 3136/2498/2939 3133/2495/2936
f 3136/2498/2939 3126/2488/2929 3133/2495/2936
f 3133/2495/2936 3126/2488/2929 3127/2489/2930
f 3137/2499/2940 3138/2500/2941 3136/2498/2939
f 3135/2497/2938 3137/2499/2940 3136/2498/2939
f 3136/2498/2939 3138/2500/2941 3126/2488/2929
f 3139/2501/2942 3140/2502/2943 3138/2500/2941
f 3137/2499/2940 3139/2501/2942 3138/2500/2941
f 3138/2500/2941 3140/2502/2943 3121/2483/2924
f 3138/2500/2941 3121/2483/2924 3122/2485/2926
f 3126/2488/2929 3138/2500/2941 3122/2485/2926
f 3141/2503/2944 3142/2504/2945 3140/2502/2943
f 3139/2501/2942 3141/2503/2944 3140/2502/2943
f 3140/2502/2943 3142/2504/2945 3143/2505/2946
f 3140/2502/2943 3143/2505/2946 3121/2483/2924
f 3142/2504/2945 3144/2506/2947 3143/2505/2946
f 3143/2505/2946 3144/2506/2947 3145/2507/2948
f 3143/2505/2946 3145/2507/2948 3123/2484/2925
f 3121/2483/2924 3143/2505/2946 3123/2484/2925
f 3144/2506/2947 3146/2508/2949 3145/2507/2948
f 3146/2508/2949 3111/2472/2913 3145/2507/2948
f 3145/2507/2948 3111/2472/2913 3114/2475/2916
f 3145/2507/2948 3114/2475/2916 3123/2484/2925
f 3147/2509/2950 3148/2510/2951 3146/2508/2949
f 3144/2506/2947 3147/2509/2950 3146/2508/2949
f 3146/2508/2949 3148/2510/2951 3111/2472/2913
f 3148/2510/2951 3108/2471/2912 3111/2472/2913
f 3149/2511/2952 3147/2509/2950 3142/2504/2945
f 3142/2504/2945 3147/2509/2950 3144/2506/2947
f 3150/2512/2953 3149/2511/2952 3141/2503/2944
f 3141/2503/2944 3149/2511/2952 3142/2504/2945
f 3151/2513/2954 3150/2512/2953 3141/2503/2944
f 3152/2514/2955 3151/2513/2954 3153/2515/2956
f 3153/2515/2956 3151/2513/2954 3141/2503/2944
f 3154/2516/2957 3152/2514/2955 3153/2515/2956
f 3154/2516/2957 3153/2515/2956 3155/2517/2958
f 3153/2515/2956 3141/2503/2944 3139/2501/2942
f 3155/2517/2958 3153/2515/2956 3156/2518/2959
f 3156/2518/2959 3153/2515/2956 3139/2501/2942
f 3155/2517/2958 3156/2518/2959 3157/2519/2960
f 3156/2518/2959 3139/2501/2942 3137/2499/2940
f 3157/2519/2960 3156/2518/2959 3158/2520/2961
f 3158/2520/2961 3156/2518/2959 3137/2499/2940
f 3157/2519/2960 3158/2520/2961 3135/2497/2938
f 3158/2520/2961 3137/2499/2940 3135/2497/2938
f 3159/2521/2962 3155/2517/2958 3157/2519/2960
f 3160/2522/2963 3159/2521/2962 3157/2519/2960
f 3160/2522/2963 3157/2519/2960 3135/2497/2938
f 3161/2523/2964 3163/2524/2965 3160/2522/2963
f 3162/2525/2966 3161/2523/2964 3160/2522/2963
f 3162/2525/2966 3160/2522/2963 3134/2496/2937
f 3163/2524/2965 3159/2521/2962 3160/2522/2963
f 3134/2496/2937 3160/2522/2963 3135/2497/2938
f 3164/2526/2967 3165/2527/2968 3163/2524/2965
f 3161/2523/2964 3164/2526/2967 3163/2524/2965
f 3165/2527/2968 3166/2528/2969 3163/2524/2965
f 3163/2524/2965 3166/2528/2969 3159/2521/2962
f 3167/2529/2970 3168/2530/2971 3166/2528/2969
f 3165/2527/2968 3167/2529/2970 3166/2528/2969
f 3166/2528/2969 3168/2530/2971 3169/2531/2972
f 3166/2528/2969 3169/2531/2972 3159/2521/2962
f 3168/2530/2971 3170/2532/2973 3169/2531/2972
f 3170/2532/2973 3171/2533/2974 3169/2531/2972
f 3169/2531/2972 3171/2533/2974 3172/2534/2975
f 3169/2531/2972 3172/2534/2975 3159/2521/2962
f 3172/2534/2975 3171/2533/2974 3173/2535/2976
f 3172/2534/2975 3173/2535/2976 3155/2517/2958
f 3159/2521/2962 3172/2534/2975 3155/2517/2958
f 3171/2533/2974 3174/2536/2977 3173/2535/2976
f 3173/2535/2976 3174/2536/2977 3154/2516/2957
f 3173/2535/2976 3154/2516/2957 3155/2517/2958
f 3174/2536/2977 3171/2533/2974 3175/2537/2978
f 3174/2536/2977 3152/2514/2955 3154/2516/2957
f 3175/2537/2978 3171/2533/2974 3176/2538/2979
f 3171/2533/2974 3170/2532/2973 3176/2538/2979
f 3176/2538/2979 3170/2532/2973 3177/2539/2980
f 3170/2532/2973 3178/2540/2981 3177/2539/2980
f 3177/2539/2980 3178/2540/2981 3179/2541/2982
f 3178/2540/2981 3180/2542/2983 3179/2541/2982
f 3179/2541/2982 3180/2542/2983 3181/2543/2984
f 3180/2542/2983 3182/2544/2985 3181/2543/2984
f 3181/2543/2984 3182/2544/2985 3183/2545/2986
f 3182/2544/2985 3184/2546/2987 3183/2545/2986
f 3183/2545/2986 3184/2546/2987 3185/2547/2988
f 3184/2546/2987 3186/2548/2989 3185/2547/2988
f 3186/2548/2989 3187/2549/2990 3185/2547/2988
f 3185/2547/2988 3187/2549/2990 3188/2550/2991
f 3187/2549/2990 3189/2551/2992 3188/2550/2991
f 3188/2550/2991 3189/2551/2992 3190/2552/2993
f 3189/2551/2992 3191/2553/2994 3190/2552/2993
f 3190/2552/2993 3191/2553/2994 3192/2554/2995
f 3191/2553/2994 3193/2555/2996 3192/2554/2995
f 3192/2554/2995 3193/2555/2996 3194/2556/2997
f 3193/2555/2996 3195/2557/2998 3194/2556/2997
f 3194/2556/2997 3195/2557/2998 3196/2558/2999
f 3195/2557/2998 3197/2559/3000 3196/2558/2999
f 3196/2558/2999 3197/2559/3000 3198/2560/3001
f 3197/2559/3000 3199/2561/3002 3198/2560/3001
f 3198/2560/3001 3199/2561/3002 3200/2562/3003
f 3200/2562/3003 3199/2561/3002 3201/2563/3004
f 3199/2561/3002 3202/2564/3005 3201/2563/3004
f 3201/2563/3004 3202/2564/3005 3203/2565/3006
f 3202/2564/3005 3204/2566/3007 3203/2565/3006
f 3203/2565/3006 3204/2566/3007 3205/2567/3008
f 3204/2566/3007 3206/2568/3009 3205/2567/3008
f 3206/2568/3009 3207/2569/3010 3205/2567/3008
f 3205/2567/3008 3207/2569/3010 3208/2570/3011
f 3207/2569/3010 3209/2571/3012 3208/2570/3011
f 3208/2570/3011 3209/2571/3012 3210/2572/3013
f 3209/2571/3012 3211/2573/3014 3210/2572/3013
f 3210/2572/3013 3211/2573/3014 3212/2574/3015
f 3212/2574/3015 3211/2573/3014 3213/2575/3016
f 3211/2573/3014 3214/2576/3017 3213/2575/3016
f 3213/2575/3016 3214/2576/3017 3215/2577/3018
f 3214/2576/3017 3216/2578/3019 3215/2577/3018
f 3216/2578/3019 3217/2579/3020 3215/2577/3018
f 3215/2577/3018 3217/2579/3020 3218/2580/3021
f 3218/2580/3021 3217/2579/3020 3219/2581/3022
f 3217/2579/3020 3220/2582/3023 3219/2581/3022
f 3219/2581/3022 3220/2582/3023 3221/2583/3024
f 3220/2582/3023 3222/2584/3025 3221/2583/3024
f 3221/2583/3024 3222/2584/3025 3223/2585/3026
f 3222/2584/3025 3224/2586/3027 3223/2585/3026
f 3224/2586/3027 3225/2587/3028 3223/2585/3026
f 3223/2585/3026 3225/2587/3028 3226/2588/3029
f 3225/2587/3028 3227/2589/3030 3226/2588/3029
f 3226/2588/3029 3227/2589/3030 3228/2590/3031
f 3227/2589/3030 3229/2591/3032 3228/2590/3031
f 3228/2590/3031 3229/2591/3032 3230/2592/3033
f 3229/2591/3032 3231/2593/3034 3230/2592/3033
f 3230/2592/3033 3231/2593/3034 3232/2594/3035
f 3231/2593/3034 3233/2595/3036 3232/2594/3035
f 3232/2594/3035 3233/2595/3036 3234/2596/3037
f 3233/2595/3036 3235/2597/817 3234/2596/3037
f 3234/2596/3037 3235/2597/817 3236/2598/3038
f 3235/2597/817 3237/2599/3039 3236/2598/3038
f 3236/2598/3038 3237/2599/3039 3238/2600/3040
f 3237/2599/3039 3239/2601/109 3238/2600/3040
f 3238/2600/3040 3239/2601/109 3240/2602/3041
f 3239/2601/109 3241/2603/3042 3240/2602/3041
f 3241/2603/3042 3242/2604/3043 3240/2602/3041
f 3242/2604/3043 3243/2605/3044 3240/2602/3041
f 3243/2605/3044 3244/2606/3045 3240/2602/3041
f 3244/2606/3045 3245/2607/3046 3240/2602/3041
f 3240/2602/3041 3245/2607/3046 3246/2608/3047
f 3245/2607/3046 3247/2609/3048 3246/2608/3047
f 3246/2608/3047 3247/2609/3048 3248/2610/3049
f 3247/2609/3048 3249/2611/3050 3248/2610/3049
f 3248/2610/3049 3249/2611/3050 3250/2612/3051
f 3249/2611/3050 3251/2613/3052 3250/2612/3051
f 3250/2612/3051 3251/2613/3052 3252/2614/3035
f 3251/2613/3052 3253/2615/3053 3252/2614/3035
f 3252/2614/3035 3253/2615/3053 3254/2616/3054
f 3253/2615/3053 3255/2617/3055 3254/2616/3054
f 3254/2616/3054 3255/2617/3055 3256/2618/3056
f 3255/2617/3055 3257/2619/3057 3256/2618/3056
f 3256/2618/3056 3257/2619/3057 3258/2620/3058
f 3257/2619/3057 3259/2621/3059 3258/2620/3058
f 3258/2620/3058 3259/2621/3059 3260/2622/3026
f 3260/2622/3026 3259/2621/3059 3261/2623/3060
f 3259/2621/3059 3262/2624/3061 3261/2623/3060
f 3261/2623/3060 3262/2624/3061 3263/2625/3022
f 3262/2624/3061 3264/2626/3062 3263/2625/3022
f 3263/2625/3022 3264/2626/3062 3265/2627/3063
f 3264/2626/3062 3266/2628/3064 3265/2627/3063
f 3266/2628/3064 3267/2629/3065 3265/2627/3063
f 3265/2627/3063 3267/2629/3065 3268/2630/3066
f 3267/2629/3065 3269/2631/3067 3268/2630/3066
f 3268/2630/3066 3269/2631/3067 3270/2632/3068
f 3269/2631/3067 3271/2633/3069 3270/2632/3068
f 3270/2632/3068 3271/2633/3069 3272/2634/3070
f 3271/2633/3069 3273/2635/3071 3272/2634/3070
f 3272/2634/3070 3273/2635/3071 3274/2636/3072
f 3273/2635/3071 3275/2637/3073 3274/2636/3072
f 3274/2636/3072 3275/2637/3073 3276/2638/3074
f 3276/2638/3074 3275/2637/3073 3277/2639/3075
f 3275/2637/3073 3278/2640/3076 3277/2639/3075
f 3277/2639/3075 3278/2640/3076 3279/2641/3077
f 3278/2640/3076 3280/2642/3078 3279/2641/3077
f 3279/2641/3077 3280/2642/3078 3281/2643/3079
f 3280/2642/3078 3282/2644/3080 3281/2643/3079
f 3281/2643/3079 3282/2644/3080 3283/2645/3081
f 3282/2644/3080 3284/2646/3082 3283/2645/3081
f 3283/2645/3081 3284/2646/3082 3285/2647/3083
f 3284/2646/3082 3286/2648/3084 3285/2647/3083
f 3285/2647/3083 3286/2648/3084 3287/2649/3085
f 3286/2648/3084 3288/2650/3086 3287/2649/3085
f 3288/2650/3086 3289/2651/3087 3287/2649/3085
f 3287/2649/3085 3289/2651/3087 3290/2652/2997
f 3289/2651/3087 3291/2653/3088 3290/2652/2997
f 3290/2652/2997 3291/2653/3088 3292/2654/2995
f 3291/2653/3088 3293/2655/3089 3292/2654/2995
f 3292/2654/2995 3293/2655/3089 3294/2656/2993
f 3293/2655/3089 3295/2657/3090 3294/2656/2993
f 3294/2656/2993 3295/2657/3090 3296/2658/2991
f 3295/2657/3090 3297/2659/3091 3296/2658/2991
f 3296/2658/2991 3297/2659/3091 3298/2660/2988
f 3298/2660/2988 3297/2659/3091 3299/2661/2986
f 3297/2659/3091 3300/2662/3092 3299/2661/2986
f 3299/2661/2986 3300/2662/3092 3301/2663/2984
f 3300/2662/3092 3302/2664/3093 3301/2663/2984
f 3301/2663/2984 3302/2664/3093 3303/2665/3094
f 3302/2664/3093 3304/2666/842 3303/2665/3094
f 3303/2665/3094 3304/2666/842 3305/2667/3095
f 3304/2666/842 3306/2668/3096 3305/2667/3095
f 3305/2667/3095 3306/2668/3096 3307/2669/3097
f 3306/2668/3096 3308/2670/3098 3307/2669/3097
f 3308/2670/3098 3309/2671/3099 3307/2669/3097
f 3307/2669/3097 3309/2671/3099 3310/2672/3100
f 3309/2671/3099 3080/2441/2885 3310/2672/3100
f 3310/2672/3100 3080/2441/2885 3311/2673/3101
f 3311/2673/3101 3080/2441/2885 3083/2444/2888
f 3076/2437/2881 3077/2440/2884 3309/2671/3099
f 3308/2670/3098 3076/2437/2881 3309/2671/3099
f 3309/2671/3099 3077/2440/2884 3080/2441/2885
f 3312/2674/3102 3313/2675/3103 3308/2670/3098
f 3306/2668/3096 3312/2674/3102 3308/2670/3098
f 3313/2675/3103 3076/2437/2881 3308/2670/3098
f 3314/2676/3104 3315/2677/3105 3313/2675/3103
f 3312/2674/3102 3314/2676/3104 3313/2675/3103
f 3313/2675/3103 3315/2677/3105 3076/2437/2881
f 3316/2678/3106 3317/2679/3107 3315/2677/3105
f 3314/2676/3104 3316/2678/3106 3315/2677/3105
f 3317/2679/3107 3071/2433/2877 3315/2677/3105
f 3315/2677/3105 3071/2433/2877 3074/2436/2880
f 3315/2677/3105 3074/2436/2880 3076/2437/2881
f 3318/2680/3108 3067/2428/2872 3317/2679/3107
f 3316/2678/3106 3318/2680/3108 3317/2679/3107
f 3317/2679/3107 3067/2428/2872 3071/2433/2877
f 3318/2680/3108 3319/2681/3109 3067/2428/2872
f 3320/2682/3110 3319/2681/3109 3318/2680/3108
f 3320/2682/3110 3318/2680/3108 3316/2678/3106
f 3321/2683/3111 3319/2681/3109 3320/2682/3110
f 3322/2684/3112 3321/2683/3111 3320/2682/3110
f 3322/2684/3112 3320/2682/3110 3323/2685/3113
f 3323/2685/3113 3320/2682/3110 3316/2678/3106
f 3324/2686/3114 3322/2684/3112 3323/2685/3113
f 3324/2686/3114 3323/2685/3113 3325/2687/3115
f 3323/2685/3113 3316/2678/3106 3326/2688/3116
f 3325/2687/3115 3323/2685/3113 3326/2688/3116
f 3325/2687/3115 3326/2688/3116 3327/2689/3117
f 3326/2688/3116 3316/2678/3106 3314/2676/3104
f 3326/2688/3116 3314/2676/3104 3312/2674/3102
f 3327/2689/3117 3326/2688/3116 3328/2690/3118
f 3328/2690/3118 3326/2688/3116 3312/2674/3102
f 3327/2689/3117 3328/2690/3118 3302/2664/3093
f 3328/2690/3118 3312/2674/3102 3306/2668/3096
f 3302/2664/3093 3328/2690/3118 3304/2666/842
f 3304/2666/842 3328/2690/3118 3306/2668/3096
f 3329/2691/3119 3325/2687/3115 3327/2689/3117
f 3329/2691/3119 3327/2689/3117 3302/2664/3093
f 3330/2692/3120 3325/2687/3115 3329/2691/3119
f 3331/2693/3121 3330/2692/3120 3329/2691/3119
f 3331/2693/3121 3329/2691/3119 3297/2659/3091
f 3297/2659/3091 3329/2691/3119 3300/2662/3092
f 3300/2662/3092 3329/2691/3119 3302/2664/3093
f 3332/2694/3122 3330/2692/3120 3331/2693/3121
f 3333/2695/3123 3332/2694/3122 3331/2693/3121
f 3333/2695/3123 3331/2693/3121 3297/2659/3091
f 3334/2696/3124 3332/2694/3122 3333/2695/3123
f 3334/2696/3124 3333/2695/3123 3293/2655/3089
f 3293/2655/3089 3333/2695/3123 3295/2657/3090
f 3295/2657/3090 3333/2695/3123 3297/2659/3091
f 3335/2697/3125 3332/2694/3122 3334/2696/3124
f 3336/2698/3126 3335/2697/3125 3334/2696/3124
f 3336/2698/3126 3334/2696/3124 3291/2653/3088
f 3291/2653/3088 3334/2696/3124 3293/2655/3089
f 3337/2699/3127 3335/2697/3125 3336/2698/3126
f 3338/2700/3128 3337/2699/3127 3336/2698/3126
f 3338/2700/3128 3336/2698/3126 3291/2653/3088
f 3339/2701/2132 3337/2699/3127 3338/2700/3128
f 3340/2702/3129 3339/2701/2132 3338/2700/3128
f 3340/2702/3129 3338/2700/3128 3289/2651/3087
f 3289/2651/3087 3338/2700/3128 3291/2653/3088
f 3341/2703/3130 3339/2701/2132 3340/2702/3129
f 3342/2704/3131 3341/2703/3130 3340/2702/3129
f 3342/2704/3131 3340/2702/3129 3288/2650/3086
f 3288/2650/3086 3340/2702/3129 3289/2651/3087
f 3343/2705/3132 3341/2703/3130 3342/2704/3131
f 3344/2706/3133 3343/2705/3132 3342/2704/3131
f 3344/2706/3133 3342/2704/3131 3286/2648/3084
f 3286/2648/3084 3342/2704/3131 3288/2650/3086
f 3345/2707/3134 3343/2705/3132 3344/2706/3133
f 3346/2708/3135 3345/2707/3134 3344/2706/3133
f 3346/2708/3135 3344/2706/3133 3284/2646/3082
f 3284/2646/3082 3344/2706/3133 3286/2648/3084
f 3347/2709/3136 3345/2707/3134 3346/2708/3135
f 3348/2710/3137 3347/2709/3136 3346/2708/3135
f 3348/2710/3137 3346/2708/3135 3282/2644/3080
f 3282/2644/3080 3346/2708/3135 3284/2646/3082
f 3349/2711/3138 3347/2709/3136 3348/2710/3137
f 3350/2712/3139 3349/2711/3138 3348/2710/3137
f 3350/2712/3139 3348/2710/3137 3280/2642/3078
f 3280/2642/3078 3348/2710/3137 3282/2644/3080
f 3351/2713/3140 3349/2711/3138 3350/2712/3139
f 3352/2714/3141 3351/2713/3140 3350/2712/3139
f 3352/2714/3141 3350/2712/3139 3278/2640/3076
f 3278/2640/3076 3350/2712/3139 3280/2642/3078
f 3353/2715/3142 3351/2713/3140 3352/2714/3141
f 3354/2716/3143 3353/2715/3142 3352/2714/3141
f 3354/2716/3143 3352/2714/3141 3275/2637/3073
f 3275/2637/3073 3352/2714/3141 3278/2640/3076
f 3355/2717/3144 3353/2715/3142 3354/2716/3143
f 3355/2717/3144 3354/2716/3143 3271/2633/3069
f 3271/2633/3069 3354/2716/3143 3273/2635/3071
f 3273/2635/3071 3354/2716/3143 3275/2637/3073
f 3356/2718/3145 3353/2715/3142 3355/2717/3144
f 3357/2719/3146 3356/2718/3145 3355/2717/3144
f 3357/2719/3146 3355/2717/3144 3269/2631/3067
f 3269/2631/3067 3355/2717/3144 3271/2633/3069
f 3358/2720/3147 3356/2718/3145 3357/2719/3146
f 3359/2721/3148 3358/2720/3147 3357/2719/3146
f 3359/2721/3148 3357/2719/3146 3267/2629/3065
f 3267/2629/3065 3357/2719/3146 3269/2631/3067
f 3360/2722/3149 3358/2720/3147 3359/2721/3148
f 3361/2723/3150 3360/2722/3149 3359/2721/3148
f 3361/2723/3150 3359/2721/3148 3266/2628/3064
f 3266/2628/3064 3359/2721/3148 3267/2629/3065
f 3362/2724/3151 3364/2725/3152 3361/2723/3150
f 3363/2726/3153 3362/2724/3151 3361/2723/3150
f 3363/2726/3153 3361/2723/3150 3266/2628/3064
f 3364/2725/3152 3360/2722/3149 3361/2723/3150
f 3365/2727/3154 3366/2728/3155 3364/2725/3152
f 3362/2724/3151 3365/2727/3154 3364/2725/3152
f 3364/2725/3152 3366/2728/3155 3360/2722/3149
f 3367/2729/3156 3368/2730/3157 3366/2728/3155
f 3365/2727/3154 3367/2729/3156 3366/2728/3155
f 3366/2728/3155 3368/2730/3157 3369/2731/2231
f 3366/2728/3155 3369/2731/2231 3360/2722/3149
f 3368/2730/3157 3370/2732/3158 3369/2731/2231
f 3369/2731/2231 3370/2732/3158 3371/2733/3159
f 3369/2731/2231 3371/2733/3159 3356/2718/3145
f 3360/2722/3149 3369/2731/2231 3358/2720/3147
f 3358/2720/3147 3369/2731/2231 3356/2718/3145
f 3370/2732/3158 3372/2734/3160 3371/2733/3159
f 3371/2733/3159 3372/2734/3160 3373/2735/3161
f 3371/2733/3159 3373/2735/3161 3356/2718/3145
f 3372/2734/3160 3374/2736/3162 3373/2735/3161
f 3373/2735/3161 3374/2736/3162 3375/2737/3163
f 3373/2735/3161 3375/2737/3163 3353/2715/3142
f 3356/2718/3145 3373/2735/3161 3353/2715/3142
f 3375/2737/3163 3374/2736/3162 3376/2738/3164
f 3375/2737/3163 3376/2738/3164 3349/2711/3138
f 3353/2715/3142 3375/2737/3163 3351/2713/3140
f 3351/2713/3140 3375/2737/3163 3349/2711/3138
f 3374/2736/3162 3377/2739/3165 3376/2738/3164
f 3376/2738/3164 3377/2739/3165 3378/2740/3166
f 3376/2738/3164 3378/2740/3166 3347/2709/3136
f 3349/2711/3138 3376/2738/3164 3347/2709/3136
f 3377/2739/3165 3379/2741/3167 3378/2740/3166
f 3378/2740/3166 3379/2741/3167 3380/2742/3168
f 3378/2740/3166 3380/2742/3168 3345/2707/3134
f 3347/2709/3136 3378/2740/3166 3345/2707/3134
f 3379/2741/3167 3381/2743/3169 3380/2742/3168
f 3380/2742/3168 3381/2743/3169 3382/2744/3170
f 3380/2742/3168 3382/2744/3170 3343/2705/3132
f 3345/2707/3134 3380/2742/3168 3343/2705/3132
f 3381/2743/3169 3383/2745/3171 3382/2744/3170
f 3382/2744/3170 3383/2745/3171 3384/2746/3172
f 3382/2744/3170 3384/2746/3172 3341/2703/3130
f 3343/2705/3132 3382/2744/3170 3341/2703/3130
f 3383/2745/3171 3385/2747/3173 3384/2746/3172
f 3384/2746/3172 3385/2747/3173 3386/2748/3174
f 3384/2746/3172 3386/2748/3174 3339/2701/2132
f 3341/2703/3130 3384/2746/3172 3339/2701/2132
f 3385/2747/3173 3387/2749/834 3386/2748/3174
f 3386/2748/3174 3387/2749/834 3388/2750/3175
f 3386/2748/3174 3388/2750/3175 3337/2699/3127
f 3339/2701/2132 3386/2748/3174 3337/2699/3127
f 3387/2749/834 3389/2751/3176 3388/2750/3175
f 3388/2750/3175 3389/2751/3176 3390/2752/3177
f 3388/2750/3175 3390/2752/3177 3335/2697/3125
f 3337/2699/3127 3388/2750/3175 3335/2697/3125
f 3390/2752/3177 3389/2751/3176 3324/2686/3114
f 3390/2752/3177 3324/2686/3114 3330/2692/3120
f 3335/2697/3125 3390/2752/3177 3332/2694/3122
f 3332/2694/3122 3390/2752/3177 3330/2692/3120
f 3389/2751/3176 3391/2753/3178 3322/2684/3112
f 3387/2749/834 3391/2753/3178 3389/2751/3176
f 3389/2751/3176 3322/2684/3112 3324/2686/3114
f 3391/2753/3178 3392/2754/3179 3321/2683/3111
f 3393/2755/334 3392/2754/3179 3391/2753/3178
f 3393/2755/334 3391/2753/3178 3387/2749/834
f 3391/2753/3178 3321/2683/3111 3322/2684/3112
f 3394/2756/3180 3392/2754/3179 3393/2755/334
f 3395/2757/3181 3394/2756/3180 3393/2755/334
f 3395/2757/3181 3393/2755/334 3385/2747/3173
f 3385/2747/3173 3393/2755/334 3387/2749/834
f 3396/2758/3182 3394/2756/3180 3395/2757/3181
f 3396/2758/3182 3395/2757/3181 3383/2745/3171
f 3383/2745/3171 3395/2757/3181 3385/2747/3173
f 3397/2759/3183 3399/2760/3184 3396/2758/3182
f 3398/2761/3185 3397/2759/3183 3396/2758/3182
f 3398/2761/3185 3396/2758/3182 3381/2743/3169
f 3399/2760/3184 3394/2756/3180 3396/2758/3182
f 3381/2743/3169 3396/2758/3182 3383/2745/3171
f 3400/2762/3186 3401/2763/3187 3399/2760/3184
f 3397/2759/3183 3400/2762/3186 3399/2760/3184
f 3401/2763/3187 3402/2764/3188 3399/2760/3184
f 3399/2760/3184 3402/2764/3188 3394/2756/3180
f 3402/2764/3188 3403/2765/3189 3404/2766/3190
f 3401/2763/3187 3403/2765/3189 3402/2764/3188
f 3402/2764/3188 3404/2766/3190 3405/2767/3191
f 3394/2756/3180 3402/2764/3188 3392/2754/3179
f 3392/2754/3179 3402/2764/3188 3405/2767/3191
f 3392/2754/3179 3405/2767/3191 3321/2683/3111
f 3405/2767/3191 3404/2766/3190 3061/2422/2866
f 3405/2767/3191 3061/2422/2866 3319/2681/3109
f 3321/2683/3111 3405/2767/3191 3319/2681/3109
f 3403/2765/3189 3406/2768/3192 3404/2766/3190
f 3404/2766/3190 3406/2768/3192 3058/2419/2863
f 3404/2766/3190 3058/2419/2863 3061/2422/2866
f 3407/2769/3193 3408/2770/3194 3406/2768/3192
f 3403/2765/3189 3407/2769/3193 3406/2768/3192
f 3408/2770/3194 3053/2415/2859 3406/2768/3192
f 3406/2768/3192 3053/2415/2859 3055/2416/2860
f 3406/2768/3192 3055/2416/2860 3058/2419/2863
f 3409/2771/3195 3048/2412/2856 3408/2770/3194
f 3407/2769/3193 3409/2771/3195 3408/2770/3194
f 3408/2770/3194 3048/2412/2856 3053/2415/2859
f 3047/2411/2855 3409/2771/3195 3410/2772/3196
f 3409/2771/3195 3047/2411/2855 3048/2412/2856
f 3410/2772/3196 3409/2771/3195 3411/2773/3197
f 3411/2773/3197 3409/2771/3195 3412/2774/3198
f 3412/2774/3198 3409/2771/3195 3407/2769/3193
f 3411/2773/3197 3412/2774/3198 3413/2775/3199
f 3412/2774/3198 3407/2769/3193 3415/2776/3200
f 3413/2775/3199 3412/2774/3198 3414/2777/3201
f 3414/2777/3201 3412/2774/3198 3415/2776/3200
f 3414/2777/3201 3415/2776/3200 3400/2762/3186
f 3415/2776/3200 3407/2769/3193 3403/2765/3189
f 3415/2776/3200 3403/2765/3189 3401/2763/3187
f 3400/2762/3186 3415/2776/3200 3401/2763/3187
f 3413/2775/3199 3414/2777/3201 3416/2778/3202
f 3416/2778/3202 3414/2777/3201 3417/2779/3203
f 3417/2779/3203 3414/2777/3201 3400/2762/3186
f 3416/2778/3202 3417/2779/3203 3418/2780/3204
f 3417/2779/3203 3400/2762/3186 3397/2759/3183
f 3418/2780/3204 3417/2779/3203 3419/2781/3078
f 3419/2781/3078 3417/2779/3203 3397/2759/3183
f 3418/2780/3204 3419/2781/3078 3420/2782/3205
f 3419/2781/3078 3397/2759/3183 3398/2761/3185
f 3420/2782/3205 3419/2781/3078 3421/2783/3206
f 3421/2783/3206 3419/2781/3078 3398/2761/3185
f 3420/2782/3205 3421/2783/3206 3374/2736/3162
f 3421/2783/3206 3398/2761/3185 3379/2741/3167
f 3374/2736/3162 3421/2783/3206 3377/2739/3165
f 3377/2739/3165 3421/2783/3206 3379/2741/3167
f 3422/2784/3207 3418/2780/3204 3420/2782/3205
f 3422/2784/3207 3420/2782/3205 3372/2734/3160
f 3372/2734/3160 3420/2782/3205 3374/2736/3162
f 3423/2785/3208 3418/2780/3204 3422/2784/3207
f 3424/2786/3209 3423/2785/3208 3422/2784/3207
f 3424/2786/3209 3422/2784/3207 3370/2732/3158
f 3370/2732/3158 3422/2784/3207 3372/2734/3160
f 3425/2787/3210 3423/2785/3208 3424/2786/3209
f 3426/2788/3211 3425/2787/3210 3424/2786/3209
f 3426/2788/3211 3424/2786/3209 3368/2730/3157
f 3368/2730/3157 3424/2786/3209 3370/2732/3158
f 3427/2789/3212 3425/2787/3210 3426/2788/3211
f 3428/2790/3213 3427/2789/3212 3426/2788/3211
f 3428/2790/3213 3426/2788/3211 3367/2729/3156
f 3367/2729/3156 3426/2788/3211 3368/2730/3157
f 3429/2791/3214 3427/2789/3212 3428/2790/3213
f 3430/2792/3215 3429/2791/3214 3428/2790/3213
f 3430/2792/3215 3428/2790/3213 3431/2793/3216
f 3431/2793/3216 3428/2790/3213 3367/2729/3156
f 3432/2794/3217 3430/2792/3215 3431/2793/3216
f 3432/2794/3217 3431/2793/3216 3433/2795/3218
f 3431/2793/3216 3367/2729/3156 3365/2727/3154
f 3433/2795/3218 3431/2793/3216 3365/2727/3154
f 3434/2796/3219 3432/2794/3217 3433/2795/3218
f 3434/2796/3219 3433/2795/3218 3435/2797/3220
f 3433/2795/3218 3365/2727/3154 3362/2724/3151
f 3435/2797/3220 3433/2795/3218 3362/2724/3151
f 3436/2798/3221 3434/2796/3219 3435/2797/3220
f 3436/2798/3221 3435/2797/3220 3437/2799/3222
f 3435/2797/3220 3362/2724/3151 3363/2726/3153
f 3437/2799/3222 3435/2797/3220 3363/2726/3153
f 3438/2800/3223 3436/2798/3221 3437/2799/3222
f 3438/2800/3223 3437/2799/3222 3262/2624/3061
f 3437/2799/3222 3363/2726/3153 3264/2626/3062
f 3262/2624/3061 3437/2799/3222 3264/2626/3062
f 3439/2801/3224 3436/2798/3221 3438/2800/3223
f 3440/2802/3225 3439/2801/3224 3438/2800/3223
f 3440/2802/3225 3438/2800/3223 3259/2621/3059
f 3259/2621/3059 3438/2800/3223 3262/2624/3061
f 3441/2803/3226 3439/2801/3224 3440/2802/3225
f 3441/2803/3226 3440/2802/3225 3255/2617/3055
f 3255/2617/3055 3440/2802/3225 3257/2619/3057
f 3257/2619/3057 3440/2802/3225 3259/2621/3059
f 3442/2804/3227 3439/2801/3224 3441/2803/3226
f 3443/2805/3228 3442/2804/3227 3441/2803/3226
f 3443/2805/3228 3441/2803/3226 3253/2615/3053
f 3253/2615/3053 3441/2803/3226 3255/2617/3055
f 3444/2806/3229 3442/2804/3227 3443/2805/3228
f 3445/2807/3230 3444/2806/3229 3443/2805/3228
f 3445/2807/3230 3443/2805/3228 3251/2613/3052
f 3251/2613/3052 3443/2805/3228 3253/2615/3053
f 3446/2808/3231 3444/2806/3229 3445/2807/3230
f 3447/2809/3232 3446/2808/3231 3445/2807/3230
f 3447/2809/3232 3445/2807/3230 3249/2611/3050
f 3249/2611/3050 3445/2807/3230 3251/2613/3052
f 3448/2810/3233 3446/2808/3231 3447/2809/3232
f 3449/2811/3234 3448/2810/3233 3447/2809/3232
f 3449/2811/3234 3447/2809/3232 3247/2609/3048
f 3247/2609/3048 3447/2809/3232 3249/2611/3050
f 3450/2812/3235 3448/2810/3233 3449/2811/3234
f 3451/2813/3236 3450/2812/3235 3449/2811/3234
f 3451/2813/3236 3449/2811/3234 3245/2607/3046
f 3245/2607/3046 3449/2811/3234 3247/2609/3048
f 3452/2814/3237 3450/2812/3235 3451/2813/3236
f 3453/2815/3238 3452/2814/3237 3451/2813/3236
f 3453/2815/3238 3451/2813/3236 3244/2606/3045
f 3244/2606/3045 3451/2813/3236 3245/2607/3046
f 3454/2816/3239 3452/2814/3237 3453/2815/3238
f 3455/2817/3240 3454/2816/3239 3453/2815/3238
f 3455/2817/3240 3453/2815/3238 3244/2606/3045
f 3456/2818/3241 3458/2819/3242 3455/2817/3240
f 3457/2820/3243 3456/2818/3241 3455/2817/3240
f 3457/2820/3243 3455/2817/3240 3243/2605/3044
f 3458/2819/3242 3454/2816/3239 3455/2817/3240
f 3243/2605/3044 3455/2817/3240 3244/2606/3045
f 3459/2821/3244 3454/2816/3239 3458/2819/3242
f 3460/2822/3245 3459/2821/3244 3458/2819/3242
f 3460/2822/3245 3458/2819/3242 3461/2823/3246
f 3458/2819/3242 3456/2818/3241 3461/2823/3246
f 3462/2824/3247 3460/2822/3245 3461/2823/3246
f 3462/2824/3247 3461/2823/3246 3464/2825/3248
f 3461/2823/3246 3456/2818/3241 3463/2826/3249
f 3461/2823/3246 3463/2826/3249 3464/2825/3248
f 3465/2827/3250 3462/2824/3247 3464/2825/3248
f 3465/2827/3250 3464/2825/3248 3467/2828/3251
f 3464/2825/3248 3463/2826/3249 3466/2829/3252
f 3464/2825/3248 3466/2829/3252 3468/2830/3253
f 3467/2828/3251 3464/2825/3248 3468/2830/3253
f 3467/2828/3251 3468/2830/3253 3471/2831/3254
f 3466/2829/3252 3469/2832/3255 3468/2830/3253
f 3468/2830/3253 3469/2832/3255 3470/2833/3256
f 3468/2830/3253 3470/2833/3256 3471/2831/3254
f 3472/2834/3257 3467/2828/3251 3471/2831/3254
f 3472/2834/3257 3471/2831/3254 3474/2835/3258
f 3471/2831/3254 3470/2833/3256 3473/2836/3259
f 3471/2831/3254 3473/2836/3259 3474/2835/3258
f 3475/2837/3260 3472/2834/3257 3474/2835/3258
f 3475/2837/3260 3474/2835/3258 3477/2838/3261
f 3474/2835/3258 3473/2836/3259 3476/2839/3262
f 3474/2835/3258 3476/2839/3262 3477/2838/3261
f 3478/2840/3263 3475/2837/3260 3477/2838/3261
f 3479/2841/3264 3478/2840/3263 3477/2838/3261
f 3479/2841/3264 3477/2838/3261 3131/2493/2934
f 3477/2838/3261 3476/2839/3262 3480/2842/3265
f 3477/2838/3261 3480/2842/3265 3131/2493/2934
f 3480/2842/3265 3476/2839/3262 3481/2843/3266
f 3480/2842/3265 3481/2843/3266 3132/2494/2935
f 3131/2493/2934 3480/2842/3265 3132/2494/2935
f 3476/2839/3262 3482/2844/3267 3481/2843/3266
f 3481/2843/3266 3482/2844/3267 3134/2496/2937
f 3481/2843/3266 3134/2496/2937 3132/2494/2935
f 3473/2836/3259 3483/2845/3268 3482/2844/3267
f 3476/2839/3262 3473/2836/3259 3482/2844/3267
f 3482/2844/3267 3483/2845/3268 3162/2525/2966
f 3482/2844/3267 3162/2525/2966 3134/2496/2937
f 3470/2833/3256 3484/2846/3269 3483/2845/3268
f 3473/2836/3259 3470/2833/3256 3483/2845/3268
f 3483/2845/3268 3484/2846/3269 3161/2523/2964
f 3483/2845/3268 3161/2523/2964 3162/2525/2966
f 3469/2832/3255 3485/2847/3270 3484/2846/3269
f 3470/2833/3256 3469/2832/3255 3484/2846/3269
f 3484/2846/3269 3485/2847/3270 3164/2526/2967
f 3484/2846/3269 3164/2526/2967 3161/2523/2964
f 3485/2847/3270 3486/2848/3271 3487/2849/3272
f 3469/2832/3255 3486/2848/3271 3485/2847/3270
f 3485/2847/3270 3487/2849/3272 3164/2526/2967
f 3486/2848/3271 3488/2850/3273 3487/2849/3272
f 3487/2849/3272 3488/2850/3273 3489/2851/3274
f 3487/2849/3272 3489/2851/3274 3165/2527/2968
f 3164/2526/2967 3487/2849/3272 3165/2527/2968
f 3488/2850/3273 3490/2852/3275 3489/2851/3274
f 3490/2852/3275 3491/2853/3276 3489/2851/3274
f 3491/2853/3276 3492/2854/3277 3489/2851/3274
f 3489/2851/3274 3492/2854/3277 3167/2529/2970
f 3489/2851/3274 3167/2529/2970 3165/2527/2968
f 3493/2855/3278 3494/2856/3279 3492/2854/3277
f 3491/2853/3276 3493/2855/3278 3492/2854/3277
f 3492/2854/3277 3494/2856/3279 3495/2857/3280
f 3492/2854/3277 3495/2857/3280 3167/2529/2970
f 3495/2857/3280 3494/2856/3279 3180/2542/2983
f 3495/2857/3280 3178/2540/2981 3168/2530/2971
f 3178/2540/2981 3495/2857/3280 3180/2542/2983
f 3167/2529/2970 3495/2857/3280 3168/2530/2971
f 3494/2856/3279 3493/2855/3278 3496/2858/3281
f 3494/2856/3279 3496/2858/3281 3182/2544/2985
f 3180/2542/2983 3494/2856/3279 3182/2544/2985
f 3493/2855/3278 3497/2859/3282 3496/2858/3281
f 3496/2858/3281 3497/2859/3282 3498/2860/3283
f 3496/2858/3281 3498/2860/3283 3184/2546/2987
f 3182/2544/2985 3496/2858/3281 3184/2546/2987
f 3497/2859/3282 3499/2861/3284 3498/2860/3283
f 3499/2861/3284 3500/2862/3285 3498/2860/3283
f 3498/2860/3283 3500/2862/3285 3501/2863/3286
f 3498/2860/3283 3501/2863/3286 3186/2548/2989
f 3184/2546/2987 3498/2860/3283 3186/2548/2989
f 3500/2862/3285 3502/2864/3287 3501/2863/3286
f 3501/2863/3286 3502/2864/3287 3503/2865/3288
f 3501/2863/3286 3503/2865/3288 3186/2548/2989
f 3502/2864/3287 3504/2866/3289 3503/2865/3288
f 3503/2865/3288 3504/2866/3289 3505/2867/3290
f 3503/2865/3288 3505/2867/3290 3187/2549/2990
f 3186/2548/2989 3503/2865/3288 3187/2549/2990
f 3504/2866/3289 3506/2868/3291 3505/2867/3290
f 3505/2867/3290 3506/2868/3291 3507/2869/3292
f 3505/2867/3290 3507/2869/3292 3189/2551/2992
f 3187/2549/2990 3505/2867/3290 3189/2551/2992
f 3506/2868/3291 3508/2870/3293 3507/2869/3292
f 3507/2869/3292 3508/2870/3293 3509/2871/3294
f 3507/2869/3292 3509/2871/3294 3191/2553/2994
f 3189/2551/2992 3507/2869/3292 3191/2553/2994
f 3508/2870/3293 3510/2872/3295 3509/2871/3294
f 3509/2871/3294 3510/2872/3295 3511/2873/3296
f 3509/2871/3294 3511/2873/3296 3193/2555/2996
f 3191/2553/2994 3509/2871/3294 3193/2555/2996
f 3511/2873/3296 3510/2872/3295 3512/2874/3297
f 3511/2873/3296 3512/2874/3297 3195/2557/2998
f 3193/2555/2996 3511/2873/3296 3195/2557/2998
f 3512/2874/3297 3510/2872/3295 3513/2875/3298
f 3512/2874/3297 3513/2875/3298 3204/2566/3007
f 3195/2557/2998 3512/2874/3297 3197/2559/3000
f 3197/2559/3000 3512/2874/3297 3202/2564/3005
f 3202/2564/3005 3512/2874/3297 3204/2566/3007
f 3513/2875/3298 3510/2872/3295 3514/2876/3299
f 3513/2875/3298 3514/2876/3299 3204/2566/3007
f 3510/2872/3295 3515/2877/3300 3514/2876/3299
f 3515/2877/3300 3516/2878/3301 3514/2876/3299
f 3514/2876/3299 3516/2878/3301 3517/2879/3302
f 3514/2876/3299 3517/2879/3302 3206/2568/3009
f 3204/2566/3007 3514/2876/3299 3206/2568/3009
f 3516/2878/3301 3518/2880/3303 3517/2879/3302
f 3517/2879/3302 3518/2880/3303 3519/2881/3304
f 3517/2879/3302 3519/2881/3304 3207/2569/3010
f 3206/2568/3009 3517/2879/3302 3207/2569/3010
f 3518/2880/3303 3520/2882/3305 3519/2881/3304
f 3520/2882/3305 3521/2883/3306 3519/2881/3304
f 3519/2881/3304 3521/2883/3306 3522/2884/3307
f 3519/2881/3304 3522/2884/3307 3207/2569/3010
f 3522/2884/3307 3521/2883/3306 3523/2885/3308
f 3522/2884/3307 3523/2885/3308 3209/2571/3012
f 3207/2569/3010 3522/2884/3307 3209/2571/3012
f 3521/2883/3306 3524/2886/3309 3523/2885/3308
f 3523/2885/3308 3524/2886/3309 3525/2887/3310
f 3523/2885/3308 3525/2887/3310 3209/2571/3012
f 3525/2887/3310 3524/2886/3309 3526/2888/3311
f 3525/2887/3310 3526/2888/3311 3214/2576/3017
f 3209/2571/3012 3525/2887/3310 3211/2573/3014
f 3211/2573/3014 3525/2887/3310 3214/2576/3017
f 3524/2886/3309 3527/2889/3312 3526/2888/3311
f 3526/2888/3311 3527/2889/3312 3528/2890/3313
f 3526/2888/3311 3528/2890/3313 3214/2576/3017
f 3527/2889/3312 3529/2891/3314 3528/2890/3313
f 3528/2890/3313 3529/2891/3314 3530/2892/3315
f 3528/2890/3313 3530/2892/3315 3214/2576/3017
f 3529/2891/3314 3531/2893/3316 3530/2892/3315
f 3530/2892/3315 3531/2893/3316 3532/2894/3317
f 3530/2892/3315 3532/2894/3317 3216/2578/3019
f 3214/2576/3017 3530/2892/3315 3216/2578/3019
f 3531/2893/3316 3533/2895/3318 3532/2894/3317
f 3532/2894/3317 3533/2895/3318 3534/2896/3319
f 3532/2894/3317 3534/2896/3319 3217/2579/3020
f 3216/2578/3019 3532/2894/3317 3217/2579/3020
f 3534/2896/3319 3533/2895/3318 3535/2897/3320
f 3534/2896/3319 3535/2897/3320 3220/2582/3023
f 3217/2579/3020 3534/2896/3319 3220/2582/3023
f 3535/2897/3320 3533/2895/3318 3536/2898/3321
f 3535/2897/3320 3536/2898/3321 3222/2584/3025
f 3220/2582/3023 3535/2897/3320 3222/2584/3025
f 3533/2895/3318 3537/2899/3322 3536/2898/3321
f 3536/2898/3321 3537/2899/3322 3538/2900/3323
f 3536/2898/3321 3538/2900/3323 3222/2584/3025
f 3537/2899/3322 3539/2901/2322 3538/2900/3323
f 3538/2900/3323 3539/2901/2322 3540/2902/3324
f 3538/2900/3323 3540/2902/3324 3224/2586/3027
f 3222/2584/3025 3538/2900/3323 3224/2586/3027
f 3539/2901/2322 3541/2903/3325 3540/2902/3324
f 3540/2902/3324 3541/2903/3325 3542/2904/3326
f 3540/2902/3324 3542/2904/3326 3225/2587/3028
f 3224/2586/3027 3540/2902/3324 3225/2587/3028
f 3541/2903/3325 3543/2905/3327 3542/2904/3326
f 3543/2905/3327 3544/2906/3328 3542/2904/3326
f 3542/2904/3326 3544/2906/3328 3545/2907/3329
f 3542/2904/3326 3545/2907/3329 3227/2589/3030
f 3225/2587/3028 3542/2904/3326 3227/2589/3030
f 3544/2906/3328 3546/2908/3330 3545/2907/3329
f 3545/2907/3329 3546/2908/3330 3547/2909/3331
f 3545/2907/3329 3547/2909/3331 3229/2591/3032
f 3227/2589/3030 3545/2907/3329 3229/2591/3032
f 3546/2908/3330 3548/2910/3332 3547/2909/3331
f 3547/2909/3331 3548/2910/3332 3549/2911/3333
f 3547/2909/3331 3549/2911/3333 3231/2593/3034
f 3229/2591/3032 3547/2909/3331 3231/2593/3034
f 3549/2911/3333 3548/2910/3332 3550/2912/3334
f 3549/2911/3333 3550/2912/3334 3233/2595/3036
f 3231/2593/3034 3549/2911/3333 3233/2595/3036
f 3548/2910/3332 3551/2913/3335 3550/2912/3334
f 3550/2912/3334 3551/2913/3335 3552/2914/3336
f 3550/2912/3334 3552/2914/3336 3235/2597/817
f 3233/2595/3036 3550/2912/3334 3235/2597/817
f 3551/2913/3335 3553/2915/3337 3552/2914/3336
f 3552/2914/3336 3553/2915/3337 3554/2916/3338
f 3552/2914/3336 3554/2916/3338 3239/2601/109
f 3235/2597/817 3552/2914/3336 3237/2599/3039
f 3237/2599/3039 3552/2914/3336 3239/2601/109
f 3553/2915/3337 3555/2917/3339 3554/2916/3338
f 3555/2917/3339 3556/2918/3340 3554/2916/3338
f 3554/2916/3338 3556/2918/3340 3557/2919/3341
f 3554/2916/3338 3557/2919/3341 3239/2601/109
f 3556/2918/3340 3558/2920/3342 3557/2919/3341
f 3557/2919/3341 3558/2920/3342 3559/2921/3343
f 3557/2919/3341 3559/2921/3343 3241/2603/3042
f 3239/2601/109 3557/2919/3341 3241/2603/3042
f 3558/2920/3342 3560/2922/3344 3559/2921/3343
f 3560/2922/3344 3561/2923/3345 3559/2921/3343
f 3561/2923/3345 3562/2924/3346 3559/2921/3343
f 3559/2921/3343 3562/2924/3346 3563/2925/3347
f 3559/2921/3343 3563/2925/3347 3241/2603/3042
f 3563/2925/3347 3562/2924/3346 3564/2926/3348
f 3563/2925/3347 3564/2926/3348 3242/2604/3043
f 3241/2603/3042 3563/2925/3347 3242/2604/3043
f 3562/2924/3346 3565/2927/3349 3564/2926/3348
f 3565/2927/3349 3566/2928/3350 3564/2926/3348
f 3566/2928/3350 3567/2929/3351 3564/2926/3348
f 3564/2926/3348 3567/2929/3351 3568/2930/3352
f 3564/2926/3348 3568/2930/3352 3242/2604/3043
f 3567/2929/3351 3569/2931/3353 3568/2930/3352
f 3568/2930/3352 3569/2931/3353 3457/2820/3243
f 3568/2930/3352 3457/2820/3243 3243/2605/3044
f 3242/2604/3043 3568/2930/3352 3243/2605/3044
f 3569/2931/3353 3570/2932/3354 3571/2933/3355
f 3567/2929/3351 3570/2932/3354 3569/2931/3353
f 3569/2931/3353 3571/2933/3355 3573/2934/3356
f 3569/2931/3353 3572/2935/3357 3457/2820/3243
f 3572/2935/3357 3569/2931/3353 3573/2934/3356
f 3463/2826/3249 3572/2935/3357 3573/2934/3356
f 3463/2826/3249 3573/2934/3356 3466/2829/3252
f 3573/2934/3356 3571/2933/3355 3574/2936/3358
f 3573/2934/3356 3574/2936/3358 3469/2832/3255
f 3466/2829/3252 3573/2934/3356 3469/2832/3255
f 3571/2933/3355 3575/2937/3359 3574/2936/3358
f 3575/2937/3359 3576/2938/3360 3574/2936/3358
f 3574/2936/3358 3576/2938/3360 3486/2848/3271
f 3574/2936/3358 3486/2848/3271 3469/2832/3255
f 3577/2939/3361 3578/2940/3362 3576/2938/3360
f 3575/2937/3359 3577/2939/3361 3576/2938/3360
f 3576/2938/3360 3578/2940/3362 3579/2941/3363
f 3576/2938/3360 3579/2941/3363 3486/2848/3271
f 3578/2940/3362 3580/2942/3364 3579/2941/3363
f 3579/2941/3363 3580/2942/3364 3581/2943/3365
f 3579/2941/3363 3581/2943/3365 3490/2852/3275
f 3486/2848/3271 3579/2941/3363 3488/2850/3273
f 3488/2850/3273 3579/2941/3363 3490/2852/3275
f 3580/2942/3364 3582/2944/3366 3581/2943/3365
f 3582/2944/3366 3583/2945/3367 3581/2943/3365
f 3583/2945/3367 3584/2946/3368 3581/2943/3365
f 3581/2943/3365 3584/2946/3368 3585/2947/3369
f 3581/2943/3365 3585/2947/3369 3490/2852/3275
f 3584/2946/3368 3586/2948/3370 3585/2947/3369
f 3585/2947/3369 3586/2948/3370 3587/2949/3371
f 3585/2947/3369 3587/2949/3371 3491/2853/3276
f 3490/2852/3275 3585/2947/3369 3491/2853/3276
f 3586/2948/3370 3588/2950/3116 3587/2949/3371
f 3588/2950/3116 3497/2859/3282 3587/2949/3371
f 3587/2949/3371 3497/2859/3282 3493/2855/3278
f 3587/2949/3371 3493/2855/3278 3491/2853/3276
f 3589/2951/3372 3590/2952/3373 3588/2950/3116
f 3586/2948/3370 3589/2951/3372 3588/2950/3116
f 3588/2950/3116 3590/2952/3373 3499/2861/3284
f 3497/2859/3282 3588/2950/3116 3499/2861/3284
f 3590/2952/3373 3591/2953/3374 3592/2954/3375
f 3589/2951/3372 3591/2953/3374 3590/2952/3373
f 3590/2952/3373 3592/2954/3375 3499/2861/3284
f 3591/2953/3374 3593/2955/3376 3592/2954/3375
f 3592/2954/3375 3593/2955/3376 3594/2956/3377
f 3592/2954/3375 3594/2956/3377 3500/2862/3285
f 3499/2861/3284 3592/2954/3375 3500/2862/3285
f 3593/2955/3376 3595/2957/3378 3594/2956/3377
f 3595/2957/3378 3596/2958/3379 3594/2956/3377
f 3594/2956/3377 3596/2958/3379 3597/2959/3380
f 3594/2956/3377 3597/2959/3380 3502/2864/3287
f 3500/2862/3285 3594/2956/3377 3502/2864/3287
f 3596/2958/3379 3598/2960/3381 3597/2959/3380
f 3597/2959/3380 3598/2960/3381 3599/2961/32
f 3597/2959/3380 3599/2961/32 3506/2868/3291
f 3502/2864/3287 3597/2959/3380 3504/2866/3289
f 3504/2866/3289 3597/2959/3380 3506/2868/3291
f 3598/2960/3381 3600/2962/3382 3599/2961/32
f 3600/2962/3382 3601/2963/3383 3599/2961/32
f 3599/2961/32 3601/2963/3383 3602/2964/3384
f 3599/2961/32 3602/2964/3384 3508/2870/3293
f 3506/2868/3291 3599/2961/32 3508/2870/3293
f 3602/2964/3384 3601/2963/3383 3603/2965/3385
f 3602/2964/3384 3603/2965/3385 3515/2877/3300
f 3508/2870/3293 3602/2964/3384 3510/2872/3295
f 3510/2872/3295 3602/2964/3384 3515/2877/3300
f 3601/2963/3383 3604/2966/3386 3603/2965/3385
f 3603/2965/3385 3604/2966/3386 3605/2967/3387
f 3603/2965/3385 3605/2967/3387 3516/2878/3301
f 3515/2877/3300 3603/2965/3385 3516/2878/3301
f 3604/2966/3386 3606/2968/3388 3605/2967/3387
f 3605/2967/3387 3606/2968/3388 3607/2969/3389
f 3605/2967/3387 3607/2969/3389 3518/2880/3303
f 3516/2878/3301 3605/2967/3387 3518/2880/3303
f 3606/2968/3388 3608/2970/3389 3607/2969/3389
f 3607/2969/3389 3608/2970/3389 3609/2971/3390
f 3607/2969/3389 3609/2971/3390 3520/2882/3305
f 3518/2880/3303 3607/2969/3389 3520/2882/3305
f 3609/2971/3390 3608/2970/3389 3610/2972/3391
f 3609/2971/3390 3610/2972/3391 3527/2889/3312
f 3520/2882/3305 3609/2971/3390 3521/2883/3306
f 3521/2883/3306 3609/2971/3390 3524/2886/3309
f 3524/2886/3309 3609/2971/3390 3527/2889/3312
f 3608/2970/3389 3611/2973/3392 3610/2972/3391
f 3610/2972/3391 3611/2973/3392 3612/2974/3393
f 3610/2972/3391 3612/2974/3393 3529/2891/3314
f 3527/2889/3312 3610/2972/3391 3529/2891/3314
f 3611/2973/3392 3613/2975/3394 3612/2974/3393
f 3612/2974/3393 3613/2975/3394 3614/2976/3395
f 3612/2974/3393 3614/2976/3395 3531/2893/3316
f 3529/2891/3314 3612/2974/3393 3531/2893/3316
f 3614/2976/3395 3613/2975/3394 3615/2977/3396
f 3614/2976/3395 3615/2977/3396 3539/2901/2322
f 3531/2893/3316 3614/2976/3395 3533/2895/3318
f 3533/2895/3318 3614/2976/3395 3537/2899/3322
f 3537/2899/3322 3614/2976/3395 3539/2901/2322
f 3615/2977/3396 3613/2975/3394 3616/2978/3397
f 3615/2977/3396 3616/2978/3397 3541/2903/3325
f 3539/2901/2322 3615/2977/3396 3541/2903/3325
f 3613/2975/3394 3617/2979/3398 3616/2978/3397
f 3616/2978/3397 3617/2979/3398 3618/2980/3399
f 3616/2978/3397 3618/2980/3399 3543/2905/3327
f 3541/2903/3325 3616/2978/3397 3543/2905/3327
f 3617/2979/3398 3619/2981/3400 3618/2980/3399
f 3618/2980/3399 3619/2981/3400 3620/2982/3401
f 3618/2980/3399 3620/2982/3401 3543/2905/3327
f 3619/2981/3400 3621/2983/3402 3620/2982/3401
f 3620/2982/3401 3621/2983/3402 3622/2984/3403
f 3620/2982/3401 3622/2984/3403 3544/2906/3328
f 3543/2905/3327 3620/2982/3401 3544/2906/3328
f 3621/2983/3402 3623/2985/3404 3622/2984/3403
f 3623/2985/3404 3624/2986/3405 3622/2984/3403
f 3622/2984/3403 3624/2986/3405 3625/2987/3406
f 3622/2984/3403 3625/2987/3406 3548/2910/3332
f 3544/2906/3328 3622/2984/3403 3546/2908/3330
f 3546/2908/3330 3622/2984/3403 3548/2910/3332
f 3624/2986/3405 3626/2988/3407 3625/2987/3406
f 3625/2987/3406 3626/2988/3407 3627/2989/3408
f 3625/2987/3406 3627/2989/3408 3551/2913/3335
f 3548/2910/3332 3625/2987/3406 3551/2913/3335
f 3627/2989/3408 3626/2988/3407 3628/2990/3409
f 3627/2989/3408 3628/2990/3409 3553/2915/3337
f 3551/2913/3335 3627/2989/3408 3553/2915/3337
f 3626/2988/3407 3629/2991/3410 3628/2990/3409
f 3628/2990/3409 3629/2991/3410 3630/2992/3411
f 3628/2990/3409 3630/2992/3411 3555/2917/3339
f 3553/2915/3337 3628/2990/3409 3555/2917/3339
f 3629/2991/3410 3631/2993/3412 3630/2992/3411
f 3631/2993/3412 3632/2994/3413 3630/2992/3411
f 3632/2994/3413 3633/2995/3414 3630/2992/3411
f 3630/2992/3411 3633/2995/3414 3634/2996/3415
f 3630/2992/3411 3634/2996/3415 3555/2917/3339
f 3633/2995/3414 3635/2997/3416 3634/2996/3415
f 3634/2996/3415 3635/2997/3416 3636/2998/3417
f 3634/2996/3415 3636/2998/3417 3556/2918/3340
f 3555/2917/3339 3634/2996/3415 3556/2918/3340
f 3636/2998/3417 3635/2997/3416 3637/2999/3418
f 3636/2998/3417 3637/2999/3418 3560/2922/3344
f 3556/2918/3340 3636/2998/3417 3558/2920/3342
f 3558/2920/3342 3636/2998/3417 3560/2922/3344
f 3635/2997/3416 3638/3000/3419 3637/2999/3418
f 3637/2999/3418 3638/3000/3419 3639/3001/3420
f 3637/2999/3418 3639/3001/3420 3560/2922/3344
f 3638/3000/3419 3640/3001/3421 3639/3001/3420
f 3640/3001/3421 3641/3002/3422 3639/3001/3420
f 3639/3001/3420 3641/3002/3422 3642/3003/3423
f 3639/3001/3420 3642/3003/3423 3560/2922/3344
f 3641/3002/3422 3643/3004/3424 3642/3003/3423
f 3642/3003/3423 3643/3004/3424 3644/3005/3425
f 3642/3003/3423 3644/3005/3425 3560/2922/3344
f 3643/3004/3424 3645/3006/3426 3644/3005/3425
f 3644/3005/3425 3645/3006/3426 3646/3007/3427
f 3644/3005/3425 3646/3007/3427 3561/2923/3345
f 3560/2922/3344 3644/3005/3425 3561/2923/3345
f 3646/3007/3427 3645/3006/3426 3647/3008/3428
f 3646/3007/3427 3647/3008/3428 3566/2928/3350
f 3646/3007/3427 3648/3009/3429 3561/2923/3345
f 3648/3009/3429 3646/3007/3427 3566/2928/3350
f 3561/2923/3345 3648/3009/3429 3562/2924/3346
f 3562/2924/3346 3648/3009/3429 3565/2927/3349
f 3565/2927/3349 3648/3009/3429 3566/2928/3350
f 3645/3006/3426 3649/3010/3430 3647/3008/3428
f 3647/3008/3428 3649/3010/3430 3570/2932/3354
f 3647/3008/3428 3570/2932/3354 3567/2929/3351
f 3566/2928/3350 3647/3008/3428 3567/2929/3351
f 3649/3010/3430 3650/3011/3431 3651/3012/3432
f 3645/3006/3426 3650/3011/3431 3649/3010/3430
f 3649/3010/3430 3651/3012/3432 3577/2939/3361
f 3570/2932/3354 3649/3010/3430 3577/2939/3361
f 3650/3011/3431 3652/3013/3433 3651/3012/3432
f 3651/3012/3432 3652/3013/3433 3653/3014/3434
f 3651/3012/3432 3653/3014/3434 3578/2940/3362
f 3577/2939/3361 3651/3012/3432 3578/2940/3362
f 3652/3013/3433 3654/3015/3435 3653/3014/3434
f 3653/3014/3434 3654/3015/3435 3655/3016/3436
f 3653/3014/3434 3655/3016/3436 3582/2944/3366
f 3578/2940/3362 3653/3014/3434 3580/2942/3364
f 3580/2942/3364 3653/3014/3434 3582/2944/3366
f 3655/3016/3436 3654/3015/3435 3656/3017/3437
f 3655/3016/3436 3656/3017/3437 3583/2945/3367
f 3582/2944/3366 3655/3016/3436 3583/2945/3367
f 3654/3015/3435 3657/3018/3438 3656/3017/3437
f 3657/3018/3438 3658/3019/3439 3656/3017/3437
f 3656/3017/3437 3658/3019/3439 3659/3020/3440
f 3656/3017/3437 3659/3020/3440 3583/2945/3367
f 3658/3019/3439 3660/3021/3441 3659/3020/3440
f 3659/3020/3440 3660/3021/3441 3661/3022/3442
f 3659/3020/3440 3661/3022/3442 3584/2946/3368
f 3583/2945/3367 3659/3020/3440 3584/2946/3368
f 3661/3022/3442 3660/3021/3441 3589/2951/3372
f 3661/3022/3442 3589/2951/3372 3586/2948/3370
f 3584/2946/3368 3661/3022/3442 3586/2948/3370
f 3660/3021/3441 3662/3023/3443 3663/3024/3444
f 3658/3019/3439 3662/3023/3443 3660/3021/3441
f 3660/3021/3441 3663/3024/3444 3589/2951/3372
f 3662/3023/3443 3664/3025/3445 3663/3024/3444
f 3664/3025/3445 3665/3026/3446 3663/3024/3444
f 3665/3026/3446 3666/3027/3447 3663/3024/3444
f 3666/3027/3447 3667/3028/3448 3663/3024/3444
f 3663/3024/3444 3667/3028/3448 3591/2953/3374
f 3663/3024/3444 3591/2953/3374 3589/2951/3372
f 3667/3028/3448 3668/3029/3449 3593/2955/3376
f 3668/3029/3449 3667/3028/3448 3669/3030/3450
f 3669/3030/3450 3667/3028/3448 3666/3027/3447
f 3591/2953/3374 3667/3028/3448 3593/2955/3376
f 3670/3031/3451 3668/3029/3449 3669/3030/3450
f 3670/3031/3451 3669/3030/3450 3626/2988/3407
f 3669/3030/3450 3666/3027/3447 3631/2993/3412
f 3626/2988/3407 3669/3030/3450 3629/2991/3410
f 3629/2991/3410 3669/3030/3450 3631/2993/3412
f 3671/3032/3452 3668/3029/3449 3670/3031/3451
f 3671/3032/3452 3670/3031/3451 3624/2986/3405
f 3624/2986/3405 3670/3031/3451 3626/2988/3407
f 3672/3033/3453 3668/3029/3449 3671/3032/3452
f 3673/3034/3454 3672/3033/3453 3671/3032/3452
f 3673/3034/3454 3671/3032/3452 3623/2985/3404
f 3623/2985/3404 3671/3032/3452 3624/2986/3405
f 3674/3035/3455 3672/3033/3453 3673/3034/3454
f 3675/3036/3456 3674/3035/3455 3673/3034/3454
f 3675/3036/3456 3673/3034/3454 3621/2983/3402
f 3621/2983/3402 3673/3034/3454 3623/2985/3404
f 3676/3037/3457 3674/3035/3455 3675/3036/3456
f 3677/3038/3458 3676/3037/3457 3675/3036/3456
f 3677/3038/3458 3675/3036/3456 3619/2981/3400
f 3619/2981/3400 3675/3036/3456 3621/2983/3402
f 3678/3039/3459 3680/3040/3460 3677/3038/3458
f 3679/3041/3461 3678/3039/3459 3677/3038/3458
f 3679/3041/3461 3677/3038/3458 3619/2981/3400
f 3680/3040/3460 3676/3037/3457 3677/3038/3458
f 3680/3040/3460 3678/3039/3459 3600/2962/3382
f 3676/3037/3457 3680/3040/3460 3598/2960/3381
f 3598/2960/3381 3680/3040/3460 3600/2962/3382
f 3678/3039/3459 3679/3041/3461 3608/2970/3389
f 3608/2970/3389 3679/3041/3461 3611/2973/3392
f 3611/2973/3392 3679/3041/3461 3617/2979/3398
f 3617/2979/3398 3679/3041/3461 3619/2981/3400
f 3600/2962/3382 3678/3039/3459 3606/2968/3388
f 3606/2968/3388 3678/3039/3459 3608/2970/3389
f 3674/3035/3455 3676/3037/3457 3596/2958/3379
f 3596/2958/3379 3676/3037/3457 3598/2960/3381
f 3672/3033/3453 3674/3035/3455 3595/2957/3378
f 3595/2957/3378 3674/3035/3455 3596/2958/3379
f 3668/3029/3449 3672/3033/3453 3595/2957/3378
f 3593/2955/3376 3668/3029/3449 3595/2957/3378
f 3666/3027/3447 3665/3026/3446 3632/2994/3413
f 3631/2993/3412 3666/3027/3447 3632/2994/3413
f 3665/3026/3446 3681/3042/3462 3682/3043/3463
f 3664/3025/3445 3681/3042/3462 3665/3026/3446
f 3665/3026/3446 3682/3043/3463 3632/2994/3413
f 3681/3042/3462 3683/3044/3464 3682/3043/3463
f 3682/3043/3463 3683/3044/3464 3684/3045/3465
f 3682/3043/3463 3684/3045/3465 3633/2995/3414
f 3632/2994/3413 3682/3043/3463 3633/2995/3414
f 3684/3045/3465 3683/3044/3464 3685/3046/3466
f 3684/3045/3465 3685/3046/3466 3638/3000/3419
f 3633/2995/3414 3684/3045/3465 3635/2997/3416
f 3635/2997/3416 3684/3045/3465 3638/3000/3419
f 3683/3044/3464 3686/3047/3467 3685/3046/3466
f 3685/3046/3466 3686/3047/3467 3687/3048/3468
f 3685/3046/3466 3687/3048/3468 3638/3000/3419
f 3687/3048/3468 3686/3047/3467 3688/3049/3469
f 3687/3048/3468 3688/3049/3469 3641/3002/3422
f 3638/3000/3419 3687/3048/3468 3640/3001/3421
f 3640/3001/3421 3687/3048/3468 3641/3002/3422
f 3686/3047/3467 3689/3050/3470 3688/3049/3469
f 3688/3049/3469 3689/3050/3470 3690/3051/3471
f 3688/3049/3469 3690/3051/3471 3643/3004/3424
f 3641/3002/3422 3688/3049/3469 3643/3004/3424
f 3689/3050/3470 3691/3052/3472 3690/3051/3471
f 3690/3051/3471 3691/3052/3472 3650/3011/3431
f 3690/3051/3471 3650/3011/3431 3645/3006/3426
f 3643/3004/3424 3690/3051/3471 3645/3006/3426
f 3691/3052/3472 3692/3053/3473 3693/3054/3474
f 3689/3050/3470 3692/3053/3473 3691/3052/3472
f 3691/3052/3472 3693/3054/3474 3652/3013/3433
f 3650/3011/3431 3691/3052/3472 3652/3013/3433
f 3693/3054/3474 3692/3053/3473 3694/3055/3475
f 3693/3054/3474 3694/3055/3475 3657/3018/3438
f 3652/3013/3433 3693/3054/3474 3654/3015/3435
f 3654/3015/3435 3693/3054/3474 3657/3018/3438
f 3692/3053/3473 3681/3042/3462 3694/3055/3475
f 3694/3055/3475 3681/3042/3462 3664/3025/3445
f 3694/3055/3475 3695/3056/3476 3657/3018/3438
f 3695/3056/3476 3694/3055/3475 3664/3025/3445
f 3695/3056/3476 3662/3023/3443 3658/3019/3439
f 3662/3023/3443 3695/3056/3476 3664/3025/3445
f 3657/3018/3438 3695/3056/3476 3658/3019/3439
f 3681/3042/3462 3692/3053/3473 3683/3044/3464
f 3683/3044/3464 3692/3053/3473 3686/3047/3467
f 3686/3047/3467 3692/3053/3473 3689/3050/3470
f 3613/2975/3394 3611/2973/3392 3617/2979/3398
f 3604/2966/3386 3600/2962/3382 3606/2968/3388
f 3601/2963/3383 3600/2962/3382 3604/2966/3386
f 3570/2932/3354 3577/2939/3361 3571/2933/3355
f 3571/2933/3355 3577/2939/3361 3575/2937/3359
f 3572/2935/3357 3456/2818/3241 3457/2820/3243
f 3456/2818/3241 3572/2935/3357 3463/2826/3249
f 3478/2840/3263 3479/2841/3264 3128/2491/2932
f 3128/2491/2932 3479/2841/3264 3129/2492/2933
f 3129/2492/2933 3479/2841/3264 3131/2493/2934
f 3696/3057/3477 3475/2837/3260 3478/2840/3263
f 3697/3058/3478 3696/3057/3477 3478/2840/3263
f 3697/3058/3478 3478/2840/3263 3128/2491/2932
f 3119/2482/2923 3696/3057/3477 3697/3058/3478
f 3119/2482/2923 3697/3058/3478 3124/2487/2928
f 3124/2487/2928 3697/3058/3478 3128/2491/2932
f 3698/3059/3479 3700/3060/3480 3696/3057/3477
f 3699/3061/3481 3698/3059/3479 3696/3057/3477
f 3699/3061/3481 3696/3057/3477 3119/2482/2923
f 3696/3057/3477 3700/3060/3480 3475/2837/3260
f 3701/3062/3482 3702/3063/3483 3700/3060/3480
f 3698/3059/3479 3701/3062/3482 3700/3060/3480
f 3700/3060/3480 3702/3063/3483 3472/2834/3257
f 3700/3060/3480 3472/2834/3257 3475/2837/3260
f 3703/3064/3484 3465/2827/3250 3702/3063/3483
f 3701/3062/3482 3703/3064/3484 3702/3063/3483
f 3702/3063/3483 3465/2827/3250 3467/2828/3251
f 3702/3063/3483 3467/2828/3251 3472/2834/3257
f 3704/3065/3485 3706/3066/3486 3703/3064/3484
f 3705/3067/3487 3704/3065/3485 3703/3064/3484
f 3705/3067/3487 3703/3064/3484 3701/3062/3482
f 3703/3064/3484 3706/3066/3486 3465/2827/3250
f 3707/3068/3488 3708/3069/3489 3706/3066/3486
f 3704/3065/3485 3707/3068/3488 3706/3066/3486
f 3706/3066/3486 3708/3069/3489 3462/2824/3247
f 3706/3066/3486 3462/2824/3247 3465/2827/3250
f 3708/3069/3489 3709/3070/3490 3460/2822/3245
f 3707/3068/3488 3709/3070/3490 3708/3069/3489
f 3708/3069/3489 3460/2822/3245 3462/2824/3247
f 3709/3070/3490 3710/3071/3491 3459/2821/3244
f 3711/3072/3492 3710/3071/3491 3709/3070/3490
f 3711/3072/3492 3709/3070/3490 3707/3068/3488
f 3709/3070/3490 3459/2821/3244 3460/2822/3245
f 3712/3073/3493 3710/3071/3491 3711/3072/3492
f 3713/3074/3494 3712/3073/3493 3711/3072/3492
f 3713/3074/3494 3711/3072/3492 3707/3068/3488
f 3714/3075/3226 3712/3073/3493 3713/3074/3494
f 3715/3076/3495 3714/3075/3226 3713/3074/3494
f 3715/3076/3495 3713/3074/3494 3716/3077/3496
f 3716/3077/3496 3713/3074/3494 3707/3068/3488
f 3717/3078/3497 3715/3076/3495 3716/3077/3496
f 3717/3078/3497 3716/3077/3496 3718/3079/3498
f 3716/3077/3496 3707/3068/3488 3704/3065/3485
f 3718/3079/3498 3716/3077/3496 3704/3065/3485
f 3719/3080/3499 3717/3078/3497 3718/3079/3498
f 3719/3080/3499 3718/3079/3498 3720/3081/3500
f 3718/3079/3498 3704/3065/3485 3705/3067/3487
f 3720/3081/3500 3718/3079/3498 3705/3067/3487
f 3721/3082/3501 3719/3080/3499 3720/3081/3500
f 3721/3082/3501 3720/3081/3500 3722/3083/3502
f 3720/3081/3500 3705/3067/3487 3723/3084/3503
f 3722/3083/3502 3720/3081/3500 3723/3084/3503
f 3722/3083/3502 3723/3084/3503 3724/3085/3504
f 3723/3084/3503 3705/3067/3487 3701/3062/3482
f 3723/3084/3503 3701/3062/3482 3698/3059/3479
f 3724/3085/3504 3723/3084/3503 3698/3059/3479
f 3113/2476/2917 3722/3083/3502 3724/3085/3504
f 3113/2476/2917 3724/3085/3504 3116/2479/2920
f 3724/3085/3504 3698/3059/3479 3699/3061/3481
f 3116/2479/2920 3724/3085/3504 3699/3061/3481
f 3725/3086/3505 3721/3082/3501 3722/3083/3502
f 3110/2473/2914 3725/3086/3505 3722/3083/3502
f 3110/2473/2914 3722/3083/3502 3113/2476/2917
f 3104/2466/2909 3726/3087/3506 3725/3086/3505
f 3106/2468/2910 3104/2466/2909 3725/3086/3505
f 3106/2468/2910 3725/3086/3505 3110/2473/2914
f 3725/3086/3505 3726/3087/3506 3721/3082/3501
f 3727/3088/3507 3726/3087/3506 3103/2465/2908
f 3726/3087/3506 3727/3088/3507 3728/3089/3508
f 3726/3087/3506 3728/3089/3508 3721/3082/3501
f 3103/2465/2908 3726/3087/3506 3104/2466/2909
f 3727/3088/3507 3729/3090/3509 3728/3089/3508
f 3729/3090/3509 3730/3091/3510 3728/3089/3508
f 3728/3089/3508 3730/3091/3510 3719/3080/3499
f 3728/3089/3508 3719/3080/3499 3721/3082/3501
f 3731/3092/3511 3732/3093/3512 3730/3091/3510
f 3729/3090/3509 3731/3092/3511 3730/3091/3510
f 3730/3091/3510 3732/3093/3512 3717/3078/3497
f 3730/3091/3510 3717/3078/3497 3719/3080/3499
f 3732/3093/3512 3733/3094/3513 3715/3076/3495
f 3731/3092/3511 3733/3094/3513 3732/3093/3512
f 3732/3093/3512 3715/3076/3495 3717/3078/3497
f 3733/3094/3513 3734/3095/3514 3446/2808/3231
f 3734/3095/3514 3733/3094/3513 3731/3092/3511
f 3733/3094/3513 3714/3075/3226 3715/3076/3495
f 3714/3075/3226 3733/3094/3513 3448/2810/3233
f 3448/2810/3233 3733/3094/3513 3446/2808/3231
f 3734/3095/3514 3735/3096/3515 3444/2806/3229
f 3735/3096/3515 3734/3095/3514 3736/3097/3516
f 3736/3097/3516 3734/3095/3514 3731/3092/3511
f 3446/2808/3231 3734/3095/3514 3444/2806/3229
f 3737/3098/3517 3735/3096/3515 3736/3097/3516
f 3737/3098/3517 3736/3097/3516 3738/3099/3518
f 3736/3097/3516 3731/3092/3511 3729/3090/3509
f 3738/3099/3518 3736/3097/3516 3739/3100/3519
f 3739/3100/3519 3736/3097/3516 3729/3090/3509
f 3738/3099/3518 3739/3100/3519 3740/3101/3520
f 3739/3100/3519 3729/3090/3509 3727/3088/3507
f 3740/3101/3520 3739/3100/3519 3727/3088/3507
f 3741/3102/3521 3738/3099/3518 3740/3101/3520
f 3741/3102/3521 3740/3101/3520 3102/2464/2907
f 3740/3101/3520 3727/3088/3507 3103/2465/2908
f 3102/2464/2907 3740/3101/3520 3103/2465/2908
f 3742/3103/3522 3738/3099/3518 3741/3102/3521
f 3743/3104/3523 3742/3103/3522 3741/3102/3521
f 3743/3104/3523 3741/3102/3521 3102/2464/2907
f 3744/3105/3524 3742/3103/3522 3743/3104/3523
f 3745/3106/3525 3744/3105/3524 3743/3104/3523
f 3745/3106/3525 3743/3104/3523 3101/2463/2906
f 3101/2463/2906 3743/3104/3523 3102/2464/2907
f 3746/3107/1699 3748/3108/3526 3745/3106/3525
f 3747/3109/3527 3746/3107/1699 3745/3106/3525
f 3747/3109/3527 3745/3106/3525 3101/2463/2906
f 3748/3108/3526 3744/3105/3524 3745/3106/3525
f 3749/3110/3528 3750/3111/3529 3748/3108/3526
f 3746/3107/1699 3749/3110/3528 3748/3108/3526
f 3750/3111/3529 3751/3112/3530 3748/3108/3526
f 3748/3108/3526 3751/3112/3530 3744/3105/3524
f 3751/3112/3530 3752/3113/3531 3753/3114/3532
f 3750/3111/3529 3752/3113/3531 3751/3112/3530
f 3751/3112/3530 3753/3114/3532 3742/3103/3522
f 3744/3105/3524 3751/3112/3530 3742/3103/3522
f 3752/3113/3531 3754/3115/3533 3753/3114/3532
f 3754/3115/3533 3755/3116/3534 3753/3114/3532
f 3753/3114/3532 3755/3116/3534 3756/3117/3535
f 3753/3114/3532 3756/3117/3535 3742/3103/3522
f 3755/3116/3534 3757/3118/3536 3756/3117/3535
f 3756/3117/3535 3757/3118/3536 3737/3098/3517
f 3756/3117/3535 3737/3098/3517 3738/3099/3518
f 3742/3103/3522 3756/3117/3535 3738/3099/3518
f 3757/3118/3536 3758/3119/3537 3760/3120/3538
f 3755/3116/3534 3758/3119/3537 3757/3118/3536
f 3757/3118/3536 3759/3121/3539 3737/3098/3517
f 3759/3121/3539 3757/3118/3536 3760/3120/3538
f 3759/3121/3539 3760/3120/3538 3439/2801/3224
f 3760/3120/3538 3758/3119/3537 3434/2796/3219
f 3760/3120/3538 3434/2796/3219 3436/2798/3221
f 3439/2801/3224 3760/3120/3538 3436/2798/3221
f 3759/3121/3539 3735/3096/3515 3737/3098/3517
f 3735/3096/3515 3759/3121/3539 3442/2804/3227
f 3442/2804/3227 3759/3121/3539 3439/2801/3224
f 3761/3122/3540 3758/3119/3537 3755/3116/3534
f 3758/3119/3537 3761/3122/3540 3432/2794/3217
f 3758/3119/3537 3432/2794/3217 3434/2796/3219
f 3761/3122/3540 3430/2792/3215 3432/2794/3217
f 3762/3123/3541 3430/2792/3215 3761/3122/3540
f 3762/3123/3541 3761/3122/3540 3754/3115/3533
f 3754/3115/3533 3761/3122/3540 3755/3116/3534
f 3763/3124/3542 3429/2791/3214 3762/3123/3541
f 3764/3125/3543 3763/3124/3542 3762/3123/3541
f 3764/3125/3543 3762/3123/3541 3754/3115/3533
f 3429/2791/3214 3430/2792/3215 3762/3123/3541
f 3765/3126/3544 3763/3124/3542 3764/3125/3543
f 3766/3127/3545 3765/3126/3544 3764/3125/3543
f 3766/3127/3545 3764/3125/3543 3752/3113/3531
f 3752/3113/3531 3764/3125/3543 3754/3115/3533
f 3767/3128/3546 3769/3129/3547 3766/3127/3545
f 3768/3130/3548 3767/3128/3546 3766/3127/3545
f 3768/3130/3548 3766/3127/3545 3770/3131/3549
f 3769/3129/3547 3765/3126/3544 3766/3127/3545
f 3770/3131/3549 3766/3127/3545 3752/3113/3531
f 3771/3132/3550 3768/3130/3548 3770/3131/3549
f 3771/3132/3550 3770/3131/3549 3750/3111/3529
f 3770/3131/3549 3752/3113/3531 3750/3111/3529
f 3772/3133/3551 3768/3130/3548 3771/3132/3550
f 3772/3133/3551 3771/3132/3550 3773/3134/3552
f 3773/3134/3552 3771/3132/3550 3749/3110/3528
f 3749/3110/3528 3771/3132/3550 3750/3111/3529
f 3774/3135/3553 3772/3133/3551 3773/3134/3552
f 3775/3136/3554 3774/3135/3553 3773/3134/3552
f 3775/3136/3554 3773/3134/3552 3746/3107/1699
f 3773/3134/3552 3749/3110/3528 3746/3107/1699
f 3776/3137/3555 3774/3135/3553 3775/3136/3554
f 3776/3137/3555 3775/3136/3554 3777/3138/3556
f 3777/3138/3556 3775/3136/3554 3746/3107/1699
f 3778/3139/3557 3776/3137/3555 3777/3138/3556
f 3779/3140/3558 3778/3139/3557 3777/3138/3556
f 3779/3140/3558 3777/3138/3556 3780/3141/3559
f 3777/3138/3556 3746/3107/1699 3747/3109/3527
f 3780/3141/3559 3777/3138/3556 3747/3109/3527
f 3781/3142/2641 3779/3140/3558 3780/3141/3559
f 3782/3143/3560 3781/3142/2641 3780/3141/3559
f 3782/3143/3560 3780/3141/3559 3100/2462/2905
f 3780/3141/3559 3747/3109/3527 3100/2462/2905
f 3781/3142/2641 3782/3143/3560 3095/2457/2900
f 3095/2457/2900 3782/3143/3560 3097/2459/2902
f 3097/2459/2902 3782/3143/3560 3100/2462/2905
f 3783/3144/3561 3779/3140/3558 3781/3142/2641
f 3783/3144/3561 3781/3142/2641 3094/2456/2899
f 3094/2456/2899 3781/3142/2641 3095/2457/2900
f 3784/3145/3562 3786/3146/3563 3783/3144/3561
f 3785/3147/3564 3784/3145/3562 3783/3144/3561
f 3785/3147/3564 3783/3144/3561 3094/2456/2899
f 3786/3146/3563 3779/3140/3558 3783/3144/3561
f 3787/3148/3565 3778/3139/3557 3786/3146/3563
f 3784/3145/3562 3787/3148/3565 3786/3146/3563
f 3786/3146/3563 3778/3139/3557 3779/3140/3558
f 3787/3148/3565 3788/3149/3566 3778/3139/3557
f 3789/3150/3567 3788/3149/3566 3787/3148/3565
f 3789/3150/3567 3787/3148/3565 3784/3145/3562
f 3790/3151/3568 3792/3152/3569 3789/3150/3567
f 3791/3153/3570 3790/3151/3568 3789/3150/3567
f 3791/3153/3570 3789/3150/3567 3784/3145/3562
f 3792/3152/3569 3788/3149/3566 3789/3150/3567
f 3793/3154/3571 3794/3155/3572 3792/3152/3569
f 3790/3151/3568 3793/3154/3571 3792/3152/3569
f 3792/3152/3569 3794/3155/3572 3788/3149/3566
f 3794/3155/3572 3795/3156/3573 3796/3157/3574
f 3793/3154/3571 3795/3156/3573 3794/3155/3572
f 3794/3155/3572 3796/3157/3574 3797/3158/3575
f 3788/3149/3566 3794/3155/3572 3797/3158/3575
f 3788/3149/3566 3797/3158/3575 3776/3137/3555
f 3796/3157/3574 3798/3159/3576 3797/3158/3575
f 3797/3158/3575 3798/3159/3576 3774/3135/3553
f 3797/3158/3575 3774/3135/3553 3776/3137/3555
f 3798/3159/3576 3799/3160/3352 3800/3161/3577
f 3796/3157/3574 3799/3160/3352 3798/3159/3576
f 3798/3159/3576 3800/3161/3577 3772/3133/3551
f 3774/3135/3553 3798/3159/3576 3772/3133/3551
f 3799/3160/3352 3801/3162/3578 3800/3161/3577
f 3801/3162/3578 3767/3128/3546 3800/3161/3577
f 3800/3161/3577 3767/3128/3546 3768/3130/3548
f 3800/3161/3577 3768/3130/3548 3772/3133/3551
f 3802/3163/3579 3803/3164/3580 3801/3162/3578
f 3799/3160/3352 3802/3163/3579 3801/3162/3578
f 3801/3162/3578 3803/3164/3580 3769/3129/3547
f 3767/3128/3546 3801/3162/3578 3769/3129/3547
f 3804/3165/3581 3805/3166/3582 3803/3164/3580
f 3802/3163/3579 3804/3165/3581 3803/3164/3580
f 3803/3164/3580 3805/3166/3582 3806/3167/3583
f 3803/3164/3580 3806/3167/3583 3769/3129/3547
f 3805/3166/3582 3807/3168/3584 3806/3167/3583
f 3807/3168/3584 3808/3169/3585 3806/3167/3583
f 3806/3167/3583 3808/3169/3585 3809/3170/3586
f 3806/3167/3583 3809/3170/3586 3769/3129/3547
f 3808/3169/3585 3810/3171/3587 3809/3170/3586
f 3809/3170/3586 3810/3171/3587 3811/3172/3588
f 3809/3170/3586 3811/3172/3588 3765/3126/3544
f 3769/3129/3547 3809/3170/3586 3765/3126/3544
f 3810/3171/3587 3812/3173/3589 3811/3172/3588
f 3811/3172/3588 3812/3173/3589 3813/3174/3590
f 3811/3172/3588 3813/3174/3590 3763/3124/3542
f 3765/3126/3544 3811/3172/3588 3763/3124/3542
f 3812/3173/3589 3814/3175/3591 3813/3174/3590
f 3813/3174/3590 3814/3175/3591 3427/2789/3212
f 3813/3174/3590 3427/2789/3212 3429/2791/3214
f 3763/3124/3542 3813/3174/3590 3429/2791/3214
f 3814/3175/3591 3815/3176/3592 3816/3177/3593
f 3812/3173/3589 3815/3176/3592 3814/3175/3591
f 3814/3175/3591 3816/3177/3593 3425/2787/3210
f 3427/2789/3212 3814/3175/3591 3425/2787/3210
f 3815/3176/3592 3413/2775/3199 3816/3177/3593
f 3816/3177/3593 3413/2775/3199 3416/2778/3202
f 3816/3177/3593 3416/2778/3202 3423/2785/3208
f 3425/2787/3210 3816/3177/3593 3423/2785/3208
f 3815/3176/3592 3411/2773/3197 3413/2775/3199
f 3817/3178/3594 3411/2773/3197 3815/3176/3592
f 3817/3178/3594 3815/3176/3592 3812/3173/3589
f 3410/2772/3196 3411/2773/3197 3817/3178/3594
f 3818/3179/3595 3410/2772/3196 3817/3178/3594
f 3818/3179/3595 3817/3178/3594 3810/3171/3587
f 3810/3171/3587 3817/3178/3594 3812/3173/3589
f 3819/3180/3596 3410/2772/3196 3818/3179/3595
f 3820/3181/3597 3819/3180/3596 3818/3179/3595
f 3820/3181/3597 3818/3179/3595 3808/3169/3585
f 3808/3169/3585 3818/3179/3595 3810/3171/3587
f 3821/3182/3598 3819/3180/3596 3820/3181/3597
f 3821/3182/3598 3820/3181/3597 3807/3168/3584
f 3807/3168/3584 3820/3181/3597 3808/3169/3585
f 3822/3183/3599 3824/3182/3600 3821/3182/3598
f 3823/3184/3601 3822/3183/3599 3821/3182/3598
f 3823/3184/3601 3821/3182/3598 3807/3168/3584
f 3824/3182/3600 3819/3180/3596 3821/3182/3598
f 3825/2410/3602 3046/2410/2854 3824/3182/3600
f 3822/3183/3599 3825/2410/3602 3824/3182/3600
f 3824/3182/3600 3046/2410/2854 3819/3180/3596
f 3045/2409/2853 3825/2410/3602 3826/3185/3603
f 3825/2410/3602 3045/2409/2853 3046/2410/2854
f 3826/3185/3603 3825/2410/3602 3822/3183/3599
f 3827/2409/3604 3045/2409/2853 3826/3185/3603
f 3827/2409/3604 3826/3185/3603 3828/3186/3605
f 3826/3185/3603 3822/3183/3599 3830/3187/3606
f 3828/3186/3605 3826/3185/3603 3829/3188/3607
f 3829/3188/3607 3826/3185/3603 3830/3187/3606
f 3829/3188/3607 3830/3187/3606 3832/3187/3608
f 3830/3187/3606 3822/3183/3599 3823/3184/3601
f 3830/3187/3606 3831/3189/3609 3832/3187/3608
f 3831/3189/3609 3830/3187/3606 3823/3184/3601
f 3833/3190/3610 3829/3188/3607 3832/3187/3608
f 3833/3190/3610 3832/3187/3608 3835/3191/3611
f 3832/3187/3608 3831/3189/3609 3834/3189/3612
f 3832/3187/3608 3834/3189/3612 3835/3191/3611
f 3836/3192/3613 3833/3190/3610 3835/3191/3611
f 3836/3192/3613 3835/3191/3611 3838/3193/3614
f 3835/3191/3611 3834/3189/3612 3837/3194/1968
f 3835/3191/3611 3837/3194/1968 3839/3195/3615
f 3838/3193/3614 3835/3191/3611 3839/3195/3615
f 3838/3193/3614 3839/3195/3615 3796/3157/3574
f 3837/3194/1968 3802/3163/3579 3839/3195/3615
f 3839/3195/3615 3802/3163/3579 3799/3160/3352
f 3839/3195/3615 3799/3160/3352 3796/3157/3574
f 3840/3196/3616 3836/3192/3613 3838/3193/3614
f 3795/3156/3573 3840/3196/3616 3838/3193/3614
f 3795/3156/3573 3838/3193/3614 3796/3157/3574
f 3841/3197/3617 3836/3192/3613 3840/3196/3616
f 3841/3197/3617 3840/3196/3616 3793/3154/3571
f 3840/3196/3616 3795/3156/3573 3793/3154/3571
f 3842/3198/3618 3844/3199/3619 3841/3197/3617
f 3843/3200/3620 3842/3198/3618 3841/3197/3617
f 3843/3200/3620 3841/3197/3617 3845/3201/3621
f 3844/3199/3619 3836/3192/3613 3841/3197/3617
f 3845/3201/3621 3841/3197/3617 3846/3202/3622
f 3846/3202/3622 3841/3197/3617 3793/3154/3571
f 3845/3201/3621 3846/3202/3622 3847/3203/3623
f 3846/3202/3622 3793/3154/3571 3790/3151/3568
f 3847/3203/3623 3846/3202/3622 3848/3204/3624
f 3848/3204/3624 3846/3202/3622 3790/3151/3568
f 3847/3203/3623 3848/3204/3624 3849/3205/3625
f 3848/3204/3624 3790/3151/3568 3791/3153/3570
f 3849/3205/3625 3848/3204/3624 3850/3206/3626
f 3850/3206/3626 3848/3204/3624 3791/3153/3570
f 3849/3205/3625 3850/3206/3626 3851/3207/3627
f 3850/3206/3626 3791/3153/3570 3852/3208/3628
f 3851/3207/3627 3850/3206/3626 3852/3208/3628
f 3851/3207/3627 3852/3208/3628 3853/3209/3629
f 3852/3208/3628 3791/3153/3570 3784/3145/3562
f 3852/3208/3628 3784/3145/3562 3854/3210/3630
f 3853/3209/3629 3852/3208/3628 3854/3210/3630
f 3853/3209/3629 3854/3210/3630 3088/2450/2894
f 3854/3210/3630 3784/3145/3562 3785/3147/3564
f 3854/3210/3630 3785/3147/3564 3090/2452/2655
f 3088/2450/2894 3854/3210/3630 3090/2452/2655
f 3855/3211/3631 3851/3207/3627 3853/3209/3629
f 3855/3211/3631 3853/3209/3629 3086/2448/2892
f 3086/2448/2892 3853/3209/3629 3088/2450/2894
f 3856/3212/3632 3851/3207/3627 3855/3211/3631
f 3079/2442/2886 3856/3212/3632 3855/3211/3631
f 3079/2442/2886 3855/3211/3631 3086/2448/2892
f 3856/3212/3632 3849/3205/3625 3851/3207/3627
f 3857/3213/3633 3849/3205/3625 3856/3212/3632
f 3857/3213/3633 3856/3212/3632 3079/2442/2886
f 3858/3214/3634 3849/3205/3625 3857/3213/3633
f 3075/2438/2882 3858/3214/3634 3857/3213/3633
f 3075/2438/2882 3857/3213/3633 3079/2442/2886
f 3859/3215/3635 3847/3203/3623 3858/3214/3634
f 3072/2435/2879 3859/3215/3635 3858/3214/3634
f 3072/2435/2879 3858/3214/3634 3075/2438/2882
f 3858/3214/3634 3847/3203/3623 3849/3205/3625
f 3860/3216/3636 3845/3201/3621 3859/3215/3635
f 3069/2432/2876 3860/3216/3636 3859/3215/3635
f 3069/2432/2876 3859/3215/3635 3072/2435/2879
f 3859/3215/3635 3845/3201/3621 3847/3203/3623
f 3861/3217/3637 3843/3200/3620 3860/3216/3636
f 3066/2429/2873 3861/3217/3637 3860/3216/3636
f 3066/2429/2873 3860/3216/3636 3069/2432/2876
f 3860/3216/3636 3843/3200/3620 3845/3201/3621
f 3862/3218/3638 3863/3219/3639 3861/3217/3637
f 3063/2426/2870 3862/3218/3638 3861/3217/3637
f 3063/2426/2870 3861/3217/3637 3066/2429/2873
f 3861/3217/3637 3863/3219/3639 3843/3200/3620
f 3864/3220/3640 3865/3221/3641 3863/3219/3639
f 3862/3218/3638 3864/3220/3640 3863/3219/3639
f 3863/3219/3639 3865/3221/3641 3842/3198/3618
f 3863/3219/3639 3842/3198/3618 3843/3200/3620
f 3054/2417/2861 3866/3222/3642 3865/3221/3641
f 3864/3220/3640 3054/2417/2861 3865/3221/3641
f 3865/3221/3641 3866/3222/3642 3867/3223/3643
f 3865/3221/3641 3867/3223/3643 3842/3198/3618
f 3866/3222/3642 3868/3224/3644 3867/3223/3643
f 3867/3223/3643 3868/3224/3644 3869/3225/3645
f 3867/3223/3643 3869/3225/3645 3844/3199/3619
f 3842/3198/3618 3867/3223/3643 3844/3199/3619
f 3868/3224/3644 3828/3186/3605 3869/3225/3645
f 3828/3186/3605 3829/3188/3607 3869/3225/3645
f 3869/3225/3645 3829/3188/3607 3833/3190/3610
f 3869/3225/3645 3833/3190/3610 3844/3199/3619
f 3870/3226/3646 3827/2409/3604 3868/3224/3644
f 3866/3222/3642 3870/3226/3646 3868/3224/3644
f 3868/3224/3644 3827/2409/3604 3828/3186/3605
f 3870/3226/3646 3044/2407/2851 3827/2409/3604
f 3051/2414/2858 3044/2407/2851 3870/3226/3646
f 3051/2414/2858 3870/3226/3646 3866/3222/3642
f 3054/2417/2861 3051/2414/2858 3866/3222/3642
f 3057/2420/2864 3054/2417/2861 3864/3220/3640
f 3057/2420/2864 3864/3220/3640 3862/3218/3638
f 3060/2423/2867 3057/2420/2864 3862/3218/3638
f 3060/2423/2867 3862/3218/3638 3063/2426/2870
f 3844/3199/3619 3833/3190/3610 3836/3192/3613
f 3837/3194/1968 3834/3189/3612 3802/3163/3579
f 3834/3189/3612 3831/3189/3609 3805/3166/3582
f 3834/3189/3612 3804/3165/3581 3802/3163/3579
f 3804/3165/3581 3834/3189/3612 3805/3166/3582
f 3831/3189/3609 3823/3184/3601 3805/3166/3582
f 3044/2407/2851 3045/2409/2853 3827/2409/3604
f 3805/3166/3582 3823/3184/3601 3807/3168/3584
f 3046/2410/2854 3047/2411/2855 3819/3180/3596
f 3819/3180/3596 3047/2411/2855 3410/2772/3196
f 3778/3139/3557 3788/3149/3566 3776/3137/3555
f 3090/2452/2655 3785/3147/3564 3092/2454/2897
f 3092/2454/2897 3785/3147/3564 3094/2456/2899
f 3100/2462/2905 3747/3109/3527 3101/2463/2906
f 3444/2806/3229 3735/3096/3515 3442/2804/3227
f 3712/3073/3493 3714/3075/3226 3450/2812/3235
f 3450/2812/3235 3714/3075/3226 3448/2810/3233
f 3710/3071/3491 3712/3073/3493 3452/2814/3237
f 3452/2814/3237 3712/3073/3493 3450/2812/3235
f 3459/2821/3244 3710/3071/3491 3454/2816/3239
f 3454/2816/3239 3710/3071/3491 3452/2814/3237
f 3116/2479/2920 3699/3061/3481 3119/2482/2923
f 3423/2785/3208 3416/2778/3202 3418/2780/3204
f 3379/2741/3167 3398/2761/3185 3381/2743/3169
f 3264/2626/3062 3363/2726/3153 3266/2628/3064
f 3330/2692/3120 3324/2686/3114 3325/2687/3115
f 3319/2681/3109 3061/2422/2866 3064/2425/2869
f 3319/2681/3109 3064/2425/2869 3067/2428/2872
f 3199/2561/3002 3197/2559/3000 3202/2564/3005
f 3168/2530/2971 3178/2540/2981 3170/2532/2973
f 3123/2484/2925 3114/2475/2916 3117/2478/2919
f 3082/2445/2889 3079/2442/2886 3086/2448/2892
f 3048/2412/2856 3050/2408/2857 3053/2415/2859
f 3871/3227/3647 3872/3228/3648 3877/3229/3649
f 3872/3228/3648 3871/3227/3647 3873/3230/3650
f 3871/3227/3647 3874/3231/3651 3873/3230/3650
f 3874/3231/3651 3871/3227/3647 3875/3232/3652
f 3875/3232/3652 3871/3227/3647 3876/3233/3653
f 3876/3233/3653 3871/3227/3647 3877/3229/3649
f 3876/3233/3653 3877/3229/3649 3879/3234/3654
f 3877/3229/3649 3872/3228/3648 3878/3235/3655
f 3877/3229/3649 3878/3235/3655 3880/3236/3656
f 3879/3234/3654 3877/3229/3649 3880/3236/3656
f 3879/3234/3654 3880/3236/3656 3883/3237/3657
f 3878/3235/3655 3881/3238/3658 3880/3236/3656
f 3880/3236/3656 3881/3238/3658 3882/3239/3659
f 3880/3236/3656 3882/3239/3659 3884/3240/3660
f 3883/3237/3657 3880/3236/3656 3884/3240/3660
f 3883/3237/3657 3884/3240/3660 3886/3241/3661
f 3884/3240/3660 3882/3239/3659 3885/3242/3662
f 3884/3240/3660 3885/3242/3662 3887/3243/3663
f 3886/3241/3661 3884/3240/3660 3887/3243/3663
f 3886/3241/3661 3887/3243/3663 3890/3244/3664
f 3885/3242/3662 3888/3245/3665 3887/3243/3663
f 3887/3243/3663 3888/3245/3665 3889/3246/3666
f 3889/3246/3666 3890/3244/3664 3887/3243/3663
f 3891/3247/3667 3892/3248/3668 3890/3244/3664
f 3889/3246/3666 3891/3247/3667 3890/3244/3664
f 3892/3248/3668 3893/3249/3669 3890/3244/3664
f 3893/3249/3669 3894/3250/3670 3890/3244/3664
f 3894/3250/3670 3886/3241/3661 3890/3244/3664
f 3895/3251/3671 3896/3252/3672 3894/3250/3670
f 3893/3249/3669 3895/3251/3671 3894/3250/3670
f 3894/3250/3670 3896/3252/3672 3886/3241/3661
f 3897/3253/3673 3879/3234/3654 3896/3252/3672
f 3895/3251/3671 3897/3253/3673 3896/3252/3672
f 3896/3252/3672 3879/3234/3654 3883/3237/3657
f 3896/3252/3672 3883/3237/3657 3886/3241/3661
f 3897/3253/3673 3876/3233/3653 3879/3234/3654
f 3898/3254/3674 3876/3233/3653 3897/3253/3673
f 3898/3254/3674 3897/3253/3673 3899/3255/3675
f 3899/3255/3675 3897/3253/3673 3900/3256/3676
f 3900/3256/3676 3897/3253/3673 3895/3251/3671
f 3899/3255/3675 3900/3256/3676 3901/3257/3677
f 3900/3256/3676 3895/3251/3671 3902/3258/3678
f 3901/3257/3677 3900/3256/3676 3902/3258/3678
f 3902/3258/3678 3895/3251/3671 3893/3249/3669
f 3903/3259/3679 3899/3255/3675 3901/3257/3677
f 3904/3260/3680 3899/3255/3675 3903/3259/3679
f 3905/3261/3681 3899/3255/3675 3904/3260/3680
f 3906/3262/3682 3905/3261/3681 3904/3260/3680
f 3907/3263/3683 3905/3261/3681 3906/3262/3682
f 3908/3264/3684 3907/3263/3683 3906/3262/3682
f 3909/3265/3685 3907/3263/3683 3908/3264/3684
f 3910/3266/3686 3909/3265/3685 3908/3264/3684
f 3911/3267/3687 3909/3265/3685 3910/3266/3686
f 3912/3268/3688 3911/3267/3687 3910/3266/3686
f 3913/3269/3689 3911/3267/3687 3912/3268/3688
f 3914/3270/3690 3913/3269/3689 3912/3268/3688
f 3915/3271/3691 3913/3269/3689 3914/3270/3690
f 3916/3272/3692 3915/3271/3691 3914/3270/3690
f 3917/3273/3693 3915/3271/3691 3916/3272/3692
f 3918/3274/3694 3917/3273/3693 3916/3272/3692
f 3919/3275/3695 3921/3276/3696 3918/3274/3694
f 3920/3277/3697 3919/3275/3695 3918/3274/3694
f 3921/3276/3696 3917/3273/3693 3918/3274/3694
f 3922/3278/3698 3923/3279/3699 3921/3276/3696
f 3919/3275/3695 3922/3278/3698 3921/3276/3696
f 3923/3279/3699 3924/3280/3700 3921/3276/3696
f 3921/3276/3696 3924/3280/3700 3917/3273/3693
f 3924/3280/3700 3925/3281/3701 3926/3282/3702
f 3923/3279/3699 3925/3281/3701 3924/3280/3700
f 3924/3280/3700 3926/3282/3702 3917/3273/3693
f 3925/3281/3701 3927/3283/444 3926/3282/3702
f 3927/3283/444 3928/3284/463 3926/3282/3702
f 3926/3282/3702 3928/3284/463 3929/3285/3703
f 3926/3282/3702 3929/3285/3703 3915/3271/3691
f 3917/3273/3693 3926/3282/3702 3915/3271/3691
f 3929/3285/3703 3928/3284/463 3930/3286/3704
f 3929/3285/3703 3930/3286/3704 3913/3269/3689
f 3915/3271/3691 3929/3285/3703 3913/3269/3689
f 3928/3284/463 3931/3287/3705 3930/3286/3704
f 3930/3286/3704 3931/3287/3705 3932/3288/3706
f 3930/3286/3704 3932/3288/3706 3911/3267/3687
f 3913/3269/3689 3930/3286/3704 3911/3267/3687
f 3931/3287/3705 3933/3289/3707 3932/3288/3706
f 3932/3288/3706 3933/3289/3707 3934/3290/3708
f 3932/3288/3706 3934/3290/3708 3907/3263/3683
f 3911/3267/3687 3932/3288/3706 3909/3265/3685
f 3909/3265/3685 3932/3288/3706 3907/3263/3683
f 3933/3289/3707 3935/3291/3709 3934/3290/3708
f 3934/3290/3708 3935/3291/3709 3936/3292/3710
f 3934/3290/3708 3936/3292/3710 3905/3261/3681
f 3907/3263/3683 3934/3290/3708 3905/3261/3681
f 3935/3291/3709 3875/3232/3652 3936/3292/3710
f 3936/3292/3710 3875/3232/3652 3898/3254/3674
f 3936/3292/3710 3898/3254/3674 3899/3255/3675
f 3905/3261/3681 3936/3292/3710 3899/3255/3675
f 3937/3293/3711 3938/3294/3712 3935/3291/3709
f 3933/3289/3707 3937/3293/3711 3935/3291/3709
f 3935/3291/3709 3938/3294/3712 3875/3232/3652
f 3938/3294/3712 3874/3231/3651 3875/3232/3652
f 3874/3231/3651 3938/3294/3712 3873/3230/3650
f 3873/3230/3650 3938/3294/3712 3939/3295/3713
f 3938/3294/3712 3937/3293/3711 3939/3295/3713
f 3873/3230/3650 3939/3295/3713 3941/3296/3714
f 3939/3295/3713 3937/3293/3711 3940/3297/3715
f 3939/3295/3713 3940/3297/3715 3942/3298/3716
f 3941/3296/3714 3939/3295/3713 3942/3298/3716
f 3941/3296/3714 3942/3298/3716 3944/3299/3717
f 3942/3298/3716 3940/3297/3715 3943/3300/3718
f 3942/3298/3716 3943/3300/3718 3945/3301/3719
f 3944/3299/3717 3942/3298/3716 3945/3301/3719
f 3944/3299/3717 3945/3301/3719 3947/3302/3720
f 3945/3301/3719 3943/3300/3718 3946/3303/3721
f 3945/3301/3719 3946/3303/3721 3948/3304/3722
f 3947/3302/3720 3945/3301/3719 3948/3304/3722
f 3948/3304/3722 3946/3303/3721 3949/3305/3723
f 3946/3303/3721 3950/3306/3724 3949/3305/3723
f 3949/3305/3723 3950/3306/3724 3951/3307/3725
f 3950/3306/3724 3952/3308/3726 3951/3307/3725
f 3951/3307/3725 3952/3308/3726 3953/3309/3727
f 3952/3308/3726 3954/3310/3728 3953/3309/3727
f 3954/3310/3728 3955/3311/3729 3953/3309/3727
f 3953/3309/3727 3955/3311/3729 3956/3312/3730
f 3955/3311/3729 3957/3313/3731 3956/3312/3730
f 3956/3312/3730 3957/3313/3731 3958/3314/3732
f 3957/3313/3731 3959/3315/3733 3958/3314/3732
f 3958/3314/3732 3959/3315/3733 3960/3316/3734
f 3959/3315/3733 3961/3317/3735 3960/3316/3734
f 3960/3316/3734 3961/3317/3735 3962/3318/3736
f 3962/3318/3736 3961/3317/3735 3920/3277/3697
f 3961/3317/3735 3959/3315/3733 3919/3275/3695
f 3961/3317/3735 3919/3275/3695 3920/3277/3697
f 3959/3315/3733 3922/3278/3698 3919/3275/3695
f 3957/3313/3731 3922/3278/3698 3959/3315/3733
f 3963/3319/3737 3922/3278/3698 3957/3313/3731
f 3955/3311/3729 3963/3319/3737 3957/3313/3731
f 3963/3319/3737 3964/3320/3738 3923/3279/3699
f 3965/3321/3739 3964/3320/3738 3963/3319/3737
f 3965/3321/3739 3963/3319/3737 3955/3311/3729
f 3922/3278/3698 3963/3319/3737 3923/3279/3699
f 3966/3322/3740 3964/3320/3738 3965/3321/3739
f 3967/3323/3741 3966/3322/3740 3965/3321/3739
f 3967/3323/3741 3965/3321/3739 3954/3310/3728
f 3954/3310/3728 3965/3321/3739 3955/3311/3729
f 3968/3324/3742 3966/3322/3740 3967/3323/3741
f 3969/3325/3743 3968/3324/3742 3967/3323/3741
f 3969/3325/3743 3967/3323/3741 3952/3308/3726
f 3952/3308/3726 3967/3323/3741 3954/3310/3728
f 3970/3326/3744 3968/3324/3742 3969/3325/3743
f 3971/3327/3745 3970/3326/3744 3969/3325/3743
f 3971/3327/3745 3969/3325/3743 3950/3306/3724
f 3950/3306/3724 3969/3325/3743 3952/3308/3726
f 3972/3328/3746 3970/3326/3744 3971/3327/3745
f 3943/3300/3718 3972/3328/3746 3971/3327/3745
f 3943/3300/3718 3971/3327/3745 3946/3303/3721
f 3946/3303/3721 3971/3327/3745 3950/3306/3724
f 3972/3328/3746 3973/3329/3747 3970/3326/3744
f 3940/3297/3715 3973/3329/3747 3972/3328/3746
f 3940/3297/3715 3972/3328/3746 3943/3300/3718
f 3973/3329/3747 3937/3293/3711 3933/3289/3707
f 3937/3293/3711 3973/3329/3747 3940/3297/3715
f 3973/3329/3747 3974/3330/3748 3970/3326/3744
f 3974/3330/3748 3973/3329/3747 3928/3284/463
f 3928/3284/463 3973/3329/3747 3931/3287/3705
f 3931/3287/3705 3973/3329/3747 3933/3289/3707
f 3974/3330/3748 3975/3331/3749 3970/3326/3744
f 3975/3331/3749 3974/3330/3748 3927/3283/444
f 3927/3283/444 3974/3330/3748 3928/3284/463
f 3970/3326/3744 3975/3331/3749 3968/3324/3742
f 3975/3331/3749 3976/3332/3750 3968/3324/3742
f 3976/3332/3750 3975/3331/3749 3927/3283/444
f 3968/3324/3742 3976/3332/3750 3966/3322/3740
f 3966/3322/3740 3976/3332/3750 3964/3320/3738
f 3964/3320/3738 3976/3332/3750 3925/3281/3701
f 3925/3281/3701 3976/3332/3750 3927/3283/444
f 3964/3320/3738 3925/3281/3701 3923/3279/3699
f 3977/3333/3751 3944/3299/3717 3947/3302/3720
f 3978/3334/3752 3944/3299/3717 3977/3333/3751
f 3979/3335/3753 3978/3334/3752 3977/3333/3751
f 3980/3336/3754 3978/3334/3752 3979/3335/3753
f 3981/3337/3755 3978/3334/3752 3980/3336/3754
f 3982/3338/3756 3981/3337/3755 3980/3336/3754
f 3983/3339/3757 3985/3340/3758 3982/3338/3756
f 3984/3341/3759 3983/3339/3757 3982/3338/3756
f 3985/3340/3758 3981/3337/3755 3982/3338/3756
f 3986/3342/3760 3987/3343/3761 3985/3340/3758
f 3983/3339/3757 3986/3342/3760 3985/3340/3758
f 3985/3340/3758 3987/3343/3761 3981/3337/3755
f 3881/3238/3658 3987/3343/3761 3989/3344/3762
f 3987/3343/3761 3881/3238/3658 3988/3345/3763
f 3987/3343/3761 3988/3345/3763 3981/3337/3755
f 3989/3344/3762 3987/3343/3761 3986/3342/3760
f 3882/3239/3659 3881/3238/3658 3989/3344/3762
f 3882/3239/3659 3989/3344/3762 3885/3242/3662
f 3989/3344/3762 3986/3342/3760 3885/3242/3662
f 3881/3238/3658 3878/3235/3655 3988/3345/3763
f 3988/3345/3763 3878/3235/3655 3990/3346/3764
f 3988/3345/3763 3990/3346/3764 3978/3334/3752
f 3981/3337/3755 3988/3345/3763 3978/3334/3752
f 3878/3235/3655 3872/3228/3648 3990/3346/3764
f 3990/3346/3764 3872/3228/3648 3941/3296/3714
f 3990/3346/3764 3941/3296/3714 3978/3334/3752
f 3986/3342/3760 3983/3339/3757 3888/3245/3665
f 3885/3242/3662 3986/3342/3760 3888/3245/3665
f 3991/3347/3765 3983/3339/3757 3984/3341/3759
f 3992/3348/3766 3991/3347/3765 3984/3341/3759
f 3993/3349/3767 3991/3347/3765 3992/3348/3766
f 3994/3350/3768 3993/3349/3767 3992/3348/3766
f 3995/3351/3769 3993/3349/3767 3994/3350/3768
f 3996/3352/3770 3995/3351/3769 3994/3350/3768
f 3997/3353/3771 3995/3351/3769 3996/3352/3770
f 3891/3247/3667 3995/3351/3769 3997/3353/3771
f 3892/3248/3668 3891/3247/3667 3997/3353/3771
f 3993/3349/3767 3995/3351/3769 3891/3247/3667
f 3993/3349/3767 3891/3247/3667 3889/3246/3666
f 3991/3347/3765 3993/3349/3767 3889/3246/3666
f 3888/3245/3665 3983/3339/3757 3991/3347/3765
f 3888/3245/3665 3991/3347/3765 3889/3246/3666
f 3978/3334/3752 3941/3296/3714 3944/3299/3717
f 3872/3228/3648 3873/3230/3650 3941/3296/3714
f 3875/3232/3652 3876/3233/3653 3898/3254/3674
f 3998/3354/3772 3999/3355/3773 4003/3356/3774
f 3999/3355/3773 3998/3354/3772 4000/3357/3775
f 4000/3357/3775 3998/3354/3772 4001/3358/3776
f 3998/3354/3772 4002/3359/3777 4001/3358/3776
f 4002/3359/3777 3998/3354/3772 4003/3356/3774
f 4004/3360/3778 4002/3359/3777 4003/3356/3774
f 4004/3360/3778 4003/3356/3774 4006/3361/3779
f 4003/3356/3774 3999/3355/3773 4005/3362/3780
f 4003/3356/3774 4005/3362/3780 4006/3361/3779
f 4007/3363/3781 4004/3360/3778 4006/3361/3779
f 4007/3363/3781 4006/3361/3779 4009/3364/3782
f 4006/3361/3779 4005/3362/3780 4008/3365/3783
f 4006/3361/3779 4008/3365/3783 4010/3366/3784
f 4009/3364/3782 4006/3361/3779 4010/3366/3784
f 4009/3364/3782 4010/3366/3784 4012/3367/3785
f 4010/3366/3784 4008/3365/3783 4011/3368/3786
f 4010/3366/3784 4011/3368/3786 4013/3369/3787
f 4012/3367/3785 4010/3366/3784 4013/3369/3787
f 4012/3367/3785 4013/3369/3787 4015/3370/3788
f 4013/3369/3787 4011/3368/3786 4014/3371/3789
f 4013/3369/3787 4014/3371/3789 4016/3372/3790
f 4015/3370/3788 4013/3369/3787 4016/3372/3790
f 4015/3370/3788 4016/3372/3790 4018/3373/3791
f 4016/3372/3790 4014/3371/3789 4017/3374/3792
f 4016/3372/3790 4017/3374/3792 4019/3375/3793
f 4018/3373/3791 4016/3372/3790 4019/3375/3793
f 4019/3375/3793 4017/3374/3792 4020/3376/3794
f 4017/3374/3792 4021/3377/3795 4020/3376/3794
f 4020/3376/3794 4021/3377/3795 4022/3378/3796
f 4022/3378/3796 4021/3377/3795 4023/3379/3797
f 4021/3377/3795 4024/3380/3798 4023/3379/3797
f 4023/3379/3797 4024/3380/3798 4025/3381/3799
f 4024/3380/3798 4026/3382/3800 4025/3381/3799
f 4026/3382/3800 4027/3383/3801 4025/3381/3799
f 4025/3381/3799 4027/3383/3801 4028/3384/3802
f 4028/3384/3802 4027/3383/3801 4030/3385/3803
f 4029/3386/3804 4028/3384/3802 4030/3385/3803
f 4030/3385/3803 4027/3383/3801 4031/3387/3805
f 4027/3383/3801 4032/3388/3806 4031/3387/3805
f 4032/3388/3806 4033/3389/3807 4031/3387/3805
f 4031/3387/3805 4033/3389/3807 4034/3390/3808
f 4034/3390/3808 4033/3389/3807 4035/3391/3809
f 4033/3389/3807 4036/3392/3810 4035/3391/3809
f 4035/3391/3809 4036/3392/3810 4037/3393/3811
f 4036/3392/3810 4038/3394/3812 4037/3393/3811
f 4037/3393/3811 4038/3394/3812 4039/3395/3813
f 4038/3394/3812 4040/3396/3814 4039/3395/3813
f 4040/3396/3814 4041/3397/3815 4039/3395/3813
f 4039/3395/3813 4041/3397/3815 4042/3398/3816
f 4042/3398/3816 4041/3397/3815 4043/3399/3817
f 4041/3397/3815 4044/3400/3818 4043/3399/3817
f 4043/3399/3817 4044/3400/3818 4045/3401/3819
f 4044/3400/3818 4046/3402/3820 4045/3401/3819
f 4045/3401/3819 4046/3402/3820 4047/3403/3821
f 4046/3402/3820 4048/3404/3822 4047/3403/3821
f 4048/3404/3822 4049/3405/3823 4047/3403/3821
f 4047/3403/3821 4049/3405/3823 4050/3406/3824
f 4049/3405/3823 4051/3407/3825 4050/3406/3824
f 4050/3406/3824 4051/3407/3825 4052/3408/3826
f 4052/3408/3826 4051/3407/3825 4053/3409/3827
f 4051/3407/3825 4054/3410/3828 4053/3409/3827
f 4054/3410/3828 4055/3411/3829 4053/3409/3827
f 4053/3409/3827 4055/3411/3829 4056/3412/3830
f 4055/3411/3829 4057/3413/3831 4056/3412/3830
f 4056/3412/3830 4057/3413/3831 4058/3414/3832
f 4058/3414/3832 4057/3413/3831 4059/3415/3833
f 4059/3415/3833 4057/3413/3831 4060/3416/3834
f 4057/3413/3831 4061/3417/3835 4060/3416/3834
f 4060/3416/3834 4061/3417/3835 4062/3418/3836
f 4062/3418/3836 4061/3417/3835 4063/3419/3797
f 4061/3417/3835 4064/3420/3837 4063/3419/3797
f 4063/3419/3797 4064/3420/3837 4065/3421/3838
f 4064/3420/3837 4066/3422/3839 4065/3421/3838
f 4066/3422/3839 4067/3423/3840 4065/3421/3838
f 4065/3421/3838 4067/3423/3840 4068/3424/3841
f 4067/3423/3840 4069/3425/3842 4068/3424/3841
f 4068/3424/3841 4069/3425/3842 4070/3426/3843
f 4070/3426/3843 4069/3425/3842 4072/3427/3844
f 4071/3428/3845 4070/3426/3843 4072/3427/3844
f 4071/3428/3845 4072/3427/3844 4075/3429/3846
f 4069/3425/3842 4073/3430/3847 4072/3427/3844
f 4072/3427/3844 4073/3430/3847 4074/3431/3848
f 4072/3427/3844 4074/3431/3848 4075/3429/3846
f 4076/3432/3849 4071/3428/3845 4075/3429/3846
f 4077/3433/3850 4076/3432/3849 4075/3429/3846
f 4075/3429/3846 4078/3434/3851 4077/3433/3850
f 4075/3429/3846 4074/3431/3848 4078/3434/3851
f 4074/3431/3848 4079/3435/3852 4078/3434/3851
f 4079/3435/3852 4080/3436/3853 4078/3434/3851
f 4080/3436/3853 4081/3437/3854 4078/3434/3851
f 4081/3437/3854 4077/3433/3850 4078/3434/3851
f 4082/3438/3855 4083/3439/3856 4081/3437/3854
f 4080/3436/3853 4082/3438/3855 4081/3437/3854
f 4083/3439/3856 4084/3440/3857 4081/3437/3854
f 4081/3437/3854 4084/3440/3857 4077/3433/3850
f 4084/3440/3857 4085/3441/3858 4087/3442/3859
f 4083/3439/3856 4085/3441/3858 4084/3440/3857
f 4084/3440/3857 4086/3443/3860 4077/3433/3850
f 4086/3443/3860 4084/3440/3857 4087/3442/3859
f 4085/3441/3858 4088/3444/3861 4087/3442/3859
f 4087/3442/3859 4088/3444/3861 4089/3445/3862
f 4089/3445/3862 4088/3444/3861 4090/3446/3863
f 4088/3444/3861 4091/3447/3864 4090/3446/3863
f 4090/3446/3863 4091/3447/3864 4092/3448/3865
f 4091/3447/3864 4093/3449/3866 4092/3448/3865
f 4092/3448/3865 4093/3449/3866 4094/3450/3867
f 4093/3449/3866 4095/3451/3868 4094/3450/3867
f 4094/3450/3867 4095/3451/3868 4096/3452/3869
f 4095/3451/3868 4097/3453/3870 4096/3452/3869
f 4096/3452/3869 4097/3453/3870 4098/3454/3871
f 4097/3453/3870 4099/3455/3872 4098/3454/3871
f 4098/3454/3871 4099/3455/3872 4100/3456/3873
f 4100/3456/3873 4099/3455/3872 4101/3457/3874
f 4099/3455/3872 4102/3458/3875 4101/3457/3874
f 4101/3457/3874 4102/3458/3875 4103/3459/3876
f 4102/3458/3875 4104/3460/3877 4103/3459/3876
f 4103/3459/3876 4104/3460/3877 4105/3461/3878
f 4104/3460/3877 4106/3462/3879 4105/3461/3878
f 4105/3461/3878 4106/3462/3879 4107/3463/3880
f 4106/3462/3879 4108/3464/3881 4107/3463/3880
f 4107/3463/3880 4108/3464/3881 4109/3465/3882
f 4109/3465/3882 4108/3464/3881 4110/3466/3883
f 4108/3464/3881 4111/3467/3884 4110/3466/3883
f 4110/3466/3883 4111/3467/3884 4112/3468/3885
f 4111/3467/3884 4113/3469/3886 4112/3468/3885
f 4112/3468/3885 4113/3469/3886 4114/3470/3887
f 4113/3469/3886 4115/3471/3888 4114/3470/3887
f 4114/3470/3887 4115/3471/3888 4116/3472/3889
f 4115/3471/3888 4117/3473/3890 4116/3472/3889
f 4116/3472/3889 4117/3473/3890 4118/3474/3891
f 4117/3473/3890 4119/3475/3892 4118/3474/3891
f 4119/3475/3892 4120/3476/3893 4118/3474/3891
f 4118/3474/3891 4120/3476/3893 4121/3477/3894
f 4120/3476/3893 4122/3478/3895 4121/3477/3894
f 4121/3477/3894 4122/3478/3895 4123/3479/3896
f 4122/3478/3895 4124/3480/3897 4123/3479/3896
f 4123/3479/3896 4124/3480/3897 4125/3481/3898
f 4125/3481/3898 4124/3480/3897 4126/3482/3899
f 4124/3480/3897 4127/3483/3900 4126/3482/3899
f 4127/3483/3900 4128/3484/3901 4126/3482/3899
f 4126/3482/3899 4128/3484/3901 4129/3485/3902
f 4129/3485/3902 4128/3484/3901 4131/3486/3903
f 4130/3487/3904 4129/3485/3902 4131/3486/3903
f 4128/3484/3901 4132/3488/3905 4131/3486/3903
f 4131/3486/3903 4132/3488/3905 4133/3489/3906
f 4132/3488/3905 4134/3490/3907 4133/3489/3906
f 4133/3489/3906 4134/3490/3907 4135/3491/3908
f 4135/3491/3908 4134/3490/3907 4136/3492/3909
f 4134/3490/3907 4137/3493/3910 4136/3492/3909
f 4137/3493/3910 4138/3494/3911 4136/3492/3909
f 4136/3492/3909 4138/3494/3911 4139/3495/3912
f 4139/3495/3912 4138/3494/3911 4140/3496/3913
f 4138/3494/3911 4141/3497/3914 4140/3496/3913
f 4141/3497/3914 4142/3498/3915 4140/3496/3913
f 4140/3496/3913 4142/3498/3915 4143/3499/3916
f 4142/3498/3915 4144/3500/3917 4143/3499/3916
f 4143/3499/3916 4144/3500/3917 4145/3501/3918
f 4144/3500/3917 4146/3502/3919 4145/3501/3918
f 4145/3501/3918 4146/3502/3919 4147/3503/3920
f 4147/3503/3920 4146/3502/3919 4148/3504/3921
f 4146/3502/3919 4149/3505/3922 4148/3504/3921
f 4149/3505/3922 4015/3370/3788 4148/3504/3921
f 4148/3504/3921 4015/3370/3788 4018/3373/3791
f 4150/3506/3923 4151/3507/3924 4149/3505/3922
f 4146/3502/3919 4150/3506/3923 4149/3505/3922
f 4149/3505/3922 4151/3507/3924 4015/3370/3788
f 4151/3507/3924 4009/3364/3782 4012/3367/3785
f 4150/3506/3923 4009/3364/3782 4151/3507/3924
f 4151/3507/3924 4012/3367/3785 4015/3370/3788
f 4152/3508/3925 4154/3509/3926 4150/3506/3923
f 4153/3510/3927 4152/3508/3925 4150/3506/3923
f 4153/3510/3927 4150/3506/3923 4146/3502/3919
f 4154/3509/3926 4009/3364/3782 4150/3506/3923
f 4155/3511/3928 4156/3512/3929 4154/3509/3926
f 4152/3508/3925 4155/3511/3928 4154/3509/3926
f 4156/3512/3929 4007/3363/3781 4154/3509/3926
f 4154/3509/3926 4007/3363/3781 4009/3364/3782
f 4157/3513/3930 4158/3514/3931 4156/3512/3929
f 4155/3511/3928 4157/3513/3930 4156/3512/3929
f 4156/3512/3929 4158/3514/3931 4007/3363/3781
f 4159/3515/3932 4160/3516/3933 4158/3514/3931
f 4157/3513/3930 4159/3515/3932 4158/3514/3931
f 4158/3514/3931 4160/3516/3933 4004/3360/3778
f 4158/3514/3931 4004/3360/3778 4007/3363/3781
f 4160/3516/3933 4002/3359/3777 4004/3360/3778
f 4002/3359/3777 4160/3516/3933 4161/3517/3934
f 4161/3517/3934 4160/3516/3933 4162/3518/3935
f 4160/3516/3933 4159/3515/3932 4162/3518/3935
f 4161/3517/3934 4162/3518/3935 4164/3519/3936
f 4162/3518/3935 4159/3515/3932 4163/3520/3937
f 4162/3518/3935 4163/3520/3937 4165/3521/3938
f 4164/3519/3936 4162/3518/3935 4165/3521/3938
f 4164/3519/3936 4165/3521/3938 4167/3522/3939
f 4165/3521/3938 4163/3520/3937 4166/3523/3940
f 4165/3521/3938 4166/3523/3940 4168/3524/3941
f 4167/3522/3939 4165/3521/3938 4168/3524/3941
f 4167/3522/3939 4168/3524/3941 4171/3525/3942
f 4166/3523/3940 4169/3526/3943 4168/3524/3941
f 4168/3524/3941 4169/3526/3943 4170/3527/3944
f 4168/3524/3941 4170/3527/3944 4172/3528/3945
f 4171/3525/3942 4168/3524/3941 4172/3528/3945
f 4171/3525/3942 4172/3528/3945 4175/3529/3946
f 4170/3527/3944 4173/3530/3947 4172/3528/3945
f 4172/3528/3945 4173/3530/3947 4174/3531/3948
f 4172/3528/3945 4174/3531/3948 4175/3529/3946
f 4176/3532/3949 4171/3525/3942 4175/3529/3946
f 4176/3532/3949 4175/3529/3946 4179/3533/3950
f 4174/3531/3948 4177/3534/3951 4175/3529/3946
f 4175/3529/3946 4177/3534/3951 4178/3535/3952
f 4175/3529/3946 4178/3535/3952 4179/3533/3950
f 4180/3536/3953 4176/3532/3949 4179/3533/3950
f 4180/3536/3953 4179/3533/3950 4080/3436/3853
f 4179/3533/3950 4178/3535/3952 4082/3438/3855
f 4179/3533/3950 4082/3438/3855 4080/3436/3853
f 4181/3537/3954 4176/3532/3949 4180/3536/3953
f 4182/3538/3955 4181/3537/3954 4180/3536/3953
f 4182/3538/3955 4180/3536/3953 4080/3436/3853
f 4183/3539/3956 4181/3537/3954 4182/3538/3955
f 4184/3540/3957 4183/3539/3956 4182/3538/3955
f 4184/3540/3957 4182/3538/3955 4079/3435/3852
f 4079/3435/3852 4182/3538/3955 4080/3436/3853
f 4185/3541/3958 4187/3542/3959 4184/3540/3957
f 4186/3543/3960 4185/3541/3958 4184/3540/3957
f 4186/3543/3960 4184/3540/3957 4079/3435/3852
f 4187/3542/3959 4183/3539/3956 4184/3540/3957
f 4188/3544/3961 4189/3545/3962 4187/3542/3959
f 4185/3541/3958 4188/3544/3961 4187/3542/3959
f 4189/3545/3962 4190/3546/3963 4187/3542/3959
f 4187/3542/3959 4190/3546/3963 4183/3539/3956
f 4191/3547/3964 4192/3548/3965 4190/3546/3963
f 4189/3545/3962 4191/3547/3964 4190/3546/3963
f 4190/3546/3963 4192/3548/3965 4193/3549/3966
f 4190/3546/3963 4193/3549/3966 4183/3539/3956
f 4192/3548/3965 4167/3522/3939 4193/3549/3966
f 4193/3549/3966 4167/3522/3939 4171/3525/3942
f 4193/3549/3966 4171/3525/3942 4176/3532/3949
f 4183/3539/3956 4193/3549/3966 4181/3537/3954
f 4181/3537/3954 4193/3549/3966 4176/3532/3949
f 4194/3550/3967 4164/3519/3936 4192/3548/3965
f 4191/3547/3964 4194/3550/3967 4192/3548/3965
f 4192/3548/3965 4164/3519/3936 4167/3522/3939
f 4000/3357/3775 4001/3358/3776 4194/3550/3967
f 4195/3551/3968 4000/3357/3775 4194/3550/3967
f 4195/3551/3968 4194/3550/3967 4191/3547/3964
f 4001/3358/3776 4161/3517/3934 4194/3550/3967
f 4194/3550/3967 4161/3517/3934 4164/3519/3936
f 4196/3552/3969 4000/3357/3775 4195/3551/3968
f 4197/3553/3970 4196/3552/3969 4195/3551/3968
f 4197/3553/3970 4195/3551/3968 4198/3554/3971
f 4198/3554/3971 4195/3551/3968 4191/3547/3964
f 4199/3555/3972 4197/3553/3970 4198/3554/3971
f 4200/3556/1308 4199/3555/3972 4198/3554/3971
f 4200/3556/1308 4198/3554/3971 4189/3545/3962
f 4198/3554/3971 4191/3547/3964 4189/3545/3962
f 4201/3557/3973 4199/3555/3972 4200/3556/1308
f 4201/3557/3973 4200/3556/1308 4188/3544/3961
f 4188/3544/3961 4200/3556/1308 4189/3545/3962
f 4202/3558/3974 4199/3555/3972 4201/3557/3973
f 4203/3559/3975 4202/3558/3974 4201/3557/3973
f 4203/3559/3975 4201/3557/3973 4204/3560/3976
f 4204/3560/3976 4201/3557/3973 4188/3544/3961
f 4205/3561/3977 4203/3559/3975 4204/3560/3976
f 4206/3562/3978 4205/3561/3977 4204/3560/3976
f 4206/3562/3978 4204/3560/3976 4185/3541/3958
f 4204/3560/3976 4188/3544/3961 4185/3541/3958
f 4207/3563/3979 4209/3564/3980 4206/3562/3978
f 4208/3565/3981 4207/3563/3979 4206/3562/3978
f 4208/3565/3981 4206/3562/3978 4210/3566/3982
f 4209/3564/3980 4205/3561/3977 4206/3562/3978
f 4210/3566/3982 4206/3562/3978 4185/3541/3958
f 4211/3567/3983 4208/3565/3981 4210/3566/3982
f 4211/3567/3983 4210/3566/3982 4186/3543/3960
f 4210/3566/3982 4185/3541/3958 4186/3543/3960
f 4212/3568/3984 4208/3565/3981 4211/3567/3983
f 4212/3568/3984 4211/3567/3983 4067/3423/3840
f 4067/3423/3840 4211/3567/3983 4069/3425/3842
f 4069/3425/3842 4211/3567/3983 4073/3430/3847
f 4073/3430/3847 4211/3567/3983 4186/3543/3960
f 4213/3569/3985 4208/3565/3981 4212/3568/3984
f 4213/3569/3985 4212/3568/3984 4067/3423/3840
f 4214/3570/3986 4207/3563/3979 4213/3569/3985
f 4215/3571/3987 4214/3570/3986 4213/3569/3985
f 4215/3571/3987 4213/3569/3985 4066/3422/3839
f 4207/3563/3979 4208/3565/3981 4213/3569/3985
f 4066/3422/3839 4213/3569/3985 4067/3423/3840
f 4216/3572/3988 4214/3570/3986 4215/3571/3987
f 4217/3573/3989 4216/3572/3988 4215/3571/3987
f 4217/3573/3989 4215/3571/3987 4064/3420/3837
f 4064/3420/3837 4215/3571/3987 4066/3422/3839
f 4216/3572/3988 4217/3573/3989 4055/3411/3829
f 4055/3411/3829 4217/3573/3989 4057/3413/3831
f 4057/3413/3831 4217/3573/3989 4061/3417/3835
f 4061/3417/3835 4217/3573/3989 4064/3420/3837
f 4218/3574/3990 4214/3570/3986 4216/3572/3988
f 4218/3574/3990 4216/3572/3988 4054/3410/3828
f 4054/3410/3828 4216/3572/3988 4055/3411/3829
f 4219/3575/3991 4221/3576/3992 4218/3574/3990
f 4220/3577/3993 4219/3575/3991 4218/3574/3990
f 4220/3577/3993 4218/3574/3990 4049/3405/3823
f 4221/3576/3992 4214/3570/3986 4218/3574/3990
f 4049/3405/3823 4218/3574/3990 4051/3407/3825
f 4051/3407/3825 4218/3574/3990 4054/3410/3828
f 4221/3576/3992 4209/3564/3980 4207/3563/3979
f 4219/3575/3991 4209/3564/3980 4221/3576/3992
f 4214/3570/3986 4221/3576/3992 4207/3563/3979
f 4222/3578/3994 4219/3575/3991 4220/3577/3993
f 4223/3579/3995 4222/3578/3994 4220/3577/3993
f 4223/3579/3995 4220/3577/3993 4048/3404/3822
f 4048/3404/3822 4220/3577/3993 4049/3405/3823
f 4224/3580/3996 4222/3578/3994 4223/3579/3995
f 4225/3581/3997 4224/3580/3996 4223/3579/3995
f 4225/3581/3997 4223/3579/3995 4046/3402/3820
f 4046/3402/3820 4223/3579/3995 4048/3404/3822
f 4226/3582/3998 4224/3580/3996 4225/3581/3997
f 4227/3583/3999 4226/3582/3998 4225/3581/3997
f 4227/3583/3999 4225/3581/3997 4046/3402/3820
f 4228/3584/4000 4226/3582/3998 4227/3583/3999
f 4228/3584/4000 4227/3583/3999 4041/3397/3815
f 4041/3397/3815 4227/3583/3999 4044/3400/3818
f 4044/3400/3818 4227/3583/3999 4046/3402/3820
f 4229/3585/4001 4231/3586/4002 4228/3584/4000
f 4230/3587/4003 4229/3585/4001 4228/3584/4000
f 4230/3587/4003 4228/3584/4000 4040/3396/3814
f 4231/3586/4002 4226/3582/3998 4228/3584/4000
f 4040/3396/3814 4228/3584/4000 4041/3397/3815
f 4232/3588/4004 4233/3589/4005 4231/3586/4002
f 4229/3585/4001 4232/3588/4004 4231/3586/4002
f 4233/3589/4005 4234/3590/4006 4231/3586/4002
f 4231/3586/4002 4234/3590/4006 4226/3582/3998
f 4197/3553/3970 4199/3555/3972 4234/3590/4006
f 4233/3589/4005 4197/3553/3970 4234/3590/4006
f 4234/3590/4006 4199/3555/3972 4202/3558/3974
f 4234/3590/4006 4202/3558/3974 4224/3580/3996
f 4226/3582/3998 4234/3590/4006 4224/3580/3996
f 4196/3552/3969 4197/3553/3970 4233/3589/4005
f 4232/3588/4004 4196/3552/3969 4233/3589/4005
f 4235/3591/4007 4237/3592/4008 4232/3588/4004
f 4236/3593/4009 4235/3591/4007 4232/3588/4004
f 4236/3593/4009 4232/3588/4004 4229/3585/4001
f 4237/3592/4008 4196/3552/3969 4232/3588/4004
f 3999/3355/3773 4000/3357/3775 4237/3592/4008
f 4235/3591/4007 3999/3355/3773 4237/3592/4008
f 4237/3592/4008 4000/3357/3775 4196/3552/3969
f 4238/3594/4010 4235/3591/4007 4236/3593/4009
f 4239/3595/4011 4238/3594/4010 4236/3593/4009
f 4239/3595/4011 4236/3593/4009 4240/3596/4012
f 4240/3596/4012 4236/3593/4009 4241/3597/4013
f 4241/3597/4013 4236/3593/4009 4229/3585/4001
f 4240/3596/4012 4241/3597/4013 4242/3598/4014
f 4241/3597/4013 4229/3585/4001 4230/3587/4003
f 4242/3598/4014 4241/3597/4013 4230/3587/4003
f 4243/3599/4015 4240/3596/4012 4242/3598/4014
f 4243/3599/4015 4242/3598/4014 4038/3394/3812
f 4242/3598/4014 4230/3587/4003 4038/3394/3812
f 4244/3600/4016 4240/3596/4012 4243/3599/4015
f 4245/3601/4017 4244/3600/4016 4243/3599/4015
f 4245/3601/4017 4243/3599/4015 4033/3389/3807
f 4033/3389/3807 4243/3599/4015 4036/3392/3810
f 4036/3392/3810 4243/3599/4015 4038/3394/3812
f 4246/3602/4018 4244/3600/4016 4245/3601/4017
f 4247/3603/4019 4246/3602/4018 4245/3601/4017
f 4247/3603/4019 4245/3601/4017 4032/3388/3806
f 4032/3388/3806 4245/3601/4017 4033/3389/3807
f 4246/3602/4018 4247/3603/4019 4026/3382/3800
f 4026/3382/3800 4247/3603/4019 4032/3388/3806
f 4248/3604/4020 4244/3600/4016 4246/3602/4018
f 4248/3604/4020 4246/3602/4018 4024/3380/3798
f 4024/3380/3798 4246/3602/4018 4026/3382/3800
f 4249/3605/4021 4250/3606/4022 4248/3604/4020
f 4014/3371/3789 4249/3605/4021 4248/3604/4020
f 4014/3371/3789 4248/3604/4020 4017/3374/3792
f 4250/3606/4022 4244/3600/4016 4248/3604/4020
f 4017/3374/3792 4248/3604/4020 4021/3377/3795
f 4021/3377/3795 4248/3604/4020 4024/3380/3798
f 4250/3606/4022 4239/3595/4011 4244/3600/4016
f 4249/3605/4021 4239/3595/4011 4250/3606/4022
f 4008/3365/3783 4238/3594/4010 4249/3605/4021
f 4011/3368/3786 4008/3365/3783 4249/3605/4021
f 4011/3368/3786 4249/3605/4021 4014/3371/3789
f 4238/3594/4010 4239/3595/4011 4249/3605/4021
f 4244/3600/4016 4239/3595/4011 4240/3596/4012
f 4008/3365/3783 4235/3591/4007 4238/3594/4010
f 4005/3362/3780 3999/3355/3773 4235/3591/4007
f 4005/3362/3780 4235/3591/4007 4008/3365/3783
f 4038/3394/3812 4230/3587/4003 4040/3396/3814
f 4224/3580/3996 4202/3558/3974 4222/3578/3994
f 4202/3558/3974 4203/3559/3975 4222/3578/3994
f 4222/3578/3994 4203/3559/3975 4219/3575/3991
f 4203/3559/3975 4205/3561/3977 4219/3575/3991
f 4205/3561/3977 4209/3564/3980 4219/3575/3991
f 4073/3430/3847 4186/3543/3960 4079/3435/3852
f 4177/3534/3951 4251/3607/4023 4178/3535/3952
f 4178/3535/3952 4251/3607/4023 4252/3608/4024
f 4178/3535/3952 4252/3608/4024 4082/3438/3855
f 4251/3607/4023 4253/3609/4025 4252/3608/4024
f 4252/3608/4024 4253/3609/4025 4254/3610/4026
f 4252/3608/4024 4254/3610/4026 4083/3439/3856
f 4082/3438/3855 4252/3608/4024 4083/3439/3856
f 4253/3609/4025 4255/3611/4027 4254/3610/4026
f 4255/3611/4027 4256/3612/4028 4254/3610/4026
f 4254/3610/4026 4256/3612/4028 4091/3447/3864
f 4254/3610/4026 4085/3441/3858 4083/3439/3856
f 4085/3441/3858 4254/3610/4026 4088/3444/3861
f 4088/3444/3861 4254/3610/4026 4091/3447/3864
f 4256/3612/4028 4257/3613/4029 4258/3614/4030
f 4255/3611/4027 4257/3613/4029 4256/3612/4028
f 4256/3612/4028 4258/3614/4030 4093/3449/3866
f 4091/3447/3864 4256/3612/4028 4093/3449/3866
f 4258/3614/4030 4257/3613/4029 4259/3615/4031
f 4258/3614/4030 4259/3615/4031 4095/3451/3868
f 4093/3449/3866 4258/3614/4030 4095/3451/3868
f 4257/3613/4029 4260/3616/4032 4259/3615/4031
f 4259/3615/4031 4260/3616/4032 4261/3617/4033
f 4259/3615/4031 4261/3617/4033 4097/3453/3870
f 4095/3451/3868 4259/3615/4031 4097/3453/3870
f 4261/3617/4033 4260/3616/4032 4262/3618/4034
f 4261/3617/4033 4262/3618/4034 4104/3460/3877
f 4097/3453/3870 4261/3617/4033 4099/3455/3872
f 4099/3455/3872 4261/3617/4033 4102/3458/3875
f 4102/3458/3875 4261/3617/4033 4104/3460/3877
f 4262/3618/4034 4260/3616/4032 4263/3619/4035
f 4262/3618/4034 4263/3619/4035 4106/3462/3879
f 4104/3460/3877 4262/3618/4034 4106/3462/3879
f 4260/3616/4032 4264/3620/4036 4263/3619/4035
f 4264/3620/4036 4265/3621/4037 4263/3619/4035
f 4263/3619/4035 4265/3621/4037 4266/3622/4038
f 4263/3619/4035 4266/3622/4038 4108/3464/3881
f 4106/3462/3879 4263/3619/4035 4108/3464/3881
f 4265/3621/4037 4267/3623/4039 4266/3622/4038
f 4266/3622/4038 4267/3623/4039 4268/3624/4040
f 4266/3622/4038 4268/3624/4040 4111/3467/3884
f 4108/3464/3881 4266/3622/4038 4111/3467/3884
f 4268/3624/4040 4267/3623/4039 4269/3625/4041
f 4268/3624/4040 4269/3625/4041 4113/3469/3886
f 4111/3467/3884 4268/3624/4040 4113/3469/3886
f 4267/3623/4039 4270/3626/4042 4269/3625/4041
f 4269/3625/4041 4270/3626/4042 4271/3627/4043
f 4269/3625/4041 4271/3627/4043 4115/3471/3888
f 4113/3469/3886 4269/3625/4041 4115/3471/3888
f 4270/3626/4042 4272/3628/4044 4271/3627/4043
f 4271/3627/4043 4272/3628/4044 4273/3629/4045
f 4271/3627/4043 4273/3629/4045 4117/3473/3890
f 4115/3471/3888 4271/3627/4043 4117/3473/3890
f 4272/3628/4044 4274/3630/4046 4273/3629/4045
f 4273/3629/4045 4274/3630/4046 4275/3631/4047
f 4273/3629/4045 4275/3631/4047 4119/3475/3892
f 4117/3473/3890 4273/3629/4045 4119/3475/3892
f 4274/3630/4046 4276/3632/4048 4275/3631/4047
f 4276/3632/4048 4277/3633/4049 4275/3631/4047
f 4275/3631/4047 4277/3633/4049 4278/3634/4050
f 4275/3631/4047 4278/3634/4050 4120/3476/3893
f 4119/3475/3892 4275/3631/4047 4120/3476/3893
f 4277/3633/4049 4279/3635/4051 4278/3634/4050
f 4278/3634/4050 4279/3635/4051 4280/3636/4052
f 4278/3634/4050 4280/3636/4052 4120/3476/3893
f 4280/3636/4052 4279/3635/4051 4281/3637/4053
f 4280/3636/4052 4281/3637/4053 4124/3480/3897
f 4120/3476/3893 4280/3636/4052 4122/3478/3895
f 4122/3478/3895 4280/3636/4052 4124/3480/3897
f 4279/3635/4051 4282/3638/4054 4281/3637/4053
f 4281/3637/4053 4282/3638/4054 4284/3639/4055
f 4281/3637/4053 4283/3640/4056 4124/3480/3897
f 4283/3640/4056 4281/3637/4053 4284/3639/4055
f 4283/3640/4056 4284/3639/4055 4134/3490/3907
f 4282/3638/4054 4285/3641/4057 4284/3639/4055
f 4284/3639/4055 4285/3641/4057 4286/3642/4058
f 4284/3639/4055 4286/3642/4058 4137/3493/3910
f 4134/3490/3907 4284/3639/4055 4137/3493/3910
f 4286/3642/4058 4285/3641/4057 4287/3643/4059
f 4286/3642/4058 4287/3643/4059 4137/3493/3910
f 4285/3641/4057 4288/3644/4060 4287/3643/4059
f 4287/3643/4059 4288/3644/4060 4289/3645/4061
f 4287/3643/4059 4289/3645/4061 4141/3497/3914
f 4137/3493/3910 4287/3643/4059 4138/3494/3911
f 4138/3494/3911 4287/3643/4059 4141/3497/3914
f 4288/3644/4060 4290/3646/4062 4289/3645/4061
f 4289/3645/4061 4290/3646/4062 4291/3647/4063
f 4289/3645/4061 4291/3647/4063 4142/3498/3915
f 4141/3497/3914 4289/3645/4061 4142/3498/3915
f 4290/3646/4062 4292/3648/4064 4291/3647/4063
f 4291/3647/4063 4292/3648/4064 4153/3510/3927
f 4291/3647/4063 4153/3510/3927 4144/3500/3917
f 4142/3498/3915 4291/3647/4063 4144/3500/3917
f 4293/3649/4065 4155/3511/3928 4292/3648/4064
f 4290/3646/4062 4293/3649/4065 4292/3648/4064
f 4292/3648/4064 4155/3511/3928 4152/3508/3925
f 4292/3648/4064 4152/3508/3925 4153/3510/3927
f 4293/3649/4065 4294/3650/4066 4155/3511/3928
f 4295/3651/4067 4294/3650/4066 4293/3649/4065
f 4295/3651/4067 4293/3649/4065 4290/3646/4062
f 4296/3652/4068 4298/3653/4069 4295/3651/4067
f 4297/3654/4070 4296/3652/4068 4295/3651/4067
f 4297/3654/4070 4295/3651/4067 4290/3646/4062
f 4298/3653/4069 4294/3650/4066 4295/3651/4067
f 4299/3655/4071 4300/3656/4072 4298/3653/4069
f 4296/3652/4068 4299/3655/4071 4298/3653/4069
f 4300/3656/4072 4301/3657/4073 4298/3653/4069
f 4298/3653/4069 4301/3657/4073 4294/3650/4066
f 4301/3657/4073 4159/3515/3932 4157/3513/3930
f 4159/3515/3932 4301/3657/4073 4163/3520/3937
f 4163/3520/3937 4301/3657/4073 4302/3658/4074
f 4301/3657/4073 4300/3656/4072 4302/3658/4074
f 4294/3650/4066 4301/3657/4073 4157/3513/3930
f 4163/3520/3937 4302/3658/4074 4166/3523/3940
f 4302/3658/4074 4300/3656/4072 4303/3659/4075
f 4302/3658/4074 4303/3659/4075 4169/3526/3943
f 4166/3523/3940 4302/3658/4074 4169/3526/3943
f 4303/3659/4075 4300/3656/4072 4305/3660/4076
f 4303/3659/4075 4304/3661/4077 4306/3662/4078
f 4304/3661/4077 4303/3659/4075 4305/3660/4076
f 4169/3526/3943 4303/3659/4075 4306/3662/4078
f 4169/3526/3943 4306/3662/4078 4170/3527/3944
f 4306/3662/4078 4304/3661/4077 4307/3663/4079
f 4306/3662/4078 4307/3663/4079 4173/3530/3947
f 4170/3527/3944 4306/3662/4078 4173/3530/3947
f 4307/3663/4079 4304/3661/4077 4309/3664/4080
f 4307/3663/4079 4308/3665/4081 4310/3666/4082
f 4308/3665/4081 4307/3663/4079 4309/3664/4080
f 4173/3530/3947 4307/3663/4079 4310/3666/4082
f 4173/3530/3947 4310/3666/4082 4174/3531/3948
f 4308/3665/4081 4311/3667/4083 4310/3666/4082
f 4311/3667/4083 4312/3668/4084 4310/3666/4082
f 4310/3666/4082 4312/3668/4084 4313/3669/4085
f 4310/3666/4082 4313/3669/4085 4174/3531/3948
f 4313/3669/4085 4312/3668/4084 4315/3670/4086
f 4313/3669/4085 4314/3671/4087 4177/3534/3951
f 4314/3671/4087 4313/3669/4085 4315/3670/4086
f 4174/3531/3948 4313/3669/4085 4177/3534/3951
f 4314/3671/4087 4315/3670/4086 4255/3611/4027
f 4315/3670/4086 4312/3668/4084 4264/3620/4036
f 4315/3670/4086 4257/3613/4029 4255/3611/4027
f 4257/3613/4029 4315/3670/4086 4264/3620/4036
f 4177/3534/3951 4314/3671/4087 4251/3607/4023
f 4251/3607/4023 4314/3671/4087 4255/3611/4027
f 4312/3668/4084 4311/3667/4083 4265/3621/4037
f 4264/3620/4036 4312/3668/4084 4265/3621/4037
f 4311/3667/4083 4308/3665/4081 4270/3626/4042
f 4265/3621/4037 4311/3667/4083 4267/3623/4039
f 4267/3623/4039 4311/3667/4083 4270/3626/4042
f 4308/3665/4081 4309/3664/4080 4272/3628/4044
f 4309/3664/4080 4304/3661/4077 4316/3672/4088
f 4309/3664/4080 4316/3672/4088 4274/3630/4046
f 4272/3628/4044 4309/3664/4080 4274/3630/4046
f 4304/3661/4077 4305/3660/4076 4316/3672/4088
f 4305/3660/4076 4299/3655/4071 4316/3672/4088
f 4316/3672/4088 4299/3655/4071 4317/3673/4089
f 4316/3672/4088 4317/3673/4089 4274/3630/4046
f 4317/3673/4089 4299/3655/4071 4318/3674/4090
f 4317/3673/4089 4318/3674/4090 4277/3633/4049
f 4274/3630/4046 4317/3673/4089 4276/3632/4048
f 4276/3632/4048 4317/3673/4089 4277/3633/4049
f 4299/3655/4071 4296/3652/4068 4318/3674/4090
f 4318/3674/4090 4296/3652/4068 4319/3675/4091
f 4318/3674/4090 4319/3675/4091 4279/3635/4051
f 4277/3633/4049 4318/3674/4090 4279/3635/4051
f 4319/3675/4091 4296/3652/4068 4297/3654/4070
f 4319/3675/4091 4297/3654/4070 4288/3644/4060
f 4279/3635/4051 4319/3675/4091 4285/3641/4057
f 4285/3641/4057 4319/3675/4091 4288/3644/4060
f 4270/3626/4042 4308/3665/4081 4272/3628/4044
f 4305/3660/4076 4300/3656/4072 4299/3655/4071
f 4288/3644/4060 4297/3654/4070 4290/3646/4062
f 4294/3650/4066 4157/3513/3930 4155/3511/3928
f 4282/3638/4054 4279/3635/4051 4285/3641/4057
f 4124/3480/3897 4283/3640/4056 4127/3483/3900
f 4127/3483/3900 4283/3640/4056 4132/3488/3905
f 4132/3488/3905 4283/3640/4056 4134/3490/3907
f 4260/3616/4032 4257/3613/4029 4264/3620/4036
f 4253/3609/4025 4251/3607/4023 4255/3611/4027
f 4001/3358/3776 4002/3359/3777 4161/3517/3934
f 4144/3500/3917 4153/3510/3927 4146/3502/3919
f 4128/3484/3901 4127/3483/3900 4132/3488/3905
f 4086/3443/3860 4320/3676/4092 4077/3433/3850
f 4320/3676/4092 4076/3432/3849 4077/3433/3850
f 4074/3431/3848 4073/3430/3847 4079/3435/3852
f 4027/3383/3801 4026/3382/3800 4032/3388/3806
f 4321/3677/4093 4322/3678/4094 4327/3679/4095
f 4322/3678/4094 4321/3677/4093 4323/3680/4096
f 4323/3680/4096 4321/3677/4093 4324/3681/4097
f 4321/3677/4093 4325/3682/4098 4324/3681/4097
f 4325/3682/4098 4321/3677/4093 4326/3683/4099
f 4326/3683/4099 4321/3677/4093 4327/3679/4095
f 4326/3683/4099 4327/3679/4095 4330/3684/4100
f 4327/3679/4095 4322/3678/4094 4329/3685/4101
f 4327/3679/4095 4328/3686/4102 4330/3684/4100
f 4328/3686/4102 4327/3679/4095 4329/3685/4101
f 4331/3687/4103 4326/3683/4099 4330/3684/4100
f 4331/3687/4103 4330/3684/4100 4333/3688/4104
f 4330/3684/4100 4328/3686/4102 4332/3689/4105
f 4330/3684/4100 4332/3689/4105 4334/3690/4106
f 4333/3688/4104 4330/3684/4100 4334/3690/4106
f 4333/3688/4104 4334/3690/4106 4337/3691/4107
f 4332/3689/4105 4335/3692/4108 4334/3690/4106
f 4334/3690/4106 4335/3692/4108 4336/3693/4109
f 4334/3690/4106 4336/3693/4109 4338/3694/4110
f 4337/3691/4107 4334/3690/4106 4338/3694/4110
f 4337/3691/4107 4338/3694/4110 4340/3695/4111
f 4338/3694/4110 4336/3693/4109 4339/3696/4112
f 4338/3694/4110 4339/3696/4112 4341/3697/4113
f 4340/3695/4111 4338/3694/4110 4341/3697/4113
f 4340/3695/4111 4341/3697/4113 4344/3698/4114
f 4339/3696/4112 4342/3699/4115 4341/3697/4113
f 4341/3697/4113 4342/3699/4115 4343/3700/4116
f 4341/3697/4113 4343/3700/4116 4345/3701/4117
f 4344/3698/4114 4341/3697/4113 4345/3701/4117
f 4344/3698/4114 4345/3701/4117 4347/3702/4118
f 4345/3701/4117 4343/3700/4116 4346/3703/4119
f 4345/3701/4117 4346/3703/4119 4348/3704/4120
f 4347/3702/4118 4345/3701/4117 4348/3704/4120
f 4348/3704/4120 4346/3703/4119 4349/3705/4121
f 4346/3703/4119 4350/3706/4122 4349/3705/4121
f 4349/3705/4121 4350/3706/4122 4351/3707/4123
f 4351/3707/4123 4350/3706/4122 4352/3708/4124
f 4350/3706/4122 4353/3709/4125 4352/3708/4124
f 4352/3708/4124 4353/3709/4125 4354/3710/4126
f 4353/3709/4125 4355/3711/4127 4354/3710/4126
f 4354/3710/4126 4355/3711/4127 4357/3712/4128
f 4356/3713/4129 4354/3710/4126 4357/3712/4128
f 4355/3711/4127 4358/3714/4130 4357/3712/4128
f 4357/3712/4128 4358/3714/4130 4359/3715/4131
f 4359/3715/4131 4358/3714/4130 4360/3716/4132
f 4358/3714/4130 4361/3717/4133 4360/3716/4132
f 4360/3716/4132 4361/3717/4133 4362/3718/4134
f 4361/3717/4133 4363/3719/4135 4362/3718/4134
f 4362/3718/4134 4363/3719/4135 4364/3720/4136
f 4363/3719/4135 4365/3721/4137 4364/3720/4136
f 4365/3721/4137 4366/3722/4138 4364/3720/4136
f 4364/3720/4136 4366/3722/4138 4367/3723/4139
f 4366/3722/4138 4368/3724/4140 4367/3723/4139
f 4367/3723/4139 4368/3724/4140 4369/3725/4141
f 4368/3724/4140 4370/3726/4142 4369/3725/4141
f 4369/3725/4141 4370/3726/4142 4371/3727/4143
f 4371/3727/4143 4370/3726/4142 4372/3728/4144
f 4370/3726/4142 4373/3729/4145 4372/3728/4144
f 4372/3728/4144 4373/3729/4145 4374/3730/4146
f 4373/3729/4145 4375/3731/4147 4374/3730/4146
f 4374/3730/4146 4375/3731/4147 4376/3732/4148
f 4375/3731/4147 4377/3733/4149 4376/3732/4148
f 4376/3732/4148 4377/3733/4149 4378/3734/4150
f 4377/3733/4149 4379/3735/4151 4378/3734/4150
f 4378/3734/4150 4379/3735/4151 4380/3736/4152
f 4380/3736/4152 4379/3735/4151 4381/3737/4153
f 4380/3736/4152 4381/3737/4153 4383/3738/4154
f 4382/3739/4155 4380/3736/4152 4383/3738/4154
f 4384/3740/4156 4386/3741/4157 4383/3738/4154
f 4385/3742/4158 4384/3740/4156 4383/3738/4154
f 4385/3742/4158 4383/3738/4154 4381/3737/4153
f 4386/3741/4157 4382/3739/4155 4383/3738/4154
f 4382/3739/4155 4386/3741/4157 4387/3743/4159
f 4387/3743/4159 4386/3741/4157 4388/3744/4160
f 4388/3744/4160 4386/3741/4157 4389/3745/4161
f 4386/3741/4157 4384/3740/4156 4389/3745/4161
f 4389/3745/4161 4384/3740/4156 4390/3746/4162
f 4384/3740/4156 4391/3747/4163 4390/3746/4162
f 4390/3746/4162 4391/3747/4163 4392/3748/4164
f 4391/3747/4163 4393/3749/4165 4392/3748/4164
f 4393/3749/4165 4394/3750/4166 4392/3748/4164
f 4392/3748/4164 4394/3750/4166 4395/3751/4167
f 4394/3750/4166 4396/3752/4168 4395/3751/4167
f 4395/3751/4167 4396/3752/4168 4397/3753/4169
f 4396/3752/4168 4398/3754/4170 4397/3753/4169
f 4397/3753/4169 4398/3754/4170 4399/3755/4171
f 4399/3755/4171 4398/3754/4170 4400/3756/4172
f 4398/3754/4170 4401/3757/4173 4400/3756/4172
f 4400/3756/4172 4401/3757/4173 4402/3758/4174
f 4401/3757/4173 4403/3759/4175 4402/3758/4174
f 4402/3758/4174 4403/3759/4175 4404/3760/4176
f 4403/3759/4175 4405/3761/4177 4404/3760/4176
f 4404/3760/4176 4405/3761/4177 4406/3762/4178
f 4405/3761/4177 4407/3763/4179 4406/3762/4178
f 4406/3762/4178 4407/3763/4179 4408/3764/4180
f 4407/3763/4179 4409/3765/4181 4408/3764/4180
f 4409/3765/4181 4410/3766/4182 4408/3764/4180
f 4408/3764/4180 4410/3766/4182 4411/3767/4183
f 4410/3766/4182 4412/3768/4184 4411/3767/4183
f 4411/3767/4183 4412/3768/4184 4413/3769/4185
f 4412/3768/4184 4414/3770/4186 4413/3769/4185
f 4413/3769/4185 4414/3770/4186 4415/3771/4187
f 4415/3771/4187 4414/3770/4186 4417/3772/4188
f 4416/3773/4189 4415/3771/4187 4417/3772/4188
f 4417/3772/4188 4414/3770/4186 4418/3774/4190
f 4414/3770/4186 4419/3775/4191 4418/3774/4190
f 4418/3774/4190 4419/3775/4191 4420/3776/4192
f 4419/3775/4191 4421/3777/4193 4420/3776/4192
f 4420/3776/4192 4421/3777/4193 4422/3778/4194
f 4421/3777/4193 4423/3779/4195 4422/3778/4194
f 4422/3778/4194 4423/3779/4195 4424/3780/4196
f 4423/3779/4195 4425/3781/4197 4424/3780/4196
f 4424/3780/4196 4425/3781/4197 4426/3782/4198
f 4425/3781/4197 4427/3783/4199 4426/3782/4198
f 4426/3782/4198 4427/3783/4199 4428/3784/4200
f 4427/3783/4199 4429/3785/4201 4428/3784/4200
f 4429/3785/4201 4430/3786/4202 4428/3784/4200
f 4428/3784/4200 4430/3786/4202 4431/3787/4203
f 4430/3786/4202 4432/3788/4204 4431/3787/4203
f 4431/3787/4203 4432/3788/4204 4433/3789/4205
f 4432/3788/4204 4434/3790/4206 4433/3789/4205
f 4433/3789/4205 4434/3790/4206 4435/3791/4207
f 4434/3790/4206 4436/3792/4208 4435/3791/4207
f 4435/3791/4207 4436/3792/4208 4437/3793/4209
f 4436/3792/4208 4438/3794/4210 4437/3793/4209
f 4437/3793/4209 4438/3794/4210 4439/3795/4211
f 4438/3794/4210 4440/3796/4212 4439/3795/4211
f 4439/3795/4211 4440/3796/4212 4441/3797/4213
f 4440/3796/4212 4442/3798/4214 4441/3797/4213
f 4441/3797/4213 4442/3798/4214 4443/3799/4215
f 4443/3799/4215 4442/3798/4214 4444/3800/4216
f 4442/3798/4214 4445/3801/4217 4444/3800/4216
f 4444/3800/4216 4445/3801/4217 4446/3802/4218
f 4446/3802/4218 4445/3801/4217 4447/3803/4219
f 4445/3801/4217 4448/3804/4220 4447/3803/4219
f 4447/3803/4219 4448/3804/4220 4449/3805/4221
f 4449/3805/4221 4448/3804/4220 4450/3806/4222
f 4448/3804/4220 4451/3807/4223 4450/3806/4222
f 4450/3806/4222 4451/3807/4223 4452/3808/4224
f 4451/3807/4223 4453/3809/4225 4452/3808/4224
f 4452/3808/4224 4453/3809/4225 4454/3810/4226
f 4453/3809/4225 4455/3811/4227 4454/3810/4226
f 4455/3811/4227 4456/3812/4228 4454/3810/4226
f 4454/3810/4226 4456/3812/4228 4457/3813/4229
f 4456/3812/4228 4458/3814/4230 4457/3813/4229
f 4457/3813/4229 4458/3814/4230 4459/3815/4231
f 4458/3814/4230 4460/3816/4232 4459/3815/4231
f 4459/3815/4231 4460/3816/4232 4461/3817/4233
f 4461/3817/4233 4460/3816/4232 4462/3818/4234
f 4460/3816/4232 4463/3819/4235 4462/3818/4234
f 4462/3818/4234 4463/3819/4235 4347/3702/4118
f 4464/3820/4236 4340/3695/4111 4463/3819/4235
f 4460/3816/4232 4464/3820/4236 4463/3819/4235
f 4463/3819/4235 4340/3695/4111 4344/3698/4114
f 4463/3819/4235 4344/3698/4114 4347/3702/4118
f 4464/3820/4236 4337/3691/4107 4340/3695/4111
f 4465/3821/4237 4337/3691/4107 4464/3820/4236
f 4465/3821/4237 4464/3820/4236 4460/3816/4232
f 4466/3822/4238 4337/3691/4107 4465/3821/4237
f 4467/3823/4239 4466/3822/4238 4465/3821/4237
f 4467/3823/4239 4465/3821/4237 4458/3814/4230
f 4458/3814/4230 4465/3821/4237 4460/3816/4232
f 4468/3824/4240 4470/3825/4241 4467/3823/4239
f 4469/3826/4242 4468/3824/4240 4467/3823/4239
f 4469/3826/4242 4467/3823/4239 4456/3812/4228
f 4470/3825/4241 4466/3822/4238 4467/3823/4239
f 4456/3812/4228 4467/3823/4239 4458/3814/4230
f 4471/3827/4243 4472/3828/4244 4470/3825/4241
f 4468/3824/4240 4471/3827/4243 4470/3825/4241
f 4470/3825/4241 4472/3828/4244 4466/3822/4238
f 4473/3829/4245 4331/3687/4103 4472/3828/4244
f 4471/3827/4243 4473/3829/4245 4472/3828/4244
f 4472/3828/4244 4331/3687/4103 4333/3688/4104
f 4472/3828/4244 4333/3688/4104 4466/3822/4238
f 4473/3829/4245 4474/3830/4246 4331/3687/4103
f 4475/3831/4247 4474/3830/4246 4473/3829/4245
f 4475/3831/4247 4473/3829/4245 4476/3832/4248
f 4476/3832/4248 4473/3829/4245 4471/3827/4243
f 4477/3833/4249 4475/3831/4247 4476/3832/4248
f 4477/3833/4249 4476/3832/4248 4478/3834/4250
f 4476/3832/4248 4471/3827/4243 4468/3824/4240
f 4478/3834/4250 4476/3832/4248 4468/3824/4240
f 4479/3835/4251 4477/3833/4249 4478/3834/4250
f 4479/3835/4251 4478/3834/4250 4480/3836/4252
f 4478/3834/4250 4468/3824/4240 4469/3826/4242
f 4480/3836/4252 4478/3834/4250 4481/3837/4253
f 4481/3837/4253 4478/3834/4250 4469/3826/4242
f 4480/3836/4252 4481/3837/4253 4453/3809/4225
f 4481/3837/4253 4469/3826/4242 4455/3811/4227
f 4453/3809/4225 4481/3837/4253 4455/3811/4227
f 4482/3838/4254 4479/3835/4251 4480/3836/4252
f 4483/3839/4255 4482/3838/4254 4480/3836/4252
f 4483/3839/4255 4480/3836/4252 4453/3809/4225
f 4484/3840/4256 4482/3838/4254 4483/3839/4255
f 4485/3841/4257 4484/3840/4256 4483/3839/4255
f 4485/3841/4257 4483/3839/4255 4448/3804/4220
f 4448/3804/4220 4483/3839/4255 4451/3807/4223
f 4451/3807/4223 4483/3839/4255 4453/3809/4225
f 4484/3840/4256 4485/3841/4257 4440/3796/4212
f 4440/3796/4212 4485/3841/4257 4442/3798/4214
f 4442/3798/4214 4485/3841/4257 4448/3804/4220
f 4486/3842/4258 4482/3838/4254 4484/3840/4256
f 4486/3842/4258 4484/3840/4256 4438/3794/4210
f 4438/3794/4210 4484/3840/4256 4440/3796/4212
f 4487/3843/4259 4482/3838/4254 4486/3842/4258
f 4488/3844/4260 4487/3843/4259 4486/3842/4258
f 4488/3844/4260 4486/3842/4258 4438/3794/4210
f 4489/3845/833 4487/3843/4259 4488/3844/4260
f 4490/3846/4261 4489/3845/833 4488/3844/4260
f 4490/3846/4261 4488/3844/4260 4436/3792/4208
f 4436/3792/4208 4488/3844/4260 4438/3794/4210
f 4491/3847/4262 4489/3845/833 4490/3846/4261
f 4492/3848/4263 4491/3847/4262 4490/3846/4261
f 4492/3848/4263 4490/3846/4261 4434/3790/4206
f 4434/3790/4206 4490/3846/4261 4436/3792/4208
f 4493/3849/4264 4495/3850/4265 4492/3848/4263
f 4494/3851/4266 4493/3849/4264 4492/3848/4263
f 4494/3851/4266 4492/3848/4263 4432/3788/4204
f 4495/3850/4265 4491/3847/4262 4492/3848/4263
f 4432/3788/4204 4492/3848/4263 4434/3790/4206
f 4495/3850/4265 4496/3852/4267 4491/3847/4262
f 4493/3849/4264 4496/3852/4267 4495/3850/4265
f 4496/3852/4267 4497/3853/4268 4499/3854/4269
f 4498/3855/4270 4497/3853/4268 4496/3852/4267
f 4498/3855/4270 4496/3852/4267 4493/3849/4264
f 4496/3852/4267 4499/3854/4269 4491/3847/4262
f 4497/3853/4268 4500/3856/4271 4499/3854/4269
f 4499/3854/4269 4500/3856/4271 4501/3857/4272
f 4499/3854/4269 4501/3857/4272 4489/3845/833
f 4491/3847/4262 4499/3854/4269 4489/3845/833
f 4500/3856/4271 4502/3858/4273 4501/3857/4272
f 4501/3857/4272 4502/3858/4273 4503/3859/4274
f 4501/3857/4272 4503/3859/4274 4487/3843/4259
f 4489/3845/833 4501/3857/4272 4487/3843/4259
f 4503/3859/4274 4502/3858/4273 4477/3833/4249
f 4503/3859/4274 4477/3833/4249 4479/3835/4251
f 4487/3843/4259 4503/3859/4274 4482/3838/4254
f 4482/3838/4254 4503/3859/4274 4479/3835/4251
f 4502/3858/4273 4504/3860/4275 4475/3831/4247
f 4500/3856/4271 4504/3860/4275 4502/3858/4273
f 4502/3858/4273 4475/3831/4247 4477/3833/4249
f 4504/3860/4275 4325/3682/4098 4474/3830/4246
f 4505/3861/4276 4325/3682/4098 4504/3860/4275
f 4505/3861/4276 4504/3860/4275 4500/3856/4271
f 4504/3860/4275 4474/3830/4246 4475/3831/4247
f 4506/3862/4277 4325/3682/4098 4505/3861/4276
f 4506/3862/4277 4505/3861/4276 4507/3863/4278
f 4507/3863/4278 4505/3861/4276 4497/3853/4268
f 4497/3853/4268 4505/3861/4276 4500/3856/4271
f 4508/3864/4279 4506/3862/4277 4507/3863/4278
f 4509/3865/4280 4508/3864/4279 4507/3863/4278
f 4509/3865/4280 4507/3863/4278 4498/3855/4270
f 4507/3863/4278 4497/3853/4268 4498/3855/4270
f 4510/3866/4281 4508/3864/4279 4509/3865/4280
f 4510/3866/4281 4509/3865/4280 4511/3867/4282
f 4511/3867/4282 4509/3865/4280 4512/3868/4283
f 4512/3868/4283 4509/3865/4280 4498/3855/4270
f 4511/3867/4282 4512/3868/4283 4513/3869/4284
f 4512/3868/4283 4498/3855/4270 4513/3869/4284
f 4514/3870/4285 4511/3867/4282 4513/3869/4284
f 4514/3870/4285 4513/3869/4284 4515/3871/4286
f 4513/3869/4284 4498/3855/4270 4493/3849/4264
f 4513/3869/4284 4493/3849/4264 4516/3872/4287
f 4515/3871/4286 4513/3869/4284 4516/3872/4287
f 4515/3871/4286 4516/3872/4287 4429/3785/4201
f 4516/3872/4287 4493/3849/4264 4494/3851/4266
f 4516/3872/4287 4494/3851/4266 4429/3785/4201
f 4517/3873/4288 4514/3870/4285 4515/3871/4286
f 4518/3874/4289 4517/3873/4288 4515/3871/4286
f 4518/3874/4289 4515/3871/4286 4425/3781/4197
f 4425/3781/4197 4515/3871/4286 4427/3783/4199
f 4427/3783/4199 4515/3871/4286 4429/3785/4201
f 4519/3875/4290 4517/3873/4288 4518/3874/4289
f 4520/3876/4291 4519/3875/4290 4518/3874/4289
f 4520/3876/4291 4518/3874/4289 4423/3779/4195
f 4423/3779/4195 4518/3874/4289 4425/3781/4197
f 4521/3877/4292 4519/3875/4290 4520/3876/4291
f 4522/3878/4293 4521/3877/4292 4520/3876/4291
f 4522/3878/4293 4520/3876/4291 4421/3777/4193
f 4421/3777/4193 4520/3876/4291 4423/3779/4195
f 4523/3879/4294 4521/3877/4292 4522/3878/4293
f 4524/3880/4295 4523/3879/4294 4522/3878/4293
f 4524/3880/4295 4522/3878/4293 4419/3775/4191
f 4419/3775/4191 4522/3878/4293 4421/3777/4193
f 4523/3879/4294 4524/3880/4295 4410/3766/4182
f 4410/3766/4182 4524/3880/4295 4412/3768/4184
f 4412/3768/4184 4524/3880/4295 4419/3775/4191
f 4525/3881/4296 4521/3877/4292 4523/3879/4294
f 4526/3882/4297 4525/3881/4296 4523/3879/4294
f 4526/3882/4297 4523/3879/4294 4410/3766/4182
f 4527/3883/4298 4525/3881/4296 4526/3882/4297
f 4528/3884/4299 4527/3883/4298 4526/3882/4297
f 4528/3884/4299 4526/3882/4297 4409/3765/4181
f 4409/3765/4181 4526/3882/4297 4410/3766/4182
f 4529/3885/4300 4527/3883/4298 4528/3884/4299
f 4530/3886/4301 4529/3885/4300 4528/3884/4299
f 4530/3886/4301 4528/3884/4299 4407/3763/4179
f 4407/3763/4179 4528/3884/4299 4409/3765/4181
f 4531/3887/4302 4529/3885/4300 4530/3886/4301
f 4532/3888/4303 4531/3887/4302 4530/3886/4301
f 4532/3888/4303 4530/3886/4301 4405/3761/4177
f 4405/3761/4177 4530/3886/4301 4407/3763/4179
f 4533/3889/4304 4531/3887/4302 4532/3888/4303
f 4533/3889/4304 4532/3888/4303 4403/3759/4175
f 4403/3759/4175 4532/3888/4303 4405/3761/4177
f 4534/3890/4305 4531/3887/4302 4533/3889/4304
f 4535/3891/4306 4534/3890/4305 4533/3889/4304
f 4535/3891/4306 4533/3889/4304 4401/3757/4173
f 4401/3757/4173 4533/3889/4304 4403/3759/4175
f 4536/3892/4307 4534/3890/4305 4535/3891/4306
f 4537/3893/4308 4536/3892/4307 4535/3891/4306
f 4537/3893/4308 4535/3891/4306 4396/3752/4168
f 4396/3752/4168 4535/3891/4306 4398/3754/4170
f 4398/3754/4170 4535/3891/4306 4401/3757/4173
f 4538/3894/4309 4540/3895/4310 4537/3893/4308
f 4539/3896/4311 4538/3894/4309 4537/3893/4308
f 4539/3896/4311 4537/3893/4308 4396/3752/4168
f 4540/3895/4310 4536/3892/4307 4537/3893/4308
f 4541/3897/4312 4540/3895/4310 4542/3898/4313
f 4540/3895/4310 4541/3897/4312 4536/3892/4307
f 4542/3898/4313 4540/3895/4310 4538/3894/4309
f 4543/3899/3106 4541/3897/4312 4542/3898/4313
f 4543/3899/3106 4542/3898/4313 4544/3900/4314
f 4542/3898/4313 4538/3894/4309 4544/3900/4314
f 4545/3901/4315 4543/3899/3106 4544/3900/4314
f 4546/3902/4316 4545/3901/4315 4544/3900/4314
f 4546/3902/4316 4544/3900/4314 4548/3903/4317
f 4544/3900/4314 4538/3894/4309 4547/3904/4318
f 4544/3900/4314 4547/3904/4318 4548/3903/4317
f 4549/3905/4319 4546/3902/4316 4548/3903/4317
f 4549/3905/4319 4548/3903/4317 4385/3742/4158
f 4547/3904/4318 4550/3906/4320 4548/3903/4317
f 4548/3903/4317 4550/3906/4320 4551/3907/4321
f 4548/3903/4317 4551/3907/4321 4385/3742/4158
f 4550/3906/4320 4391/3747/4163 4551/3907/4321
f 4551/3907/4321 4391/3747/4163 4384/3740/4156
f 4551/3907/4321 4384/3740/4156 4385/3742/4158
f 4550/3906/4320 4539/3896/4311 4394/3750/4166
f 4547/3904/4318 4539/3896/4311 4550/3906/4320
f 4391/3747/4163 4550/3906/4320 4393/3749/4165
f 4393/3749/4165 4550/3906/4320 4394/3750/4166
f 4552/3908/4322 4546/3902/4316 4549/3905/4319
f 4552/3908/4322 4549/3905/4319 4381/3737/4153
f 4381/3737/4153 4549/3905/4319 4385/3742/4158
f 4553/3909/4323 4554/3910/4324 4552/3908/4322
f 4379/3735/4151 4553/3909/4323 4552/3908/4322
f 4379/3735/4151 4552/3908/4322 4381/3737/4153
f 4554/3910/4324 4546/3902/4316 4552/3908/4322
f 4555/3911/4325 4556/3912/4326 4554/3910/4324
f 4553/3909/4323 4555/3911/4325 4554/3910/4324
f 4556/3912/4326 4545/3901/4315 4554/3910/4324
f 4554/3910/4324 4545/3901/4315 4546/3902/4316
f 4557/3913/4327 4558/3914/4328 4556/3912/4326
f 4555/3911/4325 4557/3913/4327 4556/3912/4326
f 4556/3912/4326 4558/3914/4328 4545/3901/4315
f 4559/3915/4329 4560/3916/4330 4558/3914/4328
f 4557/3913/4327 4559/3915/4329 4558/3914/4328
f 4558/3914/4328 4560/3916/4330 4561/3917/4331
f 4558/3914/4328 4561/3917/4331 4543/3899/3106
f 4545/3901/4315 4558/3914/4328 4543/3899/3106
f 4560/3916/4330 4562/3918/4332 4561/3917/4331
f 4562/3918/4332 4563/3919/4333 4561/3917/4331
f 4563/3919/4333 4564/3920/4334 4561/3917/4331
f 4561/3917/4331 4564/3920/4334 4565/3921/4335
f 4561/3917/4331 4565/3921/4335 4543/3899/3106
f 4564/3920/4334 4566/3922/4336 4565/3921/4335
f 4565/3921/4335 4566/3922/4336 4541/3897/4312
f 4565/3921/4335 4541/3897/4312 4543/3899/3106
f 4566/3922/4336 4567/3923/4337 4568/3924/4338
f 4564/3920/4334 4567/3923/4337 4566/3922/4336
f 4566/3922/4336 4568/3924/4338 4536/3892/4307
f 4541/3897/4312 4566/3922/4336 4536/3892/4307
f 4567/3923/4337 4569/3925/4339 4568/3924/4338
f 4568/3924/4338 4569/3925/4339 4570/3926/4340
f 4568/3924/4338 4570/3926/4340 4534/3890/4305
f 4536/3892/4307 4568/3924/4338 4534/3890/4305
f 4569/3925/4339 4571/3927/4341 4570/3926/4340
f 4570/3926/4340 4571/3927/4341 4572/3928/4342
f 4570/3926/4340 4572/3928/4342 4531/3887/4302
f 4534/3890/4305 4570/3926/4340 4531/3887/4302
f 4572/3928/4342 4571/3927/4341 4573/3929/4343
f 4572/3928/4342 4573/3929/4343 4527/3883/4298
f 4531/3887/4302 4572/3928/4342 4529/3885/4300
f 4529/3885/4300 4572/3928/4342 4527/3883/4298
f 4571/3927/4341 4574/3930/4344 4573/3929/4343
f 4573/3929/4343 4574/3930/4344 4575/3931/4345
f 4573/3929/4343 4575/3931/4345 4525/3881/4296
f 4527/3883/4298 4573/3929/4343 4525/3881/4296
f 4575/3931/4345 4574/3930/4344 4576/3932/4346
f 4575/3931/4345 4576/3932/4346 4519/3875/4290
f 4525/3881/4296 4575/3931/4345 4521/3877/4292
f 4521/3877/4292 4575/3931/4345 4519/3875/4290
f 4576/3932/4346 4574/3930/4344 4511/3867/4282
f 4576/3932/4346 4511/3867/4282 4517/3873/4288
f 4519/3875/4290 4576/3932/4346 4517/3873/4288
f 4574/3930/4344 4571/3927/4341 4510/3866/4281
f 4574/3930/4344 4510/3866/4281 4511/3867/4282
f 4571/3927/4341 4577/3933/4347 4510/3866/4281
f 4569/3925/4339 4577/3933/4347 4571/3927/4341
f 4577/3933/4347 4578/3934/4348 4508/3864/4279
f 4579/3935/4349 4578/3934/4348 4577/3933/4347
f 4579/3935/4349 4577/3933/4347 4569/3925/4339
f 4577/3933/4347 4508/3864/4279 4510/3866/4281
f 4578/3934/4348 4579/3935/4349 4580/3936/4350
f 4580/3936/4350 4579/3935/4349 4567/3923/4337
f 4567/3923/4337 4579/3935/4349 4569/3925/4339
f 4581/3937/4351 4578/3934/4348 4580/3936/4350
f 4581/3937/4351 4580/3936/4350 4563/3919/4333
f 4580/3936/4350 4567/3923/4337 4564/3920/4334
f 4563/3919/4333 4580/3936/4350 4564/3920/4334
f 4323/3680/4096 4324/3681/4097 4581/3937/4351
f 4582/3938/4352 4323/3680/4096 4581/3937/4351
f 4582/3938/4352 4581/3937/4351 4562/3918/4332
f 4324/3681/4097 4578/3934/4348 4581/3937/4351
f 4562/3918/4332 4581/3937/4351 4563/3919/4333
f 4322/3678/4094 4323/3680/4096 4582/3938/4352
f 4583/3939/4353 4322/3678/4094 4582/3938/4352
f 4583/3939/4353 4582/3938/4352 4562/3918/4332
f 4329/3685/4101 4322/3678/4094 4583/3939/4353
f 4329/3685/4101 4583/3939/4353 4584/3940/4354
f 4584/3940/4354 4583/3939/4353 4585/3941/4355
f 4585/3941/4355 4583/3939/4353 4560/3916/4330
f 4560/3916/4330 4583/3939/4353 4562/3918/4332
f 4584/3940/4354 4585/3941/4355 4586/3942/4356
f 4585/3941/4355 4559/3915/4329 4587/3943/4357
f 4559/3915/4329 4585/3941/4355 4560/3916/4330
f 4586/3942/4356 4585/3941/4355 4587/3943/4357
f 4586/3942/4356 4587/3943/4357 4588/3944/4358
f 4587/3943/4357 4559/3915/4329 4557/3913/4327
f 4587/3943/4357 4557/3913/4327 4589/3945/4359
f 4588/3944/4358 4587/3943/4357 4589/3945/4359
f 4588/3944/4358 4589/3945/4359 4591/3946/4360
f 4589/3945/4359 4557/3913/4327 4590/3947/4361
f 4589/3945/4359 4590/3947/4361 4592/3948/4362
f 4591/3946/4360 4589/3945/4359 4592/3948/4362
f 4591/3946/4360 4592/3948/4362 4373/3729/4145
f 4592/3948/4362 4590/3947/4361 4593/3949/4363
f 4592/3948/4362 4593/3949/4363 4375/3731/4147
f 4373/3729/4145 4592/3948/4362 4375/3731/4147
f 4590/3947/4361 4555/3911/4325 4593/3949/4363
f 4593/3949/4363 4555/3911/4325 4553/3909/4323
f 4593/3949/4363 4553/3909/4323 4377/3733/4149
f 4375/3731/4147 4593/3949/4363 4377/3733/4149
f 4594/3950/4364 4588/3944/4358 4591/3946/4360
f 4594/3950/4364 4591/3946/4360 4368/3724/4140
f 4368/3724/4140 4591/3946/4360 4370/3726/4142
f 4370/3726/4142 4591/3946/4360 4373/3729/4145
f 4595/3951/4365 4588/3944/4358 4594/3950/4364
f 4595/3951/4365 4594/3950/4364 4366/3722/4138
f 4366/3722/4138 4594/3950/4364 4368/3724/4140
f 4596/3952/4366 4588/3944/4358 4595/3951/4365
f 4597/3953/4367 4596/3952/4366 4595/3951/4365
f 4597/3953/4367 4595/3951/4365 4365/3721/4137
f 4365/3721/4137 4595/3951/4365 4366/3722/4138
f 4598/3954/4368 4596/3952/4366 4597/3953/4367
f 4599/3955/4369 4598/3954/4368 4597/3953/4367
f 4599/3955/4369 4597/3953/4367 4365/3721/4137
f 4600/3956/4370 4598/3954/4368 4599/3955/4369
f 4601/3957/4371 4600/3956/4370 4599/3955/4369
f 4601/3957/4371 4599/3955/4369 4363/3719/4135
f 4363/3719/4135 4599/3955/4369 4365/3721/4137
f 4602/3958/4372 4604/3959/4373 4601/3957/4371
f 4603/3960/4374 4602/3958/4372 4601/3957/4371
f 4603/3960/4374 4601/3957/4371 4361/3717/4133
f 4604/3959/4373 4600/3956/4370 4601/3957/4371
f 4361/3717/4133 4601/3957/4371 4363/3719/4135
f 4342/3699/4115 4604/3959/4373 4343/3700/4116
f 4604/3959/4373 4342/3699/4115 4600/3956/4370
f 4343/3700/4116 4604/3959/4373 4602/3958/4372
f 4602/3958/4372 4603/3960/4374 4353/3709/4125
f 4353/3709/4125 4603/3960/4374 4355/3711/4127
f 4355/3711/4127 4603/3960/4374 4358/3714/4130
f 4358/3714/4130 4603/3960/4374 4361/3717/4133
f 4343/3700/4116 4602/3958/4372 4346/3703/4119
f 4346/3703/4119 4602/3958/4372 4350/3706/4122
f 4350/3706/4122 4602/3958/4372 4353/3709/4125
f 4342/3699/4115 4605/3961/4375 4600/3956/4370
f 4600/3956/4370 4605/3961/4375 4598/3954/4368
f 4336/3693/4109 4605/3961/4375 4339/3696/4112
f 4605/3961/4375 4336/3693/4109 4606/3962/4376
f 4605/3961/4375 4606/3962/4376 4598/3954/4368
f 4339/3696/4112 4605/3961/4375 4342/3699/4115
f 4336/3693/4109 4335/3692/4108 4606/3962/4376
f 4606/3962/4376 4335/3692/4108 4607/3963/4377
f 4606/3962/4376 4607/3963/4377 4596/3952/4366
f 4598/3954/4368 4606/3962/4376 4596/3952/4366
f 4335/3692/4108 4608/3964/4378 4607/3963/4377
f 4607/3963/4377 4608/3964/4378 4586/3942/4356
f 4607/3963/4377 4586/3942/4356 4596/3952/4366
f 4332/3689/4105 4328/3686/4102 4608/3964/4378
f 4335/3692/4108 4332/3689/4105 4608/3964/4378
f 4608/3964/4378 4328/3686/4102 4584/3940/4354
f 4608/3964/4378 4584/3940/4354 4586/3942/4356
f 4596/3952/4366 4586/3942/4356 4588/3944/4358
f 4590/3947/4361 4557/3913/4327 4555/3911/4325
f 4328/3686/4102 4329/3685/4101 4584/3940/4354
f 4508/3864/4279 4578/3934/4348 4506/3862/4277
f 4578/3934/4348 4324/3681/4097 4506/3862/4277
f 4377/3733/4149 4553/3909/4323 4379/3735/4151
f 4538/3894/4309 4539/3896/4311 4547/3904/4318
f 4394/3750/4166 4539/3896/4311 4396/3752/4168
f 4517/3873/4288 4511/3867/4282 4514/3870/4285
f 4324/3681/4097 4325/3682/4098 4506/3862/4277
f 4429/3785/4201 4494/3851/4266 4430/3786/4202
f 4430/3786/4202 4494/3851/4266 4432/3788/4204
f 4474/3830/4246 4325/3682/4098 4326/3683/4099
f 4474/3830/4246 4326/3683/4099 4331/3687/4103
f 4455/3811/4227 4469/3826/4242 4456/3812/4228
f 4466/3822/4238 4333/3688/4104 4337/3691/4107
f 4445/3801/4217 4442/3798/4214 4448/3804/4220
f 4414/3770/4186 4412/3768/4184 4419/3775/4191
f 4609/3965/4379 4387/3743/4159 4388/3744/4160
