# Blender 5.0.1
# www.blender.org
mtllib mdlNube.mtl
o Nube.001
v 3.311623 5.431957 -17.770905
v 3.311623 5.431957 -17.528118
v 3.390566 5.424182 -17.770905
v 3.390566 5.424182 -17.528118
v 3.466475 5.401155 -17.770905
v 3.466475 5.401155 -17.528118
v 3.536433 5.363762 -17.770905
v 3.536433 5.363762 -17.528118
v 3.597751 5.313439 -17.770905
v 3.597751 5.313439 -17.528118
v 3.648074 5.252120 -17.770905
v 3.648074 5.252120 -17.528118
v 3.685467 5.182162 -17.770905
v 3.685467 5.182162 -17.528118
v 3.708494 5.106253 -17.770905
v 3.708494 5.106254 -17.528118
v 3.716269 5.027311 -17.770905
v 3.716269 5.027311 -17.528118
v 3.708494 4.948368 -17.770905
v 3.708494 4.948369 -17.528118
v 3.685467 4.872459 -17.770905
v 3.685467 4.872459 -17.528118
v 3.648074 4.802502 -17.770905
v 3.648074 4.802502 -17.528118
v 3.597751 4.741183 -17.770905
v 3.597751 4.741183 -17.528118
v 3.536433 4.690860 -17.770905
v 3.536433 4.690860 -17.528118
v 3.466475 4.653467 -17.770905
v 3.466475 4.653467 -17.528118
v 3.390566 4.630440 -17.770905
v 3.390566 4.630440 -17.528118
v 3.311623 4.622665 -17.770905
v 3.311623 4.622665 -17.528118
v 3.232681 4.630440 -17.770905
v 3.232681 4.630440 -17.528118
v 3.156772 4.653467 -17.770905
v 3.156772 4.653467 -17.528118
v 3.086814 4.690860 -17.770905
v 3.086814 4.690860 -17.528118
v 3.025495 4.741183 -17.770905
v 3.025495 4.741183 -17.528118
v 2.975173 4.802502 -17.770905
v 2.975173 4.802502 -17.528118
v 2.937779 4.872459 -17.770905
v 2.937779 4.872459 -17.528118
v 2.914752 4.948368 -17.770905
v 2.914752 4.948369 -17.528118
v 2.906977 5.027311 -17.770905
v 2.906977 5.027311 -17.528118
v 2.914752 5.106253 -17.770905
v 2.914752 5.106254 -17.528118
v 2.937779 5.182162 -17.770905
v 2.937779 5.182162 -17.528118
v 2.975173 5.252120 -17.770905
v 2.975173 5.252120 -17.528118
v 3.025495 5.313439 -17.770905
v 3.025495 5.313439 -17.528118
v 3.086814 5.363762 -17.770905
v 3.086814 5.363762 -17.528118
v 3.156772 5.401155 -17.770905
v 3.156772 5.401155 -17.528118
v 3.232681 5.424182 -17.770905
v 3.232681 5.424182 -17.528118
v 2.036931 5.431957 -17.770905
v 2.036931 5.431957 -17.528118
v 2.115873 5.424182 -17.770905
v 2.115873 5.424182 -17.528118
v 2.191782 5.401155 -17.770905
v 2.191782 5.401155 -17.528118
v 2.261740 5.363762 -17.770905
v 2.261740 5.363762 -17.528118
v 2.323059 5.313439 -17.770905
v 2.323059 5.313439 -17.528118
v 2.373382 5.252120 -17.770905
v 2.373382 5.252120 -17.528118
v 2.410775 5.182162 -17.770905
v 2.410775 5.182162 -17.528118
v 2.433802 5.106253 -17.770905
v 2.433802 5.106254 -17.528118
v 2.441577 5.027311 -17.770905
v 2.441577 5.027311 -17.528118
v 2.433802 4.948368 -17.770905
v 2.433802 4.948369 -17.528118
v 2.410775 4.872459 -17.770905
v 2.410775 4.872459 -17.528118
v 2.373382 4.802502 -17.770905
v 2.373382 4.802502 -17.528118
v 2.323059 4.741183 -17.770905
v 2.323059 4.741183 -17.528118
v 2.261740 4.690860 -17.770905
v 2.261740 4.690860 -17.528118
v 2.191782 4.653467 -17.770905
v 2.191782 4.653467 -17.528118
v 2.115873 4.630440 -17.770905
v 2.115873 4.630440 -17.528118
v 2.036931 4.622665 -17.770905
v 2.036931 4.622665 -17.528118
v 1.957988 4.630440 -17.770905
v 1.957988 4.630440 -17.528118
v 1.882079 4.653467 -17.770905
v 1.882079 4.653467 -17.528118
v 1.812122 4.690860 -17.770905
v 1.812122 4.690860 -17.528118
v 1.750803 4.741183 -17.770905
v 1.750803 4.741183 -17.528118
v 1.700480 4.802502 -17.770905
v 1.700480 4.802502 -17.528118
v 1.663087 4.872459 -17.770905
v 1.663087 4.872459 -17.528118
v 1.640060 4.948368 -17.770905
v 1.640060 4.948369 -17.528118
v 1.632285 5.027311 -17.770905
v 1.632285 5.027311 -17.528118
v 1.640060 5.106253 -17.770905
v 1.640060 5.106254 -17.528118
v 1.663087 5.182162 -17.770905
v 1.663087 5.182162 -17.528118
v 1.700480 5.252120 -17.770905
v 1.700480 5.252120 -17.528118
v 1.750803 5.313439 -17.770905
v 1.750803 5.313439 -17.528118
v 1.812122 5.363762 -17.770905
v 1.812122 5.363762 -17.528118
v 1.882079 5.401155 -17.770905
v 1.882079 5.401155 -17.528118
v 1.957988 5.424182 -17.770905
v 1.957988 5.424182 -17.528118
v 1.407862 5.431957 -17.770905
v 1.407862 5.431957 -17.528118
v 1.486804 5.424182 -17.770905
v 1.486804 5.424182 -17.528118
v 1.562713 5.401155 -17.770905
v 1.562713 5.401155 -17.528118
v 1.632671 5.363762 -17.770905
v 1.632671 5.363762 -17.528118
v 1.693990 5.313439 -17.770905
v 1.693990 5.313439 -17.528118
v 1.744313 5.252120 -17.770905
v 1.744313 5.252120 -17.528118
v 1.781706 5.182162 -17.770905
v 1.781706 5.182162 -17.528118
v 1.804733 5.106253 -17.770905
v 1.804733 5.106254 -17.528118
v 1.812508 5.027311 -17.770905
v 1.812508 5.027311 -17.528118
v 1.804733 4.948368 -17.770905
v 1.804733 4.948369 -17.528118
v 1.781706 4.872459 -17.770905
v 1.781706 4.872459 -17.528118
v 1.744313 4.802502 -17.770905
v 1.744313 4.802502 -17.528118
v 1.693990 4.741183 -17.770905
v 1.693990 4.741183 -17.528118
v 1.632671 4.690860 -17.770905
v 1.632671 4.690860 -17.528118
v 1.562713 4.653467 -17.770905
v 1.562713 4.653467 -17.528118
v 1.486804 4.630440 -17.770905
v 1.486804 4.630440 -17.528118
v 1.407862 4.622665 -17.770905
v 1.407862 4.622665 -17.528118
v 1.328919 4.630440 -17.770905
v 1.328919 4.630440 -17.528118
v 1.253011 4.653467 -17.770905
v 1.253011 4.653467 -17.528118
v 1.183053 4.690860 -17.770905
v 1.183053 4.690860 -17.528118
v 1.121734 4.741183 -17.770905
v 1.121734 4.741183 -17.528118
v 1.071411 4.802502 -17.770905
v 1.071411 4.802502 -17.528118
v 1.034018 4.872459 -17.770905
v 1.034018 4.872459 -17.528118
v 1.010991 4.948368 -17.770905
v 1.010991 4.948369 -17.528118
v 1.003216 5.027311 -17.770905
v 1.003216 5.027311 -17.528118
v 1.010991 5.106253 -17.770905
v 1.010991 5.106254 -17.528118
v 1.034018 5.182162 -17.770905
v 1.034018 5.182162 -17.528118
v 1.071411 5.252120 -17.770905
v 1.071411 5.252120 -17.528118
v 1.121734 5.313439 -17.770905
v 1.121734 5.313439 -17.528118
v 1.183053 5.363762 -17.770905
v 1.183053 5.363762 -17.528118
v 1.253011 5.401155 -17.770905
v 1.253011 5.401155 -17.528118
v 1.328919 5.424182 -17.770905
v 1.328919 5.424182 -17.528118
v 2.682554 5.431957 -17.770905
v 2.682554 5.431957 -17.528118
v 2.761497 5.424182 -17.770905
v 2.761497 5.424182 -17.528118
v 2.837406 5.401155 -17.770905
v 2.837406 5.401155 -17.528118
v 2.907364 5.363762 -17.770905
v 2.907364 5.363762 -17.528118
v 2.968683 5.313439 -17.770905
v 2.968683 5.313439 -17.528118
v 3.019005 5.252120 -17.770905
v 3.019005 5.252120 -17.528118
v 3.056399 5.182162 -17.770905
v 3.056399 5.182162 -17.528118
v 3.079425 5.106253 -17.770905
v 3.079425 5.106254 -17.528118
v 3.087201 5.027311 -17.770905
v 3.087201 5.027311 -17.528118
v 3.079425 4.948368 -17.770905
v 3.079425 4.948369 -17.528118
v 3.056399 4.872459 -17.770905
v 3.056399 4.872459 -17.528118
v 3.019005 4.802502 -17.770905
v 3.019005 4.802502 -17.528118
v 2.968683 4.741183 -17.770905
v 2.968683 4.741183 -17.528118
v 2.907364 4.690860 -17.770905
v 2.907364 4.690860 -17.528118
v 2.837406 4.653467 -17.770905
v 2.837406 4.653467 -17.528118
v 2.761497 4.630440 -17.770905
v 2.761497 4.630440 -17.528118
v 2.682554 4.622665 -17.770905
v 2.682554 4.622665 -17.528118
v 2.603612 4.630440 -17.770905
v 2.603612 4.630440 -17.528118
v 2.527703 4.653467 -17.770905
v 2.527703 4.653467 -17.528118
v 2.457745 4.690860 -17.770905
v 2.457745 4.690860 -17.528118
v 2.396426 4.741183 -17.770905
v 2.396426 4.741183 -17.528118
v 2.346104 4.802502 -17.770905
v 2.346104 4.802502 -17.528118
v 2.308710 4.872459 -17.770905
v 2.308710 4.872459 -17.528118
v 2.285684 4.948368 -17.770905
v 2.285684 4.948369 -17.528118
v 2.277908 5.027311 -17.770905
v 2.277908 5.027311 -17.528118
v 2.285684 5.106253 -17.770905
v 2.285684 5.106254 -17.528118
v 2.308710 5.182162 -17.770905
v 2.308710 5.182162 -17.528118
v 2.346104 5.252120 -17.770905
v 2.346104 5.252120 -17.528118
v 2.396426 5.313439 -17.770905
v 2.396426 5.313439 -17.528118
v 2.457745 5.363762 -17.770905
v 2.457745 5.363762 -17.528118
v 2.527703 5.401155 -17.770905
v 2.527703 5.401155 -17.528118
v 2.603612 5.424182 -17.770905
v 2.603612 5.424182 -17.528118
v 2.952944 6.022399 -17.770905
v 2.952944 6.022399 -17.528118
v 3.031886 6.014624 -17.770905
v 3.031886 6.014624 -17.528118
v 3.107795 5.991597 -17.770905
v 3.107795 5.991597 -17.528118
v 3.177753 5.954204 -17.770905
v 3.177753 5.954204 -17.528118
v 3.239072 5.903881 -17.770905
v 3.239072 5.903881 -17.528118
v 3.289395 5.842562 -17.770905
v 3.289395 5.842562 -17.528118
v 3.326788 5.772604 -17.770905
v 3.326788 5.772604 -17.528118
v 3.349814 5.696695 -17.770905
v 3.349814 5.696695 -17.528118
v 3.357590 5.617753 -17.770905
v 3.357590 5.617753 -17.528118
v 3.349814 5.538810 -17.770905
v 3.349814 5.538810 -17.528118
v 3.326788 5.462901 -17.770905
v 3.326788 5.462901 -17.528118
v 3.289395 5.392943 -17.770905
v 3.289395 5.392943 -17.528118
v 3.239072 5.331625 -17.770905
v 3.239072 5.331625 -17.528118
v 3.177753 5.281302 -17.770905
v 3.177753 5.281302 -17.528118
v 3.107795 5.243908 -17.770905
v 3.107795 5.243908 -17.528118
v 3.031886 5.220882 -17.770905
v 3.031886 5.220882 -17.528118
v 2.952944 5.213107 -17.770905
v 2.952944 5.213107 -17.528118
v 2.874001 5.220882 -17.770905
v 2.874001 5.220882 -17.528118
v 2.798092 5.243908 -17.770905
v 2.798092 5.243908 -17.528118
v 2.728134 5.281302 -17.770905
v 2.728134 5.281302 -17.528118
v 2.666816 5.331625 -17.770905
v 2.666816 5.331625 -17.528118
v 2.616493 5.392943 -17.770905
v 2.616493 5.392943 -17.528118
v 2.579099 5.462901 -17.770905
v 2.579099 5.462901 -17.528118
v 2.556073 5.538810 -17.770905
v 2.556073 5.538810 -17.528118
v 2.548297 5.617753 -17.770905
v 2.548297 5.617753 -17.528118
v 2.556073 5.696695 -17.770905
v 2.556073 5.696695 -17.528118
v 2.579099 5.772604 -17.770905
v 2.579099 5.772604 -17.528118
v 2.616493 5.842562 -17.770905
v 2.616493 5.842562 -17.528118
v 2.666816 5.903881 -17.770905
v 2.666816 5.903881 -17.528118
v 2.728134 5.954204 -17.770905
v 2.728134 5.954204 -17.528118
v 2.798092 5.991597 -17.770905
v 2.798092 5.991597 -17.528118
v 2.874001 6.014624 -17.770905
v 2.874001 6.014624 -17.528118
v 2.270656 6.022399 -17.770905
v 2.270656 6.022399 -17.528118
v 2.349599 6.014624 -17.770905
v 2.349599 6.014624 -17.528118
v 2.425508 5.991597 -17.770905
v 2.425508 5.991597 -17.528118
v 2.495466 5.954204 -17.770905
v 2.495466 5.954204 -17.528118
v 2.556784 5.903881 -17.770905
v 2.556784 5.903881 -17.528118
v 2.607107 5.842562 -17.770905
v 2.607107 5.842562 -17.528118
v 2.644501 5.772604 -17.770905
v 2.644501 5.772604 -17.528118
v 2.667527 5.696695 -17.770905
v 2.667527 5.696695 -17.528118
v 2.675303 5.617753 -17.770905
v 2.675303 5.617753 -17.528118
v 2.667527 5.538810 -17.770905
v 2.667527 5.538810 -17.528118
v 2.644501 5.462901 -17.770905
v 2.644501 5.462901 -17.528118
v 2.607107 5.392943 -17.770905
v 2.607107 5.392943 -17.528118
v 2.556784 5.331625 -17.770905
v 2.556784 5.331625 -17.528118
v 2.495466 5.281302 -17.770905
v 2.495466 5.281302 -17.528118
v 2.425508 5.243908 -17.770905
v 2.425508 5.243908 -17.528118
v 2.349599 5.220882 -17.770905
v 2.349599 5.220882 -17.528118
v 2.270656 5.213107 -17.770905
v 2.270656 5.213107 -17.528118
v 2.191714 5.220882 -17.770905
v 2.191714 5.220882 -17.528118
v 2.115805 5.243908 -17.770905
v 2.115805 5.243908 -17.528118
v 2.045847 5.281302 -17.770905
v 2.045847 5.281302 -17.528118
v 1.984528 5.331625 -17.770905
v 1.984528 5.331625 -17.528118
v 1.934206 5.392943 -17.770905
v 1.934206 5.392943 -17.528118
v 1.896812 5.462901 -17.770905
v 1.896812 5.462901 -17.528118
v 1.873785 5.538810 -17.770905
v 1.873785 5.538810 -17.528118
v 1.866010 5.617753 -17.770905
v 1.866010 5.617753 -17.528118
v 1.873785 5.696695 -17.770905
v 1.873785 5.696695 -17.528118
v 1.896812 5.772604 -17.770905
v 1.896812 5.772604 -17.528118
v 1.934206 5.842562 -17.770905
v 1.934206 5.842562 -17.528118
v 1.984528 5.903881 -17.770905
v 1.984528 5.903881 -17.528118
v 2.045847 5.954204 -17.770905
v 2.045847 5.954204 -17.528118
v 2.115805 5.991597 -17.770905
v 2.115805 5.991597 -17.528118
v 2.191714 6.014624 -17.770905
v 2.191714 6.014624 -17.528118
v 1.722396 5.812709 -17.770905
v 1.722396 5.812709 -17.528118
v 1.801339 5.804934 -17.770905
v 1.801339 5.804934 -17.528118
v 1.877248 5.781907 -17.770905
v 1.877248 5.781907 -17.528118
v 1.947206 5.744514 -17.770905
v 1.947206 5.744514 -17.528118
v 2.008524 5.694191 -17.770905
v 2.008524 5.694191 -17.528118
v 2.058847 5.632873 -17.770905
v 2.058847 5.632873 -17.528118
v 2.096241 5.562914 -17.770905
v 2.096241 5.562914 -17.528118
v 2.119267 5.487006 -17.770905
v 2.119267 5.487006 -17.528118
v 2.127043 5.408063 -17.770905
v 2.127043 5.408063 -17.528118
v 2.119267 5.329121 -17.770905
v 2.119267 5.329121 -17.528118
v 2.096241 5.253211 -17.770905
v 2.096241 5.253212 -17.528118
v 2.058847 5.183254 -17.770905
v 2.058847 5.183254 -17.528118
v 2.008524 5.121935 -17.770905
v 2.008524 5.121935 -17.528118
v 1.947206 5.071612 -17.770905
v 1.947206 5.071612 -17.528118
v 1.877248 5.034219 -17.770905
v 1.877248 5.034219 -17.528118
v 1.801339 5.011192 -17.770905
v 1.801339 5.011192 -17.528118
v 1.722396 5.003417 -17.770905
v 1.722396 5.003417 -17.528118
v 1.643454 5.011192 -17.770905
v 1.643454 5.011192 -17.528118
v 1.567545 5.034219 -17.770905
v 1.567545 5.034219 -17.528118
v 1.497587 5.071612 -17.770905
v 1.497587 5.071612 -17.528118
v 1.436269 5.121935 -17.770905
v 1.436269 5.121935 -17.528118
v 1.385946 5.183254 -17.770905
v 1.385946 5.183254 -17.528118
v 1.348552 5.253211 -17.770905
v 1.348552 5.253212 -17.528118
v 1.325526 5.329121 -17.770905
v 1.325526 5.329121 -17.528118
v 1.317750 5.408063 -17.770905
v 1.317750 5.408063 -17.528118
v 1.325526 5.487006 -17.770905
v 1.325526 5.487006 -17.528118
v 1.348552 5.562914 -17.770905
v 1.348552 5.562914 -17.528118
v 1.385946 5.632873 -17.770905
v 1.385946 5.632873 -17.528118
v 1.436269 5.694191 -17.770905
v 1.436269 5.694191 -17.528118
v 1.497587 5.744514 -17.770905
v 1.497587 5.744514 -17.528118
v 1.567545 5.781907 -17.770905
v 1.567545 5.781907 -17.528118
v 1.643454 5.804934 -17.770905
v 1.643454 5.804934 -17.528118
v 2.677036 6.336933 -17.770905
v 2.677036 6.336933 -17.528118
v 2.755979 6.329158 -17.770905
v 2.755979 6.329158 -17.528118
v 2.831888 6.306131 -17.770905
v 2.831888 6.306131 -17.528118
v 2.901845 6.268738 -17.770905
v 2.901845 6.268738 -17.528118
v 2.963164 6.218415 -17.770905
v 2.963164 6.218415 -17.528118
v 3.013487 6.157097 -17.770905
v 3.013487 6.157097 -17.528118
v 3.050880 6.087139 -17.770905
v 3.050880 6.087139 -17.528118
v 3.073907 6.011230 -17.770905
v 3.073907 6.011230 -17.528118
v 3.081682 5.932287 -17.770905
v 3.081682 5.932287 -17.528118
v 3.073907 5.853345 -17.770905
v 3.073907 5.853345 -17.528118
v 3.050880 5.777436 -17.770905
v 3.050880 5.777436 -17.528118
v 3.013487 5.707478 -17.770905
v 3.013487 5.707478 -17.528118
v 2.963164 5.646159 -17.770905
v 2.963164 5.646159 -17.528118
v 2.901845 5.595837 -17.770905
v 2.901845 5.595837 -17.528118
v 2.831888 5.558443 -17.770905
v 2.831888 5.558443 -17.528118
v 2.755979 5.535417 -17.770905
v 2.755979 5.535417 -17.528118
v 2.677036 5.527641 -17.770905
v 2.677036 5.527641 -17.528118
v 2.598094 5.535417 -17.770905
v 2.598094 5.535417 -17.528118
v 2.522185 5.558443 -17.770905
v 2.522185 5.558443 -17.528118
v 2.452227 5.595837 -17.770905
v 2.452227 5.595837 -17.528118
v 2.390908 5.646159 -17.770905
v 2.390908 5.646159 -17.528118
v 2.340585 5.707478 -17.770905
v 2.340585 5.707478 -17.528118
v 2.303192 5.777436 -17.770905
v 2.303192 5.777436 -17.528118
v 2.280165 5.853345 -17.770905
v 2.280165 5.853345 -17.528118
v 2.272390 5.932287 -17.770905
v 2.272390 5.932287 -17.528118
v 2.280165 6.011230 -17.770905
v 2.280165 6.011230 -17.528118
v 2.303192 6.087139 -17.770905
v 2.303192 6.087139 -17.528118
v 2.340585 6.157097 -17.770905
v 2.340585 6.157097 -17.528118
v 2.390908 6.218415 -17.770905
v 2.390908 6.218415 -17.528118
v 2.452227 6.268738 -17.770905
v 2.452227 6.268738 -17.528118
v 2.522185 6.306131 -17.770905
v 2.522185 6.306131 -17.528118
v 2.598094 6.329158 -17.770905
v 2.598094 6.329158 -17.528118
vn 0.0980 0.9952 -0.0000
vn 0.2903 0.9569 -0.0000
vn 0.4714 0.8819 -0.0000
vn 0.6344 0.7730 -0.0000
vn 0.7730 0.6344 -0.0000
vn 0.8819 0.4714 -0.0000
vn 0.9569 0.2903 -0.0000
vn 0.9952 0.0980 -0.0000
vn 0.9952 -0.0980 -0.0000
vn 0.9569 -0.2903 -0.0000
vn 0.8819 -0.4714 -0.0000
vn 0.7730 -0.6344 -0.0000
vn 0.6344 -0.7730 -0.0000
vn 0.4714 -0.8819 -0.0000
vn 0.2903 -0.9569 -0.0000
vn 0.0980 -0.9952 -0.0000
vn -0.0980 -0.9952 -0.0000
vn -0.2903 -0.9569 -0.0000
vn -0.4714 -0.8819 -0.0000
vn -0.6344 -0.7730 -0.0000
vn -0.7730 -0.6344 -0.0000
vn -0.8819 -0.4714 -0.0000
vn -0.9569 -0.2903 -0.0000
vn -0.9952 -0.0980 -0.0000
vn -0.9952 0.0980 -0.0000
vn -0.9569 0.2903 -0.0000
vn -0.8819 0.4714 -0.0000
vn -0.7730 0.6344 -0.0000
vn -0.6344 0.7730 -0.0000
vn -0.4714 0.8819 -0.0000
vn -0.0000 -0.0000 1.0000
vn -0.2903 0.9569 -0.0000
vn -0.0980 0.9952 -0.0000
vn -0.0000 -0.0000 -1.0000
vt 0.263685 0.889166
vt 0.263685 0.740494
vt 0.277978 0.740494
vt 0.277978 0.889166
vt 0.291441 0.740494
vt 0.291441 0.889166
vt 0.303557 0.740494
vt 0.303557 0.889166
vt 0.313861 0.740494
vt 0.313861 0.889166
vt 0.591823 0.297343
vt 0.591823 0.148672
vt 0.602127 0.148672
vt 0.602127 0.297343
vt 0.614243 0.148672
vt 0.614243 0.297343
vt 0.627706 0.148672
vt 0.627706 0.297343
vt 0.641999 0.148672
vt 0.641999 0.297343
vt 0.656571 0.148672
vt 0.656571 0.297343
vt 0.670863 0.148672
vt 0.670863 0.297343
vt 0.684326 0.148672
vt 0.684326 0.297343
vt 0.696443 0.148672
vt 0.696443 0.297343
vt 0.706747 0.148672
vt 0.706747 0.297343
vt 0.325978 0.740494
vt 0.325978 0.889166
vt 0.339441 0.740494
vt 0.339441 0.889166
vt 0.353733 0.740494
vt 0.353733 0.889166
vt 0.368306 0.740494
vt 0.368306 0.889166
vt 0.382598 0.740494
vt 0.382598 0.889166
vt 0.396061 0.740494
vt 0.396061 0.889166
vt 0.408178 0.740494
vt 0.408178 0.889166
vt 0.418482 0.740494
vt 0.418482 0.889166
vt 0.811368 0.594686
vt 0.811368 0.446015
vt 0.823484 0.446015
vt 0.823484 0.594686
vt 0.836947 0.446015
vt 0.836947 0.594686
vt 0.851240 0.446015
vt 0.851240 0.594686
vt 0.865812 0.446015
vt 0.865812 0.594686
vt 0.880104 0.446015
vt 0.880104 0.594686
vt 0.893567 0.446015
vt 0.893567 0.594686
vt 0.905684 0.446015
vt 0.905684 0.594686
vt 0.209241 0.889166
vt 0.209241 0.740494
vt 0.221357 0.740494
vt 0.221357 0.889166
vt 0.234820 0.740494
vt 0.234820 0.889166
vt 0.174775 0.131440
vt 0.164471 0.121136
vt 0.156375 0.109019
vt 0.150799 0.095556
vt 0.147956 0.081264
vt 0.147956 0.066692
vt 0.150799 0.052399
vt 0.156375 0.038936
vt 0.164471 0.026820
vt 0.174775 0.016515
vt 0.186892 0.008420
vt 0.200355 0.002843
vt 0.214647 0.000000
vt 0.229220 0.000000
vt 0.243512 0.002843
vt 0.256975 0.008420
vt 0.269092 0.016515
vt 0.279396 0.026820
vt 0.287492 0.038936
vt 0.293068 0.052399
vt 0.295911 0.066692
vt 0.295911 0.081264
vt 0.293068 0.095556
vt 0.287492 0.109019
vt 0.279396 0.121136
vt 0.269092 0.131440
vt 0.256975 0.139536
vt 0.243512 0.145113
vt 0.229220 0.147956
vt 0.214647 0.147956
vt 0.200355 0.145113
vt 0.186892 0.139536
vt 0.249113 0.740494
vt 0.249113 0.889166
vt 0.016516 0.269092
vt 0.008420 0.256975
vt 0.002843 0.243512
vt 0.000000 0.229220
vt 0.000000 0.214647
vt 0.002843 0.200355
vt 0.008420 0.186892
vt 0.016515 0.174775
vt 0.026820 0.164471
vt 0.038936 0.156375
vt 0.052399 0.150799
vt 0.066692 0.147956
vt 0.081264 0.147956
vt 0.095556 0.150799
vt 0.109019 0.156375
vt 0.121136 0.164471
vt 0.131440 0.174775
vt 0.139536 0.186892
vt 0.145113 0.200355
vt 0.147956 0.214647
vt 0.147956 0.229220
vt 0.145113 0.243512
vt 0.139536 0.256975
vt 0.131440 0.269092
vt 0.121136 0.279396
vt 0.109019 0.287492
vt 0.095556 0.293068
vt 0.081264 0.295911
vt 0.066692 0.295911
vt 0.052399 0.293068
vt 0.038936 0.287492
vt 0.026820 0.279396
vt 0.399218 0.740494
vt 0.399218 0.591823
vt 0.413511 0.591823
vt 0.413511 0.740494
vt 0.426974 0.591823
vt 0.426974 0.740494
vt 0.439090 0.591823
vt 0.439090 0.740494
vt 0.449394 0.591823
vt 0.449394 0.740494
vt 0.591823 0.446015
vt 0.602127 0.446015
vt 0.614243 0.446015
vt 0.627706 0.446015
vt 0.641999 0.446015
vt 0.656571 0.446015
vt 0.670863 0.446015
vt 0.684326 0.446015
vt 0.696443 0.446015
vt 0.706747 0.446015
vt 0.811368 0.297343
vt 0.811368 0.148672
vt 0.823484 0.148672
vt 0.823484 0.297343
vt 0.836947 0.148672
vt 0.836947 0.297343
vt 0.851240 0.148672
vt 0.851240 0.297343
vt 0.865812 0.148672
vt 0.865812 0.297343
vt 0.880104 0.148672
vt 0.880104 0.297343
vt 0.893567 0.148672
vt 0.893567 0.297343
vt 0.905684 0.148672
vt 0.905684 0.297343
vt 0.449394 0.740494
vt 0.449394 0.591823
vt 0.459699 0.591823
vt 0.459699 0.740494
vt 0.471815 0.591823
vt 0.471815 0.740494
vt 0.485278 0.591823
vt 0.485278 0.740494
vt 0.499571 0.591823
vt 0.499571 0.740494
vt 0.514143 0.591823
vt 0.514143 0.740494
vt 0.528435 0.591823
vt 0.528435 0.740494
vt 0.541898 0.591823
vt 0.541898 0.740494
vt 0.554015 0.591823
vt 0.554015 0.740494
vt 0.344774 0.740494
vt 0.344774 0.591823
vt 0.356890 0.591823
vt 0.356890 0.740494
vt 0.370353 0.591823
vt 0.370353 0.740494
vt 0.452286 0.256975
vt 0.446710 0.243512
vt 0.443867 0.229220
vt 0.443867 0.214647
vt 0.446710 0.200355
vt 0.452286 0.186892
vt 0.460382 0.174775
vt 0.470687 0.164471
vt 0.482803 0.156375
vt 0.496266 0.150799
vt 0.510559 0.147956
vt 0.525131 0.147956
vt 0.539423 0.150799
vt 0.552886 0.156375
vt 0.565003 0.164471
vt 0.575307 0.174775
vt 0.583403 0.186892
vt 0.588980 0.200355
vt 0.591823 0.214647
vt 0.591823 0.229220
vt 0.588980 0.243512
vt 0.583403 0.256975
vt 0.575307 0.269092
vt 0.565003 0.279396
vt 0.552886 0.287492
vt 0.539423 0.293068
vt 0.525131 0.295911
vt 0.510559 0.295911
vt 0.496266 0.293068
vt 0.482803 0.287492
vt 0.470687 0.279396
vt 0.460382 0.269092
vt 0.384646 0.591823
vt 0.384646 0.740494
vt 0.150799 0.539423
vt 0.147956 0.525131
vt 0.147956 0.510559
vt 0.150799 0.496266
vt 0.156375 0.482803
vt 0.164471 0.470687
vt 0.174775 0.460382
vt 0.186892 0.452286
vt 0.200355 0.446710
vt 0.214647 0.443867
vt 0.229220 0.443867
vt 0.243512 0.446710
vt 0.256975 0.452286
vt 0.269092 0.460382
vt 0.279396 0.470687
vt 0.287492 0.482803
vt 0.293068 0.496266
vt 0.295911 0.510559
vt 0.295911 0.525131
vt 0.293068 0.539423
vt 0.287492 0.552886
vt 0.279396 0.565003
vt 0.269092 0.575307
vt 0.256975 0.583403
vt 0.243512 0.588980
vt 0.229220 0.591823
vt 0.214647 0.591823
vt 0.200355 0.588980
vt 0.186892 0.583403
vt 0.174775 0.575307
vt 0.164471 0.565003
vt 0.156375 0.552886
vt 0.855508 0.892029
vt 0.855508 0.743358
vt 0.869800 0.743358
vt 0.869800 0.892029
vt 0.883263 0.743358
vt 0.883263 0.892029
vt 0.895380 0.743358
vt 0.895380 0.892029
vt 0.905684 0.743358
vt 0.905684 0.892029
vt 0.591823 0.743358
vt 0.591823 0.594686
vt 0.602127 0.594686
vt 0.602127 0.743358
vt 0.614243 0.594686
vt 0.614243 0.743358
vt 0.627706 0.594686
vt 0.627706 0.743358
vt 0.641999 0.594686
vt 0.641999 0.743358
vt 0.656571 0.594686
vt 0.656571 0.743358
vt 0.670863 0.594686
vt 0.670863 0.743358
vt 0.684326 0.594686
vt 0.684326 0.743358
vt 0.696443 0.594686
vt 0.696443 0.743358
vt 0.591823 0.446015
vt 0.602127 0.446015
vt 0.602127 0.594686
vt 0.614243 0.446015
vt 0.627706 0.446015
vt 0.627706 0.594686
vt 0.641999 0.446015
vt 0.656571 0.446015
vt 0.670863 0.446015
vt 0.684327 0.446015
vt 0.684327 0.594686
vt 0.696443 0.446015
vt 0.706747 0.446015
vt 0.706747 0.594686
vt 0.905684 0.297343
vt 0.905684 0.148672
vt 0.917800 0.148672
vt 0.917800 0.297343
vt 0.931263 0.148672
vt 0.931263 0.297343
vt 0.945556 0.148672
vt 0.945556 0.297343
vt 0.960128 0.148672
vt 0.960128 0.297343
vt 0.974420 0.148672
vt 0.974420 0.297343
vt 0.987884 0.148672
vt 0.987884 0.297343
vt 1.000000 0.148672
vt 1.000000 0.297343
vt 0.801063 0.892029
vt 0.801063 0.743358
vt 0.813180 0.743358
vt 0.813180 0.892029
vt 0.826643 0.743358
vt 0.826643 0.892029
vt 0.496266 0.441024
vt 0.482803 0.435447
vt 0.470687 0.427351
vt 0.460382 0.417047
vt 0.452286 0.404931
vt 0.446710 0.391468
vt 0.443867 0.377175
vt 0.443867 0.362603
vt 0.446710 0.348310
vt 0.452286 0.334847
vt 0.460382 0.322731
vt 0.470687 0.312427
vt 0.482803 0.304331
vt 0.496266 0.298754
vt 0.510559 0.295911
vt 0.525131 0.295911
vt 0.539423 0.298754
vt 0.552886 0.304331
vt 0.565003 0.312427
vt 0.575307 0.322731
vt 0.583403 0.334847
vt 0.588980 0.348311
vt 0.591823 0.362603
vt 0.591823 0.377175
vt 0.588980 0.391468
vt 0.583403 0.404931
vt 0.575307 0.417047
vt 0.565003 0.427351
vt 0.552886 0.435447
vt 0.539423 0.441024
vt 0.525131 0.443867
vt 0.510558 0.443867
vt 0.840935 0.743358
vt 0.840935 0.892029
vt 0.131440 0.121136
vt 0.121136 0.131440
vt 0.109019 0.139536
vt 0.095556 0.145113
vt 0.081264 0.147956
vt 0.066692 0.147956
vt 0.052399 0.145113
vt 0.038936 0.139536
vt 0.026820 0.131440
vt 0.016515 0.121136
vt 0.008419 0.109019
vt 0.002843 0.095556
vt -0.000000 0.081264
vt 0.000000 0.066692
vt 0.002843 0.052399
vt 0.008420 0.038936
vt 0.016516 0.026820
vt 0.026820 0.016515
vt 0.038936 0.008420
vt 0.052399 0.002843
vt 0.066692 0.000000
vt 0.081264 0.000000
vt 0.095556 0.002843
vt 0.109019 0.008420
vt 0.121136 0.016516
vt 0.131440 0.026820
vt 0.139536 0.038936
vt 0.145113 0.052399
vt 0.147956 0.066692
vt 0.147956 0.081264
vt 0.145113 0.095556
vt 0.139536 0.109019
vt 0.750887 0.743358
vt 0.750887 0.594686
vt 0.765180 0.594686
vt 0.765180 0.743358
vt 0.778643 0.594686
vt 0.778643 0.743358
vt 0.790759 0.594686
vt 0.790759 0.743358
vt 0.801063 0.594686
vt 0.801063 0.743358
vt 0.000000 0.740494
vt 0.000000 0.591823
vt 0.010304 0.591823
vt 0.010304 0.740494
vt 0.022421 0.591823
vt 0.022421 0.740494
vt 0.035884 0.591823
vt 0.035884 0.740494
vt 0.050176 0.591823
vt 0.050176 0.740494
vt 0.064749 0.591823
vt 0.064749 0.740494
vt 0.079041 0.591823
vt 0.079041 0.740494
vt 0.092504 0.591823
vt 0.092504 0.740494
vt 0.104620 0.591823
vt 0.104620 0.740494
vt 0.114925 0.591823
vt 0.114925 0.740494
vt 0.905684 0.446015
vt 0.917800 0.297343
vt 0.917800 0.446015
vt 0.931263 0.297343
vt 0.931263 0.446015
vt 0.945556 0.297343
vt 0.945556 0.446015
vt 0.960128 0.446015
vt 0.974421 0.297343
vt 0.974421 0.446015
vt 0.987884 0.297343
vt 0.987884 0.446015
vt 1.000000 0.297343
vt 1.000000 0.446015
vt 0.706747 0.148672
vt 0.706747 0.000000
vt 0.717051 0.000000
vt 0.717051 0.148672
vt 0.729168 0.000000
vt 0.729168 0.148672
vt 0.742631 0.000000
vt 0.742631 0.148672
vt 0.756923 0.000000
vt 0.756923 0.148672
vt 0.771496 0.000000
vt 0.771496 0.148672
vt 0.785788 0.000000
vt 0.785788 0.148672
vt 0.799251 0.000000
vt 0.799251 0.148672
vt 0.811368 0.000000
vt 0.811368 0.148672
vt 0.696443 0.743358
vt 0.696443 0.594686
vt 0.708559 0.594686
vt 0.708559 0.743358
vt 0.722022 0.594686
vt 0.722022 0.743358
vt 0.427351 0.121136
vt 0.417047 0.131440
vt 0.404931 0.139536
vt 0.391468 0.145113
vt 0.377175 0.147956
vt 0.362603 0.147956
vt 0.348311 0.145113
vt 0.334847 0.139536
vt 0.322731 0.131440
vt 0.312427 0.121136
vt 0.304331 0.109019
vt 0.298754 0.095556
vt 0.295911 0.081264
vt 0.295911 0.066692
vt 0.298754 0.052399
vt 0.304331 0.038936
vt 0.312427 0.026820
vt 0.322731 0.016516
vt 0.334847 0.008420
vt 0.348311 0.002843
vt 0.362603 0.000000
vt 0.377175 0.000000
vt 0.391468 0.002843
vt 0.404931 0.008420
vt 0.417047 0.016515
vt 0.427351 0.026820
vt 0.435447 0.038936
vt 0.441024 0.052399
vt 0.443867 0.066692
vt 0.443867 0.081264
vt 0.441024 0.095556
vt 0.435447 0.109019
vt 0.736315 0.594686
vt 0.736315 0.743358
vt 0.312427 0.417047
vt 0.304331 0.404931
vt 0.298754 0.391468
vt 0.295911 0.377175
vt 0.295911 0.362603
vt 0.298754 0.348311
vt 0.304331 0.334847
vt 0.312427 0.322731
vt 0.322731 0.312427
vt 0.334847 0.304331
vt 0.348311 0.298754
vt 0.362603 0.295911
vt 0.377175 0.295911
vt 0.391468 0.298754
vt 0.404931 0.304331
vt 0.417047 0.312427
vt 0.427351 0.322731
vt 0.435447 0.334847
vt 0.441024 0.348311
vt 0.443867 0.362603
vt 0.443867 0.377175
vt 0.441024 0.391468
vt 0.435447 0.404931
vt 0.427351 0.417047
vt 0.417047 0.427351
vt 0.404931 0.435447
vt 0.391468 0.441024
vt 0.377175 0.443867
vt 0.362603 0.443867
vt 0.348311 0.441024
vt 0.334847 0.435447
vt 0.322731 0.427351
vt 0.472926 0.889166
vt 0.472926 0.740494
vt 0.487218 0.740494
vt 0.487218 0.889166
vt 0.500682 0.740494
vt 0.500682 0.889166
vt 0.512798 0.740494
vt 0.512798 0.889166
vt 0.523102 0.740494
vt 0.523102 0.889166
vt 0.591823 0.148672
vt 0.591823 0.000000
vt 0.602127 0.000000
vt 0.602127 0.148672
vt 0.614243 0.000000
vt 0.614243 0.148672
vt 0.627706 0.000000
vt 0.627706 0.148672
vt 0.641999 0.000000
vt 0.641999 0.148672
vt 0.656571 0.000000
vt 0.656571 0.148672
vt 0.670863 0.000000
vt 0.670863 0.148672
vt 0.684327 0.000000
vt 0.684327 0.148672
vt 0.696443 0.000000
vt 0.696443 0.148672
vt 0.706747 0.000000
vt 0.706747 0.148672
vt 0.905684 0.743358
vt 0.905684 0.594686
vt 0.917800 0.594686
vt 0.917800 0.743358
vt 0.931263 0.594686
vt 0.931263 0.743358
vt 0.945556 0.594686
vt 0.945556 0.743358
vt 0.960128 0.594686
vt 0.960128 0.743358
vt 0.974420 0.594686
vt 0.974420 0.743358
vt 0.987884 0.594686
vt 0.987884 0.743358
vt 1.000000 0.594686
vt 1.000000 0.743358
vt 0.717051 0.148672
vt 0.717051 0.297343
vt 0.729168 0.148672
vt 0.729168 0.297343
vt 0.742631 0.148672
vt 0.742631 0.297343
vt 0.756923 0.148672
vt 0.756923 0.297343
vt 0.771496 0.148672
vt 0.771496 0.297343
vt 0.785788 0.148672
vt 0.785788 0.297343
vt 0.799251 0.148672
vt 0.799251 0.297343
vt 0.811368 0.148672
vt 0.430598 0.740494
vt 0.430598 0.889166
vt 0.444061 0.740494
vt 0.444061 0.889166
vt 0.139536 0.404931
vt 0.131440 0.417047
vt 0.121136 0.427351
vt 0.109019 0.435447
vt 0.095556 0.441024
vt 0.081264 0.443867
vt 0.066692 0.443867
vt 0.052399 0.441024
vt 0.038936 0.435447
vt 0.026820 0.427351
vt 0.016516 0.417047
vt 0.008420 0.404931
vt 0.002843 0.391468
vt 0.000000 0.377175
vt 0.000000 0.362603
vt 0.002843 0.348311
vt 0.008420 0.334847
vt 0.016516 0.322731
vt 0.026820 0.312427
vt 0.038936 0.304331
vt 0.052399 0.298754
vt 0.066692 0.295911
vt 0.081264 0.295911
vt 0.095556 0.298754
vt 0.109019 0.304331
vt 0.121136 0.312427
vt 0.131440 0.322731
vt 0.139536 0.334847
vt 0.145113 0.348311
vt 0.147956 0.362603
vt 0.147956 0.377175
vt 0.145113 0.391468
vt 0.458354 0.740494
vt 0.458354 0.889166
vt 0.441024 0.243512
vt 0.435447 0.256975
vt 0.427351 0.269092
vt 0.417047 0.279396
vt 0.404931 0.287492
vt 0.391468 0.293068
vt 0.377175 0.295911
vt 0.362603 0.295911
vt 0.348311 0.293068
vt 0.334847 0.287492
vt 0.322731 0.279396
vt 0.312427 0.269092
vt 0.304331 0.256975
vt 0.298754 0.243512
vt 0.295911 0.229220
vt 0.295911 0.214647
vt 0.298754 0.200355
vt 0.304331 0.186892
vt 0.312427 0.174775
vt 0.322731 0.164471
vt 0.334847 0.156375
vt 0.348311 0.150799
vt 0.362603 0.147956
vt 0.377175 0.147956
vt 0.391468 0.150799
vt 0.404931 0.156375
vt 0.417047 0.164471
vt 0.427351 0.174775
vt 0.435447 0.186892
vt 0.441024 0.200355
vt 0.443867 0.214647
vt 0.443867 0.229220
vt 0.761191 0.446015
vt 0.761191 0.297343
vt 0.775484 0.297343
vt 0.775484 0.446015
vt 0.788947 0.297343
vt 0.788947 0.446015
vt 0.801063 0.297343
vt 0.801063 0.446015
vt 0.125229 0.591823
vt 0.125229 0.740494
vt 0.137345 0.591823
vt 0.137345 0.740494
vt 0.150808 0.591823
vt 0.150808 0.740494
vt 0.165101 0.591823
vt 0.165101 0.740494
vt 0.179673 0.591823
vt 0.179673 0.740494
vt 0.193966 0.591823
vt 0.193966 0.740494
vt 0.207429 0.591823
vt 0.207429 0.740494
vt 0.219545 0.591823
vt 0.219545 0.740494
vt 0.229849 0.591823
vt 0.229849 0.740494
vt 0.865812 0.446015
vt 0.880104 0.446015
vt 0.591822 0.892029
vt 0.591822 0.743358
vt 0.602127 0.743358
vt 0.602127 0.892029
vt 0.614243 0.743358
vt 0.614243 0.892029
vt 0.627706 0.892029
vt 0.641999 0.743358
vt 0.641999 0.892029
vt 0.656571 0.743358
vt 0.656571 0.892029
vt 0.670863 0.743358
vt 0.670863 0.892029
vt 0.684326 0.892029
vt 0.696443 0.743358
vt 0.696443 0.892029
vt 0.706747 0.446015
vt 0.718864 0.297343
vt 0.718864 0.446015
vt 0.732327 0.297343
vt 0.732327 0.446015
vt 0.298754 0.539423
vt 0.295911 0.525131
vt 0.295911 0.510559
vt 0.298754 0.496266
vt 0.304331 0.482803
vt 0.312427 0.470687
vt 0.322731 0.460382
vt 0.334847 0.452286
vt 0.348311 0.446710
vt 0.362603 0.443867
vt 0.377175 0.443867
vt 0.391468 0.446710
vt 0.404931 0.452286
vt 0.417047 0.460382
vt 0.427351 0.470687
vt 0.435447 0.482803
vt 0.441024 0.496266
vt 0.443867 0.510558
vt 0.443867 0.525131
vt 0.441024 0.539423
vt 0.435447 0.552886
vt 0.427351 0.565003
vt 0.417047 0.575307
vt 0.404931 0.583403
vt 0.391468 0.588980
vt 0.377175 0.591823
vt 0.362603 0.591823
vt 0.348311 0.588980
vt 0.334847 0.583403
vt 0.322731 0.575307
vt 0.312427 0.565003
vt 0.304331 0.552886
vt 0.746619 0.297343
vt 0.746619 0.446015
vt 0.525131 0.591823
vt 0.510559 0.591823
vt 0.496266 0.588980
vt 0.482803 0.583403
vt 0.470687 0.575307
vt 0.460382 0.565003
vt 0.452286 0.552886
vt 0.446710 0.539423
vt 0.443867 0.525131
vt 0.443867 0.510559
vt 0.446710 0.496266
vt 0.452286 0.482803
vt 0.460382 0.470687
vt 0.470687 0.460382
vt 0.482803 0.452286
vt 0.496266 0.446710
vt 0.510558 0.443867
vt 0.525131 0.443867
vt 0.539423 0.446710
vt 0.552886 0.452286
vt 0.565003 0.460382
vt 0.575307 0.470687
vt 0.583403 0.482803
vt 0.588980 0.496266
vt 0.591823 0.510559
vt 0.591823 0.525131
vt 0.588980 0.539423
vt 0.583403 0.552886
vt 0.575307 0.565003
vt 0.565003 0.575307
vt 0.552886 0.583403
vt 0.539423 0.588980
vt 0.865812 0.148672
vt 0.865812 0.000000
vt 0.880104 0.000000
vt 0.880104 0.148672
vt 0.893567 0.000000
vt 0.893567 0.148672
vt 0.905684 0.000000
vt 0.905684 0.148672
vt 0.915988 0.000000
vt 0.915988 0.148672
vt 0.706747 0.743358
vt 0.706747 0.892029
vt 0.718864 0.743358
vt 0.718864 0.892029
vt 0.732327 0.743358
vt 0.732327 0.892029
vt 0.746619 0.743358
vt 0.746619 0.892029
vt 0.761191 0.743358
vt 0.761191 0.892029
vt 0.775484 0.743358
vt 0.775484 0.892029
vt 0.788947 0.743358
vt 0.788947 0.892029
vt 0.801063 0.892029
vt 0.229849 0.740494
vt 0.229849 0.591823
vt 0.240153 0.591823
vt 0.240153 0.740494
vt 0.252270 0.591823
vt 0.252270 0.740494
vt 0.265733 0.591823
vt 0.265733 0.740494
vt 0.280025 0.591823
vt 0.280025 0.740494
vt 0.294598 0.591823
vt 0.294598 0.740494
vt 0.308890 0.591823
vt 0.308890 0.740494
vt 0.322353 0.591823
vt 0.322353 0.740494
vt 0.334470 0.591823
vt 0.334470 0.740494
vt 0.917800 0.446015
vt 0.931263 0.594686
vt 0.945556 0.594686
vt 0.974420 0.446015
vt 0.987884 0.594686
vt 1.000000 0.594686
vt 0.811368 0.148672
vt 0.811368 0.000000
vt 0.823484 0.000000
vt 0.823484 0.148672
vt 0.836947 0.000000
vt 0.836947 0.148672
vt 0.026820 0.575307
vt 0.016515 0.565003
vt 0.008420 0.552886
vt 0.002843 0.539423
vt -0.000000 0.525131
vt -0.000000 0.510559
vt 0.002843 0.496266
vt 0.008419 0.482803
vt 0.016515 0.470687
vt 0.026820 0.460382
vt 0.038936 0.452286
vt 0.052399 0.446710
vt 0.066692 0.443867
vt 0.081264 0.443867
vt 0.095556 0.446710
vt 0.109019 0.452286
vt 0.121136 0.460382
vt 0.131440 0.470687
vt 0.139536 0.482803
vt 0.145113 0.496266
vt 0.147956 0.510558
vt 0.147956 0.525131
vt 0.145113 0.539423
vt 0.139536 0.552886
vt 0.131440 0.565003
vt 0.121136 0.575307
vt 0.109019 0.583403
vt 0.095556 0.588980
vt 0.081264 0.591823
vt 0.066692 0.591823
vt 0.052399 0.588980
vt 0.038936 0.583403
vt 0.851240 0.000000
vt 0.851240 0.148672
vt 0.460382 0.121136
vt 0.452286 0.109019
vt 0.446710 0.095556
vt 0.443867 0.081264
vt 0.446710 0.052399
vt 0.452286 0.038936
vt 0.460382 0.026820
vt 0.470687 0.016516
vt 0.482803 0.008420
vt 0.496266 0.002843
vt 0.510559 0.000000
vt 0.525131 0.000000
vt 0.539423 0.002843
vt 0.552886 0.008420
vt 0.565003 0.016516
vt 0.575307 0.026820
vt 0.583403 0.038936
vt 0.588980 0.052399
vt 0.591823 0.066692
vt 0.591823 0.081264
vt 0.588980 0.095556
vt 0.583403 0.109019
vt 0.575307 0.121136
vt 0.565003 0.131440
vt 0.552886 0.139536
vt 0.539423 0.145113
vt 0.525131 0.147956
vt 0.510559 0.147956
vt 0.496266 0.145113
vt 0.482803 0.139536
vt 0.470687 0.131440
vt 0.855508 0.743358
vt 0.855508 0.594686
vt 0.869800 0.594686
vt 0.869800 0.743358
vt 0.883263 0.594686
vt 0.883263 0.743358
vt 0.895380 0.594686
vt 0.895380 0.743358
vt 0.905684 0.594686
vt 0.905684 0.743358
vt 0.717051 0.446015
vt 0.717051 0.594686
vt 0.729168 0.446015
vt 0.729168 0.594686
vt 0.742631 0.446015
vt 0.742631 0.594686
vt 0.756923 0.446015
vt 0.756923 0.594686
vt 0.771496 0.446015
vt 0.771496 0.594686
vt 0.785788 0.446015
vt 0.785788 0.594686
vt 0.799251 0.446015
vt 0.799251 0.594686
vt 0.811368 0.446015
vt 0.811368 0.594686
vt 0.000000 0.889166
vt 0.010304 0.740494
vt 0.010304 0.889166
vt 0.022421 0.740494
vt 0.022421 0.889166
vt 0.035884 0.740494
vt 0.035884 0.889166
vt 0.050176 0.740494
vt 0.050176 0.889166
vt 0.064748 0.740494
vt 0.064748 0.889166
vt 0.079041 0.740494
vt 0.079041 0.889166
vt 0.092504 0.740494
vt 0.092504 0.889166
vt 0.104620 0.740494
vt 0.104620 0.889166
vt 0.104620 0.889166
vt 0.104620 0.740494
vt 0.114925 0.740494
vt 0.114925 0.889166
vt 0.127041 0.740494
vt 0.127041 0.889166
vt 0.140504 0.740494
vt 0.140504 0.889166
vt 0.154797 0.740494
vt 0.154797 0.889166
vt 0.169369 0.740494
vt 0.169369 0.889166
vt 0.183661 0.740494
vt 0.183661 0.889166
vt 0.197124 0.740494
vt 0.197124 0.889166
vt 0.209241 0.740494
vt 0.209241 0.889166
vt 0.801063 0.743358
vt 0.801063 0.594686
vt 0.813180 0.594686
vt 0.813180 0.743358
vt 0.826643 0.594686
vt 0.826643 0.743358
vt 0.174775 0.279396
vt 0.164471 0.269092
vt 0.156375 0.256975
vt 0.150799 0.243512
vt 0.147956 0.229220
vt 0.147956 0.214647
vt 0.150799 0.200355
vt 0.156375 0.186892
vt 0.164471 0.174775
vt 0.174775 0.164471
vt 0.186892 0.156375
vt 0.200355 0.150799
vt 0.214647 0.147956
vt 0.229220 0.147956
vt 0.243512 0.150799
vt 0.256975 0.156375
vt 0.269092 0.164471
vt 0.279396 0.174775
vt 0.287492 0.186892
vt 0.293068 0.200355
vt 0.295911 0.214647
vt 0.295911 0.229220
vt 0.293068 0.243512
vt 0.287492 0.256975
vt 0.279396 0.269092
vt 0.269092 0.279396
vt 0.256975 0.287492
vt 0.243512 0.293068
vt 0.229220 0.295911
vt 0.214647 0.295911
vt 0.200355 0.293068
vt 0.186892 0.287492
vt 0.840935 0.594686
vt 0.840935 0.743358
vt 0.174775 0.427351
vt 0.164471 0.417047
vt 0.156375 0.404931
vt 0.150799 0.391468
vt 0.147956 0.377175
vt 0.147956 0.362603
vt 0.150799 0.348311
vt 0.156375 0.334848
vt 0.164471 0.322731
vt 0.174775 0.312427
vt 0.186892 0.304331
vt 0.200355 0.298754
vt 0.214647 0.295911
vt 0.229220 0.295911
vt 0.243512 0.298754
vt 0.256975 0.304331
vt 0.269091 0.312427
vt 0.279396 0.322731
vt 0.287492 0.334847
vt 0.293068 0.348311
vt 0.295911 0.362603
vt 0.295911 0.377175
vt 0.293068 0.391468
vt 0.287492 0.404931
vt 0.279396 0.417047
vt 0.269092 0.427351
vt 0.256975 0.435447
vt 0.243512 0.441024
vt 0.229220 0.443867
vt 0.214647 0.443867
vt 0.200355 0.441024
vt 0.186892 0.435447
s 1
usemtl NubeB.001
f 1/1/1 2/2/1 4/3/1 3/4/1
f 3/4/2 4/3/2 6/5/2 5/6/2
f 5/6/3 6/5/3 8/7/3 7/8/3
f 7/8/4 8/7/4 10/9/4 9/10/4
f 9/11/5 10/12/5 12/13/5 11/14/5
f 11/14/6 12/13/6 14/15/6 13/16/6
f 13/16/7 14/15/7 16/17/7 15/18/7
f 15/18/8 16/17/8 18/19/8 17/20/8
f 17/20/9 18/19/9 20/21/9 19/22/9
f 19/22/10 20/21/10 22/23/10 21/24/10
f 21/24/11 22/23/11 24/25/11 23/26/11
f 23/26/12 24/25/12 26/27/12 25/28/12
f 25/28/13 26/27/13 28/29/13 27/30/13
f 27/10/14 28/9/14 30/31/14 29/32/14
f 29/32/15 30/31/15 32/33/15 31/34/15
f 31/34/16 32/33/16 34/35/16 33/36/16
f 33/36/17 34/35/17 36/37/17 35/38/17
f 35/38/18 36/37/18 38/39/18 37/40/18
f 37/40/19 38/39/19 40/41/19 39/42/19
f 39/42/20 40/41/20 42/43/20 41/44/20
f 41/44/21 42/43/21 44/45/21 43/46/21
f 43/47/22 44/48/22 46/49/22 45/50/22
f 45/50/23 46/49/23 48/51/23 47/52/23
f 47/52/24 48/51/24 50/53/24 49/54/24
f 49/54/25 50/53/25 52/55/25 51/56/25
f 51/56/26 52/55/26 54/57/26 53/58/26
f 53/58/27 54/57/27 56/59/27 55/60/27
f 55/60/28 56/59/28 58/61/28 57/62/28
f 57/63/29 58/64/29 60/65/29 59/66/29
f 59/66/30 60/65/30 62/67/30 61/68/30
f 4/69/31 2/70/31 64/71/31 62/72/31 60/73/31 58/74/31 56/75/31 54/76/31 52/77/31 50/78/31 48/79/31 46/80/31 44/81/31 42/82/31 40/83/31 38/84/31 36/85/31 34/86/31 32/87/31 30/88/31 28/89/31 26/90/31 24/91/31 22/92/31 20/93/31 18/94/31 16/95/31 14/96/31 12/97/31 10/98/31 8/99/31 6/100/31
f 61/68/32 62/67/32 64/101/32 63/102/32
f 63/102/33 64/101/33 2/2/33 1/1/33
f 1/103/34 3/104/34 5/105/34 7/106/34 9/107/34 11/108/34 13/109/34 15/110/34 17/111/34 19/112/34 21/113/34 23/114/34 25/115/34 27/116/34 29/117/34 31/118/34 33/119/34 35/120/34 37/121/34 39/122/34 41/123/34 43/124/34 45/125/34 47/126/34 49/127/34 51/128/34 53/129/34 55/130/34 57/131/34 59/132/34 61/133/34 63/134/34
f 65/135/1 66/136/1 68/137/1 67/138/1
f 67/138/2 68/137/2 70/139/2 69/140/2
f 69/140/3 70/139/3 72/141/3 71/142/3
f 71/142/4 72/141/4 74/143/4 73/144/4
f 73/145/5 74/11/5 76/14/5 75/146/5
f 75/146/6 76/14/6 78/16/6 77/147/6
f 77/147/7 78/16/7 80/18/7 79/148/7
f 79/148/8 80/18/8 82/20/8 81/149/8
f 81/149/9 82/20/9 84/22/9 83/150/9
f 83/150/10 84/22/10 86/24/10 85/151/10
f 85/151/11 86/24/11 88/26/11 87/152/11
f 87/152/12 88/26/12 90/28/12 89/153/12
f 89/153/13 90/28/13 92/30/13 91/154/13
f 91/155/14 92/156/14 94/157/14 93/158/14
f 93/158/15 94/157/15 96/159/15 95/160/15
f 95/160/16 96/159/16 98/161/16 97/162/16
f 97/162/17 98/161/17 100/163/17 99/164/17
f 99/164/18 100/163/18 102/165/18 101/166/18
f 101/166/19 102/165/19 104/167/19 103/168/19
f 103/168/20 104/167/20 106/169/20 105/170/20
f 105/171/21 106/172/21 108/173/21 107/174/21
f 107/174/22 108/173/22 110/175/22 109/176/22
f 109/176/23 110/175/23 112/177/23 111/178/23
f 111/178/24 112/177/24 114/179/24 113/180/24
f 113/180/25 114/179/25 116/181/25 115/182/25
f 115/182/26 116/181/26 118/183/26 117/184/26
f 117/184/27 118/183/27 120/185/27 119/186/27
f 119/186/28 120/185/28 122/187/28 121/188/28
f 121/189/29 122/190/29 124/191/29 123/192/29
f 123/192/30 124/191/30 126/193/30 125/194/30
f 68/195/31 66/196/31 128/197/31 126/198/31 124/199/31 122/200/31 120/201/31 118/202/31 116/203/31 114/204/31 112/205/31 110/206/31 108/207/31 106/208/31 104/209/31 102/210/31 100/211/31 98/212/31 96/213/31 94/214/31 92/215/31 90/216/31 88/217/31 86/218/31 84/219/31 82/220/31 80/221/31 78/222/31 76/223/31 74/224/31 72/225/31 70/226/31
f 125/194/32 126/193/32 128/227/32 127/228/32
f 127/228/33 128/227/33 66/136/33 65/135/33
f 65/229/34 67/230/34 69/231/34 71/232/34 73/233/34 75/234/34 77/235/34 79/236/34 81/237/34 83/238/34 85/239/34 87/240/34 89/241/34 91/242/34 93/243/34 95/244/34 97/245/34 99/246/34 101/247/34 103/248/34 105/249/34 107/250/34 109/251/34 111/252/34 113/253/34 115/254/34 117/255/34 119/256/34 121/257/34 123/258/34 125/259/34 127/260/34
f 129/261/1 130/262/1 132/263/1 131/264/1
f 131/264/2 132/263/2 134/265/2 133/266/2
f 133/266/3 134/265/3 136/267/3 135/268/3
f 135/268/4 136/267/4 138/269/4 137/270/4
f 137/271/5 138/272/5 140/273/5 139/274/5
f 139/274/6 140/273/6 142/275/6 141/276/6
f 141/276/7 142/275/7 144/277/7 143/278/7
f 143/278/8 144/277/8 146/279/8 145/280/8
f 145/280/9 146/279/9 148/281/9 147/282/9
f 147/282/10 148/281/10 150/283/10 149/284/10
f 149/284/11 150/283/11 152/285/11 151/286/11
f 151/286/12 152/285/12 154/287/12 153/288/12
f 153/272/13 154/289/13 156/290/13 155/291/13
f 155/291/14 156/290/14 158/292/14 157/275/14
f 157/275/15 158/292/15 160/293/15 159/294/15
f 159/294/16 160/293/16 162/295/16 161/279/16
f 161/279/17 162/295/17 164/296/17 163/281/17
f 163/281/18 164/296/18 166/297/18 165/283/18
f 165/283/19 166/297/19 168/298/19 167/299/19
f 167/299/20 168/298/20 170/300/20 169/287/20
f 169/287/21 170/300/21 172/301/21 171/302/21
f 171/303/22 172/304/22 174/305/22 173/306/22
f 173/306/23 174/305/23 176/307/23 175/308/23
f 175/308/24 176/307/24 178/309/24 177/310/24
f 177/310/25 178/309/25 180/311/25 179/312/25
f 179/312/26 180/311/26 182/313/26 181/314/26
f 181/314/27 182/313/27 184/315/27 183/316/27
f 183/316/28 184/315/28 186/317/28 185/318/28
f 185/319/29 186/320/29 188/321/29 187/322/29
f 187/322/30 188/321/30 190/323/30 189/324/30
f 132/325/31 130/326/31 192/327/31 190/328/31 188/329/31 186/330/31 184/331/31 182/332/31 180/333/31 178/334/31 176/335/31 174/336/31 172/337/31 170/338/31 168/339/31 166/340/31 164/341/31 162/342/31 160/343/31 158/344/31 156/345/31 154/346/31 152/347/31 150/348/31 148/349/31 146/350/31 144/351/31 142/352/31 140/353/31 138/354/31 136/355/31 134/356/31
f 189/324/32 190/323/32 192/357/32 191/358/32
f 191/358/33 192/357/33 130/262/33 129/261/33
f 129/359/34 131/360/34 133/361/34 135/362/34 137/363/34 139/364/34 141/365/34 143/366/34 145/367/34 147/368/34 149/369/34 151/370/34 153/371/34 155/372/34 157/373/34 159/374/34 161/375/34 163/376/34 165/377/34 167/378/34 169/379/34 171/380/34 173/381/34 175/382/34 177/383/34 179/384/34 181/385/34 183/386/34 185/387/34 187/388/34 189/389/34 191/390/34
f 193/391/1 194/392/1 196/393/1 195/394/1
f 195/394/2 196/393/2 198/395/2 197/396/2
f 197/396/3 198/395/3 200/397/3 199/398/3
f 199/398/4 200/397/4 202/399/4 201/400/4
f 201/401/5 202/402/5 204/403/5 203/404/5
f 203/404/6 204/403/6 206/405/6 205/406/6
f 205/406/7 206/405/7 208/407/7 207/408/7
f 207/408/8 208/407/8 210/409/8 209/410/8
f 209/410/9 210/409/9 212/411/9 211/412/9
f 211/412/10 212/411/10 214/413/10 213/414/10
f 213/414/11 214/413/11 216/415/11 215/416/11
f 215/416/12 216/415/12 218/417/12 217/418/12
f 217/418/13 218/417/13 220/419/13 219/420/13
f 219/421/14 220/170/14 222/422/14 221/423/14
f 221/423/15 222/422/15 224/424/15 223/425/15
f 223/425/16 224/424/16 226/426/16 225/427/16
f 225/427/17 226/426/17 228/312/17 227/428/17
f 227/428/18 228/312/18 230/429/18 229/430/18
f 229/430/19 230/429/19 232/431/19 231/432/19
f 231/432/20 232/431/20 234/433/20 233/434/20
f 233/435/21 234/436/21 236/437/21 235/438/21
f 235/438/22 236/437/22 238/439/22 237/440/22
f 237/440/23 238/439/23 240/441/23 239/442/23
f 239/442/24 240/441/24 242/443/24 241/444/24
f 241/444/25 242/443/25 244/445/25 243/446/25
f 243/446/26 244/445/26 246/447/26 245/448/26
f 245/448/27 246/447/27 248/449/27 247/450/27
f 247/450/28 248/449/28 250/451/28 249/452/28
f 249/453/29 250/454/29 252/455/29 251/456/29
f 251/456/30 252/455/30 254/457/30 253/458/30
f 196/459/31 194/460/31 256/461/31 254/462/31 252/463/31 250/464/31 248/465/31 246/466/31 244/467/31 242/468/31 240/469/31 238/470/31 236/471/31 234/472/31 232/473/31 230/474/31 228/475/31 226/476/31 224/477/31 222/478/31 220/479/31 218/480/31 216/481/31 214/482/31 212/483/31 210/484/31 208/485/31 206/486/31 204/487/31 202/488/31 200/489/31 198/490/31
f 253/458/32 254/457/32 256/491/32 255/492/32
f 255/492/33 256/491/33 194/392/33 193/391/33
f 193/493/34 195/494/34 197/495/34 199/496/34 201/497/34 203/498/34 205/499/34 207/500/34 209/501/34 211/502/34 213/503/34 215/504/34 217/505/34 219/506/34 221/507/34 223/508/34 225/509/34 227/510/34 229/511/34 231/512/34 233/513/34 235/514/34 237/515/34 239/516/34 241/517/34 243/518/34 245/519/34 247/520/34 249/521/34 251/522/34 253/523/34 255/524/34
f 257/525/1 258/526/1 260/527/1 259/528/1
f 259/528/2 260/527/2 262/529/2 261/530/2
f 261/530/3 262/529/3 264/531/3 263/532/3
f 263/532/4 264/531/4 266/533/4 265/534/4
f 265/535/5 266/536/5 268/537/5 267/538/5
f 267/538/6 268/537/6 270/539/6 269/540/6
f 269/540/7 270/539/7 272/541/7 271/542/7
f 271/542/8 272/541/8 274/543/8 273/544/8
f 273/544/9 274/543/9 276/545/9 275/546/9
f 275/546/10 276/545/10 278/547/10 277/548/10
f 277/548/11 278/547/11 280/549/11 279/550/11
f 279/550/12 280/549/12 282/551/12 281/552/12
f 281/552/13 282/551/13 284/553/13 283/554/13
f 283/555/14 284/556/14 286/557/14 285/558/14
f 285/558/15 286/557/15 288/559/15 287/560/15
f 287/560/16 288/559/16 290/561/16 289/562/16
f 289/562/17 290/561/17 292/563/17 291/564/17
f 291/564/18 292/563/18 294/565/18 293/566/18
f 293/566/19 294/565/19 296/567/19 295/568/19
f 295/568/20 296/567/20 298/569/20 297/570/20
f 297/30/21 298/29/21 300/571/21 299/572/21
f 299/572/22 300/571/22 302/573/22 301/574/22
f 301/574/23 302/573/23 304/575/23 303/576/23
f 303/576/24 304/575/24 306/577/24 305/578/24
f 305/578/25 306/577/25 308/579/25 307/580/25
f 307/580/26 308/579/26 310/581/26 309/582/26
f 309/582/27 310/581/27 312/583/27 311/584/27
f 311/584/28 312/583/28 314/585/28 313/155/28
f 313/46/29 314/45/29 316/586/29 315/587/29
f 315/587/30 316/586/30 318/588/30 317/589/30
f 260/590/31 258/591/31 320/592/31 318/593/31 316/594/31 314/595/31 312/596/31 310/597/31 308/598/31 306/599/31 304/600/31 302/601/31 300/602/31 298/603/31 296/604/31 294/605/31 292/606/31 290/607/31 288/608/31 286/609/31 284/610/31 282/611/31 280/612/31 278/613/31 276/614/31 274/615/31 272/616/31 270/617/31 268/618/31 266/619/31 264/620/31 262/621/31
f 317/589/32 318/588/32 320/622/32 319/623/32
f 319/623/33 320/622/33 258/526/33 257/525/33
f 257/624/34 259/625/34 261/626/34 263/627/34 265/628/34 267/629/34 269/630/34 271/631/34 273/632/34 275/633/34 277/634/34 279/635/34 281/636/34 283/637/34 285/638/34 287/639/34 289/640/34 291/641/34 293/642/34 295/643/34 297/644/34 299/645/34 301/646/34 303/647/34 305/648/34 307/649/34 309/650/34 311/651/34 313/652/34 315/653/34 317/654/34 319/655/34
f 321/656/1 322/657/1 324/658/1 323/659/1
f 323/659/2 324/658/2 326/660/2 325/661/2
f 325/661/3 326/660/3 328/662/3 327/663/3
f 327/663/4 328/662/4 330/155/4 329/48/4
f 329/420/5 330/419/5 332/664/5 331/665/5
f 331/665/6 332/664/6 334/666/6 333/667/6
f 333/667/7 334/666/7 336/668/7 335/669/7
f 335/669/8 336/668/8 338/670/8 337/671/8
f 337/671/9 338/670/9 340/672/9 339/673/9
f 339/673/10 340/672/10 342/674/10 341/675/10
f 341/675/11 342/674/11 344/676/11 343/677/11
f 343/677/12 344/676/12 346/678/12 345/679/12
f 345/679/13 346/678/13 348/680/13 347/681/13
f 347/48/14 348/155/14 350/158/14 349/49/14
f 349/49/15 350/158/15 352/160/15 351/51/15
f 351/51/16 352/160/16 354/162/16 353/53/16
f 353/53/17 354/162/17 356/164/17 355/682/17
f 355/682/18 356/164/18 358/166/18 357/683/18
f 357/683/19 358/166/19 360/168/19 359/59/19
f 359/59/20 360/168/20 362/170/20 361/61/20
f 361/684/21 362/685/21 364/686/21 363/687/21
f 363/687/22 364/686/22 366/688/22 365/689/22
f 365/689/23 366/688/23 368/278/23 367/690/23
f 367/690/24 368/278/24 370/691/24 369/692/24
f 369/692/25 370/691/25 372/693/25 371/694/25
f 371/694/26 372/693/26 374/695/26 373/696/26
f 373/696/27 374/695/27 376/286/27 375/697/27
f 375/697/28 376/286/28 378/698/28 377/699/28
f 377/700/29 378/30/29 380/701/29 379/702/29
f 379/702/30 380/701/30 382/703/30 381/704/30
f 324/705/31 322/706/31 384/707/31 382/708/31 380/709/31 378/710/31 376/711/31 374/712/31 372/713/31 370/714/31 368/715/31 366/716/31 364/717/31 362/718/31 360/719/31 358/720/31 356/721/31 354/722/31 352/723/31 350/724/31 348/725/31 346/726/31 344/727/31 342/728/31 340/729/31 338/730/31 336/731/31 334/732/31 332/733/31 330/734/31 328/735/31 326/736/31
f 381/704/32 382/703/32 384/737/32 383/738/32
f 383/738/33 384/737/33 322/657/33 321/656/33
f 321/739/34 323/740/34 325/741/34 327/742/34 329/743/34 331/744/34 333/745/34 335/746/34 337/747/34 339/748/34 341/749/34 343/750/34 345/751/34 347/752/34 349/753/34 351/754/34 353/755/34 355/756/34 357/757/34 359/758/34 361/759/34 363/760/34 365/761/34 367/762/34 369/763/34 371/764/34 373/765/34 375/766/34 377/767/34 379/768/34 381/769/34 383/770/34
f 385/771/1 386/772/1 388/773/1 387/774/1
f 387/774/2 388/773/2 390/775/2 389/776/2
f 389/776/3 390/775/3 392/777/3 391/778/3
f 391/778/4 392/777/4 394/779/4 393/780/4
f 393/699/5 394/453/5 396/781/5 395/782/5
f 395/782/6 396/781/6 398/783/6 397/784/6
f 397/784/7 398/783/7 400/785/7 399/786/7
f 399/786/8 400/785/8 402/787/8 401/788/8
f 401/788/9 402/787/9 404/789/9 403/790/9
f 403/790/10 404/789/10 406/791/10 405/792/10
f 405/792/11 406/791/11 408/793/11 407/794/11
f 407/794/12 408/793/12 410/400/12 409/795/12
f 409/796/13 410/797/13 412/798/13 411/799/13
f 411/799/14 412/798/14 414/800/14 413/801/14
f 413/801/15 414/800/15 416/802/15 415/803/15
f 415/803/16 416/802/16 418/804/16 417/805/16
f 417/805/17 418/804/17 420/806/17 419/807/17
f 419/807/18 420/806/18 422/808/18 421/809/18
f 421/809/19 422/808/19 424/810/19 423/811/19
f 423/811/20 424/810/20 426/812/20 425/813/20
f 425/813/21 426/812/21 428/190/21 427/189/21
f 427/62/22 428/421/22 430/814/22 429/557/22
f 429/557/23 430/814/23 432/425/23 431/815/23
f 431/815/24 432/425/24 434/427/24 433/816/24
f 433/816/25 434/427/25 436/428/25 435/563/25
f 435/563/26 436/428/26 438/817/26 437/565/26
f 437/565/27 438/817/27 440/432/27 439/818/27
f 439/818/28 440/432/28 442/434/28 441/819/28
f 441/820/29 442/821/29 444/822/29 443/823/29
f 443/823/30 444/822/30 446/824/30 445/825/30
f 388/826/31 386/827/31 448/828/31 446/829/31 444/830/31 442/831/31 440/832/31 438/833/31 436/834/31 434/835/31 432/836/31 430/837/31 428/838/31 426/839/31 424/840/31 422/841/31 420/842/31 418/843/31 416/844/31 414/845/31 412/846/31 410/847/31 408/848/31 406/849/31 404/850/31 402/851/31 400/852/31 398/853/31 396/854/31 394/855/31 392/856/31 390/857/31
f 445/825/32 446/824/32 448/858/32 447/859/32
f 447/859/33 448/858/33 386/772/33 385/771/33
f 385/860/34 387/861/34 389/862/34 391/863/34 393/487/34 395/864/34 397/865/34 399/866/34 401/867/34 403/868/34 405/869/34 407/870/34 409/871/34 411/872/34 413/873/34 415/874/34 417/875/34 419/876/34 421/877/34 423/878/34 425/879/34 427/880/34 429/881/34 431/882/34 433/883/34 435/884/34 437/885/34 439/886/34 441/887/34 443/888/34 445/889/34 447/890/34
f 449/891/1 450/892/1 452/893/1 451/894/1
f 451/894/2 452/893/2 454/895/2 453/896/2
f 453/896/3 454/895/3 456/897/3 455/898/3
f 455/898/4 456/897/4 458/899/4 457/900/4
f 457/302/5 458/700/5 460/901/5 459/902/5
f 459/902/6 460/901/6 462/903/6 461/904/6
f 461/904/7 462/903/7 464/905/7 463/906/7
f 463/906/8 464/905/8 466/907/8 465/908/8
f 465/908/9 466/907/9 468/909/9 467/910/9
f 467/910/10 468/909/10 470/911/10 469/912/10
f 469/912/11 470/911/11 472/913/11 471/914/11
f 471/914/12 472/913/12 474/915/12 473/916/12
f 473/917/13 474/401/13 476/918/13 475/919/13
f 475/919/14 476/918/14 478/920/14 477/921/14
f 477/921/15 478/920/15 480/922/15 479/923/15
f 479/923/16 480/922/16 482/924/16 481/925/16
f 481/925/17 482/924/17 484/926/17 483/927/17
f 483/927/18 484/926/18 486/928/18 485/929/18
f 485/929/19 486/928/19 488/930/19 487/931/19
f 487/931/20 488/930/20 490/932/20 489/933/20
f 489/934/21 490/935/21 492/936/21 491/937/21
f 491/937/22 492/936/22 494/938/22 493/939/22
f 493/939/23 494/938/23 496/940/23 495/941/23
f 495/941/24 496/940/24 498/942/24 497/943/24
f 497/943/25 498/942/25 500/944/25 499/945/25
f 499/945/26 500/944/26 502/946/26 501/947/26
f 501/947/27 502/946/27 504/948/27 503/949/27
f 503/949/28 504/948/28 506/950/28 505/951/28
f 505/952/29 506/953/29 508/954/29 507/955/29
f 507/955/30 508/954/30 510/956/30 509/957/30
f 452/958/31 450/959/31 512/960/31 510/961/31 508/962/31 506/963/31 504/964/31 502/965/31 500/966/31 498/967/31 496/968/31 494/969/31 492/970/31 490/971/31 488/972/31 486/973/31 484/974/31 482/975/31 480/976/31 478/977/31 476/978/31 474/979/31 472/980/31 470/981/31 468/982/31 466/983/31 464/984/31 462/985/31 460/986/31 458/987/31 456/988/31 454/989/31
f 509/957/32 510/956/32 512/990/32 511/991/32
f 511/991/33 512/990/33 450/892/33 449/891/33
f 449/992/34 451/993/34 453/994/34 455/995/34 457/996/34 459/997/34 461/998/34 463/999/34 465/1000/34 467/1001/34 469/1002/34 471/1003/34 473/1004/34 475/1005/34 477/1006/34 479/1007/34 481/1008/34 483/1009/34 485/1010/34 487/1011/34 489/1012/34 491/1013/34 493/1014/34 495/1015/34 497/1016/34 499/1017/34 501/1018/34 503/1019/34 505/1020/34 507/1021/34 509/1022/34 511/1023/34
o Nube
v 3.602522 5.451514 -17.954945
v 3.602522 5.451514 -17.634972
v 3.706561 5.441267 -17.954945
v 3.706561 5.441267 -17.634972
v 3.806603 5.410920 -17.954945
v 3.806603 5.410920 -17.634972
v 3.898802 5.361638 -17.954945
v 3.898802 5.361638 -17.634972
v 3.979615 5.295317 -17.954945
v 3.979615 5.295317 -17.634972
v 4.045936 5.214504 -17.954945
v 4.045936 5.214504 -17.634972
v 4.095217 5.122305 -17.954945
v 4.095217 5.122305 -17.634972
v 4.125565 5.022264 -17.954945
v 4.125565 5.022264 -17.634972
v 4.135812 4.918224 -17.954945
v 4.135812 4.918224 -17.634972
v 4.125565 4.814184 -17.954945
v 4.125565 4.814184 -17.634972
v 4.095217 4.714143 -17.954945
v 4.095217 4.714143 -17.634972
v 4.045936 4.621944 -17.954945
v 4.045936 4.621944 -17.634972
v 3.979615 4.541131 -17.954945
v 3.979615 4.541131 -17.634972
v 3.898802 4.474810 -17.954945
v 3.898802 4.474810 -17.634972
v 3.806603 4.425528 -17.954945
v 3.806603 4.425528 -17.634972
v 3.706561 4.395181 -17.954945
v 3.706561 4.395181 -17.634972
v 3.602522 4.384934 -17.954945
v 3.602522 4.384934 -17.634972
v 3.498482 4.395181 -17.954945
v 3.498482 4.395181 -17.634972
v 3.398440 4.425528 -17.954945
v 3.398440 4.425528 -17.634972
v 3.306242 4.474810 -17.954945
v 3.306242 4.474810 -17.634972
v 3.225429 4.541131 -17.954945
v 3.225429 4.541131 -17.634972
v 3.159107 4.621944 -17.954945
v 3.159107 4.621944 -17.634972
v 3.109826 4.714143 -17.954945
v 3.109826 4.714143 -17.634972
v 3.079479 4.814184 -17.954945
v 3.079479 4.814184 -17.634972
v 3.069232 4.918224 -17.954945
v 3.069232 4.918224 -17.634972
v 3.079479 5.022264 -17.954945
v 3.079479 5.022264 -17.634972
v 3.109826 5.122305 -17.954945
v 3.109826 5.122305 -17.634972
v 3.159107 5.214504 -17.954945
v 3.159107 5.214504 -17.634972
v 3.225429 5.295317 -17.954945
v 3.225429 5.295317 -17.634972
v 3.306242 5.361638 -17.954945
v 3.306242 5.361638 -17.634972
v 3.398440 5.410920 -17.954945
v 3.398440 5.410920 -17.634972
v 3.498482 5.441267 -17.954945
v 3.498482 5.441267 -17.634972
v 1.922583 5.451514 -17.954945
v 1.922583 5.451514 -17.634972
v 2.026622 5.441267 -17.954945
v 2.026622 5.441267 -17.634972
v 2.126664 5.410920 -17.954945
v 2.126664 5.410920 -17.634972
v 2.218863 5.361638 -17.954945
v 2.218863 5.361638 -17.634972
v 2.299675 5.295317 -17.954945
v 2.299675 5.295317 -17.634972
v 2.365997 5.214504 -17.954945
v 2.365997 5.214504 -17.634972
v 2.415278 5.122305 -17.954945
v 2.415278 5.122305 -17.634972
v 2.445626 5.022264 -17.954945
v 2.445626 5.022264 -17.634972
v 2.455873 4.918224 -17.954945
v 2.455873 4.918224 -17.634972
v 2.445626 4.814184 -17.954945
v 2.445626 4.814184 -17.634972
v 2.415278 4.714143 -17.954945
v 2.415278 4.714143 -17.634972
v 2.365997 4.621944 -17.954945
v 2.365997 4.621944 -17.634972
v 2.299675 4.541131 -17.954945
v 2.299675 4.541131 -17.634972
v 2.218863 4.474810 -17.954945
v 2.218863 4.474810 -17.634972
v 2.126664 4.425528 -17.954945
v 2.126664 4.425528 -17.634972
v 2.026622 4.395181 -17.954945
v 2.026622 4.395181 -17.634972
v 1.922583 4.384934 -17.954945
v 1.922583 4.384934 -17.634972
v 1.818543 4.395181 -17.954945
v 1.818543 4.395181 -17.634972
v 1.718501 4.425528 -17.954945
v 1.718501 4.425528 -17.634972
v 1.626302 4.474810 -17.954945
v 1.626302 4.474810 -17.634972
v 1.545490 4.541131 -17.954945
v 1.545490 4.541131 -17.634972
v 1.479168 4.621944 -17.954945
v 1.479168 4.621944 -17.634972
v 1.429887 4.714143 -17.954945
v 1.429887 4.714143 -17.634972
v 1.399540 4.814184 -17.954945
v 1.399540 4.814184 -17.634972
v 1.389292 4.918224 -17.954945
v 1.389292 4.918224 -17.634972
v 1.399540 5.022264 -17.954945
v 1.399540 5.022264 -17.634972
v 1.429887 5.122305 -17.954945
v 1.429887 5.122305 -17.634972
v 1.479168 5.214504 -17.954945
v 1.479168 5.214504 -17.634972
v 1.545490 5.295317 -17.954945
v 1.545490 5.295317 -17.634972
v 1.626302 5.361638 -17.954945
v 1.626302 5.361638 -17.634972
v 1.718501 5.410920 -17.954945
v 1.718501 5.410920 -17.634972
v 1.818543 5.441267 -17.954945
v 1.818543 5.441267 -17.634972
v 1.093522 5.451514 -17.954945
v 1.093522 5.451514 -17.634972
v 1.197562 5.441267 -17.954945
v 1.197562 5.441267 -17.634972
v 1.297603 5.410920 -17.954945
v 1.297603 5.410920 -17.634972
v 1.389802 5.361638 -17.954945
v 1.389802 5.361638 -17.634972
v 1.470615 5.295317 -17.954945
v 1.470615 5.295317 -17.634972
v 1.536936 5.214504 -17.954945
v 1.536936 5.214504 -17.634972
v 1.586218 5.122305 -17.954945
v 1.586218 5.122305 -17.634972
v 1.616565 5.022264 -17.954945
v 1.616565 5.022264 -17.634972
v 1.626812 4.918224 -17.954945
v 1.626812 4.918224 -17.634972
v 1.616565 4.814184 -17.954945
v 1.616565 4.814184 -17.634972
v 1.586218 4.714143 -17.954945
v 1.586218 4.714143 -17.634972
v 1.536936 4.621944 -17.954945
v 1.536936 4.621944 -17.634972
v 1.470615 4.541131 -17.954945
v 1.470615 4.541131 -17.634972
v 1.389802 4.474810 -17.954945
v 1.389802 4.474810 -17.634972
v 1.297603 4.425528 -17.954945
v 1.297603 4.425528 -17.634972
v 1.197562 4.395181 -17.954945
v 1.197562 4.395181 -17.634972
v 1.093522 4.384934 -17.954945
v 1.093522 4.384934 -17.634972
v 0.989482 4.395181 -17.954945
v 0.989482 4.395181 -17.634972
v 0.889441 4.425528 -17.954945
v 0.889441 4.425528 -17.634972
v 0.797242 4.474810 -17.954945
v 0.797242 4.474810 -17.634972
v 0.716429 4.541131 -17.954945
v 0.716429 4.541131 -17.634972
v 0.650107 4.621944 -17.954945
v 0.650107 4.621944 -17.634972
v 0.600826 4.714143 -17.954945
v 0.600826 4.714143 -17.634972
v 0.570479 4.814184 -17.954945
v 0.570479 4.814184 -17.634972
v 0.560232 4.918224 -17.954945
v 0.560232 4.918224 -17.634972
v 0.570479 5.022264 -17.954945
v 0.570479 5.022264 -17.634972
v 0.600826 5.122305 -17.954945
v 0.600826 5.122305 -17.634972
v 0.650107 5.214504 -17.954945
v 0.650107 5.214504 -17.634972
v 0.716429 5.295317 -17.954945
v 0.716429 5.295317 -17.634972
v 0.797242 5.361638 -17.954945
v 0.797242 5.361638 -17.634972
v 0.889441 5.410920 -17.954945
v 0.889441 5.410920 -17.634972
v 0.989482 5.441267 -17.954945
v 0.989482 5.441267 -17.634972
v 2.773461 5.451514 -17.954945
v 2.773461 5.451514 -17.634972
v 2.877501 5.441267 -17.954945
v 2.877501 5.441267 -17.634972
v 2.977542 5.410920 -17.954945
v 2.977542 5.410920 -17.634972
v 3.069741 5.361638 -17.954945
v 3.069741 5.361638 -17.634972
v 3.150554 5.295317 -17.954945
v 3.150554 5.295317 -17.634972
v 3.216875 5.214504 -17.954945
v 3.216875 5.214504 -17.634972
v 3.266157 5.122305 -17.954945
v 3.266157 5.122305 -17.634972
v 3.296504 5.022264 -17.954945
v 3.296504 5.022264 -17.634972
v 3.306751 4.918224 -17.954945
v 3.306751 4.918224 -17.634972
v 3.296504 4.814184 -17.954945
v 3.296504 4.814184 -17.634972
v 3.266157 4.714143 -17.954945
v 3.266157 4.714143 -17.634972
v 3.216875 4.621944 -17.954945
v 3.216875 4.621944 -17.634972
v 3.150554 4.541131 -17.954945
v 3.150554 4.541131 -17.634972
v 3.069741 4.474810 -17.954945
v 3.069741 4.474810 -17.634972
v 2.977542 4.425528 -17.954945
v 2.977542 4.425528 -17.634972
v 2.877501 4.395181 -17.954945
v 2.877501 4.395181 -17.634972
v 2.773461 4.384934 -17.954945
v 2.773461 4.384934 -17.634972
v 2.669421 4.395181 -17.954945
v 2.669421 4.395181 -17.634972
v 2.569380 4.425528 -17.954945
v 2.569380 4.425528 -17.634972
v 2.477181 4.474810 -17.954945
v 2.477181 4.474810 -17.634972
v 2.396368 4.541131 -17.954945
v 2.396368 4.541131 -17.634972
v 2.330047 4.621944 -17.954945
v 2.330047 4.621944 -17.634972
v 2.280765 4.714143 -17.954945
v 2.280765 4.714143 -17.634972
v 2.250418 4.814184 -17.954945
v 2.250418 4.814184 -17.634972
v 2.240171 4.918224 -17.954945
v 2.240171 4.918224 -17.634972
v 2.250418 5.022264 -17.954945
v 2.250418 5.022264 -17.634972
v 2.280765 5.122305 -17.954945
v 2.280765 5.122305 -17.634972
v 2.330047 5.214504 -17.954945
v 2.330047 5.214504 -17.634972
v 2.396368 5.295317 -17.954945
v 2.396368 5.295317 -17.634972
v 2.477181 5.361638 -17.954945
v 2.477181 5.361638 -17.634972
v 2.569380 5.410920 -17.954945
v 2.569380 5.410920 -17.634972
v 2.669421 5.441267 -17.954945
v 2.669421 5.441267 -17.634972
v 3.129812 6.229668 -17.954945
v 3.129812 6.229668 -17.634972
v 3.233851 6.219420 -17.954945
v 3.233851 6.219420 -17.634972
v 3.333893 6.189073 -17.954945
v 3.333893 6.189073 -17.634972
v 3.426092 6.139791 -17.954945
v 3.426092 6.139791 -17.634972
v 3.506904 6.073470 -17.954945
v 3.506904 6.073470 -17.634972
v 3.573226 5.992658 -17.954945
v 3.573226 5.992658 -17.634972
v 3.622507 5.900459 -17.954945
v 3.622507 5.900459 -17.634972
v 3.652854 5.800417 -17.954945
v 3.652854 5.800417 -17.634972
v 3.663101 5.696377 -17.954945
v 3.663101 5.696377 -17.634972
v 3.652854 5.592338 -17.954945
v 3.652854 5.592338 -17.634972
v 3.622507 5.492296 -17.954945
v 3.622507 5.492296 -17.634972
v 3.573226 5.400097 -17.954945
v 3.573226 5.400097 -17.634972
v 3.506904 5.319284 -17.954945
v 3.506904 5.319284 -17.634972
v 3.426092 5.252963 -17.954945
v 3.426092 5.252963 -17.634972
v 3.333893 5.203681 -17.954945
v 3.333893 5.203681 -17.634972
v 3.233851 5.173334 -17.954945
v 3.233851 5.173334 -17.634972
v 3.129812 5.163087 -17.954945
v 3.129812 5.163087 -17.634972
v 3.025772 5.173334 -17.954945
v 3.025772 5.173334 -17.634972
v 2.925730 5.203681 -17.954945
v 2.925730 5.203681 -17.634972
v 2.833531 5.252963 -17.954945
v 2.833531 5.252963 -17.634972
v 2.752718 5.319284 -17.954945
v 2.752718 5.319284 -17.634972
v 2.686397 5.400097 -17.954945
v 2.686397 5.400097 -17.634972
v 2.637116 5.492296 -17.954945
v 2.637116 5.492296 -17.634972
v 2.606769 5.592338 -17.954945
v 2.606769 5.592338 -17.634972
v 2.596521 5.696377 -17.954945
v 2.596521 5.696377 -17.634972
v 2.606769 5.800417 -17.954945
v 2.606769 5.800417 -17.634972
v 2.637116 5.900459 -17.954945
v 2.637116 5.900459 -17.634972
v 2.686397 5.992658 -17.954945
v 2.686397 5.992658 -17.634972
v 2.752718 6.073470 -17.954945
v 2.752718 6.073470 -17.634972
v 2.833531 6.139791 -17.954945
v 2.833531 6.139791 -17.634972
v 2.925730 6.189073 -17.954945
v 2.925730 6.189073 -17.634972
v 3.025772 6.219420 -17.954945
v 3.025772 6.219420 -17.634972
v 2.230613 6.229668 -17.954945
v 2.230613 6.229668 -17.634972
v 2.334653 6.219420 -17.954945
v 2.334653 6.219420 -17.634972
v 2.434695 6.189073 -17.954945
v 2.434695 6.189073 -17.634972
v 2.526894 6.139791 -17.954945
v 2.526894 6.139791 -17.634972
v 2.607707 6.073470 -17.954945
v 2.607707 6.073470 -17.634972
v 2.674028 5.992658 -17.954945
v 2.674028 5.992658 -17.634972
v 2.723309 5.900459 -17.954945
v 2.723309 5.900459 -17.634972
v 2.753656 5.800417 -17.954945
v 2.753656 5.800417 -17.634972
v 2.763904 5.696377 -17.954945
v 2.763904 5.696377 -17.634972
v 2.753656 5.592338 -17.954945
v 2.753656 5.592338 -17.634972
v 2.723309 5.492296 -17.954945
v 2.723309 5.492296 -17.634972
v 2.674028 5.400097 -17.954945
v 2.674028 5.400097 -17.634972
v 2.607707 5.319284 -17.954945
v 2.607707 5.319284 -17.634972
v 2.526894 5.252963 -17.954945
v 2.526894 5.252963 -17.634972
v 2.434695 5.203681 -17.954945
v 2.434695 5.203681 -17.634972
v 2.334653 5.173334 -17.954945
v 2.334653 5.173334 -17.634972
v 2.230613 5.163087 -17.954945
v 2.230613 5.163087 -17.634972
v 2.126574 5.173334 -17.954945
v 2.126574 5.173334 -17.634972
v 2.026532 5.203681 -17.954945
v 2.026532 5.203681 -17.634972
v 1.934333 5.252963 -17.954945
v 1.934333 5.252963 -17.634972
v 1.853521 5.319284 -17.954945
v 1.853521 5.319284 -17.634972
v 1.787199 5.400097 -17.954945
v 1.787199 5.400097 -17.634972
v 1.737918 5.492296 -17.954945
v 1.737918 5.492296 -17.634972
v 1.707571 5.592338 -17.954945
v 1.707571 5.592338 -17.634972
v 1.697323 5.696377 -17.954945
v 1.697323 5.696377 -17.634972
v 1.707571 5.800417 -17.954945
v 1.707571 5.800417 -17.634972
v 1.737918 5.900459 -17.954945
v 1.737918 5.900459 -17.634972
v 1.787199 5.992658 -17.954945
v 1.787199 5.992658 -17.634972
v 1.853521 6.073470 -17.954945
v 1.853521 6.073470 -17.634972
v 1.934333 6.139791 -17.954945
v 1.934333 6.139791 -17.634972
v 2.026532 6.189073 -17.954945
v 2.026532 6.189073 -17.634972
v 2.126574 6.219420 -17.954945
v 2.126574 6.219420 -17.634972
v 1.508052 5.953314 -17.954945
v 1.508052 5.953314 -17.634972
v 1.612092 5.943067 -17.954945
v 1.612092 5.943067 -17.634972
v 1.712134 5.912720 -17.954945
v 1.712134 5.912720 -17.634972
v 1.804332 5.863438 -17.954945
v 1.804332 5.863438 -17.634972
v 1.885145 5.797117 -17.954945
v 1.885145 5.797117 -17.634972
v 1.951467 5.716304 -17.954945
v 1.951467 5.716304 -17.634972
v 2.000748 5.624105 -17.954945
v 2.000748 5.624105 -17.634972
v 2.031096 5.524064 -17.954945
v 2.031096 5.524064 -17.634972
v 2.041342 5.420024 -17.954945
v 2.041342 5.420024 -17.634972
v 2.031096 5.315984 -17.954945
v 2.031096 5.315984 -17.634972
v 2.000748 5.215942 -17.954945
v 2.000748 5.215942 -17.634972
v 1.951467 5.123744 -17.954945
v 1.951467 5.123744 -17.634972
v 1.885145 5.042931 -17.954945
v 1.885145 5.042931 -17.634972
v 1.804332 4.976609 -17.954945
v 1.804332 4.976609 -17.634972
v 1.712134 4.927328 -17.954945
v 1.712134 4.927328 -17.634972
v 1.612092 4.896981 -17.954945
v 1.612092 4.896981 -17.634972
v 1.508052 4.886734 -17.954945
v 1.508052 4.886734 -17.634972
v 1.404013 4.896981 -17.954945
v 1.404013 4.896981 -17.634972
v 1.303971 4.927328 -17.954945
v 1.303971 4.927328 -17.634972
v 1.211772 4.976609 -17.954945
v 1.211772 4.976609 -17.634972
v 1.130960 5.042931 -17.954945
v 1.130960 5.042931 -17.634972
v 1.064638 5.123744 -17.954945
v 1.064638 5.123744 -17.634972
v 1.015357 5.215942 -17.954945
v 1.015357 5.215942 -17.634972
v 0.985009 5.315984 -17.954945
v 0.985009 5.315984 -17.634972
v 0.974762 5.420024 -17.954945
v 0.974762 5.420024 -17.634972
v 0.985009 5.524064 -17.954945
v 0.985009 5.524064 -17.634972
v 1.015357 5.624105 -17.954945
v 1.015357 5.624105 -17.634972
v 1.064638 5.716304 -17.954945
v 1.064638 5.716304 -17.634972
v 1.130960 5.797117 -17.954945
v 1.130960 5.797117 -17.634972
v 1.211772 5.863438 -17.954945
v 1.211772 5.863438 -17.634972
v 1.303971 5.912720 -17.954945
v 1.303971 5.912720 -17.634972
v 1.404013 5.943067 -17.954945
v 1.404013 5.943067 -17.634972
v 2.766188 6.644198 -17.954945
v 2.766188 6.644198 -17.634972
v 2.870228 6.633951 -17.954945
v 2.870228 6.633951 -17.634972
v 2.970270 6.603603 -17.954945
v 2.970270 6.603603 -17.634972
v 3.062469 6.554322 -17.954945
v 3.062469 6.554322 -17.634972
v 3.143281 6.488001 -17.954945
v 3.143281 6.488001 -17.634972
v 3.209603 6.407188 -17.954945
v 3.209603 6.407188 -17.634972
v 3.258884 6.314989 -17.954945
v 3.258884 6.314989 -17.634972
v 3.289232 6.214948 -17.954945
v 3.289232 6.214948 -17.634972
v 3.299479 6.110908 -17.954945
v 3.299479 6.110908 -17.634972
v 3.289232 6.006868 -17.954945
v 3.289232 6.006868 -17.634972
v 3.258884 5.906826 -17.954945
v 3.258884 5.906826 -17.634972
v 3.209603 5.814628 -17.954945
v 3.209603 5.814628 -17.634972
v 3.143281 5.733815 -17.954945
v 3.143281 5.733815 -17.634972
v 3.062469 5.667493 -17.954945
v 3.062469 5.667493 -17.634972
v 2.970270 5.618212 -17.954945
v 2.970270 5.618212 -17.634972
v 2.870228 5.587865 -17.954945
v 2.870228 5.587865 -17.634972
v 2.766188 5.577618 -17.954945
v 2.766188 5.577618 -17.634972
v 2.662149 5.587865 -17.954945
v 2.662149 5.587865 -17.634972
v 2.562107 5.618212 -17.954945
v 2.562107 5.618212 -17.634972
v 2.469908 5.667493 -17.954945
v 2.469908 5.667493 -17.634972
v 2.389095 5.733815 -17.954945
v 2.389095 5.733815 -17.634972
v 2.322774 5.814628 -17.954945
v 2.322774 5.814628 -17.634972
v 2.273493 5.906826 -17.954945
v 2.273493 5.906826 -17.634972
v 2.243145 6.006868 -17.954945
v 2.243145 6.006868 -17.634972
v 2.232898 6.110908 -17.954945
v 2.232898 6.110908 -17.634972
v 2.243145 6.214948 -17.954945
v 2.243145 6.214948 -17.634972
v 2.273493 6.314989 -17.954945
v 2.273493 6.314989 -17.634972
v 2.322774 6.407188 -17.954945
v 2.322774 6.407188 -17.634972
v 2.389095 6.488001 -17.954945
v 2.389095 6.488001 -17.634972
v 2.469908 6.554322 -17.954945
v 2.469908 6.554322 -17.634972
v 2.562107 6.603603 -17.954945
v 2.562107 6.603603 -17.634972
v 2.662149 6.633951 -17.954945
v 2.662149 6.633951 -17.634972
vn 0.0980 0.9952 -0.0000
vn 0.2903 0.9569 -0.0000
vn 0.4714 0.8819 -0.0000
vn 0.6344 0.7730 -0.0000
vn 0.7730 0.6344 -0.0000
vn 0.8819 0.4714 -0.0000
vn 0.9569 0.2903 -0.0000
vn 0.9952 0.0980 -0.0000
vn 0.9952 -0.0980 -0.0000
vn 0.9569 -0.2903 -0.0000
vn 0.8819 -0.4714 -0.0000
vn 0.7730 -0.6344 -0.0000
vn 0.6344 -0.7730 -0.0000
vn 0.4714 -0.8819 -0.0000
vn 0.2903 -0.9569 -0.0000
vn 0.0980 -0.9952 -0.0000
vn -0.0980 -0.9952 -0.0000
vn -0.2903 -0.9569 -0.0000
vn -0.4714 -0.8819 -0.0000
vn -0.6344 -0.7730 -0.0000
vn -0.7730 -0.6344 -0.0000
vn -0.8819 -0.4714 -0.0000
vn -0.9569 -0.2903 -0.0000
vn -0.9952 -0.0980 -0.0000
vn -0.9952 0.0980 -0.0000
vn -0.9569 0.2903 -0.0000
vn -0.8819 0.4714 -0.0000
vn -0.7730 0.6344 -0.0000
vn -0.6344 0.7730 -0.0000
vn -0.4714 0.8819 -0.0000
vn -0.0000 -0.0000 1.0000
vn -0.2903 0.9569 -0.0000
vn -0.0980 0.9952 -0.0000
vn -0.0000 -0.0000 -1.0000
vt 0.263685 0.889166
vt 0.263685 0.740494
vt 0.277978 0.740494
vt 0.277978 0.889166
vt 0.291441 0.740494
vt 0.291441 0.889166
vt 0.303557 0.740494
vt 0.303557 0.889166
vt 0.313861 0.740494
vt 0.313861 0.889166
vt 0.591823 0.297343
vt 0.591823 0.148672
vt 0.602127 0.148672
vt 0.602127 0.297343
vt 0.614243 0.148672
vt 0.614243 0.297343
vt 0.627706 0.148672
vt 0.627706 0.297343
vt 0.641999 0.148672
vt 0.641999 0.297343
vt 0.656571 0.148672
vt 0.656571 0.297343
vt 0.670863 0.148672
vt 0.670863 0.297343
vt 0.684326 0.148672
vt 0.684326 0.297343
vt 0.696443 0.148672
vt 0.696443 0.297343
vt 0.706747 0.148672
vt 0.706747 0.297343
vt 0.325978 0.740494
vt 0.325978 0.889166
vt 0.339441 0.740494
vt 0.339441 0.889166
vt 0.353733 0.740494
vt 0.353733 0.889166
vt 0.368306 0.740494
vt 0.368306 0.889166
vt 0.382598 0.740494
vt 0.382598 0.889166
vt 0.396061 0.740494
vt 0.396061 0.889166
vt 0.408178 0.740494
vt 0.408178 0.889166
vt 0.418482 0.740494
vt 0.418482 0.889166
vt 0.811368 0.594686
vt 0.811368 0.446015
vt 0.823484 0.446015
vt 0.823484 0.594686
vt 0.836947 0.446015
vt 0.836947 0.594686
vt 0.851240 0.446015
vt 0.851240 0.594686
vt 0.865812 0.446015
vt 0.865812 0.594686
vt 0.880104 0.446015
vt 0.880104 0.594686
vt 0.893567 0.446015
vt 0.893567 0.594686
vt 0.905684 0.446015
vt 0.905684 0.594686
vt 0.209241 0.889166
vt 0.209241 0.740494
vt 0.221357 0.740494
vt 0.221357 0.889166
vt 0.234820 0.740494
vt 0.234820 0.889166
vt 0.174775 0.131440
vt 0.164471 0.121136
vt 0.156375 0.109019
vt 0.150799 0.095556
vt 0.147956 0.081264
vt 0.147956 0.066692
vt 0.150799 0.052399
vt 0.156375 0.038936
vt 0.164471 0.026820
vt 0.174775 0.016515
vt 0.186892 0.008420
vt 0.200355 0.002843
vt 0.214647 0.000000
vt 0.229220 0.000000
vt 0.243512 0.002843
vt 0.256975 0.008420
vt 0.269092 0.016515
vt 0.279396 0.026820
vt 0.287492 0.038936
vt 0.293068 0.052399
vt 0.295911 0.066692
vt 0.295911 0.081264
vt 0.293068 0.095556
vt 0.287492 0.109019
vt 0.279396 0.121136
vt 0.269092 0.131440
vt 0.256975 0.139536
vt 0.243512 0.145113
vt 0.229220 0.147956
vt 0.214647 0.147956
vt 0.200355 0.145113
vt 0.186892 0.139536
vt 0.249113 0.740494
vt 0.249113 0.889166
vt 0.016516 0.269092
vt 0.008420 0.256975
vt 0.002843 0.243512
vt 0.000000 0.229220
vt 0.000000 0.214647
vt 0.002843 0.200355
vt 0.008420 0.186892
vt 0.016515 0.174775
vt 0.026820 0.164471
vt 0.038936 0.156375
vt 0.052399 0.150799
vt 0.066692 0.147956
vt 0.081264 0.147956
vt 0.095556 0.150799
vt 0.109019 0.156375
vt 0.121136 0.164471
vt 0.131440 0.174775
vt 0.139536 0.186892
vt 0.145113 0.200355
vt 0.147956 0.214647
vt 0.147956 0.229220
vt 0.145113 0.243512
vt 0.139536 0.256975
vt 0.131440 0.269092
vt 0.121136 0.279396
vt 0.109019 0.287492
vt 0.095556 0.293068
vt 0.081264 0.295911
vt 0.066692 0.295911
vt 0.052399 0.293068
vt 0.038936 0.287492
vt 0.026820 0.279396
vt 0.399218 0.740494
vt 0.399218 0.591823
vt 0.413511 0.591823
vt 0.413511 0.740494
vt 0.426974 0.591823
vt 0.426974 0.740494
vt 0.439090 0.591823
vt 0.439090 0.740494
vt 0.449394 0.591823
vt 0.449394 0.740494
vt 0.591823 0.446015
vt 0.602127 0.446015
vt 0.614243 0.446015
vt 0.627706 0.446015
vt 0.641999 0.446015
vt 0.656571 0.446015
vt 0.670863 0.446015
vt 0.684326 0.446015
vt 0.696443 0.446015
vt 0.706747 0.446015
vt 0.811368 0.297343
vt 0.811368 0.148672
vt 0.823484 0.148672
vt 0.823484 0.297343
vt 0.836947 0.148672
vt 0.836947 0.297343
vt 0.851240 0.148672
vt 0.851240 0.297343
vt 0.865812 0.148672
vt 0.865812 0.297343
vt 0.880104 0.148672
vt 0.880104 0.297343
vt 0.893567 0.148672
vt 0.893567 0.297343
vt 0.905684 0.148672
vt 0.905684 0.297343
vt 0.449394 0.740494
vt 0.449394 0.591823
vt 0.459699 0.591823
vt 0.459699 0.740494
vt 0.471815 0.591823
vt 0.471815 0.740494
vt 0.485278 0.591823
vt 0.485278 0.740494
vt 0.499571 0.591823
vt 0.499571 0.740494
vt 0.514143 0.591823
vt 0.514143 0.740494
vt 0.528435 0.591823
vt 0.528435 0.740494
vt 0.541898 0.591823
vt 0.541898 0.740494
vt 0.554015 0.591823
vt 0.554015 0.740494
vt 0.344774 0.740494
vt 0.344774 0.591823
vt 0.356890 0.591823
vt 0.356890 0.740494
vt 0.370353 0.591823
vt 0.370353 0.740494
vt 0.452286 0.256975
vt 0.446710 0.243512
vt 0.443867 0.229220
vt 0.443867 0.214647
vt 0.446710 0.200355
vt 0.452286 0.186892
vt 0.460382 0.174775
vt 0.470687 0.164471
vt 0.482803 0.156375
vt 0.496266 0.150799
vt 0.510559 0.147956
vt 0.525131 0.147956
vt 0.539423 0.150799
vt 0.552886 0.156375
vt 0.565003 0.164471
vt 0.575307 0.174775
vt 0.583403 0.186892
vt 0.588980 0.200355
vt 0.591823 0.214647
vt 0.591823 0.229220
vt 0.588980 0.243512
vt 0.583403 0.256975
vt 0.575307 0.269092
vt 0.565003 0.279396
vt 0.552886 0.287492
vt 0.539423 0.293068
vt 0.525131 0.295911
vt 0.510559 0.295911
vt 0.496266 0.293068
vt 0.482803 0.287492
vt 0.470687 0.279396
vt 0.460382 0.269092
vt 0.384646 0.591823
vt 0.384646 0.740494
vt 0.150799 0.539423
vt 0.147956 0.525131
vt 0.147956 0.510559
vt 0.150799 0.496266
vt 0.156375 0.482803
vt 0.164471 0.470687
vt 0.174775 0.460382
vt 0.186892 0.452286
vt 0.200355 0.446710
vt 0.214647 0.443867
vt 0.229220 0.443867
vt 0.243512 0.446710
vt 0.256975 0.452286
vt 0.269092 0.460382
vt 0.279396 0.470687
vt 0.287492 0.482803
vt 0.293068 0.496266
vt 0.295911 0.510559
vt 0.295911 0.525131
vt 0.293068 0.539423
vt 0.287492 0.552886
vt 0.279396 0.565003
vt 0.269092 0.575307
vt 0.256975 0.583403
vt 0.243512 0.588980
vt 0.229220 0.591823
vt 0.214647 0.591823
vt 0.200355 0.588980
vt 0.186892 0.583403
vt 0.174775 0.575307
vt 0.164471 0.565003
vt 0.156375 0.552886
vt 0.855508 0.892029
vt 0.855508 0.743358
vt 0.869800 0.743358
vt 0.869800 0.892029
vt 0.883263 0.743358
vt 0.883263 0.892029
vt 0.895380 0.743358
vt 0.895380 0.892029
vt 0.905684 0.743358
vt 0.905684 0.892029
vt 0.591823 0.743358
vt 0.591823 0.594686
vt 0.602127 0.594686
vt 0.602127 0.743358
vt 0.614243 0.594686
vt 0.614243 0.743358
vt 0.627706 0.594686
vt 0.627706 0.743358
vt 0.641999 0.594686
vt 0.641999 0.743358
vt 0.656571 0.594686
vt 0.656571 0.743358
vt 0.670863 0.594686
vt 0.670863 0.743358
vt 0.684326 0.594686
vt 0.684326 0.743358
vt 0.696443 0.594686
vt 0.696443 0.743358
vt 0.591823 0.446015
vt 0.602127 0.446015
vt 0.602127 0.594686
vt 0.614243 0.446015
vt 0.627706 0.446015
vt 0.627706 0.594686
vt 0.641999 0.446015
vt 0.656571 0.446015
vt 0.670863 0.446015
vt 0.684327 0.446015
vt 0.684327 0.594686
vt 0.696443 0.446015
vt 0.706747 0.446015
vt 0.706747 0.594686
vt 0.905684 0.297343
vt 0.905684 0.148672
vt 0.917800 0.148672
vt 0.917800 0.297343
vt 0.931263 0.148672
vt 0.931263 0.297343
vt 0.945556 0.148672
vt 0.945556 0.297343
vt 0.960128 0.148672
vt 0.960128 0.297343
vt 0.974420 0.148672
vt 0.974420 0.297343
vt 0.987884 0.148672
vt 0.987884 0.297343
vt 1.000000 0.148672
vt 1.000000 0.297343
vt 0.801063 0.892029
vt 0.801063 0.743358
vt 0.813180 0.743358
vt 0.813180 0.892029
vt 0.826643 0.743358
vt 0.826643 0.892029
vt 0.496266 0.441024
vt 0.482803 0.435447
vt 0.470687 0.427351
vt 0.460382 0.417047
vt 0.452286 0.404931
vt 0.446710 0.391468
vt 0.443867 0.377175
vt 0.443867 0.362603
vt 0.446710 0.348310
vt 0.452286 0.334847
vt 0.460382 0.322731
vt 0.470687 0.312427
vt 0.482803 0.304331
vt 0.496266 0.298754
vt 0.510559 0.295911
vt 0.525131 0.295911
vt 0.539423 0.298754
vt 0.552886 0.304331
vt 0.565003 0.312427
vt 0.575307 0.322731
vt 0.583403 0.334847
vt 0.588980 0.348311
vt 0.591823 0.362603
vt 0.591823 0.377175
vt 0.588980 0.391468
vt 0.583403 0.404931
vt 0.575307 0.417047
vt 0.565003 0.427351
vt 0.552886 0.435447
vt 0.539423 0.441024
vt 0.525131 0.443867
vt 0.510558 0.443867
vt 0.840935 0.743358
vt 0.840935 0.892029
vt 0.131440 0.121136
vt 0.121136 0.131440
vt 0.109019 0.139536
vt 0.095556 0.145113
vt 0.081264 0.147956
vt 0.066692 0.147956
vt 0.052399 0.145113
vt 0.038936 0.139536
vt 0.026820 0.131440
vt 0.016515 0.121136
vt 0.008419 0.109019
vt 0.002843 0.095556
vt -0.000000 0.081264
vt 0.000000 0.066692
vt 0.002843 0.052399
vt 0.008420 0.038936
vt 0.016516 0.026820
vt 0.026820 0.016515
vt 0.038936 0.008420
vt 0.052399 0.002843
vt 0.066692 0.000000
vt 0.081264 0.000000
vt 0.095556 0.002843
vt 0.109019 0.008420
vt 0.121136 0.016516
vt 0.131440 0.026820
vt 0.139536 0.038936
vt 0.145113 0.052399
vt 0.147956 0.066692
vt 0.147956 0.081264
vt 0.145113 0.095556
vt 0.139536 0.109019
vt 0.750887 0.743358
vt 0.750887 0.594686
vt 0.765180 0.594686
vt 0.765180 0.743358
vt 0.778643 0.594686
vt 0.778643 0.743358
vt 0.790759 0.594686
vt 0.790759 0.743358
vt 0.801063 0.594686
vt 0.801063 0.743358
vt 0.000000 0.740494
vt 0.000000 0.591823
vt 0.010304 0.591823
vt 0.010304 0.740494
vt 0.022421 0.591823
vt 0.022421 0.740494
vt 0.035884 0.591823
vt 0.035884 0.740494
vt 0.050176 0.591823
vt 0.050176 0.740494
vt 0.064749 0.591823
vt 0.064749 0.740494
vt 0.079041 0.591823
vt 0.079041 0.740494
vt 0.092504 0.591823
vt 0.092504 0.740494
vt 0.104620 0.591823
vt 0.104620 0.740494
vt 0.114925 0.591823
vt 0.114925 0.740494
vt 0.905684 0.446015
vt 0.917800 0.297343
vt 0.917800 0.446015
vt 0.931263 0.297343
vt 0.931263 0.446015
vt 0.945556 0.297343
vt 0.945556 0.446015
vt 0.960128 0.446015
vt 0.974421 0.297343
vt 0.974421 0.446015
vt 0.987884 0.297343
vt 0.987884 0.446015
vt 1.000000 0.297343
vt 1.000000 0.446015
vt 0.706747 0.148672
vt 0.706747 0.000000
vt 0.717051 0.000000
vt 0.717051 0.148672
vt 0.729168 0.000000
vt 0.729168 0.148672
vt 0.742631 0.000000
vt 0.742631 0.148672
vt 0.756923 0.000000
vt 0.756923 0.148672
vt 0.771496 0.000000
vt 0.771496 0.148672
vt 0.785788 0.000000
vt 0.785788 0.148672
vt 0.799251 0.000000
vt 0.799251 0.148672
vt 0.811368 0.000000
vt 0.811368 0.148672
vt 0.696443 0.743358
vt 0.696443 0.594686
vt 0.708559 0.594686
vt 0.708559 0.743358
vt 0.722022 0.594686
vt 0.722022 0.743358
vt 0.427351 0.121136
vt 0.417047 0.131440
vt 0.404931 0.139536
vt 0.391468 0.145113
vt 0.377175 0.147956
vt 0.362603 0.147956
vt 0.348311 0.145113
vt 0.334847 0.139536
vt 0.322731 0.131440
vt 0.312427 0.121136
vt 0.304331 0.109019
vt 0.298754 0.095556
vt 0.295911 0.081264
vt 0.295911 0.066692
vt 0.298754 0.052399
vt 0.304331 0.038936
vt 0.312427 0.026820
vt 0.322731 0.016516
vt 0.334847 0.008420
vt 0.348311 0.002843
vt 0.362603 0.000000
vt 0.377175 0.000000
vt 0.391468 0.002843
vt 0.404931 0.008420
vt 0.417047 0.016515
vt 0.427351 0.026820
vt 0.435447 0.038936
vt 0.441024 0.052399
vt 0.443867 0.066692
vt 0.443867 0.081264
vt 0.441024 0.095556
vt 0.435447 0.109019
vt 0.736315 0.594686
vt 0.736315 0.743358
vt 0.312427 0.417047
vt 0.304331 0.404931
vt 0.298754 0.391468
vt 0.295911 0.377175
vt 0.295911 0.362603
vt 0.298754 0.348311
vt 0.304331 0.334847
vt 0.312427 0.322731
vt 0.322731 0.312427
vt 0.334847 0.304331
vt 0.348311 0.298754
vt 0.362603 0.295911
vt 0.377175 0.295911
vt 0.391468 0.298754
vt 0.404931 0.304331
vt 0.417047 0.312427
vt 0.427351 0.322731
vt 0.435447 0.334847
vt 0.441024 0.348311
vt 0.443867 0.362603
vt 0.443867 0.377175
vt 0.441024 0.391468
vt 0.435447 0.404931
vt 0.427351 0.417047
vt 0.417047 0.427351
vt 0.404931 0.435447
vt 0.391468 0.441024
vt 0.377175 0.443867
vt 0.362603 0.443867
vt 0.348311 0.441024
vt 0.334847 0.435447
vt 0.322731 0.427351
vt 0.472926 0.889166
vt 0.472926 0.740494
vt 0.487218 0.740494
vt 0.487218 0.889166
vt 0.500682 0.740494
vt 0.500682 0.889166
vt 0.512798 0.740494
vt 0.512798 0.889166
vt 0.523102 0.740494
vt 0.523102 0.889166
vt 0.591823 0.148672
vt 0.591823 0.000000
vt 0.602127 0.000000
vt 0.602127 0.148672
vt 0.614243 0.000000
vt 0.614243 0.148672
vt 0.627706 0.000000
vt 0.627706 0.148672
vt 0.641999 0.000000
vt 0.641999 0.148672
vt 0.656571 0.000000
vt 0.656571 0.148672
vt 0.670863 0.000000
vt 0.670863 0.148672
vt 0.684327 0.000000
vt 0.684327 0.148672
vt 0.696443 0.000000
vt 0.696443 0.148672
vt 0.706747 0.000000
vt 0.706747 0.148672
vt 0.905684 0.743358
vt 0.905684 0.594686
vt 0.917800 0.594686
vt 0.917800 0.743358
vt 0.931263 0.594686
vt 0.931263 0.743358
vt 0.945556 0.594686
vt 0.945556 0.743358
vt 0.960128 0.594686
vt 0.960128 0.743358
vt 0.974420 0.594686
vt 0.974420 0.743358
vt 0.987884 0.594686
vt 0.987884 0.743358
vt 1.000000 0.594686
vt 1.000000 0.743358
vt 0.717051 0.148672
vt 0.717051 0.297343
vt 0.729168 0.148672
vt 0.729168 0.297343
vt 0.742631 0.148672
vt 0.742631 0.297343
vt 0.756923 0.148672
vt 0.756923 0.297343
vt 0.771496 0.148672
vt 0.771496 0.297343
vt 0.785788 0.148672
vt 0.785788 0.297343
vt 0.799251 0.148672
vt 0.799251 0.297343
vt 0.811368 0.148672
vt 0.430598 0.740494
vt 0.430598 0.889166
vt 0.444061 0.740494
vt 0.444061 0.889166
vt 0.139536 0.404931
vt 0.131440 0.417047
vt 0.121136 0.427351
vt 0.109019 0.435447
vt 0.095556 0.441024
vt 0.081264 0.443867
vt 0.066692 0.443867
vt 0.052399 0.441024
vt 0.038936 0.435447
vt 0.026820 0.427351
vt 0.016516 0.417047
vt 0.008420 0.404931
vt 0.002843 0.391468
vt 0.000000 0.377175
vt 0.000000 0.362603
vt 0.002843 0.348311
vt 0.008420 0.334847
vt 0.016516 0.322731
vt 0.026820 0.312427
vt 0.038936 0.304331
vt 0.052399 0.298754
vt 0.066692 0.295911
vt 0.081264 0.295911
vt 0.095556 0.298754
vt 0.109019 0.304331
vt 0.121136 0.312427
vt 0.131440 0.322731
vt 0.139536 0.334847
vt 0.145113 0.348311
vt 0.147956 0.362603
vt 0.147956 0.377175
vt 0.145113 0.391468
vt 0.458354 0.740494
vt 0.458354 0.889166
vt 0.441024 0.243512
vt 0.435447 0.256975
vt 0.427351 0.269092
vt 0.417047 0.279396
vt 0.404931 0.287492
vt 0.391468 0.293068
vt 0.377175 0.295911
vt 0.362603 0.295911
vt 0.348311 0.293068
vt 0.334847 0.287492
vt 0.322731 0.279396
vt 0.312427 0.269092
vt 0.304331 0.256975
vt 0.298754 0.243512
vt 0.295911 0.229220
vt 0.295911 0.214647
vt 0.298754 0.200355
vt 0.304331 0.186892
vt 0.312427 0.174775
vt 0.322731 0.164471
vt 0.334847 0.156375
vt 0.348311 0.150799
vt 0.362603 0.147956
vt 0.377175 0.147956
vt 0.391468 0.150799
vt 0.404931 0.156375
vt 0.417047 0.164471
vt 0.427351 0.174775
vt 0.435447 0.186892
vt 0.441024 0.200355
vt 0.443867 0.214647
vt 0.443867 0.229220
vt 0.761191 0.446015
vt 0.761191 0.297343
vt 0.775484 0.297343
vt 0.775484 0.446015
vt 0.788947 0.297343
vt 0.788947 0.446015
vt 0.801063 0.297343
vt 0.801063 0.446015
vt 0.125229 0.591823
vt 0.125229 0.740494
vt 0.137345 0.591823
vt 0.137345 0.740494
vt 0.150808 0.591823
vt 0.150808 0.740494
vt 0.165101 0.591823
vt 0.165101 0.740494
vt 0.179673 0.591823
vt 0.179673 0.740494
vt 0.193966 0.591823
vt 0.193966 0.740494
vt 0.207429 0.591823
vt 0.207429 0.740494
vt 0.219545 0.591823
vt 0.219545 0.740494
vt 0.229849 0.591823
vt 0.229849 0.740494
vt 0.865812 0.446015
vt 0.880104 0.446015
vt 0.591822 0.892029
vt 0.591822 0.743358
vt 0.602127 0.743358
vt 0.602127 0.892029
vt 0.614243 0.743358
vt 0.614243 0.892029
vt 0.627706 0.892029
vt 0.641999 0.743358
vt 0.641999 0.892029
vt 0.656571 0.743358
vt 0.656571 0.892029
vt 0.670863 0.743358
vt 0.670863 0.892029
vt 0.684326 0.892029
vt 0.696443 0.743358
vt 0.696443 0.892029
vt 0.706747 0.446015
vt 0.718864 0.297343
vt 0.718864 0.446015
vt 0.732327 0.297343
vt 0.732327 0.446015
vt 0.298754 0.539423
vt 0.295911 0.525131
vt 0.295911 0.510559
vt 0.298754 0.496266
vt 0.304331 0.482803
vt 0.312427 0.470687
vt 0.322731 0.460382
vt 0.334847 0.452286
vt 0.348311 0.446710
vt 0.362603 0.443867
vt 0.377175 0.443867
vt 0.391468 0.446710
vt 0.404931 0.452286
vt 0.417047 0.460382
vt 0.427351 0.470687
vt 0.435447 0.482803
vt 0.441024 0.496266
vt 0.443867 0.510558
vt 0.443867 0.525131
vt 0.441024 0.539423
vt 0.435447 0.552886
vt 0.427351 0.565003
vt 0.417047 0.575307
vt 0.404931 0.583403
vt 0.391468 0.588980
vt 0.377175 0.591823
vt 0.362603 0.591823
vt 0.348311 0.588980
vt 0.334847 0.583403
vt 0.322731 0.575307
vt 0.312427 0.565003
vt 0.304331 0.552886
vt 0.746619 0.297343
vt 0.746619 0.446015
vt 0.525131 0.591823
vt 0.510559 0.591823
vt 0.496266 0.588980
vt 0.482803 0.583403
vt 0.470687 0.575307
vt 0.460382 0.565003
vt 0.452286 0.552886
vt 0.446710 0.539423
vt 0.443867 0.525131
vt 0.443867 0.510559
vt 0.446710 0.496266
vt 0.452286 0.482803
vt 0.460382 0.470687
vt 0.470687 0.460382
vt 0.482803 0.452286
vt 0.496266 0.446710
vt 0.510558 0.443867
vt 0.525131 0.443867
vt 0.539423 0.446710
vt 0.552886 0.452286
vt 0.565003 0.460382
vt 0.575307 0.470687
vt 0.583403 0.482803
vt 0.588980 0.496266
vt 0.591823 0.510559
vt 0.591823 0.525131
vt 0.588980 0.539423
vt 0.583403 0.552886
vt 0.575307 0.565003
vt 0.565003 0.575307
vt 0.552886 0.583403
vt 0.539423 0.588980
vt 0.865812 0.148672
vt 0.865812 0.000000
vt 0.880104 0.000000
vt 0.880104 0.148672
vt 0.893567 0.000000
vt 0.893567 0.148672
vt 0.905684 0.000000
vt 0.905684 0.148672
vt 0.915988 0.000000
vt 0.915988 0.148672
vt 0.706747 0.743358
vt 0.706747 0.892029
vt 0.718864 0.743358
vt 0.718864 0.892029
vt 0.732327 0.743358
vt 0.732327 0.892029
vt 0.746619 0.743358
vt 0.746619 0.892029
vt 0.761191 0.743358
vt 0.761191 0.892029
vt 0.775484 0.743358
vt 0.775484 0.892029
vt 0.788947 0.743358
vt 0.788947 0.892029
vt 0.801063 0.892029
vt 0.229849 0.740494
vt 0.229849 0.591823
vt 0.240153 0.591823
vt 0.240153 0.740494
vt 0.252270 0.591823
vt 0.252270 0.740494
vt 0.265733 0.591823
vt 0.265733 0.740494
vt 0.280025 0.591823
vt 0.280025 0.740494
vt 0.294598 0.591823
vt 0.294598 0.740494
vt 0.308890 0.591823
vt 0.308890 0.740494
vt 0.322353 0.591823
vt 0.322353 0.740494
vt 0.334470 0.591823
vt 0.334470 0.740494
vt 0.917800 0.446015
vt 0.931263 0.594686
vt 0.945556 0.594686
vt 0.974420 0.446015
vt 0.987884 0.594686
vt 1.000000 0.594686
vt 0.811368 0.148672
vt 0.811368 0.000000
vt 0.823484 0.000000
vt 0.823484 0.148672
vt 0.836947 0.000000
vt 0.836947 0.148672
vt 0.026820 0.575307
vt 0.016515 0.565003
vt 0.008420 0.552886
vt 0.002843 0.539423
vt -0.000000 0.525131
vt -0.000000 0.510559
vt 0.002843 0.496266
vt 0.008419 0.482803
vt 0.016515 0.470687
vt 0.026820 0.460382
vt 0.038936 0.452286
vt 0.052399 0.446710
vt 0.066692 0.443867
vt 0.081264 0.443867
vt 0.095556 0.446710
vt 0.109019 0.452286
vt 0.121136 0.460382
vt 0.131440 0.470687
vt 0.139536 0.482803
vt 0.145113 0.496266
vt 0.147956 0.510558
vt 0.147956 0.525131
vt 0.145113 0.539423
vt 0.139536 0.552886
vt 0.131440 0.565003
vt 0.121136 0.575307
vt 0.109019 0.583403
vt 0.095556 0.588980
vt 0.081264 0.591823
vt 0.066692 0.591823
vt 0.052399 0.588980
vt 0.038936 0.583403
vt 0.851240 0.000000
vt 0.851240 0.148672
vt 0.460382 0.121136
vt 0.452286 0.109019
vt 0.446710 0.095556
vt 0.443867 0.081264
vt 0.446710 0.052399
vt 0.452286 0.038936
vt 0.460382 0.026820
vt 0.470687 0.016516
vt 0.482803 0.008420
vt 0.496266 0.002843
vt 0.510559 0.000000
vt 0.525131 0.000000
vt 0.539423 0.002843
vt 0.552886 0.008420
vt 0.565003 0.016516
vt 0.575307 0.026820
vt 0.583403 0.038936
vt 0.588980 0.052399
vt 0.591823 0.066692
vt 0.591823 0.081264
vt 0.588980 0.095556
vt 0.583403 0.109019
vt 0.575307 0.121136
vt 0.565003 0.131440
vt 0.552886 0.139536
vt 0.539423 0.145113
vt 0.525131 0.147956
vt 0.510559 0.147956
vt 0.496266 0.145113
vt 0.482803 0.139536
vt 0.470687 0.131440
vt 0.855508 0.743358
vt 0.855508 0.594686
vt 0.869800 0.594686
vt 0.869800 0.743358
vt 0.883263 0.594686
vt 0.883263 0.743358
vt 0.895380 0.594686
vt 0.895380 0.743358
vt 0.905684 0.594686
vt 0.905684 0.743358
vt 0.717051 0.446015
vt 0.717051 0.594686
vt 0.729168 0.446015
vt 0.729168 0.594686
vt 0.742631 0.446015
vt 0.742631 0.594686
vt 0.756923 0.446015
vt 0.756923 0.594686
vt 0.771496 0.446015
vt 0.771496 0.594686
vt 0.785788 0.446015
vt 0.785788 0.594686
vt 0.799251 0.446015
vt 0.799251 0.594686
vt 0.811368 0.446015
vt 0.811368 0.594686
vt 0.000000 0.889166
vt 0.010304 0.740494
vt 0.010304 0.889166
vt 0.022421 0.740494
vt 0.022421 0.889166
vt 0.035884 0.740494
vt 0.035884 0.889166
vt 0.050176 0.740494
vt 0.050176 0.889166
vt 0.064748 0.740494
vt 0.064748 0.889166
vt 0.079041 0.740494
vt 0.079041 0.889166
vt 0.092504 0.740494
vt 0.092504 0.889166
vt 0.104620 0.740494
vt 0.104620 0.889166
vt 0.104620 0.889166
vt 0.104620 0.740494
vt 0.114925 0.740494
vt 0.114925 0.889166
vt 0.127041 0.740494
vt 0.127041 0.889166
vt 0.140504 0.740494
vt 0.140504 0.889166
vt 0.154797 0.740494
vt 0.154797 0.889166
vt 0.169369 0.740494
vt 0.169369 0.889166
vt 0.183661 0.740494
vt 0.183661 0.889166
vt 0.197124 0.740494
vt 0.197124 0.889166
vt 0.209241 0.740494
vt 0.209241 0.889166
vt 0.801063 0.743358
vt 0.801063 0.594686
vt 0.813180 0.594686
vt 0.813180 0.743358
vt 0.826643 0.594686
vt 0.826643 0.743358
vt 0.174775 0.279396
vt 0.164471 0.269092
vt 0.156375 0.256975
vt 0.150799 0.243512
vt 0.147956 0.229220
vt 0.147956 0.214647
vt 0.150799 0.200355
vt 0.156375 0.186892
vt 0.164471 0.174775
vt 0.174775 0.164471
vt 0.186892 0.156375
vt 0.200355 0.150799
vt 0.214647 0.147956
vt 0.229220 0.147956
vt 0.243512 0.150799
vt 0.256975 0.156375
vt 0.269092 0.164471
vt 0.279396 0.174775
vt 0.287492 0.186892
vt 0.293068 0.200355
vt 0.295911 0.214647
vt 0.295911 0.229220
vt 0.293068 0.243512
vt 0.287492 0.256975
vt 0.279396 0.269092
vt 0.269092 0.279396
vt 0.256975 0.287492
vt 0.243512 0.293068
vt 0.229220 0.295911
vt 0.214647 0.295911
vt 0.200355 0.293068
vt 0.186892 0.287492
vt 0.840935 0.594686
vt 0.840935 0.743358
vt 0.174775 0.427351
vt 0.164471 0.417047
vt 0.156375 0.404931
vt 0.150799 0.391468
vt 0.147956 0.377175
vt 0.147956 0.362603
vt 0.150799 0.348311
vt 0.156375 0.334848
vt 0.164471 0.322731
vt 0.174775 0.312427
vt 0.186892 0.304331
vt 0.200355 0.298754
vt 0.214647 0.295911
vt 0.229220 0.295911
vt 0.243512 0.298754
vt 0.256975 0.304331
vt 0.269091 0.312427
vt 0.279396 0.322731
vt 0.287492 0.334847
vt 0.293068 0.348311
vt 0.295911 0.362603
vt 0.295911 0.377175
vt 0.293068 0.391468
vt 0.287492 0.404931
vt 0.279396 0.417047
vt 0.269092 0.427351
vt 0.256975 0.435447
vt 0.243512 0.441024
vt 0.229220 0.443867
vt 0.214647 0.443867
vt 0.200355 0.441024
vt 0.186892 0.435447
s 1
usemtl NubeAzul.002
f 513/1024/35 514/1025/35 516/1026/35 515/1027/35
f 515/1027/36 516/1026/36 518/1028/36 517/1029/36
f 517/1029/37 518/1028/37 520/1030/37 519/1031/37
f 519/1031/38 520/1030/38 522/1032/38 521/1033/38
f 521/1034/39 522/1035/39 524/1036/39 523/1037/39
f 523/1037/40 524/1036/40 526/1038/40 525/1039/40
f 525/1039/41 526/1038/41 528/1040/41 527/1041/41
f 527/1041/42 528/1040/42 530/1042/42 529/1043/42
f 529/1043/43 530/1042/43 532/1044/43 531/1045/43
f 531/1045/44 532/1044/44 534/1046/44 533/1047/44
f 533/1047/45 534/1046/45 536/1048/45 535/1049/45
f 535/1049/46 536/1048/46 538/1050/46 537/1051/46
f 537/1051/47 538/1050/47 540/1052/47 539/1053/47
f 539/1033/48 540/1032/48 542/1054/48 541/1055/48
f 541/1055/49 542/1054/49 544/1056/49 543/1057/49
f 543/1057/50 544/1056/50 546/1058/50 545/1059/50
f 545/1059/51 546/1058/51 548/1060/51 547/1061/51
f 547/1061/52 548/1060/52 550/1062/52 549/1063/52
f 549/1063/53 550/1062/53 552/1064/53 551/1065/53
f 551/1065/54 552/1064/54 554/1066/54 553/1067/54
f 553/1067/55 554/1066/55 556/1068/55 555/1069/55
f 555/1070/56 556/1071/56 558/1072/56 557/1073/56
f 557/1073/57 558/1072/57 560/1074/57 559/1075/57
f 559/1075/58 560/1074/58 562/1076/58 561/1077/58
f 561/1077/59 562/1076/59 564/1078/59 563/1079/59
f 563/1079/60 564/1078/60 566/1080/60 565/1081/60
f 565/1081/61 566/1080/61 568/1082/61 567/1083/61
f 567/1083/62 568/1082/62 570/1084/62 569/1085/62
f 569/1086/63 570/1087/63 572/1088/63 571/1089/63
f 571/1089/64 572/1088/64 574/1090/64 573/1091/64
f 516/1092/65 514/1093/65 576/1094/65 574/1095/65 572/1096/65 570/1097/65 568/1098/65 566/1099/65 564/1100/65 562/1101/65 560/1102/65 558/1103/65 556/1104/65 554/1105/65 552/1106/65 550/1107/65 548/1108/65 546/1109/65 544/1110/65 542/1111/65 540/1112/65 538/1113/65 536/1114/65 534/1115/65 532/1116/65 530/1117/65 528/1118/65 526/1119/65 524/1120/65 522/1121/65 520/1122/65 518/1123/65
f 573/1091/66 574/1090/66 576/1124/66 575/1125/66
f 575/1125/67 576/1124/67 514/1025/67 513/1024/67
f 513/1126/68 515/1127/68 517/1128/68 519/1129/68 521/1130/68 523/1131/68 525/1132/68 527/1133/68 529/1134/68 531/1135/68 533/1136/68 535/1137/68 537/1138/68 539/1139/68 541/1140/68 543/1141/68 545/1142/68 547/1143/68 549/1144/68 551/1145/68 553/1146/68 555/1147/68 557/1148/68 559/1149/68 561/1150/68 563/1151/68 565/1152/68 567/1153/68 569/1154/68 571/1155/68 573/1156/68 575/1157/68
f 577/1158/35 578/1159/35 580/1160/35 579/1161/35
f 579/1161/36 580/1160/36 582/1162/36 581/1163/36
f 581/1163/37 582/1162/37 584/1164/37 583/1165/37
f 583/1165/38 584/1164/38 586/1166/38 585/1167/38
f 585/1168/39 586/1034/39 588/1037/39 587/1169/39
f 587/1169/40 588/1037/40 590/1039/40 589/1170/40
f 589/1170/41 590/1039/41 592/1041/41 591/1171/41
f 591/1171/42 592/1041/42 594/1043/42 593/1172/42
f 593/1172/43 594/1043/43 596/1045/43 595/1173/43
f 595/1173/44 596/1045/44 598/1047/44 597/1174/44
f 597/1174/45 598/1047/45 600/1049/45 599/1175/45
f 599/1175/46 600/1049/46 602/1051/46 601/1176/46
f 601/1176/47 602/1051/47 604/1053/47 603/1177/47
f 603/1178/48 604/1179/48 606/1180/48 605/1181/48
f 605/1181/49 606/1180/49 608/1182/49 607/1183/49
f 607/1183/50 608/1182/50 610/1184/50 609/1185/50
f 609/1185/51 610/1184/51 612/1186/51 611/1187/51
f 611/1187/52 612/1186/52 614/1188/52 613/1189/52
f 613/1189/53 614/1188/53 616/1190/53 615/1191/53
f 615/1191/54 616/1190/54 618/1192/54 617/1193/54
f 617/1194/55 618/1195/55 620/1196/55 619/1197/55
f 619/1197/56 620/1196/56 622/1198/56 621/1199/56
f 621/1199/57 622/1198/57 624/1200/57 623/1201/57
f 623/1201/58 624/1200/58 626/1202/58 625/1203/58
f 625/1203/59 626/1202/59 628/1204/59 627/1205/59
f 627/1205/60 628/1204/60 630/1206/60 629/1207/60
f 629/1207/61 630/1206/61 632/1208/61 631/1209/61
f 631/1209/62 632/1208/62 634/1210/62 633/1211/62
f 633/1212/63 634/1213/63 636/1214/63 635/1215/63
f 635/1215/64 636/1214/64 638/1216/64 637/1217/64
f 580/1218/65 578/1219/65 640/1220/65 638/1221/65 636/1222/65 634/1223/65 632/1224/65 630/1225/65 628/1226/65 626/1227/65 624/1228/65 622/1229/65 620/1230/65 618/1231/65 616/1232/65 614/1233/65 612/1234/65 610/1235/65 608/1236/65 606/1237/65 604/1238/65 602/1239/65 600/1240/65 598/1241/65 596/1242/65 594/1243/65 592/1244/65 590/1245/65 588/1246/65 586/1247/65 584/1248/65 582/1249/65
f 637/1217/66 638/1216/66 640/1250/66 639/1251/66
f 639/1251/67 640/1250/67 578/1159/67 577/1158/67
f 577/1252/68 579/1253/68 581/1254/68 583/1255/68 585/1256/68 587/1257/68 589/1258/68 591/1259/68 593/1260/68 595/1261/68 597/1262/68 599/1263/68 601/1264/68 603/1265/68 605/1266/68 607/1267/68 609/1268/68 611/1269/68 613/1270/68 615/1271/68 617/1272/68 619/1273/68 621/1274/68 623/1275/68 625/1276/68 627/1277/68 629/1278/68 631/1279/68 633/1280/68 635/1281/68 637/1282/68 639/1283/68
f 641/1284/35 642/1285/35 644/1286/35 643/1287/35
f 643/1287/36 644/1286/36 646/1288/36 645/1289/36
f 645/1289/37 646/1288/37 648/1290/37 647/1291/37
f 647/1291/38 648/1290/38 650/1292/38 649/1293/38
f 649/1294/39 650/1295/39 652/1296/39 651/1297/39
f 651/1297/40 652/1296/40 654/1298/40 653/1299/40
f 653/1299/41 654/1298/41 656/1300/41 655/1301/41
f 655/1301/42 656/1300/42 658/1302/42 657/1303/42
f 657/1303/43 658/1302/43 660/1304/43 659/1305/43
f 659/1305/44 660/1304/44 662/1306/44 661/1307/44
f 661/1307/45 662/1306/45 664/1308/45 663/1309/45
f 663/1309/46 664/1308/46 666/1310/46 665/1311/46
f 665/1295/47 666/1312/47 668/1313/47 667/1314/47
f 667/1314/48 668/1313/48 670/1315/48 669/1298/48
f 669/1298/49 670/1315/49 672/1316/49 671/1317/49
f 671/1317/50 672/1316/50 674/1318/50 673/1302/50
f 673/1302/51 674/1318/51 676/1319/51 675/1304/51
f 675/1304/52 676/1319/52 678/1320/52 677/1306/52
f 677/1306/53 678/1320/53 680/1321/53 679/1322/53
f 679/1322/54 680/1321/54 682/1323/54 681/1310/54
f 681/1310/55 682/1323/55 684/1324/55 683/1325/55
f 683/1326/56 684/1327/56 686/1328/56 685/1329/56
f 685/1329/57 686/1328/57 688/1330/57 687/1331/57
f 687/1331/58 688/1330/58 690/1332/58 689/1333/58
f 689/1333/59 690/1332/59 692/1334/59 691/1335/59
f 691/1335/60 692/1334/60 694/1336/60 693/1337/60
f 693/1337/61 694/1336/61 696/1338/61 695/1339/61
f 695/1339/62 696/1338/62 698/1340/62 697/1341/62
f 697/1342/63 698/1343/63 700/1344/63 699/1345/63
f 699/1345/64 700/1344/64 702/1346/64 701/1347/64
f 644/1348/65 642/1349/65 704/1350/65 702/1351/65 700/1352/65 698/1353/65 696/1354/65 694/1355/65 692/1356/65 690/1357/65 688/1358/65 686/1359/65 684/1360/65 682/1361/65 680/1362/65 678/1363/65 676/1364/65 674/1365/65 672/1366/65 670/1367/65 668/1368/65 666/1369/65 664/1370/65 662/1371/65 660/1372/65 658/1373/65 656/1374/65 654/1375/65 652/1376/65 650/1377/65 648/1378/65 646/1379/65
f 701/1347/66 702/1346/66 704/1380/66 703/1381/66
f 703/1381/67 704/1380/67 642/1285/67 641/1284/67
f 641/1382/68 643/1383/68 645/1384/68 647/1385/68 649/1386/68 651/1387/68 653/1388/68 655/1389/68 657/1390/68 659/1391/68 661/1392/68 663/1393/68 665/1394/68 667/1395/68 669/1396/68 671/1397/68 673/1398/68 675/1399/68 677/1400/68 679/1401/68 681/1402/68 683/1403/68 685/1404/68 687/1405/68 689/1406/68 691/1407/68 693/1408/68 695/1409/68 697/1410/68 699/1411/68 701/1412/68 703/1413/68
f 705/1414/35 706/1415/35 708/1416/35 707/1417/35
f 707/1417/36 708/1416/36 710/1418/36 709/1419/36
f 709/1419/37 710/1418/37 712/1420/37 711/1421/37
f 711/1421/38 712/1420/38 714/1422/38 713/1423/38
f 713/1424/39 714/1425/39 716/1426/39 715/1427/39
f 715/1427/40 716/1426/40 718/1428/40 717/1429/40
f 717/1429/41 718/1428/41 720/1430/41 719/1431/41
f 719/1431/42 720/1430/42 722/1432/42 721/1433/42
f 721/1433/43 722/1432/43 724/1434/43 723/1435/43
f 723/1435/44 724/1434/44 726/1436/44 725/1437/44
f 725/1437/45 726/1436/45 728/1438/45 727/1439/45
f 727/1439/46 728/1438/46 730/1440/46 729/1441/46
f 729/1441/47 730/1440/47 732/1442/47 731/1443/47
f 731/1444/48 732/1193/48 734/1445/48 733/1446/48
f 733/1446/49 734/1445/49 736/1447/49 735/1448/49
f 735/1448/50 736/1447/50 738/1449/50 737/1450/50
f 737/1450/51 738/1449/51 740/1335/51 739/1451/51
f 739/1451/52 740/1335/52 742/1452/52 741/1453/52
f 741/1453/53 742/1452/53 744/1454/53 743/1455/53
f 743/1455/54 744/1454/54 746/1456/54 745/1457/54
f 745/1458/55 746/1459/55 748/1460/55 747/1461/55
f 747/1461/56 748/1460/56 750/1462/56 749/1463/56
f 749/1463/57 750/1462/57 752/1464/57 751/1465/57
f 751/1465/58 752/1464/58 754/1466/58 753/1467/58
f 753/1467/59 754/1466/59 756/1468/59 755/1469/59
f 755/1469/60 756/1468/60 758/1470/60 757/1471/60
f 757/1471/61 758/1470/61 760/1472/61 759/1473/61
f 759/1473/62 760/1472/62 762/1474/62 761/1475/62
f 761/1476/63 762/1477/63 764/1478/63 763/1479/63
f 763/1479/64 764/1478/64 766/1480/64 765/1481/64
f 708/1482/65 706/1483/65 768/1484/65 766/1485/65 764/1486/65 762/1487/65 760/1488/65 758/1489/65 756/1490/65 754/1491/65 752/1492/65 750/1493/65 748/1494/65 746/1495/65 744/1496/65 742/1497/65 740/1498/65 738/1499/65 736/1500/65 734/1501/65 732/1502/65 730/1503/65 728/1504/65 726/1505/65 724/1506/65 722/1507/65 720/1508/65 718/1509/65 716/1510/65 714/1511/65 712/1512/65 710/1513/65
f 765/1481/66 766/1480/66 768/1514/66 767/1515/66
f 767/1515/67 768/1514/67 706/1415/67 705/1414/67
f 705/1516/68 707/1517/68 709/1518/68 711/1519/68 713/1520/68 715/1521/68 717/1522/68 719/1523/68 721/1524/68 723/1525/68 725/1526/68 727/1527/68 729/1528/68 731/1529/68 733/1530/68 735/1531/68 737/1532/68 739/1533/68 741/1534/68 743/1535/68 745/1536/68 747/1537/68 749/1538/68 751/1539/68 753/1540/68 755/1541/68 757/1542/68 759/1543/68 761/1544/68 763/1545/68 765/1546/68 767/1547/68
f 769/1548/35 770/1549/35 772/1550/35 771/1551/35
f 771/1551/36 772/1550/36 774/1552/36 773/1553/36
f 773/1553/37 774/1552/37 776/1554/37 775/1555/37
f 775/1555/38 776/1554/38 778/1556/38 777/1557/38
f 777/1558/39 778/1559/39 780/1560/39 779/1561/39
f 779/1561/40 780/1560/40 782/1562/40 781/1563/40
f 781/1563/41 782/1562/41 784/1564/41 783/1565/41
f 783/1565/42 784/1564/42 786/1566/42 785/1567/42
f 785/1567/43 786/1566/43 788/1568/43 787/1569/43
f 787/1569/44 788/1568/44 790/1570/44 789/1571/44
f 789/1571/45 790/1570/45 792/1572/45 791/1573/45
f 791/1573/46 792/1572/46 794/1574/46 793/1575/46
f 793/1575/47 794/1574/47 796/1576/47 795/1577/47
f 795/1578/48 796/1579/48 798/1580/48 797/1581/48
f 797/1581/49 798/1580/49 800/1582/49 799/1583/49
f 799/1583/50 800/1582/50 802/1584/50 801/1585/50
f 801/1585/51 802/1584/51 804/1586/51 803/1587/51
f 803/1587/52 804/1586/52 806/1588/52 805/1589/52
f 805/1589/53 806/1588/53 808/1590/53 807/1591/53
f 807/1591/54 808/1590/54 810/1592/54 809/1593/54
f 809/1053/55 810/1052/55 812/1594/55 811/1595/55
f 811/1595/56 812/1594/56 814/1596/56 813/1597/56
f 813/1597/57 814/1596/57 816/1598/57 815/1599/57
f 815/1599/58 816/1598/58 818/1600/58 817/1601/58
f 817/1601/59 818/1600/59 820/1602/59 819/1603/59
f 819/1603/60 820/1602/60 822/1604/60 821/1605/60
f 821/1605/61 822/1604/61 824/1606/61 823/1607/61
f 823/1607/62 824/1606/62 826/1608/62 825/1178/62
f 825/1069/63 826/1068/63 828/1609/63 827/1610/63
f 827/1610/64 828/1609/64 830/1611/64 829/1612/64
f 772/1613/65 770/1614/65 832/1615/65 830/1616/65 828/1617/65 826/1618/65 824/1619/65 822/1620/65 820/1621/65 818/1622/65 816/1623/65 814/1624/65 812/1625/65 810/1626/65 808/1627/65 806/1628/65 804/1629/65 802/1630/65 800/1631/65 798/1632/65 796/1633/65 794/1634/65 792/1635/65 790/1636/65 788/1637/65 786/1638/65 784/1639/65 782/1640/65 780/1641/65 778/1642/65 776/1643/65 774/1644/65
f 829/1612/66 830/1611/66 832/1645/66 831/1646/66
f 831/1646/67 832/1645/67 770/1549/67 769/1548/67
f 769/1647/68 771/1648/68 773/1649/68 775/1650/68 777/1651/68 779/1652/68 781/1653/68 783/1654/68 785/1655/68 787/1656/68 789/1657/68 791/1658/68 793/1659/68 795/1660/68 797/1661/68 799/1662/68 801/1663/68 803/1664/68 805/1665/68 807/1666/68 809/1667/68 811/1668/68 813/1669/68 815/1670/68 817/1671/68 819/1672/68 821/1673/68 823/1674/68 825/1675/68 827/1676/68 829/1677/68 831/1678/68
f 833/1679/35 834/1680/35 836/1681/35 835/1682/35
f 835/1682/36 836/1681/36 838/1683/36 837/1684/36
f 837/1684/37 838/1683/37 840/1685/37 839/1686/37
f 839/1686/38 840/1685/38 842/1178/38 841/1071/38
f 841/1443/39 842/1442/39 844/1687/39 843/1688/39
f 843/1688/40 844/1687/40 846/1689/40 845/1690/40
f 845/1690/41 846/1689/41 848/1691/41 847/1692/41
f 847/1692/42 848/1691/42 850/1693/42 849/1694/42
f 849/1694/43 850/1693/43 852/1695/43 851/1696/43
f 851/1696/44 852/1695/44 854/1697/44 853/1698/44
f 853/1698/45 854/1697/45 856/1699/45 855/1700/45
f 855/1700/46 856/1699/46 858/1701/46 857/1702/46
f 857/1702/47 858/1701/47 860/1703/47 859/1704/47
f 859/1071/48 860/1178/48 862/1181/48 861/1072/48
f 861/1072/49 862/1181/49 864/1183/49 863/1074/49
f 863/1074/50 864/1183/50 866/1185/50 865/1076/50
f 865/1076/51 866/1185/51 868/1187/51 867/1705/51
f 867/1705/52 868/1187/52 870/1189/52 869/1706/52
f 869/1706/53 870/1189/53 872/1191/53 871/1082/53
f 871/1082/54 872/1191/54 874/1193/54 873/1084/54
f 873/1707/55 874/1708/55 876/1709/55 875/1710/55
f 875/1710/56 876/1709/56 878/1711/56 877/1712/56
f 877/1712/57 878/1711/57 880/1301/57 879/1713/57
f 879/1713/58 880/1301/58 882/1714/58 881/1715/58
f 881/1715/59 882/1714/59 884/1716/59 883/1717/59
f 883/1717/60 884/1716/60 886/1718/60 885/1719/60
f 885/1719/61 886/1718/61 888/1309/61 887/1720/61
f 887/1720/62 888/1309/62 890/1721/62 889/1722/62
f 889/1723/63 890/1053/63 892/1724/63 891/1725/63
f 891/1725/64 892/1724/64 894/1726/64 893/1727/64
f 836/1728/65 834/1729/65 896/1730/65 894/1731/65 892/1732/65 890/1733/65 888/1734/65 886/1735/65 884/1736/65 882/1737/65 880/1738/65 878/1739/65 876/1740/65 874/1741/65 872/1742/65 870/1743/65 868/1744/65 866/1745/65 864/1746/65 862/1747/65 860/1748/65 858/1749/65 856/1750/65 854/1751/65 852/1752/65 850/1753/65 848/1754/65 846/1755/65 844/1756/65 842/1757/65 840/1758/65 838/1759/65
f 893/1727/66 894/1726/66 896/1760/66 895/1761/66
f 895/1761/67 896/1760/67 834/1680/67 833/1679/67
f 833/1762/68 835/1763/68 837/1764/68 839/1765/68 841/1766/68 843/1767/68 845/1768/68 847/1769/68 849/1770/68 851/1771/68 853/1772/68 855/1773/68 857/1774/68 859/1775/68 861/1776/68 863/1777/68 865/1778/68 867/1779/68 869/1780/68 871/1781/68 873/1782/68 875/1783/68 877/1784/68 879/1785/68 881/1786/68 883/1787/68 885/1788/68 887/1789/68 889/1790/68 891/1791/68 893/1792/68 895/1793/68
f 897/1794/35 898/1795/35 900/1796/35 899/1797/35
f 899/1797/36 900/1796/36 902/1798/36 901/1799/36
f 901/1799/37 902/1798/37 904/1800/37 903/1801/37
f 903/1801/38 904/1800/38 906/1802/38 905/1803/38
f 905/1722/39 906/1476/39 908/1804/39 907/1805/39
f 907/1805/40 908/1804/40 910/1806/40 909/1807/40
f 909/1807/41 910/1806/41 912/1808/41 911/1809/41
f 911/1809/42 912/1808/42 914/1810/42 913/1811/42
f 913/1811/43 914/1810/43 916/1812/43 915/1813/43
f 915/1813/44 916/1812/44 918/1814/44 917/1815/44
f 917/1815/45 918/1814/45 920/1816/45 919/1817/45
f 919/1817/46 920/1816/46 922/1423/46 921/1818/46
f 921/1819/47 922/1820/47 924/1821/47 923/1822/47
f 923/1822/48 924/1821/48 926/1823/48 925/1824/48
f 925/1824/49 926/1823/49 928/1825/49 927/1826/49
f 927/1826/50 928/1825/50 930/1827/50 929/1828/50
f 929/1828/51 930/1827/51 932/1829/51 931/1830/51
f 931/1830/52 932/1829/52 934/1831/52 933/1832/52
f 933/1832/53 934/1831/53 936/1833/53 935/1834/53
f 935/1834/54 936/1833/54 938/1835/54 937/1836/54
f 937/1836/55 938/1835/55 940/1213/55 939/1212/55
f 939/1085/56 940/1444/56 942/1837/56 941/1580/56
f 941/1580/57 942/1837/57 944/1448/57 943/1838/57
f 943/1838/58 944/1448/58 946/1450/58 945/1839/58
f 945/1839/59 946/1450/59 948/1451/59 947/1586/59
f 947/1586/60 948/1451/60 950/1840/60 949/1588/60
f 949/1588/61 950/1840/61 952/1455/61 951/1841/61
f 951/1841/62 952/1455/62 954/1457/62 953/1842/62
f 953/1843/63 954/1844/63 956/1845/63 955/1846/63
f 955/1846/64 956/1845/64 958/1847/64 957/1848/64
f 900/1849/65 898/1850/65 960/1851/65 958/1852/65 956/1853/65 954/1854/65 952/1855/65 950/1856/65 948/1857/65 946/1858/65 944/1859/65 942/1860/65 940/1861/65 938/1862/65 936/1863/65 934/1864/65 932/1865/65 930/1866/65 928/1867/65 926/1868/65 924/1869/65 922/1870/65 920/1871/65 918/1872/65 916/1873/65 914/1874/65 912/1875/65 910/1876/65 908/1877/65 906/1878/65 904/1879/65 902/1880/65
f 957/1848/66 958/1847/66 960/1881/66 959/1882/66
f 959/1882/67 960/1881/67 898/1795/67 897/1794/67
f 897/1883/68 899/1884/68 901/1885/68 903/1886/68 905/1510/68 907/1887/68 909/1888/68 911/1889/68 913/1890/68 915/1891/68 917/1892/68 919/1893/68 921/1894/68 923/1895/68 925/1896/68 927/1897/68 929/1898/68 931/1899/68 933/1900/68 935/1901/68 937/1902/68 939/1903/68 941/1904/68 943/1905/68 945/1906/68 947/1907/68 949/1908/68 951/1909/68 953/1910/68 955/1911/68 957/1912/68 959/1913/68
f 961/1914/35 962/1915/35 964/1916/35 963/1917/35
f 963/1917/36 964/1916/36 966/1918/36 965/1919/36
f 965/1919/37 966/1918/37 968/1920/37 967/1921/37
f 967/1921/38 968/1920/38 970/1922/38 969/1923/38
f 969/1325/39 970/1723/39 972/1924/39 971/1925/39
f 971/1925/40 972/1924/40 974/1926/40 973/1927/40
f 973/1927/41 974/1926/41 976/1928/41 975/1929/41
f 975/1929/42 976/1928/42 978/1930/42 977/1931/42
f 977/1931/43 978/1930/43 980/1932/43 979/1933/43
f 979/1933/44 980/1932/44 982/1934/44 981/1935/44
f 981/1935/45 982/1934/45 984/1936/45 983/1937/45
f 983/1937/46 984/1936/46 986/1938/46 985/1939/46
f 985/1940/47 986/1424/47 988/1941/47 987/1942/47
f 987/1942/48 988/1941/48 990/1943/48 989/1944/48
f 989/1944/49 990/1943/49 992/1945/49 991/1946/49
f 991/1946/50 992/1945/50 994/1947/50 993/1948/50
f 993/1948/51 994/1947/51 996/1949/51 995/1950/51
f 995/1950/52 996/1949/52 998/1951/52 997/1952/52
f 997/1952/53 998/1951/53 1000/1953/53 999/1954/53
f 999/1954/54 1000/1953/54 1002/1955/54 1001/1956/54
f 1001/1957/55 1002/1958/55 1004/1959/55 1003/1960/55
f 1003/1960/56 1004/1959/56 1006/1961/56 1005/1962/56
f 1005/1962/57 1006/1961/57 1008/1963/57 1007/1964/57
f 1007/1964/58 1008/1963/58 1010/1965/58 1009/1966/58
f 1009/1966/59 1010/1965/59 1012/1967/59 1011/1968/59
f 1011/1968/60 1012/1967/60 1014/1969/60 1013/1970/60
f 1013/1970/61 1014/1969/61 1016/1971/61 1015/1972/61
f 1015/1972/62 1016/1971/62 1018/1973/62 1017/1974/62
f 1017/1975/63 1018/1976/63 1020/1977/63 1019/1978/63
f 1019/1978/64 1020/1977/64 1022/1979/64 1021/1980/64
f 964/1981/65 962/1982/65 1024/1983/65 1022/1984/65 1020/1985/65 1018/1986/65 1016/1987/65 1014/1988/65 1012/1989/65 1010/1990/65 1008/1991/65 1006/1992/65 1004/1993/65 1002/1994/65 1000/1995/65 998/1996/65 996/1997/65 994/1998/65 992/1999/65 990/2000/65 988/2001/65 986/2002/65 984/2003/65 982/2004/65 980/2005/65 978/2006/65 976/2007/65 974/2008/65 972/2009/65 970/2010/65 968/2011/65 966/2012/65
f 1021/1980/66 1022/1979/66 1024/2013/66 1023/2014/66
f 1023/2014/67 1024/2013/67 962/1915/67 961/1914/67
f 961/2015/68 963/2016/68 965/2017/68 967/2018/68 969/2019/68 971/2020/68 973/2021/68 975/2022/68 977/2023/68 979/2024/68 981/2025/68 983/2026/68 985/2027/68 987/2028/68 989/2029/68 991/2030/68 993/2031/68 995/2032/68 997/2033/68 999/2034/68 1001/2035/68 1003/2036/68 1005/2037/68 1007/2038/68 1009/2039/68 1011/2040/68 1013/2041/68 1015/2042/68 1017/2043/68 1019/2044/68 1021/2045/68 1023/2046/68
