# Blender 5.0.1
# www.blender.org
mtllib mdlPieDerechoC.mtl
o mdlChicaPiernaDerecha
v 1.759937 3.063602 -16.168945
v 1.720483 3.078137 -16.187635
v 1.703871 3.009613 -16.195940
v 1.751631 2.995077 -16.173100
v 1.795238 3.053219 -16.148180
v 1.778625 3.084367 -16.135721
v 1.747478 3.094750 -16.156487
v 1.712177 3.107208 -16.171022
v 1.757860 3.096826 -16.121185
v 1.728789 3.107208 -16.137798
v 1.697641 3.117591 -16.152334
v 1.658188 3.125897 -16.189711
v 1.649882 3.134203 -16.168945
v 1.595893 3.157045 -16.181404
v 1.595893 3.150815 -16.204247
v 1.593816 3.125897 -16.222935
v 1.662341 3.098902 -16.208399
v 1.573051 3.044913 -16.220860
v 1.643652 3.024148 -16.216705
v 1.560592 2.955623 -16.225012
v 1.631193 2.941088 -16.222935
v 1.554362 2.862180 -16.233318
v 1.627040 2.847645 -16.231241
v 1.552286 2.760431 -16.233318
v 1.624964 2.750049 -16.227089
v 1.562668 2.669065 -16.218782
v 1.629117 2.654529 -16.210476
v 1.564745 2.646223 -16.200094
v 1.624964 2.633764 -16.193865
v 1.566821 2.642070 -16.171022
v 1.616658 2.631688 -16.164793
v 1.660264 2.623382 -16.148180
v 1.674800 2.621305 -16.173100
v 1.683106 2.615076 -16.129492
v 1.703871 2.610923 -16.150257
v 1.730866 2.606770 -16.110804
v 1.685182 2.642070 -16.187634
v 1.714254 2.631688 -16.162716
v 1.745401 2.627535 -16.119110
v 1.759937 2.625458 -16.046432
v 1.772396 2.720978 -16.125340
v 1.795238 2.718901 -16.060966
v 1.749554 2.631688 -15.982059
v 1.809773 2.818573 -16.077579
v 1.797314 2.723054 -15.984137
v 1.822232 2.831033 -15.986213
v 1.764090 2.733437 -15.915611
v 1.724636 2.639994 -15.940530
v 1.710101 2.743819 -15.869928
v 1.681029 2.639994 -15.903152
v 1.712177 2.617152 -15.948835
v 1.670647 2.619229 -15.913535
v 1.691412 2.621305 -15.961295
v 1.710101 2.615076 -15.992442
v 1.735019 2.610923 -15.986213
v 1.716330 2.608846 -16.042278
v 1.743325 2.604693 -16.046432
v 1.705948 2.610923 -16.096268
v 1.656111 2.621305 -15.934300
v 1.633270 2.621305 -15.892770
v 1.624964 2.623382 -15.915611
v 1.583433 2.631688 -15.884463
v 1.583433 2.631688 -15.909382
v 1.543980 2.642070 -15.911458
v 1.533597 2.644147 -15.886540
v 1.508679 2.646223 -15.925994
v 1.494143 2.650376 -15.905229
v 1.477531 2.644147 -15.952989
v 1.456766 2.646223 -15.936377
v 1.462996 2.644147 -15.973754
v 1.438078 2.646223 -15.963371
v 1.452613 2.644147 -16.006977
v 1.425619 2.646223 -16.002825
v 1.452613 2.644147 -16.056814
v 1.425619 2.646223 -16.060966
v 1.452613 2.650376 -16.114956
v 1.475455 2.646223 -16.100420
v 1.510756 2.644147 -16.137798
v 1.496220 2.646223 -16.160639
v 1.566821 2.642070 -16.171022
v 1.564745 2.646223 -16.200094
v 1.562668 2.669065 -16.218782
v 1.485837 2.671141 -16.175175
v 1.552286 2.760431 -16.233318
v 1.481684 2.768737 -16.198017
v 1.554362 2.862180 -16.233318
v 1.481684 2.872563 -16.202169
v 1.560592 2.955623 -16.225012
v 1.487914 2.972235 -16.200094
v 1.573051 3.044913 -16.220860
v 1.496220 3.069831 -16.200094
v 1.593816 3.125897 -16.222935
v 1.504526 3.169504 -16.198017
v 1.595893 3.150815 -16.204247
v 1.514909 3.190269 -16.181404
v 1.595893 3.157045 -16.181404
v 1.525291 3.192346 -16.160641
v 1.473378 3.221417 -16.123262
v 1.456766 3.221417 -16.137798
v 1.427695 3.242182 -16.058891
v 1.404853 3.244258 -16.065121
v 1.417313 3.248411 -16.006979
v 1.394471 3.250488 -16.006979
v 1.421466 3.244258 -15.963371
v 1.398624 3.246335 -15.957142
v 1.417313 3.240105 -15.915611
v 1.438078 3.240105 -15.925994
v 1.452613 3.240105 -15.869928
v 1.469225 3.238029 -15.886540
v 1.512832 3.233876 -15.828398
v 1.523215 3.231799 -15.849163
v 1.593816 3.219340 -15.826322
v 1.593816 3.217264 -15.801404
v 1.664417 3.196499 -15.832551
v 1.674800 3.192346 -15.807633
v 1.735019 3.167428 -15.863699
v 1.753707 3.161198 -15.842934
v 1.772396 3.140433 -15.905229
v 1.795238 3.132127 -15.890694
v 1.822232 3.103056 -15.986213
v 1.795238 3.113438 -15.990366
v 1.784855 3.096826 -16.090038
v 1.809773 3.084367 -16.100422
v 1.840921 3.071908 -15.984137
v 1.828462 3.051143 -16.108727
v 1.791085 2.988847 -16.144028
v 1.826385 2.990924 -16.104574
v 1.836768 3.011689 -15.984137
v 1.813926 3.038684 -15.882387
v 1.807697 2.939011 -15.892770
v 1.830538 2.939011 -15.986213
v 1.820156 2.920322 -16.094191
v 1.789008 2.843492 -15.903152
v 1.747478 2.947317 -15.836704
v 1.732942 2.845568 -15.849163
v 1.664417 2.853874 -15.815939
v 1.672723 2.961853 -15.803480
v 1.589663 2.868410 -15.801403
v 1.587586 2.758355 -15.828398
v 1.651958 2.750049 -15.840858
v 1.583433 2.654529 -15.869928
v 1.637423 2.644147 -15.880311
v 1.529444 2.666988 -15.872005
v 1.523215 2.770814 -15.838780
v 1.483761 2.675294 -15.892770
v 1.465072 2.779120 -15.863699
v 1.444307 2.671141 -15.928070
v 1.415236 2.781197 -15.898999
v 1.379935 2.785350 -15.948835
v 1.423542 2.671141 -15.957142
v 1.359170 2.779120 -16.013208
v 1.409006 2.669065 -16.000748
v 1.409006 2.669065 -16.065121
v 1.369553 2.777043 -16.092115
v 1.440154 2.673218 -16.125340
v 1.421466 2.774967 -16.150257
v 1.417313 2.882946 -16.158564
v 1.365400 2.893328 -16.098345
v 1.423542 2.990924 -16.156487
v 1.371629 3.007536 -16.096268
v 1.427695 3.094750 -16.156487
v 1.375782 3.117591 -16.090038
v 1.440154 3.204805 -16.150257
v 1.384088 3.229723 -16.071350
v 1.350864 3.132127 -16.019438
v 1.371629 3.235952 -16.006979
v 1.363323 3.142509 -15.950912
v 1.375782 3.231799 -15.950912
v 1.396547 3.225570 -15.905229
v 1.392394 3.125897 -15.890694
v 1.436001 3.225570 -15.855392
v 1.440154 3.115515 -15.836704
v 1.502450 3.217264 -15.809710
v 1.510756 3.103056 -15.801403
v 1.591739 3.200652 -15.780639
v 1.591739 3.088520 -15.782715
v 1.681029 3.171581 -15.786868
v 1.676876 3.067755 -15.791021
v 1.766166 3.136280 -15.826322
v 1.813926 3.105132 -15.880311
v 1.757860 3.049067 -15.824245
v 1.591739 2.978465 -15.793097
v 1.514909 2.993001 -15.805556
v 1.516985 2.880869 -15.813863
v 1.452613 2.891252 -15.842934
v 1.446384 3.005460 -15.836704
v 1.396547 2.901634 -15.884464
v 1.357094 2.916170 -15.944683
v 1.392394 3.015842 -15.886540
v 1.361247 3.026225 -15.948835
v 1.348788 3.022072 -16.021513
v 1.342558 2.907864 -16.019438
v 1.786932 2.909940 -16.139875
v 1.741248 2.822727 -16.177252
v 1.782778 2.816497 -16.135721
v 1.745401 2.914093 -16.175175
v 1.689335 2.833109 -16.208399
v 1.693488 2.926552 -16.202169
v 1.683106 2.737590 -16.204247
v 1.732942 2.727207 -16.173100
v 1.558515 2.540321 -15.882387
v 1.523215 2.548627 -15.892770
v 1.521138 2.511250 -15.901075
v 1.556439 2.500868 -15.890694
v 1.595893 2.536168 -15.882387
v 1.595893 2.575622 -15.880311
v 1.558515 2.579775 -15.882387
v 1.523215 2.586004 -15.892770
v 1.593816 2.617152 -15.888617
v 1.554362 2.621305 -15.888617
v 1.527368 2.625458 -15.896923
v 1.593816 2.623382 -15.884463
v 1.554362 2.629611 -15.884463
v 1.527368 2.633764 -15.892770
v 1.492067 2.627535 -15.917688
v 1.487914 2.635841 -15.913535
v 1.456766 2.633764 -15.948835
v 1.460919 2.627535 -15.950912
v 1.438078 2.631688 -15.977907
v 1.419389 2.619229 -16.036049
v 1.427695 2.617152 -16.027742
v 1.444307 2.625458 -15.979983
v 1.452613 2.579775 -15.955065
v 1.440154 2.559010 -15.992442
v 1.469225 2.546551 -15.936377
v 1.462996 2.517480 -15.957142
v 1.431848 2.554857 -15.994519
v 1.456766 2.511250 -15.959218
v 1.496220 2.486332 -15.928070
v 1.489990 2.478026 -15.928070
v 1.521138 2.471797 -15.913535
v 1.516985 2.463490 -15.911458
v 1.550209 2.453108 -15.901075
v 1.552286 2.461414 -15.903152
v 1.589663 2.451031 -15.905229
v 1.589663 2.442725 -15.901075
v 1.618734 2.451031 -15.911458
v 1.618734 2.442725 -15.909382
v 1.656111 2.457261 -15.934300
v 1.658188 2.446878 -15.932223
v 1.685182 2.453108 -15.963371
v 1.681029 2.463490 -15.963371
v 1.705948 2.467643 -15.998672
v 1.701795 2.475949 -15.996595
v 1.718407 2.484255 -16.019438
v 1.714254 2.490485 -16.017361
v 1.728789 2.502944 -16.046432
v 1.724636 2.509174 -16.042278
v 1.739172 2.542398 -16.077579
v 1.735019 2.548627 -16.071350
v 1.732942 2.569392 -16.094191
v 1.737095 2.573545 -16.104574
v 1.739172 2.586004 -16.075502
v 1.732942 2.577698 -16.071350
v 1.739172 2.594311 -16.033972
v 1.732942 2.586004 -16.031897
v 1.728789 2.594311 -16.004902
v 1.735019 2.600540 -16.004902
v 1.718407 2.602617 -15.973754
v 1.724636 2.608846 -15.973754
v 1.697641 2.608846 -15.942606
v 1.703871 2.615076 -15.940530
v 1.670647 2.617152 -15.913535
v 1.668570 2.608846 -15.917688
v 1.631193 2.621305 -15.892770
v 1.629117 2.612999 -15.896923
v 1.633270 2.571469 -15.890694
v 1.633270 2.532015 -15.890694
v 1.670647 2.569392 -15.909382
v 1.695565 2.534092 -15.938453
v 1.697641 2.569392 -15.938453
v 1.668570 2.532015 -15.911458
v 1.662341 2.494638 -15.919765
v 1.629117 2.492561 -15.898999
v 1.689335 2.498791 -15.946759
v 1.714254 2.538245 -15.969601
v 1.708024 2.507097 -15.977907
v 1.724636 2.542398 -15.994519
v 1.722560 2.517480 -16.004902
v 1.730866 2.548627 -16.015284
v 1.730866 2.534092 -16.027742
v 1.737095 2.556933 -16.046432
v 1.735019 2.563163 -16.021513
v 1.728789 2.567316 -15.996595
v 1.718407 2.567316 -15.967525
v 1.591739 2.494638 -15.888617
v 1.492067 2.525786 -15.915611
v 1.494143 2.556933 -15.907306
v 1.492067 2.590158 -15.909382
v 1.475455 2.565239 -15.923918
v 1.469225 2.590158 -15.932223
v 1.687259 2.527862 -15.886540
v 1.689335 2.571469 -15.884463
v 1.722560 2.569392 -15.917688
v 1.720483 2.527862 -15.919765
v 1.681029 2.484255 -15.896923
v 1.645729 2.527862 -15.861622
v 1.639499 2.482179 -15.872005
v 1.645729 2.573545 -15.861622
v 1.597969 2.532015 -15.851239
v 1.595893 2.486332 -15.859546
v 1.600045 2.577698 -15.851239
v 1.550209 2.494638 -15.861622
v 1.552286 2.538245 -15.853316
v 1.554362 2.583928 -15.851239
v 1.508679 2.505021 -15.874082
v 1.510756 2.546551 -15.863699
v 1.510756 2.588081 -15.863699
v 1.473378 2.519556 -15.892770
v 1.475455 2.554857 -15.882387
v 1.473378 2.592234 -15.884463
v 1.454690 2.563163 -15.903152
v 1.444307 2.542398 -15.917688
v 1.438078 2.509174 -15.940530
v 1.423542 2.579775 -15.940530
v 1.411083 2.556933 -15.979983
v 1.415236 2.552780 -15.988289
v 1.398624 2.615076 -16.017361
v 1.442231 2.507097 -15.948835
v 1.415236 2.625458 -15.965447
v 1.436001 2.631688 -15.932223
v 1.442231 2.635841 -15.936377
v 1.421466 2.631688 -15.969601
v 1.429772 2.633764 -15.973754
v 1.400700 2.619229 -16.027742
v 1.409006 2.623382 -16.036049
v 1.419389 2.619229 -16.036049
v 1.423542 2.550704 -15.994519
v 1.431848 2.554857 -15.994519
v 1.448460 2.507097 -15.955065
v 1.456766 2.511250 -15.959218
v 1.483761 2.473873 -15.923918
v 1.489990 2.478026 -15.928070
v 1.512832 2.459337 -15.905229
v 1.477531 2.473873 -15.915611
v 1.508679 2.459337 -15.896923
v 1.475455 2.478026 -15.907306
v 1.506602 2.461414 -15.888617
v 1.546056 2.446878 -15.882387
v 1.546056 2.451031 -15.876158
v 1.589663 2.438572 -15.884463
v 1.591739 2.440649 -15.876158
v 1.629117 2.440649 -15.886540
v 1.624964 2.436496 -15.892770
v 1.674800 2.444802 -15.911458
v 1.668570 2.440649 -15.917688
v 1.622887 2.436496 -15.903152
v 1.589663 2.438572 -15.892770
v 1.548133 2.446878 -15.892770
v 1.589663 2.442725 -15.901075
v 1.550209 2.453108 -15.901075
v 1.516985 2.463490 -15.911458
v 1.618734 2.442725 -15.909382
v 1.658188 2.446878 -15.932223
v 1.662341 2.442725 -15.925994
v 1.685182 2.453108 -15.963371
v 1.691412 2.448955 -15.959218
v 1.705948 2.467643 -15.998672
v 1.714254 2.461414 -15.996595
v 1.718407 2.484255 -16.019438
v 1.726713 2.478026 -16.019438
v 1.728789 2.502944 -16.046432
v 1.749554 2.540321 -16.079657
v 1.739172 2.542398 -16.077579
v 1.737095 2.498791 -16.046432
v 1.745401 2.496715 -16.044355
v 1.766166 2.544474 -16.073425
v 1.757860 2.542398 -16.077579
v 1.753707 2.500868 -16.040201
v 1.737095 2.478026 -16.015284
v 1.743325 2.480103 -16.011131
v 1.722560 2.461414 -15.992442
v 1.728789 2.463490 -15.986213
v 1.699718 2.446878 -15.952989
v 1.705948 2.451031 -15.946759
v 1.735019 2.496715 -15.965447
v 1.714254 2.488409 -15.930147
v 1.741248 2.532015 -15.955065
v 1.745401 2.567316 -15.952989
v 1.753707 2.536168 -15.986213
v 1.757860 2.565239 -15.988289
v 1.759937 2.542398 -16.009054
v 1.749554 2.509174 -15.996595
v 1.759937 2.525786 -16.023590
v 1.768243 2.554857 -16.046432
v 1.766166 2.563163 -16.017361
v 1.764090 2.590158 -16.029819
v 1.764090 2.581851 -16.073427
v 1.762013 2.571469 -16.096268
v 1.757860 2.594311 -16.031897
v 1.757860 2.586004 -16.075502
v 1.755784 2.573545 -16.104574
v 1.747478 2.596387 -16.033972
v 1.747478 2.588081 -16.075502
v 1.745401 2.573545 -16.110804
v 1.739172 2.594311 -16.033972
v 1.739172 2.586004 -16.075502
v 1.737095 2.573545 -16.104574
v 1.743325 2.604693 -16.002825
v 1.735019 2.600540 -16.004902
v 1.732942 2.612999 -15.969601
v 1.724636 2.608846 -15.973754
v 1.710101 2.619229 -15.934300
v 1.703871 2.615076 -15.940530
v 1.676876 2.621305 -15.907306
v 1.670647 2.617152 -15.913535
v 1.635346 2.625458 -15.884463
v 1.631193 2.621305 -15.892770
v 1.595893 2.627535 -15.876158
v 1.593816 2.623382 -15.884463
v 1.554362 2.633764 -15.874082
v 1.554362 2.629611 -15.884463
v 1.523215 2.637917 -15.884463
v 1.527368 2.633764 -15.892770
v 1.483761 2.639994 -15.907306
v 1.487914 2.635841 -15.913535
v 1.448460 2.637917 -15.942606
v 1.456766 2.633764 -15.948835
v 1.438078 2.631688 -15.977907
v 1.519062 2.635841 -15.876158
v 1.477531 2.637917 -15.898999
v 1.516985 2.629611 -15.869928
v 1.473378 2.631688 -15.892770
v 1.444307 2.592234 -15.911458
v 1.550209 2.627535 -15.857470
v 1.597969 2.621305 -15.859546
v 1.552286 2.631688 -15.865775
v 1.597969 2.627535 -15.865775
v 1.641576 2.619229 -15.869928
v 1.639499 2.623382 -15.876158
v 1.685182 2.615076 -15.892770
v 1.683106 2.619229 -15.898999
v 1.722560 2.610923 -15.923918
v 1.716330 2.617152 -15.928070
v 1.745401 2.604693 -15.961295
v 1.741248 2.610923 -15.965447
v 1.757860 2.596387 -15.996595
v 1.751631 2.602617 -16.000748
v 1.539827 1.491683 -15.751567
v 1.620811 1.493760 -15.734955
v 1.629117 1.491683 -15.807632
v 1.552286 1.491683 -15.822168
v 1.479608 1.495836 -15.836703
v 1.462996 1.495836 -15.768179
v 1.523215 1.493760 -15.680965
v 1.440154 1.495836 -15.693424
v 1.612504 1.495836 -15.658124
v 1.512832 1.504142 -15.604135
v 1.398624 1.497913 -15.610364
v 1.448460 1.504142 -15.570910
v 1.597969 1.504142 -15.593752
v 1.502450 1.516601 -15.560528
v 1.527368 1.516601 -15.572987
v 1.560592 1.516601 -15.570910
v 1.589663 1.516601 -15.550145
v 1.649882 1.504142 -15.514845
v 1.604198 1.516601 -15.525227
v 1.614581 1.516601 -15.498232
v 1.627040 1.516601 -15.467085
v 1.674800 1.504142 -15.465008
v 1.639499 1.518678 -15.429708
v 1.681029 1.502066 -15.425554
v 1.654035 1.516601 -15.379871
v 1.689335 1.504142 -15.375718
v 1.672723 1.516601 -15.334188
v 1.697641 1.506219 -15.338341
v 1.699718 1.516602 -15.298887
v 1.726713 1.506219 -15.317575
v 1.743325 1.516602 -15.282275
v 1.764090 1.506219 -15.327958
v 1.786932 1.516602 -15.313423
v 1.803544 1.516601 -15.359106
v 1.770319 1.504142 -15.365335
v 1.774472 1.504142 -15.417249
v 1.811850 1.516601 -15.415172
v 1.776549 1.504142 -15.460855
v 1.820156 1.516601 -15.458778
v 1.774472 1.504142 -15.527304
v 1.826385 1.516601 -15.529380
v 1.818079 1.518678 -15.606211
v 1.762013 1.504142 -15.616593
v 1.805620 1.516601 -15.691348
v 1.753707 1.504142 -15.703807
v 1.801467 1.516601 -15.774408
v 1.755784 1.504142 -15.782714
v 1.801467 1.516601 -15.838780
v 1.759937 1.504142 -15.845010
v 1.809773 1.516601 -15.886539
v 1.766166 1.504142 -15.896922
v 1.822232 1.516601 -15.946758
v 1.774472 1.504142 -15.957141
v 1.826385 1.516601 -16.021513
v 1.778625 1.504142 -16.031897
v 1.801467 1.516601 -16.094191
v 1.768243 1.504142 -16.100420
v 1.741248 1.516601 -16.158564
v 1.739172 1.504142 -16.131569
v 1.683106 1.516601 -16.187634
v 1.685182 1.504142 -16.148180
v 1.610428 1.504142 -16.162716
v 1.681029 1.497913 -16.110804
v 1.602122 1.497913 -16.125340
v 1.529444 1.506219 -16.164793
v 1.668570 1.493760 -16.052660
v 1.589663 1.493760 -16.067196
v 1.516985 1.497913 -16.081732
v 1.527368 1.499989 -16.139874
v 1.492067 1.504142 -16.148180
v 1.462996 1.504142 -16.094191
v 1.460919 1.516601 -16.154409
v 1.533597 1.516601 -16.185558
v 1.618734 1.516601 -16.200092
v 1.413159 1.516601 -16.102497
v 1.446384 1.504142 -16.023590
v 1.392394 1.516601 -16.033972
v 1.386165 1.516601 -15.969601
v 1.433925 1.504142 -15.961294
v 1.379935 1.516601 -15.911458
v 1.425619 1.504142 -15.905229
v 1.371629 1.516601 -15.863698
v 1.415236 1.504142 -15.851239
v 1.396547 1.504142 -15.782714
v 1.346711 1.516601 -15.791020
v 1.375782 1.504142 -15.716266
v 1.323870 1.516601 -15.730802
v 1.303104 1.516601 -15.662276
v 1.348788 1.504142 -15.635283
v 1.284416 1.518678 -15.564681
v 1.323870 1.504142 -15.552221
v 1.307257 1.504142 -15.477468
v 1.269880 1.514525 -15.481620
v 1.294798 1.504142 -15.423478
v 1.263651 1.516601 -15.429708
v 1.290645 1.506219 -15.386101
v 1.267804 1.516601 -15.377794
v 1.286492 1.516601 -15.346647
v 1.313487 1.504142 -15.369489
v 1.317640 1.516601 -15.342494
v 1.344635 1.506219 -15.369489
v 1.359170 1.516601 -15.348723
v 1.379935 1.516601 -15.365335
v 1.367476 1.504142 -15.411018
v 1.400700 1.516601 -15.402713
v 1.392394 1.504142 -15.462932
v 1.427695 1.516601 -15.452549
v 1.446384 1.516601 -15.492002
v 1.423542 1.506219 -15.516921
v 1.458843 1.516601 -15.518997
v 1.477531 1.516601 -15.543916
v 1.371629 1.497913 -15.537686
v 1.348788 1.497913 -15.471237
v 1.332176 1.497913 -15.415172
v 1.487914 1.495836 -15.894846
v 1.560592 1.491683 -15.880310
v 1.568898 1.491683 -15.936377
v 1.498296 1.495836 -15.948835
v 1.579280 1.493760 -15.998672
v 1.506602 1.495836 -16.013206
v 1.654035 1.493760 -15.984136
v 1.718407 1.495836 -15.969601
v 1.728789 1.497913 -16.040201
v 1.643652 1.493760 -15.921841
v 1.708024 1.495836 -15.909382
v 1.637423 1.491683 -15.867851
v 1.701795 1.495836 -15.855392
v 1.695565 1.495836 -15.793097
v 1.691412 1.495836 -15.716266
v 1.695565 1.495836 -15.629052
v 1.718407 1.497913 -15.525227
v 1.726713 1.497913 -15.462932
v 1.728789 1.495836 -15.419325
v 1.730866 1.497913 -15.367413
v 1.737095 1.499989 -16.102497
v 1.795238 1.720099 -16.098345
v 1.816003 1.728405 -16.011131
v 1.776549 1.786548 -16.087961
v 1.735019 1.778242 -16.152334
v 1.745401 1.713870 -16.160639
v 1.803544 1.655728 -16.100420
v 1.832615 1.659881 -16.015284
v 1.828462 1.666110 -15.921841
v 1.830538 1.597585 -16.017361
v 1.830538 1.597585 -15.936377
v 1.816003 1.591356 -15.872005
v 1.824309 1.545673 -15.946758
v 1.813926 1.545673 -15.884463
v 1.807697 1.547749 -15.834627
v 1.809773 1.516601 -15.886539
v 1.801467 1.516601 -15.838780
v 1.801467 1.516601 -15.774408
v 1.805620 1.547749 -15.772332
v 1.805620 1.516601 -15.691348
v 1.813926 1.551902 -15.689271
v 1.818079 1.518678 -15.606211
v 1.824309 1.560208 -15.604135
v 1.826385 1.541519 -15.531456
v 1.826385 1.516601 -15.529380
v 1.824309 1.539443 -15.458778
v 1.820156 1.516601 -15.458778
v 1.811850 1.516601 -15.415172
v 1.816003 1.537367 -15.415172
v 1.805620 1.537367 -15.359106
v 1.803544 1.516601 -15.359106
v 1.786932 1.516602 -15.313423
v 1.786932 1.537367 -15.313423
v 1.743325 1.531137 -15.282275
v 1.743325 1.516602 -15.282275
v 1.699718 1.516602 -15.298887
v 1.699718 1.535290 -15.298887
v 1.672723 1.516601 -15.334188
v 1.670647 1.541520 -15.334188
v 1.654035 1.516601 -15.379871
v 1.651958 1.547749 -15.381948
v 1.639499 1.518678 -15.429708
v 1.635346 1.549826 -15.429708
v 1.627040 1.516601 -15.467085
v 1.627040 1.549826 -15.467085
v 1.614581 1.549826 -15.498232
v 1.614581 1.516601 -15.498232
v 1.604198 1.516601 -15.525227
v 1.604198 1.549826 -15.525227
v 1.589663 1.547749 -15.550145
v 1.589663 1.516601 -15.550145
v 1.560592 1.545673 -15.570910
v 1.560592 1.516601 -15.570910
v 1.527368 1.516601 -15.572987
v 1.527368 1.545673 -15.572987
v 1.502450 1.516601 -15.560528
v 1.502450 1.545673 -15.558451
v 1.481684 1.545673 -15.539762
v 1.477531 1.516601 -15.543916
v 1.465072 1.543596 -15.518997
v 1.458843 1.516601 -15.518997
v 1.446384 1.516601 -15.492002
v 1.446384 1.543596 -15.487850
v 1.427695 1.516601 -15.452549
v 1.431848 1.541520 -15.452549
v 1.400700 1.516601 -15.402713
v 1.404853 1.539443 -15.402713
v 1.379935 1.535290 -15.365335
v 1.379935 1.516601 -15.365335
v 1.359170 1.516601 -15.348723
v 1.357094 1.535290 -15.346647
v 1.317640 1.516601 -15.342494
v 1.313487 1.533213 -15.334188
v 1.286492 1.516601 -15.346647
v 1.282339 1.533213 -15.344570
v 1.267804 1.516601 -15.377794
v 1.265727 1.533213 -15.381948
v 1.263651 1.516601 -15.429708
v 1.259498 1.533213 -15.435937
v 1.269880 1.514525 -15.481620
v 1.261574 1.529060 -15.485773
v 1.284416 1.518678 -15.564681
v 1.271957 1.541519 -15.568833
v 1.303104 1.516601 -15.662276
v 1.288569 1.549826 -15.658124
v 1.313487 1.553979 -15.722495
v 1.323870 1.516601 -15.730802
v 1.338405 1.556055 -15.784791
v 1.346711 1.516601 -15.791020
v 1.363323 1.553978 -15.855392
v 1.371629 1.516601 -15.863698
v 1.377859 1.545673 -15.911458
v 1.379935 1.516601 -15.911458
v 1.386165 1.545673 -15.969601
v 1.386165 1.516601 -15.969601
v 1.392394 1.545673 -16.033972
v 1.392394 1.516601 -16.033972
v 1.413159 1.516601 -16.102497
v 1.413159 1.545672 -16.102497
v 1.460919 1.516601 -16.154409
v 1.460919 1.545672 -16.154409
v 1.533597 1.516601 -16.185558
v 1.533597 1.545672 -16.185558
v 1.531521 1.593432 -16.200092
v 1.458843 1.589279 -16.164793
v 1.456766 1.641192 -16.173098
v 1.529444 1.647421 -16.208399
v 1.460919 1.701411 -16.171022
v 1.531521 1.705564 -16.204247
v 1.467149 1.757477 -16.160639
v 1.535674 1.761629 -16.195940
v 1.475455 1.805236 -16.146105
v 1.541903 1.813542 -16.179329
v 1.494143 1.863379 -16.121185
v 1.550209 1.869608 -16.152334
v 1.498296 1.873761 -16.114956
v 1.552286 1.882067 -16.146105
v 1.554362 1.884144 -16.133644
v 1.500373 1.882067 -16.106649
v 1.467149 1.871685 -16.077579
v 1.467149 1.884144 -16.077579
v 1.448460 1.873761 -16.031897
v 1.454690 1.884144 -16.031897
v 1.456766 1.884144 -15.992442
v 1.446384 1.877914 -15.990366
v 1.452613 1.877914 -15.965447
v 1.465072 1.886220 -15.967524
v 1.465072 1.877914 -15.934299
v 1.479608 1.884144 -15.944682
v 1.500373 1.882067 -15.921841
v 1.494143 1.875838 -15.907305
v 1.529444 1.882067 -15.905229
v 1.521138 1.877914 -15.886540
v 1.564745 1.877914 -15.896922
v 1.562668 1.882067 -15.869928
v 1.602122 1.877914 -15.898999
v 1.637423 1.877914 -15.915611
v 1.610428 1.875838 -15.872005
v 1.558515 1.882067 -15.845010
v 1.620811 1.875838 -15.847086
v 1.654035 1.871685 -15.892770
v 1.712177 1.873761 -15.911458
v 1.672723 1.873761 -15.867851
v 1.691412 1.875838 -15.928070
v 1.670647 1.882067 -15.944682
v 1.705948 1.873761 -15.961294
v 1.687259 1.886220 -15.971677
v 1.716330 1.890373 -16.023590
v 1.699718 1.890373 -16.021513
v 1.689335 1.890373 -16.069273
v 1.701795 1.896603 -16.077579
v 1.664417 1.892450 -16.110804
v 1.676876 1.898679 -16.119110
v 1.645729 1.890373 -16.125340
v 1.649882 1.894526 -16.139874
v 1.604198 1.886220 -16.139874
v 1.606275 1.888297 -16.154409
v 1.554362 1.884144 -16.133644
v 1.552286 1.882067 -16.146105
v 1.608351 1.875838 -16.162716
v 1.550209 1.869608 -16.152334
v 1.608351 1.821848 -16.183481
v 1.541903 1.813542 -16.179329
v 1.606275 1.767859 -16.202169
v 1.535674 1.761629 -16.195940
v 1.606275 1.707640 -16.212553
v 1.531521 1.705564 -16.204247
v 1.606275 1.649498 -16.212553
v 1.529444 1.647421 -16.208399
v 1.531521 1.593432 -16.200092
v 1.610428 1.597585 -16.206322
v 1.533597 1.545672 -16.185558
v 1.618734 1.545672 -16.200092
v 1.533597 1.516601 -16.185558
v 1.618734 1.516601 -16.200092
v 1.683106 1.516601 -16.187634
v 1.683106 1.545672 -16.187634
v 1.741248 1.545672 -16.158564
v 1.741248 1.516601 -16.158564
v 1.801467 1.516601 -16.094191
v 1.801467 1.545672 -16.094191
v 1.826385 1.545673 -16.021513
v 1.826385 1.516601 -16.021513
v 1.822232 1.516601 -15.946758
v 1.799391 1.597585 -16.096268
v 1.747478 1.597585 -16.156487
v 1.681029 1.647421 -16.200092
v 1.683106 1.595508 -16.193863
v 1.751631 1.653651 -16.162716
v 1.681029 1.709717 -16.200092
v 1.676876 1.772012 -16.189711
v 1.714254 1.836384 -16.139874
v 1.668570 1.828078 -16.168945
v 1.687259 1.886220 -16.127415
v 1.656111 1.884144 -16.148180
v 1.749554 1.842613 -16.083809
v 1.712177 1.892450 -16.085886
v 1.730866 1.888297 -16.023590
v 1.764090 1.842613 -16.013206
v 1.724636 1.879991 -15.952989
v 1.762013 1.842613 -15.938453
v 1.791085 1.788624 -16.011131
v 1.793161 1.792777 -15.934299
v 1.737095 1.838460 -15.869928
v 1.730866 1.776165 -15.780638
v 1.691412 1.836384 -15.822168
v 1.772396 1.788624 -15.861622
v 1.801467 1.730482 -15.861622
v 1.816003 1.732558 -15.930146
v 1.813926 1.670263 -15.859546
v 1.782778 1.720099 -15.793097
v 1.801467 1.655728 -15.739108
v 1.780702 1.707640 -15.718343
v 1.803544 1.661957 -15.807632
v 1.809773 1.599662 -15.820091
v 1.807697 1.599662 -15.766102
v 1.818079 1.610044 -15.678888
v 1.811850 1.657804 -15.662276
v 1.826385 1.612121 -15.599981
v 1.818079 1.655728 -15.587523
v 1.824309 1.610044 -15.521074
v 1.828462 1.568514 -15.529380
v 1.824309 1.570591 -15.452549
v 1.820156 1.607968 -15.446320
v 1.818079 1.572667 -15.411018
v 1.811850 1.620427 -15.413095
v 1.805620 1.607968 -15.375718
v 1.807697 1.572667 -15.365335
v 1.789008 1.583050 -15.319653
v 1.784855 1.630809 -15.350800
v 1.735019 1.597585 -15.290581
v 1.741248 1.643269 -15.327958
v 1.701795 1.626657 -15.323806
v 1.697641 1.568514 -15.294734
v 1.672723 1.585127 -15.330035
v 1.651958 1.605891 -15.379871
v 1.685182 1.659881 -15.375718
v 1.643652 1.632886 -15.417249
v 1.633270 1.595509 -15.423478
v 1.629117 1.632886 -15.452549
v 1.622887 1.591356 -15.458778
v 1.614581 1.632886 -15.487850
v 1.610428 1.591356 -15.489926
v 1.600045 1.593432 -15.521074
v 1.600045 1.634963 -15.523150
v 1.585510 1.593432 -15.550145
v 1.585510 1.637039 -15.554298
v 1.562668 1.595509 -15.568833
v 1.564745 1.641192 -15.579216
v 1.533597 1.597585 -15.570910
v 1.531521 1.647422 -15.583369
v 1.508679 1.595509 -15.554298
v 1.500373 1.647422 -15.568833
v 1.479608 1.647422 -15.539762
v 1.489990 1.595509 -15.531456
v 1.458843 1.647422 -15.506538
v 1.469225 1.593432 -15.504462
v 1.436001 1.643269 -15.475390
v 1.450537 1.595509 -15.477468
v 1.431848 1.599662 -15.450473
v 1.409006 1.641192 -15.448396
v 1.373706 1.647422 -15.411018
v 1.402777 1.593432 -15.402713
v 1.350864 1.620427 -15.371565
v 1.375782 1.580973 -15.367413
v 1.338405 1.599662 -15.350800
v 1.348788 1.570591 -15.342494
v 1.313487 1.566438 -15.336265
v 1.309334 1.603815 -15.350800
v 1.282339 1.593432 -15.361182
v 1.278186 1.562285 -15.350800
v 1.257421 1.564361 -15.392330
v 1.269880 1.607968 -15.394406
v 1.253268 1.568514 -15.446320
v 1.263651 1.620427 -15.448396
v 1.251192 1.578897 -15.485773
v 1.255345 1.551902 -15.485773
v 1.263651 1.570591 -15.564681
v 1.259498 1.603815 -15.560528
v 1.274033 1.622503 -15.635283
v 1.278186 1.583050 -15.645664
v 1.298951 1.632886 -15.705883
v 1.303104 1.591356 -15.716266
v 1.325946 1.641192 -15.774408
v 1.328022 1.595509 -15.782715
v 1.350864 1.641192 -15.842934
v 1.352941 1.591356 -15.849163
v 1.359170 1.634962 -15.911458
v 1.367476 1.580973 -15.913534
v 1.365400 1.630809 -15.979983
v 1.377859 1.574744 -15.971677
v 1.384088 1.578897 -16.036049
v 1.375782 1.632886 -16.044355
v 1.402777 1.578897 -16.106649
v 1.400700 1.637039 -16.114956
v 1.375782 1.693105 -16.046431
v 1.406930 1.697258 -16.114956
v 1.419389 1.753323 -16.106649
v 1.388241 1.753323 -16.044355
v 1.433925 1.805236 -16.094191
v 1.406930 1.807313 -16.036049
v 1.462996 1.863379 -16.079655
v 1.444307 1.865455 -16.033972
v 1.438078 1.867532 -15.990366
v 1.396547 1.809389 -15.979983
v 1.438078 1.869608 -15.963371
v 1.402777 1.817695 -15.934299
v 1.450537 1.873761 -15.923917
v 1.423542 1.821848 -15.888617
v 1.481684 1.875838 -15.892770
v 1.458843 1.826001 -15.847086
v 1.508679 1.877914 -15.865775
v 1.516985 1.823925 -15.801403
v 1.433925 1.780318 -15.778562
v 1.485837 1.780318 -15.730802
v 1.570974 1.796930 -15.737031
v 1.564745 1.852996 -15.807632
v 1.622887 1.832231 -15.786867
v 1.666494 1.780318 -15.732878
v 1.616658 1.763706 -15.685119
v 1.691412 1.759553 -15.664353
v 1.741248 1.745018 -15.697577
v 1.755784 1.736712 -15.622823
v 1.786932 1.699334 -15.645665
v 1.795238 1.693105 -15.572987
v 1.795238 1.682722 -15.502385
v 1.766166 1.724252 -15.554298
v 1.816003 1.649498 -15.512768
v 1.809773 1.645345 -15.444243
v 1.791085 1.676493 -15.431784
v 1.782778 1.661957 -15.396483
v 1.772396 1.693105 -15.425554
v 1.749554 1.703487 -15.417249
v 1.737095 1.680646 -15.379871
v 1.724636 1.705564 -15.415172
v 1.739172 1.724252 -15.473314
v 1.701795 1.722176 -15.462932
v 1.693488 1.697258 -15.413095
v 1.670647 1.701411 -15.456702
v 1.668570 1.674416 -15.413095
v 1.647805 1.670263 -15.452549
v 1.629117 1.674416 -15.492002
v 1.651958 1.707640 -15.502385
v 1.612504 1.676493 -15.531457
v 1.635346 1.713870 -15.550145
v 1.595893 1.680646 -15.570910
v 1.614581 1.720100 -15.595828
v 1.568898 1.686875 -15.602058
v 1.529444 1.699334 -15.612440
v 1.581357 1.732558 -15.639435
v 1.645729 1.749171 -15.629052
v 1.527368 1.755400 -15.672659
v 1.462996 1.751247 -15.658124
v 1.371629 1.747094 -15.635283
v 1.406930 1.759553 -15.703807
v 1.421466 1.732558 -15.597905
v 1.487914 1.699334 -15.597905
v 1.454690 1.693105 -15.564681
v 1.390318 1.720100 -15.545992
v 1.429772 1.688952 -15.523150
v 1.402777 1.682722 -15.485773
v 1.357094 1.707640 -15.502385
v 1.373706 1.666110 -15.454626
v 1.321793 1.686875 -15.469161
v 1.303104 1.661957 -15.431784
v 1.284416 1.670263 -15.483697
v 1.263651 1.643269 -15.489926
v 1.307257 1.630809 -15.379871
v 1.284416 1.674416 -15.539762
v 1.253268 1.610044 -15.487850
v 1.265727 1.641192 -15.552221
v 1.303104 1.703487 -15.602058
v 1.284416 1.664034 -15.620747
v 1.330099 1.722176 -15.668507
v 1.307257 1.678569 -15.691348
v 1.332176 1.691028 -15.761950
v 1.359170 1.738788 -15.743260
v 1.386165 1.763706 -15.832551
v 1.357094 1.697258 -15.836703
v 1.373706 1.759553 -15.915611
v 1.359170 1.695181 -15.911458
v 1.373706 1.755400 -15.982059
v 1.361247 1.695181 -15.982059
v 1.340482 1.728405 -15.575064
v 1.313487 1.703487 -15.521074
v 1.668570 1.742941 -15.572987
v 1.712177 1.753324 -15.597905
v 1.728789 1.742941 -15.533533
v 1.685182 1.734635 -15.514845
v 1.770319 1.709717 -15.487850
v 1.485837 2.459337 -16.069273
v 1.487914 2.525785 -16.077579
v 1.467149 2.525786 -16.036049
v 1.460919 2.463490 -16.029819
v 1.450537 2.428190 -16.029819
v 1.483761 2.421960 -16.071350
v 1.504526 2.428190 -16.108727
v 1.510756 2.465567 -16.102497
v 1.514909 2.527862 -16.102497
v 1.556439 2.430266 -16.127415
v 1.560592 2.465567 -16.114956
v 1.568898 2.527862 -16.112881
v 1.519062 2.594311 -16.110804
v 1.570974 2.596387 -16.131569
v 1.566821 2.642070 -16.171022
v 1.510756 2.644147 -16.137798
v 1.475455 2.646223 -16.100420
v 1.489990 2.596387 -16.083809
v 1.452613 2.644147 -16.056814
v 1.471302 2.594311 -16.044355
v 1.452613 2.644147 -16.006977
v 1.465072 2.596387 -16.000748
v 1.462996 2.644147 -15.973754
v 1.467149 2.598464 -15.975830
v 1.477531 2.644147 -15.952989
v 1.479608 2.596387 -15.952989
v 1.508679 2.598464 -15.928070
v 1.508679 2.646223 -15.925994
v 1.543980 2.642070 -15.911458
v 1.539827 2.594311 -15.913535
v 1.583433 2.631688 -15.909382
v 1.579280 2.588081 -15.911458
v 1.624964 2.623382 -15.915611
v 1.618734 2.583928 -15.917688
v 1.649882 2.581851 -15.934300
v 1.656111 2.621305 -15.934300
v 1.683106 2.581851 -15.959218
v 1.691412 2.621305 -15.961295
v 1.710101 2.615076 -15.992442
v 1.701795 2.577698 -15.990366
v 1.708024 2.573545 -16.036049
v 1.716330 2.608846 -16.042278
v 1.697641 2.573545 -16.079657
v 1.705948 2.610923 -16.096268
v 1.672723 2.575622 -16.106651
v 1.683106 2.615076 -16.129492
v 1.660264 2.623382 -16.148180
v 1.647805 2.581851 -16.123262
v 1.616658 2.631688 -16.164793
v 1.612504 2.588081 -16.144028
v 1.566821 2.642070 -16.171022
v 1.570974 2.596387 -16.131569
v 1.568898 2.527862 -16.112881
v 1.612504 2.525785 -16.141951
v 1.614581 2.469720 -16.139875
v 1.560592 2.465567 -16.114956
v 1.610428 2.432343 -16.139875
v 1.556439 2.430266 -16.127415
v 1.552286 2.419883 -16.144028
v 1.612504 2.421960 -16.156487
v 1.649882 2.432343 -16.123262
v 1.658188 2.424037 -16.139875
v 1.676876 2.432343 -16.102497
v 1.689335 2.424037 -16.114956
v 1.710101 2.426113 -16.075502
v 1.695565 2.434419 -16.069273
v 1.710101 2.426113 -16.015284
v 1.697641 2.432343 -16.015284
v 1.701795 2.428190 -15.973754
v 1.689335 2.436496 -15.977906
v 1.672723 2.438572 -15.942606
v 1.681029 2.430266 -15.934300
v 1.643652 2.426113 -15.903152
v 1.637423 2.436496 -15.913535
v 1.606275 2.434419 -15.901075
v 1.608351 2.426113 -15.888617
v 1.562668 2.430266 -15.894846
v 1.560592 2.419884 -15.882387
v 1.525291 2.430266 -15.901075
v 1.519062 2.419884 -15.888617
v 1.489990 2.430266 -15.913535
v 1.479608 2.419884 -15.903152
v 1.452613 2.419884 -15.934300
v 1.465072 2.430266 -15.942606
v 1.440154 2.421960 -15.963371
v 1.452613 2.432343 -15.969601
v 1.448460 2.432343 -15.992442
v 1.431848 2.421960 -15.992442
v 1.433925 2.417807 -16.033972
v 1.471302 2.409501 -16.077579
v 1.494143 2.417807 -16.123262
v 1.552286 2.419883 -16.144028
v 1.454690 2.469720 -15.986213
v 1.456766 2.529939 -15.988289
v 1.452613 2.471797 -15.971677
v 1.450537 2.534092 -15.969601
v 1.465072 2.532015 -15.944682
v 1.462996 2.467643 -15.946759
v 1.489990 2.467643 -15.915611
v 1.494143 2.534092 -15.913535
v 1.525291 2.469720 -15.903152
v 1.531521 2.529939 -15.901075
v 1.562668 2.467643 -15.896923
v 1.573051 2.525786 -15.894846
v 1.612504 2.469720 -15.901075
v 1.616658 2.523709 -15.901075
v 1.641576 2.471797 -15.913535
v 1.649882 2.523709 -15.917688
v 1.681029 2.478026 -15.942606
v 1.705948 2.521633 -15.984137
v 1.695565 2.469720 -15.977906
v 1.687259 2.525786 -15.948835
v 1.705948 2.465567 -16.017361
v 1.714254 2.517480 -16.029819
v 1.697641 2.465567 -16.067196
v 1.701795 2.517480 -16.071350
v 1.676876 2.465567 -16.096268
v 1.674800 2.517479 -16.096268
v 1.647805 2.467643 -16.117033
v 1.645729 2.521633 -16.112881
v 1.442231 2.313982 -15.917687
v 1.477531 2.316058 -15.890694
v 1.450537 2.224691 -15.921841
v 1.419389 2.311905 -15.955065
v 1.421466 2.363818 -15.955065
v 1.440154 2.365894 -15.921841
v 1.475455 2.367971 -15.888617
v 1.421466 2.403271 -15.952989
v 1.440154 2.407424 -15.921841
v 1.473378 2.409501 -15.886540
v 1.444307 2.417807 -15.928070
v 1.475455 2.419884 -15.892770
v 1.514909 2.409501 -15.872005
v 1.514909 2.415730 -15.880311
v 1.479608 2.419884 -15.903152
v 1.452613 2.419884 -15.934300
v 1.519062 2.419884 -15.888617
v 1.560592 2.419884 -15.882387
v 1.562668 2.417807 -15.872005
v 1.608351 2.421960 -15.880311
v 1.608351 2.426113 -15.888617
v 1.647805 2.421960 -15.898999
v 1.643652 2.426113 -15.903152
v 1.681029 2.430266 -15.934300
v 1.683106 2.421960 -15.932223
v 1.701795 2.428190 -15.973754
v 1.710101 2.424037 -15.971677
v 1.710101 2.426113 -16.015284
v 1.724636 2.421960 -16.025667
v 1.710101 2.426113 -16.075502
v 1.720483 2.424037 -16.081732
v 1.689335 2.424037 -16.114956
v 1.697641 2.421960 -16.123262
v 1.658188 2.424037 -16.139875
v 1.662341 2.417807 -16.148180
v 1.612504 2.421960 -16.156487
v 1.610428 2.417807 -16.162716
v 1.552286 2.419883 -16.144028
v 1.552286 2.419883 -16.158564
v 1.608351 2.409501 -16.166870
v 1.550209 2.409501 -16.160639
v 1.606275 2.365894 -16.156487
v 1.548133 2.363818 -16.156487
v 1.600045 2.313982 -16.158564
v 1.543980 2.313982 -16.156487
v 1.595893 2.222615 -16.160639
v 1.541903 2.222615 -16.160639
v 1.593816 2.135402 -16.160639
v 1.541903 2.135402 -16.158564
v 1.543980 2.052341 -16.154409
v 1.593816 2.052341 -16.156487
v 1.546056 1.973434 -16.146105
v 1.595893 1.973434 -16.148180
v 1.554362 1.894526 -16.141951
v 1.606275 1.896603 -16.146105
v 1.554362 1.884144 -16.133644
v 1.604198 1.886220 -16.139874
v 1.645729 1.890373 -16.125340
v 1.649882 1.900756 -16.131569
v 1.670647 1.902832 -16.114956
v 1.664417 1.892450 -16.110804
v 1.695565 1.900756 -16.071350
v 1.689335 1.890373 -16.069273
v 1.708024 1.898679 -16.023590
v 1.699718 1.890373 -16.021513
v 1.687259 1.886220 -15.971677
v 1.695565 1.894526 -15.969601
v 1.670647 1.882067 -15.944682
v 1.697641 1.969281 -15.982059
v 1.676876 1.890373 -15.940529
v 1.676876 1.967204 -15.942606
v 1.678953 2.048188 -15.944682
v 1.643652 1.967204 -15.911458
v 1.645729 2.048188 -15.911458
v 1.681029 2.131248 -15.944682
v 1.647805 2.131248 -15.911458
v 1.608351 2.048188 -15.892770
v 1.610428 2.133325 -15.890693
v 1.568898 2.050264 -15.884463
v 1.566821 1.969281 -15.888617
v 1.606275 1.967204 -15.892770
v 1.604198 1.888297 -15.892770
v 1.641576 1.886220 -15.909382
v 1.637423 1.877914 -15.915611
v 1.602122 1.877914 -15.898999
v 1.564745 1.877914 -15.896922
v 1.564745 1.888297 -15.890693
v 1.529444 1.882067 -15.905229
v 1.527368 1.892450 -15.898999
v 1.496220 1.971357 -15.911458
v 1.529444 1.971357 -15.894846
v 1.496220 1.892450 -15.917687
v 1.500373 1.882067 -15.921841
v 1.473378 1.894526 -15.940529
v 1.479608 1.884144 -15.944682
v 1.458843 1.896603 -15.965447
v 1.465072 1.886220 -15.967524
v 1.450537 1.894526 -15.990366
v 1.456766 1.884144 -15.992442
v 1.446384 1.892450 -16.031897
v 1.454690 1.884144 -16.031897
v 1.467149 1.884144 -16.077579
v 1.460919 1.892450 -16.081732
v 1.496220 1.890373 -16.112879
v 1.500373 1.882067 -16.106649
v 1.554362 1.884144 -16.133644
v 1.554362 1.894526 -16.141951
v 1.498296 1.971357 -16.127415
v 1.546056 1.973434 -16.146105
v 1.543980 2.052341 -16.154409
v 1.492067 2.052341 -16.139874
v 1.541903 2.135402 -16.158564
v 1.489990 2.135402 -16.144028
v 1.541903 2.222615 -16.160639
v 1.487914 2.222615 -16.141951
v 1.487914 2.311905 -16.137798
v 1.543980 2.313982 -16.156487
v 1.487914 2.359665 -16.137798
v 1.548133 2.363818 -16.156487
v 1.485837 2.403271 -16.135721
v 1.550209 2.409501 -16.160639
v 1.487914 2.413654 -16.131569
v 1.552286 2.419883 -16.158564
v 1.552286 2.419883 -16.144028
v 1.494143 2.417807 -16.123262
v 1.454690 2.413654 -16.092115
v 1.471302 2.409501 -16.077579
v 1.433925 2.417807 -16.033972
v 1.423542 2.415730 -16.036049
v 1.417313 2.415730 -15.994519
v 1.431848 2.421960 -15.992442
v 1.425619 2.417807 -15.957142
v 1.440154 2.421960 -15.963371
v 1.413159 2.405348 -15.996595
v 1.413159 2.363818 -15.996595
v 1.417313 2.407424 -16.038126
v 1.419389 2.363818 -16.042278
v 1.446384 2.405348 -16.098345
v 1.446384 2.361741 -16.096268
v 1.425619 2.313982 -16.048508
v 1.450537 2.311905 -16.096268
v 1.427695 2.224691 -16.056814
v 1.448460 2.224691 -16.104574
v 1.429772 2.137478 -16.058891
v 1.448460 2.137478 -16.106649
v 1.456766 2.052341 -16.102497
v 1.436001 2.052341 -16.054737
v 1.465072 1.971357 -16.090038
v 1.446384 1.971357 -16.046431
v 1.431848 2.052341 -16.009054
v 1.442231 1.971357 -16.002825
v 1.442231 2.052341 -15.965447
v 1.448460 1.973434 -15.965447
v 1.469225 1.973434 -15.936377
v 1.462996 2.054418 -15.932223
v 1.492067 2.052341 -15.905229
v 1.487914 2.137478 -15.898999
v 1.527368 2.137478 -15.884463
v 1.529444 2.052341 -15.888617
v 1.568898 2.135402 -15.880311
v 1.566821 2.224691 -15.878234
v 1.610428 2.222615 -15.888617
v 1.649882 2.313982 -15.903152
v 1.649882 2.220538 -15.909382
v 1.608351 2.316058 -15.884463
v 1.649882 2.370047 -15.901075
v 1.608351 2.367971 -15.878234
v 1.564745 2.316058 -15.872005
v 1.564745 2.370047 -15.867851
v 1.519062 2.316058 -15.872005
v 1.523215 2.224691 -15.878234
v 1.483761 2.224691 -15.894846
v 1.454690 2.137478 -15.925994
v 1.427695 2.222615 -15.959218
v 1.433925 2.135402 -15.963371
v 1.419389 2.224691 -16.006977
v 1.425619 2.137478 -16.009054
v 1.413159 2.313982 -16.000748
v 1.516985 2.367971 -15.872005
v 1.564745 2.409501 -15.865775
v 1.610428 2.413654 -15.874081
v 1.649882 2.413654 -15.898999
v 1.685182 2.413654 -15.930147
v 1.685182 2.367971 -15.932223
v 1.714254 2.415730 -15.971677
v 1.712177 2.367971 -15.973754
v 1.685182 2.313982 -15.936377
v 1.710101 2.311905 -15.979983
v 1.683106 2.220538 -15.942606
v 1.708024 2.218462 -15.984137
v 1.718407 2.216385 -16.033972
v 1.703871 2.129172 -15.986213
v 1.724636 2.309829 -16.033972
v 1.712177 2.218462 -16.083809
v 1.718407 2.311905 -16.085886
v 1.726713 2.367971 -16.031897
v 1.720483 2.367971 -16.090038
v 1.724636 2.417807 -16.085886
v 1.730866 2.415730 -16.027742
v 1.699718 2.411577 -16.127415
v 1.691412 2.365894 -16.125340
v 1.664417 2.409501 -16.150257
v 1.656111 2.365894 -16.144028
v 1.691412 2.311905 -16.125340
v 1.649882 2.313982 -16.146105
v 1.685182 2.220538 -16.123262
v 1.643652 2.222615 -16.148180
v 1.641576 2.135402 -16.148180
v 1.681029 2.133325 -16.121185
v 1.678953 2.052341 -16.117033
v 1.639499 2.052341 -16.141951
v 1.639499 1.975510 -16.135721
v 1.672723 1.975510 -16.110804
v 1.695565 1.973434 -16.073425
v 1.701795 2.050264 -16.077579
v 1.708024 2.131248 -16.081732
v 1.710101 2.048188 -16.031897
v 1.714254 2.129172 -16.033972
v 1.703871 1.969281 -16.027742
v 1.699718 2.048188 -15.986213
vn 0.5020 0.1674 -0.8485
vn 0.4075 0.1749 -0.8963
vn 0.4845 0.6998 -0.5249
vn 0.3658 0.0313 -0.9302
vn 0.4984 -0.0108 -0.8669
vn 0.6489 0.0947 -0.7550
vn 0.5540 0.6756 -0.4864
vn 0.3751 0.9026 -0.2110
vn 0.4576 0.6866 -0.5650
vn 0.4034 0.8898 -0.2135
vn 0.3985 0.8814 -0.2536
vn 0.4118 0.7306 -0.5447
vn 0.4129 0.8743 -0.2550
vn 0.3781 0.8782 -0.2927
vn 0.2414 0.7233 -0.6470
vn -0.0372 0.1689 -0.9849
vn 0.2726 0.1637 -0.9481
vn -0.0974 0.0355 -0.9946
vn 0.1922 0.0480 -0.9802
vn -0.1515 0.0664 -0.9862
vn 0.1625 0.0669 -0.9844
vn -0.2012 0.0384 -0.9788
vn 0.1764 0.0186 -0.9841
vn -0.2361 -0.1028 -0.9663
vn 0.2027 -0.1115 -0.9729
vn -0.1882 -0.2772 -0.9422
vn 0.2025 -0.2930 -0.9344
vn -0.1692 -0.8219 -0.5439
vn -0.1206 -0.9325 -0.3404
vn -0.2211 -0.8353 -0.5033
vn -0.0226 -0.7011 -0.7128
vn 0.0440 -0.8800 -0.4730
vn 0.0335 -0.8367 -0.5466
vn 0.2272 -0.8849 -0.4066
vn 0.1964 -0.9128 -0.3582
vn 0.3357 -0.9288 -0.1567
vn 0.8522 -0.3763 -0.3636
vn 0.4273 -0.2567 -0.8669
vn 0.6969 -0.2843 -0.6584
vn 0.8944 -0.4472 -0.0107
vn 0.9485 -0.2984 -0.1066
vn 0.8496 -0.2063 -0.4855
vn 0.8704 -0.4354 0.2300
vn 0.9298 -0.3062 0.2041
vn 0.9580 -0.1490 -0.2448
vn 0.9768 -0.1612 0.1410
vn 0.7621 -0.3100 0.5684
vn 0.6712 -0.4296 0.6041
vn 0.4869 -0.3334 0.8073
vn 0.4704 -0.4051 0.7840
vn 0.3400 -0.8437 0.4155
vn 0.2123 -0.8964 0.3892
vn 0.4278 -0.8031 0.4147
vn 0.7185 -0.6140 0.3266
vn 0.3472 -0.9144 0.2083
vn 0.6231 -0.7814 -0.0340
vn 0.2315 -0.9727 0.0193
vn 0.4221 -0.8562 -0.2980
vn 0.4446 -0.6198 0.6467
vn -0.0102 -0.9232 0.3841
vn 0.1807 -0.5063 0.8432
vn -0.1520 -0.8769 0.4560
vn -0.0649 -0.3895 0.9188
vn -0.3220 -0.5281 0.7857
vn -0.2351 -0.8291 0.5073
vn -0.4594 -0.6211 0.6350
vn -0.3024 -0.8314 0.4661
vn -0.6348 -0.4593 0.6213
vn -0.4316 -0.7848 0.4447
vn -0.7678 -0.5755 0.2816
vn -0.4997 -0.8410 0.2072
vn -0.7667 -0.6404 0.0458
vn -0.4284 -0.9011 0.0670
vn -0.6122 -0.7617 -0.2124
vn -0.5805 -0.8056 -0.1185
vn -0.4160 -0.8686 -0.2692
vn -0.6092 -0.6359 -0.4738
vn -0.3900 -0.7930 -0.4680
vn -0.3733 -0.8110 -0.4505
vn -0.2211 -0.8352 -0.5036
vn -0.1695 -0.8219 -0.5438
vn -0.1887 -0.2772 -0.9421
vn -0.5579 -0.2665 -0.7859
vn -0.2367 -0.1028 -0.9661
vn -0.5447 -0.1301 -0.8285
vn -0.2018 0.0384 -0.9787
vn -0.4856 0.0108 -0.8741
vn -0.1520 0.0664 -0.9861
vn -0.4337 0.0434 -0.9000
vn -0.0980 0.0355 -0.9946
vn -0.3948 0.0427 -0.9178
vn -0.0377 0.1691 -0.9849
vn -0.3413 0.2476 -0.9068
vn 0.2411 0.7232 -0.6471
vn 0.1814 0.8346 -0.5201
vn 0.3781 0.8782 -0.2928
vn 0.3013 0.8918 -0.3374
vn 0.2027 0.9345 -0.2927
vn -0.0560 0.8620 -0.5038
vn 0.1115 0.9729 -0.2027
vn -0.2070 0.9198 -0.3334
vn 0.0881 0.9955 -0.0352
vn -0.2587 0.9651 -0.0398
vn 0.1010 0.9922 0.0735
vn -0.3277 0.9273 0.1809
vn -0.2186 0.9510 0.2186
vn 0.0671 0.9977 -0.0000
vn -0.1524 0.9469 0.2830
vn 0.0859 0.9963 0.0086
vn 0.0293 0.9691 0.2449
vn 0.1387 0.9893 0.0462
vn 0.2146 0.9755 0.0488
vn 0.1587 0.9183 0.3628
vn 0.3344 0.9424 0.0101
vn 0.3713 0.8663 0.3342
vn 0.3796 0.9220 -0.0759
vn 0.5322 0.8168 0.2228
vn 0.4179 0.8938 -0.1625
vn 0.6704 0.7397 0.0578
vn 0.6461 0.7538 -0.1197
vn 0.3968 0.8987 -0.1867
vn 0.7109 0.6605 -0.2415
vn 0.9830 0.1796 0.0378
vn 0.9484 0.1068 -0.2986
vn 0.9933 -0.0820 0.0820
vn 0.7047 -0.0822 -0.7047
vn 0.9718 -0.1012 -0.2129
vn 0.9891 -0.1130 0.0942
vn 0.8667 -0.0912 0.4904
vn 0.8841 -0.1512 0.4421
vn 0.9612 -0.1149 -0.2509
vn 0.8289 -0.1951 0.5242
vn 0.5534 -0.1564 0.8181
vn 0.5645 -0.2383 0.7903
vn 0.2927 -0.2026 0.9345
vn 0.2508 -0.1149 0.9612
vn -0.0277 -0.1569 0.9872
vn -0.0099 -0.2983 0.9544
vn 0.2593 -0.3300 0.9076
vn 0.0211 -0.4002 0.9162
vn 0.2285 -0.4209 0.8779
vn -0.2505 -0.3698 0.8947
vn -0.3045 -0.2694 0.9136
vn -0.4927 -0.3630 0.7909
vn -0.5001 -0.2626 0.8252
vn -0.6737 -0.3566 0.6473
vn -0.6772 -0.2556 0.6900
vn -0.8849 -0.2272 0.4066
vn -0.8447 -0.3908 0.3656
vn -0.9661 -0.2563 0.0296
vn -0.8849 -0.4482 0.1264
vn -0.8806 -0.4284 -0.2023
vn -0.8657 -0.2044 -0.4569
vn -0.7211 -0.3412 -0.6030
vn -0.6605 -0.1590 -0.7338
vn -0.6609 -0.0112 -0.7504
vn -0.8921 -0.0215 -0.4514
vn -0.6597 0.0341 -0.7507
vn -0.8770 0.0555 -0.4773
vn -0.6563 0.0820 -0.7500
vn -0.8706 0.1031 -0.4811
vn -0.6546 0.2699 -0.7062
vn -0.8562 0.2981 -0.4220
vn -0.9932 0.0911 -0.0729
vn -0.9476 0.3195 -0.0000
vn -0.9484 0.0843 0.3056
vn -0.9082 0.3188 0.2713
vn -0.8158 0.2639 0.5146
vn -0.8289 0.0568 0.5564
vn -0.6641 0.2558 0.7025
vn -0.6104 0.0339 0.7913
vn -0.3984 0.2539 0.8814
vn -0.3464 -0.0101 0.9380
vn -0.0980 0.1671 0.9811
vn -0.0705 -0.0529 0.9961
vn 0.2679 0.1396 0.9533
vn 0.2441 -0.0814 0.9663
vn 0.5719 0.1313 0.8098
vn 0.5354 -0.1047 0.8381
vn 0.8853 0.1889 0.4249
vn -0.0444 -0.0888 0.9951
vn -0.3154 -0.0736 0.9461
vn -0.3064 -0.1423 0.9412
vn -0.5076 -0.1416 0.8499
vn -0.5521 -0.0457 0.8326
vn -0.7490 -0.1070 0.6539
vn -0.9333 -0.0419 0.3566
vn -0.7999 0.0111 0.6000
vn -0.9483 0.0306 0.3160
vn -0.9966 0.0436 -0.0700
vn -0.9984 -0.0508 -0.0254
vn 0.7767 -0.0696 -0.6260
vn 0.6081 -0.0574 -0.7918
vn 0.5496 -0.0110 -0.8354
vn 0.8108 -0.1058 -0.5758
vn 0.4129 -0.0212 -0.9105
vn 0.3912 0.0317 -0.9198
vn 0.4171 -0.1127 -0.9018
vn 0.6428 -0.1456 -0.7520
vn 0.1571 0.1080 -0.9817
vn 0.4000 0.1000 -0.9111
vn 0.1214 -0.0747 -0.9898
vn 0.4353 0.2297 -0.8705
vn 0.2093 0.2423 -0.9474
vn -0.1149 0.1149 -0.9867
vn -0.1224 -0.0847 -0.9889
vn -0.0934 -0.1025 -0.9903
vn 0.3831 -0.0876 -0.9195
vn 0.1569 -0.0274 -0.9872
vn -0.0000 0.7125 -0.7017
vn 0.4337 -0.0431 -0.9000
vn 0.2127 0.7505 -0.6257
vn 0.3248 0.7533 -0.5718
vn 0.6353 0.0343 -0.7715
vn 0.3901 0.7929 -0.4682
vn 0.4729 0.7745 -0.4203
vn 0.8040 0.0003 -0.5947
vn 0.5197 0.7791 -0.3507
vn 0.9283 0.0425 -0.3693
vn 0.4077 0.1746 -0.8962
vn 0.8798 0.0443 -0.4732
vn 0.9083 0.0318 -0.4170
vn 0.8854 0.0216 -0.4643
vn 0.8255 0.1821 -0.5342
vn 0.7809 0.1063 -0.6155
vn 0.3173 -0.4691 -0.8242
vn 0.2371 -0.5359 -0.8103
vn 0.6297 0.1451 -0.7632
vn 0.1575 -0.5807 -0.7987
vn 0.4107 0.1366 -0.9015
vn 0.0700 -0.6633 -0.7451
vn -0.0572 -0.5951 -0.8016
vn 0.1598 0.2341 -0.9590
vn -0.0883 0.1762 -0.9804
vn -0.1984 -0.6075 -0.7691
vn -0.3442 0.2608 -0.9020
vn -0.3231 -0.5425 -0.7754
vn -0.6241 0.2544 -0.7388
vn -0.4007 -0.6274 -0.6677
vn -0.5729 -0.5862 -0.5728
vn -0.8252 0.2623 -0.5003
vn -0.5861 -0.5449 -0.5996
vn -0.8757 0.2156 -0.4320
vn -0.5814 -0.4728 -0.6622
vn -0.9210 0.2185 -0.3225
vn -0.5939 -0.4586 -0.6611
vn -0.9682 0.1768 -0.1772
vn -0.6351 -0.4591 -0.6212
vn -0.9968 0.0170 -0.0775
vn -0.9800 -0.0188 -0.1979
vn -0.7484 0.2965 -0.5932
vn -0.6258 0.7505 -0.2126
vn -0.9934 0.1146 0.0087
vn -0.5847 0.7833 -0.2114
vn -0.9981 0.0172 -0.0593
vn -0.9597 0.0829 -0.2684
vn -0.5168 0.7875 -0.3357
vn -0.8982 0.0779 -0.4326
vn -0.4428 0.7939 -0.4166
vn -0.7507 0.0344 -0.6598
vn -0.3735 0.8108 -0.4507
vn -0.3241 0.7644 -0.5574
vn -0.5171 -0.0559 -0.8541
vn -0.1859 0.7308 -0.6568
vn -0.3250 -0.0626 -0.9436
vn -0.3602 -0.0982 -0.9277
vn -0.3971 0.1361 -0.9076
vn -0.6030 -0.0455 -0.7964
vn -0.7717 0.1715 -0.6124
vn -0.6124 0.1715 -0.7717
vn -0.7655 -0.0000 -0.6434
vn -0.5968 0.3114 -0.7395
vn -0.3808 0.3071 -0.8722
vn -0.7773 0.3366 -0.5315
vn -0.8705 0.2297 -0.4352
vn -0.8663 0.3341 -0.3713
vn -0.9236 0.1938 -0.3307
vn -0.9269 0.2975 -0.2289
vn -0.9629 0.1799 -0.2010
vn -0.9612 0.2508 -0.1149
vn -0.9955 0.0944 -0.0000
vn -0.9877 -0.0183 -0.1555
vn -0.9516 -0.0000 -0.3073
vn -0.8828 0.0327 -0.4686
vn -0.0837 0.2931 -0.9524
vn 0.6563 0.2272 -0.7194
vn 0.5793 0.0811 -0.8110
vn 0.5624 -0.1054 -0.8201
vn 0.7291 0.0342 -0.6835
vn 0.7490 -0.1070 -0.6539
vn 0.6298 -0.1454 0.7630
vn 0.5824 0.0571 0.8109
vn 0.3971 -0.1361 0.9076
vn 0.7608 -0.0112 0.6489
vn 0.7758 -0.1847 0.6034
vn 0.5967 -0.3115 0.7395
vn 0.3662 -0.3052 0.8790
vn 0.1149 -0.1150 0.9867
vn 0.3569 0.0865 0.9301
vn 0.0837 -0.2931 0.9524
vn -0.2093 -0.2424 0.9473
vn 0.1224 0.0848 0.9889
vn -0.1570 -0.1080 0.9817
vn -0.4352 -0.2298 0.8705
vn -0.1318 0.0753 0.9884
vn -0.4000 -0.1000 0.9111
vn -0.6563 -0.2272 0.7194
vn -0.3797 0.0759 0.9220
vn -0.5793 -0.0811 0.8111
vn -0.8162 -0.1827 0.5482
vn -0.5577 0.0929 0.8248
vn -0.7291 -0.0342 0.6835
vn -0.8344 -0.3289 0.4422
vn -0.9470 -0.1526 0.2827
vn -0.8741 -0.0108 0.4856
vn -0.6758 -0.5540 -0.4862
vn -0.6141 -0.7421 -0.2687
vn -0.9884 0.0371 0.1475
vn -0.9275 0.1218 0.3534
vn -0.7860 0.2665 0.5578
vn -0.3415 0.9221 0.1821
vn -0.5302 0.8460 0.0564
vn -0.0564 0.9870 -0.1504
vn -0.8516 0.4005 -0.3383
vn -0.4599 -0.0107 -0.8879
vn 0.4071 0.1747 -0.8965
vn -0.2119 -0.5983 -0.7728
vn 0.3170 -0.4692 -0.8242
vn -0.2270 -0.7314 -0.6431
vn 0.2366 -0.5362 -0.8103
vn -0.2096 -0.8136 -0.5424
vn 0.1571 -0.5810 -0.7986
vn -0.1878 -0.8921 -0.4108
vn -0.5396 -0.8381 -0.0803
vn -0.3964 -0.9139 0.0881
vn -0.6762 -0.3715 0.6362
vn -0.4531 -0.3886 0.8023
vn -0.2817 -0.9353 0.2141
vn -0.1889 -0.4252 0.8852
vn -0.1456 -0.9672 0.2080
vn 0.0557 -0.4908 0.8695
vn 0.3287 -0.4428 0.8342
vn 0.1097 -0.9776 0.1796
vn 0.5811 -0.4733 0.6621
vn 0.1922 -0.9802 0.0481
vn -0.1101 -0.9251 -0.3634
vn -0.1556 -0.9338 -0.3221
vn -0.1985 -0.6079 -0.7688
vn -0.1884 -0.9422 -0.2771
vn -0.0573 -0.5955 -0.8013
vn 0.0697 -0.6637 -0.7448
vn -0.3230 -0.5429 -0.7752
vn -0.4005 -0.6278 -0.6675
vn -0.1567 -0.9288 -0.3357
vn -0.5729 -0.5864 -0.5726
vn -0.1736 -0.9028 -0.3935
vn -0.5857 -0.5453 -0.5996
vn -0.1698 -0.8124 -0.5578
vn -0.5810 -0.4732 -0.6622
vn -0.0937 -0.7965 -0.5974
vn -0.5934 -0.4589 -0.6612
vn -0.0225 -0.6177 -0.7861
vn -0.1328 -0.6637 -0.7361
vn -0.6346 -0.4594 -0.6215
vn 0.3706 -0.7015 -0.6088
vn 0.9528 -0.2492 -0.1735
vn 0.9097 -0.4117 -0.0544
vn 0.4434 -0.5780 -0.6851
vn 0.3954 -0.8291 -0.3954
vn 0.8661 -0.4952 0.0673
vn 0.2951 -0.9088 -0.2950
vn 0.8316 -0.4968 0.2481
vn 0.2562 -0.9631 -0.0820
vn 0.7635 -0.5006 0.4080
vn 0.8658 -0.3216 0.3834
vn 0.7753 -0.3230 0.5427
vn 0.8682 -0.2170 0.4462
vn 0.8828 -0.0327 0.4686
vn 0.9236 -0.1938 0.3307
vn 0.9544 -0.0099 0.2983
vn 0.9629 -0.1799 0.2011
vn 0.9220 -0.3112 0.2305
vn 0.9632 -0.2562 0.0820
vn 0.9991 -0.0413 0.0083
vn 0.9864 0.0091 0.1644
vn 0.9588 0.2840 -0.0000
vn 0.9661 0.2367 -0.1029
vn 0.4599 0.8725 -0.1651
vn 0.9332 0.0421 -0.3569
vn 0.4419 0.8592 -0.2578
vn 0.0188 0.9800 -0.1979
vn 0.5530 0.0809 -0.8292
vn -0.1073 0.9443 -0.3112
vn -0.5842 0.7836 -0.2114
vn -0.1484 -0.1284 -0.9805
vn -0.7480 0.2966 -0.5938
vn -0.6255 0.7506 -0.2127
vn -0.0193 0.9727 -0.2311
vn -0.5163 0.7879 -0.3357
vn 0.0287 0.9771 -0.2108
vn -0.4424 0.7943 -0.4165
vn 0.0451 0.9931 -0.1083
vn -0.3731 0.8111 -0.4504
vn -0.0674 0.9825 -0.1734
vn -0.3238 0.7647 -0.5571
vn 0.0092 0.9846 -0.1748
vn -0.1857 0.7312 -0.6564
vn 0.0674 0.9825 -0.1734
vn -0.0000 0.7128 -0.7013
vn 0.1277 0.9823 -0.1373
vn 0.2127 0.7508 -0.6253
vn 0.1341 0.9863 -0.0958
vn 0.3247 0.7537 -0.5714
vn 0.0524 0.9967 -0.0612
vn 0.3898 0.7932 -0.4679
vn 0.1068 0.9835 -0.1459
vn 0.4725 0.7748 -0.4200
vn 0.5195 0.7792 -0.3506
vn -0.0867 0.9300 0.3572
vn -0.2768 0.8905 0.3610
vn -0.3926 0.2948 0.8712
vn -0.6102 0.2546 0.7502
vn -0.7441 0.0945 0.6614
vn -0.1402 0.2809 0.9494
vn 0.1066 0.2987 0.9484
vn 0.0649 0.9189 0.3892
vn 0.1452 0.9269 0.3462
vn 0.3233 0.2996 0.8976
vn 0.2055 0.9249 0.3197
vn 0.5103 0.3065 0.8035
vn 0.2501 0.9322 0.2615
vn 0.7506 0.2130 0.6255
vn 0.4319 0.8757 0.2159
vn 0.8995 0.2371 0.3669
vn 0.4817 0.8757 0.0328
vn 0.9429 0.2665 0.1996
vn 0.4861 0.8703 -0.0791
vn -0.0161 -0.9998 0.0081
vn 0.0248 -0.9994 0.0251
vn -0.0254 -0.9984 0.0508
vn 0.0328 -0.9994 0.0082
vn -0.0160 -0.9999 -0.0000
vn -0.0774 -0.9969 -0.0172
vn -0.0866 -0.9961 -0.0173
vn -0.0587 -0.9982 0.0083
vn 0.0181 -0.9892 0.1452
vn -0.0000 -0.9971 0.0760
vn -0.0163 -0.9997 0.0162
vn 0.1375 -0.9822 0.1277
vn 0.3710 -0.6889 0.6227
vn -0.0861 -0.9859 0.1436
vn -0.1580 -0.7783 0.6077
vn 0.0913 -0.5036 0.8591
vn -0.4935 -0.7339 0.4668
vn -0.1531 -0.9852 0.0765
vn -0.8122 -0.4251 0.3996
vn -0.7004 -0.6485 0.2983
vn -0.7232 -0.6471 0.2411
vn -0.1922 -0.9802 0.0480
vn -0.7155 -0.6653 0.2134
vn -0.2354 -0.9711 0.0392
vn -0.7233 -0.6471 0.2411
vn -0.2441 -0.9663 0.0814
vn -0.6911 -0.6114 0.3854
vn -0.2258 -0.9569 0.1828
vn -0.3854 -0.6911 0.6114
vn -0.0495 -0.9701 0.2376
vn 0.1054 -0.8203 0.5621
vn 0.1905 -0.9630 0.1905
vn 0.6763 -0.5001 0.5410
vn 0.5397 -0.8336 0.1173
vn 0.2470 -0.9682 0.0395
vn 0.2425 -0.9700 0.0194
vn 0.6788 -0.7264 0.1072
vn 0.2179 -0.9759 0.0095
vn 0.4859 -0.8729 0.0442
vn 0.1979 -0.9800 -0.0188
vn 0.6842 -0.7292 -0.0112
vn 0.7047 -0.7047 -0.0822
vn 0.1870 -0.9822 -0.0185
vn 0.6208 -0.7818 -0.0575
vn 0.1854 -0.9826 -0.0092
vn 0.6244 -0.7810 -0.0111
vn 0.1854 -0.9826 0.0093
vn 0.6404 -0.7667 0.0458
vn 0.1979 -0.9800 0.0189
vn 0.6589 -0.7427 0.1198
vn 0.1994 -0.9795 0.0284
vn 0.6635 -0.7449 0.0699
vn 0.1961 -0.9805 0.0094
vn 0.5562 -0.8291 -0.0568
vn 0.2088 -0.9778 -0.0191
vn 0.7431 -0.5172 -0.4247
vn 0.2655 -0.9557 -0.1274
vn 0.4586 -0.6613 -0.5936
vn 0.1382 -0.9570 -0.2552
vn 0.0711 -0.9646 -0.2539
vn 0.2543 -0.6103 -0.7502
vn 0.0199 -0.9571 -0.2891
vn -0.0000 -0.9946 -0.1038
vn 0.0358 -0.9936 -0.1074
vn -0.0304 -0.9522 -0.3039
vn -0.0451 -0.9931 -0.1083
vn 0.0250 -0.9991 -0.0333
vn -0.0165 -0.9993 -0.0330
vn -0.0699 -0.9966 -0.0437
vn -0.1936 -0.9572 -0.2151
vn -0.1861 -0.9794 -0.0784
vn -0.5169 -0.5985 -0.6121
vn -0.2376 -0.5503 -0.8004
vn -0.0450 -0.5513 -0.8331
vn -0.5721 -0.7755 -0.2670
vn -0.1922 -0.9802 -0.0481
vn -0.5939 -0.7958 -0.1188
vn -0.6311 -0.7714 -0.0818
vn -0.1888 -0.9816 -0.0284
vn -0.6614 -0.7440 -0.0945
vn -0.1888 -0.9816 -0.0283
vn -0.5761 -0.8046 -0.1440
vn -0.1689 -0.9849 -0.0375
vn -0.1720 -0.9834 -0.0571
vn -0.6161 -0.7544 -0.2263
vn -0.1734 -0.9825 -0.0674
vn -0.6862 -0.6862 -0.2415
vn -0.5851 -0.7928 -0.1706
vn -0.1812 -0.9823 -0.0477
vn -0.4537 -0.8853 -0.1021
vn -0.1718 -0.9835 -0.0573
vn -0.2165 -0.9745 -0.0591
vn -0.5081 -0.8586 -0.0678
vn -0.2656 -0.9639 -0.0197
vn -0.6724 -0.7401 0.0112
vn -0.2807 -0.9562 0.0831
vn -0.7580 -0.6064 0.2400
vn -0.3527 -0.7581 0.5486
vn -0.0599 -0.9690 0.2398
vn 0.0578 -0.7061 0.7057
vn 0.1372 -0.9603 0.2427
vn 0.3552 -0.5920 0.7235
vn 0.4776 -0.8008 0.3614
vn 0.2045 -0.9712 0.1227
vn 0.6499 -0.6631 0.3714
vn 0.2107 -0.9734 0.0903
vn 0.6938 -0.6415 0.3273
vn 0.6037 -0.7454 0.2826
vn 0.2009 -0.9744 0.1005
vn 0.4807 -0.8227 0.3036
vn 0.5423 -0.6640 0.5148
vn 0.0330 -0.9993 0.0165
vn -0.0427 -0.9982 0.0427
vn -0.0867 -0.9961 -0.0173
vn -0.0162 -0.9998 -0.0081
vn -0.0161 -0.9998 -0.0081
vn -0.0859 -0.9962 -0.0174
vn -0.0161 -0.9997 -0.0160
vn -0.0874 -0.9958 -0.0262
vn 0.0244 -0.9997 -0.0081
vn 0.0952 -0.9954 0.0087
vn 0.0325 -0.9995 -0.0000
vn 0.0952 -0.9954 -0.0087
vn 0.0859 -0.9963 0.0086
vn 0.0760 -0.9971 -0.0000
vn 0.0082 -0.9994 0.0328
vn 0.0080 -0.9999 0.0080
vn 0.0160 -0.9999 -0.0000
vn 0.0081 -0.9998 0.0161
vn 0.0258 -0.9973 0.0688
vn 0.0807 -0.9948 -0.0627
vn 0.8757 0.2159 -0.4318
vn 0.9519 0.2781 -0.1283
vn 0.9847 0.0966 -0.1447
vn 0.8523 0.3635 -0.3760
vn 0.6548 0.2696 -0.7061
vn 0.6763 0.1328 -0.7246
vn 0.8594 0.0109 -0.5112
vn 0.9779 -0.0484 -0.2033
vn 0.9867 0.1150 0.1150
vn 0.9936 -0.0542 0.0994
vn 0.9901 -0.1121 0.0841
vn 0.9842 -0.0474 0.1703
vn 0.9765 -0.1309 0.1711
vn 0.6586 -0.7429 0.1198
vn 0.9900 -0.1295 0.0555
vn 0.6404 -0.7666 0.0457
vn 0.6244 -0.7810 -0.0112
vn 0.9949 -0.0968 -0.0264
vn 0.6206 -0.7820 -0.0574
vn 0.9903 -0.0934 -0.1028
vn 0.7045 -0.7049 -0.0822
vn 0.9941 -0.0723 -0.0813
vn 0.9970 -0.0694 -0.0347
vn 0.6841 -0.7293 -0.0112
vn 0.9932 -0.0820 0.0820
vn 0.6786 -0.7266 0.1071
vn 0.9782 -0.0889 0.1877
vn 0.9548 -0.0406 0.2945
vn 0.5398 -0.8336 0.1173
vn 0.6761 -0.5003 0.5409
vn 0.7665 0.0458 0.6406
vn 0.2301 0.0700 0.9706
vn 0.1054 -0.8201 0.5624
vn -0.3853 -0.6914 0.6112
vn -0.6334 -0.0576 0.7716
vn -0.8770 -0.0555 0.4773
vn -0.7231 -0.6473 0.2410
vn -0.9363 -0.0526 0.3472
vn -0.7153 -0.6654 0.2133
vn -0.9562 -0.1051 0.2732
vn -0.9443 -0.1073 0.3112
vn -0.9273 -0.0755 0.3666
vn -0.7002 -0.6487 0.2982
vn -0.8121 -0.4253 0.3996
vn -0.8917 -0.0780 0.4458
vn -0.7401 -0.0343 0.6717
vn -0.3376 -0.0205 0.9411
vn -0.1577 -0.7783 0.6078
vn 0.0915 -0.5038 0.8589
vn 0.3000 -0.0621 0.9519
vn 0.3709 -0.6892 0.6225
vn 0.5671 -0.1181 0.8152
vn 0.7191 -0.1860 0.6695
vn 0.5421 -0.6640 0.5150
vn 0.8197 -0.1958 0.5383
vn 0.6037 -0.7455 0.2826
vn 0.8769 -0.1520 0.4560
vn 0.8770 -0.0555 0.4773
vn 0.6499 -0.6632 0.3714
vn 0.8436 -0.0110 0.5368
vn 0.7559 0.0226 0.6543
vn 0.4779 -0.8006 0.3614
vn 0.3551 -0.5919 0.7235
vn 0.3892 -0.0649 0.9189
vn 0.0579 -0.7057 0.7061
vn 0.0352 -0.0881 0.9955
vn -0.3528 -0.7579 0.5488
vn -0.6476 -0.0341 0.7612
vn -0.9557 -0.1274 0.2655
vn -0.6726 -0.7399 0.0112
vn -0.9738 -0.2240 0.0389
vn -0.5083 -0.8585 -0.0678
vn -0.9048 -0.4072 -0.1244
vn -0.4539 -0.8852 -0.1022
vn -0.9272 -0.3279 -0.1809
vn -0.5853 -0.7926 -0.1707
vn -0.9232 -0.2539 -0.2885
vn -0.9101 -0.2217 -0.3500
vn -0.6862 -0.6862 -0.2414
vn -0.9220 -0.1822 -0.3416
vn -0.6159 -0.7546 -0.2263
vn -0.9422 -0.1884 -0.2771
vn -0.9705 -0.1652 -0.1755
vn -0.6612 -0.7443 -0.0944
vn -0.9802 -0.1584 -0.1188
vn -0.6309 -0.7716 -0.0818
vn -0.9737 -0.1217 -0.1927
vn -0.5938 -0.7958 -0.1186
vn -0.5719 -0.7757 -0.2669
vn -0.8616 -0.1534 -0.4839
vn -0.5168 -0.5987 -0.6119
vn -0.5396 -0.1559 -0.8274
vn -0.2185 -0.1351 -0.9664
vn -0.2665 -0.1997 -0.9429
vn -0.5990 -0.1711 -0.7823
vn -0.5903 -0.0454 -0.8059
vn -0.2921 -0.0302 -0.9559
vn -0.5581 0.1306 -0.8194
vn -0.2759 0.1166 -0.9541
vn -0.5926 0.2396 -0.7691
vn -0.2888 0.2539 -0.9231
vn -0.5832 0.3844 -0.7157
vn -0.2948 0.3927 -0.8712
vn -0.5669 0.4724 -0.6749
vn -0.2997 0.4367 -0.8482
vn -0.5018 0.6510 -0.5696
vn -0.2514 0.8034 -0.5398
vn -0.3466 0.4748 -0.8090
vn -0.5535 -0.1181 -0.8244
vn -0.7747 0.4199 -0.4728
vn -0.8315 -0.3020 -0.4663
vn -0.8255 0.5342 -0.1821
vn -0.9852 -0.1259 -0.1159
vn -0.9692 0.2242 0.1020
vn -0.6300 0.7763 -0.0225
vn -0.5060 0.8434 0.1807
vn -0.8199 0.4355 0.3715
vn -0.2490 0.9529 0.1733
vn -0.7595 0.2960 0.5792
vn -0.5662 0.3684 0.7374
vn -0.1159 0.9853 0.1256
vn -0.2984 0.6483 0.7005
vn -0.0671 0.9977 -0.0000
vn -0.0390 0.9739 0.2237
vn 0.0167 0.9990 -0.0417
vn 0.1478 0.9103 0.3866
vn 0.1163 0.9929 0.0268
vn 0.3036 0.8227 0.4807
vn 0.0434 0.9972 0.0607
vn -0.1390 0.8811 0.4520
vn 0.1642 0.8801 0.4456
vn 0.3985 0.8814 0.2536
vn 0.0175 0.9952 0.0960
vn 0.2908 0.8851 0.3635
vn 0.4767 0.7549 0.4503
vn 0.0867 0.9842 0.1543
vn 0.5601 0.7560 0.3388
vn 0.0989 0.9790 0.1780
vn 0.9615 0.2587 0.0931
vn 0.5710 0.8157 -0.0932
vn -0.0355 0.9946 0.0977
vn 0.4016 0.8758 -0.2678
vn 0.1330 0.9719 -0.1944
vn 0.3124 0.4246 -0.8498
vn 0.0102 0.9379 -0.3466
vn -0.1184 0.8054 -0.5807
vn -0.0895 0.8953 -0.4364
vn -0.2511 0.8035 -0.5398
vn -0.3467 0.4748 -0.8090
vn 0.0321 0.4168 -0.9084
vn -0.2991 0.4366 -0.8484
vn 0.0207 0.3624 -0.9318
vn -0.2942 0.3927 -0.8714
vn 0.0294 0.2447 -0.9691
vn -0.2882 0.2538 -0.9233
vn 0.0087 0.1047 -0.9945
vn -0.2754 0.1166 -0.9542
vn 0.0250 -0.0333 -0.9991
vn -0.2915 -0.0302 -0.9561
vn -0.2660 -0.1997 -0.9431
vn 0.0180 -0.1351 -0.9907
vn -0.2182 -0.1351 -0.9665
vn 0.0533 -0.0800 -0.9954
vn -0.0450 -0.5515 -0.8329
vn 0.2542 -0.6106 -0.7501
vn 0.3310 -0.0854 -0.9397
vn 0.6229 -0.0340 -0.7815
vn 0.4586 -0.6614 -0.5936
vn 0.7430 -0.5174 -0.4245
vn 0.8714 -0.0218 -0.4902
vn 0.9861 -0.0470 -0.1597
vn 0.5564 -0.8290 -0.0568
vn 0.6633 -0.7451 0.0698
vn 0.8329 -0.0450 -0.5515
vn 0.6438 -0.0819 -0.7608
vn 0.3376 -0.0633 -0.9391
vn 0.6123 -0.0111 -0.7905
vn 0.3342 -0.0969 -0.9375
vn 0.3371 0.1087 -0.9352
vn 0.3350 0.2872 -0.8974
vn 0.6297 0.4153 -0.6565
vn 0.3071 0.3808 -0.8722
vn 0.5985 0.5169 -0.6121
vn 0.3037 0.4808 -0.8225
vn 0.8133 0.4956 -0.3050
vn 0.6875 0.6620 -0.2984
vn 0.6715 0.7402 -0.0340
vn 0.8281 0.5595 -0.0336
vn 0.5533 0.8246 0.1178
vn 0.7799 0.6119 0.1320
vn 0.8953 0.4365 -0.0895
vn 0.8648 0.4739 0.1659
vn 0.6276 0.6676 0.4006
vn 0.6252 0.6784 0.3858
vn 0.8088 0.4750 0.3466
vn 0.3667 0.7597 0.5370
vn 0.8849 0.3637 0.2909
vn 0.9398 0.3241 0.1080
vn 0.9674 0.1132 0.2264
vn 0.8782 0.4391 0.1899
vn 0.9651 0.2587 -0.0398
vn 0.9776 0.1796 0.1097
vn 0.8152 0.5774 0.0453
vn 0.9982 0.0427 -0.0426
vn 0.9955 -0.0000 0.0944
vn 0.9925 0.0546 -0.1093
vn 0.9349 0.3442 -0.0864
vn 0.9945 0.0896 -0.0536
vn 0.9366 0.3499 -0.0206
vn 0.9898 0.1375 0.0367
vn 1.0000 -0.0080 -0.0000
vn 0.9966 0.0260 0.0780
vn 0.9776 0.1795 0.1097
vn 0.9759 0.0690 0.2070
vn 0.9183 0.3022 0.2557
vn 0.9088 0.2950 0.2951
vn 0.9584 0.0403 0.2825
vn 0.7314 0.2270 0.6431
vn 0.5999 0.5725 0.5589
vn 0.2008 0.4142 0.8878
vn 0.1861 0.7070 0.6822
vn -0.5023 0.5837 0.6380
vn -0.5396 0.1559 0.8274
vn -0.8485 0.1673 0.5020
vn -0.8449 0.2734 0.4597
vn -0.5449 0.6130 0.5721
vn -0.8285 0.3697 0.4206
vn -0.9441 0.0308 0.3284
vn -0.9009 0.2489 0.3556
vn -0.9522 -0.0304 0.3039
vn -0.9008 0.1989 0.3860
vn -0.9324 -0.0750 0.3537
vn -0.9156 -0.0538 0.3985
vn -0.8964 0.2123 0.3892
vn -0.7905 -0.0111 0.6124
vn -0.8035 0.2511 0.5398
vn -0.4539 0.1021 0.8852
vn -0.4007 0.3381 0.8515
vn 0.1668 0.0981 0.9811
vn 0.1856 0.3829 0.9050
vn 0.6438 0.0819 0.7608
vn 0.5101 0.4833 0.7115
vn 0.7226 0.4683 0.5085
vn 0.7957 0.0224 0.6052
vn 0.7406 0.3968 0.5423
vn 0.8269 0.0110 0.5623
vn 0.6963 0.4285 0.5758
vn 0.8403 0.0221 0.5417
vn 0.7798 0.2390 0.5786
vn 0.5721 0.5449 0.6130
vn 0.3977 0.7292 0.5568
vn 0.7831 0.2526 0.5683
vn 0.4295 0.6051 0.6703
vn 0.6949 0.2274 0.6822
vn 0.2360 0.5217 0.8198
vn 0.4108 0.1369 0.9014
vn -0.1827 0.2258 0.9569
vn -0.2228 0.5322 0.8168
vn -0.6565 0.4153 0.6297
vn -0.7585 0.1324 0.6381
vn -0.9677 0.0706 0.2419
vn -0.8315 0.4661 0.3024
vn -0.9932 0.0729 0.0911
vn -0.9008 0.3861 0.1989
vn -0.9994 0.0082 -0.0328
vn -0.9734 -0.2107 -0.0903
vn -0.9760 -0.1207 -0.1811
vn -0.9884 0.0753 -0.1318
vn -0.9635 0.1361 -0.2304
vn -0.9562 -0.1051 -0.2732
vn -0.9394 0.1311 -0.3168
vn -0.9350 -0.0860 -0.3439
vn -0.9398 0.1080 -0.3241
vn -0.9327 -0.0976 -0.3471
vn -0.9746 0.0289 -0.2219
vn -0.9570 -0.1382 -0.2552
vn -0.9910 -0.0741 -0.1111
vn -0.9644 -0.2201 -0.1468
vn -0.9612 -0.2507 -0.1149
vn -0.9540 -0.2276 -0.1951
vn -0.9649 -0.0913 -0.2461
vn -0.8434 -0.1807 -0.5060
vn -0.8367 -0.0335 -0.5466
vn -0.9326 0.1207 -0.3401
vn -0.7987 0.1573 -0.5809
vn -0.8088 0.2780 -0.5182
vn -0.9083 0.2713 -0.3185
vn -0.7746 0.4201 -0.4727
vn -0.8468 0.4483 -0.2864
vn -0.7644 0.4876 -0.4218
vn -0.8132 0.5255 -0.2502
vn -0.8194 0.5581 -0.1306
vn -0.8627 0.4994 -0.0795
vn -0.7449 0.6635 0.0698
vn -0.8375 0.5308 0.1297
vn -0.6482 0.7006 0.2982
vn -0.7034 0.6383 0.3126
vn -0.4653 0.8019 0.3748
vn -0.5047 0.7438 0.4383
vn -0.3629 0.7911 0.4924
vn -0.3220 0.7857 0.5281
vn -0.4129 0.8743 0.2550
vn -0.1597 0.9126 0.3764
vn -0.0449 0.8414 0.5385
vn -0.0817 0.7817 0.6183
vn 0.1577 0.7885 0.5944
vn 0.2320 0.8549 0.4641
vn -0.0213 0.9046 0.4257
vn 0.1508 0.9770 0.1511
vn 0.5171 0.8461 0.1293
vn 0.5496 0.8354 0.0110
vn 0.7964 0.6030 -0.0455
vn 0.8051 0.5927 0.0224
vn 0.8108 0.5758 0.1058
vn 0.9295 0.3632 0.0641
vn 0.5924 0.8015 0.0813
vn 0.8964 0.4074 0.1746
vn 0.7965 0.5760 0.1838
vn 0.7070 0.5736 0.4136
vn 0.5615 0.7784 0.2807
vn 0.3733 0.8110 0.4505
vn 0.1187 0.7958 0.5939
vn -0.0912 0.8667 0.4904
vn 0.2109 0.9436 0.2553
vn -0.2321 0.9168 0.3249
vn -0.4768 0.7549 0.4503
vn -0.5947 0.7137 0.3701
vn -0.7821 0.4954 0.3780
vn -0.7213 0.5343 0.4408
vn -0.7921 0.4804 0.3766
vn -0.6445 0.6839 0.3420
vn -0.7821 0.4953 0.3780
vn -0.6031 0.7211 0.3409
vn -0.7001 0.4982 0.5116
vn -0.3396 0.5747 0.7445
vn -0.1980 0.7797 0.5940
vn 0.0945 0.6614 0.7441
vn -0.0222 0.8318 0.5546
vn -0.2141 0.9353 0.2817
vn 0.0895 0.8953 0.4364
vn -0.2324 0.9613 0.1479
vn 0.2135 0.8898 0.4034
vn -0.2781 0.9519 0.1283
vn 0.3706 0.7015 0.6088
vn 0.5116 0.7001 0.4981
vn 0.2645 0.8895 0.3726
vn 0.5634 0.6976 0.4427
vn 0.3957 0.7518 0.5276
vn 0.0215 0.8921 0.4514
vn 0.1964 0.8101 0.5524
vn -0.1534 0.8616 0.4839
vn -0.3733 0.8110 0.4505
vn -0.6694 0.7073 0.2273
vn -0.8625 0.4896 0.1282
vn -0.1843 0.7863 0.5897
vn -0.7662 0.6422 0.0225
vn -0.9375 0.3341 -0.0970
vn -0.9822 0.1871 -0.0187
vn -0.7237 0.6898 -0.0226
vn -0.8870 0.4318 -0.1634
vn -0.6614 0.7441 -0.0945
vn -0.8779 0.4209 -0.2285
vn -0.6529 0.7560 -0.0458
vn -0.8917 0.3923 -0.2259
vn -0.7490 0.6539 0.1070
vn -0.9542 0.2756 -0.1166
vn -0.9073 0.4154 0.0656
vn -0.9907 0.1284 -0.0459
vn -0.9443 0.3112 -0.1073
vn -0.9878 0.0659 -0.1411
vn -0.2927 0.9345 0.2027
vn -0.4749 0.8523 0.2192
vn -0.2999 0.9227 0.2422
vn 0.1448 0.9847 0.0966
vn 0.1874 0.9681 0.1666
vn -0.3185 0.9083 0.2713
vn 0.6166 0.7738 0.1451
vn -0.8376 0.0566 -0.5433
vn -0.8269 -0.0110 -0.5623
vn -0.5171 0.1293 -0.8461
vn -0.9509 0.0409 -0.3068
vn -0.9348 0.1319 -0.3299
vn -0.7545 0.4900 -0.4367
vn -0.7937 0.3075 -0.5249
vn -0.5984 0.5171 -0.6120
vn -0.2472 0.4823 -0.8404
vn -0.4257 -0.0213 -0.9046
vn -0.3035 0.1303 -0.9439
vn -0.3697 -0.0870 -0.9251
vn -0.4629 -0.3600 -0.8100
vn -0.2706 -0.4305 -0.8610
vn -0.2212 -0.8350 -0.5038
vn -0.7834 -0.2114 -0.5845
vn -0.6120 -0.7618 -0.2123
vn -0.9509 -0.1513 -0.2701
vn -0.7665 -0.6406 0.0458
vn -0.9981 -0.0341 -0.0512
vn -0.7677 -0.5757 0.2815
vn -0.9648 0.0924 0.2463
vn -0.7539 0.1854 0.6303
vn -0.5033 0.1287 0.8544
vn -0.4592 -0.6216 0.6347
vn -0.3220 -0.5281 0.7858
vn -0.1654 0.0875 0.9823
vn -0.0648 -0.3889 0.9190
vn 0.0459 0.1284 0.9907
vn 0.1808 -0.5060 0.8434
vn 0.2576 0.1499 0.9546
vn 0.5174 0.0920 0.8508
vn 0.7506 0.0577 0.6582
vn 0.4274 -0.8035 0.4144
vn 0.7186 -0.6140 0.3266
vn 0.9595 0.0298 0.2801
vn 0.9973 -0.0521 -0.0520
vn 0.6227 -0.7817 -0.0339
vn 0.8648 -0.1659 -0.4739
vn 0.4220 -0.8563 -0.2979
vn 0.5716 -0.3248 -0.7535
vn 0.1964 -0.9128 -0.3581
vn 0.4514 -0.3009 -0.8401
vn -0.0225 -0.7010 -0.7128
vn -0.1233 -0.2165 -0.9685
vn -0.2209 -0.8351 -0.5038
vn -0.3702 -0.0870 -0.9249
vn 0.1002 -0.0638 -0.9929
vn -0.0000 0.0495 -0.9988
vn -0.3038 0.1302 -0.9438
vn -0.1389 0.4523 -0.8810
vn -0.1337 0.9246 -0.3568
vn 0.0444 0.8653 -0.4992
vn 0.4703 0.4053 -0.7839
vn 0.1989 0.9008 -0.3861
vn 0.5837 0.6380 -0.5023
vn 0.2595 0.9363 -0.2369
vn 0.3343 0.9374 -0.0971
vn 0.9363 0.2484 -0.2483
vn 0.4129 0.9105 0.0212
vn 0.9613 0.2661 0.0716
vn 0.5439 0.8219 0.1692
vn 0.9509 0.0623 0.3032
vn 0.7565 0.1589 0.6344
vn 0.5378 0.6995 0.4706
vn 0.2790 0.7990 0.5327
vn 0.4862 0.1537 0.8602
vn 0.1746 0.2621 0.9491
vn 0.0685 0.8336 0.5481
vn -0.0631 0.3128 0.9477
vn -0.0669 0.8809 0.4686
vn -0.2557 0.3025 0.9182
vn -0.1405 0.8659 0.4801
vn -0.4968 0.4968 0.7116
vn -0.1900 0.9378 0.2905
vn -0.3470 0.8966 0.2751
vn -0.7704 0.2956 0.5649
vn -0.4217 0.8895 0.1757
vn -0.9344 0.2029 0.2927
vn -0.9023 0.4299 -0.0322
vn -0.4210 0.9060 -0.0430
vn -0.1980 0.9677 -0.1561
vn -0.2750 0.9452 -0.1760
vn -0.2425 0.9472 -0.2096
vn -0.1338 0.9246 -0.3567
vn -0.9874 0.0854 -0.1329
vn -0.9794 0.0783 -0.1861
vn -0.9764 -0.0000 0.2159
vn -0.9547 0.1501 0.2571
vn -0.7965 0.0937 0.5974
vn -0.8304 -0.0000 0.5572
vn -0.6052 0.0224 0.7957
vn -0.5490 0.1432 0.8235
vn -0.2722 -0.0000 0.9623
vn -0.1960 0.1445 0.9699
vn -0.0161 -0.0081 0.9998
vn 0.0648 0.1203 0.9906
vn 0.2088 -0.0190 0.9778
vn 0.3168 0.1311 0.9394
vn 0.5170 -0.0562 0.8542
vn 0.5671 0.1181 0.8152
vn 0.7608 -0.0819 0.6438
vn 0.9392 -0.0000 0.3434
vn 0.7599 0.1069 0.6412
vn 0.9256 -0.1693 0.3386
vn 0.9835 -0.1639 0.0771
vn 0.9996 -0.0164 -0.0246
vn 0.9398 -0.1080 -0.3241
vn 0.8811 -0.0108 -0.4728
vn 0.7121 0.0458 -0.7006
vn 0.6176 -0.0225 -0.7861
vn 0.5624 0.1054 -0.8201
vn 0.5646 -0.0452 -0.8241
vn -0.7612 -0.0341 0.6476
vn -0.5385 -0.0449 0.8414
vn -0.7553 -0.0000 0.6554
vn -0.7550 -0.0944 0.6488
vn -0.9315 -0.0529 0.3599
vn -0.9318 0.0207 0.3624
vn -0.9139 0.0881 0.3963
vn -0.5466 -0.0335 0.8367
vn -0.7501 0.0823 0.6562
vn -0.4839 0.8151 0.3184
vn -0.5417 0.0225 0.8403
vn -0.3516 0.7689 0.5340
vn -0.1897 0.9380 0.2901
vn -0.2264 0.1136 0.9674
vn -0.0891 0.9017 0.4230
vn -0.3465 0.8969 0.2748
vn -0.1404 0.8661 0.4797
vn -0.0669 0.8811 0.4681
vn -0.0575 0.7818 0.6208
vn 0.1197 0.7538 0.6461
vn 0.0686 0.8337 0.5479
vn 0.4707 0.5379 0.6993
vn 0.5381 0.6991 0.4708
vn 0.6948 0.4142 0.5879
vn 0.5437 0.8220 0.1693
vn 0.5887 0.7762 0.2256
vn 0.4126 0.9106 0.0212
vn 0.4817 0.8737 0.0672
vn 0.3338 0.9376 -0.0969
vn 0.4482 0.8849 -0.1264
vn 0.2592 0.9364 -0.2367
vn 0.4833 0.7115 -0.5101
vn 0.1989 0.9007 -0.3863
vn 0.2838 0.6450 -0.7095
vn 0.1069 0.7488 -0.6541
vn -0.1336 0.9248 -0.3563
vn -0.1575 0.7885 -0.5945
vn 0.1140 -0.1042 -0.9880
vn -0.1994 -0.0284 -0.9795
vn 0.0911 -0.0729 -0.9932
vn -0.1746 -0.0092 -0.9846
vn 0.1153 0.0177 -0.9932
vn -0.1566 0.0277 -0.9873
vn 0.1047 0.0087 -0.9945
vn -0.1868 0.0187 -0.9822
vn 0.0881 -0.0352 -0.9955
vn -0.1793 -0.0378 -0.9831
vn -0.1665 -0.0981 -0.9812
vn 0.1121 -0.0841 -0.9901
vn -0.1651 -0.0875 -0.9824
vn 0.0607 -0.0434 -0.9972
vn -0.2572 -0.1504 -0.9546
vn 0.1653 -0.0879 -0.9823
vn -0.1185 0.8058 -0.5803
vn 0.3124 0.4248 -0.8497
vn 0.4947 -0.0333 -0.8684
vn 0.8062 -0.0694 -0.5875
vn 0.4014 0.8759 -0.2677
vn 0.9397 -0.0858 -0.3311
vn 0.5709 0.8157 -0.0932
vn 0.9972 -0.0610 0.0433
vn 0.9615 0.2585 0.0930
vn 0.9249 -0.0874 0.3699
vn 0.5603 0.7558 0.3388
vn 0.4770 0.7547 0.4504
vn 0.7292 -0.0345 0.6835
vn 0.9424 0.0101 0.3344
vn 0.7905 0.0111 0.6124
vn 0.5698 -0.0005 0.8218
vn 0.8269 -0.0110 0.5623
vn 0.6368 -0.0112 0.7709
vn 0.3532 -0.0312 0.9350
vn 0.8009 -0.0339 0.5978
vn 0.6104 -0.0339 0.7913
vn 0.3657 -0.0314 0.9302
vn 0.0431 -0.0516 0.9977
vn -0.0000 -0.0325 0.9995
vn 0.3192 -0.0000 0.9477
vn 0.2205 -0.0805 0.9721
vn 0.5216 -0.0684 0.8504
vn 0.3037 0.8225 0.4808
vn 0.1479 0.9102 0.3869
vn -0.0389 0.9738 0.2240
vn -0.0966 -0.1451 0.9847
vn -0.3471 -0.0980 0.9327
vn -0.5613 -0.0687 0.8248
vn -0.6119 -0.1323 0.7798
vn -0.2756 -0.0612 0.9593
vn -0.5661 0.3687 0.7373
vn -0.7693 -0.1325 0.6250
vn -0.7595 0.2961 0.5793
vn -0.8876 -0.2015 0.4142
vn -0.8199 0.4356 0.3715
vn -0.9703 -0.1551 0.1858
vn -0.9691 0.2247 0.1020
vn -0.9816 -0.1574 -0.1080
vn -0.9853 -0.1253 -0.1159
vn -0.8314 -0.3024 -0.4661
vn -0.8424 -0.0927 -0.5308
vn -0.5282 -0.2092 -0.8230
vn -0.5536 -0.1177 -0.8244
vn -0.2576 -0.1504 -0.9545
vn -0.3470 0.4748 -0.8088
vn -0.5308 -0.1297 -0.8375
vn -0.1656 -0.0875 -0.9823
vn -0.1671 -0.0981 -0.9810
vn -0.4675 -0.1026 -0.8780
vn -0.1796 -0.0378 -0.9830
vn -0.4947 -0.0330 -0.8685
vn -0.1874 0.0187 -0.9821
vn -0.5417 0.0221 -0.8403
vn -0.5255 0.0447 -0.8496
vn -0.1571 0.0277 -0.9872
vn -0.5194 0.0001 -0.8545
vn -0.1751 -0.0092 -0.9845
vn -0.5078 0.0334 -0.8609
vn -0.1999 -0.0283 -0.9794
vn -0.3817 0.7503 -0.5397
vn -0.1581 0.7884 -0.5945
vn -0.2423 0.9473 -0.2093
vn -0.2618 0.9492 -0.1746
vn -0.2748 0.9453 -0.1759
vn -0.1977 0.9678 -0.1561
vn -0.6118 0.7620 -0.2122
vn -0.5878 0.8090 -0.0110
vn -0.4207 0.9062 -0.0431
vn -0.6161 0.7544 0.2263
vn -0.4212 0.8898 0.1755
vn -0.9913 0.1021 0.0833
vn -0.9999 -0.0000 0.0160
vn -0.9480 0.1296 -0.2908
vn -0.9441 -0.0308 -0.3284
vn -0.8285 0.1305 -0.5446
vn -0.8193 -0.0337 -0.5724
vn -0.9396 -0.0310 -0.3408
vn -0.8319 0.0222 -0.5546
vn -0.9589 -0.0000 -0.2837
vn -0.8281 0.0336 -0.5596
vn -0.9571 -0.0509 -0.2851
vn -0.7913 -0.0339 -0.6104
vn -0.8056 -0.1185 -0.5805
vn -0.9644 -0.1140 -0.2385
vn -0.8549 -0.1040 -0.5083
vn -0.9721 -0.0802 -0.2205
vn -0.9929 -0.1003 0.0637
vn -0.9933 -0.0820 0.0820
vn -0.9249 -0.0871 0.3700
vn -0.9195 -0.0876 0.3831
vn -0.7608 -0.0819 0.6438
vn -0.7658 -0.0943 0.6362
vn -0.5262 -0.0801 0.8466
vn -0.5039 -0.0916 0.8589
vn -0.2281 -0.0595 0.9718
vn 0.0697 -0.0351 0.9970
vn 0.0985 -0.0448 0.9941
vn 0.5645 -0.0452 0.8242
vn 0.3472 -0.0526 0.9363
vn 0.5903 -0.0454 0.8059
vn 0.5433 -0.0566 0.8376
vn 0.3280 -0.0741 0.9418
vn 0.1111 -0.0741 0.9910
vn 0.0336 -0.0336 0.9989
vn -0.2301 -0.0700 0.9706
vn -0.1956 -0.0685 0.9783
vn -0.5129 -0.0797 0.8548
vn -0.9421 -0.0963 0.3212
vn -0.9464 -0.0957 0.3084
vn -0.9981 -0.0592 -0.0169
vn -0.9977 -0.0676 -0.0085
vn -0.9976 -0.0602 -0.0344
vn -0.2864 -0.0099 0.9581
vn 0.0902 0.0636 0.9939
vn 0.3838 0.0107 0.9234
vn 0.6247 0.0112 0.7808
vn 0.7558 0.0229 0.6544
vn 0.7454 -0.0459 0.6651
vn 0.8909 0.0553 0.4508
vn 0.9189 -0.0649 0.3892
vn 0.7717 -0.0576 0.6334
vn 0.9211 -0.0536 0.3856
vn 0.7964 -0.0455 0.6030
vn 0.9315 -0.0529 0.3599
vn 0.9973 -0.0520 0.0520
vn 0.9961 -0.0529 0.0705
vn 0.9426 -0.0414 0.3315
vn 0.9391 -0.0633 -0.3377
vn 0.9344 -0.0637 -0.3504
vn 0.9967 -0.0612 0.0525
vn 0.9073 -0.0656 -0.4154
vn 0.9661 0.0299 -0.2564
vn 0.9898 0.0370 0.1374
vn 0.7399 -0.0338 -0.6718
vn 0.6233 -0.0941 -0.7763
vn 0.4246 -0.0542 -0.9037
vn 0.3502 -0.1094 -0.9303
vn 0.6529 -0.0456 -0.7561
vn 0.3749 -0.0208 -0.9268
vn 0.6651 -0.0459 -0.7453
vn 0.3679 -0.0000 -0.9299
vn 0.4207 -0.0432 -0.9062
vn 0.7287 -0.0578 -0.6824
vn 0.7164 -0.0822 -0.6929
vn 0.4193 -0.0773 -0.9045
vn 0.7234 -0.0459 -0.6889
vn 0.3784 -0.0315 -0.9251
vn 0.9397 -0.0854 -0.3310
vn 0.9381 -0.0417 -0.3439
vn 0.9979 -0.0597 0.0256
vn 0.9982 -0.0587 0.0084
vn 0.9998 -0.0081 -0.0161
vn 0.9522 -0.0304 0.3039
vt 0.811927 -0.170633
vt 0.818709 -0.170633
vt 0.811927 -0.165788
vt 0.818709 -0.184197
vt 0.811927 -0.184197
vt 0.804176 -0.170633
vt 0.804176 -0.165788
vt 0.804176 -0.160944
vt 0.818709 -0.165788
vt 0.811927 -0.160944
vt 0.818709 -0.160944
vt 0.826461 -0.165788
vt 0.826461 -0.160944
vt 0.836149 -0.160944
vt 0.836149 -0.165788
vt 0.836149 -0.170633
vt 0.826461 -0.170633
vt 0.836149 -0.184197
vt 0.826461 -0.184197
vt 0.836149 -0.199699
vt 0.826461 -0.199699
vt 0.836149 -0.216170
vt 0.826461 -0.216170
vt 0.836149 -0.233610
vt 0.826461 -0.233610
vt 0.836149 -0.251050
vt 0.826461 -0.251050
vt 0.836149 -0.254926
vt 0.826461 -0.254926
vt 0.836149 -0.259770
vt 0.826461 -0.259770
vt 0.818709 -0.259770
vt 0.818709 -0.254926
vt 0.811927 -0.254926
vt 0.811927 -0.259770
vt 0.804176 -0.254926
vt 0.804176 -0.251050
vt 0.818709 -0.251050
vt 0.811927 -0.251050
vt 0.796425 -0.251050
vt 0.796425 -0.233610
vt 0.804176 -0.233610
vt 0.785767 -0.251050
vt 0.785767 -0.233610
vt 0.796425 -0.216170
vt 0.785767 -0.216170
vt 0.776078 -0.233610
vt 0.776078 -0.251050
vt 0.767358 -0.233610
vt 0.767358 -0.251050
vt 0.776078 -0.254926
vt 0.767358 -0.254926
vt 0.776078 -0.259770
vt 0.785767 -0.259770
vt 0.785767 -0.254926
vt 0.796425 -0.259770
vt 0.796425 -0.254926
vt 0.804176 -0.259770
vt 0.767358 -0.259770
vt 0.758639 -0.254926
vt 0.758639 -0.259770
vt 0.749919 -0.254926
vt 0.749919 -0.259770
vt 0.741199 -0.259770
vt 0.741199 -0.254926
vt 0.733447 -0.259770
vt 0.733447 -0.254926
vt 0.725696 -0.259770
vt 0.725696 -0.254926
vt 0.719883 -0.259770
vt 0.719883 -0.254926
vt 0.713101 -0.259770
vt 0.713101 -0.254926
vt 0.704381 -0.259770
vt 0.704381 -0.254926
vt 0.694692 -0.254926
vt 0.694692 -0.259770
vt 0.685003 -0.259770
vt 0.685003 -0.254926
vt 0.674345 -0.259770
vt 0.674345 -0.254926
vt 0.674345 -0.251050
vt 0.685003 -0.251050
vt 0.674345 -0.233610
vt 0.685003 -0.233610
vt 0.674345 -0.216170
vt 0.685003 -0.216170
vt 0.674345 -0.199699
vt 0.685003 -0.199699
vt 0.674345 -0.184197
vt 0.685003 -0.184197
vt 0.674345 -0.170633
vt 0.685003 -0.170633
vt 0.674345 -0.165788
vt 0.685003 -0.165788
vt 0.674345 -0.160944
vt 0.685003 -0.160944
vt 0.694692 -0.160944
vt 0.694692 -0.165788
vt 0.704381 -0.160944
vt 0.704381 -0.165788
vt 0.713101 -0.160944
vt 0.713101 -0.165788
vt 0.719883 -0.160944
vt 0.719883 -0.165788
vt 0.725696 -0.165788
vt 0.725696 -0.160944
vt 0.733447 -0.165788
vt 0.733447 -0.160944
vt 0.741199 -0.165788
vt 0.741199 -0.160944
vt 0.749919 -0.160944
vt 0.749919 -0.165788
vt 0.758639 -0.160944
vt 0.758639 -0.165788
vt 0.767358 -0.160944
vt 0.767358 -0.165788
vt 0.776078 -0.160944
vt 0.776078 -0.165788
vt 0.785767 -0.165788
vt 0.785767 -0.160944
vt 0.796425 -0.160944
vt 0.796425 -0.165788
vt 0.785767 -0.170633
vt 0.796425 -0.170633
vt 0.785767 -0.184197
vt 0.804176 -0.184197
vt 0.796425 -0.184197
vt 0.785767 -0.199699
vt 0.776078 -0.184197
vt 0.776078 -0.199699
vt 0.796425 -0.199699
vt 0.776078 -0.216170
vt 0.767358 -0.199699
vt 0.767358 -0.216170
vt 0.758639 -0.216170
vt 0.758639 -0.199699
vt 0.749919 -0.216170
vt 0.749919 -0.233610
vt 0.758639 -0.233610
vt 0.749919 -0.251050
vt 0.758639 -0.251050
vt 0.741199 -0.251050
vt 0.741199 -0.233610
vt 0.733447 -0.251050
vt 0.733447 -0.233610
vt 0.725696 -0.251050
vt 0.725696 -0.233610
vt 0.719883 -0.233610
vt 0.719883 -0.251050
vt 0.713101 -0.233610
vt 0.713101 -0.251050
vt 0.704381 -0.251050
vt 0.704381 -0.233610
vt 0.694692 -0.251050
vt 0.694692 -0.233610
vt 0.694692 -0.216170
vt 0.704381 -0.216170
vt 0.694692 -0.199699
vt 0.704381 -0.199699
vt 0.694692 -0.184197
vt 0.704381 -0.184197
vt 0.694692 -0.170633
vt 0.704381 -0.170633
vt 0.713101 -0.184197
vt 0.713101 -0.170633
vt 0.719883 -0.184197
vt 0.719883 -0.170633
vt 0.725696 -0.170633
vt 0.725696 -0.184197
vt 0.733447 -0.170633
vt 0.733447 -0.184197
vt 0.741199 -0.170633
vt 0.741199 -0.184197
vt 0.749919 -0.170633
vt 0.749919 -0.184197
vt 0.758639 -0.170633
vt 0.758639 -0.184197
vt 0.767358 -0.170633
vt 0.767358 -0.184197
vt 0.776078 -0.170633
vt 0.749919 -0.199699
vt 0.741199 -0.199699
vt 0.741199 -0.216170
vt 0.733447 -0.216170
vt 0.733447 -0.199699
vt 0.725696 -0.216170
vt 0.719883 -0.216170
vt 0.725696 -0.199699
vt 0.719883 -0.199699
vt 0.713101 -0.199699
vt 0.713101 -0.216170
vt 0.804176 -0.199699
vt 0.811927 -0.216170
vt 0.811927 -0.199699
vt 0.804176 -0.216170
vt 0.818709 -0.216170
vt 0.818709 -0.199699
vt 0.818709 -0.233610
vt 0.811927 -0.233610
vt 0.217031 -0.425450
vt 0.216062 -0.419637
vt 0.211217 -0.424481
vt 0.221875 -0.420606
vt 0.222844 -0.425450
vt 0.217031 -0.431263
vt 0.211217 -0.430294
vt 0.204435 -0.429326
vt 0.211217 -0.419637
vt 0.204435 -0.423512
vt 0.203466 -0.429326
vt 0.204435 -0.418668
vt 0.203466 -0.423512
vt 0.203466 -0.418668
vt 0.205404 -0.411886
vt 0.203466 -0.411886
vt 0.205404 -0.404135
vt 0.206373 -0.405103
vt 0.207342 -0.399290
vt 0.208311 -0.399290
vt 0.211217 -0.391539
vt 0.211217 -0.393477
vt 0.218968 -0.400259
vt 0.214124 -0.405103
vt 0.218000 -0.409948
vt 0.223813 -0.408010
vt 0.219937 -0.399290
vt 0.224782 -0.407041
vt 0.226720 -0.414792
vt 0.228657 -0.414792
vt 0.228657 -0.420606
vt 0.229626 -0.419637
vt 0.230595 -0.425450
vt 0.229626 -0.425450
vt 0.230595 -0.432232
vt 0.231564 -0.432232
vt 0.229626 -0.437077
vt 0.231564 -0.437077
vt 0.228657 -0.443859
vt 0.230595 -0.443859
vt 0.228657 -0.450641
vt 0.227688 -0.449672
vt 0.226720 -0.456454
vt 0.225751 -0.456454
vt 0.224782 -0.460330
vt 0.222844 -0.459361
vt 0.221875 -0.465174
vt 0.220906 -0.464206
vt 0.216062 -0.470019
vt 0.215093 -0.469050
vt 0.212186 -0.471957
vt 0.212186 -0.473894
vt 0.209280 -0.470019
vt 0.210248 -0.470019
vt 0.207342 -0.464206
vt 0.209280 -0.464206
vt 0.207342 -0.459361
vt 0.206373 -0.460330
vt 0.205404 -0.454517
vt 0.204435 -0.455486
vt 0.204435 -0.448703
vt 0.203466 -0.448703
vt 0.203466 -0.442890
vt 0.204435 -0.442890
vt 0.203466 -0.435139
vt 0.204435 -0.435139
vt 0.211217 -0.436108
vt 0.217031 -0.437077
vt 0.211217 -0.441921
vt 0.216062 -0.447734
vt 0.216062 -0.442890
vt 0.211217 -0.448703
vt 0.221875 -0.442890
vt 0.222844 -0.437077
vt 0.221875 -0.448703
vt 0.216062 -0.453548
vt 0.219937 -0.454517
vt 0.215093 -0.457423
vt 0.218968 -0.458392
vt 0.214124 -0.460330
vt 0.217031 -0.462268
vt 0.213155 -0.465174
vt 0.212186 -0.462268
vt 0.211217 -0.458392
vt 0.211217 -0.453548
vt 0.222844 -0.431263
vt 0.220906 -0.414792
vt 0.216062 -0.414792
vt 0.211217 -0.413823
vt 0.215093 -0.410917
vt 0.212186 -0.408979
vt 0.410808 -0.255895
vt 0.404026 -0.255895
vt 0.410808 -0.263646
vt 0.404995 -0.249113
vt 0.410808 -0.249113
vt 0.417590 -0.255895
vt 0.417590 -0.262677
vt 0.410808 -0.270428
vt 0.404026 -0.263646
vt 0.417590 -0.269459
vt 0.416621 -0.276241
vt 0.404026 -0.270428
vt 0.409839 -0.277210
vt 0.415652 -0.283024
vt 0.404026 -0.277210
vt 0.409839 -0.283024
vt 0.414684 -0.288837
vt 0.404026 -0.283993
vt 0.409839 -0.288837
vt 0.412746 -0.294650
vt 0.404026 -0.289806
vt 0.408870 -0.292713
vt 0.417590 -0.297557
vt 0.412746 -0.305308
vt 0.408870 -0.300464
vt 0.413715 -0.305308
vt 0.419528 -0.297557
vt 0.406932 -0.309184
vt 0.403057 -0.305308
vt 0.401119 -0.299495
vt 0.399181 -0.300464
vt 0.402088 -0.305308
vt 0.401119 -0.306277
vt 0.406932 -0.310152
vt 0.406932 -0.312090
vt 0.406932 -0.313059
vt 0.414684 -0.306277
vt 0.415652 -0.308215
vt 0.420497 -0.298526
vt 0.421466 -0.299495
vt 0.424372 -0.289806
vt 0.425341 -0.290775
vt 0.425341 -0.283993
vt 0.422435 -0.289806
vt 0.424372 -0.283993
vt 0.421466 -0.288837
vt 0.422435 -0.283024
vt 0.425341 -0.277210
vt 0.423404 -0.277210
vt 0.425341 -0.269459
vt 0.424372 -0.269459
vt 0.424372 -0.263646
vt 0.425341 -0.263646
vt 0.423404 -0.255895
vt 0.425341 -0.255895
vt 0.427279 -0.263646
vt 0.427279 -0.269459
vt 0.429217 -0.269459
vt 0.426310 -0.277210
vt 0.428248 -0.277210
vt 0.427279 -0.283993
vt 0.429217 -0.263646
vt 0.428248 -0.254926
vt 0.427279 -0.254926
vt 0.428248 -0.247175
vt 0.426310 -0.247175
vt 0.426310 -0.239424
vt 0.425341 -0.239424
vt 0.424372 -0.233610
vt 0.422435 -0.234579
vt 0.421466 -0.228766
vt 0.413715 -0.222953
vt 0.419528 -0.229735
vt 0.414684 -0.221984
vt 0.418559 -0.230704
vt 0.411777 -0.224890
vt 0.417590 -0.231673
vt 0.412746 -0.223922
vt 0.421466 -0.235548
vt 0.419528 -0.236517
vt 0.423404 -0.240393
vt 0.422435 -0.240393
vt 0.424372 -0.248144
vt 0.423404 -0.248144
vt 0.416621 -0.242330
vt 0.416621 -0.249113
vt 0.410808 -0.243299
vt 0.404995 -0.242330
vt 0.410808 -0.238455
vt 0.405964 -0.237486
vt 0.409839 -0.234579
vt 0.414684 -0.237486
vt 0.412746 -0.232642
vt 0.409839 -0.228766
vt 0.406932 -0.232642
vt 0.404026 -0.229735
vt 0.406932 -0.224890
vt 0.402088 -0.229735
vt 0.408870 -0.222953
vt 0.405964 -0.223922
vt 0.401119 -0.228766
vt 0.408870 -0.221015
vt 0.404995 -0.222953
vt 0.399181 -0.227797
vt 0.408870 -0.220046
vt 0.408870 -0.218108
vt 0.404026 -0.221015
vt 0.398212 -0.233610
vt 0.397244 -0.232642
vt 0.396275 -0.240393
vt 0.395306 -0.239424
vt 0.395306 -0.247175
vt 0.393368 -0.247175
vt 0.394337 -0.255895
vt 0.392399 -0.254926
vt 0.393368 -0.263646
vt 0.391430 -0.263646
vt 0.393368 -0.271397
vt 0.391430 -0.271397
vt 0.394337 -0.279148
vt 0.392399 -0.279148
vt 0.394337 -0.284961
vt 0.392399 -0.284961
vt 0.396275 -0.292713
vt 0.394337 -0.293681
vt 0.398212 -0.301432
vt 0.396275 -0.301432
vt 0.400150 -0.307246
vt 0.396275 -0.284961
vt 0.397244 -0.292713
vt 0.397244 -0.284961
vt 0.399181 -0.292713
vt 0.405964 -0.295619
vt 0.397244 -0.279148
vt 0.396275 -0.271397
vt 0.395306 -0.279148
vt 0.395306 -0.271397
vt 0.396275 -0.263646
vt 0.395306 -0.263646
vt 0.397244 -0.255895
vt 0.395306 -0.255895
vt 0.398212 -0.248144
vt 0.396275 -0.248144
vt 0.400150 -0.241361
vt 0.398212 -0.240393
vt 0.402088 -0.234579
vt 0.400150 -0.234579
vt 0.186995 -0.137691
vt 0.200560 -0.136722
vt 0.186026 -0.127033
vt 0.199591 -0.148348
vt 0.187964 -0.149317
vt 0.176337 -0.150286
vt 0.175369 -0.138659
vt 0.173431 -0.127033
vt 0.186026 -0.114437
vt 0.200560 -0.125095
vt 0.168586 -0.113468
vt 0.177306 -0.108624
vt 0.186026 -0.107655
vt 0.199591 -0.115406
vt 0.194746 -0.110562
vt 0.189902 -0.109593
vt 0.199591 -0.107655
vt 0.209280 -0.103780
vt 0.202497 -0.104748
vt 0.204435 -0.100873
vt 0.207342 -0.096029
vt 0.214124 -0.096997
vt 0.209280 -0.091184
vt 0.216062 -0.091184
vt 0.213155 -0.084402
vt 0.218968 -0.084402
vt 0.217031 -0.077620
vt 0.220906 -0.078588
vt 0.221875 -0.072775
vt 0.225751 -0.076651
vt 0.228657 -0.071806
vt 0.230595 -0.078588
vt 0.235440 -0.077620
vt 0.236408 -0.084402
vt 0.230595 -0.084402
vt 0.230595 -0.092153
vt 0.236408 -0.093122
vt 0.229626 -0.098935
vt 0.237377 -0.099904
vt 0.228657 -0.108624
vt 0.236408 -0.110562
vt 0.233502 -0.122188
vt 0.223813 -0.122188
vt 0.229626 -0.134784
vt 0.220906 -0.135753
vt 0.226720 -0.147379
vt 0.219937 -0.147379
vt 0.225751 -0.157068
vt 0.218968 -0.157068
vt 0.225751 -0.163851
vt 0.218968 -0.164819
vt 0.226720 -0.173539
vt 0.218968 -0.173539
vt 0.225751 -0.185166
vt 0.218000 -0.185166
vt 0.219937 -0.194855
vt 0.215093 -0.194855
vt 0.210248 -0.203575
vt 0.209280 -0.198730
vt 0.201528 -0.200668
vt 0.200560 -0.206482
vt 0.189902 -0.201637
vt 0.189902 -0.195824
vt 0.201528 -0.194855
vt 0.178275 -0.199699
vt 0.178275 -0.195824
vt 0.200560 -0.186135
vt 0.188933 -0.187104
vt 0.177306 -0.187104
vt 0.172462 -0.196793
vt 0.169555 -0.188073
vt 0.167617 -0.197762
vt 0.178275 -0.203575
vt 0.190871 -0.207450
vt 0.161804 -0.189042
vt 0.167617 -0.177415
vt 0.159866 -0.178384
vt 0.159866 -0.167726
vt 0.167617 -0.167726
vt 0.159866 -0.159006
vt 0.166649 -0.159006
vt 0.158897 -0.152224
vt 0.166649 -0.150286
vt 0.165680 -0.139628
vt 0.156960 -0.140597
vt 0.163742 -0.128971
vt 0.155022 -0.130908
vt 0.153084 -0.120251
vt 0.160835 -0.116375
vt 0.151146 -0.104748
vt 0.158897 -0.103780
vt 0.156960 -0.092153
vt 0.151146 -0.092153
vt 0.155991 -0.084402
vt 0.151146 -0.084402
vt 0.155991 -0.078588
vt 0.152115 -0.076651
vt 0.155991 -0.071806
vt 0.159866 -0.075682
vt 0.160835 -0.071806
vt 0.164711 -0.076651
vt 0.166649 -0.073744
vt 0.170524 -0.076651
vt 0.167617 -0.083433
vt 0.172462 -0.082464
vt 0.170524 -0.091184
vt 0.176337 -0.090215
vt 0.178275 -0.096029
vt 0.174400 -0.099904
vt 0.180213 -0.100873
vt 0.182151 -0.104748
vt 0.165680 -0.101842
vt 0.163742 -0.092153
vt 0.161804 -0.083433
vt 0.177306 -0.159006
vt 0.187964 -0.158037
vt 0.187964 -0.166757
vt 0.177306 -0.166757
vt 0.188933 -0.176446
vt 0.177306 -0.176446
vt 0.200560 -0.175477
vt 0.210248 -0.174508
vt 0.199591 -0.165788
vt 0.210248 -0.185166
vt 0.210248 -0.164819
vt 0.199591 -0.157068
vt 0.210248 -0.157068
vt 0.210248 -0.147379
vt 0.211217 -0.135753
vt 0.214124 -0.123157
vt 0.219937 -0.107655
vt 0.221875 -0.097966
vt 0.223813 -0.092153
vt 0.224782 -0.084402
vt 0.210248 -0.194855
vt 0.457315 -0.268490
vt 0.460221 -0.257833
vt 0.450532 -0.255895
vt 0.466035 -0.269459
vt 0.465066 -0.279148
vt 0.456346 -0.279148
vt 0.448595 -0.268490
vt 0.441812 -0.255895
vt 0.453439 -0.243299
vt 0.442781 -0.244268
vt 0.435030 -0.244268
vt 0.443750 -0.234579
vt 0.436968 -0.234579
vt 0.432124 -0.234579
vt 0.437937 -0.226828
vt 0.433092 -0.226828
vt 0.435030 -0.217139
vt 0.439875 -0.217139
vt 0.436968 -0.204544
vt 0.441812 -0.204544
vt 0.438906 -0.190979
vt 0.445688 -0.191948
vt 0.444719 -0.181291
vt 0.440844 -0.180322
vt 0.446657 -0.170633
vt 0.443750 -0.169664
vt 0.445688 -0.162882
vt 0.448595 -0.164819
vt 0.452470 -0.157068
vt 0.449564 -0.156099
vt 0.454408 -0.150286
vt 0.456346 -0.152224
vt 0.461190 -0.147379
vt 0.460221 -0.145442
vt 0.467003 -0.142535
vt 0.467003 -0.145442
vt 0.473786 -0.141566
vt 0.473786 -0.145442
vt 0.481537 -0.141566
vt 0.480568 -0.146411
vt 0.489288 -0.142535
vt 0.488319 -0.148348
vt 0.495101 -0.144473
vt 0.494132 -0.149317
vt 0.498977 -0.150286
vt 0.500915 -0.145442
vt 0.504790 -0.146411
vt 0.503821 -0.151255
vt 0.508666 -0.152224
vt 0.509635 -0.147379
vt 0.515448 -0.153193
vt 0.515448 -0.148348
vt 0.520292 -0.148348
vt 0.520292 -0.153193
vt 0.525137 -0.148348
vt 0.526106 -0.153193
vt 0.529981 -0.153193
vt 0.529981 -0.148348
vt 0.534826 -0.152224
vt 0.535794 -0.147379
vt 0.540639 -0.147379
vt 0.540639 -0.152224
vt 0.547421 -0.147379
vt 0.547421 -0.151255
vt 0.557110 -0.147379
vt 0.556141 -0.151255
vt 0.562923 -0.152224
vt 0.562923 -0.149317
vt 0.567768 -0.151255
vt 0.566799 -0.153193
vt 0.573581 -0.154162
vt 0.572612 -0.156099
vt 0.576488 -0.157068
vt 0.575519 -0.159006
vt 0.580363 -0.161913
vt 0.578426 -0.163851
vt 0.584239 -0.169664
vt 0.581332 -0.170633
vt 0.586177 -0.177415
vt 0.583270 -0.177415
vt 0.587146 -0.190010
vt 0.583270 -0.190010
vt 0.587146 -0.204544
vt 0.582301 -0.203575
vt 0.581332 -0.214233
vt 0.587146 -0.216170
vt 0.581332 -0.224890
vt 0.587146 -0.225859
vt 0.581332 -0.236517
vt 0.587146 -0.238455
vt 0.582301 -0.246206
vt 0.587146 -0.246206
vt 0.583270 -0.254926
vt 0.587146 -0.254926
vt 0.582301 -0.264615
vt 0.587146 -0.265584
vt 0.587146 -0.276241
vt 0.582301 -0.276241
vt 0.587146 -0.287868
vt 0.582301 -0.287868
vt 0.587146 -0.300464
vt 0.582301 -0.300464
vt 0.574550 -0.301432
vt 0.575519 -0.288837
vt 0.567768 -0.288837
vt 0.565830 -0.301432
vt 0.558079 -0.288837
vt 0.556141 -0.300464
vt 0.550328 -0.287868
vt 0.547421 -0.299495
vt 0.542577 -0.286899
vt 0.538701 -0.297557
vt 0.532888 -0.284961
vt 0.529981 -0.294650
vt 0.530950 -0.284961
vt 0.527075 -0.293681
vt 0.526106 -0.292713
vt 0.529012 -0.283993
vt 0.531919 -0.277210
vt 0.529981 -0.277210
vt 0.530950 -0.269459
vt 0.529012 -0.269459
vt 0.527075 -0.263646
vt 0.529012 -0.262677
vt 0.528043 -0.258801
vt 0.526106 -0.259770
vt 0.525137 -0.254926
vt 0.523199 -0.256864
vt 0.520292 -0.252988
vt 0.521261 -0.251050
vt 0.515448 -0.250081
vt 0.516417 -0.247175
vt 0.509635 -0.249113
vt 0.510603 -0.245237
vt 0.503821 -0.249113
vt 0.502852 -0.245237
vt 0.498977 -0.252019
vt 0.496070 -0.248144
vt 0.510603 -0.241361
vt 0.501883 -0.241361
vt 0.487350 -0.250081
vt 0.490257 -0.252988
vt 0.493163 -0.244268
vt 0.493163 -0.255895
vt 0.487350 -0.256864
vt 0.490257 -0.259770
vt 0.484443 -0.265584
vt 0.486381 -0.266553
vt 0.485412 -0.273335
vt 0.483475 -0.273335
vt 0.485412 -0.280117
vt 0.482506 -0.280117
vt 0.485412 -0.283993
vt 0.482506 -0.284961
vt 0.486381 -0.290775
vt 0.484443 -0.290775
vt 0.487350 -0.298526
vt 0.489288 -0.297557
vt 0.481537 -0.291744
vt 0.485412 -0.299495
vt 0.474755 -0.294650
vt 0.476692 -0.304339
vt 0.467003 -0.297557
vt 0.468941 -0.307246
vt 0.458283 -0.298526
vt 0.460221 -0.310152
vt 0.450532 -0.300464
vt 0.451501 -0.312090
vt 0.443750 -0.312090
vt 0.442781 -0.300464
vt 0.435999 -0.313059
vt 0.435030 -0.299495
vt 0.430186 -0.300464
vt 0.431155 -0.313059
vt 0.429217 -0.289806
vt 0.434061 -0.289806
vt 0.433092 -0.280117
vt 0.429217 -0.280117
vt 0.429217 -0.267521
vt 0.433092 -0.267521
vt 0.434061 -0.255895
vt 0.430186 -0.254926
vt 0.431155 -0.244268
vt 0.440844 -0.267521
vt 0.440844 -0.279148
vt 0.448595 -0.289806
vt 0.448595 -0.279148
vt 0.441812 -0.289806
vt 0.457315 -0.288837
vt 0.465066 -0.287868
vt 0.472817 -0.279148
vt 0.472817 -0.285930
vt 0.480568 -0.280117
vt 0.481537 -0.284961
vt 0.473786 -0.270428
vt 0.481537 -0.273335
vt 0.482506 -0.265584
vt 0.475723 -0.261708
vt 0.485412 -0.255895
vt 0.478630 -0.252019
vt 0.467972 -0.258801
vt 0.470879 -0.249113
vt 0.482506 -0.242330
vt 0.480568 -0.225859
vt 0.474755 -0.238455
vt 0.489288 -0.235548
vt 0.465066 -0.236517
vt 0.462159 -0.247175
vt 0.456346 -0.234579
vt 0.467003 -0.225859
vt 0.457315 -0.215202
vt 0.456346 -0.225859
vt 0.467003 -0.213264
vt 0.447626 -0.218108
vt 0.446657 -0.226828
vt 0.451501 -0.204544
vt 0.459252 -0.202606
vt 0.453439 -0.192917
vt 0.459252 -0.191948
vt 0.454408 -0.181291
vt 0.448595 -0.181291
vt 0.451501 -0.171602
vt 0.456346 -0.171602
vt 0.453439 -0.165788
vt 0.459252 -0.167726
vt 0.459252 -0.163851
vt 0.455377 -0.160944
vt 0.460221 -0.156099
vt 0.463128 -0.161913
vt 0.466035 -0.153193
vt 0.467972 -0.159006
vt 0.470879 -0.156099
vt 0.467972 -0.149317
vt 0.473786 -0.151255
vt 0.479599 -0.154162
vt 0.475723 -0.160944
vt 0.483475 -0.159006
vt 0.486381 -0.154162
vt 0.488319 -0.160944
vt 0.491226 -0.155131
vt 0.494132 -0.162882
vt 0.497039 -0.157068
vt 0.501883 -0.159006
vt 0.499946 -0.165788
vt 0.507697 -0.159975
vt 0.505759 -0.168695
vt 0.513510 -0.161913
vt 0.512541 -0.172571
vt 0.519323 -0.162882
vt 0.519323 -0.174508
vt 0.525137 -0.162882
vt 0.526106 -0.173539
vt 0.532888 -0.171602
vt 0.530950 -0.161913
vt 0.539670 -0.169664
vt 0.536763 -0.160944
vt 0.545483 -0.167726
vt 0.542577 -0.160944
vt 0.547421 -0.160944
vt 0.551297 -0.166757
vt 0.558079 -0.166757
vt 0.555172 -0.159006
vt 0.562923 -0.162882
vt 0.561954 -0.158037
vt 0.565830 -0.160944
vt 0.565830 -0.158037
vt 0.569706 -0.159975
vt 0.567768 -0.162882
vt 0.570674 -0.164819
vt 0.573581 -0.161913
vt 0.575519 -0.166757
vt 0.570674 -0.168695
vt 0.577457 -0.173539
vt 0.570674 -0.174508
vt 0.576488 -0.179353
vt 0.580363 -0.178384
vt 0.578426 -0.190010
vt 0.574550 -0.189042
vt 0.571643 -0.199699
vt 0.577457 -0.201637
vt 0.568737 -0.210357
vt 0.575519 -0.212295
vt 0.567768 -0.221984
vt 0.574550 -0.223922
vt 0.566799 -0.234579
vt 0.575519 -0.235548
vt 0.568737 -0.245237
vt 0.577457 -0.246206
vt 0.568737 -0.255895
vt 0.578426 -0.254926
vt 0.577457 -0.265584
vt 0.568737 -0.265584
vt 0.577457 -0.276241
vt 0.568737 -0.277210
vt 0.560017 -0.266553
vt 0.560017 -0.277210
vt 0.551297 -0.277210
vt 0.551297 -0.266553
vt 0.543546 -0.276241
vt 0.542577 -0.267521
vt 0.532888 -0.277210
vt 0.532888 -0.269459
vt 0.530950 -0.262677
vt 0.541608 -0.258801
vt 0.529981 -0.258801
vt 0.538701 -0.252019
vt 0.528043 -0.252988
vt 0.534826 -0.245237
vt 0.523199 -0.248144
vt 0.529012 -0.238455
vt 0.518355 -0.244268
vt 0.519323 -0.230704
vt 0.534826 -0.224890
vt 0.526106 -0.216170
vt 0.509635 -0.218108
vt 0.510603 -0.233610
vt 0.500915 -0.229735
vt 0.492195 -0.217139
vt 0.500915 -0.207450
vt 0.486381 -0.204544
vt 0.477661 -0.210357
vt 0.474755 -0.197762
vt 0.467003 -0.200668
vt 0.466035 -0.190010
vt 0.465066 -0.180322
vt 0.460221 -0.181291
vt 0.471848 -0.187104
vt 0.461190 -0.172571
vt 0.465066 -0.171602
vt 0.465066 -0.167726
vt 0.467972 -0.171602
vt 0.470879 -0.169664
vt 0.470879 -0.164819
vt 0.473786 -0.168695
vt 0.473786 -0.176446
vt 0.478630 -0.173539
vt 0.476692 -0.166757
vt 0.481537 -0.169664
vt 0.485412 -0.165788
vt 0.479599 -0.163851
vt 0.490257 -0.169664
vt 0.487350 -0.174508
vt 0.497039 -0.173539
vt 0.493163 -0.180322
vt 0.502852 -0.178384
vt 0.499946 -0.188073
vt 0.510603 -0.183228
vt 0.507697 -0.195824
vt 0.518355 -0.187104
vt 0.518355 -0.203575
vt 0.494132 -0.196793
vt 0.530950 -0.201637
vt 0.547421 -0.199699
vt 0.539670 -0.191948
vt 0.540639 -0.211326
vt 0.528043 -0.186135
vt 0.535794 -0.182259
vt 0.547421 -0.185166
vt 0.542577 -0.178384
vt 0.549359 -0.174508
vt 0.553234 -0.180322
vt 0.554203 -0.171602
vt 0.560017 -0.177415
vt 0.563892 -0.173539
vt 0.563892 -0.179353
vt 0.568737 -0.180322
vt 0.565830 -0.166757
vt 0.563892 -0.187104
vt 0.568737 -0.188073
vt 0.572612 -0.180322
vt 0.559048 -0.194855
vt 0.565830 -0.197762
vt 0.554203 -0.205513
vt 0.561954 -0.208419
vt 0.549359 -0.217139
vt 0.559048 -0.220046
vt 0.545483 -0.233610
vt 0.557110 -0.233610
vt 0.548390 -0.247175
vt 0.559048 -0.246206
vt 0.550328 -0.257833
vt 0.560017 -0.256864
vt 0.553234 -0.190979
vt 0.558079 -0.184197
vt 0.488319 -0.187104
vt 0.481537 -0.192917
vt 0.477661 -0.184197
vt 0.482506 -0.179353
vt 0.469910 -0.178384
vt 0.694692 -0.286899
vt 0.694692 -0.277210
vt 0.685003 -0.286899
vt 0.704381 -0.277210
vt 0.704381 -0.286899
vt 0.704381 -0.292713
vt 0.694692 -0.292713
vt 0.685003 -0.292713
vt 0.674345 -0.292713
vt 0.685003 -0.277210
vt 0.674345 -0.286899
vt 0.674345 -0.277210
vt 0.685003 -0.267521
vt 0.674345 -0.267521
vt 0.694692 -0.267521
vt 0.704381 -0.267521
vt 0.713101 -0.267521
vt 0.719883 -0.267521
vt 0.725696 -0.267521
vt 0.733447 -0.267521
vt 0.741199 -0.267521
vt 0.749919 -0.267521
vt 0.758639 -0.267521
vt 0.767358 -0.267521
vt 0.776078 -0.267521
vt 0.785767 -0.267521
vt 0.796425 -0.267521
vt 0.804176 -0.267521
vt 0.811927 -0.267521
vt 0.818709 -0.267521
vt 0.826461 -0.267521
vt 0.836149 -0.267521
vt 0.836149 -0.277210
vt 0.826461 -0.277210
vt 0.826461 -0.286899
vt 0.836149 -0.286899
vt 0.826461 -0.292713
vt 0.836149 -0.292713
vt 0.836149 -0.294650
vt 0.826461 -0.294650
vt 0.818709 -0.292713
vt 0.818709 -0.294650
vt 0.811927 -0.292713
vt 0.811927 -0.294650
vt 0.804176 -0.294650
vt 0.804176 -0.292713
vt 0.796425 -0.294650
vt 0.796425 -0.292713
vt 0.785767 -0.294650
vt 0.785767 -0.292713
vt 0.776078 -0.292713
vt 0.776078 -0.294650
vt 0.767358 -0.294650
vt 0.767358 -0.292713
vt 0.758639 -0.292713
vt 0.758639 -0.294650
vt 0.749919 -0.292713
vt 0.749919 -0.294650
vt 0.741199 -0.292713
vt 0.741199 -0.294650
vt 0.733447 -0.292713
vt 0.733447 -0.294650
vt 0.725696 -0.294650
vt 0.725696 -0.292713
vt 0.719883 -0.294650
vt 0.719883 -0.292713
vt 0.713101 -0.292713
vt 0.713101 -0.294650
vt 0.704381 -0.294650
vt 0.694692 -0.294650
vt 0.685003 -0.294650
vt 0.674345 -0.294650
vt 0.713101 -0.286899
vt 0.713101 -0.277210
vt 0.719883 -0.286899
vt 0.719883 -0.277210
vt 0.725696 -0.277210
vt 0.725696 -0.286899
vt 0.733447 -0.286899
vt 0.733447 -0.277210
vt 0.741199 -0.286899
vt 0.741199 -0.277210
vt 0.749919 -0.286899
vt 0.749919 -0.277210
vt 0.758639 -0.286899
vt 0.758639 -0.277210
vt 0.767358 -0.286899
vt 0.767358 -0.277210
vt 0.776078 -0.286899
vt 0.785767 -0.277210
vt 0.776078 -0.277210
vt 0.785767 -0.286899
vt 0.796425 -0.286899
vt 0.796425 -0.277210
vt 0.804176 -0.286899
vt 0.804176 -0.277210
vt 0.811927 -0.286899
vt 0.811927 -0.277210
vt 0.818709 -0.286899
vt 0.818709 -0.277210
vt 0.725696 -0.314028
vt 0.733447 -0.314028
vt 0.725696 -0.305308
vt 0.725696 -0.328561
vt 0.719883 -0.314028
vt 0.719883 -0.305308
vt 0.719883 -0.298526
vt 0.733447 -0.305308
vt 0.725696 -0.298526
vt 0.725696 -0.296588
vt 0.733447 -0.298526
vt 0.733447 -0.296588
vt 0.741199 -0.298526
vt 0.741199 -0.296588
vt 0.749919 -0.296588
vt 0.758639 -0.296588
vt 0.767358 -0.296588
vt 0.776078 -0.296588
vt 0.785767 -0.296588
vt 0.796425 -0.296588
vt 0.804176 -0.296588
vt 0.811927 -0.296588
vt 0.818709 -0.296588
vt 0.826461 -0.296588
vt 0.836149 -0.296588
vt 0.826461 -0.298526
vt 0.836149 -0.298526
vt 0.826461 -0.305308
vt 0.836149 -0.305308
vt 0.826461 -0.314028
vt 0.836149 -0.314028
vt 0.826461 -0.328561
vt 0.836149 -0.328561
vt 0.826461 -0.342126
vt 0.836149 -0.342126
vt 0.836149 -0.355690
vt 0.826461 -0.355690
vt 0.836149 -0.368286
vt 0.826461 -0.368286
vt 0.836149 -0.380881
vt 0.826461 -0.380881
vt 0.826461 -0.382819
vt 0.836149 -0.382819
vt 0.818709 -0.382819
vt 0.818709 -0.380881
vt 0.811927 -0.380881
vt 0.811927 -0.382819
vt 0.804176 -0.380881
vt 0.804176 -0.382819
vt 0.796425 -0.380881
vt 0.796425 -0.382819
vt 0.785767 -0.380881
vt 0.785767 -0.382819
vt 0.776078 -0.382819
vt 0.776078 -0.380881
vt 0.785767 -0.368286
vt 0.776078 -0.368286
vt 0.767358 -0.368286
vt 0.776078 -0.355690
vt 0.767358 -0.355690
vt 0.758639 -0.355690
vt 0.776078 -0.342126
vt 0.767358 -0.342126
vt 0.758639 -0.342126
vt 0.749919 -0.355690
vt 0.749919 -0.368286
vt 0.758639 -0.368286
vt 0.758639 -0.380881
vt 0.767358 -0.380881
vt 0.767358 -0.382819
vt 0.758639 -0.382819
vt 0.749919 -0.382819
vt 0.749919 -0.380881
vt 0.741199 -0.382819
vt 0.741199 -0.380881
vt 0.733447 -0.368286
vt 0.733447 -0.380881
vt 0.741199 -0.368286
vt 0.733447 -0.382819
vt 0.725696 -0.380881
vt 0.725696 -0.382819
vt 0.719883 -0.380881
vt 0.719883 -0.382819
vt 0.713101 -0.380881
vt 0.713101 -0.382819
vt 0.704381 -0.380881
vt 0.704381 -0.382819
vt 0.694692 -0.382819
vt 0.694692 -0.380881
vt 0.685003 -0.380881
vt 0.685003 -0.382819
vt 0.674345 -0.380881
vt 0.674345 -0.382819
vt 0.685003 -0.368286
vt 0.674345 -0.368286
vt 0.674345 -0.355690
vt 0.685003 -0.355690
vt 0.674345 -0.342126
vt 0.685003 -0.342126
vt 0.674345 -0.328561
vt 0.685003 -0.328561
vt 0.685003 -0.314028
vt 0.674345 -0.314028
vt 0.685003 -0.305308
vt 0.674345 -0.305308
vt 0.685003 -0.298526
vt 0.674345 -0.298526
vt 0.685003 -0.296588
vt 0.674345 -0.296588
vt 0.694692 -0.296588
vt 0.704381 -0.296588
vt 0.713101 -0.296588
vt 0.719883 -0.296588
vt 0.713101 -0.298526
vt 0.713101 -0.305308
vt 0.704381 -0.298526
vt 0.704381 -0.305308
vt 0.694692 -0.298526
vt 0.694692 -0.305308
vt 0.704381 -0.314028
vt 0.694692 -0.314028
vt 0.704381 -0.328561
vt 0.694692 -0.328561
vt 0.704381 -0.342126
vt 0.694692 -0.342126
vt 0.694692 -0.355690
vt 0.704381 -0.355690
vt 0.694692 -0.368286
vt 0.704381 -0.368286
vt 0.713101 -0.355690
vt 0.713101 -0.368286
vt 0.719883 -0.355690
vt 0.719883 -0.368286
vt 0.725696 -0.368286
vt 0.725696 -0.355690
vt 0.733447 -0.355690
vt 0.733447 -0.342126
vt 0.741199 -0.342126
vt 0.741199 -0.355690
vt 0.749919 -0.342126
vt 0.749919 -0.328561
vt 0.758639 -0.328561
vt 0.767358 -0.314028
vt 0.758639 -0.314028
vt 0.767358 -0.328561
vt 0.767358 -0.305308
vt 0.758639 -0.305308
vt 0.749919 -0.314028
vt 0.749919 -0.305308
vt 0.741199 -0.314028
vt 0.741199 -0.328561
vt 0.733447 -0.328561
vt 0.725696 -0.342126
vt 0.719883 -0.328561
vt 0.719883 -0.342126
vt 0.713101 -0.328561
vt 0.713101 -0.342126
vt 0.713101 -0.314028
vt 0.741199 -0.305308
vt 0.749919 -0.298526
vt 0.758639 -0.298526
vt 0.767358 -0.298526
vt 0.776078 -0.298526
vt 0.776078 -0.305308
vt 0.785767 -0.298526
vt 0.785767 -0.305308
vt 0.776078 -0.314028
vt 0.785767 -0.314028
vt 0.776078 -0.328561
vt 0.785767 -0.328561
vt 0.796425 -0.328561
vt 0.796425 -0.314028
vt 0.785767 -0.342126
vt 0.804176 -0.328561
vt 0.804176 -0.314028
vt 0.796425 -0.305308
vt 0.804176 -0.305308
vt 0.804176 -0.298526
vt 0.796425 -0.298526
vt 0.811927 -0.298526
vt 0.811927 -0.305308
vt 0.818709 -0.298526
vt 0.818709 -0.305308
vt 0.811927 -0.314028
vt 0.818709 -0.314028
vt 0.811927 -0.328561
vt 0.818709 -0.328561
vt 0.818709 -0.342126
vt 0.811927 -0.342126
vt 0.811927 -0.355690
vt 0.818709 -0.355690
vt 0.811927 -0.368286
vt 0.818709 -0.368286
vt 0.804176 -0.355690
vt 0.804176 -0.368286
vt 0.796425 -0.355690
vt 0.804176 -0.342126
vt 0.796425 -0.342126
vt 0.796425 -0.368286
vt 0.785767 -0.355690
s 1
usemtl Material.015
f 1/1/1 2/2/2 7/3/3
f 2/2/2 1/1/1 3/4/4
f 3/4/4 1/1/1 4/5/5
f 4/5/5 1/1/1 5/6/6
f 5/6/6 1/1/1 6/7/7
f 6/7/7 1/1/1 7/3/3
f 6/7/7 7/3/3 9/8/8
f 7/3/3 2/2/2 8/9/9
f 7/3/3 8/9/9 10/10/10
f 9/8/8 7/3/3 10/10/10
f 10/10/10 8/9/9 11/11/11
f 8/9/9 12/12/12 11/11/11
f 11/11/11 12/12/12 13/13/13
f 13/13/13 12/12/12 14/14/14
f 14/14/14 12/12/12 15/15/15
f 15/15/15 12/12/12 16/16/16
f 12/12/12 17/17/17 16/16/16
f 16/16/16 17/17/17 18/18/18
f 17/17/17 19/19/19 18/18/18
f 18/18/18 19/19/19 20/20/20
f 19/19/19 21/21/21 20/20/20
f 20/20/20 21/21/21 22/22/22
f 21/21/21 23/23/23 22/22/22
f 22/22/22 23/23/23 24/24/24
f 23/23/23 25/25/25 24/24/24
f 24/24/24 25/25/25 26/26/26
f 25/25/25 27/27/27 26/26/26
f 26/26/26 27/27/27 28/28/28
f 27/27/27 29/29/29 28/28/28
f 28/28/28 29/29/29 30/30/30
f 30/30/30 29/29/29 31/31/31
f 31/31/31 29/29/29 32/32/32
f 29/29/29 33/33/33 32/32/32
f 32/32/32 33/33/33 35/34/34
f 34/35/35 32/32/32 35/34/34
f 36/36/36 34/35/35 35/34/34
f 36/36/36 35/34/34 39/37/37
f 33/33/33 37/38/38 35/34/34
f 35/34/34 37/38/38 38/39/39
f 35/34/34 38/39/39 39/37/37
f 40/40/40 36/36/36 39/37/37
f 40/40/40 39/37/37 42/41/41
f 39/37/37 38/39/39 41/42/42
f 39/37/37 41/42/42 42/41/41
f 43/43/43 40/40/40 42/41/41
f 42/41/41 45/44/44 43/43/43
f 41/42/42 44/45/45 42/41/41
f 42/41/41 44/45/45 45/44/44
f 44/45/45 46/46/46 45/44/44
f 46/46/46 47/47/47 45/44/44
f 47/47/47 48/48/48 45/44/44
f 48/48/48 43/43/43 45/44/44
f 49/49/49 50/50/50 48/48/48
f 47/47/47 49/49/49 48/48/48
f 50/50/50 51/51/51 48/48/48
f 48/48/48 51/51/51 43/43/43
f 52/52/52 53/53/53 51/51/51
f 50/50/50 52/52/52 51/51/51
f 53/53/53 54/54/54 51/51/51
f 51/51/51 54/54/54 55/55/55
f 51/51/51 55/55/55 43/43/43
f 54/54/54 56/56/56 55/55/55
f 56/56/56 57/57/57 55/55/55
f 55/55/55 57/57/57 40/40/40
f 55/55/55 40/40/40 43/43/43
f 57/57/57 58/58/58 36/36/36
f 56/56/56 58/58/58 57/57/57
f 57/57/57 36/36/36 40/40/40
f 58/58/58 34/35/35 36/36/36
f 53/53/53 52/52/52 59/59/59
f 52/52/52 60/60/60 59/59/59
f 59/59/59 60/60/60 61/61/61
f 60/60/60 62/62/62 61/61/61
f 61/61/61 62/62/62 63/63/63
f 63/63/63 62/62/62 64/64/64
f 62/62/62 65/65/65 64/64/64
f 64/64/64 65/65/65 66/66/66
f 65/65/65 67/67/67 66/66/66
f 66/66/66 67/67/67 68/68/68
f 67/67/67 69/69/69 68/68/68
f 68/68/68 69/69/69 70/70/70
f 69/69/69 71/71/71 70/70/70
f 70/70/70 71/71/71 72/72/72
f 71/71/71 73/73/73 72/72/72
f 72/72/72 73/73/73 74/74/74
f 73/73/73 75/75/75 74/74/74
f 75/75/75 76/76/76 74/74/74
f 74/74/74 76/76/76 77/77/77
f 77/77/77 76/76/76 78/78/78
f 76/76/76 79/79/79 78/78/78
f 78/78/78 79/79/79 80/80/80
f 80/80/80 79/79/79 81/81/81
f 81/81/81 79/79/79 82/82/82
f 79/79/79 83/83/83 82/82/82
f 82/82/82 83/83/83 84/84/84
f 83/83/83 85/85/85 84/84/84
f 84/84/84 85/85/85 86/86/86
f 85/85/85 87/87/87 86/86/86
f 86/86/86 87/87/87 88/88/88
f 87/87/87 89/89/89 88/88/88
f 88/88/88 89/89/89 90/90/90
f 89/89/89 91/91/91 90/90/90
f 90/90/90 91/91/91 92/92/92
f 91/91/91 93/93/93 92/92/92
f 92/92/92 93/93/93 94/94/94
f 93/93/93 95/95/95 94/94/94
f 94/94/94 95/95/95 96/96/96
f 96/96/96 95/95/95 97/97/97
f 97/97/97 95/95/95 98/98/98
f 95/95/95 99/99/99 98/98/98
f 98/98/98 99/99/99 100/100/100
f 99/99/99 101/101/101 100/100/100
f 100/100/100 101/101/101 102/102/102
f 101/101/101 103/103/103 102/102/102
f 102/102/102 103/103/103 104/104/104
f 103/103/103 105/105/105 104/104/104
f 105/105/105 106/106/106 104/104/104
f 104/104/104 106/106/106 107/107/107
f 106/106/106 108/108/108 107/107/107
f 107/107/107 108/108/108 109/109/109
f 108/108/108 110/110/110 109/109/109
f 109/109/109 110/110/110 111/111/111
f 111/111/111 110/110/110 112/112/112
f 110/110/110 113/113/113 112/112/112
f 112/112/112 113/113/113 114/114/114
f 113/113/113 115/115/115 114/114/114
f 114/114/114 115/115/115 116/116/116
f 115/115/115 117/117/117 116/116/116
f 116/116/116 117/117/117 118/118/118
f 117/117/117 119/119/119 118/118/118
f 119/119/119 120/120/120 118/118/118
f 118/118/118 120/120/120 121/121/121
f 121/121/121 120/120/120 122/122/8
f 120/120/120 123/123/122 122/122/8
f 123/123/122 6/7/7 122/122/8
f 122/122/8 6/7/7 9/8/8
f 124/124/123 125/125/124 123/123/122
f 120/120/120 124/124/123 123/123/122
f 123/123/122 125/125/124 6/7/7
f 125/125/124 124/124/123 128/126/125
f 125/125/124 5/6/6 6/7/7
f 5/6/6 125/125/124 126/127/126
f 126/127/126 125/125/124 127/128/127
f 127/128/127 125/125/124 128/126/125
f 127/128/127 128/126/125 131/129/128
f 124/124/123 129/130/129 128/126/125
f 128/126/125 129/130/129 130/131/130
f 128/126/125 130/131/130 131/129/128
f 132/132/131 127/128/127 131/129/128
f 132/132/131 131/129/128 46/46/46
f 131/129/128 130/131/130 133/133/132
f 131/129/128 133/133/132 46/46/46
f 130/131/130 134/134/133 133/133/132
f 133/133/132 134/134/133 135/135/134
f 133/133/132 135/135/134 47/47/47
f 46/46/46 133/133/132 47/47/47
f 134/134/133 136/136/135 135/135/134
f 135/135/134 136/136/135 49/49/49
f 135/135/134 49/49/49 47/47/47
f 137/137/136 138/138/137 136/136/135
f 134/134/133 137/137/136 136/136/135
f 138/138/137 139/139/138 136/136/135
f 136/136/135 139/139/138 140/140/139
f 136/136/135 140/140/139 49/49/49
f 139/139/138 141/141/140 140/140/139
f 140/140/139 141/141/140 142/142/141
f 140/140/139 142/142/141 50/50/50
f 49/49/49 140/140/139 50/50/50
f 141/141/140 62/62/62 142/142/141
f 62/62/62 60/60/60 142/142/141
f 142/142/141 60/60/60 52/52/52
f 142/142/141 52/52/52 50/50/50
f 141/141/140 143/143/142 65/65/65
f 139/139/138 143/143/142 141/141/140
f 62/62/62 141/141/140 65/65/65
f 144/144/143 143/143/142 139/139/138
f 143/143/142 144/144/143 145/145/144
f 143/143/142 145/145/144 67/67/67
f 65/65/65 143/143/142 67/67/67
f 144/144/143 146/146/145 145/145/144
f 145/145/144 146/146/145 147/147/146
f 145/145/144 147/147/146 69/69/69
f 67/67/67 145/145/144 69/69/69
f 146/146/145 148/148/147 147/147/146
f 148/148/147 149/149/148 147/147/146
f 147/147/146 149/149/148 150/150/149
f 147/147/146 150/150/149 69/69/69
f 149/149/148 151/151/150 150/150/149
f 150/150/149 151/151/150 152/152/151
f 150/150/149 152/152/151 71/71/71
f 69/69/69 150/150/149 71/71/71
f 152/152/151 151/151/150 153/153/152
f 152/152/151 153/153/152 75/75/75
f 71/71/71 152/152/151 73/73/73
f 73/73/73 152/152/151 75/75/75
f 151/151/150 154/154/153 153/153/152
f 153/153/152 154/154/153 155/155/154
f 153/153/152 155/155/154 76/76/76
f 75/75/75 153/153/152 76/76/76
f 155/155/154 154/154/153 156/156/155
f 155/155/154 156/156/155 85/85/85
f 76/76/76 155/155/154 79/79/79
f 79/79/79 155/155/154 83/83/83
f 83/83/83 155/155/154 85/85/85
f 156/156/155 154/154/153 157/157/156
f 156/156/155 157/157/156 87/87/87
f 85/85/85 156/156/155 87/87/87
f 154/154/153 158/158/157 157/157/156
f 157/157/156 158/158/157 159/159/158
f 157/157/156 159/159/158 89/89/89
f 87/87/87 157/157/156 89/89/89
f 158/158/157 160/160/159 159/159/158
f 159/159/158 160/160/159 161/161/160
f 159/159/158 161/161/160 91/91/91
f 89/89/89 159/159/158 91/91/91
f 160/160/159 162/162/161 161/161/160
f 161/161/160 162/162/161 163/163/162
f 161/161/160 163/163/162 93/93/93
f 91/91/91 161/161/160 93/93/93
f 163/163/162 162/162/161 164/164/163
f 163/163/162 164/164/163 101/101/101
f 93/93/93 163/163/162 99/99/99
f 99/99/99 163/163/162 101/101/101
f 162/162/161 165/165/164 164/164/163
f 164/164/163 165/165/164 166/166/165
f 164/164/163 166/166/165 103/103/103
f 101/101/101 164/164/163 103/103/103
f 165/165/164 167/167/166 166/166/165
f 166/166/165 167/167/166 168/168/167
f 166/166/165 168/168/167 105/105/105
f 103/103/103 166/166/165 105/105/105
f 168/168/167 167/167/166 169/169/168
f 168/168/167 169/169/168 105/105/105
f 167/167/166 170/170/169 169/169/168
f 169/169/168 170/170/169 171/171/170
f 169/169/168 171/171/170 106/106/106
f 105/105/105 169/169/168 106/106/106
f 170/170/169 172/172/171 171/171/170
f 171/171/170 172/172/171 173/173/172
f 171/171/170 173/173/172 108/108/108
f 106/106/106 171/171/170 108/108/108
f 172/172/171 174/174/173 173/173/172
f 173/173/172 174/174/173 175/175/174
f 173/173/172 175/175/174 113/113/113
f 108/108/108 173/173/172 110/110/110
f 110/110/110 173/173/172 113/113/113
f 174/174/173 176/176/175 175/175/174
f 175/175/174 176/176/175 177/177/176
f 175/175/174 177/177/176 115/115/115
f 113/113/113 175/175/174 115/115/115
f 176/176/175 178/178/177 177/177/176
f 177/177/176 178/178/177 179/179/178
f 177/177/176 179/179/178 117/117/117
f 115/115/115 177/177/176 117/117/117
f 179/179/178 178/178/177 181/180/179
f 179/179/178 180/181/180 119/119/119
f 180/181/180 179/179/178 181/180/179
f 117/117/117 179/179/178 119/119/119
f 129/130/129 180/181/180 181/180/179
f 129/130/129 181/180/179 134/134/133
f 181/180/179 178/178/177 137/137/136
f 181/180/179 137/137/136 134/134/133
f 180/181/180 124/124/123 120/120/120
f 124/124/123 180/181/180 129/130/129
f 119/119/119 180/181/180 120/120/120
f 178/178/177 176/176/175 182/182/181
f 178/178/177 182/182/181 137/137/136
f 176/176/175 183/183/182 182/182/181
f 182/182/181 183/183/182 184/184/183
f 182/182/181 184/184/183 138/138/137
f 137/137/136 182/182/181 138/138/137
f 183/183/182 185/185/184 184/184/183
f 185/185/184 146/146/145 184/184/183
f 184/184/183 146/146/145 144/144/143
f 184/184/183 144/144/143 138/138/137
f 186/186/185 187/187/186 185/185/184
f 183/183/182 186/186/185 185/185/184
f 185/185/184 187/187/186 148/148/147
f 146/146/145 185/185/184 148/148/147
f 187/187/186 188/188/187 149/149/148
f 188/188/187 187/187/186 189/189/188
f 189/189/188 187/187/186 186/186/185
f 148/148/147 187/187/186 149/149/148
f 190/190/189 188/188/187 189/189/188
f 190/190/189 189/189/188 170/170/169
f 189/189/188 186/186/185 172/172/171
f 170/170/169 189/189/188 172/172/171
f 191/191/190 188/188/187 190/190/189
f 191/191/190 190/190/189 165/165/164
f 165/165/164 190/190/189 167/167/166
f 167/167/166 190/190/189 170/170/169
f 192/192/191 188/188/187 191/191/190
f 192/192/191 191/191/190 160/160/159
f 160/160/159 191/191/190 162/162/161
f 162/162/161 191/191/190 165/165/164
f 188/188/187 192/192/191 149/149/148
f 149/149/148 192/192/191 151/151/150
f 151/151/150 192/192/191 158/158/157
f 158/158/157 192/192/191 160/160/159
f 186/186/185 183/183/182 174/174/173
f 172/172/171 186/186/185 174/174/173
f 174/174/173 183/183/182 176/176/175
f 154/154/153 151/151/150 158/158/157
f 138/138/137 144/144/143 139/139/138
f 130/131/130 129/130/129 134/134/133
f 126/127/126 127/128/127 132/132/131
f 193/193/192 126/127/126 132/132/131
f 193/193/192 132/132/131 44/45/45
f 44/45/45 132/132/131 46/46/46
f 194/194/193 196/195/194 193/193/192
f 195/196/195 194/194/193 193/193/192
f 195/196/195 193/193/192 44/45/45
f 196/195/194 126/127/126 193/193/192
f 197/197/196 198/198/197 196/195/194
f 194/194/193 197/197/196 196/195/194
f 198/198/197 4/5/5 196/195/194
f 196/195/194 4/5/5 126/127/126
f 3/4/4 198/198/197 21/21/21
f 198/198/197 3/4/4 4/5/5
f 21/21/21 198/198/197 23/23/23
f 198/198/197 197/197/196 23/23/23
f 23/23/23 197/197/196 25/25/25
f 25/25/25 197/197/196 199/199/198
f 199/199/198 197/197/196 194/194/193
f 27/27/27 25/25/25 199/199/198
f 37/38/38 27/27/27 199/199/198
f 37/38/38 199/199/198 200/200/199
f 199/199/198 194/194/193 200/200/199
f 38/39/39 37/38/38 200/200/199
f 38/39/39 200/200/199 41/42/42
f 200/200/199 194/194/193 195/196/195
f 200/200/199 195/196/195 41/42/42
f 41/42/42 195/196/195 44/45/45
f 4/5/5 5/6/6 126/127/126
f 95/95/95 93/93/93 99/99/99
f 33/33/33 27/27/27 37/38/38
f 29/29/29 27/27/27 33/33/33
f 19/19/19 3/4/4 21/21/21
f 2/2/2 3/4/4 19/19/19
f 17/17/17 2/2/2 19/19/19
f 8/9/9 2/2/2 17/17/17
f 12/12/12 8/9/9 17/17/17
f 201/201/200 202/202/201 207/203/202
f 202/202/201 201/201/200 203/204/203
f 203/204/203 201/201/200 204/205/204
f 201/201/200 205/206/205 204/205/204
f 205/206/205 201/201/200 206/207/206
f 206/207/206 201/201/200 207/203/202
f 206/207/206 207/203/202 209/208/207
f 207/203/202 202/202/201 208/209/208
f 207/203/202 208/209/208 210/210/209
f 209/208/207 207/203/202 210/210/209
f 209/208/207 210/210/209 212/211/210
f 210/210/209 208/209/208 211/212/211
f 210/210/209 211/212/211 213/213/212
f 212/211/210 210/210/209 213/213/212
f 213/213/212 211/212/211 214/214/213
f 211/212/211 215/215/214 214/214/213
f 214/214/213 215/215/214 216/216/215
f 216/216/215 215/215/214 217/217/216
f 215/215/214 218/218/217 217/217/216
f 217/217/216 218/218/217 219/219/218
f 219/219/218 218/218/217 222/220/219
f 220/221/220 219/219/218 221/222/221
f 221/222/221 219/219/218 222/220/219
f 222/220/219 224/223/222 221/222/221
f 218/218/217 223/224/223 222/220/219
f 222/220/219 223/224/223 224/223/222
f 223/224/223 225/225/224 224/223/222
f 225/225/224 226/226/225 224/223/222
f 226/226/225 227/227/226 224/223/222
f 227/227/226 221/222/221 224/223/222
f 227/227/226 226/226/225 228/228/227
f 227/227/226 220/221/220 221/222/221
f 226/226/225 229/229/228 228/228/227
f 228/228/227 229/229/228 230/230/229
f 229/229/228 231/231/230 230/230/229
f 230/230/229 231/231/230 232/232/231
f 232/232/231 231/231/230 233/233/232
f 231/231/230 234/234/233 233/233/232
f 234/234/233 235/235/234 233/233/232
f 233/233/232 235/235/234 236/236/235
f 235/235/234 237/237/236 236/236/235
f 236/236/235 237/237/236 238/238/237
f 237/237/236 239/239/238 238/238/237
f 238/238/237 239/239/238 240/240/239
f 240/240/239 239/239/238 241/241/240
f 239/239/238 242/242/241 241/241/240
f 241/241/240 242/242/241 243/243/242
f 242/242/241 244/244/243 243/243/242
f 243/243/242 244/244/243 245/245/244
f 244/244/243 246/246/245 245/245/244
f 245/245/244 246/246/245 247/247/246
f 246/246/245 248/248/247 247/247/246
f 247/247/246 248/248/247 249/249/248
f 248/248/247 250/250/249 249/249/248
f 250/250/249 251/251/250 249/249/248
f 249/249/248 251/251/250 252/252/251
f 252/252/251 251/251/250 253/253/252
f 251/251/250 254/254/253 253/253/252
f 253/253/252 254/254/253 255/255/254
f 254/254/253 256/256/255 255/255/254
f 256/256/255 257/257/256 255/255/254
f 255/255/254 257/257/256 258/258/257
f 257/257/256 259/259/258 258/258/257
f 258/258/257 259/259/258 260/260/259
f 259/259/258 261/261/260 260/260/259
f 260/260/259 261/261/260 262/262/261
f 262/262/261 261/261/260 263/263/262
f 261/261/260 264/264/263 263/263/262
f 263/263/262 264/264/263 265/265/264
f 264/264/263 266/266/265 265/265/264
f 265/265/264 266/266/265 212/211/210
f 267/267/266 206/207/206 266/266/265
f 264/264/263 267/267/266 266/266/265
f 266/266/265 206/207/206 209/208/207
f 266/266/265 209/208/207 212/211/210
f 268/268/267 205/206/205 267/267/266
f 269/269/268 268/268/267 267/267/266
f 269/269/268 267/267/266 264/264/263
f 267/267/266 205/206/205 206/207/206
f 270/270/269 272/271/270 269/269/268
f 271/272/271 270/270/269 269/269/268
f 271/272/271 269/269/268 261/261/260
f 272/271/270 268/268/267 269/269/268
f 261/261/260 269/269/268 264/264/263
f 268/268/267 272/271/270 273/273/272
f 272/271/270 270/270/269 273/273/272
f 274/274/273 268/268/267 273/273/272
f 274/274/273 273/273/272 239/239/238
f 273/273/272 270/270/269 275/275/274
f 273/273/272 275/275/274 239/239/238
f 270/270/269 276/276/275 275/275/274
f 275/275/274 276/276/275 277/277/276
f 275/275/274 277/277/276 242/242/241
f 239/239/238 275/275/274 242/242/241
f 276/276/275 278/278/277 277/277/276
f 277/277/276 278/278/277 279/279/278
f 277/277/276 279/279/278 246/246/245
f 242/242/241 277/277/276 244/244/243
f 244/244/243 277/277/276 246/246/245
f 278/278/277 280/280/279 279/279/278
f 279/279/278 280/280/279 281/281/280
f 279/279/278 281/281/280 248/248/247
f 246/246/245 279/279/278 248/248/247
f 281/281/280 280/280/279 282/282/281
f 281/281/280 282/282/281 248/248/247
f 282/282/281 280/280/279 283/283/282
f 282/282/281 283/283/282 256/256/255
f 248/248/247 282/282/281 250/250/249
f 250/250/249 282/282/281 254/254/253
f 254/254/253 282/282/281 256/256/255
f 283/283/282 280/280/279 284/284/283
f 283/283/282 284/284/283 257/257/256
f 256/256/255 283/283/282 257/257/256
f 280/280/279 278/278/277 284/284/283
f 284/284/283 278/278/277 285/285/284
f 284/284/283 285/285/284 259/259/258
f 257/257/256 284/284/283 259/259/258
f 278/278/277 276/276/275 285/285/284
f 276/276/275 270/270/269 285/285/284
f 285/285/284 270/270/269 271/272/271
f 285/285/284 271/272/271 261/261/260
f 259/259/258 285/285/284 261/261/260
f 205/206/205 268/268/267 274/274/273
f 286/286/285 205/206/205 274/274/273
f 286/286/285 274/274/273 237/237/236
f 237/237/236 274/274/273 239/239/238
f 204/205/204 205/206/205 286/286/285
f 204/205/204 286/286/285 234/234/233
f 234/234/233 286/286/285 235/235/234
f 235/235/234 286/286/285 237/237/236
f 251/251/250 250/250/249 254/254/253
f 231/231/230 204/205/204 234/234/233
f 203/204/203 204/205/204 231/231/230
f 229/229/228 203/204/203 231/231/230
f 287/287/286 203/204/203 229/229/228
f 287/287/286 229/229/228 226/226/225
f 202/202/201 203/204/203 287/287/286
f 288/288/287 202/202/201 287/287/286
f 288/288/287 287/287/286 225/225/224
f 225/225/224 287/287/286 226/226/225
f 289/289/288 208/209/208 288/288/287
f 290/290/289 289/289/288 288/288/287
f 290/290/289 288/288/287 225/225/224
f 208/209/208 202/202/201 288/288/287
f 291/291/290 289/289/288 290/290/289
f 291/291/290 290/290/289 223/224/223
f 223/224/223 290/290/289 225/225/224
f 289/289/288 291/291/290 215/215/214
f 215/215/214 291/291/290 218/218/217
f 218/218/217 291/291/290 223/224/223
f 208/209/208 289/289/288 211/212/211
f 211/212/211 289/289/288 215/215/214
f 292/292/291 293/293/292 297/294/293
f 293/293/292 292/292/291 294/295/294
f 292/292/291 295/296/295 294/295/294
f 295/296/295 292/292/291 296/297/296
f 296/297/296 292/292/291 297/294/293
f 298/298/297 296/297/296 297/294/293
f 298/298/297 297/294/293 300/299/298
f 297/294/293 293/293/292 299/300/299
f 297/294/293 299/300/299 300/299/298
f 301/301/300 298/298/297 300/299/298
f 301/301/300 300/299/298 303/302/301
f 300/299/298 299/300/299 302/303/302
f 300/299/298 302/303/302 304/304/303
f 303/302/301 300/299/298 304/304/303
f 303/302/301 304/304/303 306/305/304
f 304/304/303 302/303/302 305/306/305
f 304/304/303 305/306/305 307/307/306
f 306/305/304 304/304/303 307/307/306
f 306/305/304 307/307/306 309/308/307
f 307/307/306 305/306/305 308/309/308
f 307/307/306 308/309/308 310/310/309
f 309/308/307 307/307/306 310/310/309
f 309/308/307 310/310/309 313/311/310
f 308/309/308 311/312/311 310/310/309
f 310/310/309 311/312/311 312/313/312
f 310/310/309 312/313/312 313/311/310
f 314/314/313 309/308/307 313/311/310
f 314/314/313 313/311/310 316/315/314
f 313/311/310 312/313/312 315/316/315
f 313/311/310 315/316/315 316/315/314
f 317/317/316 319/318/317 316/315/314
f 318/319/318 317/317/316 316/315/314
f 316/315/314 320/320/319 318/319/318
f 319/318/317 314/314/313 316/315/314
f 316/315/314 315/316/315 320/320/319
f 315/316/315 321/321/320 320/320/319
f 321/321/320 322/322/321 320/320/319
f 322/322/321 323/323/322 320/320/319
f 323/323/322 318/319/318 320/320/319
f 324/324/323 325/325/324 323/323/322
f 322/322/321 324/324/323 323/323/322
f 323/323/322 325/325/324 318/319/318
f 325/325/324 326/326/325 317/317/316
f 324/324/323 326/326/325 325/325/324
f 325/325/324 317/317/316 318/319/318
f 327/327/326 326/326/325 324/324/323
f 326/326/325 327/327/326 328/328/327
f 326/326/325 328/328/327 317/317/316
f 327/327/326 329/329/328 328/328/327
f 328/328/327 329/329/328 330/330/329
f 328/328/327 330/330/329 317/317/316
f 329/329/328 331/331/330 330/330/329
f 330/330/329 331/331/330 332/332/331
f 330/330/329 332/332/331 319/318/317
f 317/317/316 330/330/329 319/318/317
f 331/331/330 333/333/332 332/332/331
f 333/333/332 334/334/333 332/332/331
f 332/332/331 334/334/333 335/335/334
f 332/332/331 335/335/334 319/318/317
f 334/334/333 336/336/335 335/335/334
f 335/335/334 336/336/335 337/337/336
f 335/335/334 337/337/336 314/314/313
f 319/318/317 335/335/334 314/314/313
f 336/336/335 338/338/337 337/337/336
f 338/338/337 306/305/304 337/337/336
f 337/337/336 306/305/304 309/308/307
f 337/337/336 309/308/307 314/314/313
f 339/339/338 340/340/339 338/338/337
f 336/336/335 339/339/338 338/338/337
f 340/340/339 303/302/301 338/338/337
f 338/338/337 303/302/301 306/305/304
f 341/341/340 342/342/341 340/340/339
f 339/339/338 341/341/340 340/340/339
f 342/342/341 301/301/300 340/340/339
f 340/340/339 301/301/300 303/302/301
f 343/343/342 342/342/341 344/344/343
f 342/342/341 343/343/342 301/301/300
f 344/344/343 342/342/341 341/341/340
f 345/345/344 343/343/342 344/344/343
f 346/346/345 345/345/344 344/344/343
f 346/346/345 344/344/343 347/347/346
f 344/344/343 341/341/340 348/348/347
f 347/347/346 344/344/343 348/348/347
f 347/347/346 348/348/347 350/349/348
f 348/348/347 341/341/340 349/350/349
f 348/348/347 349/350/349 351/351/350
f 350/349/348 348/348/347 351/351/350
f 351/351/350 349/350/349 352/352/351
f 349/350/349 334/334/333 352/352/351
f 352/352/351 334/334/333 333/333/332
f 353/353/352 347/347/346 350/349/348
f 354/354/353 347/347/346 353/353/352
f 355/355/354 347/347/346 354/354/353
f 356/356/355 355/355/354 354/354/353
f 357/357/356 355/355/354 356/356/355
f 358/358/357 357/357/356 356/356/355
f 359/359/358 357/357/356 358/358/357
f 360/360/359 359/359/358 358/358/357
f 361/361/360 359/359/358 360/360/359
f 362/362/361 361/361/360 360/360/359
f 363/363/362 365/364/363 362/362/361
f 364/365/364 363/363/362 362/362/361
f 365/364/363 361/361/360 362/362/361
f 365/364/363 366/366/365 361/361/360
f 363/363/362 366/366/365 365/364/363
f 367/367/366 369/368/367 366/366/365
f 368/369/368 367/367/366 366/366/365
f 368/369/368 366/366/365 363/363/362
f 366/366/365 369/368/367 370/370/369
f 366/366/365 370/370/369 361/361/360
f 369/368/367 371/371/370 370/370/369
f 370/370/369 371/371/370 372/372/371
f 370/370/369 372/372/371 361/361/360
f 371/371/370 373/373/372 372/372/371
f 372/372/371 373/373/372 374/374/373
f 372/372/371 374/374/373 357/357/356
f 361/361/360 372/372/371 359/359/358
f 359/359/358 372/372/371 357/357/356
f 373/373/372 375/375/374 374/374/373
f 374/374/373 375/375/374 346/346/345
f 374/374/373 346/346/345 355/355/354
f 357/357/356 374/374/373 355/355/354
f 376/376/375 377/377/376 375/375/374
f 373/373/372 376/376/375 375/375/374
f 375/375/374 377/377/376 345/345/344
f 375/375/374 345/345/344 346/346/345
f 378/378/377 295/296/295 377/377/376
f 376/376/375 378/378/377 377/377/376
f 377/377/376 295/296/295 296/297/296
f 377/377/376 296/297/296 345/345/344
f 295/296/295 378/378/377 379/379/378
f 378/378/377 380/380/379 379/379/378
f 380/380/379 378/378/377 376/376/375
f 379/379/378 380/380/379 381/381/380
f 380/380/379 382/382/381 381/381/380
f 382/382/381 380/380/379 383/383/382
f 383/383/382 380/380/379 376/376/375
f 384/384/383 382/382/381 383/383/382
f 384/384/383 383/383/382 369/368/367
f 383/383/382 376/376/375 373/373/372
f 369/368/367 383/383/382 371/371/370
f 371/371/370 383/383/382 373/373/372
f 385/385/384 382/382/381 384/384/383
f 385/385/384 384/384/383 367/367/366
f 367/367/366 384/384/383 369/368/367
f 386/386/385 382/382/381 385/385/384
f 386/386/385 385/385/384 387/387/386
f 387/387/386 385/385/384 388/388/387
f 388/388/387 385/385/384 367/367/366
f 387/387/386 388/388/387 390/389/388
f 388/388/387 389/390/389 391/391/390
f 389/390/389 388/388/387 367/367/366
f 390/389/388 388/388/387 391/391/390
f 390/389/388 391/391/390 393/392/391
f 391/391/390 389/390/389 392/393/392
f 391/391/390 392/393/392 394/394/393
f 393/392/391 391/391/390 394/394/393
f 393/392/391 394/394/393 396/395/394
f 394/394/393 392/393/392 395/396/395
f 394/394/393 395/396/395 398/397/396
f 396/395/394 394/394/393 397/398/397
f 397/398/397 394/394/393 398/397/396
f 398/397/396 395/396/395 364/365/364
f 399/399/398 393/392/391 396/395/394
f 400/400/399 399/399/398 396/395/394
f 401/401/400 399/399/398 400/400/399
f 402/402/401 401/401/400 400/400/399
f 403/403/402 401/401/400 402/402/401
f 404/404/403 403/403/402 402/402/401
f 405/405/404 403/403/402 404/404/403
f 406/406/405 405/405/404 404/404/403
f 407/407/406 405/405/404 406/406/405
f 408/408/407 407/407/406 406/406/405
f 409/409/408 407/407/406 408/408/407
f 410/410/409 409/409/408 408/408/407
f 411/411/410 409/409/408 410/410/409
f 412/412/411 411/411/410 410/410/409
f 413/413/412 411/411/410 412/412/411
f 414/414/413 413/413/412 412/412/411
f 413/413/412 414/414/413 415/415/414
f 414/414/413 416/416/415 415/415/414
f 415/415/414 416/416/415 417/417/416
f 416/416/415 418/418/417 417/417/416
f 417/417/416 418/418/417 324/324/323
f 418/418/417 419/419/418 324/324/323
f 419/419/418 327/327/326 324/324/323
f 415/415/414 417/417/416 322/322/321
f 417/417/416 324/324/323 322/322/321
f 420/420/419 413/413/412 415/415/414
f 421/421/420 420/420/419 415/415/414
f 421/421/420 415/415/414 322/322/321
f 422/422/421 420/420/419 421/421/420
f 423/423/422 422/422/421 421/421/420
f 423/423/422 421/421/420 321/321/320
f 321/321/320 421/421/420 322/322/321
f 311/312/311 422/422/421 423/423/422
f 424/424/423 311/312/311 423/423/422
f 424/424/423 423/423/422 321/321/320
f 312/313/312 311/312/311 424/424/423
f 312/313/312 424/424/423 315/316/315
f 315/316/315 424/424/423 321/321/320
f 308/309/308 425/425/424 422/422/421
f 311/312/311 308/309/308 422/422/421
f 422/422/421 425/425/424 420/420/419
f 425/425/424 426/426/425 427/427/426
f 305/306/305 426/426/425 425/425/424
f 305/306/305 425/425/424 308/309/308
f 425/425/424 427/427/426 420/420/419
f 426/426/425 428/428/427 427/427/426
f 427/427/426 428/428/427 411/411/410
f 427/427/426 411/411/410 413/413/412
f 420/420/419 427/427/426 413/413/412
f 428/428/427 429/429/428 430/430/429
f 426/426/425 429/429/428 428/428/427
f 428/428/427 430/430/429 409/409/408
f 411/411/410 428/428/427 409/409/408
f 429/429/428 431/431/430 430/430/429
f 430/430/429 431/431/430 432/432/431
f 430/430/429 432/432/431 407/407/406
f 409/409/408 430/430/429 407/407/406
f 431/431/430 433/433/432 432/432/431
f 432/432/431 433/433/432 434/434/433
f 432/432/431 434/434/433 403/403/402
f 407/407/406 432/432/431 405/405/404
f 405/405/404 432/432/431 403/403/402
f 433/433/432 435/435/434 434/434/433
f 434/434/433 435/435/434 436/436/435
f 434/434/433 436/436/435 403/403/402
f 435/435/434 437/437/436 436/436/435
f 436/436/435 437/437/436 438/438/437
f 436/436/435 438/438/437 401/401/400
f 403/403/402 436/436/435 401/401/400
f 437/437/436 387/387/386 438/438/437
f 438/438/437 387/387/386 390/389/388
f 438/438/437 390/389/388 399/399/398
f 401/401/400 438/438/437 399/399/398
f 381/381/380 386/386/385 437/437/436
f 435/435/434 381/381/380 437/437/436
f 437/437/436 386/386/385 387/387/386
f 379/379/378 381/381/380 435/435/434
f 433/433/432 379/379/378 435/435/434
f 293/293/292 294/295/294 433/433/432
f 431/431/430 293/293/292 433/433/432
f 294/295/294 379/379/378 433/433/432
f 299/300/299 293/293/292 431/431/430
f 429/429/428 299/300/299 431/431/430
f 299/300/299 429/429/428 302/303/302
f 302/303/302 429/429/428 426/426/425
f 302/303/302 426/426/425 305/306/305
f 399/399/398 390/389/388 393/392/391
f 395/396/395 392/393/392 363/363/362
f 395/396/395 363/363/362 364/365/364
f 392/393/392 389/390/389 368/369/368
f 392/393/392 368/369/368 363/363/362
f 389/390/389 367/367/366 368/369/368
f 381/381/380 382/382/381 386/386/385
f 294/295/294 295/296/295 379/379/378
f 355/355/354 346/346/345 347/347/346
f 341/341/340 339/339/338 349/350/349
f 349/350/349 339/339/338 336/336/335
f 334/334/333 349/350/349 336/336/335
f 296/297/296 298/298/297 345/345/344
f 345/345/344 298/298/297 343/343/342
f 343/343/342 298/298/297 301/301/300
f 439/439/438 440/440/439 445/441/440
f 440/440/439 439/439/438 441/442/441
f 439/439/438 442/443/442 441/442/441
f 442/443/442 439/439/438 443/444/443
f 443/444/443 439/439/438 444/445/444
f 444/445/444 439/439/438 445/441/440
f 446/446/445 444/445/444 445/441/440
f 446/446/445 445/441/440 448/447/446
f 445/441/440 440/440/439 447/448/447
f 445/441/440 447/448/447 448/447/446
f 449/449/448 446/446/445 448/447/446
f 450/450/449 449/449/448 448/447/446
f 450/450/449 448/447/446 452/451/450
f 448/447/446 447/448/447 451/452/451
f 448/447/446 451/452/451 454/453/452
f 452/451/450 448/447/446 453/454/453
f 453/454/453 448/447/446 454/453/452
f 454/453/452 451/452/451 455/455/454
f 451/452/451 456/456/455 455/455/454
f 455/455/454 456/456/455 457/457/456
f 457/457/456 456/456/455 458/458/457
f 458/458/457 456/456/455 459/459/458
f 456/456/455 460/460/459 459/459/458
f 459/459/458 460/460/459 461/461/460
f 460/460/459 462/462/461 461/461/460
f 461/461/460 462/462/461 463/463/462
f 462/462/461 464/464/463 463/463/462
f 463/463/462 464/464/463 465/465/464
f 464/464/463 466/466/465 465/465/464
f 465/465/464 466/466/465 467/467/466
f 466/466/465 468/468/467 467/467/466
f 467/467/466 468/468/467 469/469/468
f 468/468/467 470/470/469 469/469/468
f 469/469/468 470/470/469 471/471/470
f 471/471/470 470/470/469 472/472/471
f 470/470/469 473/473/472 472/472/471
f 473/473/472 474/474/473 472/472/471
f 472/472/471 474/474/473 475/475/474
f 474/474/473 476/476/475 475/475/474
f 475/475/474 476/476/475 477/477/476
f 476/476/475 478/478/477 477/477/476
f 477/477/476 478/478/477 479/479/478
f 479/479/478 478/478/477 480/480/479
f 478/478/477 481/481/480 480/480/479
f 480/480/479 481/481/480 482/482/481
f 481/481/480 483/483/482 482/482/481
f 482/482/481 483/483/482 484/484/483
f 483/483/482 485/485/484 484/484/483
f 484/484/483 485/485/484 486/486/485
f 485/485/484 487/487/486 486/486/485
f 486/486/485 487/487/486 488/488/487
f 487/487/486 489/489/488 488/488/487
f 488/488/487 489/489/488 490/490/489
f 489/489/488 491/491/490 490/490/489
f 490/490/489 491/491/490 492/492/491
f 491/491/490 493/493/492 492/492/491
f 492/492/491 493/493/492 494/494/493
f 493/493/492 495/495/494 494/494/493
f 494/494/493 495/495/494 496/496/495
f 495/495/494 497/497/496 496/496/495
f 496/496/495 497/497/496 499/498/497
f 498/499/498 496/496/495 499/498/497
f 500/500/499 498/499/498 499/498/497
f 500/500/499 499/498/497 502/501/500
f 499/498/497 497/497/496 501/502/501
f 499/498/497 501/502/501 502/501/500
f 503/503/502 500/500/499 502/501/500
f 502/501/500 507/504/503 503/503/502
f 501/502/501 504/505/504 502/501/500
f 504/505/504 505/506/505 502/501/500
f 505/506/505 506/507/506 502/501/500
f 502/501/500 506/507/506 507/504/503
f 506/507/506 508/508/507 507/504/503
f 508/508/507 503/503/502 507/504/503
f 509/509/508 510/510/509 508/508/507
f 506/507/506 509/509/508 508/508/507
f 510/510/509 511/511/510 508/508/507
f 508/508/507 511/511/510 503/503/502
f 511/511/510 512/512/511 500/500/499
f 511/511/510 500/500/499 503/503/502
f 512/512/511 498/499/498 500/500/499
f 510/510/509 509/509/508 513/513/512
f 509/509/508 514/514/513 513/513/512
f 513/513/512 514/514/513 515/515/514
f 515/515/514 514/514/513 516/516/515
f 514/514/513 517/517/516 516/516/515
f 516/516/515 517/517/516 518/518/517
f 517/517/516 519/519/518 518/518/517
f 518/518/517 519/519/518 520/520/519
f 519/519/518 521/521/520 520/520/519
f 521/521/520 522/522/521 520/520/519
f 520/520/519 522/522/521 523/523/522
f 522/522/521 524/524/523 523/523/522
f 523/523/522 524/524/523 525/525/524
f 525/525/524 524/524/523 526/526/525
f 524/524/523 527/527/526 526/526/525
f 526/526/525 527/527/526 528/528/527
f 527/527/526 529/529/528 528/528/527
f 529/529/528 530/530/529 528/528/527
f 528/528/527 530/530/529 531/531/530
f 530/530/529 532/532/531 531/531/530
f 531/531/530 532/532/531 533/533/532
f 532/532/531 534/534/533 533/533/532
f 533/533/532 534/534/533 535/535/534
f 535/535/534 534/534/533 536/536/535
f 534/534/533 537/537/536 536/536/535
f 536/536/535 537/537/536 538/538/537
f 537/537/536 539/539/538 538/538/537
f 538/538/537 539/539/538 540/540/539
f 540/540/539 539/539/538 541/541/540
f 539/539/538 542/542/541 541/541/540
f 541/541/540 542/542/541 543/543/542
f 542/542/541 544/544/543 543/543/542
f 543/543/542 544/544/543 545/545/544
f 545/545/544 544/544/543 546/546/545
f 544/544/543 547/547/546 546/546/545
f 546/546/545 547/547/546 548/548/547
f 547/547/546 450/450/449 548/548/547
f 548/548/547 450/450/449 549/549/548
f 549/549/548 450/450/449 452/451/450
f 547/547/546 550/550/549 450/450/449
f 544/544/543 550/550/549 547/547/546
f 550/550/549 449/449/448 450/450/449
f 449/449/448 550/550/549 529/529/528
f 550/550/549 551/551/442 529/529/528
f 551/551/442 550/550/549 544/544/543
f 529/529/528 551/551/442 530/530/529
f 551/551/442 552/552/550 530/530/529
f 552/552/550 551/551/442 542/542/541
f 542/542/541 551/551/442 544/544/543
f 530/530/529 552/552/550 532/532/531
f 532/532/531 552/552/550 534/534/533
f 534/534/533 552/552/550 537/537/536
f 537/537/536 552/552/550 539/539/538
f 539/539/538 552/552/550 542/542/541
f 527/527/526 449/449/448 529/529/528
f 446/446/445 449/449/448 527/527/526
f 524/524/523 446/446/445 527/527/526
f 522/522/521 446/446/445 524/524/523
f 444/445/444 446/446/445 522/522/521
f 521/521/520 444/445/444 522/522/521
f 553/553/551 443/444/443 521/521/520
f 519/519/518 553/553/551 521/521/520
f 443/444/443 444/445/444 521/521/520
f 554/554/552 553/553/551 555/555/553
f 553/553/551 554/554/552 443/444/443
f 555/555/553 553/553/551 556/556/554
f 556/556/554 553/553/551 519/519/518
f 555/555/553 556/556/554 557/557/555
f 556/556/554 517/517/516 558/558/556
f 517/517/516 556/556/554 519/519/518
f 557/557/555 556/556/554 558/558/556
f 557/557/555 558/558/556 505/506/505
f 517/517/516 514/514/513 558/558/556
f 558/558/556 514/514/513 509/509/508
f 558/558/556 509/509/508 506/507/506
f 505/506/505 558/558/556 506/507/506
f 559/559/557 555/555/553 557/557/555
f 559/559/557 557/557/555 504/505/504
f 504/505/504 557/557/555 505/506/505
f 560/560/558 562/561/559 559/559/557
f 561/562/560 560/560/558 559/559/557
f 561/562/560 559/559/557 504/505/504
f 562/561/559 555/555/553 559/559/557
f 563/563/558 564/564/559 562/561/559
f 560/560/558 563/563/558 562/561/559
f 564/564/559 554/554/552 562/561/559
f 562/561/559 554/554/552 555/555/553
f 564/564/559 442/443/442 554/554/552
f 441/442/441 442/443/442 564/564/559
f 441/442/441 564/564/559 565/565/558
f 565/565/558 564/564/559 563/563/558
f 566/566/561 441/442/441 565/565/558
f 566/566/561 565/565/558 487/487/486
f 565/565/558 563/563/558 489/489/488
f 487/487/486 565/565/558 489/489/488
f 440/440/439 441/442/441 566/566/561
f 567/567/562 440/440/439 566/566/561
f 567/567/562 566/566/561 485/485/484
f 485/485/484 566/566/561 487/487/486
f 447/448/447 440/440/439 567/567/562
f 568/568/563 447/448/447 567/567/562
f 568/568/563 567/567/562 483/483/482
f 483/483/482 567/567/562 485/485/484
f 447/448/447 568/568/563 451/452/451
f 451/452/451 568/568/563 456/456/455
f 568/568/563 569/569/564 456/456/455
f 569/569/564 568/568/563 481/481/480
f 481/481/480 568/568/563 483/483/482
f 456/456/455 569/569/564 460/460/459
f 569/569/564 570/570/565 460/460/459
f 570/570/565 569/569/564 478/478/477
f 478/478/477 569/569/564 481/481/480
f 460/460/459 570/570/565 462/462/461
f 570/570/565 571/571/566 462/462/461
f 571/571/566 570/570/565 476/476/475
f 476/476/475 570/570/565 478/478/477
f 462/462/461 571/571/566 464/464/463
f 571/571/566 572/572/567 464/464/463
f 572/572/567 571/571/566 474/474/473
f 474/474/473 571/571/566 476/476/475
f 464/464/463 572/572/567 466/466/465
f 466/466/465 572/572/567 468/468/467
f 468/468/467 572/572/567 470/470/469
f 470/470/469 572/572/567 473/473/472
f 473/473/472 572/572/567 474/474/473
f 563/563/558 560/560/558 491/491/490
f 489/489/488 563/563/558 491/491/490
f 495/495/494 493/493/492 561/562/560
f 573/573/568 495/495/494 561/562/560
f 573/573/568 561/562/560 504/505/504
f 493/493/492 560/560/558 561/562/560
f 497/497/496 495/495/494 573/573/568
f 497/497/496 573/573/568 501/502/501
f 501/502/501 573/573/568 504/505/504
f 491/491/490 560/560/558 493/493/492
f 554/554/552 442/443/442 443/444/443
f 574/574/569 575/575/570 580/576/571
f 575/575/570 574/574/569 576/577/572
f 576/577/572 574/574/569 577/578/573
f 577/578/573 574/574/569 578/579/574
f 578/579/574 574/574/569 579/580/575
f 579/580/575 574/574/569 580/576/571
f 579/580/575 580/576/571 582/581/576
f 580/576/571 575/575/570 581/582/577
f 580/576/571 581/582/577 583/583/578
f 582/581/576 580/576/571 583/583/578
f 582/581/576 583/583/578 585/584/579
f 583/583/578 581/582/577 584/585/580
f 583/583/578 584/585/580 586/586/581
f 585/584/579 583/583/578 586/586/581
f 585/584/579 586/586/581 588/587/582
f 586/586/581 584/585/580 587/588/583
f 586/586/581 587/588/583 589/589/584
f 588/587/582 586/586/581 589/589/584
f 589/589/584 587/588/583 590/590/585
f 587/588/583 591/591/586 590/590/585
f 590/590/585 591/591/586 592/592/587
f 591/591/586 593/593/588 592/592/587
f 592/592/587 593/593/588 594/594/589
f 593/593/588 595/595/590 594/594/589
f 595/595/590 596/596/591 594/594/589
f 594/594/589 596/596/591 597/597/592
f 596/596/591 598/598/593 597/597/592
f 597/597/592 598/598/593 599/599/476
f 599/599/476 598/598/593 600/600/594
f 598/598/593 601/601/595 600/600/594
f 601/601/595 602/602/596 600/600/594
f 600/600/594 602/602/596 603/603/597
f 603/603/597 602/602/596 604/604/598
f 602/602/596 605/605/599 604/604/598
f 605/605/599 606/606/600 604/604/598
f 604/604/598 606/606/600 607/607/601
f 607/607/601 606/606/600 608/608/602
f 606/606/600 609/609/603 608/608/602
f 608/608/602 609/609/603 610/610/464
f 609/609/603 611/611/604 610/610/464
f 610/610/464 611/611/604 612/612/605
f 611/611/604 613/613/606 612/612/605
f 612/612/605 613/613/606 614/614/607
f 613/613/606 615/615/608 614/614/607
f 614/614/607 615/615/608 616/616/605
f 615/615/608 617/617/609 616/616/605
f 617/617/609 618/618/610 616/616/605
f 616/616/605 618/618/610 619/619/611
f 619/619/611 618/618/610 620/620/612
f 618/618/610 621/621/613 620/620/612
f 621/621/613 622/622/614 620/620/612
f 620/620/612 622/622/614 623/623/454
f 622/622/614 624/624/615 623/623/454
f 623/623/454 624/624/615 625/625/616
f 625/625/616 624/624/615 626/626/617
f 624/624/615 627/627/618 626/626/617
f 626/626/617 627/627/618 628/628/619
f 627/627/618 629/629/620 628/628/619
f 629/629/620 630/630/621 628/628/619
f 628/628/619 630/630/621 631/631/622
f 630/630/621 632/632/623 631/631/622
f 631/631/622 632/632/623 633/633/547
f 633/633/547 632/632/623 634/634/624
f 632/632/623 635/635/625 634/634/624
f 634/634/624 635/635/625 636/636/544
f 635/635/625 637/637/626 636/636/544
f 636/636/544 637/637/626 638/638/627
f 637/637/626 639/639/628 638/638/627
f 639/639/628 640/640/629 638/638/627
f 638/638/627 640/640/629 641/641/630
f 641/641/630 640/640/629 642/642/631
f 640/640/629 643/643/632 642/642/631
f 642/642/631 643/643/632 644/644/633
f 643/643/632 645/645/634 644/644/633
f 644/644/633 645/645/634 646/646/635
f 645/645/634 647/647/636 646/646/635
f 646/646/635 647/647/636 648/648/534
f 647/647/636 649/649/637 648/648/534
f 648/648/534 649/649/637 650/650/638
f 649/649/637 651/651/639 650/650/638
f 650/650/638 651/651/639 652/652/640
f 651/651/639 653/653/641 652/652/640
f 652/652/640 653/653/641 654/654/642
f 653/653/641 655/655/643 654/654/642
f 654/654/642 655/655/643 656/656/644
f 655/655/643 657/657/645 656/656/644
f 657/657/645 658/658/646 656/656/644
f 656/656/644 658/658/646 659/659/647
f 658/658/646 660/660/648 659/659/647
f 659/659/647 660/660/648 661/661/649
f 660/660/648 662/662/650 661/661/649
f 661/661/649 662/662/650 663/663/519
f 662/662/650 664/664/651 663/663/519
f 663/663/519 664/664/651 665/665/652
f 664/664/651 666/666/653 665/665/652
f 665/665/652 666/666/653 667/667/654
f 666/666/653 668/668/655 667/667/654
f 667/667/654 668/668/655 669/669/656
f 669/669/656 668/668/655 670/670/657
f 668/668/655 671/671/658 670/670/657
f 670/670/657 671/671/658 672/672/659
f 671/671/658 673/673/660 672/672/659
f 672/672/659 673/673/660 674/674/510
f 674/674/510 673/673/660 675/675/661
f 675/675/661 673/673/660 676/676/662
f 673/673/660 677/677/663 676/676/662
f 677/677/663 678/678/664 676/676/662
f 676/676/662 678/678/664 679/679/665
f 678/678/664 680/680/666 679/679/665
f 679/679/665 680/680/666 681/681/667
f 680/680/666 682/682/668 681/681/667
f 681/681/667 682/682/668 683/683/669
f 682/682/668 684/684/670 683/683/669
f 683/683/669 684/684/670 685/685/671
f 684/684/670 686/686/672 685/685/671
f 685/685/671 686/686/672 687/687/673
f 686/686/672 688/688/674 687/687/673
f 687/687/673 688/688/674 689/689/675
f 689/689/675 688/688/674 690/690/676
f 690/690/676 688/688/674 691/691/677
f 688/688/674 692/692/678 691/691/677
f 691/691/677 692/692/678 693/693/679
f 692/692/678 694/694/680 693/693/679
f 693/693/679 694/694/680 695/695/681
f 695/695/681 694/694/680 696/696/682
f 694/694/680 697/697/683 696/696/682
f 697/697/683 698/698/684 696/696/682
f 696/696/682 698/698/684 699/699/685
f 698/698/684 700/700/686 699/699/685
f 699/699/685 700/700/686 701/701/687
f 701/701/687 700/700/686 702/702/688
f 700/700/686 703/703/689 702/702/688
f 702/702/688 703/703/689 704/704/690
f 703/703/689 705/705/691 704/704/690
f 704/704/690 705/705/691 706/706/692
f 705/705/691 707/707/693 706/706/692
f 706/706/692 707/707/693 708/708/694
f 708/708/694 707/707/693 710/709/695
f 709/710/696 708/708/694 710/709/695
f 709/710/696 710/709/695 713/711/697
f 707/707/693 711/712/698 710/709/695
f 710/709/695 711/712/698 712/713/699
f 710/709/695 712/713/699 713/711/697
f 714/714/700 716/715/701 713/711/697
f 715/716/702 714/714/700 713/711/697
f 715/716/702 713/711/697 712/713/699
f 716/715/701 717/717/703 713/711/697
f 717/717/703 709/710/696 713/711/697
f 717/717/703 718/718/704 719/719/705
f 716/715/701 718/718/704 717/717/703
f 718/718/704 720/720/706 719/719/705
f 719/719/705 720/720/706 721/721/707
f 721/721/707 720/720/706 722/722/708
f 720/720/706 723/723/709 722/722/708
f 722/722/708 723/723/709 724/724/710
f 723/723/709 725/725/711 724/724/710
f 724/724/710 725/725/711 726/726/712
f 725/725/711 727/727/713 726/726/712
f 726/726/712 727/727/713 728/728/714
f 727/727/713 729/729/715 728/728/714
f 728/728/714 729/729/715 731/730/716
f 730/731/717 728/728/714 731/730/716
f 729/729/715 732/732/718 731/730/716
f 731/730/716 732/732/718 733/733/719
f 732/732/718 734/734/720 733/733/719
f 733/733/719 734/734/720 735/735/721
f 734/734/720 736/736/722 735/735/721
f 735/735/721 736/736/722 737/737/723
f 736/736/722 738/738/724 737/737/723
f 737/737/723 738/738/724 739/739/725
f 738/738/724 740/740/726 739/739/725
f 739/739/725 740/740/726 741/741/727
f 741/741/727 740/740/726 742/742/728
f 740/740/726 743/743/729 742/742/728
f 742/742/728 743/743/729 744/744/730
f 743/743/729 745/745/731 744/744/730
f 744/744/730 745/745/731 747/746/732
f 746/747/510 744/744/730 747/746/732
f 747/746/732 745/745/731 748/748/733
f 745/745/731 749/749/734 748/748/733
f 749/749/734 750/750/735 748/748/733
f 748/748/733 750/750/735 751/751/736
f 751/751/736 750/750/735 752/752/737
f 750/750/735 753/753/738 752/752/737
f 753/753/738 754/754/739 752/752/737
f 752/752/737 754/754/739 755/755/740
f 755/755/740 754/754/739 756/756/741
f 754/754/739 585/584/579 756/756/741
f 756/756/741 585/584/579 588/587/582
f 754/754/739 582/581/576 585/584/579
f 753/753/738 582/581/576 754/754/739
f 757/757/742 582/581/576 753/753/738
f 750/750/735 757/757/742 753/753/738
f 757/757/742 579/580/575 582/581/576
f 758/758/743 579/580/575 757/757/742
f 758/758/743 757/757/742 750/750/735
f 759/759/744 761/760/745 758/758/743
f 760/761/746 759/759/744 758/758/743
f 760/761/746 758/758/743 750/750/735
f 761/760/745 579/580/575 758/758/743
f 578/579/574 761/760/745 762/762/747
f 761/760/745 578/579/574 579/580/575
f 762/762/747 761/760/745 759/759/744
f 577/578/573 578/579/574 762/762/747
f 763/763/748 577/578/573 762/762/747
f 763/763/748 762/762/747 736/736/722
f 762/762/747 759/759/744 740/740/726
f 736/736/722 762/762/747 738/738/724
f 738/738/724 762/762/747 740/740/726
f 764/764/749 577/578/573 763/763/748
f 765/765/750 764/764/749 763/763/748
f 765/765/750 763/763/748 734/734/720
f 734/734/720 763/763/748 736/736/722
f 766/766/751 764/764/749 765/765/750
f 767/767/752 766/766/751 765/765/750
f 767/767/752 765/765/750 732/732/718
f 732/732/718 765/765/750 734/734/720
f 766/766/751 767/767/752 725/725/711
f 725/725/711 767/767/752 727/727/713
f 727/727/713 767/767/752 732/732/718
f 768/768/753 764/764/749 766/766/751
f 769/769/754 768/768/753 766/766/751
f 769/769/754 766/766/751 725/725/711
f 770/770/755 768/768/753 769/769/754
f 770/770/755 769/769/754 723/723/709
f 723/723/709 769/769/754 725/725/711
f 771/771/756 768/768/753 770/770/755
f 771/771/756 770/770/755 772/772/757
f 772/772/757 770/770/755 718/718/704
f 718/718/704 770/770/755 720/720/706
f 720/720/706 770/770/755 723/723/709
f 773/773/758 771/771/756 772/772/757
f 773/773/758 772/772/757 714/714/700
f 772/772/757 718/718/704 716/715/701
f 714/714/700 772/772/757 716/715/701
f 774/774/759 771/771/756 773/773/758
f 775/775/760 774/774/759 773/773/758
f 775/775/760 773/773/758 776/776/761
f 776/776/761 773/773/758 714/714/700
f 777/777/762 779/778/763 776/776/761
f 778/779/764 777/777/762 776/776/761
f 778/779/764 776/776/761 715/716/702
f 779/778/763 775/775/760 776/776/761
f 776/776/761 714/714/700 715/716/702
f 780/780/765 781/781/766 779/778/763
f 777/777/762 780/780/765 779/778/763
f 779/778/763 781/781/766 775/775/760
f 581/582/577 575/575/570 781/781/766
f 780/780/765 581/582/577 781/781/766
f 781/781/766 575/575/570 774/774/759
f 781/781/766 774/774/759 775/775/760
f 782/782/767 581/582/577 780/780/765
f 783/783/768 782/782/767 780/780/765
f 783/783/768 780/780/765 777/777/762
f 784/784/769 786/785/770 783/783/768
f 785/786/771 784/784/769 783/783/768
f 785/786/771 783/783/768 777/777/762
f 786/785/770 782/782/767 783/783/768
f 786/785/770 784/784/769 788/787/772
f 782/782/767 786/785/770 787/788/773
f 787/788/773 786/785/770 788/787/772
f 787/788/773 788/787/772 591/591/586
f 788/787/772 784/784/769 789/789/774
f 788/787/772 789/789/774 593/593/588
f 591/591/586 788/787/772 593/593/588
f 784/784/769 790/790/775 789/789/774
f 789/789/774 790/790/775 791/791/776
f 789/789/774 791/791/776 595/595/590
f 593/593/588 789/789/774 595/595/590
f 790/790/775 792/792/777 791/791/776
f 792/792/777 793/793/778 791/791/776
f 791/791/776 793/793/778 794/794/779
f 791/791/776 794/794/779 595/595/590
f 794/794/779 793/793/778 795/795/780
f 794/794/779 795/795/780 598/598/593
f 595/595/590 794/794/779 596/596/591
f 596/596/591 794/794/779 598/598/593
f 793/793/778 796/796/781 795/795/780
f 795/795/780 796/796/781 797/797/782
f 795/795/780 797/797/782 601/601/595
f 598/598/593 795/795/780 601/601/595
f 796/796/781 798/798/783 797/797/782
f 798/798/783 799/799/784 797/797/782
f 797/797/782 799/799/784 800/800/785
f 797/797/782 800/800/785 601/601/595
f 800/800/785 799/799/784 801/801/786
f 800/800/785 801/801/786 602/602/596
f 601/601/595 800/800/785 602/602/596
f 799/799/784 802/802/787 801/801/786
f 801/801/786 802/802/787 803/803/788
f 801/801/786 803/803/788 606/606/600
f 602/602/596 801/801/786 605/605/599
f 605/605/599 801/801/786 606/606/600
f 802/802/787 804/804/789 803/803/788
f 804/804/789 805/805/790 803/803/788
f 803/803/788 805/805/790 806/806/791
f 803/803/788 806/806/791 606/606/600
f 806/806/791 805/805/790 807/807/792
f 806/806/791 807/807/792 611/611/604
f 606/606/600 806/806/791 609/609/603
f 609/609/603 806/806/791 611/611/604
f 807/807/792 805/805/790 808/808/793
f 807/807/792 808/808/793 613/613/606
f 611/611/604 807/807/792 613/613/606
f 805/805/790 809/809/794 808/808/793
f 809/809/794 810/810/795 808/808/793
f 808/808/793 810/810/795 811/811/796
f 808/808/793 811/811/796 613/613/606
f 810/810/795 812/812/797 811/811/796
f 811/811/796 812/812/797 813/813/798
f 811/811/796 813/813/798 615/615/608
f 613/613/606 811/811/796 615/615/608
f 812/812/797 814/814/799 813/813/798
f 813/813/798 814/814/799 815/815/800
f 813/813/798 815/815/800 617/617/609
f 615/615/608 813/813/798 617/617/609
f 815/815/800 814/814/799 816/816/801
f 815/815/800 816/816/801 618/618/610
f 617/617/609 815/815/800 618/618/610
f 814/814/799 817/817/802 816/816/801
f 816/816/801 817/817/802 818/818/803
f 816/816/801 818/818/803 621/621/613
f 618/618/610 816/816/801 621/621/613
f 817/817/802 819/819/804 818/818/803
f 818/818/803 819/819/804 820/820/805
f 818/818/803 820/820/805 624/624/615
f 621/621/613 818/818/803 622/622/614
f 622/622/614 818/818/803 624/624/615
f 819/819/804 821/821/806 820/820/805
f 820/820/805 821/821/806 822/822/807
f 820/820/805 822/822/807 624/624/615
f 821/821/806 823/823/808 822/822/807
f 822/822/807 823/823/808 824/824/809
f 822/822/807 824/824/809 627/627/618
f 624/624/615 822/822/807 627/627/618
f 823/823/808 825/825/810 824/824/809
f 825/825/810 826/826/811 824/824/809
f 824/824/809 826/826/811 827/827/812
f 824/824/809 827/827/812 630/630/621
f 627/627/618 824/824/809 629/629/620
f 629/629/620 824/824/809 630/630/621
f 826/826/811 828/828/813 827/827/812
f 827/827/812 828/828/813 829/829/814
f 827/827/812 829/829/814 632/632/623
f 630/630/621 827/827/812 632/632/623
f 828/828/813 830/830/815 829/829/814
f 829/829/814 830/830/815 831/831/816
f 829/829/814 831/831/816 635/635/625
f 632/632/623 829/829/814 635/635/625
f 831/831/816 830/830/815 832/832/817
f 831/831/816 832/832/817 637/637/626
f 635/635/625 831/831/816 637/637/626
f 830/830/815 833/833/818 832/832/817
f 833/833/818 834/834/819 832/832/817
f 832/832/817 834/834/819 835/835/820
f 832/832/817 835/835/820 637/637/626
f 834/834/819 836/836/821 835/835/820
f 835/835/820 836/836/821 837/837/822
f 835/835/820 837/837/822 639/639/628
f 637/637/626 835/835/820 639/639/628
f 836/836/821 838/838/823 837/837/822
f 837/837/822 838/838/823 839/839/824
f 837/837/822 839/839/824 640/640/629
f 639/639/628 837/837/822 640/640/629
f 839/839/824 838/838/823 840/840/825
f 839/839/824 840/840/825 645/645/634
f 640/640/629 839/839/824 643/643/632
f 643/643/632 839/839/824 645/645/634
f 838/838/823 841/841/826 840/840/825
f 841/841/826 842/842/827 840/840/825
f 840/840/825 842/842/827 843/843/828
f 840/840/825 843/843/828 647/647/636
f 645/645/634 840/840/825 647/647/636
f 843/843/828 842/842/827 844/844/829
f 843/843/828 844/844/829 649/649/637
f 647/647/636 843/843/828 649/649/637
f 842/842/827 845/845/830 844/844/829
f 844/844/829 845/845/830 846/846/831
f 844/844/829 846/846/831 651/651/639
f 649/649/637 844/844/829 651/651/639
f 845/845/830 847/847/832 846/846/831
f 847/847/832 848/848/833 846/846/831
f 846/846/831 848/848/833 849/849/834
f 846/846/831 849/849/834 651/651/639
f 849/849/834 848/848/833 850/850/835
f 849/849/834 850/850/835 655/655/643
f 651/651/639 849/849/834 653/653/641
f 653/653/641 849/849/834 655/655/643
f 848/848/833 851/851/836 850/850/835
f 851/851/836 852/852/837 850/850/835
f 850/850/835 852/852/837 853/853/838
f 850/850/835 853/853/838 655/655/643
f 852/852/837 854/854/839 853/853/838
f 853/853/838 854/854/839 855/855/840
f 853/853/838 855/855/840 657/657/645
f 655/655/643 853/853/838 657/657/645
f 854/854/839 856/856/841 855/855/840
f 855/855/840 856/856/841 857/857/842
f 855/855/840 857/857/842 658/658/646
f 657/657/645 855/855/840 658/658/646
f 856/856/841 858/858/843 857/857/842
f 857/857/842 858/858/843 859/859/844
f 857/857/842 859/859/844 660/660/648
f 658/658/646 857/857/842 660/660/648
f 858/858/843 860/860/845 859/859/844
f 859/859/844 860/860/845 861/861/846
f 859/859/844 861/861/846 662/662/650
f 660/660/648 859/859/844 662/662/650
f 860/860/845 862/862/653 861/861/846
f 861/861/846 862/862/653 863/863/847
f 861/861/846 863/863/847 666/666/653
f 662/662/650 861/861/846 664/664/651
f 664/664/651 861/861/846 666/666/653
f 863/863/847 862/862/653 864/864/848
f 863/863/847 864/864/848 668/668/655
f 666/666/653 863/863/847 668/668/655
f 862/862/653 865/865/849 864/864/848
f 864/864/848 865/865/849 866/866/850
f 864/864/848 866/866/850 671/671/658
f 668/668/655 864/864/848 671/671/658
f 866/866/850 865/865/849 867/867/851
f 866/866/850 867/867/851 677/677/663
f 671/671/658 866/866/850 673/673/660
f 673/673/660 866/866/850 677/677/663
f 865/865/849 868/868/852 867/867/851
f 867/867/851 868/868/852 869/869/853
f 867/867/851 869/869/853 678/678/664
f 677/677/663 867/867/851 678/678/664
f 869/869/853 868/868/852 870/870/854
f 869/869/853 870/870/854 682/682/668
f 678/678/664 869/869/853 680/680/666
f 680/680/666 869/869/853 682/682/668
f 868/868/852 871/871/855 870/870/854
f 870/870/854 871/871/855 872/872/856
f 870/870/854 872/872/856 684/684/670
f 682/682/668 870/870/854 684/684/670
f 871/871/855 873/873/857 872/872/856
f 872/872/856 873/873/857 874/874/858
f 872/872/856 874/874/858 686/686/672
f 684/684/670 872/872/856 686/686/672
f 874/874/858 873/873/857 875/875/859
f 874/874/858 875/875/859 692/692/678
f 686/686/672 874/874/858 688/688/674
f 688/688/674 874/874/858 692/692/678
f 875/875/859 873/873/857 876/876/860
f 875/875/859 876/876/860 694/694/680
f 692/692/678 875/875/859 694/694/680
f 873/873/857 877/877/861 876/876/860
f 876/876/860 877/877/861 878/878/862
f 876/876/860 878/878/862 697/697/683
f 694/694/680 876/876/860 697/697/683
f 877/877/861 879/879/863 878/878/862
f 878/878/862 879/879/863 880/880/864
f 878/878/862 880/880/864 700/700/686
f 697/697/683 878/878/862 698/698/684
f 698/698/684 878/878/862 700/700/686
f 879/879/863 881/881/865 880/880/864
f 880/880/864 881/881/865 882/882/866
f 880/880/864 882/882/866 700/700/686
f 881/881/865 883/883/867 882/882/866
f 882/882/866 883/883/867 884/884/868
f 882/882/866 884/884/868 705/705/691
f 700/700/686 882/882/866 703/703/689
f 703/703/689 882/882/866 705/705/691
f 884/884/868 883/883/867 885/885/869
f 884/884/868 885/885/869 711/712/698
f 705/705/691 884/884/868 707/707/693
f 707/707/693 884/884/868 711/712/698
f 883/883/867 886/886/870 885/885/869
f 886/886/870 887/887/871 885/885/869
f 885/885/869 887/887/871 888/888/872
f 885/885/869 888/888/872 889/889/873
f 711/712/698 885/885/869 889/889/873
f 711/712/698 889/889/873 712/713/699
f 889/889/873 888/888/872 890/890/874
f 889/889/873 890/890/874 712/713/699
f 888/888/872 891/891/875 890/890/874
f 890/890/874 891/891/875 778/779/764
f 890/890/874 778/779/764 712/713/699
f 892/892/876 893/893/877 891/891/875
f 888/888/872 892/892/876 891/891/875
f 893/893/877 894/894/878 891/891/875
f 891/891/875 894/894/878 777/777/762
f 891/891/875 777/777/762 778/779/764
f 895/895/879 896/896/880 894/894/878
f 893/893/877 895/895/879 894/894/878
f 894/894/878 896/896/880 785/786/771
f 894/894/878 785/786/771 777/777/762
f 896/896/880 897/897/881 792/792/777
f 895/895/879 897/897/881 896/896/880
f 896/896/880 790/790/775 785/786/771
f 790/790/775 896/896/880 792/792/777
f 897/897/881 898/898/882 900/899/883
f 899/900/884 898/898/882 897/897/881
f 899/900/884 897/897/881 895/895/879
f 897/897/881 900/899/883 792/792/777
f 900/899/883 898/898/882 901/901/885
f 900/899/883 901/901/885 796/796/781
f 792/792/777 900/899/883 793/793/778
f 793/793/778 900/899/883 796/796/781
f 898/898/882 902/902/886 901/901/885
f 901/901/885 902/902/886 903/903/887
f 901/901/885 903/903/887 798/798/783
f 796/796/781 901/901/885 798/798/783
f 902/902/886 904/904/888 903/903/887
f 904/904/888 905/905/889 903/903/887
f 903/903/887 905/905/889 906/906/890
f 903/903/887 906/906/890 802/802/787
f 798/798/783 903/903/887 799/799/784
f 799/799/784 903/903/887 802/802/787
f 906/906/890 905/905/889 907/907/891
f 906/906/890 907/907/891 809/809/794
f 802/802/787 906/906/890 804/804/789
f 804/804/789 906/906/890 805/805/790
f 805/805/790 906/906/890 809/809/794
f 905/905/889 908/908/892 907/907/891
f 908/908/892 909/909/893 907/907/891
f 907/907/891 909/909/893 910/910/894
f 907/907/891 910/910/894 809/809/794
f 909/909/893 911/911/895 910/910/894
f 910/910/894 911/911/895 913/912/896
f 910/910/894 912/913/897 809/809/794
f 912/913/897 910/910/894 913/912/896
f 912/913/897 913/912/896 810/810/795
f 913/912/896 911/911/895 914/914/898
f 913/912/896 914/914/898 814/814/799
f 810/810/795 913/912/896 812/812/797
f 812/812/797 913/912/896 814/814/799
f 911/911/895 915/915/899 914/914/898
f 914/914/898 915/915/899 916/916/900
f 914/914/898 916/916/900 817/817/802
f 814/814/799 914/914/898 817/817/802
f 915/915/899 917/917/901 916/916/900
f 916/916/900 917/917/901 918/918/902
f 916/916/900 918/918/902 819/819/804
f 817/817/802 916/916/900 819/819/804
f 917/917/901 919/919/867 918/918/902
f 918/918/902 919/919/867 920/920/903
f 918/918/902 920/920/903 821/821/806
f 819/819/804 918/918/902 821/821/806
f 920/920/903 919/919/867 922/921/904
f 920/920/903 921/922/905 823/823/808
f 921/922/905 920/920/903 922/921/904
f 821/821/806 920/920/903 823/823/808
f 921/922/905 922/921/904 924/923/906
f 922/921/904 919/919/867 923/924/907
f 922/921/904 923/924/907 892/892/876
f 924/923/906 922/921/904 892/892/876
f 925/925/908 921/922/905 924/923/906
f 887/887/871 925/925/908 924/923/906
f 887/887/871 924/923/906 888/888/872
f 924/923/906 892/892/876 888/888/872
f 926/926/909 928/927/910 925/925/908
f 927/928/911 926/926/909 925/925/908
f 927/928/911 925/925/908 887/887/871
f 928/927/910 929/929/912 925/925/908
f 925/925/908 929/929/912 921/922/905
f 929/929/912 928/927/910 930/930/913
f 929/929/912 930/930/913 825/825/810
f 921/922/905 929/929/912 825/825/810
f 928/927/910 931/931/914 930/930/913
f 930/930/913 931/931/914 932/932/915
f 930/930/913 932/932/915 826/826/811
f 825/825/810 930/930/913 826/826/811
f 932/932/915 931/931/914 933/933/916
f 932/932/915 933/933/916 830/830/815
f 826/826/811 932/932/915 828/828/813
f 828/828/813 932/932/915 830/830/815
f 931/931/914 934/934/917 933/933/916
f 933/933/916 934/934/917 935/935/918
f 933/933/916 935/935/918 833/833/818
f 830/830/815 933/933/916 833/833/818
f 934/934/917 936/936/919 935/935/918
f 935/935/918 936/936/919 937/937/920
f 935/935/918 937/937/920 834/834/819
f 833/833/818 935/935/918 834/834/819
f 936/936/919 938/938/921 937/937/920
f 937/937/920 938/938/921 939/939/922
f 937/937/920 939/939/922 847/847/832
f 937/937/920 940/940/923 834/834/819
f 940/940/923 937/937/920 845/845/830
f 845/845/830 937/937/920 847/847/832
f 834/834/819 940/940/923 836/836/821
f 836/836/821 940/940/923 838/838/823
f 838/838/823 940/940/923 841/841/826
f 841/841/826 940/940/923 842/842/827
f 842/842/827 940/940/923 845/845/830
f 938/938/921 941/941/924 939/939/922
f 939/939/922 941/941/924 943/942/925
f 939/939/922 942/943/926 847/847/832
f 942/943/926 939/939/922 943/942/925
f 942/943/926 943/942/925 851/851/836
f 941/941/924 944/944/927 943/942/925
f 943/942/925 944/944/927 945/945/928
f 943/942/925 945/945/928 852/852/837
f 851/851/836 943/942/925 852/852/837
f 944/944/927 946/946/929 945/945/928
f 945/945/928 946/946/929 947/947/930
f 945/945/928 947/947/930 852/852/837
f 947/947/930 946/946/929 949/948/931
f 947/947/930 948/949/932 854/854/839
f 948/949/932 947/947/930 949/948/931
f 852/852/837 947/947/930 854/854/839
f 950/950/933 948/949/932 949/948/931
f 950/950/933 949/948/931 886/886/870
f 949/948/931 946/946/929 927/928/911
f 949/948/931 927/928/911 886/886/870
f 951/951/934 948/949/932 950/950/933
f 952/952/935 951/951/934 950/950/933
f 952/952/935 950/950/933 881/881/865
f 881/881/865 950/950/933 883/883/867
f 883/883/867 950/950/933 886/886/870
f 953/953/936 951/951/934 952/952/935
f 954/954/937 953/953/936 952/952/935
f 954/954/937 952/952/935 879/879/863
f 879/879/863 952/952/935 881/881/865
f 955/955/938 953/953/936 954/954/937
f 955/955/938 954/954/937 871/871/855
f 871/871/855 954/954/937 873/873/857
f 873/873/857 954/954/937 877/877/861
f 877/877/861 954/954/937 879/879/863
f 953/953/936 955/955/938 860/860/845
f 860/860/845 955/955/938 862/862/653
f 862/862/653 955/955/938 865/865/849
f 865/865/849 955/955/938 868/868/852
f 868/868/852 955/955/938 871/871/855
f 951/951/934 953/953/936 858/858/843
f 858/858/843 953/953/936 860/860/845
f 948/949/932 951/951/934 856/856/841
f 856/856/841 951/951/934 858/858/843
f 854/854/839 948/949/932 856/856/841
f 946/946/929 944/944/927 926/926/909
f 946/946/929 926/926/909 927/928/911
f 944/944/927 956/956/939 926/926/909
f 941/941/924 956/956/939 944/944/927
f 956/956/939 931/931/914 928/927/910
f 931/931/914 956/956/939 934/934/917
f 956/956/939 957/957/940 934/934/917
f 957/957/940 956/956/939 941/941/924
f 926/926/909 956/956/939 928/927/910
f 934/934/917 957/957/940 936/936/919
f 936/936/919 957/957/940 938/938/921
f 938/938/921 957/957/940 941/941/924
f 847/847/832 942/943/926 848/848/833
f 848/848/833 942/943/926 851/851/836
f 886/886/870 927/928/911 887/887/871
f 919/919/867 958/958/941 923/924/907
f 923/924/907 958/958/941 959/959/942
f 923/924/907 959/959/942 893/893/877
f 892/892/876 923/924/907 893/893/877
f 958/958/941 960/960/943 959/959/942
f 960/960/943 899/900/884 959/959/942
f 959/959/942 899/900/884 895/895/879
f 959/959/942 895/895/879 893/893/877
f 961/961/944 908/908/892 960/960/943
f 958/958/941 961/961/944 960/960/943
f 908/908/892 962/962/945 960/960/943
f 960/960/943 962/962/945 899/900/884
f 962/962/945 898/898/882 899/900/884
f 898/898/882 962/962/945 902/902/886
f 902/902/886 962/962/945 904/904/888
f 904/904/888 962/962/945 908/908/892
f 908/908/892 961/961/944 909/909/893
f 909/909/893 961/961/944 911/911/895
f 911/911/895 961/961/944 915/915/899
f 915/915/899 961/961/944 917/917/901
f 917/917/901 961/961/944 958/958/941
f 919/919/867 917/917/901 958/958/941
f 823/823/808 921/922/905 825/825/810
f 809/809/794 912/913/897 810/810/795
f 905/905/889 904/904/888 908/908/892
f 790/790/775 784/784/769 785/786/771
f 584/585/580 782/782/767 787/788/773
f 584/585/580 787/788/773 587/588/583
f 587/588/583 787/788/773 591/591/586
f 581/582/577 782/782/767 584/585/580
f 712/713/699 778/779/764 715/716/702
f 575/575/570 576/577/572 774/774/759
f 576/577/572 768/768/753 774/774/759
f 774/774/759 768/768/753 771/771/756
f 768/768/753 576/577/572 764/764/749
f 764/764/749 576/577/572 577/578/573
f 759/759/744 760/761/746 743/743/729
f 743/743/729 760/761/746 745/745/731
f 745/745/731 760/761/746 749/749/734
f 749/749/734 760/761/746 750/750/735
f 740/740/726 759/759/744 743/743/729
f 729/729/715 727/727/713 732/732/718
f 963/963/946 964/964/947 970/965/948
f 964/964/947 963/963/946 965/966/949
f 963/963/946 966/967/950 965/966/949
f 966/967/950 963/963/946 967/968/951
f 967/968/951 963/963/946 968/969/952
f 968/969/952 963/963/946 969/970/953
f 969/970/953 963/963/946 970/965/948
f 969/970/953 970/965/948 972/971/954
f 970/965/948 964/964/947 971/972/955
f 970/965/948 971/972/955 973/973/956
f 972/971/954 970/965/948 973/973/956
f 973/973/956 971/972/955 974/974/957
f 971/972/955 975/975/958 974/974/957
f 974/974/957 975/975/958 976/976/959
f 976/976/959 975/975/958 977/80/960
f 977/80/960 975/975/958 978/78/78
f 978/78/78 975/975/958 979/77/77
f 975/975/958 980/977/961 979/77/77
f 979/77/77 980/977/961 981/74/962
f 980/977/961 982/978/963 981/74/962
f 981/74/962 982/978/963 983/72/964
f 982/978/963 984/979/965 983/72/964
f 983/72/964 984/979/965 985/70/966
f 984/979/965 986/980/967 985/70/966
f 985/70/966 986/980/967 987/68/68
f 986/980/967 988/981/968 987/68/68
f 988/981/968 989/982/969 987/68/68
f 987/68/68 989/982/969 990/66/970
f 990/66/970 989/982/969 991/64/971
f 989/982/969 992/983/972 991/64/971
f 991/64/971 992/983/972 993/63/973
f 992/983/972 994/984/974 993/63/973
f 993/63/973 994/984/974 995/61/975
f 994/984/974 996/985/976 995/61/975
f 996/985/976 997/986/977 995/61/975
f 995/61/975 997/986/977 998/59/59
f 997/986/977 999/987/978 998/59/59
f 998/59/59 999/987/978 1000/53/979
f 1000/53/979 999/987/978 1001/54/980
f 999/987/978 1002/988/981 1001/54/980
f 1002/988/981 1003/989/982 1001/54/980
f 1001/54/980 1003/989/982 1004/56/983
f 1003/989/982 1005/990/984 1004/56/983
f 1004/56/983 1005/990/984 1006/58/985
f 1005/990/984 1007/991/986 1006/58/985
f 1006/58/985 1007/991/986 1008/35/987
f 1008/35/987 1007/991/986 1009/32/32
f 1007/991/986 1010/992/988 1009/32/32
f 1009/32/32 1010/992/988 1011/31/989
f 1010/992/988 1012/993/990 1011/31/989
f 1011/31/989 1012/993/990 1014/994/959
f 1013/30/991 1011/31/989 1014/994/959
f 1014/994/959 1012/993/990 1015/995/992
f 1012/993/990 1016/996/993 1015/995/992
f 1016/996/993 1017/997/994 1015/995/992
f 1015/995/992 1017/997/994 1018/998/995
f 1017/997/994 1019/999/996 1018/998/995
f 1018/998/995 1019/999/996 1020/1000/954
f 1020/1000/954 1019/999/996 1021/1001/997
f 1021/1001/997 1019/999/996 1022/1002/998
f 1019/999/996 1023/1003/999 1022/1002/998
f 1022/1002/998 1023/1003/999 1024/1004/1000
f 1023/1003/999 1025/1005/1001 1024/1004/1000
f 1024/1004/1000 1025/1005/1001 1026/1006/1002
f 1026/1006/1002 1025/1005/1001 1027/1007/1003
f 1025/1005/1001 1028/1008/1004 1027/1007/1003
f 1027/1007/1003 1028/1008/1004 1029/1009/1005
f 1028/1008/1004 1030/1010/1006 1029/1009/1005
f 1029/1009/1005 1030/1010/1006 1031/1011/1007
f 1030/1010/1006 1032/1012/1008 1031/1011/1007
f 1032/1012/1008 1033/1013/1009 1031/1011/1007
f 1031/1011/1007 1033/1013/1009 1034/1014/1010
f 1034/1014/1010 1033/1013/1009 1035/1015/1011
f 1033/1013/1009 1036/1016/1012 1035/1015/1011
f 1036/1016/1012 1037/1017/1013 1035/1015/1011
f 1037/1017/1013 1038/1018/1014 1035/1015/1011
f 1038/1018/1014 1039/1019/1015 1040/1020/1016
f 1037/1017/1013 1039/1019/1015 1038/1018/1014
f 1039/1019/1015 1041/1021/1017 1040/1020/1016
f 1040/1020/1016 1041/1021/1017 1042/1022/1018
f 1041/1021/1017 1043/1023/1019 1042/1022/1018
f 1042/1022/1018 1043/1023/1019 1044/1024/1020
f 1044/1024/1020 1043/1023/1019 1045/1025/1021
f 1043/1023/1019 1046/1026/1022 1045/1025/1021
f 1045/1025/1021 1046/1026/1022 1047/1027/1023
f 1046/1026/1022 1048/1028/1024 1047/1027/1023
f 1048/1028/1024 1049/1029/1025 1047/1027/1023
f 1047/1027/1023 1049/1029/1025 1050/1030/1026
f 1049/1029/1025 967/968/951 1050/1030/1026
f 1050/1030/1026 967/968/951 1051/1031/1027
f 1051/1031/1027 967/968/951 1052/1032/1028
f 967/968/951 968/969/952 1052/1032/1028
f 968/969/952 969/970/953 1052/1032/1028
f 1052/1032/1028 969/970/953 1053/1033/1029
f 1053/1033/1029 969/970/953 1054/1034/1030
f 1054/1034/1030 969/970/953 972/971/954
f 1055/1035/1031 966/967/950 1049/1029/1025
f 1048/1028/1024 1055/1035/1031 1049/1029/1025
f 1049/1029/1025 966/967/950 967/968/951
f 966/967/950 1055/1035/1031 965/966/949
f 965/966/949 1055/1035/1031 1056/1036/1032
f 1055/1035/1031 1057/1037/1033 1056/1036/1032
f 1057/1037/1033 1055/1035/1031 1048/1028/1024
f 1056/1036/1032 1057/1037/1033 1058/1038/1034
f 1058/1038/1034 1057/1037/1033 1059/1039/1035
f 1057/1037/1033 1060/1040/1036 1059/1039/1035
f 1060/1040/1036 1057/1037/1033 1048/1028/1024
f 1060/1040/1036 1061/1041/1037 1059/1039/1035
f 1061/1041/1037 1060/1040/1036 1046/1026/1022
f 1046/1026/1022 1060/1040/1036 1048/1028/1024
f 1059/1039/1035 1061/1041/1037 1062/1042/1038
f 1061/1041/1037 1063/1043/1039 1062/1042/1038
f 1063/1043/1039 1061/1041/1037 1041/1021/1017
f 1041/1021/1017 1061/1041/1037 1043/1023/1019
f 1043/1023/1019 1061/1041/1037 1046/1026/1022
f 1062/1042/1038 1063/1043/1039 1064/1044/1040
f 1064/1044/1040 1063/1043/1039 1065/1045/1041
f 1065/1045/1041 1063/1043/1039 1039/1019/1015
f 1039/1019/1015 1063/1043/1039 1041/1021/1017
f 1066/1046/1042 1064/1044/1040 1065/1045/1041
f 1067/1047/1043 1066/1046/1042 1065/1045/1041
f 1067/1047/1043 1065/1045/1041 1037/1017/1013
f 1065/1045/1041 1039/1019/1015 1037/1017/1013
f 1068/1048/1044 1066/1046/1042 1067/1047/1043
f 1069/1049/1045 1068/1048/1044 1067/1047/1043
f 1069/1049/1045 1067/1047/1043 1036/1016/1012
f 1036/1016/1012 1067/1047/1043 1037/1017/1013
f 1070/1050/1046 1068/1048/1044 1069/1049/1045
f 1071/1051/1047 1070/1050/1046 1069/1049/1045
f 1071/1051/1047 1069/1049/1045 1033/1013/1009
f 1033/1013/1009 1069/1049/1045 1036/1016/1012
f 1072/1052/1048 1074/1053/1049 1071/1051/1047
f 1073/1054/1050 1072/1052/1048 1071/1051/1047
f 1073/1054/1050 1071/1051/1047 1033/1013/1009
f 1074/1053/1049 1070/1050/1046 1071/1051/1047
f 1074/1053/1049 1072/1052/1048 999/987/978
f 1070/1050/1046 1074/1053/1049 999/987/978
f 1075/1055/1051 1072/1052/1048 1073/1054/1050
f 1075/1055/1051 1073/1054/1050 1032/1012/1008
f 1032/1012/1008 1073/1054/1050 1033/1013/1009
f 1076/1056/1052 1072/1052/1048 1075/1055/1051
f 1077/1057/1053 1076/1056/1052 1075/1055/1051
f 1077/1057/1053 1075/1055/1051 1028/1008/1004
f 1028/1008/1004 1075/1055/1051 1030/1010/1006
f 1030/1010/1006 1075/1055/1051 1032/1012/1008
f 1078/1058/1054 1076/1056/1052 1077/1057/1053
f 1079/1059/1055 1078/1058/1054 1077/1057/1053
f 1079/1059/1055 1077/1057/1053 1028/1008/1004
f 1080/1060/1056 1078/1058/1054 1079/1059/1055
f 1081/1061/1057 1080/1060/1056 1079/1059/1055
f 1081/1061/1057 1079/1059/1055 1023/1003/999
f 1023/1003/999 1079/1059/1055 1025/1005/1001
f 1025/1005/1001 1079/1059/1055 1028/1008/1004
f 1082/1062/1058 1080/1060/1056 1081/1061/1057
f 1082/1062/1058 1081/1061/1057 1017/997/994
f 1017/997/994 1081/1061/1057 1023/1003/999
f 1080/1060/1056 1082/1062/1058 1007/991/986
f 1007/991/986 1082/1062/1058 1010/992/988
f 1010/992/988 1082/1062/1058 1016/996/993
f 1016/996/993 1082/1062/1058 1017/997/994
f 1078/1058/1054 1080/1060/1056 1005/990/984
f 1005/990/984 1080/1060/1056 1007/991/986
f 1076/1056/1052 1078/1058/1054 1003/989/982
f 1003/989/982 1078/1058/1054 1005/990/984
f 1072/1052/1048 1076/1056/1052 1002/988/981
f 1002/988/981 1076/1056/1052 1003/989/982
f 999/987/978 1072/1052/1048 1002/988/981
f 1068/1048/1044 1070/1050/1046 997/986/977
f 997/986/977 1070/1050/1046 999/987/978
f 1066/1046/1042 1068/1048/1044 996/985/976
f 996/985/976 1068/1048/1044 997/986/977
f 1064/1044/1040 1066/1046/1042 994/984/974
f 994/984/974 1066/1046/1042 996/985/976
f 1062/1042/1038 1064/1044/1040 989/982/969
f 989/982/969 1064/1044/1040 992/983/972
f 992/983/972 1064/1044/1040 994/984/974
f 1059/1039/1035 1062/1042/1038 988/981/968
f 988/981/968 1062/1042/1038 989/982/969
f 1058/1038/1034 1059/1039/1035 988/981/968
f 1056/1036/1032 1058/1038/1034 986/980/967
f 986/980/967 1058/1038/1034 988/981/968
f 965/966/949 1056/1036/1032 984/979/965
f 984/979/965 1056/1036/1032 986/980/967
f 1019/999/996 1017/997/994 1023/1003/999
f 1012/993/990 1010/992/988 1016/996/993
f 982/978/963 965/966/949 984/979/965
f 964/964/947 965/966/949 982/978/963
f 980/977/961 964/964/947 982/978/963
f 971/972/955 964/964/947 980/977/961
f 975/975/958 971/972/955 980/977/961
f 1083/1063/1059 1084/1064/1060 1088/1065/1061
f 1084/1064/1060 1083/1063/1059 1085/1066/1062
f 1083/1063/1059 1086/1067/1063 1085/1066/1062
f 1086/1067/1063 1083/1063/1059 1087/1068/1064
f 1087/1068/1064 1083/1063/1059 1088/1065/1061
f 1087/1068/1064 1088/1065/1061 1090/1069/1065
f 1088/1065/1061 1084/1064/1060 1089/1070/1066
f 1088/1065/1061 1089/1070/1066 1091/1071/1067
f 1090/1069/1065 1088/1065/1061 1091/1071/1067
f 1090/1069/1065 1091/1071/1067 1093/1072/1068
f 1091/1071/1067 1089/1070/1066 1092/1073/1069
f 1091/1071/1067 1092/1073/1069 1094/1074/1070
f 1093/1072/1068 1091/1071/1067 1094/1074/1070
f 1093/1072/1068 1094/1074/1070 1097/1024/1071
f 1092/1073/1069 1095/1075/1072 1094/1074/1070
f 1094/1074/1070 1095/1075/1072 1096/1076/1073
f 1094/1074/1070 1096/1076/1073 1097/1024/1071
f 1098/1025/1074 1093/1072/1068 1097/1024/1071
f 1097/1024/1071 1096/1076/1073 1099/1022/1075
f 1099/1022/1075 1096/1076/1073 1100/1020/1076
f 1096/1076/1073 1101/1077/1077 1100/1020/1076
f 1101/1077/1077 1102/1078/1078 1100/1020/1076
f 1100/1020/1076 1102/1078/1078 1103/1018/1079
f 1102/1078/1078 1104/1079/1080 1103/1018/1079
f 1103/1018/1079 1104/1079/1080 1105/1015/1011
f 1105/1015/1011 1104/1079/1080 1106/1014/1081
f 1104/1079/1080 1107/1080/1082 1106/1014/1081
f 1106/1014/1081 1107/1080/1082 1108/1011/1083
f 1107/1080/1082 1109/1081/1084 1108/1011/1083
f 1108/1011/1083 1109/1081/1084 1110/1009/1085
f 1109/1081/1084 1111/1082/1086 1110/1009/1085
f 1110/1009/1085 1111/1082/1086 1112/1007/1087
f 1111/1082/1086 1113/1083/1088 1112/1007/1087
f 1112/1007/1087 1113/1083/1088 1114/1006/1089
f 1113/1083/1088 1115/1084/1090 1114/1006/1089
f 1114/1006/1089 1115/1084/1090 1116/1004/1091
f 1115/1084/1090 1117/1085/1092 1116/1004/1091
f 1116/1004/1091 1117/1085/1092 1118/1002/998
f 1117/1085/1092 1119/1086/1093 1118/1002/998
f 1118/1002/998 1119/1086/1093 1120/1001/1094
f 1120/1001/1094 1119/1086/1093 1121/1087/1095
f 1119/1086/1093 1122/1088/1096 1121/1087/1095
f 1121/1087/1095 1122/1088/1096 1123/1089/1097
f 1122/1088/1096 1124/1090/1098 1123/1089/1097
f 1123/1089/1097 1124/1090/1098 1125/1091/1099
f 1124/1090/1098 1126/1092/1100 1125/1091/1099
f 1125/1091/1099 1126/1092/1100 1127/1093/1101
f 1126/1092/1100 1128/1094/1102 1127/1093/1101
f 1127/1093/1101 1128/1094/1102 1129/1095/1103
f 1128/1094/1102 1130/1096/1104 1129/1095/1103
f 1129/1095/1103 1130/1096/1104 1131/1097/1105
f 1131/1097/1105 1130/1096/1104 1132/1098/1106
f 1130/1096/1104 1133/1099/1107 1132/1098/1106
f 1132/1098/1106 1133/1099/1107 1134/1100/1108
f 1133/1099/1107 1135/1101/1109 1134/1100/1108
f 1134/1100/1108 1135/1101/1109 1136/1102/1110
f 1135/1101/1109 1137/1103/1111 1136/1102/1110
f 1136/1102/1110 1137/1103/1111 1139/1104/1112
f 1138/1105/676 1136/1102/1110 1139/1104/1112
f 1139/1104/1112 1137/1103/1111 1140/1106/1113
f 1137/1103/1111 1141/1107/1114 1140/1106/1113
f 1141/1107/1114 1142/1108/1115 1140/1106/1113
f 1140/1106/1113 1142/1108/1115 1143/1109/1116
f 1142/1108/1115 1144/1110/1117 1143/1109/1116
f 1143/1109/1116 1144/1110/1117 1145/1111/1118
f 1144/1110/1117 1146/1112/1119 1145/1111/1118
f 1145/1111/1118 1146/1112/1119 1147/1113/1120
f 1147/1113/1120 1146/1112/1119 1149/1114/1121
f 1148/1115/1122 1147/1113/1120 1149/1114/1121
f 1150/1116/1123 1148/1115/1122 1149/1114/1121
f 1150/1116/1123 1149/1114/1121 1152/1117/1124
f 1149/1114/1121 1146/1112/1119 1151/1118/1125
f 1149/1114/1121 1151/1118/1125 1153/1119/1126
f 1152/1117/1124 1149/1114/1121 1153/1119/1126
f 1152/1117/1124 1153/1119/1126 1155/1120/1127
f 1153/1119/1126 1151/1118/1125 1154/1121/1128
f 1153/1119/1126 1154/1121/1128 1156/1122/1129
f 1155/1120/1127 1153/1119/1126 1156/1122/1129
f 1156/1122/1129 1159/1123/1130 1155/1120/1127
f 1154/1121/1128 1157/1124/1131 1156/1122/1129
f 1157/1124/1131 1158/1125/1132 1156/1122/1129
f 1156/1122/1129 1158/1125/1132 1159/1123/1130
f 1158/1125/1132 1160/1126/1133 1159/1123/1130
f 1160/1126/1133 1161/1127/1134 1159/1123/1130
f 1161/1127/1134 1162/1128/1135 1159/1123/1130
f 1162/1128/1135 1163/1129/1136 1159/1123/1130
f 1163/1129/1136 1155/1120/1127 1159/1123/1130
f 1164/1130/1137 1165/1131/1138 1163/1129/1136
f 1162/1128/1135 1164/1130/1137 1163/1129/1136
f 1163/1129/1136 1165/1131/1138 1155/1120/1127
f 1166/1132/1139 1150/1116/1123 1165/1131/1138
f 1164/1130/1137 1166/1132/1139 1165/1131/1138
f 1165/1131/1138 1150/1116/1123 1152/1117/1124
f 1165/1131/1138 1152/1117/1124 1155/1120/1127
f 1167/1133/1140 1166/1132/1139 1164/1130/1137
f 1168/1134/1141 1167/1133/1140 1169/1135/1142
f 1169/1135/1142 1167/1133/1140 1164/1130/1137
f 1170/1136/690 1168/1134/1141 1169/1135/1142
f 1171/1137/1143 1170/1136/690 1169/1135/1142
f 1171/1137/1143 1169/1135/1142 1162/1128/1135
f 1169/1135/1142 1164/1130/1137 1162/1128/1135
f 1172/1138/1144 1174/1139/1145 1171/1137/1143
f 1173/1140/1146 1172/1138/1144 1171/1137/1143
f 1173/1140/1146 1171/1137/1143 1162/1128/1135
f 1174/1139/1145 1175/1141/1147 1171/1137/1143
f 1175/1141/1147 1170/1136/690 1171/1137/1143
f 1175/1141/1147 1176/1142/1148 1177/1143/1149
f 1174/1139/1145 1176/1142/1148 1175/1141/1147
f 1176/1142/1148 1178/1144/1150 1177/1143/1149
f 1177/1143/1149 1178/1144/1150 1179/1145/1151
f 1178/1144/1150 1180/1146/1152 1179/1145/1151
f 1179/1145/1151 1180/1146/1152 1181/1147/1153
f 1180/1146/1152 1182/1148/1154 1181/1147/1153
f 1181/1147/1153 1182/1148/1154 1183/1149/1155
f 1183/1149/1155 1182/1148/1154 1184/1150/1156
f 1182/1148/1154 1185/1151/1157 1184/1150/1156
f 1185/1151/1157 1186/1152/1158 1184/1150/1156
f 1184/1150/1156 1186/1152/1158 1187/1153/1159
f 1187/1153/1159 1186/1152/1158 1189/1154/1160
f 1188/1155/1161 1187/1153/1159 1189/1154/1160
f 1186/1152/1158 1190/1156/1162 1189/1154/1160
f 1189/1154/1160 1190/1156/1162 1191/1157/1163
f 1191/1157/1163 1190/1156/1162 1192/1158/1164
f 1190/1156/1162 1193/1159/1165 1192/1158/1164
f 1192/1158/1164 1193/1159/1165 1194/1160/1166
f 1193/1159/1165 1195/1161/1167 1194/1160/1166
f 1194/1160/1166 1195/1161/1167 1196/1162/1168
f 1195/1161/1167 1197/1163/1169 1196/1162/1168
f 1197/1163/1169 1198/1164/1170 1196/1162/1168
f 1196/1162/1168 1198/1164/1170 1199/1165/1171
f 1198/1164/1170 1200/1166/1172 1199/1165/1171
f 1199/1165/1171 1200/1166/1172 1201/1167/1173
f 1200/1166/1172 1202/1168/1174 1201/1167/1173
f 1201/1167/1173 1202/1168/1174 1203/1169/1175
f 1202/1168/1174 1204/1170/1176 1203/1169/1175
f 1203/1169/1175 1204/1170/1176 1205/1171/1177
f 1205/1171/1177 1204/1170/1176 1206/1034/1094
f 1206/1034/1094 1204/1170/1176 1207/1033/1178
f 1204/1170/1176 1208/1172/1179 1207/1033/1178
f 1207/1033/1178 1208/1172/1179 1209/1032/1180
f 1209/1032/1180 1208/1172/1179 1210/1031/1181
f 1208/1172/1179 1211/1173/1182 1210/1031/1181
f 1211/1173/1182 1212/1174/1183 1210/1031/1181
f 1210/1031/1181 1212/1174/1183 1213/1030/1184
f 1212/1174/1183 1214/1175/1185 1213/1030/1184
f 1213/1030/1184 1214/1175/1185 1215/1027/1186
f 1215/1027/1186 1214/1175/1185 1098/1025/1074
f 1216/1176/1187 1090/1069/1065 1214/1175/1185
f 1212/1174/1183 1216/1176/1187 1214/1175/1185
f 1214/1175/1185 1090/1069/1065 1093/1072/1068
f 1214/1175/1185 1093/1072/1068 1098/1025/1074
f 1217/1177/1188 1087/1068/1064 1216/1176/1187
f 1218/1178/1189 1217/1177/1188 1216/1176/1187
f 1218/1178/1189 1216/1176/1187 1211/1173/1182
f 1216/1176/1187 1087/1068/1064 1090/1069/1065
f 1211/1173/1182 1216/1176/1187 1212/1174/1183
f 1219/1179/1190 1217/1177/1188 1218/1178/1189
f 1220/1180/1191 1219/1179/1190 1218/1178/1189
f 1220/1180/1191 1218/1178/1189 1208/1172/1179
f 1208/1172/1179 1218/1178/1189 1211/1173/1182
f 1221/1181/1192 1219/1179/1190 1220/1180/1191
f 1221/1181/1192 1220/1180/1191 1202/1168/1174
f 1202/1168/1174 1220/1180/1191 1204/1170/1176
f 1204/1170/1176 1220/1180/1191 1208/1172/1179
f 1222/1182/1193 1219/1179/1190 1221/1181/1192
f 1223/1183/1194 1222/1182/1193 1221/1181/1192
f 1223/1183/1194 1221/1181/1192 1200/1166/1172
f 1200/1166/1172 1221/1181/1192 1202/1168/1174
f 1224/1184/1195 1222/1182/1193 1223/1183/1194
f 1225/1185/1196 1224/1184/1195 1223/1183/1194
f 1225/1185/1196 1223/1183/1194 1198/1164/1170
f 1198/1164/1170 1223/1183/1194 1200/1166/1172
f 1226/1186/1197 1224/1184/1195 1225/1185/1196
f 1227/1187/1198 1226/1186/1197 1225/1185/1196
f 1227/1187/1198 1225/1185/1196 1197/1163/1169
f 1197/1163/1169 1225/1185/1196 1198/1164/1170
f 1228/1188/1199 1226/1186/1197 1227/1187/1198
f 1228/1188/1199 1227/1187/1198 1195/1161/1167
f 1195/1161/1167 1227/1187/1198 1197/1163/1169
f 1229/1189/1200 1226/1186/1197 1228/1188/1199
f 1230/1190/1201 1229/1189/1200 1228/1188/1199
f 1230/1190/1201 1228/1188/1199 1190/1156/1162
f 1190/1156/1162 1228/1188/1199 1193/1159/1165
f 1193/1159/1165 1228/1188/1199 1195/1161/1167
f 1231/1191/1202 1229/1189/1200 1230/1190/1201
f 1231/1191/1202 1230/1190/1201 1185/1151/1157
f 1185/1151/1157 1230/1190/1201 1190/1156/1162
f 1232/1192/1203 1229/1189/1200 1231/1191/1202
f 1233/1193/1204 1232/1192/1203 1231/1191/1202
f 1233/1193/1204 1231/1191/1202 1182/1148/1154
f 1182/1148/1154 1231/1191/1202 1185/1151/1157
f 1234/1194/1205 1232/1192/1203 1233/1193/1204
f 1235/1195/1206 1234/1194/1205 1233/1193/1204
f 1235/1195/1206 1233/1193/1204 1180/1146/1152
f 1180/1146/1152 1233/1193/1204 1182/1148/1154
f 1234/1194/1205 1235/1195/1206 1236/1196/1207
f 1236/1196/1207 1235/1195/1206 1176/1142/1148
f 1176/1142/1148 1235/1195/1206 1178/1144/1150
f 1178/1144/1150 1235/1195/1206 1180/1146/1152
f 1237/1197/1208 1234/1194/1205 1236/1196/1207
f 1237/1197/1208 1236/1196/1207 1238/1198/1209
f 1236/1196/1207 1176/1142/1148 1172/1138/1144
f 1238/1198/1209 1236/1196/1207 1172/1138/1144
f 1239/1199/1210 1237/1197/1208 1238/1198/1209
f 1240/1200/1211 1239/1199/1210 1238/1198/1209
f 1240/1200/1211 1238/1198/1209 1241/1201/1146
f 1238/1198/1209 1172/1138/1144 1241/1201/1146
f 1242/1202/1212 1240/1200/1211 1241/1201/1146
f 1242/1202/1212 1241/1201/1146 1161/1127/1134
f 1241/1201/1146 1172/1138/1144 1173/1140/1146
f 1241/1201/1146 1173/1140/1146 1161/1127/1134
f 1243/1203/1213 1240/1200/1211 1242/1202/1212
f 1244/1204/1130 1243/1203/1213 1242/1202/1212
f 1244/1204/1130 1242/1202/1212 1160/1126/1133
f 1160/1126/1133 1242/1202/1212 1161/1127/1134
f 1245/1205/1214 1247/1206/1215 1244/1204/1130
f 1246/1207/1216 1245/1205/1214 1244/1204/1130
f 1246/1207/1216 1244/1204/1130 1160/1126/1133
f 1247/1206/1215 1243/1203/1213 1244/1204/1130
f 1248/1208/1217 1249/1209/1218 1247/1206/1215
f 1245/1205/1214 1248/1208/1217 1247/1206/1215
f 1249/1209/1218 1250/1210/1219 1247/1206/1215
f 1247/1206/1215 1250/1210/1219 1243/1203/1213
f 1251/1211/1220 1252/1212/1221 1250/1210/1219
f 1249/1209/1218 1251/1211/1220 1250/1210/1219
f 1250/1210/1219 1252/1212/1221 1253/1213/1222
f 1250/1210/1219 1253/1213/1222 1243/1203/1213
f 1252/1212/1221 1254/1214/1223 1253/1213/1222
f 1253/1213/1222 1254/1214/1223 1239/1199/1210
f 1253/1213/1222 1239/1199/1210 1240/1200/1211
f 1243/1203/1213 1253/1213/1222 1240/1200/1211
f 1084/1064/1060 1085/1066/1062 1254/1214/1223
f 1252/1212/1221 1084/1064/1060 1254/1214/1223
f 1254/1214/1223 1085/1066/1062 1255/1215/1208
f 1254/1214/1223 1255/1215/1208 1239/1199/1210
f 1085/1066/1062 1256/1216/1224 1255/1215/1208
f 1255/1215/1208 1256/1216/1224 1257/1217/1225
f 1255/1215/1208 1257/1217/1225 1237/1197/1208
f 1239/1199/1210 1255/1215/1208 1237/1197/1208
f 1256/1216/1224 1258/1218/1226 1257/1217/1225
f 1258/1218/1226 1259/1219/1227 1257/1217/1225
f 1259/1219/1227 1232/1192/1203 1257/1217/1225
f 1257/1217/1225 1232/1192/1203 1234/1194/1205
f 1257/1217/1225 1234/1194/1205 1237/1197/1208
f 1232/1192/1203 1259/1219/1227 1229/1189/1200
f 1229/1189/1200 1259/1219/1227 1226/1186/1197
f 1226/1186/1197 1259/1219/1227 1224/1184/1195
f 1259/1219/1227 1258/1218/1226 1224/1184/1195
f 1258/1218/1226 1260/1220/1228 1222/1182/1193
f 1256/1216/1224 1260/1220/1228 1258/1218/1226
f 1224/1184/1195 1258/1218/1226 1222/1182/1193
f 1260/1220/1228 1086/1067/1063 1217/1177/1188
f 1086/1067/1063 1260/1220/1228 1256/1216/1224
f 1222/1182/1193 1260/1220/1228 1219/1179/1190
f 1219/1179/1190 1260/1220/1228 1217/1177/1188
f 1085/1066/1062 1086/1067/1063 1256/1216/1224
f 1261/1221/1229 1084/1064/1060 1252/1212/1221
f 1251/1211/1220 1261/1221/1229 1252/1212/1221
f 1089/1070/1066 1084/1064/1060 1261/1221/1229
f 1089/1070/1066 1261/1221/1229 1095/1075/1072
f 1261/1221/1229 1251/1211/1220 1095/1075/1072
f 1095/1075/1072 1251/1211/1220 1262/1222/1230
f 1262/1222/1230 1251/1211/1220 1249/1209/1218
f 1095/1075/1072 1262/1222/1230 1101/1077/1077
f 1262/1222/1230 1263/1223/1231 1102/1078/1078
f 1263/1223/1231 1262/1222/1230 1249/1209/1218
f 1101/1077/1077 1262/1222/1230 1102/1078/1078
f 1263/1223/1231 1264/1224/1232 1104/1079/1080
f 1264/1224/1232 1263/1223/1231 1248/1208/1217
f 1248/1208/1217 1263/1223/1231 1249/1209/1218
f 1102/1078/1078 1263/1223/1231 1104/1079/1080
f 1264/1224/1232 1265/1225/1233 1107/1080/1082
f 1265/1225/1233 1264/1224/1232 1266/1226/1234
f 1266/1226/1234 1264/1224/1232 1248/1208/1217
f 1104/1079/1080 1264/1224/1232 1107/1080/1082
f 1267/1227/1235 1265/1225/1233 1266/1226/1234
f 1268/1228/1236 1267/1227/1235 1266/1226/1234
f 1268/1228/1236 1266/1226/1234 1269/1229/1237
f 1266/1226/1234 1248/1208/1217 1245/1205/1214
f 1269/1229/1237 1266/1226/1234 1245/1205/1214
f 1270/1230/1238 1268/1228/1236 1269/1229/1237
f 1270/1230/1238 1269/1229/1237 1271/1231/1239
f 1269/1229/1237 1245/1205/1214 1246/1207/1216
f 1271/1231/1239 1269/1229/1237 1246/1207/1216
f 1272/1232/1240 1270/1230/1238 1271/1231/1239
f 1272/1232/1240 1271/1231/1239 1157/1124/1131
f 1271/1231/1239 1246/1207/1216 1158/1125/1132
f 1157/1124/1131 1271/1231/1239 1158/1125/1132
f 1273/1233/1241 1275/1234/1242 1272/1232/1240
f 1274/1235/1243 1273/1233/1241 1272/1232/1240
f 1274/1235/1243 1272/1232/1240 1157/1124/1131
f 1275/1234/1242 1270/1230/1238 1272/1232/1240
f 1276/1236/1244 1277/1237/1245 1275/1234/1242
f 1273/1233/1241 1276/1236/1244 1275/1234/1242
f 1277/1237/1245 1278/1238/1246 1275/1234/1242
f 1275/1234/1242 1278/1238/1246 1270/1230/1238
f 1279/1239/1247 1280/1240/1248 1278/1238/1246
f 1277/1237/1245 1279/1239/1247 1278/1238/1246
f 1280/1240/1248 1281/1241/1249 1278/1238/1246
f 1278/1238/1246 1281/1241/1249 1268/1228/1236
f 1278/1238/1246 1268/1228/1236 1270/1230/1238
f 1281/1241/1249 1280/1240/1248 1113/1083/1088
f 1281/1241/1249 1267/1227/1235 1268/1228/1236
f 1267/1227/1235 1281/1241/1249 1111/1082/1086
f 1111/1082/1086 1281/1241/1249 1113/1083/1088
f 1280/1240/1248 1279/1239/1247 1282/1242/1250
f 1280/1240/1248 1282/1242/1250 1115/1084/1090
f 1113/1083/1088 1280/1240/1248 1115/1084/1090
f 1279/1239/1247 1283/1243/1251 1282/1242/1250
f 1282/1242/1250 1283/1243/1251 1284/1244/1252
f 1282/1242/1250 1284/1244/1252 1115/1084/1090
f 1284/1244/1252 1283/1243/1251 1285/1245/1253
f 1284/1244/1252 1285/1245/1253 1122/1088/1096
f 1115/1084/1090 1284/1244/1252 1117/1085/1092
f 1117/1085/1092 1284/1244/1252 1119/1086/1093
f 1119/1086/1093 1284/1244/1252 1122/1088/1096
f 1283/1243/1251 1286/1246/1254 1285/1245/1253
f 1285/1245/1253 1286/1246/1254 1287/1247/1255
f 1285/1245/1253 1287/1247/1255 1124/1090/1098
f 1122/1088/1096 1285/1245/1253 1124/1090/1098
f 1286/1246/1254 1288/1248/1256 1287/1247/1255
f 1287/1247/1255 1288/1248/1256 1289/1249/1257
f 1287/1247/1255 1289/1249/1257 1126/1092/1100
f 1124/1090/1098 1287/1247/1255 1126/1092/1100
f 1289/1249/1257 1288/1248/1256 1290/1250/1258
f 1289/1249/1257 1290/1250/1258 1128/1094/1102
f 1126/1092/1100 1289/1249/1257 1128/1094/1102
f 1288/1248/1256 1291/1251/1259 1290/1250/1258
f 1291/1251/1259 1292/1252/1260 1290/1250/1258
f 1290/1250/1258 1292/1252/1260 1293/1253/1261
f 1290/1250/1258 1293/1253/1261 1130/1096/1104
f 1128/1094/1102 1290/1250/1258 1130/1096/1104
f 1293/1253/1261 1292/1252/1260 1295/1254/1262
f 1293/1253/1261 1294/1255/1263 1133/1099/1107
f 1294/1255/1263 1293/1253/1261 1295/1254/1262
f 1130/1096/1104 1293/1253/1261 1133/1099/1107
f 1294/1255/1263 1295/1254/1262 1141/1107/1114
f 1295/1254/1262 1292/1252/1260 1297/1256/1264
f 1295/1254/1262 1296/1257/1265 1142/1108/1115
f 1296/1257/1265 1295/1254/1262 1297/1256/1264
f 1141/1107/1114 1295/1254/1262 1142/1108/1115
f 1296/1257/1265 1297/1256/1264 1299/1258/1266
f 1297/1256/1264 1292/1252/1260 1298/1259/1244
f 1297/1256/1264 1298/1259/1244 1300/1260/1267
f 1299/1258/1266 1297/1256/1264 1300/1260/1267
f 1299/1258/1266 1300/1260/1267 1274/1235/1243
f 1300/1260/1267 1298/1259/1244 1273/1233/1241
f 1300/1260/1267 1273/1233/1241 1274/1235/1243
f 1301/1261/1268 1296/1257/1265 1299/1258/1266
f 1301/1261/1268 1299/1258/1266 1302/1262/1269
f 1302/1262/1269 1299/1258/1266 1274/1235/1243
f 1151/1118/1125 1301/1261/1268 1302/1262/1269
f 1151/1118/1125 1302/1262/1269 1154/1121/1128
f 1302/1262/1269 1274/1235/1243 1154/1121/1128
f 1144/1110/1117 1296/1257/1265 1301/1261/1268
f 1146/1112/1119 1144/1110/1117 1301/1261/1268
f 1146/1112/1119 1301/1261/1268 1151/1118/1125
f 1292/1252/1260 1291/1251/1259 1298/1259/1244
f 1298/1259/1244 1291/1251/1259 1276/1236/1244
f 1298/1259/1244 1276/1236/1244 1273/1233/1241
f 1142/1108/1115 1296/1257/1265 1144/1110/1117
f 1133/1099/1107 1294/1255/1263 1135/1101/1109
f 1135/1101/1109 1294/1255/1263 1137/1103/1111
f 1137/1103/1111 1294/1255/1263 1141/1107/1114
f 1291/1251/1259 1288/1248/1256 1276/1236/1244
f 1288/1248/1256 1286/1246/1254 1277/1237/1245
f 1276/1236/1244 1288/1248/1256 1277/1237/1245
f 1286/1246/1254 1283/1243/1251 1279/1239/1247
f 1286/1246/1254 1279/1239/1247 1277/1237/1245
f 1154/1121/1128 1274/1235/1243 1157/1124/1131
f 1265/1225/1233 1267/1227/1235 1107/1080/1082
f 1107/1080/1082 1267/1227/1235 1109/1081/1084
f 1109/1081/1084 1267/1227/1235 1111/1082/1086
f 1158/1125/1132 1246/1207/1216 1160/1126/1133
f 1217/1177/1188 1086/1067/1063 1087/1068/1064
f 1186/1152/1158 1185/1151/1157 1190/1156/1162
f 1172/1138/1144 1176/1142/1148 1174/1139/1145
f 1161/1127/1134 1173/1140/1146 1162/1128/1135
f 1096/1076/1073 1095/1075/1072 1101/1077/1077
f 1092/1073/1069 1089/1070/1066 1095/1075/1072
