# Blender 5.0.1
# www.blender.org
mtllib mdlPieIzquierdoC.mtl
o mdlChicaPiernaIzquierda
v 1.863762 2.835186 -16.071350
v 1.876221 2.731360 -16.073425
v 1.890757 2.731360 -16.135721
v 1.888680 2.835186 -16.141951
v 1.884527 2.930706 -16.139874
v 1.857533 2.932782 -16.069273
v 1.861686 2.837263 -15.992442
v 1.882451 2.735514 -16.004900
v 1.971741 2.631688 -15.963370
v 1.915675 2.633765 -16.025665
v 1.938517 2.731361 -15.932223
v 1.917752 2.839339 -15.903152
v 2.013271 2.739667 -15.892769
v 1.996659 2.849722 -15.861622
v 1.903216 2.939012 -15.890693
v 1.988353 2.955624 -15.842933
v 2.085949 2.750049 -15.880310
v 2.079720 2.862181 -15.847086
v 2.079720 2.976389 -15.828398
v 2.150321 2.758355 -15.888617
v 2.152397 2.872563 -15.855392
v 2.158627 2.993001 -15.838780
v 2.204310 2.766661 -15.909381
v 2.218846 2.885022 -15.878234
v 2.227152 3.007536 -15.865775
v 2.245840 2.772891 -15.938453
v 2.270758 2.897481 -15.913534
v 2.281141 3.024148 -15.907305
v 2.279065 2.779120 -15.977906
v 2.308136 2.912017 -15.961294
v 2.297753 2.785350 -16.023590
v 2.328901 2.928629 -16.015284
v 2.314365 3.040761 -15.959218
v 2.330977 3.059449 -16.013206
v 2.320595 3.167428 -15.961294
v 2.293600 3.152892 -15.909382
v 2.287371 3.235953 -15.932223
v 2.239611 3.235953 -15.874081
v 2.243764 3.138357 -15.859545
v 2.177315 3.223494 -15.836703
v 2.173162 3.121745 -15.824244
v 2.102561 3.202729 -15.813862
v 2.085949 3.098903 -15.809709
v 1.986276 3.161198 -15.820091
v 1.986276 3.061526 -15.822168
v 1.903216 3.125898 -15.861622
v 1.896986 3.036608 -15.872005
v 1.855456 3.084368 -15.984136
v 1.855456 3.028302 -15.984136
v 1.859609 3.022072 -16.067196
v 1.855456 2.939012 -15.988289
v 1.888680 3.017919 -16.137798
v 1.867915 3.069832 -16.085884
v 1.888680 3.069832 -16.137798
v 1.907369 3.100979 -16.129492
v 1.888680 3.103056 -16.083809
v 1.876221 3.117592 -15.990365
v 1.913599 3.115515 -16.077579
v 1.905293 3.127974 -15.996594
v 1.942670 3.161198 -15.896922
v 1.921905 3.152892 -15.876157
v 1.996659 3.188193 -15.838780
v 2.011195 3.192346 -15.863698
v 2.104638 3.227647 -15.861622
v 2.104638 3.223494 -15.836703
v 2.171086 3.242182 -15.857469
v 2.164856 3.244259 -15.880310
v 2.227152 3.252565 -15.892770
v 2.212616 3.254641 -15.909382
v 2.270758 3.252565 -15.944682
v 2.287371 3.250488 -15.984136
v 2.306059 3.233876 -15.975830
v 2.252070 3.252565 -15.957141
v 2.266605 3.250488 -15.990365
v 2.274911 3.248412 -16.019436
v 2.295677 3.248412 -16.015284
v 2.279065 3.246335 -16.063044
v 2.299829 3.246335 -16.065121
v 2.289447 3.244259 -16.100420
v 2.268682 3.244259 -16.094191
v 2.262452 3.235953 -16.146103
v 2.243764 3.235953 -16.135721
v 2.212616 3.217264 -16.193863
v 2.200157 3.221417 -16.177252
v 2.150321 3.196499 -16.220858
v 2.146168 3.202729 -16.200092
v 2.079720 3.177810 -16.206322
v 2.075567 3.169504 -16.227087
v 2.031960 3.152892 -16.193863
v 2.019501 3.144586 -16.212551
v 2.073490 3.146663 -16.243700
v 2.013271 3.117591 -16.229164
v 2.083873 3.063602 -16.254082
v 2.017424 3.038684 -16.239546
v 2.083873 2.972236 -16.262388
v 2.019501 2.955624 -16.252007
v 2.081796 2.874640 -16.272770
v 2.015348 2.862181 -16.262388
v 2.075567 2.772891 -16.274847
v 2.011195 2.764585 -16.262388
v 2.056878 2.673218 -16.258236
v 2.007042 2.666989 -16.247852
v 2.015348 2.644147 -16.233316
v 2.061031 2.650377 -16.243700
v 2.029883 2.642071 -16.206322
v 2.067261 2.646224 -16.214628
v 2.139938 2.654530 -16.225012
v 2.133709 2.650377 -16.200092
v 2.187698 2.652453 -16.195940
v 2.171086 2.648300 -16.175175
v 2.220922 2.637918 -16.150257
v 2.200157 2.635841 -16.139874
v 2.212616 2.627535 -16.108727
v 2.237534 2.629611 -16.114956
v 2.235458 2.621305 -16.073425
v 2.212616 2.621305 -16.073425
v 2.208463 2.625458 -16.046431
v 2.198081 2.629611 -16.021513
v 2.231305 2.625458 -16.040201
v 2.249993 2.642071 -16.071348
v 2.218846 2.629611 -16.009054
v 2.245840 2.646224 -16.036049
v 2.310212 2.791579 -16.071350
v 2.231305 2.650377 -16.002825
v 2.200157 2.627535 -15.984136
v 2.210540 2.650377 -15.973753
v 2.189775 2.652453 -15.957141
v 2.150321 2.652453 -15.932223
v 2.181468 2.629611 -15.969600
v 2.144091 2.629611 -15.946758
v 2.181468 2.627535 -16.000748
v 2.166933 2.629611 -15.988289
v 2.135785 2.629611 -15.969600
v 2.102561 2.625458 -15.961294
v 2.102561 2.625458 -15.936376
v 2.054801 2.621305 -15.969600
v 2.046495 2.619229 -15.944682
v 2.002889 2.615076 -15.994518
v 1.984200 2.610923 -15.975829
v 1.961358 2.615076 -16.040201
v 1.932287 2.612999 -16.031895
v 1.950976 2.612999 -16.081732
v 1.921905 2.608846 -16.081732
v 1.955129 2.612999 -16.121185
v 1.928134 2.608846 -16.129492
v 1.969664 2.621305 -16.154409
v 1.942670 2.621305 -16.168945
v 1.973817 2.631688 -16.208399
v 1.994583 2.631688 -16.187634
v 2.029883 2.642071 -16.206322
v 2.015348 2.644147 -16.233316
v 2.007042 2.666989 -16.247852
v 1.961358 2.654530 -16.220858
v 1.959282 2.754202 -16.231241
v 2.011195 2.764585 -16.262388
v 1.961358 2.849721 -16.231241
v 2.015348 2.862181 -16.262388
v 1.963435 2.941088 -16.225012
v 2.019501 2.955624 -16.252007
v 1.963435 3.019995 -16.212551
v 2.017424 3.038684 -16.239546
v 1.959282 3.090597 -16.208399
v 2.013271 3.117591 -16.229164
v 1.971741 3.121745 -16.193863
v 2.019501 3.144586 -16.212551
v 2.031960 3.152892 -16.193863
v 1.988353 3.132127 -16.177252
v 1.955129 3.119668 -16.148180
v 1.934364 3.107209 -16.162716
v 1.930211 3.113439 -16.121185
v 1.917752 3.076061 -16.173098
v 1.921905 3.013766 -16.177252
v 1.919828 2.932782 -16.185556
v 1.919828 2.841416 -16.187634
v 1.919828 2.743819 -16.187634
v 1.928134 2.642071 -16.177252
v 1.909446 2.629611 -16.133644
v 1.903216 2.629611 -16.081732
v 2.040266 2.642071 -15.930146
v 2.104638 2.648300 -15.921841
v 2.252070 2.652453 -16.117033
v 2.312289 2.801962 -16.129492
v 2.335130 2.930706 -16.067196
v 2.322671 2.932782 -16.125338
v 2.320595 3.055296 -16.121185
v 2.335130 3.059449 -16.063044
v 2.318518 3.159122 -16.121185
v 2.337207 3.179887 -16.067196
v 2.333054 3.173657 -16.013206
v 2.316442 3.231800 -16.011131
v 2.320595 3.229723 -16.067196
v 2.308136 3.229723 -16.106649
v 2.276988 3.219341 -16.158564
v 2.222999 3.200652 -16.210476
v 2.285294 3.140433 -16.173098
v 2.229228 3.119668 -16.220858
v 2.283217 3.040761 -16.177252
v 2.225075 3.015842 -16.225012
v 2.281141 2.918247 -16.185556
v 2.220922 2.903711 -16.231241
v 2.270758 2.793656 -16.185556
v 2.212616 2.789503 -16.227087
v 2.233381 2.660759 -16.156487
v 2.196004 2.675295 -16.206322
v 2.148244 2.783273 -16.256159
v 2.144091 2.681524 -16.239546
v 2.154474 2.889175 -16.260311
v 2.156550 2.993001 -16.252007
v 2.156550 3.090597 -16.247852
v 2.154474 3.175734 -16.237471
v 2.152397 2.538245 -15.955065
v 2.154474 2.577699 -15.948835
v 2.121250 2.573546 -15.936376
v 2.119173 2.532016 -15.942605
v 2.150321 2.498791 -15.967524
v 2.177315 2.511250 -15.982059
v 2.179392 2.546551 -15.971677
v 2.183545 2.579775 -15.969600
v 2.196004 2.554857 -15.986212
v 2.202234 2.534092 -16.000748
v 2.200157 2.498791 -16.025665
v 2.220922 2.571469 -16.019436
v 2.233381 2.550704 -16.056814
v 2.239611 2.544475 -16.058889
v 2.249993 2.608846 -16.092113
v 2.231305 2.617152 -16.038124
v 2.216769 2.621305 -16.011129
v 2.220922 2.627535 -16.009054
v 2.235458 2.623382 -16.036049
v 2.258299 2.612999 -16.100420
v 2.191851 2.629611 -15.971677
v 2.187698 2.621305 -15.975829
v 2.152397 2.619229 -15.948835
v 2.154474 2.627535 -15.944682
v 2.125403 2.625458 -15.932223
v 2.125403 2.619229 -15.938453
v 2.088026 2.623382 -15.930146
v 2.088026 2.617152 -15.936376
v 2.046495 2.612999 -15.944682
v 2.046495 2.621305 -15.938453
v 2.011195 2.612999 -15.961294
v 2.009118 2.621305 -15.957141
v 1.984200 2.612999 -15.986212
v 1.982123 2.619229 -15.982059
v 1.955129 2.606770 -16.013206
v 1.950976 2.615076 -16.011129
v 1.934364 2.610923 -16.038124
v 1.940593 2.602617 -16.040201
v 1.928134 2.604693 -16.065119
v 1.934364 2.598464 -16.065119
v 1.932287 2.590158 -16.106649
v 1.926058 2.596387 -16.108727
v 1.930211 2.573546 -16.131567
v 1.926058 2.575622 -16.139874
v 1.928134 2.542398 -16.121185
v 1.934364 2.548628 -16.114956
v 1.946823 2.515403 -16.087961
v 1.942670 2.509174 -16.092113
v 1.959282 2.496715 -16.065119
v 1.955129 2.488409 -16.069273
v 1.975894 2.475950 -16.050585
v 1.971741 2.467644 -16.052660
v 2.000812 2.459338 -16.019436
v 1.998736 2.451031 -16.019436
v 2.023654 2.453108 -16.002825
v 2.021577 2.444802 -16.002825
v 2.056878 2.442725 -15.979982
v 2.056878 2.451031 -15.982059
v 2.090102 2.448955 -15.977906
v 2.092179 2.440649 -15.975829
v 2.117097 2.451031 -15.977906
v 2.117097 2.442725 -15.975829
v 2.146168 2.459338 -15.988289
v 2.148244 2.451031 -15.986212
v 2.169009 2.461414 -15.994518
v 2.164856 2.469720 -15.994518
v 2.206387 2.490485 -16.027742
v 2.119173 2.492562 -15.957141
v 2.083873 2.527863 -15.940529
v 2.085949 2.488409 -15.957141
v 2.050648 2.488409 -15.963370
v 2.046495 2.527863 -15.946758
v 2.017424 2.490485 -15.977906
v 2.011195 2.529939 -15.963370
v 1.990430 2.496715 -15.998672
v 1.961358 2.540322 -16.011129
v 1.967588 2.507097 -16.025665
v 1.982123 2.534092 -15.986212
v 2.009118 2.569393 -15.955065
v 1.980047 2.569393 -15.979982
v 1.955129 2.571469 -16.006977
v 1.946823 2.546551 -16.036049
v 1.942670 2.571469 -16.033972
v 1.938517 2.552781 -16.054737
v 1.934364 2.569393 -16.058889
v 1.932287 2.561087 -16.083809
v 1.938517 2.538245 -16.069273
v 1.950976 2.521633 -16.048508
v 2.044419 2.569393 -15.940529
v 2.083873 2.569393 -15.934299
v 2.206387 2.581852 -15.994518
v 1.994583 2.521633 -15.936376
v 2.000812 2.475950 -15.955065
v 1.967588 2.484256 -15.982059
v 1.961358 2.525786 -15.965447
v 1.992506 2.569393 -15.928070
v 2.036113 2.567316 -15.909381
v 2.036113 2.519557 -15.917687
v 2.040266 2.475950 -15.936376
v 2.081796 2.519557 -15.909381
v 2.083873 2.569393 -15.903152
v 2.083873 2.475950 -15.928070
v 2.127479 2.523710 -15.913534
v 2.125403 2.480103 -15.930146
v 2.123326 2.438572 -15.950912
v 2.164856 2.488409 -15.942605
v 2.160703 2.446878 -15.963370
v 2.123326 2.434420 -15.959217
v 2.156550 2.442725 -15.971677
v 2.185622 2.457261 -15.975829
v 2.196004 2.500868 -15.961294
v 2.181468 2.455184 -15.982059
v 2.225075 2.488409 -16.011129
v 2.227152 2.525786 -15.984136
v 2.220922 2.486332 -16.017361
v 2.260376 2.544475 -16.044355
v 2.247917 2.567316 -16.004900
v 2.258299 2.617152 -16.025665
v 2.256223 2.542398 -16.052660
v 2.279065 2.606770 -16.081732
v 2.276988 2.608846 -16.094191
v 2.254146 2.623382 -16.029819
v 2.243764 2.627535 -16.033972
v 2.229228 2.629611 -16.002825
v 2.235458 2.627535 -15.998672
v 2.196004 2.633765 -15.965447
v 2.204310 2.629611 -15.959217
v 2.241687 2.621305 -15.994518
v 2.208463 2.623382 -15.952988
v 2.231305 2.579775 -15.975829
v 2.204310 2.579775 -15.946758
v 2.220922 2.548628 -15.967524
v 2.198081 2.540322 -15.948835
v 2.169009 2.575622 -15.921841
v 2.166933 2.529939 -15.928070
v 2.129556 2.571469 -15.907305
v 2.085949 2.619229 -15.905229
v 2.131632 2.619229 -15.907305
v 2.129556 2.625459 -15.913534
v 2.166933 2.621305 -15.921841
v 2.162780 2.627535 -15.928070
v 2.127479 2.627535 -15.923917
v 2.158627 2.629611 -15.936376
v 2.125403 2.625458 -15.932223
v 2.154474 2.627535 -15.944682
v 2.191851 2.629611 -15.971677
v 2.220922 2.627535 -16.009054
v 2.235458 2.623382 -16.036049
v 2.258299 2.612999 -16.100420
v 2.239611 2.544475 -16.058889
v 2.249993 2.542398 -16.058889
v 2.268682 2.615076 -16.104574
v 2.214693 2.486332 -16.025665
v 2.206387 2.490485 -16.027742
v 2.175239 2.455184 -15.990365
v 2.152397 2.444802 -15.979982
v 2.169009 2.461414 -15.994518
v 2.148244 2.451031 -15.986212
v 2.121250 2.436496 -15.969600
v 2.117097 2.442725 -15.975829
v 2.090102 2.434420 -15.969600
v 2.092179 2.440649 -15.975829
v 2.056878 2.442725 -15.979982
v 2.054801 2.434420 -15.973753
v 2.017424 2.438572 -15.996594
v 2.021577 2.444802 -16.002825
v 1.998736 2.451031 -16.019436
v 1.992506 2.444802 -16.015284
v 1.971741 2.467644 -16.052660
v 1.965511 2.461414 -16.052660
v 1.955129 2.488409 -16.069273
v 1.946823 2.484256 -16.069273
v 1.934364 2.505021 -16.094191
v 1.942670 2.509174 -16.092113
v 1.919828 2.540322 -16.121185
v 1.928134 2.542398 -16.121185
v 1.926058 2.575622 -16.139874
v 1.915675 2.577699 -16.144028
v 1.917752 2.598464 -16.110804
v 1.926058 2.596387 -16.108727
v 1.928134 2.604693 -16.065119
v 1.917752 2.606770 -16.065119
v 1.926058 2.612999 -16.036049
v 1.934364 2.610923 -16.038124
v 1.944746 2.619229 -16.006977
v 1.950976 2.615076 -16.011129
v 1.975894 2.623382 -15.975829
v 1.982123 2.619229 -15.982059
v 2.009118 2.621305 -15.957141
v 2.004965 2.625458 -15.950912
v 2.046495 2.621305 -15.938453
v 2.042342 2.625458 -15.930146
v 2.085949 2.627535 -15.921841
v 2.088026 2.623382 -15.930146
v 2.040266 2.623382 -15.921841
v 2.085949 2.623382 -15.911458
v 2.038189 2.617152 -15.915610
v 1.994583 2.617152 -15.936376
v 1.963435 2.617152 -15.963370
v 1.998736 2.623382 -15.942605
v 1.969664 2.623382 -15.969600
v 1.930211 2.610923 -15.996594
v 1.936440 2.617152 -16.000748
v 1.911522 2.604693 -16.027742
v 1.917752 2.610923 -16.031895
v 1.903216 2.598464 -16.060966
v 1.909446 2.604693 -16.063044
v 1.903216 2.590158 -16.106649
v 1.909446 2.596387 -16.108727
v 1.901139 2.573546 -16.131567
v 1.907369 2.573546 -16.139874
v 1.909446 2.540322 -16.119108
v 1.903216 2.542398 -16.112879
v 1.923981 2.502944 -16.090038
v 1.917752 2.505021 -16.083809
v 1.938517 2.480103 -16.065119
v 1.932287 2.482179 -16.058889
v 1.957205 2.459338 -16.046431
v 1.950976 2.461414 -16.040201
v 1.984200 2.442725 -16.009054
v 1.980047 2.444802 -16.002825
v 2.011195 2.436496 -15.988289
v 2.007042 2.438572 -15.982059
v 2.050648 2.432343 -15.965447
v 2.090102 2.434420 -15.950912
v 2.090102 2.432343 -15.959217
v 2.048572 2.434420 -15.957141
v 1.942670 2.494638 -16.013206
v 1.936440 2.532016 -15.996594
v 1.919828 2.538245 -16.025665
v 1.923981 2.509174 -16.038124
v 1.909446 2.544475 -16.046431
v 1.911522 2.529939 -16.063044
v 1.901139 2.556934 -16.081732
v 1.903216 2.567316 -16.052660
v 1.913599 2.569393 -16.021513
v 1.930211 2.569393 -15.988289
v 1.957205 2.569393 -15.957141
v 2.104638 1.491683 -15.849162
v 2.137862 1.493760 -15.782714
v 2.206387 1.491683 -15.828397
v 2.171086 1.491683 -15.890693
v 2.075567 1.491683 -15.903152
v 2.019501 1.495836 -15.869927
v 2.046495 1.495837 -15.813861
v 2.075567 1.495837 -15.743259
v 1.967588 1.504143 -15.840856
v 1.992506 1.504143 -15.782714
v 2.021577 1.504143 -15.710035
v 1.944746 1.516602 -15.820091
v 1.959282 1.516602 -15.759872
v 1.977970 1.516602 -15.680964
v 2.044419 1.504143 -15.624899
v 1.994583 1.518678 -15.595828
v 2.061031 1.504143 -15.535609
v 2.013271 1.516602 -15.521073
v 2.042342 1.516602 -15.456701
v 2.081796 1.504143 -15.473313
v 2.065184 1.516602 -15.417248
v 2.100485 1.504143 -15.431784
v 2.094255 1.516602 -15.367412
v 2.123326 1.504143 -15.386100
v 2.142015 1.506219 -15.352876
v 2.123326 1.516602 -15.330034
v 2.177315 1.516602 -15.317575
v 2.179392 1.506219 -15.354952
v 2.212616 1.516602 -15.346646
v 2.200157 1.506219 -15.386100
v 2.225075 1.516602 -15.390253
v 2.193928 1.504143 -15.423477
v 2.225075 1.516602 -15.440089
v 2.185622 1.502066 -15.471237
v 2.222999 1.518678 -15.489925
v 2.179392 1.504143 -15.512767
v 2.220922 1.516602 -15.529379
v 2.183545 1.504143 -15.566756
v 2.222999 1.516602 -15.562604
v 2.222999 1.516602 -15.591675
v 2.229228 1.516602 -15.620746
v 2.206387 1.504143 -15.658123
v 2.237534 1.516602 -15.660199
v 2.283217 1.504143 -15.697577
v 2.260376 1.516602 -15.670582
v 2.308136 1.516602 -15.660199
v 2.353819 1.504143 -15.689271
v 2.335130 1.516602 -15.651894
v 2.362125 1.516602 -15.635282
v 2.395349 1.506219 -15.647740
v 2.382890 1.516602 -15.614516
v 2.414038 1.516602 -15.585445
v 2.443109 1.504143 -15.606210
v 2.438956 1.497913 -15.683041
v 2.480486 1.497913 -15.629052
v 2.476333 1.504143 -15.714189
v 2.519940 1.504143 -15.649817
v 2.549011 1.514525 -15.674735
v 2.511634 1.518678 -15.739107
v 2.426497 1.504143 -15.782714
v 2.459721 1.516602 -15.824244
v 2.372508 1.504143 -15.849162
v 2.416114 1.516602 -15.882386
v 2.374584 1.516602 -15.930146
v 2.328901 1.504143 -15.905228
v 2.337207 1.529061 -15.992441
v 2.289447 1.504143 -15.963370
v 2.262452 1.504143 -16.011129
v 2.310212 1.524908 -16.052660
v 2.235458 1.504143 -16.058889
v 2.283217 1.526984 -16.104572
v 2.202234 1.504143 -16.114956
v 2.256223 1.526984 -16.160639
v 2.210540 1.524908 -16.210476
v 2.162780 1.504143 -16.175175
v 2.160703 1.524907 -16.245775
v 2.052725 1.522831 -16.254082
v 2.115020 1.504143 -16.216705
v 2.115020 1.497913 -16.146103
v 2.085949 1.499990 -16.198015
v 2.075567 1.506219 -16.218781
v 2.000812 1.504143 -16.189711
v 2.019501 1.497913 -16.158562
v 2.050648 1.493760 -16.106649
v 1.982123 1.493760 -16.065119
v 1.950976 1.497913 -16.117031
v 1.934364 1.504143 -16.150255
v 1.890757 1.504143 -16.114956
v 1.930211 1.522831 -16.195940
v 1.882451 1.522831 -16.139874
v 1.845074 1.522831 -16.067196
v 1.872068 1.504143 -16.075502
v 1.886604 1.504143 -16.009054
v 1.849227 1.516602 -15.982059
v 1.884527 1.516602 -15.934299
v 1.915675 1.504143 -15.940529
v 1.944746 1.504143 -15.886539
v 1.923981 1.516602 -15.863698
v 1.994583 1.495836 -15.917686
v 2.050648 1.493760 -15.950912
v 1.963435 1.495836 -15.971676
v 2.019501 1.493760 -16.004900
v 1.930211 1.497913 -16.033972
v 1.901139 1.499990 -16.090036
v 2.115020 1.491683 -15.990365
v 2.085949 1.493760 -16.046431
v 2.179392 1.495836 -16.027742
v 2.148244 1.495836 -16.083807
v 2.206387 1.495836 -15.977905
v 2.142015 1.491683 -15.940529
v 2.235458 1.495836 -15.928069
v 2.272835 1.495836 -15.867850
v 2.245840 1.493760 -15.766102
v 2.320595 1.495837 -15.807631
v 2.389120 1.497913 -15.743259
v 2.171086 1.495837 -15.716266
v 2.102561 1.495837 -15.660199
v 2.117097 1.497913 -15.554297
v 2.129556 1.497913 -15.492002
v 2.142015 1.495837 -15.450472
v 2.158627 1.497913 -15.402712
v 1.977970 1.522831 -16.229164
v 2.532399 1.599662 -15.518997
v 2.515787 1.622504 -15.533532
v 2.553164 1.628733 -15.560527
v 2.561470 1.603815 -15.529379
v 2.561470 1.566438 -15.514844
v 2.526169 1.570591 -15.508615
v 2.490869 1.580974 -15.521073
v 2.453491 1.539443 -15.545991
v 2.453491 1.593433 -15.545991
v 2.515787 1.535290 -15.508615
v 2.488792 1.535290 -15.518997
v 2.455568 1.516602 -15.548068
v 2.515787 1.516602 -15.510691
v 2.488792 1.516602 -15.518997
v 2.484639 1.504143 -15.564680
v 2.519940 1.506219 -15.535609
v 2.555241 1.516602 -15.518997
v 2.551087 1.504143 -15.543915
v 2.517863 1.497913 -15.583368
v 2.480486 1.497913 -15.629052
v 2.519940 1.504143 -15.649817
v 2.546935 1.504143 -15.604134
v 2.567699 1.506219 -15.568833
v 2.576005 1.516602 -15.618670
v 2.590541 1.516602 -15.568833
v 2.584312 1.516602 -15.533532
v 2.586388 1.533214 -15.533532
v 2.561470 1.533214 -15.512767
v 2.590541 1.562285 -15.539762
v 2.582235 1.560208 -15.585445
v 2.592618 1.533214 -15.572986
v 2.582235 1.593433 -15.548068
v 2.571853 1.601739 -15.583368
v 2.534475 1.659881 -15.604134
v 2.559393 1.616274 -15.635282
v 2.567699 1.562285 -15.637358
v 2.569776 1.531137 -15.620746
v 2.551087 1.605892 -15.678888
v 2.555241 1.572667 -15.678888
v 2.553164 1.547749 -15.676811
v 2.549011 1.524908 -15.674735
v 2.549011 1.514525 -15.674735
v 2.542781 1.639116 -15.670582
v 2.528246 1.674417 -15.656047
v 2.495022 1.699335 -15.631128
v 2.484639 1.653651 -15.560527
v 2.445185 1.693105 -15.606211
v 2.424420 1.649498 -15.587522
v 2.414038 1.593433 -15.579216
v 2.411961 1.539443 -15.585445
v 2.414038 1.516602 -15.585445
v 2.443109 1.504143 -15.606210
v 2.096332 1.680646 -15.454625
v 2.079720 1.705564 -15.508615
v 2.117097 1.720100 -15.506537
v 2.127479 1.699335 -15.458778
v 2.098408 1.653651 -15.421401
v 2.081796 1.659881 -15.450472
v 2.052725 1.676493 -15.510691
v 2.027807 1.691029 -15.572987
v 2.029883 1.645345 -15.514844
v 2.000812 1.653651 -15.577139
v 1.980047 1.659881 -15.647740
v 2.009118 1.701411 -15.639435
v 1.988353 1.614198 -15.583368
v 2.015348 1.610045 -15.512767
v 2.011195 1.568514 -15.518997
v 1.967588 1.612121 -15.662276
v 1.988353 1.564361 -15.585445
v 2.013271 1.541520 -15.523149
v 1.971741 1.551903 -15.674735
v 1.994583 1.518678 -15.595828
v 2.013271 1.516602 -15.521073
v 1.977970 1.516602 -15.680964
v 1.955129 1.547749 -15.755719
v 1.959282 1.516602 -15.759872
v 1.942670 1.547749 -15.813861
v 1.944746 1.516602 -15.820091
v 1.921905 1.545673 -15.859545
v 1.923981 1.516602 -15.863698
v 1.880374 1.545673 -15.932222
v 1.884527 1.516602 -15.934299
v 1.845074 1.545673 -15.982059
v 1.849227 1.516602 -15.982059
v 1.849227 1.543596 -16.054737
v 1.845074 1.522831 -16.067196
v 1.882451 1.545673 -16.137796
v 1.882451 1.522831 -16.139874
v 1.930211 1.522831 -16.195940
v 1.930211 1.547749 -16.198015
v 1.977970 1.522831 -16.229164
v 1.975894 1.549826 -16.237469
v 1.977970 1.601738 -16.260311
v 1.915675 1.599662 -16.210476
v 1.980047 1.653651 -16.268618
v 1.909446 1.655728 -16.220858
v 1.982123 1.709717 -16.268618
v 1.913599 1.718023 -16.218781
v 1.921905 1.780318 -16.210476
v 1.986276 1.772012 -16.260311
v 1.938517 1.836384 -16.193863
v 1.990430 1.823925 -16.235394
v 1.961358 1.888297 -16.166868
v 1.992506 1.886220 -16.202169
v 1.992506 1.890374 -16.162716
v 2.019501 1.890374 -16.187634
v 2.038189 1.888297 -16.177252
v 2.013271 1.886220 -16.158562
v 1.986276 1.884144 -16.133644
v 1.969664 1.888297 -16.131567
v 1.967588 1.884144 -16.102497
v 1.953052 1.886220 -16.096268
v 1.963435 1.882067 -16.067196
v 1.953052 1.884144 -16.052660
v 1.973817 1.877915 -16.023588
v 1.971741 1.877915 -16.000748
v 2.002889 1.877915 -15.973753
v 1.998736 1.877915 -15.957141
v 2.058954 1.879991 -15.936376
v 2.052725 1.879991 -15.921840
v 2.100485 1.882067 -15.917687
v 2.100485 1.882067 -15.932222
v 2.144091 1.884144 -15.944682
v 2.148244 1.884144 -15.932222
v 2.152397 1.879991 -15.913534
v 2.187698 1.884144 -15.959217
v 2.196004 1.879991 -15.944682
v 2.210540 1.823925 -15.878233
v 2.214693 1.882067 -15.973753
v 2.254146 1.828078 -15.944682
v 2.299829 1.782395 -15.884462
v 2.326824 1.765783 -15.955064
v 2.274911 1.826002 -15.996594
v 2.310212 1.765783 -16.038124
v 2.276988 1.819772 -16.046431
v 2.233381 1.879991 -16.015284
v 2.233381 1.873761 -16.056814
v 2.222999 1.882067 -16.029819
v 2.206387 1.886220 -15.990365
v 2.200157 1.884144 -16.002825
v 2.181468 1.884144 -15.969600
v 2.212616 1.882067 -16.040201
v 2.222999 1.879991 -16.065119
v 2.212616 1.879991 -16.069273
v 2.214693 1.879991 -16.096268
v 2.206387 1.882067 -16.100420
v 2.200157 1.879991 -16.127415
v 2.193928 1.882067 -16.125338
v 2.169009 1.879991 -16.162716
v 2.164856 1.884144 -16.156487
v 2.129556 1.888297 -16.177252
v 2.131632 1.884144 -16.187634
v 2.079720 1.888297 -16.187634
v 2.071414 1.890374 -16.200092
v 2.038189 1.888297 -16.177252
v 2.019501 1.890374 -16.187634
v 2.058954 1.882067 -16.218781
v 1.992506 1.886220 -16.202169
v 1.990430 1.823925 -16.235394
v 2.063107 1.828078 -16.247852
v 2.065184 1.774089 -16.272770
v 1.986276 1.772012 -16.260311
v 2.063107 1.711793 -16.287306
v 1.982123 1.709717 -16.268618
v 2.063107 1.653651 -16.285229
v 1.980047 1.653651 -16.268618
v 2.056878 1.599662 -16.276924
v 1.977970 1.601738 -16.260311
v 2.056878 1.551902 -16.264463
v 1.975894 1.549826 -16.237469
v 1.977970 1.522831 -16.229164
v 2.052725 1.522831 -16.254082
v 2.160703 1.524907 -16.245775
v 2.160703 1.549826 -16.252005
v 2.210540 1.524908 -16.210476
v 2.218846 1.549826 -16.216705
v 2.264529 1.549826 -16.162716
v 2.256223 1.526984 -16.160639
v 2.291523 1.549826 -16.106649
v 2.283217 1.526984 -16.104572
v 2.316442 1.549826 -16.052660
v 2.310212 1.524908 -16.052660
v 2.337207 1.529061 -15.992441
v 2.347589 1.558132 -15.994518
v 2.395349 1.560208 -15.938452
v 2.374584 1.516602 -15.930146
v 2.436879 1.558132 -15.888616
v 2.416114 1.516602 -15.882386
v 2.478410 1.551902 -15.830474
v 2.459721 1.516602 -15.824244
v 2.519940 1.541520 -15.747413
v 2.511634 1.518678 -15.739107
v 2.549011 1.514525 -15.674735
v 2.549011 1.524908 -15.674735
v 2.553164 1.547749 -15.676811
v 2.526169 1.568514 -15.743260
v 2.555241 1.572667 -15.678888
v 2.528246 1.601739 -15.734954
v 2.551087 1.605892 -15.678888
v 2.524093 1.639116 -15.724571
v 2.542781 1.639116 -15.670582
v 2.511634 1.672340 -15.712112
v 2.528246 1.674417 -15.656047
v 2.497098 1.701411 -15.689271
v 2.495022 1.699335 -15.631128
v 2.468027 1.713870 -15.647740
v 2.445185 1.693105 -15.606211
v 2.420267 1.688952 -15.618670
v 2.424420 1.649498 -15.587522
v 2.399502 1.643269 -15.604134
v 2.414038 1.593433 -15.579216
v 2.384967 1.595509 -15.599980
v 2.387043 1.539443 -15.616592
v 2.411961 1.539443 -15.585445
v 2.414038 1.516602 -15.585445
v 2.382890 1.516602 -15.614516
v 2.362125 1.516602 -15.635282
v 2.366278 1.533214 -15.645664
v 2.339283 1.537367 -15.664352
v 2.335130 1.516602 -15.651894
v 2.314365 1.537367 -15.678888
v 2.308136 1.516602 -15.660199
v 2.272835 1.545673 -15.672659
v 2.260376 1.516602 -15.670582
v 2.245840 1.547749 -15.660199
v 2.237534 1.516602 -15.660199
v 2.229228 1.516602 -15.620746
v 2.229228 1.547749 -15.620746
v 2.222999 1.516602 -15.591675
v 2.222999 1.549826 -15.591675
v 2.222999 1.549826 -15.564680
v 2.222999 1.516602 -15.562604
v 2.220922 1.516602 -15.529379
v 2.222999 1.549826 -15.527303
v 2.222999 1.518678 -15.489925
v 2.227152 1.549826 -15.492002
v 2.227152 1.547749 -15.440089
v 2.225075 1.516602 -15.440089
v 2.225075 1.541520 -15.390253
v 2.225075 1.516602 -15.390253
v 2.212616 1.535290 -15.346646
v 2.212616 1.516602 -15.346646
v 2.177315 1.531137 -15.317575
v 2.177315 1.516602 -15.317575
v 2.123326 1.516602 -15.330034
v 2.123326 1.537367 -15.330034
v 2.092179 1.537367 -15.367412
v 2.094255 1.516602 -15.367412
v 2.061031 1.537367 -15.415171
v 2.065184 1.516602 -15.417248
v 2.040266 1.539443 -15.454625
v 2.042342 1.516602 -15.456701
v 2.040266 1.570591 -15.448396
v 2.046495 1.607968 -15.444242
v 2.061031 1.572668 -15.413095
v 2.085949 1.607968 -15.384024
v 2.085949 1.572668 -15.373641
v 2.067261 1.620427 -15.415172
v 2.061031 1.634963 -15.450472
v 2.117097 1.572668 -15.350800
v 2.156550 1.634963 -15.371565
v 2.171086 1.570591 -15.338341
v 2.110867 1.622504 -15.375717
v 2.150321 1.672340 -15.423477
v 2.158627 1.693105 -15.462931
v 2.196004 1.647422 -15.435936
v 2.193928 1.620427 -15.386100
v 2.214693 1.578897 -15.411018
v 2.206387 1.568515 -15.361182
v 2.214693 1.589280 -15.448396
v 2.214693 1.620427 -15.481620
v 2.220922 1.580974 -15.487849
v 2.216769 1.622504 -15.521073
v 2.218846 1.578897 -15.527303
v 2.216769 1.626657 -15.556374
v 2.220922 1.583050 -15.562604
v 2.220922 1.585127 -15.593751
v 2.218846 1.628733 -15.593751
v 2.222999 1.587203 -15.626975
v 2.222999 1.630810 -15.633204
v 2.239611 1.587203 -15.660199
v 2.266605 1.639116 -15.689271
v 2.272835 1.589280 -15.678888
v 2.233381 1.632886 -15.668506
v 2.208463 1.672340 -15.643587
v 2.220922 1.678570 -15.685118
v 2.185622 1.713870 -15.660199
v 2.202234 1.726329 -15.710036
v 2.258299 1.693105 -15.701730
v 2.303983 1.643269 -15.676811
v 2.303983 1.697258 -15.695500
v 2.243764 1.753324 -15.753643
v 2.310212 1.755401 -15.755719
v 2.370431 1.740865 -15.716266
v 2.407808 1.753324 -15.770255
v 2.266605 1.780318 -15.820091
v 2.353819 1.767860 -15.820091
v 2.432726 1.724253 -15.815938
v 2.380814 1.740865 -15.876157
v 2.447262 1.680646 -15.847086
v 2.399502 1.693105 -15.907305
v 2.455568 1.637039 -15.869927
v 2.407808 1.645345 -15.925993
v 2.355896 1.703488 -15.971676
v 2.362125 1.647422 -15.984136
v 2.330977 1.703488 -16.042278
v 2.335130 1.645345 -16.048508
v 2.310212 1.703488 -16.110802
v 2.293600 1.761630 -16.104572
v 2.262452 1.755400 -16.162716
v 2.245840 1.813543 -16.141951
v 2.268682 1.815619 -16.094191
v 2.206387 1.869608 -16.129492
v 2.225075 1.871685 -16.090038
v 2.173162 1.867532 -16.166868
v 2.139938 1.826002 -16.229164
v 2.204310 1.813543 -16.187634
v 2.129556 1.871685 -16.198015
v 2.146168 1.772012 -16.256159
v 2.212616 1.765783 -16.212551
v 2.220922 1.707641 -16.227087
v 2.274911 1.699335 -16.171021
v 2.150321 1.711793 -16.272770
v 2.152397 1.651575 -16.276924
v 2.229228 1.647422 -16.233316
v 2.154474 1.595509 -16.270695
v 2.231305 1.587203 -16.220858
v 2.281141 1.637039 -16.171021
v 2.274911 1.583050 -16.160639
v 2.306059 1.580973 -16.106649
v 2.314365 1.641192 -16.112879
v 2.328901 1.591356 -16.050583
v 2.357972 1.597585 -15.990365
v 2.403655 1.599662 -15.936376
v 2.449338 1.595509 -15.882386
v 2.490869 1.585127 -15.820091
v 2.497098 1.622504 -15.807631
v 2.488792 1.664034 -15.786867
v 2.476333 1.699335 -15.764025
v 2.457644 1.730482 -15.724571
v 2.420267 1.730482 -15.676811
v 2.349666 1.695182 -15.676811
v 2.387043 1.693105 -15.647740
v 2.368355 1.645345 -15.629052
v 2.337207 1.643269 -15.653970
v 2.355896 1.593433 -15.618670
v 2.333054 1.591356 -15.649817
v 2.303983 1.589280 -15.670582
v 2.183545 1.790701 -15.801402
v 2.117097 1.821849 -15.840857
v 2.162780 1.846767 -15.874081
v 2.096332 1.780319 -15.766102
v 2.158627 1.767860 -15.737031
v 2.094255 1.761630 -15.693424
v 2.150321 1.751247 -15.674735
v 2.098408 1.751247 -15.624899
v 2.148244 1.738788 -15.616592
v 2.106714 1.738788 -15.562604
v 2.150321 1.728406 -15.560527
v 2.181468 1.705564 -15.608287
v 2.181468 1.697258 -15.560527
v 2.206387 1.670264 -15.599980
v 2.204310 1.664034 -15.558451
v 2.183545 1.686876 -15.512767
v 2.204310 1.657804 -15.516920
v 2.202234 1.649498 -15.475390
v 2.187698 1.674417 -15.471237
v 2.156550 1.713870 -15.508615
v 2.061031 1.722176 -15.566756
v 2.048572 1.736712 -15.633205
v 2.036113 1.747095 -15.707959
v 1.965511 1.711794 -15.791019
v 2.017424 1.769936 -15.795173
v 1.990430 1.705564 -15.714189
v 1.965511 1.655728 -15.726648
v 1.944746 1.651575 -15.801402
v 1.953052 1.597586 -15.751566
v 1.940593 1.589280 -15.809709
v 1.919828 1.639116 -15.859545
v 1.915675 1.589279 -15.869927
v 1.884527 1.628733 -15.919764
v 1.882451 1.587203 -15.932222
v 1.840921 1.597585 -15.998671
v 1.851303 1.618351 -16.006977
v 1.836768 1.601739 -16.073425
v 1.838844 1.655728 -16.067196
v 1.865839 1.599662 -16.146103
v 1.859609 1.657804 -16.150257
v 1.869992 1.720100 -16.148180
v 1.851303 1.713870 -16.063044
v 1.869992 1.780318 -16.069273
v 1.882451 1.782395 -16.144026
v 1.905293 1.838461 -16.135721
v 1.899063 1.840537 -16.071348
v 1.944746 1.886220 -16.127415
v 1.934364 1.884144 -16.083807
v 1.938517 1.875838 -16.023588
v 1.909446 1.834308 -16.004900
v 1.971741 1.871685 -15.959217
v 1.938517 1.832231 -15.942605
v 1.994583 1.871685 -15.930146
v 1.977970 1.832231 -15.890693
v 2.044419 1.871685 -15.898998
v 2.040266 1.823925 -15.855392
v 2.102561 1.873761 -15.898998
v 1.953052 1.776165 -15.863698
v 1.909446 1.776165 -15.925993
v 1.890757 1.709717 -15.919764
v 1.932287 1.709717 -15.857469
v 1.863762 1.709717 -15.992441
v 1.882451 1.778242 -15.996594
v 1.975894 2.455184 -16.104572
v 1.996659 2.455184 -16.133644
v 1.992506 2.513327 -16.125338
v 1.975894 2.511250 -16.100420
v 1.961358 2.457261 -16.079655
v 1.971741 2.421960 -16.079655
v 1.982123 2.417807 -16.108727
v 2.002889 2.419884 -16.135721
v 1.961358 2.409501 -16.119108
v 1.953052 2.413654 -16.079655
v 1.984200 2.407425 -16.152332
v 2.023654 2.421960 -16.158562
v 2.011195 2.409501 -16.179327
v 2.044419 2.407425 -16.204247
v 2.050648 2.421960 -16.181404
v 2.042342 2.461414 -16.183481
v 2.017424 2.459338 -16.154409
v 2.034036 2.521633 -16.177252
v 2.011195 2.517480 -16.148180
v 2.009118 2.583928 -16.156487
v 2.036113 2.590158 -16.179327
v 2.029883 2.642071 -16.206322
v 1.994583 2.631688 -16.187634
v 1.990430 2.577699 -16.131567
v 1.969664 2.621305 -16.154409
v 1.955129 2.612999 -16.121185
v 1.975894 2.571469 -16.106649
v 1.950976 2.612999 -16.081732
v 1.965511 2.571469 -16.077579
v 1.969664 2.575622 -16.042278
v 1.961358 2.615076 -16.040201
v 2.007042 2.573546 -15.998672
v 2.002889 2.615076 -15.994518
v 2.054801 2.579775 -15.975829
v 2.054801 2.621305 -15.969600
v 2.098408 2.581852 -15.969600
v 2.102561 2.625458 -15.961294
v 2.131632 2.586005 -15.975829
v 2.135785 2.629611 -15.969600
v 2.160703 2.586005 -15.992442
v 2.166933 2.629611 -15.988289
v 2.177315 2.583928 -16.004900
v 2.181468 2.627535 -16.000748
v 2.198081 2.629611 -16.021513
v 2.191851 2.586005 -16.025665
v 2.208463 2.625458 -16.046431
v 2.202234 2.583928 -16.050585
v 2.212616 2.621305 -16.073425
v 2.202234 2.581852 -16.073425
v 2.202234 2.588081 -16.104574
v 2.212616 2.627535 -16.108727
v 2.191851 2.592234 -16.133644
v 2.200157 2.635841 -16.139874
v 2.169009 2.596387 -16.156487
v 2.171086 2.648300 -16.175175
v 2.129556 2.598464 -16.177252
v 2.133709 2.650377 -16.200092
v 2.067261 2.646224 -16.214628
v 2.067261 2.594311 -16.187634
v 2.029883 2.642071 -16.206322
v 2.036113 2.590158 -16.179327
v 2.065184 2.525786 -16.187634
v 2.034036 2.521633 -16.177252
v 2.042342 2.461414 -16.183481
v 2.075567 2.461414 -16.193863
v 2.050648 2.421960 -16.181404
v 2.081796 2.421960 -16.193863
v 2.044419 2.407425 -16.204247
v 2.085949 2.407425 -16.218781
v 2.144091 2.426113 -16.181404
v 2.152397 2.411578 -16.204247
v 2.183545 2.426113 -16.158562
v 2.200157 2.413654 -16.175175
v 2.206387 2.430266 -16.129492
v 2.227152 2.417807 -16.137798
v 2.233381 2.417807 -16.102497
v 2.212616 2.428190 -16.100420
v 2.212616 2.426114 -16.073425
v 2.233381 2.415731 -16.071348
v 2.225075 2.419884 -16.048508
v 2.208463 2.428190 -16.052660
v 2.210540 2.417807 -16.019436
v 2.196004 2.426114 -16.027742
v 2.189775 2.417807 -15.994518
v 2.177315 2.428190 -16.004900
v 2.156550 2.426114 -15.988289
v 2.164856 2.415731 -15.973753
v 2.131632 2.426114 -15.971677
v 2.133709 2.415731 -15.955065
v 2.094255 2.424037 -15.967524
v 2.090102 2.415731 -15.950912
v 2.050648 2.424037 -15.973753
v 2.042342 2.413654 -15.957141
v 2.002889 2.424037 -16.000748
v 1.986276 2.413654 -15.990365
v 1.977970 2.426114 -16.044353
v 1.961358 2.415731 -16.040201
v 1.967588 2.461414 -16.042278
v 1.959282 2.509174 -16.075502
v 1.961358 2.515403 -16.040201
v 1.994583 2.459338 -15.994518
v 1.994583 2.513327 -15.992441
v 2.048572 2.461414 -15.965447
v 2.048572 2.517480 -15.963370
v 2.094255 2.461414 -15.961294
v 2.096332 2.519557 -15.957141
v 2.135785 2.463491 -15.965447
v 2.135785 2.521633 -15.961294
v 2.160703 2.465567 -15.982059
v 2.164856 2.523710 -15.979982
v 2.183545 2.463491 -16.000748
v 2.204310 2.523710 -16.021513
v 2.202234 2.463491 -16.025665
v 2.185622 2.523710 -15.996594
v 2.216769 2.521633 -16.048508
v 2.216769 2.465567 -16.052660
v 2.212616 2.521633 -16.071348
v 2.216769 2.463491 -16.075502
v 2.216769 2.465567 -16.102497
v 2.214693 2.525786 -16.102497
v 2.208463 2.469720 -16.135721
v 2.181468 2.529939 -16.158562
v 2.185622 2.467644 -16.160639
v 2.204310 2.527863 -16.137798
v 2.144091 2.465567 -16.181404
v 2.135785 2.529939 -16.179327
v 2.198081 2.214309 -15.982059
v 2.220922 2.216386 -16.009054
v 2.216769 2.129172 -16.011129
v 2.198081 2.127096 -15.982059
v 2.169009 2.129172 -15.959217
v 2.166933 2.216386 -15.959217
v 2.169009 2.305676 -15.959217
v 2.200157 2.305676 -15.982059
v 2.222999 2.305676 -16.009054
v 2.169009 2.367971 -15.963370
v 2.200157 2.367971 -15.984136
v 2.220922 2.370048 -16.009054
v 2.171086 2.401195 -15.959217
v 2.204310 2.403272 -15.979982
v 2.225075 2.403272 -16.004900
v 2.241687 2.403272 -16.038124
v 2.198081 2.413654 -15.986212
v 2.218846 2.413654 -16.009054
v 2.235458 2.411578 -16.040201
v 2.189775 2.417807 -15.994518
v 2.210540 2.417807 -16.019436
v 2.225075 2.419884 -16.048508
v 2.243764 2.411578 -16.065119
v 2.233381 2.415731 -16.071348
v 2.245840 2.413654 -16.104572
v 2.233381 2.417807 -16.102497
v 2.235458 2.411578 -16.141951
v 2.227152 2.417807 -16.137798
v 2.200157 2.413654 -16.175175
v 2.206387 2.407425 -16.183481
v 2.152397 2.411578 -16.204247
v 2.156550 2.407425 -16.212551
v 2.239611 2.403272 -16.146103
v 2.210540 2.401195 -16.187634
v 2.156550 2.399119 -16.218781
v 2.085949 2.403272 -16.225010
v 2.085949 2.394966 -16.231241
v 2.202234 2.367971 -16.187634
v 2.154474 2.365895 -16.218781
v 2.200157 2.307752 -16.195940
v 2.150321 2.305676 -16.220858
v 2.088026 2.363818 -16.222935
v 2.094255 2.303599 -16.225010
v 2.044419 2.363818 -16.208399
v 2.048572 2.303599 -16.210476
v 2.096332 2.216386 -16.220858
v 2.048572 2.214309 -16.208399
v 2.052725 2.129172 -16.200092
v 2.096332 2.129172 -16.212551
v 2.094255 2.048188 -16.208399
v 2.050648 2.046112 -16.200092
v 2.092179 1.971358 -16.195940
v 2.050648 1.969281 -16.187634
v 2.085949 1.898680 -16.185556
v 2.046495 1.896603 -16.177252
v 2.038189 1.888297 -16.177252
v 2.079720 1.888297 -16.187634
v 2.129556 1.888297 -16.177252
v 2.131632 1.898680 -16.179327
v 2.164856 1.884144 -16.156487
v 2.169009 1.894527 -16.158562
v 2.196004 1.892450 -16.127415
v 2.193928 1.882067 -16.125338
v 2.208463 1.890374 -16.104572
v 2.206387 1.882067 -16.100420
v 2.214693 1.888297 -16.071348
v 2.212616 1.879991 -16.069273
v 2.214693 1.888297 -16.044353
v 2.212616 1.882067 -16.040201
v 2.202234 1.890374 -16.004900
v 2.200157 1.884144 -16.002825
v 2.181468 1.890374 -15.971676
v 2.181468 1.884144 -15.969600
v 2.146168 1.892450 -15.944682
v 2.144091 1.884144 -15.944682
v 2.098408 1.890374 -15.934299
v 2.100485 1.882067 -15.932222
v 2.058954 1.879991 -15.936376
v 2.054801 1.894527 -15.938452
v 2.002889 1.877915 -15.973753
v 2.002889 1.892450 -15.971676
v 1.973817 1.877915 -16.023588
v 1.965511 1.888297 -16.036049
v 1.963435 1.882067 -16.067196
v 1.959282 1.892450 -16.077578
v 1.967588 1.884144 -16.102497
v 1.967588 1.892450 -16.108727
v 1.986276 1.884144 -16.133644
v 1.990430 1.892450 -16.139874
v 2.013271 1.886220 -16.158562
v 2.019501 1.892450 -16.162716
v 2.038189 1.888297 -16.177252
v 2.046495 1.896603 -16.177252
v 2.015348 1.967204 -16.171021
v 2.050648 1.969281 -16.187634
v 2.011195 2.046112 -16.177252
v 2.050648 2.046112 -16.200092
v 2.013271 2.127096 -16.179327
v 2.052725 2.129172 -16.200092
v 2.009118 2.214309 -16.185556
v 2.048572 2.214309 -16.208399
v 2.009118 2.301523 -16.183481
v 2.048572 2.303599 -16.210476
v 2.044419 2.363818 -16.208399
v 2.007042 2.363818 -16.185556
v 2.040266 2.392889 -16.214628
v 2.000812 2.390813 -16.193863
v 2.002889 2.403272 -16.189711
v 2.040266 2.401195 -16.212551
v 2.044419 2.407425 -16.204247
v 2.011195 2.409501 -16.179327
v 1.984200 2.407425 -16.152332
v 1.975894 2.403272 -16.160639
v 1.961358 2.409501 -16.119108
v 1.950976 2.403272 -16.123262
v 1.953052 2.413654 -16.079655
v 1.942670 2.407425 -16.077579
v 1.961358 2.415731 -16.040201
v 1.948899 2.409501 -16.036049
v 1.980047 2.405348 -15.986212
v 1.986276 2.413654 -15.990365
v 2.038189 2.409501 -15.948834
v 2.042342 2.413654 -15.957141
v 2.090102 2.411578 -15.940529
v 2.090102 2.415731 -15.950912
v 2.133709 2.409501 -15.944682
v 2.133709 2.415731 -15.955065
v 2.169009 2.411578 -15.963370
v 2.164856 2.415731 -15.973753
v 2.133709 2.401195 -15.942605
v 2.090102 2.365895 -15.942605
v 2.088026 2.401195 -15.934299
v 2.133709 2.365895 -15.948834
v 2.129556 2.305676 -15.944682
v 2.127479 2.216386 -15.948834
v 2.083873 2.303599 -15.942605
v 2.083873 2.216386 -15.944682
v 2.036113 2.303599 -15.952988
v 2.038189 2.365895 -15.950912
v 1.986276 2.303599 -15.979982
v 1.980047 2.365895 -15.982059
v 2.038189 2.399119 -15.944682
v 1.975894 2.397042 -15.982059
v 1.946823 2.365895 -16.025665
v 1.944746 2.399119 -16.029819
v 1.938517 2.365895 -16.075502
v 1.936440 2.397042 -16.077579
v 1.955129 2.363818 -16.119108
v 1.946823 2.390813 -16.123262
v 1.975894 2.361742 -16.156487
v 1.969664 2.390813 -16.162716
v 1.975894 2.301523 -16.152332
v 1.953052 2.301523 -16.114956
v 1.975894 2.212233 -16.152332
v 1.953052 2.210156 -16.112879
v 1.977970 2.125019 -16.148180
v 1.955129 2.122943 -16.110802
v 1.980047 2.041959 -16.146103
v 1.959282 2.039882 -16.108727
v 1.986276 1.965128 -16.141951
v 1.965511 1.963051 -16.108727
v 1.959282 1.965128 -16.067196
v 1.955129 2.041959 -16.063044
v 1.967588 1.963051 -16.021513
v 1.965511 2.041959 -16.019436
v 2.000812 1.965128 -15.977906
v 2.000812 2.044035 -15.979982
v 2.048572 1.967204 -15.946758
v 2.092179 2.046112 -15.940529
v 2.100485 1.967204 -15.936376
v 2.044419 2.046112 -15.952988
v 2.085949 2.129172 -15.942605
v 2.040266 2.129172 -15.955065
v 2.036113 2.214309 -15.955065
v 1.996659 2.127096 -15.979982
v 1.992506 2.214309 -15.979982
v 1.959282 2.212233 -16.019436
v 1.961358 2.125019 -16.017359
v 1.948899 2.125019 -16.063044
v 1.944746 2.212233 -16.065119
v 1.942670 2.303599 -16.069273
v 1.950976 2.303599 -16.019436
v 2.129556 2.129172 -15.944682
v 2.135785 2.046112 -15.942605
v 2.171086 2.046112 -15.961294
v 2.144091 1.967204 -15.946758
v 2.175239 1.965128 -15.965446
v 2.196004 2.044035 -15.986212
v 2.196004 1.967204 -15.990365
v 2.212616 2.046112 -16.015284
v 2.210540 1.967204 -16.017359
v 2.225075 2.046112 -16.046431
v 2.218846 1.967204 -16.046431
v 2.218846 1.967204 -16.077578
v 2.229228 2.046112 -16.079655
v 2.212616 1.967204 -16.108727
v 2.222999 2.046112 -16.117033
v 2.196004 1.967204 -16.139874
v 2.177315 2.046112 -16.181404
v 2.169009 1.969281 -16.168945
v 2.206387 2.046112 -16.152332
v 2.233381 2.129172 -16.119108
v 2.216769 2.129172 -16.158562
v 2.183545 2.129172 -16.189711
v 2.142015 2.129172 -16.208399
v 2.189775 2.216386 -16.191786
v 2.146168 2.216386 -16.214628
v 2.222999 2.216386 -16.158562
v 2.231305 2.305676 -16.156487
v 2.247917 2.305676 -16.117033
v 2.235458 2.370048 -16.148180
v 2.239611 2.214309 -16.119108
v 2.243764 2.214309 -16.079655
v 2.235458 2.129172 -16.079655
v 2.231305 2.129172 -16.044353
v 2.235458 2.216386 -16.042278
v 2.239611 2.305676 -16.040201
v 2.252070 2.305676 -16.075502
v 2.247917 2.367971 -16.067196
v 2.247917 2.365895 -16.110804
v 2.252070 2.403272 -16.106649
v 2.249993 2.403272 -16.063044
v 2.239611 2.370048 -16.040201
v 2.139938 2.048188 -16.202169
v 2.133709 1.971358 -16.189711
v 2.040266 2.392889 -16.214628
v 2.040266 2.401195 -16.212551
v 2.085949 2.407425 -16.218781
v 2.044419 2.407425 -16.204247
vn -0.9803 -0.0882 -0.1764
vn -0.9753 -0.2199 -0.0191
vn -0.8783 -0.2927 0.3781
vn -0.9298 -0.1328 -0.3431
vn -0.8961 -0.0324 -0.4426
vn -0.8811 0.0107 -0.4728
vn -0.9822 -0.0187 -0.1871
vn -0.9354 -0.1670 0.3118
vn -0.6171 -0.3414 0.7090
vn -0.8446 -0.3911 0.3657
vn -0.5489 -0.4419 0.7096
vn -0.7154 -0.2134 0.6653
vn -0.3022 -0.2557 0.9183
vn -0.2768 -0.3610 0.8905
vn -0.7293 -0.1459 0.6685
vn -0.2903 -0.1898 0.9379
vn -0.0000 -0.2269 0.9739
vn -0.0101 -0.3344 0.9424
vn 0.0279 -0.1673 0.9855
vn 0.2553 -0.2109 0.9436
vn 0.2713 -0.3185 0.9083
vn 0.2805 -0.1403 0.9495
vn 0.4674 -0.1918 0.8630
vn 0.4544 -0.3155 0.8330
vn 0.4990 -0.1161 0.8588
vn 0.6948 -0.1861 0.6947
vn 0.6518 -0.3129 0.6909
vn 0.7390 -0.0821 0.6686
vn 0.8769 -0.1520 0.4560
vn 0.8151 -0.3184 0.4840
vn 0.9088 -0.2951 0.2951
vn 0.9719 -0.1013 0.2126
vn 0.9121 -0.0430 0.4078
vn 0.9800 -0.0188 0.1979
vn 0.9296 0.0641 0.3630
vn 0.8014 0.0572 0.5953
vn 0.7730 0.3934 0.4978
vn 0.5999 0.3264 0.7304
vn 0.5698 -0.0000 0.8218
vn 0.3440 0.2614 0.9018
vn 0.3190 -0.0411 0.9468
vn 0.0291 0.2336 0.9719
vn 0.0437 -0.0699 0.9966
vn -0.2749 0.1761 0.9452
vn -0.2756 -0.1166 0.9542
vn -0.7314 0.1202 0.6713
vn -0.7490 -0.1070 0.6539
vn -0.9625 0.2406 0.1256
vn -0.9651 -0.0398 0.2587
vn -0.9872 0.0277 -0.1568
vn -0.9627 -0.0608 0.2635
vn -0.8921 0.0215 -0.4514
vn -0.9278 0.2520 -0.2749
vn -0.8230 0.2088 -0.5282
vn -0.6350 0.7127 -0.2980
vn -0.6652 0.7155 -0.2134
vn -0.3829 0.9050 -0.1856
vn -0.6104 0.7865 -0.0939
vn -0.3797 0.9089 -0.1726
vn -0.4000 0.9110 -0.1000
vn -0.6522 0.7383 0.1723
vn -0.3908 0.8447 0.3656
vn -0.3599 0.9315 0.0529
vn -0.2148 0.8829 0.4176
vn -0.2678 0.9534 0.1393
vn -0.0000 0.8965 0.4430
vn -0.1611 0.9768 0.1410
vn 0.2056 0.9249 0.3197
vn -0.0083 0.9987 0.0500
vn 0.3224 0.9337 0.1556
vn 0.2756 0.9593 0.0612
vn 0.0592 0.9981 -0.0169
vn 0.8466 0.4486 0.2863
vn 0.0602 0.9976 -0.0344
vn 0.0427 0.9982 -0.0427
vn 0.3499 0.9366 0.0206
vn 0.0254 0.9984 -0.0508
vn 0.4459 0.8917 -0.0780
vn 0.3068 0.9087 -0.2832
vn -0.0182 0.9892 -0.1452
vn 0.2023 0.8806 -0.4284
vn -0.0808 0.9693 -0.2322
vn 0.0335 0.8367 -0.5466
vn -0.1759 0.9453 -0.2748
vn -0.1798 0.8517 -0.4921
vn -0.2674 0.9187 -0.2907
vn -0.3556 0.9009 -0.2489
vn -0.3239 0.7646 -0.5572
vn -0.4598 0.8725 -0.1650
vn -0.4953 0.7228 -0.4819
vn -0.1248 0.2287 -0.9655
vn -0.3611 0.2097 -0.9086
vn -0.0827 0.0919 -0.9923
vn -0.3338 0.0970 -0.9376
vn -0.0264 0.0969 -0.9949
vn -0.3165 0.1311 -0.9395
vn 0.0254 0.0508 -0.9984
vn -0.3247 0.0629 -0.9437
vn 0.0627 -0.0807 -0.9948
vn -0.3469 -0.0526 -0.9364
vn 0.0298 -0.2680 -0.9630
vn -0.3779 -0.2247 -0.8982
vn -0.0222 -0.8319 -0.5546
vn 0.1159 -0.8586 -0.4993
vn -0.1074 -0.7377 -0.6665
vn 0.1461 -0.6932 -0.7058
vn 0.2108 -0.7938 -0.5705
vn 0.2554 -0.7147 -0.6512
vn 0.2936 -0.7914 -0.5361
vn 0.3861 -0.6386 -0.6656
vn 0.3900 -0.7930 -0.4680
vn 0.6256 -0.5164 -0.5847
vn 0.5829 -0.7508 -0.3108
vn 0.5645 -0.7903 -0.2383
vn 0.3256 -0.9453 -0.0202
vn 0.8741 -0.4856 0.0108
vn 0.7187 -0.6138 0.3266
vn 0.4569 -0.8657 0.2044
vn 0.6482 -0.6074 0.4592
vn 0.4336 -0.8549 0.2849
vn 0.9098 -0.4116 0.0541
vn 0.8828 -0.3870 0.2661
vn 0.8120 -0.3996 0.4254
vn 0.9524 -0.2930 0.0837
vn 0.4616 -0.7654 0.4484
vn 0.6676 -0.4006 0.6276
vn 0.4554 -0.4033 0.7937
vn 0.2945 -0.3927 0.8712
vn 0.2563 -0.8670 0.4274
vn 0.2192 -0.8523 0.4749
vn 0.3558 -0.6059 0.7116
vn 0.4105 -0.8206 0.3977
vn 0.4968 -0.4968 0.7116
vn 0.1065 -0.6151 0.7812
vn 0.0560 -0.8620 0.5038
vn -0.1324 -0.6381 0.7585
vn -0.0001 -0.9298 0.3682
vn -0.3714 -0.6631 0.6499
vn -0.1845 -0.9109 0.3690
vn -0.5715 -0.7173 0.3987
vn -0.4014 -0.8759 0.2676
vn -0.6673 -0.7448 -0.0000
vn -0.2566 -0.9661 0.0297
vn -0.4567 -0.8511 -0.2591
vn -0.3279 -0.9272 -0.1809
vn -0.2107 -0.9028 -0.3750
vn -0.3583 -0.8191 -0.4479
vn -0.1160 -0.8588 -0.4990
vn -0.2955 -0.7703 -0.5651
vn -0.0222 -0.8318 -0.5546
vn -0.1072 -0.7377 -0.6666
vn -0.3783 -0.2248 -0.8980
vn -0.6388 -0.2133 -0.7392
vn -0.6157 -0.0456 -0.7867
vn -0.3475 -0.0526 -0.9362
vn -0.6105 0.0339 -0.7913
vn -0.3253 0.0629 -0.9435
vn -0.5710 0.0932 -0.8157
vn -0.3171 0.1311 -0.9393
vn -0.5396 0.0804 -0.8381
vn -0.3343 0.0970 -0.9375
vn -0.5524 0.1965 -0.8101
vn -0.3613 0.2099 -0.9085
vn -0.5343 0.7213 -0.4408
vn -0.4953 0.7230 -0.4816
vn -0.4620 0.8778 -0.1270
vn -0.4143 0.8977 -0.1496
vn -0.6020 0.6823 -0.4147
vn -0.3902 0.9066 -0.1607
vn -0.6935 0.1463 -0.7055
vn -0.7287 0.0578 -0.6824
vn -0.7345 0.0459 -0.6771
vn -0.7709 0.0112 -0.6368
vn -0.8063 -0.0691 -0.5875
vn -0.8229 -0.2091 -0.5283
vn -0.9031 -0.3212 -0.2852
vn -0.9398 -0.3404 -0.0296
vn -0.1899 -0.4391 0.8781
vn 0.0656 -0.4154 0.9073
vn 0.8986 -0.3970 -0.1869
vn 0.9101 -0.2217 -0.3500
vn 0.9948 -0.0717 -0.0717
vn 0.8965 -0.0000 -0.4430
vn 0.9162 0.0210 -0.4002
vn 0.9977 -0.0085 -0.0677
vn 0.9017 0.0891 -0.4230
vn 0.9837 0.1169 -0.1364
vn 0.9852 0.0766 0.1531
vn 0.8850 0.4542 0.1022
vn 0.8667 0.4904 -0.0912
vn 0.8206 0.3978 -0.4103
vn 0.6864 0.3568 -0.6337
vn 0.4690 0.3173 -0.8243
vn 0.7278 0.0822 -0.6808
vn 0.4817 0.0672 -0.8738
vn 0.7347 0.0226 -0.6781
vn 0.4946 0.0329 -0.8685
vn 0.7182 -0.0112 -0.6957
vn 0.4986 -0.0107 -0.8668
vn 0.6822 -0.1861 -0.7071
vn 0.5300 -0.1686 -0.8311
vn 0.7211 -0.3409 -0.6031
vn 0.5721 -0.2670 -0.7755
vn 0.3373 -0.1088 -0.9351
vn 0.3275 -0.2457 -0.9124
vn 0.2864 0.0099 -0.9581
vn 0.2397 0.0599 -0.9690
vn 0.1957 0.0685 -0.9783
vn 0.1411 0.2937 -0.9454
vn -0.4641 0.2320 -0.8549
vn -0.4730 0.0440 -0.8800
vn -0.6346 0.1990 -0.7468
vn -0.2033 0.0484 -0.9779
vn -0.2350 0.2463 -0.9403
vn -0.4505 0.3733 -0.8110
vn -0.6710 0.3421 -0.6579
vn -0.8206 0.2904 -0.4923
vn -0.6435 -0.0000 -0.7655
vn -0.7738 0.1451 -0.6166
vn -0.7690 0.2393 -0.5928
vn -0.8953 0.1132 -0.4309
vn -0.8852 0.1022 -0.4539
vn -0.3073 -0.3807 -0.8721
vn -0.8666 0.0914 -0.4906
vn -0.9167 0.1232 -0.3802
vn -0.8248 0.0933 -0.5576
vn -0.4208 0.8284 -0.3698
vn -0.4872 0.8072 -0.3333
vn -0.4212 0.2285 -0.8777
vn -0.4167 0.7939 -0.4427
vn -0.7013 0.0229 -0.7125
vn -0.5353 0.1050 -0.8381
vn -0.3107 0.8575 -0.4101
vn -0.1666 0.8567 -0.4881
vn -0.2364 0.1031 -0.9662
vn 0.0112 0.7504 -0.6608
vn 0.0248 0.0251 -0.9994
vn 0.2656 0.0200 -0.9639
vn 0.1828 0.8160 -0.5484
vn 0.4985 -0.0106 -0.8668
vn 0.3807 0.7611 -0.5252
vn 0.6757 -0.0696 -0.7339
vn 0.4419 0.7094 -0.5491
vn 0.7917 0.0818 -0.6055
vn 0.3750 0.8017 -0.4655
vn 0.4657 0.8015 -0.3750
vn 0.9135 0.1356 -0.3835
vn 0.5181 0.8260 -0.2220
vn 0.9901 0.0844 -0.1122
vn 0.9877 0.1494 -0.0467
vn 0.5606 0.7556 -0.3387
vn 0.9327 0.0976 -0.3471
vn 0.5760 0.1838 -0.7966
vn 0.6551 -0.3273 -0.6810
vn 0.9888 0.0846 -0.1227
vn 0.9436 0.2551 -0.2111
vn 0.5949 -0.3699 -0.7136
vn 0.8734 0.3442 -0.3446
vn 0.5049 -0.3492 -0.7894
vn 0.8100 0.3598 -0.4631
vn 0.5570 -0.3975 -0.7292
vn 0.7503 0.3815 -0.5399
vn 0.5197 -0.4394 -0.7327
vn 0.5300 0.4105 -0.7420
vn 0.4468 -0.4465 -0.7753
vn 0.2891 -0.4774 -0.8297
vn 0.2963 0.4070 -0.8640
vn 0.0629 0.3248 -0.9437
vn 0.0550 -0.4507 -0.8910
vn -0.1833 0.3549 -0.9168
vn -0.0795 -0.4992 -0.8628
vn -0.3954 0.3086 -0.8651
vn -0.1179 -0.5533 -0.8246
vn -0.2332 -0.4783 -0.8467
vn -0.6413 0.2692 -0.7185
vn -0.3142 -0.4394 -0.8415
vn -0.2272 0.4066 -0.8849
vn 0.0617 0.2877 -0.9557
vn 0.0436 0.4468 -0.8936
vn 0.3009 0.4514 -0.8401
vn 0.3232 0.2993 -0.8978
vn 0.4918 0.4519 -0.7443
vn 0.5182 0.2781 -0.8088
vn 0.6840 0.4291 -0.5899
vn 0.8151 0.3184 -0.4840
vn 0.6900 0.2555 -0.6772
vn 0.8030 0.4404 -0.4015
vn 0.5572 -0.0000 -0.8304
vn 0.6898 -0.0226 -0.7237
vn 0.8102 0.0338 -0.5852
vn 0.8743 0.2550 -0.4129
vn 0.9062 0.0432 -0.4207
vn 0.9363 0.2369 -0.2594
vn 0.9764 0.0387 -0.2127
vn 0.9907 0.1284 -0.0459
vn 0.9347 0.3299 -0.1320
vn 0.8782 0.3782 -0.2927
vn 0.3161 0.0306 -0.9482
vn 0.0420 0.0252 -0.9988
vn -0.7905 -0.0112 -0.6124
vn -0.5182 -0.2780 0.8088
vn -0.5067 -0.4533 0.7333
vn -0.3232 -0.2993 0.8978
vn -0.6931 -0.3999 0.5998
vn -0.6900 -0.2556 0.6772
vn -0.5623 -0.0110 0.8269
vn -0.3068 -0.0409 0.9509
vn -0.0612 -0.2756 0.9593
vn -0.3009 -0.4514 0.8401
vn -0.0420 -0.0252 0.9988
vn 0.2221 -0.2443 0.9439
vn -0.0436 -0.4468 0.8936
vn 0.2266 -0.4069 0.8849
vn 0.4506 -0.3733 0.8110
vn 0.1964 -0.5526 0.8099
vn 0.4108 -0.5302 0.7417
vn 0.6503 -0.4880 0.5823
vn 0.2070 -0.9759 0.0690
vn 0.2931 -0.9524 -0.0837
vn 0.6710 -0.3421 0.6578
vn 0.8031 -0.4405 0.4013
vn 0.4700 -0.8694 -0.1527
vn 0.8183 -0.2770 0.5036
vn 0.9308 -0.2159 0.2949
vn 0.5543 -0.7391 -0.3827
vn 0.8852 -0.1021 0.4539
vn 0.9315 0.0532 0.3599
vn 0.9806 -0.0091 0.1959
vn 0.6756 -0.5540 -0.4865
vn 0.8713 0.3924 -0.2947
vn 0.5396 0.8381 0.0804
vn 0.1266 0.9838 -0.1267
vn 0.0262 0.9958 -0.0873
vn 0.4284 0.8806 0.2023
vn -0.0164 0.9996 -0.0246
vn 0.3156 0.8860 0.3398
vn 0.8219 0.1695 0.5438
vn 0.6738 0.2000 0.7113
vn 0.7852 -0.0000 0.6193
vn 0.6489 -0.0112 0.7608
vn 0.7630 -0.1453 0.6298
vn 0.6347 -0.1991 0.7467
vn 0.4730 -0.0440 0.8800
vn 0.4641 -0.2320 0.8549
vn 0.2166 -0.0591 0.9745
vn -0.0280 0.1677 0.9854
vn 0.2485 0.1039 0.9631
vn 0.0806 0.8293 0.5529
vn 0.5159 0.1683 0.8400
vn 0.2171 0.8682 0.4462
vn -0.0176 0.9943 0.1056
vn -0.0333 0.9991 0.0250
vn -0.1666 0.8570 -0.4877
vn -0.3106 0.8576 -0.4099
vn -0.4164 0.7943 -0.4425
vn -0.4204 0.8287 -0.3695
vn -0.4867 0.8075 -0.3331
vn -0.4209 0.2289 -0.8778
vn 0.4728 0.0108 -0.8811
vn -0.3069 -0.3809 -0.8722
vn 0.2114 -0.5844 -0.7834
vn 0.1201 -0.6590 -0.7425
vn -0.3138 -0.4398 -0.8415
vn 0.1182 -0.8152 -0.5671
vn 0.0806 -0.8293 -0.5529
vn -0.2330 -0.4787 -0.8465
vn -0.1176 -0.5538 -0.8243
vn 0.0772 -0.9046 -0.4192
vn -0.0795 -0.4997 -0.8625
vn 0.0566 -0.8376 -0.5433
vn 0.0550 -0.4512 -0.8907
vn 0.2890 -0.4779 -0.8295
vn 0.0989 -0.9223 -0.3736
vn 0.2375 -0.8006 -0.5501
vn 0.4466 -0.4470 -0.7751
vn 0.5194 -0.4398 -0.7326
vn 0.1547 -0.8451 -0.5118
vn 0.5566 -0.3980 -0.7293
vn 0.1592 -0.7102 -0.6857
vn 0.5045 -0.3496 -0.7895
vn 0.0229 -0.6781 -0.7346
vn 0.1327 -0.6637 -0.7361
vn 0.5945 -0.3702 -0.7138
vn 0.0452 -0.5645 -0.8242
vn 0.6549 -0.3274 -0.6811
vn 0.5756 0.1838 -0.7968
vn -0.0384 0.2015 -0.9787
vn 0.0104 0.9180 -0.3964
vn 0.5601 0.7560 -0.3388
vn 0.5176 0.8263 -0.2219
vn -0.0997 0.9768 -0.1894
vn -0.0861 0.9859 -0.1436
vn 0.4653 0.8018 -0.3749
vn 0.3749 0.8018 -0.4653
vn 0.1124 0.9702 -0.2145
vn 0.4417 0.7098 -0.5488
vn 0.3804 0.7614 -0.5249
vn 0.0546 0.9925 -0.1093
vn 0.1826 0.8163 -0.5480
vn -0.0082 0.9994 -0.0328
vn -0.0444 0.9951 -0.0889
vn 0.0113 0.7506 -0.6606
vn -0.1488 0.9041 0.4006
vn -0.0784 0.8849 0.4592
vn -0.2554 0.2112 0.9435
vn -0.4786 0.2334 0.8465
vn -0.6642 0.2558 0.7025
vn -0.2187 0.9210 0.3223
vn -0.2951 0.9308 0.2157
vn -0.8034 0.2514 0.5398
vn -0.4143 0.8977 0.1496
vn -0.9166 0.1836 0.3551
vn -0.5385 0.8414 0.0449
vn -0.9804 0.1848 0.0680
vn -0.5264 0.8422 -0.1170
vn -0.9866 0.1586 -0.0373
vn -0.4923 0.8206 -0.2903
vn -0.9638 0.0199 -0.2658
vn -0.5490 0.1432 -0.8235
vn -0.4864 -0.5540 -0.6756
vn -0.9597 -0.2685 -0.0829
vn -0.3849 -0.7036 -0.5973
vn -0.8834 -0.4686 -0.0003
vn -0.3357 -0.7877 -0.5165
vn -0.8363 -0.5259 0.1550
vn -0.2691 -0.8686 -0.4160
vn -0.7580 -0.6066 0.2398
vn -0.2490 -0.9529 -0.1732
vn -0.6748 -0.5672 0.4722
vn -0.0841 -0.9901 -0.1121
vn -0.4446 -0.6200 0.6465
vn -0.0717 -0.9948 0.0717
vn -0.0456 -0.6284 0.7765
vn -0.2662 -0.5582 0.7859
vn 0.0413 -0.9991 0.0082
vn -0.8033 -0.4275 0.4146
vn -0.8133 -0.3050 0.4956
vn -0.8701 -0.2819 0.4044
vn -0.8840 -0.3754 0.2785
vn -0.9363 -0.2369 0.2594
vn -0.9398 -0.3241 0.1080
vn -0.9951 -0.0889 0.0444
vn -0.9738 -0.0389 0.2240
vn -0.9046 -0.0772 0.4192
vn -0.8051 -0.0224 0.5927
vn -0.6843 0.0112 0.7291
vn -0.0330 -0.9993 0.0165
vn -0.0164 -0.9993 0.0331
vn -0.0787 -0.9963 0.0350
vn 0.0160 -0.9999 -0.0000
vn 0.0080 -0.9999 -0.0080
vn -0.0328 -0.9994 0.0082
vn -0.0793 -0.9959 0.0441
vn -0.2009 -0.9744 0.1004
vn -0.0688 -0.9973 0.0258
vn -0.1956 -0.9783 0.0685
vn -0.6899 -0.6773 0.2555
vn -0.1812 -0.9823 0.0477
vn -0.6343 -0.7567 0.1586
vn -0.6117 -0.7800 0.1319
vn -0.1796 -0.9830 0.0378
vn -0.6903 -0.7026 0.1726
vn -0.1939 -0.9793 0.0582
vn -0.5758 -0.7967 0.1838
vn -0.5539 -0.7936 0.2518
vn -0.1975 -0.9771 0.0789
vn -0.5359 -0.7916 0.2935
vn -0.2145 -0.9702 0.1123
vn -0.5310 -0.7776 0.3367
vn -0.2164 -0.9685 0.1236
vn -0.1246 -0.9656 0.2284
vn -0.4520 -0.4915 0.7444
vn 0.0929 -0.8250 0.5574
vn 0.1340 -0.9693 0.2062
vn 0.5758 -0.6963 0.4285
vn 0.2708 -0.9581 0.0937
vn 0.7857 -0.6071 0.1191
vn 0.2631 -0.9647 -0.0097
vn 0.7559 -0.6544 -0.0225
vn 0.2354 -0.9711 -0.0393
vn 0.7917 -0.6082 -0.0574
vn 0.1980 -0.9800 -0.0189
vn 0.6957 -0.7182 -0.0112
vn 0.1764 -0.9841 0.0186
vn 0.7612 -0.6476 0.0341
vn 0.8988 -0.4266 0.1011
vn 0.6821 -0.7073 0.1860
vn 0.1364 -0.9837 0.1169
vn 0.5552 -0.6639 0.5010
vn 0.0369 -0.9883 0.1478
vn 0.0895 -0.4364 0.8953
vn -0.0813 -0.5924 0.8015
vn -0.0777 -0.9815 0.1749
vn -0.4126 -0.4122 0.8123
vn -0.5169 -0.5983 0.6122
vn -0.1523 -0.9749 0.1625
vn -0.4953 -0.7228 0.4819
vn -0.1741 -0.9727 0.1536
vn -0.5449 -0.6130 0.5721
vn -0.0248 -0.9994 0.0248
vn 0.1585 -0.9802 -0.1187
vn 0.1910 -0.9753 -0.1106
vn 0.3609 -0.9087 -0.2096
vn 0.4303 -0.8612 -0.2705
vn 0.1473 -0.9820 -0.1178
vn 0.4364 -0.8485 -0.2993
vn 0.4979 -0.7730 -0.3931
vn 0.4402 -0.8032 -0.4014
vn 0.1611 -0.9768 -0.1410
vn 0.5164 -0.7879 -0.3356
vn 0.1927 -0.9737 -0.1217
vn 0.2244 -0.9691 -0.1020
vn 0.4603 -0.8606 -0.2180
vn 0.2044 -0.9712 -0.1227
vn 0.4673 -0.8492 -0.2460
vn 0.2182 -0.9665 -0.1351
vn 0.4807 -0.8227 -0.3036
vn 0.3994 -0.8122 -0.4252
vn 0.1754 -0.9706 -0.1647
vn 0.1858 -0.7312 -0.6564
vn 0.1066 -0.9485 -0.2984
vn -0.0945 -0.7331 -0.6736
vn -0.0726 -0.9541 -0.2904
vn 0.0527 -0.9961 -0.0704
vn 0.0088 -0.9934 -0.1143
vn -0.1413 -0.9455 -0.2934
vn -0.0355 -0.9946 -0.0977
vn -0.0000 -0.9992 -0.0409
vn -0.0333 -0.9991 -0.0250
vn -0.0723 -0.9941 -0.0813
vn -0.1982 -0.9469 -0.2532
vn -0.3556 -0.9009 -0.2489
vn -0.6629 -0.5686 -0.4871
vn -0.5156 -0.6516 -0.5564
vn -0.8100 -0.5526 -0.1963
vn -0.3195 -0.9476 -0.0002
vn -0.2516 -0.9660 0.0604
vn -0.7361 -0.6637 0.1327
vn -0.5775 -0.7355 0.3544
vn -0.1877 -0.9782 0.0889
vn -0.2145 -0.9702 0.1124
vn -0.7036 -0.5974 0.3849
vn -0.0246 -0.9996 0.0164
vn -0.0880 -0.9955 0.0352
vn -0.0244 -0.9997 0.0081
vn -0.0960 -0.9952 0.0174
vn -0.0977 -0.9946 -0.0355
vn 0.0162 -0.9997 -0.0163
vn 0.0081 -0.9997 -0.0244
vn 0.0699 -0.9966 -0.0437
vn 0.0800 -0.9954 -0.0533
vn 0.0794 -0.9959 -0.0444
vn 0.0163 -0.9997 -0.0162
vn 0.0694 -0.9970 -0.0347
vn 0.0793 -0.9959 -0.0441
vn 0.0427 -0.9982 0.0426
vn 0.0591 -0.9981 -0.0169
vn 0.0242 -0.9997 -0.0000
vn 0.0259 -0.9973 0.0687
vn -0.0000 -0.9995 0.0325
vn -0.0080 -0.9999 0.0080
vn -0.0160 -0.9999 -0.0000
vn -0.0081 -0.9998 0.0161
vn -0.0000 -0.9971 0.0760
vn -0.2814 -0.7679 -0.5755
vn 0.0920 0.5174 0.8508
vn -0.1179 0.5672 0.8151
vn -0.4284 0.2023 0.8806
vn 0.4879 0.7644 0.4215
vn 0.4724 0.5669 0.6749
vn 0.4785 0.2331 0.8466
vn -0.0091 0.1541 0.9880
vn -0.1375 -0.0367 0.9898
vn -0.5001 0.2626 0.8252
vn -0.6300 -0.0225 0.7763
vn -0.5240 0.0109 0.8516
vn -0.4384 -0.7435 0.5049
vn -0.3210 -0.7957 0.5137
vn -0.0404 -0.9584 0.2825
vn -0.1444 -0.9699 0.1960
vn 0.1861 -0.7071 0.6822
vn 0.1341 -0.9693 0.2062
vn 0.0508 -0.9984 0.0254
vn 0.2264 -0.9674 -0.1132
vn 0.2864 -0.9581 -0.0099
vn 0.6243 -0.7385 -0.2549
vn 0.7957 -0.6052 -0.0224
vn 0.5252 -0.7610 0.3808
vn 0.9155 -0.0538 0.3988
vn 0.3727 -0.0534 0.9264
vn 0.9256 0.1693 0.3386
vn 0.9529 0.1733 -0.2490
vn 0.8853 0.4249 0.1889
vn 0.9759 0.0896 -0.1992
vn 0.9109 0.3936 -0.1237
vn 0.6694 0.7073 0.2273
vn 0.9646 0.0711 -0.2539
vn 0.9276 0.3534 -0.1215
vn 0.9334 0.1912 -0.3036
vn 0.9315 0.0529 -0.3599
vn 0.9042 -0.1485 -0.4005
vn 0.9318 0.0207 -0.3624
vn 0.9216 -0.1461 -0.3596
vn 0.3611 -0.9086 -0.2097
vn 0.8814 0.3985 -0.2536
vn 0.7967 0.6004 -0.0692
vn 0.4057 0.8368 0.3677
vn -0.0113 0.6957 0.7182
vn -0.1322 0.7693 0.6251
vn -0.4854 0.4067 0.7740
vn -0.6406 0.0457 0.7665
vn -0.7291 -0.0342 0.6835
vn -0.5449 -0.6129 0.5722
vn -0.5116 0.7001 0.4982
vn -0.5174 0.7430 0.4246
vn -0.7096 0.5489 0.4418
vn -0.0871 0.9249 0.3700
vn -0.0680 0.8505 0.5216
vn -0.4434 0.6853 0.5778
vn -0.6879 0.5395 0.4856
vn -0.7941 0.4166 0.4426
vn -0.7090 0.6171 0.3414
vn -0.8278 0.4330 0.3566
vn -0.9367 0.1432 0.3196
vn -0.7387 0.6241 0.2547
vn -0.9101 0.3500 0.2217
vn -0.8898 0.2135 0.4034
vn -0.9268 -0.0208 0.3749
vn -0.9597 -0.1043 0.2608
vn -0.9802 0.0481 0.1922
vn -0.9375 -0.0970 0.3341
vn -0.6903 -0.7027 0.1726
vn -0.9712 -0.1227 0.2045
vn -0.5759 -0.7966 0.1838
vn -0.6117 -0.7801 0.1319
vn -0.9729 -0.1115 0.2027
vn -0.9462 -0.1183 0.3011
vn -0.6898 -0.6774 0.2555
vn -0.8947 -0.0663 0.4418
vn -0.7035 -0.5974 0.3850
vn -0.8576 -0.0446 0.5123
vn -0.5776 -0.7354 0.3544
vn -0.9333 -0.0419 0.3566
vn -0.7359 -0.6639 0.1326
vn -0.9821 -0.1176 -0.1472
vn -0.8648 -0.1659 -0.4739
vn -0.5156 -0.6517 -0.5563
vn -0.6878 -0.2982 -0.6618
vn -0.4222 -0.2978 -0.8562
vn -0.2815 -0.7677 -0.5757
vn -0.4131 -0.2550 -0.8742
vn -0.6949 -0.2274 -0.6822
vn -0.4003 -0.0999 -0.9109
vn -0.6771 -0.0459 -0.7345
vn -0.4367 0.0895 -0.8951
vn -0.7408 0.1457 -0.6558
vn -0.7025 0.2555 -0.6642
vn -0.3784 0.2927 -0.8781
vn -0.6467 0.4446 -0.6198
vn -0.3143 0.4396 -0.8414
vn -0.5784 0.6627 -0.4757
vn -0.3131 0.6910 -0.6515
vn 0.0166 0.9990 0.0416
vn -0.0000 0.9956 -0.0941
vn -0.1339 0.9864 -0.0956
vn -0.0988 0.9791 -0.1778
vn -0.2326 0.9612 -0.1480
vn 0.0168 0.9986 0.0504
vn -0.4366 0.8952 -0.0896
vn -0.0083 0.9987 0.0499
vn -0.6381 0.7585 0.1324
vn -0.0444 0.9951 0.0888
vn -0.6803 0.6140 0.4002
vn -0.1036 0.9892 0.1036
vn -0.4846 0.6996 0.5251
vn -0.1352 0.9851 0.1062
vn -0.1765 0.8827 0.4355
vn -0.0917 0.9678 0.2343
vn -0.0283 0.9816 0.1888
vn -0.0104 0.9235 0.3836
vn 0.0364 0.9912 0.1273
vn 0.1527 0.8694 0.4699
vn 0.0622 0.9955 0.0711
vn 0.2623 0.8254 0.4999
vn 0.4766 0.7551 0.4502
vn 0.6175 0.7338 0.2831
vn 0.4125 0.8122 0.4125
vn 0.6074 0.7367 0.2972
vn 0.7767 0.6260 0.0696
vn 0.4404 0.8920 0.1016
vn 0.7408 0.6558 -0.1457
vn 0.8707 0.4532 -0.1909
vn 0.8152 0.5671 -0.1181
vn 0.7119 0.7008 0.0459
vn 0.1719 0.9835 -0.0573
vn 0.0852 0.9964 -0.0000
vn 0.3935 0.9028 0.1736
vn 0.3176 0.8796 0.3543
vn 0.5757 0.8108 0.1058
vn 0.3401 0.9326 -0.1207
vn 0.7165 0.6927 -0.0822
vn 0.5503 0.8004 -0.2376
vn 0.8745 0.4126 -0.2550
vn 0.5688 0.7275 -0.3836
vn 0.7754 0.3228 -0.5427
vn 0.5157 0.6514 -0.5565
vn 0.6247 0.0112 -0.7808
vn 0.3124 0.4246 -0.8498
vn 0.2636 0.8159 -0.5146
vn -0.0000 0.8216 -0.5700
vn 0.1199 0.9374 -0.3270
vn -0.0000 0.9955 -0.0945
vn 0.0112 0.6002 -0.7997
vn -0.3125 0.6909 -0.6519
vn -0.3137 0.4396 -0.8416
vn 0.0908 0.4769 -0.8743
vn 0.0313 0.3658 -0.9302
vn -0.3778 0.2928 -0.8784
vn -0.0089 0.1339 -0.9910
vn -0.4362 0.0895 -0.8954
vn -0.0256 -0.0597 -0.9979
vn -0.3997 -0.1000 -0.9112
vn -0.0889 -0.1877 -0.9782
vn -0.4126 -0.2550 -0.8745
vn -0.0621 -0.3001 -0.9519
vn -0.4217 -0.2979 -0.8564
vn -0.0946 -0.7329 -0.6738
vn 0.1859 -0.7310 -0.6566
vn 0.2972 -0.3091 -0.9034
vn 0.3996 -0.8121 -0.4253
vn 0.6178 -0.2832 -0.7336
vn 0.7888 -0.2801 -0.5471
vn 0.4806 -0.8227 -0.3036
vn 0.8507 -0.3253 -0.4129
vn 0.4674 -0.8492 -0.2460
vn 0.8701 -0.2818 -0.4044
vn 0.5165 -0.7877 -0.3357
vn 0.8226 -0.2493 -0.5110
vn 0.7452 -0.2827 -0.6039
vn 0.4404 -0.8030 -0.4015
vn 0.7367 -0.2973 -0.6074
vn 0.7857 -0.3220 -0.5281
vn 0.4367 -0.8483 -0.2994
vn 0.8415 -0.3140 -0.4396
vn 0.4305 -0.8611 -0.2706
vn 0.9041 -0.1488 -0.4005
vn 0.3614 -0.9085 -0.2098
vn 0.9216 -0.1461 -0.3597
vn 0.9084 -0.0320 -0.4168
vn 0.9089 0.1726 -0.3797
vn 0.8663 0.3713 -0.3342
vn 0.7963 0.5435 -0.2654
vn 0.7967 0.6004 -0.0693
vn 0.6459 0.7612 -0.0577
vn 0.4058 0.8369 0.3674
vn 0.2041 0.9298 0.3062
vn -0.1325 0.7694 0.6248
vn -0.3414 0.7090 0.6171
vn -0.5688 0.3836 0.7275
vn -0.6406 0.0458 0.7665
vn -0.5978 0.0338 0.8009
vn -0.7057 -0.1457 0.6934
vn -0.5170 -0.5983 0.6122
vn -0.7113 -0.1995 0.6739
vn -0.5595 0.0338 0.8282
vn -0.4125 -0.4125 0.8122
vn -0.2280 0.0597 0.9718
vn -0.0813 -0.5922 0.8017
vn 0.0950 0.1235 0.9878
vn 0.7612 0.0341 0.6476
vn 0.5553 -0.6637 0.5012
vn 0.6820 -0.7072 0.1861
vn 0.9632 0.0820 0.2562
vn 0.8987 -0.4268 0.1012
vn 0.9948 0.0627 0.0806
vn 0.9994 0.0248 0.0248
vn 0.7610 -0.6478 0.0341
vn 0.6955 -0.7184 -0.0112
vn 0.9988 -0.0000 -0.0495
vn 0.9972 0.0433 -0.0607
vn 0.9916 0.1262 0.0271
vn 0.7557 -0.6545 -0.0226
vn 0.9705 0.1755 0.1652
vn 0.7855 -0.6073 0.1190
vn 0.8379 0.1943 0.5100
vn 0.5758 -0.6966 0.4280
vn 0.2422 0.2998 0.9227
vn 0.0929 -0.8249 0.5576
vn -0.4519 -0.4918 0.7443
vn -0.3956 0.3087 0.8650
vn -0.7662 0.0225 0.6422
vn -0.5311 -0.7776 0.3367
vn -0.8589 -0.0916 0.5039
vn -0.9017 -0.0891 0.4230
vn -0.9067 0.0105 0.4217
vn -0.8592 0.2578 0.4419
vn -0.8505 0.0680 0.5216
vn -0.6631 0.3714 0.6499
vn -0.7539 0.4232 0.5026
vn -0.7716 0.0576 0.6335
vn -0.7438 0.5047 0.4383
vn -0.3760 0.3635 0.8523
vn 0.0340 0.6105 0.7913
vn -0.3270 0.6278 0.7063
vn 0.1404 0.4798 0.8660
vn 0.1310 0.8099 0.5717
vn 0.4554 0.7937 0.4034
vn 0.8037 0.5103 0.3062
vn 0.6756 0.5540 0.4864
vn 0.9337 0.3224 0.1556
vn 0.7529 0.4095 0.5152
vn 0.9557 0.2655 0.1274
vn 0.9570 0.2552 0.1382
vn 0.9860 0.1659 0.0184
vn 0.9822 0.1871 0.0187
vn 0.9958 0.0874 -0.0262
vn 0.9836 0.1780 0.0281
vn 0.9969 0.0773 0.0172
vn 0.9948 0.0807 0.0627
vn 0.9815 0.1749 0.0777
vn 0.9562 0.1051 0.2732
vn 0.9476 0.2204 0.2314
vn 0.7338 0.1590 0.6605
vn 0.1854 0.2511 0.9500
vn 0.7535 0.3248 0.5716
vn 0.0772 0.1639 0.9835
vn 0.8604 0.4605 0.2181
vn 0.5952 0.4734 0.6494
vn 0.7184 0.6414 0.2694
vn 0.4427 0.6976 0.5634
vn 0.0336 0.5595 0.8281
vn 0.1697 0.8124 0.5578
vn -0.3968 0.1867 0.8987
vn -0.2821 0.5899 0.7566
vn -0.0216 0.8854 0.4643
vn 0.2055 0.9249 0.3197
vn -0.0904 0.8815 0.4634
vn 0.3161 0.9482 0.0306
vn 0.2891 0.9571 0.0199
vn 0.6350 0.7127 -0.2981
vn 0.6002 0.7535 -0.2682
vn 0.7549 0.4768 -0.4503
vn 0.7551 0.4636 -0.4636
vn 0.8004 0.2376 -0.5503
vn 0.7834 0.2114 -0.5844
vn 0.8523 0.3635 -0.3760
vn 0.8588 0.1160 -0.4990
vn 0.9269 0.2289 -0.2975
vn 0.9396 0.0310 -0.3408
vn 0.8987 0.1867 -0.3968
vn 0.8666 0.3590 -0.3466
vn 0.7558 0.3388 -0.5603
vn 0.7116 0.4968 -0.4968
vn 0.7914 0.5361 -0.2936
vn 0.6864 0.5652 -0.4576
vn 0.7453 0.6039 -0.2827
vn 0.5721 0.5449 -0.6130
vn 0.3644 0.5075 -0.7808
vn 0.3388 0.5603 -0.7558
vn 0.5952 0.4735 -0.6493
vn 0.3613 0.3613 -0.8596
vn 0.6140 0.3266 -0.7185
vn 0.6077 0.1984 -0.7689
vn 0.3357 0.1567 -0.9288
vn 0.7823 0.1711 -0.5989
vn 0.3532 0.0312 -0.9350
vn 0.6435 -0.0000 -0.7655
vn 0.2794 -0.2012 -0.9389
vn 0.6739 -0.1997 -0.7113
vn 0.8157 -0.0689 -0.5744
vn 0.8198 -0.2360 -0.5217
vn 0.9037 -0.0544 -0.4246
vn 0.8743 -0.2550 -0.4129
vn 0.9089 -0.1726 -0.3796
vn 0.8423 -0.0921 -0.5310
vn 0.7612 -0.0341 -0.6476
vn 0.8000 -0.0111 -0.6000
vn 0.8609 -0.0331 -0.5077
vn 0.8733 0.2034 -0.4426
vn 0.8285 0.4207 -0.3696
vn 0.7303 0.6279 -0.2691
vn 0.4472 0.8944 0.0106
vn -0.1264 0.8850 0.4482
vn -0.3854 0.6114 0.6911
vn -0.4737 0.6091 0.6361
vn -0.6171 0.3414 0.7090
vn -0.5361 0.2936 0.7914
vn -0.6386 -0.0697 0.7664
vn -0.7198 -0.1200 0.6838
vn -0.3102 -0.0100 0.9506
vn 0.1659 0.8648 0.4739
vn -0.0111 0.8181 0.5749
vn -0.1006 0.9050 0.4134
vn 0.1980 0.7797 0.5940
vn 0.1989 0.9008 0.3860
vn -0.1012 0.9719 0.2125
vn 0.3811 0.8933 0.2382
vn -0.0685 0.9783 0.1957
vn 0.4598 0.8725 0.1651
vn -0.0612 0.9593 0.2756
vn 0.4635 0.8680 0.1781
vn 0.7538 0.6461 0.1198
vn 0.7490 0.6539 0.1070
vn 0.8886 0.4499 0.0900
vn 0.8983 0.4325 0.0776
vn 0.7693 0.6250 0.1322
vn 0.9017 0.4230 0.0891
vn 0.7274 0.6522 0.2132
vn 0.8881 0.4383 0.1384
vn 0.4821 0.8405 0.2472
vn -0.4840 0.8151 0.3184
vn -0.4930 0.8379 0.2341
vn -0.5146 0.8159 0.2636
vn -0.7977 0.5018 0.3345
vn -0.7903 0.5645 0.2383
vn -0.5380 0.6993 0.4707
vn -0.9436 0.2552 0.2108
vn -0.9800 0.0188 0.1979
vn -0.9466 -0.0101 0.3223
vn -0.8880 0.0666 0.4551
vn -0.8879 -0.0107 0.4600
vn -0.9073 0.0656 0.4154
vn -0.8546 -0.0000 0.5193
vn -0.9672 0.0502 0.2492
vn -0.9495 0.1405 0.2804
vn -0.9737 -0.1217 -0.1927
vn -0.9910 0.1339 -0.0089
vn -0.8944 0.0106 -0.4472
vn -0.8317 -0.2483 -0.4966
vn -0.9198 0.2069 -0.3334
vn -0.9707 0.2403 0.0096
vn -0.9366 0.3499 -0.0206
vn -0.8796 0.3176 -0.3543
vn -0.8226 0.5110 -0.2493
vn -0.8336 0.5481 0.0685
vn -0.6669 0.7452 0.0001
vn -0.5715 0.8101 -0.1310
vn -0.6159 0.7546 0.2263
vn -0.7963 0.5435 0.2654
vn -0.5570 0.7648 0.3239
vn -0.7070 0.5736 0.4136
vn -0.4033 0.7937 0.4554
vn -0.5169 0.5985 0.6121
vn -0.2262 0.7546 0.6159
vn -0.2547 0.7387 0.6241
vn -0.0225 0.7861 0.6177
vn -0.6493 0.4735 0.5952
vn -0.8025 0.3883 0.4530
vn -0.8630 0.1918 0.4674
vn -0.8133 0.3050 0.4956
vn -0.9398 0.1660 0.2987
vn -0.8895 0.3726 0.2645
vn -0.8576 -0.0445 -0.5123
vn -0.7763 -0.0225 -0.6300
vn -0.8252 0.2628 -0.5001
vn -0.7999 -0.0111 -0.6000
vn -0.8593 0.0109 -0.5113
vn -0.9786 -0.1298 -0.1598
vn -0.8896 0.4216 -0.1755
vn -0.3640 0.9043 -0.2231
vn -0.6515 0.5564 -0.5157
vn -0.4634 0.8815 -0.0904
vn -0.3441 0.9019 -0.2611
vn -0.6748 0.2987 -0.6748
vn -0.3033 0.8856 -0.3518
vn -0.4331 0.3568 -0.8277
vn -0.2063 0.8496 -0.4855
vn -0.5163 -0.0220 -0.8562
vn -0.7399 -0.0112 -0.6726
vn -0.6179 -0.0225 -0.7859
vn -0.7717 -0.0576 -0.6334
vn -0.6772 -0.2557 -0.6900
vn -0.4016 -0.2677 -0.8758
vn -0.2955 -0.7702 -0.5652
vn -0.7235 -0.3552 -0.5920
vn -0.2110 -0.9026 -0.3751
vn -0.4565 -0.8512 -0.2590
vn -0.8798 -0.2410 -0.4098
vn -0.6671 -0.7449 -0.0000
vn -0.9867 -0.0375 -0.1582
vn -0.9037 -0.0545 0.4246
vn -0.5713 -0.7175 0.3986
vn -0.6511 0.0698 0.7558
vn -0.3001 0.0621 0.9519
vn 0.0083 0.0499 0.9987
vn 0.1065 -0.6154 0.7810
vn 0.3376 0.0205 0.9411
vn 0.3557 -0.6060 0.7115
vn 0.5515 0.0450 0.8329
vn 0.4969 -0.4965 0.7117
vn 0.7287 0.0578 0.6824
vn 0.4102 -0.8209 0.3973
vn 0.6481 -0.6076 0.4591
vn 0.8714 0.0218 0.4902
vn 0.7185 -0.6140 0.3266
vn 0.9794 0.0783 0.1861
vn 0.8743 -0.4853 0.0108
vn 0.9984 0.0508 0.0254
vn 0.9846 0.0092 -0.1748
vn 0.5824 -0.7512 -0.3107
vn 0.8269 0.0110 -0.5623
vn 0.5695 -0.0570 -0.8200
vn 0.3136 -0.2439 -0.9177
vn 0.2552 -0.7146 -0.6513
vn 0.1459 -0.6932 -0.7058
vn 0.0480 -0.1922 -0.9802
vn -0.1072 -0.7376 -0.6666
vn -0.4012 -0.2676 -0.8760
vn -0.0881 0.0352 -0.9955
vn -0.6175 -0.0224 -0.7863
vn -0.5157 -0.0220 -0.8565
vn 0.0166 0.0416 -0.9990
vn -0.4328 0.3567 -0.8279
vn 0.0312 0.3660 -0.9301
vn -0.0218 0.8714 -0.4901
vn 0.2236 0.5464 -0.8072
vn 0.1512 0.8841 -0.4421
vn 0.5128 0.3946 -0.7625
vn 0.2945 0.8712 -0.3927
vn 0.8278 0.3568 -0.4330
vn 0.4419 0.8592 -0.2578
vn 0.4427 0.8961 -0.0324
vn 0.9732 0.2188 -0.0706
vn 0.8248 0.5613 0.0687
vn 0.4116 0.9098 0.0542
vn 0.4521 0.8810 0.1391
vn 0.9337 0.1559 0.3223
vn 0.3841 0.8882 0.2521
vn 0.7773 0.3371 0.5312
vn 0.3255 0.8921 0.3134
vn 0.7236 0.0229 0.6898
vn 0.5621 0.1835 0.8065
vn 0.2578 0.8592 0.4419
vn 0.2491 0.1735 0.9528
vn 0.1282 0.8625 0.4895
vn -0.0101 0.3346 0.9423
vn -0.0216 0.8920 0.4515
vn -0.2685 0.2128 0.9395
vn -0.1889 0.8853 0.4250
vn -0.6860 0.0949 0.7214
vn -0.3737 0.8595 0.3488
vn -0.9249 0.2058 0.3197
vn -0.4599 0.8725 0.1651
vn -0.9221 -0.1821 0.3415
vn -0.9866 -0.0000 -0.1629
vn -0.9037 0.0544 0.4246
vn -0.6260 0.0696 0.7767
vn -0.3767 -0.1108 0.9197
vn -0.3310 0.0854 0.9397
vn -0.0270 -0.1262 0.9916
vn -0.0172 0.0773 0.9969
vn 0.2984 -0.1066 0.9485
vn 0.3601 0.0982 0.9277
vn 0.5891 -0.1060 0.8011
vn 0.5875 0.0691 0.8063
vn 0.7214 -0.0946 0.6860
vn 0.8424 0.0923 0.5308
vn 0.7339 0.0699 0.6756
vn 0.8422 -0.1170 0.5264
vn 0.9706 0.0701 0.2301
vn 0.9835 -0.0573 0.1719
vn 0.9936 0.1074 -0.0358
vn 0.9991 -0.0333 0.0250
vn 0.9961 -0.0173 -0.0866
vn 0.9880 0.1140 -0.1045
vn 0.8785 0.0217 -0.4772
vn 0.5576 0.0929 -0.8249
vn 0.8737 0.1398 -0.4660
vn 0.6070 -0.0000 -0.7947
vn 0.6843 -0.0112 0.7291
vn 0.8367 -0.0335 0.5466
vn 0.6787 -0.0000 0.7344
vn 0.8653 -0.0444 0.4992
vn 0.7453 -0.0226 0.6663
vn 0.5113 0.0109 0.8594
vn 0.4177 -0.0000 0.9086
vn 0.4856 0.0108 0.8741
vn 0.4947 -0.0330 0.8685
vn 0.8130 -0.0000 0.5823
vn 0.6824 -0.0578 0.7287
vn 0.5030 0.0222 0.8640
vn 0.8414 -0.0449 0.5385
vn 0.8152 0.0456 0.5774
vn 0.6459 0.0580 0.7612
vn 0.4070 0.7740 0.4850
vn 0.8974 0.0550 0.4377
vn 0.4777 0.8296 0.2891
vn 0.3252 0.8922 0.3133
vn 0.5363 0.8101 0.2369
vn 0.3839 0.8884 0.2518
vn 0.6104 0.7865 0.0939
vn 0.4115 0.9098 0.0541
vn 0.5645 0.8242 -0.0452
vn 0.4424 0.8962 -0.0324
vn 0.5899 0.7566 -0.2821
vn 0.4246 0.7430 -0.5174
vn 0.1715 0.7717 -0.6125
vn 0.3731 0.1473 -0.9160
vn 0.8917 0.0784 -0.4459
vn 0.6957 -0.0109 -0.7182
vn -0.0000 0.6671 -0.7450
vn -0.0613 -0.0521 -0.9968
vn 0.3223 -0.0100 -0.9466
vn 0.6671 -0.0000 -0.7450
vn 0.6052 -0.0224 -0.7958
vn 0.2705 -0.0400 -0.9619
vn -0.0977 -0.0356 -0.9946
vn -0.0423 -0.0338 -0.9985
vn -0.3872 -0.0209 -0.9217
vn -0.4362 -0.0896 -0.8954
vn -0.1002 -0.0638 -0.9929
vn -0.4205 -0.0432 -0.9063
vn -0.3630 -0.0641 -0.9296
vn -0.0437 -0.0699 -0.9966
vn -0.0542 -0.0994 -0.9936
vn -0.3534 -0.0750 -0.9325
vn -0.0370 -0.1478 -0.9883
vn -0.3267 -0.1199 -0.9375
vn -0.0745 -0.1212 -0.9898
vn -0.3535 -0.0748 -0.9324
vn 0.0001 0.8220 -0.5695
vn -0.0990 0.9790 -0.1783
vn 0.3123 0.4251 -0.8496
vn 0.3224 -0.1556 -0.9337
vn 0.6246 0.0108 -0.7809
vn 0.6380 -0.1328 -0.7585
vn 0.8194 -0.1306 -0.5581
vn 0.7752 0.3233 -0.5427
vn 0.9524 -0.1061 -0.2859
vn 0.8742 0.4132 -0.2550
vn 0.9933 -0.0820 -0.0820
vn 0.7164 0.6929 -0.0822
vn 0.9779 -0.0487 0.2031
vn 0.5760 0.8106 0.1058
vn 0.9000 -0.0434 0.4337
vn 0.3937 0.9027 0.1737
vn 0.7505 -0.0109 0.6608
vn 0.3174 0.8797 0.3541
vn 0.4002 0.0211 0.9162
vn 0.1529 0.8692 0.4702
vn 0.0612 0.0525 0.9967
vn -0.0104 0.9233 0.3838
vn -0.1766 0.8827 0.4355
vn -0.3377 0.0633 0.9391
vn -0.4843 0.7001 0.5247
vn -0.7126 -0.0000 0.7015
vn -0.9391 -0.0636 0.3376
vn -0.6383 0.7583 0.1325
vn -0.9950 -0.0447 -0.0888
vn -0.4364 0.8953 -0.0895
vn -0.8936 -0.0439 -0.4468
vn -0.2324 0.9613 -0.1479
vn -0.1341 0.9863 -0.0958
vn -0.6054 -0.0812 -0.7918
vn -0.0991 0.9791 -0.1778
vn -0.3538 -0.0748 -0.9323
vn -0.5757 -0.1057 -0.8108
vn -0.3273 -0.1199 -0.9373
vn -0.5825 -0.0571 -0.8108
vn -0.3539 -0.0750 -0.9323
vn -0.5852 -0.0338 -0.8102
vn -0.3635 -0.0641 -0.9294
vn -0.6030 -0.0455 -0.7964
vn -0.4210 -0.0432 -0.9061
vn -0.5875 -0.0111 -0.8092
vn -0.3878 -0.0209 -0.9215
vn -0.4367 -0.0896 -0.8952
vn -0.6119 -0.1320 -0.7799
vn -0.4309 -0.1131 -0.8953
vn -0.6034 -0.1844 -0.7759
vn -0.4434 0.6852 -0.5778
vn -0.2983 0.6348 -0.7128
vn -0.3439 0.9020 -0.2610
vn -0.5592 0.7190 -0.4128
vn -0.3641 0.9042 -0.2231
vn -0.6844 0.6715 -0.2841
vn -0.6663 0.7454 -0.0226
vn -0.6297 0.7430 0.2267
vn -0.5431 0.6517 0.5295
vn -0.3739 0.8593 0.3489
vn -0.2983 0.6485 0.7003
vn -0.1888 0.8853 0.4249
vn -0.0112 0.7291 0.6843
vn -0.0215 0.8921 0.4514
vn 0.1859 0.7307 0.6569
vn 0.3420 0.6839 0.6444
vn 0.2576 0.8594 0.4417
vn 0.2705 -0.0400 0.9619
vn 0.0258 -0.0688 0.9973
vn 0.2891 -0.0199 0.9571
vn -0.0692 -0.0343 0.9970
vn 0.2179 -0.0095 0.9759
vn 0.1327 -0.0000 0.9912
vn -0.0780 -0.0260 0.9966
vn -0.1439 -0.0090 0.9895
vn -0.3532 -0.0311 0.9350
vn -0.3377 -0.0633 0.9391
vn -0.5852 -0.0338 0.8102
vn -0.6334 -0.0576 0.7717
vn -0.4215 -0.0102 0.9067
vn -0.7005 0.0463 0.7121
vn -0.9302 -0.0314 0.3658
vn -0.9318 0.1446 0.3329
vn -0.9955 -0.0352 -0.0881
vn -0.9939 0.0636 -0.0903
vn -0.9046 -0.0772 -0.4192
vn -0.9081 -0.1120 -0.4035
vn -0.7650 -0.1851 -0.6169
vn -0.7816 -0.0336 -0.6229
vn -0.7608 -0.0112 -0.6489
vn -0.9162 -0.0211 -0.4002
vn -0.7815 -0.0340 -0.6229
vn -0.9350 -0.0312 -0.3532
vn -0.7714 -0.0340 -0.6354
vn -0.9534 -0.0513 -0.2973
vn -0.7967 -0.0693 -0.6004
vn -0.9479 -0.0625 -0.3125
vn -0.7817 -0.0817 -0.6183
vn -0.9284 -0.0422 -0.3692
vn -0.9994 -0.0328 0.0082
vn -0.9967 -0.0612 0.0525
vn -0.9084 -0.0321 0.4168
vn -0.8828 -0.0327 0.4686
vn -0.6958 0.0112 0.7182
vn -0.6193 -0.0000 0.7852
vn -0.4077 0.0429 0.9121
vn -0.0977 0.0355 0.9946
vn -0.3784 0.0315 0.9251
vn 0.0250 0.0333 0.9991
vn -0.1163 0.0268 0.9929
vn -0.3802 -0.0000 0.9249
vn -0.3749 -0.0208 0.9268
vn -0.6229 -0.0340 0.7815
vn -0.8728 -0.0442 0.4861
vn -0.8496 -0.0447 0.5255
vn -0.9886 -0.0560 0.1399
vn -0.9982 -0.0427 0.0427
vn -0.8800 -0.0440 0.4730
vn -0.9991 -0.0333 -0.0250
vn 0.1888 0.0283 0.9816
vn 0.2657 0.0194 0.9639
vn 0.5875 -0.0113 0.8091
vn 0.3927 -0.0000 0.9197
vn 0.6435 -0.0000 0.7655
vn 0.7815 -0.0340 0.6229
vn 0.8402 -0.0219 0.5418
vn 0.8909 -0.0550 0.4509
vn 0.9284 -0.0422 0.3693
vn 0.9771 -0.0790 0.1974
vn 0.9900 -0.0555 0.1295
vn 0.9932 -0.0911 -0.0729
vn 0.9925 -0.1093 -0.0546
vn 0.9419 -0.1191 -0.3140
vn 0.9534 -0.1393 -0.2678
vn 0.7843 -0.1448 -0.6033
vn 0.5763 -0.1441 -0.8044
vn 0.8085 -0.1569 -0.5672
vn 0.5672 -0.1569 -0.8085
vn 0.9544 -0.0944 -0.2832
vn 0.8249 -0.0929 -0.5577
vn 0.5624 -0.1054 -0.8201
vn 0.6004 -0.0693 -0.7967
vn 0.2806 -0.0831 -0.9562
vn 0.2755 -0.0612 -0.9593
vn 0.8336 -0.0685 -0.5481
vn 0.8329 -0.0450 -0.5515
vn 0.9729 -0.0491 -0.2260
vn 0.9598 -0.0826 -0.2683
vn 0.8640 -0.0219 -0.5031
vn 0.9955 -0.0881 0.0353
vn 0.9964 -0.0852 -0.0000
vn 0.9614 -0.0717 0.2657
vn 0.9436 -0.0629 0.3250
vn 0.9125 -0.0105 0.4090
vn 0.9924 -0.0361 0.1173
vn 0.9877 -0.0183 0.1555
vn 0.9892 -0.0182 -0.1452
vn 0.9913 0.1022 -0.0835
vn 0.9793 0.0585 0.1939
vn 0.9178 -0.0427 0.3948
vn 0.3140 -0.1191 -0.9419
vn 0.2854 -0.1647 -0.9441
vn -0.4305 -0.1131 -0.8955
vn -0.2981 0.6350 -0.7127
vt 0.703412 0.548614
vt 0.703412 0.530205
vt 0.712132 0.530205
vt 0.695661 0.530205
vt 0.695661 0.548614
vt 0.695661 0.566054
vt 0.703412 0.566054
vt 0.712132 0.548614
vt 0.723759 0.530205
vt 0.712132 0.510827
vt 0.723759 0.510827
vt 0.723759 0.548614
vt 0.735385 0.548614
vt 0.735385 0.530205
vt 0.723759 0.566054
vt 0.735385 0.566054
vt 0.745074 0.548614
vt 0.745074 0.530205
vt 0.745074 0.566054
vt 0.753794 0.548614
vt 0.753794 0.530205
vt 0.753794 0.566054
vt 0.760576 0.548614
vt 0.760576 0.530205
vt 0.760576 0.566054
vt 0.767358 0.548614
vt 0.767358 0.530205
vt 0.767358 0.566054
vt 0.773172 0.548614
vt 0.773172 0.530205
vt 0.778985 0.530205
vt 0.778985 0.548614
vt 0.773172 0.566054
vt 0.778985 0.566054
vt 0.773172 0.582525
vt 0.767358 0.582525
vt 0.767358 0.594152
vt 0.760576 0.594152
vt 0.760576 0.582525
vt 0.753794 0.594152
vt 0.753794 0.582525
vt 0.745074 0.594152
vt 0.745074 0.582525
vt 0.735385 0.594152
vt 0.735385 0.582525
vt 0.723759 0.594152
vt 0.723759 0.582525
vt 0.712132 0.594152
vt 0.712132 0.582525
vt 0.703412 0.582525
vt 0.712132 0.566054
vt 0.695661 0.582525
vt 0.703412 0.594152
vt 0.695661 0.594152
vt 0.695661 0.598996
vt 0.703412 0.598996
vt 0.703412 0.602872
vt 0.712132 0.598996
vt 0.712132 0.602872
vt 0.723759 0.602872
vt 0.723759 0.598996
vt 0.735385 0.598996
vt 0.735385 0.602872
vt 0.745074 0.598996
vt 0.745074 0.602872
vt 0.753794 0.598996
vt 0.753794 0.602872
vt 0.760576 0.598996
vt 0.760576 0.602872
vt 0.767358 0.598996
vt 0.773172 0.598996
vt 0.767358 0.602872
vt 0.773172 0.594152
vt 0.773172 0.602872
vt 0.778985 0.602872
vt 0.778985 0.598996
vt 0.784798 0.602872
vt 0.784798 0.598996
vt 0.791581 0.598996
vt 0.791581 0.602872
vt 0.798363 0.598996
vt 0.798363 0.602872
vt 0.806114 0.598996
vt 0.806114 0.602872
vt 0.815803 0.598996
vt 0.815803 0.602872
vt 0.826461 0.602872
vt 0.826461 0.598996
vt 0.834212 0.602872
vt 0.834212 0.598996
vt 0.826461 0.594152
vt 0.834212 0.594152
vt 0.826461 0.582525
vt 0.834212 0.582525
vt 0.826461 0.566054
vt 0.834212 0.566054
vt 0.826461 0.548614
vt 0.834212 0.548614
vt 0.826461 0.530205
vt 0.834212 0.530205
vt 0.826461 0.510827
vt 0.834212 0.510827
vt 0.834212 0.506952
vt 0.826461 0.506952
vt 0.834212 0.502107
vt 0.826461 0.502107
vt 0.815803 0.506952
vt 0.815803 0.502107
vt 0.806114 0.506952
vt 0.806114 0.502107
vt 0.798363 0.506952
vt 0.798363 0.502107
vt 0.791581 0.502107
vt 0.791581 0.506952
vt 0.784798 0.506952
vt 0.784798 0.502107
vt 0.778985 0.502107
vt 0.778985 0.506952
vt 0.773172 0.502107
vt 0.773172 0.506952
vt 0.784798 0.510827
vt 0.778985 0.510827
vt 0.773172 0.510827
vt 0.784798 0.530205
vt 0.767358 0.506952
vt 0.767358 0.510827
vt 0.760576 0.510827
vt 0.753794 0.510827
vt 0.760576 0.506952
vt 0.753794 0.506952
vt 0.753794 0.502107
vt 0.767358 0.502107
vt 0.760576 0.502107
vt 0.745074 0.502107
vt 0.745074 0.506952
vt 0.735385 0.502107
vt 0.735385 0.506952
vt 0.723759 0.502107
vt 0.723759 0.506952
vt 0.712132 0.502107
vt 0.712132 0.506952
vt 0.703412 0.502107
vt 0.703412 0.506952
vt 0.695661 0.502107
vt 0.695661 0.506952
vt 0.688879 0.502107
vt 0.688879 0.506952
vt 0.682096 0.506952
vt 0.682096 0.502107
vt 0.674345 0.506952
vt 0.674345 0.502107
vt 0.674345 0.510827
vt 0.682096 0.510827
vt 0.682096 0.530205
vt 0.674345 0.530205
vt 0.682096 0.548614
vt 0.674345 0.548614
vt 0.682096 0.566054
vt 0.674345 0.566054
vt 0.682096 0.582525
vt 0.674345 0.582525
vt 0.682096 0.594152
vt 0.674345 0.594152
vt 0.682096 0.598996
vt 0.674345 0.598996
vt 0.682096 0.602872
vt 0.674345 0.602872
vt 0.688879 0.602872
vt 0.688879 0.598996
vt 0.695661 0.602872
vt 0.688879 0.594152
vt 0.688879 0.582525
vt 0.688879 0.566054
vt 0.688879 0.548614
vt 0.688879 0.530205
vt 0.688879 0.510827
vt 0.695661 0.510827
vt 0.703412 0.510827
vt 0.735385 0.510827
vt 0.745074 0.510827
vt 0.791581 0.510827
vt 0.791581 0.530205
vt 0.784798 0.548614
vt 0.791581 0.548614
vt 0.791581 0.566054
vt 0.784798 0.566054
vt 0.791581 0.582525
vt 0.784798 0.582525
vt 0.778985 0.582525
vt 0.778985 0.594152
vt 0.784798 0.594152
vt 0.791581 0.594152
vt 0.798363 0.594152
vt 0.806114 0.594152
vt 0.798363 0.582525
vt 0.806114 0.582525
vt 0.798363 0.566054
vt 0.806114 0.566054
vt 0.798363 0.548614
vt 0.806114 0.548614
vt 0.798363 0.530205
vt 0.806114 0.530205
vt 0.798363 0.510827
vt 0.806114 0.510827
vt 0.815803 0.530205
vt 0.815803 0.510827
vt 0.815803 0.548614
vt 0.815803 0.566054
vt 0.815803 0.582525
vt 0.815803 0.594152
vt 0.218000 0.659067
vt 0.223813 0.660036
vt 0.218000 0.663912
vt 0.223813 0.655192
vt 0.218000 0.654223
vt 0.212186 0.658098
vt 0.213155 0.663912
vt 0.215093 0.668756
vt 0.222844 0.665849
vt 0.218968 0.667787
vt 0.208311 0.669725
vt 0.214124 0.679414
vt 0.218968 0.674569
vt 0.213155 0.680383
vt 0.220906 0.687165
vt 0.225751 0.679414
vt 0.226720 0.675538
vt 0.228657 0.675538
vt 0.226720 0.680383
vt 0.220906 0.689103
vt 0.230595 0.668756
vt 0.229626 0.667787
vt 0.230595 0.661005
vt 0.231564 0.661005
vt 0.232533 0.656160
vt 0.231564 0.656160
vt 0.232533 0.650347
vt 0.231564 0.650347
vt 0.231564 0.643565
vt 0.232533 0.643565
vt 0.230595 0.636783
vt 0.232533 0.636783
vt 0.230595 0.631938
vt 0.231564 0.630969
vt 0.228657 0.625156
vt 0.230595 0.625156
vt 0.228657 0.620312
vt 0.227688 0.620312
vt 0.226720 0.616436
vt 0.225751 0.616436
vt 0.222844 0.611592
vt 0.223813 0.610623
vt 0.219937 0.608685
vt 0.218968 0.606747
vt 0.215093 0.610623
vt 0.216062 0.611592
vt 0.212186 0.617405
vt 0.211217 0.616436
vt 0.210248 0.621281
vt 0.208311 0.621281
vt 0.207342 0.625156
vt 0.206373 0.625156
vt 0.206373 0.631938
vt 0.204435 0.631938
vt 0.205404 0.636783
vt 0.204435 0.636783
vt 0.203466 0.642596
vt 0.205404 0.643565
vt 0.204435 0.648409
vt 0.203466 0.648409
vt 0.204435 0.653254
vt 0.203466 0.653254
vt 0.205404 0.658098
vt 0.203466 0.658098
vt 0.204435 0.661974
vt 0.206373 0.661974
vt 0.207342 0.670694
vt 0.212186 0.653254
vt 0.218000 0.648409
vt 0.212186 0.648409
vt 0.212186 0.643565
vt 0.218000 0.643565
vt 0.212186 0.637752
vt 0.218000 0.637752
vt 0.212186 0.631938
vt 0.218968 0.627094
vt 0.218968 0.632907
vt 0.213155 0.627094
vt 0.223813 0.637752
vt 0.223813 0.631938
vt 0.222844 0.627094
vt 0.218968 0.623218
vt 0.222844 0.622249
vt 0.218968 0.620312
vt 0.221875 0.618374
vt 0.218968 0.615467
vt 0.217031 0.618374
vt 0.215093 0.622249
vt 0.223813 0.643565
vt 0.223813 0.649378
vt 0.221875 0.670694
vt 0.409839 0.816996
vt 0.416621 0.816027
vt 0.409839 0.822809
vt 0.416621 0.810214
vt 0.409839 0.810214
vt 0.403057 0.816027
vt 0.403057 0.823778
vt 0.409839 0.829591
vt 0.416621 0.822809
vt 0.403057 0.830560
vt 0.409839 0.836373
vt 0.416621 0.829591
vt 0.416621 0.835405
vt 0.416621 0.841218
vt 0.424372 0.834436
vt 0.423404 0.841218
vt 0.422435 0.845093
vt 0.425341 0.834436
vt 0.425341 0.841218
vt 0.415652 0.847031
vt 0.420497 0.853813
vt 0.424372 0.845093
vt 0.413715 0.852845
vt 0.415652 0.863502
vt 0.421466 0.854782
vt 0.409839 0.858658
vt 0.404026 0.864471
vt 0.409839 0.868347
vt 0.416621 0.863502
vt 0.409839 0.870284
vt 0.403057 0.865440
vt 0.402088 0.866409
vt 0.399181 0.861565
vt 0.400150 0.860596
vt 0.396275 0.853813
vt 0.397244 0.852845
vt 0.402088 0.859627
vt 0.399181 0.852845
vt 0.406932 0.854782
vt 0.404995 0.849938
vt 0.409839 0.851876
vt 0.409839 0.848000
vt 0.404026 0.843156
vt 0.409839 0.842187
vt 0.403057 0.837342
vt 0.395306 0.831529
vt 0.396275 0.839280
vt 0.395306 0.839280
vt 0.397244 0.845093
vt 0.395306 0.845093
vt 0.393368 0.839280
vt 0.394337 0.845093
vt 0.391430 0.839280
vt 0.392399 0.846062
vt 0.394337 0.853813
vt 0.397244 0.862533
vt 0.401119 0.867378
vt 0.409839 0.873191
vt 0.409839 0.871253
vt 0.418559 0.865440
vt 0.417590 0.864471
vt 0.423404 0.855751
vt 0.424372 0.855751
vt 0.426310 0.846062
vt 0.426310 0.841218
vt 0.427279 0.846062
vt 0.428248 0.841218
vt 0.427279 0.835405
vt 0.429217 0.835405
vt 0.427279 0.829591
vt 0.429217 0.829591
vt 0.429217 0.822809
vt 0.427279 0.822809
vt 0.427279 0.815058
vt 0.429217 0.815058
vt 0.428248 0.808276
vt 0.426310 0.809245
vt 0.427279 0.800525
vt 0.425341 0.800525
vt 0.424372 0.794711
vt 0.422435 0.794711
vt 0.419528 0.789867
vt 0.420497 0.788898
vt 0.413715 0.784054
vt 0.414684 0.783085
vt 0.407901 0.780178
vt 0.407901 0.781147
vt 0.403057 0.784054
vt 0.402088 0.782116
vt 0.397244 0.788898
vt 0.399181 0.789867
vt 0.397244 0.795680
vt 0.395306 0.794711
vt 0.394337 0.801494
vt 0.393368 0.800525
vt 0.392399 0.808276
vt 0.390461 0.808276
vt 0.390461 0.815058
vt 0.392399 0.816027
vt 0.390461 0.823778
vt 0.391430 0.823778
vt 0.392399 0.831529
vt 0.390461 0.831529
vt 0.393368 0.823778
vt 0.394337 0.831529
vt 0.395306 0.823778
vt 0.395306 0.816027
vt 0.395306 0.809245
vt 0.393368 0.816027
vt 0.394337 0.809245
vt 0.397244 0.802462
vt 0.396275 0.801494
vt 0.400150 0.796649
vt 0.398212 0.795680
vt 0.402088 0.791805
vt 0.400150 0.790836
vt 0.404995 0.785991
vt 0.404026 0.785022
vt 0.407901 0.784054
vt 0.407901 0.783085
vt 0.412746 0.785022
vt 0.411777 0.785991
vt 0.417590 0.790836
vt 0.416621 0.791805
vt 0.420497 0.795680
vt 0.419528 0.796649
vt 0.423404 0.801494
vt 0.422435 0.801494
vt 0.425341 0.809245
vt 0.423404 0.809245
vt 0.425341 0.815058
vt 0.424372 0.815058
vt 0.425341 0.822809
vt 0.424372 0.829591
vt 0.423404 0.822809
vt 0.425341 0.829591
vt 0.415652 0.803431
vt 0.409839 0.804400
vt 0.409839 0.799556
vt 0.413715 0.798587
vt 0.408870 0.795680
vt 0.411777 0.793742
vt 0.408870 0.789867
vt 0.405964 0.793742
vt 0.404995 0.798587
vt 0.404026 0.803431
vt 0.403057 0.810214
vt 0.902034 0.258917
vt 0.901065 0.270543
vt 0.891376 0.258917
vt 0.913660 0.270543
vt 0.914629 0.258917
vt 0.903003 0.250197
vt 0.893314 0.249228
vt 0.883625 0.249228
vt 0.889438 0.270543
vt 0.882656 0.257948
vt 0.878780 0.249228
vt 0.879749 0.270543
vt 0.875874 0.258917
vt 0.871998 0.269575
vt 0.875874 0.283139
vt 0.867154 0.282170
vt 0.870061 0.295735
vt 0.863278 0.292828
vt 0.860372 0.303486
vt 0.867154 0.305423
vt 0.860372 0.310268
vt 0.866185 0.312206
vt 0.859403 0.318988
vt 0.865216 0.319957
vt 0.865216 0.324801
vt 0.860372 0.326739
vt 0.866185 0.332552
vt 0.869092 0.327708
vt 0.872967 0.332552
vt 0.874905 0.325770
vt 0.878780 0.327708
vt 0.876843 0.320926
vt 0.882656 0.321894
vt 0.880718 0.314143
vt 0.887500 0.315112
vt 0.882656 0.308330
vt 0.890407 0.310268
vt 0.888469 0.302517
vt 0.893314 0.306392
vt 0.896220 0.302517
vt 0.899127 0.299610
vt 0.899127 0.292828
vt 0.903971 0.295735
vt 0.913660 0.293797
vt 0.907847 0.296703
vt 0.913660 0.300579
vt 0.922380 0.300579
vt 0.916567 0.304455
vt 0.918505 0.308330
vt 0.924318 0.309299
vt 0.920443 0.313174
vt 0.927225 0.318019
vt 0.921412 0.318988
vt 0.933038 0.307361
vt 0.934007 0.318019
vt 0.940789 0.306392
vt 0.940789 0.318019
vt 0.947571 0.317050
vt 0.947571 0.306392
vt 0.938851 0.293797
vt 0.946603 0.290890
vt 0.936914 0.280232
vt 0.945634 0.280232
vt 0.944665 0.270543
vt 0.935945 0.269575
vt 0.944665 0.258917
vt 0.935945 0.258917
vt 0.935945 0.250197
vt 0.945634 0.249228
vt 0.935945 0.242446
vt 0.946603 0.240508
vt 0.935945 0.232757
vt 0.947571 0.230819
vt 0.944665 0.220161
vt 0.935945 0.222099
vt 0.941758 0.212410
vt 0.933038 0.212410
vt 0.928194 0.202721
vt 0.928194 0.209504
vt 0.927225 0.222099
vt 0.927225 0.213379
vt 0.916567 0.207566
vt 0.916567 0.212410
vt 0.916567 0.222099
vt 0.903971 0.221130
vt 0.903971 0.212410
vt 0.904940 0.206597
vt 0.896220 0.208535
vt 0.897189 0.203690
vt 0.907847 0.200784
vt 0.886532 0.209504
vt 0.891376 0.211441
vt 0.887500 0.221130
vt 0.880718 0.221130
vt 0.880718 0.229850
vt 0.885563 0.231788
vt 0.884594 0.241477
vt 0.879749 0.242446
vt 0.893314 0.241477
vt 0.903971 0.241477
vt 0.894283 0.231788
vt 0.903971 0.231788
vt 0.895252 0.221130
vt 0.896220 0.212410
vt 0.914629 0.241477
vt 0.915598 0.231788
vt 0.926256 0.242446
vt 0.927225 0.231788
vt 0.926256 0.250197
vt 0.914629 0.250197
vt 0.925287 0.258917
vt 0.926256 0.270543
vt 0.913660 0.281201
vt 0.927225 0.282170
vt 0.931100 0.295735
vt 0.900096 0.282170
vt 0.886532 0.283139
vt 0.878780 0.297672
vt 0.874905 0.306392
vt 0.872967 0.313174
vt 0.871029 0.320926
vt 0.916567 0.199815
vt 0.317795 0.958453
vt 0.315857 0.961360
vt 0.313919 0.956515
vt 0.320702 0.963298
vt 0.319733 0.959422
vt 0.320702 0.956515
vt 0.317795 0.956515
vt 0.317795 0.953609
vt 0.308106 0.956515
vt 0.311013 0.948764
vt 0.315857 0.951671
vt 0.318764 0.951671
vt 0.313919 0.946827
vt 0.316826 0.950702
vt 0.319733 0.950702
vt 0.318764 0.945858
vt 0.320702 0.953609
vt 0.322639 0.951671
vt 0.323608 0.946827
vt 0.325546 0.936169
vt 0.334266 0.941982
vt 0.327484 0.948764
vt 0.324577 0.951671
vt 0.330390 0.952640
vt 0.325546 0.953609
vt 0.322639 0.953609
vt 0.322639 0.955547
vt 0.320702 0.954578
vt 0.322639 0.957484
vt 0.326515 0.957484
vt 0.322639 0.959422
vt 0.325546 0.955547
vt 0.324577 0.962329
vt 0.321670 0.972018
vt 0.333297 0.959422
vt 0.330390 0.968142
vt 0.340079 0.969111
vt 0.331359 0.954578
vt 0.341048 0.950702
vt 0.342017 0.962329
vt 0.342017 0.956515
vt 0.341048 0.949733
vt 0.335235 0.975893
vt 0.327484 0.980738
vt 0.315857 0.983644
vt 0.311013 0.967173
vt 0.303262 0.978800
vt 0.297448 0.968142
vt 0.297448 0.954578
vt 0.303262 0.942951
vt 0.306168 0.939075
vt 0.314888 0.935200
vt 0.952416 0.131024
vt 0.948540 0.124242
vt 0.953385 0.122304
vt 0.944665 0.127148
vt 0.948540 0.132962
vt 0.955323 0.134899
vt 0.955323 0.130055
vt 0.958229 0.120366
vt 0.951447 0.113584
vt 0.957260 0.110677
vt 0.963074 0.109708
vt 0.948540 0.102926
vt 0.956291 0.100019
vt 0.963074 0.119397
vt 0.968887 0.118428
vt 0.969856 0.108739
vt 0.963074 0.098082
vt 0.972762 0.118428
vt 0.976638 0.107770
vt 0.971794 0.096144
vt 0.976638 0.119397
vt 0.976638 0.095175
vt 0.971794 0.083548
vt 0.976638 0.082579
vt 0.972762 0.073859
vt 0.976638 0.073859
vt 0.972762 0.066108
vt 0.976638 0.066108
vt 0.972762 0.054482
vt 0.977607 0.054482
vt 0.972762 0.044793
vt 0.977607 0.044793
vt 0.972762 0.034135
vt 0.975669 0.032197
vt 0.970825 0.019602
vt 0.974700 0.019602
vt 0.972762 0.007975
vt 0.968887 0.008944
vt 0.966949 -0.000745
vt 0.970825 -0.000745
vt 0.958229 -0.001714
vt 0.961136 0.009913
vt 0.950478 -0.000745
vt 0.952416 0.010882
vt 0.941758 0.000224
vt 0.944665 0.012820
vt 0.935945 0.014757
vt 0.933038 0.004100
vt 0.928194 0.018633
vt 0.925287 0.008944
vt 0.920443 0.022508
vt 0.917536 0.016695
vt 0.915598 0.022508
vt 0.912692 0.017664
vt 0.912692 0.022508
vt 0.909785 0.019602
vt 0.916567 0.027353
vt 0.918505 0.027353
vt 0.919474 0.031228
vt 0.921412 0.032197
vt 0.920443 0.036073
vt 0.922380 0.038011
vt 0.920443 0.042855
vt 0.921412 0.045762
vt 0.917536 0.050606
vt 0.919474 0.052544
vt 0.912692 0.058357
vt 0.913660 0.060295
vt 0.907847 0.064171
vt 0.906878 0.062233
vt 0.900096 0.065139
vt 0.900096 0.063202
vt 0.893314 0.063202
vt 0.901065 0.068046
vt 0.893314 0.066108
vt 0.888469 0.063202
vt 0.894283 0.080642
vt 0.882656 0.072891
vt 0.875874 0.067077
vt 0.878780 0.087424
vt 0.868123 0.078704
vt 0.864247 0.065139
vt 0.871998 0.060295
vt 0.883625 0.059326
vt 0.880718 0.054482
vt 0.884594 0.056419
vt 0.888469 0.060295
vt 0.888469 0.058357
vt 0.893314 0.061264
vt 0.884594 0.054482
vt 0.881687 0.052544
vt 0.882656 0.050606
vt 0.879749 0.047699
vt 0.880718 0.046731
vt 0.878780 0.042855
vt 0.879749 0.042855
vt 0.877812 0.036073
vt 0.878780 0.037042
vt 0.879749 0.030259
vt 0.877812 0.030259
vt 0.881687 0.023477
vt 0.879749 0.021540
vt 0.884594 0.017664
vt 0.884594 0.014757
vt 0.877812 0.018633
vt 0.882656 0.009913
vt 0.872967 0.007006
vt 0.870061 0.017664
vt 0.862309 0.015726
vt 0.864247 0.005068
vt 0.853589 0.014757
vt 0.854558 0.003131
vt 0.844869 0.014757
vt 0.845838 0.002162
vt 0.837118 0.013788
vt 0.838087 0.001193
vt 0.830336 0.012820
vt 0.829367 0.001193
vt 0.826461 0.012820
vt 0.825492 0.001193
vt 0.826461 0.028322
vt 0.830336 0.028322
vt 0.826461 0.038011
vt 0.830336 0.038011
vt 0.830336 0.047699
vt 0.826461 0.047699
vt 0.830336 0.057388
vt 0.826461 0.057388
vt 0.830336 0.067077
vt 0.826461 0.066108
vt 0.827429 0.076766
vt 0.831305 0.076766
vt 0.832274 0.088393
vt 0.825492 0.087424
vt 0.832274 0.098082
vt 0.825492 0.097113
vt 0.831305 0.108739
vt 0.825492 0.107770
vt 0.829367 0.123273
vt 0.825492 0.123273
vt 0.826461 0.134899
vt 0.825492 0.134899
vt 0.830336 0.134899
vt 0.834212 0.124242
vt 0.834212 0.134899
vt 0.839056 0.125210
vt 0.839056 0.134899
vt 0.843901 0.126179
vt 0.843901 0.134899
vt 0.849714 0.128117
vt 0.850683 0.136837
vt 0.855527 0.130055
vt 0.857465 0.138775
vt 0.861341 0.135868
vt 0.865216 0.142650
vt 0.869092 0.140713
vt 0.870061 0.149433
vt 0.873936 0.147495
vt 0.873936 0.156215
vt 0.879749 0.154277
vt 0.883625 0.162028
vt 0.878780 0.163966
vt 0.885563 0.164935
vt 0.879749 0.166873
vt 0.890407 0.162997
vt 0.889438 0.160090
vt 0.894283 0.158153
vt 0.894283 0.162028
vt 0.897189 0.157184
vt 0.899127 0.161059
vt 0.903971 0.154277
vt 0.906878 0.159121
vt 0.909785 0.154277
vt 0.910754 0.159121
vt 0.916567 0.159121
vt 0.916567 0.154277
vt 0.921412 0.159121
vt 0.921412 0.154277
vt 0.926256 0.154277
vt 0.926256 0.159121
vt 0.931100 0.160090
vt 0.932069 0.155246
vt 0.936914 0.161059
vt 0.936914 0.156215
vt 0.944665 0.157184
vt 0.944665 0.161059
vt 0.951447 0.157184
vt 0.952416 0.161059
vt 0.957260 0.157184
vt 0.958229 0.159121
vt 0.963074 0.154277
vt 0.964042 0.156215
vt 0.968887 0.150401
vt 0.966949 0.148464
vt 0.969856 0.142650
vt 0.972762 0.144588
vt 0.971794 0.134899
vt 0.974700 0.135868
vt 0.972762 0.129086
vt 0.975669 0.129086
vt 0.967918 0.129086
vt 0.963074 0.129086
vt 0.966949 0.134899
vt 0.962105 0.137806
vt 0.961136 0.133930
vt 0.965980 0.140713
vt 0.959198 0.129086
vt 0.964042 0.144588
vt 0.955323 0.143619
vt 0.959198 0.139744
vt 0.960167 0.150401
vt 0.950478 0.137806
vt 0.945634 0.134899
vt 0.946603 0.142650
vt 0.952416 0.146526
vt 0.948540 0.152339
vt 0.955323 0.153308
vt 0.943696 0.150401
vt 0.939820 0.145557
vt 0.937883 0.151370
vt 0.934976 0.144588
vt 0.932069 0.150401
vt 0.929163 0.142650
vt 0.927225 0.149433
vt 0.922380 0.148464
vt 0.923349 0.140713
vt 0.916567 0.146526
vt 0.916567 0.138775
vt 0.909785 0.146526
vt 0.901065 0.136837
vt 0.909785 0.137806
vt 0.902034 0.146526
vt 0.917536 0.130055
vt 0.909785 0.126179
vt 0.919474 0.120366
vt 0.909785 0.114553
vt 0.900096 0.124242
vt 0.898158 0.107770
vt 0.893314 0.138775
vt 0.890407 0.127148
vt 0.885563 0.111646
vt 0.889438 0.096144
vt 0.875874 0.121335
vt 0.867154 0.113584
vt 0.873936 0.101957
vt 0.859403 0.107770
vt 0.864247 0.095175
vt 0.851652 0.104864
vt 0.854558 0.092268
vt 0.844869 0.101957
vt 0.845838 0.091299
vt 0.855527 0.079673
vt 0.845838 0.078704
vt 0.854558 0.067077
vt 0.844869 0.068046
vt 0.852621 0.057388
vt 0.861341 0.055451
vt 0.859403 0.046731
vt 0.868123 0.046731
vt 0.869092 0.054482
vt 0.876843 0.043824
vt 0.878780 0.049637
vt 0.875874 0.037042
vt 0.868123 0.028322
vt 0.875874 0.029291
vt 0.867154 0.038011
vt 0.860372 0.027353
vt 0.859403 0.037042
vt 0.851652 0.037042
vt 0.852621 0.026384
vt 0.850683 0.047699
vt 0.844869 0.026384
vt 0.843901 0.038011
vt 0.837118 0.026384
vt 0.836149 0.038979
vt 0.842932 0.048668
vt 0.835181 0.049637
vt 0.843901 0.057388
vt 0.835181 0.058357
vt 0.837118 0.068046
vt 0.838087 0.077735
vt 0.839056 0.089362
vt 0.838087 0.100019
vt 0.836149 0.111646
vt 0.841963 0.113584
vt 0.848745 0.115522
vt 0.854558 0.118428
vt 0.861341 0.123273
vt 0.869092 0.129086
vt 0.882656 0.131993
vt 0.874905 0.136837
vt 0.879749 0.144588
vt 0.886532 0.141681
vt 0.890407 0.150401
vt 0.884594 0.152339
vt 0.896220 0.148464
vt 0.904940 0.092268
vt 0.911723 0.078704
vt 0.922380 0.091299
vt 0.902034 0.075797
vt 0.914629 0.101957
vt 0.929163 0.102926
vt 0.923349 0.111646
vt 0.934976 0.112615
vt 0.930131 0.119397
vt 0.940789 0.120366
vt 0.935945 0.125210
vt 0.926256 0.126179
vt 0.933038 0.131024
vt 0.924318 0.133930
vt 0.931100 0.136837
vt 0.938851 0.134899
vt 0.936914 0.139744
vt 0.943696 0.138775
vt 0.941758 0.141681
vt 0.941758 0.131024
vt 0.945634 0.116490
vt 0.941758 0.106802
vt 0.937883 0.095175
vt 0.945634 0.078704
vt 0.946603 0.091299
vt 0.933038 0.080642
vt 0.955323 0.088393
vt 0.956291 0.075797
vt 0.965011 0.083548
vt 0.965980 0.074828
vt 0.958229 0.066108
vt 0.965980 0.064171
vt 0.960167 0.055451
vt 0.966949 0.054482
vt 0.965980 0.042855
vt 0.962105 0.041886
vt 0.964042 0.032197
vt 0.956291 0.034135
vt 0.954354 0.022508
vt 0.963074 0.021540
vt 0.946603 0.023477
vt 0.948540 0.035104
vt 0.939820 0.035104
vt 0.937883 0.025415
vt 0.930131 0.026384
vt 0.931100 0.035104
vt 0.924318 0.034135
vt 0.922380 0.028322
vt 0.924318 0.041886
vt 0.931100 0.043824
vt 0.923349 0.051575
vt 0.930131 0.052544
vt 0.921412 0.056419
vt 0.927225 0.061264
vt 0.916567 0.063202
vt 0.922380 0.070953
vt 0.908816 0.067077
vt 0.936914 0.066108
vt 0.938851 0.054482
vt 0.948540 0.055451
vt 0.947571 0.066108
vt 0.949509 0.044793
vt 0.939820 0.044793
vt 0.695661 0.475947
vt 0.688879 0.475947
vt 0.695661 0.469165
vt 0.688879 0.484667
vt 0.695661 0.484667
vt 0.703412 0.475947
vt 0.703412 0.469165
vt 0.695661 0.466259
vt 0.688879 0.469165
vt 0.703412 0.466259
vt 0.688879 0.466259
vt 0.682096 0.469165
vt 0.682096 0.466259
vt 0.674345 0.469165
vt 0.674345 0.466259
vt 0.674345 0.475947
vt 0.682096 0.475947
vt 0.674345 0.484667
vt 0.682096 0.484667
vt 0.682096 0.495325
vt 0.674345 0.495325
vt 0.688879 0.495325
vt 0.695661 0.495325
vt 0.703412 0.495325
vt 0.712132 0.495325
vt 0.723759 0.495325
vt 0.735385 0.495325
vt 0.745074 0.495325
vt 0.753794 0.495325
vt 0.760576 0.495325
vt 0.767358 0.495325
vt 0.773172 0.495325
vt 0.778985 0.495325
vt 0.784798 0.495325
vt 0.791581 0.495325
vt 0.798363 0.495325
vt 0.806114 0.495325
vt 0.815803 0.495325
vt 0.826461 0.495325
vt 0.834212 0.495325
vt 0.826461 0.484667
vt 0.834212 0.484667
vt 0.834212 0.475947
vt 0.826461 0.475947
vt 0.834212 0.469165
vt 0.826461 0.469165
vt 0.834212 0.466259
vt 0.826461 0.466259
vt 0.815803 0.469165
vt 0.815803 0.466259
vt 0.806114 0.469165
vt 0.806114 0.466259
vt 0.798363 0.469165
vt 0.798363 0.466259
vt 0.791581 0.466259
vt 0.791581 0.469165
vt 0.784798 0.469165
vt 0.784798 0.466259
vt 0.778985 0.466259
vt 0.778985 0.469165
vt 0.773172 0.466259
vt 0.773172 0.469165
vt 0.767358 0.466259
vt 0.767358 0.469165
vt 0.760576 0.469165
vt 0.760576 0.466259
vt 0.753794 0.469165
vt 0.753794 0.466259
vt 0.745074 0.469165
vt 0.745074 0.466259
vt 0.735385 0.469165
vt 0.735385 0.466259
vt 0.723759 0.469165
vt 0.723759 0.466259
vt 0.712132 0.469165
vt 0.712132 0.466259
vt 0.712132 0.475947
vt 0.703412 0.484667
vt 0.712132 0.484667
vt 0.723759 0.475947
vt 0.723759 0.484667
vt 0.735385 0.475947
vt 0.735385 0.484667
vt 0.745074 0.475947
vt 0.745074 0.484667
vt 0.753794 0.475947
vt 0.753794 0.484667
vt 0.760576 0.475947
vt 0.760576 0.484667
vt 0.767358 0.475947
vt 0.773172 0.484667
vt 0.767358 0.484667
vt 0.773172 0.475947
vt 0.778985 0.484667
vt 0.778985 0.475947
vt 0.784798 0.484667
vt 0.784798 0.475947
vt 0.791581 0.475947
vt 0.791581 0.484667
vt 0.798363 0.475947
vt 0.806114 0.484667
vt 0.798363 0.484667
vt 0.806114 0.475947
vt 0.815803 0.475947
vt 0.815803 0.484667
vt 0.767358 0.433316
vt 0.773172 0.433316
vt 0.767358 0.446881
vt 0.773172 0.419752
vt 0.767358 0.419752
vt 0.760576 0.419752
vt 0.760576 0.433316
vt 0.760576 0.446881
vt 0.760576 0.457539
vt 0.773172 0.446881
vt 0.767358 0.457539
vt 0.760576 0.462383
vt 0.773172 0.457539
vt 0.773172 0.462383
vt 0.767358 0.462383
vt 0.767358 0.464321
vt 0.778985 0.462383
vt 0.773172 0.464321
vt 0.778985 0.464321
vt 0.784798 0.464321
vt 0.791581 0.464321
vt 0.798363 0.464321
vt 0.806114 0.464321
vt 0.815803 0.464321
vt 0.815803 0.462383
vt 0.798363 0.462383
vt 0.807083 0.462383
vt 0.826461 0.464321
vt 0.826461 0.462383
vt 0.815803 0.457539
vt 0.807083 0.457539
vt 0.807083 0.446881
vt 0.815803 0.446881
vt 0.826461 0.457539
vt 0.826461 0.446881
vt 0.834212 0.446881
vt 0.834212 0.457539
vt 0.826461 0.433316
vt 0.834212 0.433316
vt 0.834212 0.419752
vt 0.826461 0.419752
vt 0.826461 0.406188
vt 0.834212 0.406188
vt 0.826461 0.393592
vt 0.834212 0.393592
vt 0.826461 0.381965
vt 0.834212 0.381965
vt 0.826461 0.380028
vt 0.834212 0.380028
vt 0.815803 0.380028
vt 0.815803 0.381965
vt 0.807083 0.380028
vt 0.807083 0.381965
vt 0.798363 0.381965
vt 0.798363 0.380028
vt 0.791581 0.381965
vt 0.791581 0.380028
vt 0.784798 0.381965
vt 0.784798 0.380028
vt 0.778985 0.381965
vt 0.778985 0.380028
vt 0.773172 0.381965
vt 0.773172 0.380028
vt 0.760576 0.381965
vt 0.760576 0.380028
vt 0.753794 0.381965
vt 0.753794 0.380028
vt 0.745074 0.381965
vt 0.745074 0.380028
vt 0.735385 0.380028
vt 0.735385 0.381965
vt 0.723759 0.380028
vt 0.723759 0.381965
vt 0.712132 0.380028
vt 0.712132 0.381965
vt 0.703412 0.380028
vt 0.703412 0.381965
vt 0.695661 0.380028
vt 0.695661 0.381965
vt 0.688879 0.380028
vt 0.688879 0.381965
vt 0.682096 0.380028
vt 0.682096 0.381965
vt 0.674345 0.380028
vt 0.674345 0.381965
vt 0.682096 0.393592
vt 0.674345 0.393592
vt 0.682096 0.406188
vt 0.674345 0.406188
vt 0.682096 0.419752
vt 0.674345 0.419752
vt 0.682096 0.433316
vt 0.674345 0.433316
vt 0.682096 0.446881
vt 0.674345 0.446881
vt 0.674345 0.457539
vt 0.682096 0.457539
vt 0.674345 0.462383
vt 0.682096 0.462383
vt 0.682096 0.464321
vt 0.674345 0.464321
vt 0.688879 0.464321
vt 0.695661 0.464321
vt 0.703412 0.464321
vt 0.712132 0.464321
vt 0.723759 0.464321
vt 0.735385 0.464321
vt 0.745074 0.464321
vt 0.753794 0.464321
vt 0.760576 0.464321
vt 0.753794 0.462383
vt 0.745074 0.457539
vt 0.753794 0.457539
vt 0.745074 0.462383
vt 0.753794 0.446881
vt 0.753794 0.433316
vt 0.745074 0.446881
vt 0.745074 0.433316
vt 0.735385 0.446881
vt 0.735385 0.457539
vt 0.723759 0.446881
vt 0.723759 0.457539
vt 0.735385 0.462383
vt 0.723759 0.462383
vt 0.712132 0.457539
vt 0.712132 0.462383
vt 0.703412 0.457539
vt 0.703412 0.462383
vt 0.695661 0.457539
vt 0.695661 0.462383
vt 0.688879 0.457539
vt 0.688879 0.462383
vt 0.688879 0.446881
vt 0.695661 0.446881
vt 0.688879 0.433316
vt 0.695661 0.433316
vt 0.688879 0.419752
vt 0.695661 0.419752
vt 0.688879 0.406188
vt 0.695661 0.406188
vt 0.688879 0.393592
vt 0.695661 0.393592
vt 0.703412 0.393592
vt 0.703412 0.406188
vt 0.712132 0.393592
vt 0.712132 0.406188
vt 0.723759 0.393592
vt 0.723759 0.406188
vt 0.735385 0.393592
vt 0.745074 0.406188
vt 0.735385 0.406188
vt 0.745074 0.393592
vt 0.745074 0.419752
vt 0.735385 0.419752
vt 0.735385 0.433316
vt 0.723759 0.419752
vt 0.723759 0.433316
vt 0.712132 0.433316
vt 0.712132 0.419752
vt 0.703412 0.419752
vt 0.703412 0.433316
vt 0.712132 0.446881
vt 0.703412 0.446881
vt 0.753794 0.419752
vt 0.753794 0.406188
vt 0.760576 0.406188
vt 0.753794 0.393592
vt 0.760576 0.393592
vt 0.767358 0.406188
vt 0.767358 0.393592
vt 0.773172 0.406188
vt 0.773172 0.393592
vt 0.778985 0.406188
vt 0.778985 0.393592
vt 0.784798 0.393592
vt 0.784798 0.406188
vt 0.791581 0.393592
vt 0.791581 0.406188
vt 0.798363 0.393592
vt 0.807083 0.406188
vt 0.798363 0.406188
vt 0.807083 0.393592
vt 0.791581 0.419752
vt 0.798363 0.419752
vt 0.807083 0.419752
vt 0.807083 0.433316
vt 0.815803 0.419752
vt 0.815803 0.433316
vt 0.798363 0.433316
vt 0.798363 0.446881
vt 0.791581 0.446881
vt 0.791581 0.433316
vt 0.798363 0.457539
vt 0.784798 0.433316
vt 0.784798 0.419752
vt 0.778985 0.419752
vt 0.778985 0.433316
vt 0.778985 0.446881
vt 0.784798 0.446881
vt 0.784798 0.457539
vt 0.791581 0.457539
vt 0.791581 0.462383
vt 0.784798 0.462383
vt 0.778985 0.457539
vt 0.815803 0.406188
vt 0.815803 0.393592
vt 0.834212 0.462383
vt 0.834212 0.464321
s 1
usemtl Material.015
f 1/1/1 2/2/2 8/3/3
f 2/2/2 1/1/1 3/4/4
f 3/4/4 1/1/1 4/5/5
f 4/5/5 1/1/1 5/6/6
f 1/1/1 6/7/7 5/6/6
f 6/7/7 1/1/1 7/8/8
f 7/8/8 1/1/1 8/3/3
f 7/8/8 8/3/3 11/9/9
f 8/3/3 2/2/2 10/10/10
f 8/3/3 9/11/11 11/9/9
f 9/11/11 8/3/3 10/10/10
f 12/12/12 7/8/8 11/9/9
f 12/12/12 11/9/9 14/13/13
f 11/9/9 9/11/11 13/14/14
f 11/9/9 13/14/14 14/13/13
f 15/15/15 12/12/12 14/13/13
f 16/16/16 15/15/15 14/13/13
f 16/16/16 14/13/13 18/17/17
f 14/13/13 13/14/14 17/18/18
f 14/13/13 17/18/18 18/17/17
f 19/19/19 16/16/16 18/17/17
f 19/19/19 18/17/17 21/20/20
f 18/17/17 17/18/18 20/21/21
f 18/17/17 20/21/21 21/20/20
f 22/22/22 19/19/19 21/20/20
f 22/22/22 21/20/20 24/23/23
f 21/20/20 20/21/21 23/24/24
f 21/20/20 23/24/24 24/23/23
f 25/25/25 22/22/22 24/23/23
f 25/25/25 24/23/23 27/26/26
f 24/23/23 23/24/24 26/27/27
f 24/23/23 26/27/27 27/26/26
f 28/28/28 25/25/25 27/26/26
f 28/28/28 27/26/26 30/29/29
f 26/27/27 29/30/30 27/26/26
f 29/30/30 30/29/29 27/26/26
f 31/31/31 32/32/32 30/29/29
f 29/30/30 31/31/31 30/29/29
f 32/32/32 33/33/33 30/29/29
f 30/29/29 33/33/33 28/28/28
f 34/34/34 35/35/35 33/33/33
f 32/32/32 34/34/34 33/33/33
f 33/33/33 35/35/35 36/36/36
f 33/33/33 36/36/36 28/28/28
f 35/35/35 37/37/37 36/36/36
f 37/37/37 38/38/38 36/36/36
f 36/36/36 38/38/38 39/39/39
f 36/36/36 39/39/39 28/28/28
f 38/38/38 40/40/40 39/39/39
f 40/40/40 41/41/41 39/39/39
f 39/39/39 41/41/41 25/25/25
f 39/39/39 25/25/25 28/28/28
f 42/42/42 43/43/43 41/41/41
f 40/40/40 42/42/42 41/41/41
f 41/41/41 43/43/43 22/22/22
f 41/41/41 22/22/22 25/25/25
f 44/44/44 45/45/45 43/43/43
f 42/42/42 44/44/44 43/43/43
f 43/43/43 45/45/45 19/19/19
f 43/43/43 19/19/19 22/22/22
f 46/46/46 47/47/47 45/45/45
f 44/44/44 46/46/46 45/45/45
f 45/45/45 47/47/47 16/16/16
f 45/45/45 16/16/16 19/19/19
f 48/48/48 49/49/49 47/47/47
f 46/46/46 48/48/48 47/47/47
f 47/47/47 49/49/49 15/15/15
f 47/47/47 15/15/15 16/16/16
f 50/50/50 49/49/49 48/48/48
f 49/49/49 50/50/50 51/51/51
f 49/49/49 51/51/51 15/15/15
f 50/50/50 6/7/7 51/51/51
f 51/51/51 6/7/7 7/8/8
f 51/51/51 7/8/8 12/12/12
f 15/15/15 51/51/51 12/12/12
f 52/52/52 6/7/7 50/50/50
f 52/52/52 50/50/50 53/53/53
f 53/53/53 50/50/50 48/48/48
f 54/54/54 52/52/52 53/53/53
f 54/54/54 53/53/53 55/55/55
f 53/53/53 48/48/48 56/56/56
f 55/55/55 53/53/53 56/56/56
f 55/55/55 56/56/56 58/57/57
f 56/56/56 48/48/48 57/58/58
f 56/56/56 57/58/58 59/59/59
f 58/57/57 56/56/56 59/59/59
f 59/59/59 57/58/58 60/60/60
f 57/58/58 61/61/61 60/60/60
f 61/61/61 62/62/62 60/60/60
f 60/60/60 62/62/62 63/63/63
f 63/63/63 62/62/62 65/64/64
f 64/65/65 63/63/63 65/64/64
f 66/66/66 64/65/65 65/64/64
f 66/66/66 65/64/64 40/40/40
f 65/64/64 62/62/62 42/42/42
f 65/64/64 42/42/42 40/40/40
f 67/67/67 64/65/65 66/66/66
f 68/68/68 67/67/67 66/66/66
f 68/68/68 66/66/66 38/38/38
f 38/38/38 66/66/66 40/40/40
f 69/69/69 67/67/67 68/68/68
f 70/70/70 69/69/69 68/68/68
f 70/70/70 68/68/68 37/37/37
f 37/37/37 68/68/68 38/38/38
f 71/71/71 73/72/72 70/70/70
f 72/73/73 71/71/71 70/70/70
f 72/73/73 70/70/70 37/37/37
f 73/72/72 69/69/69 70/70/70
f 73/72/72 71/71/71 74/74/74
f 74/74/74 71/71/71 75/75/75
f 71/71/71 76/76/76 75/75/75
f 75/75/75 76/76/76 77/77/77
f 76/76/76 78/78/78 77/77/77
f 78/78/78 79/79/79 77/77/77
f 77/77/77 79/79/79 80/80/80
f 79/79/79 81/81/81 80/80/80
f 80/80/80 81/81/81 82/82/82
f 81/81/81 83/83/83 82/82/82
f 82/82/82 83/83/83 84/84/84
f 83/83/83 85/85/85 84/84/84
f 84/84/84 85/85/85 86/86/86
f 86/86/86 85/85/85 87/87/87
f 85/85/85 88/88/88 87/87/87
f 87/87/87 88/88/88 89/89/89
f 89/89/89 88/88/88 90/90/90
f 88/88/88 91/91/91 90/90/90
f 90/90/90 91/91/91 92/92/92
f 91/91/91 93/93/93 92/92/92
f 92/92/92 93/93/93 94/94/94
f 93/93/93 95/95/95 94/94/94
f 94/94/94 95/95/95 96/96/96
f 95/95/95 97/97/97 96/96/96
f 96/96/96 97/97/97 98/98/98
f 97/97/97 99/99/99 98/98/98
f 98/98/98 99/99/99 100/100/100
f 99/99/99 101/101/101 100/100/100
f 100/100/100 101/101/101 102/102/102
f 102/102/102 101/101/101 103/103/103
f 101/101/101 104/104/104 103/103/103
f 103/103/103 104/104/104 105/105/105
f 105/105/105 104/104/104 106/106/106
f 104/104/104 107/107/107 106/106/106
f 106/106/106 107/107/107 108/108/108
f 107/107/107 109/109/109 108/108/108
f 108/108/108 109/109/109 110/110/110
f 109/109/109 111/111/111 110/110/110
f 110/110/110 111/111/111 112/112/112
f 112/112/112 111/111/111 113/113/113
f 111/111/111 114/114/114 113/113/113
f 114/114/114 115/115/115 113/113/113
f 113/113/113 115/115/115 116/116/116
f 116/116/116 115/115/115 117/117/117
f 117/117/117 115/115/115 119/118/118
f 118/119/119 117/117/117 119/118/118
f 118/119/119 119/118/118 121/120/120
f 119/118/118 115/115/115 120/121/121
f 119/118/118 120/121/121 122/122/122
f 121/120/120 119/118/118 122/122/122
f 121/120/120 122/122/122 124/123/123
f 122/122/122 120/121/121 123/124/124
f 122/122/122 123/124/124 31/31/31
f 124/123/123 122/122/122 31/31/31
f 125/125/125 121/120/120 124/123/123
f 126/126/126 125/125/125 124/123/123
f 126/126/126 124/123/123 29/30/30
f 124/123/123 31/31/31 29/30/30
f 127/127/127 125/125/125 126/126/126
f 23/24/24 127/127/127 126/126/126
f 23/24/24 126/126/126 26/27/27
f 26/27/27 126/126/126 29/30/30
f 128/128/128 129/129/129 127/127/127
f 20/21/21 128/128/128 127/127/127
f 20/21/21 127/127/127 23/24/24
f 127/127/127 129/129/129 125/125/125
f 129/129/129 130/130/130 133/131/131
f 128/128/128 130/130/130 129/129/129
f 129/129/129 131/132/132 125/125/125
f 131/132/132 129/129/129 132/133/133
f 132/133/133 129/129/129 133/131/131
f 133/131/131 130/130/130 134/134/134
f 130/130/130 135/135/135 134/134/134
f 134/134/134 135/135/135 136/136/136
f 135/135/135 137/137/137 136/136/136
f 136/136/136 137/137/137 138/138/138
f 137/137/137 139/139/139 138/138/138
f 138/138/138 139/139/139 140/140/140
f 139/139/139 141/141/141 140/140/140
f 140/140/140 141/141/141 142/142/142
f 141/141/141 143/143/143 142/142/142
f 142/142/142 143/143/143 144/144/144
f 143/143/143 145/145/145 144/144/144
f 144/144/144 145/145/145 146/146/146
f 145/145/145 147/147/147 146/146/146
f 147/147/147 148/148/148 146/146/146
f 146/146/146 148/148/148 149/149/149
f 149/149/149 148/148/148 151/150/150
f 150/151/151 149/149/149 151/150/150
f 151/150/150 148/148/148 152/152/152
f 148/148/148 153/153/153 152/152/152
f 153/153/153 154/154/154 152/152/152
f 152/152/152 154/154/154 155/155/155
f 154/154/154 156/156/156 155/155/155
f 155/155/155 156/156/156 157/157/157
f 156/156/156 158/158/158 157/157/157
f 157/157/157 158/158/158 159/159/159
f 158/158/158 160/160/160 159/159/159
f 159/159/159 160/160/160 161/161/161
f 160/160/160 162/162/162 161/161/161
f 161/161/161 162/162/162 163/163/163
f 162/162/162 164/164/164 163/163/163
f 163/163/163 164/164/164 165/165/165
f 165/165/165 164/164/164 167/166/166
f 166/167/89 165/165/165 167/166/166
f 167/166/166 164/164/164 168/168/167
f 164/164/164 169/169/168 168/168/167
f 168/168/167 169/169/168 170/170/169
f 169/169/168 55/55/55 170/170/169
f 170/170/169 55/55/55 58/57/57
f 162/162/162 171/171/170 169/169/168
f 164/164/164 162/162/162 169/169/168
f 171/171/170 54/54/54 169/169/168
f 169/169/168 54/54/54 55/55/55
f 172/172/171 171/171/170 160/160/160
f 171/171/170 172/172/171 54/54/54
f 160/160/160 171/171/170 162/162/162
f 5/6/6 52/52/52 172/172/171
f 173/173/172 5/6/6 172/172/171
f 173/173/172 172/172/171 158/158/158
f 172/172/171 52/52/52 54/54/54
f 158/158/158 172/172/171 160/160/160
f 174/174/173 5/6/6 173/173/172
f 174/174/173 173/173/172 156/156/156
f 156/156/156 173/173/172 158/158/158
f 4/5/5 5/6/6 174/174/173
f 175/175/174 4/5/5 174/174/173
f 175/175/174 174/174/173 154/154/154
f 154/154/154 174/174/173 156/156/156
f 3/4/4 4/5/5 175/175/174
f 176/176/175 3/4/4 175/175/174
f 176/176/175 175/175/174 153/153/153
f 153/153/153 175/175/174 154/154/154
f 177/177/176 3/4/4 176/176/175
f 177/177/176 176/176/175 147/147/147
f 147/147/147 176/176/175 153/153/153
f 178/178/177 3/4/4 177/177/176
f 178/178/177 177/177/176 145/145/145
f 145/145/145 177/177/176 147/147/147
f 2/2/2 3/4/4 178/178/177
f 10/10/10 2/2/2 178/178/177
f 10/10/10 178/178/177 141/141/141
f 141/141/141 178/178/177 143/143/143
f 143/143/143 178/178/177 145/145/145
f 148/148/148 147/147/147 153/153/153
f 9/11/11 10/10/10 141/141/141
f 139/139/139 9/11/11 141/141/141
f 179/179/178 9/11/11 139/139/139
f 137/137/137 179/179/178 139/139/139
f 13/14/14 9/11/11 179/179/178
f 13/14/14 179/179/178 17/18/18
f 179/179/178 180/180/179 17/18/18
f 180/180/179 179/179/178 135/135/135
f 135/135/135 179/179/178 137/137/137
f 180/180/179 130/130/130 128/128/128
f 130/130/130 180/180/179 135/135/135
f 17/18/18 180/180/179 128/128/128
f 125/125/125 131/132/132 121/120/120
f 131/132/132 118/119/119 121/120/120
f 17/18/18 128/128/128 20/21/21
f 120/121/121 181/181/180 123/124/124
f 181/181/180 182/182/181 123/124/124
f 123/124/124 182/182/181 183/183/182
f 123/124/124 183/183/182 32/32/32
f 31/31/31 123/124/124 32/32/32
f 182/182/181 184/184/183 183/183/182
f 184/184/183 185/185/184 183/183/182
f 183/183/182 185/185/184 186/186/185
f 183/183/182 186/186/185 32/32/32
f 185/185/184 187/187/186 186/186/185
f 187/187/186 188/188/187 186/186/185
f 188/188/187 189/189/188 186/186/185
f 186/186/185 189/189/188 34/34/34
f 186/186/185 34/34/34 32/32/32
f 189/189/188 190/190/189 72/73/73
f 188/188/187 190/190/189 189/189/188
f 189/189/188 72/73/73 35/35/35
f 34/34/34 189/189/188 35/35/35
f 190/190/189 78/78/78 76/76/76
f 191/191/190 78/78/78 190/190/189
f 191/191/190 190/190/189 188/188/187
f 190/190/189 76/76/76 72/73/73
f 192/192/191 78/78/78 191/191/190
f 192/192/191 191/191/190 188/188/187
f 79/79/79 78/78/78 192/192/191
f 193/193/192 79/79/79 192/192/191
f 193/193/192 192/192/191 187/187/186
f 187/187/186 192/192/191 188/188/187
f 194/194/193 81/81/81 193/193/192
f 195/195/194 194/194/193 193/193/192
f 195/195/194 193/193/192 187/187/186
f 81/81/81 79/79/79 193/193/192
f 196/196/195 194/194/193 195/195/194
f 197/197/196 196/196/195 195/195/194
f 197/197/196 195/195/194 185/185/184
f 185/185/184 195/195/194 187/187/186
f 198/198/197 196/196/195 197/197/196
f 199/199/198 198/198/197 197/197/196
f 199/199/198 197/197/196 184/184/183
f 184/184/183 197/197/196 185/185/184
f 200/200/199 198/198/197 199/199/198
f 201/201/200 200/200/199 199/199/198
f 201/201/200 199/199/198 182/182/181
f 182/182/181 199/199/198 184/184/183
f 202/202/201 200/200/199 201/201/200
f 203/203/202 202/202/201 201/201/200
f 203/203/202 201/201/200 182/182/181
f 204/204/203 202/202/201 203/203/202
f 111/111/111 204/204/203 203/203/202
f 111/111/111 203/203/202 181/181/180
f 181/181/180 203/203/202 182/182/181
f 204/204/203 205/205/204 202/202/201
f 206/206/205 205/205/204 204/204/203
f 206/206/205 204/204/203 109/109/109
f 109/109/109 204/204/203 111/111/111
f 205/205/204 206/206/205 99/99/99
f 99/99/99 206/206/205 101/101/101
f 101/101/101 206/206/205 107/107/107
f 107/107/107 206/206/205 109/109/109
f 205/205/204 207/207/206 202/202/201
f 207/207/206 205/205/204 97/97/97
f 97/97/97 205/205/204 99/99/99
f 202/202/201 207/207/206 200/200/199
f 207/207/206 208/208/207 200/200/199
f 208/208/207 207/207/206 95/95/95
f 95/95/95 207/207/206 97/97/97
f 200/200/199 208/208/207 198/198/197
f 208/208/207 209/209/208 198/198/197
f 209/209/208 208/208/207 93/93/93
f 93/93/93 208/208/207 95/95/95
f 198/198/197 209/209/208 196/196/195
f 209/209/208 210/210/209 196/196/195
f 210/210/209 209/209/208 91/91/91
f 91/91/91 209/209/208 93/93/93
f 196/196/195 210/210/209 194/194/193
f 194/194/193 210/210/209 83/83/83
f 83/83/83 210/210/209 85/85/85
f 85/85/85 210/210/209 88/88/88
f 88/88/88 210/210/209 91/91/91
f 81/81/81 194/194/193 83/83/83
f 114/114/114 111/111/111 181/181/180
f 120/121/121 114/114/114 181/181/180
f 115/115/115 114/114/114 120/121/121
f 104/104/104 101/101/101 107/107/107
f 76/76/76 71/71/71 72/73/73
f 35/35/35 72/73/73 37/37/37
f 62/62/62 61/61/61 44/44/44
f 62/62/62 44/44/44 42/42/42
f 48/48/48 46/46/46 61/61/61
f 57/58/58 48/48/48 61/61/61
f 61/61/61 46/46/46 44/44/44
f 5/6/6 6/7/7 52/52/52
f 211/211/210 212/212/211 217/213/212
f 212/212/211 211/211/210 213/214/213
f 211/211/210 214/215/214 213/214/213
f 214/215/214 211/211/210 215/216/215
f 215/216/215 211/211/210 216/217/216
f 216/217/216 211/211/210 217/213/212
f 216/217/216 217/213/212 220/218/217
f 212/212/211 218/219/218 217/213/212
f 217/213/212 218/219/218 219/220/219
f 217/213/212 219/220/219 220/218/217
f 221/221/220 216/217/216 220/218/217
f 221/221/220 220/218/217 223/222/221
f 220/218/217 219/220/219 222/223/222
f 220/218/217 222/223/222 223/222/221
f 224/224/223 221/221/220 223/222/221
f 225/225/224 224/224/223 223/222/221
f 223/222/221 226/226/225 225/225/224
f 223/222/221 222/223/222 226/226/225
f 222/223/222 227/227/226 226/226/225
f 227/227/226 228/228/227 226/226/225
f 228/228/227 229/229/228 226/226/225
f 229/229/228 225/225/224 226/226/225
f 229/229/228 230/230/229 225/225/224
f 230/230/229 224/224/223 225/225/224
f 228/228/227 227/227/226 231/231/230
f 227/227/226 232/232/231 231/231/230
f 232/232/231 233/233/232 231/231/230
f 231/231/230 233/233/232 234/234/233
f 234/234/233 233/233/232 235/235/234
f 233/233/232 236/236/235 235/235/234
f 235/235/234 236/236/235 237/237/236
f 236/236/235 238/238/237 237/237/236
f 238/238/237 239/239/238 237/237/236
f 237/237/236 239/239/238 240/240/239
f 239/239/238 241/241/240 240/240/239
f 240/240/239 241/241/240 242/242/241
f 241/241/240 243/243/242 242/242/241
f 242/242/241 243/243/242 244/244/243
f 243/243/242 245/245/244 244/244/243
f 244/244/243 245/245/244 246/246/245
f 246/246/245 245/245/244 247/247/246
f 245/245/244 248/248/247 247/247/246
f 247/247/246 248/248/247 249/249/248
f 248/248/247 250/250/249 249/249/248
f 250/250/249 251/251/250 249/249/248
f 249/249/248 251/251/250 252/252/251
f 251/251/250 253/253/252 252/252/251
f 252/252/251 253/253/252 254/254/253
f 254/254/253 253/253/252 255/255/254
f 253/253/252 256/256/255 255/255/254
f 256/256/255 257/257/256 255/255/254
f 255/255/254 257/257/256 258/258/257
f 257/257/256 259/259/258 258/258/257
f 258/258/257 259/259/258 260/260/259
f 259/259/258 261/261/260 260/260/259
f 260/260/259 261/261/260 262/262/261
f 261/261/260 263/263/262 262/262/261
f 262/262/261 263/263/262 264/264/263
f 263/263/262 265/265/264 264/264/263
f 264/264/263 265/265/264 266/266/265
f 266/266/265 265/265/264 267/267/266
f 265/265/264 268/268/267 267/267/266
f 268/268/267 269/269/268 267/267/266
f 267/267/266 269/269/268 270/270/269
f 269/269/268 271/271/270 270/270/269
f 270/270/269 271/271/270 272/272/271
f 271/271/270 273/273/272 272/272/271
f 272/272/271 273/273/272 274/274/273
f 274/274/273 273/273/272 275/275/274
f 273/273/272 276/276/275 275/275/274
f 275/275/274 276/276/275 277/277/276
f 276/276/275 221/221/220 277/277/276
f 277/277/276 221/221/220 224/224/223
f 215/216/215 216/217/216 276/276/275
f 273/273/272 215/216/215 276/276/275
f 276/276/275 216/217/216 221/221/220
f 278/278/277 215/216/215 273/273/272
f 271/271/270 278/278/277 273/273/272
f 279/279/278 214/215/214 278/278/277
f 280/280/279 279/279/278 278/278/277
f 280/280/279 278/278/277 271/271/270
f 278/278/277 214/215/214 215/216/215
f 281/281/280 279/279/278 280/280/279
f 281/281/280 280/280/279 268/268/267
f 268/268/267 280/280/279 269/269/268
f 269/269/268 280/280/279 271/271/270
f 282/282/281 279/279/278 281/281/280
f 283/283/282 282/282/281 281/281/280
f 283/283/282 281/281/280 265/265/264
f 265/265/264 281/281/280 268/268/267
f 284/284/283 282/282/281 283/283/282
f 285/285/284 284/284/283 283/283/282
f 285/285/284 283/283/282 265/265/264
f 286/286/285 288/287/286 285/285/284
f 287/288/287 286/286/285 285/285/284
f 287/288/287 285/285/284 263/263/262
f 288/287/286 284/284/283 285/285/284
f 263/263/262 285/285/284 265/265/264
f 284/284/283 288/287/286 289/289/288
f 289/289/288 288/287/286 290/290/289
f 290/290/289 288/287/286 291/291/290
f 288/287/286 286/286/285 291/291/290
f 290/290/289 291/291/290 243/243/242
f 286/286/285 292/292/291 291/291/290
f 291/291/290 292/292/291 293/293/292
f 291/291/290 293/293/292 245/245/244
f 243/243/242 291/291/290 245/245/244
f 292/292/291 294/294/293 293/293/292
f 293/293/292 294/294/293 295/295/294
f 293/293/292 295/295/294 248/248/247
f 245/245/244 293/293/292 248/248/247
f 295/295/294 294/294/293 296/296/295
f 295/295/294 296/296/295 250/250/249
f 248/248/247 295/295/294 250/250/249
f 296/296/295 294/294/293 297/297/296
f 296/296/295 297/297/296 257/257/256
f 250/250/249 296/296/295 251/251/250
f 251/251/250 296/296/295 256/256/255
f 256/256/255 296/296/295 257/257/256
f 297/297/296 294/294/293 298/298/297
f 297/297/296 298/298/297 257/257/256
f 294/294/293 292/292/291 298/298/297
f 292/292/291 286/286/285 298/298/297
f 298/298/297 286/286/285 287/288/287
f 298/298/297 287/288/287 259/259/258
f 257/257/256 298/298/297 259/259/258
f 289/289/288 290/290/289 243/243/242
f 299/299/298 284/284/283 289/289/288
f 299/299/298 289/289/288 241/241/240
f 241/241/240 289/289/288 243/243/242
f 279/279/278 282/282/281 299/299/298
f 300/300/299 279/279/278 299/299/298
f 300/300/299 299/299/298 239/239/238
f 282/282/281 284/284/283 299/299/298
f 239/239/238 299/299/298 241/241/240
f 214/215/214 279/279/278 300/300/299
f 213/214/213 214/215/214 300/300/299
f 213/214/213 300/300/299 238/238/237
f 238/238/237 300/300/299 239/239/238
f 259/259/258 287/288/287 261/261/260
f 261/261/260 287/288/287 263/263/262
f 253/253/252 251/251/250 256/256/255
f 236/236/235 213/214/213 238/238/237
f 212/212/211 213/214/213 236/236/235
f 233/233/232 212/212/211 236/236/235
f 218/219/218 212/212/211 233/233/232
f 232/232/231 218/219/218 233/233/232
f 301/301/300 218/219/218 232/232/231
f 301/301/300 232/232/231 227/227/226
f 219/220/219 218/219/218 301/301/300
f 219/220/219 301/301/300 222/223/222
f 222/223/222 301/301/300 227/227/226
f 302/302/301 303/303/302 308/304/303
f 303/303/302 302/302/301 304/305/304
f 302/302/301 305/306/305 304/305/304
f 305/306/305 302/302/301 306/307/306
f 306/307/306 302/302/301 307/308/307
f 307/308/307 302/302/301 308/304/303
f 307/308/307 308/304/303 310/309/308
f 308/304/303 303/303/302 309/310/309
f 308/304/303 309/310/309 310/309/308
f 311/311/310 307/308/307 310/309/308
f 311/311/310 310/309/308 313/312/311
f 310/309/308 309/310/309 312/313/312
f 310/309/308 312/313/312 314/314/313
f 313/312/311 310/309/308 314/314/313
f 313/312/311 314/314/313 316/315/314
f 314/314/313 312/313/312 315/316/315
f 314/314/313 315/316/315 317/317/316
f 316/315/314 314/314/313 317/317/316
f 316/315/314 317/317/316 320/318/317
f 315/316/315 318/319/318 317/317/316
f 317/317/316 318/319/318 319/320/319
f 317/317/316 319/320/319 320/318/317
f 321/321/320 316/315/314 320/318/317
f 321/321/320 320/318/317 323/322/321
f 320/318/317 319/320/319 322/323/322
f 320/318/317 322/323/322 323/322/321
f 324/324/323 321/321/320 323/322/321
f 324/324/323 323/322/321 326/325/324
f 323/322/321 322/323/322 325/326/325
f 323/322/321 325/326/325 326/325/324
f 327/327/326 324/324/323 326/325/324
f 328/328/327 327/327/326 326/325/324
f 328/328/327 326/325/324 330/329/328
f 325/326/325 329/330/329 326/325/324
f 329/330/329 330/329/328 326/325/324
f 331/331/330 332/332/331 330/329/328
f 329/330/329 331/331/330 330/329/328
f 330/329/328 332/332/331 328/328/327
f 333/333/332 334/334/333 332/332/331
f 331/331/330 333/333/332 332/332/331
f 332/332/331 334/334/333 335/335/334
f 332/332/331 335/335/334 328/328/327
f 334/334/333 336/336/335 335/335/334
f 336/336/335 337/337/336 335/335/334
f 335/335/334 337/337/336 338/338/337
f 335/335/334 338/338/337 328/328/327
f 337/337/336 339/339/338 338/338/337
f 339/339/338 340/340/339 338/338/337
f 338/338/337 340/340/339 327/327/326
f 338/338/337 327/327/326 328/328/327
f 340/340/339 341/341/340 342/342/341
f 339/339/338 341/341/340 340/340/339
f 340/340/339 342/342/341 327/327/326
f 342/342/341 341/341/340 343/343/342
f 342/342/341 343/343/342 324/324/323
f 327/327/326 342/342/341 324/324/323
f 341/341/340 344/344/343 343/343/342
f 344/344/343 345/345/344 343/343/342
f 343/343/342 345/345/344 321/321/320
f 343/343/342 321/321/320 324/324/323
f 346/346/345 313/312/311 345/345/344
f 344/344/343 346/346/345 345/345/344
f 345/345/344 313/312/311 316/315/314
f 345/345/344 316/315/314 321/321/320
f 347/347/346 311/311/310 346/346/345
f 348/348/347 347/347/346 346/346/345
f 348/348/347 346/346/345 344/344/343
f 346/346/345 311/311/310 313/312/311
f 349/349/348 347/347/346 348/348/347
f 349/349/348 348/348/347 350/350/349
f 350/350/349 348/348/347 344/344/343
f 351/351/350 349/349/348 350/350/349
f 351/351/350 350/350/349 339/339/338
f 350/350/349 341/341/340 339/339/338
f 341/341/340 350/350/349 344/344/343
f 352/352/351 349/349/348 351/351/350
f 353/353/352 352/352/351 351/351/350
f 353/353/352 351/351/350 337/337/336
f 337/337/336 351/351/350 339/339/338
f 352/352/351 353/353/352 354/354/353
f 354/354/353 353/353/352 355/355/354
f 355/355/354 353/353/352 336/336/335
f 336/336/335 353/353/352 337/337/336
f 356/356/355 355/355/354 336/336/335
f 357/357/356 356/356/355 334/334/333
f 334/334/333 356/356/355 336/336/335
f 358/358/357 357/357/356 333/333/332
f 333/333/332 357/357/356 334/334/333
f 359/359/358 358/358/357 333/333/332
f 359/359/358 333/333/332 362/360/359
f 360/361/360 359/359/358 361/362/361
f 361/362/361 359/359/358 362/360/359
f 361/362/361 362/360/359 329/330/329
f 362/360/359 333/333/332 331/331/330
f 362/360/359 331/331/330 329/330/329
f 363/363/362 360/361/360 361/362/361
f 363/363/362 361/362/361 325/326/325
f 325/326/325 361/362/361 329/330/329
f 364/364/363 360/361/360 363/363/362
f 365/365/364 364/364/363 363/363/362
f 365/365/364 363/363/362 325/326/325
f 319/320/319 366/366/365 365/365/364
f 322/323/322 319/320/319 365/365/364
f 322/323/322 365/365/364 325/326/325
f 366/366/365 367/367/366 365/365/364
f 367/367/366 364/364/363 365/365/364
f 367/367/366 366/366/365 368/368/367
f 366/366/365 369/369/368 368/368/367
f 368/368/367 369/369/368 370/370/369
f 369/369/368 371/371/370 370/370/369
f 370/370/369 371/371/370 372/372/371
f 372/372/371 371/371/370 373/373/372
f 371/371/370 374/374/373 373/373/372
f 374/374/373 375/375/374 373/373/372
f 373/373/372 375/375/374 376/376/375
f 376/376/375 375/375/374 377/377/376
f 375/375/374 378/378/377 377/377/376
f 377/377/376 378/378/377 379/379/378
f 378/378/377 380/380/379 379/379/378
f 379/379/378 380/380/379 381/381/380
f 380/380/379 382/382/381 381/381/380
f 382/382/381 383/383/382 381/381/380
f 381/381/380 383/383/382 384/384/383
f 383/383/382 385/385/384 384/384/383
f 384/384/383 385/385/384 386/386/385
f 386/386/385 385/385/384 387/387/386
f 385/385/384 388/388/387 387/387/386
f 388/388/387 389/389/388 387/387/386
f 387/387/386 389/389/388 390/390/389
f 390/390/389 389/389/388 391/391/390
f 389/389/388 392/392/391 391/391/390
f 392/392/391 393/393/392 391/391/390
f 391/391/390 393/393/392 394/394/393
f 393/393/392 395/395/80 394/394/393
f 394/394/393 395/395/80 396/396/394
f 395/395/80 397/397/395 396/396/394
f 396/396/394 397/397/395 398/398/396
f 398/398/396 397/397/395 399/399/397
f 397/397/395 400/400/398 399/399/397
f 399/399/397 400/400/398 401/401/399
f 400/400/398 402/402/400 401/401/399
f 402/402/400 403/403/401 401/401/399
f 401/401/399 403/403/401 404/404/402
f 404/404/402 403/403/401 354/354/353
f 405/405/403 406/406/404 403/403/401
f 402/402/400 405/405/403 403/403/401
f 403/403/401 406/406/404 352/352/351
f 403/403/401 352/352/351 354/354/353
f 407/407/405 347/347/346 406/406/404
f 405/405/403 407/407/405 406/406/404
f 406/406/404 347/347/346 349/349/348
f 406/406/404 349/349/348 352/352/351
f 407/407/405 307/308/307 311/311/310
f 408/408/406 307/308/307 407/407/405
f 408/408/406 407/407/405 405/405/403
f 347/347/346 407/407/405 311/311/310
f 306/307/306 307/308/307 408/408/406
f 409/409/407 306/307/306 408/408/406
f 409/409/407 408/408/406 410/410/408
f 410/410/408 408/408/406 405/405/403
f 411/411/409 409/409/407 410/410/408
f 411/411/409 410/410/408 400/400/398
f 410/410/408 405/405/403 402/402/400
f 400/400/398 410/410/408 402/402/400
f 412/412/410 409/409/407 411/411/409
f 413/413/411 412/412/410 411/411/409
f 413/413/411 411/411/409 395/395/80
f 395/395/80 411/411/409 397/397/395
f 397/397/395 411/411/409 400/400/398
f 414/414/412 412/412/410 413/413/411
f 415/415/413 414/414/412 413/413/411
f 415/415/413 413/413/411 393/393/392
f 393/393/392 413/413/411 395/395/80
f 416/416/414 414/414/412 415/415/413
f 417/417/415 416/416/414 415/415/413
f 417/417/415 415/415/413 393/393/392
f 418/418/416 416/416/414 417/417/415
f 419/419/417 418/418/416 417/417/415
f 419/419/417 417/417/415 392/392/391
f 392/392/391 417/417/415 393/393/392
f 420/420/418 418/418/416 419/419/417
f 421/421/419 420/420/418 419/419/417
f 421/421/419 419/419/417 389/389/388
f 389/389/388 419/419/417 392/392/391
f 422/422/420 420/420/418 421/421/419
f 422/422/420 421/421/419 385/385/384
f 385/385/384 421/421/419 388/388/387
f 388/388/387 421/421/419 389/389/388
f 423/423/421 420/420/418 422/422/420
f 424/424/422 423/423/421 422/422/420
f 424/424/422 422/422/420 385/385/384
f 425/425/423 423/423/421 424/424/422
f 426/426/424 425/425/423 424/424/422
f 426/426/424 424/424/422 383/383/382
f 383/383/382 424/424/422 385/385/384
f 427/427/425 425/425/423 426/426/424
f 428/428/426 427/427/425 426/426/424
f 428/428/426 426/426/424 382/382/381
f 382/382/381 426/426/424 383/383/382
f 429/429/427 427/427/425 428/428/426
f 430/430/428 429/429/427 428/428/426
f 430/430/428 428/428/426 378/378/377
f 378/378/377 428/428/426 380/380/379
f 380/380/379 428/428/426 382/382/381
f 431/431/429 429/429/427 430/430/428
f 432/432/430 431/431/429 430/430/428
f 432/432/430 430/430/428 378/378/377
f 433/433/431 431/431/429 432/432/430
f 434/434/432 433/433/431 432/432/430
f 434/434/432 432/432/430 374/374/373
f 374/374/373 432/432/430 375/375/374
f 375/375/374 432/432/430 378/378/377
f 435/435/433 437/436/434 434/434/432
f 436/437/435 435/435/433 434/434/432
f 436/437/435 434/434/432 374/374/373
f 437/436/434 433/433/431 434/434/432
f 309/310/309 437/436/434 312/313/312
f 437/436/434 309/310/309 433/433/431
f 312/313/312 437/436/434 435/435/433
f 435/435/433 436/437/435 315/316/315
f 315/316/315 436/437/435 318/319/318
f 318/319/318 436/437/435 369/369/368
f 369/369/368 436/437/435 371/371/370
f 371/371/370 436/437/435 374/374/373
f 312/313/312 435/435/433 315/316/315
f 309/310/309 303/303/302 433/433/431
f 433/433/431 303/303/302 431/431/429
f 303/303/302 304/305/304 431/431/429
f 304/305/304 438/438/436 431/431/429
f 431/431/429 438/438/436 429/429/427
f 439/439/437 440/440/438 438/438/436
f 304/305/304 439/439/437 438/438/436
f 438/438/436 440/440/438 441/441/439
f 438/438/436 441/441/439 427/427/425
f 429/429/427 438/438/436 427/427/425
f 440/440/438 442/442/440 441/441/439
f 441/441/439 442/442/440 443/443/441
f 441/441/439 443/443/441 425/425/423
f 427/427/425 441/441/439 425/425/423
f 443/443/441 442/442/440 444/444/442
f 443/443/441 444/444/442 423/423/421
f 425/425/423 443/443/441 423/423/421
f 444/444/442 442/442/440 445/445/443
f 444/444/442 445/445/443 416/416/414
f 423/423/421 444/444/442 418/418/416
f 418/418/416 444/444/442 416/416/414
f 445/445/443 442/442/440 446/446/444
f 445/445/443 446/446/444 414/414/412
f 416/416/414 445/445/443 414/414/412
f 442/442/440 440/440/438 446/446/444
f 440/440/438 439/439/437 446/446/444
f 446/446/444 439/439/437 447/447/445
f 446/446/444 447/447/445 412/412/410
f 414/414/412 446/446/444 412/412/410
f 439/439/437 305/306/305 447/447/445
f 447/447/445 305/306/305 448/448/446
f 447/447/445 448/448/446 409/409/407
f 412/412/410 447/447/445 409/409/407
f 448/448/446 305/306/305 306/307/306
f 448/448/446 306/307/306 409/409/407
f 305/306/305 439/439/437 304/305/304
f 420/420/418 423/423/421 418/418/416
f 318/319/318 369/369/368 319/320/319
f 319/320/319 369/369/368 366/366/365
f 449/449/447 450/450/448 455/451/449
f 450/450/448 449/449/447 451/452/450
f 451/452/450 449/449/447 452/453/451
f 449/449/447 453/454/452 452/453/451
f 453/454/452 449/449/447 454/455/453
f 454/455/453 449/449/447 455/451/449
f 454/455/453 455/451/449 457/456/454
f 455/451/449 450/450/448 456/457/455
f 455/451/449 456/457/455 458/458/456
f 457/456/454 455/451/449 458/458/456
f 457/456/454 458/458/456 460/459/457
f 458/458/456 456/457/455 459/460/458
f 458/458/456 459/460/458 461/461/459
f 460/459/457 458/458/456 461/461/459
f 461/461/459 459/460/458 462/462/460
f 459/460/458 463/463/461 462/462/460
f 462/462/460 463/463/461 464/464/462
f 463/463/461 465/465/463 464/464/462
f 464/464/462 465/465/463 466/466/464
f 466/466/464 465/465/463 467/467/465
f 465/465/463 468/468/466 467/467/465
f 467/467/465 468/468/466 469/469/467
f 468/468/466 470/470/468 469/469/467
f 469/469/467 470/470/468 471/471/469
f 470/470/468 472/472/470 471/471/469
f 472/472/470 473/473/471 471/471/469
f 471/471/469 473/473/471 474/474/472
f 474/474/472 473/473/471 475/475/473
f 473/473/471 476/476/474 475/475/473
f 475/475/473 476/476/474 477/477/475
f 476/476/474 478/478/476 477/477/475
f 477/477/475 478/478/476 479/479/477
f 478/478/476 480/480/478 479/479/477
f 479/479/477 480/480/478 481/481/479
f 480/480/478 482/482/480 481/481/479
f 481/481/479 482/482/480 483/483/481
f 482/482/480 484/484/482 483/483/481
f 483/483/481 484/484/482 485/485/483
f 484/484/482 486/486/484 485/485/483
f 485/485/483 486/486/484 487/487/485
f 487/487/485 486/486/484 488/488/486
f 488/488/486 486/486/484 489/489/487
f 486/486/484 490/490/488 489/489/487
f 489/489/487 490/490/488 491/491/489
f 490/490/488 492/492/490 491/491/489
f 491/491/489 492/492/490 493/493/491
f 493/493/491 492/492/490 494/494/492
f 492/492/490 495/495/493 494/494/492
f 494/494/492 495/495/493 496/496/494
f 496/496/494 495/495/493 497/497/495
f 495/495/493 498/498/496 497/497/495
f 497/497/495 498/498/496 499/499/497
f 499/499/497 498/498/496 501/500/498
f 500/501/499 499/499/497 501/500/498
f 498/498/496 502/502/500 501/500/498
f 501/500/498 502/502/500 503/503/450
f 502/502/500 504/504/501 503/503/450
f 503/503/450 504/504/501 505/505/502
f 505/505/502 504/504/501 506/506/503
f 506/506/503 504/504/501 507/507/504
f 504/504/501 508/508/505 507/507/504
f 507/507/504 508/508/505 509/509/506
f 508/508/505 510/510/505 509/509/506
f 509/509/506 510/510/505 511/511/507
f 511/511/507 510/510/505 512/512/508
f 510/510/505 513/513/509 512/512/508
f 512/512/508 513/513/509 514/514/510
f 513/513/509 515/515/511 514/514/510
f 515/515/511 516/516/512 514/514/510
f 514/514/510 516/516/512 517/517/513
f 516/516/512 518/518/514 517/517/513
f 517/517/513 518/518/514 519/519/515
f 518/518/514 520/520/516 519/519/515
f 519/519/515 520/520/516 521/521/517
f 521/521/517 520/520/516 522/522/518
f 520/520/516 523/523/519 522/522/518
f 522/522/518 523/523/519 524/524/520
f 524/524/520 523/523/519 526/525/521
f 525/526/522 524/524/520 526/525/521
f 525/526/522 526/525/521 529/527/523
f 523/523/519 527/528/524 526/525/521
f 526/525/521 527/528/524 528/529/525
f 526/525/521 528/529/525 529/527/523
f 530/530/526 525/526/522 529/527/523
f 531/531/527 530/530/526 529/527/523
f 531/531/527 529/527/523 528/529/525
f 527/528/524 532/532/528 531/531/527
f 528/529/525 527/528/524 531/531/527
f 532/532/528 533/533/529 531/531/527
f 533/533/529 534/534/530 531/531/527
f 534/534/530 535/535/531 531/531/527
f 535/535/531 530/530/526 531/531/527
f 535/535/531 536/536/532 538/537/533
f 534/534/530 536/536/532 535/535/531
f 530/530/526 535/535/531 537/538/534
f 537/538/534 535/535/531 538/537/533
f 538/537/533 536/536/532 539/539/535
f 536/536/532 540/540/536 539/539/535
f 540/540/536 541/541/537 539/539/535
f 539/539/535 541/541/537 542/542/538
f 542/542/538 541/541/537 543/543/539
f 541/541/537 544/544/540 543/543/539
f 544/544/540 545/545/541 543/543/539
f 543/543/539 545/545/541 546/546/542
f 545/545/541 457/456/454 546/546/542
f 546/546/542 457/456/454 460/459/457
f 547/547/453 454/455/453 545/545/541
f 544/544/540 547/547/453 545/545/541
f 545/545/541 454/455/453 457/456/454
f 548/548/543 453/454/452 547/547/453
f 549/549/544 548/548/543 547/547/453
f 549/549/544 547/547/453 544/544/540
f 547/547/453 453/454/452 454/455/453
f 548/548/543 549/549/544 550/550/545
f 550/550/545 549/549/544 551/551/546
f 551/551/546 549/549/544 541/541/537
f 541/541/537 549/549/544 544/544/540
f 550/550/545 551/551/546 533/533/529
f 551/551/546 552/552/547 533/533/529
f 552/552/547 551/551/546 540/540/536
f 540/540/536 551/551/546 541/541/537
f 552/552/547 536/536/532 534/534/530
f 536/536/532 552/552/547 540/540/536
f 533/533/529 552/552/547 534/534/530
f 553/553/548 548/548/543 550/550/545
f 554/554/549 553/553/548 550/550/545
f 554/554/549 550/550/545 533/533/529
f 555/555/550 553/553/548 554/554/549
f 556/556/551 555/555/550 554/554/549
f 556/556/551 554/554/549 532/532/528
f 532/532/528 554/554/549 533/533/529
f 555/555/550 556/556/551 518/518/514
f 518/518/514 556/556/551 520/520/516
f 520/520/516 556/556/551 523/523/519
f 523/523/519 556/556/551 527/528/524
f 527/528/524 556/556/551 532/532/528
f 557/557/552 553/553/548 555/555/550
f 557/557/552 555/555/550 516/516/512
f 516/516/512 555/555/550 518/518/514
f 558/558/553 553/553/548 557/557/552
f 559/559/554 558/558/553 557/557/552
f 559/559/554 557/557/552 515/515/511
f 515/515/511 557/557/552 516/516/512
f 451/452/450 452/453/451 559/559/554
f 560/560/555 451/452/450 559/559/554
f 560/560/555 559/559/554 515/515/511
f 452/453/451 558/558/553 559/559/554
f 561/561/556 451/452/450 560/560/555
f 562/562/557 561/561/556 560/560/555
f 562/562/557 560/560/555 513/513/509
f 513/513/509 560/560/555 515/515/511
f 561/561/556 562/562/557 492/492/490
f 562/562/557 563/563/558 492/492/490
f 563/563/558 562/562/557 508/508/505
f 508/508/505 562/562/557 510/510/505
f 510/510/505 562/562/557 513/513/509
f 492/492/490 563/563/558 495/495/493
f 495/495/493 563/563/558 502/502/500
f 502/502/500 563/563/558 504/504/501
f 504/504/501 563/563/558 508/508/505
f 450/450/448 451/452/450 561/561/556
f 564/564/559 450/450/448 561/561/556
f 564/564/559 561/561/556 492/492/490
f 456/457/455 450/450/448 564/564/559
f 565/565/560 456/457/455 564/564/559
f 565/565/560 564/564/559 490/490/488
f 490/490/488 564/564/559 492/492/490
f 456/457/455 565/565/560 459/460/458
f 459/460/458 565/565/560 463/463/461
f 565/565/560 566/566/561 463/463/461
f 566/566/561 565/565/560 486/486/484
f 486/486/484 565/565/560 490/490/488
f 463/463/461 566/566/561 465/465/463
f 566/566/561 567/567/562 465/465/463
f 567/567/562 566/566/561 484/484/482
f 484/484/482 566/566/561 486/486/484
f 465/465/463 567/567/562 468/468/466
f 567/567/562 568/568/563 468/468/466
f 568/568/563 567/567/562 482/482/480
f 482/482/480 567/567/562 484/484/482
f 468/468/466 568/568/563 470/470/468
f 568/568/563 569/569/564 470/470/468
f 569/569/564 568/568/563 480/480/478
f 480/480/478 568/568/563 482/482/480
f 470/470/468 569/569/564 472/472/470
f 472/472/470 569/569/564 473/473/471
f 473/473/471 569/569/564 476/476/474
f 476/476/474 569/569/564 478/478/476
f 478/478/476 569/569/564 480/480/478
f 558/558/553 453/454/452 548/548/543
f 452/453/451 453/454/452 558/558/553
f 553/553/548 558/558/553 548/548/543
f 570/570/565 530/530/526 537/538/534
f 525/526/522 530/530/526 570/570/565
f 498/498/496 495/495/493 502/502/500
f 571/571/566 572/572/567 577/573/568
f 572/572/567 571/571/566 573/574/569
f 571/571/566 574/575/570 573/574/569
f 574/575/570 571/571/566 575/576/571
f 575/576/571 571/571/566 576/577/572
f 576/577/572 571/571/566 577/573/568
f 576/577/572 577/573/568 580/578/573
f 577/573/568 572/572/567 579/579/574
f 577/573/568 578/580/575 581/581/576
f 578/580/575 577/573/568 579/579/574
f 580/578/573 577/573/568 581/581/576
f 580/578/573 581/581/576 583/582/492
f 581/581/576 578/580/575 582/583/577
f 581/581/576 582/583/577 584/584/578
f 583/582/492 581/581/576 584/584/578
f 583/582/492 584/584/578 586/585/579
f 584/584/578 582/583/577 585/586/580
f 584/584/578 585/586/580 586/585/579
f 587/587/581 583/582/492 586/585/579
f 588/588/582 587/587/581 586/585/579
f 588/588/582 586/585/579 589/589/583
f 585/586/580 589/589/583 586/585/579
f 590/590/450 591/591/502 589/589/583
f 585/586/580 590/590/450 589/589/583
f 591/591/502 592/592/584 589/589/583
f 592/592/584 593/593/585 589/589/583
f 589/589/583 593/593/585 588/588/582
f 594/594/586 595/595/587 593/593/585
f 592/592/584 594/594/586 593/593/585
f 593/593/585 595/595/587 596/596/588
f 593/593/585 596/596/588 588/588/582
f 595/595/587 597/597/589 596/596/588
f 597/597/589 598/598/590 596/596/588
f 596/596/588 598/598/590 587/587/581
f 596/596/588 587/587/581 588/588/582
f 599/599/591 575/576/571 598/598/590
f 597/597/589 599/599/591 598/598/590
f 575/576/571 576/577/572 598/598/590
f 598/598/590 576/577/572 580/578/573
f 598/598/590 580/578/573 587/587/581
f 600/600/592 602/601/593 599/599/591
f 601/602/594 600/600/592 599/599/591
f 601/602/594 599/599/591 597/597/589
f 599/599/591 602/601/593 575/576/571
f 602/601/593 574/575/570 575/576/571
f 574/575/570 602/601/593 573/574/569
f 573/574/569 602/601/593 603/603/595
f 603/603/595 602/601/593 600/600/592
f 573/574/569 603/603/595 604/604/596
f 603/603/595 600/600/592 606/605/597
f 604/604/596 603/603/595 605/606/598
f 605/606/598 603/603/595 606/605/597
f 605/606/598 606/605/597 608/607/599
f 606/605/597 600/600/592 607/608/600
f 606/605/597 607/608/600 611/609/601
f 608/607/599 606/605/597 609/610/602
f 609/610/602 606/605/597 610/611/603
f 610/611/603 606/605/597 611/609/601
f 607/608/600 594/594/586 611/609/601
f 611/609/601 594/594/586 612/612/604
f 612/612/604 594/594/586 591/591/502
f 613/613/605 605/606/598 608/607/599
f 614/614/606 605/606/598 613/613/605
f 604/604/596 605/606/598 614/614/606
f 615/615/607 604/604/596 614/614/606
f 616/616/608 604/604/596 615/615/607
f 617/617/609 616/616/608 615/615/607
f 618/618/610 616/616/608 617/617/609
f 579/579/574 616/616/608 618/618/610
f 619/619/611 579/579/574 618/618/610
f 578/580/575 579/579/574 619/619/611
f 620/620/612 578/580/575 619/619/611
f 621/621/613 578/580/575 620/620/612
f 582/583/577 578/580/575 621/621/613
f 622/622/498 582/583/577 621/621/613
f 582/583/577 622/622/498 585/586/580
f 622/622/498 590/590/450 585/586/580
f 572/572/567 573/574/569 616/616/608
f 579/579/574 572/572/567 616/616/608
f 616/616/608 573/574/569 604/604/596
f 600/600/592 601/602/594 607/608/600
f 607/608/600 601/602/594 594/594/586
f 594/594/586 601/602/594 595/595/587
f 595/595/587 601/602/594 597/597/589
f 591/591/502 594/594/586 592/592/584
f 587/587/581 580/578/573 583/582/492
f 623/623/614 624/624/615 629/625/616
f 624/624/615 623/623/614 625/626/617
f 623/623/614 626/627/618 625/626/617
f 626/627/618 623/623/614 627/628/619
f 627/628/619 623/623/614 628/629/620
f 628/629/620 623/623/614 629/625/616
f 628/629/620 629/625/616 631/630/621
f 629/625/616 624/624/615 630/631/622
f 629/625/616 630/631/622 632/632/623
f 631/630/621 629/625/616 632/632/623
f 631/630/621 632/632/623 635/633/624
f 632/632/623 630/631/622 634/634/625
f 632/632/623 633/635/626 635/633/624
f 633/635/626 632/632/623 634/634/625
f 636/636/627 631/630/621 635/633/624
f 637/637/628 636/636/627 635/633/624
f 637/637/628 635/633/624 639/638/629
f 635/633/624 633/635/626 638/639/630
f 635/633/624 638/639/630 639/638/629
f 640/640/631 637/637/628 639/638/629
f 640/640/631 639/638/629 642/641/632
f 639/638/629 638/639/630 641/642/633
f 639/638/629 641/642/633 642/641/632
f 643/643/634 640/640/631 642/641/632
f 642/641/632 641/642/633 644/644/635
f 641/642/633 645/645/636 644/644/635
f 644/644/635 645/645/636 646/646/459
f 645/645/636 647/647/637 646/646/459
f 646/646/459 647/647/637 648/648/638
f 647/647/637 649/649/639 648/648/638
f 648/648/638 649/649/639 650/650/640
f 649/649/639 651/651/641 650/650/640
f 650/650/640 651/651/641 652/652/642
f 651/651/641 653/653/643 652/652/642
f 652/652/642 653/653/643 654/654/644
f 653/653/643 655/655/645 654/654/644
f 654/654/644 655/655/645 656/656/535
f 655/655/645 657/657/646 656/656/535
f 656/656/535 657/657/646 658/658/533
f 658/658/533 657/657/646 659/659/647
f 657/657/646 660/660/648 659/659/647
f 659/659/647 660/660/648 662/661/649
f 661/662/650 659/659/647 662/661/649
f 662/661/649 660/660/648 663/663/651
f 660/660/648 664/664/652 663/663/651
f 663/663/651 664/664/652 665/665/653
f 664/664/652 666/666/654 665/665/653
f 665/665/653 666/666/654 667/667/655
f 666/666/654 668/668/656 667/667/655
f 668/668/656 669/669/657 667/667/655
f 667/667/655 669/669/657 670/670/658
f 669/669/657 671/671/659 670/670/658
f 670/670/658 671/671/659 672/672/660
f 671/671/659 673/673/661 672/672/660
f 672/672/660 673/673/661 674/674/662
f 673/673/661 675/675/663 674/674/662
f 674/674/662 675/675/663 676/676/664
f 676/676/664 675/675/663 678/677/665
f 677/678/666 676/676/664 678/677/665
f 678/677/665 675/675/663 679/679/667
f 675/675/663 680/680/668 679/679/667
f 679/679/667 680/680/668 681/681/669
f 680/680/668 682/682/670 681/681/669
f 681/681/669 682/682/670 683/683/671
f 682/682/670 684/684/672 683/683/671
f 683/683/671 684/684/672 685/685/673
f 684/684/672 686/686/674 685/685/673
f 685/685/673 686/686/674 687/687/675
f 686/686/674 688/688/676 687/687/675
f 687/687/675 688/688/676 689/689/677
f 688/688/676 690/690/678 689/689/677
f 690/690/678 691/691/679 689/689/677
f 689/689/677 691/691/679 692/692/680
f 692/692/680 691/691/679 694/693/681
f 693/694/682 692/692/680 694/693/681
f 693/694/682 694/693/681 696/695/683
f 694/693/681 691/691/679 695/696/684
f 694/693/681 695/696/684 697/697/685
f 696/695/683 694/693/681 697/697/685
f 696/695/683 697/697/685 699/698/686
f 697/697/685 695/696/684 698/699/687
f 697/697/685 698/699/687 700/700/688
f 699/698/686 697/697/685 700/700/688
f 700/700/688 703/701/689 699/698/686
f 698/699/687 701/702/690 700/700/688
f 701/702/690 702/703/691 700/700/688
f 700/700/688 702/703/691 703/701/689
f 702/703/691 704/704/692 703/701/689
f 704/704/692 705/705/693 703/701/689
f 705/705/693 706/706/694 703/701/689
f 706/706/694 699/698/686 703/701/689
f 707/707/691 708/708/695 706/706/694
f 705/705/693 707/707/691 706/706/694
f 708/708/695 709/709/696 706/706/694
f 706/706/694 709/709/696 699/698/686
f 710/710/697 711/711/698 709/709/696
f 708/708/695 710/710/697 709/709/696
f 709/709/696 711/711/698 696/695/683
f 709/709/696 696/695/683 699/698/686
f 711/711/698 693/694/682 696/695/683
f 712/712/699 710/710/697 708/708/695
f 713/713/700 712/712/699 708/708/695
f 712/712/699 713/713/700 714/714/701
f 713/713/700 715/715/702 714/714/701
f 714/714/701 715/715/702 716/716/703
f 715/715/702 717/717/704 716/716/703
f 716/716/703 717/717/704 718/718/705
f 717/717/704 719/719/706 718/718/705
f 718/718/705 719/719/706 720/720/707
f 720/720/707 719/719/706 721/721/708
f 719/719/706 722/722/709 721/721/708
f 721/721/708 722/722/709 723/723/710
f 722/722/709 724/724/711 723/723/710
f 723/723/710 724/724/711 725/725/666
f 725/725/666 724/724/711 726/726/712
f 724/724/711 727/727/713 726/726/712
f 726/726/712 727/727/713 728/728/714
f 728/728/714 727/727/713 729/729/715
f 727/727/713 730/730/716 729/729/715
f 730/730/716 731/731/717 729/729/715
f 729/729/715 731/731/717 732/732/718
f 731/731/717 733/733/719 732/732/718
f 732/732/718 733/733/719 734/734/720
f 733/733/719 735/735/721 734/734/720
f 734/734/720 735/735/721 736/736/722
f 735/735/721 737/737/723 736/736/722
f 736/736/722 737/737/723 738/738/724
f 737/737/723 739/739/725 738/738/724
f 738/738/724 739/739/725 740/740/726
f 740/740/726 739/739/725 742/741/727
f 741/742/650 740/740/726 742/741/727
f 742/741/727 739/739/725 743/743/728
f 739/739/725 744/744/729 743/743/728
f 743/743/728 744/744/729 745/745/730
f 744/744/729 746/746/731 745/745/730
f 746/746/731 747/747/732 745/745/730
f 745/745/730 747/747/732 748/748/733
f 747/747/732 749/749/734 748/748/733
f 748/748/733 749/749/734 750/750/735
f 749/749/734 751/751/736 750/750/735
f 750/750/735 751/751/736 752/752/513
f 752/752/513 751/751/736 753/753/737
f 751/751/736 754/754/738 753/753/737
f 754/754/738 755/755/739 753/753/737
f 753/753/737 755/755/739 756/756/740
f 755/755/739 757/757/741 756/756/740
f 756/756/740 757/757/741 758/758/507
f 757/757/741 759/759/742 758/758/507
f 758/758/507 759/759/742 760/760/743
f 759/759/742 761/761/744 760/760/743
f 760/760/743 761/761/744 762/762/745
f 762/762/745 761/761/744 764/763/746
f 763/764/747 762/762/745 764/763/746
f 764/763/746 761/761/744 765/765/748
f 761/761/744 766/766/749 765/765/748
f 765/765/748 766/766/749 767/767/602
f 766/766/749 768/768/750 767/767/602
f 767/767/602 768/768/750 769/769/599
f 768/768/750 770/770/751 769/769/599
f 769/769/599 770/770/751 771/771/605
f 770/770/751 772/772/752 771/771/605
f 771/771/605 772/772/752 773/773/753
f 772/772/752 774/774/754 773/773/753
f 773/773/753 774/774/754 775/775/755
f 774/774/754 776/776/756 775/775/755
f 775/775/755 776/776/756 777/777/757
f 776/776/756 778/778/758 777/777/757
f 777/777/757 778/778/758 779/779/610
f 778/778/758 780/780/759 779/779/610
f 779/779/610 780/780/759 781/781/760
f 780/780/759 782/782/761 781/781/760
f 782/782/761 783/783/762 781/781/760
f 781/781/760 783/783/762 784/784/612
f 784/784/612 783/783/762 786/785/497
f 785/786/499 784/784/612 786/785/497
f 786/785/497 783/783/762 787/787/763
f 783/783/762 788/788/764 787/787/763
f 788/788/764 789/789/765 787/787/763
f 787/787/763 789/789/765 790/790/766
f 789/789/765 791/791/767 790/790/766
f 790/790/766 791/791/767 792/792/768
f 791/791/767 793/793/769 792/792/768
f 792/792/768 793/793/769 794/794/491
f 793/793/769 795/795/770 794/794/491
f 794/794/491 795/795/770 796/796/771
f 796/796/771 795/795/770 797/797/772
f 795/795/770 798/798/773 797/797/772
f 797/797/772 798/798/773 799/799/774
f 798/798/773 800/800/775 799/799/774
f 800/800/775 801/801/776 799/799/774
f 799/799/774 801/801/776 802/802/777
f 802/802/777 801/801/776 803/803/778
f 801/801/776 804/804/779 803/803/778
f 803/803/778 804/804/779 805/805/481
f 804/804/779 806/806/780 805/805/481
f 806/806/780 807/807/781 805/805/481
f 805/805/481 807/807/781 808/808/782
f 807/807/781 809/809/783 808/808/782
f 808/808/782 809/809/783 810/810/784
f 809/809/783 811/811/785 810/810/784
f 810/810/784 811/811/785 812/812/786
f 811/811/785 813/813/787 812/812/786
f 812/812/786 813/813/787 814/814/788
f 814/814/788 813/813/787 815/815/789
f 813/813/787 816/816/790 815/815/789
f 816/816/790 817/817/791 815/815/789
f 815/815/789 817/817/791 818/818/792
f 817/817/791 819/819/793 818/818/792
f 818/818/792 819/819/793 820/820/467
f 819/819/793 821/821/794 820/820/467
f 820/820/467 821/821/794 822/822/465
f 821/821/794 640/640/631 822/822/465
f 822/822/465 640/640/631 643/643/634
f 823/823/795 637/637/628 821/821/794
f 819/819/793 823/823/795 821/821/794
f 821/821/794 637/637/628 640/640/631
f 824/824/796 636/636/627 823/823/795
f 825/825/797 824/824/796 823/823/795
f 825/825/797 823/823/795 819/819/793
f 823/823/795 636/636/627 637/637/628
f 826/826/798 828/827/799 825/825/797
f 827/828/800 826/826/798 825/825/797
f 827/828/800 825/825/797 819/819/793
f 828/827/799 824/824/796 825/825/797
f 627/628/619 829/829/801 828/827/799
f 826/826/798 627/628/619 828/827/799
f 828/827/799 829/829/801 824/824/796
f 829/829/801 627/628/619 628/629/620
f 829/829/801 628/629/620 631/630/621
f 824/824/796 829/829/801 636/636/627
f 636/636/627 829/829/801 631/630/621
f 830/830/802 826/826/798 827/828/800
f 830/830/802 827/828/800 817/817/791
f 817/817/791 827/828/800 819/819/793
f 831/831/803 833/832/804 830/830/802
f 832/833/805 831/831/803 830/830/802
f 832/833/805 830/830/802 816/816/790
f 833/832/804 826/826/798 830/830/802
f 816/816/790 830/830/802 817/817/791
f 834/834/806 627/628/619 833/832/804
f 831/831/803 834/834/806 833/832/804
f 833/832/804 627/628/619 826/826/798
f 834/834/806 626/627/618 627/628/619
f 835/835/807 626/627/618 834/834/806
f 835/835/807 834/834/806 836/836/808
f 836/836/808 834/834/806 837/837/809
f 837/837/809 834/834/806 831/831/803
f 836/836/808 837/837/809 838/838/810
f 837/837/809 831/831/803 832/833/805
f 838/838/810 837/837/809 839/839/811
f 839/839/811 837/837/809 832/833/805
f 838/838/810 839/839/811 809/809/783
f 839/839/811 832/833/805 813/813/787
f 809/809/783 839/839/811 811/811/785
f 811/811/785 839/839/811 813/813/787
f 840/840/812 836/836/808 838/838/810
f 840/840/812 838/838/810 807/807/781
f 807/807/781 838/838/810 809/809/783
f 841/841/813 836/836/808 840/840/812
f 842/842/814 841/841/813 840/840/812
f 842/842/814 840/840/812 807/807/781
f 843/843/815 841/841/813 842/842/814
f 844/844/816 843/843/815 842/842/814
f 844/844/816 842/842/814 806/806/780
f 806/806/780 842/842/814 807/807/781
f 845/845/817 843/843/815 844/844/816
f 846/846/818 845/845/817 844/844/816
f 846/846/818 844/844/816 801/801/776
f 801/801/776 844/844/816 804/804/779
f 804/804/779 844/844/816 806/806/780
f 847/847/819 845/845/817 846/846/818
f 847/847/819 846/846/818 800/800/775
f 800/800/775 846/846/818 801/801/776
f 848/848/820 845/845/817 847/847/819
f 849/849/821 848/848/820 847/847/819
f 849/849/821 847/847/819 798/798/773
f 798/798/773 847/847/819 800/800/775
f 850/850/822 848/848/820 849/849/821
f 851/851/823 850/850/822 849/849/821
f 851/851/823 849/849/821 795/795/770
f 795/795/770 849/849/821 798/798/773
f 852/852/824 854/853/825 851/851/823
f 853/854/826 852/852/824 851/851/823
f 853/854/826 851/851/823 795/795/770
f 854/853/825 850/850/822 851/851/823
f 855/855/827 854/853/825 856/856/828
f 854/853/825 855/855/827 850/850/822
f 856/856/828 854/853/825 852/852/824
f 857/857/829 855/855/827 856/856/828
f 857/857/829 856/856/828 858/858/830
f 856/856/828 852/852/824 859/859/831
f 858/858/830 856/856/828 859/859/831
f 858/858/830 859/859/831 862/860/832
f 852/852/824 860/861/833 859/859/831
f 859/859/831 860/861/833 861/862/834
f 859/859/831 861/862/834 863/863/835
f 862/860/832 859/859/831 863/863/835
f 862/860/832 863/863/835 866/864/836
f 861/862/834 864/865/837 863/863/835
f 863/863/835 864/865/837 865/866/838
f 863/863/835 865/866/838 867/867/839
f 866/864/836 863/863/835 867/867/839
f 866/864/836 867/867/839 701/702/690
f 865/866/838 868/868/840 867/867/839
f 867/867/839 868/868/840 869/869/841
f 867/867/839 869/869/841 701/702/690
f 868/868/840 870/870/842 869/869/841
f 869/869/841 870/870/842 871/871/843
f 869/869/841 871/871/843 702/703/691
f 701/702/690 869/869/841 702/703/691
f 870/870/842 872/872/844 871/871/843
f 872/872/844 873/873/845 871/871/843
f 871/871/843 873/873/845 874/874/846
f 871/871/843 874/874/846 702/703/691
f 873/873/845 875/875/847 874/874/846
f 874/874/846 875/875/847 876/876/848
f 874/874/846 876/876/848 704/704/692
f 702/703/691 874/874/846 704/704/692
f 875/875/847 877/877/849 876/876/848
f 877/877/849 878/878/850 876/876/848
f 876/876/848 878/878/850 879/879/851
f 876/876/848 879/879/851 704/704/692
f 878/878/850 880/880/852 879/879/851
f 880/880/852 881/881/853 879/879/851
f 879/879/851 881/881/853 882/882/854
f 879/879/851 882/882/854 704/704/692
f 881/881/853 883/883/855 882/882/854
f 882/882/854 883/883/855 884/884/856
f 882/882/854 884/884/856 705/705/693
f 704/704/692 882/882/854 705/705/693
f 883/883/855 715/715/702 884/884/856
f 715/715/702 713/713/700 884/884/856
f 884/884/856 713/713/700 707/707/691
f 884/884/856 707/707/691 705/705/693
f 885/885/857 719/719/706 883/883/855
f 881/881/853 885/885/857 883/883/855
f 719/719/706 717/717/704 883/883/855
f 883/883/855 717/717/704 715/715/702
f 886/886/858 888/887/859 885/885/857
f 887/888/860 886/886/858 885/885/857
f 887/888/860 885/885/857 881/881/853
f 885/885/857 888/887/859 719/719/706
f 888/887/859 886/886/858 730/730/716
f 719/719/706 888/887/859 722/722/709
f 722/722/709 888/887/859 724/724/711
f 724/724/711 888/887/859 727/727/713
f 727/727/713 888/887/859 730/730/716
f 889/889/861 886/886/858 887/888/860
f 890/890/862 889/889/861 887/888/860
f 890/890/862 887/888/860 880/880/852
f 880/880/852 887/888/860 881/881/853
f 891/891/863 893/892/864 890/890/862
f 892/893/865 891/891/863 890/890/862
f 892/893/865 890/890/862 880/880/852
f 893/892/864 889/889/861 890/890/862
f 893/892/864 891/891/863 894/894/866
f 893/892/864 894/894/866 735/735/721
f 889/889/861 893/892/864 733/733/719
f 733/733/719 893/892/864 735/735/721
f 891/891/863 895/895/867 894/894/866
f 894/894/866 895/895/867 896/896/868
f 894/894/866 896/896/868 735/735/721
f 896/896/868 895/895/867 897/897/869
f 896/896/868 897/897/869 746/746/731
f 735/735/721 896/896/868 737/737/723
f 737/737/723 896/896/868 739/739/725
f 739/739/725 896/896/868 744/744/729
f 744/744/729 896/896/868 746/746/731
f 895/895/867 898/898/870 897/897/869
f 897/897/869 898/898/870 899/899/871
f 897/897/869 899/899/871 746/746/731
f 899/899/871 898/898/870 901/900/872
f 899/899/871 900/901/873 749/749/734
f 900/901/873 899/899/871 901/900/872
f 746/746/731 899/899/871 747/747/732
f 747/747/732 899/899/871 749/749/734
f 902/902/874 900/901/873 901/900/872
f 902/902/874 901/900/872 877/877/849
f 901/900/872 898/898/870 892/893/865
f 901/900/872 892/893/865 878/878/850
f 877/877/849 901/900/872 878/878/850
f 900/901/873 902/902/874 751/751/736
f 751/751/736 902/902/874 754/754/738
f 902/902/874 903/903/875 754/754/738
f 903/903/875 902/902/874 877/877/849
f 754/754/738 903/903/875 755/755/739
f 903/903/875 904/904/876 755/755/739
f 904/904/876 903/903/875 875/875/847
f 875/875/847 903/903/875 877/877/849
f 755/755/739 904/904/876 757/757/741
f 904/904/876 905/905/877 757/757/741
f 905/905/877 904/904/876 873/873/845
f 873/873/845 904/904/876 875/875/847
f 757/757/741 905/905/877 759/759/742
f 905/905/877 906/906/878 759/759/742
f 906/906/878 905/905/877 872/872/844
f 872/872/844 905/905/877 873/873/845
f 759/759/742 906/906/878 761/761/744
f 761/761/744 906/906/878 766/766/749
f 906/906/878 907/907/879 766/766/749
f 907/907/879 906/906/878 872/872/844
f 766/766/749 907/907/879 768/768/750
f 907/907/879 908/908/880 768/768/750
f 908/908/880 907/907/879 870/870/842
f 870/870/842 907/907/879 872/872/844
f 768/768/750 908/908/880 770/770/751
f 908/908/880 909/909/881 770/770/751
f 909/909/881 908/908/880 868/868/840
f 868/868/840 908/908/880 870/870/842
f 770/770/751 909/909/881 772/772/752
f 909/909/881 910/910/882 772/772/752
f 910/910/882 909/909/881 865/866/838
f 865/866/838 909/909/881 868/868/840
f 910/910/882 911/911/883 776/776/756
f 864/865/837 911/911/883 910/910/882
f 864/865/837 910/910/882 865/866/838
f 772/772/752 910/910/882 774/774/754
f 774/774/754 910/910/882 776/776/756
f 912/912/884 911/911/883 864/865/837
f 911/911/883 912/912/884 913/913/885
f 911/911/883 913/913/885 778/778/758
f 776/776/756 911/911/883 778/778/758
f 913/913/885 912/912/884 914/914/886
f 913/913/885 914/914/886 780/780/759
f 778/778/758 913/913/885 780/780/759
f 912/912/884 915/915/887 914/914/886
f 914/914/886 915/915/887 917/916/888
f 914/914/886 916/917/889 782/782/761
f 916/917/889 914/914/886 917/916/888
f 780/780/759 914/914/886 782/782/761
f 916/917/889 917/916/888 788/788/764
f 915/915/887 860/861/833 917/916/888
f 917/916/888 860/861/833 918/918/890
f 917/916/888 918/918/890 791/791/767
f 788/788/764 917/916/888 789/789/765
f 789/789/765 917/916/888 791/791/767
f 918/918/890 860/861/833 853/854/826
f 918/918/890 853/854/826 793/793/769
f 791/791/767 918/918/890 793/793/769
f 782/782/761 916/917/889 783/783/762
f 783/783/762 916/917/889 788/788/764
f 915/915/887 912/912/884 861/862/834
f 860/861/833 915/915/887 861/862/834
f 861/862/834 912/912/884 864/865/837
f 749/749/734 900/901/873 751/751/736
f 898/898/870 895/895/867 892/893/865
f 895/895/867 891/891/863 892/893/865
f 878/878/850 892/893/865 880/880/852
f 886/886/858 889/889/861 731/731/717
f 731/731/717 889/889/861 733/733/719
f 730/730/716 886/886/858 731/731/717
f 919/919/891 862/860/832 866/864/836
f 919/919/891 866/864/836 698/699/687
f 698/699/687 866/864/836 701/702/690
f 920/920/892 922/921/893 919/919/891
f 921/922/894 920/920/892 919/919/891
f 921/922/894 919/919/891 698/699/687
f 922/921/893 923/923/895 919/919/891
f 923/923/895 862/860/832 919/919/891
f 924/924/896 925/925/897 923/923/895
f 922/921/893 924/924/896 923/923/895
f 925/925/897 858/858/830 923/923/895
f 923/923/895 858/858/830 862/860/832
f 926/926/898 927/927/899 925/925/897
f 924/924/896 926/926/898 925/925/897
f 927/927/899 857/857/829 925/925/897
f 925/925/897 857/857/829 858/858/830
f 928/928/900 929/929/901 927/927/899
f 926/926/898 928/928/900 927/927/899
f 929/929/901 930/930/902 927/927/899
f 927/927/899 930/930/902 857/857/829
f 931/931/903 932/932/904 930/930/902
f 929/929/901 931/931/903 930/930/902
f 930/930/902 932/932/904 855/855/827
f 930/930/902 855/855/827 857/857/829
f 932/932/904 931/931/903 933/933/905
f 932/932/904 933/933/905 848/848/820
f 855/855/827 932/932/904 850/850/822
f 850/850/822 932/932/904 848/848/820
f 931/931/903 934/934/906 933/933/905
f 933/933/905 934/934/906 935/935/907
f 933/933/905 935/935/907 845/845/817
f 848/848/820 933/933/905 845/845/817
f 935/935/907 934/934/906 937/936/908
f 935/935/907 936/937/909 841/841/813
f 936/937/909 935/935/907 937/936/908
f 845/845/817 935/935/907 843/843/815
f 843/843/815 935/935/907 841/841/813
f 936/937/909 937/936/908 836/836/808
f 934/934/906 938/938/910 937/936/908
f 937/936/908 938/938/910 835/835/807
f 937/936/908 835/835/807 836/836/808
f 938/938/910 626/627/618 835/835/807
f 625/626/617 626/627/618 938/938/910
f 625/626/617 938/938/910 929/929/901
f 938/938/910 934/934/906 931/931/903
f 938/938/910 931/931/903 929/929/901
f 841/841/813 936/937/909 836/836/808
f 928/928/900 625/626/617 929/929/901
f 624/624/615 625/626/617 928/928/900
f 939/939/911 624/624/615 928/928/900
f 939/939/911 928/928/900 926/926/898
f 630/631/622 624/624/615 939/939/911
f 630/631/622 939/939/911 940/940/912
f 940/940/912 939/939/911 926/926/898
f 634/634/625 630/631/622 940/940/912
f 634/634/625 940/940/912 941/941/913
f 940/940/912 926/926/898 924/924/896
f 941/941/913 940/940/912 924/924/896
f 942/942/914 944/943/915 941/941/913
f 943/944/916 942/942/914 941/941/913
f 943/944/916 941/941/913 922/921/893
f 944/943/915 634/634/625 941/941/913
f 941/941/913 924/924/896 922/921/893
f 945/945/917 633/635/626 944/943/915
f 942/942/914 945/945/917 944/943/915
f 944/943/915 633/635/626 634/634/625
f 945/945/917 946/946/624 947/947/918
f 946/946/624 945/945/917 942/942/914
f 633/635/626 945/945/917 638/639/630
f 638/639/630 945/945/917 947/947/918
f 638/639/630 947/947/918 641/642/633
f 947/947/918 946/946/624 948/948/919
f 947/947/918 948/948/919 645/645/636
f 641/642/633 947/947/918 645/645/636
f 946/946/624 949/949/920 948/948/919
f 948/948/919 949/949/920 950/950/921
f 948/948/919 950/950/921 649/649/639
f 645/645/636 948/948/919 647/647/637
f 647/647/637 948/948/919 649/649/639
f 949/949/920 951/951/922 950/950/921
f 950/950/921 951/951/922 952/952/923
f 950/950/921 952/952/923 651/651/641
f 649/649/639 950/950/921 651/651/641
f 952/952/923 951/951/922 953/953/924
f 952/952/923 953/953/924 653/653/643
f 651/651/641 952/952/923 653/653/643
f 951/951/922 954/954/925 953/953/924
f 953/953/924 954/954/925 955/955/926
f 953/953/924 955/955/926 655/655/645
f 653/653/643 953/953/924 655/655/645
f 954/954/925 956/956/927 955/955/926
f 955/955/926 956/956/927 958/957/928
f 955/955/926 957/958/929 657/657/646
f 957/958/929 955/955/926 958/957/928
f 655/655/645 955/955/926 657/657/646
f 957/958/929 958/957/928 664/664/652
f 958/957/928 956/956/927 959/959/930
f 958/957/928 959/959/930 668/668/656
f 664/664/652 958/957/928 666/666/654
f 666/666/654 958/957/928 668/668/656
f 956/956/927 960/960/931 959/959/930
f 960/960/931 961/961/932 959/959/930
f 959/959/930 961/961/932 962/962/933
f 959/959/930 962/962/933 669/669/657
f 668/668/656 959/959/930 669/669/657
f 962/962/933 961/961/932 963/963/934
f 962/962/933 963/963/934 671/671/659
f 669/669/657 962/962/933 671/671/659
f 961/961/932 964/964/935 963/963/934
f 963/963/934 964/964/935 966/965/936
f 963/963/934 965/966/937 673/673/661
f 965/966/937 963/963/934 966/965/936
f 671/671/659 963/963/934 673/673/661
f 965/966/937 966/965/936 682/682/670
f 966/965/936 964/964/935 967/967/938
f 966/965/936 967/967/938 684/684/672
f 682/682/670 966/965/936 684/684/672
f 964/964/935 968/968/939 967/967/938
f 967/967/938 968/968/939 969/969/940
f 967/967/938 969/969/940 686/686/674
f 684/684/672 967/967/938 686/686/674
f 968/968/939 970/970/941 969/969/940
f 969/969/940 970/970/941 971/971/942
f 969/969/940 971/971/942 688/688/676
f 686/686/674 969/969/940 688/688/676
f 970/970/941 972/972/943 971/971/942
f 971/971/942 972/972/943 973/973/944
f 971/971/942 973/973/944 690/690/678
f 688/688/676 971/971/942 690/690/678
f 973/973/944 972/972/943 974/974/945
f 973/973/944 974/974/945 975/975/946
f 690/690/678 973/973/944 975/975/946
f 691/691/679 690/690/678 975/975/946
f 691/691/679 975/975/946 695/696/684
f 975/975/946 974/974/945 920/920/892
f 975/975/946 920/920/892 921/922/894
f 695/696/684 975/975/946 921/922/894
f 972/972/943 976/976/947 974/974/945
f 974/974/945 976/976/947 943/944/916
f 974/974/945 943/944/916 922/921/893
f 920/920/892 974/974/945 922/921/893
f 977/977/948 978/978/949 976/976/947
f 972/972/943 977/977/948 976/976/947
f 976/976/947 978/978/949 979/979/950
f 976/976/947 979/979/950 943/944/916
f 978/978/949 949/949/920 979/979/950
f 949/949/920 946/946/624 979/979/950
f 979/979/950 946/946/624 942/942/914
f 979/979/950 942/942/914 943/944/916
f 978/978/949 980/980/951 951/951/922
f 977/977/948 980/980/951 978/978/949
f 949/949/920 978/978/949 951/951/922
f 980/980/951 981/981/952 960/960/931
f 981/981/952 980/980/951 977/977/948
f 951/951/922 980/980/951 954/954/925
f 954/954/925 980/980/951 956/956/927
f 956/956/927 980/980/951 960/960/931
f 981/981/952 977/977/948 970/970/941
f 960/960/931 981/981/952 961/961/932
f 961/961/932 981/981/952 968/968/939
f 968/968/939 981/981/952 970/970/941
f 970/970/941 977/977/948 972/972/943
f 964/964/935 961/961/932 968/968/939
f 673/673/661 965/966/937 680/680/668
f 680/680/668 965/966/937 682/682/670
f 657/657/646 957/958/929 660/660/648
f 660/660/648 957/958/929 664/664/652
f 695/696/684 921/922/894 698/699/687
f 860/861/833 852/852/824 853/854/826
f 793/793/769 853/854/826 795/795/770
f 813/813/787 832/833/805 816/816/790
f 707/707/691 713/713/700 708/708/695
f 675/675/663 673/673/661 680/680/668
f 982/982/953 983/983/954 988/984/955
f 983/983/954 982/982/953 984/985/956
f 984/985/956 982/982/953 985/986/957
f 982/982/953 986/987/958 985/986/957
f 986/987/958 982/982/953 987/988/959
f 987/988/959 982/982/953 988/984/955
f 987/988/959 988/984/955 990/989/960
f 988/984/955 983/983/954 989/990/961
f 988/984/955 989/990/961 990/989/960
f 991/991/962 987/988/959 990/989/960
f 990/989/960 989/990/961 992/992/963
f 989/990/961 993/993/964 992/992/963
f 992/992/963 993/993/964 994/994/965
f 994/994/965 993/993/964 996/995/966
f 995/996/967 994/994/965 996/995/966
f 996/995/966 993/993/964 997/997/968
f 993/993/964 998/998/969 997/997/968
f 997/997/968 998/998/969 999/999/970
f 998/998/969 1000/1000/971 999/999/970
f 1000/1000/971 1001/1001/972 999/999/970
f 999/999/970 1001/1001/972 1002/1002/973
f 1002/1002/973 1001/1001/972 1004/149/974
f 1003/151/151 1002/1002/973 1004/149/974
f 1001/1001/972 1005/1003/975 1004/149/974
f 1004/149/974 1005/1003/975 1006/146/976
f 1006/146/976 1005/1003/975 1007/144/977
f 1005/1003/975 1008/1004/978 1007/144/977
f 1007/144/977 1008/1004/978 1009/142/979
f 1008/1004/978 1010/1005/980 1009/142/979
f 1010/1005/980 1011/1006/981 1009/142/979
f 1009/142/979 1011/1006/981 1012/140/982
f 1011/1006/981 1013/1007/983 1012/140/982
f 1012/140/982 1013/1007/983 1014/138/138
f 1013/1007/983 1015/1008/984 1014/138/138
f 1014/138/138 1015/1008/984 1016/136/136
f 1015/1008/984 1017/1009/985 1016/136/136
f 1016/136/136 1017/1009/985 1018/134/986
f 1017/1009/985 1019/1010/987 1018/134/986
f 1018/134/986 1019/1010/987 1020/131/988
f 1019/1010/987 1021/1011/989 1020/131/988
f 1020/131/988 1021/1011/989 1022/133/990
f 1021/1011/989 1023/1012/991 1022/133/990
f 1022/133/990 1023/1012/991 1024/132/992
f 1024/132/992 1023/1012/991 1025/119/993
f 1023/1012/991 1026/1013/994 1025/119/993
f 1025/119/993 1026/1013/994 1027/117/995
f 1026/1013/994 1028/1014/996 1027/117/995
f 1027/117/995 1028/1014/996 1029/116/997
f 1028/1014/996 1030/1015/998 1029/116/997
f 1030/1015/998 1031/1016/999 1029/116/997
f 1029/116/997 1031/1016/999 1032/113/1000
f 1031/1016/999 1033/1017/1001 1032/113/1000
f 1032/113/1000 1033/1017/1001 1034/112/112
f 1033/1017/1001 1035/1018/1002 1034/112/112
f 1034/112/112 1035/1018/1002 1036/110/110
f 1035/1018/1002 1037/1019/1003 1036/110/110
f 1036/110/110 1037/1019/1003 1038/108/1004
f 1038/108/1004 1037/1019/1003 1039/106/1005
f 1037/1019/1003 1040/1020/1006 1039/106/1005
f 1039/106/1005 1040/1020/1006 1041/105/1007
f 1041/105/1007 1040/1020/1006 1042/1021/1008
f 1040/1020/1006 1043/1022/1009 1042/1021/1008
f 1042/1021/1008 1043/1022/1009 1044/1023/1010
f 1044/1023/1010 1043/1022/1009 1045/1024/1011
f 1043/1022/1009 1046/1025/1012 1045/1024/1011
f 1045/1024/1011 1046/1025/1012 1047/1026/1013
f 1046/1025/1012 1048/1027/1014 1047/1026/1013
f 1047/1026/1013 1048/1027/1014 1049/1028/967
f 1049/1028/967 1048/1027/1014 1050/1029/1015
f 1048/1027/1014 1051/1030/1016 1050/1029/1015
f 1050/1029/1015 1051/1030/1016 1052/1031/1017
f 1051/1030/1016 1053/1032/1018 1052/1031/1017
f 1052/1031/1017 1053/1032/1018 1054/1033/1019
f 1053/1032/1018 1055/1034/1020 1054/1033/1019
f 1054/1033/1019 1055/1034/1020 1056/1035/1021
f 1056/1035/1021 1055/1034/1020 1057/1036/1022
f 1055/1034/1020 1058/1037/1023 1057/1036/1022
f 1058/1037/1023 1059/1038/1024 1057/1036/1022
f 1057/1036/1022 1059/1038/1024 1060/1039/1025
f 1060/1039/1025 1059/1038/1024 1061/1040/1026
f 1059/1038/1024 1062/1041/1027 1061/1040/1026
f 1061/1040/1026 1062/1041/1027 1063/1042/1028
f 1062/1041/1027 1064/1043/1029 1063/1042/1028
f 1063/1042/1028 1064/1043/1029 1065/1044/1030
f 1064/1043/1029 1066/1045/1031 1065/1044/1030
f 1066/1045/1031 1067/1046/1032 1065/1044/1030
f 1065/1044/1030 1067/1046/1032 1068/1047/1033
f 1067/1046/1032 1069/1048/1034 1068/1047/1033
f 1068/1047/1033 1069/1048/1034 1070/1049/1035
f 1069/1048/1034 1071/1050/1036 1070/1049/1035
f 1070/1049/1035 1071/1050/1036 1072/1051/1037
f 1071/1050/1036 1073/1052/1038 1072/1051/1037
f 1073/1052/1038 1074/1053/1039 1072/1051/1037
f 1074/1053/1039 1075/1054/1040 1076/1055/1041
f 1073/1052/1038 1075/1054/1040 1074/1053/1039
f 1075/1054/1040 1077/1056/1042 1076/1055/1041
f 1076/1055/1041 1077/1056/1042 1078/1057/1043
f 1077/1056/1042 987/988/959 1078/1057/1043
f 1078/1057/1043 987/988/959 991/991/962
f 1079/1058/1044 986/987/958 1077/1056/1042
f 1075/1054/1040 1079/1058/1044 1077/1056/1042
f 1077/1056/1042 986/987/958 987/988/959
f 986/987/958 1079/1058/1044 1080/1059/1045
f 1080/1059/1045 1079/1058/1044 1081/1060/1046
f 1079/1058/1044 1082/1061/889 1081/1060/1046
f 1082/1061/889 1079/1058/1044 1075/1054/1040
f 1081/1060/1046 1082/1061/889 1083/1062/1047
f 1083/1062/1047 1082/1061/889 1084/1063/1048
f 1084/1063/1048 1082/1061/889 1075/1054/1040
f 1085/1064/1049 1083/1062/1047 1084/1063/1048
f 1086/1065/1050 1085/1064/1049 1084/1063/1048
f 1086/1065/1050 1084/1063/1048 1073/1052/1038
f 1084/1063/1048 1075/1054/1040 1073/1052/1038
f 1087/1066/1051 1085/1064/1049 1086/1065/1050
f 1088/1067/1052 1087/1066/1051 1086/1065/1050
f 1088/1067/1052 1086/1065/1050 1069/1048/1034
f 1069/1048/1034 1086/1065/1050 1071/1050/1036
f 1071/1050/1036 1086/1065/1050 1073/1052/1038
f 1089/1068/1053 1087/1066/1051 1088/1067/1052
f 1090/1069/1054 1089/1068/1053 1088/1067/1052
f 1090/1069/1054 1088/1067/1052 1067/1046/1032
f 1067/1046/1032 1088/1067/1052 1069/1048/1034
f 1091/1070/1055 1089/1068/1053 1090/1069/1054
f 1092/1071/1056 1091/1070/1055 1090/1069/1054
f 1092/1071/1056 1090/1069/1054 1066/1045/1031
f 1066/1045/1031 1090/1069/1054 1067/1046/1032
f 1093/1072/1057 1095/1073/1058 1092/1071/1056
f 1094/1074/1059 1093/1072/1057 1092/1071/1056
f 1094/1074/1059 1092/1071/1056 1066/1045/1031
f 1095/1073/1058 1091/1070/1055 1092/1071/1056
f 1095/1073/1058 1093/1072/1057 1023/1012/991
f 1091/1070/1055 1095/1073/1058 1023/1012/991
f 1096/1075/1060 1093/1072/1057 1094/1074/1059
f 1097/1076/1061 1096/1075/1060 1094/1074/1059
f 1097/1076/1061 1094/1074/1059 1062/1041/1027
f 1062/1041/1027 1094/1074/1059 1064/1043/1029
f 1064/1043/1029 1094/1074/1059 1066/1045/1031
f 1098/1077/1062 1096/1075/1060 1097/1076/1061
f 1099/1078/1063 1098/1077/1062 1097/1076/1061
f 1099/1078/1063 1097/1076/1061 1062/1041/1027
f 1100/1079/1064 1098/1077/1062 1099/1078/1063
f 1100/1079/1064 1099/1078/1063 1058/1037/1023
f 1058/1037/1023 1099/1078/1063 1059/1038/1024
f 1059/1038/1024 1099/1078/1063 1062/1041/1027
f 1101/1080/1065 1098/1077/1062 1100/1079/1064
f 1102/1081/1066 1101/1080/1065 1100/1079/1064
f 1102/1081/1066 1100/1079/1064 1055/1034/1020
f 1055/1034/1020 1100/1079/1064 1058/1037/1023
f 1103/1082/1067 1105/1083/1068 1102/1081/1066
f 1104/1084/1069 1103/1082/1067 1102/1081/1066
f 1104/1084/1069 1102/1081/1066 1055/1034/1020
f 1105/1083/1068 1101/1080/1065 1102/1081/1066
f 1105/1083/1068 1103/1082/1067 1033/1017/1001
f 1101/1080/1065 1105/1083/1068 1031/1016/999
f 1031/1016/999 1105/1083/1068 1033/1017/1001
f 1106/1085/298 1103/1082/1067 1104/1084/1069
f 1106/1085/298 1104/1084/1069 1053/1032/1018
f 1053/1032/1018 1104/1084/1069 1055/1034/1020
f 1107/1086/207 1103/1082/1067 1106/1085/298
f 1107/1086/207 1106/1085/298 1046/1025/1012
f 1046/1025/1012 1106/1085/298 1048/1027/1014
f 1048/1027/1014 1106/1085/298 1051/1030/1016
f 1051/1030/1016 1106/1085/298 1053/1032/1018
f 1103/1082/1067 1107/1086/207 1035/1018/1002
f 1035/1018/1002 1107/1086/207 1037/1019/1003
f 1037/1019/1003 1107/1086/207 1040/1020/1006
f 1040/1020/1006 1107/1086/207 1043/1022/1009
f 1043/1022/1009 1107/1086/207 1046/1025/1012
f 1033/1017/1001 1103/1082/1067 1035/1018/1002
f 1098/1077/1062 1101/1080/1065 1030/1015/998
f 1030/1015/998 1101/1080/1065 1031/1016/999
f 1096/1075/1060 1098/1077/1062 1028/1014/996
f 1028/1014/996 1098/1077/1062 1030/1015/998
f 1093/1072/1057 1096/1075/1060 1028/1014/996
f 1023/1012/991 1093/1072/1057 1026/1013/994
f 1026/1013/994 1093/1072/1057 1028/1014/996
f 1089/1068/1053 1091/1070/1055 1021/1011/989
f 1021/1011/989 1091/1070/1055 1023/1012/991
f 1087/1066/1051 1089/1068/1053 1017/1009/985
f 1017/1009/985 1089/1068/1053 1019/1010/987
f 1019/1010/987 1089/1068/1053 1021/1011/989
f 1085/1064/1049 1087/1066/1051 1015/1008/984
f 1015/1008/984 1087/1066/1051 1017/1009/985
f 1083/1062/1047 1085/1064/1049 1013/1007/983
f 1013/1007/983 1085/1064/1049 1015/1008/984
f 1081/1060/1046 1083/1062/1047 1013/1007/983
f 1080/1059/1045 1081/1060/1046 1010/1005/980
f 1010/1005/980 1081/1060/1046 1011/1006/981
f 1011/1006/981 1081/1060/1046 1013/1007/983
f 985/986/957 986/987/958 1080/1059/1045
f 985/986/957 1080/1059/1045 1010/1005/980
f 1008/1004/978 985/986/957 1010/1005/980
f 984/985/956 985/986/957 1008/1004/978
f 1005/1003/975 984/985/956 1008/1004/978
f 1000/1000/971 984/985/956 1005/1003/975
f 1001/1001/972 1000/1000/971 1005/1003/975
f 998/998/969 984/985/956 1000/1000/971
f 983/983/954 984/985/956 998/998/969
f 993/993/964 983/983/954 998/998/969
f 989/990/961 983/983/954 993/993/964
f 1108/1087/1070 1109/1088/1071 1115/1089/1072
f 1109/1088/1071 1108/1087/1070 1110/1090/1073
f 1110/1090/1073 1108/1087/1070 1111/1091/1074
f 1111/1091/1074 1108/1087/1070 1112/1092/1075
f 1108/1087/1070 1113/1093/1076 1112/1092/1075
f 1113/1093/1076 1108/1087/1070 1114/1094/1077
f 1114/1094/1077 1108/1087/1070 1115/1089/1072
f 1114/1094/1077 1115/1089/1072 1117/1095/1078
f 1115/1089/1072 1109/1088/1071 1116/1096/1079
f 1115/1089/1072 1116/1096/1079 1118/1097/1080
f 1117/1095/1078 1115/1089/1072 1118/1097/1080
f 1117/1095/1078 1118/1097/1080 1120/1098/1081
f 1118/1097/1080 1116/1096/1079 1119/1099/1082
f 1118/1097/1080 1119/1099/1082 1122/1100/1083
f 1120/1098/1081 1118/1097/1080 1121/1101/1084
f 1121/1101/1084 1118/1097/1080 1122/1100/1083
f 1121/1101/1084 1122/1100/1083 1124/1102/1085
f 1122/1100/1083 1119/1099/1082 1123/1103/1086
f 1122/1100/1083 1123/1103/1086 1125/1104/1087
f 1124/1102/1085 1122/1100/1083 1125/1104/1087
f 1124/1102/1085 1125/1104/1087 1127/1044/1088
f 1125/1104/1087 1123/1103/1086 1126/1105/1089
f 1125/1104/1087 1126/1105/1089 1128/1042/1090
f 1127/1044/1088 1125/1104/1087 1128/1042/1090
f 1128/1042/1090 1126/1105/1089 1129/1040/1026
f 1126/1105/1089 1130/1106/1091 1129/1040/1026
f 1129/1040/1026 1130/1106/1091 1131/1039/1092
f 1130/1106/1091 1132/1107/1093 1131/1039/1092
f 1131/1039/1092 1132/1107/1093 1133/1036/1094
f 1132/1107/1093 1134/1108/1095 1133/1036/1094
f 1133/1036/1094 1134/1108/1095 1135/1035/1021
f 1135/1035/1021 1134/1108/1095 1137/1109/1096
f 1136/1033/1019 1135/1035/1021 1137/1109/1096
f 1138/1031/1017 1136/1033/1019 1137/1109/1096
f 1139/1110/1097 1138/1031/1017 1137/1109/1096
f 1139/1110/1097 1137/1109/1096 1142/1111/1098
f 1134/1108/1095 1140/1112/1099 1137/1109/1096
f 1137/1109/1096 1140/1112/1099 1141/1113/1100
f 1137/1109/1096 1141/1113/1100 1142/1111/1098
f 1143/1114/1101 1139/1110/1097 1142/1111/1098
f 1144/1115/1102 1143/1114/1101 1142/1111/1098
f 1144/1115/1102 1142/1111/1098 1146/1116/1103
f 1141/1113/1100 1145/1117/1104 1142/1111/1098
f 1145/1117/1104 1146/1116/1103 1142/1111/1098
f 1147/1118/1105 1148/1119/1106 1146/1116/1103
f 1145/1117/1104 1147/1118/1105 1146/1116/1103
f 1148/1119/1106 1149/1120/1107 1146/1116/1103
f 1146/1116/1103 1149/1120/1107 1144/1115/1102
f 1149/1120/1107 1150/1121/1108 1152/1122/1109
f 1148/1119/1106 1150/1121/1108 1149/1120/1107
f 1149/1120/1107 1151/1123/1110 1144/1115/1102
f 1151/1123/1110 1149/1120/1107 1152/1122/1109
f 1150/1121/1108 1153/1124/1111 1152/1122/1109
f 1152/1122/1109 1153/1124/1111 1154/1125/1112
f 1154/1125/1112 1153/1124/1111 1155/1126/1113
f 1153/1124/1111 1156/1127/1114 1155/1126/1113
f 1156/1127/1114 1157/1128/1115 1155/1126/1113
f 1155/1126/1113 1157/1128/1115 1158/1129/1116
f 1157/1128/1115 1159/1130/1117 1158/1129/1116
f 1158/1129/1116 1159/1130/1117 1160/1131/1118
f 1159/1130/1117 1161/1132/1119 1160/1131/1118
f 1160/1131/1118 1161/1132/1119 1162/1133/1120
f 1162/1133/1120 1161/1132/1119 1164/1134/1121
f 1163/1135/1122 1162/1133/1120 1164/1134/1121
f 1164/1134/1121 1161/1132/1119 1165/1136/1123
f 1161/1132/1119 1166/1137/1124 1165/1136/1123
f 1165/1136/1123 1166/1137/1124 1167/1138/1125
f 1166/1137/1124 1168/1139/1126 1167/1138/1125
f 1168/1139/1126 1169/1140/1127 1167/1138/1125
f 1167/1138/1125 1169/1140/1127 1170/1141/1128
f 1169/1140/1127 1171/1142/1129 1170/1141/1128
f 1170/1141/1128 1171/1142/1129 1172/1143/1130
f 1171/1142/1129 1173/1144/1131 1172/1143/1130
f 1172/1143/1130 1173/1144/1131 1174/1145/1132
f 1173/1144/1131 1175/1146/1133 1174/1145/1132
f 1174/1145/1132 1175/1146/1133 1176/1147/1134
f 1175/1146/1133 1177/1148/1135 1176/1147/1134
f 1176/1147/1134 1177/1148/1135 1178/1149/1136
f 1177/1148/1135 1179/1150/1137 1178/1149/1136
f 1178/1149/1136 1179/1150/1137 1180/1151/1138
f 1179/1150/1137 1181/1152/1139 1180/1151/1138
f 1180/1151/1138 1181/1152/1139 1182/1153/1140
f 1181/1152/1139 1183/1154/1141 1182/1153/1140
f 1182/1153/1140 1183/1154/1141 1184/1155/1142
f 1184/1155/1142 1183/1154/1141 1185/1156/1143
f 1183/1154/1141 1186/1157/1144 1185/1156/1143
f 1185/1156/1143 1186/1157/1144 1187/1158/1145
f 1186/1157/1144 1188/1159/1146 1187/1158/1145
f 1187/1158/1145 1188/1159/1146 1189/1160/673
f 1188/1159/1146 1190/1161/1147 1189/1160/673
f 1189/1160/673 1190/1161/1147 1191/1162/1148
f 1190/1161/1147 1192/1163/1149 1191/1162/1148
f 1191/1162/1148 1192/1163/1149 1193/1164/1150
f 1192/1163/1149 1194/1165/1151 1193/1164/1150
f 1193/1164/1150 1194/1165/1151 1195/1166/1152
f 1194/1165/1151 1196/1167/971 1195/1166/1152
f 1195/1166/1152 1196/1167/971 1197/1168/1153
f 1196/1167/971 1198/1169/1154 1197/1168/1153
f 1197/1168/1153 1198/1169/1154 1199/1170/1155
f 1199/1170/1155 1198/1169/1154 1200/1171/1156
f 1198/1169/1154 1201/1172/1157 1200/1171/1156
f 1200/1171/1156 1201/1172/1157 1202/1173/1158
f 1201/1172/1157 1203/1174/1159 1202/1173/1158
f 1202/1173/1158 1203/1174/1159 1204/1175/1160
f 1203/1174/1159 1205/1176/1161 1204/1175/1160
f 1204/1175/1160 1205/1176/1161 1206/1177/1162
f 1205/1176/1161 1207/1178/1163 1206/1177/1162
f 1206/1177/1162 1207/1178/1163 1208/1179/1164
f 1207/1178/1163 1209/1180/1165 1208/1179/1164
f 1208/1179/1164 1209/1180/1165 1210/1181/1166
f 1210/1181/1166 1209/1180/1165 1211/1182/1167
f 1209/1180/1165 1212/1183/1168 1211/1182/1167
f 1211/1182/1167 1212/1183/1168 1213/1184/1169
f 1212/1183/1168 1214/1185/1170 1213/1184/1169
f 1214/1185/1170 1215/1186/1171 1213/1184/1169
f 1213/1184/1169 1215/1186/1171 1216/1187/1172
f 1216/1187/1172 1215/1186/1171 1217/996/967
f 1217/996/967 1215/1186/1171 1218/994/965
f 1218/994/965 1215/1186/1171 1219/992/1173
f 1215/1186/1171 1220/1188/1174 1219/992/1173
f 1219/992/1173 1220/1188/1174 1221/989/1175
f 1220/1188/1174 1222/1189/1176 1221/989/1175
f 1221/989/1175 1222/1189/1176 1223/991/962
f 1222/1189/1176 1224/1190/1177 1223/991/962
f 1223/991/962 1224/1190/1177 1225/1057/1043
f 1224/1190/1177 1226/1191/1178 1225/1057/1043
f 1226/1191/1178 1227/1192/1179 1225/1057/1043
f 1225/1057/1043 1227/1192/1179 1228/1055/1180
f 1227/1192/1179 1229/1193/1181 1228/1055/1180
f 1228/1055/1180 1229/1193/1181 1230/1053/1182
f 1229/1193/1181 1231/1194/1183 1230/1053/1182
f 1230/1053/1182 1231/1194/1183 1232/1051/1184
f 1231/1194/1183 1233/1195/1185 1232/1051/1184
f 1232/1051/1184 1233/1195/1185 1234/1049/1035
f 1233/1195/1185 1235/1196/1186 1234/1049/1035
f 1234/1049/1035 1235/1196/1186 1236/1047/1187
f 1235/1196/1186 1124/1102/1085 1236/1047/1187
f 1236/1047/1187 1124/1102/1085 1127/1044/1088
f 1237/1197/1188 1120/1098/1081 1235/1196/1186
f 1233/1195/1185 1237/1197/1188 1235/1196/1186
f 1235/1196/1186 1120/1098/1081 1124/1102/1085
f 1238/1198/1189 1240/1199/1190 1237/1197/1188
f 1239/1200/1191 1238/1198/1189 1237/1197/1188
f 1239/1200/1191 1237/1197/1188 1231/1194/1183
f 1240/1199/1190 1117/1095/1078 1237/1197/1188
f 1237/1197/1188 1117/1095/1078 1120/1098/1081
f 1231/1194/1183 1237/1197/1188 1233/1195/1185
f 1241/1201/1192 1114/1094/1077 1240/1199/1190
f 1238/1198/1189 1241/1201/1192 1240/1199/1190
f 1240/1199/1190 1114/1094/1077 1117/1095/1078
f 1242/1202/1193 1113/1093/1076 1241/1201/1192
f 1243/1203/1194 1242/1202/1193 1241/1201/1192
f 1243/1203/1194 1241/1201/1192 1238/1198/1189
f 1241/1201/1192 1113/1093/1076 1114/1094/1077
f 1244/1204/1195 1242/1202/1193 1243/1203/1194
f 1245/1205/1196 1244/1204/1195 1243/1203/1194
f 1245/1205/1196 1243/1203/1194 1246/1206/1197
f 1246/1206/1197 1243/1203/1194 1238/1198/1189
f 1247/1207/1198 1245/1205/1196 1246/1206/1197
f 1248/1208/1199 1247/1207/1198 1246/1206/1197
f 1248/1208/1199 1246/1206/1197 1249/1209/1200
f 1246/1206/1197 1238/1198/1189 1239/1200/1191
f 1249/1209/1200 1246/1206/1197 1239/1200/1191
f 1250/1210/1201 1248/1208/1199 1249/1209/1200
f 1250/1210/1201 1249/1209/1200 1227/1192/1179
f 1249/1209/1200 1239/1200/1191 1229/1193/1181
f 1227/1192/1179 1249/1209/1200 1229/1193/1181
f 1251/1211/1202 1248/1208/1199 1250/1210/1201
f 1252/1212/1203 1251/1211/1202 1250/1210/1201
f 1252/1212/1203 1250/1210/1201 1227/1192/1179
f 1253/1213/1204 1251/1211/1202 1252/1212/1203
f 1254/1214/1205 1253/1213/1204 1252/1212/1203
f 1254/1214/1205 1252/1212/1203 1226/1191/1178
f 1226/1191/1178 1252/1212/1203 1227/1192/1179
f 1255/1215/1206 1253/1213/1204 1254/1214/1205
f 1256/1216/1207 1255/1215/1206 1254/1214/1205
f 1256/1216/1207 1254/1214/1205 1222/1189/1176
f 1222/1189/1176 1254/1214/1205 1224/1190/1177
f 1224/1190/1177 1254/1214/1205 1226/1191/1178
f 1257/1217/1208 1255/1215/1206 1256/1216/1207
f 1258/1218/1209 1257/1217/1208 1256/1216/1207
f 1258/1218/1209 1256/1216/1207 1220/1188/1174
f 1220/1188/1174 1256/1216/1207 1222/1189/1176
f 1257/1217/1208 1258/1218/1209 1214/1185/1170
f 1214/1185/1170 1258/1218/1209 1215/1186/1171
f 1215/1186/1171 1258/1218/1209 1220/1188/1174
f 1259/1219/1210 1255/1215/1206 1257/1217/1208
f 1259/1219/1210 1257/1217/1208 1212/1183/1168
f 1212/1183/1168 1257/1217/1208 1214/1185/1170
f 1260/1220/1211 1255/1215/1206 1259/1219/1210
f 1261/1221/1212 1260/1220/1211 1259/1219/1210
f 1261/1221/1212 1259/1219/1210 1207/1178/1163
f 1207/1178/1163 1259/1219/1210 1209/1180/1165
f 1209/1180/1165 1259/1219/1210 1212/1183/1168
f 1262/1222/1213 1260/1220/1211 1261/1221/1212
f 1263/1223/1214 1262/1222/1213 1261/1221/1212
f 1263/1223/1214 1261/1221/1212 1205/1176/1161
f 1205/1176/1161 1261/1221/1212 1207/1178/1163
f 1264/1224/1215 1262/1222/1213 1263/1223/1214
f 1265/1225/1216 1264/1224/1215 1263/1223/1214
f 1265/1225/1216 1263/1223/1214 1203/1174/1159
f 1203/1174/1159 1263/1223/1214 1205/1176/1161
f 1266/1226/1217 1264/1224/1215 1265/1225/1216
f 1267/1227/1218 1266/1226/1217 1265/1225/1216
f 1267/1227/1218 1265/1225/1216 1201/1172/1157
f 1201/1172/1157 1265/1225/1216 1203/1174/1159
f 1268/1228/1219 1266/1226/1217 1267/1227/1218
f 1268/1228/1219 1267/1227/1218 1196/1167/971
f 1196/1167/971 1267/1227/1218 1198/1169/1154
f 1198/1169/1154 1267/1227/1218 1201/1172/1157
f 1269/1229/1220 1266/1226/1217 1268/1228/1219
f 1269/1229/1220 1268/1228/1219 1192/1163/1149
f 1192/1163/1149 1268/1228/1219 1194/1165/1151
f 1194/1165/1151 1268/1228/1219 1196/1167/971
f 1270/1230/1221 1266/1226/1217 1269/1229/1220
f 1271/1231/1222 1270/1230/1221 1269/1229/1220
f 1271/1231/1222 1269/1229/1220 1190/1161/1147
f 1190/1161/1147 1269/1229/1220 1192/1163/1149
f 1272/1232/1223 1270/1230/1221 1271/1231/1222
f 1273/1233/1224 1272/1232/1223 1271/1231/1222
f 1273/1233/1224 1271/1231/1222 1188/1159/1146
f 1188/1159/1146 1271/1231/1222 1190/1161/1147
f 1274/1234/1225 1272/1232/1223 1273/1233/1224
f 1275/1235/1226 1274/1234/1225 1273/1233/1224
f 1275/1235/1226 1273/1233/1224 1188/1159/1146
f 1276/1236/1227 1278/1237/1228 1275/1235/1226
f 1277/1238/1229 1276/1236/1227 1275/1235/1226
f 1277/1238/1229 1275/1235/1226 1186/1157/1144
f 1278/1237/1228 1274/1234/1225 1275/1235/1226
f 1186/1157/1144 1275/1235/1226 1188/1159/1146
f 1279/1239/1230 1280/1240/1231 1278/1237/1228
f 1276/1236/1227 1279/1239/1230 1278/1237/1228
f 1278/1237/1228 1280/1240/1231 1274/1234/1225
f 1244/1204/1195 1281/1241/1232 1280/1240/1231
f 1279/1239/1230 1244/1204/1195 1280/1240/1231
f 1280/1240/1231 1281/1241/1232 1282/1242/1233
f 1280/1240/1231 1282/1242/1233 1274/1234/1225
f 1281/1241/1232 1283/1243/1233 1282/1242/1233
f 1283/1243/1233 1284/1244/1234 1282/1242/1233
f 1282/1242/1233 1284/1244/1234 1285/1245/1235
f 1282/1242/1233 1285/1245/1235 1274/1234/1225
f 1285/1245/1235 1284/1244/1234 1286/1246/1236
f 1285/1245/1235 1286/1246/1236 1272/1232/1223
f 1274/1234/1225 1285/1245/1235 1272/1232/1223
f 1286/1246/1236 1284/1244/1234 1287/1247/1237
f 1286/1246/1236 1287/1247/1237 1264/1224/1215
f 1272/1232/1223 1286/1246/1236 1270/1230/1221
f 1270/1230/1221 1286/1246/1236 1264/1224/1215
f 1287/1247/1237 1284/1244/1234 1289/1248/1238
f 1287/1247/1237 1288/1249/1239 1262/1222/1213
f 1288/1249/1239 1287/1247/1237 1289/1248/1238
f 1264/1224/1215 1287/1247/1237 1262/1222/1213
f 1288/1249/1239 1289/1248/1238 1251/1211/1202
f 1284/1244/1234 1283/1243/1233 1289/1248/1238
f 1289/1248/1238 1283/1243/1233 1247/1207/1198
f 1289/1248/1238 1247/1207/1198 1248/1208/1199
f 1251/1211/1202 1289/1248/1238 1248/1208/1199
f 1262/1222/1213 1288/1249/1239 1260/1220/1211
f 1260/1220/1211 1288/1249/1239 1253/1213/1204
f 1253/1213/1204 1288/1249/1239 1251/1211/1202
f 1283/1243/1233 1281/1241/1232 1245/1205/1196
f 1247/1207/1198 1283/1243/1233 1245/1205/1196
f 1281/1241/1232 1244/1204/1195 1245/1205/1196
f 1242/1202/1193 1244/1204/1195 1279/1239/1230
f 1290/1250/1240 1242/1202/1193 1279/1239/1230
f 1290/1250/1240 1279/1239/1230 1276/1236/1227
f 1113/1093/1076 1242/1202/1193 1290/1250/1240
f 1112/1092/1075 1113/1093/1076 1290/1250/1240
f 1112/1092/1075 1290/1250/1240 1291/1251/1241
f 1291/1251/1241 1290/1250/1240 1276/1236/1227
f 1292/1252/1242 1112/1092/1075 1291/1251/1241
f 1292/1252/1242 1291/1251/1241 1293/1253/1243
f 1291/1251/1241 1276/1236/1227 1277/1238/1229
f 1293/1253/1243 1291/1251/1241 1277/1238/1229
f 1294/1254/1244 1292/1252/1242 1293/1253/1243
f 1294/1254/1244 1293/1253/1243 1181/1152/1139
f 1293/1253/1243 1277/1238/1229 1181/1152/1139
f 1295/1255/1245 1292/1252/1242 1294/1254/1244
f 1296/1256/1246 1295/1255/1245 1294/1254/1244
f 1296/1256/1246 1294/1254/1244 1179/1150/1137
f 1179/1150/1137 1294/1254/1244 1181/1152/1139
f 1297/1257/1247 1295/1255/1245 1296/1256/1246
f 1298/1258/1248 1297/1257/1247 1296/1256/1246
f 1298/1258/1248 1296/1256/1246 1177/1148/1135
f 1177/1148/1135 1296/1256/1246 1179/1150/1137
f 1299/1259/1249 1297/1257/1247 1298/1258/1248
f 1300/1260/1250 1299/1259/1249 1298/1258/1248
f 1300/1260/1250 1298/1258/1248 1175/1146/1133
f 1175/1146/1133 1298/1258/1248 1177/1148/1135
f 1301/1261/1251 1299/1259/1249 1300/1260/1250
f 1301/1261/1251 1300/1260/1250 1173/1144/1131
f 1173/1144/1131 1300/1260/1250 1175/1146/1133
f 1302/1262/1252 1299/1259/1249 1301/1261/1251
f 1303/1263/1253 1302/1262/1252 1301/1261/1251
f 1303/1263/1253 1301/1261/1251 1171/1142/1129
f 1171/1142/1129 1301/1261/1251 1173/1144/1131
f 1304/1264/1254 1302/1262/1252 1303/1263/1253
f 1305/1265/1255 1304/1264/1254 1303/1263/1253
f 1305/1265/1255 1303/1263/1253 1169/1140/1127
f 1169/1140/1127 1303/1263/1253 1171/1142/1129
f 1306/1266/1256 1308/1267/1257 1305/1265/1255
f 1307/1268/1258 1306/1266/1256 1305/1265/1255
f 1307/1268/1258 1305/1265/1255 1168/1139/1126
f 1308/1267/1257 1304/1264/1254 1305/1265/1255
f 1168/1139/1126 1305/1265/1255 1169/1140/1127
f 1304/1264/1254 1308/1267/1257 1309/1269/1259
f 1309/1269/1259 1308/1267/1257 1310/1270/1260
f 1310/1270/1260 1308/1267/1257 1311/1271/1261
f 1308/1267/1257 1306/1266/1256 1311/1271/1261
f 1310/1270/1260 1311/1271/1261 1313/1272/1262
f 1311/1271/1261 1306/1266/1256 1312/1273/1263
f 1311/1271/1261 1312/1273/1263 1314/1274/1264
f 1313/1272/1262 1311/1271/1261 1314/1274/1264
f 1313/1272/1262 1314/1274/1264 1148/1119/1106
f 1314/1274/1264 1312/1273/1263 1153/1124/1111
f 1314/1274/1264 1150/1121/1108 1148/1119/1106
f 1150/1121/1108 1314/1274/1264 1153/1124/1111
f 1315/1275/1265 1310/1270/1260 1313/1272/1262
f 1315/1275/1265 1313/1272/1262 1316/1276/1266
f 1316/1276/1266 1313/1272/1262 1147/1118/1105
f 1147/1118/1105 1313/1272/1262 1148/1119/1106
f 1317/1277/1267 1319/1278/1268 1316/1276/1266
f 1318/1279/1269 1317/1277/1267 1316/1276/1266
f 1318/1279/1269 1316/1276/1266 1145/1117/1104
f 1319/1278/1268 1315/1275/1265 1316/1276/1266
f 1316/1276/1266 1147/1118/1105 1145/1117/1104
f 1320/1280/1270 1321/1281/1271 1319/1278/1268
f 1317/1277/1267 1320/1280/1270 1319/1278/1268
f 1321/1281/1271 1309/1269/1259 1319/1278/1268
f 1309/1269/1259 1310/1270/1260 1319/1278/1268
f 1319/1278/1268 1310/1270/1260 1315/1275/1265
f 1322/1282/1272 1299/1259/1249 1321/1281/1271
f 1320/1280/1270 1322/1282/1272 1321/1281/1271
f 1299/1259/1249 1302/1262/1252 1321/1281/1271
f 1302/1262/1252 1304/1264/1254 1321/1281/1271
f 1321/1281/1271 1304/1264/1254 1309/1269/1259
f 1322/1282/1272 1110/1090/1073 1297/1257/1247
f 1323/1283/1273 1110/1090/1073 1322/1282/1272
f 1323/1283/1273 1322/1282/1272 1320/1280/1270
f 1299/1259/1249 1322/1282/1272 1297/1257/1247
f 1109/1088/1071 1110/1090/1073 1323/1283/1273
f 1324/1284/1274 1109/1088/1071 1323/1283/1273
f 1324/1284/1274 1323/1283/1273 1325/1285/1275
f 1325/1285/1275 1323/1283/1273 1320/1280/1270
f 1326/1286/1276 1324/1284/1274 1325/1285/1275
f 1326/1286/1276 1325/1285/1275 1327/1287/1277
f 1325/1285/1275 1320/1280/1270 1317/1277/1267
f 1327/1287/1277 1325/1285/1275 1317/1277/1267
f 1328/1288/1278 1326/1286/1276 1327/1287/1277
f 1328/1288/1278 1327/1287/1277 1140/1112/1099
f 1327/1287/1277 1317/1277/1267 1318/1279/1269
f 1140/1112/1099 1327/1287/1277 1318/1279/1269
f 1329/1289/1279 1326/1286/1276 1328/1288/1278
f 1329/1289/1279 1328/1288/1278 1130/1106/1091
f 1130/1106/1091 1328/1288/1278 1132/1107/1093
f 1132/1107/1093 1328/1288/1278 1134/1108/1095
f 1134/1108/1095 1328/1288/1278 1140/1112/1099
f 1330/1290/1280 1326/1286/1276 1329/1289/1279
f 1123/1103/1086 1330/1290/1280 1329/1289/1279
f 1123/1103/1086 1329/1289/1279 1126/1105/1089
f 1126/1105/1089 1329/1289/1279 1130/1106/1091
f 1330/1290/1280 1324/1284/1274 1326/1286/1276
f 1119/1099/1082 1324/1284/1274 1330/1290/1280
f 1119/1099/1082 1330/1290/1280 1123/1103/1086
f 1116/1096/1079 1109/1088/1071 1324/1284/1274
f 1116/1096/1079 1324/1284/1274 1119/1099/1082
f 1140/1112/1099 1318/1279/1269 1141/1113/1100
f 1141/1113/1100 1318/1279/1269 1145/1117/1104
f 1312/1273/1263 1306/1266/1256 1331/1291/1281
f 1312/1273/1263 1331/1291/1281 1156/1127/1114
f 1153/1124/1111 1312/1273/1263 1156/1127/1114
f 1331/1291/1281 1306/1266/1256 1307/1268/1258
f 1331/1291/1281 1332/1292/1282 1157/1128/1115
f 1332/1292/1282 1331/1291/1281 1307/1268/1258
f 1156/1127/1114 1331/1291/1281 1157/1128/1115
f 1332/1292/1282 1307/1268/1258 1166/1137/1124
f 1157/1128/1115 1332/1292/1282 1159/1130/1117
f 1159/1130/1117 1332/1292/1282 1166/1137/1124
f 1166/1137/1124 1307/1268/1258 1168/1139/1126
f 1110/1090/1073 1111/1091/1074 1297/1257/1247
f 1297/1257/1247 1111/1091/1074 1295/1255/1245
f 1295/1255/1245 1111/1091/1074 1292/1252/1242
f 1111/1091/1074 1112/1092/1075 1292/1252/1242
f 1181/1152/1139 1277/1238/1229 1183/1154/1141
f 1183/1154/1141 1277/1238/1229 1186/1157/1144
f 1266/1226/1217 1270/1230/1221 1264/1224/1215
f 1255/1215/1206 1260/1220/1211 1253/1213/1204
f 1229/1193/1181 1239/1200/1191 1231/1194/1183
f 1161/1132/1119 1159/1130/1117 1166/1137/1124
f 1151/1123/1110 1333/1293/1283 1144/1115/1102
f 1333/1293/1283 1334/1294/1284 1144/1115/1102
f 1334/1294/1284 1335/1029/1015 1143/1114/1101
f 1336/1028/967 1335/1029/1015 1334/1294/1284
f 1334/1294/1284 1143/1114/1101 1144/1115/1102
f 1143/1114/1101 1335/1029/1015 1139/1110/1097
f 1335/1029/1015 1138/1031/1017 1139/1110/1097
f 1120/1098/1081 1121/1101/1084 1124/1102/1085
