# Blender 5.0.1
# www.blender.org
mtllib mdlPelota.mtl
o mdlPelota
v 6.121233 2.199117 10.985498
v 6.125344 2.233171 10.864693
v 6.127466 2.244441 10.802927
v 6.129620 2.251807 10.740576
v 6.136191 2.250277 10.552480
v 6.144885 2.193609 10.308457
v 6.153002 2.077997 10.086193
v 6.154880 2.040660 10.035706
v 6.158402 1.956849 9.942250
v 6.160032 1.910706 9.899651
v 6.164322 1.757542 9.790344
v 6.166627 1.645189 9.734290
v 6.167598 1.586594 9.711659
v 6.168444 1.526691 9.692751
v 6.170684 1.215982 9.656118
v 6.170723 1.153319 9.660577
v 6.170385 1.029449 9.681231
v 6.170011 0.968730 9.697345
v 6.166155 0.686732 9.832803
v 6.155890 0.390670 10.153096
v 6.150170 0.311919 10.323950
v 6.127200 2.218014 10.925884
v 6.133202 2.233114 10.865200
v 6.139213 2.244355 10.803686
v 6.145210 2.251693 10.741583
v 6.151169 2.255100 10.679138
v 6.157068 2.254562 10.616596
v 6.162882 2.250082 10.554205
v 6.168590 2.241676 10.492210
v 6.174167 2.229378 10.430858
v 6.179592 2.213237 10.370388
v 6.184844 2.193316 10.311040
v 6.189903 2.169695 10.253049
v 6.194747 2.142465 10.196644
v 6.199358 2.111735 10.142045
v 6.203719 2.077626 10.089471
v 6.207810 2.040273 10.039126
v 6.211617 1.999822 9.991212
v 6.215125 1.956434 9.945916
v 6.218319 1.910280 9.903418
v 6.221187 1.861541 9.863884
v 6.223717 1.810411 9.827472
v 6.225901 1.757091 9.794324
v 6.227728 1.701792 9.764572
v 6.229192 1.644731 9.738334
v 6.230287 1.586135 9.715711
v 6.231009 1.526233 9.696795
v 6.231355 1.465263 9.681658
v 6.231323 1.403466 9.670362
v 6.230914 1.341084 9.662951
v 6.230129 1.278365 9.659454
v 6.228971 1.215556 9.659885
v 6.227446 1.152904 9.664243
v 6.225558 1.090657 9.672509
v 6.223315 1.029061 9.684651
v 6.220727 0.968359 9.700623
v 6.217803 0.908790 9.720359
v 6.214556 0.850589 9.743782
v 6.210997 0.793986 9.770802
v 6.207141 0.739205 9.801309
v 6.203003 0.686462 9.835184
v 6.198599 0.635964 9.872293
v 6.193947 0.587911 9.912492
v 6.189065 0.542494 9.955618
v 6.183973 0.499890 10.001504
v 6.178690 0.460268 10.049968
v 6.173238 0.423785 10.100819
v 6.167637 0.390584 10.153855
v 6.161911 0.360796 10.208869
v 6.156080 0.334540 10.265641
v 6.131113 2.217904 10.926372
v 6.141012 2.232893 10.866173
v 6.150889 2.244024 10.805140
v 6.160707 2.251255 10.743512
v 6.170426 2.254555 10.681535
v 6.180008 2.253913 10.619452
v 6.189415 2.249331 10.557508
v 6.198610 2.240826 10.495948
v 6.207557 2.228433 10.435014
v 6.216220 2.212200 10.374948
v 6.224566 2.192192 10.315985
v 6.232561 2.168487 10.258360
v 6.240173 2.141179 10.202298
v 6.247374 2.110376 10.148023
v 6.254133 2.076199 10.095746
v 6.260425 2.038783 10.045676
v 6.266225 1.998276 9.998011
v 6.271510 1.954838 9.952935
v 6.276258 1.908640 9.910630
v 6.280453 1.859864 9.871262
v 6.284075 1.808703 9.834986
v 6.287113 1.755359 9.801945
v 6.289552 1.700042 9.772268
v 6.291385 1.642971 9.746076
v 6.292603 1.584371 9.723469
v 6.293202 1.524473 9.704536
v 6.293179 1.463513 9.689355
v 6.292535 1.401733 9.677982
v 6.291272 1.339376 9.670465
v 6.289395 1.276687 9.666832
v 6.286911 1.213916 9.667098
v 6.283831 1.151308 9.671262
v 6.280166 1.089111 9.679307
v 6.275930 1.027572 9.691201
v 6.271142 0.966932 9.706898
v 6.265819 0.907431 9.726336
v 6.259982 0.849303 9.749437
v 6.253655 0.792779 9.776112
v 6.246862 0.738081 9.806253
v 6.239631 0.685425 9.839744
v 6.231989 0.635019 9.876451
v 6.223968 0.587062 9.916228
v 6.215598 0.541743 9.958921
v 6.206913 0.499240 10.004360
v 6.197947 0.459723 10.052365
v 6.188735 0.423346 10.102748
v 6.179314 0.390253 10.155309
v 6.169721 0.360575 10.209841
v 6.159993 0.334429 10.266129
v 6.134987 2.217711 10.927090
v 6.148745 2.232509 10.867605
v 6.162450 2.243450 10.807281
v 6.176050 2.250493 10.746356
v 6.189491 2.253609 10.685068
v 6.202720 2.252786 10.623661
v 6.215684 2.248027 10.562376
v 6.228333 2.239351 10.501455
v 6.240616 2.226793 10.441140
v 6.252485 2.210401 10.381668
v 6.263893 2.190241 10.323273
v 6.274795 2.166391 10.266186
v 6.285148 2.138947 10.210632
v 6.294911 2.108017 10.156832
v 6.304047 2.073722 10.104996
v 6.312517 2.036198 10.055329
v 6.320290 1.995593 10.008029
v 6.327334 1.952068 9.963280
v 6.333622 1.905793 9.921260
v 6.339129 1.856952 9.882135
v 6.343833 1.805737 9.846059
v 6.347716 1.752351 9.813174
v 6.350762 1.697005 9.783611
v 6.352960 1.639915 9.757485
v 6.354300 1.581309 9.734901
v 6.354777 1.521417 9.715946
v 6.354389 1.460476 9.700697
v 6.353138 1.398726 9.689213
v 6.351030 1.336410 9.681539
v 6.348072 1.273776 9.677706
v 6.344275 1.211069 9.677728
v 6.339655 1.148538 9.681606
v 6.334230 1.086429 9.689325
v 6.328022 1.024987 9.700854
v 6.321055 0.964455 9.716147
v 6.313357 0.905072 9.735145
v 6.304957 0.847071 9.757771
v 6.295889 0.790683 9.783937
v 6.286189 0.736129 9.813540
v 6.275895 0.683625 9.846464
v 6.265048 0.633378 9.882576
v 6.253691 0.585587 9.921737
v 6.241868 0.540439 9.963789
v 6.229625 0.498113 10.008569
v 6.217012 0.458777 10.055899
v 6.204078 0.422585 10.105591
v 6.190875 0.389680 10.157452
v 6.177453 0.360192 10.211274
v 6.163867 0.334237 10.266847
v 6.138807 2.217438 10.928035
v 6.156369 2.231964 10.869493
v 6.173849 2.242636 10.810104
v 6.191179 2.249412 10.750102
v 6.208290 2.252265 10.689723
v 6.225114 2.251185 10.629206
v 6.241586 2.246176 10.568789
v 6.257640 2.237257 10.508712
v 6.273212 2.224463 10.449211
v 6.288242 2.207845 10.390521
v 6.302670 2.187469 10.332874
v 6.316439 2.163415 10.276497
v 6.329494 2.135778 10.221613
v 6.341785 2.104667 10.168438
v 6.353262 2.070205 10.117182
v 6.363881 2.032528 10.068048
v 6.373599 1.991784 10.021229
v 6.382379 1.948134 9.976910
v 6.390184 1.901751 9.935266
v 6.396986 1.852817 9.896461
v 6.402756 1.801527 9.860649
v 6.407473 1.748081 9.827971
v 6.411117 1.692691 9.798555
v 6.413673 1.635576 9.772518
v 6.415133 1.576962 9.749964
v 6.415491 1.517078 9.730980
v 6.414743 1.456163 9.715641
v 6.412895 1.394455 9.704009
v 6.409953 1.332199 9.696128
v 6.405928 1.269641 9.692031
v 6.400837 1.207027 9.691733
v 6.394700 1.144604 9.695235
v 6.387540 1.082619 9.702525
v 6.379386 1.021316 9.713572
v 6.370271 0.960938 9.728333
v 6.360230 0.901722 9.746751
v 6.349303 0.843902 9.768752
v 6.337533 0.787707 9.794249
v 6.324966 0.733358 9.823142
v 6.311653 0.681070 9.855317
v 6.297645 0.631049 9.890647
v 6.282998 0.583492 9.928993
v 6.267769 0.538588 9.970202
v 6.252019 0.496513 10.014113
v 6.235811 0.457433 10.060553
v 6.219207 0.421503 10.109337
v 6.202274 0.388865 10.160274
v 6.185078 0.359647 10.213161
v 6.167687 0.333964 10.267793
v 6.142558 2.217086 10.929205
v 6.163855 2.231260 10.871829
v 6.185042 2.241583 10.813596
v 6.206034 2.248015 10.754736
v 6.226748 2.250530 10.695480
v 6.247103 2.249118 10.636065
v 6.267018 2.243785 10.576723
v 6.286416 2.234551 10.517689
v 6.305218 2.221454 10.459195
v 6.323351 2.204545 10.401474
v 6.340744 2.183890 10.344751
v 6.357327 2.159571 10.289252
v 6.373036 2.131685 10.235196
v 6.387808 2.100340 10.182795
v 6.401586 2.065662 10.132257
v 6.414313 2.027786 10.083780
v 6.425942 1.986862 10.037557
v 6.436425 1.943053 9.993770
v 6.445721 1.896529 9.952590
v 6.453794 1.847476 9.914182
v 6.460611 1.796087 9.878696
v 6.466146 1.742564 9.846273
v 6.470376 1.687120 9.817041
v 6.473287 1.629972 9.791115
v 6.474864 1.571346 9.768598
v 6.475103 1.511474 9.749577
v 6.474003 1.450591 9.734127
v 6.471568 1.388939 9.722312
v 6.467807 1.326760 9.714176
v 6.462736 1.264300 9.709752
v 6.456373 1.201805 9.709058
v 6.448746 1.139523 9.712095
v 6.439882 1.077698 9.718854
v 6.429819 1.016574 9.729304
v 6.418594 0.956394 9.743408
v 6.406253 0.897395 9.761108
v 6.392845 0.839808 9.782335
v 6.378421 0.783863 9.807005
v 6.363040 0.729778 9.835020
v 6.346762 0.677769 9.866270
v 6.329650 0.628040 9.900632
v 6.311773 0.580787 9.937969
v 6.293201 0.536197 9.978136
v 6.274008 0.494445 10.020973
v 6.254269 0.455698 10.066311
v 6.234062 0.420107 10.113971
v 6.213466 0.387813 10.163765
v 6.192564 0.358943 10.215497
v 6.171437 0.333612 10.268962
v 6.146224 2.216655 10.930594
v 6.171174 2.230400 10.874602
v 6.195983 2.240298 10.817742
v 6.220555 2.246309 10.760240
v 6.244792 2.248410 10.702319
v 6.268599 2.246592 10.644212
v 6.291881 2.240863 10.586145
v 6.314546 2.231245 10.528350
v 6.336506 2.217777 10.471053
v 6.357673 2.200511 10.414482
v 6.377964 2.179515 10.358858
v 6.397300 2.154873 10.304401
v 6.415602 2.126682 10.251328
v 6.432800 2.095053 10.199847
v 6.448826 2.060110 10.150161
v 6.463616 2.021992 10.102466
v 6.477112 1.980849 10.056950
v 6.489260 1.936843 10.013794
v 6.500013 1.890149 9.973166
v 6.509328 1.840950 9.935229
v 6.517169 1.789440 9.900132
v 6.523504 1.735824 9.868012
v 6.528309 1.680311 9.838998
v 6.531564 1.623123 9.813202
v 6.533257 1.564483 9.790728
v 6.533381 1.504625 9.771664
v 6.531935 1.443783 9.756083
v 6.528926 1.382198 9.744051
v 6.524365 1.320113 9.735612
v 6.518270 1.257773 9.730800
v 6.510665 1.195425 9.729634
v 6.501581 1.133313 9.732121
v 6.491052 1.071684 9.738247
v 6.479121 1.010780 9.747991
v 6.465835 0.950842 9.761312
v 6.451246 0.892107 9.778160
v 6.435411 0.834806 9.798468
v 6.418394 0.779165 9.822154
v 6.400261 0.725404 9.849127
v 6.381084 0.673735 9.879278
v 6.360939 0.624363 9.912490
v 6.339904 0.577481 9.948631
v 6.318064 0.533275 9.987559
v 6.295504 0.491919 10.029119
v 6.272313 0.453577 10.073150
v 6.248583 0.418400 10.119474
v 6.224408 0.386527 10.167912
v 6.199883 0.358083 10.218270
v 6.175104 0.333181 10.270351
v 6.149792 2.216147 10.932199
v 6.178296 2.229387 10.877804
v 6.206631 2.238783 10.822529
v 6.234687 2.244299 10.766591
v 6.262352 2.245912 10.710212
v 6.289517 2.243617 10.653614
v 6.316075 2.237422 10.597020
v 6.341921 2.227352 10.540654
v 6.366953 2.213447 10.484738
v 6.391073 2.195760 10.429494
v 6.414185 2.174364 10.375138
v 6.436198 2.149341 10.321885
v 6.457025 2.120791 10.269947
v 6.476584 2.088825 10.219526
v 6.494797 2.053572 10.170823
v 6.511594 2.015168 10.124030
v 6.526906 1.973767 10.079331
v 6.540676 1.929531 10.036903
v 6.552846 1.882634 9.996914
v 6.563371 1.833263 9.959520
v 6.572207 1.781612 9.924870
v 6.579321 1.727885 9.893101
v 6.584684 1.672293 9.864337
v 6.588275 1.615057 9.838692
v 6.590080 1.556402 9.816268
v 6.590092 1.496559 9.797153
v 6.588311 1.435765 9.781423
v 6.584743 1.374259 9.769138
v 6.579403 1.312285 9.760349
v 6.572312 1.250087 9.755091
v 6.563498 1.187910 9.753382
v 6.552996 1.126001 9.755230
v 6.540847 1.064602 9.760628
v 6.527099 1.003957 9.769554
v 6.511806 0.944304 9.781975
v 6.495029 0.885880 9.797839
v 6.476834 0.828915 9.817085
v 6.457293 0.773633 9.839638
v 6.436481 0.720253 9.865406
v 6.414484 0.668985 9.894290
v 6.391386 0.620032 9.926175
v 6.367279 0.573587 9.960936
v 6.342258 0.529834 9.998433
v 6.316422 0.488944 10.038522
v 6.289873 0.451080 10.081042
v 6.262715 0.416390 10.125826
v 6.235055 0.385012 10.172698
v 6.207005 0.357070 10.221472
v 6.178672 0.332673 10.271955
v 6.153247 2.215566 10.934010
v 6.185193 2.228225 10.881419
v 6.216943 2.237046 10.827934
v 6.248372 2.241994 10.773766
v 6.279357 2.243048 10.719127
v 6.309775 2.240205 10.664234
v 6.339506 2.233475 10.609303
v 6.368432 2.222886 10.554553
v 6.396441 2.208480 10.500197
v 6.423419 2.190312 10.446451
v 6.449263 2.168456 10.393527
v 6.473869 2.142996 10.341635
v 6.497140 2.114034 10.290977
v 6.518985 2.081683 10.241755
v 6.539318 2.046072 10.194162
v 6.558057 2.007342 10.148388
v 6.575130 1.965644 10.104612
v 6.590468 1.921144 10.063007
v 6.604012 1.874016 10.023737
v 6.615707 1.824448 9.986958
v 6.625508 1.772634 9.952813
v 6.633377 1.718780 9.921439
v 6.639280 1.663097 9.892959
v 6.643197 1.605806 9.867485
v 6.645111 1.547132 9.845118
v 6.645014 1.487308 9.825946
v 6.642907 1.426569 9.810044
v 6.638799 1.365154 9.797477
v 6.632705 1.303307 9.788293
v 6.624650 1.241271 9.782528
v 6.614665 1.179292 9.780205
v 6.602789 1.117614 9.781334
v 6.589070 1.056479 9.785909
v 6.573563 0.996130 9.793913
v 6.556326 0.936805 9.805314
v 6.537431 0.878738 9.820068
v 6.516949 0.822158 9.838116
v 6.494963 0.767288 9.859386
v 6.471559 0.714344 9.883796
v 6.446830 0.663537 9.911247
v 6.420873 0.615066 9.941633
v 6.393790 0.569122 9.974833
v 6.365689 0.525887 10.010717
v 6.336680 0.485532 10.049142
v 6.306878 0.448215 10.089957
v 6.276400 0.414085 10.133001
v 6.245368 0.383275 10.178103
v 6.213902 0.355908 10.225087
v 6.182127 0.332091 10.273767
v 6.156577 2.214911 10.936022
v 6.191838 2.226919 10.885436
v 6.226878 2.235094 10.833939
v 6.261558 2.239402 10.781734
v 6.295741 2.239828 10.729029
v 6.329293 2.236369 10.676030
v 6.362081 2.229039 10.622948
v 6.393975 2.217866 10.569990
v 6.424850 2.202897 10.517367
v 6.454584 2.184187 10.465286
v 6.483059 2.161813 10.413954
v 6.510163 2.135863 10.363570
v 6.535790 2.106438 10.314337
v 6.559838 2.073655 10.266446
v 6.582212 2.037642 10.220087
v 6.602824 1.998544 10.175445
v 6.621592 1.956513 10.132693
v 6.638442 1.911715 10.092002
v 6.653309 1.864328 10.053532
v 6.666132 1.814538 10.017433
v 6.676863 1.762542 9.983850
v 6.685457 1.708544 9.952916
v 6.691883 1.652759 9.924750
v 6.696113 1.595407 9.899466
v 6.698131 1.536712 9.877162
v 6.697929 1.476908 9.857927
v 6.695509 1.416231 9.841836
v 6.690880 1.354919 9.828954
v 6.684059 1.293214 9.819330
v 6.675075 1.231361 9.813004
v 6.663961 1.169604 9.809999
v 6.650763 1.108185 9.810328
v 6.635532 1.047348 9.813990
v 6.618329 0.987332 9.820969
v 6.599221 0.928375 9.831239
v 6.578283 0.870709 9.844759
v 6.555599 0.814562 9.861475
v 6.531258 0.760154 9.881322
v 6.505355 0.707702 9.904222
v 6.477994 0.657412 9.930083
v 6.449282 0.609482 9.958804
v 6.419333 0.564102 9.990272
v 6.388264 0.521451 10.024361
v 6.356198 0.481696 10.060938
v 6.323262 0.444995 10.099859
v 6.289586 0.411494 10.140970
v 6.255302 0.381323 10.184109
v 6.220547 0.354602 10.229104
v 6.185456 0.331437 10.275779
v 6.159766 2.214187 10.938227
v 6.198205 2.225474 10.889836
v 6.236397 2.232933 10.840518
v 6.274191 2.236535 10.790467
v 6.311439 2.236265 10.739880
v 6.347993 2.232124 10.688956
v 6.383710 2.224129 10.637898
v 6.418448 2.212312 10.586906
v 6.452070 2.196718 10.536182
v 6.484443 2.177410 10.485926
v 6.515440 2.154464 10.436336
v 6.544939 2.127970 10.387607
v 6.572822 2.098033 10.339932
v 6.598980 2.064771 10.293501
v 6.623310 2.028315 10.248494
v 6.645716 1.988809 10.205091
v 6.666108 1.946409 10.163464
v 6.684408 1.901283 10.123774
v 6.700541 1.853608 10.086179
v 6.714446 1.803572 10.050828
v 6.726067 1.751374 10.017861
v 6.735358 1.697219 9.987407
v 6.742282 1.641320 9.959587
v 6.746812 1.583899 9.934510
v 6.748931 1.525182 9.912275
v 6.748630 1.465401 9.892971
v 6.745909 1.404792 9.876673
v 6.740780 1.343593 9.863445
v 6.733263 1.282047 9.853340
v 6.723388 1.220396 9.846398
v 6.711194 1.158884 9.842647
v 6.696729 1.097753 9.842100
v 6.680049 1.037244 9.844760
v 6.661221 0.977597 9.850616
v 6.640319 0.919047 9.859646
v 6.617425 0.861825 9.871814
v 6.592631 0.806157 9.887072
v 6.566033 0.752262 9.905359
v 6.537737 0.700353 9.926603
v 6.507854 0.650635 9.950722
v 6.476502 0.603304 9.977618
v 6.443806 0.558547 10.007187
v 6.409893 0.516541 10.039311
v 6.374898 0.477452 10.073864
v 6.338960 0.441433 10.110710
v 6.302219 0.408626 10.149702
v 6.264821 0.379162 10.190688
v 6.226914 0.353157 10.233504
v 6.188646 0.330713 10.277984
v 6.162804 2.213397 10.940616
v 6.204268 2.223896 10.894605
v 6.245462 2.230573 10.847647
v 6.286223 2.233403 10.799928
v 6.326389 2.232373 10.751636
v 6.365804 2.227488 10.702961
v 6.404309 2.218767 10.654097
v 6.441755 2.206245 10.605234
v 6.477993 2.189970 10.556566
v 6.512880 2.170008 10.508287
v 6.546279 2.146436 10.460585
v 6.578057 2.119349 10.413650
v 6.608089 2.088852 10.367665
v 6.636258 2.055067 10.322814
v 6.662450 2.018126 10.279272
v 6.686564 1.978175 10.237212
v 6.708504 1.935373 10.196801
v 6.728183 1.889887 10.158195
v 6.745524 1.841898 10.121551
v 6.760458 1.791595 10.087009
v 6.772927 1.739176 10.054709
v 6.782881 1.684848 10.024776
v 6.790281 1.628826 9.997330
v 6.795097 1.571330 9.972478
v 6.797311 1.512588 9.950318
v 6.796914 1.452832 9.930939
v 6.793908 1.392297 9.914416
v 6.788303 1.331222 9.900815
v 6.780124 1.269848 9.890189
v 6.769401 1.208418 9.882580
v 6.756177 1.147174 9.878018
v 6.740504 1.086357 9.876522
v 6.722445 1.026208 9.878098
v 6.702070 0.966964 9.882737
v 6.679459 0.908859 9.890424
v 6.654703 0.852121 9.901127
v 6.627898 0.796976 9.914804
v 6.599152 0.743641 9.931401
v 6.568575 0.692325 9.950853
v 6.536291 0.643232 9.973083
v 6.502426 0.596556 9.998003
v 6.467113 0.552480 10.025515
v 6.430492 0.511179 10.055510
v 6.392709 0.472815 10.087869
v 6.353910 0.437541 10.122466
v 6.314251 0.405494 10.159163
v 6.273887 0.376803 10.197817
v 6.232977 0.351579 10.238273
v 6.191684 0.329922 10.280373
v 6.165678 2.212542 10.943179
v 6.210005 2.222190 10.899721
v 6.254038 2.228024 10.855296
v 6.297605 2.230019 10.810081
v 6.340533 2.228168 10.764251
v 6.382652 2.222478 10.717989
v 6.423797 2.212973 10.671478
v 6.463805 2.199689 10.624901
v 6.502518 2.182678 10.578441
v 6.539783 2.162009 10.532282
v 6.575453 2.137762 10.486607
v 6.609388 2.110033 10.441595
v 6.641454 2.078932 10.397424
v 6.671524 2.044581 10.354269
v 6.699479 2.007116 10.312299
v 6.725208 1.966685 10.271681
v 6.748612 1.923447 10.232574
v 6.769597 1.877574 10.195134
v 6.788079 1.829245 10.159507
v 6.803988 1.778652 10.125834
v 6.817258 1.725995 10.094250
v 6.827839 1.671480 10.064877
v 6.835689 1.615324 10.037831
v 6.840775 1.557748 10.013221
v 6.843080 1.498980 9.991142
v 6.842593 1.439250 9.971682
v 6.839316 1.378796 9.954918
v 6.833261 1.317855 9.940915
v 6.824455 1.256667 9.929729
v 6.812930 1.195476 9.921405
v 6.798732 1.134521 9.915975
v 6.781918 1.074044 9.913461
v 6.762552 1.014283 9.913871
v 6.740714 0.955474 9.917206
v 6.716487 0.897849 9.923450
v 6.689969 0.841636 9.932582
v 6.661263 0.787056 9.944563
v 6.630483 0.734325 9.959347
v 6.597750 0.683651 9.976875
v 6.563193 0.635233 9.997079
v 6.526950 0.589264 10.019877
v 6.489162 0.545924 10.045181
v 6.449980 0.505385 10.072891
v 6.409557 0.467806 10.102898
v 6.368054 0.433335 10.135081
v 6.325633 0.402110 10.169315
v 6.282463 0.374253 10.205466
v 6.238714 0.349873 10.243389
v 6.194558 0.329068 10.282936
v 6.168376 2.211627 10.945907
v 6.215391 2.220364 10.905166
v 6.262092 2.225293 10.863437
v 6.308293 2.226395 10.820884
v 6.353814 2.223666 10.777676
v 6.398473 2.217115 10.733981
v 6.442096 2.206769 10.689975
v 6.484509 2.192670 10.645829
v 6.525546 2.174872 10.601718
v 6.565044 2.153445 10.557817
v 6.602848 2.128475 10.514297
v 6.638808 2.100060 10.471333
v 6.672783 2.068311 10.429092
v 6.704638 2.033355 10.387741
v 6.734248 1.995329 10.347445
v 6.761496 1.954384 10.308360
v 6.786273 1.910680 10.270643
v 6.808484 1.864391 10.234442
v 6.828039 1.815699 10.199899
v 6.844862 1.764796 10.167150
v 6.858885 1.711883 10.136327
v 6.870055 1.657169 10.107550
v 6.878327 1.600870 10.080931
v 6.883668 1.543208 10.056578
v 6.886057 1.484410 10.034584
v 6.885485 1.424710 10.015038
v 6.881954 1.364341 9.998017
v 6.875478 1.303543 9.983587
v 6.866082 1.242556 9.971807
v 6.853804 1.181619 9.962721
v 6.838691 1.120975 9.956367
v 6.820805 1.060861 9.952768
v 6.800214 1.001515 9.951940
v 6.777001 0.943172 9.953885
v 6.751256 0.886062 9.958596
v 6.723083 0.830410 9.966055
v 6.692592 0.776435 9.976231
v 6.659903 0.724351 9.989085
v 6.625144 0.674364 10.004566
v 6.588455 0.626670 10.022614
v 6.549978 0.581457 10.043155
v 6.509867 0.538905 10.066110
v 6.468279 0.499181 10.091388
v 6.425378 0.462442 10.118889
v 6.381334 0.428833 10.148505
v 6.336321 0.398487 10.180120
v 6.290516 0.371522 10.213606
v 6.244100 0.348047 10.248834
v 6.197257 0.328153 10.285664
v 6.170889 2.210656 10.948788
v 6.220407 2.218425 10.910917
v 6.269590 2.222394 10.872036
v 6.318245 2.222547 10.832296
v 6.366179 2.218884 10.791856
v 6.413204 2.211419 10.750875
v 6.459134 2.200181 10.709514
v 6.503787 2.185216 10.667936
v 6.546988 2.166581 10.626307
v 6.588565 2.144351 10.584790
v 6.628355 2.118612 10.543549
v 6.666201 2.089468 10.502747
v 6.701953 2.057032 10.462544
v 6.735471 2.021433 10.423100
v 6.766622 1.982812 10.384570
v 6.795282 1.941320 10.347106
v 6.821340 1.897121 10.310857
v 6.844691 1.850391 10.275964
v 6.865244 1.801312 10.242566
v 6.882919 1.750080 10.210794
v 6.897644 1.696896 10.180775
v 6.909363 1.641970 10.152626
v 6.918028 1.585519 10.126459
v 6.923605 1.527766 10.102376
v 6.926074 1.468938 10.080474
v 6.925422 1.409267 10.060838
v 6.921655 1.348990 10.043545
v 6.914785 1.288344 10.028665
v 6.904840 1.227569 10.016254
v 6.891861 1.166904 10.006365
v 6.875897 1.106588 9.999034
v 6.857012 1.046861 9.994290
v 6.835280 0.987957 9.992153
v 6.810787 0.930108 9.992631
v 6.783630 0.873544 9.995722
v 6.753916 0.818488 10.001413
v 6.721762 0.765156 10.009684
v 6.687295 0.713759 10.020498
v 6.650652 0.664501 10.033817
v 6.611976 0.617575 10.049586
v 6.571420 0.573167 10.067743
v 6.529145 0.531451 10.088217
v 6.485317 0.492593 10.110927
v 6.440109 0.456746 10.135782
v 6.393700 0.424052 10.162686
v 6.346273 0.394639 10.191531
v 6.298015 0.368623 10.222205
v 6.249115 0.346108 10.254585
v 6.199769 0.327181 10.288546
v 6.173206 2.209631 10.951812
v 6.225031 2.216380 10.916953
v 6.276504 2.219337 10.881059
v 6.327421 2.218490 10.844272
v 6.377581 2.213843 10.806737
v 6.426787 2.205413 10.768601
v 6.474844 2.193235 10.730018
v 6.521562 2.177356 10.691135
v 6.566758 2.157839 10.652110
v 6.610252 2.134761 10.613095
v 6.651874 2.108213 10.574244
v 6.691459 2.078300 10.535711
v 6.728850 2.045139 10.497648
v 6.763900 2.008862 10.460205
v 6.796472 1.969613 10.423529
v 6.826435 1.927544 10.387766
v 6.853673 1.882824 10.353056
v 6.878077 1.835628 10.319536
v 6.899550 1.786143 10.287340
v 6.918010 1.734564 10.256594
v 6.933382 1.681094 10.227418
v 6.945606 1.625944 10.199929
v 6.954634 1.569333 10.174235
v 6.960429 1.511483 10.150437
v 6.962970 1.452622 10.128630
v 6.962246 1.392984 10.108898
v 6.958261 1.332804 10.091321
v 6.951028 1.272318 10.075968
v 6.940578 1.211766 10.062898
v 6.926952 1.151387 10.052164
v 6.910203 1.091419 10.043808
v 6.890397 1.032098 10.037863
v 6.867613 0.973660 10.034352
v 6.841940 0.916333 10.033290
v 6.813480 0.860345 10.034680
v 6.782346 0.805917 10.038518
v 6.748659 0.753263 10.044787
v 6.712553 0.702591 10.053464
v 6.674170 0.654101 10.064513
v 6.633663 0.607985 10.077891
v 6.591190 0.564425 10.093547
v 6.546920 0.523591 10.111417
v 6.501027 0.485647 10.131431
v 6.453692 0.450741 10.153510
v 6.405102 0.419010 10.177567
v 6.355449 0.390581 10.203507
v 6.304928 0.365566 10.231229
v 6.253740 0.344063 10.260621
v 6.202086 0.326157 10.291569
v 6.175318 2.208558 10.954966
v 6.229246 2.214238 10.923248
v 6.282806 2.216134 10.890471
v 6.335784 2.214239 10.856764
v 6.387974 2.208560 10.822260
v 6.439167 2.199121 10.787093
v 6.489163 2.185957 10.751405
v 6.537765 2.169121 10.715335
v 6.584779 2.148680 10.679026
v 6.630021 2.124714 10.642621
v 6.673312 2.097317 10.606264
v 6.714481 2.066598 10.570098
v 6.753366 2.032679 10.534266
v 6.789814 1.995692 10.498909
v 6.823680 1.955784 10.464168
v 6.854832 1.913112 10.430178
v 6.883144 1.867846 10.397075
v 6.908507 1.820162 10.364987
v 6.930820 1.770250 10.334044
v 6.949996 1.718307 10.304367
v 6.965957 1.664538 10.276073
v 6.978642 1.609154 10.249271
v 6.988000 1.552374 10.224072
v 6.993995 1.494423 10.200570
v 6.996602 1.435529 10.178862
v 6.995812 1.375925 10.159031
v 6.991627 1.315846 10.141157
v 6.984065 1.255528 10.125310
v 6.973154 1.195210 10.111551
v 6.958938 1.135131 10.099937
v 6.941473 1.075526 10.090512
v 6.920828 1.016632 10.083314
v 6.897085 0.958681 10.078371
v 6.870337 0.901901 10.075703
v 6.840689 0.846517 10.075319
v 6.808259 0.792746 10.077223
v 6.773175 0.740803 10.081405
v 6.735576 0.690890 10.087850
v 6.695608 0.643206 10.096532
v 6.653431 0.597938 10.107417
v 6.609211 0.555266 10.120462
v 6.563122 0.515357 10.135616
v 6.515347 0.478369 10.152819
v 6.466073 0.444448 10.172002
v 6.415495 0.413728 10.193089
v 6.363812 0.386331 10.216000
v 6.311230 0.362363 10.240642
v 6.257955 0.341921 10.266917
v 6.204197 0.325084 10.294723
v 6.177216 2.207440 10.958238
v 6.233036 2.212007 10.929780
v 6.288471 2.212798 10.900236
v 6.343304 2.209812 10.869723
v 6.397317 2.203059 10.838363
v 6.450297 2.192567 10.806276
v 6.502037 2.178377 10.773593
v 6.552330 2.160544 10.740439
v 6.600979 2.139141 10.706948
v 6.647792 2.114249 10.673251
v 6.692584 2.085969 10.639481
v 6.735178 2.054411 10.605770
v 6.775407 2.019701 10.572252
v 6.813110 1.981974 10.539061
v 6.848141 1.941381 10.506326
v 6.880359 1.898081 10.474176
v 6.909639 1.852244 10.442739
v 6.935864 1.804053 10.412139
v 6.958932 1.753697 10.382495
v 6.978750 1.701375 10.353927
v 6.995242 1.647294 10.326545
v 7.008341 1.591666 10.300459
v 7.017997 1.534711 10.275770
v 7.024170 1.476655 10.252578
v 7.026836 1.417726 10.230972
v 7.025987 1.358157 10.211039
v 7.021624 1.298183 10.192856
v 7.013763 1.238040 10.176497
v 7.002438 1.177966 10.162024
v 6.987692 1.118199 10.149497
v 6.969584 1.058973 10.138964
v 6.948185 1.000523 10.130465
v 6.923579 0.943080 10.124036
v 6.895864 0.886869 10.119700
v 6.865149 0.832114 10.117477
v 6.831555 0.779029 10.117374
v 6.795216 0.727825 10.119391
v 6.756272 0.678703 10.123522
v 6.714880 0.631858 10.129748
v 6.671203 0.587474 10.138047
v 6.625412 0.545726 10.148384
v 6.577688 0.506780 10.160720
v 6.528220 0.470789 10.175006
v 6.477202 0.437894 10.191184
v 6.424838 0.408227 10.209192
v 6.371332 0.381903 10.228959
v 6.316895 0.359027 10.250405
v 6.261744 0.339689 10.273448
v 6.206096 0.323966 10.297995
v 6.178894 2.206282 10.961615
v 6.236384 2.209695 10.936521
v 6.293478 2.209342 10.910314
v 6.349948 2.205225 10.883099
v 6.405573 2.197360 10.854982
v 6.460133 2.185777 10.826076
v 6.513412 2.170524 10.796493
v 6.565201 2.151659 10.766350
v 6.615295 2.129258 10.735766
v 6.663496 2.103408 10.704864
v 6.709615 2.074213 10.673762
v 6.753468 2.041786 10.642587
v 6.794883 2.006256 10.611458
v 6.833696 1.967763 10.580501
v 6.869756 1.926460 10.549836
v 6.902917 1.882508 10.519586
v 6.933052 1.836082 10.489869
v 6.960039 1.787365 10.460802
v 6.983773 1.736549 10.432501
v 7.004160 1.683835 10.405077
v 7.021120 1.629430 10.378638
v 7.034585 1.573549 10.353289
v 7.044503 1.516413 10.329128
v 7.050835 1.458248 10.306253
v 7.053554 1.399283 10.284755
v 7.052651 1.339750 10.264715
v 7.048130 1.279885 10.246215
v 7.040008 1.219923 10.229327
v 7.028316 1.160102 10.214117
v 7.013103 1.100658 10.200647
v 6.994425 1.041825 10.188969
v 6.972360 0.983835 10.179129
v 6.946992 0.926917 10.171165
v 6.918423 0.871297 10.165111
v 6.886765 0.817192 10.160988
v 6.852141 0.764818 10.158814
v 6.814692 0.714380 10.158597
v 6.774562 0.666077 10.160338
v 6.731911 0.620101 10.164031
v 6.686907 0.576633 10.169660
v 6.639728 0.535844 10.177202
v 6.590559 0.497895 10.186630
v 6.539596 0.462936 10.197906
v 6.487038 0.431105 10.210983
v 6.433094 0.402527 10.225812
v 6.377976 0.377316 10.242334
v 6.321902 0.355571 10.260484
v 6.265093 0.337378 10.280189
v 6.207774 0.322808 10.301373
v 6.180344 2.205088 10.965084
v 6.239279 2.207312 10.943444
v 6.297805 2.205780 10.920666
v 6.355691 2.200497 10.896837
v 6.412710 2.191485 10.872053
v 6.468635 2.178779 10.846412
v 6.523246 2.162429 10.820013
v 6.576327 2.142501 10.792963
v 6.627670 2.119071 10.765367
v 6.677071 2.092234 10.737334
v 6.724336 2.062095 10.708976
v 6.769278 2.028772 10.680403
v 6.811718 1.992398 10.651729
v 6.851491 1.953115 10.623066
v 6.888440 1.911080 10.594528
v 6.922417 1.866457 10.566229
v 6.953290 1.819423 10.538279
v 6.980936 1.770164 10.510787
v 7.005246 1.718873 10.483865
v 7.026125 1.665754 10.457616
v 7.043489 1.611016 10.432145
v 7.057271 1.554875 10.407553
v 7.067416 1.497552 10.383936
v 7.073884 1.439275 10.361387
v 7.076649 1.380272 10.339997
v 7.075701 1.320776 10.319849
v 7.071043 1.261024 10.301022
v 7.062694 1.201249 10.283591
v 7.050686 1.141689 10.267625
v 7.035067 1.082578 10.253186
v 7.015899 1.024149 10.240333
v 6.993257 0.966633 10.229114
v 6.967230 0.910258 10.219575
v 6.937922 0.855245 10.211754
v 6.905448 0.801812 10.205680
v 6.869936 0.750170 10.201380
v 6.831527 0.700521 10.198868
v 6.790371 0.653064 10.198154
v 6.746633 0.607983 10.199244
v 6.700482 0.565459 10.202130
v 6.652102 0.525657 10.206803
v 6.601685 0.488736 10.213243
v 6.549429 0.454841 10.221426
v 6.495540 0.424106 10.231319
v 6.440230 0.396653 10.242883
v 6.383719 0.372589 10.256072
v 6.326230 0.352009 10.270835
v 6.267988 0.334995 10.287112
v 6.209224 0.321614 10.304841
v 6.181561 2.203864 10.968631
v 6.241708 2.204868 10.950523
v 6.301437 2.202125 10.931250
v 6.360511 2.195647 10.910884
v 6.418699 2.185458 10.889507
v 6.475770 2.171599 10.867205
v 6.531498 2.154125 10.844064
v 6.585665 2.133105 10.820174
v 6.638055 2.108621 10.795632
v 6.688464 2.080770 10.770535
v 6.736690 2.049663 10.744980
v 6.782545 2.015421 10.719069
v 6.825847 1.978180 10.692904
v 6.866425 1.938088 10.666588
v 6.904120 1.895301 10.640225
v 6.938782 1.849990 10.613920
v 6.970274 1.802332 10.587776
v 6.998473 1.752516 10.561896
v 7.023267 1.700739 10.536383
v 7.044558 1.647205 10.511335
v 7.062262 1.592125 10.486855
v 7.076310 1.535717 10.463037
v 7.086645 1.478203 10.439975
v 7.093227 1.419810 10.417761
v 7.096031 1.360769 10.396482
v 7.095044 1.301312 10.376222
v 7.090272 1.241674 10.357061
v 7.081732 1.182091 10.339075
v 7.069458 1.122798 10.322334
v 7.053500 1.064029 10.306906
v 7.033919 1.006015 10.292850
v 7.010794 0.948986 10.280223
v 6.984215 0.893167 10.269073
v 6.954287 0.838778 10.259445
v 6.921129 0.786034 10.251377
v 6.884871 0.735142 10.244902
v 6.845656 0.686304 10.240043
v 6.803639 0.639713 10.236821
v 6.758986 0.595551 10.235249
v 6.711874 0.553995 10.235332
v 6.662488 0.515207 10.237069
v 6.611022 0.479340 10.240456
v 6.557681 0.446537 10.245477
v 6.502675 0.416927 10.252112
v 6.446220 0.390626 10.260338
v 6.388539 0.367738 10.270120
v 6.329861 0.348354 10.281419
v 6.270417 0.332551 10.294191
v 6.210441 0.320389 10.308388
v 6.182540 2.202613 10.972241
v 6.243662 2.202371 10.957731
v 6.304358 2.198393 10.942024
v 6.364389 2.190693 10.925185
v 6.423517 2.179303 10.907277
v 6.481509 2.164267 10.888373
v 6.538136 2.145644 10.868547
v 6.593176 2.123509 10.847878
v 6.646410 2.097948 10.826445
v 6.697628 2.069062 10.804335
v 6.746629 2.036966 10.781634
v 6.793218 2.001786 10.758433
v 6.837213 1.963660 10.734822
v 6.878439 1.922740 10.710896
v 6.916734 1.879187 10.686748
v 6.951946 1.833172 10.662473
v 6.983937 1.784877 10.638167
v 7.012581 1.734493 10.613927
v 7.037764 1.682220 10.589849
v 7.059386 1.628262 10.566025
v 7.077364 1.572833 10.542552
v 7.091625 1.516151 10.519522
v 7.102114 1.458441 10.497025
v 7.108788 1.399931 10.475151
v 7.111622 1.340850 10.453985
v 7.110605 1.281432 10.433612
v 7.105741 1.221913 10.414111
v 7.097047 1.162526 10.395560
v 7.084560 1.103505 10.378032
v 7.068328 1.045085 10.361595
v 7.048416 0.987495 10.346316
v 7.024902 0.930964 10.332253
v 6.997878 0.875712 10.319464
v 6.967452 0.821960 10.307997
v 6.933743 0.769919 10.297899
v 6.896884 0.719794 10.289209
v 6.857022 0.671784 10.281961
v 6.814312 0.626077 10.276185
v 6.768925 0.582855 10.271903
v 6.721039 0.542287 10.269131
v 6.670842 0.504534 10.267881
v 6.618534 0.469745 10.268158
v 6.564320 0.438056 10.269960
v 6.508414 0.409594 10.273281
v 6.451038 0.384471 10.278108
v 6.392417 0.362785 10.284420
v 6.332783 0.344622 10.292194
v 6.272371 0.330054 10.301399
v 6.211420 0.319139 10.311998
v 6.183277 2.201341 10.975902
v 6.245133 2.199833 10.965037
v 6.306558 2.194597 10.952949
v 6.367309 2.185656 10.939682
v 6.427145 2.173044 10.925292
v 6.485831 2.156810 10.909834
v 6.543135 2.137020 10.893369
v 6.598832 2.113751 10.875961
v 6.652700 2.087095 10.857681
v 6.704529 2.057157 10.838600
v 6.754112 2.024055 10.818793
v 6.801255 1.987920 10.798340
v 6.845771 1.948895 10.777319
v 6.887485 1.907133 10.755814
v 6.926232 1.862800 10.733910
v 6.961859 1.816070 10.711694
v 6.994225 1.767127 10.689253
v 7.023204 1.716166 10.666676
v 7.048679 1.663387 10.644051
v 7.070552 1.608998 10.621468
v 7.088735 1.553214 10.599017
v 7.103157 1.496255 10.576786
v 7.113761 1.438346 10.554862
v 7.120505 1.379715 10.533332
v 7.123363 1.320594 10.512281
v 7.122322 1.261217 10.491794
v 7.117388 1.201817 10.471948
v 7.108579 1.142629 10.452824
v 7.095932 1.083886 10.434497
v 7.079494 1.025821 10.417038
v 7.059332 0.968663 10.400518
v 7.035524 0.912636 10.385001
v 7.008166 0.857962 10.370549
v 6.977364 0.804858 10.357218
v 6.943241 0.753532 10.345061
v 6.905930 0.704187 10.334126
v 6.865580 0.657019 10.324457
v 6.822349 0.612212 10.316092
v 6.776409 0.569943 10.309062
v 6.727939 0.530381 10.303396
v 6.677133 0.493680 10.299118
v 6.624189 0.459986 10.296243
v 6.569318 0.429432 10.294782
v 6.512736 0.402138 10.294742
v 6.454666 0.378211 10.296122
v 6.395337 0.357747 10.298918
v 6.334983 0.340826 10.303118
v 6.273842 0.327515 10.308705
v 6.212157 0.317867 10.315659
v 6.183769 2.200053 10.979597
v 6.246117 2.197262 10.972414
v 6.308028 2.190754 10.963977
v 6.369259 2.180555 10.954320
v 6.429568 2.166705 10.943480
v 6.488718 2.149259 10.931500
v 6.546474 2.128286 10.918429
v 6.602610 2.103869 10.904317
v 6.656903 2.076104 10.889219
v 6.709138 2.045100 10.873197
v 6.759111 2.010980 10.856312
v 6.806623 1.973878 10.838631
v 6.851488 1.933942 10.820225
v 6.893527 1.891328 10.801165
v 6.932576 1.846205 10.781527
v 6.968480 1.798751 10.761389
v 7.001098 1.749152 10.740830
v 7.030300 1.697606 10.719932
v 7.055971 1.644315 10.698775
v 7.078011 1.589489 10.677445
v 7.096331 1.533346 10.656026
v 7.110860 1.476106 10.634602
v 7.121542 1.417995 10.613256
v 7.128332 1.359243 10.592074
v 7.131205 1.300082 10.571139
v 7.130149 1.240745 10.550535
v 7.125169 1.181466 10.530342
v 7.116282 1.122480 10.510639
v 7.103527 1.064019 10.491506
v 7.086953 1.006313 10.473016
v 7.066623 0.949591 10.455243
v 7.042621 0.894076 10.438258
v 7.015038 0.839988 10.422127
v 6.983985 0.787539 10.406914
v 6.949585 0.736938 10.392678
v 6.911973 0.688382 10.379478
v 6.871296 0.642066 10.367363
v 6.827717 0.598170 10.356382
v 6.781407 0.556868 10.346580
v 6.732549 0.518324 10.337993
v 6.681335 0.482689 10.330655
v 6.627968 0.450105 10.324597
v 6.572658 0.420698 10.319842
v 6.515623 0.394587 10.316408
v 6.457089 0.371873 10.314310
v 6.397287 0.352646 10.313556
v 6.336452 0.336983 10.314147
v 6.274826 0.324945 10.316082
v 6.212649 0.316579 10.319354
v 6.184015 2.198754 10.983314
v 6.246607 2.194669 10.979833
v 6.308761 2.186877 10.975068
v 6.370232 2.175410 10.969039
v 6.430778 2.160312 10.961770
v 6.490159 2.141644 10.953289
v 6.548141 2.119478 10.943630
v 6.604495 2.093903 10.932831
v 6.658999 2.065019 10.920934
v 6.711439 2.032940 10.907987
v 6.761605 1.997793 10.894039
v 6.809302 1.959716 10.879148
v 6.854341 1.918861 10.863371
v 6.896543 1.875388 10.846770
v 6.935742 1.829468 10.829412
v 6.971785 1.781283 10.811363
v 7.004527 1.731023 10.792697
v 7.033841 1.678887 10.773487
v 7.059609 1.625079 10.753807
v 7.081732 1.569814 10.733737
v 7.100121 1.513308 10.713354
v 7.114705 1.455784 10.692741
v 7.125424 1.397470 10.671977
v 7.132238 1.338596 10.651146
v 7.135118 1.279394 10.630328
v 7.134055 1.220098 10.609607
v 7.129051 1.160941 10.589064
v 7.120127 1.102158 10.568779
v 7.107318 1.043980 10.548834
v 7.090674 0.986637 10.529307
v 7.070262 0.930355 10.510275
v 7.046162 0.875357 10.491813
v 7.018467 0.821858 10.473994
v 6.987290 0.770072 10.456888
v 6.952751 0.720201 10.440563
v 6.914988 0.672442 10.425083
v 6.874149 0.626985 10.410509
v 6.830397 0.584008 10.396900
v 6.783902 0.543681 10.384308
v 6.734849 0.506164 10.372783
v 6.683432 0.471604 10.362370
v 6.629853 0.440138 10.353111
v 6.574324 0.411890 10.345043
v 6.517064 0.386971 10.338197
v 6.458299 0.365480 10.332601
v 6.398260 0.347501 10.328275
v 6.337185 0.333106 10.325237
v 6.275316 0.322352 10.323501
v 6.212895 0.315280 10.323071
v 6.184013 2.197449 10.987036
v 6.246603 2.192064 10.987263
v 6.308755 2.182983 10.986176
v 6.370224 2.170241 10.983783
v 6.430768 2.153890 10.980090
v 6.490147 2.133993 10.975113
v 6.548128 2.110629 10.968872
v 6.604480 2.083890 10.961391
v 6.658983 2.053883 10.952700
v 6.711421 2.020724 10.942833
v 6.761586 1.984546 10.931828
v 6.809281 1.945490 10.919730
v 6.854318 1.903711 10.906587
v 6.896519 1.859375 10.892449
v 6.935718 1.812655 10.877374
v 6.971758 1.763736 10.861419
v 7.004500 1.712811 10.844648
v 7.033813 1.660082 10.827128
v 7.059581 1.605757 10.808928
v 7.081703 1.550049 10.790119
v 7.100091 1.493178 10.770777
v 7.114675 1.435370 10.750976
v 7.125394 1.376852 10.730794
v 7.132207 1.317855 10.710313
v 7.135087 1.258612 10.689612
v 7.134024 1.199357 10.668774
v 7.129021 1.140323 10.647881
v 7.120097 1.081744 10.627013
v 7.107288 1.023851 10.606256
v 7.090645 0.966872 10.585690
v 7.070233 0.911032 10.565396
v 7.046134 0.856552 10.545455
v 7.018440 0.803647 10.525946
v 6.987264 0.752524 10.506944
v 6.952726 0.703387 10.488525
v 6.914964 0.656429 10.470762
v 6.874127 0.611835 10.453726
v 6.830376 0.569782 10.437483
v 6.783882 0.530434 10.422097
v 6.734831 0.493949 10.407629
v 6.683415 0.460468 10.394136
v 6.629838 0.430126 10.381672
v 6.574311 0.403041 10.370285
v 6.517052 0.379320 10.360022
v 6.458289 0.359058 10.350920
v 6.398252 0.342333 10.343019
v 6.337180 0.329212 10.336347
v 6.275312 0.319747 10.330931
v 6.212893 0.313975 10.326794
v 6.183764 2.196143 10.990750
v 6.246105 2.189458 10.994676
v 6.308011 2.179086 10.997260
v 6.369236 2.165070 10.998492
v 6.429540 2.147464 10.998367
v 6.488684 2.126338 10.996886
v 6.546435 2.101775 10.994056
v 6.602565 2.073873 10.989885
v 6.656853 2.042741 10.984392
v 6.709084 2.008502 10.977598
v 6.759052 1.971291 10.969530
v 6.806560 1.931255 10.960219
v 6.851420 1.888553 10.949703
v 6.893456 1.843352 10.938023
v 6.932502 1.795831 10.925224
v 6.968402 1.746179 10.911358
v 7.001017 1.694589 10.896480
v 7.030216 1.641267 10.880647
v 7.055885 1.586422 10.863921
v 7.077923 1.530272 10.846372
v 7.096241 1.473037 10.828065
v 7.110770 1.414944 10.809074
v 7.121450 1.356221 10.789474
v 7.128240 1.297101 10.769343
v 7.131113 1.237817 10.748759
v 7.130057 1.178603 10.727804
v 7.125077 1.119692 10.706560
v 7.116192 1.061318 10.685113
v 7.103438 1.003710 10.663545
v 7.086865 0.947095 10.641942
v 7.066538 0.891698 10.620389
v 7.042537 0.837737 10.598972
v 7.014957 0.785424 10.577776
v 6.983908 0.734967 10.556883
v 6.949511 0.686564 10.536376
v 6.911901 0.640406 10.516335
v 6.871229 0.596677 10.496842
v 6.827654 0.555547 10.477971
v 6.781348 0.517179 10.459799
v 6.732494 0.481726 10.442394
v 6.681286 0.449326 10.425829
v 6.627923 0.420108 10.410166
v 6.572618 0.394187 10.395469
v 6.515589 0.371665 10.381795
v 6.457061 0.352632 10.369198
v 6.397264 0.337162 10.357727
v 6.336435 0.325316 10.347429
v 6.274814 0.317141 10.338344
v 6.212644 0.312669 10.330507
v 6.183267 2.194842 10.994441
v 6.245114 2.186860 11.002042
v 6.306530 2.175203 11.008273
v 6.367270 2.159916 11.013109
v 6.427098 2.141060 11.016530
v 6.485775 2.118709 11.018523
v 6.543070 2.092951 11.019081
v 6.598758 2.063889 11.018201
v 6.652618 2.031636 11.015886
v 6.704439 1.996320 11.012146
v 6.754014 1.958080 11.006995
v 6.801150 1.917068 11.000454
v 6.845659 1.873445 10.992549
v 6.887367 1.827384 10.983310
v 6.926108 1.779065 10.972775
v 6.961730 1.728680 10.960984
v 6.994091 1.676428 10.947985
v 7.023065 1.622515 10.933828
v 7.048537 1.567153 10.918570
v 7.070406 1.510561 10.902270
v 7.088586 1.452963 10.884994
v 7.103007 1.394586 10.866809
v 7.113609 1.335660 10.847787
v 7.120352 1.276417 10.828003
v 7.123209 1.217093 10.807534
v 7.122169 1.157919 10.786464
v 7.117236 1.099131 10.764873
v 7.108429 1.040960 10.742847
v 7.095783 0.983636 10.720473
v 7.079349 0.927385 10.697841
v 7.059189 0.872429 10.675037
v 7.035386 0.818985 10.652155
v 7.008031 0.767263 10.629281
v 6.977235 0.717469 10.606508
v 6.943117 0.669797 10.583926
v 6.905812 0.624438 10.561624
v 6.865468 0.581569 10.539687
v 6.822244 0.541360 10.518206
v 6.776310 0.503969 10.497263
v 6.727849 0.469544 10.476942
v 6.677051 0.438221 10.457322
v 6.624116 0.410124 10.438481
v 6.569253 0.385363 10.420494
v 6.512680 0.364036 10.403431
v 6.454618 0.346228 10.387361
v 6.395298 0.332008 10.372344
v 6.334954 0.321432 10.358442
v 6.273823 0.314543 10.345711
v 6.212147 0.311368 10.334198
v 6.182527 2.193550 10.998094
v 6.243635 2.184282 11.009334
v 6.304318 2.171348 11.019174
v 6.364336 2.154800 11.027575
v 6.423451 2.134702 11.034507
v 6.481431 2.111135 11.039938
v 6.538046 2.084192 11.043850
v 6.593073 2.053977 11.046226
v 6.646296 2.020612 11.047056
v 6.697502 1.984227 11.046339
v 6.746492 1.944967 11.044076
v 6.793072 1.902985 11.040276
v 6.837057 1.858448 11.034954
v 6.878274 1.811532 11.028132
v 6.916561 1.762421 11.019837
v 6.951766 1.711310 11.010100
v 6.983750 1.658400 10.998961
v 7.012388 1.603899 10.986465
v 7.037565 1.548025 10.972657
v 7.059183 1.490995 10.957596
v 7.077157 1.433037 10.941339
v 7.091415 1.374377 10.923951
v 7.101902 1.315249 10.905500
v 7.108575 1.255885 10.886060
v 7.111409 1.196520 10.865706
v 7.110392 1.137387 10.844522
v 7.105529 1.078720 10.822586
v 7.096837 1.020752 10.799989
v 7.084353 0.963710 10.776818
v 7.068125 0.907819 10.753166
v 7.048217 0.853301 10.729125
v 7.024708 0.800370 10.704790
v 6.997691 0.749235 10.680258
v 6.967271 0.700098 10.655625
v 6.933570 0.653154 10.630989
v 6.896719 0.608586 10.606446
v 6.856866 0.566572 10.582093
v 6.814166 0.527277 10.558028
v 6.768789 0.490855 10.534344
v 6.720913 0.457452 10.511135
v 6.670728 0.427198 10.488493
v 6.618431 0.400213 10.466506
v 6.564229 0.376603 10.445263
v 6.508336 0.356463 10.424846
v 6.450972 0.339870 10.405336
v 6.392364 0.326891 10.386811
v 6.332743 0.317577 10.369343
v 6.272344 0.311965 10.353002
v 6.211406 0.310076 10.337851
v 6.181544 2.192273 11.001694
v 6.241673 2.181733 11.016520
v 6.301385 2.167537 11.029918
v 6.360444 2.149741 11.041836
v 6.418614 2.128417 11.052225
v 6.475669 2.103648 11.061047
v 6.531382 2.075531 11.068264
v 6.585533 2.044178 11.073849
v 6.637909 2.009713 11.077781
v 6.688303 1.972272 11.080042
v 6.736516 1.932001 11.080626
v 6.782358 1.889061 11.079528
v 6.825648 1.843621 11.076754
v 6.866215 1.795859 11.072313
v 6.903899 1.745965 11.066226
v 6.938551 1.694136 11.058515
v 6.970035 1.640575 11.049209
v 6.998226 1.585495 11.038347
v 7.023013 1.529113 11.025970
v 7.044298 1.471651 11.012129
v 7.061997 1.413336 10.996877
v 7.076041 1.354398 10.980275
v 7.086374 1.295069 10.962388
v 7.092955 1.235585 10.943287
v 7.095757 1.176179 10.923047
v 7.094772 1.117087 10.901748
v 7.090001 1.058541 10.879475
v 7.081463 1.000772 10.856314
v 7.069194 0.944008 10.832356
v 7.053240 0.888474 10.807699
v 7.033665 0.834389 10.782438
v 7.010547 0.781965 10.756673
v 6.983975 0.731411 10.730506
v 6.954056 0.682924 10.704039
v 6.920908 0.636698 10.677378
v 6.884660 0.592914 10.650627
v 6.845457 0.551744 10.623893
v 6.803452 0.513353 10.597280
v 6.758812 0.477890 10.570893
v 6.711713 0.445496 10.544838
v 6.662342 0.416299 10.519217
v 6.610891 0.390414 10.494130
v 6.557565 0.367943 10.469677
v 6.502574 0.348975 10.445954
v 6.446136 0.333585 10.423056
v 6.388472 0.321833 10.401071
v 6.329810 0.313766 10.380088
v 6.270382 0.309415 10.360188
v 6.210423 0.308799 10.341451
v 6.180323 2.191016 11.005228
v 6.239237 2.179223 11.023574
v 6.297743 2.163784 11.040464
v 6.355609 2.144761 11.055832
v 6.412607 2.122228 11.069617
v 6.468513 2.096275 11.081764
v 6.523105 2.067004 11.092227
v 6.576168 2.034530 11.100963
v 6.627492 1.998982 11.107937
v 6.676876 1.960500 11.113123
v 6.724124 1.919235 11.116500
v 6.769051 1.875352 11.118054
v 6.811477 1.829021 11.117781
v 6.851236 1.780428 11.115679
v 6.888172 1.729763 11.111758
v 6.922137 1.677226 11.106033
v 6.952999 1.623025 11.098528
v 6.980636 1.567374 11.089272
v 7.004938 1.510492 11.078300
v 7.025809 1.452604 11.065656
v 7.043168 1.393938 11.051390
v 7.056945 1.334725 11.035559
v 7.067087 1.275200 11.018226
v 7.073553 1.215597 10.999456
v 7.076317 1.156152 10.979327
v 7.075370 1.097099 10.957918
v 7.070714 1.038671 10.935311
v 7.062367 0.981099 10.911597
v 7.050364 0.924610 10.886869
v 7.034751 0.869427 10.861225
v 7.015590 0.815768 10.834767
v 6.992957 0.763844 10.807598
v 6.966940 0.713861 10.779825
v 6.937643 0.666015 10.751558
v 6.905180 0.620496 10.722910
v 6.869681 0.577483 10.693993
v 6.831285 0.537145 10.664920
v 6.790144 0.499643 10.635807
v 6.746420 0.465124 10.606769
v 6.700287 0.433724 10.577919
v 6.651925 0.405568 10.549374
v 6.601525 0.380766 10.521243
v 6.549288 0.359416 10.493640
v 6.495418 0.341603 10.466673
v 6.440128 0.327396 10.440447
v 6.383637 0.316852 10.415068
v 6.326168 0.310013 10.390634
v 6.267946 0.306905 10.367242
v 6.209203 0.307541 10.344985
v 6.178869 2.189783 11.008681
v 6.236335 2.176762 11.030467
v 6.293405 2.160105 11.050770
v 6.349851 2.139878 11.069510
v 6.405453 2.116161 11.086613
v 6.459990 2.089047 11.102012
v 6.513247 2.058644 11.115644
v 6.565014 2.025071 11.127459
v 6.615087 1.988461 11.137407
v 6.663268 1.948959 11.145452
v 6.709366 1.906720 11.151558
v 6.753201 1.861911 11.155704
v 6.794599 1.814708 11.157874
v 6.833397 1.765299 11.158057
v 6.869441 1.713878 11.156254
v 6.902589 1.660648 11.152472
v 6.932711 1.605819 11.146725
v 6.959687 1.549608 11.139036
v 6.983411 1.492236 11.129436
v 7.003790 1.433930 11.117963
v 7.020743 1.374920 11.104662
v 7.034203 1.315438 11.089584
v 7.044117 1.255720 11.072791
v 7.050447 1.196001 11.054348
v 7.053165 1.136517 11.034328
v 7.052263 1.077503 11.012809
v 7.047744 1.019191 10.989878
v 7.039625 0.961812 10.965623
v 7.027939 0.905592 10.940142
v 7.012733 0.850753 10.913533
v 6.994064 0.797512 10.885904
v 6.972008 0.746078 10.857363
v 6.946651 0.696654 10.828022
v 6.918094 0.649437 10.797997
v 6.886450 0.604611 10.767406
v 6.851842 0.562354 10.736370
v 6.814408 0.522832 10.705012
v 6.774296 0.486202 10.673456
v 6.731663 0.452608 10.641827
v 6.686678 0.422183 10.610248
v 6.639519 0.395047 10.578844
v 6.590372 0.371307 10.547740
v 6.539430 0.351056 10.517058
v 6.486895 0.334374 10.486919
v 6.432974 0.321328 10.457443
v 6.377879 0.311969 10.428745
v 6.321829 0.306334 10.400940
v 6.265044 0.304444 10.374135
v 6.207749 0.306308 10.348438
v 6.177188 2.188579 11.012040
v 6.232980 2.174360 11.037172
v 6.288388 2.156513 11.060795
v 6.343193 2.135112 11.082815
v 6.397180 2.110238 11.103146
v 6.450134 2.081992 11.121707
v 6.501847 2.050484 11.138425
v 6.552116 2.015838 11.153234
v 6.600741 1.978192 11.166076
v 6.647531 1.937694 11.176899
v 6.692300 1.894503 11.185661
v 6.734874 1.848791 11.192329
v 6.775083 1.800737 11.196875
v 6.812768 1.750532 11.199281
v 6.847781 1.698373 11.199538
v 6.879984 1.644466 11.197645
v 6.909249 1.589025 11.193609
v 6.935462 1.532267 11.187447
v 6.958518 1.474416 11.179181
v 6.978328 1.415703 11.168846
v 6.994811 1.356356 11.156483
v 7.007904 1.296612 11.142138
v 7.017555 1.236706 11.125872
v 7.023726 1.176874 11.107744
v 7.026392 1.117352 11.087830
v 7.025543 1.058376 11.066205
v 7.021182 1.000177 11.042957
v 7.013326 0.942986 11.018177
v 7.002007 0.887029 10.991962
v 6.987269 0.832526 10.964417
v 6.969171 0.779693 10.935649
v 6.947783 0.728737 10.905773
v 6.923190 0.679860 10.874906
v 6.895489 0.633255 10.843169
v 6.864790 0.589106 10.810690
v 6.831213 0.547586 10.777594
v 6.794891 0.508861 10.744014
v 6.755968 0.473083 10.710081
v 6.714597 0.440392 10.675930
v 6.670941 0.410918 10.641695
v 6.625174 0.384778 10.607512
v 6.577474 0.362074 10.573515
v 6.528030 0.342896 10.539838
v 6.477039 0.327319 10.506615
v 6.424700 0.315406 10.473976
v 6.371221 0.307203 10.442051
v 6.316813 0.302743 10.410965
v 6.261689 0.302042 10.380840
v 6.206068 0.305105 10.351797
v 6.175286 2.187410 11.015292
v 6.229184 2.172026 11.043664
v 6.282712 2.153024 11.070500
v 6.335660 2.130481 11.095695
v 6.387820 2.104485 11.119151
v 6.438984 2.075137 11.140773
v 6.488951 2.042556 11.160477
v 6.537524 2.006868 11.178185
v 6.584512 1.968215 11.193827
v 6.629727 1.926749 11.207342
v 6.672994 1.882634 11.218676
v 6.714140 1.836045 11.227783
v 6.753003 1.787164 11.234630
v 6.789430 1.736185 11.239187
v 6.823277 1.683309 11.241439
v 6.854411 1.628745 11.241375
v 6.882707 1.572708 11.238995
v 6.908056 1.515419 11.234309
v 6.930357 1.457104 11.227337
v 6.949522 1.397994 11.218104
v 6.965474 1.338321 11.206648
v 6.978152 1.278322 11.193014
v 6.987506 1.218233 11.177256
v 6.993497 1.158291 11.159434
v 6.996103 1.098732 11.139622
v 6.995315 1.039792 11.117895
v 6.991133 0.981704 11.094341
v 6.983574 0.924696 11.069052
v 6.972671 0.868994 11.042128
v 6.958464 0.814818 11.013675
v 6.941010 0.762380 10.983805
v 6.920377 0.711889 10.952636
v 6.896648 0.663543 10.920292
v 6.869916 0.617533 10.886899
v 6.840286 0.574042 10.852591
v 6.807876 0.533239 10.817501
v 6.772812 0.495288 10.781769
v 6.735234 0.460336 10.745536
v 6.695291 0.428523 10.708943
v 6.653138 0.399974 10.672138
v 6.608944 0.374801 10.635263
v 6.562882 0.353103 10.598466
v 6.515134 0.334968 10.561891
v 6.465889 0.320465 10.525681
v 6.415341 0.309652 10.489981
v 6.363688 0.302572 10.454931
v 6.311137 0.299254 10.420670
v 6.257893 0.299709 10.387332
v 6.204166 0.303936 10.355050
v 6.173171 2.186280 11.018424
v 6.224962 2.169770 11.049915
v 6.276401 2.149651 11.079846
v 6.327284 2.126004 11.108100
v 6.377411 2.098922 11.134564
v 6.426584 2.068511 11.159135
v 6.474609 2.034891 11.181714
v 6.521297 1.998196 11.202214
v 6.566463 1.958569 11.220553
v 6.609929 1.916168 11.236660
v 6.651523 1.871160 11.250469
v 6.691082 1.823722 11.261928
v 6.728449 1.774042 11.270990
v 6.763476 1.722315 11.277620
v 6.796027 1.668746 11.281792
v 6.825970 1.613546 11.283488
v 6.853190 1.556933 11.282704
v 6.877578 1.499131 11.279441
v 6.899038 1.440367 11.273713
v 6.917486 1.380874 11.265541
v 6.932848 1.320886 11.254959
v 6.945065 1.260640 11.242009
v 6.954088 1.200373 11.226741
v 6.959880 1.140325 11.209215
v 6.962420 1.080731 11.189501
v 6.961697 1.021827 11.167676
v 6.957715 0.963845 11.143826
v 6.950487 0.907014 11.118048
v 6.940045 0.851559 11.090439
v 6.926428 0.797697 11.061111
v 6.909691 0.745643 11.030181
v 6.889899 0.695601 10.997767
v 6.867130 0.647768 10.964001
v 6.841475 0.602334 10.929013
v 6.813035 0.559478 10.892943
v 6.781921 0.519369 10.855933
v 6.748258 0.482165 10.818129
v 6.712176 0.448014 10.779680
v 6.673820 0.417049 10.740738
v 6.633339 0.389393 10.701456
v 6.590895 0.365155 10.661990
v 6.546655 0.344431 10.622495
v 6.500793 0.327303 10.583128
v 6.453489 0.313838 10.544043
v 6.404932 0.304089 10.505394
v 6.355312 0.298096 10.467336
v 6.304825 0.295880 10.430016
v 6.253671 0.297453 10.393583
v 6.202051 0.302806 10.358182
v 6.170851 2.185193 11.021424
v 6.220331 2.167600 11.055902
v 6.269477 2.146408 11.088798
v 6.318095 2.121699 11.119980
v 6.365994 2.093572 11.149325
v 6.412983 2.062138 11.176719
v 6.458878 2.027520 11.202053
v 6.503498 1.989856 11.225226
v 6.546666 1.949293 11.246149
v 6.588212 1.905993 11.264737
v 6.627973 1.860125 11.280918
v 6.665791 1.811872 11.294627
v 6.701516 1.761422 11.305811
v 6.735008 1.708976 11.314426
v 6.766136 1.654741 11.320436
v 6.794775 1.598929 11.323821
v 6.820813 1.541763 11.324564
v 6.844148 1.483467 11.322663
v 6.864686 1.424271 11.318127
v 6.882348 1.364409 11.310972
v 6.897063 1.304118 11.301228
v 6.908773 1.243635 11.288931
v 6.917432 1.183198 11.274133
v 6.923007 1.123047 11.256888
v 6.925473 1.063419 11.237268
v 6.924823 1.004549 11.215350
v 6.921059 0.946670 11.191218
v 6.914195 0.890009 11.164969
v 6.904259 0.834791 11.136706
v 6.891290 0.781233 11.106543
v 6.875339 0.729547 11.074594
v 6.856469 0.679937 11.040990
v 6.834754 0.632598 11.005860
v 6.810280 0.587718 10.969345
v 6.783145 0.545473 10.931589
v 6.753454 0.506031 10.892739
v 6.721324 0.469546 10.852950
v 6.686885 0.436163 10.812380
v 6.650269 0.406014 10.771186
v 6.611623 0.379217 10.729533
v 6.571098 0.355879 10.687586
v 6.528856 0.336091 10.645508
v 6.485061 0.319932 10.603466
v 6.439888 0.307465 10.561627
v 6.393515 0.298740 10.520155
v 6.346123 0.293791 10.479215
v 6.297902 0.292637 10.438967
v 6.249040 0.295283 10.399570
v 6.199731 0.301719 10.361181
v 6.168336 2.184154 11.024279
v 6.215310 2.165525 11.061601
v 6.261971 2.143306 11.097318
v 6.308132 2.117582 11.131287
v 6.353613 2.088457 11.163376
v 6.398235 2.056044 11.193458
v 6.441820 2.020472 11.221413
v 6.484197 1.981881 11.247131
v 6.525199 1.940424 11.270513
v 6.564663 1.896263 11.291463
v 6.602435 1.849574 11.309901
v 6.638365 1.800540 11.325753
v 6.672311 1.749355 11.338957
v 6.704139 1.696222 11.349461
v 6.733724 1.641349 11.357223
v 6.760948 1.584953 11.362211
v 6.785706 1.527257 11.364408
v 6.807898 1.468489 11.363805
v 6.827436 1.408880 11.360403
v 6.844245 1.348666 11.354216
v 6.858258 1.288085 11.345268
v 6.869419 1.227375 11.333595
v 6.877685 1.166776 11.319243
v 6.883022 1.106527 11.302268
v 6.885410 1.046866 11.282738
v 6.884839 0.988029 11.260729
v 6.881312 0.930247 11.236329
v 6.874841 0.873749 11.209633
v 6.865454 0.818758 11.180747
v 6.853188 0.765490 11.149786
v 6.838089 0.714156 11.116871
v 6.820218 0.664959 11.082131
v 6.799646 0.618092 11.045705
v 6.776454 0.573741 11.007736
v 6.750733 0.532081 10.968374
v 6.722584 0.493276 10.927773
v 6.692120 0.457479 10.886096
v 6.659459 0.424832 10.843505
v 6.624732 0.395462 10.800169
v 6.588074 0.369488 10.756260
v 6.549631 0.347009 10.711949
v 6.509555 0.328117 10.667413
v 6.468003 0.312884 10.622827
v 6.425140 0.301372 10.578365
v 6.381135 0.293625 10.534206
v 6.336160 0.289674 10.490522
v 6.290395 0.289535 10.447487
v 6.244019 0.293208 10.405270
v 6.197216 0.300679 10.364036
v 6.165634 2.183166 11.026978
v 6.209918 2.163554 11.066989
v 6.253909 2.140358 11.105373
v 6.297433 2.113671 11.141978
v 6.340319 2.083596 11.176661
v 6.382397 2.050254 11.209284
v 6.423502 2.013775 11.239717
v 6.463471 1.974303 11.267842
v 6.502147 1.931995 11.293549
v 6.539375 1.887017 11.316732
v 6.575012 1.839547 11.337304
v 6.608914 1.789772 11.355183
v 6.640949 1.737889 11.370296
v 6.670990 1.684102 11.382586
v 6.698918 1.628623 11.392003
v 6.724624 1.571672 11.398510
v 6.748005 1.513473 11.402081
v 6.768970 1.454256 11.402704
v 6.787436 1.394255 11.400374
v 6.803329 1.333706 11.395103
v 6.816587 1.272849 11.386908
v 6.827159 1.211923 11.375824
v 6.835002 1.151170 11.361895
v 6.840085 1.090828 11.345174
v 6.842387 1.031136 11.325728
v 6.841902 0.972330 11.303636
v 6.838629 0.914641 11.278981
v 6.832581 0.858298 11.251863
v 6.823784 0.803522 11.222387
v 6.812271 0.750530 11.190673
v 6.798088 0.699531 11.156842
v 6.781291 0.650726 11.121031
v 6.761945 0.604308 11.083379
v 6.740129 0.560460 11.044035
v 6.715927 0.519355 11.003155
v 6.689435 0.481156 10.960898
v 6.660758 0.446012 10.917435
v 6.630009 0.414064 10.872934
v 6.597308 0.385436 10.827573
v 6.562786 0.360242 10.781528
v 6.526579 0.338581 10.734984
v 6.488829 0.320539 10.688124
v 6.449685 0.306187 10.641130
v 6.409302 0.295581 10.594192
v 6.367840 0.288764 10.547491
v 6.325461 0.285762 10.501214
v 6.282333 0.286587 10.455543
v 6.238627 0.291237 10.410658
v 6.194514 0.299691 10.366735
v 6.162758 2.182234 11.029511
v 6.204176 2.161693 11.072045
v 6.245325 2.137577 11.112932
v 6.286040 2.109979 11.152011
v 6.326162 2.079009 11.189128
v 6.365533 2.044789 11.224134
v 6.403996 2.007454 11.256894
v 6.441401 1.967152 11.287278
v 6.477600 1.924041 11.315165
v 6.512448 1.878292 11.340446
v 6.545811 1.830085 11.363020
v 6.577554 1.779611 11.382799
v 6.607554 1.727068 11.399704
v 6.635692 1.672664 11.413670
v 6.661857 1.616614 11.424641
v 6.685944 1.559138 11.432572
v 6.707860 1.500465 11.437434
v 6.727519 1.440825 11.439207
v 6.744841 1.380453 11.437884
v 6.759760 1.319589 11.433471
v 6.772215 1.258471 11.425983
v 6.782159 1.197342 11.415452
v 6.789552 1.136442 11.401919
v 6.794364 1.076013 11.385437
v 6.796576 1.016292 11.366071
v 6.796181 0.957515 11.343898
v 6.793179 0.899914 11.319006
v 6.787581 0.843716 11.291491
v 6.779412 0.789144 11.261462
v 6.768702 0.736412 11.229041
v 6.755494 0.685729 11.194352
v 6.739840 0.637295 11.157534
v 6.721801 0.591300 11.118731
v 6.701449 0.547927 11.078097
v 6.678865 0.507346 11.035792
v 6.654137 0.469718 10.991983
v 6.627363 0.435191 10.946843
v 6.598649 0.403902 10.900551
v 6.568107 0.375974 10.853288
v 6.535859 0.351517 10.805242
v 6.502032 0.330627 10.756601
v 6.466759 0.313388 10.707559
v 6.430180 0.299866 10.658308
v 6.392438 0.290116 10.609042
v 6.353683 0.284177 10.559958
v 6.314068 0.282070 10.511247
v 6.273749 0.283806 10.463102
v 6.232885 0.289376 10.415713
v 6.191638 0.298759 10.369268
v 6.159718 2.181361 11.031868
v 6.198108 2.159951 11.076750
v 6.236252 2.134972 11.119966
v 6.273999 2.106522 11.161345
v 6.311200 2.074714 11.200727
v 6.347709 2.039672 11.237952
v 6.383380 2.001536 11.272877
v 6.418075 1.960456 11.305361
v 6.451655 1.916593 11.335278
v 6.483988 1.870122 11.362508
v 6.514947 1.821225 11.386946
v 6.544409 1.770095 11.408493
v 6.572258 1.716935 11.427067
v 6.598384 1.661953 11.442592
v 6.622684 1.605368 11.455008
v 6.645062 1.547402 11.464264
v 6.665430 1.488284 11.470326
v 6.683707 1.428247 11.473170
v 6.699822 1.367529 11.472783
v 6.713711 1.306369 11.469169
v 6.725317 1.245008 11.462339
v 6.734597 1.183688 11.452323
v 6.741514 1.122652 11.439158
v 6.746040 1.062140 11.422898
v 6.748157 1.002392 11.403606
v 6.747857 0.943642 11.381359
v 6.745141 0.886123 11.356245
v 6.740020 0.830062 11.328361
v 6.732513 0.775680 11.297818
v 6.722652 0.723192 11.264739
v 6.710474 0.672805 11.229251
v 6.696028 0.624717 11.191497
v 6.679370 0.579119 11.151624
v 6.660567 0.536190 11.109789
v 6.639693 0.496101 11.066159
v 6.616829 0.459008 11.020905
v 6.592067 0.425059 10.974206
v 6.565504 0.394387 10.926246
v 6.537243 0.367113 10.877213
v 6.507399 0.343346 10.827304
v 6.476088 0.323179 10.776713
v 6.443433 0.306691 10.725641
v 6.409564 0.293948 10.674290
v 6.374614 0.284999 10.622860
v 6.338721 0.279881 10.571557
v 6.302027 0.278614 10.520581
v 6.264676 0.281201 10.470136
v 6.226817 0.287634 10.420418
v 6.188598 0.297887 10.371625
v 6.156526 2.180551 11.034039
v 6.191736 2.158334 11.081084
v 6.226726 2.132555 11.126446
v 6.261356 2.103314 11.169946
v 6.295491 2.070727 11.211412
v 6.328995 2.034923 11.250682
v 6.361735 1.996043 11.287600
v 6.393584 1.954240 11.322020
v 6.424416 1.909680 11.353806
v 6.454107 1.862539 11.382833
v 6.482543 1.813001 11.408987
v 6.509609 1.761264 11.432165
v 6.535200 1.707530 11.452274
v 6.559214 1.652013 11.469235
v 6.581557 1.594931 11.482983
v 6.602139 1.536509 11.493461
v 6.620882 1.476978 11.500629
v 6.637709 1.416574 11.504459
v 6.652555 1.355534 11.504935
v 6.665362 1.294099 11.502056
v 6.676078 1.232512 11.495832
v 6.684661 1.171015 11.486290
v 6.691079 1.109852 11.473466
v 6.695304 1.049264 11.457410
v 6.697320 0.989490 11.438186
v 6.697121 0.930766 11.415871
v 6.694705 0.873324 11.390552
v 6.690084 0.817390 11.362328
v 6.683274 0.763185 11.331312
v 6.674304 0.710922 11.297626
v 6.663208 0.660810 11.261403
v 6.650030 0.613044 11.222785
v 6.634822 0.567814 11.181926
v 6.617645 0.525298 11.138986
v 6.598566 0.485663 11.094134
v 6.577659 0.449067 11.047548
v 6.555008 0.415654 10.999413
v 6.530704 0.385555 10.949917
v 6.504839 0.358890 10.899256
v 6.477518 0.335763 10.847630
v 6.448848 0.316266 10.795242
v 6.418942 0.300476 10.742300
v 6.387918 0.288455 10.689013
v 6.355900 0.280250 10.635590
v 6.323012 0.275895 10.582242
v 6.289384 0.275405 10.529181
v 6.255150 0.278784 10.476615
v 6.220445 0.286017 10.424752
v 6.185406 0.297077 10.373796
v 6.153194 2.179807 11.036016
v 6.185087 2.156849 11.085031
v 6.216785 2.130334 11.132346
v 6.248162 2.100366 11.177776
v 6.279097 2.067065 11.221143
v 6.309464 2.030560 11.262273
v 6.339147 1.990997 11.301006
v 6.368026 1.948531 11.337189
v 6.395988 1.903330 11.370678
v 6.422924 1.855572 11.401341
v 6.448725 1.805447 11.429058
v 6.473292 1.753151 11.453720
v 6.496526 1.698891 11.475227
v 6.518336 1.642881 11.493497
v 6.538636 1.585343 11.508457
v 6.557345 1.526503 11.520047
v 6.574391 1.466593 11.528222
v 6.589705 1.405850 11.532949
v 6.603228 1.344515 11.534211
v 6.614906 1.282827 11.532002
v 6.624692 1.221033 11.526331
v 6.632548 1.159374 11.517220
v 6.638444 1.098094 11.504705
v 6.642356 1.037436 11.488835
v 6.644268 0.977639 11.469674
v 6.644173 0.918938 11.447296
v 6.642071 0.861566 11.421791
v 6.637970 0.805748 11.393258
v 6.631888 0.751706 11.361811
v 6.623848 0.699651 11.327573
v 6.613881 0.649791 11.290679
v 6.602026 0.602320 11.251276
v 6.588332 0.557428 11.209518
v 6.572851 0.515291 11.165571
v 6.555645 0.476075 11.119609
v 6.536781 0.439936 11.071811
v 6.516335 0.407015 11.022367
v 6.494386 0.377442 10.971472
v 6.471022 0.351336 10.919327
v 6.446334 0.328797 10.866138
v 6.420421 0.309916 10.812115
v 6.393384 0.294766 10.757469
v 6.365330 0.283409 10.702419
v 6.336370 0.275887 10.647182
v 6.306617 0.272232 10.591972
v 6.276190 0.272458 10.537012
v 6.245209 0.276563 10.482515
v 6.213796 0.284532 10.428699
v 6.182075 0.296332 10.375773
v 6.149737 2.179132 11.037792
v 6.178186 2.155501 11.088573
v 6.206468 2.128319 11.137644
v 6.234469 2.097692 11.184807
v 6.262082 2.063741 11.229879
v 6.289196 2.026601 11.272680
v 6.315703 1.986418 11.313044
v 6.341501 1.943350 11.350809
v 6.366486 1.897567 11.385827
v 6.390560 1.849251 11.417959
v 6.413629 1.798591 11.447080
v 6.435601 1.745789 11.473073
v 6.456389 1.691051 11.495836
v 6.475912 1.634595 11.515281
v 6.494092 1.576642 11.531329
v 6.510857 1.517422 11.543918
v 6.526142 1.457169 11.552997
v 6.539886 1.396119 11.558531
v 6.552034 1.334515 11.560497
v 6.562541 1.272599 11.558890
v 6.571362 1.210616 11.553714
v 6.578464 1.148810 11.544991
v 6.583818 1.087424 11.532754
v 6.587404 1.026703 11.517052
v 6.589208 0.966884 11.497946
v 6.589221 0.908205 11.475513
v 6.587445 0.850896 11.449840
v 6.583886 0.795184 11.421029
v 6.578558 0.741289 11.389194
v 6.571483 0.689423 11.354461
v 6.562687 0.639791 11.316965
v 6.552207 0.592589 11.276857
v 6.540082 0.548004 11.234293
v 6.526362 0.506211 11.189442
v 6.511100 0.467375 11.142481
v 6.494357 0.431649 11.093594
v 6.476198 0.399175 11.042975
v 6.456695 0.370080 10.990825
v 6.435925 0.344480 10.937347
v 6.413971 0.322476 10.882755
v 6.390918 0.304153 10.827263
v 6.366858 0.289585 10.771090
v 6.341887 0.278830 10.714457
v 6.316101 0.271928 10.657589
v 6.289603 0.268909 10.600709
v 6.262497 0.269783 10.544043
v 6.234892 0.274548 10.487813
v 6.206895 0.283184 10.432241
v 6.178617 0.295657 10.377549
v 6.146167 2.178528 11.039358
v 6.171061 2.154296 11.091700
v 6.195815 2.126517 11.142318
v 6.220332 2.095300 11.191010
v 6.244514 2.060770 11.237587
v 6.268268 2.023061 11.281863
v 6.291498 1.982323 11.323665
v 6.314113 1.938717 11.362825
v 6.336024 1.892415 11.399192
v 6.357145 1.843599 11.432621
v 6.377391 1.792462 11.462979
v 6.396685 1.739206 11.490149
v 6.414947 1.684042 11.514020
v 6.432108 1.627186 11.534500
v 6.448099 1.568863 11.551509
v 6.462857 1.509303 11.564978
v 6.476324 1.448742 11.574855
v 6.488447 1.387419 11.581100
v 6.499177 1.325575 11.583690
v 6.508473 1.263454 11.582613
v 6.516298 1.201302 11.577874
v 6.522621 1.139364 11.569492
v 6.527417 1.077885 11.557501
v 6.530667 1.017106 11.541945
v 6.532358 0.957269 11.522889
v 6.532484 0.898608 11.500407
v 6.531044 0.841356 11.474587
v 6.528043 0.785739 11.445531
v 6.523494 0.731975 11.413354
v 6.517416 0.680278 11.378183
v 6.509830 0.630851 11.340158
v 6.500767 0.583889 11.299427
v 6.490264 0.539578 11.256151
v 6.478362 0.498092 11.210503
v 6.465108 0.459595 11.162661
v 6.450553 0.424240 11.112814
v 6.434756 0.392165 11.061159
v 6.417779 0.363498 11.007900
v 6.399688 0.338351 10.953247
v 6.380556 0.316824 10.897417
v 6.360457 0.299001 10.840629
v 6.339471 0.284953 10.783106
v 6.317681 0.274735 10.725078
v 6.295173 0.268389 10.666771
v 6.272036 0.265937 10.608418
v 6.248360 0.267392 10.550245
v 6.224239 0.272746 10.492487
v 6.199770 0.281979 10.435369
v 6.175047 0.295053 10.379115
v 6.142499 2.177998 11.040709
v 6.163740 2.153238 11.094397
v 6.184869 2.124936 11.146349
v 6.205804 2.093202 11.196362
v 6.226463 2.058162 11.244236
v 6.246764 2.019955 11.289784
v 6.266626 1.978730 11.332826
v 6.285972 1.934652 11.373192
v 6.304724 1.887893 11.410722
v 6.322809 1.838639 11.445269
v 6.340156 1.787083 11.476695
v 6.356697 1.733430 11.504878
v 6.372365 1.677890 11.529705
v 6.387098 1.620684 11.551080
v 6.400840 1.562036 11.568917
v 6.413535 1.502179 11.583146
v 6.425134 1.441348 11.593711
v 6.435591 1.379783 11.600571
v 6.444864 1.317729 11.603696
v 6.452917 1.255429 11.603078
v 6.459718 1.193129 11.598716
v 6.465240 1.131075 11.590629
v 6.469462 1.069513 11.578849
v 6.472367 1.008684 11.563421
v 6.473943 0.948830 11.544407
v 6.474184 0.890186 11.521882
v 6.473089 0.832984 11.495934
v 6.470663 0.777450 11.466667
v 6.466914 0.723802 11.434196
v 6.461859 0.672252 11.398648
v 6.455516 0.623005 11.360164
v 6.447912 0.576253 11.318896
v 6.439075 0.532183 11.275007
v 6.429040 0.490967 11.228670
v 6.417849 0.452768 11.180069
v 6.405543 0.417738 11.129393
v 6.392173 0.386014 11.076844
v 6.377791 0.357721 11.022630
v 6.362453 0.332972 10.966963
v 6.346220 0.311864 10.910065
v 6.329156 0.294479 10.852159
v 6.311329 0.280888 10.793472
v 6.292809 0.271142 10.734240
v 6.273669 0.265282 10.674692
v 6.253984 0.263330 10.615067
v 6.233832 0.265293 10.555597
v 6.213294 0.271165 10.496519
v 6.192449 0.280921 10.438065
v 6.171380 0.294523 10.380466
v 6.138748 2.177544 11.041840
v 6.156251 2.152332 11.096654
v 6.173673 2.123581 11.149723
v 6.190945 2.091404 11.200839
v 6.208000 2.055928 11.249801
v 6.224768 2.017294 11.296412
v 6.241186 1.975653 11.340492
v 6.257186 1.931170 11.381866
v 6.272708 1.884020 11.420370
v 6.287689 1.834390 11.455853
v 6.302070 1.782476 11.488173
v 6.315795 1.728482 11.517204
v 6.328808 1.672621 11.542831
v 6.341060 1.615114 11.564954
v 6.352501 1.556188 11.583485
v 6.363087 1.496076 11.598349
v 6.372775 1.435014 11.609489
v 6.381527 1.373243 11.616862
v 6.389310 1.311008 11.620438
v 6.396091 1.248554 11.620203
v 6.401845 1.186128 11.616157
v 6.406549 1.123975 11.608316
v 6.410183 1.062341 11.596713
v 6.412735 1.001470 11.581391
v 6.414193 0.941602 11.562413
v 6.414552 0.882972 11.539852
v 6.413810 0.825813 11.513799
v 6.411971 0.770349 11.484354
v 6.409041 0.716801 11.451635
v 6.405034 0.665378 11.415773
v 6.399962 0.616284 11.376905
v 6.393848 0.569713 11.335189
v 6.386715 0.525849 11.290787
v 6.378592 0.484864 11.243874
v 6.369510 0.446921 11.194636
v 6.359505 0.412169 11.143267
v 6.348617 0.380745 11.089971
v 6.336889 0.352773 11.034956
v 6.324367 0.328365 10.978441
v 6.311100 0.307615 10.920649
v 6.297141 0.290606 10.861807
v 6.282545 0.277405 10.802147
v 6.267369 0.268065 10.741906
v 6.251673 0.262621 10.681320
v 6.235520 0.261096 10.620630
v 6.218973 0.263496 10.560075
v 6.202097 0.269810 10.499893
v 6.184960 0.280015 10.440322
v 6.167628 0.294070 10.381597
v 6.134927 2.177168 11.042746
v 6.148624 2.151582 11.098461
v 6.162271 2.122459 11.152426
v 6.175813 2.089915 11.204427
v 6.189196 2.054078 11.254258
v 6.202368 2.015089 11.301723
v 6.215277 1.973103 11.346634
v 6.227872 1.928285 11.388815
v 6.240104 1.880811 11.428099
v 6.251923 1.830870 11.464331
v 6.263283 1.778658 11.497367
v 6.274141 1.724382 11.527078
v 6.284451 1.668255 11.553347
v 6.294175 1.610499 11.576068
v 6.303273 1.551342 11.595154
v 6.311710 1.491019 11.610528
v 6.319452 1.429765 11.622129
v 6.326469 1.367824 11.629914
v 6.332734 1.305439 11.633849
v 6.338221 1.242858 11.633921
v 6.342908 1.180327 11.630127
v 6.346777 1.118092 11.622484
v 6.349814 1.056399 11.611024
v 6.352005 0.995493 11.595787
v 6.353343 0.935613 11.576837
v 6.353823 0.876995 11.554248
v 6.353441 0.819871 11.528110
v 6.352200 0.764466 11.498523
v 6.350104 0.711000 11.465607
v 6.347163 0.659682 11.429491
v 6.343386 0.610716 11.390317
v 6.338790 0.564294 11.348241
v 6.333393 0.520600 11.303427
v 6.327215 0.479807 11.256052
v 6.320282 0.442075 11.206306
v 6.312620 0.407554 11.154381
v 6.304260 0.376379 11.100485
v 6.295235 0.348673 11.044830
v 6.285580 0.324547 10.987635
v 6.275333 0.304095 10.929127
v 6.264536 0.287397 10.869535
v 6.253230 0.274520 10.809095
v 6.241460 0.265515 10.748048
v 6.229273 0.260417 10.686630
v 6.216717 0.259245 10.625088
v 6.203841 0.262006 10.563662
v 6.190696 0.268688 10.502596
v 6.177333 0.279264 10.442129
v 6.163807 0.293694 10.382503
v 6.131052 2.176871 11.043423
v 6.140891 2.150989 11.099813
v 6.150708 2.121573 11.154448
v 6.160466 2.088739 11.207108
v 6.170127 2.052617 11.257590
v 6.179652 2.013349 11.305693
v 6.189003 1.971090 11.351226
v 6.198144 1.926007 11.394011
v 6.207039 1.878278 11.433878
v 6.215652 1.828092 11.470670
v 6.223949 1.775645 11.504241
v 6.231899 1.721146 11.534461
v 6.239468 1.664809 11.561208
v 6.246628 1.606857 11.584377
v 6.253350 1.547518 11.603879
v 6.259608 1.487028 11.619634
v 6.265377 1.425623 11.631580
v 6.270634 1.363547 11.639672
v 6.275359 1.301045 11.643877
v 6.279532 1.238363 11.644177
v 6.283138 1.175748 11.640574
v 6.286162 1.113449 11.633079
v 6.288592 1.051710 11.621723
v 6.290420 0.990775 11.606551
v 6.291636 0.930886 11.587622
v 6.292236 0.872277 11.565012
v 6.292219 0.815181 11.538810
v 6.291584 0.759823 11.509117
v 6.290335 0.706421 11.476053
v 6.288475 0.655186 11.439748
v 6.286011 0.606321 11.400345
v 6.282955 0.560017 11.357999
v 6.279318 0.516458 11.312878
v 6.275114 0.475816 11.265159
v 6.270360 0.438251 11.215031
v 6.265073 0.403912 11.162691
v 6.259277 0.372933 11.108347
v 6.252993 0.345438 11.052213
v 6.246245 0.321534 10.994510
v 6.239062 0.301316 10.935466
v 6.231471 0.284864 10.875314
v 6.223502 0.272243 10.814291
v 6.215186 0.263502 10.752640
v 6.206557 0.258676 10.690600
v 6.197648 0.257785 10.628421
v 6.188494 0.260831 10.566344
v 6.179132 0.267802 10.504617
v 6.169600 0.278672 10.443481
v 6.159933 0.293397 10.383180
v 6.127139 2.176655 11.043869
v 6.133079 2.150557 11.100703
v 6.139030 2.120928 11.155778
v 6.144967 2.087883 11.208875
v 6.150868 2.051552 11.259786
v 6.156709 2.012081 11.308308
v 6.162467 1.969623 11.354251
v 6.168120 1.924347 11.397432
v 6.173644 1.876432 11.437684
v 6.179019 1.826066 11.474845
v 6.184223 1.773449 11.508769
v 6.189235 1.718787 11.539323
v 6.194036 1.662297 11.566386
v 6.198607 1.604202 11.589850
v 6.202929 1.544731 11.609626
v 6.206987 1.484118 11.625631
v 6.210763 1.422604 11.637805
v 6.214242 1.360429 11.646100
v 6.217412 1.297841 11.650481
v 6.220260 1.235086 11.650933
v 6.222773 1.172411 11.647453
v 6.224943 1.110064 11.640056
v 6.226760 1.048291 11.628771
v 6.228219 0.987337 11.613640
v 6.229312 0.927440 11.594725
v 6.230036 0.868838 11.572101
v 6.230387 0.811763 11.545856
v 6.230365 0.756439 11.516094
v 6.229969 0.703084 11.482933
v 6.229202 0.651909 11.446504
v 6.228065 0.603117 11.406949
v 6.226563 0.556899 11.364426
v 6.224703 0.513439 11.319101
v 6.222492 0.472907 11.271155
v 6.219938 0.435464 11.220778
v 6.217052 0.401257 11.168164
v 6.213845 0.370421 11.113525
v 6.210330 0.343079 11.057076
v 6.206519 0.319338 10.999038
v 6.202430 0.299291 10.939641
v 6.198077 0.283018 10.879120
v 6.193478 0.270583 10.817714
v 6.188650 0.262035 10.755664
v 6.183614 0.257408 10.693215
v 6.178389 0.256720 10.630615
v 6.172995 0.259974 10.568110
v 6.167454 0.267157 10.505948
v 6.161788 0.278240 10.444371
v 6.156019 0.293180 10.383626
v 6.123202 2.176520 11.044082
v 6.125222 2.150288 11.101129
v 6.127282 2.120524 11.156414
v 6.129376 2.087348 11.209719
v 6.131495 2.050888 11.260834
v 6.133630 2.011289 11.309557
v 6.135774 1.968707 11.355696
v 6.137917 1.923311 11.399067
v 6.140052 1.875280 11.439502
v 6.142169 1.824802 11.476839
v 6.144261 1.772078 11.510932
v 6.146319 1.717315 11.541646
v 6.148335 1.660730 11.568860
v 6.150301 1.602545 11.592465
v 6.152210 1.542991 11.612371
v 6.154053 1.482302 11.628496
v 6.155825 1.420719 11.640779
v 6.157516 1.358483 11.649170
v 6.159122 1.295841 11.653636
v 6.160635 1.233040 11.654160
v 6.162050 1.170328 11.650740
v 6.163360 1.107952 11.643389
v 6.164562 1.046157 11.632137
v 6.165649 0.985190 11.617026
v 6.166619 0.925290 11.598118
v 6.167467 0.866692 11.575488
v 6.168189 0.809629 11.549223
v 6.168783 0.754326 11.519427
v 6.169246 0.701001 11.486219
v 6.169577 0.649864 11.449731
v 6.169774 0.601117 11.410104
v 6.169837 0.554953 11.367496
v 6.169765 0.511554 11.322076
v 6.169559 0.471091 11.274021
v 6.169219 0.433723 11.223523
v 6.168746 0.399600 11.170779
v 6.168144 0.368853 11.115999
v 6.167413 0.341607 11.059399
v 6.166557 0.317967 11.001201
v 6.165580 0.298027 10.941635
v 6.164484 0.281865 10.880939
v 6.163275 0.269547 10.819348
v 6.161957 0.261119 10.757109
v 6.160535 0.256616 10.694465
v 6.159016 0.256055 10.631664
v 6.157404 0.259439 10.568954
v 6.155707 0.266754 10.506583
v 6.153931 0.277971 10.444797
v 6.152082 0.293045 10.383839
v 6.119258 2.176466 11.044061
v 6.117349 2.150182 11.101088
v 6.115512 2.120366 11.156352
v 6.113755 2.087137 11.209637
v 6.112084 2.050626 11.260733
v 6.110507 2.010977 11.309436
v 6.109028 1.968346 11.355555
v 6.107656 1.922903 11.398909
v 6.106394 1.874825 11.439325
v 6.105247 1.824304 11.476645
v 6.104221 1.771538 11.510722
v 6.103319 1.716735 11.541421
v 6.102545 1.660112 11.568620
v 6.101902 1.601892 11.592212
v 6.101392 1.542305 11.612104
v 6.101017 1.481587 11.628218
v 6.100779 1.419976 11.640490
v 6.100679 1.357716 11.648871
v 6.100718 1.295053 11.653330
v 6.100894 1.232234 11.653847
v 6.101208 1.169507 11.650421
v 6.101658 1.107119 11.643065
v 6.102242 1.045317 11.631810
v 6.102959 0.984344 11.616697
v 6.103804 0.924442 11.597789
v 6.104775 0.865846 11.575159
v 6.105869 0.808788 11.548896
v 6.107080 0.753493 11.519104
v 6.108405 0.700180 11.485900
v 6.109837 0.649058 11.449417
v 6.111370 0.600329 11.409798
v 6.113000 0.554186 11.367198
v 6.114720 0.510811 11.321787
v 6.116522 0.470375 11.273743
v 6.118401 0.433038 11.223256
v 6.120347 0.398947 11.170525
v 6.122354 0.368236 11.115758
v 6.124413 0.341026 11.059173
v 6.126517 0.317426 11.000990
v 6.128658 0.297529 10.941442
v 6.130826 0.281411 10.880762
v 6.133014 0.269138 10.819189
v 6.135211 0.260758 10.756968
v 6.137412 0.256304 10.694344
v 6.139605 0.255793 10.631562
v 6.141783 0.259228 10.568872
v 6.143937 0.266595 10.506522
v 6.146058 0.277864 10.444756
v 6.148139 0.292992 10.383819
v 6.115322 2.176495 11.043807
v 6.109492 2.150239 11.100579
v 6.103765 2.120452 11.155593
v 6.098165 2.087251 11.208630
v 6.092712 2.050768 11.259480
v 6.087429 2.011146 11.307944
v 6.082337 1.968542 11.353830
v 6.077455 1.923124 11.396956
v 6.072803 1.875072 11.437155
v 6.068399 1.824574 11.474264
v 6.064261 1.771830 11.508140
v 6.060406 1.717049 11.538647
v 6.056847 1.660446 11.565666
v 6.053599 1.602246 11.589089
v 6.050675 1.542676 11.608827
v 6.048087 1.481974 11.624797
v 6.045845 1.420378 11.636940
v 6.043957 1.358131 11.645205
v 6.042431 1.295480 11.649563
v 6.041274 1.232671 11.649994
v 6.040489 1.169951 11.646497
v 6.040079 1.107570 11.639086
v 6.040048 1.045772 11.627790
v 6.040393 0.984802 11.612654
v 6.041115 0.924901 11.593737
v 6.042210 0.866304 11.571115
v 6.043674 0.809243 11.544876
v 6.045502 0.753944 11.515123
v 6.047685 0.700624 11.481977
v 6.050216 0.649494 11.445564
v 6.053083 0.600756 11.406031
v 6.056277 0.554601 11.363532
v 6.059785 0.511213 11.318236
v 6.063592 0.470763 11.270322
v 6.067684 0.433409 11.219978
v 6.072044 0.399300 11.167403
v 6.076655 0.368570 11.112805
v 6.081500 0.341341 11.056399
v 6.086558 0.317719 10.998407
v 6.091810 0.297798 10.939060
v 6.097236 0.281657 10.878591
v 6.102813 0.269360 10.817238
v 6.108520 0.260954 10.755243
v 6.114334 0.256473 10.692852
v 6.120233 0.255935 10.630310
v 6.126193 0.259342 10.567864
v 6.132190 0.266681 10.505762
v 6.138201 0.277922 10.444248
v 6.144202 0.293021 10.383564
v 6.111409 2.176606 11.043320
v 6.101682 2.150460 11.099607
v 6.092088 2.120782 11.154140
v 6.082667 2.087690 11.206700
v 6.073455 2.051313 11.257083
v 6.064489 2.011795 11.305088
v 6.055804 1.969293 11.350527
v 6.047434 1.923974 11.393219
v 6.039413 1.876017 11.432998
v 6.031771 1.825611 11.469705
v 6.024540 1.772955 11.503195
v 6.017747 1.718256 11.533337
v 6.011420 1.661732 11.560011
v 6.005584 1.603605 11.583113
v 6.000260 1.544103 11.602551
v 5.995472 1.483464 11.618247
v 5.991237 1.421924 11.630141
v 5.987572 1.359727 11.638186
v 5.984491 1.297120 11.642350
v 5.982008 1.234348 11.642616
v 5.980131 1.171660 11.638983
v 5.978868 1.109302 11.631466
v 5.978223 1.047522 11.620094
v 5.978200 0.986563 11.604912
v 5.978799 0.926665 11.585979
v 5.980018 0.868064 11.563373
v 5.981850 0.810993 11.537180
v 5.984290 0.755677 11.507504
v 5.987327 0.702333 11.474463
v 5.990950 0.651172 11.438187
v 5.995144 0.602396 11.398818
v 5.999892 0.556197 11.356513
v 6.005177 0.512759 11.311439
v 6.010977 0.472252 11.263772
v 6.017269 0.434836 11.213702
v 6.024029 0.400659 11.161426
v 6.031229 0.369856 11.107150
v 6.038842 0.342548 11.051088
v 6.046836 0.318843 10.993463
v 6.055182 0.298835 10.934501
v 6.063845 0.282602 10.874434
v 6.072792 0.270209 10.813500
v 6.081987 0.261705 10.751940
v 6.091394 0.257123 10.689996
v 6.100976 0.256480 10.627913
v 6.110695 0.259781 10.565936
v 6.120513 0.267011 10.504309
v 6.130391 0.278143 10.443275
v 6.140289 0.293132 10.383077
v 6.107535 2.176798 11.042602
v 6.093949 2.150844 11.098174
v 6.080528 2.121356 11.151998
v 6.067324 2.088451 11.203857
v 6.054390 2.052259 11.253551
v 6.041777 2.012922 11.300879
v 6.029535 1.970597 11.345659
v 6.017712 1.925449 11.387712
v 6.006354 1.877657 11.426872
v 5.995507 1.827410 11.462984
v 5.985213 1.774906 11.495907
v 5.975513 1.720352 11.525511
v 5.966445 1.663964 11.551677
v 5.958045 1.605964 11.574304
v 5.950347 1.546580 11.593302
v 5.943380 1.486049 11.608594
v 5.937171 1.424607 11.620123
v 5.931747 1.362498 11.627842
v 5.927127 1.299966 11.631721
v 5.923331 1.237260 11.631742
v 5.920372 1.174625 11.627910
v 5.918263 1.112310 11.620235
v 5.917013 1.050559 11.608751
v 5.916625 0.989618 11.593502
v 5.917103 0.929726 11.574547
v 5.918443 0.871120 11.551963
v 5.920640 0.814031 11.525838
v 5.923686 0.758684 11.496273
v 5.927569 0.705298 11.463388
v 5.932273 0.654083 11.427313
v 5.937780 0.605242 11.388188
v 5.944068 0.558968 11.346169
v 5.951112 0.515442 11.301420
v 5.958885 0.474837 11.254119
v 5.967356 0.437313 11.204453
v 5.976491 0.403018 11.152617
v 5.986254 0.372088 11.098816
v 5.996608 0.344644 11.043262
v 6.007510 0.320795 10.986176
v 6.018918 0.300635 10.927780
v 6.030787 0.284243 10.868308
v 6.043069 0.271684 10.807993
v 6.055718 0.263008 10.747072
v 6.068682 0.258250 10.685787
v 6.081911 0.257426 10.624380
v 6.095352 0.260542 10.563092
v 6.108952 0.267585 10.502167
v 6.122658 0.278527 10.441843
v 6.136415 0.293324 10.382359
v 6.103715 2.177071 11.041656
v 6.086325 2.151389 11.096287
v 6.069129 2.122170 11.149175
v 6.052195 2.089532 11.200111
v 6.035592 2.053602 11.248896
v 6.019383 2.014523 11.295335
v 6.003633 1.972448 11.339246
v 5.988405 1.927543 11.380455
v 5.973758 1.879987 11.418801
v 5.959750 1.829965 11.454130
v 5.946436 1.777677 11.486305
v 5.933870 1.723328 11.515200
v 5.922100 1.667133 11.540697
v 5.911172 1.609314 11.562697
v 5.901131 1.550097 11.581116
v 5.892016 1.489719 11.595877
v 5.883862 1.428416 11.606923
v 5.876703 1.366431 11.614213
v 5.870565 1.304009 11.617715
v 5.865475 1.241394 11.617417
v 5.861450 1.178836 11.613319
v 5.858507 1.116580 11.605439
v 5.856659 1.054873 11.593808
v 5.855912 0.993957 11.578468
v 5.856269 0.934074 11.559484
v 5.857729 0.875459 11.536930
v 5.860286 0.818344 11.510894
v 5.863930 0.762955 11.481478
v 5.868646 0.709509 11.448799
v 5.874416 0.658218 11.412988
v 5.881218 0.609285 11.374183
v 5.889024 0.562901 11.332540
v 5.897803 0.519252 11.288220
v 5.907521 0.478508 11.241401
v 5.918140 0.440830 11.192267
v 5.929617 0.406368 11.141010
v 5.941908 0.375257 11.087835
v 5.954964 0.347620 11.032951
v 5.968733 0.323566 10.976574
v 5.983160 0.303190 10.918927
v 5.998190 0.286572 10.860237
v 6.013762 0.273779 10.800736
v 6.029816 0.264859 10.740659
v 6.046288 0.259850 10.680243
v 6.063112 0.258770 10.619726
v 6.080223 0.261624 10.559346
v 6.097553 0.268400 10.499344
v 6.115034 0.279072 10.439955
v 6.132596 0.293597 10.381413
v 6.099965 2.177424 11.040486
v 6.078838 2.152092 11.093951
v 6.057936 2.123223 11.145683
v 6.037341 2.090929 11.195477
v 6.017134 2.055338 11.243137
v 5.997395 2.016590 11.288475
v 5.978201 1.974839 11.331312
v 5.959629 1.930249 11.371478
v 5.941752 1.882996 11.408816
v 5.924641 1.833266 11.443178
v 5.908362 1.781257 11.474428
v 5.892981 1.727173 11.502444
v 5.878557 1.671227 11.527113
v 5.865149 1.613641 11.548340
v 5.852808 1.554641 11.566041
v 5.841583 1.494461 11.580144
v 5.831520 1.433338 11.590595
v 5.822657 1.371513 11.597353
v 5.815029 1.309230 11.600390
v 5.808667 1.246736 11.599696
v 5.803596 1.184276 11.595272
v 5.799834 1.122097 11.587136
v 5.797399 1.060444 11.575321
v 5.796299 0.999562 11.559872
v 5.796538 0.939690 11.540851
v 5.798116 0.881064 11.518333
v 5.801025 0.823916 11.492407
v 5.805256 0.768471 11.463174
v 5.810792 0.714949 11.430751
v 5.817609 0.663559 11.395267
v 5.825681 0.614506 11.356858
v 5.834977 0.567983 11.315680
v 5.845460 0.524173 11.271892
v 5.857089 0.483249 11.225668
v 5.869817 0.445374 11.177193
v 5.883594 0.410695 11.126654
v 5.898366 0.379351 11.074252
v 5.914075 0.351464 11.020196
v 5.930659 0.327146 10.964697
v 5.948051 0.306491 10.907974
v 5.966185 0.289581 10.850253
v 5.984987 0.276484 10.791759
v 6.004384 0.267251 10.732725
v 6.024300 0.261917 10.673383
v 6.044654 0.260505 10.613968
v 6.065369 0.263020 10.554712
v 6.086360 0.269452 10.495852
v 6.107547 0.279775 10.437619
v 6.128845 0.293950 10.380243
v 6.096298 2.177855 11.039097
v 6.071520 2.152953 11.091178
v 6.046994 2.124509 11.141537
v 6.022819 2.092635 11.189974
v 5.999089 2.057458 11.236299
v 5.975899 2.019116 11.280329
v 5.953339 1.977761 11.321889
v 5.931499 1.933555 11.360817
v 5.910464 1.886673 11.396958
v 5.890318 1.837300 11.430170
v 5.871141 1.785631 11.460321
v 5.853008 1.731870 11.487294
v 5.835991 1.676229 11.510981
v 5.820157 1.618928 11.531288
v 5.805567 1.560193 11.548137
v 5.792281 1.500255 11.561458
v 5.780350 1.439351 11.571201
v 5.769821 1.377722 11.577329
v 5.760737 1.315611 11.579814
v 5.753132 1.253262 11.578649
v 5.747037 1.190922 11.573836
v 5.742476 1.128838 11.565397
v 5.739467 1.067253 11.553365
v 5.738021 1.006411 11.537786
v 5.738146 0.946552 11.518720
v 5.739839 0.887913 11.496246
v 5.743093 0.830724 11.470451
v 5.747899 0.775212 11.441436
v 5.754234 0.721595 11.409316
v 5.762074 0.670086 11.374219
v 5.771389 0.620887 11.336282
v 5.782142 0.574192 11.295655
v 5.794291 0.530187 11.252499
v 5.807786 0.489044 11.206983
v 5.822576 0.450925 11.159288
v 5.838602 0.415983 11.109601
v 5.855800 0.384353 11.058120
v 5.874103 0.356162 11.005047
v 5.893438 0.331520 10.950590
v 5.913729 0.310525 10.894966
v 5.934896 0.293258 10.838395
v 5.956856 0.279790 10.781097
v 5.979522 0.270172 10.723303
v 6.002804 0.264444 10.665236
v 6.026610 0.262626 10.607129
v 6.050847 0.264727 10.549209
v 6.075419 0.270738 10.491706
v 6.100229 0.280635 10.434846
v 6.125178 0.294380 10.378854
v 6.092731 2.178362 11.037493
v 6.064398 2.153965 11.087976
v 6.036346 2.126023 11.136750
v 6.008687 2.094645 11.183621
v 5.981530 2.059956 11.228407
v 5.954980 2.022091 11.270926
v 5.929144 1.981202 11.311015
v 5.904123 1.937448 11.348513
v 5.880016 1.891003 11.383273
v 5.856918 1.842050 11.415157
v 5.834921 1.790783 11.444041
v 5.814110 1.737403 11.469810
v 5.794569 1.682121 11.492363
v 5.776373 1.625155 11.511609
v 5.759596 1.566731 11.527474
v 5.744303 1.507079 11.539894
v 5.730555 1.446434 11.548820
v 5.718406 1.385035 11.554218
v 5.707904 1.323125 11.556067
v 5.699090 1.260948 11.554358
v 5.691999 1.198750 11.549098
v 5.686659 1.136776 11.540309
v 5.683091 1.075271 11.528027
v 5.681310 1.014477 11.512295
v 5.681322 0.954634 11.493179
v 5.683127 0.895978 11.470757
v 5.686718 0.838742 11.445112
v 5.692081 0.783151 11.416348
v 5.699195 0.729423 11.384578
v 5.708032 0.677772 11.349928
v 5.718556 0.628401 11.312534
v 5.730727 0.581505 11.272545
v 5.744496 0.537269 11.230117
v 5.759809 0.495867 11.185418
v 5.776605 0.457464 11.138626
v 5.794818 0.422210 11.089922
v 5.814377 0.390245 11.039502
v 5.835204 0.361694 10.987563
v 5.857217 0.336672 10.934310
v 5.880329 0.315275 10.879954
v 5.904449 0.297589 10.824710
v 5.929482 0.283684 10.768794
v 5.955328 0.273614 10.712428
v 5.981885 0.267419 10.655834
v 6.009051 0.265123 10.599236
v 6.036716 0.266737 10.542857
v 6.064771 0.272252 10.486920
v 6.093107 0.281648 10.431644
v 6.121611 0.294888 10.377250
v 6.089275 2.178944 11.035681
v 6.057501 2.155127 11.084361
v 6.026035 2.127760 11.131345
v 5.995002 2.096951 11.176447
v 5.964524 2.062820 11.219492
v 5.934722 2.025504 11.260306
v 5.905714 1.985148 11.298731
v 5.877613 1.941914 11.334615
v 5.850530 1.895970 11.367815
v 5.824573 1.847499 11.398201
v 5.799843 1.796691 11.425653
v 5.776439 1.743748 11.450062
v 5.754453 1.688878 11.471333
v 5.733972 1.632298 11.489380
v 5.715075 1.574230 11.504134
v 5.697840 1.514905 11.515535
v 5.682332 1.454556 11.523540
v 5.668613 1.393422 11.528115
v 5.656738 1.331743 11.529243
v 5.646753 1.269764 11.526920
v 5.638698 1.207728 11.521155
v 5.632604 1.145881 11.511971
v 5.628495 1.084467 11.499404
v 5.626388 1.023728 11.483502
v 5.626292 0.963903 11.464331
v 5.628205 0.905229 11.441964
v 5.632122 0.847938 11.416491
v 5.638026 0.792256 11.388009
v 5.645894 0.738401 11.356635
v 5.655695 0.686587 11.322491
v 5.667390 0.637019 11.285711
v 5.680934 0.589892 11.246442
v 5.696272 0.545391 11.204836
v 5.713345 0.503694 11.161060
v 5.732084 0.464963 11.115286
v 5.752417 0.429352 11.067694
v 5.774262 0.397002 11.018472
v 5.797534 0.368039 10.967814
v 5.822140 0.342580 10.915920
v 5.847983 0.320723 10.862997
v 5.874962 0.302556 10.809251
v 5.902970 0.288149 10.754895
v 5.931897 0.277560 10.700145
v 5.961627 0.270831 10.645214
v 5.992045 0.267988 10.590322
v 6.023030 0.269042 10.535683
v 6.054460 0.273989 10.481514
v 6.086210 0.282810 10.428029
v 6.118155 0.295470 10.375439
v 6.085946 2.179599 11.033669
v 6.050856 2.156433 11.080344
v 6.016100 2.129713 11.125340
v 5.981817 2.099542 11.168478
v 5.948141 2.066040 11.209589
v 5.915205 2.029339 11.248510
v 5.883139 1.989585 11.285088
v 5.852070 1.946934 11.319177
v 5.822120 1.901553 11.350644
v 5.793408 1.853624 11.379365
v 5.766047 1.803333 11.405226
v 5.740145 1.750881 11.428126
v 5.715803 1.696474 11.447973
v 5.693119 1.640326 11.464689
v 5.672182 1.582660 11.478209
v 5.653073 1.523703 11.488480
v 5.635870 1.463687 11.495459
v 5.620639 1.402850 11.499120
v 5.607441 1.341432 11.499449
v 5.596328 1.279674 11.496445
v 5.587343 1.217821 11.490117
v 5.580523 1.156117 11.480494
v 5.575893 1.094805 11.467612
v 5.573473 1.034127 11.451521
v 5.573272 0.974323 11.432285
v 5.575290 0.915629 11.409983
v 5.579520 0.858276 11.384698
v 5.585945 0.802491 11.356532
v 5.594540 0.748494 11.325597
v 5.605270 0.696498 11.292015
v 5.618093 0.646708 11.255917
v 5.632960 0.599320 11.217446
v 5.649811 0.554523 11.176755
v 5.668579 0.512492 11.134004
v 5.689190 0.473393 11.089361
v 5.711565 0.437381 11.043003
v 5.735612 0.404598 10.995112
v 5.761239 0.375172 10.945878
v 5.788343 0.349222 10.895494
v 5.816819 0.326848 10.844161
v 5.846552 0.308139 10.792081
v 5.877428 0.293169 10.739458
v 5.909322 0.281997 10.686501
v 5.942110 0.274667 10.633418
v 5.975661 0.271208 10.580420
v 6.009845 0.271633 10.527714
v 6.044525 0.275942 10.475510
v 6.079565 0.284116 10.424012
v 6.114826 0.296124 10.373426
v 6.082756 2.180323 11.031465
v 6.044488 2.157878 11.075944
v 6.006581 2.131873 11.118760
v 5.969183 2.102409 11.159746
v 5.932442 2.069603 11.198738
v 5.896504 2.033584 11.235584
v 5.861509 1.994494 11.270137
v 5.827597 1.952488 11.302261
v 5.794900 1.907731 11.331830
v 5.763549 1.860401 11.358727
v 5.733665 1.810683 11.382844
v 5.705369 1.758774 11.404089
v 5.678771 1.704879 11.422377
v 5.653977 1.649210 11.437634
v 5.631083 1.591988 11.449802
v 5.610181 1.533438 11.458832
v 5.591353 1.473791 11.464688
v 5.574674 1.413283 11.467349
v 5.560208 1.352152 11.466802
v 5.548014 1.290640 11.463050
v 5.538139 1.228989 11.456107
v 5.530622 1.167442 11.446003
v 5.525493 1.106243 11.432775
v 5.522773 1.045634 11.416477
v 5.522472 0.985853 11.397173
v 5.524590 0.927136 11.374938
v 5.529120 0.869715 11.349862
v 5.536045 0.813817 11.322041
v 5.545336 0.759661 11.291587
v 5.556956 0.707463 11.258620
v 5.570861 0.657428 11.223269
v 5.586995 0.609753 11.185676
v 5.605294 0.564626 11.145986
v 5.625687 0.522227 11.104357
v 5.648092 0.482720 11.060954
v 5.672422 0.446265 11.015947
v 5.698580 0.413002 10.969516
v 5.726464 0.383065 10.921842
v 5.755962 0.356571 10.873113
v 5.786959 0.333625 10.823523
v 5.819333 0.314317 10.773266
v 5.852954 0.298724 10.722542
v 5.887692 0.286906 10.671550
v 5.923409 0.278911 10.620492
v 5.959963 0.274770 10.569569
v 5.997211 0.274501 10.518981
v 6.035006 0.278102 10.468930
v 6.073197 0.285561 10.419612
v 6.111636 0.296848 10.371222
v 6.079718 2.181113 11.029076
v 6.038425 2.159457 11.071176
v 5.997516 2.134233 11.111631
v 5.957151 2.105541 11.150285
v 5.917492 2.073495 11.186982
v 5.878694 2.038220 11.221580
v 5.840910 1.999856 11.253939
v 5.804289 1.958555 11.283934
v 5.768977 1.914479 11.311445
v 5.735111 1.867803 11.336365
v 5.702827 1.818711 11.358595
v 5.672251 1.767395 11.378047
v 5.643504 1.714059 11.394644
v 5.616699 1.658914 11.408321
v 5.591943 1.602177 11.419024
v 5.569333 1.544072 11.426711
v 5.548958 1.484827 11.431351
v 5.530898 1.424678 11.432926
v 5.515225 1.363861 11.431430
v 5.502002 1.302617 11.426868
v 5.491279 1.241187 11.419259
v 5.483099 1.179814 11.408633
v 5.477494 1.118738 11.395033
v 5.474488 1.058203 11.378510
v 5.474092 0.998447 11.359129
v 5.476305 0.939705 11.336970
v 5.481121 0.882210 11.312119
v 5.488522 0.826188 11.284672
v 5.498476 0.771860 11.254739
v 5.510944 0.719441 11.222439
v 5.525878 0.669137 11.187898
v 5.543219 0.621148 11.151253
v 5.562898 0.575663 11.112648
v 5.584838 0.532860 11.072235
v 5.608952 0.492909 11.030176
v 5.635145 0.455969 10.986634
v 5.663312 0.422183 10.941783
v 5.693345 0.391686 10.895799
v 5.725123 0.364599 10.848863
v 5.758522 0.341028 10.801161
v 5.793409 0.321065 10.752882
v 5.829647 0.304791 10.704214
v 5.867093 0.292268 10.655352
v 5.905599 0.283547 10.606487
v 5.945013 0.278662 10.557813
v 5.985179 0.277633 10.509521
v 6.025940 0.280462 10.461802
v 6.067134 0.287140 10.414844
v 6.108598 0.297639 10.368833
v 6.076845 2.181968 11.026512
v 6.032689 2.161162 11.066059
v 5.988939 2.136783 11.103982
v 5.945769 2.108925 11.140133
v 5.903348 2.077700 11.174367
v 5.861845 2.043230 11.206551
v 5.821422 2.005651 11.236557
v 5.782240 1.965111 11.264267
v 5.744452 1.921771 11.289571
v 5.708209 1.875802 11.312369
v 5.673653 1.827385 11.332573
v 5.640920 1.776711 11.350101
v 5.610140 1.723980 11.364885
v 5.581434 1.669400 11.376866
v 5.554914 1.613186 11.385998
v 5.530688 1.555562 11.392242
v 5.508850 1.496753 11.395577
v 5.489485 1.436992 11.395988
v 5.472671 1.376514 11.393474
v 5.458473 1.315560 11.388043
v 5.446948 1.254368 11.379719
v 5.438141 1.193181 11.368533
v 5.432086 1.132240 11.354531
v 5.428810 1.071785 11.337767
v 5.428323 1.012056 11.318306
v 5.430626 0.953287 11.296227
v 5.435713 0.895711 11.271617
v 5.443563 0.839555 11.244571
v 5.454144 0.785041 11.215199
v 5.467415 0.732383 11.183614
v 5.483323 0.681790 11.149941
v 5.501806 0.633462 11.114315
v 5.522790 0.587588 11.076874
v 5.546194 0.544350 11.037767
v 5.571923 0.503919 10.997149
v 5.599879 0.466454 10.955179
v 5.629949 0.432103 10.912024
v 5.662014 0.401002 10.867853
v 5.695949 0.373274 10.822841
v 5.731620 0.349027 10.777165
v 5.768885 0.328357 10.731008
v 5.807598 0.311347 10.684547
v 5.847605 0.298063 10.637970
v 5.888750 0.288557 10.591459
v 5.930870 0.282868 10.545197
v 5.973797 0.281017 10.499368
v 6.017364 0.283012 10.454152
v 6.061398 0.288845 10.409727
v 6.105724 0.298493 10.366269
v 6.074146 2.182883 11.023785
v 6.027302 2.162988 11.060615
v 5.980886 2.139513 11.095842
v 5.935081 2.112549 11.129329
v 5.890068 2.082202 11.160943
v 5.846024 2.048593 11.190559
v 5.803123 2.011854 11.218060
v 5.761536 1.972130 11.243339
v 5.721424 1.929578 11.266294
v 5.682948 1.884366 11.286835
v 5.646258 1.836672 11.304882
v 5.611500 1.786684 11.320363
v 5.578811 1.734600 11.333218
v 5.548319 1.680626 11.343393
v 5.520145 1.624973 11.350853
v 5.494401 1.567863 11.355563
v 5.471189 1.509520 11.357509
v 5.450598 1.450174 11.356681
v 5.432712 1.390061 11.353082
v 5.417599 1.329416 11.346727
v 5.405321 1.268480 11.337641
v 5.395925 1.207492 11.325860
v 5.389448 1.146694 11.311432
v 5.385917 1.086326 11.294410
v 5.385345 1.026625 11.274864
v 5.387734 0.967828 11.252871
v 5.393075 0.910166 11.228518
v 5.401347 0.853867 11.201899
v 5.412517 0.799153 11.173120
v 5.426541 0.746240 11.142298
v 5.443364 0.695337 11.109550
v 5.462919 0.646644 11.075006
v 5.485129 0.600355 11.038805
v 5.509907 0.556652 11.001088
v 5.537154 0.515706 10.962004
v 5.566764 0.477680 10.921707
v 5.598619 0.442724 10.880356
v 5.632594 0.410976 10.838116
v 5.668554 0.382561 10.795150
v 5.706358 0.357590 10.751631
v 5.745856 0.336164 10.707730
v 5.786893 0.318366 10.663619
v 5.829307 0.304266 10.619473
v 5.872929 0.293920 10.575467
v 5.917589 0.287370 10.531774
v 5.963109 0.284640 10.488564
v 6.009311 0.285742 10.446012
v 6.056011 0.290671 10.404283
v 6.103026 0.299408 10.363542
v 6.071633 2.183854 11.020903
v 6.022287 2.164928 11.054863
v 5.973388 2.142412 11.087243
v 5.925129 2.116397 11.117916
v 5.877702 2.086983 11.146763
v 5.831293 2.054289 11.173666
v 5.786085 2.018442 11.198522
v 5.742258 1.979584 11.221231
v 5.699982 1.937869 11.241705
v 5.659427 1.893461 11.259862
v 5.620751 1.846535 11.275631
v 5.584107 1.797276 11.288950
v 5.549640 1.745879 11.299766
v 5.517486 1.692548 11.308035
v 5.487772 1.637491 11.313727
v 5.460615 1.580927 11.316817
v 5.436122 1.523079 11.317295
v 5.414390 1.464175 11.315158
v 5.395505 1.404447 11.310414
v 5.379541 1.344132 11.303083
v 5.366562 1.283467 11.293194
v 5.356617 1.222691 11.280784
v 5.349747 1.162045 11.265903
v 5.345980 1.101768 11.248611
v 5.345329 1.042098 11.228974
v 5.347797 0.983270 11.207072
v 5.353374 0.925516 11.182990
v 5.362040 0.869065 11.156821
v 5.373758 0.814139 11.128673
v 5.388484 0.760955 11.098654
v 5.406158 0.709723 11.066882
v 5.426711 0.660645 11.033484
v 5.450063 0.613914 10.998592
v 5.476120 0.569716 10.962342
v 5.504780 0.528224 10.924879
v 5.535932 0.489602 10.886349
v 5.569449 0.454003 10.846904
v 5.605201 0.421568 10.806702
v 5.643047 0.392423 10.765899
v 5.682837 0.366685 10.724658
v 5.724415 0.344455 10.683141
v 5.767615 0.325820 10.641512
v 5.812268 0.310854 10.599935
v 5.858198 0.299616 10.558574
v 5.905223 0.292151 10.517592
v 5.953157 0.288488 10.477152
v 6.001812 0.288641 10.437413
v 6.050996 0.292611 10.398531
v 6.100513 0.300380 10.360661
v 6.069316 2.184879 11.017879
v 6.017663 2.166973 11.048827
v 5.966474 2.145469 11.078219
v 5.915954 2.120454 11.105941
v 5.866301 2.092025 11.131882
v 5.817710 2.060295 11.155938
v 5.770375 2.025389 11.178018
v 5.724483 1.987444 11.198031
v 5.680212 1.946611 11.215901
v 5.637740 1.903050 11.231556
v 5.597232 1.856934 11.244935
v 5.558849 1.808444 11.255985
v 5.522743 1.757773 11.264661
v 5.489057 1.705119 11.270930
v 5.457922 1.650690 11.274768
v 5.429462 1.594702 11.276158
v 5.403789 1.537376 11.275096
v 5.381005 1.478937 11.271585
v 5.361199 1.419616 11.265640
v 5.344450 1.359648 11.257285
v 5.330824 1.299269 11.246551
v 5.320374 1.238717 11.233480
v 5.313141 1.178231 11.218127
v 5.309156 1.118051 11.200550
v 5.308433 1.058413 11.180819
v 5.310973 0.999553 11.159011
v 5.316768 0.941703 11.135214
v 5.325797 0.885092 11.109519
v 5.338021 0.829942 11.082030
v 5.353393 0.776472 11.052855
v 5.371852 0.724892 11.022108
v 5.393326 0.675407 10.989912
v 5.417730 0.628211 10.956392
v 5.444967 0.583491 10.921682
v 5.474930 0.541423 10.885920
v 5.507502 0.502173 10.849243
v 5.542552 0.465896 10.811800
v 5.579943 0.432736 10.773737
v 5.619528 0.402823 10.735203
v 5.661150 0.376275 10.696353
v 5.704644 0.353197 10.657338
v 5.749840 0.333680 10.618313
v 5.796558 0.317801 10.579431
v 5.844615 0.305622 10.540847
v 5.893821 0.297193 10.502711
v 5.943982 0.292546 10.465176
v 5.994899 0.291699 10.428390
v 6.046371 0.294655 10.392495
v 6.098197 0.301404 10.357636
v 6.067205 2.185952 11.014725
v 6.013447 2.169115 11.042531
v 5.960172 2.148672 11.068808
v 5.907590 2.124705 11.093449
v 5.855907 2.097307 11.116359
v 5.805330 2.066587 11.137446
v 5.756056 2.032666 11.156630
v 5.708280 1.995679 11.173832
v 5.662191 1.955770 11.188986
v 5.617971 1.913097 11.202031
v 5.575794 1.867830 11.212915
v 5.535827 1.820145 11.221599
v 5.498227 1.770233 11.228044
v 5.463143 1.718289 11.232225
v 5.430713 1.664519 11.234129
v 5.401065 1.609135 11.233746
v 5.374317 1.552355 11.231077
v 5.350574 1.494403 11.226134
v 5.329929 1.435509 11.218936
v 5.312465 1.375904 11.209511
v 5.298249 1.315825 11.197896
v 5.287338 1.255507 11.184138
v 5.279775 1.195189 11.168292
v 5.275590 1.135110 11.150417
v 5.274800 1.075506 11.130587
v 5.277407 1.016612 11.108878
v 5.283401 0.958661 11.085378
v 5.292760 0.901882 11.060177
v 5.305446 0.846498 11.033376
v 5.321406 0.792728 11.005081
v 5.340582 0.740785 10.975404
v 5.362895 0.690873 10.944461
v 5.388258 0.643190 10.912374
v 5.416571 0.597923 10.879271
v 5.447721 0.555251 10.845281
v 5.481588 0.515343 10.810539
v 5.518035 0.478357 10.775183
v 5.556921 0.444437 10.739350
v 5.598091 0.413718 10.703184
v 5.641382 0.386322 10.666827
v 5.686624 0.362355 10.630423
v 5.733638 0.341914 10.594112
v 5.782239 0.325078 10.558043
v 5.832235 0.311915 10.522355
v 5.883429 0.302475 10.487189
v 5.935618 0.296796 10.452683
v 5.988596 0.294901 10.418977
v 6.042156 0.296798 10.386200
v 6.096085 0.302478 10.354483
v 6.065306 2.187070 11.011454
v 6.009658 2.171346 11.036000
v 5.954506 2.152008 11.059043
v 5.900071 2.129133 11.080489
v 5.846565 2.102809 11.100256
v 5.794200 2.073141 11.118264
v 5.743183 2.040247 11.134442
v 5.693715 2.004256 11.148727
v 5.645990 1.965309 11.161064
v 5.600200 1.923562 11.171401
v 5.556522 1.879178 11.179700
v 5.515130 1.832332 11.185926
v 5.476187 1.783211 11.190057
v 5.439847 1.732007 11.192074
v 5.406252 1.678922 11.191972
v 5.375538 1.624166 11.189748
v 5.347823 1.567956 11.185412
v 5.323217 1.510512 11.178984
v 5.301818 1.452062 11.170485
v 5.283710 1.392836 11.159951
v 5.268965 1.333069 11.147424
v 5.257639 1.272995 11.132951
v 5.249779 1.212852 11.116592
v 5.245416 1.152878 11.098410
v 5.244566 1.093309 11.078476
v 5.247232 1.034380 11.056870
v 5.253406 0.976324 11.033678
v 5.263062 0.919370 11.008989
v 5.276161 0.863742 10.982903
v 5.292652 0.809660 10.955522
v 5.312470 0.757338 10.926953
v 5.335538 0.706982 10.897310
v 5.361763 0.658791 10.866710
v 5.391043 0.612955 10.835272
v 5.423261 0.569655 10.803123
v 5.458292 0.529061 10.770388
v 5.495996 0.491335 10.737196
v 5.536224 0.456624 10.703679
v 5.578818 0.425067 10.669968
v 5.623610 0.396786 10.636197
v 5.670423 0.371895 10.602500
v 5.719072 0.350491 10.569009
v 5.769366 0.332659 10.535855
v 5.821105 0.318468 10.503172
v 5.874085 0.307976 10.471086
v 5.928099 0.301224 10.439725
v 5.982931 0.298237 10.409212
v 6.038367 0.299029 10.379668
v 6.094186 0.303595 10.351211
v 6.063629 2.188228 11.008076
v 6.006309 2.173658 11.029260
v 5.949500 2.155464 11.048965
v 5.893426 2.133719 11.067114
v 5.838308 2.108508 11.083636
v 5.784365 2.079931 11.098465
v 5.731807 2.048100 11.111543
v 5.680843 2.013141 11.122818
v 5.631675 1.975192 11.132246
v 5.584496 1.934403 11.139789
v 5.539492 1.890934 11.145417
v 5.496840 1.844958 11.149110
v 5.456711 1.796656 11.150851
v 5.419261 1.746218 11.150634
v 5.384637 1.693843 11.148460
v 5.352980 1.639739 11.144338
v 5.324410 1.584118 11.138283
v 5.299042 1.527200 11.130320
v 5.276977 1.469211 11.120480
v 5.258300 1.410377 11.108801
v 5.243086 1.350933 11.095330
v 5.231395 1.291112 11.080121
v 5.223272 1.231151 11.063234
v 5.218751 1.171286 11.044733
v 5.217849 1.111753 11.024693
v 5.220568 1.052787 11.003195
v 5.226899 0.994622 10.980320
v 5.236817 0.937487 10.956160
v 5.250283 0.881606 10.930810
v 5.267242 0.827201 10.904371
v 5.287629 0.774486 10.876947
v 5.311363 0.723670 10.848646
v 5.338351 0.674953 10.819579
v 5.368485 0.628527 10.789862
v 5.401646 0.584576 10.759612
v 5.437706 0.543272 10.728948
v 5.476520 0.504779 10.697990
v 5.517934 0.469250 10.666862
v 5.561788 0.436823 10.635686
v 5.607906 0.407627 10.604585
v 5.656107 0.381777 10.573682
v 5.706201 0.359376 10.543098
v 5.757990 0.340512 10.512956
v 5.811270 0.325258 10.483373
v 5.865829 0.313676 10.454466
v 5.921454 0.305811 10.426350
v 5.977925 0.301693 10.399135
v 6.035018 0.301341 10.372928
v 6.092509 0.304753 10.347834
v 6.062179 2.189422 11.004607
v 6.003415 2.176040 11.022336
v 5.945173 2.159027 11.038613
v 5.887683 2.138447 11.053375
v 5.831172 2.114383 11.066566
v 5.775863 2.086929 11.078129
v 5.721973 2.056194 11.088022
v 5.669717 2.022299 11.096205
v 5.619300 1.985378 11.102645
v 5.570921 1.945577 11.107318
v 5.524770 1.903052 11.110205
v 5.481030 1.857972 11.111294
v 5.439875 1.810514 11.110580
v 5.401465 1.760866 11.108069
v 5.365953 1.709223 11.103768
v 5.333480 1.655790 11.097694
v 5.304172 1.600777 11.089873
v 5.278145 1.544402 11.080335
v 5.255504 1.486886 11.069116
v 5.236335 1.428458 11.056262
v 5.220717 1.369347 11.041823
v 5.208709 1.309786 11.025857
v 5.200359 1.250012 11.008427
v 5.195701 1.190259 10.989599
v 5.194754 1.130764 10.969451
v 5.197518 1.071761 10.948061
v 5.203986 1.013483 10.925513
v 5.214131 0.956161 10.901896
v 5.227913 0.900020 10.877303
v 5.245277 0.845281 10.851832
v 5.266156 0.792162 10.825583
v 5.290466 0.740872 10.798661
v 5.318112 0.691613 10.771170
v 5.348985 0.644579 10.743219
v 5.382962 0.599956 10.714920
v 5.419911 0.557920 10.686382
v 5.459684 0.518638 10.657720
v 5.502125 0.482264 10.629045
v 5.547067 0.448941 10.600472
v 5.594331 0.418801 10.572114
v 5.643732 0.391964 10.544082
v 5.695075 0.368535 10.516485
v 5.748157 0.348606 10.489435
v 5.802768 0.332256 10.463037
v 5.858693 0.319550 10.437395
v 5.915711 0.310538 10.412611
v 5.973597 0.305256 10.388783
v 6.032124 0.303723 10.366004
v 6.091059 0.305947 10.344364
v 6.060962 2.190646 11.001060
v 6.000986 2.178485 11.015257
v 5.941541 2.162681 11.028029
v 5.882863 2.143297 11.039329
v 5.825182 2.120409 11.049110
v 5.768728 2.094109 11.057336
v 5.713721 2.064498 11.063972
v 5.660380 2.031695 11.068993
v 5.608914 1.995829 11.072379
v 5.559528 1.957041 11.074117
v 5.512416 1.915484 11.074200
v 5.467763 1.871323 11.072627
v 5.425746 1.824731 11.069406
v 5.386532 1.775893 11.064547
v 5.350273 1.725002 11.058071
v 5.317115 1.672257 11.050003
v 5.287188 1.617868 11.040376
v 5.260608 1.562049 11.029225
v 5.237483 1.505020 11.016598
v 5.217902 1.447006 11.002542
v 5.201944 1.388237 10.987114
v 5.189671 1.328944 10.970373
v 5.181130 1.269361 10.952388
v 5.176358 1.209724 10.933227
v 5.175372 1.150267 10.912967
v 5.178175 1.091226 10.891687
v 5.184757 1.032832 10.869473
v 5.195093 0.975319 10.846411
v 5.209141 0.918910 10.822593
v 5.226844 0.863830 10.798113
v 5.248136 0.810296 10.773066
v 5.272929 0.758519 10.747552
v 5.301128 0.708703 10.721672
v 5.332621 0.661046 10.695528
v 5.367282 0.615734 10.669223
v 5.404977 0.572948 10.642860
v 5.445555 0.532855 10.616545
v 5.488857 0.495614 10.590380
v 5.534713 0.461373 10.564468
v 5.582939 0.430265 10.538913
v 5.633347 0.402414 10.513816
v 5.685738 0.377931 10.489274
v 5.739904 0.356910 10.465384
v 5.795633 0.339436 10.442244
v 5.852703 0.325577 10.419941
v 5.910891 0.315389 10.398564
v 5.969965 0.308910 10.378199
v 6.029695 0.306168 10.358925
v 6.089841 0.307172 10.340817
v 6.059983 2.191897 10.997450
v 5.999032 2.180981 11.008049
v 5.938619 2.166414 11.017254
v 5.878985 2.148251 11.025028
v 5.820364 2.126565 11.031341
v 5.762988 2.101441 11.036167
v 5.707083 2.072979 11.039488
v 5.652869 2.041291 11.041290
v 5.600560 2.006502 11.041567
v 5.550364 1.968749 11.040318
v 5.502478 1.928181 11.037545
v 5.457089 1.884958 11.033263
v 5.414381 1.839251 11.027487
v 5.374518 1.791241 11.020240
v 5.337659 1.741116 11.011549
v 5.303951 1.689075 11.001451
v 5.273524 1.635323 10.989985
v 5.246500 1.580072 10.977195
v 5.222986 1.523540 10.963132
v 5.203074 1.465950 10.947853
v 5.186842 1.407530 10.931417
v 5.174356 1.348510 10.913888
v 5.165661 1.289123 10.895337
v 5.160797 1.229603 10.875836
v 5.159781 1.170186 10.855463
v 5.162614 1.111105 10.834297
v 5.169288 1.052594 10.812423
v 5.179778 0.994884 10.789926
v 5.194039 0.938203 10.766896
v 5.212016 0.882774 10.743423
v 5.233639 0.828816 10.719600
v 5.258821 0.776542 10.695521
v 5.287465 0.726158 10.671281
v 5.319456 0.677864 10.646976
v 5.354668 0.631849 10.622701
v 5.392963 0.588295 10.598553
v 5.434189 0.547375 10.574626
v 5.478184 0.509250 10.551015
v 5.524774 0.474069 10.527814
v 5.573774 0.441973 10.505114
v 5.624992 0.413087 10.483004
v 5.678226 0.387526 10.461571
v 5.733265 0.365391 10.440901
v 5.789893 0.346769 10.421075
v 5.847885 0.331732 10.402171
v 5.907013 0.320342 10.384263
v 5.967044 0.312643 10.367424
v 6.027740 0.308664 10.351717
v 6.088862 0.308423 10.337207
v 6.059246 2.193169 10.993790
v 5.997560 2.183520 11.000743
v 5.936419 2.170209 11.006330
v 5.876066 2.153288 11.010530
v 5.816736 2.132824 11.013327
v 5.758666 2.108898 11.014707
v 5.702084 2.081604 11.014667
v 5.647213 2.051049 11.013206
v 5.594270 2.017355 11.010330
v 5.543463 1.980654 11.006052
v 5.494994 1.941092 11.000386
v 5.449053 1.898824 10.993357
v 5.405822 1.854017 10.984991
v 5.365472 1.806848 10.975322
v 5.328161 1.757503 10.964387
v 5.294038 1.706177 10.952229
v 5.263237 1.653073 10.938899
v 5.235878 1.598400 10.924447
v 5.212070 1.542373 10.908930
v 5.191908 1.485214 10.892410
v 5.175471 1.427149 10.874951
v 5.162823 1.368407 10.856625
v 5.154014 1.309218 10.837501
v 5.149080 1.249818 10.817655
v 5.148040 1.190441 10.797167
v 5.150897 1.131320 10.776116
v 5.157640 1.072690 10.754587
v 5.168245 1.014781 10.732662
v 5.182668 0.957822 10.710431
v 5.200850 0.902038 10.687981
v 5.222723 0.847649 10.665398
v 5.248199 0.794870 10.642774
v 5.277177 0.743908 10.620195
v 5.309544 0.694966 10.597754
v 5.345170 0.648236 10.575539
v 5.383918 0.603902 10.553635
v 5.425631 0.562141 10.532130
v 5.470147 0.523115 10.511109
v 5.517291 0.486981 10.490654
v 5.566874 0.453879 10.470848
v 5.618702 0.423941 10.451767
v 5.672571 0.397285 10.433487
v 5.728267 0.374015 10.416080
v 5.785571 0.354225 10.399614
v 5.844257 0.337992 10.384156
v 5.904094 0.325380 10.369766
v 5.964844 0.316438 10.356500
v 6.026269 0.311203 10.344411
v 6.088125 0.309694 10.333547
v 6.058753 2.194457 10.990094
v 5.996577 2.186091 10.993366
v 5.934950 2.174053 10.995301
v 5.874115 2.158389 10.995893
v 5.814313 2.139163 10.995138
v 5.755779 2.116449 10.993040
v 5.698745 2.090337 10.989606
v 5.643435 2.060931 10.984851
v 5.590067 2.028346 10.978793
v 5.538854 1.992711 10.971456
v 5.489995 1.954167 10.962869
v 5.443685 1.912865 10.953066
v 5.400105 1.868970 10.942085
v 5.359430 1.822653 10.929971
v 5.321816 1.774098 10.916769
v 5.287417 1.723496 10.902534
v 5.256364 1.671048 10.887321
v 5.228782 1.616960 10.871190
v 5.204779 1.561445 10.854205
v 5.184450 1.504722 10.836432
v 5.167875 1.447017 10.817943
v 5.155120 1.388556 10.798809
v 5.146233 1.329569 10.779106
v 5.141253 1.270290 10.758913
v 5.140198 1.210953 10.738308
v 5.143070 1.151792 10.717374
v 5.149860 1.093040 10.696193
v 5.160542 1.034930 10.674847
v 5.175072 0.977690 10.653422
v 5.193392 0.921546 10.632003
v 5.215432 0.866721 10.610673
v 5.241103 0.813430 10.589517
v 5.270305 0.761883 10.568618
v 5.302922 0.712285 10.548059
v 5.338825 0.664831 10.527921
v 5.377875 0.619707 10.508284
v 5.419914 0.577093 10.489224
v 5.464779 0.537157 10.470818
v 5.512292 0.500056 10.453136
v 5.562264 0.465936 10.436252
v 5.614500 0.434932 10.420229
v 5.668793 0.407166 10.405131
v 5.724928 0.382749 10.391019
v 5.782684 0.361776 10.377948
v 5.841834 0.344330 10.365969
v 5.902143 0.330481 10.355128
v 5.963375 0.320282 10.345471
v 6.025286 0.313774 10.337034
v 6.087633 0.310982 10.329851
v 6.058507 2.195756 10.986378
v 5.996087 2.188684 10.985948
v 5.934216 2.177929 10.984211
v 5.873142 2.163534 10.981174
v 5.813104 2.145556 10.976848
v 5.754339 2.124064 10.971251
v 5.697078 2.099146 10.964405
v 5.641550 2.070898 10.956337
v 5.587970 2.039431 10.947078
v 5.536553 2.004871 10.936666
v 5.487501 1.967354 10.925140
v 5.441006 1.927027 10.912549
v 5.397253 1.884051 10.898939
v 5.356414 1.838593 10.884365
v 5.318650 1.790835 10.868885
v 5.284112 1.740964 10.852560
v 5.252934 1.689177 10.835454
v 5.225241 1.635679 10.817636
v 5.201140 1.580680 10.799173
v 5.180728 1.524398 10.780141
v 5.164085 1.467055 10.760614
v 5.151276 1.408877 10.740669
v 5.142351 1.350094 10.720386
v 5.137347 1.290938 10.699841
v 5.136284 1.231641 10.679120
v 5.139164 1.172439 10.658302
v 5.145977 1.113565 10.637471
v 5.156698 1.055251 10.616707
v 5.171281 0.997728 10.596094
v 5.189670 0.941222 10.575711
v 5.211793 0.885956 10.555641
v 5.237562 0.832149 10.535961
v 5.266875 0.780012 10.516751
v 5.299618 0.729752 10.498085
v 5.335659 0.681568 10.480037
v 5.374860 0.635648 10.462679
v 5.417062 0.592174 10.446077
v 5.462100 0.551319 10.430301
v 5.509797 0.513243 10.415409
v 5.559964 0.478096 10.401462
v 5.612403 0.446017 10.388515
v 5.666907 0.417133 10.376617
v 5.723261 0.391558 10.365818
v 5.781244 0.369392 10.356159
v 5.840624 0.350723 10.347678
v 5.901170 0.335626 10.340409
v 5.962641 0.324158 10.334380
v 6.024796 0.316367 10.329616
v 6.087387 0.312281 10.326135
v 6.058509 2.197061 10.982655
v 5.996090 2.191288 10.978518
v 5.934222 2.181823 10.973102
v 5.873150 2.168703 10.966430
v 5.813113 2.151978 10.958529
v 5.754350 2.131715 10.949427
v 5.697092 2.107994 10.939163
v 5.641564 2.080909 10.927776
v 5.587987 2.050567 10.915312
v 5.536572 2.017087 10.901819
v 5.487521 1.980601 10.887351
v 5.441027 1.941254 10.871965
v 5.397275 1.899200 10.855722
v 5.356438 1.854606 10.838686
v 5.318676 1.807648 10.820923
v 5.284139 1.758511 10.802505
v 5.252962 1.707389 10.783503
v 5.225268 1.654483 10.763993
v 5.201169 1.600003 10.744052
v 5.180757 1.544163 10.723759
v 5.164114 1.487184 10.703193
v 5.151306 1.429291 10.682435
v 5.142381 1.370712 10.661569
v 5.137378 1.311679 10.640675
v 5.136315 1.252424 10.619836
v 5.139195 1.193181 10.599135
v 5.146008 1.134184 10.578654
v 5.156728 1.075666 10.558473
v 5.171311 1.017857 10.538671
v 5.189699 0.960987 10.519329
v 5.211822 0.905279 10.500520
v 5.237589 0.850953 10.482320
v 5.266902 0.798224 10.464800
v 5.299644 0.747300 10.448030
v 5.335684 0.698381 10.432075
v 5.374883 0.651661 10.416999
v 5.417084 0.607324 10.402862
v 5.462121 0.565545 10.389718
v 5.509817 0.526490 10.377620
v 5.559982 0.490311 10.366615
v 5.612419 0.457153 10.356749
v 5.666922 0.427145 10.348057
v 5.723275 0.400406 10.340576
v 5.781255 0.377042 10.334335
v 5.840634 0.357145 10.329358
v 5.901178 0.340794 10.325665
v 5.962647 0.328053 10.323272
v 6.024799 0.318971 10.322186
v 6.087389 0.313586 10.322412
v 6.058759 2.198366 10.978941
v 5.996589 2.193895 10.971105
v 5.934967 2.185720 10.962019
v 5.874138 2.173874 10.951721
v 5.814342 2.158404 10.940250
v 5.755813 2.139370 10.927653
v 5.698784 2.116848 10.913980
v 5.643479 2.090927 10.899282
v 5.590117 2.061709 10.883619
v 5.538908 2.029310 10.867054
v 5.490054 1.993856 10.849649
v 5.443748 1.955489 10.831477
v 5.400173 1.914359 10.812606
v 5.359501 1.870629 10.793113
v 5.321891 1.824471 10.773072
v 5.287495 1.776068 10.752565
v 5.256445 1.725611 10.731672
v 5.228865 1.673299 10.710476
v 5.204865 1.619337 10.689059
v 5.184537 1.563940 10.667506
v 5.167964 1.507326 10.645904
v 5.155210 1.449718 10.624335
v 5.146325 1.391343 10.602888
v 5.141345 1.332432 10.581644
v 5.140290 1.273218 10.560689
v 5.143162 1.213934 10.540105
v 5.149951 1.154814 10.519974
v 5.160633 1.096092 10.500374
v 5.175161 1.037998 10.481383
v 5.193480 0.980764 10.463077
v 5.215517 0.924613 10.445527
v 5.241186 0.869769 10.428802
v 5.270386 0.816446 10.412969
v 5.303000 0.764857 10.398090
v 5.338900 0.715204 10.384224
v 5.377946 0.667683 10.371426
v 5.419981 0.622483 10.359745
v 5.464842 0.579780 10.349229
v 5.512351 0.539745 10.339918
v 5.562319 0.502534 10.331850
v 5.614549 0.468295 10.325056
v 5.668837 0.437163 10.319563
v 5.724967 0.409260 10.315392
v 5.782718 0.384697 10.312562
v 5.841862 0.363571 10.311081
v 5.902166 0.345965 10.310956
v 5.963392 0.331949 10.312188
v 6.025298 0.321578 10.314773
v 6.087639 0.314892 10.318698
v 6.059255 2.199668 10.975250
v 5.997579 2.196492 10.963737
v 5.936448 2.189603 10.951006
v 5.876104 2.179028 10.937104
v 5.816784 2.164808 10.922088
v 5.758723 2.146999 10.906017
v 5.702149 2.125672 10.888954
v 5.647287 2.100911 10.870967
v 5.594352 2.072814 10.852126
v 5.543553 2.041491 10.832506
v 5.495092 2.007066 10.812185
v 5.449158 1.969676 10.791243
v 5.405934 1.929466 10.769761
v 5.365590 1.886598 10.747826
v 5.328285 1.841238 10.725522
v 5.294168 1.793567 10.702940
v 5.263371 1.743772 10.680167
v 5.236016 1.692051 10.657293
v 5.212213 1.638607 10.634411
v 5.192054 1.583650 10.611608
v 5.175620 1.527399 10.588975
v 5.162974 1.470075 10.566601
v 5.154166 1.411904 10.544576
v 5.149233 1.353116 10.522985
v 5.148193 1.293943 10.501914
v 5.151050 1.234618 10.481445
v 5.157793 1.175375 10.461661
v 5.168396 1.116449 10.442639
v 5.182816 1.058072 10.424455
v 5.200996 1.000474 10.407178
v 5.222866 0.943882 10.390879
v 5.248337 0.888521 10.375620
v 5.277311 0.834608 10.361464
v 5.309673 0.782355 10.348464
v 5.345294 0.731971 10.336674
v 5.384036 0.683652 10.326138
v 5.425743 0.637590 10.316899
v 5.470252 0.593967 10.308994
v 5.517388 0.552955 10.302453
v 5.566964 0.514716 10.297302
v 5.618784 0.479400 10.293562
v 5.672645 0.447147 10.291247
v 5.728332 0.418084 10.290367
v 5.785628 0.392327 10.290925
v 5.844305 0.369976 10.292918
v 5.904132 0.351119 10.296339
v 5.964873 0.335832 10.301175
v 6.026288 0.324175 10.307406
v 6.088135 0.316193 10.315007
v 6.059996 2.200959 10.971598
v 5.999058 2.199071 10.956447
v 5.938659 2.193458 10.940105
v 5.879039 2.184144 10.922637
v 5.820430 2.171165 10.904112
v 5.763067 2.154573 10.884603
v 5.707173 2.134432 10.864185
v 5.652972 2.110823 10.842942
v 5.600675 2.083838 10.820955
v 5.550490 2.053584 10.798313
v 5.502614 2.020180 10.775105
v 5.457236 1.983759 10.751420
v 5.414536 1.944464 10.727355
v 5.374683 1.902449 10.703003
v 5.337832 1.857882 10.678459
v 5.304132 1.810937 10.653823
v 5.273712 1.761801 10.629189
v 5.246694 1.710666 10.604658
v 5.223185 1.657735 10.580323
v 5.203277 1.603216 10.556282
v 5.187049 1.547326 10.532630
v 5.174565 1.490284 10.509459
v 5.165873 1.432315 10.486862
v 5.161010 1.373649 10.464927
v 5.159994 1.314516 10.443741
v 5.162827 1.255150 10.423388
v 5.169500 1.195786 10.403948
v 5.179988 1.136658 10.385497
v 5.194246 1.077999 10.368110
v 5.212219 1.020040 10.351852
v 5.233838 0.963011 10.336791
v 5.259015 0.907136 10.322984
v 5.287652 0.852636 10.310487
v 5.319637 0.799726 10.299348
v 5.354841 0.748615 10.289611
v 5.393128 0.699504 10.281316
v 5.434345 0.652587 10.274494
v 5.478330 0.608051 10.269173
v 5.524910 0.566069 10.265372
v 5.573900 0.526808 10.263109
v 5.625107 0.490423 10.262392
v 5.678329 0.457058 10.263223
v 5.733356 0.426844 10.265598
v 5.789972 0.399900 10.269510
v 5.847951 0.376333 10.274941
v 5.907067 0.356236 10.281873
v 5.967084 0.339687 10.290275
v 6.027767 0.326754 10.300115
v 6.088876 0.317485 10.311355
v 6.060979 2.202237 10.967998
v 6.001020 2.201620 10.949261
v 5.941592 2.197270 10.929360
v 5.882931 2.189203 10.908378
v 5.825267 2.177451 10.886393
v 5.768828 2.162060 10.863494
v 5.713838 2.143092 10.839771
v 5.660512 2.120621 10.815318
v 5.609061 2.094737 10.790232
v 5.559690 2.065539 10.764610
v 5.512590 2.033145 10.738555
v 5.467950 1.997683 10.712169
v 5.425946 1.959291 10.685555
v 5.386742 1.918122 10.658821
v 5.350494 1.874338 10.632071
v 5.317346 1.828111 10.605410
v 5.287427 1.779625 10.578942
v 5.260856 1.729070 10.552775
v 5.237737 1.676647 10.527010
v 5.218162 1.622561 10.501749
v 5.202209 1.567027 10.477092
v 5.189939 1.510264 10.453135
v 5.181401 1.452495 10.429975
v 5.176630 1.393949 10.407701
v 5.175645 1.334856 10.386401
v 5.178448 1.275450 10.366161
v 5.185028 1.215966 10.347060
v 5.195362 1.156638 10.329173
v 5.209405 1.097700 10.312572
v 5.227104 1.039385 10.297319
v 5.248390 0.981923 10.283478
v 5.273176 0.925540 10.271101
v 5.301367 0.870460 10.260240
v 5.332851 0.816900 10.250934
v 5.367503 0.765070 10.243222
v 5.405188 0.715176 10.237135
v 5.445755 0.667415 10.232695
v 5.489044 0.621974 10.229920
v 5.534887 0.579034 10.228823
v 5.583100 0.538764 10.229406
v 5.633493 0.501322 10.231668
v 5.685870 0.466857 10.235600
v 5.740020 0.435504 10.241184
v 5.795733 0.407388 10.248402
v 5.852787 0.382618 10.257223
v 5.910959 0.361294 10.267612
v 5.970016 0.343499 10.279531
v 6.029729 0.329303 10.292929
v 6.089859 0.318762 10.307755
v 6.062200 2.203494 10.964463
v 6.003456 2.204130 10.942206
v 5.945235 2.201022 10.918815
v 5.887765 2.194183 10.894381
v 5.831274 2.183640 10.869001
v 5.775985 2.169433 10.842775
v 5.722115 2.151619 10.815808
v 5.669877 2.130270 10.788205
v 5.619477 2.105468 10.760075
v 5.571116 2.077311 10.731529
v 5.524982 2.045911 10.702680
v 5.481257 2.011392 10.673641
v 5.440117 1.973890 10.644528
v 5.401721 1.933553 10.615457
v 5.366221 1.890540 10.586538
v 5.333760 1.845021 10.557890
v 5.304462 1.797175 10.529623
v 5.278445 1.747191 10.501850
v 5.255812 1.695267 10.474681
v 5.236651 1.641608 10.448223
v 5.221038 1.586425 10.422579
v 5.209035 1.529936 10.397851
v 5.200688 1.472364 10.374137
v 5.196033 1.413936 10.351530
v 5.195086 1.354883 10.330121
v 5.197849 1.295438 10.309992
v 5.204315 1.235835 10.291223
v 5.214458 1.176310 10.273890
v 5.228235 1.117098 10.258059
v 5.245593 1.058432 10.243793
v 5.266465 1.000543 10.231149
v 5.290766 0.943661 10.220177
v 5.318403 0.888010 10.210920
v 5.349265 0.833809 10.203414
v 5.383230 0.781272 10.197690
v 5.420166 0.730607 10.193769
v 5.459926 0.682014 10.191668
v 5.502352 0.635684 10.191394
v 5.547278 0.591800 10.192948
v 5.594526 0.550536 10.196325
v 5.643910 0.512053 10.201511
v 5.695235 0.476505 10.208486
v 5.748298 0.444031 10.217221
v 5.802890 0.414760 10.227684
v 5.858795 0.388807 10.239831
v 5.915793 0.366275 10.253616
v 5.973660 0.347252 10.268984
v 6.032165 0.331813 10.285874
v 6.091079 0.320020 10.304220
v 6.063653 2.204727 10.961010
v 6.006358 2.206591 10.935313
v 5.949573 2.204702 10.908508
v 5.893523 2.199066 10.880703
v 5.838428 2.189707 10.852005
v 5.784508 2.176661 10.822529
v 5.731973 2.159980 10.792390
v 5.681031 2.139729 10.761708
v 5.631883 2.115988 10.730604
v 5.584724 2.088852 10.699201
v 5.539740 2.058427 10.667622
v 5.497107 2.024833 10.635992
v 5.456994 1.988203 10.604436
v 5.419560 1.948682 10.573078
v 5.384952 1.906425 10.542042
v 5.353308 1.861599 10.511452
v 5.324751 1.814381 10.481426
v 5.299394 1.764958 10.452085
v 5.277339 1.713524 10.423544
v 5.258670 1.660282 10.395915
v 5.243463 1.605443 10.369307
v 5.231778 1.549223 10.343825
v 5.223658 1.491844 10.319571
v 5.219139 1.433532 10.296639
v 5.218238 1.374518 10.275121
v 5.220956 1.315034 10.255100
v 5.227284 1.255315 10.236657
v 5.237200 1.195597 10.219864
v 5.250659 1.136116 10.204786
v 5.267612 1.077106 10.191485
v 5.287991 1.018800 10.180012
v 5.311715 0.961428 10.170412
v 5.338692 0.905216 10.162724
v 5.368814 0.850387 10.156977
v 5.401961 0.797158 10.153193
v 5.438005 0.745736 10.151391
v 5.476803 0.696327 10.151574
v 5.518200 0.649125 10.153744
v 5.562037 0.604316 10.157890
v 5.608135 0.562077 10.163997
v 5.656316 0.522574 10.172041
v 5.706388 0.485964 10.181989
v 5.758155 0.452392 10.193804
v 5.811413 0.421988 10.207437
v 5.865950 0.394875 10.222836
v 5.921551 0.371158 10.239939
v 5.977998 0.350931 10.258678
v 6.035067 0.334274 10.278981
v 6.092533 0.321253 10.300767
v 6.065334 2.205930 10.957651
v 6.009714 2.208993 10.928608
v 5.954590 2.208293 10.898483
v 5.900182 2.203832 10.867397
v 5.846702 2.195630 10.835472
v 5.794363 2.183716 10.802834
v 5.743372 2.168140 10.769610
v 5.693929 2.148962 10.735933
v 5.646229 2.126258 10.701937
v 5.600461 2.100117 10.667753
v 5.556806 2.070643 10.633518
v 5.515434 2.037953 10.599367
v 5.476511 2.002174 10.565434
v 5.440189 1.963449 10.531855
v 5.406612 1.921930 10.498758
v 5.375914 1.877781 10.466279
v 5.348212 1.831176 10.434543
v 5.323619 1.782299 10.403675
v 5.302232 1.731343 10.373799
v 5.284133 1.678509 10.345032
v 5.269395 1.624006 10.317486
v 5.258077 1.568049 10.291271
v 5.250219 1.510858 10.266491
v 5.245859 1.452660 10.243243
v 5.245011 1.393683 10.221619
v 5.247676 1.334162 10.201704
v 5.253846 1.274330 10.183577
v 5.263499 1.214423 10.167310
v 5.276592 1.154679 10.152966
v 5.293075 1.095333 10.140602
v 5.312884 1.036619 10.130267
v 5.335940 0.978769 10.122002
v 5.362153 0.922011 10.115839
v 5.391418 0.866569 10.111803
v 5.423621 0.812663 10.109910
v 5.458634 0.760503 10.110168
v 5.496320 0.710298 10.112574
v 5.536528 0.662244 10.117119
v 5.579103 0.616532 10.123787
v 5.623872 0.573342 10.132549
v 5.670661 0.532843 10.143373
v 5.719286 0.495197 10.156215
v 5.769555 0.460552 10.171023
v 5.821269 0.429044 10.187741
v 5.874223 0.400797 10.206303
v 5.928210 0.375924 10.226633
v 5.983015 0.354522 10.248653
v 6.038423 0.336676 10.272276
v 6.094214 0.322456 10.297408
v 6.067236 2.207099 10.954398
v 6.013510 2.211327 10.922116
v 5.960265 2.211782 10.888779
v 5.907714 2.208463 10.854517
v 5.856061 2.201383 10.819468
v 5.805513 2.190571 10.783768
v 5.756268 2.176068 10.747558
v 5.708520 2.157932 10.710982
v 5.662458 2.136235 10.674185
v 5.618264 2.111062 10.637310
v 5.576112 2.082512 10.600505
v 5.536168 2.050699 10.563912
v 5.498590 2.015748 10.527679
v 5.463527 1.977796 10.491947
v 5.431116 1.936994 10.456858
v 5.401486 1.893502 10.422549
v 5.374754 1.847492 10.389156
v 5.351025 1.799147 10.356812
v 5.330393 1.748655 10.325644
v 5.312939 1.696218 10.295774
v 5.298732 1.642041 10.267321
v 5.287828 1.586339 10.240396
v 5.280269 1.529331 10.215107
v 5.276088 1.471243 10.191552
v 5.275299 1.412303 10.169827
v 5.277905 1.352745 10.150014
v 5.283896 1.292803 10.132193
v 5.293251 1.232713 10.116434
v 5.305928 1.172714 10.102800
v 5.321881 1.113042 10.091344
v 5.341045 1.053931 10.082111
v 5.363346 0.995617 10.075138
v 5.388695 0.938328 10.070454
v 5.416992 0.882291 10.068073
v 5.448125 0.827726 10.068009
v 5.481972 0.774850 10.070261
v 5.518399 0.723871 10.074819
v 5.557262 0.674991 10.081665
v 5.598409 0.628401 10.090773
v 5.641675 0.584286 10.102106
v 5.686891 0.542821 10.115622
v 5.733878 0.504168 10.131264
v 5.782451 0.468480 10.148972
v 5.832418 0.435898 10.168675
v 5.883582 0.406551 10.190297
v 5.935742 0.380554 10.213753
v 5.988690 0.358011 10.238948
v 6.042219 0.339010 10.265784
v 6.096116 0.323625 10.294156
v 6.069351 2.208230 10.951266
v 6.017731 2.213583 10.915865
v 5.966577 2.215155 10.879432
v 5.916091 2.212940 10.842113
v 5.866470 2.206946 10.804054
v 5.817913 2.197197 10.765406
v 5.770610 2.183733 10.726320
v 5.724748 2.166604 10.686954
v 5.680507 2.145880 10.647458
v 5.638063 2.121643 10.607992
v 5.597583 2.093987 10.568710
v 5.559226 2.063022 10.529768
v 5.523145 2.028870 10.491320
v 5.489481 1.991666 10.453515
v 5.458367 1.951557 10.416505
v 5.429927 1.908701 10.380435
v 5.404272 1.863267 10.345448
v 5.381503 1.815435 10.311681
v 5.361712 1.765393 10.279267
v 5.344974 1.713338 10.248337
v 5.331357 1.659477 10.219009
v 5.320915 1.604022 10.191401
v 5.313687 1.547191 10.165622
v 5.309705 1.489209 10.141772
v 5.308983 1.430305 10.119948
v 5.311522 1.370711 10.100233
v 5.317314 1.310662 10.082707
v 5.326338 1.250396 10.067439
v 5.338554 1.190150 10.054489
v 5.353916 1.130162 10.043907
v 5.372364 1.070668 10.035735
v 5.393824 1.011905 10.030006
v 5.418212 0.954102 10.026744
v 5.445432 0.897490 10.025960
v 5.475376 0.842290 10.027657
v 5.507926 0.788721 10.031829
v 5.542953 0.736994 10.038458
v 5.580320 0.687313 10.047521
v 5.619880 0.639875 10.058979
v 5.661474 0.594867 10.072788
v 5.704939 0.552466 10.088895
v 5.750105 0.512840 10.107234
v 5.796793 0.476144 10.127734
v 5.844818 0.442525 10.150313
v 5.893991 0.412114 10.174884
v 5.944119 0.385031 10.201348
v 5.995002 0.361384 10.229602
v 6.046440 0.341266 10.259533
v 6.098231 0.324755 10.291024
v 6.071671 2.209317 10.948267
v 6.022362 2.215753 10.909878
v 5.973500 2.218399 10.870481
v 5.925279 2.217245 10.830234
v 5.877888 2.212296 10.789292
v 5.831514 2.203570 10.747821
v 5.786341 2.191103 10.705982
v 5.742547 2.174944 10.663940
v 5.700304 2.155156 10.621862
v 5.659780 2.131818 10.579915
v 5.621134 2.105021 10.538262
v 5.584517 2.074872 10.497068
v 5.550077 2.041490 10.456498
v 5.517949 2.005005 10.416709
v 5.488257 1.965562 10.377859
v 5.461122 1.923318 10.340103
v 5.436648 1.878437 10.303588
v 5.414933 1.831099 10.268458
v 5.396064 1.781488 10.234854
v 5.380112 1.729802 10.202906
v 5.367144 1.676244 10.172742
v 5.357208 1.621026 10.144479
v 5.350343 1.564366 10.118230
v 5.346579 1.506486 10.094098
v 5.345930 1.447616 10.072180
v 5.348396 1.387988 10.052559
v 5.353970 1.327837 10.035316
v 5.362630 1.267401 10.020517
v 5.374340 1.206917 10.008221
v 5.389054 1.146626 9.998476
v 5.406716 1.086764 9.991322
v 5.427254 1.027569 9.986785
v 5.450589 0.969272 9.984884
v 5.476627 0.912106 9.985627
v 5.505266 0.856295 9.989011
v 5.536394 0.802059 9.995023
v 5.569886 0.749613 10.003636
v 5.605612 0.699164 10.014821
v 5.643430 0.650910 10.028530
v 5.683190 0.605043 10.044711
v 5.724736 0.561742 10.063299
v 5.767905 0.521180 10.084222
v 5.812524 0.483515 10.107395
v 5.858419 0.448898 10.132730
v 5.905408 0.417463 10.160123
v 5.953307 0.389336 10.189469
v 6.001925 0.364628 10.220651
v 6.051071 0.343435 10.253546
v 6.100551 0.325842 10.288024
v 6.074187 2.210356 10.945413
v 6.027383 2.217827 10.904179
v 5.981008 2.221501 10.861961
v 5.935243 2.221362 10.818926
v 5.890268 2.217411 10.775242
v 5.846262 2.209664 10.731083
v 5.803399 2.198151 10.686622
v 5.761847 2.182919 10.642035
v 5.721771 2.164026 10.597499
v 5.683329 2.141548 10.553189
v 5.646671 2.115573 10.509279
v 5.611943 2.086204 10.465942
v 5.579283 2.053556 10.423352
v 5.548818 2.017759 10.381675
v 5.520669 1.978954 10.341074
v 5.494949 1.937294 10.301712
v 5.471756 1.892943 10.263742
v 5.451184 1.846076 10.227317
v 5.433313 1.796879 10.192577
v 5.418215 1.745545 10.159662
v 5.405948 1.692278 10.128701
v 5.396562 1.637286 10.099815
v 5.390090 1.580789 10.073119
v 5.386563 1.523007 10.048718
v 5.385993 1.464169 10.026711
v 5.388380 1.404509 10.007180
v 5.393717 1.344260 9.990205
v 5.401984 1.283661 9.975853
v 5.413145 1.222951 9.964180
v 5.427157 1.162369 9.955233
v 5.443966 1.102155 9.949045
v 5.463505 1.042547 9.945643
v 5.485697 0.983778 9.945040
v 5.510454 0.926082 9.947237
v 5.537678 0.869687 9.952226
v 5.567264 0.814814 9.959988
v 5.599092 0.761680 9.970491
v 5.633037 0.710496 9.983695
v 5.668968 0.661462 9.999547
v 5.706739 0.614772 10.017985
v 5.746203 0.570612 10.038936
v 5.787205 0.529154 10.062317
v 5.829582 0.490563 10.088036
v 5.873168 0.454991 10.115991
v 5.917789 0.422579 10.146072
v 5.963271 0.393453 10.178162
v 6.009432 0.367730 10.212131
v 6.056092 0.345510 10.247848
v 6.103066 0.326882 10.285170
v 6.076888 2.211344 10.942713
v 6.032775 2.219799 10.898790
v 5.989069 2.224448 10.853906
v 5.945941 2.225273 10.808234
v 5.903563 2.222272 10.761957
v 5.862100 2.215454 10.715257
v 5.821717 2.204849 10.668318
v 5.782574 2.190496 10.621325
v 5.744823 2.172455 10.574464
v 5.708616 2.150794 10.527920
v 5.674095 2.125599 10.481875
v 5.641394 2.096972 10.436514
v 5.610644 2.065023 10.392014
v 5.581967 2.029880 10.348550
v 5.555475 1.991680 10.306293
v 5.531274 1.950575 10.265413
v 5.509457 1.906727 10.226069
v 5.490111 1.860309 10.188417
v 5.473315 1.811504 10.152606
v 5.459131 1.760505 10.118775
v 5.447619 1.707513 10.087061
v 5.438822 1.652738 10.057586
v 5.432773 1.596395 10.030467
v 5.429501 1.538706 10.005813
v 5.429015 1.479899 9.983720
v 5.431318 1.420208 9.964273
v 5.436400 1.359866 9.947553
v 5.444244 1.299112 9.933624
v 5.454815 1.238186 9.922541
v 5.468073 1.177329 9.914346
v 5.483967 1.116780 9.909074
v 5.502432 1.056779 9.906744
v 5.523397 0.997562 9.907367
v 5.546779 0.939364 9.910938
v 5.572484 0.882413 9.917445
v 5.600412 0.826934 9.926863
v 5.630453 0.773147 9.939152
v 5.662488 0.721263 9.954266
v 5.696391 0.671488 9.972144
v 5.732027 0.624018 9.992716
v 5.769256 0.579040 10.015900
v 5.807931 0.536732 10.041606
v 5.847900 0.497261 10.069731
v 5.889005 0.460782 10.100164
v 5.931083 0.427439 10.132787
v 5.973969 0.397365 10.167470
v 6.017494 0.370677 10.204075
v 6.061484 0.347482 10.242459
v 6.105768 0.327870 10.282470
v 6.079764 2.212276 10.940180
v 6.038517 2.221659 10.893735
v 5.997653 2.227230 10.846346
v 5.957335 2.228965 10.798202
v 5.917719 2.226859 10.749491
v 5.878964 2.220919 10.700406
v 5.841223 2.211169 10.651140
v 5.804644 2.197648 10.601890
v 5.769370 2.180408 10.552847
v 5.735544 2.159519 10.504207
v 5.703296 2.135062 10.456161
v 5.672753 2.107133 10.408897
v 5.644039 2.075844 10.362605
v 5.617265 2.041317 10.317465
v 5.592537 2.003690 10.273655
v 5.569953 1.963109 10.231351
v 5.549602 1.919735 10.190718
v 5.531563 1.873741 10.151915
v 5.515909 1.825306 10.115096
v 5.502700 1.774623 10.080407
v 5.491991 1.721891 10.047986
v 5.483821 1.667319 10.017958
v 5.478223 1.611122 9.990442
v 5.475222 1.553521 9.965549
v 5.474826 1.494744 9.943377
v 5.477038 1.435023 9.924011
v 5.481850 1.374593 9.907529
v 5.489244 1.313693 9.893996
v 5.499187 1.252564 9.883465
v 5.511642 1.191447 9.875978
v 5.526561 1.130582 9.871564
v 5.543884 1.070211 9.870241
v 5.563542 1.010571 9.872014
v 5.585459 0.951897 9.876876
v 5.609546 0.894422 9.884808
v 5.635711 0.838372 9.895779
v 5.663848 0.783968 9.909743
v 5.693848 0.731425 9.926649
v 5.725592 0.680950 9.946428
v 5.758954 0.632743 9.969003
v 5.793803 0.586994 9.994284
v 5.830001 0.543883 10.022170
v 5.867406 0.503581 10.052553
v 5.905869 0.466246 10.085314
v 5.945240 0.432027 10.120320
v 5.985363 0.401057 10.157437
v 6.026078 0.373459 10.196516
v 6.067226 0.349342 10.237403
v 6.108644 0.328802 10.279937
v 6.082805 2.213149 10.937823
v 6.044586 2.223402 10.889030
v 6.006726 2.229834 10.839313
v 5.969376 2.232422 10.788867
v 5.932681 2.231154 10.737891
v 5.896789 2.226036 10.686588
v 5.861839 2.217088 10.635159
v 5.827970 2.204344 10.583807
v 5.795315 2.187857 10.532735
v 5.764004 2.167689 10.482144
v 5.734159 2.143922 10.432235
v 5.705899 2.116649 10.383203
v 5.679336 2.085977 10.335242
v 5.654573 2.052028 10.288544
v 5.631709 2.014935 10.243289
v 5.610835 1.974845 10.199659
v 5.592031 1.931916 10.157825
v 5.575374 1.886318 10.117951
v 5.560928 1.838230 10.080197
v 5.548750 1.787843 10.044709
v 5.538889 1.735355 10.011630
v 5.531383 1.680973 9.981088
v 5.526261 1.624913 9.953203
v 5.523545 1.567394 9.928089
v 5.523246 1.508644 9.905842
v 5.525362 1.448895 9.886550
v 5.529888 1.388384 9.870289
v 5.536805 1.327347 9.857126
v 5.546085 1.266028 9.847109
v 5.557692 1.204667 9.840280
v 5.571580 1.143506 9.836665
v 5.587695 1.082788 9.836278
v 5.605972 1.022752 9.839122
v 5.626340 0.963634 9.845184
v 5.648718 0.905668 9.854441
v 5.673018 0.849082 9.866857
v 5.699144 0.794101 9.882381
v 5.726993 0.740940 9.900954
v 5.756456 0.689811 9.922503
v 5.787415 0.640914 9.946940
v 5.819747 0.594442 9.974171
v 5.853327 0.550580 10.004087
v 5.888022 0.509500 10.036572
v 5.923694 0.471363 10.071496
v 5.960202 0.436322 10.108722
v 5.997404 0.404513 10.148103
v 6.035151 0.376063 10.189482
v 6.073295 0.351084 10.232698
v 6.111685 0.329674 10.277580
v 6.085997 2.213959 10.935652
v 6.050957 2.225019 10.884696
v 6.016252 2.232252 10.832833
v 5.982018 2.235630 10.780268
v 5.948390 2.235141 10.727205
v 5.915503 2.230785 10.673859
v 5.883484 2.222581 10.620436
v 5.852460 2.210560 10.567148
v 5.822554 2.194769 10.514206
v 5.793885 2.175272 10.461819
v 5.766564 2.152145 10.410192
v 5.740699 2.125480 10.359531
v 5.716393 2.095381 10.310035
v 5.693743 2.061968 10.261900
v 5.672837 2.025373 10.215313
v 5.653758 1.985738 10.170463
v 5.636580 1.943222 10.127522
v 5.621372 1.897992 10.086662
v 5.608194 1.850226 10.048045
v 5.597098 1.800113 10.011822
v 5.588128 1.747851 9.978136
v 5.581319 1.693646 9.947121
v 5.576696 1.637712 9.918896
v 5.574282 1.580269 9.893578
v 5.574082 1.521545 9.871263
v 5.576098 1.461771 9.852038
v 5.580323 1.401183 9.835982
v 5.586741 1.340020 9.823158
v 5.595325 1.278524 9.813616
v 5.606040 1.216937 9.807392
v 5.618847 1.155502 9.804513
v 5.633693 1.094462 9.804989
v 5.650520 1.034057 9.808819
v 5.669263 0.974526 9.815988
v 5.689846 0.916105 9.826465
v 5.712189 0.859023 9.840213
v 5.736203 0.803505 9.857174
v 5.761793 0.749772 9.877283
v 5.788860 0.698034 9.900461
v 5.817295 0.648497 9.926615
v 5.846987 0.601355 9.955642
v 5.877818 0.556795 9.987429
v 5.909667 0.514993 10.021849
v 5.942408 0.476113 10.058766
v 5.975912 0.440309 10.098036
v 6.010046 0.407722 10.139503
v 6.044676 0.378481 10.183002
v 6.079666 0.352701 10.228364
v 6.114877 0.330485 10.275409
v 6.089328 2.214703 10.933675
v 6.057606 2.226504 10.880750
v 6.026193 2.234473 10.826933
v 5.995212 2.238578 10.772437
v 5.964785 2.238803 10.717476
v 5.935033 2.235148 10.662267
v 5.906073 2.227627 10.607029
v 5.878018 2.216269 10.551979
v 5.850981 2.201120 10.497334
v 5.825068 2.182238 10.443311
v 5.800381 2.159700 10.390121
v 5.777016 2.133593 10.337976
v 5.755067 2.104021 10.287082
v 5.734621 2.071100 10.237638
v 5.715757 2.034960 10.189839
v 5.698552 1.995744 10.143877
v 5.683071 1.953607 10.099930
v 5.669376 1.908715 10.058172
v 5.657522 1.861245 10.018769
v 5.647554 1.811384 9.981875
v 5.639514 1.759330 9.947638
v 5.633432 1.705287 9.916190
v 5.629331 1.649470 9.887656
v 5.627230 1.592097 9.862151
v 5.627135 1.533396 9.839774
v 5.629046 1.473599 9.820613
v 5.632957 1.412941 9.804743
v 5.638855 1.351662 9.792229
v 5.646711 1.290003 9.783117
v 5.656497 1.228208 9.777446
v 5.668174 1.166521 9.775237
v 5.681697 1.105185 9.776498
v 5.697011 1.044442 9.781226
v 5.714057 0.984533 9.789401
v 5.732766 0.925693 9.800991
v 5.753067 0.868154 9.815951
v 5.774877 0.812145 9.834221
v 5.798110 0.757885 9.855728
v 5.822677 0.705589 9.880390
v 5.848479 0.655463 9.908107
v 5.875414 0.607705 9.938770
v 5.903377 0.562505 9.972260
v 5.932256 0.520039 10.008442
v 5.961938 0.480475 10.047175
v 5.992306 0.443971 10.088305
v 6.023240 0.410669 10.131672
v 6.054617 0.380702 10.177102
v 6.086315 0.354187 10.224418
v 6.118208 0.331229 10.273432
v 6.092785 2.215378 10.931899
v 6.064507 2.227852 10.877207
v 6.036510 2.236488 10.821635
v 6.008905 2.241252 10.765406
v 5.981800 2.242127 10.708739
v 5.955302 2.239107 10.651859
v 5.929516 2.232206 10.594991
v 5.904544 2.221450 10.538359
v 5.880484 2.206882 10.482185
v 5.857432 2.188560 10.426693
v 5.835477 2.166555 10.372101
v 5.814707 2.140955 10.318623
v 5.795205 2.111861 10.266473
v 5.777046 2.079386 10.215855
v 5.760302 2.043661 10.166966
v 5.745040 2.004825 10.120007
v 5.731320 1.963032 10.075155
v 5.719196 1.918446 10.032591
v 5.708715 1.871244 9.992483
v 5.699920 1.821613 9.954988
v 5.692844 1.769747 9.920255
v 5.687517 1.715851 9.888420
v 5.683957 1.660140 9.859608
v 5.682181 1.602831 9.833936
v 5.682195 1.544151 9.811503
v 5.683998 1.484333 9.792397
v 5.687583 1.423611 9.776694
v 5.692939 1.362226 9.764458
v 5.700041 1.300420 9.755734
v 5.708862 1.238436 9.750558
v 5.719368 1.176520 9.748951
v 5.731516 1.114916 9.750917
v 5.745260 1.053867 9.756452
v 5.760546 0.993613 9.765531
v 5.777311 0.934394 9.778118
v 5.795491 0.876441 9.794168
v 5.815013 0.819984 9.813611
v 5.835801 0.765247 9.836375
v 5.857774 0.712444 9.862370
v 5.880842 0.661784 9.891489
v 5.904916 0.613468 9.923621
v 5.929902 0.567686 9.958639
v 5.955699 0.524618 9.996405
v 5.982207 0.484434 10.036768
v 6.009320 0.447294 10.079569
v 6.036933 0.413344 10.124641
v 6.064935 0.382717 10.171804
v 6.093216 0.355534 10.220875
v 6.121665 0.331904 10.271656
v 6.096355 2.215982 10.930333
v 6.071632 2.229057 10.874080
v 6.047163 2.238290 10.816961
v 6.023043 2.243644 10.759203
v 5.999367 2.245098 10.701031
v 5.976230 2.242647 10.642677
v 5.953722 2.236300 10.584371
v 5.931931 2.226083 10.526342
v 5.910945 2.212035 10.468820
v 5.890847 2.194212 10.412031
v 5.871715 2.172684 10.356201
v 5.853623 2.147537 10.301548
v 5.836646 2.118870 10.248289
v 5.820849 2.086795 10.196634
v 5.806294 2.051440 10.146787
v 5.793040 2.012944 10.098946
v 5.781138 1.971458 10.053297
v 5.770635 1.927147 10.010021
v 5.761573 1.880185 9.969291
v 5.753987 1.830758 9.931265
v 5.747908 1.779060 9.896094
v 5.743360 1.725297 9.863917
v 5.740358 1.669680 9.834861
v 5.738919 1.612427 9.809041
v 5.739045 1.553767 9.786559
v 5.740736 1.493929 9.767502
v 5.743985 1.433151 9.751946
v 5.748782 1.371671 9.739956
v 5.755105 1.309733 9.731574
v 5.762929 1.247581 9.726835
v 5.772225 1.185461 9.725759
v 5.782956 1.123617 9.728348
v 5.795078 1.062293 9.734593
v 5.808546 1.001732 9.744471
v 5.823303 0.942173 9.757938
v 5.839294 0.883850 9.774948
v 5.856455 0.826994 9.795428
v 5.874718 0.771829 9.819300
v 5.894011 0.718573 9.846470
v 5.914258 0.667436 9.876828
v 5.935378 0.618620 9.910256
v 5.957289 0.572318 9.946623
v 5.979905 0.528712 9.985784
v 6.003135 0.487974 10.027585
v 6.026888 0.450266 10.071861
v 6.051071 0.415735 10.118438
v 6.075587 0.384519 10.167130
v 6.100341 0.356740 10.217749
v 6.125235 0.332508 10.270090
v 6.100023 2.216512 10.928982
v 6.078954 2.230114 10.871384
v 6.058109 2.239871 10.812929
v 6.037570 2.245742 10.753852
v 6.017418 2.247706 10.694382
v 5.997734 2.245753 10.634756
v 5.978593 2.239893 10.575209
v 5.960073 2.230148 10.515976
v 5.942246 2.216556 10.457290
v 5.925183 2.199172 10.399384
v 5.908950 2.178063 10.342485
v 5.893611 2.153314 10.286819
v 5.879229 2.125021 10.232604
v 5.865859 2.093297 10.180056
v 5.853553 2.058267 10.129379
v 5.842362 2.020068 10.080778
v 5.832327 1.978853 10.034441
v 5.823491 1.934782 9.990551
v 5.815886 1.888031 9.949285
v 5.809543 1.838783 9.910800
v 5.804488 1.787234 9.875253
v 5.800740 1.733586 9.842781
v 5.798313 1.678052 9.813513
v 5.797218 1.620849 9.787566
v 5.797460 1.562205 9.765042
v 5.799036 1.502351 9.746027
v 5.801939 1.441523 9.730599
v 5.806162 1.379960 9.718820
v 5.811685 1.317906 9.710732
v 5.818485 1.255607 9.706370
v 5.826539 1.193307 9.705752
v 5.835811 1.131252 9.708878
v 5.846268 1.069688 9.715737
v 5.857867 1.008857 9.726302
v 5.870562 0.949000 9.740531
v 5.884304 0.890352 9.758368
v 5.899038 0.833145 9.779742
v 5.914706 0.777606 9.804570
v 5.931246 0.723952 9.832754
v 5.948593 0.672396 9.864181
v 5.966679 0.623142 9.898726
v 5.985431 0.576383 9.936256
v 6.004776 0.532305 9.976623
v 6.024639 0.491081 10.019664
v 6.044939 0.452873 10.065212
v 6.065598 0.417834 10.113087
v 6.086533 0.386100 10.163099
v 6.107663 0.357797 10.215052
v 6.128903 0.333038 10.268739
v 6.103775 2.216966 10.927852
v 6.086442 2.231020 10.869126
v 6.069305 2.241225 10.809555
v 6.052429 2.247540 10.749373
v 6.035882 2.249939 10.688817
v 6.019729 2.248414 10.628128
v 6.004034 2.242971 10.567542
v 5.988858 2.233630 10.507301
v 5.974262 2.220429 10.447641
v 5.960303 2.203420 10.388801
v 5.947036 2.182671 10.331008
v 5.934513 2.158262 10.274492
v 5.922785 2.130291 10.219478
v 5.911897 2.098867 10.166182
v 5.901892 2.064115 10.114811
v 5.892810 2.026171 10.065575
v 5.884687 1.985187 10.018661
v 5.877554 1.941322 9.974259
v 5.871440 1.894751 9.932543
v 5.866369 1.845658 9.893675
v 5.862361 1.794235 9.857813
v 5.859432 1.740686 9.825094
v 5.857592 1.685223 9.795649
v 5.856851 1.628063 9.769595
v 5.857210 1.569433 9.747036
v 5.858668 1.509565 9.728057
v 5.861218 1.448694 9.712734
v 5.864854 1.387060 9.701133
v 5.869557 1.324908 9.693292
v 5.875311 1.262481 9.689245
v 5.882092 1.200027 9.689011
v 5.889875 1.137792 9.692585
v 5.898627 1.076022 9.699958
v 5.908316 1.014960 9.711100
v 5.918901 0.954848 9.725964
v 5.930342 0.895921 9.744494
v 5.942594 0.838414 9.766617
v 5.955607 0.782554 9.792244
v 5.969333 0.728559 9.821276
v 5.983714 0.676645 9.853597
v 5.998694 0.627015 9.889078
v 6.014216 0.579866 9.927582
v 6.030217 0.535383 9.968955
v 6.046634 0.493742 10.013036
v 6.063403 0.455107 10.059648
v 6.080457 0.419631 10.108609
v 6.097729 0.387454 10.159725
v 6.115151 0.358703 10.212794
v 6.132655 0.333492 10.267609
v 6.107595 2.217342 10.926946
v 6.094069 2.231771 10.867319
v 6.080707 2.242347 10.806852
v 6.067562 2.249029 10.745787
v 6.054686 2.251790 10.684361
v 6.042129 2.250619 10.622818
v 6.029942 2.245521 10.561400
v 6.018172 2.236516 10.500353
v 6.006866 2.223639 10.439913
v 5.996069 2.206941 10.380322
v 5.985823 2.186488 10.321814
v 5.976167 2.162362 10.264618
v 5.967142 2.134657 10.208963
v 5.958782 2.103482 10.155067
v 5.951120 2.068960 10.103142
v 5.944187 2.031228 10.053396
v 5.938009 1.990435 10.006021
v 5.932612 1.946742 9.961207
v 5.928016 1.900320 9.919131
v 5.924240 1.851354 9.879957
v 5.921299 1.800036 9.843842
v 5.919203 1.746569 9.810925
v 5.917961 1.691165 9.781339
v 5.917580 1.634041 9.755199
v 5.918059 1.575423 9.732612
v 5.919397 1.515543 9.713661
v 5.921588 1.454636 9.698424
v 5.924625 1.392943 9.686964
v 5.928495 1.330709 9.679321
v 5.933182 1.268177 9.675528
v 5.938669 1.205596 9.675599
v 5.944933 1.143212 9.679534
v 5.951950 1.081270 9.687319
v 5.959692 1.020017 9.698920
v 5.968129 0.959693 9.714293
v 5.977227 0.900536 9.733380
v 5.986951 0.842780 9.756102
v 5.997262 0.786654 9.782370
v 6.008119 0.732377 9.812082
v 6.019480 0.680165 9.845119
v 6.031299 0.630224 9.881350
v 6.043530 0.582751 9.920633
v 6.056125 0.537933 9.962814
v 6.069034 0.495946 10.007726
v 6.082206 0.456958 10.055190
v 6.095590 0.421121 10.105021
v 6.109131 0.388577 10.157022
v 6.122778 0.359454 10.210987
v 6.136475 0.333868 10.266703
v 6.111470 2.217639 10.926269
v 6.101803 2.232363 10.865967
v 6.092270 2.243233 10.804832
v 6.082908 2.250205 10.743104
v 6.073754 2.253251 10.681027
v 6.064846 2.252359 10.618848
v 6.056216 2.247533 10.556808
v 6.047901 2.238792 10.495157
v 6.039931 2.226171 10.434134
v 6.032340 2.209719 10.373982
v 6.025157 2.189501 10.314939
v 6.018409 2.165598 10.257235
v 6.012125 2.138102 10.201101
v 6.006329 2.107124 10.146757
v 6.001043 2.072784 10.094417
v 5.996289 2.035219 10.044290
v 5.992085 1.994577 9.996571
v 5.988447 1.951019 9.951449
v 5.985391 1.904715 9.909103
v 5.982928 1.855849 9.869700
v 5.981068 1.804614 9.833395
v 5.979818 1.751212 9.800332
v 5.979183 1.695854 9.770638
v 5.979166 1.638758 9.744436
v 5.979767 1.580149 9.721827
v 5.980983 1.520260 9.702897
v 5.982810 1.459326 9.687724
v 5.985240 1.397586 9.676370
v 5.988264 1.335287 9.668875
v 5.991870 1.272673 9.665271
v 5.996043 1.209991 9.665571
v 6.000768 1.147489 9.669776
v 6.006025 1.085413 9.677868
v 6.011794 1.024008 9.689815
v 6.018052 0.963517 9.705568
v 6.024774 0.904178 9.725071
v 6.031934 0.846226 9.748240
v 6.039504 0.789890 9.774987
v 6.047453 0.735390 9.805207
v 6.055751 0.682944 9.838778
v 6.064363 0.632757 9.875570
v 6.073258 0.585028 9.915438
v 6.082399 0.539945 9.958222
v 6.091751 0.497686 10.003756
v 6.101275 0.458418 10.051858
v 6.110936 0.422296 10.102340
v 6.120694 0.389462 10.155001
v 6.130512 0.360046 10.209635
v 6.140350 0.334164 10.266026
v 6.115383 2.217855 10.925822
v 6.109614 2.232795 10.865077
v 6.103948 2.243879 10.803500
v 6.098407 2.251061 10.741338
v 6.093013 2.254315 10.678832
v 6.087788 2.253627 10.616233
v 6.082752 2.249001 10.553784
v 6.077925 2.240453 10.491735
v 6.073326 2.228018 10.430328
v 6.068973 2.211744 10.369807
v 6.064883 2.191698 10.310411
v 6.061073 2.167957 10.252373
v 6.057557 2.140614 10.195923
v 6.054350 2.109779 10.141284
v 6.051464 2.075572 10.088671
v 6.048911 2.038128 10.038293
v 6.046699 1.997597 9.990346
v 6.044839 1.954136 9.945022
v 6.043338 1.907918 9.902499
v 6.042201 1.859126 9.862945
v 6.041433 1.807952 9.826515
v 6.041038 1.754597 9.793354
v 6.041015 1.699273 9.763591
v 6.041367 1.642197 9.737347
v 6.042090 1.583595 9.714724
v 6.043184 1.523699 9.695808
v 6.044641 1.462744 9.680677
v 6.046460 1.400971 9.669393
v 6.048630 1.338624 9.661995
v 6.051143 1.275950 9.658515
v 6.053990 1.213194 9.658967
v 6.057160 1.150606 9.663348
v 6.060639 1.088432 9.671643
v 6.064416 1.026917 9.683817
v 6.068473 0.966305 9.699822
v 6.072795 0.906833 9.719598
v 6.077366 0.848738 9.743062
v 6.082167 0.792248 9.770124
v 6.087180 0.737586 9.800679
v 6.092383 0.684969 9.834604
v 6.097758 0.634603 9.871764
v 6.103283 0.586688 9.912016
v 6.108935 0.541412 9.955197
v 6.114693 0.498955 10.001141
v 6.120534 0.459483 10.049663
v 6.126435 0.423153 10.100574
v 6.132372 0.390108 10.153670
v 6.138323 0.360478 10.208745
v 6.144263 0.334381 10.265579
v 6.119320 2.217990 10.925610
v 6.117472 2.233065 10.864652
v 6.115695 2.244282 10.802865
v 6.113998 2.251596 10.740494
v 6.112387 2.254980 10.677784
v 6.110867 2.254419 10.614984
v 6.109446 2.249916 10.552340
v 6.108128 2.241489 10.490100
v 6.106918 2.229170 10.428510
v 6.105823 2.213009 10.367813
v 6.104846 2.193069 10.308249
v 6.103989 2.169429 10.250050
v 6.103259 2.142182 10.193449
v 6.102656 2.111436 10.138670
v 6.102184 2.077312 10.085925
v 6.101844 2.039945 10.035427
v 6.101637 1.999482 9.987372
v 6.101565 1.956082 9.941952
v 6.101628 1.909918 9.899344
v 6.101825 1.861172 9.859717
v 6.102157 1.810035 9.823229
v 6.102620 1.756710 9.790021
v 6.103213 1.701407 9.760224
v 6.103936 1.644344 9.733960
v 6.104783 1.585746 9.711330
v 6.105753 1.525846 9.692421
v 6.106840 1.464878 9.677311
v 6.108042 1.403084 9.666059
v 6.109353 1.340708 9.658709
v 6.110767 1.277995 9.655288
v 6.112281 1.215194 9.655812
v 6.113886 1.152552 9.660278
v 6.115578 1.090317 9.668669
v 6.117349 1.028733 9.680952
v 6.119193 0.968045 9.697077
v 6.121101 0.908490 9.716983
v 6.123067 0.850306 9.740588
v 6.125083 0.793721 9.767801
v 6.127142 0.738957 9.798516
v 6.129233 0.686233 9.832609
v 6.131351 0.635756 9.869946
v 6.133485 0.587724 9.910381
v 6.135629 0.542328 9.953753
v 6.137772 0.499747 9.999891
v 6.139907 0.460148 10.048614
v 6.142026 0.423688 10.099730
v 6.144120 0.390511 10.153034
v 6.146181 0.360748 10.208320
v 6.148200 0.334516 10.265367
v 6.123264 2.218043 10.925630
v 6.131797 2.255242 10.677886
v 6.133991 2.254731 10.615105
v 6.138389 2.241897 10.490259
v 6.140576 2.229624 10.428686
v 6.142745 2.213507 10.368007
v 6.146989 2.170009 10.250276
v 6.149049 2.142800 10.193689
v 6.151055 2.112089 10.138924
v 6.156682 2.000224 9.987661
v 6.161566 1.861978 9.860031
v 6.162998 1.810856 9.823548
v 6.165533 1.702248 9.760551
v 6.169160 1.465719 9.677638
v 6.169744 1.403916 9.666383
v 6.170194 1.341529 9.659028
v 6.170508 1.278801 9.655602
v 6.170623 1.091059 9.668959
v 6.169501 0.909143 9.717237
v 6.168858 0.850924 9.740829
v 6.168083 0.794301 9.768027
v 6.167181 0.739498 9.798727
v 6.165009 0.636210 9.870123
v 6.163747 0.588133 9.910540
v 6.162374 0.542689 9.953894
v 6.160896 0.500059 10.000012
v 6.159318 0.460410 10.048716
v 6.157648 0.423899 10.099812
v 6.154053 0.360854 10.208361
v 6.152144 0.334569 10.265388
vn 0.0648 0.0547 -0.9964
vn 0.0471 0.7651 -0.6422
vn 0.0384 -0.7344 -0.6776
vn -0.0072 0.9931 0.1171
vn 0.0065 0.9930 0.1180
vn 0.0644 -0.0080 -0.9979
vn 0.0498 0.7232 -0.6889
vn 0.0351 -0.7756 -0.6303
vn 0.0038 0.9985 0.0548
vn 0.0638 -0.0708 -0.9954
vn 0.0523 0.6784 -0.7328
vn 0.0316 -0.8137 -0.5804
vn 0.0078 0.9999 -0.0079
vn 0.0630 -0.1333 -0.9891
vn 0.0546 0.6310 -0.7739
vn 0.0211 -0.8487 -0.5285
vn 0.0348 -0.8488 -0.5276
vn 0.0119 0.9974 -0.0705
vn 0.0618 -0.1952 -0.9788
vn 0.0567 0.5810 -0.8119
vn 0.0193 -0.8802 -0.4742
vn 0.0291 -0.8803 -0.4736
vn 0.0158 0.9910 -0.1329
vn 0.0605 -0.2564 -0.9647
vn 0.0586 0.5288 -0.8467
vn 0.0174 -0.9083 -0.4181
vn 0.0233 -0.9083 -0.4177
vn 0.0198 0.9807 -0.1948
vn 0.0589 -0.3166 -0.9467
vn 0.0602 0.4745 -0.8782
vn 0.0116 -0.9331 -0.3595
vn 0.0155 -0.9327 -0.3602
vn 0.0174 -0.9327 -0.3601
vn 0.0236 0.9664 -0.2559
vn 0.0570 -0.3755 -0.9251
vn 0.0616 0.4183 -0.9062
vn 0.0274 0.9484 -0.3159
vn 0.0550 -0.4329 -0.8997
vn 0.0628 0.3605 -0.9307
vn 0.0310 0.9266 -0.3747
vn 0.0527 -0.4887 -0.8709
vn 0.0637 0.3012 -0.9514
vn 0.0345 0.9012 -0.4321
vn 0.0502 -0.5425 -0.8385
vn 0.0644 0.2408 -0.9684
vn 0.0379 0.8722 -0.4877
vn 0.0475 -0.5942 -0.8029
vn -0.0135 0.9535 0.3010
vn -0.0077 0.9532 0.3024
vn -0.0115 0.9535 0.3011
vn 0.0648 0.1794 -0.9816
vn 0.0411 0.8398 -0.5414
vn 0.0447 -0.6435 -0.7641
vn -0.0114 0.9706 0.2406
vn -0.0055 0.9705 0.2409
vn 0.0649 0.1173 -0.9910
vn 0.0442 0.8040 -0.5930
vn 0.0416 -0.6903 -0.7223
vn -0.0093 0.9838 0.1792
vn 0.0005 0.9837 0.1798
vn 0.0483 -0.8491 -0.5260
vn 0.0367 0.9970 -0.0682
vn 0.1157 -0.1962 -0.9737
vn 0.1168 0.5799 -0.8062
vn 0.0388 -0.8805 -0.4724
vn 0.0442 0.9905 -0.1302
vn 0.1122 -0.2573 -0.9598
vn 0.1196 0.5277 -0.8410
vn 0.0292 -0.9085 -0.4169
vn 0.0516 0.9801 -0.1918
vn 0.1083 -0.3174 -0.9421
vn 0.1220 0.4734 -0.8724
vn 0.0194 -0.9328 -0.3599
vn 0.0588 0.9658 -0.2525
vn 0.1040 -0.3763 -0.9206
vn 0.1239 0.4172 -0.9003
vn 0.0657 0.9477 -0.3123
vn 0.0992 -0.4337 -0.8956
vn 0.1253 0.3594 -0.9248
vn 0.0724 0.9259 -0.3708
vn 0.0941 -0.4894 -0.8670
vn 0.1262 0.3001 -0.9455
vn 0.0788 0.9004 -0.4279
vn 0.0886 -0.5432 -0.8349
vn 0.1266 0.2397 -0.9626
vn 0.0848 0.8714 -0.4833
vn 0.0827 -0.5948 -0.7996
vn -0.0095 0.9535 0.3014
vn 0.1265 0.1783 -0.9758
vn 0.0906 0.8389 -0.5367
vn 0.0765 -0.6441 -0.7611
vn 0.0004 0.9704 0.2417
vn 0.1259 0.1162 -0.9852
vn 0.0959 0.8031 -0.5881
vn 0.0700 -0.6908 -0.7196
vn 0.0103 0.9834 0.1810
vn 0.1249 0.0537 -0.9907
vn 0.1009 0.7641 -0.6371
vn 0.0633 -0.7349 -0.6753
vn 0.0201 0.9926 0.1197
vn 0.1233 -0.0091 -0.9923
vn 0.1055 0.7222 -0.6836
vn 0.0562 -0.7760 -0.6283
vn 0.0212 0.9982 0.0565
vn 0.1212 -0.0718 -0.9900
vn 0.1097 0.6774 -0.7274
vn 0.0490 -0.8140 -0.5788
vn 0.0290 0.9996 -0.0059
vn 0.1187 -0.1342 -0.9838
vn 0.1135 0.6299 -0.7683
vn 0.1226 0.8987 -0.4211
vn 0.1266 -0.5447 -0.8290
vn 0.1884 0.2373 -0.9530
vn 0.1314 0.8695 -0.4761
vn 0.1176 -0.5962 -0.7942
vn -0.0076 0.9534 0.3017
vn 0.1878 0.1759 -0.9663
vn 0.1396 0.8370 -0.5291
vn 0.1081 -0.6453 -0.7562
vn 0.0062 0.9701 0.2427
vn 0.1865 0.1139 -0.9758
vn 0.1473 0.8011 -0.5801
vn 0.0982 -0.6919 -0.7153
vn 0.0199 0.9829 0.1828
vn 0.1844 0.0514 -0.9815
vn 0.1543 0.7621 -0.6288
vn 0.0879 -0.7358 -0.6715
vn 0.0336 0.9919 0.1222
vn 0.1816 -0.0114 -0.9833
vn 0.1608 0.7200 -0.6750
vn 0.0773 -0.7768 -0.6250
vn 0.0385 0.9975 0.0592
vn 0.1782 -0.0740 -0.9812
vn 0.1667 0.6752 -0.7186
vn 0.0663 -0.8147 -0.5761
vn 0.0500 0.9987 -0.0026
vn 0.1740 -0.1364 -0.9753
vn 0.1718 0.6276 -0.7593
vn 0.0618 -0.8498 -0.5235
vn 0.0614 0.9960 -0.0644
vn 0.1691 -0.1982 -0.9655
vn 0.1764 0.5776 -0.7970
vn 0.0485 -0.8810 -0.4706
vn 0.0724 0.9894 -0.1259
vn 0.1635 -0.2593 -0.9519
vn 0.1802 0.5253 -0.8316
vn 0.0350 -0.9088 -0.4159
vn 0.0832 0.9789 -0.1869
vn 0.1573 -0.3194 -0.9345
vn 0.1833 0.4710 -0.8629
vn 0.0213 -0.9329 -0.3595
vn 0.0937 0.9644 -0.2471
vn 0.1505 -0.3781 -0.9134
vn 0.1856 0.4148 -0.8908
vn 0.1037 0.9462 -0.3064
vn 0.1431 -0.4354 -0.8888
vn 0.1873 0.3569 -0.9152
vn 0.1134 0.9243 -0.3645
vn 0.1351 -0.4910 -0.8606
vn 0.1882 0.2977 -0.9359
vn 0.0834 -0.8157 -0.5724
vn 0.0708 0.9975 0.0019
vn 0.2286 -0.1397 -0.9635
vn 0.2295 0.6241 -0.7468
vn 0.0751 -0.8508 -0.5202
vn 0.0857 0.9946 -0.0591
vn 0.2218 -0.2014 -0.9541
vn 0.2352 0.5741 -0.7843
vn 0.0580 -0.8817 -0.4682
vn 0.1003 0.9877 -0.1198
vn 0.2142 -0.2624 -0.9409
vn 0.2400 0.5217 -0.8187
vn 0.0407 -0.9092 -0.4145
vn 0.1144 0.9770 -0.1801
vn 0.2058 -0.3223 -0.9240
vn 0.2438 0.4673 -0.8498
vn 0.0223 -0.9330 -0.3593
vn 0.1281 0.9624 -0.2397
vn 0.1965 -0.3809 -0.9035
vn 0.2467 0.4111 -0.8776
vn 0.1413 0.9440 -0.2983
vn 0.1864 -0.4381 -0.8794
vn 0.2486 0.3532 -0.9019
vn 0.1540 0.9218 -0.3557
vn 0.1757 -0.4935 -0.8518
vn 0.2495 0.2940 -0.9227
vn 0.1660 0.8961 -0.4117
vn 0.1642 -0.5469 -0.8209
vn 0.2494 0.2336 -0.9398
vn 0.1774 0.8668 -0.4661
vn 0.1520 -0.5983 -0.7867
vn -0.0057 0.9532 0.3022
vn 0.2483 0.1723 -0.9532
vn 0.1880 0.8340 -0.5187
vn 0.1393 -0.6472 -0.7495
vn 0.0119 0.9697 0.2442
vn 0.2463 0.1102 -0.9629
vn 0.1980 0.7980 -0.5692
vn 0.1260 -0.6936 -0.7092
vn 0.0294 0.9823 0.1852
vn 0.2433 0.0478 -0.9688
vn 0.2071 0.7589 -0.6174
vn 0.1123 -0.7373 -0.6662
vn 0.0468 0.9910 0.1254
vn 0.2393 -0.0148 -0.9708
vn 0.2154 0.7167 -0.6632
vn 0.0980 -0.7780 -0.6205
vn 0.0556 0.9965 0.0629
vn 0.2344 -0.0774 -0.9691
vn 0.2229 0.6718 -0.7064
vn 0.1938 0.9185 -0.3446
vn 0.2155 -0.4968 -0.8407
vn 0.3098 0.2890 -0.9058
vn 0.2086 0.8925 -0.3998
vn 0.2012 -0.5500 -0.8106
vn 0.3094 0.2286 -0.9230
vn 0.2226 0.8630 -0.4535
vn 0.1860 -0.6011 -0.7773
vn -0.0038 0.9531 0.3028
vn 0.3079 0.1673 -0.9366
vn 0.2357 0.8301 -0.5053
vn 0.1700 -0.6498 -0.7409
vn 0.0175 0.9691 0.2459
vn 0.3052 0.1054 -0.9465
vn 0.2478 0.7939 -0.5552
vn 0.1534 -0.6959 -0.7016
vn 0.0388 0.9814 0.1881
vn 0.3012 0.0430 -0.9526
vn 0.2590 0.7546 -0.6029
vn 0.1362 -0.7393 -0.6595
vn 0.0599 0.9898 0.1295
vn 0.2961 -0.0195 -0.9550
vn 0.2692 0.7123 -0.6482
vn 0.1185 -0.7797 -0.6148
vn 0.0725 0.9951 0.0676
vn 0.2898 -0.0820 -0.9536
vn 0.2783 0.6672 -0.6910
vn 0.1003 -0.8171 -0.5677
vn 0.0913 0.9958 0.0076
vn 0.2823 -0.1441 -0.9484
vn 0.2863 0.6195 -0.7310
vn 0.0881 -0.8520 -0.5161
vn 0.1097 0.9926 -0.0524
vn 0.2738 -0.2057 -0.9395
vn 0.2931 0.5693 -0.7681
vn 0.0673 -0.8826 -0.4653
vn 0.1276 0.9855 -0.1122
vn 0.2641 -0.2665 -0.9269
vn 0.2989 0.5169 -0.8022
vn 0.0463 -0.9097 -0.4127
vn 0.1451 0.9744 -0.1715
vn 0.2534 -0.3262 -0.9107
vn 0.3034 0.4624 -0.8331
vn 0.0303 -0.9341 -0.3558
vn 0.0242 -0.9331 -0.3588
vn 0.0251 -0.9332 -0.3584
vn 0.1620 0.9596 -0.2302
vn 0.2417 -0.3847 -0.8908
vn 0.3067 0.4061 -0.8608
vn 0.1783 0.9409 -0.2879
vn 0.2291 -0.4416 -0.8675
vn 0.3088 0.3483 -0.8851
vn 0.1385 -0.7818 -0.6079
vn 0.0890 0.9933 0.0733
vn 0.3440 -0.0877 -0.9349
vn 0.3325 0.6615 -0.6722
vn 0.1168 -0.8189 -0.5620
vn 0.1113 0.9937 0.0145
vn 0.3350 -0.1497 -0.9303
vn 0.3419 0.6136 -0.7118
vn 0.1008 -0.8535 -0.5113
vn 0.1331 0.9901 -0.0443
vn 0.3246 -0.2111 -0.9220
vn 0.3499 0.5633 -0.7485
vn 0.0765 -0.8836 -0.4619
vn 0.1545 0.9826 -0.1029
vn 0.3130 -0.2717 -0.9101
vn 0.3565 0.5108 -0.7823
vn 0.0518 -0.9103 -0.4106
vn 0.1752 0.9713 -0.1612
vn 0.3001 -0.3312 -0.8946
vn 0.3617 0.4562 -0.8130
vn 0.0269 -0.9334 -0.3577
vn 0.1953 0.9560 -0.2187
vn 0.2861 -0.3893 -0.8755
vn 0.3655 0.3999 -0.8405
vn 0.2145 0.9371 -0.2754
vn 0.2709 -0.4460 -0.8531
vn 0.3679 0.3420 -0.8647
vn 0.2329 0.9144 -0.3311
vn 0.2546 -0.5009 -0.8272
vn 0.3688 0.2828 -0.8854
vn 0.2504 0.8881 -0.3854
vn 0.2374 -0.5538 -0.7981
vn 0.3683 0.2224 -0.9027
vn 0.2669 0.8583 -0.4382
vn 0.2192 -0.6046 -0.7658
vn -0.0020 0.9528 0.3035
vn 0.3663 0.1612 -0.9164
vn 0.2824 0.8252 -0.4892
vn 0.2001 -0.6529 -0.7305
vn 0.0230 0.9685 0.2480
vn 0.3628 0.0993 -0.9266
vn 0.2967 0.7887 -0.5384
vn 0.1803 -0.6987 -0.6923
vn 0.0479 0.9803 0.1915
vn 0.3580 0.0370 -0.9330
vn 0.3099 0.7492 -0.5854
vn 0.1597 -0.7417 -0.6514
vn 0.0726 0.9883 0.1343
vn 0.3517 -0.0254 -0.9358
vn 0.3218 0.7067 -0.6300
vn 0.2499 0.9325 -0.2608
vn 0.3117 -0.4513 -0.8362
vn 0.4255 0.3345 -0.8408
vn 0.2711 0.9095 -0.3153
vn 0.2928 -0.5058 -0.8114
vn 0.4264 0.2753 -0.8616
vn 0.2912 0.8828 -0.3685
vn 0.2727 -0.5584 -0.7835
vn 0.4256 0.2150 -0.8790
vn 0.3102 0.8527 -0.4203
vn 0.2516 -0.6088 -0.7524
vn -0.0002 0.9526 0.3043
vn 0.4232 0.1538 -0.8929
vn 0.3279 0.8193 -0.4704
vn 0.2295 -0.6567 -0.7184
vn 0.0284 0.9677 0.2504
vn 0.4191 0.0920 -0.9033
vn 0.3444 0.7826 -0.5186
vn 0.2064 -0.7021 -0.6815
vn 0.0568 0.9791 0.1955
vn 0.4133 0.0298 -0.9101
vn 0.3595 0.7428 -0.5648
vn 0.1826 -0.7447 -0.6419
vn 0.0850 0.9865 0.1399
vn 0.4059 -0.0324 -0.9133
vn 0.3732 0.7001 -0.6088
vn 0.1580 -0.7844 -0.5998
vn 0.1051 0.9912 0.0799
vn 0.3969 -0.0946 -0.9130
vn 0.3854 0.6546 -0.6504
vn 0.1329 -0.8209 -0.5553
vn 0.1308 0.9911 0.0226
vn 0.3863 -0.1564 -0.9090
vn 0.3961 0.6065 -0.6893
vn 0.1132 -0.8552 -0.5057
vn 0.1560 0.9871 -0.0348
vn 0.3742 -0.2175 -0.9015
vn 0.4052 0.5561 -0.7256
vn 0.0854 -0.8849 -0.4579
vn 0.1807 0.9792 -0.0921
vn 0.3607 -0.2778 -0.8903
vn 0.4128 0.5035 -0.7590
vn 0.0572 -0.9111 -0.4082
vn 0.2046 0.9674 -0.1490
vn 0.3457 -0.3371 -0.8757
vn 0.4187 0.4489 -0.7895
vn 0.0287 -0.9337 -0.3569
vn 0.2277 0.9518 -0.2053
vn 0.3293 -0.3950 -0.8577
vn 0.4229 0.3925 -0.8168
vn 0.2048 -0.7482 -0.6311
vn 0.0970 0.9845 0.1462
vn 0.4586 -0.0406 -0.8877
vn 0.4231 0.6923 -0.5845
vn 0.1770 -0.7873 -0.5906
vn 0.1207 0.9888 0.0875
vn 0.4483 -0.1026 -0.8880
vn 0.4368 0.6466 -0.6254
vn 0.1485 -0.8234 -0.5477
vn 0.1498 0.9882 0.0318
vn 0.4362 -0.1641 -0.8848
vn 0.4488 0.5984 -0.6637
vn 0.1252 -0.8573 -0.4994
vn 0.1783 0.9837 -0.0240
vn 0.4224 -0.2250 -0.8780
vn 0.4590 0.5478 -0.6995
vn 0.0940 -0.8864 -0.4534
vn 0.2061 0.9753 -0.0797
vn 0.4070 -0.2850 -0.8678
vn 0.4674 0.4950 -0.7325
vn 0.0623 -0.9120 -0.4055
vn 0.2331 0.9630 -0.1352
vn 0.3899 -0.3439 -0.8542
vn 0.4739 0.4403 -0.7626
vn 0.0305 -0.9340 -0.3560
vn 0.2591 0.9470 -0.1900
vn 0.3713 -0.4015 -0.8372
vn 0.4786 0.3838 -0.7897
vn 0.2842 0.9272 -0.2441
vn 0.3512 -0.4574 -0.8169
vn 0.4814 0.3259 -0.8136
vn 0.3081 0.9037 -0.2973
vn 0.3298 -0.5116 -0.7934
vn 0.4823 0.2666 -0.8344
vn 0.3308 0.8767 -0.3493
vn 0.3070 -0.5637 -0.7668
vn 0.4814 0.2063 -0.8519
vn 0.3522 0.8462 -0.3999
vn 0.2831 -0.6137 -0.7371
vn 0.0016 0.9523 0.3052
vn 0.4785 0.1452 -0.8660
vn 0.3722 0.8124 -0.4489
vn 0.2580 -0.6612 -0.7045
vn 0.0335 0.9669 0.2531
vn 0.4737 0.0835 -0.8767
vn 0.3907 0.7754 -0.4961
vn 0.2319 -0.7061 -0.6691
vn 0.0654 0.9776 0.2001
vn 0.4670 0.0215 -0.8840
vn 0.4077 0.7353 -0.5414
vn 0.2895 0.9414 -0.1729
vn 0.4118 -0.4089 -0.8144
vn 0.5324 0.3740 -0.7593
vn 0.3173 0.9211 -0.2255
vn 0.3895 -0.4644 -0.7954
vn 0.5355 0.3160 -0.7832
vn 0.3438 0.8972 -0.2771
vn 0.3655 -0.5181 -0.7733
vn 0.5364 0.2568 -0.8040
vn 0.3690 0.8697 -0.3277
vn 0.3402 -0.5698 -0.7481
vn 0.5352 0.1965 -0.8216
vn 0.3927 0.8388 -0.3770
vn 0.3134 -0.6192 -0.7200
vn 0.0024 0.9521 0.3057
vn 0.5319 0.1355 -0.8359
vn 0.4149 0.8046 -0.4248
vn 0.2855 -0.6662 -0.6890
vn 0.0385 0.9659 0.2561
vn 0.5264 0.0739 -0.8470
vn 0.4354 0.7672 -0.4709
vn 0.2564 -0.7105 -0.6553
vn 0.0737 0.9760 0.2051
vn 0.5189 0.0120 -0.8547
vn 0.4542 0.7268 -0.5152
vn 0.2263 -0.7521 -0.6190
vn 0.1086 0.9822 0.1532
vn 0.5094 -0.0499 -0.8591
vn 0.4712 0.6836 -0.5574
vn 0.1953 -0.7907 -0.5803
vn 0.1358 0.9861 0.0960
vn 0.4979 -0.1116 -0.8600
vn 0.4864 0.6376 -0.5974
vn 0.1636 -0.8261 -0.5392
vn 0.1681 0.9849 0.0421
vn 0.4844 -0.1729 -0.8576
vn 0.4996 0.5891 -0.6351
vn 0.1368 -0.8595 -0.4924
vn 0.1998 0.9798 -0.0119
vn 0.4689 -0.2335 -0.8518
vn 0.5109 0.5383 -0.6702
vn 0.1023 -0.8880 -0.4483
vn 0.2306 0.9708 -0.0659
vn 0.4517 -0.2932 -0.8426
vn 0.5201 0.4854 -0.7028
vn 0.0673 -0.9129 -0.4025
vn 0.2606 0.9580 -0.1196
vn 0.4326 -0.3517 -0.8302
vn 0.5273 0.4306 -0.7325
vn 0.0321 -0.9343 -0.3550
vn 0.2800 -0.7155 -0.6400
vn 0.0816 0.9742 0.2106
vn 0.5688 0.0015 -0.8225
vn 0.4989 0.7174 -0.4863
vn 0.2469 -0.7564 -0.6057
vn 0.1197 0.9797 0.1608
vn 0.5583 -0.0602 -0.8275
vn 0.5175 0.6738 -0.5275
vn 0.2129 -0.7944 -0.5689
vn 0.1503 0.9830 0.1054
vn 0.5455 -0.1217 -0.8292
vn 0.5340 0.6275 -0.5666
vn 0.1780 -0.8292 -0.5299
vn 0.1857 0.9811 0.0535
vn 0.5306 -0.1827 -0.8277
vn 0.5485 0.5788 -0.6035
vn 0.1479 -0.8620 -0.4848
vn 0.2204 0.9754 0.0014
vn 0.5136 -0.2429 -0.8229
vn 0.5608 0.5278 -0.6380
vn 0.1102 -0.8898 -0.4428
vn 0.2542 0.9658 -0.0506
vn 0.4946 -0.3023 -0.8149
vn 0.5708 0.4747 -0.6700
vn 0.0721 -0.9140 -0.3992
vn 0.2870 0.9524 -0.1025
vn 0.4737 -0.3604 -0.8036
vn 0.5786 0.4197 -0.6993
vn 0.0337 -0.9347 -0.3539
vn 0.3187 0.9353 -0.1540
vn 0.4508 -0.4171 -0.7892
vn 0.5842 0.3631 -0.7259
vn 0.3491 0.9144 -0.2049
vn 0.4262 -0.4722 -0.7716
vn 0.5874 0.3051 -0.7496
vn 0.3782 0.8899 -0.2549
vn 0.3999 -0.5254 -0.7511
vn 0.5883 0.2458 -0.7704
vn 0.4057 0.8620 -0.3040
vn 0.3720 -0.5765 -0.7275
vn 0.5869 0.1856 -0.7881
vn 0.4317 0.8306 -0.3518
vn 0.3427 -0.6254 -0.7011
vn 0.0040 0.9518 0.3067
vn 0.0089 0.9503 0.3113
vn 0.0048 0.9516 0.3073
vn 0.5831 0.1246 -0.8027
vn 0.4559 0.7959 -0.3983
vn 0.3119 -0.6718 -0.6719
vn 0.0433 0.9648 0.2594
vn 0.5771 0.0632 -0.8142
vn 0.4784 0.7582 -0.4431
vn 0.3123 0.9463 -0.0839
vn 0.5129 -0.3699 -0.7747
vn 0.6276 0.4078 -0.6632
vn 0.0352 -0.9351 -0.3527
vn 0.3466 0.9285 -0.1334
vn 0.4880 -0.4261 -0.7617
vn 0.6335 0.3511 -0.6895
vn 0.3796 0.9070 -0.1824
vn 0.4613 -0.4807 -0.7458
vn 0.6370 0.2930 -0.7130
vn 0.4110 0.8820 -0.2307
vn 0.4327 -0.5333 -0.7268
vn 0.6379 0.2337 -0.7338
vn 0.4408 0.8534 -0.2781
vn 0.4024 -0.5839 -0.7051
vn 0.6363 0.1736 -0.7517
vn 0.4689 0.8215 -0.3244
vn 0.3705 -0.6322 -0.6805
vn 0.0063 0.9512 0.3085
vn 0.6322 0.1127 -0.7666
vn 0.4951 0.7864 -0.3693
vn 0.3372 -0.6779 -0.6532
vn 0.0479 0.9636 0.2630
vn 0.6255 0.0514 -0.7785
vn 0.5194 0.7482 -0.4129
vn 0.3025 -0.7210 -0.6234
vn 0.0892 0.9722 0.2165
vn 0.6165 -0.0101 -0.7873
vn 0.5416 0.7070 -0.4548
vn 0.2667 -0.7612 -0.5911
vn 0.1302 0.9770 0.1691
vn 0.6050 -0.0716 -0.7930
vn 0.5617 0.6630 -0.4949
vn 0.2297 -0.7985 -0.5565
vn 0.1641 0.9796 0.1156
vn 0.5911 -0.1327 -0.7956
vn 0.5796 0.6164 -0.5330
vn 0.1919 -0.8326 -0.5196
vn 0.2025 0.9771 0.0659
vn 0.5748 -0.1934 -0.7951
vn 0.5952 0.5674 -0.5690
vn 0.1584 -0.8648 -0.4765
vn 0.2401 0.9706 0.0160
vn 0.5564 -0.2533 -0.7914
vn 0.6084 0.5162 -0.6028
vn 0.1178 -0.8918 -0.4369
vn 0.2767 0.9603 -0.0340
vn 0.5357 -0.3122 -0.7846
vn 0.6192 0.4629 -0.6342
vn 0.0767 -0.9152 -0.3956
vn 0.3612 -0.6846 -0.6332
vn 0.0522 0.9623 0.2669
vn 0.6715 0.0386 -0.7400
vn 0.5584 0.7373 -0.3802
vn 0.3239 -0.7269 -0.6055
vn 0.0964 0.9701 0.2229
vn 0.6617 -0.0227 -0.7494
vn 0.5822 0.6957 -0.4208
vn 0.2854 -0.7664 -0.5754
vn 0.1402 0.9740 0.1781
vn 0.6493 -0.0839 -0.7559
vn 0.6037 0.6513 -0.4597
vn 0.2457 -0.8029 -0.5431
vn 0.1773 0.9760 0.1266
vn 0.6343 -0.1448 -0.7594
vn 0.6228 0.6044 -0.4968
vn 0.2050 -0.8362 -0.5086
vn 0.2185 0.9726 0.0793
vn 0.6168 -0.2051 -0.7599
vn 0.6395 0.5551 -0.5319
vn 0.1684 -0.8678 -0.4676
vn 0.2588 0.9654 0.0317
vn 0.5969 -0.2646 -0.7574
vn 0.6536 0.5036 -0.5649
vn 0.1249 -0.8939 -0.4305
vn 0.2981 0.9544 -0.0161
vn 0.5746 -0.3231 -0.7519
vn 0.6652 0.4501 -0.5957
vn 0.0810 -0.9165 -0.3918
vn 0.3363 0.9396 -0.0638
vn 0.5501 -0.3803 -0.7435
vn 0.6741 0.3949 -0.6242
vn 0.0360 -0.9353 -0.3521
vn 0.3731 0.9211 -0.1112
vn 0.5234 -0.4360 -0.7321
vn 0.6804 0.3380 -0.6502
vn 0.4084 0.8990 -0.1582
vn 0.4946 -0.4900 -0.7178
vn 0.6840 0.2799 -0.6736
vn 0.4422 0.8733 -0.2046
vn 0.4639 -0.5420 -0.7007
vn 0.6849 0.2206 -0.6944
vn 0.4741 0.8442 -0.2502
vn 0.4313 -0.5919 -0.6809
vn 0.6832 0.1605 -0.7124
vn 0.5042 0.8117 -0.2948
vn 0.3970 -0.6395 -0.6583
vn 0.0077 0.9508 0.3098
vn 0.6787 0.0998 -0.7276
vn 0.5324 0.7760 -0.3382
vn 0.3183 0.9480 0.0030
vn 0.6114 -0.3347 -0.7171
vn 0.7085 0.4364 -0.5546
vn 0.0850 -0.9179 -0.3877
vn 0.3589 0.9324 -0.0423
vn 0.5852 -0.3914 -0.7102
vn 0.7180 0.3809 -0.5826
vn 0.0412 -0.9375 -0.3454
vn 0.0374 -0.9357 -0.3508
vn 0.0380 -0.9359 -0.3501
vn 0.3981 0.9132 -0.0875
vn 0.5567 -0.4466 -0.7005
vn 0.7246 0.3240 -0.6082
vn 0.4357 0.8903 -0.1324
vn 0.5260 -0.4999 -0.6880
vn 0.7284 0.2658 -0.6315
vn 0.4715 0.8640 -0.1767
vn 0.4932 -0.5513 -0.6729
vn 0.7293 0.2066 -0.6522
vn 0.5055 0.8342 -0.2204
vn 0.4585 -0.6006 -0.6550
vn 0.7274 0.1465 -0.6704
vn 0.5376 0.8011 -0.2631
vn 0.4220 -0.6474 -0.6346
vn 0.0091 0.9503 0.3111
vn 0.7225 0.0858 -0.6860
vn 0.5674 0.7649 -0.3048
vn 0.3838 -0.6918 -0.6117
vn 0.0562 0.9610 0.2709
vn 0.7148 0.0249 -0.6988
vn 0.5951 0.7257 -0.3454
vn 0.3441 -0.7333 -0.5863
vn 0.1031 0.9678 0.2297
vn 0.7043 -0.0362 -0.7089
vn 0.6204 0.6836 -0.3845
vn 0.3030 -0.7720 -0.5587
vn 0.1496 0.9708 0.1875
vn 0.6911 -0.0972 -0.7162
vn 0.6432 0.6388 -0.4221
vn 0.2607 -0.8077 -0.5288
vn 0.1896 0.9721 0.1384
vn 0.6750 -0.1577 -0.7207
vn 0.6636 0.5915 -0.4581
vn 0.2174 -0.8401 -0.4969
vn 0.2335 0.9678 0.0936
vn 0.6564 -0.2177 -0.7224
vn 0.6813 0.5418 -0.4922
vn 0.1778 -0.8709 -0.4581
vn 0.2765 0.9598 0.0484
vn 0.6351 -0.2767 -0.7211
vn 0.6963 0.4901 -0.5245
vn 0.1317 -0.8962 -0.4237
vn 0.4453 -0.6559 -0.6095
vn 0.0104 0.9498 0.3126
vn 0.7635 0.0710 -0.6419
vn 0.6003 0.7530 -0.2695
vn 0.4049 -0.6994 -0.5889
vn 0.0600 0.9595 0.2753
vn 0.7554 0.0102 -0.6552
vn 0.6294 0.7132 -0.3084
vn 0.3629 -0.7402 -0.5661
vn 0.1094 0.9654 0.2369
vn 0.7442 -0.0506 -0.6660
vn 0.6561 0.6706 -0.3460
vn 0.3195 -0.7780 -0.5409
vn 0.1583 0.9674 0.1975
vn 0.7301 -0.1113 -0.6742
vn 0.6802 0.6254 -0.3823
vn 0.2748 -0.8128 -0.5137
vn 0.2012 0.9679 0.1509
vn 0.7132 -0.1715 -0.6797
vn 0.7017 0.5777 -0.4171
vn 0.2290 -0.8443 -0.4844
vn 0.2476 0.9627 0.1087
vn 0.6934 -0.2310 -0.6825
vn 0.7203 0.5277 -0.4502
vn 0.1865 -0.8743 -0.4481
vn 0.2930 0.9538 0.0662
vn 0.6709 -0.2897 -0.6827
vn 0.7361 0.4756 -0.4815
vn 0.1379 -0.8986 -0.4165
vn 0.3372 0.9412 0.0233
vn 0.6457 -0.3472 -0.6801
vn 0.7490 0.4217 -0.5110
vn 0.0888 -0.9193 -0.3833
vn 0.3800 0.9248 -0.0196
vn 0.6180 -0.4033 -0.6749
vn 0.7590 0.3661 -0.5384
vn 0.0393 -0.9364 -0.3486
vn 0.4214 0.9047 -0.0624
vn 0.5878 -0.4578 -0.6670
vn 0.7660 0.3090 -0.5637
vn 0.4611 0.8811 -0.1050
vn 0.5554 -0.5106 -0.6564
vn 0.7699 0.2508 -0.5868
vn 0.4990 0.8540 -0.1472
vn 0.5207 -0.5613 -0.6433
vn 0.7708 0.1915 -0.6076
vn 0.5349 0.8236 -0.1888
vn 0.4840 -0.6098 -0.6276
vn 0.7687 0.1315 -0.6260
vn 0.5687 0.7898 -0.2296
vn 0.3082 0.9475 0.0848
vn 0.7040 -0.3034 -0.6422
vn 0.7731 0.4604 -0.4364
vn 0.1437 -0.9011 -0.4090
vn 0.3546 0.9339 0.0447
vn 0.6775 -0.3603 -0.6412
vn 0.7866 0.4062 -0.4651
vn 0.0923 -0.9209 -0.3788
vn 0.3996 0.9167 0.0044
vn 0.6484 -0.4159 -0.6377
vn 0.7970 0.3504 -0.4920
vn 0.0405 -0.9369 -0.3471
vn 0.4430 0.8958 -0.0360
vn 0.6167 -0.4698 -0.6317
vn 0.8043 0.2932 -0.5169
vn 0.4847 0.8714 -0.0762
vn 0.5826 -0.5218 -0.6232
vn 0.8084 0.2349 -0.5398
vn 0.5244 0.8435 -0.1161
vn 0.5461 -0.5718 -0.6122
vn 0.8093 0.1756 -0.5606
vn 0.5621 0.8123 -0.1555
vn 0.5076 -0.6195 -0.5988
vn 0.8070 0.1157 -0.5791
vn 0.5976 0.7779 -0.1943
vn 0.4670 -0.6648 -0.5830
vn 0.0115 0.9493 0.3141
vn 0.8015 0.0553 -0.5954
vn 0.6307 0.7405 -0.2323
vn 0.4245 -0.7075 -0.5650
vn 0.0634 0.9580 0.2798
vn 0.7929 -0.0053 -0.6093
vn 0.6613 0.7001 -0.2695
vn 0.3804 -0.7474 -0.5447
vn 0.1151 0.9628 0.2444
vn 0.7812 -0.0659 -0.6208
vn 0.6893 0.6569 -0.3055
vn 0.3348 -0.7843 -0.5222
vn 0.1663 0.9639 0.2080
vn 0.7663 -0.1263 -0.6299
vn 0.7145 0.6112 -0.3404
vn 0.2878 -0.8182 -0.4977
vn 0.2120 0.9634 0.1640
vn 0.7485 -0.1861 -0.6365
vn 0.7370 0.5631 -0.3739
vn 0.2398 -0.8488 -0.4713
vn 0.2606 0.9574 0.1247
vn 0.7277 -0.2452 -0.6406
vn 0.7565 0.5127 -0.4059
vn 0.1946 -0.8779 -0.4376
vn 0.5292 -0.6298 -0.5686
vn 0.8421 0.0991 -0.5301
vn 0.6240 0.7654 -0.1574
vn 0.4868 -0.6742 -0.5554
vn 0.0126 0.9488 0.3157
vn 0.8364 0.0388 -0.5468
vn 0.6585 0.7273 -0.1934
vn 0.4425 -0.7160 -0.5399
vn 0.0666 0.9564 0.2845
vn 0.8273 -0.0216 -0.5613
vn 0.6905 0.6863 -0.2288
vn 0.3964 -0.7550 -0.5223
vn 0.1204 0.9601 0.2523
vn 0.8150 -0.0820 -0.5736
vn 0.7196 0.6426 -0.2632
vn 0.3488 -0.7910 -0.5027
vn 0.1737 0.9601 0.2190
vn 0.7995 -0.1420 -0.5836
vn 0.7460 0.5963 -0.2965
vn 0.2998 -0.8238 -0.4811
vn 0.2218 0.9588 0.1777
vn 0.7808 -0.2014 -0.5914
vn 0.7694 0.5477 -0.3287
vn 0.2496 -0.8534 -0.4575
vn 0.2726 0.9517 0.1413
vn 0.7591 -0.2601 -0.5968
vn 0.7897 0.4970 -0.3596
vn 0.2019 -0.8816 -0.4266
vn 0.3223 0.9409 0.1044
vn 0.7344 -0.3178 -0.5998
vn 0.8070 0.4443 -0.3891
vn 0.1490 -0.9038 -0.4011
vn 0.3707 0.9263 0.0671
vn 0.7067 -0.3741 -0.6005
vn 0.8210 0.3899 -0.4170
vn 0.0954 -0.9225 -0.3741
vn 0.4176 0.9082 0.0294
vn 0.6763 -0.4291 -0.5988
vn 0.8319 0.3339 -0.4433
vn 0.0415 -0.9375 -0.3456
vn 0.4629 0.8864 -0.0083
vn 0.6432 -0.4823 -0.5947
vn 0.8394 0.2766 -0.4679
vn 0.5063 0.8611 -0.0460
vn 0.6075 -0.5336 -0.5883
vn 0.8436 0.2182 -0.4906
vn 0.5478 0.8324 -0.0835
vn 0.5695 -0.5829 -0.5796
vn 0.8445 0.1589 -0.5114
vn 0.5871 0.8005 -0.1207
vn 0.2834 0.9458 0.1587
vn 0.7876 -0.2757 -0.5511
vn 0.8198 0.4806 -0.3115
vn 0.2085 -0.8855 -0.4152
vn 0.3349 0.9339 0.1247
vn 0.7619 -0.3328 -0.5557
vn 0.8376 0.4275 -0.3399
vn 0.1537 -0.9066 -0.3930
vn 0.3852 0.9184 0.0903
vn 0.7331 -0.3886 -0.5581
vn 0.8522 0.3728 -0.3671
vn 0.0983 -0.9241 -0.3692
vn 0.4339 0.8993 0.0555
vn 0.7015 -0.4429 -0.5583
vn 0.8634 0.3166 -0.3928
vn 0.0424 -0.9380 -0.3439
vn 0.4808 0.8766 0.0205
vn 0.6671 -0.4954 -0.5563
vn 0.8712 0.2592 -0.4169
vn 0.5259 0.8504 -0.0146
vn 0.6301 -0.5460 -0.5521
vn 0.8756 0.2007 -0.4394
vn 0.5689 0.8209 -0.0496
vn 0.5906 -0.5944 -0.5458
vn 0.8765 0.1415 -0.4602
vn 0.6097 0.7881 -0.0845
vn 0.5488 -0.6405 -0.5372
vn 0.8739 0.0817 -0.4791
vn 0.6480 0.7523 -0.1190
vn 0.5048 -0.6841 -0.5266
vn 0.0131 0.9485 0.3165
vn 0.8679 0.0215 -0.4962
vn 0.6838 0.7135 -0.1530
vn 0.4588 -0.7249 -0.5138
vn 0.0695 0.9547 0.2894
vn 0.8585 -0.0387 -0.5113
vn 0.7169 0.6718 -0.1864
vn 0.4109 -0.7629 -0.4991
vn 0.1251 0.9574 0.2604
vn 0.8457 -0.0987 -0.5244
vn 0.7471 0.6275 -0.2191
vn 0.3615 -0.7979 -0.4823
vn 0.1803 0.9563 0.2304
vn 0.8296 -0.1584 -0.5354
vn 0.7744 0.5808 -0.2509
vn 0.3106 -0.8297 -0.4637
vn 0.2307 0.9539 0.1920
vn 0.8102 -0.2175 -0.5444
vn 0.7987 0.5317 -0.2817
vn 0.2585 -0.8583 -0.4432
vn 0.8996 0.2411 -0.3642
vn 0.5434 0.8393 0.0179
vn 0.6503 -0.5588 -0.5147
vn 0.9040 0.1826 -0.3865
vn 0.5878 0.8089 -0.0146
vn 0.6095 -0.6064 -0.5107
vn 0.9049 0.1234 -0.4072
vn 0.6298 0.7753 -0.0470
vn 0.5662 -0.6516 -0.5047
vn 0.9023 0.0636 -0.4264
vn 0.6694 0.7387 -0.0792
vn 0.5208 -0.6942 -0.4968
vn 0.0140 0.9479 0.3181
vn 0.0159 0.9458 0.3244
vn 0.0144 0.9476 0.3190
vn 0.8961 0.0036 -0.4439
vn 0.7063 0.6991 -0.1111
vn 0.4733 -0.7341 -0.4869
vn 0.0720 0.9529 0.2945
vn 0.8863 -0.0564 -0.4596
vn 0.7404 0.6568 -0.1426
vn 0.4239 -0.7712 -0.4750
vn 0.1293 0.9545 0.2688
vn 0.8731 -0.1161 -0.4735
vn 0.7717 0.6119 -0.1735
vn 0.3728 -0.8051 -0.4613
vn 0.1861 0.9522 0.2421
vn 0.8564 -0.1755 -0.4856
vn 0.7998 0.5646 -0.2037
vn 0.3203 -0.8359 -0.4458
vn 0.2387 0.9488 0.2068
vn 0.8363 -0.2341 -0.4957
vn 0.8248 0.5151 -0.2331
vn 0.2665 -0.8634 -0.4285
vn 0.2931 0.9396 0.1766
vn 0.8130 -0.2918 -0.5039
vn 0.8466 0.4635 -0.2616
vn 0.2143 -0.8895 -0.4035
vn 0.3463 0.9267 0.1458
vn 0.7864 -0.3484 -0.5101
vn 0.8650 0.4101 -0.2891
vn 0.1579 -0.9095 -0.3846
vn 0.3981 0.9102 0.1144
vn 0.7567 -0.4036 -0.5143
vn 0.8800 0.3551 -0.3154
vn 0.1008 -0.9259 -0.3641
vn 0.4484 0.8900 0.0825
vn 0.7240 -0.4572 -0.5165
vn 0.8915 0.2987 -0.3405
vn 0.0433 -0.9386 -0.3422
vn 0.4969 0.8664 0.0503
vn 0.6885 -0.5090 -0.5166
vn 0.7931 0.5958 -0.1265
vn 0.3827 -0.8126 -0.4396
vn 0.1911 0.9481 0.2542
vn 0.8798 -0.1931 -0.4343
vn 0.8220 0.5479 -0.1551
vn 0.3287 -0.8422 -0.4273
vn 0.2456 0.9436 0.2220
vn 0.8592 -0.2513 -0.4457
vn 0.8477 0.4979 -0.1831
vn 0.2734 -0.8686 -0.4132
vn 0.3015 0.9333 0.1951
vn 0.8352 -0.3085 -0.4553
vn 0.8700 0.4459 -0.2103
vn 0.2194 -0.8937 -0.3915
vn 0.3562 0.9193 0.1675
vn 0.8078 -0.3645 -0.4632
vn 0.8889 0.3921 -0.2367
vn 0.1615 -0.9125 -0.3759
vn 0.4094 0.9017 0.1391
vn 0.7773 -0.4191 -0.4692
vn 0.9043 0.3368 -0.2622
vn 0.1030 -0.9277 -0.3589
vn 0.4611 0.8805 0.1103
vn 0.7437 -0.4720 -0.4734
vn 0.9162 0.2802 -0.2866
vn 0.0440 -0.9392 -0.3405
vn 0.5109 0.8558 0.0809
vn 0.7072 -0.5231 -0.4757
vn 0.9244 0.2225 -0.3099
vn 0.5587 0.8278 0.0513
vn 0.6679 -0.5721 -0.4761
vn 0.9289 0.1639 -0.3320
vn 0.6042 0.7965 0.0215
vn 0.6259 -0.6188 -0.4746
vn 0.9299 0.1046 -0.3527
vn 0.6474 0.7621 -0.0084
vn 0.5815 -0.6631 -0.4713
vn 0.9271 0.0450 -0.3721
vn 0.6881 0.7246 -0.0383
vn 0.5348 -0.7048 -0.4661
vn 0.0151 0.9471 0.3207
vn 0.9207 -0.0149 -0.3900
vn 0.7260 0.6843 -0.0680
vn 0.4860 -0.7437 -0.4591
vn 0.0741 0.9512 0.2997
vn 0.9106 -0.0747 -0.4064
vn 0.7611 0.6413 -0.0975
vn 0.4352 -0.7797 -0.4503
vn 0.1329 0.9515 0.2775
vn 0.8970 -0.1341 -0.4212
vn 0.9371 0.2612 -0.2314
vn 0.0444 -0.9395 -0.3396
vn 0.5228 0.8450 0.1124
vn 0.7232 -0.5375 -0.4337
vn 0.9455 0.2033 -0.2542
vn 0.5717 0.8160 0.0856
vn 0.6829 -0.5857 -0.4366
vn 0.9502 0.1446 -0.2761
vn 0.6183 0.7838 0.0585
vn 0.6400 -0.6315 -0.4377
vn 0.9511 0.0854 -0.2969
vn 0.6625 0.7484 0.0311
vn 0.5946 -0.6749 -0.4370
vn 0.9483 0.0258 -0.3165
vn 0.7040 0.7102 0.0036
vn 0.5467 -0.7156 -0.4347
vn 0.0157 0.9464 0.3225
vn 0.9417 -0.0339 -0.3348
vn 0.7428 0.6691 -0.0238
vn 0.4968 -0.7535 -0.4306
vn 0.0760 0.9493 0.3050
vn 0.9314 -0.0935 -0.3519
vn 0.7786 0.6254 -0.0512
vn 0.4449 -0.7884 -0.4249
vn 0.1359 0.9484 0.2863
vn 0.9174 -0.1526 -0.3675
vn 0.8114 0.5792 -0.0784
vn 0.3912 -0.8202 -0.4174
vn 0.1954 0.9438 0.2665
vn 0.8998 -0.2112 -0.3817
vn 0.8410 0.5307 -0.1053
vn 0.3359 -0.8488 -0.4083
vn 0.2516 0.9382 0.2376
vn 0.8787 -0.2690 -0.3944
vn 0.8672 0.4802 -0.1318
vn 0.2794 -0.8740 -0.3976
vn 0.3087 0.9268 0.2141
vn 0.8541 -0.3257 -0.4055
vn 0.8900 0.4278 -0.1577
vn 0.2236 -0.8979 -0.3791
vn 0.3646 0.9116 0.1897
vn 0.8261 -0.3811 -0.4151
vn 0.9093 0.3736 -0.1830
vn 0.1645 -0.9155 -0.3671
vn 0.4191 0.8929 0.1645
vn 0.7949 -0.4350 -0.4230
vn 0.9251 0.3180 -0.2076
vn 0.1048 -0.9295 -0.3536
vn 0.4719 0.8707 0.1387
vn 0.7605 -0.4872 -0.4292
vn 0.7931 0.6091 -0.0041
vn 0.4528 -0.7974 -0.3990
vn 0.1384 0.9453 0.2953
vn 0.9342 -0.1716 -0.3127
vn 0.8265 0.5622 -0.0293
vn 0.3981 -0.8280 -0.3948
vn 0.1988 0.9395 0.2790
vn 0.9163 -0.2298 -0.3280
vn 0.8566 0.5132 -0.0545
vn 0.3419 -0.8555 -0.3890
vn 0.2565 0.9327 0.2535
vn 0.8948 -0.2871 -0.3420
vn 0.8833 0.4621 -0.0794
vn 0.2842 -0.8795 -0.3817
vn 0.3146 0.9201 0.2334
vn 0.8697 -0.3433 -0.3547
vn 0.9065 0.4092 -0.1040
vn 0.2270 -0.9023 -0.3666
vn 0.3716 0.9038 0.2123
vn 0.8412 -0.3981 -0.3660
vn 0.9261 0.3547 -0.1283
vn 0.1670 -0.9186 -0.3581
vn 0.4270 0.8840 0.1904
vn 0.8094 -0.4513 -0.3758
vn 0.9421 0.2988 -0.1520
vn 0.1062 -0.9314 -0.3482
vn 0.4808 0.8606 0.1678
vn 0.7744 -0.5028 -0.3841
vn 0.9544 0.2417 -0.1751
vn 0.0455 -0.9424 -0.3314
vn 0.0449 -0.9401 -0.3378
vn 0.0451 -0.9405 -0.3369
vn 0.5327 0.8339 0.1444
vn 0.7363 -0.5523 -0.3909
vn 0.9629 0.1837 -0.1975
vn 0.5824 0.8039 0.1205
vn 0.6953 -0.5996 -0.3962
vn 0.9677 0.1249 -0.2191
vn 0.6299 0.7707 0.0962
vn 0.6516 -0.6446 -0.3999
vn 0.9686 0.0657 -0.2399
vn 0.6748 0.7345 0.0714
vn 0.6053 -0.6870 -0.4021
vn 0.9657 0.0062 -0.2597
vn 0.7172 0.6954 0.0464
vn 0.5566 -0.7267 -0.4026
vn 0.0162 0.9458 0.3243
vn 0.9590 -0.0534 -0.2785
vn 0.7566 0.6535 0.0212
vn 0.5057 -0.7635 -0.4016
vn 0.0774 0.9474 0.3104
vn 0.9485 -0.1127 -0.2962
vn 0.9555 0.2792 -0.0954
vn 0.1073 -0.9333 -0.3427
vn 0.4877 0.8504 0.1973
vn 0.7852 -0.5187 -0.3383
vn 0.9679 0.2219 -0.1178
vn 0.0455 -0.9411 -0.3351
vn 0.5403 0.8226 0.1770
vn 0.7465 -0.5674 -0.3475
vn 0.9766 0.1637 -0.1398
vn 0.5908 0.7916 0.1561
vn 0.7050 -0.6138 -0.3553
vn 0.9813 0.1048 -0.1612
vn 0.6389 0.7574 0.1345
vn 0.6606 -0.6579 -0.3616
vn 0.9822 0.0456 -0.1820
vn 0.6845 0.7203 0.1124
vn 0.6137 -0.6993 -0.3666
vn 0.9793 -0.0138 -0.2020
vn 0.7274 0.6803 0.0899
vn 0.5643 -0.7380 -0.3701
vn 0.0166 0.9452 0.3261
vn 0.9725 -0.0732 -0.2213
vn 0.7674 0.6376 0.0670
vn 0.5127 -0.7738 -0.3721
vn 0.0785 0.9455 0.3159
vn 0.9618 -0.1323 -0.2397
vn 0.8044 0.5924 0.0438
vn 0.4590 -0.8065 -0.3727
vn 0.1402 0.9422 0.3044
vn 0.9473 -0.1909 -0.2571
vn 0.8382 0.5449 0.0205
vn 0.4035 -0.8360 -0.3718
vn 0.2013 0.9351 0.2917
vn 0.9292 -0.2487 -0.2735
vn 0.8687 0.4953 -0.0029
vn 0.3465 -0.8623 -0.3694
vn 0.2603 0.9271 0.2697
vn 0.9073 -0.3055 -0.2889
vn 0.8958 0.4436 -0.0263
vn 0.2881 -0.8851 -0.3655
vn 0.3193 0.9133 0.2530
vn 0.8819 -0.3612 -0.3031
vn 0.9194 0.3903 -0.0495
vn 0.2296 -0.9067 -0.3539
vn 0.3770 0.8958 0.2353
vn 0.8530 -0.4154 -0.3161
vn 0.9393 0.3354 -0.0726
vn 0.1688 -0.9218 -0.3490
vn 0.4332 0.8748 0.2167
vn 0.8207 -0.4680 -0.3279
vn 0.7752 0.6215 0.1133
vn 0.5176 -0.7842 -0.3423
vn 0.0793 0.9436 0.3214
vn 0.9714 -0.1522 -0.1825
vn 0.8125 0.5756 0.0923
vn 0.4635 -0.8158 -0.3460
vn 0.1414 0.9390 0.3136
vn 0.9568 -0.2105 -0.2008
vn 0.8467 0.5274 0.0710
vn 0.4074 -0.8441 -0.3485
vn 0.2030 0.9306 0.3046
vn 0.9384 -0.2679 -0.2184
vn 0.8775 0.4771 0.0494
vn 0.3498 -0.8692 -0.3495
vn 0.2630 0.9214 0.2861
vn 0.9163 -0.3242 -0.2351
vn 0.9048 0.4249 0.0275
vn 0.2908 -0.8908 -0.3492
vn 0.3226 0.9064 0.2729
vn 0.8906 -0.3793 -0.2509
vn 0.9286 0.3711 0.0056
vn 0.2313 -0.9112 -0.3410
vn 0.3809 0.8877 0.2586
vn 0.8614 -0.4329 -0.2657
vn 0.9487 0.3158 -0.0163
vn 0.1700 -0.9250 -0.3398
vn 0.4377 0.8656 0.2433
vn 0.8288 -0.4848 -0.2794
vn 0.9650 0.2593 -0.0382
vn 0.1081 -0.9352 -0.3372
vn 0.4927 0.8400 0.2271
vn 0.7929 -0.5348 -0.2920
vn 0.9776 0.2017 -0.0600
vn 0.0457 -0.9417 -0.3332
vn 0.5459 0.8111 0.2100
vn 0.7539 -0.5827 -0.3035
vn 0.9863 0.1434 -0.0815
vn 0.5968 0.7791 0.1920
vn 0.7119 -0.6283 -0.3138
vn 0.9911 0.0844 -0.1026
vn 0.6454 0.7439 0.1733
vn 0.6671 -0.6714 -0.3229
vn 0.9920 0.0252 -0.1234
vn 0.6914 0.7059 0.1539
vn 0.6197 -0.7118 -0.3306
vn 0.9890 -0.0341 -0.1437
vn 0.7348 0.6650 0.1339
vn 0.5698 -0.7495 -0.3371
vn 0.0168 0.9445 0.3280
vn 0.9821 -0.0934 -0.1634
vn 0.9543 0.2960 0.0404
vn 0.1706 -0.9282 -0.3305
vn 0.4403 0.8562 0.2702
vn 0.8336 -0.5019 -0.2305
vn 0.9708 0.2392 0.0194
vn 0.1085 -0.9372 -0.3316
vn 0.4957 0.8295 0.2572
vn 0.7975 -0.5511 -0.2454
vn 0.9834 0.1814 -0.0016
vn 0.0459 -0.9424 -0.3314
vn 0.5492 0.7996 0.2432
vn 0.7583 -0.5982 -0.2592
vn 0.9922 0.1228 -0.0227
vn 0.6004 0.7664 0.2282
vn 0.7161 -0.6428 -0.2720
vn 0.9970 0.0638 -0.0436
vn 0.6493 0.7303 0.2123
vn 0.6710 -0.6850 -0.2838
vn 0.9979 0.0046 -0.0644
vn 0.6956 0.6913 0.1956
vn 0.6233 -0.7245 -0.2944
vn 0.9949 -0.0547 -0.0849
vn 0.7392 0.6495 0.1782
vn 0.5731 -0.7611 -0.3039
vn 0.0169 0.9439 0.3298
vn 0.9879 -0.1137 -0.1051
vn 0.7798 0.6052 0.1600
vn 0.5206 -0.7947 -0.3122
vn 0.0796 0.9417 0.3270
vn 0.9771 -0.1723 -0.1248
vn 0.8174 0.5585 0.1412
vn 0.4661 -0.8251 -0.3192
vn 0.1421 0.9357 0.3229
vn 0.9624 -0.2303 -0.1441
vn 0.8517 0.5096 0.1218
vn 0.4098 -0.8523 -0.3250
vn 0.2039 0.9261 0.3175
vn 0.9439 -0.2873 -0.1628
vn 0.8827 0.4587 0.1020
vn 0.3518 -0.8762 -0.3295
vn 0.2647 0.9157 0.3026
vn 0.9217 -0.3432 -0.1809
vn 0.9102 0.4060 0.0817
vn 0.2924 -0.8965 -0.3327
vn 0.3246 0.8994 0.2929
vn 0.8958 -0.3977 -0.1982
vn 0.9341 0.3517 0.0612
vn 0.2321 -0.9157 -0.3281
vn 0.3832 0.8795 0.2821
vn 0.8665 -0.4507 -0.2148
vn 0.7406 0.6340 0.2226
vn 0.5742 -0.7727 -0.2706
vn 0.0170 0.9436 0.3308
vn 0.9899 -0.1342 -0.0465
vn 0.7814 0.5888 0.2068
vn 0.5216 -0.8052 -0.2820
vn 0.0796 0.9397 0.3326
vn 0.9790 -0.1926 -0.0670
vn 0.8190 0.5414 0.1902
vn 0.4670 -0.8345 -0.2923
vn 0.1420 0.9325 0.3322
vn 0.9643 -0.2502 -0.0872
vn 0.8534 0.4918 0.1728
vn 0.4105 -0.8606 -0.3015
vn 0.2039 0.9215 0.3304
vn 0.9457 -0.3068 -0.1071
vn 0.8844 0.4402 0.1548
vn 0.3525 -0.8832 -0.3094
vn 0.2652 0.9099 0.3191
vn 0.9235 -0.3622 -0.1265
vn 0.9120 0.3870 0.1361
vn 0.2930 -0.9023 -0.3162
vn 0.3252 0.8923 0.3130
vn 0.8976 -0.4162 -0.1454
vn 0.9359 0.3322 0.1169
vn 0.2321 -0.9202 -0.3152
vn 0.3840 0.8713 0.3056
vn 0.8681 -0.4685 -0.1638
vn 0.9562 0.2761 0.0973
vn 0.1706 -0.9315 -0.3212
vn 0.4412 0.8468 0.2971
vn 0.8353 -0.5190 -0.1815
vn 0.9727 0.2189 0.0772
vn 0.1085 -0.9391 -0.3260
vn 0.4967 0.8190 0.2873
vn 0.7991 -0.5675 -0.1985
vn 0.9853 0.1609 0.0569
vn 0.0459 -0.9430 -0.3295
vn 0.5502 0.7879 0.2765
vn 0.7598 -0.6137 -0.2147
vn 0.9941 0.1022 0.0363
vn 0.6016 0.7537 0.2645
vn 0.7174 -0.6575 -0.2301
vn 0.9989 0.0431 0.0156
vn 0.6506 0.7166 0.2515
vn 0.6723 -0.6987 -0.2446
vn 0.9999 -0.0161 -0.0051
vn 0.6970 0.6766 0.2375
vn 0.6245 -0.7372 -0.2581
vn 0.9968 -0.0753 -0.0259
vn 0.9341 0.3126 0.1727
vn 0.2313 -0.9247 -0.3023
vn 0.3832 0.8630 0.3292
vn 0.8664 -0.4864 -0.1128
vn 0.9543 0.2561 0.1542
vn 0.1700 -0.9348 -0.3120
vn 0.4403 0.8373 0.3240
vn 0.8336 -0.5362 -0.1325
vn 0.9707 0.1986 0.1351
vn 0.1081 -0.9411 -0.3205
vn 0.4957 0.8084 0.3175
vn 0.7975 -0.5839 -0.1517
vn 0.9834 0.1403 0.1154
vn 0.0457 -0.9437 -0.3277
vn 0.5491 0.7762 0.3098
vn 0.7583 -0.6293 -0.1703
vn 0.9921 0.0815 0.0953
vn 0.6004 0.7410 0.3009
vn 0.7160 -0.6722 -0.1882
vn 0.9969 0.0223 0.0748
vn 0.6492 0.7028 0.2907
vn 0.6709 -0.7125 -0.2054
vn 0.9979 -0.0369 0.0541
vn 0.6956 0.6619 0.2794
vn 0.6232 -0.7499 -0.2218
vn 0.9948 -0.0960 0.0331
vn 0.7391 0.6184 0.2671
vn 0.5731 -0.7844 -0.2373
vn 0.0169 0.9429 0.3326
vn 0.0154 0.9407 0.3390
vn 0.0168 0.9426 0.3336
vn 0.9879 -0.1548 0.0120
vn 0.7798 0.5724 0.2536
vn 0.5206 -0.8158 -0.2518
vn 0.0793 0.9377 0.3382
vn 0.9770 -0.2129 -0.0092
vn 0.8173 0.5242 0.2392
vn 0.4661 -0.8440 -0.2654
vn 0.1414 0.9292 0.3414
vn 0.9623 -0.2701 -0.0303
vn 0.8517 0.4739 0.2238
vn 0.4098 -0.8688 -0.2779
vn 0.2030 0.9170 0.3433
vn 0.9438 -0.3264 -0.0513
vn 0.8827 0.4217 0.2076
vn 0.3518 -0.8902 -0.2893
vn 0.2646 0.9041 0.3356
vn 0.9216 -0.3813 -0.0721
vn 0.9101 0.3679 0.1905
vn 0.2924 -0.9081 -0.2996
vn 0.3246 0.8853 0.3331
vn 0.8958 -0.4347 -0.0926
vn 0.6914 0.6472 0.3212
vn 0.6196 -0.7627 -0.1856
vn 0.9889 -0.1167 0.0918
vn 0.7347 0.6028 0.3113
vn 0.5697 -0.7961 -0.2041
vn 0.0166 0.9419 0.3354
vn 0.9820 -0.1753 0.0702
vn 0.7751 0.5560 0.3003
vn 0.5176 -0.8264 -0.2218
vn 0.0785 0.9358 0.3437
vn 0.9712 -0.2331 0.0484
vn 0.8124 0.5070 0.2880
vn 0.4634 -0.8534 -0.2386
vn 0.1402 0.9260 0.3506
vn 0.9566 -0.2901 0.0263
vn 0.8466 0.4560 0.2746
vn 0.4074 -0.8771 -0.2545
vn 0.2013 0.9125 0.3561
vn 0.9383 -0.3459 0.0042
vn 0.8774 0.4032 0.2601
vn 0.3498 -0.8973 -0.2694
vn 0.2630 0.8983 0.3521
vn 0.9162 -0.4004 -0.0180
vn 0.9047 0.3488 0.2446
vn 0.2908 -0.9139 -0.2832
vn 0.3225 0.8782 0.3530
vn 0.8905 -0.4532 -0.0401
vn 0.9285 0.2931 0.2282
vn 0.2295 -0.9293 -0.2895
vn 0.3808 0.8548 0.3526
vn 0.8613 -0.5043 -0.0620
vn 0.9486 0.2362 0.2108
vn 0.1688 -0.9380 -0.3028
vn 0.4376 0.8279 0.3508
vn 0.8287 -0.5534 -0.0837
vn 0.9649 0.1783 0.1926
vn 0.1073 -0.9430 -0.3149
vn 0.4927 0.7978 0.3476
vn 0.7928 -0.6004 -0.1051
vn 0.9775 0.1198 0.1737
vn 0.0455 -0.9443 -0.3258
vn 0.5458 0.7645 0.3430
vn 0.7538 -0.6449 -0.1260
vn 0.9862 0.0608 0.1540
vn 0.5967 0.7282 0.3370
vn 0.7118 -0.6869 -0.1465
vn 0.9910 0.0016 0.1338
vn 0.6453 0.6891 0.3297
vn 0.6670 -0.7262 -0.1664
vn 0.9919 -0.0577 0.1130
vn 0.8956 0.3299 0.2983
vn 0.2880 -0.9197 -0.2668
vn 0.3192 0.8712 0.3729
vn 0.8817 -0.4716 0.0121
vn 0.9192 0.2736 0.2832
vn 0.2270 -0.9337 -0.2768
vn 0.3769 0.8466 0.3759
vn 0.8528 -0.5221 -0.0117
vn 0.9391 0.2163 0.2670
vn 0.1669 -0.9412 -0.2937
vn 0.4331 0.8185 0.3773
vn 0.8205 -0.5705 -0.0353
vn 0.9553 0.1582 0.2497
vn 0.1062 -0.9450 -0.3095
vn 0.4877 0.7873 0.3773
vn 0.7850 -0.6167 -0.0588
vn 0.9677 0.0994 0.2315
vn 0.0453 -0.9447 -0.3249
vn 0.5402 0.7529 0.3759
vn 0.7464 -0.6604 -0.0821
vn 0.9764 0.0402 0.2123
vn 0.5907 0.7156 0.3729
vn 0.7048 -0.7015 -0.1051
vn 0.9812 -0.0191 0.1923
vn 0.6388 0.6754 0.3684
vn 0.6605 -0.7399 -0.1277
vn 0.9821 -0.0783 0.1715
vn 0.6844 0.6326 0.3626
vn 0.6135 -0.7753 -0.1497
vn 0.9791 -0.1373 0.1501
vn 0.7273 0.5873 0.3552
vn 0.5642 -0.8077 -0.1712
vn 0.0162 0.9413 0.3372
vn 0.9723 -0.1957 0.1280
vn 0.7673 0.5396 0.3465
vn 0.5126 -0.8369 -0.1920
vn 0.0774 0.9339 0.3492
vn 0.9616 -0.2533 0.1055
vn 0.8043 0.4899 0.3364
vn 0.4589 -0.8628 -0.2120
vn 0.1383 0.9228 0.3597
vn 0.9472 -0.3099 0.0825
vn 0.8381 0.4382 0.3250
vn 0.4035 -0.8853 -0.2312
vn 0.1987 0.9080 0.3688
vn 0.9290 -0.3654 0.0592
vn 0.8686 0.3848 0.3123
vn 0.3464 -0.9043 -0.2495
vn 0.2602 0.8925 0.3684
vn 0.9071 -0.4193 0.0357
vn 0.6297 0.6619 0.4067
vn 0.6514 -0.7534 -0.0895
vn 0.9683 -0.0988 0.2293
vn 0.6747 0.6181 0.4034
vn 0.6051 -0.7879 -0.1143
vn 0.9654 -0.1576 0.2076
vn 0.7170 0.5719 0.3986
vn 0.5564 -0.8192 -0.1387
vn 0.0157 0.9406 0.3390
vn 0.9587 -0.2159 0.1851
vn 0.7564 0.5235 0.3922
vn 0.5056 -0.8473 -0.1626
vn 0.0759 0.9319 0.3546
vn 0.9482 -0.2733 0.1619
vn 0.7929 0.4730 0.3842
vn 0.4527 -0.8721 -0.1858
vn 0.1359 0.9196 0.3687
vn 0.9340 -0.3296 0.1380
vn 0.8263 0.4206 0.3747
vn 0.3980 -0.8934 -0.2083
vn 0.1953 0.9036 0.3813
vn 0.9161 -0.3846 0.1136
vn 0.8563 0.3666 0.3638
vn 0.3418 -0.9112 -0.2299
vn 0.2564 0.8868 0.3846
vn 0.8945 -0.4381 0.0888
vn 0.8830 0.3111 0.3514
vn 0.2842 -0.9254 -0.2507
vn 0.3146 0.8643 0.3925
vn 0.8695 -0.4899 0.0635
vn 0.9063 0.2544 0.3376
vn 0.2235 -0.9382 -0.2643
vn 0.3715 0.8384 0.3988
vn 0.8410 -0.5397 0.0381
vn 0.9259 0.1967 0.3225
vn 0.1645 -0.9444 -0.2847
vn 0.4269 0.8092 0.4036
vn 0.8092 -0.5874 0.0125
vn 0.9419 0.1382 0.3061
vn 0.1048 -0.9469 -0.3041
vn 0.4807 0.7769 0.4068
vn 0.7742 -0.6329 -0.0132
vn 0.9542 0.0792 0.2885
vn 0.0422 -0.9474 -0.3171
vn 0.0449 -0.9453 -0.3231
vn 0.0446 -0.9456 -0.3222
vn 0.5325 0.7414 0.4084
vn 0.7361 -0.6758 -0.0388
vn 0.9627 0.0199 0.2698
vn 0.5823 0.7030 0.4083
vn 0.6951 -0.7160 -0.0642
vn 0.9674 -0.0395 0.2500
vn 0.8407 0.3486 0.4144
vn 0.3358 -0.9181 -0.2107
vn 0.2515 0.8811 0.4004
vn 0.8784 -0.4566 0.1409
vn 0.8669 0.2925 0.4035
vn 0.2793 -0.9310 -0.2348
vn 0.3086 0.8575 0.4117
vn 0.8538 -0.5079 0.1142
vn 0.8897 0.2354 0.3911
vn 0.2193 -0.9426 -0.2520
vn 0.3645 0.8304 0.4214
vn 0.8259 -0.5571 0.0870
vn 0.9091 0.1773 0.3771
vn 0.1614 -0.9475 -0.2759
vn 0.4189 0.8001 0.4294
vn 0.7946 -0.6041 0.0595
vn 0.9248 0.1185 0.3616
vn 0.1029 -0.9488 -0.2988
vn 0.4717 0.7666 0.4357
vn 0.7603 -0.6488 0.0317
vn 0.9368 0.0593 0.3447
vn 0.0440 -0.9463 -0.3204
vn 0.5226 0.7300 0.4403
vn 0.7229 -0.6909 0.0039
vn 0.9452 -0.0002 0.3264
vn 0.5715 0.6906 0.4432
vn 0.6827 -0.7303 -0.0240
vn 0.9499 -0.0597 0.3068
vn 0.6181 0.6485 0.4443
vn 0.6398 -0.7668 -0.0519
vn 0.9508 -0.1190 0.2861
vn 0.6623 0.6038 0.4436
vn 0.5944 -0.8003 -0.0795
vn 0.9480 -0.1778 0.2642
vn 0.7038 0.5568 0.4412
vn 0.5466 -0.8306 -0.1068
vn 0.0151 0.9400 0.3408
vn 0.9414 -0.2358 0.2412
vn 0.7426 0.5075 0.4371
vn 0.4966 -0.8576 -0.1336
vn 0.0741 0.9301 0.3599
vn 0.9311 -0.2930 0.2173
vn 0.7784 0.4563 0.4312
vn 0.4447 -0.8813 -0.1600
vn 0.1329 0.9164 0.3775
vn 0.9171 -0.3490 0.1926
vn 0.8111 0.4032 0.4237
vn 0.3910 -0.9014 -0.1857
vn 0.1911 0.8992 0.3936
vn 0.8995 -0.4036 0.1671
vn 0.5584 0.6785 0.4773
vn 0.6676 -0.7443 0.0153
vn 0.9286 -0.0796 0.3625
vn 0.6040 0.6354 0.4811
vn 0.6257 -0.7799 -0.0150
vn 0.9295 -0.1388 0.3417
vn 0.6472 0.5898 0.4830
vn 0.5813 -0.8124 -0.0453
vn 0.9267 -0.1975 0.3196
vn 0.6878 0.5419 0.4830
vn 0.5346 -0.8417 -0.0755
vn 0.0144 0.9394 0.3425
vn 0.9203 -0.2554 0.2962
vn 0.7257 0.4918 0.4811
vn 0.4858 -0.8677 -0.1053
vn 0.0719 0.9282 0.3650
vn 0.9103 -0.3124 0.2717
vn 0.7608 0.4398 0.4773
vn 0.4350 -0.8903 -0.1347
vn 0.1292 0.9134 0.3861
vn 0.8967 -0.3680 0.2461
vn 0.7928 0.3861 0.4716
vn 0.3826 -0.9093 -0.1636
vn 0.1860 0.8949 0.4056
vn 0.8795 -0.4223 0.2195
vn 0.8217 0.3309 0.4640
vn 0.3286 -0.9248 -0.1918
vn 0.2455 0.8756 0.4160
vn 0.8589 -0.4749 0.1920
vn 0.8474 0.2743 0.4546
vn 0.2733 -0.9366 -0.2193
vn 0.3014 0.8507 0.4306
vn 0.8348 -0.5256 0.1638
vn 0.8697 0.2167 0.4435
vn 0.2143 -0.9468 -0.2400
vn 0.3560 0.8225 0.4435
vn 0.8075 -0.5742 0.1349
vn 0.8886 0.1582 0.4305
vn 0.1578 -0.9506 -0.2673
vn 0.4093 0.7911 0.4547
vn 0.7770 -0.6206 0.1055
vn 0.9040 0.0991 0.4159
vn 0.1007 -0.9506 -0.2936
vn 0.4609 0.7565 0.4641
vn 0.7434 -0.6645 0.0757
vn 0.9158 0.0397 0.3997
vn 0.0433 -0.9469 -0.3187
vn 0.5107 0.7189 0.4716
vn 0.7069 -0.7058 0.0456
vn 0.9240 -0.0200 0.3818
vn 0.7713 0.3694 0.5183
vn 0.3727 -0.9170 -0.1420
vn 0.1802 0.8907 0.4173
vn 0.8560 -0.4405 0.2705
vn 0.7995 0.3136 0.5124
vn 0.3201 -0.9314 -0.1734
vn 0.2386 0.8702 0.4311
vn 0.8359 -0.4927 0.2418
vn 0.8245 0.2565 0.5045
vn 0.2664 -0.9420 -0.2042
vn 0.2929 0.8442 0.4490
vn 0.8126 -0.5429 0.2122
vn 0.8462 0.1984 0.4945
vn 0.2084 -0.9510 -0.2283
vn 0.3461 0.8148 0.4651
vn 0.7860 -0.5909 0.1817
vn 0.8646 0.1396 0.4827
vn 0.1536 -0.9536 -0.2589
vn 0.3979 0.7822 0.4793
vn 0.7564 -0.6366 0.1504
vn 0.8796 0.0802 0.4689
vn 0.0982 -0.9524 -0.2885
vn 0.4482 0.7466 0.4917
vn 0.7237 -0.6798 0.1186
vn 0.8911 0.0205 0.4533
vn 0.0424 -0.9475 -0.3170
vn 0.4966 0.7080 0.5021
vn 0.6882 -0.7204 0.0863
vn 0.8992 -0.0393 0.4359
vn 0.5431 0.6666 0.5106
vn 0.6500 -0.7580 0.0537
vn 0.9036 -0.0990 0.4167
vn 0.5875 0.6226 0.5170
vn 0.6092 -0.7928 0.0209
vn 0.9045 -0.1582 0.3960
vn 0.6295 0.5761 0.5214
vn 0.5660 -0.8243 -0.0121
vn 0.9019 -0.2168 0.3736
vn 0.6691 0.5273 0.5237
vn 0.5206 -0.8526 -0.0449
vn 0.0135 0.9388 0.3442
vn 0.8957 -0.2746 0.3498
vn 0.7060 0.4765 0.5240
vn 0.4731 -0.8776 -0.0776
vn 0.0694 0.9264 0.3701
vn 0.8859 -0.3313 0.3247
vn 0.7401 0.4238 0.5222
vn 0.4237 -0.8991 -0.1100
vn 0.1250 0.9104 0.3945
vn 0.8727 -0.3867 0.2982
vn 0.0415 -0.9481 -0.3154
vn 0.4806 0.6973 0.5317
vn 0.6668 -0.7345 0.1259
vn 0.8707 -0.0581 0.4883
vn 0.5256 0.6550 0.5429
vn 0.6298 -0.7714 0.0910
vn 0.8751 -0.1179 0.4694
vn 0.5686 0.6101 0.5518
vn 0.5903 -0.8053 0.0557
vn 0.8760 -0.1771 0.4486
vn 0.6093 0.5627 0.5586
vn 0.5485 -0.8359 0.0202
vn 0.8735 -0.2356 0.4261
vn 0.6477 0.5131 0.5632
vn 0.5045 -0.8633 -0.0153
vn 0.0131 0.9385 0.3450
vn 0.8675 -0.2933 0.4019
vn 0.6834 0.4616 0.5656
vn 0.4585 -0.8872 -0.0508
vn 0.0666 0.9247 0.3749
vn 0.8581 -0.3497 0.3761
vn 0.7165 0.4081 0.5657
vn 0.4107 -0.9077 -0.0861
vn 0.1203 0.9075 0.4026
vn 0.8453 -0.4048 0.3488
vn 0.7467 0.3531 0.5636
vn 0.3613 -0.9245 -0.1211
vn 0.1736 0.8867 0.4286
vn 0.8291 -0.4583 0.3201
vn 0.7740 0.2967 0.5593
vn 0.3105 -0.9378 -0.1556
vn 0.2306 0.8649 0.4458
vn 0.8097 -0.5100 0.2902
vn 0.7983 0.2392 0.5528
vn 0.2584 -0.9473 -0.1895
vn 0.2832 0.8378 0.4668
vn 0.7871 -0.5597 0.2591
vn 0.8193 0.1807 0.5441
vn 0.2018 -0.9551 -0.2170
vn 0.3348 0.8073 0.4860
vn 0.7615 -0.6072 0.2270
vn 0.8372 0.1214 0.5333
vn 0.1489 -0.9565 -0.2508
vn 0.3850 0.7737 0.5033
vn 0.7327 -0.6523 0.1940
vn 0.8517 0.0617 0.5203
vn 0.0954 -0.9542 -0.2837
vn 0.4336 0.7370 0.5185
vn 0.7012 -0.6948 0.1603
vn 0.8629 0.0018 0.5053
vn 0.5474 0.5979 0.5855
vn 0.5691 -0.8174 0.0894
vn 0.8440 -0.1954 0.4995
vn 0.5867 0.5497 0.5946
vn 0.5289 -0.8471 0.0514
vn 0.8416 -0.2539 0.4767
vn 0.6236 0.4994 0.6014
vn 0.4865 -0.8736 0.0133
vn 0.0121 0.9379 0.3466
vn 0.0075 0.9362 0.3515
vn 0.0115 0.9376 0.3474
vn 0.8359 -0.3114 0.4521
vn 0.6581 0.4471 0.6058
vn 0.4422 -0.8966 -0.0249
vn 0.0634 0.9230 0.3796
vn 0.8268 -0.3676 0.4257
vn 0.6900 0.3930 0.6078
vn 0.3962 -0.9160 -0.0630
vn 0.1150 0.9046 0.4104
vn 0.8145 -0.4224 0.3976
vn 0.7192 0.3374 0.6074
vn 0.3486 -0.9318 -0.1009
vn 0.1662 0.8827 0.4395
vn 0.7990 -0.4756 0.3680
vn 0.7455 0.2804 0.6046
vn 0.2996 -0.9440 -0.1383
vn 0.2217 0.8598 0.4600
vn 0.7804 -0.5268 0.3369
vn 0.7689 0.2224 0.5995
vn 0.2495 -0.9524 -0.1753
vn 0.2724 0.8316 0.4841
vn 0.7586 -0.5760 0.3044
vn 0.7892 0.1634 0.5920
vn 0.1945 -0.9590 -0.2062
vn 0.3220 0.8000 0.5062
vn 0.7339 -0.6229 0.2708
vn 0.8065 0.1038 0.5821
vn 0.1436 -0.9593 -0.2430
vn 0.3704 0.7653 0.5264
vn 0.7063 -0.6674 0.2361
vn 0.8205 0.0439 0.5699
vn 0.0922 -0.9559 -0.2790
vn 0.4173 0.7276 0.5444
vn 0.6759 -0.7092 0.2005
vn 0.8313 -0.0163 0.5555
vn 0.0404 -0.9486 -0.3138
vn 0.4626 0.6870 0.5603
vn 0.6428 -0.7483 0.1640
vn 0.8389 -0.0764 0.5389
vn 0.5060 0.6438 0.5740
vn 0.6072 -0.7844 0.1269
vn 0.8431 -0.1362 0.5202
vn 0.2877 -0.9500 -0.1218
vn 0.2118 0.8549 0.4736
vn 0.7479 -0.5430 0.3817
vn 0.7365 0.2061 0.6443
vn 0.2396 -0.9573 -0.1616
vn 0.2604 0.8256 0.5006
vn 0.7271 -0.5918 0.3480
vn 0.7560 0.1468 0.6379
vn 0.1864 -0.9628 -0.1957
vn 0.3080 0.7930 0.5256
vn 0.7035 -0.6381 0.3128
vn 0.7725 0.0869 0.6290
vn 0.1378 -0.9620 -0.2356
vn 0.3544 0.7573 0.5485
vn 0.6770 -0.6820 0.2765
vn 0.7860 0.0266 0.6176
vn 0.0887 -0.9575 -0.2745
vn 0.3993 0.7186 0.5693
vn 0.6479 -0.7232 0.2391
vn 0.7964 -0.0337 0.6038
vn 0.0393 -0.9492 -0.3123
vn 0.4427 0.6771 0.5878
vn 0.6163 -0.7615 0.2007
vn 0.8037 -0.0940 0.5876
vn 0.4843 0.6329 0.6040
vn 0.5822 -0.7969 0.1615
vn 0.8078 -0.1538 0.5690
vn 0.5241 0.5862 0.6178
vn 0.5458 -0.8291 0.1217
vn 0.8087 -0.2131 0.5483
vn 0.5617 0.5373 0.6292
vn 0.5072 -0.8580 0.0814
vn 0.8064 -0.2715 0.5253
vn 0.5971 0.4861 0.6380
vn 0.4666 -0.8835 0.0407
vn 0.0104 0.9371 0.3489
vn 0.8010 -0.3288 0.5003
vn 0.6302 0.4331 0.6444
vn 0.4242 -0.9056 -0.0001
vn 0.0599 0.9213 0.3841
vn 0.7923 -0.3849 0.4734
vn 0.6608 0.3784 0.6482
vn 0.3802 -0.9240 -0.0408
vn 0.1093 0.9019 0.4178
vn 0.7806 -0.4394 0.4445
vn 0.6888 0.3222 0.6495
vn 0.3346 -0.9388 -0.0815
vn 0.1582 0.8790 0.4499
vn 0.7658 -0.4922 0.4139
vn 0.7140 0.2647 0.6482
vn 0.4607 0.6225 0.6326
vn 0.5549 -0.8089 0.1945
vn 0.7693 -0.1708 0.6157
vn 0.4986 0.5750 0.6487
vn 0.5203 -0.8403 0.1525
vn 0.7702 -0.2300 0.5949
vn 0.5345 0.5253 0.6621
vn 0.4836 -0.8684 0.1100
vn 0.7681 -0.2883 0.5718
vn 0.5682 0.4734 0.6730
vn 0.4450 -0.8930 0.0670
vn 0.0091 0.9366 0.3503
vn 0.7629 -0.3456 0.5464
vn 0.5998 0.4197 0.6813
vn 0.4046 -0.9142 0.0237
vn 0.0561 0.9198 0.3884
vn 0.7547 -0.4014 0.5189
vn 0.6289 0.3644 0.6868
vn 0.3627 -0.9317 -0.0197
vn 0.1030 0.8993 0.4249
vn 0.7436 -0.4557 0.4893
vn 0.6556 0.3076 0.6896
vn 0.3193 -0.9456 -0.0629
vn 0.1494 0.8754 0.4598
vn 0.7295 -0.5081 0.4578
vn 0.6797 0.2496 0.6897
vn 0.2746 -0.9557 -0.1060
vn 0.2011 0.8501 0.4867
vn 0.7126 -0.5586 0.4245
vn 0.7011 0.1906 0.6871
vn 0.2288 -0.9621 -0.1486
vn 0.2474 0.8198 0.5164
vn 0.6928 -0.6069 0.3895
vn 0.7197 0.1309 0.6818
vn 0.1777 -0.9664 -0.1858
vn 0.2927 0.7863 0.5442
vn 0.6703 -0.6527 0.3530
vn 0.7355 0.0706 0.6738
vn 0.1316 -0.9646 -0.2285
vn 0.3369 0.7496 0.5697
vn 0.6452 -0.6960 0.3151
vn 0.7484 0.0101 0.6631
vn 0.0850 -0.9590 -0.2702
vn 0.3797 0.7100 0.5931
vn 0.6175 -0.7366 0.2759
vn 0.7584 -0.0505 0.6499
vn 0.0387 -0.9494 -0.3116
vn 0.4211 0.6676 0.6140
vn 0.5874 -0.7743 0.2357
vn 0.7653 -0.1108 0.6340
vn 0.3027 -0.9520 -0.0454
vn 0.1400 0.8719 0.4692
vn 0.6904 -0.5233 0.4994
vn 0.6426 0.2352 0.7292
vn 0.2605 -0.9612 -0.0910
vn 0.1895 0.8456 0.4990
vn 0.6744 -0.5734 0.4651
vn 0.6629 0.1758 0.7277
vn 0.2172 -0.9666 -0.1362
vn 0.2333 0.8144 0.5314
vn 0.6558 -0.6213 0.4290
vn 0.6806 0.1157 0.7234
vn 0.1683 -0.9698 -0.1764
vn 0.2762 0.7799 0.5617
vn 0.6345 -0.6666 0.3911
vn 0.6956 0.0551 0.7163
vn 0.1248 -0.9671 -0.2217
vn 0.3180 0.7423 0.5898
vn 0.6108 -0.7094 0.3517
vn 0.7079 -0.0057 0.7063
vn 0.0809 -0.9605 -0.2662
vn 0.3585 0.7018 0.6156
vn 0.5846 -0.7494 0.3109
vn 0.7173 -0.0664 0.6936
vn 0.0319 -0.9514 -0.3062
vn 0.0373 -0.9499 -0.3102
vn 0.0366 -0.9502 -0.3095
vn 0.3977 0.6585 0.6389
vn 0.5562 -0.7864 0.2689
vn 0.7240 -0.1269 0.6781
vn 0.4352 0.6126 0.6597
vn 0.5255 -0.8203 0.2258
vn 0.7277 -0.1869 0.6599
vn 0.4711 0.5644 0.6779
vn 0.4928 -0.8509 0.1818
vn 0.7287 -0.2461 0.6391
vn 0.5051 0.5138 0.6934
vn 0.4581 -0.8783 0.1371
vn 0.7267 -0.3044 0.6158
vn 0.5371 0.4613 0.7062
vn 0.4216 -0.9021 0.0918
vn 0.0077 0.9361 0.3517
vn 0.7219 -0.3615 0.5901
vn 0.5669 0.4070 0.7162
vn 0.3835 -0.9224 0.0462
vn 0.0521 0.9183 0.3925
vn 0.7142 -0.4172 0.5621
vn 0.5945 0.3510 0.7234
vn 0.3438 -0.9390 0.0004
vn 0.0963 0.8969 0.4317
vn 0.7037 -0.4712 0.5318
vn 0.6198 0.2937 0.7277
vn 0.3727 0.6499 0.6624
vn 0.5228 -0.7978 0.3001
vn 0.6797 -0.1421 0.7196
vn 0.4080 0.6033 0.6853
vn 0.4941 -0.8311 0.2553
vn 0.6833 -0.2022 0.7016
vn 0.4417 0.5542 0.7055
vn 0.4634 -0.8611 0.2094
vn 0.6842 -0.2614 0.6808
vn 0.4736 0.5030 0.7229
vn 0.4309 -0.8876 0.1627
vn 0.6824 -0.3196 0.6573
vn 0.5037 0.4498 0.7375
vn 0.3966 -0.9107 0.1153
vn 0.0063 0.9356 0.3530
vn 0.6780 -0.3766 0.6313
vn 0.5318 0.3949 0.7492
vn 0.3608 -0.9302 0.0675
vn 0.0478 0.9169 0.3962
vn 0.6708 -0.4321 0.6028
vn 0.5578 0.3384 0.7579
vn 0.3236 -0.9460 0.0194
vn 0.0891 0.8946 0.4380
vn 0.6610 -0.4858 0.5718
vn 0.5816 0.2805 0.7636
vn 0.2851 -0.9581 -0.0288
vn 0.1300 0.8687 0.4780
vn 0.6486 -0.5377 0.5387
vn 0.6030 0.2216 0.7663
vn 0.2454 -0.9664 -0.0769
vn 0.1771 0.8414 0.5106
vn 0.6336 -0.5875 0.5034
vn 0.6222 0.1617 0.7660
vn 0.2048 -0.9708 -0.1246
vn 0.2182 0.8092 0.5455
vn 0.6162 -0.6349 0.4661
vn 0.6388 0.1013 0.7627
vn 0.1583 -0.9731 -0.1676
vn 0.2585 0.7738 0.5783
vn 0.5963 -0.6798 0.4270
vn 0.6529 0.0404 0.7563
vn 0.1177 -0.9694 -0.2154
vn 0.2978 0.7353 0.6088
vn 0.5740 -0.7220 0.3862
vn 0.6645 -0.0206 0.7470
vn 0.0766 -0.9619 -0.2624
vn 0.3359 0.6940 0.6368
vn 0.5495 -0.7614 0.3438
vn 0.6734 -0.0815 0.7347
vn 0.0352 -0.9506 -0.3083
vn 0.3022 -0.9525 0.0371
vn 0.0815 0.8924 0.4439
vn 0.6157 -0.4997 0.6093
vn 0.5410 0.2681 0.7971
vn 0.2664 -0.9638 -0.0133
vn 0.1195 0.8657 0.4862
vn 0.6043 -0.5512 0.5753
vn 0.5610 0.2087 0.8010
vn 0.2295 -0.9712 -0.0637
vn 0.1639 0.8374 0.5215
vn 0.5904 -0.6006 0.5391
vn 0.5789 0.1485 0.8018
vn 0.1917 -0.9748 -0.1137
vn 0.2023 0.8043 0.5587
vn 0.5742 -0.6477 0.5008
vn 0.5945 0.0877 0.7993
vn 0.1477 -0.9761 -0.1594
vn 0.2398 0.7681 0.5938
vn 0.5557 -0.6922 0.4605
vn 0.6077 0.0266 0.7937
vn 0.1101 -0.9716 -0.2096
vn 0.2764 0.7288 0.6265
vn 0.5350 -0.7339 0.4184
vn 0.6185 -0.0346 0.7850
vn 0.0720 -0.9632 -0.2588
vn 0.3119 0.6867 0.6567
vn 0.5123 -0.7728 0.3746
vn 0.6269 -0.0957 0.7732
vn 0.0337 -0.9511 -0.3071
vn 0.3462 0.6418 0.6843
vn 0.4875 -0.8086 0.3294
vn 0.6328 -0.1565 0.7583
vn 0.3791 0.5944 0.7092
vn 0.4608 -0.8413 0.2828
vn 0.6362 -0.2166 0.7405
vn 0.4105 0.5447 0.7313
vn 0.4322 -0.8706 0.2351
vn 0.6371 -0.2758 0.7197
vn 0.4403 0.4929 0.7505
vn 0.4020 -0.8965 0.1865
vn 0.6355 -0.3340 0.6961
vn 0.4683 0.4390 0.7667
vn 0.3701 -0.9188 0.1372
vn 0.0048 0.9352 0.3541
vn 0.6314 -0.3908 0.6698
vn 0.4945 0.3835 0.7800
vn 0.3368 -0.9375 0.0873
vn 0.0432 0.9156 0.3998
vn 0.6248 -0.4461 0.6408
vn 0.5188 0.3265 0.7901
vn 0.2866 0.6798 0.6750
vn 0.4730 -0.7834 0.4031
vn 0.5778 -0.1090 0.8088
vn 0.0321 -0.9515 -0.3060
vn 0.3183 0.6343 0.7045
vn 0.4502 -0.8187 0.3564
vn 0.5834 -0.1698 0.7943
vn 0.3487 0.5862 0.7313
vn 0.4256 -0.8507 0.3083
vn 0.5866 -0.2300 0.7766
vn 0.3777 0.5359 0.7551
vn 0.3994 -0.8794 0.2590
vn 0.5875 -0.2892 0.7558
vn 0.4052 0.4834 0.7760
vn 0.3715 -0.9047 0.2087
vn 0.5861 -0.3473 0.7320
vn 0.4311 0.4290 0.7938
vn 0.3422 -0.9263 0.1575
vn 0.0032 0.9348 0.3552
vn 0.5824 -0.4041 0.7054
vn 0.4553 0.3729 0.8085
vn 0.3115 -0.9443 0.1057
vn 0.0384 0.9144 0.4030
vn 0.5764 -0.4592 0.6760
vn 0.4777 0.3154 0.8200
vn 0.2796 -0.9586 0.0535
vn 0.0736 0.8904 0.4493
vn 0.5681 -0.5125 0.6439
vn 0.4982 0.2566 0.8282
vn 0.2466 -0.9691 0.0010
vn 0.1084 0.8628 0.4937
vn 0.5575 -0.5639 0.6093
vn 0.5168 0.1968 0.8332
vn 0.2127 -0.9758 -0.0514
vn 0.1500 0.8336 0.5316
vn 0.5448 -0.6130 0.5723
vn 0.5333 0.1362 0.8349
vn 0.1778 -0.9786 -0.1037
vn 0.1854 0.7998 0.5710
vn 0.5299 -0.6596 0.5330
vn 0.5477 0.0751 0.8333
vn 0.1366 -0.9789 -0.1519
vn 0.2201 0.7627 0.6081
vn 0.5130 -0.7037 0.4916
vn 0.5600 0.0137 0.8284
vn 0.1021 -0.9736 -0.2041
vn 0.2539 0.7227 0.6428
vn 0.4940 -0.7450 0.4482
vn 0.5700 -0.0477 0.8202
vn 0.0673 -0.9644 -0.2556
vn 0.2851 -0.9506 0.1225
vn 0.0335 0.9133 0.4060
vn 0.5256 -0.4713 0.7082
vn 0.4347 0.3051 0.8473
vn 0.2560 -0.9642 0.0685
vn 0.0653 0.8885 0.4542
vn 0.5182 -0.5244 0.6756
vn 0.4535 0.2459 0.8567
vn 0.2260 -0.9740 0.0141
vn 0.0968 0.8603 0.5006
vn 0.5086 -0.5755 0.6404
vn 0.4705 0.1858 0.8626
vn 0.1950 -0.9800 -0.0402
vn 0.1355 0.8302 0.5408
vn 0.4971 -0.6243 0.6026
vn 0.4856 0.1249 0.8652
vn 0.1633 -0.9820 -0.0944
vn 0.1678 0.7956 0.5822
vn 0.4836 -0.6707 0.5624
vn 0.4988 0.0635 0.8644
vn 0.1251 -0.9815 -0.1450
vn 0.1994 0.7578 0.6212
vn 0.4682 -0.7144 0.5200
vn 0.5101 0.0018 0.8601
vn 0.0938 -0.9755 -0.1992
vn 0.2303 0.7171 0.6578
vn 0.4510 -0.7553 0.4756
vn 0.5193 -0.0598 0.8525
vn 0.0623 -0.9656 -0.2526
vn 0.2602 0.6735 0.6919
vn 0.4320 -0.7932 0.4293
vn 0.5265 -0.1212 0.8415
vn 0.0304 -0.9519 -0.3050
vn 0.2891 0.6273 0.7231
vn 0.4112 -0.8280 0.3812
vn 0.5316 -0.1821 0.8272
vn 0.3168 0.5786 0.7515
vn 0.3889 -0.8595 0.3317
vn 0.5346 -0.2423 0.8096
vn 0.3433 0.5277 0.7770
vn 0.3650 -0.8876 0.2809
vn 0.5355 -0.3016 0.7888
vn 0.3684 0.4746 0.7994
vn 0.3397 -0.9123 0.2289
vn 0.5343 -0.3596 0.7649
vn 0.3921 0.4197 0.8186
vn 0.3130 -0.9333 0.1761
vn 0.0024 0.9346 0.3557
vn 0.5310 -0.4163 0.7380
vn 0.4142 0.3631 0.8346
vn 0.2057 0.7120 0.6714
vn 0.4062 -0.7646 0.5003
vn 0.4665 -0.0708 0.8817
vn 0.0571 -0.9666 -0.2500
vn 0.2326 0.6678 0.7071
vn 0.3892 -0.8021 0.4529
vn 0.4731 -0.1324 0.8710
vn 0.0287 -0.9522 -0.3041
vn 0.2586 0.6210 0.7399
vn 0.3707 -0.8365 0.4037
vn 0.4778 -0.1934 0.8569
vn 0.2836 0.5717 0.7699
vn 0.3506 -0.8675 0.3529
vn 0.4806 -0.2536 0.8395
vn 0.3075 0.5202 0.7968
vn 0.3292 -0.8951 0.3006
vn 0.4815 -0.3129 0.8187
vn 0.3302 0.4666 0.8205
vn 0.3065 -0.9192 0.2472
vn 0.4805 -0.3709 0.7947
vn 0.3515 0.4112 0.8410
vn 0.2826 -0.9397 0.1929
vn 0.0007 0.9342 0.3567
vn -0.0058 0.9334 0.3588
vn -0.0002 0.9341 0.3571
vn 0.4776 -0.4275 0.7676
vn 0.3715 0.3542 0.8582
vn 0.2575 -0.9564 0.1377
vn 0.0283 0.9122 0.4087
vn 0.4728 -0.4823 0.7374
vn 0.3900 0.2958 0.8720
vn 0.2315 -0.9694 0.0820
vn 0.0567 0.8868 0.4586
vn 0.4662 -0.5353 0.7044
vn 0.4069 0.2362 0.8824
vn 0.2045 -0.9785 0.0260
vn 0.0848 0.8579 0.5068
vn 0.4577 -0.5862 0.6685
vn 0.4223 0.1757 0.8893
vn 0.1767 -0.9838 -0.0301
vn 0.1204 0.8270 0.5492
vn 0.4475 -0.6347 0.6300
vn 0.4360 0.1145 0.8926
vn 0.1482 -0.9852 -0.0861
vn 0.1495 0.7917 0.5923
vn 0.4354 -0.6808 0.5891
vn 0.4479 0.0528 0.8925
vn 0.1131 -0.9838 -0.1389
vn 0.1779 0.7533 0.6331
vn 0.4217 -0.7241 0.5458
vn 0.4581 -0.0090 0.8888
vn 0.0852 -0.9771 -0.1948
vn 0.2511 -0.9454 0.2078
vn -0.0020 0.9338 0.3579
vn 0.4223 -0.4375 0.7939
vn 0.3272 0.3461 0.8793
vn 0.2290 -0.9616 0.1513
vn 0.0229 0.9113 0.4110
vn 0.4182 -0.4923 0.7634
vn 0.3437 0.2873 0.8940
vn 0.2060 -0.9740 0.0941
vn 0.0478 0.8853 0.4625
vn 0.4125 -0.5451 0.7299
vn 0.3588 0.2274 0.9053
vn 0.1823 -0.9826 0.0366
vn 0.0724 0.8558 0.5122
vn 0.4051 -0.5957 0.6936
vn 0.3724 0.1666 0.9130
vn 0.1577 -0.9873 -0.0211
vn 0.1048 0.8242 0.5566
vn 0.3961 -0.6441 0.6545
vn 0.3846 0.1051 0.9171
vn 0.1326 -0.9880 -0.0787
vn 0.1305 0.7883 0.6013
vn 0.3855 -0.6898 0.6128
vn 0.3953 0.0433 0.9175
vn 0.1006 -0.9859 -0.1334
vn 0.1557 0.7493 0.6437
vn 0.3735 -0.7329 0.5687
vn 0.4044 -0.0188 0.9144
vn 0.0763 -0.9786 -0.1909
vn 0.1803 0.7073 0.6835
vn 0.3599 -0.7731 0.5223
vn 0.4119 -0.0808 0.9076
vn 0.0517 -0.9675 -0.2476
vn 0.2041 0.6626 0.7206
vn 0.3450 -0.8102 0.4739
vn 0.4178 -0.1424 0.8973
vn 0.0269 -0.9525 -0.3033
vn 0.2272 0.6152 0.7549
vn 0.3287 -0.8441 0.4236
vn 0.4220 -0.2035 0.8834
vn 0.2493 0.5655 0.7862
vn 0.3110 -0.8747 0.3717
vn 0.4246 -0.2638 0.8661
vn 0.2705 0.5134 0.8144
vn 0.2922 -0.9019 0.3183
vn 0.4255 -0.3231 0.8453
vn 0.2906 0.4594 0.8393
vn 0.2722 -0.9254 0.2636
vn 0.4248 -0.3810 0.8212
vn 0.3095 0.4036 0.8610
vn 0.1328 0.7457 0.6529
vn 0.3238 -0.7407 0.5887
vn 0.3490 -0.0275 0.9367
vn 0.0672 -0.9800 -0.1875
vn 0.1541 0.7032 0.6941
vn 0.3122 -0.7805 0.5416
vn 0.3556 -0.0896 0.9303
vn 0.0462 -0.9683 -0.2456
vn 0.1748 0.6580 0.7325
vn 0.2994 -0.8173 0.4923
vn 0.3608 -0.1513 0.9203
vn 0.0260 -0.9526 -0.3030
vn 0.1947 0.6102 0.7680
vn 0.2854 -0.8509 0.4411
vn 0.3646 -0.2125 0.9066
vn 0.2140 0.5599 0.8004
vn 0.2702 -0.8811 0.3881
vn 0.3670 -0.2728 0.8893
vn 0.2323 0.5075 0.8298
vn 0.2540 -0.9078 0.3336
vn 0.3679 -0.3321 0.8685
vn 0.2498 0.4530 0.8558
vn 0.2368 -0.9310 0.2778
vn 0.3674 -0.3900 0.8443
vn 0.2663 0.3968 0.8784
vn 0.2187 -0.9505 0.2209
vn -0.0038 0.9335 0.3586
vn 0.3654 -0.4464 0.8168
vn 0.2817 0.3390 0.8976
vn 0.1997 -0.9662 0.1631
vn 0.0174 0.9105 0.4130
vn 0.3619 -0.5011 0.7861
vn 0.2960 0.2799 0.9133
vn 0.1799 -0.9781 0.1047
vn 0.0386 0.8840 0.4659
vn 0.3571 -0.5537 0.7522
vn 0.3091 0.2196 0.9253
vn 0.1593 -0.9862 0.0458
vn 0.0597 0.8540 0.5169
vn 0.3508 -0.6042 0.7154
vn 0.3210 0.1586 0.9337
vn 0.1382 -0.9903 -0.0132
vn 0.0887 0.8216 0.5631
vn 0.3432 -0.6523 0.6758
vn 0.3317 0.0968 0.9384
vn 0.1165 -0.9906 -0.0722
vn 0.1110 0.7852 0.6092
vn 0.3342 -0.6979 0.6335
vn 0.3410 0.0348 0.9394
vn 0.0879 -0.9878 -0.1287
vn 0.2006 -0.9358 0.2899
vn 0.3085 -0.3978 0.8640
vn 0.2219 0.3909 0.8933
vn 0.1854 -0.9549 0.2320
vn -0.0057 0.9333 0.3591
vn 0.3070 -0.4542 0.8363
vn 0.2350 0.3328 0.9133
vn 0.1696 -0.9702 0.1732
vn 0.0118 0.9099 0.4147
vn 0.3043 -0.5087 0.8054
vn 0.2471 0.2734 0.9296
vn 0.1530 -0.9817 0.1137
vn 0.0293 0.8829 0.4687
vn 0.3003 -0.5613 0.7712
vn 0.2582 0.2129 0.9423
vn 0.1359 -0.9893 0.0537
vn 0.0466 0.8524 0.5208
vn 0.2952 -0.6116 0.7340
vn 0.2684 0.1516 0.9513
vn 0.1182 -0.9930 -0.0065
vn 0.0722 0.8194 0.5686
vn 0.2889 -0.6595 0.6939
vn 0.2774 0.0896 0.9566
vn 0.1000 -0.9928 -0.0667
vn 0.0909 0.7826 0.6159
vn 0.2815 -0.7049 0.6511
vn 0.2854 0.0274 0.9580
vn 0.0749 -0.9894 -0.1248
vn 0.1093 0.7426 0.6608
vn 0.2730 -0.7474 0.6057
vn 0.2922 -0.0350 0.9557
vn 0.0579 -0.9811 -0.1847
vn 0.1272 0.6997 0.7030
vn 0.2633 -0.7870 0.5579
vn 0.2979 -0.0972 0.9496
vn 0.0406 -0.9690 -0.2439
vn 0.1447 0.6540 0.7425
vn 0.2527 -0.8235 0.5079
vn 0.3025 -0.1591 0.9398
vn 0.0174 -0.9533 -0.3014
vn 0.0242 -0.9529 -0.3024
vn 0.0232 -0.9530 -0.3021
vn 0.1615 0.6057 0.7791
vn 0.2410 -0.8568 0.4559
vn 0.3058 -0.2203 0.9263
vn 0.1777 0.5551 0.8126
vn 0.2284 -0.8866 0.4021
vn 0.3079 -0.2807 0.9091
vn 0.1932 0.5023 0.8428
vn 0.2149 -0.9130 0.3467
vn 0.3088 -0.3399 0.8883
vn 0.2080 0.4475 0.8698
vn 0.0705 0.7803 0.6214
vn 0.2277 -0.7108 0.6656
vn 0.2286 0.0212 0.9733
vn 0.0616 -0.9907 -0.1217
vn 0.0853 0.7400 0.6672
vn 0.2210 -0.7531 0.6197
vn 0.2343 -0.0414 0.9713
vn 0.0483 -0.9820 -0.1825
vn 0.0998 0.6967 0.7104
vn 0.2134 -0.7925 0.5713
vn 0.2391 -0.1037 0.9655
vn 0.0349 -0.9695 -0.2425
vn 0.1139 0.6506 0.7508
vn 0.2050 -0.8287 0.5207
vn 0.2429 -0.1656 0.9558
vn 0.0213 -0.9532 -0.3016
vn 0.1276 0.6020 0.7882
vn 0.1958 -0.8617 0.4681
vn 0.2457 -0.2269 0.9424
vn 0.1407 0.5511 0.8225
vn 0.1858 -0.8913 0.4136
vn 0.2476 -0.2873 0.9253
vn 0.1533 0.4979 0.8536
vn 0.1750 -0.9174 0.3574
vn 0.2485 -0.3465 0.9045
vn 0.1653 0.4428 0.8812
vn 0.1636 -0.9398 0.2999
vn 0.2485 -0.4044 0.8802
vn 0.1766 0.3860 0.9054
vn 0.1515 -0.9586 0.2411
vn -0.0076 0.9331 0.3596
vn 0.2474 -0.4607 0.8524
vn 0.1873 0.3276 0.9261
vn 0.1388 -0.9736 0.1814
vn 0.0061 0.9093 0.4161
vn 0.2454 -0.5152 0.8212
vn 0.1972 0.2679 0.9430
vn 0.1256 -0.9847 0.1210
vn 0.0198 0.8819 0.4710
vn 0.2424 -0.5676 0.7868
vn 0.2063 0.2072 0.9563
vn 0.1119 -0.9919 0.0601
vn 0.0334 0.8511 0.5240
vn 0.2384 -0.6178 0.7493
vn 0.2146 0.1457 0.9658
vn 0.0977 -0.9952 -0.0010
vn 0.0554 0.8176 0.5731
vn 0.2335 -0.6656 0.7088
vn 0.2221 0.0836 0.9714
vn 0.0832 -0.9946 -0.0621
vn 0.1345 -0.9209 0.3658
vn 0.1872 -0.3519 0.9171
vn 0.1219 0.4390 0.8902
vn 0.1260 -0.9431 0.3076
vn 0.1874 -0.4097 0.8927
vn 0.1306 0.3819 0.9149
vn 0.1170 -0.9616 0.2482
vn -0.0096 0.9329 0.3599
vn 0.1868 -0.4660 0.8648
vn 0.1388 0.3234 0.9360
vn 0.1076 -0.9763 0.1879
vn 0.0003 0.9089 0.4171
vn 0.1855 -0.5204 0.8335
vn 0.1465 0.2635 0.9535
vn 0.0978 -0.9871 0.1268
vn 0.0101 0.8812 0.4726
vn 0.1835 -0.5728 0.7989
vn 0.1535 0.2026 0.9672
vn 0.0875 -0.9940 0.0651
vn 0.0199 0.8501 0.5263
vn 0.1807 -0.6229 0.7612
vn 0.1600 0.1409 0.9770
vn 0.0769 -0.9970 0.0033
vn 0.0383 0.8161 0.5766
vn 0.1773 -0.6705 0.7204
vn 0.1658 0.0787 0.9830
vn 0.0661 -0.9961 -0.0586
vn 0.0497 0.7785 0.6257
vn 0.1731 -0.7155 0.6768
vn 0.1709 0.0161 0.9851
vn 0.0481 -0.9917 -0.1193
vn 0.0610 0.7378 0.6722
vn 0.1682 -0.7577 0.6305
vn 0.1754 -0.0465 0.9834
vn 0.0387 -0.9828 -0.1808
vn 0.0720 0.6942 0.7161
vn 0.1627 -0.7969 0.5818
vn 0.1792 -0.1089 0.9778
vn 0.0291 -0.9700 -0.2415
vn 0.0827 0.6479 0.7572
vn 0.1566 -0.8330 0.5307
vn 0.1823 -0.1709 0.9683
vn 0.0193 -0.9533 -0.3013
vn 0.0931 0.5990 0.7953
vn 0.1498 -0.8657 0.4775
vn 0.1847 -0.2322 0.9550
vn 0.1031 0.5478 0.8302
vn 0.1424 -0.8951 0.4225
vn 0.1863 -0.2926 0.9379
vn 0.1128 0.4944 0.8619
vn 0.0210 0.8150 0.5791
vn 0.1203 -0.6743 0.7286
vn 0.1088 0.0749 0.9912
vn 0.0487 -0.9972 -0.0561
vn 0.0287 0.7771 0.6287
vn 0.1178 -0.7192 0.6848
vn 0.1126 0.0123 0.9936
vn 0.0345 -0.9924 -0.1178
vn 0.0363 0.7362 0.6758
vn 0.1148 -0.7612 0.6382
vn 0.1158 -0.0504 0.9920
vn 0.0289 -0.9833 -0.1797
vn 0.0438 0.6924 0.7202
vn 0.1114 -0.8003 0.5892
vn 0.1187 -0.1129 0.9865
vn 0.0232 -0.9703 -0.2408
vn 0.0511 0.6458 0.7618
vn 0.1075 -0.8362 0.5378
vn 0.1210 -0.1749 0.9771
vn 0.0174 -0.9534 -0.3011
vn 0.0582 0.5967 0.8003
vn 0.1032 -0.8688 0.4843
vn 0.1229 -0.2363 0.9639
vn 0.0651 0.5453 0.8357
vn 0.0985 -0.8980 0.4288
vn 0.1243 -0.2967 0.9468
vn 0.0717 0.4917 0.8678
vn 0.0934 -0.9236 0.3717
vn 0.1252 -0.3560 0.9261
vn 0.0781 0.4361 0.8965
vn 0.0880 -0.9456 0.3131
vn 0.1256 -0.4138 0.9016
vn 0.0841 0.3789 0.9216
vn 0.0822 -0.9639 0.2533
vn -0.0115 0.9328 0.3601
vn 0.1256 -0.4701 0.8737
vn 0.0898 0.3201 0.9431
vn 0.0760 -0.9784 0.1924
vn -0.0056 0.9085 0.4178
vn 0.1250 -0.5244 0.8422
vn 0.0951 0.2601 0.9609
vn 0.0696 -0.9890 0.1308
vn 0.0004 0.8807 0.4738
vn 0.1239 -0.5767 0.8075
vn 0.1001 0.1991 0.9749
vn 0.0629 -0.9957 0.0687
vn 0.0063 0.8493 0.5279
vn 0.1224 -0.6267 0.7696
vn 0.1047 0.1373 0.9850
vn 0.0559 -0.9984 0.0063
vn 0.0543 -0.9000 0.4325
vn 0.0618 -0.2995 0.9521
vn 0.0304 0.4898 0.8713
vn 0.0521 -0.9255 0.3752
vn 0.0627 -0.3588 0.9313
vn 0.0338 0.4341 0.9002
vn 0.0496 -0.9474 0.3163
vn 0.0634 -0.4166 0.9069
vn 0.0372 0.3768 0.9256
vn 0.0470 -0.9655 0.2562
vn -0.0125 0.9328 0.3602
vn 0.0638 -0.4728 0.8788
vn 0.0404 0.3179 0.9473
vn 0.0442 -0.9798 0.1951
vn -0.0115 0.9083 0.4181
vn 0.0640 -0.5271 0.8474
vn 0.0434 0.2578 0.9652
vn 0.0412 -0.9902 0.1332
vn -0.0095 0.8803 0.4743
vn 0.0639 -0.5794 0.8126
vn 0.0463 0.1967 0.9794
vn 0.0380 -0.9968 0.0708
vn -0.0074 0.8488 0.5286
vn 0.0635 -0.6294 0.7745
vn 0.0489 0.1348 0.9897
vn 0.0347 -0.9994 0.0081
vn 0.0035 0.8142 0.5806
vn 0.0629 -0.6768 0.7334
vn 0.0514 0.0723 0.9961
vn 0.0313 -0.9980 -0.0547
vn 0.0075 0.7762 0.6305
vn 0.0621 -0.7217 0.6894
vn 0.0537 0.0096 0.9985
vn 0.0209 -0.9929 -0.1170
vn 0.0115 0.7351 0.6779
vn 0.0610 -0.7636 0.6427
vn 0.0558 -0.0531 0.9970
vn 0.0191 -0.9836 -0.1791
vn 0.0154 0.6911 0.7226
vn 0.0597 -0.8026 0.5935
vn 0.0576 -0.1156 0.9916
vn 0.0173 -0.9705 -0.2405
vn 0.0193 0.6444 0.7644
vn 0.0581 -0.8384 0.5419
vn 0.0593 -0.1777 0.9823
vn 0.0154 -0.9535 -0.3010
vn 0.0231 0.5951 0.8033
vn 0.0563 -0.8709 0.4882
vn 0.0607 -0.2391 0.9691
vn 0.0268 0.5435 0.8390
vn -0.0211 0.8487 0.5285
vn -0.0018 -0.2406 0.9706
vn 0.0099 -0.9010 0.4336
vn -0.0140 0.8138 0.5810
vn -0.0009 -0.3010 0.9536
vn 0.0105 -0.9265 0.3762
vn -0.0138 0.7757 0.6310
vn -0.0000 -0.3603 0.9328
vn 0.0111 -0.9483 0.3173
vn -0.0135 0.7345 0.6785
vn 0.0009 -0.4181 0.9084
vn 0.0117 -0.9663 0.2571
vn -0.0131 0.6904 0.7233
vn 0.0018 -0.4743 0.8804
vn 0.0122 -0.9806 0.1959
vn -0.0127 0.6436 0.7652
vn 0.0027 -0.5286 0.8489
vn 0.0127 -0.9909 0.1339
vn -0.0122 0.5943 0.8041
vn 0.0036 -0.5808 0.8140
vn -0.0078 0.1954 0.9807
vn 0.0131 -0.9974 0.0714
vn -0.0117 0.5426 0.8399
vn 0.0044 -0.6308 0.7760
vn -0.0070 0.1334 0.9910
vn 0.0134 -0.9999 0.0086
vn -0.0112 0.4888 0.8723
vn 0.0053 -0.6782 0.7348
vn -0.0062 0.0710 0.9975
vn 0.0138 -0.9984 -0.0542
vn -0.0106 0.4331 0.9013
vn 0.0061 -0.7230 0.6908
vn -0.0054 0.0082 1.0000
vn 0.0072 -0.9931 -0.1171
vn -0.0099 0.3756 0.9267
vn 0.0069 -0.7649 0.6441
vn -0.0144 0.9327 0.3603
vn -0.0213 0.9330 0.3592
vn -0.0155 0.9327 0.3602
vn -0.0045 -0.0546 0.9985
vn 0.0093 -0.9838 -0.1792
vn -0.0093 0.3167 0.9485
vn 0.0077 -0.8039 0.5948
vn -0.0174 0.9083 0.4181
vn -0.0036 -0.1171 0.9931
vn 0.0114 -0.9706 -0.2406
vn -0.0085 0.2565 0.9665
vn 0.0085 -0.8396 0.5431
vn -0.0193 0.8802 0.4742
vn -0.0027 -0.1792 0.9838
vn 0.0135 -0.9535 -0.3010
vn 0.0092 -0.8720 0.4893
vn -0.0567 -0.5810 0.8119
vn -0.0618 0.1952 0.9788
vn -0.0119 -0.9974 0.0705
vn -0.0348 0.8488 0.5276
vn -0.0546 -0.6310 0.7739
vn -0.0629 0.1333 0.9891
vn -0.0078 -0.9999 0.0079
vn -0.0316 0.8137 0.5804
vn -0.0523 -0.6784 0.7328
vn -0.0638 0.0708 0.9954
vn -0.0038 -0.9985 -0.0548
vn -0.0351 0.7756 0.6303
vn -0.0498 -0.7232 0.6889
vn -0.0644 0.0080 0.9979
vn -0.0065 -0.9930 -0.1180
vn -0.0384 0.7344 0.6776
vn -0.0471 -0.7651 0.6422
vn -0.0648 -0.0547 0.9964
vn -0.0005 -0.9837 -0.1798
vn -0.0416 0.6903 0.7223
vn -0.0442 -0.8040 0.5930
vn -0.0649 -0.1173 0.9910
vn 0.0055 -0.9705 -0.2409
vn -0.0447 0.6435 0.7641
vn -0.0411 -0.8398 0.5414
vn -0.0648 -0.1794 0.9816
vn 0.0115 -0.9535 -0.3011
vn -0.0475 0.5942 0.8029
vn -0.0379 -0.8722 0.4877
vn -0.0644 -0.2408 0.9684
vn -0.0502 0.5425 0.8385
vn -0.0345 -0.9012 0.4321
vn -0.0637 -0.3012 0.9514
vn -0.0527 0.4887 0.8709
vn -0.0310 -0.9266 0.3747
vn -0.0628 -0.3605 0.9307
vn -0.0550 0.4329 0.8997
vn -0.0274 -0.9484 0.3159
vn -0.0616 -0.4183 0.9062
vn -0.0570 0.3755 0.9251
vn -0.0236 -0.9664 0.2559
vn -0.0174 0.9327 0.3601
vn -0.0602 -0.4745 0.8782
vn -0.0589 0.3166 0.9467
vn -0.0198 -0.9807 0.1948
vn -0.0233 0.9083 0.4177
vn -0.0586 -0.5288 0.8467
vn -0.0605 0.2564 0.9647
vn -0.0158 -0.9910 0.1329
vn -0.0291 0.8803 0.4736
vn -0.1265 -0.1783 0.9758
vn 0.0105 -0.9535 -0.3012
vn -0.0827 0.5948 0.7996
vn -0.0848 -0.8714 0.4833
vn -0.1266 -0.2397 0.9626
vn -0.0886 0.5432 0.8349
vn -0.0788 -0.9004 0.4279
vn -0.1262 -0.3001 0.9455
vn -0.0941 0.4894 0.8670
vn -0.0724 -0.9259 0.3708
vn -0.1253 -0.3594 0.9248
vn -0.0992 0.4337 0.8956
vn -0.0657 -0.9477 0.3123
vn -0.1239 -0.4172 0.9003
vn -0.1040 0.3763 0.9206
vn -0.0588 -0.9658 0.2525
vn -0.0194 0.9328 0.3599
vn -0.1220 -0.4734 0.8724
vn -0.1083 0.3174 0.9421
vn -0.0516 -0.9801 0.1918
vn -0.0292 0.9085 0.4169
vn -0.1196 -0.5277 0.8410
vn -0.1122 0.2573 0.9598
vn -0.0442 -0.9905 0.1302
vn -0.0388 0.8805 0.4724
vn -0.1168 -0.5799 0.8062
vn -0.1157 0.1962 0.9737
vn -0.0367 -0.9970 0.0682
vn -0.0483 0.8491 0.5260
vn -0.1135 -0.6299 0.7683
vn -0.1187 0.1342 0.9838
vn -0.0290 -0.9996 0.0059
vn -0.0490 0.8140 0.5788
vn -0.1097 -0.6774 0.7274
vn -0.1212 0.0718 0.9900
vn -0.0212 -0.9982 -0.0565
vn -0.0562 0.7760 0.6283
vn -0.1055 -0.7222 0.6836
vn -0.1233 0.0091 0.9923
vn -0.0201 -0.9926 -0.1197
vn -0.0633 0.7349 0.6753
vn -0.1009 -0.7641 0.6371
vn -0.1249 -0.0537 0.9907
vn -0.0103 -0.9834 -0.1810
vn -0.0700 0.6908 0.7196
vn -0.0959 -0.8031 0.5881
vn -0.1259 -0.1162 0.9852
vn -0.0004 -0.9704 -0.2417
vn -0.0765 0.6441 0.7611
vn -0.0906 -0.8389 0.5367
vn -0.1802 -0.5253 0.8316
vn -0.1635 0.2593 0.9519
vn -0.0724 -0.9894 0.1259
vn -0.0485 0.8810 0.4706
vn -0.1764 -0.5776 0.7970
vn -0.1691 0.1982 0.9655
vn -0.0614 -0.9960 0.0644
vn -0.0618 0.8498 0.5235
vn -0.1718 -0.6276 0.7593
vn -0.1740 0.1364 0.9753
vn -0.0500 -0.9987 0.0026
vn -0.0663 0.8147 0.5761
vn -0.1667 -0.6752 0.7186
vn -0.1782 0.0740 0.9812
vn -0.0385 -0.9975 -0.0592
vn -0.0773 0.7768 0.6250
vn -0.1608 -0.7200 0.6750
vn -0.1816 0.0114 0.9833
vn -0.0336 -0.9919 -0.1222
vn -0.0879 0.7358 0.6715
vn -0.1543 -0.7621 0.6288
vn -0.1844 -0.0514 0.9815
vn -0.0199 -0.9829 -0.1828
vn -0.0982 0.6919 0.7153
vn -0.1473 -0.8011 0.5801
vn -0.1865 -0.1139 0.9758
vn -0.0062 -0.9701 -0.2427
vn -0.1081 0.6453 0.7562
vn -0.1396 -0.8370 0.5291
vn -0.1878 -0.1759 0.9663
vn 0.0021 -0.9528 -0.3037
vn 0.0086 -0.9534 -0.3015
vn 0.0076 -0.9534 -0.3017
vn -0.1176 0.5962 0.7942
vn -0.1314 -0.8695 0.4761
vn -0.1884 -0.2373 0.9530
vn -0.1266 0.5447 0.8290
vn -0.1226 -0.8987 0.4211
vn -0.1882 -0.2977 0.9359
vn -0.1351 0.4910 0.8606
vn -0.1134 -0.9243 0.3645
vn -0.1873 -0.3569 0.9152
vn -0.1431 0.4354 0.8888
vn -0.1037 -0.9462 0.3064
vn -0.1856 -0.4148 0.8908
vn -0.1505 0.3781 0.9134
vn -0.0937 -0.9644 0.2471
vn -0.0213 0.9329 0.3595
vn -0.1833 -0.4710 0.8629
vn -0.1573 0.3194 0.9345
vn -0.0832 -0.9789 0.1869
vn -0.0350 0.9088 0.4159
vn -0.2463 -0.1102 0.9629
vn -0.0119 -0.9697 -0.2442
vn -0.1393 0.6472 0.7495
vn -0.1880 -0.8340 0.5187
vn -0.2483 -0.1722 0.9532
vn 0.0057 -0.9532 -0.3022
vn -0.1520 0.5983 0.7867
vn -0.1774 -0.8668 0.4661
vn -0.2494 -0.2336 0.9398
vn -0.1642 0.5469 0.8209
vn -0.1660 -0.8961 0.4117
vn -0.2495 -0.2940 0.9227
vn -0.1757 0.4935 0.8518
vn -0.1540 -0.9218 0.3557
vn -0.2486 -0.3532 0.9019
vn -0.1864 0.4381 0.8794
vn -0.1413 -0.9440 0.2983
vn -0.2467 -0.4111 0.8776
vn -0.1965 0.3809 0.9035
vn -0.1281 -0.9624 0.2397
vn -0.0232 0.9330 0.3590
vn -0.2438 -0.4673 0.8498
vn -0.2058 0.3223 0.9240
vn -0.1144 -0.9770 0.1801
vn -0.0407 0.9092 0.4145
vn -0.2400 -0.5217 0.8187
vn -0.2142 0.2624 0.9409
vn -0.1003 -0.9877 0.1198
vn -0.0580 0.8817 0.4682
vn -0.2352 -0.5741 0.7843
vn -0.2218 0.2014 0.9541
vn -0.0857 -0.9946 0.0591
vn -0.0751 0.8508 0.5202
vn -0.2295 -0.6241 0.7468
vn -0.2286 0.1397 0.9635
vn -0.0708 -0.9975 -0.0019
vn -0.0834 0.8157 0.5724
vn -0.2229 -0.6718 0.7064
vn -0.2344 0.0774 0.9691
vn -0.0556 -0.9965 -0.0629
vn -0.0980 0.7780 0.6205
vn -0.2154 -0.7167 0.6632
vn -0.2393 0.0148 0.9708
vn -0.0468 -0.9910 -0.1254
vn -0.1123 0.7373 0.6662
vn -0.2071 -0.7589 0.6174
vn -0.2433 -0.0478 0.9688
vn -0.0294 -0.9823 -0.1852
vn -0.1260 0.6936 0.7092
vn -0.1980 -0.7980 0.5692
vn -0.3034 -0.4624 0.8331
vn -0.2534 0.3262 0.9107
vn -0.1451 -0.9744 0.1715
vn -0.0463 0.9097 0.4127
vn -0.2989 -0.5169 0.8022
vn -0.2641 0.2665 0.9269
vn -0.1277 -0.9855 0.1122
vn -0.0673 0.8826 0.4653
vn -0.2931 -0.5693 0.7681
vn -0.2738 0.2057 0.9395
vn -0.1097 -0.9926 0.0524
vn -0.0881 0.8520 0.5161
vn -0.2863 -0.6195 0.7310
vn -0.2823 0.1441 0.9484
vn -0.0913 -0.9958 -0.0076
vn -0.1003 0.8171 0.5677
vn -0.2783 -0.6672 0.6910
vn -0.2898 0.0820 0.9536
vn -0.0725 -0.9951 -0.0676
vn -0.1185 0.7797 0.6148
vn -0.2692 -0.7123 0.6482
vn -0.2961 0.0195 0.9550
vn -0.0599 -0.9898 -0.1295
vn -0.1362 0.7393 0.6595
vn -0.2590 -0.7546 0.6029
vn -0.3012 -0.0430 0.9526
vn -0.0388 -0.9814 -0.1881
vn -0.1534 0.6959 0.7016
vn -0.2479 -0.7939 0.5552
vn -0.3052 -0.1054 0.9465
vn -0.0175 -0.9691 -0.2459
vn -0.1700 0.6498 0.7409
vn -0.2357 -0.8301 0.5053
vn -0.3079 -0.1673 0.9366
vn 0.0038 -0.9531 -0.3028
vn -0.1860 0.6011 0.7773
vn -0.2226 -0.8630 0.4535
vn -0.3094 -0.2286 0.9230
vn -0.2012 0.5500 0.8106
vn -0.2086 -0.8925 0.3998
vn -0.3098 -0.2890 0.9058
vn -0.2155 0.4968 0.8407
vn -0.1938 -0.9185 0.3446
vn -0.3088 -0.3483 0.8851
vn -0.2291 0.4416 0.8675
vn -0.1783 -0.9409 0.2880
vn -0.3067 -0.4061 0.8608
vn -0.2417 0.3847 0.8908
vn -0.1620 -0.9596 0.2302
vn -0.0251 0.9332 0.3584
vn -0.3580 -0.0370 0.9330
vn -0.0479 -0.9803 -0.1915
vn -0.1803 0.6987 0.6923
vn -0.2967 -0.7887 0.5384
vn -0.3628 -0.0993 0.9266
vn -0.0230 -0.9685 -0.2480
vn -0.2001 0.6529 0.7305
vn -0.2824 -0.8252 0.4892
vn -0.3663 -0.1612 0.9164
vn 0.0020 -0.9528 -0.3035
vn -0.2192 0.6046 0.7658
vn -0.2669 -0.8583 0.4382
vn -0.3683 -0.2224 0.9027
vn -0.2374 0.5538 0.7981
vn -0.2504 -0.8881 0.3854
vn -0.3688 -0.2828 0.8854
vn -0.2546 0.5009 0.8272
vn -0.2329 -0.9144 0.3311
vn -0.3679 -0.3420 0.8647
vn -0.2709 0.4460 0.8531
vn -0.2145 -0.9371 0.2754
vn -0.3655 -0.3999 0.8405
vn -0.2861 0.3893 0.8755
vn -0.1953 -0.9560 0.2187
vn -0.0270 0.9334 0.3577
vn -0.3617 -0.4563 0.8130
vn -0.3001 0.3312 0.8946
vn -0.1752 -0.9713 0.1611
vn -0.0518 0.9103 0.4106
vn -0.3565 -0.5108 0.7823
vn -0.3130 0.2717 0.9101
vn -0.1545 -0.9826 0.1029
vn -0.0765 0.8836 0.4619
vn -0.3499 -0.5633 0.7485
vn -0.3246 0.2111 0.9220
vn -0.1331 -0.9901 0.0443
vn -0.1008 0.8535 0.5113
vn -0.3419 -0.6136 0.7118
vn -0.3350 0.1497 0.9303
vn -0.1113 -0.9937 -0.0145
vn -0.1168 0.8189 0.5620
vn -0.3325 -0.6615 0.6722
vn -0.3440 0.0877 0.9349
vn -0.0890 -0.9933 -0.0733
vn -0.1385 0.7818 0.6079
vn -0.3218 -0.7067 0.6300
vn -0.3517 0.0254 0.9358
vn -0.0726 -0.9883 -0.1343
vn -0.1597 0.7417 0.6514
vn -0.3099 -0.7492 0.5854
vn -0.4229 -0.3925 0.8168
vn -0.3293 0.3950 0.8577
vn -0.2277 -0.9518 0.2053
vn -0.0279 0.9335 0.3574
vn -0.4187 -0.4489 0.7894
vn -0.3457 0.3371 0.8757
vn -0.2046 -0.9674 0.1490
vn -0.0572 0.9111 0.4082
vn -0.4128 -0.5035 0.7590
vn -0.3607 0.2778 0.8904
vn -0.1807 -0.9792 0.0921
vn -0.0854 0.8849 0.4579
vn -0.4052 -0.5561 0.7256
vn -0.3742 0.2175 0.9015
vn -0.1560 -0.9871 0.0348
vn -0.1132 0.8552 0.5057
vn -0.3961 -0.6065 0.6893
vn -0.3863 0.1564 0.9090
vn -0.1308 -0.9911 -0.0226
vn -0.1328 0.8209 0.5553
vn -0.3854 -0.6546 0.6504
vn -0.3969 0.0946 0.9130
vn -0.1051 -0.9912 -0.0799
vn -0.1580 0.7844 0.5998
vn -0.3732 -0.7001 0.6088
vn -0.4059 0.0324 0.9133
vn -0.0850 -0.9865 -0.1399
vn -0.1826 0.7447 0.6419
vn -0.3595 -0.7428 0.5648
vn -0.4133 -0.0298 0.9101
vn -0.0568 -0.9791 -0.1955
vn -0.2064 0.7021 0.6815
vn -0.3444 -0.7826 0.5186
vn -0.4191 -0.0920 0.9033
vn -0.0284 -0.9677 -0.2504
vn -0.2295 0.6567 0.7184
vn -0.3279 -0.8193 0.4704
vn -0.4232 -0.1538 0.8929
vn 0.0002 -0.9526 -0.3043
vn -0.2516 0.6088 0.7524
vn -0.3102 -0.8527 0.4203
vn -0.4256 -0.2150 0.8790
vn -0.2727 0.5584 0.7835
vn -0.2912 -0.8828 0.3685
vn -0.4264 -0.2753 0.8616
vn -0.2928 0.5059 0.8114
vn -0.2711 -0.9095 0.3153
vn -0.4255 -0.3345 0.8408
vn -0.3117 0.4513 0.8362
vn -0.2499 -0.9325 0.2608
vn -0.4586 0.0406 0.8877
vn -0.0970 -0.9845 -0.1462
vn -0.2048 0.7482 0.6311
vn -0.4077 -0.7353 0.5414
vn -0.4670 -0.0215 0.8840
vn -0.0654 -0.9776 -0.2001
vn -0.2319 0.7061 0.6691
vn -0.3907 -0.7754 0.4961
vn -0.4737 -0.0835 0.8767
vn -0.0335 -0.9669 -0.2531
vn -0.2580 0.6612 0.7045
vn -0.3722 -0.8124 0.4489
vn -0.4785 -0.1452 0.8660
vn -0.0015 -0.9523 -0.3052
vn -0.2831 0.6137 0.7371
vn -0.3522 -0.8462 0.3999
vn -0.4814 -0.2063 0.8519
vn -0.3070 0.5637 0.7668
vn -0.3308 -0.8767 0.3493
vn -0.4823 -0.2666 0.8344
vn -0.3298 0.5116 0.7934
vn -0.3081 -0.9037 0.2973
vn -0.4814 -0.3259 0.8137
vn -0.3512 0.4574 0.8169
vn -0.2842 -0.9272 0.2441
vn -0.4786 -0.3838 0.7897
vn -0.3713 0.4015 0.8372
vn -0.2591 -0.9470 0.1900
vn -0.0296 0.9338 0.3565
vn -0.0350 0.9351 0.3525
vn -0.0305 0.9340 0.3560
vn -0.4739 -0.4403 0.7626
vn -0.3899 0.3439 0.8542
vn -0.2331 -0.9630 0.1351
vn -0.0623 0.9120 0.4055
vn -0.4674 -0.4950 0.7325
vn -0.4070 0.2850 0.8678
vn -0.2061 -0.9753 0.0797
vn -0.0940 0.8864 0.4534
vn -0.4590 -0.5478 0.6995
vn -0.4224 0.2250 0.8780
vn -0.1783 -0.9837 0.0240
vn -0.1252 0.8573 0.4994
vn -0.4488 -0.5984 0.6637
vn -0.4362 0.1641 0.8848
vn -0.1498 -0.9882 -0.0318
vn -0.1485 0.8234 0.5477
vn -0.4368 -0.6466 0.6254
vn -0.4483 0.1025 0.8880
vn -0.1207 -0.9888 -0.0875
vn -0.1770 0.7873 0.5906
vn -0.4231 -0.6923 0.5845
vn -0.5355 -0.3160 0.7832
vn -0.3895 0.4644 0.7954
vn -0.3173 -0.9211 0.2255
vn -0.5324 -0.3740 0.7593
vn -0.4118 0.4089 0.8144
vn -0.2895 -0.9414 0.1729
vn -0.0321 0.9343 0.3550
vn -0.5273 -0.4306 0.7325
vn -0.4326 0.3517 0.8302
vn -0.2606 -0.9580 0.1196
vn -0.0673 0.9129 0.4025
vn -0.5201 -0.4854 0.7028
vn -0.4517 0.2932 0.8426
vn -0.2306 -0.9708 0.0659
vn -0.1023 0.8880 0.4483
vn -0.5109 -0.5383 0.6702
vn -0.4689 0.2335 0.8518
vn -0.1998 -0.9798 0.0119
vn -0.1368 0.8595 0.4924
vn -0.4996 -0.5891 0.6351
vn -0.4844 0.1729 0.8576
vn -0.1681 -0.9849 -0.0421
vn -0.1636 0.8261 0.5392
vn -0.4864 -0.6376 0.5974
vn -0.4979 0.1116 0.8600
vn -0.1358 -0.9861 -0.0960
vn -0.1953 0.7907 0.5803
vn -0.4712 -0.6836 0.5574
vn -0.5094 0.0499 0.8591
vn -0.1086 -0.9822 -0.1532
vn -0.2263 0.7521 0.6190
vn -0.4542 -0.7268 0.5152
vn -0.5189 -0.0120 0.8547
vn -0.0737 -0.9760 -0.2051
vn -0.2564 0.7105 0.6553
vn -0.4354 -0.7672 0.4709
vn -0.5264 -0.0739 0.8470
vn -0.0385 -0.9659 -0.2561
vn -0.2855 0.6662 0.6890
vn -0.4149 -0.8046 0.4248
vn -0.5319 -0.1355 0.8359
vn -0.0032 -0.9520 -0.3062
vn -0.3134 0.6192 0.7200
vn -0.3927 -0.8388 0.3770
vn -0.5352 -0.1965 0.8216
vn -0.3402 0.5698 0.7481
vn -0.3690 -0.8697 0.3277
vn -0.5364 -0.2568 0.8040
vn -0.3655 0.5181 0.7733
vn -0.3438 -0.8972 0.2771
vn -0.5455 0.1217 0.8292
vn -0.1503 -0.9830 -0.1054
vn -0.2129 0.7944 0.5689
vn -0.5175 -0.6738 0.5275
vn -0.5583 0.0602 0.8275
vn -0.1197 -0.9797 -0.1608
vn -0.2469 0.7564 0.6057
vn -0.4989 -0.7174 0.4863
vn -0.5688 -0.0015 0.8225
vn -0.0816 -0.9742 -0.2106
vn -0.2800 0.7155 0.6400
vn -0.4784 -0.7581 0.4431
vn -0.5771 -0.0632 0.8142
vn -0.0433 -0.9648 -0.2594
vn -0.3119 0.6718 0.6719
vn -0.4559 -0.7959 0.3983
vn -0.5831 -0.1246 0.8028
vn -0.0040 -0.9518 -0.3067
vn -0.3427 0.6254 0.7011
vn -0.4317 -0.8306 0.3518
vn -0.5869 -0.1856 0.7881
vn -0.3720 0.5765 0.7275
vn -0.4057 -0.8620 0.3040
vn -0.5883 -0.2458 0.7704
vn -0.3999 0.5254 0.7510
vn -0.3782 -0.8899 0.2549
vn -0.5874 -0.3050 0.7496
vn -0.4262 0.4722 0.7716
vn -0.3491 -0.9144 0.2049
vn -0.5842 -0.3631 0.7259
vn -0.4508 0.4171 0.7892
vn -0.3187 -0.9353 0.1540
vn -0.0337 0.9347 0.3539
vn -0.5786 -0.4197 0.6993
vn -0.4737 0.3604 0.8036
vn -0.2870 -0.9524 0.1025
vn -0.0721 0.9140 0.3992
vn -0.5708 -0.4747 0.6700
vn -0.4946 0.3022 0.8149
vn -0.2542 -0.9658 0.0507
vn -0.1102 0.8898 0.4428
vn -0.5608 -0.5278 0.6380
vn -0.5136 0.2429 0.8229
vn -0.2204 -0.9754 -0.0014
vn -0.1479 0.8620 0.4848
vn -0.5485 -0.5788 0.6035
vn -0.5306 0.1827 0.8277
vn -0.1857 -0.9811 -0.0535
vn -0.1780 0.8292 0.5299
vn -0.5340 -0.6275 0.5666
vn -0.6379 -0.2338 0.7338
vn -0.4327 0.5334 0.7268
vn -0.4110 -0.8820 0.2307
vn -0.6370 -0.2930 0.7130
vn -0.4613 0.4807 0.7458
vn -0.3796 -0.9070 0.1824
vn -0.6335 -0.3511 0.6895
vn -0.4880 0.4261 0.7617
vn -0.3466 -0.9285 0.1334
vn -0.0353 0.9351 0.3527
vn -0.6276 -0.4078 0.6632
vn -0.5129 0.3699 0.7747
vn -0.3123 -0.9463 0.0839
vn -0.0767 0.9152 0.3956
vn -0.6192 -0.4629 0.6342
vn -0.5357 0.3122 0.7846
vn -0.2768 -0.9603 0.0340
vn -0.1178 0.8918 0.4369
vn -0.6084 -0.5162 0.6028
vn -0.5564 0.2533 0.7914
vn -0.2401 -0.9706 -0.0160
vn -0.1584 0.8648 0.4765
vn -0.5952 -0.5674 0.5690
vn -0.5748 0.1934 0.7951
vn -0.2025 -0.9771 -0.0659
vn -0.1919 0.8326 0.5196
vn -0.5796 -0.6164 0.5330
vn -0.5911 0.1327 0.7956
vn -0.1641 -0.9796 -0.1156
vn -0.2297 0.7985 0.5565
vn -0.5617 -0.6630 0.4949
vn -0.6050 0.0716 0.7930
vn -0.1302 -0.9770 -0.1691
vn -0.2667 0.7612 0.5911
vn -0.5416 -0.7070 0.4548
vn -0.6165 0.0101 0.7873
vn -0.0892 -0.9722 -0.2165
vn -0.3025 0.7210 0.6234
vn -0.5194 -0.7482 0.4129
vn -0.6255 -0.0514 0.7785
vn -0.0479 -0.9636 -0.2630
vn -0.3372 0.6779 0.6532
vn -0.4951 -0.7864 0.3693
vn -0.6322 -0.1127 0.7666
vn -0.0101 -0.9498 -0.3128
vn -0.0056 -0.9514 -0.3079
vn -0.0063 -0.9512 -0.3085
vn -0.3705 0.6322 0.6805
vn -0.4689 -0.8215 0.3244
vn -0.6363 -0.1736 0.7517
vn -0.4024 0.5839 0.7051
vn -0.4408 -0.8534 0.2781
vn -0.6168 0.2051 0.7599
vn -0.2185 -0.9726 -0.0793
vn -0.2050 0.8362 0.5086
vn -0.6228 -0.6044 0.4968
vn -0.6343 0.1448 0.7594
vn -0.1773 -0.9760 -0.1266
vn -0.2457 0.8029 0.5431
vn -0.6037 -0.6513 0.4597
vn -0.6493 0.0839 0.7559
vn -0.1402 -0.9740 -0.1781
vn -0.2854 0.7664 0.5754
vn -0.5822 -0.6957 0.4208
vn -0.6617 0.0227 0.7494
vn -0.0964 -0.9701 -0.2229
vn -0.3239 0.7269 0.6055
vn -0.5584 -0.7373 0.3802
vn -0.6715 -0.0386 0.7400
vn -0.0522 -0.9623 -0.2669
vn -0.3612 0.6846 0.6332
vn -0.5324 -0.7760 0.3382
vn -0.6787 -0.0998 0.7276
vn -0.0078 -0.9508 -0.3098
vn -0.3970 0.6395 0.6583
vn -0.5042 -0.8117 0.2948
vn -0.6832 -0.1605 0.7124
vn -0.4313 0.5919 0.6809
vn -0.4741 -0.8442 0.2502
vn -0.6849 -0.2207 0.6944
vn -0.4639 0.5420 0.7007
vn -0.4422 -0.8733 0.2046
vn -0.6840 -0.2799 0.6736
vn -0.4946 0.4900 0.7178
vn -0.4084 -0.8990 0.1582
vn -0.6804 -0.3380 0.6502
vn -0.5234 0.4360 0.7321
vn -0.3731 -0.9211 0.1112
vn -0.0367 0.9355 0.3515
vn -0.6741 -0.3949 0.6242
vn -0.5501 0.3803 0.7435
vn -0.3363 -0.9396 0.0638
vn -0.0810 0.9165 0.3918
vn -0.6652 -0.4501 0.5957
vn -0.5746 0.3231 0.7519
vn -0.2981 -0.9544 0.0161
vn -0.1249 0.8939 0.4305
vn -0.6536 -0.5036 0.5649
vn -0.5969 0.2646 0.7574
vn -0.2588 -0.9654 -0.0317
vn -0.1684 0.8678 0.4676
vn -0.6395 -0.5551 0.5319
vn -0.7274 -0.1465 0.6704
vn -0.4585 0.6006 0.6550
vn -0.5055 -0.8342 0.2204
vn -0.7293 -0.2066 0.6522
vn -0.4932 0.5513 0.6729
vn -0.4715 -0.8640 0.1767
vn -0.7284 -0.2658 0.6315
vn -0.5260 0.4999 0.6880
vn -0.4357 -0.8903 0.1324
vn -0.7246 -0.3240 0.6082
vn -0.5567 0.4466 0.7005
vn -0.3981 -0.9132 0.0875
vn -0.0380 0.9359 0.3501
vn -0.7180 -0.3809 0.5826
vn -0.5852 0.3914 0.7102
vn -0.3589 -0.9324 0.0423
vn -0.0850 0.9179 0.3877
vn -0.7085 -0.4364 0.5546
vn -0.6114 0.3347 0.7171
vn -0.3183 -0.9480 -0.0030
vn -0.1317 0.8962 0.4237
vn -0.6963 -0.4900 0.5245
vn -0.6351 0.2767 0.7211
vn -0.2765 -0.9598 -0.0484
vn -0.1778 0.8709 0.4581
vn -0.6813 -0.5418 0.4922
vn -0.6564 0.2177 0.7224
vn -0.2335 -0.9678 -0.0936
vn -0.2174 0.8401 0.4969
vn -0.6636 -0.5915 0.4581
vn -0.6750 0.1577 0.7207
vn -0.1896 -0.9721 -0.1384
vn -0.2607 0.8077 0.5288
vn -0.6432 -0.6388 0.4221
vn -0.6911 0.0972 0.7162
vn -0.1496 -0.9708 -0.1875
vn -0.3030 0.7720 0.5587
vn -0.6204 -0.6836 0.3845
vn -0.7043 0.0362 0.7089
vn -0.1031 -0.9678 -0.2297
vn -0.3441 0.7333 0.5863
vn -0.5951 -0.7257 0.3454
vn -0.7148 -0.0249 0.6988
vn -0.0562 -0.9610 -0.2709
vn -0.3838 0.6918 0.6117
vn -0.5674 -0.7649 0.3048
vn -0.7225 -0.0858 0.6860
vn -0.0091 -0.9503 -0.3111
vn -0.4220 0.6474 0.6346
vn -0.5376 -0.8011 0.2631
vn -0.6709 0.2897 0.6827
vn -0.2930 -0.9538 -0.0662
vn -0.1865 0.8743 0.4481
vn -0.7203 -0.5277 0.4502
vn -0.6934 0.2311 0.6825
vn -0.2476 -0.9627 -0.1087
vn -0.2290 0.8443 0.4844
vn -0.7017 -0.5777 0.4171
vn -0.7132 0.1715 0.6797
vn -0.2012 -0.9679 -0.1509
vn -0.2748 0.8128 0.5137
vn -0.6802 -0.6254 0.3823
vn -0.7301 0.1113 0.6742
vn -0.1583 -0.9674 -0.1975
vn -0.3195 0.7780 0.5409
vn -0.6561 -0.6706 0.3460
vn -0.7442 0.0506 0.6660
vn -0.1093 -0.9654 -0.2369
vn -0.3629 0.7402 0.5661
vn -0.6294 -0.7132 0.3084
vn -0.7554 -0.0102 0.6552
vn -0.0600 -0.9595 -0.2753
vn -0.4049 0.6994 0.5889
vn -0.6003 -0.7530 0.2695
vn -0.7635 -0.0710 0.6419
vn -0.0104 -0.9498 -0.3126
vn -0.4453 0.6559 0.6095
vn -0.5687 -0.7898 0.2296
vn -0.7687 -0.1315 0.6260
vn -0.4840 0.6098 0.6276
vn -0.5349 -0.8236 0.1888
vn -0.7708 -0.1915 0.6076
vn -0.5207 0.5613 0.6433
vn -0.4990 -0.8540 0.1472
vn -0.7699 -0.2508 0.5868
vn -0.5554 0.5106 0.6564
vn -0.4611 -0.8811 0.1050
vn -0.7660 -0.3090 0.5637
vn -0.5878 0.4578 0.6670
vn -0.4214 -0.9047 0.0624
vn -0.0393 0.9364 0.3486
vn -0.7590 -0.3661 0.5384
vn -0.6180 0.4033 0.6749
vn -0.3800 -0.9248 0.0196
vn -0.0888 0.9193 0.3833
vn -0.7490 -0.4217 0.5110
vn -0.6457 0.3472 0.6801
vn -0.3372 -0.9412 -0.0233
vn -0.1379 0.8986 0.4165
vn -0.7361 -0.4756 0.4816
vn -0.8015 -0.0553 0.5954
vn -0.0115 -0.9493 -0.3141
vn -0.4670 0.6648 0.5830
vn -0.5976 -0.7779 0.1943
vn -0.8070 -0.1157 0.5791
vn -0.5076 0.6195 0.5988
vn -0.5621 -0.8123 0.1555
vn -0.8093 -0.1756 0.5606
vn -0.5461 0.5718 0.6122
vn -0.5244 -0.8435 0.1160
vn -0.8084 -0.2349 0.5398
vn -0.5826 0.5218 0.6232
vn -0.4847 -0.8714 0.0762
vn -0.8043 -0.2932 0.5169
vn -0.6167 0.4698 0.6317
vn -0.4430 -0.8958 0.0360
vn -0.0399 0.9367 0.3479
vn -0.7970 -0.3504 0.4919
vn -0.6484 0.4159 0.6377
vn -0.3996 -0.9167 -0.0044
vn -0.0923 0.9209 0.3788
vn -0.7866 -0.4062 0.4651
vn -0.6775 0.3603 0.6412
vn -0.3546 -0.9339 -0.0447
vn -0.1437 0.9011 0.4090
vn -0.7731 -0.4603 0.4364
vn -0.7040 0.3034 0.6422
vn -0.3082 -0.9475 -0.0848
vn -0.1946 0.8779 0.4376
vn -0.7565 -0.5127 0.4059
vn -0.7277 0.2452 0.6406
vn -0.2606 -0.9574 -0.1247
vn -0.2398 0.8488 0.4713
vn -0.7370 -0.5631 0.3739
vn -0.7485 0.1861 0.6365
vn -0.2120 -0.9634 -0.1640
vn -0.2878 0.8182 0.4977
vn -0.7145 -0.6112 0.3404
vn -0.7663 0.1263 0.6299
vn -0.1663 -0.9639 -0.2080
vn -0.3348 0.7843 0.5222
vn -0.6893 -0.6569 0.3055
vn -0.7812 0.0659 0.6208
vn -0.1151 -0.9628 -0.2444
vn -0.3804 0.7474 0.5447
vn -0.6613 -0.7001 0.2695
vn -0.7929 0.0053 0.6093
vn -0.0634 -0.9580 -0.2798
vn -0.4245 0.7075 0.5650
vn -0.6307 -0.7405 0.2323
vn -0.7067 0.3741 0.6005
vn -0.0666 -0.9564 -0.2845
vn -0.1490 0.9038 0.4011
vn -0.8070 -0.4443 0.3891
vn -0.7344 0.3178 0.5998
vn -0.0126 -0.9488 -0.3157
vn -0.2019 0.8816 0.4266
vn -0.7897 -0.4970 0.3596
vn -0.7591 0.2601 0.5968
vn -0.2496 0.8534 0.4575
vn -0.7694 -0.5477 0.3287
vn -0.7809 0.2014 0.5913
vn -0.2998 0.8238 0.4811
vn -0.5478 -0.8324 0.0835
vn -0.7460 -0.5963 0.2965
vn -0.7995 0.1420 0.5836
vn -0.3488 0.7910 0.5027
vn -0.5063 -0.8611 0.0460
vn -0.7196 -0.6426 0.2632
vn -0.8150 0.0820 0.5736
vn -0.3964 0.7550 0.5223
vn -0.4629 -0.8864 0.0083
vn -0.6905 -0.6863 0.2288
vn -0.8273 0.0216 0.5613
vn -0.4425 0.7160 0.5399
vn -0.4176 -0.9082 -0.0294
vn -0.6585 -0.7273 0.1934
vn -0.8364 -0.0388 0.5468
vn -0.4868 0.6742 0.5554
vn -0.3707 -0.9263 -0.0670
vn -0.6240 -0.7654 0.1574
vn -0.8421 -0.0991 0.5301
vn -0.5292 0.6298 0.5686
vn -0.3223 -0.9409 -0.1044
vn -0.5871 -0.8005 0.1207
vn -0.8445 -0.1589 0.5114
vn -0.5695 0.5829 0.5796
vn -0.2726 -0.9517 -0.1413
vn -0.8436 -0.2182 0.4906
vn -0.6075 0.5336 0.5883
vn -0.2218 -0.9588 -0.1777
vn -0.8394 -0.2766 0.4679
vn -0.6432 0.4823 0.5947
vn -0.1737 -0.9601 -0.2190
vn -0.0410 0.9372 0.3464
vn -0.0437 0.9393 0.3404
vn -0.0415 0.9375 0.3456
vn -0.8319 -0.3339 0.4433
vn -0.6763 0.4291 0.5988
vn -0.1204 -0.9601 -0.2523
vn -0.0954 0.9225 0.3741
vn -0.8210 -0.3899 0.4170
vn -0.8634 -0.3166 0.3928
vn -0.7015 0.4429 0.5583
vn -0.4339 -0.8993 -0.0555
vn -0.0983 0.9241 0.3692
vn -0.8522 -0.3728 0.3671
vn -0.7331 0.3886 0.5581
vn -0.3852 -0.9184 -0.0903
vn -0.1537 0.9066 0.3930
vn -0.8376 -0.4275 0.3399
vn -0.7619 0.3328 0.5557
vn -0.3349 -0.9339 -0.1247
vn -0.2085 0.8855 0.4152
vn -0.8198 -0.4806 0.3115
vn -0.7876 0.2757 0.5511
vn -0.2834 -0.9458 -0.1587
vn -0.2585 0.8583 0.4432
vn -0.7987 -0.5317 0.2817
vn -0.8102 0.2175 0.5444
vn -0.2307 -0.9539 -0.1920
vn -0.3106 0.8297 0.4637
vn -0.7744 -0.5808 0.2509
vn -0.8296 0.1584 0.5354
vn -0.1803 -0.9563 -0.2304
vn -0.3615 0.7979 0.4823
vn -0.7471 -0.6275 0.2191
vn -0.8457 0.0987 0.5244
vn -0.1251 -0.9574 -0.2604
vn -0.4109 0.7629 0.4991
vn -0.7169 -0.6718 0.1864
vn -0.8585 0.0387 0.5113
vn -0.0695 -0.9547 -0.2894
vn -0.4588 0.7249 0.5138
vn -0.6838 -0.7135 0.1530
vn -0.8679 -0.0215 0.4962
vn -0.0135 -0.9482 -0.3173
vn -0.5048 0.6841 0.5266
vn -0.6480 -0.7523 0.1190
vn -0.8739 -0.0817 0.4791
vn -0.5488 0.6405 0.5372
vn -0.6097 -0.7881 0.0845
vn -0.8765 -0.1415 0.4602
vn -0.5906 0.5944 0.5458
vn -0.5689 -0.8209 0.0496
vn -0.8756 -0.2007 0.4394
vn -0.6301 0.5460 0.5521
vn -0.5259 -0.8504 0.0146
vn -0.8712 -0.2592 0.4169
vn -0.6671 0.4954 0.5563
vn -0.4808 -0.8766 -0.0205
vn -0.0424 0.9380 0.3439
vn -0.8731 0.1161 0.4735
vn -0.1293 -0.9545 -0.2688
vn -0.4239 0.7712 0.4750
vn -0.7405 -0.6568 0.1426
vn -0.8863 0.0564 0.4596
vn -0.0720 -0.9529 -0.2945
vn -0.4733 0.7341 0.4869
vn -0.7063 -0.6991 0.1111
vn -0.8961 -0.0036 0.4439
vn -0.0140 -0.9479 -0.3181
vn -0.5208 0.6942 0.4968
vn -0.6694 -0.7387 0.0792
vn -0.9023 -0.0636 0.4264
vn -0.5662 0.6516 0.5047
vn -0.6298 -0.7753 0.0470
vn -0.9049 -0.1234 0.4072
vn -0.6095 0.6064 0.5107
vn -0.5878 -0.8089 0.0146
vn -0.9040 -0.1826 0.3865
vn -0.6503 0.5588 0.5147
vn -0.5434 -0.8393 -0.0179
vn -0.8996 -0.2411 0.3642
vn -0.6885 0.5090 0.5166
vn -0.4969 -0.8664 -0.0503
vn -0.0433 0.9386 0.3422
vn -0.8915 -0.2987 0.3404
vn -0.7240 0.4572 0.5165
vn -0.4484 -0.8900 -0.0825
vn -0.1008 0.9259 0.3641
vn -0.8800 -0.3551 0.3154
vn -0.7567 0.4036 0.5143
vn -0.3981 -0.9102 -0.1144
vn -0.1579 0.9095 0.3846
vn -0.8650 -0.4101 0.2891
vn -0.7864 0.3484 0.5101
vn -0.3463 -0.9267 -0.1458
vn -0.2143 0.8895 0.4035
vn -0.8466 -0.4635 0.2616
vn -0.8130 0.2918 0.5039
vn -0.2931 -0.9396 -0.1766
vn -0.2665 0.8634 0.4285
vn -0.8248 -0.5151 0.2331
vn -0.8363 0.2341 0.4957
vn -0.2387 -0.9488 -0.2068
vn -0.3203 0.8359 0.4458
vn -0.7998 -0.5646 0.2037
vn -0.8564 0.1755 0.4856
vn -0.1861 -0.9522 -0.2421
vn -0.3728 0.8051 0.4613
vn -0.7717 -0.6119 0.1735
vn -0.9244 -0.2225 0.3099
vn -0.7072 0.5231 0.4757
vn -0.5109 -0.8558 -0.0809
vn -0.0440 0.9392 0.3405
vn -0.9162 -0.2802 0.2866
vn -0.7437 0.4720 0.4734
vn -0.4611 -0.8805 -0.1103
vn -0.1030 0.9277 0.3589
vn -0.9043 -0.3368 0.2622
vn -0.7773 0.4191 0.4692
vn -0.4094 -0.9017 -0.1391
vn -0.1615 0.9125 0.3759
vn -0.8889 -0.3921 0.2367
vn -0.8078 0.3645 0.4632
vn -0.3562 -0.9193 -0.1675
vn -0.2194 0.8937 0.3915
vn -0.8700 -0.4459 0.2103
vn -0.8352 0.3085 0.4553
vn -0.3015 -0.9333 -0.1951
vn -0.2734 0.8686 0.4132
vn -0.8477 -0.4979 0.1831
vn -0.8592 0.2513 0.4457
vn -0.2456 -0.9436 -0.2220
vn -0.3287 0.8422 0.4273
vn -0.8220 -0.5479 0.1551
vn -0.8798 0.1931 0.4343
vn -0.1911 -0.9481 -0.2542
vn -0.3827 0.8126 0.4396
vn -0.7931 -0.5958 0.1265
vn -0.8970 0.1341 0.4212
vn -0.1329 -0.9515 -0.2775
vn -0.4352 0.7797 0.4503
vn -0.7611 -0.6413 0.0975
vn -0.9106 0.0746 0.4064
vn -0.0741 -0.9512 -0.2997
vn -0.4860 0.7437 0.4591
vn -0.7260 -0.6843 0.0680
vn -0.9207 0.0149 0.3900
vn -0.0163 -0.9452 -0.3262
vn -0.0148 -0.9474 -0.3198
vn -0.0151 -0.9471 -0.3207
vn -0.5348 0.7048 0.4661
vn -0.6881 -0.7246 0.0383
vn -0.9271 -0.0450 0.3721
vn -0.5815 0.6631 0.4713
vn -0.6474 -0.7621 0.0084
vn -0.9299 -0.1046 0.3527
vn -0.6259 0.6188 0.4746
vn -0.6042 -0.7965 -0.0215
vn -0.9289 -0.1639 0.3320
vn -0.6679 0.5721 0.4761
vn -0.5587 -0.8278 -0.0513
vn -0.8998 0.2112 0.3817
vn -0.1954 -0.9438 -0.2665
vn -0.3912 0.8202 0.4174
vn -0.8114 -0.5792 0.0784
vn -0.9174 0.1526 0.3675
vn -0.1359 -0.9484 -0.2863
vn -0.4449 0.7884 0.4249
vn -0.7786 -0.6254 0.0512
vn -0.9314 0.0935 0.3519
vn -0.0760 -0.9493 -0.3050
vn -0.4968 0.7535 0.4306
vn -0.7428 -0.6691 0.0238
vn -0.9417 0.0339 0.3348
vn -0.0157 -0.9464 -0.3225
vn -0.5468 0.7156 0.4347
vn -0.7040 -0.7102 -0.0036
vn -0.9483 -0.0258 0.3165
vn -0.5946 0.6749 0.4370
vn -0.6625 -0.7484 -0.0311
vn -0.9511 -0.0854 0.2969
vn -0.6400 0.6315 0.4377
vn -0.6183 -0.7838 -0.0585
vn -0.9502 -0.1446 0.2761
vn -0.6829 0.5857 0.4366
vn -0.5717 -0.8160 -0.0856
vn -0.9455 -0.2033 0.2542
vn -0.7232 0.5375 0.4337
vn -0.5228 -0.8450 -0.1124
vn -0.0446 0.9398 0.3387
vn -0.9371 -0.2612 0.2314
vn -0.7605 0.4872 0.4292
vn -0.4719 -0.8707 -0.1387
vn -0.1048 0.9295 0.3536
vn -0.9251 -0.3180 0.2076
vn -0.7949 0.4350 0.4230
vn -0.4191 -0.8929 -0.1645
vn -0.1645 0.9155 0.3671
vn -0.9093 -0.3736 0.1830
vn -0.8261 0.3811 0.4151
vn -0.3646 -0.9116 -0.1897
vn -0.2236 0.8979 0.3791
vn -0.8900 -0.4278 0.1577
vn -0.8541 0.3257 0.4055
vn -0.3087 -0.9268 -0.2141
vn -0.2794 0.8740 0.3976
vn -0.8672 -0.4802 0.1318
vn -0.8787 0.2690 0.3944
vn -0.2516 -0.9382 -0.2376
vn -0.3359 0.8488 0.4083
vn -0.8410 -0.5307 0.1053
vn -0.9677 -0.1249 0.2191
vn -0.6953 0.5996 0.3962
vn -0.5824 -0.8039 -0.1205
vn -0.9629 -0.1837 0.1975
vn -0.7363 0.5523 0.3909
vn -0.5327 -0.8339 -0.1444
vn -0.0451 0.9405 0.3369
vn -0.9544 -0.2417 0.1751
vn -0.7743 0.5028 0.3841
vn -0.4808 -0.8606 -0.1678
vn -0.1062 0.9314 0.3482
vn -0.9421 -0.2988 0.1520
vn -0.8094 0.4513 0.3758
vn -0.4270 -0.8840 -0.1904
vn -0.1670 0.9186 0.3581
vn -0.9261 -0.3547 0.1283
vn -0.8412 0.3981 0.3660
vn -0.3716 -0.9038 -0.2123
vn -0.2270 0.9023 0.3666
vn -0.9065 -0.4092 0.1040
vn -0.8697 0.3433 0.3547
vn -0.3146 -0.9201 -0.2334
vn -0.2842 0.8795 0.3817
vn -0.8833 -0.4621 0.0794
vn -0.8948 0.2871 0.3420
vn -0.2565 -0.9327 -0.2535
vn -0.3419 0.8555 0.3890
vn -0.8566 -0.5132 0.0545
vn -0.9163 0.2298 0.3280
vn -0.1988 -0.9395 -0.2790
vn -0.3981 0.8280 0.3948
vn -0.8265 -0.5622 0.0293
vn -0.9342 0.1716 0.3127
vn -0.1384 -0.9453 -0.2953
vn -0.4528 0.7974 0.3990
vn -0.7931 -0.6091 0.0041
vn -0.9485 0.1127 0.2962
vn -0.0774 -0.9474 -0.3104
vn -0.5057 0.7635 0.4016
vn -0.7566 -0.6535 -0.0212
vn -0.9589 0.0534 0.2785
vn -0.0162 -0.9458 -0.3243
vn -0.5566 0.7267 0.4026
vn -0.7172 -0.6954 -0.0464
vn -0.9657 -0.0062 0.2597
vn -0.6053 0.6870 0.4021
vn -0.6748 -0.7345 -0.0714
vn -0.9686 -0.0657 0.2399
vn -0.6516 0.6446 0.3999
vn -0.6299 -0.7707 -0.0962
vn -0.9073 0.3055 0.2889
vn -0.2603 -0.9271 -0.2697
vn -0.3465 0.8623 0.3694
vn -0.8687 -0.4953 0.0029
vn -0.9292 0.2487 0.2735
vn -0.2013 -0.9351 -0.2917
vn -0.4035 0.8360 0.3718
vn -0.8382 -0.5449 -0.0205
vn -0.9473 0.1909 0.2571
vn -0.1402 -0.9422 -0.3044
vn -0.4590 0.8065 0.3727
vn -0.8044 -0.5924 -0.0438
vn -0.9618 0.1323 0.2397
vn -0.0785 -0.9455 -0.3159
vn -0.5127 0.7738 0.3721
vn -0.7674 -0.6376 -0.0670
vn -0.9725 0.0732 0.2213
vn -0.0166 -0.9452 -0.3261
vn -0.5643 0.7380 0.3701
vn -0.7274 -0.6803 -0.0899
vn -0.9793 0.0138 0.2020
vn -0.6137 0.6993 0.3666
vn -0.6845 -0.7203 -0.1124
vn -0.9822 -0.0456 0.1820
vn -0.6606 0.6579 0.3616
vn -0.6389 -0.7574 -0.1345
vn -0.9813 -0.1048 0.1612
vn -0.7050 0.6138 0.3553
vn -0.5908 -0.7916 -0.1561
vn -0.9766 -0.1637 0.1398
vn -0.7465 0.5674 0.3475
vn -0.5403 -0.8226 -0.1770
vn -0.0455 0.9411 0.3351
vn -0.9679 -0.2219 0.1178
vn -0.7852 0.5187 0.3383
vn -0.4877 -0.8504 -0.1973
vn -0.1074 0.9333 0.3427
vn -0.9555 -0.2792 0.0954
vn -0.8207 0.4680 0.3279
vn -0.4332 -0.8748 -0.2167
vn -0.1688 0.9218 0.3490
vn -0.9393 -0.3354 0.0726
vn -0.8530 0.4154 0.3161
vn -0.3770 -0.8958 -0.2353
vn -0.2296 0.9067 0.3539
vn -0.9194 -0.3903 0.0495
vn -0.8819 0.3612 0.3031
vn -0.3193 -0.9133 -0.2530
vn -0.2881 0.8851 0.3655
vn -0.8958 -0.4436 0.0263
vn -0.9920 -0.0252 0.1234
vn -0.6671 0.6714 0.3229
vn -0.6454 -0.7439 -0.1733
vn -0.9911 -0.0844 0.1026
vn -0.7119 0.6283 0.3138
vn -0.5968 -0.7791 -0.1920
vn -0.9863 -0.1434 0.0815
vn -0.7539 0.5827 0.3035
vn -0.5459 -0.8111 -0.2100
vn -0.0456 0.9414 0.3342
vn -0.9776 -0.2017 0.0600
vn -0.7929 0.5348 0.2920
vn -0.4927 -0.8400 -0.2271
vn -0.1081 0.9352 0.3372
vn -0.9650 -0.2593 0.0382
vn -0.8288 0.4848 0.2794
vn -0.4377 -0.8656 -0.2433
vn -0.1700 0.9250 0.3398
vn -0.9487 -0.3158 0.0163
vn -0.8614 0.4329 0.2657
vn -0.3809 -0.8877 -0.2586
vn -0.2313 0.9112 0.3410
vn -0.9286 -0.3711 -0.0056
vn -0.8906 0.3793 0.2509
vn -0.3226 -0.9064 -0.2729
vn -0.2908 0.8908 0.3492
vn -0.9048 -0.4249 -0.0275
vn -0.9163 0.3242 0.2351
vn -0.2630 -0.9214 -0.2861
vn -0.3498 0.8692 0.3495
vn -0.8775 -0.4771 -0.0494
vn -0.9384 0.2679 0.2184
vn -0.2030 -0.9306 -0.3046
vn -0.4074 0.8441 0.3485
vn -0.8467 -0.5274 -0.0710
vn -0.9568 0.2105 0.2008
vn -0.1414 -0.9390 -0.3136
vn -0.4635 0.8158 0.3460
vn -0.8125 -0.5756 -0.0923
vn -0.9714 0.1522 0.1825
vn -0.0793 -0.9436 -0.3214
vn -0.5176 0.7842 0.3423
vn -0.7752 -0.6215 -0.1133
vn -0.9821 0.0934 0.1634
vn -0.0168 -0.9445 -0.3280
vn -0.5698 0.7495 0.3371
vn -0.7348 -0.6650 -0.1339
vn -0.9890 0.0341 0.1437
vn -0.6197 0.7118 0.3306
vn -0.6914 -0.7059 -0.1539
vn -0.8958 0.3977 0.1982
vn -0.3246 -0.8994 -0.2929
vn -0.2924 0.8965 0.3327
vn -0.9102 -0.4060 -0.0817
vn -0.9217 0.3432 0.1809
vn -0.2647 -0.9157 -0.3026
vn -0.3518 0.8762 0.3295
vn -0.8827 -0.4587 -0.1020
vn -0.9439 0.2873 0.1628
vn -0.2039 -0.9261 -0.3175
vn -0.4098 0.8523 0.3250
vn -0.8517 -0.5096 -0.1218
vn -0.9624 0.2302 0.1441
vn -0.1421 -0.9357 -0.3229
vn -0.4661 0.8251 0.3192
vn -0.8174 -0.5585 -0.1412
vn -0.9771 0.1723 0.1248
vn -0.0796 -0.9417 -0.3270
vn -0.5206 0.7947 0.3122
vn -0.7798 -0.6052 -0.1600
vn -0.9879 0.1137 0.1051
vn -0.0169 -0.9439 -0.3298
vn -0.5731 0.7611 0.3039
vn -0.7392 -0.6495 -0.1782
vn -0.9949 0.0547 0.0849
vn -0.6233 0.7245 0.2944
vn -0.6956 -0.6913 -0.1956
vn -0.9979 -0.0046 0.0644
vn -0.6710 0.6850 0.2838
vn -0.6493 -0.7303 -0.2123
vn -0.9970 -0.0638 0.0436
vn -0.7161 0.6428 0.2720
vn -0.6004 -0.7664 -0.2282
vn -0.9922 -0.1228 0.0227
vn -0.7583 0.5982 0.2592
vn -0.5492 -0.7996 -0.2432
vn -0.0458 0.9421 0.3323
vn -0.0452 0.9443 0.3259
vn -0.0459 0.9424 0.3314
vn -0.9834 -0.1814 0.0016
vn -0.7975 0.5511 0.2454
vn -0.4957 -0.8295 -0.2572
vn -0.1085 0.9372 0.3316
vn -0.9708 -0.2392 -0.0194
vn -0.8337 0.5019 0.2305
vn -0.4403 -0.8562 -0.2702
vn -0.1706 0.9282 0.3305
vn -0.9543 -0.2960 -0.0404
vn -0.8665 0.4507 0.2148
vn -0.3832 -0.8795 -0.2821
vn -0.2321 0.9157 0.3281
vn -0.9341 -0.3517 -0.0612
vn -0.9968 0.0753 0.0259
vn -0.6245 0.7372 0.2581
vn -0.6970 -0.6766 -0.2375
vn -0.9999 0.0161 0.0051
vn -0.6723 0.6987 0.2446
vn -0.6506 -0.7166 -0.2515
vn -0.9989 -0.0431 -0.0156
vn -0.7174 0.6575 0.2301
vn -0.6016 -0.7537 -0.2645
vn -0.9941 -0.1022 -0.0363
vn -0.7598 0.6137 0.2147
vn -0.5503 -0.7879 -0.2765
vn -0.0459 0.9430 0.3295
vn -0.9853 -0.1609 -0.0569
vn -0.7991 0.5675 0.1985
vn -0.4967 -0.8190 -0.2873
vn -0.1085 0.9391 0.3260
vn -0.9727 -0.2189 -0.0772
vn -0.8353 0.5190 0.1815
vn -0.4412 -0.8468 -0.2971
vn -0.1706 0.9315 0.3212
vn -0.9562 -0.2761 -0.0973
vn -0.8681 0.4685 0.1638
vn -0.3840 -0.8713 -0.3056
vn -0.2321 0.9202 0.3152
vn -0.9359 -0.3322 -0.1169
vn -0.8976 0.4162 0.1454
vn -0.3252 -0.8923 -0.3130
vn -0.2930 0.9023 0.3162
vn -0.9120 -0.3870 -0.1361
vn -0.9235 0.3622 0.1265
vn -0.2652 -0.9099 -0.3191
vn -0.3525 0.8832 0.3094
vn -0.8844 -0.4402 -0.1548
vn -0.9457 0.3068 0.1071
vn -0.2039 -0.9215 -0.3304
vn -0.4105 0.8606 0.3015
vn -0.8534 -0.4918 -0.1728
vn -0.9643 0.2502 0.0872
vn -0.1420 -0.9325 -0.3322
vn -0.4670 0.8345 0.2923
vn -0.8190 -0.5414 -0.1902
vn -0.9790 0.1926 0.0670
vn -0.0796 -0.9397 -0.3326
vn -0.5216 0.8052 0.2820
vn -0.7813 -0.5888 -0.2068
vn -0.9899 0.1342 0.0465
vn -0.0169 -0.9432 -0.3317
vn -0.5742 0.7727 0.2706
vn -0.7406 -0.6340 -0.2226
vn -0.8664 0.4864 0.1128
vn -0.3832 -0.8630 -0.3292
vn -0.2313 0.9247 0.3023
vn -0.9341 -0.3126 -0.1727
vn -0.8958 0.4347 0.0926
vn -0.3246 -0.8853 -0.3331
vn -0.2924 0.9081 0.2996
vn -0.9101 -0.3679 -0.1905
vn -0.9216 0.3813 0.0721
vn -0.2646 -0.9041 -0.3356
vn -0.3518 0.8902 0.2893
vn -0.8827 -0.4217 -0.2076
vn -0.9438 0.3264 0.0513
vn -0.2030 -0.9170 -0.3433
vn -0.4098 0.8688 0.2779
vn -0.8517 -0.4739 -0.2238
vn -0.9623 0.2701 0.0303
vn -0.1414 -0.9292 -0.3414
vn -0.4661 0.8440 0.2654
vn -0.8173 -0.5242 -0.2392
vn -0.9770 0.2129 0.0092
vn -0.0793 -0.9377 -0.3382
vn -0.5206 0.8158 0.2518
vn -0.7798 -0.5724 -0.2536
vn -0.9879 0.1548 -0.0120
vn -0.0169 -0.9429 -0.3326
vn -0.5731 0.7844 0.2373
vn -0.7391 -0.6184 -0.2671
vn -0.9948 0.0960 -0.0331
vn -0.6232 0.7499 0.2218
vn -0.6956 -0.6619 -0.2794
vn -0.9979 0.0369 -0.0541
vn -0.6709 0.7125 0.2054
vn -0.6492 -0.7028 -0.2907
vn -0.9969 -0.0223 -0.0748
vn -0.7160 0.6722 0.1882
vn -0.6004 -0.7410 -0.3009
vn -0.9921 -0.0815 -0.0953
vn -0.7583 0.6293 0.1703
vn -0.5491 -0.7762 -0.3098
vn -0.0457 0.9437 0.3277
vn -0.9834 -0.1403 -0.1154
vn -0.7975 0.5839 0.1517
vn -0.4957 -0.8084 -0.3175
vn -0.1081 0.9411 0.3205
vn -0.9707 -0.1986 -0.1351
vn -0.8336 0.5362 0.1325
vn -0.4403 -0.8373 -0.3240
vn -0.1700 0.9348 0.3120
vn -0.9543 -0.2561 -0.1542
vn -0.9820 0.1753 -0.0702
vn -0.0148 -0.9401 -0.3407
vn -0.0167 -0.9423 -0.3345
vn -0.0166 -0.9419 -0.3354
vn -0.5697 0.7961 0.2041
vn -0.7347 -0.6028 -0.3113
vn -0.9889 0.1167 -0.0918
vn -0.6196 0.7627 0.1856
vn -0.6914 -0.6472 -0.3212
vn -0.9919 0.0577 -0.1130
vn -0.6670 0.7262 0.1664
vn -0.6453 -0.6891 -0.3297
vn -0.9910 -0.0016 -0.1338
vn -0.7118 0.6869 0.1465
vn -0.5967 -0.7282 -0.3370
vn -0.9862 -0.0608 -0.1540
vn -0.7538 0.6449 0.1260
vn -0.5458 -0.7645 -0.3430
vn -0.0455 0.9443 0.3258
vn -0.9775 -0.1198 -0.1737
vn -0.7928 0.6004 0.1051
vn -0.4927 -0.7978 -0.3476
vn -0.1073 0.9430 0.3149
vn -0.9649 -0.1783 -0.1926
vn -0.8287 0.5534 0.0837
vn -0.4376 -0.8279 -0.3508
vn -0.1688 0.9380 0.3028
vn -0.9486 -0.2362 -0.2108
vn -0.8613 0.5043 0.0620
vn -0.3808 -0.8548 -0.3526
vn -0.2295 0.9293 0.2895
vn -0.9285 -0.2931 -0.2282
vn -0.8905 0.4532 0.0401
vn -0.3225 -0.8782 -0.3530
vn -0.2908 0.9139 0.2832
vn -0.9047 -0.3488 -0.2446
vn -0.9162 0.4004 0.0180
vn -0.2630 -0.8983 -0.3521
vn -0.3498 0.8973 0.2694
vn -0.8774 -0.4032 -0.2601
vn -0.9383 0.3459 -0.0042
vn -0.2013 -0.9125 -0.3561
vn -0.4074 0.8771 0.2545
vn -0.8466 -0.4560 -0.2746
vn -0.9566 0.2901 -0.0263
vn -0.1402 -0.9260 -0.3506
vn -0.4634 0.8534 0.2386
vn -0.8124 -0.5070 -0.2880
vn -0.9712 0.2331 -0.0484
vn -0.0785 -0.9358 -0.3437
vn -0.5176 0.8264 0.2218
vn -0.7751 -0.5560 -0.3003
vn -0.8205 0.5705 0.0353
vn -0.4331 -0.8185 -0.3773
vn -0.1669 0.9412 0.2937
vn -0.9391 -0.2163 -0.2670
vn -0.8528 0.5221 0.0117
vn -0.3769 -0.8466 -0.3759
vn -0.2270 0.9337 0.2768
vn -0.9192 -0.2736 -0.2832
vn -0.8817 0.4716 -0.0121
vn -0.3192 -0.8712 -0.3729
vn -0.2880 0.9197 0.2668
vn -0.8956 -0.3299 -0.2983
vn -0.9071 0.4193 -0.0357
vn -0.2602 -0.8925 -0.3684
vn -0.3464 0.9043 0.2495
vn -0.8686 -0.3848 -0.3123
vn -0.9290 0.3654 -0.0592
vn -0.1987 -0.9080 -0.3688
vn -0.4035 0.8853 0.2312
vn -0.8381 -0.4382 -0.3250
vn -0.9472 0.3099 -0.0825
vn -0.1383 -0.9228 -0.3597
vn -0.4589 0.8628 0.2120
vn -0.8043 -0.4899 -0.3364
vn -0.9616 0.2533 -0.1055
vn -0.0774 -0.9339 -0.3492
vn -0.5126 0.8369 0.1920
vn -0.7673 -0.5397 -0.3465
vn -0.9723 0.1957 -0.1280
vn -0.0162 -0.9413 -0.3372
vn -0.5642 0.8077 0.1712
vn -0.7273 -0.5873 -0.3552
vn -0.9791 0.1373 -0.1501
vn -0.6135 0.7753 0.1497
vn -0.6844 -0.6326 -0.3625
vn -0.9821 0.0783 -0.1715
vn -0.6605 0.7399 0.1277
vn -0.6388 -0.6754 -0.3684
vn -0.9812 0.0191 -0.1923
vn -0.7048 0.7015 0.1051
vn -0.5907 -0.7156 -0.3729
vn -0.9764 -0.0402 -0.2123
vn -0.7464 0.6604 0.0821
vn -0.5402 -0.7529 -0.3759
vn -0.0451 0.9450 0.3240
vn -0.9677 -0.0994 -0.2315
vn -0.7850 0.6167 0.0589
vn -0.4877 -0.7873 -0.3773
vn -0.1062 0.9450 0.3095
vn -0.9553 -0.1582 -0.2497
vn -0.9482 0.2733 -0.1619
vn -0.0759 -0.9319 -0.3546
vn -0.5056 0.8473 0.1626
vn -0.7564 -0.5235 -0.3922
vn -0.9587 0.2159 -0.1851
vn -0.0157 -0.9406 -0.3390
vn -0.5565 0.8192 0.1387
vn -0.7170 -0.5719 -0.3986
vn -0.9654 0.1576 -0.2076
vn -0.6051 0.7879 0.1143
vn -0.6747 -0.6181 -0.4034
vn -0.9683 0.0988 -0.2293
vn -0.6514 0.7534 0.0895
vn -0.6297 -0.6619 -0.4067
vn -0.9674 0.0396 -0.2500
vn -0.6951 0.7160 0.0642
vn -0.5823 -0.7030 -0.4083
vn -0.9627 -0.0199 -0.2698
vn -0.7361 0.6758 0.0388
vn -0.5325 -0.7414 -0.4084
vn -0.0446 0.9456 0.3222
vn -0.9542 -0.0792 -0.2885
vn -0.7742 0.6329 0.0132
vn -0.4807 -0.7769 -0.4068
vn -0.1048 0.9469 0.3041
vn -0.9419 -0.1382 -0.3061
vn -0.8092 0.5874 -0.0125
vn -0.4269 -0.8092 -0.4036
vn -0.1645 0.9444 0.2847
vn -0.9259 -0.1967 -0.3225
vn -0.8410 0.5397 -0.0381
vn -0.3715 -0.8384 -0.3988
vn -0.2236 0.9382 0.2643
vn -0.9063 -0.2544 -0.3376
vn -0.8695 0.4899 -0.0635
vn -0.3146 -0.8643 -0.3925
vn -0.2842 0.9254 0.2507
vn -0.8830 -0.3111 -0.3514
vn -0.8945 0.4381 -0.0888
vn -0.2564 -0.8868 -0.3846
vn -0.3418 0.9112 0.2299
vn -0.8563 -0.3666 -0.3638
vn -0.9161 0.3846 -0.1136
vn -0.1953 -0.9036 -0.3813
vn -0.3980 0.8934 0.2083
vn -0.8263 -0.4206 -0.3747
vn -0.9340 0.3296 -0.1380
vn -0.1359 -0.9196 -0.3687
vn -0.4527 0.8721 0.1858
vn -0.7929 -0.4729 -0.3842
vn -0.7603 0.6488 -0.0317
vn -0.4717 -0.7666 -0.4357
vn -0.1029 0.9488 0.2988
vn -0.9248 -0.1185 -0.3616
vn -0.7947 0.6041 -0.0595
vn -0.4189 -0.8001 -0.4294
vn -0.1614 0.9475 0.2759
vn -0.9091 -0.1773 -0.3771
vn -0.8259 0.5571 -0.0870
vn -0.3645 -0.8304 -0.4214
vn -0.2193 0.9426 0.2520
vn -0.8897 -0.2354 -0.3911
vn -0.8538 0.5079 -0.1142
vn -0.3086 -0.8575 -0.4117
vn -0.2793 0.9310 0.2348
vn -0.8669 -0.2925 -0.4035
vn -0.8784 0.4566 -0.1409
vn -0.2515 -0.8811 -0.4004
vn -0.3358 0.9181 0.2107
vn -0.8407 -0.3486 -0.4144
vn -0.8995 0.4036 -0.1671
vn -0.1911 -0.8992 -0.3936
vn -0.3910 0.9014 0.1857
vn -0.8111 -0.4032 -0.4237
vn -0.9171 0.3490 -0.1926
vn -0.1329 -0.9164 -0.3775
vn -0.4447 0.8813 0.1600
vn -0.7784 -0.4562 -0.4312
vn -0.9311 0.2930 -0.2174
vn -0.0741 -0.9301 -0.3599
vn -0.4966 0.8576 0.1336
vn -0.7426 -0.5075 -0.4371
vn -0.9414 0.2359 -0.2412
vn -0.0151 -0.9400 -0.3408
vn -0.5466 0.8306 0.1068
vn -0.7038 -0.5568 -0.4412
vn -0.9480 0.1777 -0.2642
vn -0.5944 0.8003 0.0795
vn -0.6623 -0.6038 -0.4436
vn -0.9508 0.1190 -0.2861
vn -0.6398 0.7668 0.0519
vn -0.6181 -0.6485 -0.4443
vn -0.9499 0.0597 -0.3068
vn -0.6827 0.7303 0.0240
vn -0.5715 -0.6906 -0.4432
vn -0.9452 0.0002 -0.3264
vn -0.7229 0.6909 -0.0039
vn -0.5227 -0.7300 -0.4403
vn -0.0440 0.9463 0.3204
vn -0.9368 -0.0593 -0.3447
vn -0.8967 0.3680 -0.2461
vn -0.1292 -0.9134 -0.3861
vn -0.4350 0.8903 0.1347
vn -0.7608 -0.4398 -0.4773
vn -0.9103 0.3124 -0.2717
vn -0.0719 -0.9282 -0.3650
vn -0.4858 0.8677 0.1053
vn -0.7257 -0.4918 -0.4811
vn -0.9203 0.2555 -0.2962
vn -0.0144 -0.9394 -0.3425
vn -0.5346 0.8417 0.0755
vn -0.6878 -0.5419 -0.4830
vn -0.9267 0.1975 -0.3196
vn -0.5813 0.8124 0.0453
vn -0.6472 -0.5898 -0.4830
vn -0.9295 0.1388 -0.3417
vn -0.6257 0.7799 0.0150
vn -0.6040 -0.6354 -0.4811
vn -0.9286 0.0796 -0.3625
vn -0.6676 0.7443 -0.0153
vn -0.5584 -0.6785 -0.4773
vn -0.9240 0.0200 -0.3818
vn -0.7069 0.7058 -0.0456
vn -0.5107 -0.7189 -0.4716
vn -0.0437 0.9466 0.3195
vn -0.9158 -0.0397 -0.3997
vn -0.7434 0.6645 -0.0757
vn -0.4609 -0.7565 -0.4641
vn -0.1007 0.9506 0.2936
vn -0.9040 -0.0991 -0.4159
vn -0.7770 0.6206 -0.1056
vn -0.4093 -0.7911 -0.4547
vn -0.1578 0.9506 0.2673
vn -0.8886 -0.1582 -0.4305
vn -0.8075 0.5742 -0.1349
vn -0.3560 -0.8225 -0.4435
vn -0.2143 0.9468 0.2400
vn -0.8697 -0.2167 -0.4435
vn -0.8348 0.5256 -0.1638
vn -0.3014 -0.8507 -0.4306
vn -0.2733 0.9366 0.2193
vn -0.8474 -0.2743 -0.4546
vn -0.8589 0.4748 -0.1920
vn -0.2455 -0.8756 -0.4160
vn -0.3286 0.9248 0.1918
vn -0.8217 -0.3309 -0.4640
vn -0.8795 0.4223 -0.2195
vn -0.1860 -0.8949 -0.4056
vn -0.3826 0.9093 0.1636
vn -0.7928 -0.3861 -0.4716
vn -0.6882 0.7204 -0.0863
vn -0.4966 -0.7080 -0.5021
vn -0.0429 0.9472 0.3178
vn -0.0390 0.9491 0.3125
vn -0.0424 0.9475 0.3170
vn -0.8911 -0.0205 -0.4533
vn -0.7237 0.6798 -0.1186
vn -0.4482 -0.7466 -0.4917
vn -0.0982 0.9524 0.2885
vn -0.8796 -0.0802 -0.4689
vn -0.7564 0.6366 -0.1505
vn -0.3979 -0.7822 -0.4793
vn -0.1536 0.9536 0.2589
vn -0.8646 -0.1396 -0.4827
vn -0.7860 0.5909 -0.1817
vn -0.3461 -0.8148 -0.4651
vn -0.2084 0.9510 0.2283
vn -0.8462 -0.1984 -0.4945
vn -0.8126 0.5429 -0.2122
vn -0.2929 -0.8442 -0.4490
vn -0.2664 0.9420 0.2042
vn -0.8245 -0.2565 -0.5045
vn -0.8359 0.4927 -0.2418
vn -0.2386 -0.8702 -0.4311
vn -0.3201 0.9314 0.1734
vn -0.7995 -0.3136 -0.5124
vn -0.8560 0.4405 -0.2705
vn -0.1802 -0.8907 -0.4173
vn -0.3727 0.9170 0.1420
vn -0.7713 -0.3694 -0.5183
vn -0.8727 0.3867 -0.2982
vn -0.1250 -0.9104 -0.3945
vn -0.4237 0.8991 0.1100
vn -0.7401 -0.4238 -0.5222
vn -0.8859 0.3313 -0.3247
vn -0.0694 -0.9264 -0.3701
vn -0.4731 0.8776 0.0776
vn -0.7060 -0.4765 -0.5240
vn -0.8957 0.2746 -0.3498
vn -0.0135 -0.9388 -0.3442
vn -0.5206 0.8526 0.0449
vn -0.6691 -0.5273 -0.5237
vn -0.9019 0.2168 -0.3736
vn -0.5660 0.8243 0.0121
vn -0.6295 -0.5761 -0.5214
vn -0.9045 0.1582 -0.3960
vn -0.6092 0.7928 -0.0209
vn -0.5875 -0.6226 -0.5170
vn -0.9036 0.0990 -0.4167
vn -0.6500 0.7580 -0.0537
vn -0.5431 -0.6666 -0.5106
vn -0.8992 0.0393 -0.4359
vn -0.6298 0.7714 -0.0910
vn -0.5256 -0.6550 -0.5429
vn -0.8707 0.0581 -0.4883
vn -0.6668 0.7345 -0.1259
vn -0.4806 -0.6973 -0.5317
vn -0.0415 0.9481 0.3154
vn -0.8629 -0.0018 -0.5053
vn -0.7011 0.6948 -0.1603
vn -0.4336 -0.7370 -0.5185
vn -0.0954 0.9542 0.2837
vn -0.8517 -0.0617 -0.5203
vn -0.7328 0.6522 -0.1940
vn -0.3850 -0.7737 -0.5033
vn -0.1489 0.9565 0.2508
vn -0.8372 -0.1214 -0.5333
vn -0.7615 0.6072 -0.2270
vn -0.3348 -0.8073 -0.4860
vn -0.2018 0.9551 0.2170
vn -0.8193 -0.1807 -0.5441
vn -0.7871 0.5597 -0.2591
vn -0.2832 -0.8378 -0.4668
vn -0.2584 0.9473 0.1895
vn -0.7983 -0.2392 -0.5528
vn -0.8097 0.5100 -0.2902
vn -0.2306 -0.8649 -0.4458
vn -0.3105 0.9378 0.1556
vn -0.7740 -0.2967 -0.5593
vn -0.8291 0.4583 -0.3201
vn -0.1736 -0.8867 -0.4286
vn -0.3613 0.9245 0.1211
vn -0.7467 -0.3531 -0.5636
vn -0.8453 0.4048 -0.3488
vn -0.1203 -0.9075 -0.4026
vn -0.4107 0.9077 0.0861
vn -0.7165 -0.4081 -0.5657
vn -0.8581 0.3497 -0.3761
vn -0.0666 -0.9247 -0.3749
vn -0.4585 0.8872 0.0508
vn -0.6834 -0.4616 -0.5656
vn -0.8675 0.2933 -0.4019
vn -0.0126 -0.9382 -0.3458
vn -0.5045 0.8633 0.0153
vn -0.6477 -0.5131 -0.5632
vn -0.8735 0.2356 -0.4261
vn -0.5485 0.8359 -0.0202
vn -0.6093 -0.5627 -0.5586
vn -0.8760 0.1771 -0.4486
vn -0.5903 0.8053 -0.0557
vn -0.5686 -0.6101 -0.5518
vn -0.8751 0.1179 -0.4694
vn -0.7804 0.5268 -0.3369
vn -0.2217 -0.8598 -0.4600
vn -0.2996 0.9440 0.1383
vn -0.7455 -0.2804 -0.6046
vn -0.7990 0.4756 -0.3680
vn -0.1662 -0.8827 -0.4395
vn -0.3486 0.9318 0.1009
vn -0.7192 -0.3374 -0.6074
vn -0.8145 0.4224 -0.3976
vn -0.1150 -0.9046 -0.4104
vn -0.3962 0.9160 0.0630
vn -0.6900 -0.3930 -0.6078
vn -0.8268 0.3676 -0.4257
vn -0.0634 -0.9230 -0.3796
vn -0.4422 0.8966 0.0249
vn -0.6581 -0.4471 -0.6058
vn -0.8359 0.3114 -0.4521
vn -0.0121 -0.9379 -0.3466
vn -0.4865 0.8736 -0.0133
vn -0.6236 -0.4994 -0.6014
vn -0.8416 0.2539 -0.4767
vn -0.5289 0.8471 -0.0514
vn -0.5867 -0.5497 -0.5946
vn -0.8440 0.1954 -0.4995
vn -0.5691 0.8174 -0.0894
vn -0.5474 -0.5979 -0.5855
vn -0.8431 0.1362 -0.5202
vn -0.6072 0.7844 -0.1269
vn -0.5060 -0.6438 -0.5740
vn -0.8389 0.0764 -0.5389
vn -0.6428 0.7483 -0.1640
vn -0.4626 -0.6870 -0.5603
vn -0.0404 0.9486 0.3138
vn -0.8313 0.0163 -0.5555
vn -0.6759 0.7093 -0.2004
vn -0.4173 -0.7276 -0.5444
vn -0.0922 0.9559 0.2790
vn -0.8205 -0.0439 -0.5699
vn -0.7063 0.6674 -0.2361
vn -0.3704 -0.7653 -0.5264
vn -0.1436 0.9593 0.2430
vn -0.8065 -0.1038 -0.5821
vn -0.7339 0.6229 -0.2708
vn -0.3220 -0.8000 -0.5062
vn -0.1945 0.9590 0.2061
vn -0.7892 -0.1634 -0.5920
vn -0.7586 0.5760 -0.3044
vn -0.2724 -0.8316 -0.4841
vn -0.2495 0.9524 0.1753
vn -0.7689 -0.2223 -0.5995
vn -0.5458 0.8291 -0.1217
vn -0.5241 -0.5863 -0.6178
vn -0.8078 0.1538 -0.5690
vn -0.5822 0.7969 -0.1615
vn -0.4843 -0.6329 -0.6040
vn -0.8037 0.0940 -0.5876
vn -0.6163 0.7615 -0.2007
vn -0.4427 -0.6771 -0.5878
vn -0.0393 0.9492 0.3123
vn -0.7964 0.0337 -0.6038
vn -0.6479 0.7232 -0.2391
vn -0.3993 -0.7186 -0.5693
vn -0.0887 0.9575 0.2745
vn -0.7860 -0.0266 -0.6176
vn -0.6771 0.6820 -0.2765
vn -0.3544 -0.7573 -0.5485
vn -0.1378 0.9620 0.2356
vn -0.7725 -0.0869 -0.6290
vn -0.7035 0.6382 -0.3128
vn -0.3080 -0.7930 -0.5256
vn -0.1864 0.9628 0.1957
vn -0.7560 -0.1468 -0.6379
vn -0.7271 0.5918 -0.3480
vn -0.2604 -0.8256 -0.5006
vn -0.2396 0.9573 0.1616
vn -0.7365 -0.2061 -0.6443
vn -0.7479 0.5430 -0.3817
vn -0.2118 -0.8549 -0.4736
vn -0.2876 0.9500 0.1218
vn -0.7140 -0.2647 -0.6482
vn -0.7658 0.4922 -0.4139
vn -0.1582 -0.8790 -0.4499
vn -0.3346 0.9388 0.0815
vn -0.6888 -0.3222 -0.6495
vn -0.7806 0.4394 -0.4445
vn -0.1093 -0.9019 -0.4178
vn -0.3802 0.9240 0.0408
vn -0.6608 -0.3784 -0.6482
vn -0.7923 0.3849 -0.4734
vn -0.0599 -0.9213 -0.3841
vn -0.4242 0.9056 0.0001
vn -0.6302 -0.4331 -0.6444
vn -0.8010 0.3288 -0.5003
vn -0.0061 -0.9357 -0.3527
vn -0.0110 -0.9374 -0.3482
vn -0.0104 -0.9371 -0.3489
vn -0.4666 0.8835 -0.0407
vn -0.5971 -0.4861 -0.6380
vn -0.8064 0.2715 -0.5253
vn -0.5072 0.8580 -0.0814
vn -0.5617 -0.5372 -0.6292
vn -0.8087 0.2131 -0.5483
vn -0.6928 0.6069 -0.3895
vn -0.2474 -0.8198 -0.5164
vn -0.2288 0.9621 0.1486
vn -0.7011 -0.1906 -0.6871
vn -0.7126 0.5586 -0.4245
vn -0.2011 -0.8501 -0.4867
vn -0.2746 0.9557 0.1060
vn -0.6797 -0.2496 -0.6897
vn -0.7295 0.5081 -0.4578
vn -0.1494 -0.8754 -0.4598
vn -0.3193 0.9456 0.0629
vn -0.6556 -0.3076 -0.6896
vn -0.7436 0.4557 -0.4893
vn -0.1030 -0.8993 -0.4249
vn -0.3627 0.9317 0.0197
vn -0.6289 -0.3644 -0.6868
vn -0.7547 0.4014 -0.5189
vn -0.0561 -0.9198 -0.3884
vn -0.4046 0.9142 -0.0237
vn -0.5998 -0.4197 -0.6813
vn -0.7629 0.3456 -0.5464
vn -0.0091 -0.9366 -0.3503
vn -0.4450 0.8930 -0.0670
vn -0.5682 -0.4734 -0.6730
vn -0.7681 0.2883 -0.5718
vn -0.4836 0.8684 -0.1100
vn -0.5345 -0.5253 -0.6621
vn -0.7702 0.2300 -0.5949
vn -0.5203 0.8403 -0.1525
vn -0.4986 -0.5750 -0.6486
vn -0.7693 0.1708 -0.6157
vn -0.5549 0.8088 -0.1945
vn -0.4607 -0.6225 -0.6326
vn -0.7653 0.1108 -0.6340
vn -0.5874 0.7742 -0.2357
vn -0.4211 -0.6676 -0.6140
vn -0.0380 0.9497 0.3109
vn -0.7584 0.0504 -0.6499
vn -0.6175 0.7366 -0.2759
vn -0.3797 -0.7100 -0.5931
vn -0.0850 0.9590 0.2702
vn -0.7484 -0.0101 -0.6631
vn -0.6452 0.6960 -0.3151
vn -0.3369 -0.7496 -0.5697
vn -0.1316 0.9646 0.2285
vn -0.7355 -0.0706 -0.6738
vn -0.6703 0.6527 -0.3530
vn -0.2927 -0.7863 -0.5442
vn -0.1777 0.9664 0.1858
vn -0.7197 -0.1309 -0.6818
vn -0.4581 0.8783 -0.1371
vn -0.5051 -0.5138 -0.6934
vn -0.7287 0.2461 -0.6391
vn -0.4928 0.8510 -0.1818
vn -0.4711 -0.5644 -0.6779
vn -0.7277 0.1869 -0.6599
vn -0.5255 0.8203 -0.2258
vn -0.4352 -0.6126 -0.6597
vn -0.7240 0.1269 -0.6781
vn -0.5562 0.7864 -0.2689
vn -0.3977 -0.6585 -0.6389
vn -0.0366 0.9502 0.3095
vn -0.7173 0.0664 -0.6936
vn -0.5846 0.7494 -0.3109
vn -0.3585 -0.7018 -0.6156
vn -0.0809 0.9605 0.2662
vn -0.7079 0.0057 -0.7063
vn -0.6108 0.7094 -0.3517
vn -0.3180 -0.7423 -0.5898
vn -0.1248 0.9671 0.2217
vn -0.6956 -0.0551 -0.7163
vn -0.6345 0.6666 -0.3911
vn -0.2762 -0.7799 -0.5617
vn -0.1683 0.9698 0.1764
vn -0.6806 -0.1157 -0.7234
vn -0.6558 0.6213 -0.4290
vn -0.2333 -0.8144 -0.5314
vn -0.2172 0.9666 0.1363
vn -0.6629 -0.1758 -0.7277
vn -0.6744 0.5734 -0.4651
vn -0.1895 -0.8456 -0.4990
vn -0.2605 0.9612 0.0910
vn -0.6426 -0.2352 -0.7292
vn -0.6904 0.5233 -0.4994
vn -0.1400 -0.8719 -0.4692
vn -0.3027 0.9520 0.0454
vn -0.6198 -0.2937 -0.7277
vn -0.7037 0.4712 -0.5318
vn -0.0963 -0.8969 -0.4317
vn -0.3438 0.9391 -0.0004
vn -0.5945 -0.3510 -0.7234
vn -0.7142 0.4172 -0.5621
vn -0.0521 -0.9183 -0.3925
vn -0.3835 0.9224 -0.0462
vn -0.5669 -0.4070 -0.7162
vn -0.7219 0.3615 -0.5901
vn -0.0077 -0.9361 -0.3517
vn -0.4216 0.9021 -0.0919
vn -0.5371 -0.4613 -0.7062
vn -0.7267 0.3044 -0.6158
vn -0.5963 0.6798 -0.4270
vn -0.2585 -0.7738 -0.5783
vn -0.1583 0.9731 0.1676
vn -0.6388 -0.1013 -0.7627
vn -0.6162 0.6349 -0.4661
vn -0.2182 -0.8092 -0.5455
vn -0.2048 0.9708 0.1246
vn -0.6222 -0.1617 -0.7660
vn -0.6336 0.5874 -0.5034
vn -0.1771 -0.8414 -0.5106
vn -0.2455 0.9664 0.0769
vn -0.6030 -0.2216 -0.7663
vn -0.6486 0.5377 -0.5387
vn -0.1300 -0.8687 -0.4780
vn -0.2851 0.9581 0.0288
vn -0.5816 -0.2805 -0.7636
vn -0.6610 0.4858 -0.5718
vn -0.0891 -0.8946 -0.4380
vn -0.3236 0.9460 -0.0194
vn -0.5578 -0.3383 -0.7579
vn -0.6708 0.4321 -0.6028
vn -0.0478 -0.9169 -0.3962
vn -0.3608 0.9302 -0.0675
vn -0.5318 -0.3949 -0.7492
vn -0.6780 0.3766 -0.6313
vn -0.0063 -0.9356 -0.3530
vn -0.3966 0.9107 -0.1153
vn -0.5037 -0.4498 -0.7375
vn -0.6824 0.3196 -0.6573
vn -0.4309 0.8876 -0.1627
vn -0.4736 -0.5030 -0.7229
vn -0.6842 0.2614 -0.6808
vn -0.4634 0.8611 -0.2094
vn -0.4417 -0.5542 -0.7055
vn -0.6833 0.2022 -0.7016
vn -0.4941 0.8311 -0.2553
vn -0.4080 -0.6033 -0.6853
vn -0.6797 0.1421 -0.7196
vn -0.5228 0.7978 -0.3001
vn -0.3727 -0.6499 -0.6624
vn -0.0352 0.9506 0.3083
vn -0.6734 0.0815 -0.7347
vn -0.5495 0.7615 -0.3438
vn -0.3359 -0.6940 -0.6368
vn -0.0766 0.9619 0.2624
vn -0.6645 0.0206 -0.7470
vn -0.5740 0.7220 -0.3862
vn -0.2978 -0.7353 -0.6088
vn -0.1177 0.9694 0.2154
vn -0.6529 -0.0404 -0.7563
vn -0.0048 -0.9352 -0.3541
vn -0.3701 0.9188 -0.1372
vn -0.4683 -0.4390 -0.7667
vn -0.6355 0.3340 -0.6961
vn -0.4020 0.8965 -0.1865
vn -0.4403 -0.4929 -0.7505
vn -0.6371 0.2758 -0.7197
vn -0.4322 0.8706 -0.2351
vn -0.4105 -0.5447 -0.7313
vn -0.6362 0.2166 -0.7405
vn -0.4608 0.8413 -0.2828
vn -0.3791 -0.5944 -0.7092
vn -0.6328 0.1565 -0.7583
vn -0.4875 0.8086 -0.3294
vn -0.3462 -0.6418 -0.6843
vn -0.0345 0.9509 0.3077
vn -0.6269 0.0957 -0.7732
vn -0.5123 0.7728 -0.3746
vn -0.3119 -0.6867 -0.6567
vn -0.0720 0.9632 0.2588
vn -0.6185 0.0346 -0.7850
vn -0.5350 0.7339 -0.4184
vn -0.2764 -0.7288 -0.6265
vn -0.1101 0.9716 0.2096
vn -0.6077 -0.0266 -0.7937
vn -0.5557 0.6922 -0.4605
vn -0.2398 -0.7681 -0.5938
vn -0.1477 0.9761 0.1594
vn -0.5945 -0.0877 -0.7993
vn -0.5742 0.6477 -0.5008
vn -0.2023 -0.8043 -0.5588
vn -0.1917 0.9748 0.1137
vn -0.5789 -0.1485 -0.8018
vn -0.5904 0.6006 -0.5391
vn -0.1639 -0.8374 -0.5215
vn -0.2295 0.9712 0.0637
vn -0.5610 -0.2087 -0.8010
vn -0.6043 0.5512 -0.5753
vn -0.1195 -0.8657 -0.4862
vn -0.2664 0.9638 0.0133
vn -0.5410 -0.2681 -0.7971
vn -0.6157 0.4997 -0.6093
vn -0.0815 -0.8924 -0.4439
vn -0.3022 0.9525 -0.0371
vn -0.5188 -0.3265 -0.7901
vn -0.6248 0.4461 -0.6408
vn -0.0432 -0.9156 -0.3998
vn -0.3368 0.9375 -0.0873
vn -0.4945 -0.3835 -0.7800
vn -0.6314 0.3908 -0.6698
vn -0.4940 0.7450 -0.4482
vn -0.2539 -0.7227 -0.6428
vn -0.1021 0.9736 0.2041
vn -0.5600 -0.0137 -0.8284
vn -0.5130 0.7037 -0.4916
vn -0.2201 -0.7627 -0.6081
vn -0.1366 0.9789 0.1519
vn -0.5477 -0.0751 -0.8333
vn -0.5299 0.6596 -0.5330
vn -0.1854 -0.7998 -0.5710
vn -0.1778 0.9786 0.1037
vn -0.5333 -0.1362 -0.8349
vn -0.5448 0.6130 -0.5723
vn -0.1500 -0.8336 -0.5316
vn -0.2127 0.9758 0.0514
vn -0.5168 -0.1968 -0.8332
vn -0.5575 0.5639 -0.6093
vn -0.1084 -0.8628 -0.4937
vn -0.2466 0.9691 -0.0010
vn -0.4982 -0.2566 -0.8282
vn -0.5681 0.5125 -0.6439
vn -0.0736 -0.8904 -0.4493
vn -0.2796 0.9586 -0.0535
vn -0.4777 -0.3154 -0.8200
vn -0.5764 0.4592 -0.6760
vn -0.0384 -0.9144 -0.4030
vn -0.3115 0.9443 -0.1057
vn -0.4553 -0.3729 -0.8085
vn -0.5824 0.4041 -0.7054
vn -0.0032 -0.9348 -0.3552
vn -0.3422 0.9263 -0.1575
vn -0.4311 -0.4290 -0.7938
vn -0.5861 0.3473 -0.7320
vn -0.3715 0.9047 -0.2087
vn -0.4052 -0.4834 -0.7760
vn -0.5875 0.2892 -0.7558
vn -0.3994 0.8794 -0.2590
vn -0.3777 -0.5359 -0.7551
vn -0.5866 0.2300 -0.7766
vn -0.4256 0.8507 -0.3083
vn -0.3487 -0.5862 -0.7313
vn -0.5834 0.1698 -0.7943
vn -0.4502 0.8187 -0.3564
vn -0.3183 -0.6343 -0.7045
vn -0.0329 0.9513 0.3065
vn -0.0268 0.9524 0.3036
vn -0.0321 0.9515 0.3060
vn -0.5778 0.1089 -0.8088
vn -0.4730 0.7834 -0.4031
vn -0.2866 -0.6798 -0.6750
vn -0.0673 0.9644 0.2556
vn -0.5700 0.0477 -0.8202
vn -0.0335 -0.9133 -0.4060
vn -0.2851 0.9506 -0.1225
vn -0.4142 -0.3631 -0.8346
vn -0.5310 0.4163 -0.7380
vn -0.0015 -0.9344 -0.3562
vn -0.3130 0.9333 -0.1761
vn -0.3921 -0.4197 -0.8186
vn -0.5343 0.3596 -0.7649
vn -0.3397 0.9123 -0.2289
vn -0.3684 -0.4746 -0.7994
vn -0.5355 0.3016 -0.7888
vn -0.3650 0.8876 -0.2809
vn -0.3433 -0.5277 -0.7770
vn -0.5346 0.2423 -0.8096
vn -0.3889 0.8595 -0.3317
vn -0.3168 -0.5786 -0.7515
vn -0.5316 0.1821 -0.8272
vn -0.4112 0.8280 -0.3812
vn -0.2891 -0.6273 -0.7231
vn -0.0304 0.9519 0.3050
vn -0.5265 0.1212 -0.8415
vn -0.4320 0.7932 -0.4292
vn -0.2602 -0.6735 -0.6919
vn -0.0623 0.9656 0.2526
vn -0.5193 0.0598 -0.8525
vn -0.4510 0.7553 -0.4756
vn -0.2303 -0.7171 -0.6578
vn -0.0938 0.9755 0.1992
vn -0.5101 -0.0018 -0.8601
vn -0.4682 0.7144 -0.5200
vn -0.1994 -0.7578 -0.6212
vn -0.1251 0.9815 0.1450
vn -0.4988 -0.0635 -0.8644
vn -0.4836 0.6707 -0.5624
vn -0.1678 -0.7956 -0.5822
vn -0.1633 0.9820 0.0944
vn -0.4856 -0.1249 -0.8652
vn -0.4971 0.6243 -0.6026
vn -0.1355 -0.8302 -0.5408
vn -0.1950 0.9800 0.0402
vn -0.4705 -0.1858 -0.8626
vn -0.5086 0.5755 -0.6404
vn -0.0968 -0.8603 -0.5006
vn -0.2260 0.9740 -0.0141
vn -0.4535 -0.2459 -0.8567
vn -0.5182 0.5244 -0.6756
vn -0.0653 -0.8885 -0.4542
vn -0.2560 0.9642 -0.0685
vn -0.4347 -0.3051 -0.8473
vn -0.5256 0.4713 -0.7082
vn -0.3892 0.8021 -0.4529
vn -0.2326 -0.6678 -0.7071
vn -0.0571 0.9666 0.2500
vn -0.4665 0.0708 -0.8817
vn -0.4062 0.7646 -0.5003
vn -0.2057 -0.7120 -0.6714
vn -0.0852 0.9771 0.1948
vn -0.4581 0.0090 -0.8888
vn -0.4217 0.7241 -0.5458
vn -0.1779 -0.7533 -0.6331
vn -0.1130 0.9838 0.1389
vn -0.4479 -0.0528 -0.8925
vn -0.4354 0.6808 -0.5891
vn -0.1495 -0.7917 -0.5923
vn -0.1482 0.9852 0.0861
vn -0.4360 -0.1145 -0.8926
vn -0.4475 0.6347 -0.6300
vn -0.1204 -0.8270 -0.5492
vn -0.1767 0.9838 0.0301
vn -0.4223 -0.1757 -0.8893
vn -0.4577 0.5862 -0.6685
vn -0.0848 -0.8579 -0.5068
vn -0.2045 0.9785 -0.0260
vn -0.4069 -0.2362 -0.8824
vn -0.4662 0.5353 -0.7044
vn -0.0567 -0.8868 -0.4586
vn -0.2315 0.9694 -0.0820
vn -0.3900 -0.2958 -0.8720
vn -0.4728 0.4823 -0.7374
vn -0.0283 -0.9122 -0.4087
vn -0.2575 0.9564 -0.1377
vn -0.3715 -0.3542 -0.8582
vn -0.4776 0.4275 -0.7676
vn -0.0007 -0.9342 -0.3567
vn -0.2826 0.9397 -0.1929
vn -0.3515 -0.4112 -0.8410
vn -0.4805 0.3709 -0.7947
vn -0.3065 0.9192 -0.2472
vn -0.3302 -0.4666 -0.8205
vn -0.4815 0.3129 -0.8187
vn -0.3292 0.8951 -0.3006
vn -0.3075 -0.5202 -0.7968
vn -0.4806 0.2536 -0.8395
vn -0.3506 0.8675 -0.3529
vn -0.2836 -0.5717 -0.7699
vn -0.4778 0.1934 -0.8569
vn -0.3707 0.8365 -0.4037
vn -0.2586 -0.6210 -0.7399
vn -0.0287 0.9522 0.3041
vn -0.4731 0.1323 -0.8710
vn -0.0478 -0.8853 -0.4625
vn -0.2060 0.9740 -0.0941
vn -0.3437 -0.2873 -0.8940
vn -0.4182 0.4923 -0.7634
vn -0.0229 -0.9113 -0.4110
vn -0.2290 0.9616 -0.1513
vn -0.3272 -0.3462 -0.8793
vn -0.4223 0.4375 -0.7939
vn 0.0011 -0.9339 -0.3575
vn 0.0020 -0.9338 -0.3579
vn -0.2511 0.9454 -0.2078
vn -0.3095 -0.4036 -0.8610
vn -0.4248 0.3810 -0.8212
vn -0.2722 0.9254 -0.2636
vn -0.2906 -0.4594 -0.8394
vn -0.4255 0.3231 -0.8453
vn -0.2922 0.9019 -0.3182
vn -0.2705 -0.5135 -0.8144
vn -0.4246 0.2638 -0.8661
vn -0.3110 0.8747 -0.3717
vn -0.2493 -0.5655 -0.7862
vn -0.4220 0.2035 -0.8834
vn -0.3287 0.8441 -0.4236
vn -0.2272 -0.6152 -0.7549
vn -0.0269 0.9525 0.3033
vn -0.4178 0.1424 -0.8973
vn -0.3450 0.8102 -0.4739
vn -0.2041 -0.6626 -0.7206
vn -0.0517 0.9675 0.2476
vn -0.4119 0.0808 -0.9076
vn -0.3599 0.7731 -0.5223
vn -0.1803 -0.7073 -0.6835
vn -0.0763 0.9786 0.1909
vn -0.4044 0.0188 -0.9144
vn -0.3735 0.7329 -0.5687
vn -0.1557 -0.7493 -0.6437
vn -0.1006 0.9859 0.1334
vn -0.3953 -0.0433 -0.9175
vn -0.3855 0.6898 -0.6128
vn -0.1305 -0.7883 -0.6013
vn -0.1326 0.9880 0.0787
vn -0.3846 -0.1051 -0.9171
vn -0.3961 0.6440 -0.6545
vn -0.1048 -0.8242 -0.5566
vn -0.1577 0.9873 0.0211
vn -0.3724 -0.1666 -0.9130
vn -0.4051 0.5957 -0.6936
vn -0.0724 -0.8558 -0.5122
vn -0.1823 0.9826 -0.0366
vn -0.3587 -0.2274 -0.9053
vn -0.4125 0.5451 -0.7299
vn -0.2854 0.8509 -0.4411
vn -0.1947 -0.6102 -0.7680
vn -0.0251 0.9528 0.3027
vn -0.3608 0.1513 -0.9203
vn -0.2994 0.8173 -0.4923
vn -0.1748 -0.6580 -0.7325
vn -0.0462 0.9683 0.2456
vn -0.3556 0.0896 -0.9303
vn -0.3122 0.7805 -0.5416
vn -0.1541 -0.7032 -0.6941
vn -0.0672 0.9800 0.1875
vn -0.3490 0.0275 -0.9367
vn -0.3238 0.7407 -0.5887
vn -0.1328 -0.7457 -0.6529
vn -0.0879 0.9878 0.1287
vn -0.3410 -0.0348 -0.9394
vn -0.3342 0.6979 -0.6335
vn -0.1110 -0.7852 -0.6092
vn -0.1165 0.9906 0.0722
vn -0.3317 -0.0968 -0.9384
vn -0.3432 0.6523 -0.6758
vn -0.0887 -0.8216 -0.5631
vn -0.1382 0.9903 0.0132
vn -0.3210 -0.1586 -0.9337
vn -0.3508 0.6042 -0.7154
vn -0.0597 -0.8540 -0.5169
vn -0.1593 0.9862 -0.0458
vn -0.3091 -0.2196 -0.9253
vn -0.3571 0.5537 -0.7522
vn -0.0386 -0.8840 -0.4659
vn -0.1799 0.9781 -0.1047
vn -0.2960 -0.2799 -0.9133
vn -0.3619 0.5011 -0.7861
vn -0.0174 -0.9105 -0.4130
vn -0.1997 0.9662 -0.1631
vn -0.2817 -0.3390 -0.8976
vn -0.3654 0.4465 -0.8168
vn 0.0038 -0.9335 -0.3586
vn -0.2187 0.9505 -0.2209
vn -0.2663 -0.3968 -0.8784
vn -0.3674 0.3900 -0.8444
vn -0.2368 0.9310 -0.2778
vn -0.2498 -0.4530 -0.8558
vn -0.3679 0.3321 -0.8685
vn -0.2540 0.9078 -0.3336
vn -0.2323 -0.5075 -0.8298
vn -0.3670 0.2729 -0.8893
vn -0.2702 0.8811 -0.3881
vn -0.2140 -0.5599 -0.8004
vn -0.3646 0.2125 -0.9066
vn -0.0466 -0.8524 -0.5208
vn -0.1359 0.9893 -0.0537
vn -0.2582 -0.2129 -0.9423
vn -0.3003 0.5613 -0.7712
vn -0.0293 -0.8829 -0.4687
vn -0.1530 0.9817 -0.1137
vn -0.2471 -0.2734 -0.9296
vn -0.3043 0.5087 -0.8054
vn -0.0118 -0.9099 -0.4147
vn -0.1696 0.9702 -0.1732
vn -0.2350 -0.3328 -0.9133
vn -0.3070 0.4542 -0.8363
vn 0.0057 -0.9333 -0.3591
vn -0.1854 0.9549 -0.2320
vn -0.2219 -0.3909 -0.8933
vn -0.3085 0.3978 -0.8640
vn -0.2006 0.9358 -0.2899
vn -0.2080 -0.4475 -0.8698
vn -0.3088 0.3399 -0.8883
vn -0.2149 0.9130 -0.3467
vn -0.1932 -0.5023 -0.8428
vn -0.3079 0.2807 -0.9091
vn -0.2284 0.8866 -0.4021
vn -0.1777 -0.5551 -0.8126
vn -0.3058 0.2203 -0.9263
vn -0.2410 0.8568 -0.4559
vn -0.1615 -0.6057 -0.7791
vn -0.0232 0.9530 0.3021
vn -0.3025 0.1591 -0.9398
vn -0.2527 0.8235 -0.5079
vn -0.1447 -0.6540 -0.7425
vn -0.0406 0.9690 0.2439
vn -0.2979 0.0972 -0.9496
vn -0.2633 0.7870 -0.5579
vn -0.1272 -0.6997 -0.7030
vn -0.0579 0.9811 0.1847
vn -0.2922 0.0350 -0.9557
vn -0.2730 0.7474 -0.6057
vn -0.1093 -0.7426 -0.6608
vn -0.0749 0.9894 0.1248
vn -0.2854 -0.0274 -0.9580
vn -0.2815 0.7049 -0.6511
vn -0.0909 -0.7826 -0.6159
vn -0.1000 0.9928 0.0667
vn -0.2774 -0.0896 -0.9566
vn -0.2889 0.6595 -0.6939
vn -0.0722 -0.8194 -0.5686
vn -0.1182 0.9930 0.0065
vn -0.2684 -0.1516 -0.9513
vn -0.2952 0.6116 -0.7340
vn -0.1858 0.8913 -0.4136
vn -0.1407 -0.5511 -0.8225
vn -0.2457 0.2269 -0.9424
vn -0.1958 0.8617 -0.4681
vn -0.1276 -0.6020 -0.7882
vn -0.0213 0.9532 0.3016
vn -0.2429 0.1656 -0.9558
vn -0.2050 0.8287 -0.5207
vn -0.1139 -0.6506 -0.7508
vn -0.0349 0.9695 0.2425
vn -0.2391 0.1037 -0.9655
vn -0.2134 0.7925 -0.5713
vn -0.0998 -0.6967 -0.7104
vn -0.0483 0.9820 0.1825
vn -0.2343 0.0414 -0.9713
vn -0.2210 0.7531 -0.6197
vn -0.0853 -0.7400 -0.6672
vn -0.0616 0.9907 0.1217
vn -0.2286 -0.0212 -0.9733
vn -0.2277 0.7108 -0.6656
vn -0.0705 -0.7803 -0.6214
vn -0.0832 0.9946 0.0621
vn -0.2221 -0.0836 -0.9714
vn -0.2335 0.6656 -0.7088
vn -0.0554 -0.8176 -0.5731
vn -0.0977 0.9952 0.0010
vn -0.2146 -0.1457 -0.9658
vn -0.2384 0.6178 -0.7493
vn -0.0334 -0.8511 -0.5240
vn -0.1119 0.9919 -0.0601
vn -0.2063 -0.2072 -0.9563
vn -0.2424 0.5676 -0.7868
vn -0.0198 -0.8819 -0.4710
vn -0.1256 0.9847 -0.1210
vn -0.1972 -0.2679 -0.9431
vn -0.2454 0.5152 -0.8212
vn -0.0061 -0.9093 -0.4161
vn -0.1388 0.9736 -0.1814
vn -0.1873 -0.3276 -0.9261
vn -0.2474 0.4607 -0.8524
vn 0.0076 -0.9331 -0.3596
vn -0.1515 0.9586 -0.2411
vn -0.1766 -0.3860 -0.9054
vn -0.2485 0.4044 -0.8802
vn -0.1636 0.9398 -0.2999
vn -0.1653 -0.4428 -0.8812
vn -0.2485 0.3465 -0.9045
vn -0.1750 0.9174 -0.3574
vn -0.1533 -0.4979 -0.8536
vn -0.2476 0.2873 -0.9253
vn -0.0383 -0.8161 -0.5766
vn -0.0769 0.9970 -0.0033
vn -0.1600 -0.1409 -0.9770
vn -0.1807 0.6229 -0.7612
vn -0.0199 -0.8501 -0.5263
vn -0.0875 0.9940 -0.0651
vn -0.1535 -0.2026 -0.9672
vn -0.1835 0.5728 -0.7989
vn -0.0101 -0.8812 -0.4726
vn -0.0978 0.9871 -0.1268
vn -0.1465 -0.2635 -0.9535
vn -0.1855 0.5204 -0.8335
vn -0.0003 -0.9089 -0.4171
vn -0.1076 0.9763 -0.1879
vn -0.1388 -0.3234 -0.9360
vn -0.1868 0.4660 -0.8648
vn 0.0096 -0.9329 -0.3599
vn -0.1170 0.9616 -0.2482
vn -0.1306 -0.3819 -0.9149
vn -0.1874 0.4097 -0.8927
vn -0.1260 0.9431 -0.3076
vn -0.1219 -0.4390 -0.8902
vn -0.1872 0.3519 -0.9171
vn -0.1345 0.9209 -0.3658
vn -0.1128 -0.4944 -0.8619
vn -0.1863 0.2927 -0.9379
vn -0.1424 0.8951 -0.4225
vn -0.1031 -0.5478 -0.8302
vn -0.1847 0.2323 -0.9550
vn -0.1498 0.8657 -0.4775
vn -0.0931 -0.5990 -0.7953
vn -0.0203 0.9533 0.3014
vn -0.1823 0.1709 -0.9683
vn -0.1566 0.8330 -0.5307
vn -0.0827 -0.6479 -0.7572
vn -0.0291 0.9700 0.2415
vn -0.1792 0.1089 -0.9778
vn -0.1627 0.7969 -0.5818
vn -0.0720 -0.6942 -0.7161
vn -0.0387 0.9828 0.1808
vn -0.1754 0.0465 -0.9834
vn -0.1682 0.7577 -0.6305
vn -0.0610 -0.7378 -0.6722
vn -0.0481 0.9917 0.1193
vn -0.1709 -0.0161 -0.9851
vn -0.1731 0.7155 -0.6768
vn -0.0497 -0.7785 -0.6257
vn -0.0661 0.9961 0.0586
vn -0.1658 -0.0787 -0.9830
vn -0.1773 0.6705 -0.7204
vn -0.0934 0.9236 -0.3717
vn -0.0717 -0.4917 -0.8678
vn -0.1243 0.2967 -0.9468
vn -0.0985 0.8980 -0.4288
vn -0.0651 -0.5453 -0.8357
vn -0.1229 0.2363 -0.9639
vn -0.1032 0.8688 -0.4843
vn -0.0582 -0.5967 -0.8003
vn -0.0184 0.9534 0.3012
vn -0.0174 0.9534 0.3011
vn -0.1210 0.1749 -0.9771
vn -0.1075 0.8362 -0.5378
vn -0.0511 -0.6458 -0.7618
vn -0.0232 0.9703 0.2408
vn -0.1187 0.1129 -0.9865
vn -0.1114 0.8003 -0.5892
vn -0.0438 -0.6924 -0.7202
vn -0.0289 0.9833 0.1797
vn -0.1158 0.0504 -0.9920
vn -0.1148 0.7612 -0.6382
vn -0.0363 -0.7362 -0.6758
vn -0.0345 0.9924 0.1178
vn -0.1126 -0.0123 -0.9936
vn -0.1178 0.7192 -0.6848
vn -0.0287 -0.7771 -0.6287
vn -0.0487 0.9972 0.0561
vn -0.1088 -0.0749 -0.9912
vn -0.1203 0.6743 -0.7286
vn -0.0209 -0.8150 -0.5791
vn -0.0559 0.9984 -0.0063
vn -0.1047 -0.1373 -0.9850
vn -0.1224 0.6267 -0.7696
vn -0.0063 -0.8493 -0.5279
vn -0.0629 0.9957 -0.0687
vn -0.1001 -0.1991 -0.9749
vn -0.1239 0.5767 -0.8075
vn -0.0004 -0.8807 -0.4738
vn -0.0696 0.9890 -0.1308
vn -0.0951 -0.2601 -0.9609
vn -0.1250 0.5244 -0.8422
vn 0.0056 -0.9085 -0.4178
vn -0.0760 0.9784 -0.1924
vn -0.0898 -0.3201 -0.9431
vn -0.1256 0.4701 -0.8737
vn 0.0115 -0.9328 -0.3601
vn -0.0822 0.9639 -0.2533
vn -0.0841 -0.3789 -0.9216
vn -0.1256 0.4138 -0.9017
vn -0.0880 0.9456 -0.3131
vn -0.0781 -0.4361 -0.8965
vn -0.1252 0.3560 -0.9261
vn -0.0404 -0.3179 -0.9473
vn -0.0638 0.4728 -0.8788
vn 0.0135 -0.9328 -0.3602
vn -0.0470 0.9655 -0.2562
vn -0.0372 -0.3768 -0.9256
vn -0.0634 0.4166 -0.9069
vn -0.0496 0.9474 -0.3163
vn -0.0338 -0.4341 -0.9002
vn -0.0627 0.3588 -0.9313
vn -0.0521 0.9255 -0.3752
vn -0.0304 -0.4898 -0.8713
vn -0.0618 0.2995 -0.9521
vn -0.0543 0.9000 -0.4325
vn -0.0268 -0.5435 -0.8390
vn -0.0607 0.2391 -0.9691
vn -0.0563 0.8709 -0.4882
vn -0.0231 -0.5951 -0.8033
vn -0.0154 0.9535 0.3010
vn -0.0593 0.1777 -0.9823
vn -0.0581 0.8384 -0.5419
vn -0.0193 -0.6444 -0.7644
vn -0.0173 0.9705 0.2405
vn -0.0576 0.1157 -0.9916
vn -0.0597 0.8026 -0.5935
vn -0.0154 -0.6911 -0.7226
vn -0.0191 0.9836 0.1791
vn -0.0558 0.0531 -0.9970
vn -0.0610 0.7637 -0.6427
vn -0.0115 -0.7351 -0.6779
vn -0.0209 0.9929 0.1170
vn -0.0537 -0.0096 -0.9985
vn -0.0621 0.7217 -0.6894
vn -0.0075 -0.7762 -0.6305
vn -0.0313 0.9980 0.0547
vn -0.0514 -0.0723 -0.9961
vn -0.0629 0.6768 -0.7334
vn -0.0035 -0.8142 -0.5806
vn -0.0347 0.9994 -0.0081
vn -0.0489 -0.1348 -0.9897
vn -0.0635 0.6294 -0.7745
vn 0.0074 -0.8488 -0.5286
vn -0.0380 0.9968 -0.0708
vn -0.0463 -0.1967 -0.9794
vn -0.0639 0.5794 -0.8126
vn 0.0095 -0.8803 -0.4743
vn -0.0412 0.9902 -0.1332
vn -0.0434 -0.2578 -0.9652
vn -0.0640 0.5271 -0.8474
vn 0.0115 -0.9083 -0.4181
vn -0.0442 0.9798 -0.1951
vn 0.0036 0.1171 -0.9931
vn -0.0077 0.8039 -0.5948
vn 0.0131 -0.6904 -0.7233
vn 0.0045 0.0546 -0.9985
vn -0.0069 0.7649 -0.6441
vn 0.0135 -0.7345 -0.6785
vn 0.0054 -0.0082 -1.0000
vn -0.0061 0.7230 -0.6908
vn 0.0138 -0.7757 -0.6310
vn -0.0138 0.9984 0.0542
vn 0.0062 -0.0710 -0.9975
vn -0.0053 0.6782 -0.7348
vn 0.0140 -0.8138 -0.5810
vn -0.0134 0.9999 -0.0086
vn 0.0070 -0.1334 -0.9910
vn -0.0044 0.6308 -0.7760
vn -0.0131 0.9974 -0.0714
vn 0.0078 -0.1954 -0.9807
vn -0.0036 0.5808 -0.8140
vn -0.0127 0.9909 -0.1339
vn 0.0085 -0.2565 -0.9665
vn -0.0027 0.5286 -0.8489
vn -0.0122 0.9806 -0.1959
vn 0.0093 -0.3167 -0.9485
vn -0.0018 0.4743 -0.8804
vn -0.0117 0.9663 -0.2571
vn 0.0099 -0.3756 -0.9267
vn -0.0009 0.4181 -0.9084
vn -0.0111 0.9483 -0.3173
vn 0.0106 -0.4331 -0.9013
vn -0.0000 0.3603 -0.9328
vn -0.0105 0.9265 -0.3762
vn 0.0112 -0.4888 -0.8723
vn 0.0009 0.3010 -0.9536
vn -0.0099 0.9010 -0.4336
vn 0.0117 -0.5426 -0.8399
vn 0.0019 0.2406 -0.9706
vn -0.0092 0.8720 -0.4893
vn 0.0122 -0.5943 -0.8042
vn 0.0027 0.1792 -0.9838
vn -0.0085 0.8396 -0.5431
vn 0.0127 -0.6436 -0.7652
vt 0.750000 0.400000
vt 0.750000 0.420000
vt 0.740000 0.420000
vt 0.740000 0.400000
vt 0.750000 0.660000
vt 0.750000 0.680000
vt 0.740000 0.680000
vt 0.740000 0.660000
vt 0.750000 0.120000
vt 0.750000 0.140000
vt 0.740000 0.140000
vt 0.740000 0.120000
vt 0.750000 0.920000
vt 0.750000 0.940000
vt 0.740000 0.940000
vt 0.740000 0.920000
vt 0.750000 0.380000
vt 0.740000 0.380000
vt 0.750000 0.640000
vt 0.740000 0.640000
vt 0.750000 0.100000
vt 0.740000 0.100000
vt 0.750000 0.900000
vt 0.740000 0.900000
vt 0.750000 0.360000
vt 0.740000 0.360000
vt 0.750000 0.620000
vt 0.740000 0.620000
vt 0.750000 0.080000
vt 0.740000 0.080000
vt 0.750000 0.880000
vt 0.740000 0.880000
vt 0.750000 0.340000
vt 0.740000 0.340000
vt 0.750000 0.600000
vt 0.740000 0.600000
vt 0.750000 0.060000
vt 0.740000 0.060000
vt 0.750000 0.860000
vt 0.740000 0.860000
vt 0.750000 0.320000
vt 0.740000 0.320000
vt 0.750000 0.580000
vt 0.740000 0.580000
vt 0.750000 0.040000
vt 0.740000 0.040000
vt 0.750000 0.840000
vt 0.740000 0.840000
vt 0.750000 0.300000
vt 0.740000 0.300000
vt 0.750000 0.560000
vt 0.740000 0.560000
vt 0.750000 0.020000
vt 0.740000 0.020000
vt 0.750000 0.820000
vt 0.740000 0.820000
vt 0.750000 0.280000
vt 0.740000 0.280000
vt 0.750000 0.540000
vt 0.740000 0.540000
vt 0.745000 0.000000
vt 0.750000 0.800000
vt 0.740000 0.800000
vt 0.750000 0.260000
vt 0.740000 0.260000
vt 0.750000 0.520000
vt 0.740000 0.520000
vt 0.750000 0.780000
vt 0.740000 0.780000
vt 0.750000 0.240000
vt 0.740000 0.240000
vt 0.750000 0.500000
vt 0.740000 0.500000
vt 0.750000 0.760000
vt 0.740000 0.760000
vt 0.750000 0.220000
vt 0.740000 0.220000
vt 0.750000 0.480000
vt 0.740000 0.480000
vt 0.750000 0.740000
vt 0.740000 0.740000
vt 0.750000 0.200000
vt 0.740000 0.200000
vt 0.750000 0.460000
vt 0.740000 0.460000
vt 0.750000 0.720000
vt 0.740000 0.720000
vt 0.750000 0.180000
vt 0.740000 0.180000
vt 0.750000 0.980000
vt 0.745000 1.000000
vt 0.740000 0.980000
vt 0.750000 0.440000
vt 0.740000 0.440000
vt 0.750000 0.700000
vt 0.740000 0.700000
vt 0.750000 0.160000
vt 0.740000 0.160000
vt 0.750000 0.960000
vt 0.740000 0.960000
vt 0.730000 0.080000
vt 0.730000 0.060000
vt 0.730000 0.880000
vt 0.730000 0.860000
vt 0.730000 0.340000
vt 0.730000 0.320000
vt 0.730000 0.600000
vt 0.730000 0.580000
vt 0.730000 0.040000
vt 0.730000 0.840000
vt 0.730000 0.300000
vt 0.730000 0.560000
vt 0.730000 0.020000
vt 0.730000 0.820000
vt 0.730000 0.280000
vt 0.730000 0.540000
vt 0.735000 0.000000
vt 0.730000 0.800000
vt 0.730000 0.260000
vt 0.730000 0.520000
vt 0.730000 0.780000
vt 0.730000 0.240000
vt 0.730000 0.500000
vt 0.730000 0.760000
vt 0.730000 0.220000
vt 0.730000 0.480000
vt 0.730000 0.740000
vt 0.730000 0.200000
vt 0.730000 0.460000
vt 0.730000 0.720000
vt 0.730000 0.180000
vt 0.735000 1.000000
vt 0.730000 0.980000
vt 0.730000 0.440000
vt 0.730000 0.700000
vt 0.730000 0.160000
vt 0.730000 0.960000
vt 0.730000 0.420000
vt 0.730000 0.680000
vt 0.730000 0.140000
vt 0.730000 0.940000
vt 0.730000 0.400000
vt 0.730000 0.660000
vt 0.730000 0.120000
vt 0.730000 0.920000
vt 0.730000 0.380000
vt 0.730000 0.640000
vt 0.730000 0.100000
vt 0.730000 0.900000
vt 0.730000 0.360000
vt 0.730000 0.620000
vt 0.720000 0.760000
vt 0.720000 0.740000
vt 0.720000 0.220000
vt 0.720000 0.200000
vt 0.720000 0.480000
vt 0.720000 0.460000
vt 0.720000 0.720000
vt 0.720000 0.180000
vt 0.725000 1.000000
vt 0.720000 0.980000
vt 0.720000 0.440000
vt 0.720000 0.700000
vt 0.720000 0.160000
vt 0.720000 0.960000
vt 0.720000 0.420000
vt 0.720000 0.680000
vt 0.720000 0.140000
vt 0.720000 0.940000
vt 0.720000 0.400000
vt 0.720000 0.660000
vt 0.720000 0.120000
vt 0.720000 0.920000
vt 0.720000 0.380000
vt 0.720000 0.640000
vt 0.720000 0.100000
vt 0.720000 0.900000
vt 0.720000 0.360000
vt 0.720000 0.620000
vt 0.720000 0.080000
vt 0.720000 0.880000
vt 0.720000 0.340000
vt 0.720000 0.600000
vt 0.720000 0.060000
vt 0.720000 0.860000
vt 0.720000 0.320000
vt 0.720000 0.580000
vt 0.720000 0.040000
vt 0.720000 0.840000
vt 0.720000 0.300000
vt 0.720000 0.560000
vt 0.720000 0.020000
vt 0.720000 0.820000
vt 0.720000 0.280000
vt 0.720000 0.540000
vt 0.725000 0.000000
vt 0.720000 0.800000
vt 0.720000 0.260000
vt 0.720000 0.520000
vt 0.720000 0.780000
vt 0.720000 0.240000
vt 0.720000 0.500000
vt 0.710000 0.100000
vt 0.710000 0.080000
vt 0.710000 0.900000
vt 0.710000 0.880000
vt 0.710000 0.360000
vt 0.710000 0.340000
vt 0.710000 0.620000
vt 0.710000 0.600000
vt 0.710000 0.060000
vt 0.710000 0.860000
vt 0.710000 0.320000
vt 0.710000 0.580000
vt 0.710000 0.040000
vt 0.710000 0.840000
vt 0.710000 0.300000
vt 0.710000 0.560000
vt 0.710000 0.020000
vt 0.710000 0.820000
vt 0.710000 0.280000
vt 0.710000 0.540000
vt 0.715000 0.000000
vt 0.710000 0.800000
vt 0.710000 0.260000
vt 0.710000 0.520000
vt 0.710000 0.780000
vt 0.710000 0.240000
vt 0.710000 0.500000
vt 0.710000 0.760000
vt 0.710000 0.220000
vt 0.710000 0.480000
vt 0.710000 0.740000
vt 0.710000 0.200000
vt 0.710000 0.460000
vt 0.710000 0.720000
vt 0.710000 0.180000
vt 0.715000 1.000000
vt 0.710000 0.980000
vt 0.710000 0.440000
vt 0.710000 0.700000
vt 0.710000 0.160000
vt 0.710000 0.960000
vt 0.710000 0.420000
vt 0.710000 0.680000
vt 0.710000 0.140000
vt 0.710000 0.940000
vt 0.710000 0.400000
vt 0.710000 0.660000
vt 0.710000 0.120000
vt 0.710000 0.920000
vt 0.710000 0.380000
vt 0.710000 0.640000
vt 0.700000 0.780000
vt 0.700000 0.760000
vt 0.700000 0.240000
vt 0.700000 0.220000
vt 0.700000 0.500000
vt 0.700000 0.480000
vt 0.700000 0.740000
vt 0.700000 0.200000
vt 0.700000 0.460000
vt 0.700000 0.720000
vt 0.700000 0.180000
vt 0.705000 1.000000
vt 0.700000 0.980000
vt 0.700000 0.440000
vt 0.700000 0.700000
vt 0.700000 0.160000
vt 0.700000 0.960000
vt 0.700000 0.420000
vt 0.700000 0.680000
vt 0.700000 0.140000
vt 0.700000 0.940000
vt 0.700000 0.400000
vt 0.700000 0.660000
vt 0.700000 0.120000
vt 0.700000 0.920000
vt 0.700000 0.380000
vt 0.700000 0.640000
vt 0.700000 0.100000
vt 0.700000 0.900000
vt 0.700000 0.360000
vt 0.700000 0.620000
vt 0.700000 0.080000
vt 0.700000 0.880000
vt 0.700000 0.340000
vt 0.700000 0.600000
vt 0.700000 0.060000
vt 0.700000 0.860000
vt 0.700000 0.320000
vt 0.700000 0.580000
vt 0.700000 0.040000
vt 0.700000 0.840000
vt 0.700000 0.300000
vt 0.700000 0.560000
vt 0.700000 0.020000
vt 0.700000 0.820000
vt 0.700000 0.280000
vt 0.700000 0.540000
vt 0.705000 0.000000
vt 0.700000 0.800000
vt 0.700000 0.260000
vt 0.700000 0.520000
vt 0.690000 0.120000
vt 0.690000 0.100000
vt 0.690000 0.920000
vt 0.690000 0.900000
vt 0.690000 0.380000
vt 0.690000 0.360000
vt 0.690000 0.640000
vt 0.690000 0.620000
vt 0.690000 0.080000
vt 0.690000 0.880000
vt 0.690000 0.340000
vt 0.690000 0.600000
vt 0.690000 0.060000
vt 0.690000 0.860000
vt 0.690000 0.320000
vt 0.690000 0.580000
vt 0.690000 0.040000
vt 0.690000 0.840000
vt 0.690000 0.300000
vt 0.690000 0.560000
vt 0.690000 0.020000
vt 0.690000 0.820000
vt 0.690000 0.280000
vt 0.690000 0.540000
vt 0.695000 0.000000
vt 0.690000 0.800000
vt 0.690000 0.260000
vt 0.690000 0.520000
vt 0.690000 0.780000
vt 0.690000 0.240000
vt 0.690000 0.500000
vt 0.690000 0.760000
vt 0.690000 0.220000
vt 0.690000 0.480000
vt 0.690000 0.740000
vt 0.690000 0.200000
vt 0.690000 0.460000
vt 0.690000 0.720000
vt 0.690000 0.180000
vt 0.695000 1.000000
vt 0.690000 0.980000
vt 0.690000 0.440000
vt 0.690000 0.700000
vt 0.690000 0.160000
vt 0.690000 0.960000
vt 0.690000 0.420000
vt 0.690000 0.680000
vt 0.690000 0.140000
vt 0.690000 0.940000
vt 0.690000 0.400000
vt 0.690000 0.660000
vt 0.680000 0.800000
vt 0.680000 0.780000
vt 0.680000 0.260000
vt 0.680000 0.240000
vt 0.680000 0.520000
vt 0.680000 0.500000
vt 0.680000 0.760000
vt 0.680000 0.220000
vt 0.680000 0.480000
vt 0.680000 0.740000
vt 0.680000 0.200000
vt 0.680000 0.460000
vt 0.680000 0.720000
vt 0.680000 0.180000
vt 0.685000 1.000000
vt 0.680000 0.980000
vt 0.680000 0.440000
vt 0.680000 0.700000
vt 0.680000 0.160000
vt 0.680000 0.960000
vt 0.680000 0.420000
vt 0.680000 0.680000
vt 0.680000 0.140000
vt 0.680000 0.940000
vt 0.680000 0.400000
vt 0.680000 0.660000
vt 0.680000 0.120000
vt 0.680000 0.920000
vt 0.680000 0.380000
vt 0.680000 0.640000
vt 0.680000 0.100000
vt 0.680000 0.900000
vt 0.680000 0.360000
vt 0.680000 0.620000
vt 0.680000 0.080000
vt 0.680000 0.880000
vt 0.680000 0.340000
vt 0.680000 0.600000
vt 0.680000 0.060000
vt 0.680000 0.860000
vt 0.680000 0.320000
vt 0.680000 0.580000
vt 0.680000 0.040000
vt 0.680000 0.840000
vt 0.680000 0.300000
vt 0.680000 0.560000
vt 0.680000 0.020000
vt 0.680000 0.820000
vt 0.680000 0.280000
vt 0.680000 0.540000
vt 0.685000 0.000000
vt 0.670000 0.140000
vt 0.670000 0.120000
vt 0.670000 0.940000
vt 0.670000 0.920000
vt 0.670000 0.400000
vt 0.670000 0.380000
vt 0.670000 0.660000
vt 0.670000 0.640000
vt 0.670000 0.100000
vt 0.670000 0.900000
vt 0.670000 0.360000
vt 0.670000 0.620000
vt 0.670000 0.080000
vt 0.670000 0.880000
vt 0.670000 0.340000
vt 0.670000 0.600000
vt 0.670000 0.060000
vt 0.670000 0.860000
vt 0.670000 0.320000
vt 0.670000 0.580000
vt 0.670000 0.040000
vt 0.670000 0.840000
vt 0.670000 0.300000
vt 0.670000 0.560000
vt 0.670000 0.020000
vt 0.670000 0.820000
vt 0.670000 0.280000
vt 0.670000 0.540000
vt 0.675000 0.000000
vt 0.670000 0.800000
vt 0.670000 0.260000
vt 0.670000 0.520000
vt 0.670000 0.780000
vt 0.670000 0.240000
vt 0.670000 0.500000
vt 0.670000 0.760000
vt 0.670000 0.220000
vt 0.670000 0.480000
vt 0.670000 0.740000
vt 0.670000 0.200000
vt 0.670000 0.460000
vt 0.670000 0.720000
vt 0.670000 0.180000
vt 0.675000 1.000000
vt 0.670000 0.980000
vt 0.670000 0.440000
vt 0.670000 0.700000
vt 0.670000 0.160000
vt 0.670000 0.960000
vt 0.670000 0.420000
vt 0.670000 0.680000
vt 0.660000 0.820000
vt 0.660000 0.800000
vt 0.660000 0.280000
vt 0.660000 0.260000
vt 0.660000 0.540000
vt 0.660000 0.520000
vt 0.660000 0.780000
vt 0.660000 0.240000
vt 0.660000 0.500000
vt 0.660000 0.760000
vt 0.660000 0.220000
vt 0.660000 0.480000
vt 0.660000 0.740000
vt 0.660000 0.200000
vt 0.660000 0.460000
vt 0.660000 0.720000
vt 0.660000 0.180000
vt 0.665000 1.000000
vt 0.660000 0.980000
vt 0.660000 0.440000
vt 0.660000 0.700000
vt 0.660000 0.160000
vt 0.660000 0.960000
vt 0.660000 0.420000
vt 0.660000 0.680000
vt 0.660000 0.140000
vt 0.660000 0.940000
vt 0.660000 0.400000
vt 0.660000 0.660000
vt 0.660000 0.120000
vt 0.660000 0.920000
vt 0.660000 0.380000
vt 0.660000 0.640000
vt 0.660000 0.100000
vt 0.660000 0.900000
vt 0.660000 0.360000
vt 0.660000 0.620000
vt 0.660000 0.080000
vt 0.660000 0.880000
vt 0.660000 0.340000
vt 0.660000 0.600000
vt 0.660000 0.060000
vt 0.660000 0.860000
vt 0.660000 0.320000
vt 0.660000 0.580000
vt 0.660000 0.040000
vt 0.660000 0.840000
vt 0.660000 0.300000
vt 0.660000 0.560000
vt 0.660000 0.020000
vt 0.665000 0.000000
vt 0.650000 0.160000
vt 0.650000 0.140000
vt 0.650000 0.960000
vt 0.650000 0.940000
vt 0.650000 0.420000
vt 0.650000 0.400000
vt 0.650000 0.680000
vt 0.650000 0.660000
vt 0.650000 0.120000
vt 0.650000 0.920000
vt 0.650000 0.380000
vt 0.650000 0.640000
vt 0.650000 0.100000
vt 0.650000 0.900000
vt 0.650000 0.360000
vt 0.650000 0.620000
vt 0.650000 0.080000
vt 0.650000 0.880000
vt 0.650000 0.340000
vt 0.650000 0.600000
vt 0.650000 0.060000
vt 0.650000 0.860000
vt 0.650000 0.320000
vt 0.650000 0.580000
vt 0.650000 0.040000
vt 0.650000 0.840000
vt 0.650000 0.300000
vt 0.650000 0.560000
vt 0.650000 0.020000
vt 0.650000 0.820000
vt 0.650000 0.280000
vt 0.650000 0.540000
vt 0.655000 0.000000
vt 0.650000 0.800000
vt 0.650000 0.260000
vt 0.650000 0.520000
vt 0.650000 0.780000
vt 0.650000 0.240000
vt 0.650000 0.500000
vt 0.650000 0.760000
vt 0.650000 0.220000
vt 0.650000 0.480000
vt 0.650000 0.740000
vt 0.650000 0.200000
vt 0.650000 0.460000
vt 0.650000 0.720000
vt 0.650000 0.180000
vt 0.655000 1.000000
vt 0.650000 0.980000
vt 0.650000 0.440000
vt 0.650000 0.700000
vt 0.640000 0.840000
vt 0.640000 0.820000
vt 0.640000 0.300000
vt 0.640000 0.280000
vt 0.640000 0.560000
vt 0.640000 0.540000
vt 0.645000 0.000000
vt 0.640000 0.020000
vt 0.640000 0.800000
vt 0.640000 0.260000
vt 0.640000 0.520000
vt 0.640000 0.780000
vt 0.640000 0.240000
vt 0.640000 0.500000
vt 0.640000 0.760000
vt 0.640000 0.220000
vt 0.640000 0.480000
vt 0.640000 0.740000
vt 0.640000 0.200000
vt 0.640000 0.460000
vt 0.640000 0.720000
vt 0.640000 0.180000
vt 0.645000 1.000000
vt 0.640000 0.980000
vt 0.640000 0.440000
vt 0.640000 0.700000
vt 0.640000 0.160000
vt 0.640000 0.960000
vt 0.640000 0.420000
vt 0.640000 0.680000
vt 0.640000 0.140000
vt 0.640000 0.940000
vt 0.640000 0.400000
vt 0.640000 0.660000
vt 0.640000 0.120000
vt 0.640000 0.920000
vt 0.640000 0.380000
vt 0.640000 0.640000
vt 0.640000 0.100000
vt 0.640000 0.900000
vt 0.640000 0.360000
vt 0.640000 0.620000
vt 0.640000 0.080000
vt 0.640000 0.880000
vt 0.640000 0.340000
vt 0.640000 0.600000
vt 0.640000 0.060000
vt 0.640000 0.860000
vt 0.640000 0.320000
vt 0.640000 0.580000
vt 0.640000 0.040000
vt 0.630000 0.180000
vt 0.630000 0.160000
vt 0.630000 0.980000
vt 0.630000 0.960000
vt 0.630000 0.440000
vt 0.630000 0.420000
vt 0.630000 0.700000
vt 0.630000 0.680000
vt 0.630000 0.140000
vt 0.630000 0.940000
vt 0.630000 0.400000
vt 0.630000 0.660000
vt 0.630000 0.120000
vt 0.630000 0.920000
vt 0.630000 0.380000
vt 0.630000 0.640000
vt 0.630000 0.100000
vt 0.630000 0.900000
vt 0.630000 0.360000
vt 0.630000 0.620000
vt 0.630000 0.080000
vt 0.630000 0.880000
vt 0.630000 0.340000
vt 0.630000 0.600000
vt 0.630000 0.060000
vt 0.630000 0.860000
vt 0.630000 0.320000
vt 0.630000 0.580000
vt 0.630000 0.040000
vt 0.630000 0.840000
vt 0.630000 0.300000
vt 0.630000 0.560000
vt 0.630000 0.020000
vt 0.630000 0.820000
vt 0.630000 0.280000
vt 0.630000 0.540000
vt 0.635000 0.000000
vt 0.630000 0.800000
vt 0.630000 0.260000
vt 0.630000 0.520000
vt 0.630000 0.780000
vt 0.630000 0.240000
vt 0.630000 0.500000
vt 0.630000 0.760000
vt 0.630000 0.220000
vt 0.630000 0.480000
vt 0.630000 0.740000
vt 0.630000 0.200000
vt 0.630000 0.460000
vt 0.630000 0.720000
vt 0.635000 1.000000
vt 0.620000 0.860000
vt 0.620000 0.840000
vt 0.620000 0.320000
vt 0.620000 0.300000
vt 0.620000 0.580000
vt 0.620000 0.560000
vt 0.620000 0.040000
vt 0.620000 0.020000
vt 0.620000 0.820000
vt 0.620000 0.280000
vt 0.620000 0.540000
vt 0.625000 0.000000
vt 0.620000 0.800000
vt 0.620000 0.260000
vt 0.620000 0.520000
vt 0.620000 0.780000
vt 0.620000 0.240000
vt 0.620000 0.500000
vt 0.620000 0.760000
vt 0.620000 0.220000
vt 0.620000 0.480000
vt 0.620000 0.740000
vt 0.620000 0.200000
vt 0.620000 0.460000
vt 0.620000 0.720000
vt 0.620000 0.180000
vt 0.625000 1.000000
vt 0.620000 0.980000
vt 0.620000 0.440000
vt 0.620000 0.700000
vt 0.620000 0.160000
vt 0.620000 0.960000
vt 0.620000 0.420000
vt 0.620000 0.680000
vt 0.620000 0.140000
vt 0.620000 0.940000
vt 0.620000 0.400000
vt 0.620000 0.660000
vt 0.620000 0.120000
vt 0.620000 0.920000
vt 0.620000 0.380000
vt 0.620000 0.640000
vt 0.620000 0.100000
vt 0.620000 0.900000
vt 0.620000 0.360000
vt 0.620000 0.620000
vt 0.620000 0.080000
vt 0.620000 0.880000
vt 0.620000 0.340000
vt 0.620000 0.600000
vt 0.620000 0.060000
vt 0.610000 0.200000
vt 0.610000 0.180000
vt 0.615000 1.000000
vt 0.610000 0.980000
vt 0.610000 0.460000
vt 0.610000 0.440000
vt 0.610000 0.720000
vt 0.610000 0.700000
vt 0.610000 0.160000
vt 0.610000 0.960000
vt 0.610000 0.420000
vt 0.610000 0.680000
vt 0.610000 0.140000
vt 0.610000 0.940000
vt 0.610000 0.400000
vt 0.610000 0.660000
vt 0.610000 0.120000
vt 0.610000 0.920000
vt 0.610000 0.380000
vt 0.610000 0.640000
vt 0.610000 0.100000
vt 0.610000 0.900000
vt 0.610000 0.360000
vt 0.610000 0.620000
vt 0.610000 0.080000
vt 0.610000 0.880000
vt 0.610000 0.340000
vt 0.610000 0.600000
vt 0.610000 0.060000
vt 0.610000 0.860000
vt 0.610000 0.320000
vt 0.610000 0.580000
vt 0.610000 0.040000
vt 0.610000 0.840000
vt 0.610000 0.300000
vt 0.610000 0.560000
vt 0.610000 0.020000
vt 0.610000 0.820000
vt 0.610000 0.280000
vt 0.610000 0.540000
vt 0.615000 0.000000
vt 0.610000 0.800000
vt 0.610000 0.260000
vt 0.610000 0.520000
vt 0.610000 0.780000
vt 0.610000 0.240000
vt 0.610000 0.500000
vt 0.610000 0.760000
vt 0.610000 0.220000
vt 0.610000 0.480000
vt 0.610000 0.740000
vt 0.600000 0.880000
vt 0.600000 0.860000
vt 0.600000 0.340000
vt 0.600000 0.320000
vt 0.600000 0.600000
vt 0.600000 0.580000
vt 0.600000 0.060000
vt 0.600000 0.040000
vt 0.600000 0.840000
vt 0.600000 0.300000
vt 0.600000 0.560000
vt 0.600000 0.020000
vt 0.600000 0.820000
vt 0.600000 0.280000
vt 0.600000 0.540000
vt 0.605000 0.000000
vt 0.600000 0.800000
vt 0.600000 0.260000
vt 0.600000 0.520000
vt 0.600000 0.780000
vt 0.600000 0.240000
vt 0.600000 0.500000
vt 0.600000 0.760000
vt 0.600000 0.220000
vt 0.600000 0.480000
vt 0.600000 0.740000
vt 0.600000 0.200000
vt 0.600000 0.460000
vt 0.600000 0.720000
vt 0.600000 0.180000
vt 0.605000 1.000000
vt 0.600000 0.980000
vt 0.600000 0.440000
vt 0.600000 0.700000
vt 0.600000 0.160000
vt 0.600000 0.960000
vt 0.600000 0.420000
vt 0.600000 0.680000
vt 0.600000 0.140000
vt 0.600000 0.940000
vt 0.600000 0.400000
vt 0.600000 0.660000
vt 0.600000 0.120000
vt 0.600000 0.920000
vt 0.600000 0.380000
vt 0.600000 0.640000
vt 0.600000 0.100000
vt 0.600000 0.900000
vt 0.600000 0.360000
vt 0.600000 0.620000
vt 0.600000 0.080000
vt 0.590000 0.220000
vt 0.590000 0.200000
vt 0.590000 0.480000
vt 0.590000 0.460000
vt 0.590000 0.740000
vt 0.590000 0.720000
vt 0.590000 0.180000
vt 0.595000 1.000000
vt 0.590000 0.980000
vt 0.590000 0.440000
vt 0.590000 0.700000
vt 0.590000 0.160000
vt 0.590000 0.960000
vt 0.590000 0.420000
vt 0.590000 0.680000
vt 0.590000 0.140000
vt 0.590000 0.940000
vt 0.590000 0.400000
vt 0.590000 0.660000
vt 0.590000 0.120000
vt 0.590000 0.920000
vt 0.590000 0.380000
vt 0.590000 0.640000
vt 0.590000 0.100000
vt 0.590000 0.900000
vt 0.590000 0.360000
vt 0.590000 0.620000
vt 0.590000 0.080000
vt 0.590000 0.880000
vt 0.590000 0.340000
vt 0.590000 0.600000
vt 0.590000 0.060000
vt 0.590000 0.860000
vt 0.590000 0.320000
vt 0.590000 0.580000
vt 0.590000 0.040000
vt 0.590000 0.840000
vt 0.590000 0.300000
vt 0.590000 0.560000
vt 0.590000 0.020000
vt 0.590000 0.820000
vt 0.590000 0.280000
vt 0.590000 0.540000
vt 0.595000 0.000000
vt 0.590000 0.800000
vt 0.590000 0.260000
vt 0.590000 0.520000
vt 0.590000 0.780000
vt 0.590000 0.240000
vt 0.590000 0.500000
vt 0.590000 0.760000
vt 0.580000 0.900000
vt 0.580000 0.880000
vt 0.580000 0.360000
vt 0.580000 0.340000
vt 0.580000 0.620000
vt 0.580000 0.600000
vt 0.580000 0.080000
vt 0.580000 0.060000
vt 0.580000 0.860000
vt 0.580000 0.320000
vt 0.580000 0.580000
vt 0.580000 0.040000
vt 0.580000 0.840000
vt 0.580000 0.300000
vt 0.580000 0.560000
vt 0.580000 0.020000
vt 0.580000 0.820000
vt 0.580000 0.280000
vt 0.580000 0.540000
vt 0.585000 0.000000
vt 0.580000 0.800000
vt 0.580000 0.260000
vt 0.580000 0.520000
vt 0.580000 0.780000
vt 0.580000 0.240000
vt 0.580000 0.500000
vt 0.580000 0.760000
vt 0.580000 0.220000
vt 0.580000 0.480000
vt 0.580000 0.740000
vt 0.580000 0.200000
vt 0.580000 0.460000
vt 0.580000 0.720000
vt 0.580000 0.180000
vt 0.585000 1.000000
vt 0.580000 0.980000
vt 0.580000 0.440000
vt 0.580000 0.700000
vt 0.580000 0.160000
vt 0.580000 0.960000
vt 0.580000 0.420000
vt 0.580000 0.680000
vt 0.580000 0.140000
vt 0.580000 0.940000
vt 0.580000 0.400000
vt 0.580000 0.660000
vt 0.580000 0.120000
vt 0.580000 0.920000
vt 0.580000 0.380000
vt 0.580000 0.640000
vt 0.580000 0.100000
vt 0.570000 0.540000
vt 0.570000 0.520000
vt 0.570000 0.800000
vt 0.570000 0.780000
vt 0.570000 0.260000
vt 0.570000 0.240000
vt 0.570000 0.500000
vt 0.570000 0.760000
vt 0.570000 0.220000
vt 0.570000 0.480000
vt 0.570000 0.740000
vt 0.570000 0.200000
vt 0.570000 0.460000
vt 0.570000 0.720000
vt 0.570000 0.180000
vt 0.575000 1.000000
vt 0.570000 0.980000
vt 0.570000 0.440000
vt 0.570000 0.700000
vt 0.570000 0.160000
vt 0.570000 0.960000
vt 0.570000 0.420000
vt 0.570000 0.680000
vt 0.570000 0.140000
vt 0.570000 0.940000
vt 0.570000 0.400000
vt 0.570000 0.660000
vt 0.570000 0.120000
vt 0.570000 0.920000
vt 0.570000 0.380000
vt 0.570000 0.640000
vt 0.570000 0.100000
vt 0.570000 0.900000
vt 0.570000 0.360000
vt 0.570000 0.620000
vt 0.570000 0.080000
vt 0.570000 0.880000
vt 0.570000 0.340000
vt 0.570000 0.600000
vt 0.570000 0.060000
vt 0.570000 0.860000
vt 0.570000 0.320000
vt 0.570000 0.580000
vt 0.570000 0.040000
vt 0.570000 0.840000
vt 0.570000 0.300000
vt 0.570000 0.560000
vt 0.570000 0.020000
vt 0.570000 0.820000
vt 0.570000 0.280000
vt 0.575000 0.000000
vt 0.560000 0.680000
vt 0.560000 0.660000
vt 0.560000 0.140000
vt 0.560000 0.120000
vt 0.560000 0.940000
vt 0.560000 0.920000
vt 0.560000 0.400000
vt 0.560000 0.380000
vt 0.560000 0.640000
vt 0.560000 0.100000
vt 0.560000 0.900000
vt 0.560000 0.360000
vt 0.560000 0.620000
vt 0.560000 0.080000
vt 0.560000 0.880000
vt 0.560000 0.340000
vt 0.560000 0.600000
vt 0.560000 0.060000
vt 0.560000 0.860000
vt 0.560000 0.320000
vt 0.560000 0.580000
vt 0.560000 0.040000
vt 0.560000 0.840000
vt 0.560000 0.300000
vt 0.560000 0.560000
vt 0.560000 0.020000
vt 0.560000 0.820000
vt 0.560000 0.280000
vt 0.560000 0.540000
vt 0.565000 0.000000
vt 0.560000 0.800000
vt 0.560000 0.260000
vt 0.560000 0.520000
vt 0.560000 0.780000
vt 0.560000 0.240000
vt 0.560000 0.500000
vt 0.560000 0.760000
vt 0.560000 0.220000
vt 0.560000 0.480000
vt 0.560000 0.740000
vt 0.560000 0.200000
vt 0.560000 0.460000
vt 0.560000 0.720000
vt 0.560000 0.180000
vt 0.565000 1.000000
vt 0.560000 0.980000
vt 0.560000 0.440000
vt 0.560000 0.700000
vt 0.560000 0.160000
vt 0.560000 0.960000
vt 0.560000 0.420000
vt 0.550000 0.560000
vt 0.550000 0.540000
vt 0.555000 0.000000
vt 0.550000 0.020000
vt 0.550000 0.820000
vt 0.550000 0.800000
vt 0.550000 0.280000
vt 0.550000 0.260000
vt 0.550000 0.520000
vt 0.550000 0.780000
vt 0.550000 0.240000
vt 0.550000 0.500000
vt 0.550000 0.760000
vt 0.550000 0.220000
vt 0.550000 0.480000
vt 0.550000 0.740000
vt 0.550000 0.200000
vt 0.550000 0.460000
vt 0.550000 0.720000
vt 0.550000 0.180000
vt 0.555000 1.000000
vt 0.550000 0.980000
vt 0.550000 0.440000
vt 0.550000 0.700000
vt 0.550000 0.160000
vt 0.550000 0.960000
vt 0.550000 0.420000
vt 0.550000 0.680000
vt 0.550000 0.140000
vt 0.550000 0.940000
vt 0.550000 0.400000
vt 0.550000 0.660000
vt 0.550000 0.120000
vt 0.550000 0.920000
vt 0.550000 0.380000
vt 0.550000 0.640000
vt 0.550000 0.100000
vt 0.550000 0.900000
vt 0.550000 0.360000
vt 0.550000 0.620000
vt 0.550000 0.080000
vt 0.550000 0.880000
vt 0.550000 0.340000
vt 0.550000 0.600000
vt 0.550000 0.060000
vt 0.550000 0.860000
vt 0.550000 0.320000
vt 0.550000 0.580000
vt 0.550000 0.040000
vt 0.550000 0.840000
vt 0.550000 0.300000
vt 0.540000 0.700000
vt 0.540000 0.680000
vt 0.540000 0.160000
vt 0.540000 0.140000
vt 0.540000 0.960000
vt 0.540000 0.940000
vt 0.540000 0.420000
vt 0.540000 0.400000
vt 0.540000 0.660000
vt 0.540000 0.120000
vt 0.540000 0.920000
vt 0.540000 0.380000
vt 0.540000 0.640000
vt 0.540000 0.100000
vt 0.540000 0.900000
vt 0.540000 0.360000
vt 0.540000 0.620000
vt 0.540000 0.080000
vt 0.540000 0.880000
vt 0.540000 0.340000
vt 0.540000 0.600000
vt 0.540000 0.060000
vt 0.540000 0.860000
vt 0.540000 0.320000
vt 0.540000 0.580000
vt 0.540000 0.040000
vt 0.540000 0.840000
vt 0.540000 0.300000
vt 0.540000 0.560000
vt 0.540000 0.020000
vt 0.540000 0.820000
vt 0.540000 0.280000
vt 0.540000 0.540000
vt 0.545000 0.000000
vt 0.540000 0.800000
vt 0.540000 0.260000
vt 0.540000 0.520000
vt 0.540000 0.780000
vt 0.540000 0.240000
vt 0.540000 0.500000
vt 0.540000 0.760000
vt 0.540000 0.220000
vt 0.540000 0.480000
vt 0.540000 0.740000
vt 0.540000 0.200000
vt 0.540000 0.460000
vt 0.540000 0.720000
vt 0.540000 0.180000
vt 0.545000 1.000000
vt 0.540000 0.980000
vt 0.540000 0.440000
vt 0.530000 0.580000
vt 0.530000 0.560000
vt 0.530000 0.040000
vt 0.530000 0.020000
vt 0.530000 0.840000
vt 0.530000 0.820000
vt 0.530000 0.300000
vt 0.530000 0.280000
vt 0.530000 0.540000
vt 0.535000 0.000000
vt 0.530000 0.800000
vt 0.530000 0.260000
vt 0.530000 0.520000
vt 0.530000 0.780000
vt 0.530000 0.240000
vt 0.530000 0.500000
vt 0.530000 0.760000
vt 0.530000 0.220000
vt 0.530000 0.480000
vt 0.530000 0.740000
vt 0.530000 0.200000
vt 0.530000 0.460000
vt 0.530000 0.720000
vt 0.530000 0.180000
vt 0.535000 1.000000
vt 0.530000 0.980000
vt 0.530000 0.440000
vt 0.530000 0.700000
vt 0.530000 0.160000
vt 0.530000 0.960000
vt 0.530000 0.420000
vt 0.530000 0.680000
vt 0.530000 0.140000
vt 0.530000 0.940000
vt 0.530000 0.400000
vt 0.530000 0.660000
vt 0.530000 0.120000
vt 0.530000 0.920000
vt 0.530000 0.380000
vt 0.530000 0.640000
vt 0.530000 0.100000
vt 0.530000 0.900000
vt 0.530000 0.360000
vt 0.530000 0.620000
vt 0.530000 0.080000
vt 0.530000 0.880000
vt 0.530000 0.340000
vt 0.530000 0.600000
vt 0.530000 0.060000
vt 0.530000 0.860000
vt 0.530000 0.320000
vt 0.520000 0.720000
vt 0.520000 0.700000
vt 0.520000 0.180000
vt 0.520000 0.160000
vt 0.520000 0.980000
vt 0.520000 0.960000
vt 0.520000 0.440000
vt 0.520000 0.420000
vt 0.520000 0.680000
vt 0.520000 0.140000
vt 0.520000 0.940000
vt 0.520000 0.400000
vt 0.520000 0.660000
vt 0.520000 0.120000
vt 0.520000 0.920000
vt 0.520000 0.380000
vt 0.520000 0.640000
vt 0.520000 0.100000
vt 0.520000 0.900000
vt 0.520000 0.360000
vt 0.520000 0.620000
vt 0.520000 0.080000
vt 0.520000 0.880000
vt 0.520000 0.340000
vt 0.520000 0.600000
vt 0.520000 0.060000
vt 0.520000 0.860000
vt 0.520000 0.320000
vt 0.520000 0.580000
vt 0.520000 0.040000
vt 0.520000 0.840000
vt 0.520000 0.300000
vt 0.520000 0.560000
vt 0.520000 0.020000
vt 0.520000 0.820000
vt 0.520000 0.280000
vt 0.520000 0.540000
vt 0.525000 0.000000
vt 0.520000 0.800000
vt 0.520000 0.260000
vt 0.520000 0.520000
vt 0.520000 0.780000
vt 0.520000 0.240000
vt 0.520000 0.500000
vt 0.520000 0.760000
vt 0.520000 0.220000
vt 0.520000 0.480000
vt 0.520000 0.740000
vt 0.520000 0.200000
vt 0.520000 0.460000
vt 0.525000 1.000000
vt 0.510000 0.600000
vt 0.510000 0.580000
vt 0.510000 0.060000
vt 0.510000 0.040000
vt 0.510000 0.860000
vt 0.510000 0.840000
vt 0.510000 0.320000
vt 0.510000 0.300000
vt 0.510000 0.560000
vt 0.510000 0.020000
vt 0.510000 0.820000
vt 0.510000 0.280000
vt 0.510000 0.540000
vt 0.515000 0.000000
vt 0.510000 0.800000
vt 0.510000 0.260000
vt 0.510000 0.520000
vt 0.510000 0.780000
vt 0.510000 0.240000
vt 0.510000 0.500000
vt 0.510000 0.760000
vt 0.510000 0.220000
vt 0.510000 0.480000
vt 0.510000 0.740000
vt 0.510000 0.200000
vt 0.510000 0.460000
vt 0.510000 0.720000
vt 0.510000 0.180000
vt 0.515000 1.000000
vt 0.510000 0.980000
vt 0.510000 0.440000
vt 0.510000 0.700000
vt 0.510000 0.160000
vt 0.510000 0.960000
vt 0.510000 0.420000
vt 0.510000 0.680000
vt 0.510000 0.140000
vt 0.510000 0.940000
vt 0.510000 0.400000
vt 0.510000 0.660000
vt 0.510000 0.120000
vt 0.510000 0.920000
vt 0.510000 0.380000
vt 0.510000 0.640000
vt 0.510000 0.100000
vt 0.510000 0.900000
vt 0.510000 0.360000
vt 0.510000 0.620000
vt 0.510000 0.080000
vt 0.510000 0.880000
vt 0.510000 0.340000
vt 0.500000 0.740000
vt 0.500000 0.720000
vt 0.500000 0.200000
vt 0.500000 0.180000
vt 0.505000 1.000000
vt 0.500000 0.980000
vt 0.500000 0.460000
vt 0.500000 0.440000
vt 0.500000 0.700000
vt 0.500000 0.160000
vt 0.500000 0.960000
vt 0.500000 0.420000
vt 0.500000 0.680000
vt 0.500000 0.140000
vt 0.500000 0.940000
vt 0.500000 0.400000
vt 0.500000 0.660000
vt 0.500000 0.120000
vt 0.500000 0.920000
vt 0.500000 0.380000
vt 0.500000 0.640000
vt 0.500000 0.100000
vt 0.500000 0.900000
vt 0.500000 0.360000
vt 0.500000 0.620000
vt 0.500000 0.080000
vt 0.500000 0.880000
vt 0.500000 0.340000
vt 0.500000 0.600000
vt 0.500000 0.060000
vt 0.500000 0.860000
vt 0.500000 0.320000
vt 0.500000 0.580000
vt 0.500000 0.040000
vt 0.500000 0.840000
vt 0.500000 0.300000
vt 0.500000 0.560000
vt 0.500000 0.020000
vt 0.500000 0.820000
vt 0.500000 0.280000
vt 0.500000 0.540000
vt 0.505000 0.000000
vt 0.500000 0.800000
vt 0.500000 0.260000
vt 0.500000 0.520000
vt 0.500000 0.780000
vt 0.500000 0.240000
vt 0.500000 0.500000
vt 0.500000 0.760000
vt 0.500000 0.220000
vt 0.500000 0.480000
vt 0.490000 0.620000
vt 0.490000 0.600000
vt 0.490000 0.080000
vt 0.490000 0.060000
vt 0.490000 0.880000
vt 0.490000 0.860000
vt 0.490000 0.340000
vt 0.490000 0.320000
vt 0.490000 0.580000
vt 0.490000 0.040000
vt 0.490000 0.840000
vt 0.490000 0.300000
vt 0.490000 0.560000
vt 0.490000 0.020000
vt 0.490000 0.820000
vt 0.490000 0.280000
vt 0.490000 0.540000
vt 0.495000 0.000000
vt 0.490000 0.800000
vt 0.490000 0.260000
vt 0.490000 0.520000
vt 0.490000 0.780000
vt 0.490000 0.240000
vt 0.490000 0.500000
vt 0.490000 0.760000
vt 0.490000 0.220000
vt 0.490000 0.480000
vt 0.490000 0.740000
vt 0.490000 0.200000
vt 0.490000 0.460000
vt 0.490000 0.720000
vt 0.490000 0.180000
vt 0.495000 1.000000
vt 0.490000 0.980000
vt 0.490000 0.440000
vt 0.490000 0.700000
vt 0.490000 0.160000
vt 0.490000 0.960000
vt 0.490000 0.420000
vt 0.490000 0.680000
vt 0.490000 0.140000
vt 0.490000 0.940000
vt 0.490000 0.400000
vt 0.490000 0.660000
vt 0.490000 0.120000
vt 0.490000 0.920000
vt 0.490000 0.380000
vt 0.490000 0.640000
vt 0.490000 0.100000
vt 0.490000 0.900000
vt 0.490000 0.360000
vt 0.480000 0.760000
vt 0.480000 0.740000
vt 0.480000 0.220000
vt 0.480000 0.200000
vt 0.480000 0.480000
vt 0.480000 0.460000
vt 0.480000 0.720000
vt 0.480000 0.180000
vt 0.485000 1.000000
vt 0.480000 0.980000
vt 0.480000 0.440000
vt 0.480000 0.700000
vt 0.480000 0.160000
vt 0.480000 0.960000
vt 0.480000 0.420000
vt 0.480000 0.680000
vt 0.480000 0.140000
vt 0.480000 0.940000
vt 0.480000 0.400000
vt 0.480000 0.660000
vt 0.480000 0.120000
vt 0.480000 0.920000
vt 0.480000 0.380000
vt 0.480000 0.640000
vt 0.480000 0.100000
vt 0.480000 0.900000
vt 0.480000 0.360000
vt 0.480000 0.620000
vt 0.480000 0.080000
vt 0.480000 0.880000
vt 0.480000 0.340000
vt 0.480000 0.600000
vt 0.480000 0.060000
vt 0.480000 0.860000
vt 0.480000 0.320000
vt 0.480000 0.580000
vt 0.480000 0.040000
vt 0.480000 0.840000
vt 0.480000 0.300000
vt 0.480000 0.560000
vt 0.480000 0.020000
vt 0.480000 0.820000
vt 0.480000 0.280000
vt 0.480000 0.540000
vt 0.485000 0.000000
vt 0.480000 0.800000
vt 0.480000 0.260000
vt 0.480000 0.520000
vt 0.480000 0.780000
vt 0.480000 0.240000
vt 0.480000 0.500000
vt 0.470000 0.640000
vt 0.470000 0.620000
vt 0.470000 0.100000
vt 0.470000 0.080000
vt 0.470000 0.900000
vt 0.470000 0.880000
vt 0.470000 0.360000
vt 0.470000 0.340000
vt 0.470000 0.600000
vt 0.470000 0.060000
vt 0.470000 0.860000
vt 0.470000 0.320000
vt 0.470000 0.580000
vt 0.470000 0.040000
vt 0.470000 0.840000
vt 0.470000 0.300000
vt 0.470000 0.560000
vt 0.470000 0.020000
vt 0.470000 0.820000
vt 0.470000 0.280000
vt 0.470000 0.540000
vt 0.475000 0.000000
vt 0.470000 0.800000
vt 0.470000 0.260000
vt 0.470000 0.520000
vt 0.470000 0.780000
vt 0.470000 0.240000
vt 0.470000 0.500000
vt 0.470000 0.760000
vt 0.470000 0.220000
vt 0.470000 0.480000
vt 0.470000 0.740000
vt 0.470000 0.200000
vt 0.470000 0.460000
vt 0.470000 0.720000
vt 0.470000 0.180000
vt 0.475000 1.000000
vt 0.470000 0.980000
vt 0.470000 0.440000
vt 0.470000 0.700000
vt 0.470000 0.160000
vt 0.470000 0.960000
vt 0.470000 0.420000
vt 0.470000 0.680000
vt 0.470000 0.140000
vt 0.470000 0.940000
vt 0.470000 0.400000
vt 0.470000 0.660000
vt 0.470000 0.120000
vt 0.470000 0.920000
vt 0.470000 0.380000
vt 0.460000 0.780000
vt 0.460000 0.760000
vt 0.460000 0.240000
vt 0.460000 0.220000
vt 0.460000 0.500000
vt 0.460000 0.480000
vt 0.460000 0.740000
vt 0.460000 0.200000
vt 0.460000 0.460000
vt 0.460000 0.720000
vt 0.460000 0.180000
vt 0.465000 1.000000
vt 0.460000 0.980000
vt 0.460000 0.440000
vt 0.460000 0.700000
vt 0.460000 0.160000
vt 0.460000 0.960000
vt 0.460000 0.420000
vt 0.460000 0.680000
vt 0.460000 0.140000
vt 0.460000 0.940000
vt 0.460000 0.400000
vt 0.460000 0.660000
vt 0.460000 0.120000
vt 0.460000 0.920000
vt 0.460000 0.380000
vt 0.460000 0.640000
vt 0.460000 0.100000
vt 0.460000 0.900000
vt 0.460000 0.360000
vt 0.460000 0.620000
vt 0.460000 0.080000
vt 0.460000 0.880000
vt 0.460000 0.340000
vt 0.460000 0.600000
vt 0.460000 0.060000
vt 0.460000 0.860000
vt 0.460000 0.320000
vt 0.460000 0.580000
vt 0.460000 0.040000
vt 0.460000 0.840000
vt 0.460000 0.300000
vt 0.460000 0.560000
vt 0.460000 0.020000
vt 0.460000 0.820000
vt 0.460000 0.280000
vt 0.460000 0.540000
vt 0.465000 0.000000
vt 0.460000 0.800000
vt 0.460000 0.260000
vt 0.460000 0.520000
vt 0.450000 0.660000
vt 0.450000 0.640000
vt 0.450000 0.120000
vt 0.450000 0.100000
vt 0.450000 0.920000
vt 0.450000 0.900000
vt 0.450000 0.380000
vt 0.450000 0.360000
vt 0.450000 0.620000
vt 0.450000 0.080000
vt 0.450000 0.880000
vt 0.450000 0.340000
vt 0.450000 0.600000
vt 0.450000 0.060000
vt 0.450000 0.860000
vt 0.450000 0.320000
vt 0.450000 0.580000
vt 0.450000 0.040000
vt 0.450000 0.840000
vt 0.450000 0.300000
vt 0.450000 0.560000
vt 0.450000 0.020000
vt 0.450000 0.820000
vt 0.450000 0.280000
vt 0.450000 0.540000
vt 0.455000 0.000000
vt 0.450000 0.800000
vt 0.450000 0.260000
vt 0.450000 0.520000
vt 0.450000 0.780000
vt 0.450000 0.240000
vt 0.450000 0.500000
vt 0.450000 0.760000
vt 0.450000 0.220000
vt 0.450000 0.480000
vt 0.450000 0.740000
vt 0.450000 0.200000
vt 0.450000 0.460000
vt 0.450000 0.720000
vt 0.450000 0.180000
vt 0.455000 1.000000
vt 0.450000 0.980000
vt 0.450000 0.440000
vt 0.450000 0.700000
vt 0.450000 0.160000
vt 0.450000 0.960000
vt 0.450000 0.420000
vt 0.450000 0.680000
vt 0.450000 0.140000
vt 0.450000 0.940000
vt 0.450000 0.400000
vt 0.440000 0.800000
vt 0.440000 0.780000
vt 0.440000 0.260000
vt 0.440000 0.240000
vt 0.440000 0.520000
vt 0.440000 0.500000
vt 0.440000 0.760000
vt 0.440000 0.220000
vt 0.440000 0.480000
vt 0.440000 0.740000
vt 0.440000 0.200000
vt 0.440000 0.460000
vt 0.440000 0.720000
vt 0.440000 0.180000
vt 0.445000 1.000000
vt 0.440000 0.980000
vt 0.440000 0.440000
vt 0.440000 0.700000
vt 0.440000 0.160000
vt 0.440000 0.960000
vt 0.440000 0.420000
vt 0.440000 0.680000
vt 0.440000 0.140000
vt 0.440000 0.940000
vt 0.440000 0.400000
vt 0.440000 0.660000
vt 0.440000 0.120000
vt 0.440000 0.920000
vt 0.440000 0.380000
vt 0.440000 0.640000
vt 0.440000 0.100000
vt 0.440000 0.900000
vt 0.440000 0.360000
vt 0.440000 0.620000
vt 0.440000 0.080000
vt 0.440000 0.880000
vt 0.440000 0.340000
vt 0.440000 0.600000
vt 0.440000 0.060000
vt 0.440000 0.860000
vt 0.440000 0.320000
vt 0.440000 0.580000
vt 0.440000 0.040000
vt 0.440000 0.840000
vt 0.440000 0.300000
vt 0.440000 0.560000
vt 0.440000 0.020000
vt 0.440000 0.820000
vt 0.440000 0.280000
vt 0.440000 0.540000
vt 0.445000 0.000000
vt 0.430000 0.680000
vt 0.430000 0.660000
vt 0.430000 0.140000
vt 0.430000 0.120000
vt 0.430000 0.940000
vt 0.430000 0.920000
vt 0.430000 0.400000
vt 0.430000 0.380000
vt 0.430000 0.640000
vt 0.430000 0.100000
vt 0.430000 0.900000
vt 0.430000 0.360000
vt 0.430000 0.620000
vt 0.430000 0.080000
vt 0.430000 0.880000
vt 0.430000 0.340000
vt 0.430000 0.600000
vt 0.430000 0.060000
vt 0.430000 0.860000
vt 0.430000 0.320000
vt 0.430000 0.580000
vt 0.430000 0.040000
vt 0.430000 0.840000
vt 0.430000 0.300000
vt 0.430000 0.560000
vt 0.430000 0.020000
vt 0.430000 0.820000
vt 0.430000 0.280000
vt 0.430000 0.540000
vt 0.435000 0.000000
vt 0.430000 0.800000
vt 0.430000 0.260000
vt 0.430000 0.520000
vt 0.430000 0.780000
vt 0.430000 0.240000
vt 0.430000 0.500000
vt 0.430000 0.760000
vt 0.430000 0.220000
vt 0.430000 0.480000
vt 0.430000 0.740000
vt 0.430000 0.200000
vt 0.430000 0.460000
vt 0.430000 0.720000
vt 0.430000 0.180000
vt 0.435000 1.000000
vt 0.430000 0.980000
vt 0.430000 0.440000
vt 0.430000 0.700000
vt 0.430000 0.160000
vt 0.430000 0.960000
vt 0.430000 0.420000
vt 0.425000 0.000000
vt 0.420000 0.020000
vt 0.420000 0.820000
vt 0.420000 0.800000
vt 0.420000 0.280000
vt 0.420000 0.260000
vt 0.420000 0.540000
vt 0.420000 0.520000
vt 0.420000 0.780000
vt 0.420000 0.240000
vt 0.420000 0.500000
vt 0.420000 0.760000
vt 0.420000 0.220000
vt 0.420000 0.480000
vt 0.420000 0.740000
vt 0.420000 0.200000
vt 0.420000 0.460000
vt 0.420000 0.720000
vt 0.420000 0.180000
vt 0.425000 1.000000
vt 0.420000 0.980000
vt 0.420000 0.440000
vt 0.420000 0.700000
vt 0.420000 0.160000
vt 0.420000 0.960000
vt 0.420000 0.420000
vt 0.420000 0.680000
vt 0.420000 0.140000
vt 0.420000 0.940000
vt 0.420000 0.400000
vt 0.420000 0.660000
vt 0.420000 0.120000
vt 0.420000 0.920000
vt 0.420000 0.380000
vt 0.420000 0.640000
vt 0.420000 0.100000
vt 0.420000 0.900000
vt 0.420000 0.360000
vt 0.420000 0.620000
vt 0.420000 0.080000
vt 0.420000 0.880000
vt 0.420000 0.340000
vt 0.420000 0.600000
vt 0.420000 0.060000
vt 0.420000 0.860000
vt 0.420000 0.320000
vt 0.420000 0.580000
vt 0.420000 0.040000
vt 0.420000 0.840000
vt 0.420000 0.300000
vt 0.420000 0.560000
vt 0.410000 0.780000
vt 0.410000 0.760000
vt 0.410000 0.240000
vt 0.410000 0.220000
vt 0.410000 0.500000
vt 0.410000 0.480000
vt 0.410000 0.740000
vt 0.410000 0.200000
vt 0.410000 0.460000
vt 0.410000 0.720000
vt 0.410000 0.180000
vt 0.415000 1.000000
vt 0.410000 0.980000
vt 0.410000 0.440000
vt 0.410000 0.700000
vt 0.410000 0.160000
vt 0.410000 0.960000
vt 0.410000 0.420000
vt 0.410000 0.680000
vt 0.410000 0.140000
vt 0.410000 0.940000
vt 0.410000 0.400000
vt 0.410000 0.660000
vt 0.410000 0.120000
vt 0.410000 0.920000
vt 0.410000 0.380000
vt 0.410000 0.640000
vt 0.410000 0.100000
vt 0.410000 0.900000
vt 0.410000 0.360000
vt 0.410000 0.620000
vt 0.410000 0.080000
vt 0.410000 0.880000
vt 0.410000 0.340000
vt 0.410000 0.600000
vt 0.410000 0.060000
vt 0.410000 0.860000
vt 0.410000 0.320000
vt 0.410000 0.580000
vt 0.410000 0.040000
vt 0.410000 0.840000
vt 0.410000 0.300000
vt 0.410000 0.560000
vt 0.410000 0.020000
vt 0.410000 0.820000
vt 0.410000 0.280000
vt 0.410000 0.540000
vt 0.415000 0.000000
vt 0.410000 0.800000
vt 0.410000 0.260000
vt 0.410000 0.520000
vt 0.400000 0.120000
vt 0.400000 0.100000
vt 0.400000 0.920000
vt 0.400000 0.900000
vt 0.400000 0.380000
vt 0.400000 0.360000
vt 0.400000 0.640000
vt 0.400000 0.620000
vt 0.400000 0.080000
vt 0.400000 0.880000
vt 0.400000 0.340000
vt 0.400000 0.600000
vt 0.400000 0.060000
vt 0.400000 0.860000
vt 0.400000 0.320000
vt 0.400000 0.580000
vt 0.400000 0.040000
vt 0.400000 0.840000
vt 0.400000 0.300000
vt 0.400000 0.560000
vt 0.400000 0.020000
vt 0.400000 0.820000
vt 0.400000 0.280000
vt 0.400000 0.540000
vt 0.405000 0.000000
vt 0.400000 0.800000
vt 0.400000 0.260000
vt 0.400000 0.520000
vt 0.400000 0.780000
vt 0.400000 0.240000
vt 0.400000 0.500000
vt 0.400000 0.760000
vt 0.400000 0.220000
vt 0.400000 0.480000
vt 0.400000 0.740000
vt 0.400000 0.200000
vt 0.400000 0.460000
vt 0.400000 0.720000
vt 0.400000 0.180000
vt 0.405000 1.000000
vt 0.400000 0.980000
vt 0.400000 0.440000
vt 0.400000 0.700000
vt 0.400000 0.160000
vt 0.400000 0.960000
vt 0.400000 0.420000
vt 0.400000 0.680000
vt 0.400000 0.140000
vt 0.400000 0.940000
vt 0.400000 0.400000
vt 0.400000 0.660000
vt 0.390000 0.800000
vt 0.390000 0.780000
vt 0.390000 0.260000
vt 0.390000 0.240000
vt 0.390000 0.520000
vt 0.390000 0.500000
vt 0.390000 0.760000
vt 0.390000 0.220000
vt 0.390000 0.480000
vt 0.390000 0.740000
vt 0.390000 0.200000
vt 0.390000 0.460000
vt 0.390000 0.720000
vt 0.390000 0.180000
vt 0.395000 1.000000
vt 0.390000 0.980000
vt 0.390000 0.440000
vt 0.390000 0.700000
vt 0.390000 0.160000
vt 0.390000 0.960000
vt 0.390000 0.420000
vt 0.390000 0.680000
vt 0.390000 0.140000
vt 0.390000 0.940000
vt 0.390000 0.400000
vt 0.390000 0.660000
vt 0.390000 0.120000
vt 0.390000 0.920000
vt 0.390000 0.380000
vt 0.390000 0.640000
vt 0.390000 0.100000
vt 0.390000 0.900000
vt 0.390000 0.360000
vt 0.390000 0.620000
vt 0.390000 0.080000
vt 0.390000 0.880000
vt 0.390000 0.340000
vt 0.390000 0.600000
vt 0.390000 0.060000
vt 0.390000 0.860000
vt 0.390000 0.320000
vt 0.390000 0.580000
vt 0.390000 0.040000
vt 0.390000 0.840000
vt 0.390000 0.300000
vt 0.390000 0.560000
vt 0.390000 0.020000
vt 0.390000 0.820000
vt 0.390000 0.280000
vt 0.390000 0.540000
vt 0.395000 0.000000
vt 0.380000 0.140000
vt 0.380000 0.120000
vt 0.380000 0.940000
vt 0.380000 0.920000
vt 0.380000 0.400000
vt 0.380000 0.380000
vt 0.380000 0.660000
vt 0.380000 0.640000
vt 0.380000 0.100000
vt 0.380000 0.900000
vt 0.380000 0.360000
vt 0.380000 0.620000
vt 0.380000 0.080000
vt 0.380000 0.880000
vt 0.380000 0.340000
vt 0.380000 0.600000
vt 0.380000 0.060000
vt 0.380000 0.860000
vt 0.380000 0.320000
vt 0.380000 0.580000
vt 0.380000 0.040000
vt 0.380000 0.840000
vt 0.380000 0.300000
vt 0.380000 0.560000
vt 0.380000 0.020000
vt 0.380000 0.820000
vt 0.380000 0.280000
vt 0.380000 0.540000
vt 0.385000 0.000000
vt 0.380000 0.800000
vt 0.380000 0.260000
vt 0.380000 0.520000
vt 0.380000 0.780000
vt 0.380000 0.240000
vt 0.380000 0.500000
vt 0.380000 0.760000
vt 0.380000 0.220000
vt 0.380000 0.480000
vt 0.380000 0.740000
vt 0.380000 0.200000
vt 0.380000 0.460000
vt 0.380000 0.720000
vt 0.380000 0.180000
vt 0.385000 1.000000
vt 0.380000 0.980000
vt 0.380000 0.440000
vt 0.380000 0.700000
vt 0.380000 0.160000
vt 0.380000 0.960000
vt 0.380000 0.420000
vt 0.380000 0.680000
vt 0.370000 0.820000
vt 0.370000 0.800000
vt 0.370000 0.280000
vt 0.370000 0.260000
vt 0.370000 0.540000
vt 0.370000 0.520000
vt 0.370000 0.780000
vt 0.370000 0.240000
vt 0.370000 0.500000
vt 0.370000 0.760000
vt 0.370000 0.220000
vt 0.370000 0.480000
vt 0.370000 0.740000
vt 0.370000 0.200000
vt 0.370000 0.460000
vt 0.370000 0.720000
vt 0.370000 0.180000
vt 0.375000 1.000000
vt 0.370000 0.980000
vt 0.370000 0.440000
vt 0.370000 0.700000
vt 0.370000 0.160000
vt 0.370000 0.960000
vt 0.370000 0.420000
vt 0.370000 0.680000
vt 0.370000 0.140000
vt 0.370000 0.940000
vt 0.370000 0.400000
vt 0.370000 0.660000
vt 0.370000 0.120000
vt 0.370000 0.920000
vt 0.370000 0.380000
vt 0.370000 0.640000
vt 0.370000 0.100000
vt 0.370000 0.900000
vt 0.370000 0.360000
vt 0.370000 0.620000
vt 0.370000 0.080000
vt 0.370000 0.880000
vt 0.370000 0.340000
vt 0.370000 0.600000
vt 0.370000 0.060000
vt 0.370000 0.860000
vt 0.370000 0.320000
vt 0.370000 0.580000
vt 0.370000 0.040000
vt 0.370000 0.840000
vt 0.370000 0.300000
vt 0.370000 0.560000
vt 0.370000 0.020000
vt 0.375000 0.000000
vt 0.360000 0.160000
vt 0.360000 0.140000
vt 0.360000 0.960000
vt 0.360000 0.940000
vt 0.360000 0.420000
vt 0.360000 0.400000
vt 0.360000 0.680000
vt 0.360000 0.660000
vt 0.360000 0.120000
vt 0.360000 0.920000
vt 0.360000 0.380000
vt 0.360000 0.640000
vt 0.360000 0.100000
vt 0.360000 0.900000
vt 0.360000 0.360000
vt 0.360000 0.620000
vt 0.360000 0.080000
vt 0.360000 0.880000
vt 0.360000 0.340000
vt 0.360000 0.600000
vt 0.360000 0.060000
vt 0.360000 0.860000
vt 0.360000 0.320000
vt 0.360000 0.580000
vt 0.360000 0.040000
vt 0.360000 0.840000
vt 0.360000 0.300000
vt 0.360000 0.560000
vt 0.360000 0.020000
vt 0.360000 0.820000
vt 0.360000 0.280000
vt 0.360000 0.540000
vt 0.365000 0.000000
vt 0.360000 0.800000
vt 0.360000 0.260000
vt 0.360000 0.520000
vt 0.360000 0.780000
vt 0.360000 0.240000
vt 0.360000 0.500000
vt 0.360000 0.760000
vt 0.360000 0.220000
vt 0.360000 0.480000
vt 0.360000 0.740000
vt 0.360000 0.200000
vt 0.360000 0.460000
vt 0.360000 0.720000
vt 0.360000 0.180000
vt 0.365000 1.000000
vt 0.360000 0.980000
vt 0.360000 0.440000
vt 0.360000 0.700000
vt 0.350000 0.840000
vt 0.350000 0.820000
vt 0.350000 0.300000
vt 0.350000 0.280000
vt 0.350000 0.560000
vt 0.350000 0.540000
vt 0.355000 0.000000
vt 0.350000 0.020000
vt 0.350000 0.800000
vt 0.350000 0.260000
vt 0.350000 0.520000
vt 0.350000 0.780000
vt 0.350000 0.240000
vt 0.350000 0.500000
vt 0.350000 0.760000
vt 0.350000 0.220000
vt 0.350000 0.480000
vt 0.350000 0.740000
vt 0.350000 0.200000
vt 0.350000 0.460000
vt 0.350000 0.720000
vt 0.350000 0.180000
vt 0.355000 1.000000
vt 0.350000 0.980000
vt 0.350000 0.440000
vt 0.350000 0.700000
vt 0.350000 0.160000
vt 0.350000 0.960000
vt 0.350000 0.420000
vt 0.350000 0.680000
vt 0.350000 0.140000
vt 0.350000 0.940000
vt 0.350000 0.400000
vt 0.350000 0.660000
vt 0.350000 0.120000
vt 0.350000 0.920000
vt 0.350000 0.380000
vt 0.350000 0.640000
vt 0.350000 0.100000
vt 0.350000 0.900000
vt 0.350000 0.360000
vt 0.350000 0.620000
vt 0.350000 0.080000
vt 0.350000 0.880000
vt 0.350000 0.340000
vt 0.350000 0.600000
vt 0.350000 0.060000
vt 0.350000 0.860000
vt 0.350000 0.320000
vt 0.350000 0.580000
vt 0.350000 0.040000
vt 0.340000 0.180000
vt 0.340000 0.160000
vt 0.340000 0.980000
vt 0.340000 0.960000
vt 0.340000 0.440000
vt 0.340000 0.420000
vt 0.340000 0.700000
vt 0.340000 0.680000
vt 0.340000 0.140000
vt 0.340000 0.940000
vt 0.340000 0.400000
vt 0.340000 0.660000
vt 0.340000 0.120000
vt 0.340000 0.920000
vt 0.340000 0.380000
vt 0.340000 0.640000
vt 0.340000 0.100000
vt 0.340000 0.900000
vt 0.340000 0.360000
vt 0.340000 0.620000
vt 0.340000 0.080000
vt 0.340000 0.880000
vt 0.340000 0.340000
vt 0.340000 0.600000
vt 0.340000 0.060000
vt 0.340000 0.860000
vt 0.340000 0.320000
vt 0.340000 0.580000
vt 0.340000 0.040000
vt 0.340000 0.840000
vt 0.340000 0.300000
vt 0.340000 0.560000
vt 0.340000 0.020000
vt 0.340000 0.820000
vt 0.340000 0.280000
vt 0.340000 0.540000
vt 0.345000 0.000000
vt 0.340000 0.800000
vt 0.340000 0.260000
vt 0.340000 0.520000
vt 0.340000 0.780000
vt 0.340000 0.240000
vt 0.340000 0.500000
vt 0.340000 0.760000
vt 0.340000 0.220000
vt 0.340000 0.480000
vt 0.340000 0.740000
vt 0.340000 0.200000
vt 0.340000 0.460000
vt 0.340000 0.720000
vt 0.345000 1.000000
vt 0.330000 0.860000
vt 0.330000 0.840000
vt 0.330000 0.320000
vt 0.330000 0.300000
vt 0.330000 0.580000
vt 0.330000 0.560000
vt 0.330000 0.040000
vt 0.330000 0.020000
vt 0.330000 0.820000
vt 0.330000 0.280000
vt 0.330000 0.540000
vt 0.335000 0.000000
vt 0.330000 0.800000
vt 0.330000 0.260000
vt 0.330000 0.520000
vt 0.330000 0.780000
vt 0.330000 0.240000
vt 0.330000 0.500000
vt 0.330000 0.760000
vt 0.330000 0.220000
vt 0.330000 0.480000
vt 0.330000 0.740000
vt 0.330000 0.200000
vt 0.330000 0.460000
vt 0.330000 0.720000
vt 0.330000 0.180000
vt 0.335000 1.000000
vt 0.330000 0.980000
vt 0.330000 0.440000
vt 0.330000 0.700000
vt 0.330000 0.160000
vt 0.330000 0.960000
vt 0.330000 0.420000
vt 0.330000 0.680000
vt 0.330000 0.140000
vt 0.330000 0.940000
vt 0.330000 0.400000
vt 0.330000 0.660000
vt 0.330000 0.120000
vt 0.330000 0.920000
vt 0.330000 0.380000
vt 0.330000 0.640000
vt 0.330000 0.100000
vt 0.330000 0.900000
vt 0.330000 0.360000
vt 0.330000 0.620000
vt 0.330000 0.080000
vt 0.330000 0.880000
vt 0.330000 0.340000
vt 0.330000 0.600000
vt 0.330000 0.060000
vt 0.320000 0.200000
vt 0.320000 0.180000
vt 0.325000 1.000000
vt 0.320000 0.980000
vt 0.320000 0.460000
vt 0.320000 0.440000
vt 0.320000 0.720000
vt 0.320000 0.700000
vt 0.320000 0.160000
vt 0.320000 0.960000
vt 0.320000 0.420000
vt 0.320000 0.680000
vt 0.320000 0.140000
vt 0.320000 0.940000
vt 0.320000 0.400000
vt 0.320000 0.660000
vt 0.320000 0.120000
vt 0.320000 0.920000
vt 0.320000 0.380000
vt 0.320000 0.640000
vt 0.320000 0.100000
vt 0.320000 0.900000
vt 0.320000 0.360000
vt 0.320000 0.620000
vt 0.320000 0.080000
vt 0.320000 0.880000
vt 0.320000 0.340000
vt 0.320000 0.600000
vt 0.320000 0.060000
vt 0.320000 0.860000
vt 0.320000 0.320000
vt 0.320000 0.580000
vt 0.320000 0.040000
vt 0.320000 0.840000
vt 0.320000 0.300000
vt 0.320000 0.560000
vt 0.320000 0.020000
vt 0.320000 0.820000
vt 0.320000 0.280000
vt 0.320000 0.540000
vt 0.325000 0.000000
vt 0.320000 0.800000
vt 0.320000 0.260000
vt 0.320000 0.520000
vt 0.320000 0.780000
vt 0.320000 0.240000
vt 0.320000 0.500000
vt 0.320000 0.760000
vt 0.320000 0.220000
vt 0.320000 0.480000
vt 0.320000 0.740000
vt 0.310000 0.880000
vt 0.310000 0.860000
vt 0.310000 0.340000
vt 0.310000 0.320000
vt 0.310000 0.600000
vt 0.310000 0.580000
vt 0.310000 0.060000
vt 0.310000 0.040000
vt 0.310000 0.840000
vt 0.310000 0.300000
vt 0.310000 0.560000
vt 0.310000 0.020000
vt 0.310000 0.820000
vt 0.310000 0.280000
vt 0.310000 0.540000
vt 0.315000 0.000000
vt 0.310000 0.800000
vt 0.310000 0.260000
vt 0.310000 0.520000
vt 0.310000 0.780000
vt 0.310000 0.240000
vt 0.310000 0.500000
vt 0.310000 0.760000
vt 0.310000 0.220000
vt 0.310000 0.480000
vt 0.310000 0.740000
vt 0.310000 0.200000
vt 0.310000 0.460000
vt 0.310000 0.720000
vt 0.310000 0.180000
vt 0.315000 1.000000
vt 0.310000 0.980000
vt 0.310000 0.440000
vt 0.310000 0.700000
vt 0.310000 0.160000
vt 0.310000 0.960000
vt 0.310000 0.420000
vt 0.310000 0.680000
vt 0.310000 0.140000
vt 0.310000 0.940000
vt 0.310000 0.400000
vt 0.310000 0.660000
vt 0.310000 0.120000
vt 0.310000 0.920000
vt 0.310000 0.380000
vt 0.310000 0.640000
vt 0.310000 0.100000
vt 0.310000 0.900000
vt 0.310000 0.360000
vt 0.310000 0.620000
vt 0.310000 0.080000
vt 0.300000 0.220000
vt 0.300000 0.200000
vt 0.300000 0.480000
vt 0.300000 0.460000
vt 0.300000 0.740000
vt 0.300000 0.720000
vt 0.300000 0.180000
vt 0.305000 1.000000
vt 0.300000 0.980000
vt 0.300000 0.440000
vt 0.300000 0.700000
vt 0.300000 0.160000
vt 0.300000 0.960000
vt 0.300000 0.420000
vt 0.300000 0.680000
vt 0.300000 0.140000
vt 0.300000 0.940000
vt 0.300000 0.400000
vt 0.300000 0.660000
vt 0.300000 0.120000
vt 0.300000 0.920000
vt 0.300000 0.380000
vt 0.300000 0.640000
vt 0.300000 0.100000
vt 0.300000 0.900000
vt 0.300000 0.360000
vt 0.300000 0.620000
vt 0.300000 0.080000
vt 0.300000 0.880000
vt 0.300000 0.340000
vt 0.300000 0.600000
vt 0.300000 0.060000
vt 0.300000 0.860000
vt 0.300000 0.320000
vt 0.300000 0.580000
vt 0.300000 0.040000
vt 0.300000 0.840000
vt 0.300000 0.300000
vt 0.300000 0.560000
vt 0.300000 0.020000
vt 0.300000 0.820000
vt 0.300000 0.280000
vt 0.300000 0.540000
vt 0.305000 0.000000
vt 0.300000 0.800000
vt 0.300000 0.260000
vt 0.300000 0.520000
vt 0.300000 0.780000
vt 0.300000 0.240000
vt 0.300000 0.500000
vt 0.300000 0.760000
vt 0.290000 0.900000
vt 0.290000 0.880000
vt 0.290000 0.360000
vt 0.290000 0.340000
vt 0.290000 0.620000
vt 0.290000 0.600000
vt 0.290000 0.080000
vt 0.290000 0.060000
vt 0.290000 0.860000
vt 0.290000 0.320000
vt 0.290000 0.580000
vt 0.290000 0.040000
vt 0.290000 0.840000
vt 0.290000 0.300000
vt 0.290000 0.560000
vt 0.290000 0.020000
vt 0.290000 0.820000
vt 0.290000 0.280000
vt 0.290000 0.540000
vt 0.295000 0.000000
vt 0.290000 0.800000
vt 0.290000 0.260000
vt 0.290000 0.520000
vt 0.290000 0.780000
vt 0.290000 0.240000
vt 0.290000 0.500000
vt 0.290000 0.760000
vt 0.290000 0.220000
vt 0.290000 0.480000
vt 0.290000 0.740000
vt 0.290000 0.200000
vt 0.290000 0.460000
vt 0.290000 0.720000
vt 0.290000 0.180000
vt 0.295000 1.000000
vt 0.290000 0.980000
vt 0.290000 0.440000
vt 0.290000 0.700000
vt 0.290000 0.160000
vt 0.290000 0.960000
vt 0.290000 0.420000
vt 0.290000 0.680000
vt 0.290000 0.140000
vt 0.290000 0.940000
vt 0.290000 0.400000
vt 0.290000 0.660000
vt 0.290000 0.120000
vt 0.290000 0.920000
vt 0.290000 0.380000
vt 0.290000 0.640000
vt 0.290000 0.100000
vt 0.280000 0.240000
vt 0.280000 0.220000
vt 0.280000 0.500000
vt 0.280000 0.480000
vt 0.280000 0.760000
vt 0.280000 0.740000
vt 0.280000 0.200000
vt 0.280000 0.460000
vt 0.280000 0.720000
vt 0.280000 0.180000
vt 0.285000 1.000000
vt 0.280000 0.980000
vt 0.280000 0.440000
vt 0.280000 0.700000
vt 0.280000 0.160000
vt 0.280000 0.960000
vt 0.280000 0.420000
vt 0.280000 0.680000
vt 0.280000 0.140000
vt 0.280000 0.940000
vt 0.280000 0.400000
vt 0.280000 0.660000
vt 0.280000 0.120000
vt 0.280000 0.920000
vt 0.280000 0.380000
vt 0.280000 0.640000
vt 0.280000 0.100000
vt 0.280000 0.900000
vt 0.280000 0.360000
vt 0.280000 0.620000
vt 0.280000 0.080000
vt 0.280000 0.880000
vt 0.280000 0.340000
vt 0.280000 0.600000
vt 0.280000 0.060000
vt 0.280000 0.860000
vt 0.280000 0.320000
vt 0.280000 0.580000
vt 0.280000 0.040000
vt 0.280000 0.840000
vt 0.280000 0.300000
vt 0.280000 0.560000
vt 0.280000 0.020000
vt 0.280000 0.820000
vt 0.280000 0.280000
vt 0.280000 0.540000
vt 0.285000 0.000000
vt 0.280000 0.800000
vt 0.280000 0.260000
vt 0.280000 0.520000
vt 0.280000 0.780000
vt 0.270000 0.920000
vt 0.270000 0.900000
vt 0.270000 0.380000
vt 0.270000 0.360000
vt 0.270000 0.640000
vt 0.270000 0.620000
vt 0.270000 0.100000
vt 0.270000 0.080000
vt 0.270000 0.880000
vt 0.270000 0.340000
vt 0.270000 0.600000
vt 0.270000 0.060000
vt 0.270000 0.860000
vt 0.270000 0.320000
vt 0.270000 0.580000
vt 0.270000 0.040000
vt 0.270000 0.840000
vt 0.270000 0.300000
vt 0.270000 0.560000
vt 0.270000 0.020000
vt 0.270000 0.820000
vt 0.270000 0.280000
vt 0.270000 0.540000
vt 0.275000 0.000000
vt 0.270000 0.800000
vt 0.270000 0.260000
vt 0.270000 0.520000
vt 0.270000 0.780000
vt 0.270000 0.240000
vt 0.270000 0.500000
vt 0.270000 0.760000
vt 0.270000 0.220000
vt 0.270000 0.480000
vt 0.270000 0.740000
vt 0.270000 0.200000
vt 0.270000 0.460000
vt 0.270000 0.720000
vt 0.270000 0.180000
vt 0.275000 1.000000
vt 0.270000 0.980000
vt 0.270000 0.440000
vt 0.270000 0.700000
vt 0.270000 0.160000
vt 0.270000 0.960000
vt 0.270000 0.420000
vt 0.270000 0.680000
vt 0.270000 0.140000
vt 0.270000 0.940000
vt 0.270000 0.400000
vt 0.270000 0.660000
vt 0.270000 0.120000
vt 0.260000 0.260000
vt 0.260000 0.240000
vt 0.260000 0.520000
vt 0.260000 0.500000
vt 0.260000 0.780000
vt 0.260000 0.760000
vt 0.260000 0.220000
vt 0.260000 0.480000
vt 0.260000 0.740000
vt 0.260000 0.200000
vt 0.260000 0.460000
vt 0.260000 0.720000
vt 0.260000 0.180000
vt 0.265000 1.000000
vt 0.260000 0.980000
vt 0.260000 0.440000
vt 0.260000 0.700000
vt 0.260000 0.160000
vt 0.260000 0.960000
vt 0.260000 0.420000
vt 0.260000 0.680000
vt 0.260000 0.140000
vt 0.260000 0.940000
vt 0.260000 0.400000
vt 0.260000 0.660000
vt 0.260000 0.120000
vt 0.260000 0.920000
vt 0.260000 0.380000
vt 0.260000 0.640000
vt 0.260000 0.100000
vt 0.260000 0.900000
vt 0.260000 0.360000
vt 0.260000 0.620000
vt 0.260000 0.080000
vt 0.260000 0.880000
vt 0.260000 0.340000
vt 0.260000 0.600000
vt 0.260000 0.060000
vt 0.260000 0.860000
vt 0.260000 0.320000
vt 0.260000 0.580000
vt 0.260000 0.040000
vt 0.260000 0.840000
vt 0.260000 0.300000
vt 0.260000 0.560000
vt 0.260000 0.020000
vt 0.260000 0.820000
vt 0.260000 0.280000
vt 0.260000 0.540000
vt 0.265000 0.000000
vt 0.260000 0.800000
vt 0.250000 0.940000
vt 0.250000 0.920000
vt 0.250000 0.540000
vt 0.250000 0.520000
vt 0.250000 0.260000
vt 0.250000 0.240000
vt 0.250000 0.900000
vt 0.250000 0.500000
vt 0.250000 0.220000
vt 0.250000 0.880000
vt 0.250000 0.480000
vt 0.250000 0.200000
vt 0.250000 0.860000
vt 0.250000 0.460000
vt 0.250000 0.180000
vt 0.250000 0.840000
vt 0.250000 0.440000
vt 0.250000 0.160000
vt 0.250000 0.820000
vt 0.250000 0.420000
vt 0.250000 0.140000
vt 0.250000 0.800000
vt 0.250000 0.400000
vt 0.250000 0.680000
vt 0.250000 0.660000
vt 0.250000 0.120000
vt 0.250000 0.780000
vt 0.250000 0.380000
vt 0.250000 0.640000
vt 0.250000 0.100000
vt 0.250000 0.760000
vt 0.250000 0.360000
vt 0.250000 0.620000
vt 0.250000 0.080000
vt 0.250000 0.740000
vt 0.250000 0.340000
vt 0.250000 0.600000
vt 0.250000 0.060000
vt 0.250000 0.720000
vt 0.250000 0.320000
vt 0.255000 1.000000
vt 0.250000 0.980000
vt 0.250000 0.580000
vt 0.250000 0.040000
vt 0.250000 0.700000
vt 0.250000 0.300000
vt 0.250000 0.960000
vt 0.250000 0.560000
vt 0.250000 0.020000
vt 0.250000 0.280000
vt 0.255000 0.000000
vt 0.240000 0.420000
vt 0.240000 0.400000
vt 0.240000 0.680000
vt 0.240000 0.660000
vt 0.240000 0.140000
vt 0.240000 0.120000
vt 0.240000 0.940000
vt 0.240000 0.920000
vt 0.240000 0.380000
vt 0.240000 0.640000
vt 0.240000 0.100000
vt 0.240000 0.900000
vt 0.240000 0.360000
vt 0.240000 0.620000
vt 0.240000 0.080000
vt 0.240000 0.880000
vt 0.240000 0.340000
vt 0.240000 0.600000
vt 0.240000 0.060000
vt 0.240000 0.860000
vt 0.240000 0.320000
vt 0.240000 0.580000
vt 0.240000 0.040000
vt 0.240000 0.840000
vt 0.240000 0.300000
vt 0.240000 0.560000
vt 0.240000 0.020000
vt 0.240000 0.820000
vt 0.240000 0.280000
vt 0.240000 0.540000
vt 0.245000 0.000000
vt 0.240000 0.800000
vt 0.240000 0.260000
vt 0.240000 0.520000
vt 0.240000 0.780000
vt 0.240000 0.240000
vt 0.240000 0.500000
vt 0.240000 0.760000
vt 0.240000 0.220000
vt 0.240000 0.480000
vt 0.240000 0.740000
vt 0.240000 0.200000
vt 0.240000 0.460000
vt 0.240000 0.720000
vt 0.240000 0.180000
vt 0.245000 1.000000
vt 0.240000 0.980000
vt 0.240000 0.440000
vt 0.240000 0.700000
vt 0.240000 0.160000
vt 0.240000 0.960000
vt 0.230000 0.560000
vt 0.230000 0.540000
vt 0.235000 0.000000
vt 0.230000 0.020000
vt 0.230000 0.820000
vt 0.230000 0.800000
vt 0.230000 0.280000
vt 0.230000 0.260000
vt 0.230000 0.520000
vt 0.230000 0.780000
vt 0.230000 0.240000
vt 0.230000 0.500000
vt 0.230000 0.760000
vt 0.230000 0.220000
vt 0.230000 0.480000
vt 0.230000 0.740000
vt 0.230000 0.200000
vt 0.230000 0.460000
vt 0.230000 0.720000
vt 0.230000 0.180000
vt 0.235000 1.000000
vt 0.230000 0.980000
vt 0.230000 0.440000
vt 0.230000 0.700000
vt 0.230000 0.160000
vt 0.230000 0.960000
vt 0.230000 0.420000
vt 0.230000 0.680000
vt 0.230000 0.140000
vt 0.230000 0.940000
vt 0.230000 0.400000
vt 0.230000 0.660000
vt 0.230000 0.120000
vt 0.230000 0.920000
vt 0.230000 0.380000
vt 0.230000 0.640000
vt 0.230000 0.100000
vt 0.230000 0.900000
vt 0.230000 0.360000
vt 0.230000 0.620000
vt 0.230000 0.080000
vt 0.230000 0.880000
vt 0.230000 0.340000
vt 0.230000 0.600000
vt 0.230000 0.060000
vt 0.230000 0.860000
vt 0.230000 0.320000
vt 0.230000 0.580000
vt 0.230000 0.040000
vt 0.230000 0.840000
vt 0.230000 0.300000
vt 0.220000 0.440000
vt 0.220000 0.420000
vt 0.220000 0.700000
vt 0.220000 0.680000
vt 0.220000 0.160000
vt 0.220000 0.140000
vt 0.220000 0.960000
vt 0.220000 0.940000
vt 0.220000 0.400000
vt 0.220000 0.660000
vt 0.220000 0.120000
vt 0.220000 0.920000
vt 0.220000 0.380000
vt 0.220000 0.640000
vt 0.220000 0.100000
vt 0.220000 0.900000
vt 0.220000 0.360000
vt 0.220000 0.620000
vt 0.220000 0.080000
vt 0.220000 0.880000
vt 0.220000 0.340000
vt 0.220000 0.600000
vt 0.220000 0.060000
vt 0.220000 0.860000
vt 0.220000 0.320000
vt 0.220000 0.580000
vt 0.220000 0.040000
vt 0.220000 0.840000
vt 0.220000 0.300000
vt 0.220000 0.560000
vt 0.220000 0.020000
vt 0.220000 0.820000
vt 0.220000 0.280000
vt 0.220000 0.540000
vt 0.225000 0.000000
vt 0.220000 0.800000
vt 0.220000 0.260000
vt 0.220000 0.520000
vt 0.220000 0.780000
vt 0.220000 0.240000
vt 0.220000 0.500000
vt 0.220000 0.760000
vt 0.220000 0.220000
vt 0.220000 0.480000
vt 0.220000 0.740000
vt 0.220000 0.200000
vt 0.220000 0.460000
vt 0.220000 0.720000
vt 0.220000 0.180000
vt 0.225000 1.000000
vt 0.220000 0.980000
vt 0.210000 0.580000
vt 0.210000 0.560000
vt 0.210000 0.040000
vt 0.210000 0.020000
vt 0.210000 0.840000
vt 0.210000 0.820000
vt 0.210000 0.300000
vt 0.210000 0.280000
vt 0.210000 0.540000
vt 0.215000 0.000000
vt 0.210000 0.800000
vt 0.210000 0.260000
vt 0.210000 0.520000
vt 0.210000 0.780000
vt 0.210000 0.240000
vt 0.210000 0.500000
vt 0.210000 0.760000
vt 0.210000 0.220000
vt 0.210000 0.480000
vt 0.210000 0.740000
vt 0.210000 0.200000
vt 0.210000 0.460000
vt 0.210000 0.720000
vt 0.210000 0.180000
vt 0.215000 1.000000
vt 0.210000 0.980000
vt 0.210000 0.440000
vt 0.210000 0.700000
vt 0.210000 0.160000
vt 0.210000 0.960000
vt 0.210000 0.420000
vt 0.210000 0.680000
vt 0.210000 0.140000
vt 0.210000 0.940000
vt 0.210000 0.400000
vt 0.210000 0.660000
vt 0.210000 0.120000
vt 0.210000 0.920000
vt 0.210000 0.380000
vt 0.210000 0.640000
vt 0.210000 0.100000
vt 0.210000 0.900000
vt 0.210000 0.360000
vt 0.210000 0.620000
vt 0.210000 0.080000
vt 0.210000 0.880000
vt 0.210000 0.340000
vt 0.210000 0.600000
vt 0.210000 0.060000
vt 0.210000 0.860000
vt 0.210000 0.320000
vt 0.200000 0.460000
vt 0.200000 0.440000
vt 0.200000 0.720000
vt 0.200000 0.700000
vt 0.200000 0.180000
vt 0.200000 0.160000
vt 0.200000 0.980000
vt 0.200000 0.960000
vt 0.200000 0.420000
vt 0.200000 0.680000
vt 0.200000 0.140000
vt 0.200000 0.940000
vt 0.200000 0.400000
vt 0.200000 0.660000
vt 0.200000 0.120000
vt 0.200000 0.920000
vt 0.200000 0.380000
vt 0.200000 0.640000
vt 0.200000 0.100000
vt 0.200000 0.900000
vt 0.200000 0.360000
vt 0.200000 0.620000
vt 0.200000 0.080000
vt 0.200000 0.880000
vt 0.200000 0.340000
vt 0.200000 0.600000
vt 0.200000 0.060000
vt 0.200000 0.860000
vt 0.200000 0.320000
vt 0.200000 0.580000
vt 0.200000 0.040000
vt 0.200000 0.840000
vt 0.200000 0.300000
vt 0.200000 0.560000
vt 0.200000 0.020000
vt 0.200000 0.820000
vt 0.200000 0.280000
vt 0.200000 0.540000
vt 0.205000 0.000000
vt 0.200000 0.800000
vt 0.200000 0.260000
vt 0.200000 0.520000
vt 0.200000 0.780000
vt 0.200000 0.240000
vt 0.200000 0.500000
vt 0.200000 0.760000
vt 0.200000 0.220000
vt 0.200000 0.480000
vt 0.200000 0.740000
vt 0.200000 0.200000
vt 0.205000 1.000000
vt 0.190000 0.600000
vt 0.190000 0.580000
vt 0.190000 0.060000
vt 0.190000 0.040000
vt 0.190000 0.860000
vt 0.190000 0.840000
vt 0.190000 0.320000
vt 0.190000 0.300000
vt 0.190000 0.560000
vt 0.190000 0.020000
vt 0.190000 0.820000
vt 0.190000 0.280000
vt 0.190000 0.540000
vt 0.195000 0.000000
vt 0.190000 0.800000
vt 0.190000 0.260000
vt 0.190000 0.520000
vt 0.190000 0.780000
vt 0.190000 0.240000
vt 0.190000 0.500000
vt 0.190000 0.760000
vt 0.190000 0.220000
vt 0.190000 0.480000
vt 0.190000 0.740000
vt 0.190000 0.200000
vt 0.190000 0.460000
vt 0.190000 0.720000
vt 0.190000 0.180000
vt 0.195000 1.000000
vt 0.190000 0.980000
vt 0.190000 0.440000
vt 0.190000 0.700000
vt 0.190000 0.160000
vt 0.190000 0.960000
vt 0.190000 0.420000
vt 0.190000 0.680000
vt 0.190000 0.140000
vt 0.190000 0.940000
vt 0.190000 0.400000
vt 0.190000 0.660000
vt 0.190000 0.120000
vt 0.190000 0.920000
vt 0.190000 0.380000
vt 0.190000 0.640000
vt 0.190000 0.100000
vt 0.190000 0.900000
vt 0.190000 0.360000
vt 0.190000 0.620000
vt 0.190000 0.080000
vt 0.190000 0.880000
vt 0.190000 0.340000
vt 0.180000 0.480000
vt 0.180000 0.460000
vt 0.180000 0.740000
vt 0.180000 0.720000
vt 0.180000 0.200000
vt 0.180000 0.180000
vt 0.185000 1.000000
vt 0.180000 0.980000
vt 0.180000 0.440000
vt 0.180000 0.700000
vt 0.180000 0.160000
vt 0.180000 0.960000
vt 0.180000 0.420000
vt 0.180000 0.680000
vt 0.180000 0.140000
vt 0.180000 0.940000
vt 0.180000 0.400000
vt 0.180000 0.660000
vt 0.180000 0.120000
vt 0.180000 0.920000
vt 0.180000 0.380000
vt 0.180000 0.640000
vt 0.180000 0.100000
vt 0.180000 0.900000
vt 0.180000 0.360000
vt 0.180000 0.620000
vt 0.180000 0.080000
vt 0.180000 0.880000
vt 0.180000 0.340000
vt 0.180000 0.600000
vt 0.180000 0.060000
vt 0.180000 0.860000
vt 0.180000 0.320000
vt 0.180000 0.580000
vt 0.180000 0.040000
vt 0.180000 0.840000
vt 0.180000 0.300000
vt 0.180000 0.560000
vt 0.180000 0.020000
vt 0.180000 0.820000
vt 0.180000 0.280000
vt 0.180000 0.540000
vt 0.185000 0.000000
vt 0.180000 0.800000
vt 0.180000 0.260000
vt 0.180000 0.520000
vt 0.180000 0.780000
vt 0.180000 0.240000
vt 0.180000 0.500000
vt 0.180000 0.760000
vt 0.180000 0.220000
vt 0.170000 0.620000
vt 0.170000 0.600000
vt 0.170000 0.080000
vt 0.170000 0.060000
vt 0.170000 0.880000
vt 0.170000 0.860000
vt 0.170000 0.340000
vt 0.170000 0.320000
vt 0.170000 0.580000
vt 0.170000 0.040000
vt 0.170000 0.840000
vt 0.170000 0.300000
vt 0.170000 0.560000
vt 0.170000 0.020000
vt 0.170000 0.820000
vt 0.170000 0.280000
vt 0.170000 0.540000
vt 0.175000 0.000000
vt 0.170000 0.800000
vt 0.170000 0.260000
vt 0.170000 0.520000
vt 0.170000 0.780000
vt 0.170000 0.240000
vt 0.170000 0.500000
vt 0.170000 0.760000
vt 0.170000 0.220000
vt 0.170000 0.480000
vt 0.170000 0.740000
vt 0.170000 0.200000
vt 0.170000 0.460000
vt 0.170000 0.720000
vt 0.170000 0.180000
vt 0.175000 1.000000
vt 0.170000 0.980000
vt 0.170000 0.440000
vt 0.170000 0.700000
vt 0.170000 0.160000
vt 0.170000 0.960000
vt 0.170000 0.420000
vt 0.170000 0.680000
vt 0.170000 0.140000
vt 0.170000 0.940000
vt 0.170000 0.400000
vt 0.170000 0.660000
vt 0.170000 0.120000
vt 0.170000 0.920000
vt 0.170000 0.380000
vt 0.170000 0.640000
vt 0.170000 0.100000
vt 0.170000 0.900000
vt 0.170000 0.360000
vt 0.160000 0.500000
vt 0.160000 0.480000
vt 0.160000 0.760000
vt 0.160000 0.740000
vt 0.160000 0.220000
vt 0.160000 0.200000
vt 0.160000 0.460000
vt 0.160000 0.720000
vt 0.160000 0.180000
vt 0.165000 1.000000
vt 0.160000 0.980000
vt 0.160000 0.440000
vt 0.160000 0.700000
vt 0.160000 0.160000
vt 0.160000 0.960000
vt 0.160000 0.420000
vt 0.160000 0.680000
vt 0.160000 0.140000
vt 0.160000 0.940000
vt 0.160000 0.400000
vt 0.160000 0.660000
vt 0.160000 0.120000
vt 0.160000 0.920000
vt 0.160000 0.380000
vt 0.160000 0.640000
vt 0.160000 0.100000
vt 0.160000 0.900000
vt 0.160000 0.360000
vt 0.160000 0.620000
vt 0.160000 0.080000
vt 0.160000 0.880000
vt 0.160000 0.340000
vt 0.160000 0.600000
vt 0.160000 0.060000
vt 0.160000 0.860000
vt 0.160000 0.320000
vt 0.160000 0.580000
vt 0.160000 0.040000
vt 0.160000 0.840000
vt 0.160000 0.300000
vt 0.160000 0.560000
vt 0.160000 0.020000
vt 0.160000 0.820000
vt 0.160000 0.280000
vt 0.160000 0.540000
vt 0.165000 0.000000
vt 0.160000 0.800000
vt 0.160000 0.260000
vt 0.160000 0.520000
vt 0.160000 0.780000
vt 0.160000 0.240000
vt 0.150000 0.640000
vt 0.150000 0.620000
vt 0.150000 0.100000
vt 0.150000 0.080000
vt 0.150000 0.900000
vt 0.150000 0.880000
vt 0.150000 0.360000
vt 0.150000 0.340000
vt 0.150000 0.600000
vt 0.150000 0.060000
vt 0.150000 0.860000
vt 0.150000 0.320000
vt 0.150000 0.580000
vt 0.150000 0.040000
vt 0.150000 0.840000
vt 0.150000 0.300000
vt 0.150000 0.560000
vt 0.150000 0.020000
vt 0.150000 0.820000
vt 0.150000 0.280000
vt 0.150000 0.540000
vt 0.155000 0.000000
vt 0.150000 0.800000
vt 0.150000 0.260000
vt 0.150000 0.520000
vt 0.150000 0.780000
vt 0.150000 0.240000
vt 0.150000 0.500000
vt 0.150000 0.760000
vt 0.150000 0.220000
vt 0.150000 0.480000
vt 0.150000 0.740000
vt 0.150000 0.200000
vt 0.150000 0.460000
vt 0.150000 0.720000
vt 0.150000 0.180000
vt 0.155000 1.000000
vt 0.150000 0.980000
vt 0.150000 0.440000
vt 0.150000 0.700000
vt 0.150000 0.160000
vt 0.150000 0.960000
vt 0.150000 0.420000
vt 0.150000 0.680000
vt 0.150000 0.140000
vt 0.150000 0.940000
vt 0.150000 0.400000
vt 0.150000 0.660000
vt 0.150000 0.120000
vt 0.150000 0.920000
vt 0.150000 0.380000
vt 0.140000 0.520000
vt 0.140000 0.500000
vt 0.140000 0.780000
vt 0.140000 0.760000
vt 0.140000 0.240000
vt 0.140000 0.220000
vt 0.140000 0.480000
vt 0.140000 0.740000
vt 0.140000 0.200000
vt 0.140000 0.460000
vt 0.140000 0.720000
vt 0.140000 0.180000
vt 0.145000 1.000000
vt 0.140000 0.980000
vt 0.140000 0.440000
vt 0.140000 0.700000
vt 0.140000 0.160000
vt 0.140000 0.960000
vt 0.140000 0.420000
vt 0.140000 0.680000
vt 0.140000 0.140000
vt 0.140000 0.940000
vt 0.140000 0.400000
vt 0.140000 0.660000
vt 0.140000 0.120000
vt 0.140000 0.920000
vt 0.140000 0.380000
vt 0.140000 0.640000
vt 0.140000 0.100000
vt 0.140000 0.900000
vt 0.140000 0.360000
vt 0.140000 0.620000
vt 0.140000 0.080000
vt 0.140000 0.880000
vt 0.140000 0.340000
vt 0.140000 0.600000
vt 0.140000 0.060000
vt 0.140000 0.860000
vt 0.140000 0.320000
vt 0.140000 0.580000
vt 0.140000 0.040000
vt 0.140000 0.840000
vt 0.140000 0.300000
vt 0.140000 0.560000
vt 0.140000 0.020000
vt 0.140000 0.820000
vt 0.140000 0.280000
vt 0.140000 0.540000
vt 0.145000 0.000000
vt 0.140000 0.800000
vt 0.140000 0.260000
vt 0.130000 0.660000
vt 0.130000 0.640000
vt 0.130000 0.120000
vt 0.130000 0.100000
vt 0.130000 0.920000
vt 0.130000 0.900000
vt 0.130000 0.380000
vt 0.130000 0.360000
vt 0.130000 0.620000
vt 0.130000 0.080000
vt 0.130000 0.880000
vt 0.130000 0.340000
vt 0.130000 0.600000
vt 0.130000 0.060000
vt 0.130000 0.860000
vt 0.130000 0.320000
vt 0.130000 0.580000
vt 0.130000 0.040000
vt 0.130000 0.840000
vt 0.130000 0.300000
vt 0.130000 0.560000
vt 0.130000 0.020000
vt 0.130000 0.820000
vt 0.130000 0.280000
vt 0.130000 0.540000
vt 0.135000 0.000000
vt 0.130000 0.800000
vt 0.130000 0.260000
vt 0.130000 0.520000
vt 0.130000 0.780000
vt 0.130000 0.240000
vt 0.130000 0.500000
vt 0.130000 0.760000
vt 0.130000 0.220000
vt 0.130000 0.480000
vt 0.130000 0.740000
vt 0.130000 0.200000
vt 0.130000 0.460000
vt 0.130000 0.720000
vt 0.130000 0.180000
vt 0.135000 1.000000
vt 0.130000 0.980000
vt 0.130000 0.440000
vt 0.130000 0.700000
vt 0.130000 0.160000
vt 0.130000 0.960000
vt 0.130000 0.420000
vt 0.130000 0.680000
vt 0.130000 0.140000
vt 0.130000 0.940000
vt 0.130000 0.400000
vt 0.120000 0.540000
vt 0.120000 0.520000
vt 0.120000 0.800000
vt 0.120000 0.780000
vt 0.120000 0.260000
vt 0.120000 0.240000
vt 0.120000 0.500000
vt 0.120000 0.760000
vt 0.120000 0.220000
vt 0.120000 0.480000
vt 0.120000 0.740000
vt 0.120000 0.200000
vt 0.120000 0.460000
vt 0.120000 0.720000
vt 0.120000 0.180000
vt 0.125000 1.000000
vt 0.120000 0.980000
vt 0.120000 0.440000
vt 0.120000 0.700000
vt 0.120000 0.160000
vt 0.120000 0.960000
vt 0.120000 0.420000
vt 0.120000 0.680000
vt 0.120000 0.140000
vt 0.120000 0.940000
vt 0.120000 0.400000
vt 0.120000 0.660000
vt 0.120000 0.120000
vt 0.120000 0.920000
vt 0.120000 0.380000
vt 0.120000 0.640000
vt 0.120000 0.100000
vt 0.120000 0.900000
vt 0.120000 0.360000
vt 0.120000 0.620000
vt 0.120000 0.080000
vt 0.120000 0.880000
vt 0.120000 0.340000
vt 0.120000 0.600000
vt 0.120000 0.060000
vt 0.120000 0.860000
vt 0.120000 0.320000
vt 0.120000 0.580000
vt 0.120000 0.040000
vt 0.120000 0.840000
vt 0.120000 0.300000
vt 0.120000 0.560000
vt 0.120000 0.020000
vt 0.120000 0.820000
vt 0.120000 0.280000
vt 0.125000 0.000000
vt 0.110000 0.680000
vt 0.110000 0.660000
vt 0.110000 0.140000
vt 0.110000 0.120000
vt 0.110000 0.940000
vt 0.110000 0.920000
vt 0.110000 0.400000
vt 0.110000 0.380000
vt 0.110000 0.640000
vt 0.110000 0.100000
vt 0.110000 0.900000
vt 0.110000 0.360000
vt 0.110000 0.620000
vt 0.110000 0.080000
vt 0.110000 0.880000
vt 0.110000 0.340000
vt 0.110000 0.600000
vt 0.110000 0.060000
vt 0.110000 0.860000
vt 0.110000 0.320000
vt 0.110000 0.580000
vt 0.110000 0.040000
vt 0.110000 0.840000
vt 0.110000 0.300000
vt 0.110000 0.560000
vt 0.110000 0.020000
vt 0.110000 0.820000
vt 0.110000 0.280000
vt 0.110000 0.540000
vt 0.115000 0.000000
vt 0.110000 0.800000
vt 0.110000 0.260000
vt 0.110000 0.520000
vt 0.110000 0.780000
vt 0.110000 0.240000
vt 0.110000 0.500000
vt 0.110000 0.760000
vt 0.110000 0.220000
vt 0.110000 0.480000
vt 0.110000 0.740000
vt 0.110000 0.200000
vt 0.110000 0.460000
vt 0.110000 0.720000
vt 0.110000 0.180000
vt 0.115000 1.000000
vt 0.110000 0.980000
vt 0.110000 0.440000
vt 0.110000 0.700000
vt 0.110000 0.160000
vt 0.110000 0.960000
vt 0.110000 0.420000
vt 0.100000 0.560000
vt 0.100000 0.540000
vt 0.105000 0.000000
vt 0.100000 0.020000
vt 0.100000 0.820000
vt 0.100000 0.800000
vt 0.100000 0.280000
vt 0.100000 0.260000
vt 0.100000 0.520000
vt 0.100000 0.780000
vt 0.100000 0.240000
vt 0.100000 0.500000
vt 0.100000 0.760000
vt 0.100000 0.220000
vt 0.100000 0.480000
vt 0.100000 0.740000
vt 0.100000 0.200000
vt 0.100000 0.460000
vt 0.100000 0.720000
vt 0.100000 0.180000
vt 0.105000 1.000000
vt 0.100000 0.980000
vt 0.100000 0.440000
vt 0.100000 0.700000
vt 0.100000 0.160000
vt 0.100000 0.960000
vt 0.100000 0.420000
vt 0.100000 0.680000
vt 0.100000 0.140000
vt 0.100000 0.940000
vt 0.100000 0.400000
vt 0.100000 0.660000
vt 0.100000 0.120000
vt 0.100000 0.920000
vt 0.100000 0.380000
vt 0.100000 0.640000
vt 0.100000 0.100000
vt 0.100000 0.900000
vt 0.100000 0.360000
vt 0.100000 0.620000
vt 0.100000 0.080000
vt 0.100000 0.880000
vt 0.100000 0.340000
vt 0.100000 0.600000
vt 0.100000 0.060000
vt 0.100000 0.860000
vt 0.100000 0.320000
vt 0.100000 0.580000
vt 0.100000 0.040000
vt 0.100000 0.840000
vt 0.100000 0.300000
vt 0.090000 0.700000
vt 0.090000 0.680000
vt 0.090000 0.040000
vt 0.090000 0.020000
vt 0.090000 0.960000
vt 0.090000 0.940000
vt 0.090000 0.420000
vt 0.090000 0.400000
vt 0.090000 0.660000
vt 0.095000 0.000000
vt 0.090000 0.920000
vt 0.090000 0.380000
vt 0.090000 0.640000
vt 0.090000 0.900000
vt 0.090000 0.360000
vt 0.090000 0.620000
vt 0.090000 0.880000
vt 0.090000 0.240000
vt 0.090000 0.220000
vt 0.090000 0.340000
vt 0.090000 0.600000
vt 0.090000 0.860000
vt 0.090000 0.200000
vt 0.090000 0.320000
vt 0.090000 0.580000
vt 0.090000 0.840000
vt 0.090000 0.180000
vt 0.090000 0.300000
vt 0.090000 0.560000
vt 0.090000 0.820000
vt 0.090000 0.160000
vt 0.090000 0.280000
vt 0.090000 0.540000
vt 0.090000 0.800000
vt 0.090000 0.140000
vt 0.090000 0.260000
vt 0.090000 0.520000
vt 0.090000 0.780000
vt 0.090000 0.120000
vt 0.090000 0.500000
vt 0.090000 0.760000
vt 0.090000 0.100000
vt 0.090000 0.480000
vt 0.090000 0.740000
vt 0.090000 0.080000
vt 0.090000 0.460000
vt 0.090000 0.720000
vt 0.090000 0.060000
vt 0.095000 1.000000
vt 0.090000 0.980000
vt 0.090000 0.440000
vt 0.080000 0.460000
vt 0.080000 0.440000
vt 0.080000 0.720000
vt 0.080000 0.700000
vt 0.080000 0.180000
vt 0.080000 0.160000
vt 0.080000 0.980000
vt 0.080000 0.960000
vt 0.080000 0.420000
vt 0.080000 0.680000
vt 0.080000 0.140000
vt 0.080000 0.940000
vt 0.080000 0.400000
vt 0.080000 0.660000
vt 0.080000 0.120000
vt 0.080000 0.920000
vt 0.080000 0.380000
vt 0.080000 0.640000
vt 0.080000 0.100000
vt 0.080000 0.900000
vt 0.080000 0.360000
vt 0.080000 0.620000
vt 0.080000 0.080000
vt 0.080000 0.880000
vt 0.080000 0.340000
vt 0.080000 0.600000
vt 0.080000 0.060000
vt 0.080000 0.860000
vt 0.080000 0.320000
vt 0.080000 0.580000
vt 0.080000 0.040000
vt 0.080000 0.840000
vt 0.080000 0.300000
vt 0.080000 0.560000
vt 0.080000 0.020000
vt 0.080000 0.820000
vt 0.080000 0.280000
vt 0.080000 0.540000
vt 0.085000 0.000000
vt 0.080000 0.800000
vt 0.080000 0.260000
vt 0.080000 0.520000
vt 0.080000 0.780000
vt 0.080000 0.240000
vt 0.080000 0.500000
vt 0.080000 0.760000
vt 0.080000 0.220000
vt 0.080000 0.480000
vt 0.080000 0.740000
vt 0.080000 0.200000
vt 0.085000 1.000000
vt 0.070000 0.600000
vt 0.070000 0.580000
vt 0.070000 0.060000
vt 0.070000 0.040000
vt 0.070000 0.860000
vt 0.070000 0.840000
vt 0.070000 0.320000
vt 0.070000 0.300000
vt 0.070000 0.560000
vt 0.070000 0.020000
vt 0.070000 0.820000
vt 0.070000 0.280000
vt 0.070000 0.540000
vt 0.075000 0.000000
vt 0.070000 0.800000
vt 0.070000 0.260000
vt 0.070000 0.520000
vt 0.070000 0.780000
vt 0.070000 0.240000
vt 0.070000 0.500000
vt 0.070000 0.760000
vt 0.070000 0.220000
vt 0.070000 0.480000
vt 0.070000 0.740000
vt 0.070000 0.200000
vt 0.070000 0.460000
vt 0.070000 0.720000
vt 0.070000 0.180000
vt 0.075000 1.000000
vt 0.070000 0.980000
vt 0.070000 0.440000
vt 0.070000 0.700000
vt 0.070000 0.160000
vt 0.070000 0.960000
vt 0.070000 0.420000
vt 0.070000 0.680000
vt 0.070000 0.140000
vt 0.070000 0.940000
vt 0.070000 0.400000
vt 0.070000 0.660000
vt 0.070000 0.120000
vt 0.070000 0.920000
vt 0.070000 0.380000
vt 0.070000 0.640000
vt 0.070000 0.100000
vt 0.070000 0.900000
vt 0.070000 0.360000
vt 0.070000 0.620000
vt 0.070000 0.080000
vt 0.070000 0.880000
vt 0.070000 0.340000
vt 0.060000 0.480000
vt 0.060000 0.460000
vt 0.060000 0.740000
vt 0.060000 0.720000
vt 0.060000 0.200000
vt 0.060000 0.180000
vt 0.065000 1.000000
vt 0.060000 0.980000
vt 0.060000 0.440000
vt 0.060000 0.700000
vt 0.060000 0.160000
vt 0.060000 0.960000
vt 0.060000 0.420000
vt 0.060000 0.680000
vt 0.060000 0.140000
vt 0.060000 0.940000
vt 0.060000 0.400000
vt 0.060000 0.660000
vt 0.060000 0.120000
vt 0.060000 0.920000
vt 0.060000 0.380000
vt 0.060000 0.640000
vt 0.060000 0.100000
vt 0.060000 0.900000
vt 0.060000 0.360000
vt 0.060000 0.620000
vt 0.060000 0.080000
vt 0.060000 0.880000
vt 0.060000 0.340000
vt 0.060000 0.600000
vt 0.060000 0.060000
vt 0.060000 0.860000
vt 0.060000 0.320000
vt 0.060000 0.580000
vt 0.060000 0.040000
vt 0.060000 0.840000
vt 0.060000 0.300000
vt 0.060000 0.560000
vt 0.060000 0.020000
vt 0.060000 0.820000
vt 0.060000 0.280000
vt 0.060000 0.540000
vt 0.065000 0.000000
vt 0.060000 0.800000
vt 0.060000 0.260000
vt 0.060000 0.520000
vt 0.060000 0.780000
vt 0.060000 0.240000
vt 0.060000 0.500000
vt 0.060000 0.760000
vt 0.060000 0.220000
vt 0.050000 0.620000
vt 0.050000 0.600000
vt 0.050000 0.080000
vt 0.050000 0.060000
vt 0.050000 0.880000
vt 0.050000 0.860000
vt 0.050000 0.340000
vt 0.050000 0.320000
vt 0.050000 0.580000
vt 0.050000 0.040000
vt 0.050000 0.840000
vt 0.050000 0.300000
vt 0.050000 0.560000
vt 0.050000 0.020000
vt 0.050000 0.820000
vt 0.050000 0.280000
vt 0.050000 0.540000
vt 0.055000 0.000000
vt 0.050000 0.800000
vt 0.050000 0.260000
vt 0.050000 0.520000
vt 0.050000 0.780000
vt 0.050000 0.240000
vt 0.050000 0.500000
vt 0.050000 0.760000
vt 0.050000 0.220000
vt 0.050000 0.480000
vt 0.050000 0.740000
vt 0.050000 0.200000
vt 0.050000 0.460000
vt 0.050000 0.720000
vt 0.050000 0.180000
vt 0.055000 1.000000
vt 0.050000 0.980000
vt 0.050000 0.440000
vt 0.050000 0.700000
vt 0.050000 0.160000
vt 0.050000 0.960000
vt 0.050000 0.420000
vt 0.050000 0.680000
vt 0.050000 0.140000
vt 0.050000 0.940000
vt 0.050000 0.400000
vt 0.050000 0.660000
vt 0.050000 0.120000
vt 0.050000 0.920000
vt 0.050000 0.380000
vt 0.050000 0.640000
vt 0.050000 0.100000
vt 0.050000 0.900000
vt 0.050000 0.360000
vt 0.040000 0.500000
vt 0.040000 0.480000
vt 0.040000 0.760000
vt 0.040000 0.740000
vt 0.040000 0.220000
vt 0.040000 0.200000
vt 0.040000 0.460000
vt 0.040000 0.720000
vt 0.040000 0.180000
vt 0.045000 1.000000
vt 0.040000 0.980000
vt 0.040000 0.440000
vt 0.040000 0.700000
vt 0.040000 0.160000
vt 0.040000 0.960000
vt 0.040000 0.420000
vt 0.040000 0.680000
vt 0.040000 0.140000
vt 0.040000 0.940000
vt 0.040000 0.400000
vt 0.040000 0.660000
vt 0.040000 0.120000
vt 0.040000 0.920000
vt 0.040000 0.380000
vt 0.040000 0.640000
vt 0.040000 0.100000
vt 0.040000 0.900000
vt 0.040000 0.360000
vt 0.040000 0.620000
vt 0.040000 0.080000
vt 0.040000 0.880000
vt 0.040000 0.340000
vt 0.040000 0.600000
vt 0.040000 0.060000
vt 0.040000 0.860000
vt 0.040000 0.320000
vt 0.040000 0.580000
vt 0.040000 0.040000
vt 0.040000 0.840000
vt 0.040000 0.300000
vt 0.040000 0.560000
vt 0.040000 0.020000
vt 0.040000 0.820000
vt 0.040000 0.280000
vt 0.040000 0.540000
vt 0.045000 0.000000
vt 0.040000 0.800000
vt 0.040000 0.260000
vt 0.040000 0.520000
vt 0.040000 0.780000
vt 0.040000 0.240000
vt 0.030000 0.640000
vt 0.030000 0.620000
vt 0.030000 0.100000
vt 0.030000 0.080000
vt 0.030000 0.900000
vt 0.030000 0.880000
vt 0.030000 0.360000
vt 0.030000 0.340000
vt 0.030000 0.600000
vt 0.030000 0.060000
vt 0.030000 0.860000
vt 0.030000 0.320000
vt 0.030000 0.580000
vt 0.030000 0.040000
vt 0.030000 0.840000
vt 0.030000 0.300000
vt 0.030000 0.560000
vt 0.030000 0.020000
vt 0.030000 0.820000
vt 0.030000 0.280000
vt 0.030000 0.540000
vt 0.035000 0.000000
vt 0.030000 0.800000
vt 0.030000 0.260000
vt 0.030000 0.520000
vt 0.030000 0.780000
vt 0.030000 0.240000
vt 0.030000 0.500000
vt 0.030000 0.760000
vt 0.030000 0.220000
vt 0.030000 0.480000
vt 0.030000 0.740000
vt 0.030000 0.200000
vt 0.030000 0.460000
vt 0.030000 0.720000
vt 0.030000 0.180000
vt 0.035000 1.000000
vt 0.030000 0.980000
vt 0.030000 0.440000
vt 0.030000 0.700000
vt 0.030000 0.160000
vt 0.030000 0.960000
vt 0.030000 0.420000
vt 0.030000 0.680000
vt 0.030000 0.140000
vt 0.030000 0.940000
vt 0.030000 0.400000
vt 0.030000 0.660000
vt 0.030000 0.120000
vt 0.030000 0.920000
vt 0.030000 0.380000
vt 0.020000 0.520000
vt 0.020000 0.500000
vt 0.020000 0.780000
vt 0.020000 0.760000
vt 0.020000 0.240000
vt 0.020000 0.220000
vt 0.020000 0.480000
vt 0.020000 0.740000
vt 0.020000 0.200000
vt 0.020000 0.460000
vt 0.020000 0.720000
vt 0.020000 0.180000
vt 0.025000 1.000000
vt 0.020000 0.980000
vt 0.020000 0.440000
vt 0.020000 0.700000
vt 0.020000 0.160000
vt 0.020000 0.960000
vt 0.020000 0.420000
vt 0.020000 0.680000
vt 0.020000 0.140000
vt 0.020000 0.940000
vt 0.020000 0.400000
vt 0.020000 0.660000
vt 0.020000 0.120000
vt 0.020000 0.920000
vt 0.020000 0.380000
vt 0.020000 0.640000
vt 0.020000 0.100000
vt 0.020000 0.900000
vt 0.020000 0.360000
vt 0.020000 0.620000
vt 0.020000 0.080000
vt 0.020000 0.880000
vt 0.020000 0.340000
vt 0.020000 0.600000
vt 0.020000 0.060000
vt 0.020000 0.860000
vt 0.020000 0.320000
vt 0.020000 0.580000
vt 0.020000 0.040000
vt 0.020000 0.840000
vt 0.020000 0.300000
vt 0.020000 0.560000
vt 0.020000 0.020000
vt 0.020000 0.820000
vt 0.020000 0.280000
vt 0.020000 0.540000
vt 0.025000 0.000000
vt 0.020000 0.800000
vt 0.020000 0.260000
vt 0.010000 0.660000
vt 0.010000 0.640000
vt 0.010000 0.120000
vt 0.010000 0.100000
vt 0.010000 0.920000
vt 0.010000 0.900000
vt 0.010000 0.380000
vt 0.010000 0.360000
vt 0.010000 0.620000
vt 0.010000 0.080000
vt 0.010000 0.880000
vt 0.010000 0.340000
vt 0.010000 0.600000
vt 0.010000 0.060000
vt 0.010000 0.860000
vt 0.010000 0.320000
vt 0.010000 0.580000
vt 0.010000 0.040000
vt 0.010000 0.840000
vt 0.010000 0.300000
vt 0.010000 0.560000
vt 0.010000 0.020000
vt 0.010000 0.820000
vt 0.010000 0.280000
vt 0.010000 0.540000
vt 0.015000 0.000000
vt 0.010000 0.800000
vt 0.010000 0.260000
vt 0.010000 0.520000
vt 0.010000 0.780000
vt 0.010000 0.240000
vt 0.010000 0.500000
vt 0.010000 0.760000
vt 0.010000 0.220000
vt 0.010000 0.480000
vt 0.010000 0.740000
vt 0.010000 0.200000
vt 0.010000 0.460000
vt 0.010000 0.720000
vt 0.010000 0.180000
vt 0.015000 1.000000
vt 0.010000 0.980000
vt 0.010000 0.440000
vt 0.010000 0.700000
vt 0.010000 0.160000
vt 0.010000 0.960000
vt 0.010000 0.420000
vt 0.010000 0.680000
vt 0.010000 0.140000
vt 0.010000 0.940000
vt 0.010000 0.400000
vt 0.000000 0.540000
vt 0.000000 0.520000
vt 0.000000 0.800000
vt 0.000000 0.780000
vt 0.000000 0.260000
vt 0.000000 0.240000
vt 0.000000 0.500000
vt 0.000000 0.760000
vt 0.000000 0.220000
vt 0.000000 0.480000
vt 0.000000 0.740000
vt 0.000000 0.200000
vt 0.000000 0.460000
vt 0.000000 0.720000
vt 0.000000 0.180000
vt 0.005000 1.000000
vt 0.000000 0.980000
vt 0.000000 0.440000
vt 0.000000 0.700000
vt 0.000000 0.160000
vt 0.000000 0.960000
vt 0.000000 0.420000
vt 0.000000 0.680000
vt 0.000000 0.140000
vt 0.000000 0.940000
vt 0.000000 0.400000
vt 0.000000 0.660000
vt 0.000000 0.120000
vt 0.000000 0.920000
vt 0.000000 0.380000
vt 0.000000 0.640000
vt 0.000000 0.100000
vt 0.000000 0.900000
vt 0.000000 0.360000
vt 0.000000 0.620000
vt 0.000000 0.080000
vt 0.000000 0.880000
vt 0.000000 0.340000
vt 0.000000 0.600000
vt 0.000000 0.060000
vt 0.000000 0.860000
vt 0.000000 0.320000
vt 0.000000 0.580000
vt 0.000000 0.040000
vt 0.000000 0.840000
vt 0.000000 0.300000
vt 0.000000 0.560000
vt 0.000000 0.020000
vt 0.000000 0.820000
vt 0.000000 0.280000
vt 0.005000 0.000000
vt 1.000000 0.660000
vt 1.000000 0.680000
vt 0.990000 0.680000
vt 0.990000 0.660000
vt 1.000000 0.120000
vt 1.000000 0.140000
vt 0.990000 0.140000
vt 0.990000 0.120000
vt 1.000000 0.920000
vt 1.000000 0.940000
vt 0.990000 0.940000
vt 0.990000 0.920000
vt 1.000000 0.380000
vt 1.000000 0.400000
vt 0.990000 0.400000
vt 0.990000 0.380000
vt 1.000000 0.640000
vt 0.990000 0.640000
vt 1.000000 0.100000
vt 0.990000 0.100000
vt 1.000000 0.900000
vt 0.990000 0.900000
vt 1.000000 0.360000
vt 0.990000 0.360000
vt 1.000000 0.620000
vt 0.990000 0.620000
vt 1.000000 0.080000
vt 0.990000 0.080000
vt 1.000000 0.880000
vt 0.990000 0.880000
vt 1.000000 0.340000
vt 0.990000 0.340000
vt 1.000000 0.600000
vt 0.990000 0.600000
vt 1.000000 0.060000
vt 0.990000 0.060000
vt 1.000000 0.860000
vt 0.990000 0.860000
vt 1.000000 0.320000
vt 0.990000 0.320000
vt 1.000000 0.580000
vt 0.990000 0.580000
vt 1.000000 0.040000
vt 0.990000 0.040000
vt 1.000000 0.840000
vt 0.990000 0.840000
vt 1.000000 0.300000
vt 0.990000 0.300000
vt 1.000000 0.560000
vt 0.990000 0.560000
vt 1.000000 0.020000
vt 0.990000 0.020000
vt 1.000000 0.820000
vt 0.990000 0.820000
vt 1.000000 0.280000
vt 0.990000 0.280000
vt 1.000000 0.540000
vt 0.990000 0.540000
vt 0.995000 0.000000
vt 1.000000 0.800000
vt 0.990000 0.800000
vt 1.000000 0.260000
vt 0.990000 0.260000
vt 1.000000 0.520000
vt 0.990000 0.520000
vt 1.000000 0.780000
vt 0.990000 0.780000
vt 1.000000 0.240000
vt 0.990000 0.240000
vt 1.000000 0.500000
vt 0.990000 0.500000
vt 1.000000 0.760000
vt 0.990000 0.760000
vt 1.000000 0.220000
vt 0.990000 0.220000
vt 1.000000 0.480000
vt 0.990000 0.480000
vt 1.000000 0.740000
vt 0.990000 0.740000
vt 1.000000 0.200000
vt 0.990000 0.200000
vt 1.000000 0.460000
vt 0.990000 0.460000
vt 1.000000 0.720000
vt 0.990000 0.720000
vt 1.000000 0.180000
vt 0.990000 0.180000
vt 1.000000 0.980000
vt 0.995000 1.000000
vt 0.990000 0.980000
vt 1.000000 0.440000
vt 0.990000 0.440000
vt 1.000000 0.700000
vt 0.990000 0.700000
vt 1.000000 0.160000
vt 0.990000 0.160000
vt 1.000000 0.960000
vt 0.990000 0.960000
vt 1.000000 0.420000
vt 0.990000 0.420000
vt 0.980000 0.560000
vt 0.980000 0.540000
vt 0.985000 0.000000
vt 0.980000 0.020000
vt 0.980000 0.820000
vt 0.980000 0.800000
vt 0.980000 0.280000
vt 0.980000 0.260000
vt 0.980000 0.520000
vt 0.980000 0.780000
vt 0.980000 0.240000
vt 0.980000 0.500000
vt 0.980000 0.760000
vt 0.980000 0.220000
vt 0.980000 0.480000
vt 0.980000 0.740000
vt 0.980000 0.200000
vt 0.980000 0.460000
vt 0.980000 0.720000
vt 0.980000 0.180000
vt 0.985000 1.000000
vt 0.980000 0.980000
vt 0.980000 0.440000
vt 0.980000 0.700000
vt 0.980000 0.160000
vt 0.980000 0.960000
vt 0.980000 0.420000
vt 0.980000 0.680000
vt 0.980000 0.140000
vt 0.980000 0.940000
vt 0.980000 0.400000
vt 0.980000 0.660000
vt 0.980000 0.120000
vt 0.980000 0.920000
vt 0.980000 0.380000
vt 0.980000 0.640000
vt 0.980000 0.100000
vt 0.980000 0.900000
vt 0.980000 0.360000
vt 0.980000 0.620000
vt 0.980000 0.080000
vt 0.980000 0.880000
vt 0.980000 0.340000
vt 0.980000 0.600000
vt 0.980000 0.060000
vt 0.980000 0.860000
vt 0.980000 0.320000
vt 0.980000 0.580000
vt 0.980000 0.040000
vt 0.980000 0.840000
vt 0.980000 0.300000
vt 0.970000 0.700000
vt 0.970000 0.680000
vt 0.970000 0.160000
vt 0.970000 0.140000
vt 0.970000 0.960000
vt 0.970000 0.940000
vt 0.970000 0.420000
vt 0.970000 0.400000
vt 0.970000 0.660000
vt 0.970000 0.120000
vt 0.970000 0.920000
vt 0.970000 0.380000
vt 0.970000 0.640000
vt 0.970000 0.100000
vt 0.970000 0.900000
vt 0.970000 0.360000
vt 0.970000 0.620000
vt 0.970000 0.080000
vt 0.970000 0.880000
vt 0.970000 0.340000
vt 0.970000 0.600000
vt 0.970000 0.060000
vt 0.970000 0.860000
vt 0.970000 0.320000
vt 0.970000 0.580000
vt 0.970000 0.040000
vt 0.970000 0.840000
vt 0.970000 0.300000
vt 0.970000 0.560000
vt 0.970000 0.020000
vt 0.970000 0.820000
vt 0.970000 0.280000
vt 0.970000 0.540000
vt 0.975000 0.000000
vt 0.970000 0.800000
vt 0.970000 0.260000
vt 0.970000 0.520000
vt 0.970000 0.780000
vt 0.970000 0.240000
vt 0.970000 0.500000
vt 0.970000 0.760000
vt 0.970000 0.220000
vt 0.970000 0.480000
vt 0.970000 0.740000
vt 0.970000 0.200000
vt 0.970000 0.460000
vt 0.970000 0.720000
vt 0.970000 0.180000
vt 0.975000 1.000000
vt 0.970000 0.980000
vt 0.970000 0.440000
vt 0.960000 0.580000
vt 0.960000 0.560000
vt 0.960000 0.040000
vt 0.960000 0.020000
vt 0.960000 0.840000
vt 0.960000 0.820000
vt 0.960000 0.300000
vt 0.960000 0.280000
vt 0.960000 0.540000
vt 0.965000 0.000000
vt 0.960000 0.800000
vt 0.960000 0.260000
vt 0.960000 0.520000
vt 0.960000 0.780000
vt 0.960000 0.240000
vt 0.960000 0.500000
vt 0.960000 0.760000
vt 0.960000 0.220000
vt 0.960000 0.480000
vt 0.960000 0.740000
vt 0.960000 0.200000
vt 0.960000 0.460000
vt 0.960000 0.720000
vt 0.960000 0.180000
vt 0.965000 1.000000
vt 0.960000 0.980000
vt 0.960000 0.440000
vt 0.960000 0.700000
vt 0.960000 0.160000
vt 0.960000 0.960000
vt 0.960000 0.420000
vt 0.960000 0.680000
vt 0.960000 0.140000
vt 0.960000 0.940000
vt 0.960000 0.400000
vt 0.960000 0.660000
vt 0.960000 0.120000
vt 0.960000 0.920000
vt 0.960000 0.380000
vt 0.960000 0.640000
vt 0.960000 0.100000
vt 0.960000 0.900000
vt 0.960000 0.360000
vt 0.960000 0.620000
vt 0.960000 0.080000
vt 0.960000 0.880000
vt 0.960000 0.340000
vt 0.960000 0.600000
vt 0.960000 0.060000
vt 0.960000 0.860000
vt 0.960000 0.320000
vt 0.950000 0.720000
vt 0.950000 0.700000
vt 0.950000 0.180000
vt 0.950000 0.160000
vt 0.950000 0.980000
vt 0.950000 0.960000
vt 0.950000 0.440000
vt 0.950000 0.420000
vt 0.950000 0.680000
vt 0.950000 0.140000
vt 0.950000 0.940000
vt 0.950000 0.400000
vt 0.950000 0.660000
vt 0.950000 0.120000
vt 0.950000 0.920000
vt 0.950000 0.380000
vt 0.950000 0.640000
vt 0.950000 0.100000
vt 0.950000 0.900000
vt 0.950000 0.360000
vt 0.950000 0.620000
vt 0.950000 0.080000
vt 0.950000 0.880000
vt 0.950000 0.340000
vt 0.950000 0.600000
vt 0.950000 0.060000
vt 0.950000 0.860000
vt 0.950000 0.320000
vt 0.950000 0.580000
vt 0.950000 0.040000
vt 0.950000 0.840000
vt 0.950000 0.300000
vt 0.950000 0.560000
vt 0.950000 0.020000
vt 0.950000 0.820000
vt 0.950000 0.280000
vt 0.950000 0.540000
vt 0.955000 0.000000
vt 0.950000 0.800000
vt 0.950000 0.260000
vt 0.950000 0.520000
vt 0.950000 0.780000
vt 0.950000 0.240000
vt 0.950000 0.500000
vt 0.950000 0.760000
vt 0.950000 0.220000
vt 0.950000 0.480000
vt 0.950000 0.740000
vt 0.950000 0.200000
vt 0.950000 0.460000
vt 0.955000 1.000000
vt 0.940000 0.600000
vt 0.940000 0.580000
vt 0.940000 0.060000
vt 0.940000 0.040000
vt 0.940000 0.860000
vt 0.940000 0.840000
vt 0.940000 0.320000
vt 0.940000 0.300000
vt 0.940000 0.560000
vt 0.940000 0.020000
vt 0.940000 0.820000
vt 0.940000 0.280000
vt 0.940000 0.540000
vt 0.945000 0.000000
vt 0.940000 0.800000
vt 0.940000 0.260000
vt 0.940000 0.520000
vt 0.940000 0.780000
vt 0.940000 0.240000
vt 0.940000 0.500000
vt 0.940000 0.760000
vt 0.940000 0.220000
vt 0.940000 0.480000
vt 0.940000 0.740000
vt 0.940000 0.200000
vt 0.940000 0.460000
vt 0.940000 0.720000
vt 0.940000 0.180000
vt 0.945000 1.000000
vt 0.940000 0.980000
vt 0.940000 0.440000
vt 0.940000 0.700000
vt 0.940000 0.160000
vt 0.940000 0.960000
vt 0.940000 0.420000
vt 0.940000 0.680000
vt 0.940000 0.140000
vt 0.940000 0.940000
vt 0.940000 0.400000
vt 0.940000 0.660000
vt 0.940000 0.120000
vt 0.940000 0.920000
vt 0.940000 0.380000
vt 0.940000 0.640000
vt 0.940000 0.100000
vt 0.940000 0.900000
vt 0.940000 0.360000
vt 0.940000 0.620000
vt 0.940000 0.080000
vt 0.940000 0.880000
vt 0.940000 0.340000
vt 0.930000 0.740000
vt 0.930000 0.720000
vt 0.930000 0.200000
vt 0.930000 0.180000
vt 0.935000 1.000000
vt 0.930000 0.980000
vt 0.930000 0.460000
vt 0.930000 0.440000
vt 0.930000 0.700000
vt 0.930000 0.160000
vt 0.930000 0.960000
vt 0.930000 0.420000
vt 0.930000 0.680000
vt 0.930000 0.140000
vt 0.930000 0.940000
vt 0.930000 0.400000
vt 0.930000 0.660000
vt 0.930000 0.120000
vt 0.930000 0.920000
vt 0.930000 0.380000
vt 0.930000 0.640000
vt 0.930000 0.100000
vt 0.930000 0.900000
vt 0.930000 0.360000
vt 0.930000 0.620000
vt 0.930000 0.080000
vt 0.930000 0.880000
vt 0.930000 0.340000
vt 0.930000 0.600000
vt 0.930000 0.060000
vt 0.930000 0.860000
vt 0.930000 0.320000
vt 0.930000 0.580000
vt 0.930000 0.040000
vt 0.930000 0.840000
vt 0.930000 0.300000
vt 0.930000 0.560000
vt 0.930000 0.020000
vt 0.930000 0.820000
vt 0.930000 0.280000
vt 0.930000 0.540000
vt 0.935000 0.000000
vt 0.930000 0.800000
vt 0.930000 0.260000
vt 0.930000 0.520000
vt 0.930000 0.780000
vt 0.930000 0.240000
vt 0.930000 0.500000
vt 0.930000 0.760000
vt 0.930000 0.220000
vt 0.930000 0.480000
vt 0.920000 0.760000
vt 0.920000 0.740000
vt 0.920000 0.220000
vt 0.920000 0.200000
vt 0.920000 0.480000
vt 0.920000 0.460000
vt 0.920000 0.720000
vt 0.920000 0.180000
vt 0.925000 1.000000
vt 0.920000 0.980000
vt 0.920000 0.440000
vt 0.920000 0.700000
vt 0.920000 0.160000
vt 0.920000 0.960000
vt 0.920000 0.420000
vt 0.920000 0.680000
vt 0.920000 0.140000
vt 0.920000 0.940000
vt 0.920000 0.400000
vt 0.920000 0.660000
vt 0.920000 0.120000
vt 0.920000 0.920000
vt 0.920000 0.380000
vt 0.920000 0.640000
vt 0.920000 0.100000
vt 0.920000 0.900000
vt 0.920000 0.360000
vt 0.920000 0.620000
vt 0.920000 0.080000
vt 0.920000 0.880000
vt 0.920000 0.340000
vt 0.920000 0.600000
vt 0.920000 0.060000
vt 0.920000 0.860000
vt 0.920000 0.320000
vt 0.920000 0.580000
vt 0.920000 0.040000
vt 0.920000 0.840000
vt 0.920000 0.300000
vt 0.920000 0.560000
vt 0.920000 0.020000
vt 0.920000 0.820000
vt 0.920000 0.280000
vt 0.920000 0.540000
vt 0.925000 0.000000
vt 0.920000 0.800000
vt 0.920000 0.260000
vt 0.920000 0.520000
vt 0.920000 0.780000
vt 0.920000 0.240000
vt 0.920000 0.500000
vt 0.910000 0.640000
vt 0.910000 0.620000
vt 0.910000 0.100000
vt 0.910000 0.080000
vt 0.910000 0.900000
vt 0.910000 0.880000
vt 0.910000 0.360000
vt 0.910000 0.340000
vt 0.910000 0.600000
vt 0.910000 0.060000
vt 0.910000 0.860000
vt 0.910000 0.320000
vt 0.910000 0.580000
vt 0.910000 0.040000
vt 0.910000 0.840000
vt 0.910000 0.300000
vt 0.910000 0.560000
vt 0.910000 0.020000
vt 0.910000 0.820000
vt 0.910000 0.280000
vt 0.910000 0.540000
vt 0.915000 0.000000
vt 0.910000 0.800000
vt 0.910000 0.260000
vt 0.910000 0.520000
vt 0.910000 0.780000
vt 0.910000 0.240000
vt 0.910000 0.500000
vt 0.910000 0.760000
vt 0.910000 0.220000
vt 0.910000 0.480000
vt 0.910000 0.740000
vt 0.910000 0.200000
vt 0.910000 0.460000
vt 0.910000 0.720000
vt 0.910000 0.180000
vt 0.915000 1.000000
vt 0.910000 0.980000
vt 0.910000 0.440000
vt 0.910000 0.700000
vt 0.910000 0.160000
vt 0.910000 0.960000
vt 0.910000 0.420000
vt 0.910000 0.680000
vt 0.910000 0.140000
vt 0.910000 0.940000
vt 0.910000 0.400000
vt 0.910000 0.660000
vt 0.910000 0.120000
vt 0.910000 0.920000
vt 0.910000 0.380000
vt 0.900000 0.780000
vt 0.900000 0.760000
vt 0.900000 0.240000
vt 0.900000 0.220000
vt 0.900000 0.500000
vt 0.900000 0.480000
vt 0.900000 0.740000
vt 0.900000 0.200000
vt 0.900000 0.460000
vt 0.900000 0.720000
vt 0.900000 0.180000
vt 0.905000 1.000000
vt 0.900000 0.980000
vt 0.900000 0.440000
vt 0.900000 0.700000
vt 0.900000 0.160000
vt 0.900000 0.960000
vt 0.900000 0.420000
vt 0.900000 0.680000
vt 0.900000 0.140000
vt 0.900000 0.940000
vt 0.900000 0.400000
vt 0.900000 0.660000
vt 0.900000 0.120000
vt 0.900000 0.920000
vt 0.900000 0.380000
vt 0.900000 0.640000
vt 0.900000 0.100000
vt 0.900000 0.900000
vt 0.900000 0.360000
vt 0.900000 0.620000
vt 0.900000 0.080000
vt 0.900000 0.880000
vt 0.900000 0.340000
vt 0.900000 0.600000
vt 0.900000 0.060000
vt 0.900000 0.860000
vt 0.900000 0.320000
vt 0.900000 0.580000
vt 0.900000 0.040000
vt 0.900000 0.840000
vt 0.900000 0.300000
vt 0.900000 0.560000
vt 0.900000 0.020000
vt 0.900000 0.820000
vt 0.900000 0.280000
vt 0.900000 0.540000
vt 0.905000 0.000000
vt 0.900000 0.800000
vt 0.900000 0.260000
vt 0.900000 0.520000
vt 0.890000 0.660000
vt 0.890000 0.640000
vt 0.890000 0.120000
vt 0.890000 0.100000
vt 0.890000 0.920000
vt 0.890000 0.900000
vt 0.890000 0.380000
vt 0.890000 0.360000
vt 0.890000 0.620000
vt 0.890000 0.080000
vt 0.890000 0.880000
vt 0.890000 0.340000
vt 0.890000 0.600000
vt 0.890000 0.060000
vt 0.890000 0.860000
vt 0.890000 0.320000
vt 0.890000 0.580000
vt 0.890000 0.040000
vt 0.890000 0.840000
vt 0.890000 0.300000
vt 0.890000 0.560000
vt 0.890000 0.020000
vt 0.890000 0.820000
vt 0.890000 0.280000
vt 0.890000 0.540000
vt 0.895000 0.000000
vt 0.890000 0.800000
vt 0.890000 0.260000
vt 0.890000 0.520000
vt 0.890000 0.780000
vt 0.890000 0.240000
vt 0.890000 0.500000
vt 0.890000 0.760000
vt 0.890000 0.220000
vt 0.890000 0.480000
vt 0.890000 0.740000
vt 0.890000 0.200000
vt 0.890000 0.460000
vt 0.890000 0.720000
vt 0.890000 0.180000
vt 0.895000 1.000000
vt 0.890000 0.980000
vt 0.890000 0.440000
vt 0.890000 0.700000
vt 0.890000 0.160000
vt 0.890000 0.960000
vt 0.890000 0.420000
vt 0.890000 0.680000
vt 0.890000 0.140000
vt 0.890000 0.940000
vt 0.890000 0.400000
vt 0.880000 0.800000
vt 0.880000 0.780000
vt 0.880000 0.260000
vt 0.880000 0.240000
vt 0.880000 0.520000
vt 0.880000 0.500000
vt 0.880000 0.760000
vt 0.880000 0.220000
vt 0.880000 0.480000
vt 0.880000 0.740000
vt 0.880000 0.200000
vt 0.880000 0.460000
vt 0.880000 0.720000
vt 0.880000 0.180000
vt 0.885000 1.000000
vt 0.880000 0.980000
vt 0.880000 0.440000
vt 0.880000 0.700000
vt 0.880000 0.160000
vt 0.880000 0.960000
vt 0.880000 0.420000
vt 0.880000 0.680000
vt 0.880000 0.140000
vt 0.880000 0.940000
vt 0.880000 0.400000
vt 0.880000 0.660000
vt 0.880000 0.120000
vt 0.880000 0.920000
vt 0.880000 0.380000
vt 0.880000 0.640000
vt 0.880000 0.100000
vt 0.880000 0.900000
vt 0.880000 0.360000
vt 0.880000 0.620000
vt 0.880000 0.080000
vt 0.880000 0.880000
vt 0.880000 0.340000
vt 0.880000 0.600000
vt 0.880000 0.060000
vt 0.880000 0.860000
vt 0.880000 0.320000
vt 0.880000 0.580000
vt 0.880000 0.040000
vt 0.880000 0.840000
vt 0.880000 0.300000
vt 0.880000 0.560000
vt 0.880000 0.020000
vt 0.880000 0.820000
vt 0.880000 0.280000
vt 0.880000 0.540000
vt 0.885000 0.000000
vt 0.870000 0.680000
vt 0.870000 0.660000
vt 0.870000 0.140000
vt 0.870000 0.120000
vt 0.870000 0.940000
vt 0.870000 0.920000
vt 0.870000 0.400000
vt 0.870000 0.380000
vt 0.870000 0.640000
vt 0.870000 0.100000
vt 0.870000 0.900000
vt 0.870000 0.360000
vt 0.870000 0.620000
vt 0.870000 0.080000
vt 0.870000 0.880000
vt 0.870000 0.340000
vt 0.870000 0.600000
vt 0.870000 0.060000
vt 0.870000 0.860000
vt 0.870000 0.320000
vt 0.870000 0.580000
vt 0.870000 0.040000
vt 0.870000 0.840000
vt 0.870000 0.300000
vt 0.870000 0.560000
vt 0.870000 0.020000
vt 0.870000 0.820000
vt 0.870000 0.280000
vt 0.870000 0.540000
vt 0.875000 0.000000
vt 0.870000 0.800000
vt 0.870000 0.260000
vt 0.870000 0.520000
vt 0.870000 0.780000
vt 0.870000 0.240000
vt 0.870000 0.500000
vt 0.870000 0.760000
vt 0.870000 0.220000
vt 0.870000 0.480000
vt 0.870000 0.740000
vt 0.870000 0.200000
vt 0.870000 0.460000
vt 0.870000 0.720000
vt 0.870000 0.180000
vt 0.875000 1.000000
vt 0.870000 0.980000
vt 0.870000 0.440000
vt 0.870000 0.700000
vt 0.870000 0.160000
vt 0.870000 0.960000
vt 0.870000 0.420000
vt 0.865000 0.000000
vt 0.860000 0.020000
vt 0.860000 0.820000
vt 0.860000 0.800000
vt 0.860000 0.280000
vt 0.860000 0.260000
vt 0.860000 0.540000
vt 0.860000 0.520000
vt 0.860000 0.780000
vt 0.860000 0.240000
vt 0.860000 0.500000
vt 0.860000 0.760000
vt 0.860000 0.220000
vt 0.860000 0.480000
vt 0.860000 0.740000
vt 0.860000 0.200000
vt 0.860000 0.460000
vt 0.860000 0.720000
vt 0.860000 0.180000
vt 0.865000 1.000000
vt 0.860000 0.980000
vt 0.860000 0.440000
vt 0.860000 0.700000
vt 0.860000 0.160000
vt 0.860000 0.960000
vt 0.860000 0.420000
vt 0.860000 0.680000
vt 0.860000 0.140000
vt 0.860000 0.940000
vt 0.860000 0.400000
vt 0.860000 0.660000
vt 0.860000 0.120000
vt 0.860000 0.920000
vt 0.860000 0.380000
vt 0.860000 0.640000
vt 0.860000 0.100000
vt 0.860000 0.900000
vt 0.860000 0.360000
vt 0.860000 0.620000
vt 0.860000 0.080000
vt 0.860000 0.880000
vt 0.860000 0.340000
vt 0.860000 0.600000
vt 0.860000 0.060000
vt 0.860000 0.860000
vt 0.860000 0.320000
vt 0.860000 0.580000
vt 0.860000 0.040000
vt 0.860000 0.840000
vt 0.860000 0.300000
vt 0.860000 0.560000
vt 0.850000 0.700000
vt 0.850000 0.680000
vt 0.850000 0.160000
vt 0.850000 0.140000
vt 0.850000 0.960000
vt 0.850000 0.940000
vt 0.850000 0.420000
vt 0.850000 0.400000
vt 0.850000 0.660000
vt 0.850000 0.120000
vt 0.850000 0.920000
vt 0.850000 0.380000
vt 0.850000 0.640000
vt 0.850000 0.100000
vt 0.850000 0.900000
vt 0.850000 0.360000
vt 0.850000 0.620000
vt 0.850000 0.080000
vt 0.850000 0.880000
vt 0.850000 0.340000
vt 0.850000 0.600000
vt 0.850000 0.060000
vt 0.850000 0.860000
vt 0.850000 0.320000
vt 0.850000 0.580000
vt 0.850000 0.040000
vt 0.850000 0.840000
vt 0.850000 0.300000
vt 0.850000 0.560000
vt 0.850000 0.020000
vt 0.850000 0.820000
vt 0.850000 0.280000
vt 0.850000 0.540000
vt 0.855000 0.000000
vt 0.850000 0.800000
vt 0.850000 0.260000
vt 0.850000 0.520000
vt 0.850000 0.780000
vt 0.850000 0.240000
vt 0.850000 0.500000
vt 0.850000 0.760000
vt 0.850000 0.220000
vt 0.850000 0.480000
vt 0.850000 0.740000
vt 0.850000 0.200000
vt 0.850000 0.460000
vt 0.850000 0.720000
vt 0.850000 0.180000
vt 0.855000 1.000000
vt 0.850000 0.980000
vt 0.850000 0.440000
vt 0.840000 0.040000
vt 0.840000 0.020000
vt 0.840000 0.840000
vt 0.840000 0.820000
vt 0.840000 0.300000
vt 0.840000 0.280000
vt 0.840000 0.560000
vt 0.840000 0.540000
vt 0.845000 0.000000
vt 0.840000 0.800000
vt 0.840000 0.260000
vt 0.840000 0.520000
vt 0.840000 0.780000
vt 0.840000 0.240000
vt 0.840000 0.500000
vt 0.840000 0.760000
vt 0.840000 0.220000
vt 0.840000 0.480000
vt 0.840000 0.740000
vt 0.840000 0.200000
vt 0.840000 0.460000
vt 0.840000 0.720000
vt 0.840000 0.180000
vt 0.845000 1.000000
vt 0.840000 0.980000
vt 0.840000 0.440000
vt 0.840000 0.700000
vt 0.840000 0.160000
vt 0.840000 0.960000
vt 0.840000 0.420000
vt 0.840000 0.680000
vt 0.840000 0.140000
vt 0.840000 0.940000
vt 0.840000 0.400000
vt 0.840000 0.660000
vt 0.840000 0.120000
vt 0.840000 0.920000
vt 0.840000 0.380000
vt 0.840000 0.640000
vt 0.840000 0.100000
vt 0.840000 0.900000
vt 0.840000 0.360000
vt 0.840000 0.620000
vt 0.840000 0.080000
vt 0.840000 0.880000
vt 0.840000 0.340000
vt 0.840000 0.600000
vt 0.840000 0.060000
vt 0.840000 0.860000
vt 0.840000 0.320000
vt 0.840000 0.580000
vt 0.830000 0.720000
vt 0.830000 0.700000
vt 0.830000 0.180000
vt 0.830000 0.160000
vt 0.830000 0.980000
vt 0.830000 0.960000
vt 0.830000 0.440000
vt 0.830000 0.420000
vt 0.830000 0.680000
vt 0.830000 0.140000
vt 0.830000 0.940000
vt 0.830000 0.400000
vt 0.830000 0.660000
vt 0.830000 0.120000
vt 0.830000 0.920000
vt 0.830000 0.380000
vt 0.830000 0.640000
vt 0.830000 0.100000
vt 0.830000 0.900000
vt 0.830000 0.360000
vt 0.830000 0.620000
vt 0.830000 0.080000
vt 0.830000 0.880000
vt 0.830000 0.340000
vt 0.830000 0.600000
vt 0.830000 0.060000
vt 0.830000 0.860000
vt 0.830000 0.320000
vt 0.830000 0.580000
vt 0.830000 0.040000
vt 0.830000 0.840000
vt 0.830000 0.300000
vt 0.830000 0.560000
vt 0.830000 0.020000
vt 0.830000 0.820000
vt 0.830000 0.280000
vt 0.830000 0.540000
vt 0.835000 0.000000
vt 0.830000 0.800000
vt 0.830000 0.260000
vt 0.830000 0.520000
vt 0.830000 0.780000
vt 0.830000 0.240000
vt 0.830000 0.500000
vt 0.830000 0.760000
vt 0.830000 0.220000
vt 0.830000 0.480000
vt 0.830000 0.740000
vt 0.830000 0.200000
vt 0.830000 0.460000
vt 0.835000 1.000000
vt 0.820000 0.060000
vt 0.820000 0.040000
vt 0.820000 0.860000
vt 0.820000 0.840000
vt 0.820000 0.320000
vt 0.820000 0.300000
vt 0.820000 0.580000
vt 0.820000 0.560000
vt 0.820000 0.020000
vt 0.820000 0.820000
vt 0.820000 0.280000
vt 0.820000 0.540000
vt 0.825000 0.000000
vt 0.820000 0.800000
vt 0.820000 0.260000
vt 0.820000 0.520000
vt 0.820000 0.780000
vt 0.820000 0.240000
vt 0.820000 0.500000
vt 0.820000 0.760000
vt 0.820000 0.220000
vt 0.820000 0.480000
vt 0.820000 0.740000
vt 0.820000 0.200000
vt 0.820000 0.460000
vt 0.820000 0.720000
vt 0.820000 0.180000
vt 0.825000 1.000000
vt 0.820000 0.980000
vt 0.820000 0.440000
vt 0.820000 0.700000
vt 0.820000 0.160000
vt 0.820000 0.960000
vt 0.820000 0.420000
vt 0.820000 0.680000
vt 0.820000 0.140000
vt 0.820000 0.940000
vt 0.820000 0.400000
vt 0.820000 0.660000
vt 0.820000 0.120000
vt 0.820000 0.920000
vt 0.820000 0.380000
vt 0.820000 0.640000
vt 0.820000 0.100000
vt 0.820000 0.900000
vt 0.820000 0.360000
vt 0.820000 0.620000
vt 0.820000 0.080000
vt 0.820000 0.880000
vt 0.820000 0.340000
vt 0.820000 0.600000
vt 0.810000 0.740000
vt 0.810000 0.720000
vt 0.810000 0.200000
vt 0.810000 0.180000
vt 0.815000 1.000000
vt 0.810000 0.980000
vt 0.810000 0.460000
vt 0.810000 0.440000
vt 0.810000 0.700000
vt 0.810000 0.160000
vt 0.810000 0.960000
vt 0.810000 0.420000
vt 0.810000 0.680000
vt 0.810000 0.140000
vt 0.810000 0.940000
vt 0.810000 0.400000
vt 0.810000 0.660000
vt 0.810000 0.120000
vt 0.810000 0.920000
vt 0.810000 0.380000
vt 0.810000 0.640000
vt 0.810000 0.100000
vt 0.810000 0.900000
vt 0.810000 0.360000
vt 0.810000 0.620000
vt 0.810000 0.080000
vt 0.810000 0.880000
vt 0.810000 0.340000
vt 0.810000 0.600000
vt 0.810000 0.060000
vt 0.810000 0.860000
vt 0.810000 0.320000
vt 0.810000 0.580000
vt 0.810000 0.040000
vt 0.810000 0.840000
vt 0.810000 0.300000
vt 0.810000 0.560000
vt 0.810000 0.020000
vt 0.810000 0.820000
vt 0.810000 0.280000
vt 0.810000 0.540000
vt 0.815000 0.000000
vt 0.810000 0.800000
vt 0.810000 0.260000
vt 0.810000 0.520000
vt 0.810000 0.780000
vt 0.810000 0.240000
vt 0.810000 0.500000
vt 0.810000 0.760000
vt 0.810000 0.220000
vt 0.810000 0.480000
vt 0.800000 0.080000
vt 0.800000 0.060000
vt 0.800000 0.880000
vt 0.800000 0.860000
vt 0.800000 0.340000
vt 0.800000 0.320000
vt 0.800000 0.600000
vt 0.800000 0.580000
vt 0.800000 0.040000
vt 0.800000 0.840000
vt 0.800000 0.300000
vt 0.800000 0.560000
vt 0.800000 0.020000
vt 0.800000 0.820000
vt 0.800000 0.280000
vt 0.800000 0.540000
vt 0.805000 0.000000
vt 0.800000 0.800000
vt 0.800000 0.260000
vt 0.800000 0.520000
vt 0.800000 0.780000
vt 0.800000 0.240000
vt 0.800000 0.500000
vt 0.800000 0.760000
vt 0.800000 0.220000
vt 0.800000 0.480000
vt 0.800000 0.740000
vt 0.800000 0.200000
vt 0.800000 0.460000
vt 0.800000 0.720000
vt 0.800000 0.180000
vt 0.805000 1.000000
vt 0.800000 0.980000
vt 0.800000 0.440000
vt 0.800000 0.700000
vt 0.800000 0.160000
vt 0.800000 0.960000
vt 0.800000 0.420000
vt 0.800000 0.680000
vt 0.800000 0.140000
vt 0.800000 0.940000
vt 0.800000 0.400000
vt 0.800000 0.660000
vt 0.800000 0.120000
vt 0.800000 0.920000
vt 0.800000 0.380000
vt 0.800000 0.640000
vt 0.800000 0.100000
vt 0.800000 0.900000
vt 0.800000 0.360000
vt 0.800000 0.620000
vt 0.790000 0.760000
vt 0.790000 0.740000
vt 0.790000 0.220000
vt 0.790000 0.200000
vt 0.790000 0.480000
vt 0.790000 0.460000
vt 0.790000 0.720000
vt 0.790000 0.180000
vt 0.795000 1.000000
vt 0.790000 0.980000
vt 0.790000 0.440000
vt 0.790000 0.700000
vt 0.790000 0.160000
vt 0.790000 0.960000
vt 0.790000 0.420000
vt 0.790000 0.680000
vt 0.790000 0.140000
vt 0.790000 0.940000
vt 0.790000 0.400000
vt 0.790000 0.660000
vt 0.790000 0.120000
vt 0.790000 0.920000
vt 0.790000 0.380000
vt 0.790000 0.640000
vt 0.790000 0.100000
vt 0.790000 0.900000
vt 0.790000 0.360000
vt 0.790000 0.620000
vt 0.790000 0.080000
vt 0.790000 0.880000
vt 0.790000 0.340000
vt 0.790000 0.600000
vt 0.790000 0.060000
vt 0.790000 0.860000
vt 0.790000 0.320000
vt 0.790000 0.580000
vt 0.790000 0.040000
vt 0.790000 0.840000
vt 0.790000 0.300000
vt 0.790000 0.560000
vt 0.790000 0.020000
vt 0.790000 0.820000
vt 0.790000 0.280000
vt 0.790000 0.540000
vt 0.795000 0.000000
vt 0.790000 0.800000
vt 0.790000 0.260000
vt 0.790000 0.520000
vt 0.790000 0.780000
vt 0.790000 0.240000
vt 0.790000 0.500000
vt 0.780000 0.100000
vt 0.780000 0.080000
vt 0.780000 0.900000
vt 0.780000 0.880000
vt 0.780000 0.360000
vt 0.780000 0.340000
vt 0.780000 0.620000
vt 0.780000 0.600000
vt 0.780000 0.060000
vt 0.780000 0.860000
vt 0.780000 0.320000
vt 0.780000 0.580000
vt 0.780000 0.040000
vt 0.780000 0.840000
vt 0.780000 0.300000
vt 0.780000 0.560000
vt 0.780000 0.020000
vt 0.780000 0.820000
vt 0.780000 0.280000
vt 0.780000 0.540000
vt 0.785000 0.000000
vt 0.780000 0.800000
vt 0.780000 0.260000
vt 0.780000 0.520000
vt 0.780000 0.780000
vt 0.780000 0.240000
vt 0.780000 0.500000
vt 0.780000 0.760000
vt 0.780000 0.220000
vt 0.780000 0.480000
vt 0.780000 0.740000
vt 0.780000 0.200000
vt 0.780000 0.460000
vt 0.780000 0.720000
vt 0.780000 0.180000
vt 0.785000 1.000000
vt 0.780000 0.980000
vt 0.780000 0.440000
vt 0.780000 0.700000
vt 0.780000 0.160000
vt 0.780000 0.960000
vt 0.780000 0.420000
vt 0.780000 0.680000
vt 0.780000 0.140000
vt 0.780000 0.940000
vt 0.780000 0.400000
vt 0.780000 0.660000
vt 0.780000 0.120000
vt 0.780000 0.920000
vt 0.780000 0.380000
vt 0.780000 0.640000
vt 0.770000 0.780000
vt 0.770000 0.760000
vt 0.770000 0.240000
vt 0.770000 0.220000
vt 0.770000 0.500000
vt 0.770000 0.480000
vt 0.770000 0.740000
vt 0.770000 0.200000
vt 0.770000 0.460000
vt 0.770000 0.720000
vt 0.770000 0.180000
vt 0.775000 1.000000
vt 0.770000 0.980000
vt 0.770000 0.440000
vt 0.770000 0.700000
vt 0.770000 0.160000
vt 0.770000 0.960000
vt 0.770000 0.420000
vt 0.770000 0.680000
vt 0.770000 0.140000
vt 0.770000 0.940000
vt 0.770000 0.400000
vt 0.770000 0.660000
vt 0.770000 0.120000
vt 0.770000 0.920000
vt 0.770000 0.380000
vt 0.770000 0.640000
vt 0.770000 0.100000
vt 0.770000 0.900000
vt 0.770000 0.360000
vt 0.770000 0.620000
vt 0.770000 0.080000
vt 0.770000 0.880000
vt 0.770000 0.340000
vt 0.770000 0.600000
vt 0.770000 0.060000
vt 0.770000 0.860000
vt 0.770000 0.320000
vt 0.770000 0.580000
vt 0.770000 0.040000
vt 0.770000 0.840000
vt 0.770000 0.300000
vt 0.770000 0.560000
vt 0.770000 0.020000
vt 0.770000 0.820000
vt 0.770000 0.280000
vt 0.770000 0.540000
vt 0.775000 0.000000
vt 0.770000 0.800000
vt 0.770000 0.260000
vt 0.770000 0.520000
vt 0.760000 0.300000
vt 0.760000 0.280000
vt 0.760000 0.560000
vt 0.760000 0.540000
vt 0.765000 0.000000
vt 0.760000 0.020000
vt 0.760000 0.820000
vt 0.760000 0.800000
vt 0.760000 0.260000
vt 0.760000 0.520000
vt 0.760000 0.780000
vt 0.760000 0.240000
vt 0.760000 0.500000
vt 0.760000 0.760000
vt 0.760000 0.220000
vt 0.760000 0.480000
vt 0.760000 0.740000
vt 0.760000 0.200000
vt 0.760000 0.460000
vt 0.760000 0.720000
vt 0.760000 0.180000
vt 0.765000 1.000000
vt 0.760000 0.980000
vt 0.760000 0.440000
vt 0.760000 0.700000
vt 0.760000 0.160000
vt 0.760000 0.960000
vt 0.760000 0.420000
vt 0.760000 0.680000
vt 0.760000 0.140000
vt 0.760000 0.940000
vt 0.760000 0.400000
vt 0.760000 0.660000
vt 0.760000 0.120000
vt 0.760000 0.920000
vt 0.760000 0.380000
vt 0.760000 0.640000
vt 0.760000 0.100000
vt 0.760000 0.900000
vt 0.760000 0.360000
vt 0.760000 0.620000
vt 0.760000 0.080000
vt 0.760000 0.880000
vt 0.760000 0.340000
vt 0.760000 0.600000
vt 0.760000 0.060000
vt 0.760000 0.860000
vt 0.760000 0.320000
vt 0.760000 0.580000
vt 0.760000 0.040000
vt 0.760000 0.840000
vt 0.755000 0.000000
vt 0.755000 1.000000
s 1
usemtl P_Colors
f 4889/1/1 4888/2/1 50/3/1 51/4/1
f 4882/5/2 8/6/2 37/7/2 38/8/2
f 4898/9/3 4897/10/3 64/11/3 65/12/3
f 4/13/4 3/14/4 24/15/5 25/16/5
f 15/17/6 4889/1/6 51/4/6 52/18/6
f 9/19/7 4882/5/7 38/8/7 39/20/7
f 4899/21/8 4898/9/8 65/12/8 66/22/8
f 4874/23/9 4/13/9 25/16/9 26/24/9
f 16/25/10 15/17/10 52/18/10 53/26/10
f 10/27/11 9/19/11 39/20/11 40/28/11
f 4900/29/12 4899/21/12 66/22/12 67/30/12
f 4875/31/13 4874/23/13 26/24/13 27/32/13
f 4890/33/14 16/25/14 53/26/14 54/34/14
f 4883/35/15 10/27/15 40/28/15 41/36/15
f 20/37/16 4900/29/16 67/30/17 68/38/17
f 5/39/18 4875/31/18 27/32/18 28/40/18
f 17/41/19 4890/33/19 54/34/19 55/42/19
f 4884/43/20 4883/35/20 41/36/20 42/44/20
f 4901/45/21 20/37/21 68/38/22 69/46/22
f 4876/47/23 5/39/23 28/40/23 29/48/23
f 18/49/24 17/41/24 55/42/24 56/50/24
f 11/51/25 4884/43/25 42/44/25 43/52/25
f 4902/53/26 4901/45/26 69/46/27 70/54/27
f 4877/55/28 4876/47/28 29/48/28 30/56/28
f 4891/57/29 18/49/29 56/50/29 57/58/29
f 4885/59/30 11/51/30 43/52/30 44/60/30
f 21/61/31 4902/53/32 70/54/33
f 4878/62/34 4877/55/34 30/56/34 31/63/34
f 4892/64/35 4891/57/35 57/58/35 58/65/35
f 12/66/36 4885/59/36 44/60/36 45/67/36
f 6/68/37 4878/62/37 31/63/37 32/69/37
f 4893/70/38 4892/64/38 58/65/38 59/71/38
f 13/72/39 12/66/39 45/67/39 46/73/39
f 4879/74/40 6/68/40 32/69/40 33/75/40
f 4894/76/41 4893/70/41 59/71/41 60/77/41
f 14/78/42 13/72/42 46/73/42 47/79/42
f 4880/80/43 4879/74/43 33/75/43 34/81/43
f 19/82/44 4894/76/44 60/77/44 61/83/44
f 4886/84/45 14/78/45 47/79/45 48/85/45
f 4881/86/46 4880/80/46 34/81/46 35/87/46
f 4895/88/47 19/82/47 61/83/47 62/89/47
f 4873/90/48 1/91/49 22/92/50
f 4887/93/51 4886/84/51 48/85/51 49/94/51
f 7/95/52 4881/86/52 35/87/52 36/96/52
f 4896/97/53 4895/88/53 62/89/53 63/98/53
f 2/99/54 4873/90/54 22/92/55 23/100/55
f 4888/2/56 4887/93/56 49/94/56 50/3/56
f 8/6/57 7/95/57 36/96/57 37/7/57
f 4897/10/58 4896/97/58 63/98/58 64/11/58
f 3/14/59 2/99/59 23/100/60 24/15/60
f 68/38/17 67/30/17 116/101/61 117/102/61
f 28/40/62 27/32/62 76/103/62 77/104/62
f 55/42/63 54/34/63 103/105/63 104/106/63
f 42/44/64 41/36/64 90/107/64 91/108/64
f 69/46/22 68/38/22 117/102/65 118/109/65
f 29/48/66 28/40/66 77/104/66 78/110/66
f 56/50/67 55/42/67 104/106/67 105/111/67
f 43/52/68 42/44/68 91/108/68 92/112/68
f 70/54/27 69/46/27 118/109/69 119/113/69
f 30/56/70 29/48/70 78/110/70 79/114/70
f 57/58/71 56/50/71 105/111/71 106/115/71
f 44/60/72 43/52/72 92/112/72 93/116/72
f 21/117/31 70/54/33 119/113/73
f 31/63/74 30/56/74 79/114/74 80/118/74
f 58/65/75 57/58/75 106/115/75 107/119/75
f 45/67/76 44/60/76 93/116/76 94/120/76
f 32/69/77 31/63/77 80/118/77 81/121/77
f 59/71/78 58/65/78 107/119/78 108/122/78
f 46/73/79 45/67/79 94/120/79 95/123/79
f 33/75/80 32/69/80 81/121/80 82/124/80
f 60/77/81 59/71/81 108/122/81 109/125/81
f 47/79/82 46/73/82 95/123/82 96/126/82
f 34/81/83 33/75/83 82/124/83 83/127/83
f 61/83/84 60/77/84 109/125/84 110/128/84
f 48/85/85 47/79/85 96/126/85 97/129/85
f 35/87/86 34/81/86 83/127/86 84/130/86
f 62/89/87 61/83/87 110/128/87 111/131/87
f 22/92/50 1/132/49 71/133/88
f 49/94/89 48/85/89 97/129/89 98/134/89
f 36/96/90 35/87/90 84/130/90 85/135/90
f 63/98/91 62/89/91 111/131/91 112/136/91
f 23/100/55 22/92/55 71/133/92 72/137/92
f 50/3/93 49/94/93 98/134/93 99/138/93
f 37/7/94 36/96/94 85/135/94 86/139/94
f 64/11/95 63/98/95 112/136/95 113/140/95
f 24/15/60 23/100/60 72/137/96 73/141/96
f 51/4/97 50/3/97 99/138/97 100/142/97
f 38/8/98 37/7/98 86/139/98 87/143/98
f 65/12/99 64/11/99 113/140/99 114/144/99
f 25/16/5 24/15/5 73/141/100 74/145/100
f 52/18/101 51/4/101 100/142/101 101/146/101
f 39/20/102 38/8/102 87/143/102 88/147/102
f 66/22/103 65/12/103 114/144/103 115/148/103
f 26/24/104 25/16/104 74/145/104 75/149/104
f 53/26/105 52/18/105 101/146/105 102/150/105
f 40/28/106 39/20/106 88/147/106 89/151/106
f 67/30/107 66/22/107 115/148/107 116/101/107
f 27/32/108 26/24/108 75/149/108 76/103/108
f 54/34/109 53/26/109 102/150/109 103/105/109
f 41/36/110 40/28/110 89/151/110 90/107/110
f 83/127/111 82/124/111 131/152/111 132/153/111
f 110/128/112 109/125/112 158/154/112 159/155/112
f 97/129/113 96/126/113 145/156/113 146/157/113
f 84/130/114 83/127/114 132/153/114 133/158/114
f 111/131/115 110/128/115 159/155/115 160/159/115
f 71/133/88 1/160/49 120/161/116
f 98/134/117 97/129/117 146/157/117 147/162/117
f 85/135/118 84/130/118 133/158/118 134/163/118
f 112/136/119 111/131/119 160/159/119 161/164/119
f 72/137/92 71/133/92 120/161/120 121/165/120
f 99/138/121 98/134/121 147/162/121 148/166/121
f 86/139/122 85/135/122 134/163/122 135/167/122
f 113/140/123 112/136/123 161/164/123 162/168/123
f 73/141/96 72/137/96 121/165/124 122/169/124
f 100/142/125 99/138/125 148/166/125 149/170/125
f 87/143/126 86/139/126 135/167/126 136/171/126
f 114/144/127 113/140/127 162/168/127 163/172/127
f 74/145/100 73/141/100 122/169/128 123/173/128
f 101/146/129 100/142/129 149/170/129 150/174/129
f 88/147/130 87/143/130 136/171/130 137/175/130
f 115/148/131 114/144/131 163/172/131 164/176/131
f 75/149/132 74/145/132 123/173/132 124/177/132
f 102/150/133 101/146/133 150/174/133 151/178/133
f 89/151/134 88/147/134 137/175/134 138/179/134
f 116/101/135 115/148/135 164/176/135 165/180/135
f 76/103/136 75/149/136 124/177/136 125/181/136
f 103/105/137 102/150/137 151/178/137 152/182/137
f 90/107/138 89/151/138 138/179/138 139/183/138
f 117/102/61 116/101/61 165/180/139 166/184/139
f 77/104/140 76/103/140 125/181/140 126/185/140
f 104/106/141 103/105/141 152/182/141 153/186/141
f 91/108/142 90/107/142 139/183/142 140/187/142
f 118/109/65 117/102/65 166/184/143 167/188/143
f 78/110/144 77/104/144 126/185/144 127/189/144
f 105/111/145 104/106/145 153/186/145 154/190/145
f 92/112/146 91/108/146 140/187/146 141/191/146
f 119/113/69 118/109/69 167/188/147 168/192/147
f 79/114/148 78/110/148 127/189/148 128/193/148
f 106/115/149 105/111/149 154/190/149 155/194/149
f 93/116/150 92/112/150 141/191/150 142/195/150
f 21/196/31 119/113/73 168/192/151
f 80/118/152 79/114/152 128/193/152 129/197/152
f 107/119/153 106/115/153 155/194/153 156/198/153
f 94/120/154 93/116/154 142/195/154 143/199/154
f 81/121/155 80/118/155 129/197/155 130/200/155
f 108/122/156 107/119/156 156/198/156 157/201/156
f 95/123/157 94/120/157 143/199/157 144/202/157
f 82/124/158 81/121/158 130/200/158 131/152/158
f 109/125/159 108/122/159 157/201/159 158/154/159
f 96/126/160 95/123/160 144/202/160 145/156/160
f 165/180/161 164/176/161 213/203/161 214/204/161
f 125/181/162 124/177/162 173/205/162 174/206/162
f 152/182/163 151/178/163 200/207/163 201/208/163
f 139/183/164 138/179/164 187/209/164 188/210/164
f 166/184/139 165/180/139 214/204/165 215/211/165
f 126/185/166 125/181/166 174/206/166 175/212/166
f 153/186/167 152/182/167 201/208/167 202/213/167
f 140/187/168 139/183/168 188/210/168 189/214/168
f 167/188/143 166/184/143 215/211/169 216/215/169
f 127/189/170 126/185/170 175/212/170 176/216/170
f 154/190/171 153/186/171 202/213/171 203/217/171
f 141/191/172 140/187/172 189/214/172 190/218/172
f 168/192/147 167/188/147 216/215/173 217/219/173
f 128/193/174 127/189/174 176/216/174 177/220/174
f 155/194/175 154/190/175 203/217/175 204/221/175
f 142/195/176 141/191/176 190/218/176 191/222/176
f 21/223/31 168/192/151 217/219/177
f 129/197/178 128/193/178 177/220/178 178/224/178
f 156/198/179 155/194/179 204/221/179 205/225/179
f 143/199/180 142/195/180 191/222/180 192/226/180
f 130/200/181 129/197/181 178/224/181 179/227/181
f 157/201/182 156/198/182 205/225/182 206/228/182
f 144/202/183 143/199/183 192/226/183 193/229/183
f 131/152/184 130/200/184 179/227/184 180/230/184
f 158/154/185 157/201/185 206/228/185 207/231/185
f 145/156/186 144/202/186 193/229/186 194/232/186
f 132/153/187 131/152/187 180/230/187 181/233/187
f 159/155/188 158/154/188 207/231/188 208/234/188
f 146/157/189 145/156/189 194/232/189 195/235/189
f 133/158/190 132/153/190 181/233/190 182/236/190
f 160/159/191 159/155/191 208/234/191 209/237/191
f 120/161/116 1/238/49 169/239/192
f 147/162/193 146/157/193 195/235/193 196/240/193
f 134/163/194 133/158/194 182/236/194 183/241/194
f 161/164/195 160/159/195 209/237/195 210/242/195
f 121/165/120 120/161/120 169/239/196 170/243/196
f 148/166/197 147/162/197 196/240/197 197/244/197
f 135/167/198 134/163/198 183/241/198 184/245/198
f 162/168/199 161/164/199 210/242/199 211/246/199
f 122/169/124 121/165/124 170/243/200 171/247/200
f 149/170/201 148/166/201 197/244/201 198/248/201
f 136/171/202 135/167/202 184/245/202 185/249/202
f 163/172/203 162/168/203 211/246/203 212/250/203
f 123/173/128 122/169/128 171/247/204 172/251/204
f 150/174/205 149/170/205 198/248/205 199/252/205
f 137/175/206 136/171/206 185/249/206 186/253/206
f 164/176/207 163/172/207 212/250/207 213/203/207
f 124/177/208 123/173/208 172/251/208 173/205/208
f 151/178/209 150/174/209 199/252/209 200/207/209
f 138/179/210 137/175/210 186/253/210 187/209/210
f 180/230/211 179/227/211 228/254/211 229/255/211
f 207/231/212 206/228/212 255/256/212 256/257/212
f 194/232/213 193/229/213 242/258/213 243/259/213
f 181/233/214 180/230/214 229/255/214 230/260/214
f 208/234/215 207/231/215 256/257/215 257/261/215
f 195/235/216 194/232/216 243/259/216 244/262/216
f 182/236/217 181/233/217 230/260/217 231/263/217
f 209/237/218 208/234/218 257/261/218 258/264/218
f 169/239/192 1/265/49 218/266/219
f 196/240/220 195/235/220 244/262/220 245/267/220
f 183/241/221 182/236/221 231/263/221 232/268/221
f 210/242/222 209/237/222 258/264/222 259/269/222
f 170/243/196 169/239/196 218/266/223 219/270/223
f 197/244/224 196/240/224 245/267/224 246/271/224
f 184/245/225 183/241/225 232/268/225 233/272/225
f 211/246/226 210/242/226 259/269/226 260/273/226
f 171/247/200 170/243/200 219/270/227 220/274/227
f 198/248/228 197/244/228 246/271/228 247/275/228
f 185/249/229 184/245/229 233/272/229 234/276/229
f 212/250/230 211/246/230 260/273/230 261/277/230
f 172/251/204 171/247/204 220/274/231 221/278/231
f 199/252/232 198/248/232 247/275/232 248/279/232
f 186/253/233 185/249/233 234/276/233 235/280/233
f 213/203/234 212/250/234 261/277/234 262/281/234
f 173/205/235 172/251/235 221/278/235 222/282/235
f 200/207/236 199/252/236 248/279/236 249/283/236
f 187/209/237 186/253/237 235/280/237 236/284/237
f 214/204/238 213/203/238 262/281/238 263/285/238
f 174/206/239 173/205/239 222/282/239 223/286/239
f 201/208/240 200/207/240 249/283/240 250/287/240
f 188/210/241 187/209/241 236/284/241 237/288/241
f 215/211/165 214/204/165 263/285/242 264/289/242
f 175/212/243 174/206/243 223/286/243 224/290/243
f 202/213/244 201/208/244 250/287/244 251/291/244
f 189/214/245 188/210/245 237/288/245 238/292/245
f 216/215/169 215/211/169 264/289/246 265/293/246
f 176/216/247 175/212/247 224/290/247 225/294/247
f 203/217/248 202/213/248 251/291/248 252/295/248
f 190/218/249 189/214/249 238/292/249 239/296/249
f 217/219/173 216/215/173 265/293/250 266/297/250
f 177/220/251 176/216/251 225/294/251 226/298/251
f 204/221/252 203/217/252 252/295/252 253/299/252
f 191/222/253 190/218/253 239/296/253 240/300/253
f 21/301/254 217/219/255 266/297/256
f 178/224/257 177/220/257 226/298/257 227/302/257
f 205/225/258 204/221/258 253/299/258 254/303/258
f 192/226/259 191/222/259 240/300/259 241/304/259
f 179/227/260 178/224/260 227/302/260 228/254/260
f 206/228/261 205/225/261 254/303/261 255/256/261
f 193/229/262 192/226/262 241/304/262 242/258/262
f 262/281/263 261/277/263 310/305/263 311/306/263
f 222/282/264 221/278/264 270/307/264 271/308/264
f 249/283/265 248/279/265 297/309/265 298/310/265
f 236/284/266 235/280/266 284/311/266 285/312/266
f 263/285/267 262/281/267 311/306/267 312/313/267
f 223/286/268 222/282/268 271/308/268 272/314/268
f 250/287/269 249/283/269 298/310/269 299/315/269
f 237/288/270 236/284/270 285/312/270 286/316/270
f 264/289/242 263/285/242 312/313/271 313/317/271
f 224/290/272 223/286/272 272/314/272 273/318/272
f 251/291/273 250/287/273 299/315/273 300/319/273
f 238/292/274 237/288/274 286/316/274 287/320/274
f 265/293/246 264/289/246 313/317/275 314/321/275
f 225/294/276 224/290/276 273/318/276 274/322/276
f 252/295/277 251/291/277 300/319/277 301/323/277
f 239/296/278 238/292/278 287/320/278 288/324/278
f 266/297/250 265/293/250 314/321/279 315/325/279
f 226/298/280 225/294/280 274/322/280 275/326/280
f 253/299/281 252/295/281 301/323/281 302/327/281
f 240/300/282 239/296/282 288/324/282 289/328/282
f 21/329/254 266/297/256 315/325/283
f 227/302/284 226/298/284 275/326/284 276/330/284
f 254/303/285 253/299/285 302/327/285 303/331/285
f 241/304/286 240/300/286 289/328/286 290/332/286
f 228/254/287 227/302/287 276/330/287 277/333/287
f 255/256/288 254/303/288 303/331/288 304/334/288
f 242/258/289 241/304/289 290/332/289 291/335/289
f 229/255/290 228/254/290 277/333/290 278/336/290
f 256/257/291 255/256/291 304/334/291 305/337/291
f 243/259/292 242/258/292 291/335/292 292/338/292
f 230/260/293 229/255/293 278/336/293 279/339/293
f 257/261/294 256/257/294 305/337/294 306/340/294
f 244/262/295 243/259/295 292/338/295 293/341/295
f 231/263/296 230/260/296 279/339/296 280/342/296
f 258/264/297 257/261/297 306/340/297 307/343/297
f 218/266/219 1/344/49 267/345/298
f 245/267/299 244/262/299 293/341/299 294/346/299
f 232/268/300 231/263/300 280/342/300 281/347/300
f 259/269/301 258/264/301 307/343/301 308/348/301
f 219/270/223 218/266/223 267/345/302 268/349/302
f 246/271/303 245/267/303 294/346/303 295/350/303
f 233/272/304 232/268/304 281/347/304 282/351/304
f 260/273/305 259/269/305 308/348/305 309/352/305
f 220/274/227 219/270/227 268/349/306 269/353/306
f 247/275/307 246/271/307 295/350/307 296/354/307
f 234/276/308 233/272/308 282/351/308 283/355/308
f 261/277/309 260/273/309 309/352/309 310/305/309
f 221/278/231 220/274/231 269/353/310 270/307/310
f 248/279/311 247/275/311 296/354/311 297/309/311
f 235/280/312 234/276/312 283/355/312 284/311/312
f 277/333/313 276/330/313 325/356/313 326/357/313
f 304/334/314 303/331/314 352/358/314 353/359/314
f 291/335/315 290/332/315 339/360/315 340/361/315
f 278/336/316 277/333/316 326/357/316 327/362/316
f 305/337/317 304/334/317 353/359/317 354/363/317
f 292/338/318 291/335/318 340/361/318 341/364/318
f 279/339/319 278/336/319 327/362/319 328/365/319
f 306/340/320 305/337/320 354/363/320 355/366/320
f 293/341/321 292/338/321 341/364/321 342/367/321
f 280/342/322 279/339/322 328/365/322 329/368/322
f 307/343/323 306/340/323 355/366/323 356/369/323
f 267/345/298 1/370/49 316/371/324
f 294/346/325 293/341/325 342/367/325 343/372/325
f 281/347/326 280/342/326 329/368/326 330/373/326
f 308/348/327 307/343/327 356/369/327 357/374/327
f 268/349/302 267/345/302 316/371/328 317/375/328
f 295/350/329 294/346/329 343/372/329 344/376/329
f 282/351/330 281/347/330 330/373/330 331/377/330
f 309/352/331 308/348/331 357/374/331 358/378/331
f 269/353/306 268/349/306 317/375/332 318/379/332
f 296/354/333 295/350/333 344/376/333 345/380/333
f 283/355/334 282/351/334 331/377/334 332/381/334
f 310/305/335 309/352/335 358/378/335 359/382/335
f 270/307/310 269/353/310 318/379/336 319/383/336
f 297/309/337 296/354/337 345/380/337 346/384/337
f 284/311/338 283/355/338 332/381/338 333/385/338
f 311/306/339 310/305/339 359/382/339 360/386/339
f 271/308/340 270/307/340 319/383/340 320/387/340
f 298/310/341 297/309/341 346/384/341 347/388/341
f 285/312/342 284/311/342 333/385/342 334/389/342
f 312/313/343 311/306/343 360/386/343 361/390/343
f 272/314/344 271/308/344 320/387/344 321/391/344
f 299/315/345 298/310/345 347/388/345 348/392/345
f 286/316/346 285/312/346 334/389/346 335/393/346
f 313/317/271 312/313/271 361/390/347 362/394/347
f 273/318/348 272/314/348 321/391/348 322/395/348
f 300/319/349 299/315/349 348/392/349 349/396/349
f 287/320/350 286/316/350 335/393/350 336/397/350
f 314/321/275 313/317/275 362/394/351 363/398/351
f 274/322/352 273/318/352 322/395/352 323/399/352
f 301/323/353 300/319/353 349/396/353 350/400/353
f 288/324/354 287/320/354 336/397/354 337/401/354
f 315/325/279 314/321/279 363/398/355 364/402/355
f 275/326/356 274/322/356 323/399/356 324/403/356
f 302/327/357 301/323/357 350/400/357 351/404/357
f 289/328/358 288/324/358 337/401/358 338/405/358
f 21/406/254 315/325/283 364/402/359
f 276/330/360 275/326/360 324/403/360 325/356/360
f 303/331/361 302/327/361 351/404/361 352/358/361
f 290/332/362 289/328/362 338/405/362 339/360/362
f 359/382/363 358/378/363 407/407/363 408/408/363
f 319/383/336 318/379/336 367/409/364 368/410/364
f 346/384/365 345/380/365 394/411/365 395/412/365
f 333/385/366 332/381/366 381/413/366 382/414/366
f 360/386/367 359/382/367 408/408/367 409/415/367
f 320/387/368 319/383/368 368/410/368 369/416/368
f 347/388/369 346/384/369 395/412/369 396/417/369
f 334/389/370 333/385/370 382/414/370 383/418/370
f 361/390/371 360/386/371 409/415/371 410/419/371
f 321/391/372 320/387/372 369/416/372 370/420/372
f 348/392/373 347/388/373 396/417/373 397/421/373
f 335/393/374 334/389/374 383/418/374 384/422/374
f 362/394/347 361/390/347 410/419/375 411/423/375
f 322/395/376 321/391/376 370/420/376 371/424/376
f 349/396/377 348/392/377 397/421/377 398/425/377
f 336/397/378 335/393/378 384/422/378 385/426/378
f 363/398/351 362/394/351 411/423/379 412/427/379
f 323/399/380 322/395/380 371/424/380 372/428/380
f 350/400/381 349/396/381 398/425/381 399/429/381
f 337/401/382 336/397/382 385/426/382 386/430/382
f 364/402/355 363/398/355 412/427/383 413/431/383
f 324/403/384 323/399/384 372/428/384 373/432/384
f 351/404/385 350/400/385 399/429/385 400/433/385
f 338/405/386 337/401/386 386/430/386 387/434/386
f 21/435/254 364/402/359 413/431/387
f 325/356/388 324/403/388 373/432/388 374/436/388
f 352/358/389 351/404/389 400/433/389 401/437/389
f 339/360/390 338/405/390 387/434/390 388/438/390
f 326/357/391 325/356/391 374/436/391 375/439/391
f 353/359/392 352/358/392 401/437/392 402/440/392
f 340/361/393 339/360/393 388/438/393 389/441/393
f 327/362/394 326/357/394 375/439/394 376/442/394
f 354/363/395 353/359/395 402/440/395 403/443/395
f 341/364/396 340/361/396 389/441/396 390/444/396
f 328/365/397 327/362/397 376/442/397 377/445/397
f 355/366/398 354/363/398 403/443/398 404/446/398
f 342/367/399 341/364/399 390/444/399 391/447/399
f 329/368/400 328/365/400 377/445/400 378/448/400
f 356/369/401 355/366/401 404/446/401 405/449/401
f 316/371/324 1/450/49 365/451/402
f 343/372/403 342/367/403 391/447/403 392/452/403
f 330/373/404 329/368/404 378/448/404 379/453/404
f 357/374/405 356/369/405 405/449/405 406/454/405
f 317/375/328 316/371/328 365/451/406 366/455/406
f 344/376/407 343/372/407 392/452/407 393/456/407
f 331/377/408 330/373/408 379/453/408 380/457/408
f 358/378/409 357/374/409 406/454/409 407/407/409
f 318/379/332 317/375/332 366/455/410 367/409/410
f 345/380/411 344/376/411 393/456/411 394/411/411
f 332/381/412 331/377/412 380/457/412 381/413/412
f 374/436/413 373/432/413 422/458/413 423/459/413
f 401/437/414 400/433/414 449/460/414 450/461/414
f 388/438/415 387/434/415 436/462/415 437/463/415
f 375/439/416 374/436/416 423/459/416 424/464/416
f 402/440/417 401/437/417 450/461/417 451/465/417
f 389/441/418 388/438/418 437/463/418 438/466/418
f 376/442/419 375/439/419 424/464/419 425/467/419
f 403/443/420 402/440/420 451/465/420 452/468/420
f 390/444/421 389/441/421 438/466/421 439/469/421
f 377/445/422 376/442/422 425/467/422 426/470/422
f 404/446/423 403/443/423 452/468/423 453/471/423
f 391/447/424 390/444/424 439/469/424 440/472/424
f 378/448/425 377/445/425 426/470/425 427/473/425
f 405/449/426 404/446/426 453/471/426 454/474/426
f 365/451/402 1/475/49 414/476/427
f 392/452/428 391/447/428 440/472/428 441/477/428
f 379/453/429 378/448/429 427/473/429 428/478/429
f 406/454/430 405/449/430 454/474/430 455/479/430
f 366/455/406 365/451/406 414/476/431 415/480/431
f 393/456/432 392/452/432 441/477/432 442/481/432
f 380/457/433 379/453/433 428/478/433 429/482/433
f 407/407/434 406/454/434 455/479/434 456/483/434
f 367/409/410 366/455/410 415/480/435 416/484/435
f 394/411/436 393/456/436 442/481/436 443/485/436
f 381/413/437 380/457/437 429/482/437 430/486/437
f 408/408/438 407/407/438 456/483/438 457/487/438
f 368/410/364 367/409/364 416/484/439 417/488/439
f 395/412/440 394/411/440 443/485/440 444/489/440
f 382/414/441 381/413/441 430/486/441 431/490/441
f 409/415/442 408/408/442 457/487/442 458/491/442
f 369/416/443 368/410/443 417/488/443 418/492/443
f 396/417/444 395/412/444 444/489/444 445/493/444
f 383/418/445 382/414/445 431/490/445 432/494/445
f 410/419/446 409/415/446 458/491/446 459/495/446
f 370/420/447 369/416/447 418/492/447 419/496/447
f 397/421/448 396/417/448 445/493/448 446/497/448
f 384/422/449 383/418/449 432/494/449 433/498/449
f 411/423/375 410/419/375 459/495/450 460/499/450
f 371/424/451 370/420/451 419/496/451 420/500/451
f 398/425/452 397/421/452 446/497/452 447/501/452
f 385/426/453 384/422/453 433/498/453 434/502/453
f 412/427/379 411/423/379 460/499/454 461/503/454
f 372/428/455 371/424/455 420/500/455 421/504/455
f 399/429/456 398/425/456 447/501/456 448/505/456
f 386/430/457 385/426/457 434/502/457 435/506/457
f 413/431/383 412/427/383 461/503/458 462/507/458
f 373/432/459 372/428/459 421/504/459 422/458/459
f 400/433/460 399/429/460 448/505/460 449/460/460
f 387/434/461 386/430/461 435/506/461 436/462/461
f 21/508/254 413/431/387 462/507/462
f 456/483/463 455/479/463 504/509/463 505/510/463
f 416/484/435 415/480/435 464/511/464 465/512/464
f 443/485/465 442/481/465 491/513/465 492/514/465
f 430/486/466 429/482/466 478/515/466 479/516/466
f 457/487/467 456/483/467 505/510/467 506/517/467
f 417/488/439 416/484/439 465/512/468 466/518/468
f 444/489/469 443/485/469 492/514/469 493/519/469
f 431/490/470 430/486/470 479/516/470 480/520/470
f 458/491/471 457/487/471 506/517/471 507/521/471
f 418/492/472 417/488/472 466/518/472 467/522/472
f 445/493/473 444/489/473 493/519/473 494/523/473
f 432/494/474 431/490/474 480/520/474 481/524/474
f 459/495/475 458/491/475 507/521/475 508/525/475
f 419/496/476 418/492/476 467/522/476 468/526/476
f 446/497/477 445/493/477 494/523/477 495/527/477
f 433/498/478 432/494/478 481/524/478 482/528/478
f 460/499/450 459/495/450 508/525/479 509/529/479
f 420/500/480 419/496/480 468/526/480 469/530/480
f 447/501/481 446/497/481 495/527/481 496/531/481
f 434/502/482 433/498/482 482/528/482 483/532/482
f 461/503/454 460/499/454 509/529/483 510/533/483
f 421/504/484 420/500/484 469/530/484 470/534/484
f 448/505/485 447/501/485 496/531/485 497/535/485
f 435/506/486 434/502/486 483/532/486 484/536/486
f 462/507/458 461/503/458 510/533/487 511/537/487
f 422/458/488 421/504/488 470/534/488 471/538/488
f 449/460/489 448/505/489 497/535/489 498/539/489
f 436/462/490 435/506/490 484/536/490 485/540/490
f 21/541/254 462/507/462 511/537/491
f 423/459/492 422/458/492 471/538/492 472/542/492
f 450/461/493 449/460/493 498/539/493 499/543/493
f 437/463/494 436/462/494 485/540/494 486/544/494
f 424/464/495 423/459/495 472/542/495 473/545/495
f 451/465/496 450/461/496 499/543/496 500/546/496
f 438/466/497 437/463/497 486/544/497 487/547/497
f 425/467/498 424/464/498 473/545/498 474/548/498
f 452/468/499 451/465/499 500/546/499 501/549/499
f 439/469/500 438/466/500 487/547/500 488/550/500
f 426/470/501 425/467/501 474/548/501 475/551/501
f 453/471/502 452/468/502 501/549/502 502/552/502
f 440/472/503 439/469/503 488/550/503 489/553/503
f 427/473/504 426/470/504 475/551/504 476/554/504
f 454/474/505 453/471/505 502/552/505 503/555/505
f 414/476/506 1/556/507 463/557/508
f 441/477/509 440/472/509 489/553/509 490/558/509
f 428/478/510 427/473/510 476/554/510 477/559/510
f 455/479/511 454/474/511 503/555/511 504/509/511
f 415/480/431 414/476/431 463/557/512 464/511/512
f 442/481/513 441/477/513 490/558/513 491/513/513
f 429/482/514 428/478/514 477/559/514 478/515/514
f 471/538/515 470/534/515 519/560/515 520/561/515
f 498/539/516 497/535/516 546/562/516 547/563/516
f 485/540/517 484/536/517 533/564/517 534/565/517
f 21/566/254 511/537/491 560/567/518
f 472/542/519 471/538/519 520/561/519 521/568/519
f 499/543/520 498/539/520 547/563/520 548/569/520
f 486/544/521 485/540/521 534/565/521 535/570/521
f 473/545/522 472/542/522 521/568/522 522/571/522
f 500/546/523 499/543/523 548/569/523 549/572/523
f 487/547/524 486/544/524 535/570/524 536/573/524
f 474/548/525 473/545/525 522/571/525 523/574/525
f 501/549/526 500/546/526 549/572/526 550/575/526
f 488/550/527 487/547/527 536/573/527 537/576/527
f 475/551/528 474/548/528 523/574/528 524/577/528
f 502/552/529 501/549/529 550/575/529 551/578/529
f 489/553/530 488/550/530 537/576/530 538/579/530
f 476/554/531 475/551/531 524/577/531 525/580/531
f 503/555/532 502/552/532 551/578/532 552/581/532
f 463/557/508 1/582/507 512/583/533
f 490/558/534 489/553/534 538/579/534 539/584/534
f 477/559/535 476/554/535 525/580/535 526/585/535
f 504/509/536 503/555/536 552/581/536 553/586/536
f 464/511/512 463/557/512 512/583/537 513/587/537
f 491/513/538 490/558/538 539/584/538 540/588/538
f 478/515/539 477/559/539 526/585/539 527/589/539
f 505/510/540 504/509/540 553/586/540 554/590/540
f 465/512/464 464/511/464 513/587/541 514/591/541
f 492/514/542 491/513/542 540/588/542 541/592/542
f 479/516/543 478/515/543 527/589/543 528/593/543
f 506/517/544 505/510/544 554/590/544 555/594/544
f 466/518/468 465/512/468 514/591/545 515/595/545
f 493/519/546 492/514/546 541/592/546 542/596/546
f 480/520/547 479/516/547 528/593/547 529/597/547
f 507/521/548 506/517/548 555/594/548 556/598/548
f 467/522/549 466/518/549 515/595/549 516/599/549
f 494/523/550 493/519/550 542/596/550 543/600/550
f 481/524/551 480/520/551 529/597/551 530/601/551
f 508/525/552 507/521/552 556/598/552 557/602/552
f 468/526/553 467/522/553 516/599/553 517/603/553
f 495/527/554 494/523/554 543/600/554 544/604/554
f 482/528/555 481/524/555 530/601/555 531/605/555
f 509/529/479 508/525/479 557/602/556 558/606/556
f 469/530/557 468/526/557 517/603/557 518/607/557
f 496/531/558 495/527/558 544/604/558 545/608/558
f 483/532/559 482/528/559 531/605/559 532/609/559
f 510/533/483 509/529/483 558/606/560 559/610/560
f 470/534/561 469/530/561 518/607/561 519/560/561
f 497/535/562 496/531/562 545/608/562 546/562/562
f 484/536/563 483/532/563 532/609/563 533/564/563
f 511/537/487 510/533/487 559/610/564 560/567/564
f 553/586/565 552/581/565 601/611/565 602/612/565
f 513/587/537 512/583/537 561/613/566 562/614/566
f 540/588/567 539/584/567 588/615/567 589/616/567
f 527/589/568 526/585/568 575/617/568 576/618/568
f 554/590/569 553/586/569 602/612/569 603/619/569
f 514/591/541 513/587/541 562/614/570 563/620/570
f 541/592/571 540/588/571 589/616/571 590/621/571
f 528/593/572 527/589/572 576/618/572 577/622/572
f 555/594/573 554/590/573 603/619/573 604/623/573
f 515/595/545 514/591/545 563/620/574 564/624/574
f 542/596/575 541/592/575 590/621/575 591/625/575
f 529/597/576 528/593/576 577/622/576 578/626/576
f 556/598/577 555/594/577 604/623/577 605/627/577
f 516/599/578 515/595/578 564/624/578 565/628/578
f 543/600/579 542/596/579 591/625/579 592/629/579
f 530/601/580 529/597/580 578/626/580 579/630/580
f 557/602/581 556/598/581 605/627/581 606/631/581
f 517/603/582 516/599/582 565/628/582 566/632/582
f 544/604/583 543/600/583 592/629/583 593/633/583
f 531/605/584 530/601/584 579/630/584 580/634/584
f 558/606/556 557/602/556 606/631/585 607/635/585
f 518/607/586 517/603/586 566/632/586 567/636/586
f 545/608/587 544/604/587 593/633/587 594/637/587
f 532/609/588 531/605/588 580/634/588 581/638/588
f 559/610/560 558/606/560 607/635/589 608/639/589
f 519/560/590 518/607/590 567/636/590 568/640/590
f 546/562/591 545/608/591 594/637/591 595/641/591
f 533/564/592 532/609/592 581/638/592 582/642/592
f 560/567/564 559/610/564 608/639/593 609/643/593
f 520/561/594 519/560/594 568/640/594 569/644/594
f 547/563/595 546/562/595 595/641/595 596/645/595
f 534/565/596 533/564/596 582/642/596 583/646/596
f 21/647/254 560/567/518 609/643/597
f 521/568/598 520/561/598 569/644/598 570/648/598
f 548/569/599 547/563/599 596/645/599 597/649/599
f 535/570/600 534/565/600 583/646/600 584/650/600
f 522/571/601 521/568/601 570/648/601 571/651/601
f 549/572/602 548/569/602 597/649/602 598/652/602
f 536/573/603 535/570/603 584/650/603 585/653/603
f 523/574/604 522/571/604 571/651/604 572/654/604
f 550/575/605 549/572/605 598/652/605 599/655/605
f 537/576/606 536/573/606 585/653/606 586/656/606
f 524/577/607 523/574/607 572/654/607 573/657/607
f 551/578/608 550/575/608 599/655/608 600/658/608
f 538/579/609 537/576/609 586/656/609 587/659/609
f 525/580/610 524/577/610 573/657/610 574/660/610
f 552/581/611 551/578/611 600/658/611 601/611/611
f 512/583/533 1/661/507 561/613/612
f 539/584/613 538/579/613 587/659/613 588/615/613
f 526/585/614 525/580/614 574/660/614 575/617/614
f 568/640/615 567/636/615 616/662/615 617/663/615
f 595/641/616 594/637/616 643/664/616 644/665/616
f 582/642/617 581/638/617 630/666/617 631/667/617
f 609/643/593 608/639/593 657/668/618 658/669/618
f 569/644/619 568/640/619 617/663/619 618/670/619
f 596/645/620 595/641/620 644/665/620 645/671/620
f 583/646/621 582/642/621 631/667/621 632/672/621
f 21/673/622 609/643/623 658/669/624
f 570/648/625 569/644/625 618/670/625 619/674/625
f 597/649/626 596/645/626 645/671/626 646/675/626
f 584/650/627 583/646/627 632/672/627 633/676/627
f 571/651/628 570/648/628 619/674/628 620/677/628
f 598/652/629 597/649/629 646/675/629 647/678/629
f 585/653/630 584/650/630 633/676/630 634/679/630
f 572/654/631 571/651/631 620/677/631 621/680/631
f 599/655/632 598/652/632 647/678/632 648/681/632
f 586/656/633 585/653/633 634/679/633 635/682/633
f 573/657/634 572/654/634 621/680/634 622/683/634
f 600/658/635 599/655/635 648/681/635 649/684/635
f 587/659/636 586/656/636 635/682/636 636/685/636
f 574/660/637 573/657/637 622/683/637 623/686/637
f 601/611/638 600/658/638 649/684/638 650/687/638
f 561/613/612 1/688/507 610/689/639
f 588/615/640 587/659/640 636/685/640 637/690/640
f 575/617/641 574/660/641 623/686/641 624/691/641
f 602/612/642 601/611/642 650/687/642 651/692/642
f 562/614/566 561/613/566 610/689/643 611/693/643
f 589/616/644 588/615/644 637/690/644 638/694/644
f 576/618/645 575/617/645 624/691/645 625/695/645
f 603/619/646 602/612/646 651/692/646 652/696/646
f 563/620/570 562/614/570 611/693/647 612/697/647
f 590/621/648 589/616/648 638/694/648 639/698/648
f 577/622/649 576/618/649 625/695/649 626/699/649
f 604/623/650 603/619/650 652/696/650 653/700/650
f 564/624/574 563/620/574 612/697/651 613/701/651
f 591/625/652 590/621/652 639/698/652 640/702/652
f 578/626/653 577/622/653 626/699/653 627/703/653
f 605/627/654 604/623/654 653/700/654 654/704/654
f 565/628/655 564/624/655 613/701/655 614/705/655
f 592/629/656 591/625/656 640/702/656 641/706/656
f 579/630/657 578/626/657 627/703/657 628/707/657
f 606/631/658 605/627/658 654/704/658 655/708/658
f 566/632/659 565/628/659 614/705/659 615/709/659
f 593/633/660 592/629/660 641/706/660 642/710/660
f 580/634/661 579/630/661 628/707/661 629/711/661
f 607/635/585 606/631/585 655/708/662 656/712/662
f 567/636/663 566/632/663 615/709/663 616/662/663
f 594/637/664 593/633/664 642/710/664 643/664/664
f 581/638/665 580/634/665 629/711/665 630/666/665
f 608/639/589 607/635/589 656/712/666 657/668/666
f 650/687/667 649/684/667 698/713/667 699/714/667
f 610/689/639 1/715/507 659/716/668
f 637/690/669 636/685/669 685/717/669 686/718/669
f 624/691/670 623/686/670 672/719/670 673/720/670
f 651/692/671 650/687/671 699/714/671 700/721/671
f 611/693/643 610/689/643 659/716/672 660/722/672
f 638/694/673 637/690/673 686/718/673 687/723/673
f 625/695/674 624/691/674 673/720/674 674/724/674
f 652/696/675 651/692/675 700/721/675 701/725/675
f 612/697/647 611/693/647 660/722/676 661/726/676
f 639/698/677 638/694/677 687/723/677 688/727/677
f 626/699/678 625/695/678 674/724/678 675/728/678
f 653/700/679 652/696/679 701/725/679 702/729/679
f 613/701/651 612/697/651 661/726/680 662/730/680
f 640/702/681 639/698/681 688/727/681 689/731/681
f 627/703/682 626/699/682 675/728/682 676/732/682
f 654/704/683 653/700/683 702/729/683 703/733/683
f 614/705/684 613/701/684 662/730/684 663/734/684
f 641/706/685 640/702/685 689/731/685 690/735/685
f 628/707/686 627/703/686 676/732/686 677/736/686
f 655/708/687 654/704/687 703/733/687 704/737/687
f 615/709/688 614/705/688 663/734/688 664/738/688
f 642/710/689 641/706/689 690/735/689 691/739/689
f 629/711/690 628/707/690 677/736/690 678/740/690
f 656/712/662 655/708/662 704/737/691 705/741/691
f 616/662/692 615/709/692 664/738/692 665/742/692
f 643/664/693 642/710/693 691/739/693 692/743/693
f 630/666/694 629/711/694 678/740/694 679/744/694
f 657/668/666 656/712/666 705/741/695 706/745/695
f 617/663/696 616/662/696 665/742/696 666/746/696
f 644/665/697 643/664/697 692/743/697 693/747/697
f 631/667/698 630/666/698 679/744/698 680/748/698
f 658/669/618 657/668/618 706/745/699 707/749/699
f 618/670/700 617/663/700 666/746/700 667/750/700
f 645/671/701 644/665/701 693/747/701 694/751/701
f 632/672/702 631/667/702 680/748/702 681/752/702
f 21/753/622 658/669/624 707/749/703
f 619/674/704 618/670/704 667/750/704 668/754/704
f 646/675/705 645/671/705 694/751/705 695/755/705
f 633/676/706 632/672/706 681/752/706 682/756/706
f 620/677/707 619/674/707 668/754/707 669/757/707
f 647/678/708 646/675/708 695/755/708 696/758/708
f 634/679/709 633/676/709 682/756/709 683/759/709
f 621/680/710 620/677/710 669/757/710 670/760/710
f 648/681/711 647/678/711 696/758/711 697/761/711
f 635/682/712 634/679/712 683/759/712 684/762/712
f 622/683/713 621/680/713 670/760/713 671/763/713
f 649/684/714 648/681/714 697/761/714 698/713/714
f 636/685/715 635/682/715 684/762/715 685/717/715
f 623/686/716 622/683/716 671/763/716 672/719/716
f 665/742/717 664/738/717 713/764/717 714/765/717
f 692/743/718 691/739/718 740/766/718 741/767/718
f 679/744/719 678/740/719 727/768/719 728/769/719
f 706/745/695 705/741/695 754/770/720 755/771/720
f 666/746/721 665/742/721 714/765/721 715/772/721
f 693/747/722 692/743/722 741/767/722 742/773/722
f 680/748/723 679/744/723 728/769/723 729/774/723
f 707/749/699 706/745/699 755/771/724 756/775/724
f 667/750/725 666/746/725 715/772/725 716/776/725
f 694/751/726 693/747/726 742/773/726 743/777/726
f 681/752/727 680/748/727 729/774/727 730/778/727
f 21/779/622 707/749/703 756/775/728
f 668/754/729 667/750/729 716/776/729 717/780/729
f 695/755/730 694/751/730 743/777/730 744/781/730
f 682/756/731 681/752/731 730/778/731 731/782/731
f 669/757/732 668/754/732 717/780/732 718/783/732
f 696/758/733 695/755/733 744/781/733 745/784/733
f 683/759/734 682/756/734 731/782/734 732/785/734
f 670/760/735 669/757/735 718/783/735 719/786/735
f 697/761/736 696/758/736 745/784/736 746/787/736
f 684/762/737 683/759/737 732/785/737 733/788/737
f 671/763/738 670/760/738 719/786/738 720/789/738
f 698/713/739 697/761/739 746/787/739 747/790/739
f 685/717/740 684/762/740 733/788/740 734/791/740
f 672/719/741 671/763/741 720/789/741 721/792/741
f 699/714/742 698/713/742 747/790/742 748/793/742
f 659/716/668 1/794/507 708/795/743
f 686/718/744 685/717/744 734/791/744 735/796/744
f 673/720/745 672/719/745 721/792/745 722/797/745
f 700/721/746 699/714/746 748/793/746 749/798/746
f 660/722/672 659/716/672 708/795/747 709/799/747
f 687/723/748 686/718/748 735/796/748 736/800/748
f 674/724/749 673/720/749 722/797/749 723/801/749
f 701/725/750 700/721/750 749/798/750 750/802/750
f 661/726/676 660/722/676 709/799/751 710/803/751
f 688/727/752 687/723/752 736/800/752 737/804/752
f 675/728/753 674/724/753 723/801/753 724/805/753
f 702/729/754 701/725/754 750/802/754 751/806/754
f 662/730/680 661/726/680 710/803/755 711/807/755
f 689/731/756 688/727/756 737/804/756 738/808/756
f 676/732/757 675/728/757 724/805/757 725/809/757
f 703/733/758 702/729/758 751/806/758 752/810/758
f 663/734/759 662/730/759 711/807/759 712/811/759
f 690/735/760 689/731/760 738/808/760 739/812/760
f 677/736/761 676/732/761 725/809/761 726/813/761
f 704/737/762 703/733/762 752/810/762 753/814/762
f 664/738/763 663/734/763 712/811/763 713/764/763
f 691/739/764 690/735/764 739/812/764 740/766/764
f 678/740/765 677/736/765 726/813/765 727/768/765
f 705/741/691 704/737/691 753/814/766 754/770/766
f 747/790/767 746/787/767 795/815/767 796/816/767
f 734/791/768 733/788/768 782/817/768 783/818/768
f 721/792/769 720/789/769 769/819/769 770/820/769
f 748/793/770 747/790/770 796/816/770 797/821/770
f 708/795/743 1/822/507 757/823/771
f 735/796/772 734/791/772 783/818/772 784/824/772
f 722/797/773 721/792/773 770/820/773 771/825/773
f 749/798/774 748/793/774 797/821/774 798/826/774
f 709/799/747 708/795/747 757/823/775 758/827/775
f 736/800/776 735/796/776 784/824/776 785/828/776
f 723/801/777 722/797/777 771/825/777 772/829/777
f 750/802/778 749/798/778 798/826/778 799/830/778
f 710/803/751 709/799/751 758/827/779 759/831/779
f 737/804/780 736/800/780 785/828/780 786/832/780
f 724/805/781 723/801/781 772/829/781 773/833/781
f 751/806/782 750/802/782 799/830/782 800/834/782
f 711/807/755 710/803/755 759/831/783 760/835/783
f 738/808/784 737/804/784 786/832/784 787/836/784
f 725/809/785 724/805/785 773/833/785 774/837/785
f 752/810/786 751/806/786 800/834/786 801/838/786
f 712/811/787 711/807/787 760/835/787 761/839/787
f 739/812/788 738/808/788 787/836/788 788/840/788
f 726/813/789 725/809/789 774/837/789 775/841/789
f 753/814/790 752/810/790 801/838/790 802/842/790
f 713/764/791 712/811/791 761/839/791 762/843/791
f 740/766/792 739/812/792 788/840/792 789/844/792
f 727/768/793 726/813/793 775/841/793 776/845/793
f 754/770/766 753/814/766 802/842/794 803/846/794
f 714/765/795 713/764/795 762/843/795 763/847/795
f 741/767/796 740/766/796 789/844/796 790/848/796
f 728/769/797 727/768/797 776/845/797 777/849/797
f 755/771/720 754/770/720 803/846/798 804/850/798
f 715/772/799 714/765/799 763/847/799 764/851/799
f 742/773/800 741/767/800 790/848/800 791/852/800
f 729/774/801 728/769/801 777/849/801 778/853/801
f 756/775/724 755/771/724 804/850/802 805/854/802
f 716/776/803 715/772/803 764/851/803 765/855/803
f 743/777/804 742/773/804 791/852/804 792/856/804
f 730/778/805 729/774/805 778/853/805 779/857/805
f 21/858/622 756/775/728 805/854/806
f 717/780/807 716/776/807 765/855/807 766/859/807
f 744/781/808 743/777/808 792/856/808 793/860/808
f 731/782/809 730/778/809 779/857/809 780/861/809
f 718/783/810 717/780/810 766/859/810 767/862/810
f 745/784/811 744/781/811 793/860/811 794/863/811
f 732/785/812 731/782/812 780/861/812 781/864/812
f 719/786/813 718/783/813 767/862/813 768/865/813
f 746/787/814 745/784/814 794/863/814 795/815/814
f 733/788/815 732/785/815 781/864/815 782/817/815
f 720/789/816 719/786/816 768/865/816 769/819/816
f 762/843/817 761/839/817 810/866/817 811/867/817
f 789/844/818 788/840/818 837/868/818 838/869/818
f 776/845/819 775/841/819 824/870/819 825/871/819
f 803/846/794 802/842/794 851/872/820 852/873/820
f 763/847/821 762/843/821 811/867/821 812/874/821
f 790/848/822 789/844/822 838/869/822 839/875/822
f 777/849/823 776/845/823 825/871/823 826/876/823
f 804/850/798 803/846/798 852/873/824 853/877/824
f 764/851/825 763/847/825 812/874/825 813/878/825
f 791/852/826 790/848/826 839/875/826 840/879/826
f 778/853/827 777/849/827 826/876/827 827/880/827
f 805/854/802 804/850/802 853/877/828 854/881/828
f 765/855/829 764/851/829 813/878/829 814/882/829
f 792/856/830 791/852/830 840/879/830 841/883/830
f 779/857/831 778/853/831 827/880/831 828/884/831
f 21/885/622 805/854/806 854/881/832
f 766/859/833 765/855/833 814/882/833 815/886/833
f 793/860/834 792/856/834 841/883/834 842/887/834
f 780/861/835 779/857/835 828/884/835 829/888/835
f 767/862/836 766/859/836 815/886/836 816/889/836
f 794/863/837 793/860/837 842/887/837 843/890/837
f 781/864/838 780/861/838 829/888/838 830/891/838
f 768/865/839 767/862/839 816/889/839 817/892/839
f 795/815/840 794/863/840 843/890/840 844/893/840
f 782/817/841 781/864/841 830/891/841 831/894/841
f 769/819/842 768/865/842 817/892/842 818/895/842
f 796/816/843 795/815/843 844/893/843 845/896/843
f 783/818/844 782/817/844 831/894/844 832/897/844
f 770/820/845 769/819/845 818/895/845 819/898/845
f 797/821/846 796/816/846 845/896/846 846/899/846
f 757/823/771 1/900/507 806/901/847
f 784/824/848 783/818/848 832/897/848 833/902/848
f 771/825/849 770/820/849 819/898/849 820/903/849
f 798/826/850 797/821/850 846/899/850 847/904/850
f 758/827/775 757/823/775 806/901/851 807/905/851
f 785/828/852 784/824/852 833/902/852 834/906/852
f 772/829/853 771/825/853 820/903/853 821/907/853
f 799/830/854 798/826/854 847/904/854 848/908/854
f 759/831/779 758/827/779 807/905/855 808/909/855
f 786/832/856 785/828/856 834/906/856 835/910/856
f 773/833/857 772/829/857 821/907/857 822/911/857
f 800/834/858 799/830/858 848/908/858 849/912/858
f 760/835/783 759/831/783 808/909/859 809/913/859
f 787/836/860 786/832/860 835/910/860 836/914/860
f 774/837/861 773/833/861 822/911/861 823/915/861
f 801/838/862 800/834/862 849/912/862 850/916/862
f 761/839/863 760/835/863 809/913/863 810/866/863
f 788/840/864 787/836/864 836/914/864 837/868/864
f 775/841/865 774/837/865 823/915/865 824/870/865
f 802/842/866 801/838/866 850/916/866 851/872/866
f 829/888/867 828/884/867 877/917/867 878/918/867
f 816/889/868 815/886/868 864/919/868 865/920/868
f 843/890/869 842/887/869 891/921/869 892/922/869
f 830/891/870 829/888/870 878/918/870 879/923/870
f 817/892/871 816/889/871 865/920/871 866/924/871
f 844/893/872 843/890/872 892/922/872 893/925/872
f 831/894/873 830/891/873 879/923/873 880/926/873
f 818/895/874 817/892/874 866/924/874 867/927/874
f 845/896/875 844/893/875 893/925/875 894/928/875
f 832/897/876 831/894/876 880/926/876 881/929/876
f 819/898/877 818/895/877 867/927/877 868/930/877
f 846/899/878 845/896/878 894/928/878 895/931/878
f 806/901/879 1/932/880 855/933/881
f 833/902/882 832/897/882 881/929/882 882/934/882
f 820/903/883 819/898/883 868/930/883 869/935/883
f 847/904/884 846/899/884 895/931/884 896/936/884
f 807/905/851 806/901/851 855/933/885 856/937/885
f 834/906/886 833/902/886 882/934/886 883/938/886
f 821/907/887 820/903/887 869/935/887 870/939/887
f 848/908/888 847/904/888 896/936/888 897/940/888
f 808/909/855 807/905/855 856/937/889 857/941/889
f 835/910/890 834/906/890 883/938/890 884/942/890
f 822/911/891 821/907/891 870/939/891 871/943/891
f 849/912/892 848/908/892 897/940/892 898/944/892
f 809/913/859 808/909/859 857/941/893 858/945/893
f 836/914/894 835/910/894 884/942/894 885/946/894
f 823/915/895 822/911/895 871/943/895 872/947/895
f 850/916/896 849/912/896 898/944/896 899/948/896
f 810/866/897 809/913/897 858/945/897 859/949/897
f 837/868/898 836/914/898 885/946/898 886/950/898
f 824/870/899 823/915/899 872/947/899 873/951/899
f 851/872/900 850/916/900 899/948/900 900/952/900
f 811/867/901 810/866/901 859/949/901 860/953/901
f 838/869/902 837/868/902 886/950/902 887/954/902
f 825/871/903 824/870/903 873/951/903 874/955/903
f 852/873/820 851/872/820 900/952/904 901/956/904
f 812/874/905 811/867/905 860/953/905 861/957/905
f 839/875/906 838/869/906 887/954/906 888/958/906
f 826/876/907 825/871/907 874/955/907 875/959/907
f 853/877/824 852/873/824 901/956/908 902/960/908
f 813/878/909 812/874/909 861/957/909 862/961/909
f 840/879/910 839/875/910 888/958/910 889/962/910
f 827/880/911 826/876/911 875/959/911 876/963/911
f 854/881/828 853/877/828 902/960/912 903/964/912
f 814/882/913 813/878/913 862/961/913 863/965/913
f 841/883/914 840/879/914 889/962/914 890/966/914
f 828/884/915 827/880/915 876/963/915 877/917/915
f 21/967/622 854/881/832 903/964/916
f 815/886/917 814/882/917 863/965/917 864/919/917
f 842/887/918 841/883/918 890/966/918 891/921/918
f 871/943/919 870/939/919 919/968/919 920/969/919
f 898/944/920 897/940/920 946/970/920 947/971/920
f 858/945/893 857/941/893 906/972/921 907/973/921
f 885/946/922 884/942/922 933/974/922 934/975/922
f 872/947/923 871/943/923 920/969/923 921/976/923
f 899/948/924 898/944/924 947/971/924 948/977/924
f 859/949/925 858/945/925 907/973/925 908/978/925
f 886/950/926 885/946/926 934/975/926 935/979/926
f 873/951/927 872/947/927 921/976/927 922/980/927
f 900/952/928 899/948/928 948/977/928 949/981/928
f 860/953/929 859/949/929 908/978/929 909/982/929
f 887/954/930 886/950/930 935/979/930 936/983/930
f 874/955/931 873/951/931 922/980/931 923/984/931
f 901/956/904 900/952/904 949/981/932 950/985/932
f 861/957/933 860/953/933 909/982/933 910/986/933
f 888/958/934 887/954/934 936/983/934 937/987/934
f 875/959/935 874/955/935 923/984/935 924/988/935
f 902/960/908 901/956/908 950/985/936 951/989/936
f 862/961/937 861/957/937 910/986/937 911/990/937
f 889/962/938 888/958/938 937/987/938 938/991/938
f 876/963/939 875/959/939 924/988/939 925/992/939
f 903/964/912 902/960/912 951/989/940 952/993/940
f 863/965/941 862/961/941 911/990/941 912/994/941
f 890/966/942 889/962/942 938/991/942 939/995/942
f 877/917/943 876/963/943 925/992/943 926/996/943
f 21/997/622 903/964/916 952/993/944
f 864/919/945 863/965/945 912/994/945 913/998/945
f 891/921/946 890/966/946 939/995/946 940/999/946
f 878/918/947 877/917/947 926/996/947 927/1000/947
f 865/920/948 864/919/948 913/998/948 914/1001/948
f 892/922/949 891/921/949 940/999/949 941/1002/949
f 879/923/950 878/918/950 927/1000/950 928/1003/950
f 866/924/951 865/920/951 914/1001/951 915/1004/951
f 893/925/952 892/922/952 941/1002/952 942/1005/952
f 880/926/953 879/923/953 928/1003/953 929/1006/953
f 867/927/954 866/924/954 915/1004/954 916/1007/954
f 894/928/955 893/925/955 942/1005/955 943/1008/955
f 881/929/956 880/926/956 929/1006/956 930/1009/956
f 868/930/957 867/927/957 916/1007/957 917/1010/957
f 895/931/958 894/928/958 943/1008/958 944/1011/958
f 855/933/881 1/1012/880 904/1013/959
f 882/934/960 881/929/960 930/1009/960 931/1014/960
f 869/935/961 868/930/961 917/1010/961 918/1015/961
f 896/936/962 895/931/962 944/1011/962 945/1016/962
f 856/937/885 855/933/885 904/1013/963 905/1017/963
f 883/938/964 882/934/964 931/1014/964 932/1018/964
f 870/939/965 869/935/965 918/1015/965 919/968/965
f 897/940/966 896/936/966 945/1016/966 946/970/966
f 857/941/889 856/937/889 905/1017/967 906/972/967
f 884/942/968 883/938/968 932/1018/968 933/974/968
f 926/996/969 925/992/969 974/1019/969 975/1020/969
f 21/1021/622 952/993/944 1001/1022/970
f 913/998/971 912/994/971 961/1023/971 962/1024/971
f 940/999/972 939/995/972 988/1025/972 989/1026/972
f 927/1000/973 926/996/973 975/1020/973 976/1027/973
f 914/1001/974 913/998/974 962/1024/974 963/1028/974
f 941/1002/975 940/999/975 989/1026/975 990/1029/975
f 928/1003/976 927/1000/976 976/1027/976 977/1030/976
f 915/1004/977 914/1001/977 963/1028/977 964/1031/977
f 942/1005/978 941/1002/978 990/1029/978 991/1032/978
f 929/1006/979 928/1003/979 977/1030/979 978/1033/979
f 916/1007/980 915/1004/980 964/1031/980 965/1034/980
f 943/1008/981 942/1005/981 991/1032/981 992/1035/981
f 930/1009/982 929/1006/982 978/1033/982 979/1036/982
f 917/1010/983 916/1007/983 965/1034/983 966/1037/983
f 944/1011/984 943/1008/984 992/1035/984 993/1038/984
f 904/1013/959 1/1039/880 953/1040/985
f 931/1014/986 930/1009/986 979/1036/986 980/1041/986
f 918/1015/987 917/1010/987 966/1037/987 967/1042/987
f 945/1016/988 944/1011/988 993/1038/988 994/1043/988
f 905/1017/963 904/1013/963 953/1040/989 954/1044/989
f 932/1018/990 931/1014/990 980/1041/990 981/1045/990
f 919/968/991 918/1015/991 967/1042/991 968/1046/991
f 946/970/992 945/1016/992 994/1043/992 995/1047/992
f 906/972/967 905/1017/967 954/1044/993 955/1048/993
f 933/974/994 932/1018/994 981/1045/994 982/1049/994
f 920/969/995 919/968/995 968/1046/995 969/1050/995
f 947/971/996 946/970/996 995/1047/996 996/1051/996
f 907/973/921 906/972/921 955/1048/997 956/1052/997
f 934/975/998 933/974/998 982/1049/998 983/1053/998
f 921/976/999 920/969/999 969/1050/999 970/1054/999
f 948/977/1000 947/971/1000 996/1051/1000 997/1055/1000
f 908/978/1001 907/973/1001 956/1052/1001 957/1056/1001
f 935/979/1002 934/975/1002 983/1053/1002 984/1057/1002
f 922/980/1003 921/976/1003 970/1054/1003 971/1058/1003
f 949/981/1004 948/977/1004 997/1055/1004 998/1059/1004
f 909/982/1005 908/978/1005 957/1056/1005 958/1060/1005
f 936/983/1006 935/979/1006 984/1057/1006 985/1061/1006
f 923/984/1007 922/980/1007 971/1058/1007 972/1062/1007
f 950/985/932 949/981/932 998/1059/1008 999/1063/1008
f 910/986/1009 909/982/1009 958/1060/1009 959/1064/1009
f 937/987/1010 936/983/1010 985/1061/1010 986/1065/1010
f 924/988/1011 923/984/1011 972/1062/1011 973/1066/1011
f 951/989/936 950/985/936 999/1063/1012 1000/1067/1012
f 911/990/1013 910/986/1013 959/1064/1013 960/1068/1013
f 938/991/1014 937/987/1014 986/1065/1014 987/1069/1014
f 925/992/1015 924/988/1015 973/1066/1015 974/1019/1015
f 952/993/940 951/989/940 1000/1067/1016 1001/1022/1016
f 912/994/1017 911/990/1017 960/1068/1017 961/1023/1017
f 939/995/1018 938/991/1018 987/1069/1018 988/1025/1018
f 968/1046/1019 967/1042/1019 1016/1070/1019 1017/1071/1019
f 995/1047/1020 994/1043/1020 1043/1072/1020 1044/1073/1020
f 955/1048/993 954/1044/993 1003/1074/1021 1004/1075/1021
f 982/1049/1022 981/1045/1022 1030/1076/1022 1031/1077/1022
f 969/1050/1023 968/1046/1023 1017/1071/1023 1018/1078/1023
f 996/1051/1024 995/1047/1024 1044/1073/1024 1045/1079/1024
f 956/1052/997 955/1048/997 1004/1075/1025 1005/1080/1025
f 983/1053/1026 982/1049/1026 1031/1077/1026 1032/1081/1026
f 970/1054/1027 969/1050/1027 1018/1078/1027 1019/1082/1027
f 997/1055/1028 996/1051/1028 1045/1079/1028 1046/1083/1028
f 957/1056/1029 956/1052/1029 1005/1080/1029 1006/1084/1029
f 984/1057/1030 983/1053/1030 1032/1081/1030 1033/1085/1030
f 971/1058/1031 970/1054/1031 1019/1082/1031 1020/1086/1031
f 998/1059/1032 997/1055/1032 1046/1083/1032 1047/1087/1032
f 958/1060/1033 957/1056/1033 1006/1084/1033 1007/1088/1033
f 985/1061/1034 984/1057/1034 1033/1085/1034 1034/1089/1034
f 972/1062/1035 971/1058/1035 1020/1086/1035 1021/1090/1035
f 999/1063/1008 998/1059/1008 1047/1087/1036 1048/1091/1036
f 959/1064/1037 958/1060/1037 1007/1088/1037 1008/1092/1037
f 986/1065/1038 985/1061/1038 1034/1089/1038 1035/1093/1038
f 973/1066/1039 972/1062/1039 1021/1090/1039 1022/1094/1039
f 1000/1067/1012 999/1063/1012 1048/1091/1040 1049/1095/1040
f 960/1068/1041 959/1064/1041 1008/1092/1041 1009/1096/1041
f 987/1069/1042 986/1065/1042 1035/1093/1042 1036/1097/1042
f 974/1019/1043 973/1066/1043 1022/1094/1043 1023/1098/1043
f 1001/1022/1016 1000/1067/1016 1049/1095/1044 1050/1099/1044
f 961/1023/1045 960/1068/1045 1009/1096/1045 1010/1100/1045
f 988/1025/1046 987/1069/1046 1036/1097/1046 1037/1101/1046
f 975/1020/1047 974/1019/1047 1023/1098/1047 1024/1102/1047
f 21/1103/1048 1001/1022/1049 1050/1099/1050
f 962/1024/1051 961/1023/1051 1010/1100/1051 1011/1104/1051
f 989/1026/1052 988/1025/1052 1037/1101/1052 1038/1105/1052
f 976/1027/1053 975/1020/1053 1024/1102/1053 1025/1106/1053
f 963/1028/1054 962/1024/1054 1011/1104/1054 1012/1107/1054
f 990/1029/1055 989/1026/1055 1038/1105/1055 1039/1108/1055
f 977/1030/1056 976/1027/1056 1025/1106/1056 1026/1109/1056
f 964/1031/1057 963/1028/1057 1012/1107/1057 1013/1110/1057
f 991/1032/1058 990/1029/1058 1039/1108/1058 1040/1111/1058
f 978/1033/1059 977/1030/1059 1026/1109/1059 1027/1112/1059
f 965/1034/1060 964/1031/1060 1013/1110/1060 1014/1113/1060
f 992/1035/1061 991/1032/1061 1040/1111/1061 1041/1114/1061
f 979/1036/1062 978/1033/1062 1027/1112/1062 1028/1115/1062
f 966/1037/1063 965/1034/1063 1014/1113/1063 1015/1116/1063
f 993/1038/1064 992/1035/1064 1041/1114/1064 1042/1117/1064
f 953/1040/985 1/1118/880 1002/1119/1065
f 980/1041/1066 979/1036/1066 1028/1115/1066 1029/1120/1066
f 967/1042/1067 966/1037/1067 1015/1116/1067 1016/1070/1067
f 994/1043/1068 993/1038/1068 1042/1117/1068 1043/1072/1068
f 954/1044/989 953/1040/989 1002/1119/1069 1003/1074/1069
f 981/1045/1070 980/1041/1070 1029/1120/1070 1030/1076/1070
f 1023/1098/1071 1022/1094/1071 1071/1121/1071 1072/1122/1071
f 1050/1099/1044 1049/1095/1044 1098/1123/1072 1099/1124/1072
f 1010/1100/1073 1009/1096/1073 1058/1125/1073 1059/1126/1073
f 1037/1101/1074 1036/1097/1074 1085/1127/1074 1086/1128/1074
f 1024/1102/1075 1023/1098/1075 1072/1122/1075 1073/1129/1075
f 21/1130/1048 1050/1099/1050 1099/1124/1076
f 1011/1104/1077 1010/1100/1077 1059/1126/1077 1060/1131/1077
f 1038/1105/1078 1037/1101/1078 1086/1128/1078 1087/1132/1078
f 1025/1106/1079 1024/1102/1079 1073/1129/1079 1074/1133/1079
f 1012/1107/1080 1011/1104/1080 1060/1131/1080 1061/1134/1080
f 1039/1108/1081 1038/1105/1081 1087/1132/1081 1088/1135/1081
f 1026/1109/1082 1025/1106/1082 1074/1133/1082 1075/1136/1082
f 1013/1110/1083 1012/1107/1083 1061/1134/1083 1062/1137/1083
f 1040/1111/1084 1039/1108/1084 1088/1135/1084 1089/1138/1084
f 1027/1112/1085 1026/1109/1085 1075/1136/1085 1076/1139/1085
f 1014/1113/1086 1013/1110/1086 1062/1137/1086 1063/1140/1086
f 1041/1114/1087 1040/1111/1087 1089/1138/1087 1090/1141/1087
f 1028/1115/1088 1027/1112/1088 1076/1139/1088 1077/1142/1088
f 1015/1116/1089 1014/1113/1089 1063/1140/1089 1064/1143/1089
f 1042/1117/1090 1041/1114/1090 1090/1141/1090 1091/1144/1090
f 1002/1119/1065 1/1145/880 1051/1146/1091
f 1029/1120/1092 1028/1115/1092 1077/1142/1092 1078/1147/1092
f 1016/1070/1093 1015/1116/1093 1064/1143/1093 1065/1148/1093
f 1043/1072/1094 1042/1117/1094 1091/1144/1094 1092/1149/1094
f 1003/1074/1069 1002/1119/1069 1051/1146/1095 1052/1150/1095
f 1030/1076/1096 1029/1120/1096 1078/1147/1096 1079/1151/1096
f 1017/1071/1097 1016/1070/1097 1065/1148/1097 1066/1152/1097
f 1044/1073/1098 1043/1072/1098 1092/1149/1098 1093/1153/1098
f 1004/1075/1021 1003/1074/1021 1052/1150/1099 1053/1154/1099
f 1031/1077/1100 1030/1076/1100 1079/1151/1100 1080/1155/1100
f 1018/1078/1101 1017/1071/1101 1066/1152/1101 1067/1156/1101
f 1045/1079/1102 1044/1073/1102 1093/1153/1102 1094/1157/1102
f 1005/1080/1025 1004/1075/1025 1053/1154/1103 1054/1158/1103
f 1032/1081/1104 1031/1077/1104 1080/1155/1104 1081/1159/1104
f 1019/1082/1105 1018/1078/1105 1067/1156/1105 1068/1160/1105
f 1046/1083/1106 1045/1079/1106 1094/1157/1106 1095/1161/1106
f 1006/1084/1107 1005/1080/1107 1054/1158/1107 1055/1162/1107
f 1033/1085/1108 1032/1081/1108 1081/1159/1108 1082/1163/1108
f 1020/1086/1109 1019/1082/1109 1068/1160/1109 1069/1164/1109
f 1047/1087/1110 1046/1083/1110 1095/1161/1110 1096/1165/1110
f 1007/1088/1111 1006/1084/1111 1055/1162/1111 1056/1166/1111
f 1034/1089/1112 1033/1085/1112 1082/1163/1112 1083/1167/1112
f 1021/1090/1113 1020/1086/1113 1069/1164/1113 1070/1168/1113
f 1048/1091/1036 1047/1087/1036 1096/1165/1114 1097/1169/1114
f 1008/1092/1115 1007/1088/1115 1056/1166/1115 1057/1170/1115
f 1035/1093/1116 1034/1089/1116 1083/1167/1116 1084/1171/1116
f 1022/1094/1117 1021/1090/1117 1070/1168/1117 1071/1121/1117
f 1049/1095/1040 1048/1091/1040 1097/1169/1118 1098/1123/1118
f 1009/1096/1119 1008/1092/1119 1057/1170/1119 1058/1125/1119
f 1036/1097/1120 1035/1093/1120 1084/1171/1120 1085/1127/1120
f 1065/1148/1121 1064/1143/1121 1113/1172/1121 1114/1173/1121
f 1092/1149/1122 1091/1144/1122 1140/1174/1122 1141/1175/1122
f 1052/1150/1095 1051/1146/1095 1100/1176/1123 1101/1177/1123
f 1079/1151/1124 1078/1147/1124 1127/1178/1124 1128/1179/1124
f 1066/1152/1125 1065/1148/1125 1114/1173/1125 1115/1180/1125
f 1093/1153/1126 1092/1149/1126 1141/1175/1126 1142/1181/1126
f 1053/1154/1099 1052/1150/1099 1101/1177/1127 1102/1182/1127
f 1080/1155/1128 1079/1151/1128 1128/1179/1128 1129/1183/1128
f 1067/1156/1129 1066/1152/1129 1115/1180/1129 1116/1184/1129
f 1094/1157/1130 1093/1153/1130 1142/1181/1130 1143/1185/1130
f 1054/1158/1103 1053/1154/1103 1102/1182/1131 1103/1186/1131
f 1081/1159/1132 1080/1155/1132 1129/1183/1132 1130/1187/1132
f 1068/1160/1133 1067/1156/1133 1116/1184/1133 1117/1188/1133
f 1095/1161/1134 1094/1157/1134 1143/1185/1134 1144/1189/1134
f 1055/1162/1135 1054/1158/1135 1103/1186/1135 1104/1190/1135
f 1082/1163/1136 1081/1159/1136 1130/1187/1136 1131/1191/1136
f 1069/1164/1137 1068/1160/1137 1117/1188/1137 1118/1192/1137
f 1096/1165/1138 1095/1161/1138 1144/1189/1138 1145/1193/1138
f 1056/1166/1139 1055/1162/1139 1104/1190/1139 1105/1194/1139
f 1083/1167/1140 1082/1163/1140 1131/1191/1140 1132/1195/1140
f 1070/1168/1141 1069/1164/1141 1118/1192/1141 1119/1196/1141
f 1097/1169/1114 1096/1165/1114 1145/1193/1142 1146/1197/1142
f 1057/1170/1143 1056/1166/1143 1105/1194/1143 1106/1198/1143
f 1084/1171/1144 1083/1167/1144 1132/1195/1144 1133/1199/1144
f 1071/1121/1145 1070/1168/1145 1119/1196/1145 1120/1200/1145
f 1098/1123/1118 1097/1169/1118 1146/1197/1146 1147/1201/1146
f 1058/1125/1147 1057/1170/1147 1106/1198/1147 1107/1202/1147
f 1085/1127/1148 1084/1171/1148 1133/1199/1148 1134/1203/1148
f 1072/1122/1149 1071/1121/1149 1120/1200/1149 1121/1204/1149
f 1099/1124/1072 1098/1123/1072 1147/1201/1150 1148/1205/1150
f 1059/1126/1151 1058/1125/1151 1107/1202/1151 1108/1206/1151
f 1086/1128/1152 1085/1127/1152 1134/1203/1152 1135/1207/1152
f 1073/1129/1153 1072/1122/1153 1121/1204/1153 1122/1208/1153
f 21/1209/1048 1099/1124/1076 1148/1205/1154
f 1060/1131/1155 1059/1126/1155 1108/1206/1155 1109/1210/1155
f 1087/1132/1156 1086/1128/1156 1135/1207/1156 1136/1211/1156
f 1074/1133/1157 1073/1129/1157 1122/1208/1157 1123/1212/1157
f 1061/1134/1158 1060/1131/1158 1109/1210/1158 1110/1213/1158
f 1088/1135/1159 1087/1132/1159 1136/1211/1159 1137/1214/1159
f 1075/1136/1160 1074/1133/1160 1123/1212/1160 1124/1215/1160
f 1062/1137/1161 1061/1134/1161 1110/1213/1161 1111/1216/1161
f 1089/1138/1162 1088/1135/1162 1137/1214/1162 1138/1217/1162
f 1076/1139/1163 1075/1136/1163 1124/1215/1163 1125/1218/1163
f 1063/1140/1164 1062/1137/1164 1111/1216/1164 1112/1219/1164
f 1090/1141/1165 1089/1138/1165 1138/1217/1165 1139/1220/1165
f 1077/1142/1166 1076/1139/1166 1125/1218/1166 1126/1221/1166
f 1064/1143/1167 1063/1140/1167 1112/1219/1167 1113/1172/1167
f 1091/1144/1168 1090/1141/1168 1139/1220/1168 1140/1174/1168
f 1051/1146/1091 1/1222/880 1100/1176/1169
f 1078/1147/1170 1077/1142/1170 1126/1221/1170 1127/1178/1170
f 1120/1200/1171 1119/1196/1171 1168/1223/1171 1169/1224/1171
f 1147/1201/1146 1146/1197/1146 1195/1225/1172 1196/1226/1172
f 1107/1202/1173 1106/1198/1173 1155/1227/1173 1156/1228/1173
f 1134/1203/1174 1133/1199/1174 1182/1229/1174 1183/1230/1174
f 1121/1204/1175 1120/1200/1175 1169/1224/1175 1170/1231/1175
f 1148/1205/1150 1147/1201/1150 1196/1226/1176 1197/1232/1176
f 1108/1206/1177 1107/1202/1177 1156/1228/1177 1157/1233/1177
f 1135/1207/1178 1134/1203/1178 1183/1230/1178 1184/1234/1178
f 1122/1208/1179 1121/1204/1179 1170/1231/1179 1171/1235/1179
f 21/1236/1048 1148/1205/1154 1197/1232/1180
f 1109/1210/1181 1108/1206/1181 1157/1233/1181 1158/1237/1181
f 1136/1211/1182 1135/1207/1182 1184/1234/1182 1185/1238/1182
f 1123/1212/1183 1122/1208/1183 1171/1235/1183 1172/1239/1183
f 1110/1213/1184 1109/1210/1184 1158/1237/1184 1159/1240/1184
f 1137/1214/1185 1136/1211/1185 1185/1238/1185 1186/1241/1185
f 1124/1215/1186 1123/1212/1186 1172/1239/1186 1173/1242/1186
f 1111/1216/1187 1110/1213/1187 1159/1240/1187 1160/1243/1187
f 1138/1217/1188 1137/1214/1188 1186/1241/1188 1187/1244/1188
f 1125/1218/1189 1124/1215/1189 1173/1242/1189 1174/1245/1189
f 1112/1219/1190 1111/1216/1190 1160/1243/1190 1161/1246/1190
f 1139/1220/1191 1138/1217/1191 1187/1244/1191 1188/1247/1191
f 1126/1221/1192 1125/1218/1192 1174/1245/1192 1175/1248/1192
f 1113/1172/1193 1112/1219/1193 1161/1246/1193 1162/1249/1193
f 1140/1174/1194 1139/1220/1194 1188/1247/1194 1189/1250/1194
f 1100/1176/1169 1/1251/880 1149/1252/1195
f 1127/1178/1196 1126/1221/1196 1175/1248/1196 1176/1253/1196
f 1114/1173/1197 1113/1172/1197 1162/1249/1197 1163/1254/1197
f 1141/1175/1198 1140/1174/1198 1189/1250/1198 1190/1255/1198
f 1101/1177/1123 1100/1176/1123 1149/1252/1199 1150/1256/1199
f 1128/1179/1200 1127/1178/1200 1176/1253/1200 1177/1257/1200
f 1115/1180/1201 1114/1173/1201 1163/1254/1201 1164/1258/1201
f 1142/1181/1202 1141/1175/1202 1190/1255/1202 1191/1259/1202
f 1102/1182/1127 1101/1177/1127 1150/1256/1203 1151/1260/1203
f 1129/1183/1204 1128/1179/1204 1177/1257/1204 1178/1261/1204
f 1116/1184/1205 1115/1180/1205 1164/1258/1205 1165/1262/1205
f 1143/1185/1206 1142/1181/1206 1191/1259/1206 1192/1263/1206
f 1103/1186/1131 1102/1182/1131 1151/1260/1207 1152/1264/1207
f 1130/1187/1208 1129/1183/1208 1178/1261/1208 1179/1265/1208
f 1117/1188/1209 1116/1184/1209 1165/1262/1209 1166/1266/1209
f 1144/1189/1210 1143/1185/1210 1192/1263/1210 1193/1267/1210
f 1104/1190/1211 1103/1186/1211 1152/1264/1211 1153/1268/1211
f 1131/1191/1212 1130/1187/1212 1179/1265/1212 1180/1269/1212
f 1118/1192/1213 1117/1188/1213 1166/1266/1213 1167/1270/1213
f 1145/1193/1214 1144/1189/1214 1193/1267/1214 1194/1271/1214
f 1105/1194/1215 1104/1190/1215 1153/1268/1215 1154/1272/1215
f 1132/1195/1216 1131/1191/1216 1180/1269/1216 1181/1273/1216
f 1119/1196/1217 1118/1192/1217 1167/1270/1217 1168/1223/1217
f 1146/1197/1142 1145/1193/1142 1194/1271/1218 1195/1225/1218
f 1106/1198/1219 1105/1194/1219 1154/1272/1219 1155/1227/1219
f 1133/1199/1220 1132/1195/1220 1181/1273/1220 1182/1229/1220
f 1162/1249/1221 1161/1246/1221 1210/1274/1221 1211/1275/1221
f 1189/1250/1222 1188/1247/1222 1237/1276/1222 1238/1277/1222
f 1149/1252/1195 1/1278/880 1198/1279/1223
f 1176/1253/1224 1175/1248/1224 1224/1280/1224 1225/1281/1224
f 1163/1254/1225 1162/1249/1225 1211/1275/1225 1212/1282/1225
f 1190/1255/1226 1189/1250/1226 1238/1277/1226 1239/1283/1226
f 1150/1256/1199 1149/1252/1199 1198/1279/1227 1199/1284/1227
f 1177/1257/1228 1176/1253/1228 1225/1281/1228 1226/1285/1228
f 1164/1258/1229 1163/1254/1229 1212/1282/1229 1213/1286/1229
f 1191/1259/1230 1190/1255/1230 1239/1283/1230 1240/1287/1230
f 1151/1260/1203 1150/1256/1203 1199/1284/1231 1200/1288/1231
f 1178/1261/1232 1177/1257/1232 1226/1285/1232 1227/1289/1232
f 1165/1262/1233 1164/1258/1233 1213/1286/1233 1214/1290/1233
f 1192/1263/1234 1191/1259/1234 1240/1287/1234 1241/1291/1234
f 1152/1264/1207 1151/1260/1207 1200/1288/1235 1201/1292/1235
f 1179/1265/1236 1178/1261/1236 1227/1289/1236 1228/1293/1236
f 1166/1266/1237 1165/1262/1237 1214/1290/1237 1215/1294/1237
f 1193/1267/1238 1192/1263/1238 1241/1291/1238 1242/1295/1238
f 1153/1268/1239 1152/1264/1239 1201/1292/1239 1202/1296/1239
f 1180/1269/1240 1179/1265/1240 1228/1293/1240 1229/1297/1240
f 1167/1270/1241 1166/1266/1241 1215/1294/1241 1216/1298/1241
f 1194/1271/1242 1193/1267/1242 1242/1295/1242 1243/1299/1242
f 1154/1272/1243 1153/1268/1243 1202/1296/1243 1203/1300/1243
f 1181/1273/1244 1180/1269/1244 1229/1297/1244 1230/1301/1244
f 1168/1223/1245 1167/1270/1245 1216/1298/1245 1217/1302/1245
f 1195/1225/1218 1194/1271/1218 1243/1299/1246 1244/1303/1246
f 1155/1227/1247 1154/1272/1247 1203/1300/1247 1204/1304/1247
f 1182/1229/1248 1181/1273/1248 1230/1301/1248 1231/1305/1248
f 1169/1224/1249 1168/1223/1249 1217/1302/1249 1218/1306/1249
f 1196/1226/1172 1195/1225/1172 1244/1303/1250 1245/1307/1250
f 1156/1228/1251 1155/1227/1251 1204/1304/1251 1205/1308/1251
f 1183/1230/1252 1182/1229/1252 1231/1305/1252 1232/1309/1252
f 1170/1231/1253 1169/1224/1253 1218/1306/1253 1219/1310/1253
f 1197/1232/1176 1196/1226/1176 1245/1307/1254 1246/1311/1254
f 1157/1233/1255 1156/1228/1255 1205/1308/1255 1206/1312/1255
f 1184/1234/1256 1183/1230/1256 1232/1309/1256 1233/1313/1256
f 1171/1235/1257 1170/1231/1257 1219/1310/1257 1220/1314/1257
f 21/1315/1048 1197/1232/1180 1246/1311/1258
f 1158/1237/1259 1157/1233/1259 1206/1312/1259 1207/1316/1259
f 1185/1238/1260 1184/1234/1260 1233/1313/1260 1234/1317/1260
f 1172/1239/1261 1171/1235/1261 1220/1314/1261 1221/1318/1261
f 1159/1240/1262 1158/1237/1262 1207/1316/1262 1208/1319/1262
f 1186/1241/1263 1185/1238/1263 1234/1317/1263 1235/1320/1263
f 1173/1242/1264 1172/1239/1264 1221/1318/1264 1222/1321/1264
f 1160/1243/1265 1159/1240/1265 1208/1319/1265 1209/1322/1265
f 1187/1244/1266 1186/1241/1266 1235/1320/1266 1236/1323/1266
f 1174/1245/1267 1173/1242/1267 1222/1321/1267 1223/1324/1267
f 1161/1246/1268 1160/1243/1268 1209/1322/1268 1210/1274/1268
f 1188/1247/1269 1187/1244/1269 1236/1323/1269 1237/1276/1269
f 1175/1248/1270 1174/1245/1270 1223/1324/1270 1224/1280/1270
f 1217/1302/1271 1216/1298/1271 1265/1325/1271 1266/1326/1271
f 1244/1303/1246 1243/1299/1246 1292/1327/1272 1293/1328/1272
f 1204/1304/1273 1203/1300/1273 1252/1329/1273 1253/1330/1273
f 1231/1305/1274 1230/1301/1274 1279/1331/1274 1280/1332/1274
f 1218/1306/1275 1217/1302/1275 1266/1326/1275 1267/1333/1275
f 1245/1307/1250 1244/1303/1250 1293/1328/1276 1294/1334/1276
f 1205/1308/1277 1204/1304/1277 1253/1330/1277 1254/1335/1277
f 1232/1309/1278 1231/1305/1278 1280/1332/1278 1281/1336/1278
f 1219/1310/1279 1218/1306/1279 1267/1333/1279 1268/1337/1279
f 1246/1311/1254 1245/1307/1254 1294/1334/1280 1295/1338/1280
f 1206/1312/1281 1205/1308/1281 1254/1335/1281 1255/1339/1281
f 1233/1313/1282 1232/1309/1282 1281/1336/1282 1282/1340/1282
f 1220/1314/1283 1219/1310/1283 1268/1337/1283 1269/1341/1283
f 21/1342/1048 1246/1311/1258 1295/1338/1284
f 1207/1316/1285 1206/1312/1285 1255/1339/1285 1256/1343/1285
f 1234/1317/1286 1233/1313/1286 1282/1340/1286 1283/1344/1286
f 1221/1318/1287 1220/1314/1287 1269/1341/1287 1270/1345/1287
f 1208/1319/1288 1207/1316/1288 1256/1343/1288 1257/1346/1288
f 1235/1320/1289 1234/1317/1289 1283/1344/1289 1284/1347/1289
f 1222/1321/1290 1221/1318/1290 1270/1345/1290 1271/1348/1290
f 1209/1322/1291 1208/1319/1291 1257/1346/1291 1258/1349/1291
f 1236/1323/1292 1235/1320/1292 1284/1347/1292 1285/1350/1292
f 1223/1324/1293 1222/1321/1293 1271/1348/1293 1272/1351/1293
f 1210/1274/1294 1209/1322/1294 1258/1349/1294 1259/1352/1294
f 1237/1276/1295 1236/1323/1295 1285/1350/1295 1286/1353/1295
f 1224/1280/1296 1223/1324/1296 1272/1351/1296 1273/1354/1296
f 1211/1275/1297 1210/1274/1297 1259/1352/1297 1260/1355/1297
f 1238/1277/1298 1237/1276/1298 1286/1353/1298 1287/1356/1298
f 1198/1279/1299 1/1357/1300 1247/1358/1301
f 1225/1281/1302 1224/1280/1302 1273/1354/1302 1274/1359/1302
f 1212/1282/1303 1211/1275/1303 1260/1355/1303 1261/1360/1303
f 1239/1283/1304 1238/1277/1304 1287/1356/1304 1288/1361/1304
f 1199/1284/1227 1198/1279/1227 1247/1358/1305 1248/1362/1305
f 1226/1285/1306 1225/1281/1306 1274/1359/1306 1275/1363/1306
f 1213/1286/1307 1212/1282/1307 1261/1360/1307 1262/1364/1307
f 1240/1287/1308 1239/1283/1308 1288/1361/1308 1289/1365/1308
f 1200/1288/1231 1199/1284/1231 1248/1362/1309 1249/1366/1309
f 1227/1289/1310 1226/1285/1310 1275/1363/1310 1276/1367/1310
f 1214/1290/1311 1213/1286/1311 1262/1364/1311 1263/1368/1311
f 1241/1291/1312 1240/1287/1312 1289/1365/1312 1290/1369/1312
f 1201/1292/1235 1200/1288/1235 1249/1366/1313 1250/1370/1313
f 1228/1293/1314 1227/1289/1314 1276/1367/1314 1277/1371/1314
f 1215/1294/1315 1214/1290/1315 1263/1368/1315 1264/1372/1315
f 1242/1295/1316 1241/1291/1316 1290/1369/1316 1291/1373/1316
f 1202/1296/1317 1201/1292/1317 1250/1370/1317 1251/1374/1317
f 1229/1297/1318 1228/1293/1318 1277/1371/1318 1278/1375/1318
f 1216/1298/1319 1215/1294/1319 1264/1372/1319 1265/1325/1319
f 1243/1299/1320 1242/1295/1320 1291/1373/1320 1292/1327/1320
f 1203/1300/1321 1202/1296/1321 1251/1374/1321 1252/1329/1321
f 1230/1301/1322 1229/1297/1322 1278/1375/1322 1279/1331/1322
f 1259/1352/1323 1258/1349/1323 1307/1376/1323 1308/1377/1323
f 1286/1353/1324 1285/1350/1324 1334/1378/1324 1335/1379/1324
f 1273/1354/1325 1272/1351/1325 1321/1380/1325 1322/1381/1325
f 1260/1355/1326 1259/1352/1326 1308/1377/1326 1309/1382/1326
f 1287/1356/1327 1286/1353/1327 1335/1379/1327 1336/1383/1327
f 1247/1358/1301 1/1384/1300 1296/1385/1328
f 1274/1359/1329 1273/1354/1329 1322/1381/1329 1323/1386/1329
f 1261/1360/1330 1260/1355/1330 1309/1382/1330 1310/1387/1330
f 1288/1361/1331 1287/1356/1331 1336/1383/1331 1337/1388/1331
f 1248/1362/1305 1247/1358/1305 1296/1385/1332 1297/1389/1332
f 1275/1363/1333 1274/1359/1333 1323/1386/1333 1324/1390/1333
f 1262/1364/1334 1261/1360/1334 1310/1387/1334 1311/1391/1334
f 1289/1365/1335 1288/1361/1335 1337/1388/1335 1338/1392/1335
f 1249/1366/1309 1248/1362/1309 1297/1389/1336 1298/1393/1336
f 1276/1367/1337 1275/1363/1337 1324/1390/1337 1325/1394/1337
f 1263/1368/1338 1262/1364/1338 1311/1391/1338 1312/1395/1338
f 1290/1369/1339 1289/1365/1339 1338/1392/1339 1339/1396/1339
f 1250/1370/1313 1249/1366/1313 1298/1393/1340 1299/1397/1340
f 1277/1371/1341 1276/1367/1341 1325/1394/1341 1326/1398/1341
f 1264/1372/1342 1263/1368/1342 1312/1395/1342 1313/1399/1342
f 1291/1373/1343 1290/1369/1343 1339/1396/1343 1340/1400/1343
f 1251/1374/1344 1250/1370/1344 1299/1397/1344 1300/1401/1344
f 1278/1375/1345 1277/1371/1345 1326/1398/1345 1327/1402/1345
f 1265/1325/1346 1264/1372/1346 1313/1399/1346 1314/1403/1346
f 1292/1327/1347 1291/1373/1347 1340/1400/1347 1341/1404/1347
f 1252/1329/1348 1251/1374/1348 1300/1401/1348 1301/1405/1348
f 1279/1331/1349 1278/1375/1349 1327/1402/1349 1328/1406/1349
f 1266/1326/1350 1265/1325/1350 1314/1403/1350 1315/1407/1350
f 1293/1328/1272 1292/1327/1272 1341/1404/1351 1342/1408/1351
f 1253/1330/1352 1252/1329/1352 1301/1405/1352 1302/1409/1352
f 1280/1332/1353 1279/1331/1353 1328/1406/1353 1329/1410/1353
f 1267/1333/1354 1266/1326/1354 1315/1407/1354 1316/1411/1354
f 1294/1334/1276 1293/1328/1276 1342/1408/1355 1343/1412/1355
f 1254/1335/1356 1253/1330/1356 1302/1409/1356 1303/1413/1356
f 1281/1336/1357 1280/1332/1357 1329/1410/1357 1330/1414/1357
f 1268/1337/1358 1267/1333/1358 1316/1411/1358 1317/1415/1358
f 1295/1338/1280 1294/1334/1280 1343/1412/1359 1344/1416/1359
f 1255/1339/1360 1254/1335/1360 1303/1413/1360 1304/1417/1360
f 1282/1340/1361 1281/1336/1361 1330/1414/1361 1331/1418/1361
f 1269/1341/1362 1268/1337/1362 1317/1415/1362 1318/1419/1362
f 21/1420/1048 1295/1338/1284 1344/1416/1363
f 1256/1343/1364 1255/1339/1364 1304/1417/1364 1305/1421/1364
f 1283/1344/1365 1282/1340/1365 1331/1418/1365 1332/1422/1365
f 1270/1345/1366 1269/1341/1366 1318/1419/1366 1319/1423/1366
f 1257/1346/1367 1256/1343/1367 1305/1421/1367 1306/1424/1367
f 1284/1347/1368 1283/1344/1368 1332/1422/1368 1333/1425/1368
f 1271/1348/1369 1270/1345/1369 1319/1423/1369 1320/1426/1369
f 1258/1349/1370 1257/1346/1370 1306/1424/1370 1307/1376/1370
f 1285/1350/1371 1284/1347/1371 1333/1425/1371 1334/1378/1371
f 1272/1351/1372 1271/1348/1372 1320/1426/1372 1321/1380/1372
f 1314/1403/1373 1313/1399/1373 1362/1427/1373 1363/1428/1373
f 1341/1404/1374 1340/1400/1374 1389/1429/1374 1390/1430/1374
f 1301/1405/1375 1300/1401/1375 1349/1431/1375 1350/1432/1375
f 1328/1406/1376 1327/1402/1376 1376/1433/1376 1377/1434/1376
f 1315/1407/1377 1314/1403/1377 1363/1428/1377 1364/1435/1377
f 1342/1408/1351 1341/1404/1351 1390/1430/1378 1391/1436/1378
f 1302/1409/1379 1301/1405/1379 1350/1432/1379 1351/1437/1379
f 1329/1410/1380 1328/1406/1380 1377/1434/1380 1378/1438/1380
f 1316/1411/1381 1315/1407/1381 1364/1435/1381 1365/1439/1381
f 1343/1412/1355 1342/1408/1355 1391/1436/1382 1392/1440/1382
f 1303/1413/1383 1302/1409/1383 1351/1437/1383 1352/1441/1383
f 1330/1414/1384 1329/1410/1384 1378/1438/1384 1379/1442/1384
f 1317/1415/1385 1316/1411/1385 1365/1439/1385 1366/1443/1385
f 1344/1416/1359 1343/1412/1359 1392/1440/1386 1393/1444/1386
f 1304/1417/1387 1303/1413/1387 1352/1441/1387 1353/1445/1387
f 1331/1418/1388 1330/1414/1388 1379/1442/1388 1380/1446/1388
f 1318/1419/1389 1317/1415/1389 1366/1443/1389 1367/1447/1389
f 21/1448/1048 1344/1416/1363 1393/1444/1390
f 1305/1421/1391 1304/1417/1391 1353/1445/1391 1354/1449/1391
f 1332/1422/1392 1331/1418/1392 1380/1446/1392 1381/1450/1392
f 1319/1423/1393 1318/1419/1393 1367/1447/1393 1368/1451/1393
f 1306/1424/1394 1305/1421/1394 1354/1449/1394 1355/1452/1394
f 1333/1425/1395 1332/1422/1395 1381/1450/1395 1382/1453/1395
f 1320/1426/1396 1319/1423/1396 1368/1451/1396 1369/1454/1396
f 1307/1376/1397 1306/1424/1397 1355/1452/1397 1356/1455/1397
f 1334/1378/1398 1333/1425/1398 1382/1453/1398 1383/1456/1398
f 1321/1380/1399 1320/1426/1399 1369/1454/1399 1370/1457/1399
f 1308/1377/1400 1307/1376/1400 1356/1455/1400 1357/1458/1400
f 1335/1379/1401 1334/1378/1401 1383/1456/1401 1384/1459/1401
f 1322/1381/1402 1321/1380/1402 1370/1457/1402 1371/1460/1402
f 1309/1382/1403 1308/1377/1403 1357/1458/1403 1358/1461/1403
f 1336/1383/1404 1335/1379/1404 1384/1459/1404 1385/1462/1404
f 1296/1385/1328 1/1463/1300 1345/1464/1405
f 1323/1386/1406 1322/1381/1406 1371/1460/1406 1372/1465/1406
f 1310/1387/1407 1309/1382/1407 1358/1461/1407 1359/1466/1407
f 1337/1388/1408 1336/1383/1408 1385/1462/1408 1386/1467/1408
f 1297/1389/1332 1296/1385/1332 1345/1464/1409 1346/1468/1409
f 1324/1390/1410 1323/1386/1410 1372/1465/1410 1373/1469/1410
f 1311/1391/1411 1310/1387/1411 1359/1466/1411 1360/1470/1411
f 1338/1392/1412 1337/1388/1412 1386/1467/1412 1387/1471/1412
f 1298/1393/1336 1297/1389/1336 1346/1468/1413 1347/1472/1413
f 1325/1394/1414 1324/1390/1414 1373/1469/1414 1374/1473/1414
f 1312/1395/1415 1311/1391/1415 1360/1470/1415 1361/1474/1415
f 1339/1396/1416 1338/1392/1416 1387/1471/1416 1388/1475/1416
f 1299/1397/1340 1298/1393/1340 1347/1472/1417 1348/1476/1417
f 1326/1398/1418 1325/1394/1418 1374/1473/1418 1375/1477/1418
f 1313/1399/1419 1312/1395/1419 1361/1474/1419 1362/1427/1419
f 1340/1400/1420 1339/1396/1420 1388/1475/1420 1389/1429/1420
f 1300/1401/1421 1299/1397/1421 1348/1476/1421 1349/1431/1421
f 1327/1402/1422 1326/1398/1422 1375/1477/1422 1376/1433/1422
f 1356/1455/1423 1355/1452/1423 1404/1478/1423 1405/1479/1423
f 1383/1456/1424 1382/1453/1424 1431/1480/1424 1432/1481/1424
f 1370/1457/1425 1369/1454/1425 1418/1482/1425 1419/1483/1425
f 1357/1458/1426 1356/1455/1426 1405/1479/1426 1406/1484/1426
f 1384/1459/1427 1383/1456/1427 1432/1481/1427 1433/1485/1427
f 1371/1460/1428 1370/1457/1428 1419/1483/1428 1420/1486/1428
f 1358/1461/1429 1357/1458/1429 1406/1484/1429 1407/1487/1429
f 1385/1462/1430 1384/1459/1430 1433/1485/1430 1434/1488/1430
f 1345/1464/1405 1/1489/1300 1394/1490/1431
f 1372/1465/1432 1371/1460/1432 1420/1486/1432 1421/1491/1432
f 1359/1466/1433 1358/1461/1433 1407/1487/1433 1408/1492/1433
f 1386/1467/1434 1385/1462/1434 1434/1488/1434 1435/1493/1434
f 1346/1468/1409 1345/1464/1409 1394/1490/1435 1395/1494/1435
f 1373/1469/1436 1372/1465/1436 1421/1491/1436 1422/1495/1436
f 1360/1470/1437 1359/1466/1437 1408/1492/1437 1409/1496/1437
f 1387/1471/1438 1386/1467/1438 1435/1493/1438 1436/1497/1438
f 1347/1472/1413 1346/1468/1413 1395/1494/1439 1396/1498/1439
f 1374/1473/1440 1373/1469/1440 1422/1495/1440 1423/1499/1440
f 1361/1474/1441 1360/1470/1441 1409/1496/1441 1410/1500/1441
f 1388/1475/1442 1387/1471/1442 1436/1497/1442 1437/1501/1442
f 1348/1476/1417 1347/1472/1417 1396/1498/1443 1397/1502/1443
f 1375/1477/1444 1374/1473/1444 1423/1499/1444 1424/1503/1444
f 1362/1427/1445 1361/1474/1445 1410/1500/1445 1411/1504/1445
f 1389/1429/1446 1388/1475/1446 1437/1501/1446 1438/1505/1446
f 1349/1431/1447 1348/1476/1447 1397/1502/1447 1398/1506/1447
f 1376/1433/1448 1375/1477/1448 1424/1503/1448 1425/1507/1448
f 1363/1428/1449 1362/1427/1449 1411/1504/1449 1412/1508/1449
f 1390/1430/1450 1389/1429/1450 1438/1505/1450 1439/1509/1450
f 1350/1432/1451 1349/1431/1451 1398/1506/1451 1399/1510/1451
f 1377/1434/1452 1376/1433/1452 1425/1507/1452 1426/1511/1452
f 1364/1435/1453 1363/1428/1453 1412/1508/1453 1413/1512/1453
f 1391/1436/1378 1390/1430/1378 1439/1509/1454 1440/1513/1454
f 1351/1437/1455 1350/1432/1455 1399/1510/1455 1400/1514/1455
f 1378/1438/1456 1377/1434/1456 1426/1511/1456 1427/1515/1456
f 1365/1439/1457 1364/1435/1457 1413/1512/1457 1414/1516/1457
f 1392/1440/1382 1391/1436/1382 1440/1513/1458 1441/1517/1458
f 1352/1441/1459 1351/1437/1459 1400/1514/1459 1401/1518/1459
f 1379/1442/1460 1378/1438/1460 1427/1515/1460 1428/1519/1460
f 1366/1443/1461 1365/1439/1461 1414/1516/1461 1415/1520/1461
f 1393/1444/1386 1392/1440/1386 1441/1517/1462 1442/1521/1462
f 1353/1445/1463 1352/1441/1463 1401/1518/1463 1402/1522/1463
f 1380/1446/1464 1379/1442/1464 1428/1519/1464 1429/1523/1464
f 1367/1447/1465 1366/1443/1465 1415/1520/1465 1416/1524/1465
f 21/1525/1466 1393/1444/1467 1442/1521/1468
f 1354/1449/1469 1353/1445/1469 1402/1522/1469 1403/1526/1469
f 1381/1450/1470 1380/1446/1470 1429/1523/1470 1430/1527/1470
f 1368/1451/1471 1367/1447/1471 1416/1524/1471 1417/1528/1471
f 1355/1452/1472 1354/1449/1472 1403/1526/1472 1404/1478/1472
f 1382/1453/1473 1381/1450/1473 1430/1527/1473 1431/1480/1473
f 1369/1454/1474 1368/1451/1474 1417/1528/1474 1418/1482/1474
f 1411/1504/1475 1410/1500/1475 1459/1529/1475 1460/1530/1475
f 1438/1505/1476 1437/1501/1476 1486/1531/1476 1487/1532/1476
f 1398/1506/1477 1397/1502/1477 1446/1533/1477 1447/1534/1477
f 1425/1507/1478 1424/1503/1478 1473/1535/1478 1474/1536/1478
f 1412/1508/1479 1411/1504/1479 1460/1530/1479 1461/1537/1479
f 1439/1509/1480 1438/1505/1480 1487/1532/1480 1488/1538/1480
f 1399/1510/1481 1398/1506/1481 1447/1534/1481 1448/1539/1481
f 1426/1511/1482 1425/1507/1482 1474/1536/1482 1475/1540/1482
f 1413/1512/1483 1412/1508/1483 1461/1537/1483 1462/1541/1483
f 1440/1513/1454 1439/1509/1454 1488/1538/1484 1489/1542/1484
f 1400/1514/1485 1399/1510/1485 1448/1539/1485 1449/1543/1485
f 1427/1515/1486 1426/1511/1486 1475/1540/1486 1476/1544/1486
f 1414/1516/1487 1413/1512/1487 1462/1541/1487 1463/1545/1487
f 1441/1517/1458 1440/1513/1458 1489/1542/1488 1490/1546/1488
f 1401/1518/1489 1400/1514/1489 1449/1543/1489 1450/1547/1489
f 1428/1519/1490 1427/1515/1490 1476/1544/1490 1477/1548/1490
f 1415/1520/1491 1414/1516/1491 1463/1545/1491 1464/1549/1491
f 1442/1521/1462 1441/1517/1462 1490/1546/1492 1491/1550/1492
f 1402/1522/1493 1401/1518/1493 1450/1547/1493 1451/1551/1493
f 1429/1523/1494 1428/1519/1494 1477/1548/1494 1478/1552/1494
f 1416/1524/1495 1415/1520/1495 1464/1549/1495 1465/1553/1495
f 21/1554/1466 1442/1521/1468 1491/1550/1496
f 1403/1526/1497 1402/1522/1497 1451/1551/1497 1452/1555/1497
f 1430/1527/1498 1429/1523/1498 1478/1552/1498 1479/1556/1498
f 1417/1528/1499 1416/1524/1499 1465/1553/1499 1466/1557/1499
f 1404/1478/1500 1403/1526/1500 1452/1555/1500 1453/1558/1500
f 1431/1480/1501 1430/1527/1501 1479/1556/1501 1480/1559/1501
f 1418/1482/1502 1417/1528/1502 1466/1557/1502 1467/1560/1502
f 1405/1479/1503 1404/1478/1503 1453/1558/1503 1454/1561/1503
f 1432/1481/1504 1431/1480/1504 1480/1559/1504 1481/1562/1504
f 1419/1483/1505 1418/1482/1505 1467/1560/1505 1468/1563/1505
f 1406/1484/1506 1405/1479/1506 1454/1561/1506 1455/1564/1506
f 1433/1485/1507 1432/1481/1507 1481/1562/1507 1482/1565/1507
f 1420/1486/1508 1419/1483/1508 1468/1563/1508 1469/1566/1508
f 1407/1487/1509 1406/1484/1509 1455/1564/1509 1456/1567/1509
f 1434/1488/1510 1433/1485/1510 1482/1565/1510 1483/1568/1510
f 1394/1490/1431 1/1569/1300 1443/1570/1511
f 1421/1491/1512 1420/1486/1512 1469/1566/1512 1470/1571/1512
f 1408/1492/1513 1407/1487/1513 1456/1567/1513 1457/1572/1513
f 1435/1493/1514 1434/1488/1514 1483/1568/1514 1484/1573/1514
f 1395/1494/1435 1394/1490/1435 1443/1570/1515 1444/1574/1515
f 1422/1495/1516 1421/1491/1516 1470/1571/1516 1471/1575/1516
f 1409/1496/1517 1408/1492/1517 1457/1572/1517 1458/1576/1517
f 1436/1497/1518 1435/1493/1518 1484/1573/1518 1485/1577/1518
f 1396/1498/1439 1395/1494/1439 1444/1574/1519 1445/1578/1519
f 1423/1499/1520 1422/1495/1520 1471/1575/1520 1472/1579/1520
f 1410/1500/1521 1409/1496/1521 1458/1576/1521 1459/1529/1521
f 1437/1501/1522 1436/1497/1522 1485/1577/1522 1486/1531/1522
f 1397/1502/1443 1396/1498/1443 1445/1578/1523 1446/1533/1523
f 1424/1503/1524 1423/1499/1524 1472/1579/1524 1473/1535/1524
f 1453/1558/1525 1452/1555/1525 1501/1580/1525 1502/1581/1525
f 1480/1559/1526 1479/1556/1526 1528/1582/1526 1529/1583/1526
f 1467/1560/1527 1466/1557/1527 1515/1584/1527 1516/1585/1527
f 1454/1561/1528 1453/1558/1528 1502/1581/1528 1503/1586/1528
f 1481/1562/1529 1480/1559/1529 1529/1583/1529 1530/1587/1529
f 1468/1563/1530 1467/1560/1530 1516/1585/1530 1517/1588/1530
f 1455/1564/1531 1454/1561/1531 1503/1586/1531 1504/1589/1531
f 1482/1565/1532 1481/1562/1532 1530/1587/1532 1531/1590/1532
f 1469/1566/1533 1468/1563/1533 1517/1588/1533 1518/1591/1533
f 1456/1567/1534 1455/1564/1534 1504/1589/1534 1505/1592/1534
f 1483/1568/1535 1482/1565/1535 1531/1590/1535 1532/1593/1535
f 1443/1570/1511 1/1594/1300 1492/1595/1536
f 1470/1571/1537 1469/1566/1537 1518/1591/1537 1519/1596/1537
f 1457/1572/1538 1456/1567/1538 1505/1592/1538 1506/1597/1538
f 1484/1573/1539 1483/1568/1539 1532/1593/1539 1533/1598/1539
f 1444/1574/1515 1443/1570/1515 1492/1595/1540 1493/1599/1540
f 1471/1575/1541 1470/1571/1541 1519/1596/1541 1520/1600/1541
f 1458/1576/1542 1457/1572/1542 1506/1597/1542 1507/1601/1542
f 1485/1577/1543 1484/1573/1543 1533/1598/1543 1534/1602/1543
f 1445/1578/1519 1444/1574/1519 1493/1599/1544 1494/1603/1544
f 1472/1579/1545 1471/1575/1545 1520/1600/1545 1521/1604/1545
f 1459/1529/1546 1458/1576/1546 1507/1601/1546 1508/1605/1546
f 1486/1531/1547 1485/1577/1547 1534/1602/1547 1535/1606/1547
f 1446/1533/1523 1445/1578/1523 1494/1603/1548 1495/1607/1548
f 1473/1535/1549 1472/1579/1549 1521/1604/1549 1522/1608/1549
f 1460/1530/1550 1459/1529/1550 1508/1605/1550 1509/1609/1550
f 1487/1532/1551 1486/1531/1551 1535/1606/1551 1536/1610/1551
f 1447/1534/1552 1446/1533/1552 1495/1607/1552 1496/1611/1552
f 1474/1536/1553 1473/1535/1553 1522/1608/1553 1523/1612/1553
f 1461/1537/1554 1460/1530/1554 1509/1609/1554 1510/1613/1554
f 1488/1538/1555 1487/1532/1555 1536/1610/1555 1537/1614/1555
f 1448/1539/1556 1447/1534/1556 1496/1611/1556 1497/1615/1556
f 1475/1540/1557 1474/1536/1557 1523/1612/1557 1524/1616/1557
f 1462/1541/1558 1461/1537/1558 1510/1613/1558 1511/1617/1558
f 1489/1542/1484 1488/1538/1484 1537/1614/1559 1538/1618/1559
f 1449/1543/1560 1448/1539/1560 1497/1615/1560 1498/1619/1560
f 1476/1544/1561 1475/1540/1561 1524/1616/1561 1525/1620/1561
f 1463/1545/1562 1462/1541/1562 1511/1617/1562 1512/1621/1562
f 1490/1546/1488 1489/1542/1488 1538/1618/1563 1539/1622/1563
f 1450/1547/1564 1449/1543/1564 1498/1619/1564 1499/1623/1564
f 1477/1548/1565 1476/1544/1565 1525/1620/1565 1526/1624/1565
f 1464/1549/1566 1463/1545/1566 1512/1621/1566 1513/1625/1566
f 1491/1550/1492 1490/1546/1492 1539/1622/1567 1540/1626/1567
f 1451/1551/1568 1450/1547/1568 1499/1623/1568 1500/1627/1568
f 1478/1552/1569 1477/1548/1569 1526/1624/1569 1527/1628/1569
f 1465/1553/1570 1464/1549/1570 1513/1625/1570 1514/1629/1570
f 21/1630/1466 1491/1550/1496 1540/1626/1571
f 1452/1555/1572 1451/1551/1572 1500/1627/1572 1501/1580/1572
f 1479/1556/1573 1478/1552/1573 1527/1628/1573 1528/1582/1573
f 1466/1557/1574 1465/1553/1574 1514/1629/1574 1515/1584/1574
f 1508/1605/1575 1507/1601/1575 1556/1631/1575 1557/1632/1575
f 1535/1606/1576 1534/1602/1576 1583/1633/1576 1584/1634/1576
f 1495/1607/1548 1494/1603/1548 1543/1635/1577 1544/1636/1577
f 1522/1608/1578 1521/1604/1578 1570/1637/1578 1571/1638/1578
f 1509/1609/1579 1508/1605/1579 1557/1632/1579 1558/1639/1579
f 1536/1610/1580 1535/1606/1580 1584/1634/1580 1585/1640/1580
f 1496/1611/1581 1495/1607/1581 1544/1636/1581 1545/1641/1581
f 1523/1612/1582 1522/1608/1582 1571/1638/1582 1572/1642/1582
f 1510/1613/1583 1509/1609/1583 1558/1639/1583 1559/1643/1583
f 1537/1614/1584 1536/1610/1584 1585/1640/1584 1586/1644/1584
f 1497/1615/1585 1496/1611/1585 1545/1641/1585 1546/1645/1585
f 1524/1616/1586 1523/1612/1586 1572/1642/1586 1573/1646/1586
f 1511/1617/1587 1510/1613/1587 1559/1643/1587 1560/1647/1587
f 1538/1618/1559 1537/1614/1559 1586/1644/1588 1587/1648/1588
f 1498/1619/1589 1497/1615/1589 1546/1645/1589 1547/1649/1589
f 1525/1620/1590 1524/1616/1590 1573/1646/1590 1574/1650/1590
f 1512/1621/1591 1511/1617/1591 1560/1647/1591 1561/1651/1591
f 1539/1622/1563 1538/1618/1563 1587/1648/1592 1588/1652/1592
f 1499/1623/1593 1498/1619/1593 1547/1649/1593 1548/1653/1593
f 1526/1624/1594 1525/1620/1594 1574/1650/1594 1575/1654/1594
f 1513/1625/1595 1512/1621/1595 1561/1651/1595 1562/1655/1595
f 1540/1626/1567 1539/1622/1567 1588/1652/1596 1589/1656/1596
f 1500/1627/1597 1499/1623/1597 1548/1653/1597 1549/1657/1597
f 1527/1628/1598 1526/1624/1598 1575/1654/1598 1576/1658/1598
f 1514/1629/1599 1513/1625/1599 1562/1655/1599 1563/1659/1599
f 21/1660/1466 1540/1626/1571 1589/1656/1600
f 1501/1580/1601 1500/1627/1601 1549/1657/1601 1550/1661/1601
f 1528/1582/1602 1527/1628/1602 1576/1658/1602 1577/1662/1602
f 1515/1584/1603 1514/1629/1603 1563/1659/1603 1564/1663/1603
f 1502/1581/1604 1501/1580/1604 1550/1661/1604 1551/1664/1604
f 1529/1583/1605 1528/1582/1605 1577/1662/1605 1578/1665/1605
f 1516/1585/1606 1515/1584/1606 1564/1663/1606 1565/1666/1606
f 1503/1586/1607 1502/1581/1607 1551/1664/1607 1552/1667/1607
f 1530/1587/1608 1529/1583/1608 1578/1665/1608 1579/1668/1608
f 1517/1588/1609 1516/1585/1609 1565/1666/1609 1566/1669/1609
f 1504/1589/1610 1503/1586/1610 1552/1667/1610 1553/1670/1610
f 1531/1590/1611 1530/1587/1611 1579/1668/1611 1580/1671/1611
f 1518/1591/1612 1517/1588/1612 1566/1669/1612 1567/1672/1612
f 1505/1592/1613 1504/1589/1613 1553/1670/1613 1554/1673/1613
f 1532/1593/1614 1531/1590/1614 1580/1671/1614 1581/1674/1614
f 1492/1595/1536 1/1675/1300 1541/1676/1615
f 1519/1596/1616 1518/1591/1616 1567/1672/1616 1568/1677/1616
f 1506/1597/1617 1505/1592/1617 1554/1673/1617 1555/1678/1617
f 1533/1598/1618 1532/1593/1618 1581/1674/1618 1582/1679/1618
f 1493/1599/1540 1492/1595/1540 1541/1676/1619 1542/1680/1619
f 1520/1600/1620 1519/1596/1620 1568/1677/1620 1569/1681/1620
f 1507/1601/1621 1506/1597/1621 1555/1678/1621 1556/1631/1621
f 1534/1602/1622 1533/1598/1622 1582/1679/1622 1583/1633/1622
f 1494/1603/1544 1493/1599/1544 1542/1680/1623 1543/1635/1623
f 1521/1604/1624 1520/1600/1624 1569/1681/1624 1570/1637/1624
f 21/1682/1466 1589/1656/1600 1638/1683/1625
f 1550/1661/1626 1549/1657/1626 1598/1684/1626 1599/1685/1626
f 1577/1662/1627 1576/1658/1627 1625/1686/1627 1626/1687/1627
f 1564/1663/1628 1563/1659/1628 1612/1688/1628 1613/1689/1628
f 1551/1664/1629 1550/1661/1629 1599/1685/1629 1600/1690/1629
f 1578/1665/1630 1577/1662/1630 1626/1687/1630 1627/1691/1630
f 1565/1666/1631 1564/1663/1631 1613/1689/1631 1614/1692/1631
f 1552/1667/1632 1551/1664/1632 1600/1690/1632 1601/1693/1632
f 1579/1668/1633 1578/1665/1633 1627/1691/1633 1628/1694/1633
f 1566/1669/1634 1565/1666/1634 1614/1692/1634 1615/1695/1634
f 1553/1670/1635 1552/1667/1635 1601/1693/1635 1602/1696/1635
f 1580/1671/1636 1579/1668/1636 1628/1694/1636 1629/1697/1636
f 1567/1672/1637 1566/1669/1637 1615/1695/1637 1616/1698/1637
f 1554/1673/1638 1553/1670/1638 1602/1696/1638 1603/1699/1638
f 1581/1674/1639 1580/1671/1639 1629/1697/1639 1630/1700/1639
f 1541/1676/1615 1/1701/1300 1590/1702/1640
f 1568/1677/1641 1567/1672/1641 1616/1698/1641 1617/1703/1641
f 1555/1678/1642 1554/1673/1642 1603/1699/1642 1604/1704/1642
f 1582/1679/1643 1581/1674/1643 1630/1700/1643 1631/1705/1643
f 1542/1680/1619 1541/1676/1619 1590/1702/1644 1591/1706/1644
f 1569/1681/1645 1568/1677/1645 1617/1703/1645 1618/1707/1645
f 1556/1631/1646 1555/1678/1646 1604/1704/1646 1605/1708/1646
f 1583/1633/1647 1582/1679/1647 1631/1705/1647 1632/1709/1647
f 1543/1635/1623 1542/1680/1623 1591/1706/1648 1592/1710/1648
f 1570/1637/1649 1569/1681/1649 1618/1707/1649 1619/1711/1649
f 1557/1632/1650 1556/1631/1650 1605/1708/1650 1606/1712/1650
f 1584/1634/1651 1583/1633/1651 1632/1709/1651 1633/1713/1651
f 1544/1636/1577 1543/1635/1577 1592/1710/1652 1593/1714/1652
f 1571/1638/1653 1570/1637/1653 1619/1711/1653 1620/1715/1653
f 1558/1639/1654 1557/1632/1654 1606/1712/1654 1607/1716/1654
f 1585/1640/1655 1584/1634/1655 1633/1713/1655 1634/1717/1655
f 1545/1641/1656 1544/1636/1656 1593/1714/1656 1594/1718/1656
f 1572/1642/1657 1571/1638/1657 1620/1715/1657 1621/1719/1657
f 1559/1643/1658 1558/1639/1658 1607/1716/1658 1608/1720/1658
f 1586/1644/1659 1585/1640/1659 1634/1717/1659 1635/1721/1659
f 1546/1645/1660 1545/1641/1660 1594/1718/1660 1595/1722/1660
f 1573/1646/1661 1572/1642/1661 1621/1719/1661 1622/1723/1661
f 1560/1647/1662 1559/1643/1662 1608/1720/1662 1609/1724/1662
f 1587/1648/1588 1586/1644/1588 1635/1721/1663 1636/1725/1663
f 1547/1649/1664 1546/1645/1664 1595/1722/1664 1596/1726/1664
f 1574/1650/1665 1573/1646/1665 1622/1723/1665 1623/1727/1665
f 1561/1651/1666 1560/1647/1666 1609/1724/1666 1610/1728/1666
f 1588/1652/1592 1587/1648/1592 1636/1725/1667 1637/1729/1667
f 1548/1653/1668 1547/1649/1668 1596/1726/1668 1597/1730/1668
f 1575/1654/1669 1574/1650/1669 1623/1727/1669 1624/1731/1669
f 1562/1655/1670 1561/1651/1670 1610/1728/1670 1611/1732/1670
f 1589/1656/1596 1588/1652/1596 1637/1729/1671 1638/1683/1671
f 1549/1657/1672 1548/1653/1672 1597/1730/1672 1598/1684/1672
f 1576/1658/1673 1575/1654/1673 1624/1731/1673 1625/1686/1673
f 1563/1659/1674 1562/1655/1674 1611/1732/1674 1612/1688/1674
f 1601/1693/1675 1600/1690/1675 1649/1733/1675 1650/1734/1675
f 1628/1694/1676 1627/1691/1676 1676/1735/1676 1677/1736/1676
f 1615/1695/1677 1614/1692/1677 1663/1737/1677 1664/1738/1677
f 1602/1696/1678 1601/1693/1678 1650/1734/1678 1651/1739/1678
f 1629/1697/1679 1628/1694/1679 1677/1736/1679 1678/1740/1679
f 1616/1698/1680 1615/1695/1680 1664/1738/1680 1665/1741/1680
f 1603/1699/1681 1602/1696/1681 1651/1739/1681 1652/1742/1681
f 1630/1700/1682 1629/1697/1682 1678/1740/1682 1679/1743/1682
f 1590/1702/1683 1/1744/1684 1639/1745/1685
f 1617/1703/1686 1616/1698/1686 1665/1741/1686 1666/1746/1686
f 1604/1704/1687 1603/1699/1687 1652/1742/1687 1653/1747/1687
f 1631/1705/1688 1630/1700/1688 1679/1743/1688 1680/1748/1688
f 1591/1706/1644 1590/1702/1644 1639/1745/1689 1640/1749/1689
f 1618/1707/1690 1617/1703/1690 1666/1746/1690 1667/1750/1690
f 1605/1708/1691 1604/1704/1691 1653/1747/1691 1654/1751/1691
f 1632/1709/1692 1631/1705/1692 1680/1748/1692 1681/1752/1692
f 1592/1710/1648 1591/1706/1648 1640/1749/1693 1641/1753/1693
f 1619/1711/1694 1618/1707/1694 1667/1750/1694 1668/1754/1694
f 1606/1712/1695 1605/1708/1695 1654/1751/1695 1655/1755/1695
f 1633/1713/1696 1632/1709/1696 1681/1752/1696 1682/1756/1696
f 1593/1714/1652 1592/1710/1652 1641/1753/1697 1642/1757/1697
f 1620/1715/1698 1619/1711/1698 1668/1754/1698 1669/1758/1698
f 1607/1716/1699 1606/1712/1699 1655/1755/1699 1656/1759/1699
f 1634/1717/1700 1633/1713/1700 1682/1756/1700 1683/1760/1700
f 1594/1718/1701 1593/1714/1701 1642/1757/1701 1643/1761/1701
f 1621/1719/1702 1620/1715/1702 1669/1758/1702 1670/1762/1702
f 1608/1720/1703 1607/1716/1703 1656/1759/1703 1657/1763/1703
f 1635/1721/1704 1634/1717/1704 1683/1760/1704 1684/1764/1704
f 1595/1722/1705 1594/1718/1705 1643/1761/1705 1644/1765/1705
f 1622/1723/1706 1621/1719/1706 1670/1762/1706 1671/1766/1706
f 1609/1724/1707 1608/1720/1707 1657/1763/1707 1658/1767/1707
f 1636/1725/1663 1635/1721/1663 1684/1764/1708 1685/1768/1708
f 1596/1726/1709 1595/1722/1709 1644/1765/1709 1645/1769/1709
f 1623/1727/1710 1622/1723/1710 1671/1766/1710 1672/1770/1710
f 1610/1728/1711 1609/1724/1711 1658/1767/1711 1659/1771/1711
f 1637/1729/1667 1636/1725/1667 1685/1768/1712 1686/1772/1712
f 1597/1730/1713 1596/1726/1713 1645/1769/1713 1646/1773/1713
f 1624/1731/1714 1623/1727/1714 1672/1770/1714 1673/1774/1714
f 1611/1732/1715 1610/1728/1715 1659/1771/1715 1660/1775/1715
f 1638/1683/1671 1637/1729/1671 1686/1772/1716 1687/1776/1716
f 1598/1684/1717 1597/1730/1717 1646/1773/1717 1647/1777/1717
f 1625/1686/1718 1624/1731/1718 1673/1774/1718 1674/1778/1718
f 1612/1688/1719 1611/1732/1719 1660/1775/1719 1661/1779/1719
f 21/1780/1466 1638/1683/1625 1687/1776/1720
f 1599/1685/1721 1598/1684/1721 1647/1777/1721 1648/1781/1721
f 1626/1687/1722 1625/1686/1722 1674/1778/1722 1675/1782/1722
f 1613/1689/1723 1612/1688/1723 1661/1779/1723 1662/1783/1723
f 1600/1690/1724 1599/1685/1724 1648/1781/1724 1649/1733/1724
f 1627/1691/1725 1626/1687/1725 1675/1782/1725 1676/1735/1725
f 1614/1692/1726 1613/1689/1726 1662/1783/1726 1663/1737/1726
f 1683/1760/1727 1682/1756/1727 1731/1784/1727 1732/1785/1727
f 1643/1761/1728 1642/1757/1728 1691/1786/1728 1692/1787/1728
f 1670/1762/1729 1669/1758/1729 1718/1788/1729 1719/1789/1729
f 1657/1763/1730 1656/1759/1730 1705/1790/1730 1706/1791/1730
f 1684/1764/1731 1683/1760/1731 1732/1785/1731 1733/1792/1731
f 1644/1765/1732 1643/1761/1732 1692/1787/1732 1693/1793/1732
f 1671/1766/1733 1670/1762/1733 1719/1789/1733 1720/1794/1733
f 1658/1767/1734 1657/1763/1734 1706/1791/1734 1707/1795/1734
f 1685/1768/1708 1684/1764/1708 1733/1792/1735 1734/1796/1735
f 1645/1769/1736 1644/1765/1736 1693/1793/1736 1694/1797/1736
f 1672/1770/1737 1671/1766/1737 1720/1794/1737 1721/1798/1737
f 1659/1771/1738 1658/1767/1738 1707/1795/1738 1708/1799/1738
f 1686/1772/1712 1685/1768/1712 1734/1796/1739 1735/1800/1739
f 1646/1773/1740 1645/1769/1740 1694/1797/1740 1695/1801/1740
f 1673/1774/1741 1672/1770/1741 1721/1798/1741 1722/1802/1741
f 1660/1775/1742 1659/1771/1742 1708/1799/1742 1709/1803/1742
f 1687/1776/1716 1686/1772/1716 1735/1800/1743 1736/1804/1743
f 1647/1777/1744 1646/1773/1744 1695/1801/1744 1696/1805/1744
f 1674/1778/1745 1673/1774/1745 1722/1802/1745 1723/1806/1745
f 1661/1779/1746 1660/1775/1746 1709/1803/1746 1710/1807/1746
f 21/1808/1466 1687/1776/1720 1736/1804/1747
f 1648/1781/1748 1647/1777/1748 1696/1805/1748 1697/1809/1748
f 1675/1782/1749 1674/1778/1749 1723/1806/1749 1724/1810/1749
f 1662/1783/1750 1661/1779/1750 1710/1807/1750 1711/1811/1750
f 1649/1733/1751 1648/1781/1751 1697/1809/1751 1698/1812/1751
f 1676/1735/1752 1675/1782/1752 1724/1810/1752 1725/1813/1752
f 1663/1737/1753 1662/1783/1753 1711/1811/1753 1712/1814/1753
f 1650/1734/1754 1649/1733/1754 1698/1812/1754 1699/1815/1754
f 1677/1736/1755 1676/1735/1755 1725/1813/1755 1726/1816/1755
f 1664/1738/1756 1663/1737/1756 1712/1814/1756 1713/1817/1756
f 1651/1739/1757 1650/1734/1757 1699/1815/1757 1700/1818/1757
f 1678/1740/1758 1677/1736/1758 1726/1816/1758 1727/1819/1758
f 1665/1741/1759 1664/1738/1759 1713/1817/1759 1714/1820/1759
f 1652/1742/1760 1651/1739/1760 1700/1818/1760 1701/1821/1760
f 1679/1743/1761 1678/1740/1761 1727/1819/1761 1728/1822/1761
f 1639/1745/1685 1/1823/1684 1688/1824/1762
f 1666/1746/1763 1665/1741/1763 1714/1820/1763 1715/1825/1763
f 1653/1747/1764 1652/1742/1764 1701/1821/1764 1702/1826/1764
f 1680/1748/1765 1679/1743/1765 1728/1822/1765 1729/1827/1765
f 1640/1749/1689 1639/1745/1689 1688/1824/1766 1689/1828/1766
f 1667/1750/1767 1666/1746/1767 1715/1825/1767 1716/1829/1767
f 1654/1751/1768 1653/1747/1768 1702/1826/1768 1703/1830/1768
f 1681/1752/1769 1680/1748/1769 1729/1827/1769 1730/1831/1769
f 1641/1753/1693 1640/1749/1693 1689/1828/1770 1690/1832/1770
f 1668/1754/1771 1667/1750/1771 1716/1829/1771 1717/1833/1771
f 1655/1755/1772 1654/1751/1772 1703/1830/1772 1704/1834/1772
f 1682/1756/1773 1681/1752/1773 1730/1831/1773 1731/1784/1773
f 1642/1757/1697 1641/1753/1697 1690/1832/1774 1691/1786/1774
f 1669/1758/1775 1668/1754/1775 1717/1833/1775 1718/1788/1775
f 1656/1759/1776 1655/1755/1776 1704/1834/1776 1705/1790/1776
f 1698/1812/1777 1697/1809/1777 1746/1835/1777 1747/1836/1777
f 1725/1813/1778 1724/1810/1778 1773/1837/1778 1774/1838/1778
f 1712/1814/1779 1711/1811/1779 1760/1839/1779 1761/1840/1779
f 1699/1815/1780 1698/1812/1780 1747/1836/1780 1748/1841/1780
f 1726/1816/1781 1725/1813/1781 1774/1838/1781 1775/1842/1781
f 1713/1817/1782 1712/1814/1782 1761/1840/1782 1762/1843/1782
f 1700/1818/1783 1699/1815/1783 1748/1841/1783 1749/1844/1783
f 1727/1819/1784 1726/1816/1784 1775/1842/1784 1776/1845/1784
f 1714/1820/1785 1713/1817/1785 1762/1843/1785 1763/1846/1785
f 1701/1821/1786 1700/1818/1786 1749/1844/1786 1750/1847/1786
f 1728/1822/1787 1727/1819/1787 1776/1845/1787 1777/1848/1787
f 1688/1824/1762 1/1849/1684 1737/1850/1788
f 1715/1825/1789 1714/1820/1789 1763/1846/1789 1764/1851/1789
f 1702/1826/1790 1701/1821/1790 1750/1847/1790 1751/1852/1790
f 1729/1827/1791 1728/1822/1791 1777/1848/1791 1778/1853/1791
f 1689/1828/1766 1688/1824/1766 1737/1850/1792 1738/1854/1792
f 1716/1829/1793 1715/1825/1793 1764/1851/1793 1765/1855/1793
f 1703/1830/1794 1702/1826/1794 1751/1852/1794 1752/1856/1794
f 1730/1831/1795 1729/1827/1795 1778/1853/1795 1779/1857/1795
f 1690/1832/1770 1689/1828/1770 1738/1854/1796 1739/1858/1796
f 1717/1833/1797 1716/1829/1797 1765/1855/1797 1766/1859/1797
f 1704/1834/1798 1703/1830/1798 1752/1856/1798 1753/1860/1798
f 1731/1784/1799 1730/1831/1799 1779/1857/1799 1780/1861/1799
f 1691/1786/1774 1690/1832/1774 1739/1858/1800 1740/1862/1800
f 1718/1788/1801 1717/1833/1801 1766/1859/1801 1767/1863/1801
f 1705/1790/1802 1704/1834/1802 1753/1860/1802 1754/1864/1802
f 1732/1785/1803 1731/1784/1803 1780/1861/1803 1781/1865/1803
f 1692/1787/1804 1691/1786/1804 1740/1862/1804 1741/1866/1804
f 1719/1789/1805 1718/1788/1805 1767/1863/1805 1768/1867/1805
f 1706/1791/1806 1705/1790/1806 1754/1864/1806 1755/1868/1806
f 1733/1792/1807 1732/1785/1807 1781/1865/1807 1782/1869/1807
f 1693/1793/1808 1692/1787/1808 1741/1866/1808 1742/1870/1808
f 1720/1794/1809 1719/1789/1809 1768/1867/1809 1769/1871/1809
f 1707/1795/1810 1706/1791/1810 1755/1868/1810 1756/1872/1810
f 1734/1796/1735 1733/1792/1735 1782/1869/1811 1783/1873/1811
f 1694/1797/1812 1693/1793/1812 1742/1870/1812 1743/1874/1812
f 1721/1798/1813 1720/1794/1813 1769/1871/1813 1770/1875/1813
f 1708/1799/1814 1707/1795/1814 1756/1872/1814 1757/1876/1814
f 1735/1800/1739 1734/1796/1739 1783/1873/1815 1784/1877/1815
f 1695/1801/1816 1694/1797/1816 1743/1874/1816 1744/1878/1816
f 1722/1802/1817 1721/1798/1817 1770/1875/1817 1771/1879/1817
f 1709/1803/1818 1708/1799/1818 1757/1876/1818 1758/1880/1818
f 1736/1804/1743 1735/1800/1743 1784/1877/1819 1785/1881/1819
f 1696/1805/1820 1695/1801/1820 1744/1878/1820 1745/1882/1820
f 1723/1806/1821 1722/1802/1821 1771/1879/1821 1772/1883/1821
f 1710/1807/1822 1709/1803/1822 1758/1880/1822 1759/1884/1822
f 21/1885/1466 1736/1804/1747 1785/1881/1823
f 1697/1809/1824 1696/1805/1824 1745/1882/1824 1746/1835/1824
f 1724/1810/1825 1723/1806/1825 1772/1883/1825 1773/1837/1825
f 1711/1811/1826 1710/1807/1826 1759/1884/1826 1760/1839/1826
f 1780/1861/1827 1779/1857/1827 1828/1886/1827 1829/1887/1827
f 1740/1862/1800 1739/1858/1800 1788/1888/1828 1789/1889/1828
f 1767/1863/1829 1766/1859/1829 1815/1890/1829 1816/1891/1829
f 1754/1864/1830 1753/1860/1830 1802/1892/1830 1803/1893/1830
f 1781/1865/1831 1780/1861/1831 1829/1887/1831 1830/1894/1831
f 1741/1866/1832 1740/1862/1832 1789/1889/1832 1790/1895/1832
f 1768/1867/1833 1767/1863/1833 1816/1891/1833 1817/1896/1833
f 1755/1868/1834 1754/1864/1834 1803/1893/1834 1804/1897/1834
f 1782/1869/1835 1781/1865/1835 1830/1894/1835 1831/1898/1835
f 1742/1870/1836 1741/1866/1836 1790/1895/1836 1791/1899/1836
f 1769/1871/1837 1768/1867/1837 1817/1896/1837 1818/1900/1837
f 1756/1872/1838 1755/1868/1838 1804/1897/1838 1805/1901/1838
f 1783/1873/1811 1782/1869/1811 1831/1898/1839 1832/1902/1839
f 1743/1874/1840 1742/1870/1840 1791/1899/1840 1792/1903/1840
f 1770/1875/1841 1769/1871/1841 1818/1900/1841 1819/1904/1841
f 1757/1876/1842 1756/1872/1842 1805/1901/1842 1806/1905/1842
f 1784/1877/1815 1783/1873/1815 1832/1902/1843 1833/1906/1843
f 1744/1878/1844 1743/1874/1844 1792/1903/1844 1793/1907/1844
f 1771/1879/1845 1770/1875/1845 1819/1904/1845 1820/1908/1845
f 1758/1880/1846 1757/1876/1846 1806/1905/1846 1807/1909/1846
f 1785/1881/1819 1784/1877/1819 1833/1906/1847 1834/1910/1847
f 1745/1882/1848 1744/1878/1848 1793/1907/1848 1794/1911/1848
f 1772/1883/1849 1771/1879/1849 1820/1908/1849 1821/1912/1849
f 1759/1884/1850 1758/1880/1850 1807/1909/1850 1808/1913/1850
f 21/1914/1851 1785/1881/1852 1834/1910/1853
f 1746/1835/1854 1745/1882/1854 1794/1911/1854 1795/1915/1854
f 1773/1837/1855 1772/1883/1855 1821/1912/1855 1822/1916/1855
f 1760/1839/1856 1759/1884/1856 1808/1913/1856 1809/1917/1856
f 1747/1836/1857 1746/1835/1857 1795/1915/1857 1796/1918/1857
f 1774/1838/1858 1773/1837/1858 1822/1916/1858 1823/1919/1858
f 1761/1840/1859 1760/1839/1859 1809/1917/1859 1810/1920/1859
f 1748/1841/1860 1747/1836/1860 1796/1918/1860 1797/1921/1860
f 1775/1842/1861 1774/1838/1861 1823/1919/1861 1824/1922/1861
f 1762/1843/1862 1761/1840/1862 1810/1920/1862 1811/1923/1862
f 1749/1844/1863 1748/1841/1863 1797/1921/1863 1798/1924/1863
f 1776/1845/1864 1775/1842/1864 1824/1922/1864 1825/1925/1864
f 1763/1846/1865 1762/1843/1865 1811/1923/1865 1812/1926/1865
f 1750/1847/1866 1749/1844/1866 1798/1924/1866 1799/1927/1866
f 1777/1848/1867 1776/1845/1867 1825/1925/1867 1826/1928/1867
f 1737/1850/1788 1/1929/1684 1786/1930/1868
f 1764/1851/1869 1763/1846/1869 1812/1926/1869 1813/1931/1869
f 1751/1852/1870 1750/1847/1870 1799/1927/1870 1800/1932/1870
f 1778/1853/1871 1777/1848/1871 1826/1928/1871 1827/1933/1871
f 1738/1854/1792 1737/1850/1792 1786/1930/1872 1787/1934/1872
f 1765/1855/1873 1764/1851/1873 1813/1931/1873 1814/1935/1873
f 1752/1856/1874 1751/1852/1874 1800/1932/1874 1801/1936/1874
f 1779/1857/1875 1778/1853/1875 1827/1933/1875 1828/1886/1875
f 1739/1858/1796 1738/1854/1796 1787/1934/1876 1788/1888/1876
f 1766/1859/1877 1765/1855/1877 1814/1935/1877 1815/1890/1877
f 1753/1860/1878 1752/1856/1878 1801/1936/1878 1802/1892/1878
f 1795/1915/1879 1794/1911/1879 1843/1937/1879 1844/1938/1879
f 1822/1916/1880 1821/1912/1880 1870/1939/1880 1871/1940/1880
f 1809/1917/1881 1808/1913/1881 1857/1941/1881 1858/1942/1881
f 1796/1918/1882 1795/1915/1882 1844/1938/1882 1845/1943/1882
f 1823/1919/1883 1822/1916/1883 1871/1940/1883 1872/1944/1883
f 1810/1920/1884 1809/1917/1884 1858/1942/1884 1859/1945/1884
f 1797/1921/1885 1796/1918/1885 1845/1943/1885 1846/1946/1885
f 1824/1922/1886 1823/1919/1886 1872/1944/1886 1873/1947/1886
f 1811/1923/1887 1810/1920/1887 1859/1945/1887 1860/1948/1887
f 1798/1924/1888 1797/1921/1888 1846/1946/1888 1847/1949/1888
f 1825/1925/1889 1824/1922/1889 1873/1947/1889 1874/1950/1889
f 1812/1926/1890 1811/1923/1890 1860/1948/1890 1861/1951/1890
f 1799/1927/1891 1798/1924/1891 1847/1949/1891 1848/1952/1891
f 1826/1928/1892 1825/1925/1892 1874/1950/1892 1875/1953/1892
f 1786/1930/1868 1/1954/1684 1835/1955/1893
f 1813/1931/1894 1812/1926/1894 1861/1951/1894 1862/1956/1894
f 1800/1932/1895 1799/1927/1895 1848/1952/1895 1849/1957/1895
f 1827/1933/1896 1826/1928/1896 1875/1953/1896 1876/1958/1896
f 1787/1934/1872 1786/1930/1872 1835/1955/1897 1836/1959/1897
f 1814/1935/1898 1813/1931/1898 1862/1956/1898 1863/1960/1898
f 1801/1936/1899 1800/1932/1899 1849/1957/1899 1850/1961/1899
f 1828/1886/1900 1827/1933/1900 1876/1958/1900 1877/1962/1900
f 1788/1888/1876 1787/1934/1876 1836/1959/1901 1837/1963/1901
f 1815/1890/1902 1814/1935/1902 1863/1960/1902 1864/1964/1902
f 1802/1892/1903 1801/1936/1903 1850/1961/1903 1851/1965/1903
f 1829/1887/1904 1828/1886/1904 1877/1962/1904 1878/1966/1904
f 1789/1889/1828 1788/1888/1828 1837/1963/1905 1838/1967/1905
f 1816/1891/1906 1815/1890/1906 1864/1964/1906 1865/1968/1906
f 1803/1893/1907 1802/1892/1907 1851/1965/1907 1852/1969/1907
f 1830/1894/1908 1829/1887/1908 1878/1966/1908 1879/1970/1908
f 1790/1895/1909 1789/1889/1909 1838/1967/1909 1839/1971/1909
f 1817/1896/1910 1816/1891/1910 1865/1968/1910 1866/1972/1910
f 1804/1897/1911 1803/1893/1911 1852/1969/1911 1853/1973/1911
f 1831/1898/1912 1830/1894/1912 1879/1970/1912 1880/1974/1912
f 1791/1899/1913 1790/1895/1913 1839/1971/1913 1840/1975/1913
f 1818/1900/1914 1817/1896/1914 1866/1972/1914 1867/1976/1914
f 1805/1901/1915 1804/1897/1915 1853/1973/1915 1854/1977/1915
f 1832/1902/1839 1831/1898/1839 1880/1974/1916 1881/1978/1916
f 1792/1903/1917 1791/1899/1917 1840/1975/1917 1841/1979/1917
f 1819/1904/1918 1818/1900/1918 1867/1976/1918 1868/1980/1918
f 1806/1905/1919 1805/1901/1919 1854/1977/1919 1855/1981/1919
f 1833/1906/1843 1832/1902/1843 1881/1978/1920 1882/1982/1920
f 1793/1907/1921 1792/1903/1921 1841/1979/1921 1842/1983/1921
f 1820/1908/1922 1819/1904/1922 1868/1980/1922 1869/1984/1922
f 1807/1909/1923 1806/1905/1923 1855/1981/1923 1856/1985/1923
f 1834/1910/1847 1833/1906/1847 1882/1982/1924 1883/1986/1924
f 1794/1911/1925 1793/1907/1925 1842/1983/1925 1843/1937/1925
f 1821/1912/1926 1820/1908/1926 1869/1984/1926 1870/1939/1926
f 1808/1913/1927 1807/1909/1927 1856/1985/1927 1857/1941/1927
f 21/1987/1851 1834/1910/1853 1883/1986/1928
f 1877/1962/1929 1876/1958/1929 1925/1988/1929 1926/1989/1929
f 1837/1963/1901 1836/1959/1901 1885/1990/1930 1886/1991/1930
f 1864/1964/1931 1863/1960/1931 1912/1992/1931 1913/1993/1931
f 1851/1965/1932 1850/1961/1932 1899/1994/1932 1900/1995/1932
f 1878/1966/1933 1877/1962/1933 1926/1989/1933 1927/1996/1933
f 1838/1967/1905 1837/1963/1905 1886/1991/1934 1887/1997/1934
f 1865/1968/1935 1864/1964/1935 1913/1993/1935 1914/1998/1935
f 1852/1969/1936 1851/1965/1936 1900/1995/1936 1901/1999/1936
f 1879/1970/1937 1878/1966/1937 1927/1996/1937 1928/2000/1937
f 1839/1971/1938 1838/1967/1938 1887/1997/1938 1888/2001/1938
f 1866/1972/1939 1865/1968/1939 1914/1998/1939 1915/2002/1939
f 1853/1973/1940 1852/1969/1940 1901/1999/1940 1902/2003/1940
f 1880/1974/1941 1879/1970/1941 1928/2000/1941 1929/2004/1941
f 1840/1975/1942 1839/1971/1942 1888/2001/1942 1889/2005/1942
f 1867/1976/1943 1866/1972/1943 1915/2002/1943 1916/2006/1943
f 1854/1977/1944 1853/1973/1944 1902/2003/1944 1903/2007/1944
f 1881/1978/1916 1880/1974/1916 1929/2004/1945 1930/2008/1945
f 1841/1979/1946 1840/1975/1946 1889/2005/1946 1890/2009/1946
f 1868/1980/1947 1867/1976/1947 1916/2006/1947 1917/2010/1947
f 1855/1981/1948 1854/1977/1948 1903/2007/1948 1904/2011/1948
f 1882/1982/1920 1881/1978/1920 1930/2008/1949 1931/2012/1949
f 1842/1983/1950 1841/1979/1950 1890/2009/1950 1891/2013/1950
f 1869/1984/1951 1868/1980/1951 1917/2010/1951 1918/2014/1951
f 1856/1985/1952 1855/1981/1952 1904/2011/1952 1905/2015/1952
f 1883/1986/1924 1882/1982/1924 1931/2012/1953 1932/2016/1953
f 1843/1937/1954 1842/1983/1954 1891/2013/1954 1892/2017/1954
f 1870/1939/1955 1869/1984/1955 1918/2014/1955 1919/2018/1955
f 1857/1941/1956 1856/1985/1956 1905/2015/1956 1906/2019/1956
f 21/2020/1851 1883/1986/1928 1932/2016/1957
f 1844/1938/1958 1843/1937/1958 1892/2017/1958 1893/2021/1958
f 1871/1940/1959 1870/1939/1959 1919/2018/1959 1920/2022/1959
f 1858/1942/1960 1857/1941/1960 1906/2019/1960 1907/2023/1960
f 1845/1943/1961 1844/1938/1961 1893/2021/1961 1894/2024/1961
f 1872/1944/1962 1871/1940/1962 1920/2022/1962 1921/2025/1962
f 1859/1945/1963 1858/1942/1963 1907/2023/1963 1908/2026/1963
f 1846/1946/1964 1845/1943/1964 1894/2024/1964 1895/2027/1964
f 1873/1947/1965 1872/1944/1965 1921/2025/1965 1922/2028/1965
f 1860/1948/1966 1859/1945/1966 1908/2026/1966 1909/2029/1966
f 1847/1949/1967 1846/1946/1967 1895/2027/1967 1896/2030/1967
f 1874/1950/1968 1873/1947/1968 1922/2028/1968 1923/2031/1968
f 1861/1951/1969 1860/1948/1969 1909/2029/1969 1910/2032/1969
f 1848/1952/1970 1847/1949/1970 1896/2030/1970 1897/2033/1970
f 1875/1953/1971 1874/1950/1971 1923/2031/1971 1924/2034/1971
f 1835/1955/1893 1/2035/1684 1884/2036/1972
f 1862/1956/1973 1861/1951/1973 1910/2032/1973 1911/2037/1973
f 1849/1957/1974 1848/1952/1974 1897/2033/1974 1898/2038/1974
f 1876/1958/1975 1875/1953/1975 1924/2034/1975 1925/1988/1975
f 1836/1959/1897 1835/1955/1897 1884/2036/1976 1885/1990/1976
f 1863/1960/1977 1862/1956/1977 1911/2037/1977 1912/1992/1977
f 1850/1961/1978 1849/1957/1978 1898/2038/1978 1899/1994/1978
f 1892/2017/1979 1891/2013/1979 1940/2039/1979 1941/2040/1979
f 1919/2018/1980 1918/2014/1980 1967/2041/1980 1968/2042/1980
f 1906/2019/1981 1905/2015/1981 1954/2043/1981 1955/2044/1981
f 21/2045/1851 1932/2016/1957 1981/2046/1982
f 1893/2021/1983 1892/2017/1983 1941/2040/1983 1942/2047/1983
f 1920/2022/1984 1919/2018/1984 1968/2042/1984 1969/2048/1984
f 1907/2023/1985 1906/2019/1985 1955/2044/1985 1956/2049/1985
f 1894/2024/1986 1893/2021/1986 1942/2047/1986 1943/2050/1986
f 1921/2025/1987 1920/2022/1987 1969/2048/1987 1970/2051/1987
f 1908/2026/1988 1907/2023/1988 1956/2049/1988 1957/2052/1988
f 1895/2027/1989 1894/2024/1989 1943/2050/1989 1944/2053/1989
f 1922/2028/1990 1921/2025/1990 1970/2051/1990 1971/2054/1990
f 1909/2029/1991 1908/2026/1991 1957/2052/1991 1958/2055/1991
f 1896/2030/1992 1895/2027/1992 1944/2053/1992 1945/2056/1992
f 1923/2031/1993 1922/2028/1993 1971/2054/1993 1972/2057/1993
f 1910/2032/1994 1909/2029/1994 1958/2055/1994 1959/2058/1994
f 1897/2033/1995 1896/2030/1995 1945/2056/1995 1946/2059/1995
f 1924/2034/1996 1923/2031/1996 1972/2057/1996 1973/2060/1996
f 1884/2036/1972 1/2061/1684 1933/2062/1997
f 1911/2037/1998 1910/2032/1998 1959/2058/1998 1960/2063/1998
f 1898/2038/1999 1897/2033/1999 1946/2059/1999 1947/2064/1999
f 1925/1988/2000 1924/2034/2000 1973/2060/2000 1974/2065/2000
f 1885/1990/1976 1884/2036/1976 1933/2062/2001 1934/2066/2001
f 1912/1992/2002 1911/2037/2002 1960/2063/2002 1961/2067/2002
f 1899/1994/2003 1898/2038/2003 1947/2064/2003 1948/2068/2003
f 1926/1989/2004 1925/1988/2004 1974/2065/2004 1975/2069/2004
f 1886/1991/1930 1885/1990/1930 1934/2066/2005 1935/2070/2005
f 1913/1993/2006 1912/1992/2006 1961/2067/2006 1962/2071/2006
f 1900/1995/2007 1899/1994/2007 1948/2068/2007 1949/2072/2007
f 1927/1996/2008 1926/1989/2008 1975/2069/2008 1976/2073/2008
f 1887/1997/1934 1886/1991/1934 1935/2070/2009 1936/2074/2009
f 1914/1998/2010 1913/1993/2010 1962/2071/2010 1963/2075/2010
f 1901/1999/2011 1900/1995/2011 1949/2072/2011 1950/2076/2011
f 1928/2000/2012 1927/1996/2012 1976/2073/2012 1977/2077/2012
f 1888/2001/2013 1887/1997/2013 1936/2074/2013 1937/2078/2013
f 1915/2002/2014 1914/1998/2014 1963/2075/2014 1964/2079/2014
f 1902/2003/2015 1901/1999/2015 1950/2076/2015 1951/2080/2015
f 1929/2004/2016 1928/2000/2016 1977/2077/2016 1978/2081/2016
f 1889/2005/2017 1888/2001/2017 1937/2078/2017 1938/2082/2017
f 1916/2006/2018 1915/2002/2018 1964/2079/2018 1965/2083/2018
f 1903/2007/2019 1902/2003/2019 1951/2080/2019 1952/2084/2019
f 1930/2008/1945 1929/2004/1945 1978/2081/2020 1979/2085/2020
f 1890/2009/2021 1889/2005/2021 1938/2082/2021 1939/2086/2021
f 1917/2010/2022 1916/2006/2022 1965/2083/2022 1966/2087/2022
f 1904/2011/2023 1903/2007/2023 1952/2084/2023 1953/2088/2023
f 1931/2012/1949 1930/2008/1949 1979/2085/2024 1980/2089/2024
f 1891/2013/2025 1890/2009/2025 1939/2086/2025 1940/2039/2025
f 1918/2014/2026 1917/2010/2026 1966/2087/2026 1967/2041/2026
f 1905/2015/2027 1904/2011/2027 1953/2088/2027 1954/2043/2027
f 1932/2016/1953 1931/2012/1953 1980/2089/2028 1981/2046/2028
f 1974/2065/2029 1973/2060/2029 2022/2090/2029 2023/2091/2029
f 1934/2066/2001 1933/2062/2001 1982/2092/2030 1983/2093/2030
f 1961/2067/2031 1960/2063/2031 2009/2094/2031 2010/2095/2031
f 1948/2068/2032 1947/2064/2032 1996/2096/2032 1997/2097/2032
f 1975/2069/2033 1974/2065/2033 2023/2091/2033 2024/2098/2033
f 1935/2070/2005 1934/2066/2005 1983/2093/2034 1984/2099/2034
f 1962/2071/2035 1961/2067/2035 2010/2095/2035 2011/2100/2035
f 1949/2072/2036 1948/2068/2036 1997/2097/2036 1998/2101/2036
f 1976/2073/2037 1975/2069/2037 2024/2098/2037 2025/2102/2037
f 1936/2074/2009 1935/2070/2009 1984/2099/2038 1985/2103/2038
f 1963/2075/2039 1962/2071/2039 2011/2100/2039 2012/2104/2039
f 1950/2076/2040 1949/2072/2040 1998/2101/2040 1999/2105/2040
f 1977/2077/2041 1976/2073/2041 2025/2102/2041 2026/2106/2041
f 1937/2078/2042 1936/2074/2042 1985/2103/2042 1986/2107/2042
f 1964/2079/2043 1963/2075/2043 2012/2104/2043 2013/2108/2043
f 1951/2080/2044 1950/2076/2044 1999/2105/2044 2000/2109/2044
f 1978/2081/2045 1977/2077/2045 2026/2106/2045 2027/2110/2045
f 1938/2082/2046 1937/2078/2046 1986/2107/2046 1987/2111/2046
f 1965/2083/2047 1964/2079/2047 2013/2108/2047 2014/2112/2047
f 1952/2084/2048 1951/2080/2048 2000/2109/2048 2001/2113/2048
f 1979/2085/2020 1978/2081/2020 2027/2110/2049 2028/2114/2049
f 1939/2086/2050 1938/2082/2050 1987/2111/2050 1988/2115/2050
f 1966/2087/2051 1965/2083/2051 2014/2112/2051 2015/2116/2051
f 1953/2088/2052 1952/2084/2052 2001/2113/2052 2002/2117/2052
f 1980/2089/2024 1979/2085/2024 2028/2114/2053 2029/2118/2053
f 1940/2039/2054 1939/2086/2054 1988/2115/2054 1989/2119/2054
f 1967/2041/2055 1966/2087/2055 2015/2116/2055 2016/2120/2055
f 1954/2043/2056 1953/2088/2056 2002/2117/2056 2003/2121/2056
f 1981/2046/2028 1980/2089/2028 2029/2118/2057 2030/2122/2057
f 1941/2040/2058 1940/2039/2058 1989/2119/2058 1990/2123/2058
f 1968/2042/2059 1967/2041/2059 2016/2120/2059 2017/2124/2059
f 1955/2044/2060 1954/2043/2060 2003/2121/2060 2004/2125/2060
f 21/2126/1851 1981/2046/1982 2030/2122/2061
f 1942/2047/2062 1941/2040/2062 1990/2123/2062 1991/2127/2062
f 1969/2048/2063 1968/2042/2063 2017/2124/2063 2018/2128/2063
f 1956/2049/2064 1955/2044/2064 2004/2125/2064 2005/2129/2064
f 1943/2050/2065 1942/2047/2065 1991/2127/2065 1992/2130/2065
f 1970/2051/2066 1969/2048/2066 2018/2128/2066 2019/2131/2066
f 1957/2052/2067 1956/2049/2067 2005/2129/2067 2006/2132/2067
f 1944/2053/2068 1943/2050/2068 1992/2130/2068 1993/2133/2068
f 1971/2054/2069 1970/2051/2069 2019/2131/2069 2020/2134/2069
f 1958/2055/2070 1957/2052/2070 2006/2132/2070 2007/2135/2070
f 1945/2056/2071 1944/2053/2071 1993/2133/2071 1994/2136/2071
f 1972/2057/2072 1971/2054/2072 2020/2134/2072 2021/2137/2072
f 1959/2058/2073 1958/2055/2073 2007/2135/2073 2008/2138/2073
f 1946/2059/2074 1945/2056/2074 1994/2136/2074 1995/2139/2074
f 1973/2060/2075 1972/2057/2075 2021/2137/2075 2022/2090/2075
f 1933/2062/1997 1/2140/1684 1982/2092/2076
f 1960/2063/2077 1959/2058/2077 2008/2138/2077 2009/2094/2077
f 1947/2064/2078 1946/2059/2078 1995/2139/2078 1996/2096/2078
f 1989/2119/2079 1988/2115/2079 2037/2141/2079 2038/2142/2079
f 2016/2120/2080 2015/2116/2080 2064/2143/2080 2065/2144/2080
f 2003/2121/2081 2002/2117/2081 2051/2145/2081 2052/2146/2081
f 2030/2122/2057 2029/2118/2057 2078/2147/2082 2079/2148/2082
f 1990/2123/2083 1989/2119/2083 2038/2142/2083 2039/2149/2083
f 2017/2124/2084 2016/2120/2084 2065/2144/2084 2066/2150/2084
f 2004/2125/2085 2003/2121/2085 2052/2146/2085 2053/2151/2085
f 21/2152/1851 2030/2122/2061 2079/2148/2086
f 1991/2127/2087 1990/2123/2087 2039/2149/2087 2040/2153/2087
f 2018/2128/2088 2017/2124/2088 2066/2150/2088 2067/2154/2088
f 2005/2129/2089 2004/2125/2089 2053/2151/2089 2054/2155/2089
f 1992/2130/2090 1991/2127/2090 2040/2153/2090 2041/2156/2090
f 2019/2131/2091 2018/2128/2091 2067/2154/2091 2068/2157/2091
f 2006/2132/2092 2005/2129/2092 2054/2155/2092 2055/2158/2092
f 1993/2133/2093 1992/2130/2093 2041/2156/2093 2042/2159/2093
f 2020/2134/2094 2019/2131/2094 2068/2157/2094 2069/2160/2094
f 2007/2135/2095 2006/2132/2095 2055/2158/2095 2056/2161/2095
f 1994/2136/2096 1993/2133/2096 2042/2159/2096 2043/2162/2096
f 2021/2137/2097 2020/2134/2097 2069/2160/2097 2070/2163/2097
f 2008/2138/2098 2007/2135/2098 2056/2161/2098 2057/2164/2098
f 1995/2139/2099 1994/2136/2099 2043/2162/2099 2044/2165/2099
f 2022/2090/2100 2021/2137/2100 2070/2163/2100 2071/2166/2100
f 1982/2092/2101 1/2167/2102 2031/2168/2103
f 2009/2094/2104 2008/2138/2104 2057/2164/2104 2058/2169/2104
f 1996/2096/2105 1995/2139/2105 2044/2165/2105 2045/2170/2105
f 2023/2091/2106 2022/2090/2106 2071/2166/2106 2072/2171/2106
f 1983/2093/2030 1982/2092/2030 2031/2168/2107 2032/2172/2107
f 2010/2095/2108 2009/2094/2108 2058/2169/2108 2059/2173/2108
f 1997/2097/2109 1996/2096/2109 2045/2170/2109 2046/2174/2109
f 2024/2098/2110 2023/2091/2110 2072/2171/2110 2073/2175/2110
f 1984/2099/2034 1983/2093/2034 2032/2172/2111 2033/2176/2111
f 2011/2100/2112 2010/2095/2112 2059/2173/2112 2060/2177/2112
f 1998/2101/2113 1997/2097/2113 2046/2174/2113 2047/2178/2113
f 2025/2102/2114 2024/2098/2114 2073/2175/2114 2074/2179/2114
f 1985/2103/2038 1984/2099/2038 2033/2176/2115 2034/2180/2115
f 2012/2104/2116 2011/2100/2116 2060/2177/2116 2061/2181/2116
f 1999/2105/2117 1998/2101/2117 2047/2178/2117 2048/2182/2117
f 2026/2106/2118 2025/2102/2118 2074/2179/2118 2075/2183/2118
f 1986/2107/2119 1985/2103/2119 2034/2180/2119 2035/2184/2119
f 2013/2108/2120 2012/2104/2120 2061/2181/2120 2062/2185/2120
f 2000/2109/2121 1999/2105/2121 2048/2182/2121 2049/2186/2121
f 2027/2110/2122 2026/2106/2122 2075/2183/2122 2076/2187/2122
f 1987/2111/2123 1986/2107/2123 2035/2184/2123 2036/2188/2123
f 2014/2112/2124 2013/2108/2124 2062/2185/2124 2063/2189/2124
f 2001/2113/2125 2000/2109/2125 2049/2186/2125 2050/2190/2125
f 2028/2114/2049 2027/2110/2049 2076/2187/2126 2077/2191/2126
f 1988/2115/2127 1987/2111/2127 2036/2188/2127 2037/2141/2127
f 2015/2116/2128 2014/2112/2128 2063/2189/2128 2064/2143/2128
f 2002/2117/2129 2001/2113/2129 2050/2190/2129 2051/2145/2129
f 2029/2118/2053 2028/2114/2053 2077/2191/2130 2078/2147/2130
f 2071/2166/2131 2070/2163/2131 2119/2192/2131 2120/2193/2131
f 2031/2168/2103 1/2194/2102 2080/2195/2132
f 2058/2169/2133 2057/2164/2133 2106/2196/2133 2107/2197/2133
f 2045/2170/2134 2044/2165/2134 2093/2198/2134 2094/2199/2134
f 2072/2171/2135 2071/2166/2135 2120/2193/2135 2121/2200/2135
f 2032/2172/2107 2031/2168/2107 2080/2195/2136 2081/2201/2136
f 2059/2173/2137 2058/2169/2137 2107/2197/2137 2108/2202/2137
f 2046/2174/2138 2045/2170/2138 2094/2199/2138 2095/2203/2138
f 2073/2175/2139 2072/2171/2139 2121/2200/2139 2122/2204/2139
f 2033/2176/2111 2032/2172/2111 2081/2201/2140 2082/2205/2140
f 2060/2177/2141 2059/2173/2141 2108/2202/2141 2109/2206/2141
f 2047/2178/2142 2046/2174/2142 2095/2203/2142 2096/2207/2142
f 2074/2179/2143 2073/2175/2143 2122/2204/2143 2123/2208/2143
f 2034/2180/2115 2033/2176/2115 2082/2205/2144 2083/2209/2144
f 2061/2181/2145 2060/2177/2145 2109/2206/2145 2110/2210/2145
f 2048/2182/2146 2047/2178/2146 2096/2207/2146 2097/2211/2146
f 2075/2183/2147 2074/2179/2147 2123/2208/2147 2124/2212/2147
f 2035/2184/2148 2034/2180/2148 2083/2209/2148 2084/2213/2148
f 2062/2185/2149 2061/2181/2149 2110/2210/2149 2111/2214/2149
f 2049/2186/2150 2048/2182/2150 2097/2211/2150 2098/2215/2150
f 2076/2187/2151 2075/2183/2151 2124/2212/2151 2125/2216/2151
f 2036/2188/2152 2035/2184/2152 2084/2213/2152 2085/2217/2152
f 2063/2189/2153 2062/2185/2153 2111/2214/2153 2112/2218/2153
f 2050/2190/2154 2049/2186/2154 2098/2215/2154 2099/2219/2154
f 2077/2191/2126 2076/2187/2126 2125/2216/2155 2126/2220/2155
f 2037/2141/2156 2036/2188/2156 2085/2217/2156 2086/2221/2156
f 2064/2143/2157 2063/2189/2157 2112/2218/2157 2113/2222/2157
f 2051/2145/2158 2050/2190/2158 2099/2219/2158 2100/2223/2158
f 2078/2147/2130 2077/2191/2130 2126/2220/2159 2127/2224/2159
f 2038/2142/2160 2037/2141/2160 2086/2221/2160 2087/2225/2160
f 2065/2144/2161 2064/2143/2161 2113/2222/2161 2114/2226/2161
f 2052/2146/2162 2051/2145/2162 2100/2223/2162 2101/2227/2162
f 2079/2148/2082 2078/2147/2082 2127/2224/2163 2128/2228/2163
f 2039/2149/2164 2038/2142/2164 2087/2225/2164 2088/2229/2164
f 2066/2150/2165 2065/2144/2165 2114/2226/2165 2115/2230/2165
f 2053/2151/2166 2052/2146/2166 2101/2227/2166 2102/2231/2166
f 21/2232/1851 2079/2148/2086 2128/2228/2167
f 2040/2153/2168 2039/2149/2168 2088/2229/2168 2089/2233/2168
f 2067/2154/2169 2066/2150/2169 2115/2230/2169 2116/2234/2169
f 2054/2155/2170 2053/2151/2170 2102/2231/2170 2103/2235/2170
f 2041/2156/2171 2040/2153/2171 2089/2233/2171 2090/2236/2171
f 2068/2157/2172 2067/2154/2172 2116/2234/2172 2117/2237/2172
f 2055/2158/2173 2054/2155/2173 2103/2235/2173 2104/2238/2173
f 2042/2159/2174 2041/2156/2174 2090/2236/2174 2091/2239/2174
f 2069/2160/2175 2068/2157/2175 2117/2237/2175 2118/2240/2175
f 2056/2161/2176 2055/2158/2176 2104/2238/2176 2105/2241/2176
f 2043/2162/2177 2042/2159/2177 2091/2239/2177 2092/2242/2177
f 2070/2163/2178 2069/2160/2178 2118/2240/2178 2119/2192/2178
f 2057/2164/2179 2056/2161/2179 2105/2241/2179 2106/2196/2179
f 2044/2165/2180 2043/2162/2180 2092/2242/2180 2093/2198/2180
f 2086/2221/2181 2085/2217/2181 2134/2243/2181 2135/2244/2181
f 2113/2222/2182 2112/2218/2182 2161/2245/2182 2162/2246/2182
f 2100/2223/2183 2099/2219/2183 2148/2247/2183 2149/2248/2183
f 2127/2224/2159 2126/2220/2159 2175/2249/2184 2176/2250/2184
f 2087/2225/2185 2086/2221/2185 2135/2244/2185 2136/2251/2185
f 2114/2226/2186 2113/2222/2186 2162/2246/2186 2163/2252/2186
f 2101/2227/2187 2100/2223/2187 2149/2248/2187 2150/2253/2187
f 2128/2228/2163 2127/2224/2163 2176/2250/2188 2177/2254/2188
f 2088/2229/2189 2087/2225/2189 2136/2251/2189 2137/2255/2189
f 2115/2230/2190 2114/2226/2190 2163/2252/2190 2164/2256/2190
f 2102/2231/2191 2101/2227/2191 2150/2253/2191 2151/2257/2191
f 21/2258/1851 2128/2228/2167 2177/2254/2192
f 2089/2233/2193 2088/2229/2193 2137/2255/2193 2138/2259/2193
f 2116/2234/2194 2115/2230/2194 2164/2256/2194 2165/2260/2194
f 2103/2235/2195 2102/2231/2195 2151/2257/2195 2152/2261/2195
f 2090/2236/2196 2089/2233/2196 2138/2259/2196 2139/2262/2196
f 2117/2237/2197 2116/2234/2197 2165/2260/2197 2166/2263/2197
f 2104/2238/2198 2103/2235/2198 2152/2261/2198 2153/2264/2198
f 2091/2239/2199 2090/2236/2199 2139/2262/2199 2140/2265/2199
f 2118/2240/2200 2117/2237/2200 2166/2263/2200 2167/2266/2200
f 2105/2241/2201 2104/2238/2201 2153/2264/2201 2154/2267/2201
f 2092/2242/2202 2091/2239/2202 2140/2265/2202 2141/2268/2202
f 2119/2192/2203 2118/2240/2203 2167/2266/2203 2168/2269/2203
f 2106/2196/2204 2105/2241/2204 2154/2267/2204 2155/2270/2204
f 2093/2198/2205 2092/2242/2205 2141/2268/2205 2142/2271/2205
f 2120/2193/2206 2119/2192/2206 2168/2269/2206 2169/2272/2206
f 2080/2195/2132 1/2273/2102 2129/2274/2207
f 2107/2197/2208 2106/2196/2208 2155/2270/2208 2156/2275/2208
f 2094/2199/2209 2093/2198/2209 2142/2271/2209 2143/2276/2209
f 2121/2200/2210 2120/2193/2210 2169/2272/2210 2170/2277/2210
f 2081/2201/2136 2080/2195/2136 2129/2274/2211 2130/2278/2211
f 2108/2202/2212 2107/2197/2212 2156/2275/2212 2157/2279/2212
f 2095/2203/2213 2094/2199/2213 2143/2276/2213 2144/2280/2213
f 2122/2204/2214 2121/2200/2214 2170/2277/2214 2171/2281/2214
f 2082/2205/2140 2081/2201/2140 2130/2278/2215 2131/2282/2215
f 2109/2206/2216 2108/2202/2216 2157/2279/2216 2158/2283/2216
f 2096/2207/2217 2095/2203/2217 2144/2280/2217 2145/2284/2217
f 2123/2208/2218 2122/2204/2218 2171/2281/2218 2172/2285/2218
f 2083/2209/2144 2082/2205/2144 2131/2282/2219 2132/2286/2219
f 2110/2210/2220 2109/2206/2220 2158/2283/2220 2159/2287/2220
f 2097/2211/2221 2096/2207/2221 2145/2284/2221 2146/2288/2221
f 2124/2212/2222 2123/2208/2222 2172/2285/2222 2173/2289/2222
f 2084/2213/2223 2083/2209/2223 2132/2286/2223 2133/2290/2223
f 2111/2214/2224 2110/2210/2224 2159/2287/2224 2160/2291/2224
f 2098/2215/2225 2097/2211/2225 2146/2288/2225 2147/2292/2225
f 2125/2216/2226 2124/2212/2226 2173/2289/2226 2174/2293/2226
f 2085/2217/2227 2084/2213/2227 2133/2290/2227 2134/2243/2227
f 2112/2218/2228 2111/2214/2228 2160/2291/2228 2161/2245/2228
f 2099/2219/2229 2098/2215/2229 2147/2292/2229 2148/2247/2229
f 2126/2220/2155 2125/2216/2155 2174/2293/2230 2175/2249/2230
f 2168/2269/2231 2167/2266/2231 2216/2294/2231 2217/2295/2231
f 2155/2270/2232 2154/2267/2232 2203/2296/2232 2204/2297/2232
f 2142/2271/2233 2141/2268/2233 2190/2298/2233 2191/2299/2233
f 2169/2272/2234 2168/2269/2234 2217/2295/2234 2218/2300/2234
f 2129/2274/2207 1/2301/2102 2178/2302/2235
f 2156/2275/2236 2155/2270/2236 2204/2297/2236 2205/2303/2236
f 2143/2276/2237 2142/2271/2237 2191/2299/2237 2192/2304/2237
f 2170/2277/2238 2169/2272/2238 2218/2300/2238 2219/2305/2238
f 2130/2278/2211 2129/2274/2211 2178/2302/2239 2179/2306/2239
f 2157/2279/2240 2156/2275/2240 2205/2303/2240 2206/2307/2240
f 2144/2280/2241 2143/2276/2241 2192/2304/2241 2193/2308/2241
f 2171/2281/2242 2170/2277/2242 2219/2305/2242 2220/2309/2242
f 2131/2282/2215 2130/2278/2215 2179/2306/2243 2180/2310/2243
f 2158/2283/2244 2157/2279/2244 2206/2307/2244 2207/2311/2244
f 2145/2284/2245 2144/2280/2245 2193/2308/2245 2194/2312/2245
f 2172/2285/2246 2171/2281/2246 2220/2309/2246 2221/2313/2246
f 2132/2286/2219 2131/2282/2219 2180/2310/2247 2181/2314/2247
f 2159/2287/2248 2158/2283/2248 2207/2311/2248 2208/2315/2248
f 2146/2288/2249 2145/2284/2249 2194/2312/2249 2195/2316/2249
f 2173/2289/2250 2172/2285/2250 2221/2313/2250 2222/2317/2250
f 2133/2290/2251 2132/2286/2251 2181/2314/2251 2182/2318/2251
f 2160/2291/2252 2159/2287/2252 2208/2315/2252 2209/2319/2252
f 2147/2292/2253 2146/2288/2253 2195/2316/2253 2196/2320/2253
f 2174/2293/2254 2173/2289/2254 2222/2317/2254 2223/2321/2254
f 2134/2243/2255 2133/2290/2255 2182/2318/2255 2183/2322/2255
f 2161/2245/2256 2160/2291/2256 2209/2319/2256 2210/2323/2256
f 2148/2247/2257 2147/2292/2257 2196/2320/2257 2197/2324/2257
f 2175/2249/2230 2174/2293/2230 2223/2321/2258 2224/2325/2258
f 2135/2244/2259 2134/2243/2259 2183/2322/2259 2184/2326/2259
f 2162/2246/2260 2161/2245/2260 2210/2323/2260 2211/2327/2260
f 2149/2248/2261 2148/2247/2261 2197/2324/2261 2198/2328/2261
f 2176/2250/2184 2175/2249/2184 2224/2325/2262 2225/2329/2262
f 2136/2251/2263 2135/2244/2263 2184/2326/2263 2185/2330/2263
f 2163/2252/2264 2162/2246/2264 2211/2327/2264 2212/2331/2264
f 2150/2253/2265 2149/2248/2265 2198/2328/2265 2199/2332/2265
f 2177/2254/2188 2176/2250/2188 2225/2329/2266 2226/2333/2266
f 2137/2255/2267 2136/2251/2267 2185/2330/2267 2186/2334/2267
f 2164/2256/2268 2163/2252/2268 2212/2331/2268 2213/2335/2268
f 2151/2257/2269 2150/2253/2269 2199/2332/2269 2200/2336/2269
f 21/2337/2270 2177/2254/2271 2226/2333/2272
f 2138/2259/2273 2137/2255/2273 2186/2334/2273 2187/2338/2273
f 2165/2260/2274 2164/2256/2274 2213/2335/2274 2214/2339/2274
f 2152/2261/2275 2151/2257/2275 2200/2336/2275 2201/2340/2275
f 2139/2262/2276 2138/2259/2276 2187/2338/2276 2188/2341/2276
f 2166/2263/2277 2165/2260/2277 2214/2339/2277 2215/2342/2277
f 2153/2264/2278 2152/2261/2278 2201/2340/2278 2202/2343/2278
f 2140/2265/2279 2139/2262/2279 2188/2341/2279 2189/2344/2279
f 2167/2266/2280 2166/2263/2280 2215/2342/2280 2216/2294/2280
f 2154/2267/2281 2153/2264/2281 2202/2343/2281 2203/2296/2281
f 2141/2268/2282 2140/2265/2282 2189/2344/2282 2190/2298/2282
f 2183/2322/2283 2182/2318/2283 2231/2345/2283 2232/2346/2283
f 2210/2323/2284 2209/2319/2284 2258/2347/2284 2259/2348/2284
f 2197/2324/2285 2196/2320/2285 2245/2349/2285 2246/2350/2285
f 2224/2325/2258 2223/2321/2258 2272/2351/2286 2273/2352/2286
f 2184/2326/2287 2183/2322/2287 2232/2346/2287 2233/2353/2287
f 2211/2327/2288 2210/2323/2288 2259/2348/2288 2260/2354/2288
f 2198/2328/2289 2197/2324/2289 2246/2350/2289 2247/2355/2289
f 2225/2329/2262 2224/2325/2262 2273/2352/2290 2274/2356/2290
f 2185/2330/2291 2184/2326/2291 2233/2353/2291 2234/2357/2291
f 2212/2331/2292 2211/2327/2292 2260/2354/2292 2261/2358/2292
f 2199/2332/2293 2198/2328/2293 2247/2355/2293 2248/2359/2293
f 2226/2333/2266 2225/2329/2266 2274/2356/2294 2275/2360/2294
f 2186/2334/2295 2185/2330/2295 2234/2357/2295 2235/2361/2295
f 2213/2335/2296 2212/2331/2296 2261/2358/2296 2262/2362/2296
f 2200/2336/2297 2199/2332/2297 2248/2359/2297 2249/2363/2297
f 21/2364/2270 2226/2333/2272 2275/2360/2298
f 2187/2338/2299 2186/2334/2299 2235/2361/2299 2236/2365/2299
f 2214/2339/2300 2213/2335/2300 2262/2362/2300 2263/2366/2300
f 2201/2340/2301 2200/2336/2301 2249/2363/2301 2250/2367/2301
f 2188/2341/2302 2187/2338/2302 2236/2365/2302 2237/2368/2302
f 2215/2342/2303 2214/2339/2303 2263/2366/2303 2264/2369/2303
f 2202/2343/2304 2201/2340/2304 2250/2367/2304 2251/2370/2304
f 2189/2344/2305 2188/2341/2305 2237/2368/2305 2238/2371/2305
f 2216/2294/2306 2215/2342/2306 2264/2369/2306 2265/2372/2306
f 2203/2296/2307 2202/2343/2307 2251/2370/2307 2252/2373/2307
f 2190/2298/2308 2189/2344/2308 2238/2371/2308 2239/2374/2308
f 2217/2295/2309 2216/2294/2309 2265/2372/2309 2266/2375/2309
f 2204/2297/2310 2203/2296/2310 2252/2373/2310 2253/2376/2310
f 2191/2299/2311 2190/2298/2311 2239/2374/2311 2240/2377/2311
f 2218/2300/2312 2217/2295/2312 2266/2375/2312 2267/2378/2312
f 2178/2302/2235 1/2379/2102 2227/2380/2313
f 2205/2303/2314 2204/2297/2314 2253/2376/2314 2254/2381/2314
f 2192/2304/2315 2191/2299/2315 2240/2377/2315 2241/2382/2315
f 2219/2305/2316 2218/2300/2316 2267/2378/2316 2268/2383/2316
f 2179/2306/2239 2178/2302/2239 2227/2380/2317 2228/2384/2317
f 2206/2307/2318 2205/2303/2318 2254/2381/2318 2255/2385/2318
f 2193/2308/2319 2192/2304/2319 2241/2382/2319 2242/2386/2319
f 2220/2309/2320 2219/2305/2320 2268/2383/2320 2269/2387/2320
f 2180/2310/2243 2179/2306/2243 2228/2384/2321 2229/2388/2321
f 2207/2311/2322 2206/2307/2322 2255/2385/2322 2256/2389/2322
f 2194/2312/2323 2193/2308/2323 2242/2386/2323 2243/2390/2323
f 2221/2313/2324 2220/2309/2324 2269/2387/2324 2270/2391/2324
f 2181/2314/2247 2180/2310/2247 2229/2388/2325 2230/2392/2325
f 2208/2315/2326 2207/2311/2326 2256/2389/2326 2257/2393/2326
f 2195/2316/2327 2194/2312/2327 2243/2390/2327 2244/2394/2327
f 2222/2317/2328 2221/2313/2328 2270/2391/2328 2271/2395/2328
f 2182/2318/2329 2181/2314/2329 2230/2392/2329 2231/2345/2329
f 2209/2319/2330 2208/2315/2330 2257/2393/2330 2258/2347/2330
f 2196/2320/2331 2195/2316/2331 2244/2394/2331 2245/2349/2331
f 2223/2321/2332 2222/2317/2332 2271/2395/2332 2272/2351/2332
f 2265/2372/2333 2264/2369/2333 2313/2396/2333 2314/2397/2333
f 2252/2373/2334 2251/2370/2334 2300/2398/2334 2301/2399/2334
f 2239/2374/2335 2238/2371/2335 2287/2400/2335 2288/2401/2335
f 2266/2375/2336 2265/2372/2336 2314/2397/2336 2315/2402/2336
f 2253/2376/2337 2252/2373/2337 2301/2399/2337 2302/2403/2337
f 2240/2377/2338 2239/2374/2338 2288/2401/2338 2289/2404/2338
f 2267/2378/2339 2266/2375/2339 2315/2402/2339 2316/2405/2339
f 2227/2380/2313 1/2406/2102 2276/2407/2340
f 2254/2381/2341 2253/2376/2341 2302/2403/2341 2303/2408/2341
f 2241/2382/2342 2240/2377/2342 2289/2404/2342 2290/2409/2342
f 2268/2383/2343 2267/2378/2343 2316/2405/2343 2317/2410/2343
f 2228/2384/2317 2227/2380/2317 2276/2407/2344 2277/2411/2344
f 2255/2385/2345 2254/2381/2345 2303/2408/2345 2304/2412/2345
f 2242/2386/2346 2241/2382/2346 2290/2409/2346 2291/2413/2346
f 2269/2387/2347 2268/2383/2347 2317/2410/2347 2318/2414/2347
f 2229/2388/2321 2228/2384/2321 2277/2411/2348 2278/2415/2348
f 2256/2389/2349 2255/2385/2349 2304/2412/2349 2305/2416/2349
f 2243/2390/2350 2242/2386/2350 2291/2413/2350 2292/2417/2350
f 2270/2391/2351 2269/2387/2351 2318/2414/2351 2319/2418/2351
f 2230/2392/2325 2229/2388/2325 2278/2415/2352 2279/2419/2352
f 2257/2393/2353 2256/2389/2353 2305/2416/2353 2306/2420/2353
f 2244/2394/2354 2243/2390/2354 2292/2417/2354 2293/2421/2354
f 2271/2395/2355 2270/2391/2355 2319/2418/2355 2320/2422/2355
f 2231/2345/2356 2230/2392/2356 2279/2419/2356 2280/2423/2356
f 2258/2347/2357 2257/2393/2357 2306/2420/2357 2307/2424/2357
f 2245/2349/2358 2244/2394/2358 2293/2421/2358 2294/2425/2358
f 2272/2351/2359 2271/2395/2359 2320/2422/2359 2321/2426/2359
f 2232/2346/2360 2231/2345/2360 2280/2423/2360 2281/2427/2360
f 2259/2348/2361 2258/2347/2361 2307/2424/2361 2308/2428/2361
f 2246/2350/2362 2245/2349/2362 2294/2425/2362 2295/2429/2362
f 2273/2352/2286 2272/2351/2286 2321/2426/2363 2322/2430/2363
f 2233/2353/2364 2232/2346/2364 2281/2427/2364 2282/2431/2364
f 2260/2354/2365 2259/2348/2365 2308/2428/2365 2309/2432/2365
f 2247/2355/2366 2246/2350/2366 2295/2429/2366 2296/2433/2366
f 2274/2356/2290 2273/2352/2290 2322/2430/2367 2323/2434/2367
f 2234/2357/2368 2233/2353/2368 2282/2431/2368 2283/2435/2368
f 2261/2358/2369 2260/2354/2369 2309/2432/2369 2310/2436/2369
f 2248/2359/2370 2247/2355/2370 2296/2433/2370 2297/2437/2370
f 2275/2360/2294 2274/2356/2294 2323/2434/2371 2324/2438/2371
f 2235/2361/2372 2234/2357/2372 2283/2435/2372 2284/2439/2372
f 2262/2362/2373 2261/2358/2373 2310/2436/2373 2311/2440/2373
f 2249/2363/2374 2248/2359/2374 2297/2437/2374 2298/2441/2374
f 21/2442/2270 2275/2360/2298 2324/2438/2375
f 2236/2365/2376 2235/2361/2376 2284/2439/2376 2285/2443/2376
f 2263/2366/2377 2262/2362/2377 2311/2440/2377 2312/2444/2377
f 2250/2367/2378 2249/2363/2378 2298/2441/2378 2299/2445/2378
f 2237/2368/2379 2236/2365/2379 2285/2443/2379 2286/2446/2379
f 2264/2369/2380 2263/2366/2380 2312/2444/2380 2313/2396/2380
f 2251/2370/2381 2250/2367/2381 2299/2445/2381 2300/2398/2381
f 2238/2371/2382 2237/2368/2382 2286/2446/2382 2287/2400/2382
f 2280/2423/2383 2279/2419/2383 2328/2447/2383 2329/2448/2383
f 2307/2424/2384 2306/2420/2384 2355/2449/2384 2356/2450/2384
f 2294/2425/2385 2293/2421/2385 2342/2451/2385 2343/2452/2385
f 2321/2426/2386 2320/2422/2386 2369/2453/2386 2370/2454/2386
f 2281/2427/2387 2280/2423/2387 2329/2448/2387 2330/2455/2387
f 2308/2428/2388 2307/2424/2388 2356/2450/2388 2357/2456/2388
f 2295/2429/2389 2294/2425/2389 2343/2452/2389 2344/2457/2389
f 2322/2430/2363 2321/2426/2363 2370/2454/2390 2371/2458/2390
f 2282/2431/2391 2281/2427/2391 2330/2455/2391 2331/2459/2391
f 2309/2432/2392 2308/2428/2392 2357/2456/2392 2358/2460/2392
f 2296/2433/2393 2295/2429/2393 2344/2457/2393 2345/2461/2393
f 2323/2434/2367 2322/2430/2367 2371/2458/2394 2372/2462/2394
f 2283/2435/2395 2282/2431/2395 2331/2459/2395 2332/2463/2395
f 2310/2436/2396 2309/2432/2396 2358/2460/2396 2359/2464/2396
f 2297/2437/2397 2296/2433/2397 2345/2461/2397 2346/2465/2397
f 2324/2438/2371 2323/2434/2371 2372/2462/2398 2373/2466/2398
f 2284/2439/2399 2283/2435/2399 2332/2463/2399 2333/2467/2399
f 2311/2440/2400 2310/2436/2400 2359/2464/2400 2360/2468/2400
f 2298/2441/2401 2297/2437/2401 2346/2465/2401 2347/2469/2401
f 21/2470/2270 2324/2438/2375 2373/2466/2402
f 2285/2443/2403 2284/2439/2403 2333/2467/2403 2334/2471/2403
f 2312/2444/2404 2311/2440/2404 2360/2468/2404 2361/2472/2404
f 2299/2445/2405 2298/2441/2405 2347/2469/2405 2348/2473/2405
f 2286/2446/2406 2285/2443/2406 2334/2471/2406 2335/2474/2406
f 2313/2396/2407 2312/2444/2407 2361/2472/2407 2362/2475/2407
f 2300/2398/2408 2299/2445/2408 2348/2473/2408 2349/2476/2408
f 2287/2400/2409 2286/2446/2409 2335/2474/2409 2336/2477/2409
f 2314/2397/2410 2313/2396/2410 2362/2475/2410 2363/2478/2410
f 2301/2399/2411 2300/2398/2411 2349/2476/2411 2350/2479/2411
f 2288/2401/2412 2287/2400/2412 2336/2477/2412 2337/2480/2412
f 2315/2402/2413 2314/2397/2413 2363/2478/2413 2364/2481/2413
f 2302/2403/2414 2301/2399/2414 2350/2479/2414 2351/2482/2414
f 2289/2404/2415 2288/2401/2415 2337/2480/2415 2338/2483/2415
f 2316/2405/2416 2315/2402/2416 2364/2481/2416 2365/2484/2416
f 2276/2407/2340 1/2485/2102 2325/2486/2417
f 2303/2408/2418 2302/2403/2418 2351/2482/2418 2352/2487/2418
f 2290/2409/2419 2289/2404/2419 2338/2483/2419 2339/2488/2419
f 2317/2410/2420 2316/2405/2420 2365/2484/2420 2366/2489/2420
f 2277/2411/2344 2276/2407/2344 2325/2486/2421 2326/2490/2421
f 2304/2412/2422 2303/2408/2422 2352/2487/2422 2353/2491/2422
f 2291/2413/2423 2290/2409/2423 2339/2488/2423 2340/2492/2423
f 2318/2414/2424 2317/2410/2424 2366/2489/2424 2367/2493/2424
f 2278/2415/2348 2277/2411/2348 2326/2490/2425 2327/2494/2425
f 2305/2416/2426 2304/2412/2426 2353/2491/2426 2354/2495/2426
f 2292/2417/2427 2291/2413/2427 2340/2492/2427 2341/2496/2427
f 2319/2418/2428 2318/2414/2428 2367/2493/2428 2368/2497/2428
f 2279/2419/2352 2278/2415/2352 2327/2494/2429 2328/2447/2429
f 2306/2420/2430 2305/2416/2430 2354/2495/2430 2355/2449/2430
f 2293/2421/2431 2292/2417/2431 2341/2496/2431 2342/2451/2431
f 2320/2422/2432 2319/2418/2432 2368/2497/2432 2369/2453/2432
f 2362/2475/2433 2361/2472/2433 2410/2498/2433 2411/2499/2433
f 2349/2476/2434 2348/2473/2434 2397/2500/2434 2398/2501/2434
f 2336/2477/2435 2335/2474/2435 2384/2502/2435 2385/2503/2435
f 2363/2478/2436 2362/2475/2436 2411/2499/2436 2412/2504/2436
f 2350/2479/2437 2349/2476/2437 2398/2501/2437 2399/2505/2437
f 2337/2480/2438 2336/2477/2438 2385/2503/2438 2386/2506/2438
f 2364/2481/2439 2363/2478/2439 2412/2504/2439 2413/2507/2439
f 2351/2482/2440 2350/2479/2440 2399/2505/2440 2400/2508/2440
f 2338/2483/2441 2337/2480/2441 2386/2506/2441 2387/2509/2441
f 2365/2484/2442 2364/2481/2442 2413/2507/2442 2414/2510/2442
f 2325/2486/2417 1/2511/2102 2374/2512/2443
f 2352/2487/2444 2351/2482/2444 2400/2508/2444 2401/2513/2444
f 2339/2488/2445 2338/2483/2445 2387/2509/2445 2388/2514/2445
f 2366/2489/2446 2365/2484/2446 2414/2510/2446 2415/2515/2446
f 2326/2490/2421 2325/2486/2421 2374/2512/2447 2375/2516/2447
f 2353/2491/2448 2352/2487/2448 2401/2513/2448 2402/2517/2448
f 2340/2492/2449 2339/2488/2449 2388/2514/2449 2389/2518/2449
f 2367/2493/2450 2366/2489/2450 2415/2515/2450 2416/2519/2450
f 2327/2494/2425 2326/2490/2425 2375/2516/2451 2376/2520/2451
f 2354/2495/2452 2353/2491/2452 2402/2517/2452 2403/2521/2452
f 2341/2496/2453 2340/2492/2453 2389/2518/2453 2390/2522/2453
f 2368/2497/2454 2367/2493/2454 2416/2519/2454 2417/2523/2454
f 2328/2447/2429 2327/2494/2429 2376/2520/2455 2377/2524/2455
f 2355/2449/2456 2354/2495/2456 2403/2521/2456 2404/2525/2456
f 2342/2451/2457 2341/2496/2457 2390/2522/2457 2391/2526/2457
f 2369/2453/2458 2368/2497/2458 2417/2523/2458 2418/2527/2458
f 2329/2448/2459 2328/2447/2459 2377/2524/2459 2378/2528/2459
f 2356/2450/2460 2355/2449/2460 2404/2525/2460 2405/2529/2460
f 2343/2452/2461 2342/2451/2461 2391/2526/2461 2392/2530/2461
f 2370/2454/2462 2369/2453/2462 2418/2527/2462 2419/2531/2462
f 2330/2455/2463 2329/2448/2463 2378/2528/2463 2379/2532/2463
f 2357/2456/2464 2356/2450/2464 2405/2529/2464 2406/2533/2464
f 2344/2457/2465 2343/2452/2465 2392/2530/2465 2393/2534/2465
f 2371/2458/2390 2370/2454/2390 2419/2531/2466 2420/2535/2466
f 2331/2459/2467 2330/2455/2467 2379/2532/2467 2380/2536/2467
f 2358/2460/2468 2357/2456/2468 2406/2533/2468 2407/2537/2468
f 2345/2461/2469 2344/2457/2469 2393/2534/2469 2394/2538/2469
f 2372/2462/2394 2371/2458/2394 2420/2535/2470 2421/2539/2470
f 2332/2463/2471 2331/2459/2471 2380/2536/2471 2381/2540/2471
f 2359/2464/2472 2358/2460/2472 2407/2537/2472 2408/2541/2472
f 2346/2465/2473 2345/2461/2473 2394/2538/2473 2395/2542/2473
f 2373/2466/2398 2372/2462/2398 2421/2539/2474 2422/2543/2474
f 2333/2467/2475 2332/2463/2475 2381/2540/2475 2382/2544/2475
f 2360/2468/2476 2359/2464/2476 2408/2541/2476 2409/2545/2476
f 2347/2469/2477 2346/2465/2477 2395/2542/2477 2396/2546/2477
f 21/2547/2270 2373/2466/2402 2422/2543/2478
f 2334/2471/2479 2333/2467/2479 2382/2544/2479 2383/2548/2479
f 2361/2472/2480 2360/2468/2480 2409/2545/2480 2410/2498/2480
f 2348/2473/2481 2347/2469/2481 2396/2546/2481 2397/2500/2481
f 2335/2474/2482 2334/2471/2482 2383/2548/2482 2384/2502/2482
f 2377/2524/2455 2376/2520/2455 2425/2549/2483 2426/2550/2483
f 2397/2500/2484 2396/2546/2484 2445/2551/2484 2446/2552/2484
f 2411/2499/2485 2410/2498/2485 2459/2553/2485 2460/2554/2485
f 2378/2528/2486 2377/2524/2486 2426/2550/2486 2427/2555/2486
f 2398/2501/2487 2397/2500/2487 2446/2552/2487 2447/2556/2487
f 2412/2504/2488 2411/2499/2488 2460/2554/2488 2461/2557/2488
f 2379/2532/2489 2378/2528/2489 2427/2555/2489 2428/2558/2489
f 2399/2505/2490 2398/2501/2490 2447/2556/2490 2448/2559/2490
f 2413/2507/2491 2412/2504/2491 2461/2557/2491 2462/2560/2491
f 2380/2536/2492 2379/2532/2492 2428/2558/2492 2429/2561/2492
f 2400/2508/2493 2399/2505/2493 2448/2559/2493 2449/2562/2493
f 2414/2510/2494 2413/2507/2494 2462/2560/2494 2463/2563/2494
f 2381/2540/2495 2380/2536/2495 2429/2561/2495 2430/2564/2495
f 2401/2513/2496 2400/2508/2496 2449/2562/2496 2450/2565/2496
f 2415/2515/2497 2414/2510/2497 2463/2563/2497 2464/2566/2497
f 2382/2544/2498 2381/2540/2498 2430/2564/2498 2431/2567/2498
f 2402/2517/2499 2401/2513/2499 2450/2565/2499 2451/2568/2499
f 2416/2519/2500 2415/2515/2500 2464/2566/2500 2465/2569/2500
f 2383/2548/2501 2382/2544/2501 2431/2567/2501 2432/2570/2501
f 2403/2521/2502 2402/2517/2502 2451/2568/2502 2452/2571/2502
f 2390/2522/2503 2389/2518/2503 2438/2572/2503 2439/2573/2503
f 2417/2523/2504 2416/2519/2504 2465/2569/2504 2466/2574/2504
f 2384/2502/2505 2383/2548/2505 2432/2570/2505 2433/2575/2505
f 2404/2525/2506 2403/2521/2506 2452/2571/2506 2453/2576/2506
f 2391/2526/2507 2390/2522/2507 2439/2573/2507 2440/2577/2507
f 2418/2527/2508 2417/2523/2508 2466/2574/2508 2467/2578/2508
f 2385/2503/2509 2384/2502/2509 2433/2575/2509 2434/2579/2509
f 2405/2529/2510 2404/2525/2510 2453/2576/2510 2454/2580/2510
f 2392/2530/2511 2391/2526/2511 2440/2577/2511 2441/2581/2511
f 2419/2531/2512 2418/2527/2512 2467/2578/2512 2468/2582/2512
f 2386/2506/2513 2385/2503/2513 2434/2579/2513 2435/2583/2513
f 2406/2533/2514 2405/2529/2514 2454/2580/2514 2455/2584/2514
f 2393/2534/2515 2392/2530/2515 2441/2581/2515 2442/2585/2515
f 2420/2535/2466 2419/2531/2466 2468/2582/2516 2469/2586/2516
f 2387/2509/2517 2386/2506/2517 2435/2583/2517 2436/2587/2517
f 2407/2537/2518 2406/2533/2518 2455/2584/2518 2456/2588/2518
f 2374/2512/2519 1/2589/2520 2423/2590/2521
f 2394/2538/2522 2393/2534/2522 2442/2585/2522 2443/2591/2522
f 2421/2539/2470 2420/2535/2470 2469/2586/2523 2470/2592/2523
f 2388/2514/2524 2387/2509/2524 2436/2587/2524 2437/2593/2524
f 2408/2541/2525 2407/2537/2525 2456/2588/2525 2457/2594/2525
f 2375/2516/2447 2374/2512/2447 2423/2590/2526 2424/2595/2526
f 2395/2542/2527 2394/2538/2527 2443/2591/2527 2444/2596/2527
f 2422/2543/2474 2421/2539/2474 2470/2592/2528 2471/2597/2528
f 2389/2518/2529 2388/2514/2529 2437/2593/2529 2438/2572/2529
f 2409/2545/2530 2408/2541/2530 2457/2594/2530 2458/2598/2530
f 2376/2520/2451 2375/2516/2451 2424/2595/2531 2425/2549/2531
f 2396/2546/2532 2395/2542/2532 2444/2596/2532 2445/2551/2532
f 21/2599/2270 2422/2543/2478 2471/2597/2533
f 2410/2498/2534 2409/2545/2534 2458/2598/2534 2459/2553/2534
f 2452/2571/2535 2451/2568/2535 2500/2600/2535 2501/2601/2535
f 2439/2573/2536 2438/2572/2536 2487/2602/2536 2488/2603/2536
f 2466/2574/2537 2465/2569/2537 2514/2604/2537 2515/2605/2537
f 2426/2550/2483 2425/2549/2483 2474/2606/2538 2475/2607/2538
f 2453/2576/2539 2452/2571/2539 2501/2601/2539 2502/2608/2539
f 2440/2577/2540 2439/2573/2540 2488/2603/2540 2489/2609/2540
f 2467/2578/2541 2466/2574/2541 2515/2605/2541 2516/2610/2541
f 2427/2555/2542 2426/2550/2542 2475/2607/2542 2476/2611/2542
f 2454/2580/2543 2453/2576/2543 2502/2608/2543 2503/2612/2543
f 2441/2581/2544 2440/2577/2544 2489/2609/2544 2490/2613/2544
f 2468/2582/2545 2467/2578/2545 2516/2610/2545 2517/2614/2545
f 2428/2558/2546 2427/2555/2546 2476/2611/2546 2477/2615/2546
f 2455/2584/2547 2454/2580/2547 2503/2612/2547 2504/2616/2547
f 2442/2585/2548 2441/2581/2548 2490/2613/2548 2491/2617/2548
f 2469/2586/2516 2468/2582/2516 2517/2614/2549 2518/2618/2549
f 2429/2561/2550 2428/2558/2550 2477/2615/2550 2478/2619/2550
f 2456/2588/2551 2455/2584/2551 2504/2616/2551 2505/2620/2551
f 2443/2591/2552 2442/2585/2552 2491/2617/2552 2492/2621/2552
f 2470/2592/2523 2469/2586/2523 2518/2618/2553 2519/2622/2553
f 2430/2564/2554 2429/2561/2554 2478/2619/2554 2479/2623/2554
f 2457/2594/2555 2456/2588/2555 2505/2620/2555 2506/2624/2555
f 2444/2596/2556 2443/2591/2556 2492/2621/2556 2493/2625/2556
f 2471/2597/2528 2470/2592/2528 2519/2622/2557 2520/2626/2557
f 2431/2567/2558 2430/2564/2558 2479/2623/2558 2480/2627/2558
f 2458/2598/2559 2457/2594/2559 2506/2624/2559 2507/2628/2559
f 2445/2551/2560 2444/2596/2560 2493/2625/2560 2494/2629/2560
f 21/2630/2270 2471/2597/2533 2520/2626/2561
f 2432/2570/2562 2431/2567/2562 2480/2627/2562 2481/2631/2562
f 2459/2553/2563 2458/2598/2563 2507/2628/2563 2508/2632/2563
f 2446/2552/2564 2445/2551/2564 2494/2629/2564 2495/2633/2564
f 2433/2575/2565 2432/2570/2565 2481/2631/2565 2482/2634/2565
f 2460/2554/2566 2459/2553/2566 2508/2632/2566 2509/2635/2566
f 2447/2556/2567 2446/2552/2567 2495/2633/2567 2496/2636/2567
f 2434/2579/2568 2433/2575/2568 2482/2634/2568 2483/2637/2568
f 2461/2557/2569 2460/2554/2569 2509/2635/2569 2510/2638/2569
f 2448/2559/2570 2447/2556/2570 2496/2636/2570 2497/2639/2570
f 2435/2583/2571 2434/2579/2571 2483/2637/2571 2484/2640/2571
f 2462/2560/2572 2461/2557/2572 2510/2638/2572 2511/2641/2572
f 2449/2562/2573 2448/2559/2573 2497/2639/2573 2498/2642/2573
f 2436/2587/2574 2435/2583/2574 2484/2640/2574 2485/2643/2574
f 2463/2563/2575 2462/2560/2575 2511/2641/2575 2512/2644/2575
f 2423/2590/2521 1/2645/2520 2472/2646/2576
f 2450/2565/2577 2449/2562/2577 2498/2642/2577 2499/2647/2577
f 2437/2593/2578 2436/2587/2578 2485/2643/2578 2486/2648/2578
f 2464/2566/2579 2463/2563/2579 2512/2644/2579 2513/2649/2579
f 2424/2595/2526 2423/2590/2526 2472/2646/2580 2473/2650/2580
f 2451/2568/2581 2450/2565/2581 2499/2647/2581 2500/2600/2581
f 2438/2572/2582 2437/2593/2582 2486/2648/2582 2487/2602/2582
f 2465/2569/2583 2464/2566/2583 2513/2649/2583 2514/2604/2583
f 2425/2549/2531 2424/2595/2531 2473/2650/2584 2474/2606/2584
f 2494/2629/2585 2493/2625/2585 2542/2651/2585 2543/2652/2585
f 21/2653/2270 2520/2626/2561 2569/2654/2586
f 2481/2631/2587 2480/2627/2587 2529/2655/2587 2530/2656/2587
f 2508/2632/2588 2507/2628/2588 2556/2657/2588 2557/2658/2588
f 2495/2633/2589 2494/2629/2589 2543/2652/2589 2544/2659/2589
f 2482/2634/2590 2481/2631/2590 2530/2656/2590 2531/2660/2590
f 2509/2635/2591 2508/2632/2591 2557/2658/2591 2558/2661/2591
f 2496/2636/2592 2495/2633/2592 2544/2659/2592 2545/2662/2592
f 2483/2637/2593 2482/2634/2593 2531/2660/2593 2532/2663/2593
f 2510/2638/2594 2509/2635/2594 2558/2661/2594 2559/2664/2594
f 2497/2639/2595 2496/2636/2595 2545/2662/2595 2546/2665/2595
f 2484/2640/2596 2483/2637/2596 2532/2663/2596 2533/2666/2596
f 2511/2641/2597 2510/2638/2597 2559/2664/2597 2560/2667/2597
f 2498/2642/2598 2497/2639/2598 2546/2665/2598 2547/2668/2598
f 2485/2643/2599 2484/2640/2599 2533/2666/2599 2534/2669/2599
f 2512/2644/2600 2511/2641/2600 2560/2667/2600 2561/2670/2600
f 2472/2646/2576 1/2671/2520 2521/2672/2601
f 2499/2647/2602 2498/2642/2602 2547/2668/2602 2548/2673/2602
f 2486/2648/2603 2485/2643/2603 2534/2669/2603 2535/2674/2603
f 2513/2649/2604 2512/2644/2604 2561/2670/2604 2562/2675/2604
f 2473/2650/2580 2472/2646/2580 2521/2672/2605 2522/2676/2605
f 2500/2600/2606 2499/2647/2606 2548/2673/2606 2549/2677/2606
f 2487/2602/2607 2486/2648/2607 2535/2674/2607 2536/2678/2607
f 2514/2604/2608 2513/2649/2608 2562/2675/2608 2563/2679/2608
f 2474/2606/2584 2473/2650/2584 2522/2676/2609 2523/2680/2609
f 2501/2601/2610 2500/2600/2610 2549/2677/2610 2550/2681/2610
f 2488/2603/2611 2487/2602/2611 2536/2678/2611 2537/2682/2611
f 2515/2605/2612 2514/2604/2612 2563/2679/2612 2564/2683/2612
f 2475/2607/2538 2474/2606/2538 2523/2680/2613 2524/2684/2613
f 2502/2608/2614 2501/2601/2614 2550/2681/2614 2551/2685/2614
f 2489/2609/2615 2488/2603/2615 2537/2682/2615 2538/2686/2615
f 2516/2610/2616 2515/2605/2616 2564/2683/2616 2565/2687/2616
f 2476/2611/2617 2475/2607/2617 2524/2684/2617 2525/2688/2617
f 2503/2612/2618 2502/2608/2618 2551/2685/2618 2552/2689/2618
f 2490/2613/2619 2489/2609/2619 2538/2686/2619 2539/2690/2619
f 2517/2614/2620 2516/2610/2620 2565/2687/2620 2566/2691/2620
f 2477/2615/2621 2476/2611/2621 2525/2688/2621 2526/2692/2621
f 2504/2616/2622 2503/2612/2622 2552/2689/2622 2553/2693/2622
f 2491/2617/2623 2490/2613/2623 2539/2690/2623 2540/2694/2623
f 2518/2618/2549 2517/2614/2549 2566/2691/2624 2567/2695/2624
f 2478/2619/2625 2477/2615/2625 2526/2692/2625 2527/2696/2625
f 2505/2620/2626 2504/2616/2626 2553/2693/2626 2554/2697/2626
f 2492/2621/2627 2491/2617/2627 2540/2694/2627 2541/2698/2627
f 2519/2622/2553 2518/2618/2553 2567/2695/2628 2568/2699/2628
f 2479/2623/2629 2478/2619/2629 2527/2696/2629 2528/2700/2629
f 2506/2624/2630 2505/2620/2630 2554/2697/2630 2555/2701/2630
f 2493/2625/2631 2492/2621/2631 2541/2698/2631 2542/2651/2631
f 2520/2626/2557 2519/2622/2557 2568/2699/2632 2569/2654/2632
f 2480/2627/2633 2479/2623/2633 2528/2700/2633 2529/2655/2633
f 2507/2628/2634 2506/2624/2634 2555/2701/2634 2556/2657/2634
f 2549/2677/2635 2548/2673/2635 2597/2702/2635 2598/2703/2635
f 2536/2678/2636 2535/2674/2636 2584/2704/2636 2585/2705/2636
f 2563/2679/2637 2562/2675/2637 2611/2706/2637 2612/2707/2637
f 2523/2680/2609 2522/2676/2609 2571/2708/2638 2572/2709/2638
f 2550/2681/2639 2549/2677/2639 2598/2703/2639 2599/2710/2639
f 2537/2682/2640 2536/2678/2640 2585/2705/2640 2586/2711/2640
f 2564/2683/2641 2563/2679/2641 2612/2707/2641 2613/2712/2641
f 2524/2684/2613 2523/2680/2613 2572/2709/2642 2573/2713/2642
f 2551/2685/2643 2550/2681/2643 2599/2710/2643 2600/2714/2643
f 2538/2686/2644 2537/2682/2644 2586/2711/2644 2587/2715/2644
f 2565/2687/2645 2564/2683/2645 2613/2712/2645 2614/2716/2645
f 2525/2688/2646 2524/2684/2646 2573/2713/2646 2574/2717/2646
f 2552/2689/2647 2551/2685/2647 2600/2714/2647 2601/2718/2647
f 2539/2690/2648 2538/2686/2648 2587/2715/2648 2588/2719/2648
f 2566/2691/2649 2565/2687/2649 2614/2716/2649 2615/2720/2649
f 2526/2692/2650 2525/2688/2650 2574/2717/2650 2575/2721/2650
f 2553/2693/2651 2552/2689/2651 2601/2718/2651 2602/2722/2651
f 2540/2694/2652 2539/2690/2652 2588/2719/2652 2589/2723/2652
f 2567/2695/2624 2566/2691/2624 2615/2720/2653 2616/2724/2653
f 2527/2696/2654 2526/2692/2654 2575/2721/2654 2576/2725/2654
f 2554/2697/2655 2553/2693/2655 2602/2722/2655 2603/2726/2655
f 2541/2698/2656 2540/2694/2656 2589/2723/2656 2590/2727/2656
f 2568/2699/2628 2567/2695/2628 2616/2724/2657 2617/2728/2657
f 2528/2700/2658 2527/2696/2658 2576/2725/2658 2577/2729/2658
f 2555/2701/2659 2554/2697/2659 2603/2726/2659 2604/2730/2659
f 2542/2651/2660 2541/2698/2660 2590/2727/2660 2591/2731/2660
f 2569/2654/2632 2568/2699/2632 2617/2728/2661 2618/2732/2661
f 2529/2655/2662 2528/2700/2662 2577/2729/2662 2578/2733/2662
f 2556/2657/2663 2555/2701/2663 2604/2730/2663 2605/2734/2663
f 2543/2652/2664 2542/2651/2664 2591/2731/2664 2592/2735/2664
f 21/2736/2665 2569/2654/2666 2618/2732/2667
f 2530/2656/2668 2529/2655/2668 2578/2733/2668 2579/2737/2668
f 2557/2658/2669 2556/2657/2669 2605/2734/2669 2606/2738/2669
f 2544/2659/2670 2543/2652/2670 2592/2735/2670 2593/2739/2670
f 2531/2660/2671 2530/2656/2671 2579/2737/2671 2580/2740/2671
f 2558/2661/2672 2557/2658/2672 2606/2738/2672 2607/2741/2672
f 2545/2662/2673 2544/2659/2673 2593/2739/2673 2594/2742/2673
f 2532/2663/2674 2531/2660/2674 2580/2740/2674 2581/2743/2674
f 2559/2664/2675 2558/2661/2675 2607/2741/2675 2608/2744/2675
f 2546/2665/2676 2545/2662/2676 2594/2742/2676 2595/2745/2676
f 2533/2666/2677 2532/2663/2677 2581/2743/2677 2582/2746/2677
f 2560/2667/2678 2559/2664/2678 2608/2744/2678 2609/2747/2678
f 2547/2668/2679 2546/2665/2679 2595/2745/2679 2596/2748/2679
f 2534/2669/2680 2533/2666/2680 2582/2746/2680 2583/2749/2680
f 2561/2670/2681 2560/2667/2681 2609/2747/2681 2610/2750/2681
f 2521/2672/2601 1/2751/2520 2570/2752/2682
f 2548/2673/2683 2547/2668/2683 2596/2748/2683 2597/2702/2683
f 2535/2674/2684 2534/2669/2684 2583/2749/2684 2584/2704/2684
f 2562/2675/2685 2561/2670/2685 2610/2750/2685 2611/2706/2685
f 2522/2676/2605 2521/2672/2605 2570/2752/2686 2571/2708/2686
f 2591/2731/2687 2590/2727/2687 2639/2753/2687 2640/2754/2687
f 2618/2732/2661 2617/2728/2661 2666/2755/2688 2667/2756/2688
f 2578/2733/2689 2577/2729/2689 2626/2757/2689 2627/2758/2689
f 2605/2734/2690 2604/2730/2690 2653/2759/2690 2654/2760/2690
f 2592/2735/2691 2591/2731/2691 2640/2754/2691 2641/2761/2691
f 21/2762/2665 2618/2732/2667 2667/2756/2692
f 2579/2737/2693 2578/2733/2693 2627/2758/2693 2628/2763/2693
f 2606/2738/2694 2605/2734/2694 2654/2760/2694 2655/2764/2694
f 2593/2739/2695 2592/2735/2695 2641/2761/2695 2642/2765/2695
f 2580/2740/2696 2579/2737/2696 2628/2763/2696 2629/2766/2696
f 2607/2741/2697 2606/2738/2697 2655/2764/2697 2656/2767/2697
f 2594/2742/2698 2593/2739/2698 2642/2765/2698 2643/2768/2698
f 2581/2743/2699 2580/2740/2699 2629/2766/2699 2630/2769/2699
f 2608/2744/2700 2607/2741/2700 2656/2767/2700 2657/2770/2700
f 2595/2745/2701 2594/2742/2701 2643/2768/2701 2644/2771/2701
f 2582/2746/2702 2581/2743/2702 2630/2769/2702 2631/2772/2702
f 2609/2747/2703 2608/2744/2703 2657/2770/2703 2658/2773/2703
f 2596/2748/2704 2595/2745/2704 2644/2771/2704 2645/2774/2704
f 2583/2749/2705 2582/2746/2705 2631/2772/2705 2632/2775/2705
f 2610/2750/2706 2609/2747/2706 2658/2773/2706 2659/2776/2706
f 2570/2752/2682 1/2777/2520 2619/2778/2707
f 2597/2702/2708 2596/2748/2708 2645/2774/2708 2646/2779/2708
f 2584/2704/2709 2583/2749/2709 2632/2775/2709 2633/2780/2709
f 2611/2706/2710 2610/2750/2710 2659/2776/2710 2660/2781/2710
f 2571/2708/2686 2570/2752/2686 2619/2778/2711 2620/2782/2711
f 2598/2703/2712 2597/2702/2712 2646/2779/2712 2647/2783/2712
f 2585/2705/2713 2584/2704/2713 2633/2780/2713 2634/2784/2713
f 2612/2707/2714 2611/2706/2714 2660/2781/2714 2661/2785/2714
f 2572/2709/2638 2571/2708/2638 2620/2782/2715 2621/2786/2715
f 2599/2710/2716 2598/2703/2716 2647/2783/2716 2648/2787/2716
f 2586/2711/2717 2585/2705/2717 2634/2784/2717 2635/2788/2717
f 2613/2712/2718 2612/2707/2718 2661/2785/2718 2662/2789/2718
f 2573/2713/2642 2572/2709/2642 2621/2786/2719 2622/2790/2719
f 2600/2714/2720 2599/2710/2720 2648/2787/2720 2649/2791/2720
f 2587/2715/2721 2586/2711/2721 2635/2788/2721 2636/2792/2721
f 2614/2716/2722 2613/2712/2722 2662/2789/2722 2663/2793/2722
f 2574/2717/2723 2573/2713/2723 2622/2790/2723 2623/2794/2723
f 2601/2718/2724 2600/2714/2724 2649/2791/2724 2650/2795/2724
f 2588/2719/2725 2587/2715/2725 2636/2792/2725 2637/2796/2725
f 2615/2720/2726 2614/2716/2726 2663/2793/2726 2664/2797/2726
f 2575/2721/2727 2574/2717/2727 2623/2794/2727 2624/2798/2727
f 2602/2722/2728 2601/2718/2728 2650/2795/2728 2651/2799/2728
f 2589/2723/2729 2588/2719/2729 2637/2796/2729 2638/2800/2729
f 2616/2724/2653 2615/2720/2653 2664/2797/2730 2665/2801/2730
f 2576/2725/2731 2575/2721/2731 2624/2798/2731 2625/2802/2731
f 2603/2726/2732 2602/2722/2732 2651/2799/2732 2652/2803/2732
f 2590/2727/2733 2589/2723/2733 2638/2800/2733 2639/2753/2733
f 2617/2728/2657 2616/2724/2657 2665/2801/2734 2666/2755/2734
f 2577/2729/2735 2576/2725/2735 2625/2802/2735 2626/2757/2735
f 2604/2730/2736 2603/2726/2736 2652/2803/2736 2653/2759/2736
f 2646/2779/2737 2645/2774/2737 2694/2804/2737 2695/2805/2737
f 2633/2780/2738 2632/2775/2738 2681/2806/2738 2682/2807/2738
f 2660/2781/2739 2659/2776/2739 2708/2808/2739 2709/2809/2739
f 2620/2782/2711 2619/2778/2711 2668/2810/2740 2669/2811/2740
f 2647/2783/2741 2646/2779/2741 2695/2805/2741 2696/2812/2741
f 2634/2784/2742 2633/2780/2742 2682/2807/2742 2683/2813/2742
f 2661/2785/2743 2660/2781/2743 2709/2809/2743 2710/2814/2743
f 2621/2786/2715 2620/2782/2715 2669/2811/2744 2670/2815/2744
f 2648/2787/2745 2647/2783/2745 2696/2812/2745 2697/2816/2745
f 2635/2788/2746 2634/2784/2746 2683/2813/2746 2684/2817/2746
f 2662/2789/2747 2661/2785/2747 2710/2814/2747 2711/2818/2747
f 2622/2790/2719 2621/2786/2719 2670/2815/2748 2671/2819/2748
f 2649/2791/2749 2648/2787/2749 2697/2816/2749 2698/2820/2749
f 2636/2792/2750 2635/2788/2750 2684/2817/2750 2685/2821/2750
f 2663/2793/2751 2662/2789/2751 2711/2818/2751 2712/2822/2751
f 2623/2794/2752 2622/2790/2752 2671/2819/2752 2672/2823/2752
f 2650/2795/2753 2649/2791/2753 2698/2820/2753 2699/2824/2753
f 2637/2796/2754 2636/2792/2754 2685/2821/2754 2686/2825/2754
f 2664/2797/2755 2663/2793/2755 2712/2822/2755 2713/2826/2755
f 2624/2798/2756 2623/2794/2756 2672/2823/2756 2673/2827/2756
f 2651/2799/2757 2650/2795/2757 2699/2824/2757 2700/2828/2757
f 2638/2800/2758 2637/2796/2758 2686/2825/2758 2687/2829/2758
f 2665/2801/2730 2664/2797/2730 2713/2826/2759 2714/2830/2759
f 2625/2802/2760 2624/2798/2760 2673/2827/2760 2674/2831/2760
f 2652/2803/2761 2651/2799/2761 2700/2828/2761 2701/2832/2761
f 2639/2753/2762 2638/2800/2762 2687/2829/2762 2688/2833/2762
f 2666/2755/2734 2665/2801/2734 2714/2830/2763 2715/2834/2763
f 2626/2757/2764 2625/2802/2764 2674/2831/2764 2675/2835/2764
f 2653/2759/2765 2652/2803/2765 2701/2832/2765 2702/2836/2765
f 2640/2754/2766 2639/2753/2766 2688/2833/2766 2689/2837/2766
f 2667/2756/2688 2666/2755/2688 2715/2834/2767 2716/2838/2767
f 2627/2758/2768 2626/2757/2768 2675/2835/2768 2676/2839/2768
f 2654/2760/2769 2653/2759/2769 2702/2836/2769 2703/2840/2769
f 2641/2761/2770 2640/2754/2770 2689/2837/2770 2690/2841/2770
f 21/2842/2665 2667/2756/2692 2716/2838/2771
f 2628/2763/2772 2627/2758/2772 2676/2839/2772 2677/2843/2772
f 2655/2764/2773 2654/2760/2773 2703/2840/2773 2704/2844/2773
f 2642/2765/2774 2641/2761/2774 2690/2841/2774 2691/2845/2774
f 2629/2766/2775 2628/2763/2775 2677/2843/2775 2678/2846/2775
f 2656/2767/2776 2655/2764/2776 2704/2844/2776 2705/2847/2776
f 2643/2768/2777 2642/2765/2777 2691/2845/2777 2692/2848/2777
f 2630/2769/2778 2629/2766/2778 2678/2846/2778 2679/2849/2778
f 2657/2770/2779 2656/2767/2779 2705/2847/2779 2706/2850/2779
f 2644/2771/2780 2643/2768/2780 2692/2848/2780 2693/2851/2780
f 2631/2772/2781 2630/2769/2781 2679/2849/2781 2680/2852/2781
f 2658/2773/2782 2657/2770/2782 2706/2850/2782 2707/2853/2782
f 2645/2774/2783 2644/2771/2783 2693/2851/2783 2694/2804/2783
f 2632/2775/2784 2631/2772/2784 2680/2852/2784 2681/2806/2784
f 2659/2776/2785 2658/2773/2785 2707/2853/2785 2708/2808/2785
f 2619/2778/2707 1/2854/2520 2668/2810/2786
f 2688/2833/2787 2687/2829/2787 2736/2855/2787 2737/2856/2787
f 2715/2834/2763 2714/2830/2763 2763/2857/2788 2764/2858/2788
f 2675/2835/2789 2674/2831/2789 2723/2859/2789 2724/2860/2789
f 2702/2836/2790 2701/2832/2790 2750/2861/2790 2751/2862/2790
f 2689/2837/2791 2688/2833/2791 2737/2856/2791 2738/2863/2791
f 2716/2838/2767 2715/2834/2767 2764/2858/2792 2765/2864/2792
f 2676/2839/2793 2675/2835/2793 2724/2860/2793 2725/2865/2793
f 2703/2840/2794 2702/2836/2794 2751/2862/2794 2752/2866/2794
f 2690/2841/2795 2689/2837/2795 2738/2863/2795 2739/2867/2795
f 21/2868/2665 2716/2838/2771 2765/2864/2796
f 2677/2843/2797 2676/2839/2797 2725/2865/2797 2726/2869/2797
f 2704/2844/2798 2703/2840/2798 2752/2866/2798 2753/2870/2798
f 2691/2845/2799 2690/2841/2799 2739/2867/2799 2740/2871/2799
f 2678/2846/2800 2677/2843/2800 2726/2869/2800 2727/2872/2800
f 2705/2847/2801 2704/2844/2801 2753/2870/2801 2754/2873/2801
f 2692/2848/2802 2691/2845/2802 2740/2871/2802 2741/2874/2802
f 2679/2849/2803 2678/2846/2803 2727/2872/2803 2728/2875/2803
f 2706/2850/2804 2705/2847/2804 2754/2873/2804 2755/2876/2804
f 2693/2851/2805 2692/2848/2805 2741/2874/2805 2742/2877/2805
f 2680/2852/2806 2679/2849/2806 2728/2875/2806 2729/2878/2806
f 2707/2853/2807 2706/2850/2807 2755/2876/2807 2756/2879/2807
f 2694/2804/2808 2693/2851/2808 2742/2877/2808 2743/2880/2808
f 2681/2806/2809 2680/2852/2809 2729/2878/2809 2730/2881/2809
f 2708/2808/2810 2707/2853/2810 2756/2879/2810 2757/2882/2810
f 2668/2810/2786 1/2883/2520 2717/2884/2811
f 2695/2805/2812 2694/2804/2812 2743/2880/2812 2744/2885/2812
f 2682/2807/2813 2681/2806/2813 2730/2881/2813 2731/2886/2813
f 2709/2809/2814 2708/2808/2814 2757/2882/2814 2758/2887/2814
f 2669/2811/2740 2668/2810/2740 2717/2884/2815 2718/2888/2815
f 2696/2812/2816 2695/2805/2816 2744/2885/2816 2745/2889/2816
f 2683/2813/2817 2682/2807/2817 2731/2886/2817 2732/2890/2817
f 2710/2814/2818 2709/2809/2818 2758/2887/2818 2759/2891/2818
f 2670/2815/2744 2669/2811/2744 2718/2888/2819 2719/2892/2819
f 2697/2816/2820 2696/2812/2820 2745/2889/2820 2746/2893/2820
f 2684/2817/2821 2683/2813/2821 2732/2890/2821 2733/2894/2821
f 2711/2818/2822 2710/2814/2822 2759/2891/2822 2760/2895/2822
f 2671/2819/2748 2670/2815/2748 2719/2892/2823 2720/2896/2823
f 2698/2820/2824 2697/2816/2824 2746/2893/2824 2747/2897/2824
f 2685/2821/2825 2684/2817/2825 2733/2894/2825 2734/2898/2825
f 2712/2822/2826 2711/2818/2826 2760/2895/2826 2761/2899/2826
f 2672/2823/2827 2671/2819/2827 2720/2896/2827 2721/2900/2827
f 2699/2824/2828 2698/2820/2828 2747/2897/2828 2748/2901/2828
f 2686/2825/2829 2685/2821/2829 2734/2898/2829 2735/2902/2829
f 2713/2826/2830 2712/2822/2830 2761/2899/2830 2762/2903/2830
f 2673/2827/2831 2672/2823/2831 2721/2900/2831 2722/2904/2831
f 2700/2828/2832 2699/2824/2832 2748/2901/2832 2749/2905/2832
f 2687/2829/2833 2686/2825/2833 2735/2902/2833 2736/2855/2833
f 2714/2830/2759 2713/2826/2759 2762/2903/2834 2763/2857/2834
f 2674/2831/2835 2673/2827/2835 2722/2904/2835 2723/2859/2835
f 2701/2832/2836 2700/2828/2836 2749/2905/2836 2750/2861/2836
f 2743/2880/2837 2742/2877/2837 2791/2906/2837 2792/2907/2837
f 2730/2881/2838 2729/2878/2838 2778/2908/2838 2779/2909/2838
f 2757/2882/2839 2756/2879/2839 2805/2910/2839 2806/2911/2839
f 2717/2884/2811 1/2912/2520 2766/2913/2840
f 2744/2885/2841 2743/2880/2841 2792/2907/2841 2793/2914/2841
f 2731/2886/2842 2730/2881/2842 2779/2909/2842 2780/2915/2842
f 2758/2887/2843 2757/2882/2843 2806/2911/2843 2807/2916/2843
f 2718/2888/2815 2717/2884/2815 2766/2913/2844 2767/2917/2844
f 2745/2889/2845 2744/2885/2845 2793/2914/2845 2794/2918/2845
f 2732/2890/2846 2731/2886/2846 2780/2915/2846 2781/2919/2846
f 2759/2891/2847 2758/2887/2847 2807/2916/2847 2808/2920/2847
f 2719/2892/2819 2718/2888/2819 2767/2917/2848 2768/2921/2848
f 2746/2893/2849 2745/2889/2849 2794/2918/2849 2795/2922/2849
f 2733/2894/2850 2732/2890/2850 2781/2919/2850 2782/2923/2850
f 2760/2895/2851 2759/2891/2851 2808/2920/2851 2809/2924/2851
f 2720/2896/2823 2719/2892/2823 2768/2921/2852 2769/2925/2852
f 2747/2897/2853 2746/2893/2853 2795/2922/2853 2796/2926/2853
f 2734/2898/2854 2733/2894/2854 2782/2923/2854 2783/2927/2854
f 2761/2899/2855 2760/2895/2855 2809/2924/2855 2810/2928/2855
f 2721/2900/2856 2720/2896/2856 2769/2925/2856 2770/2929/2856
f 2748/2901/2857 2747/2897/2857 2796/2926/2857 2797/2930/2857
f 2735/2902/2858 2734/2898/2858 2783/2927/2858 2784/2931/2858
f 2762/2903/2859 2761/2899/2859 2810/2928/2859 2811/2932/2859
f 2722/2904/2860 2721/2900/2860 2770/2929/2860 2771/2933/2860
f 2749/2905/2861 2748/2901/2861 2797/2930/2861 2798/2934/2861
f 2736/2855/2862 2735/2902/2862 2784/2931/2862 2785/2935/2862
f 2763/2857/2834 2762/2903/2834 2811/2932/2863 2812/2936/2863
f 2723/2859/2864 2722/2904/2864 2771/2933/2864 2772/2937/2864
f 2750/2861/2865 2749/2905/2865 2798/2934/2865 2799/2938/2865
f 2737/2856/2866 2736/2855/2866 2785/2935/2866 2786/2939/2866
f 2764/2858/2788 2763/2857/2788 2812/2936/2867 2813/2940/2867
f 2724/2860/2868 2723/2859/2868 2772/2937/2868 2773/2941/2868
f 2751/2862/2869 2750/2861/2869 2799/2938/2869 2800/2942/2869
f 2738/2863/2870 2737/2856/2870 2786/2939/2870 2787/2943/2870
f 2765/2864/2792 2764/2858/2792 2813/2940/2871 2814/2944/2871
f 2725/2865/2872 2724/2860/2872 2773/2941/2872 2774/2945/2872
f 2752/2866/2873 2751/2862/2873 2800/2942/2873 2801/2946/2873
f 2739/2867/2874 2738/2863/2874 2787/2943/2874 2788/2947/2874
f 21/2948/2665 2765/2864/2796 2814/2944/2875
f 2726/2869/2876 2725/2865/2876 2774/2945/2876 2775/2949/2876
f 2753/2870/2877 2752/2866/2877 2801/2946/2877 2802/2950/2877
f 2740/2871/2878 2739/2867/2878 2788/2947/2878 2789/2951/2878
f 2727/2872/2879 2726/2869/2879 2775/2949/2879 2776/2952/2879
f 2754/2873/2880 2753/2870/2880 2802/2950/2880 2803/2953/2880
f 2741/2874/2881 2740/2871/2881 2789/2951/2881 2790/2954/2881
f 2728/2875/2882 2727/2872/2882 2776/2952/2882 2777/2955/2882
f 2755/2876/2883 2754/2873/2883 2803/2953/2883 2804/2956/2883
f 2742/2877/2884 2741/2874/2884 2790/2954/2884 2791/2906/2884
f 2729/2878/2885 2728/2875/2885 2777/2955/2885 2778/2908/2885
f 2756/2879/2886 2755/2876/2886 2804/2956/2886 2805/2910/2886
f 2785/2935/2887 2784/2931/2887 2833/2957/2887 2834/2958/2887
f 2812/2936/2863 2811/2932/2863 2860/2959/2888 2861/2960/2888
f 2772/2937/2889 2771/2933/2889 2820/2961/2889 2821/2962/2889
f 2799/2938/2890 2798/2934/2890 2847/2963/2890 2848/2964/2890
f 2786/2939/2891 2785/2935/2891 2834/2958/2891 2835/2965/2891
f 2813/2940/2867 2812/2936/2867 2861/2960/2892 2862/2966/2892
f 2773/2941/2893 2772/2937/2893 2821/2962/2893 2822/2967/2893
f 2800/2942/2894 2799/2938/2894 2848/2964/2894 2849/2968/2894
f 2787/2943/2895 2786/2939/2895 2835/2965/2895 2836/2969/2895
f 2814/2944/2871 2813/2940/2871 2862/2966/2896 2863/2970/2896
f 2774/2945/2897 2773/2941/2897 2822/2967/2897 2823/2971/2897
f 2801/2946/2898 2800/2942/2898 2849/2968/2898 2850/2972/2898
f 2788/2947/2899 2787/2943/2899 2836/2969/2899 2837/2973/2899
f 21/2974/2665 2814/2944/2875 2863/2970/2900
f 2775/2949/2901 2774/2945/2901 2823/2971/2901 2824/2975/2901
f 2802/2950/2902 2801/2946/2902 2850/2972/2902 2851/2976/2902
f 2789/2951/2903 2788/2947/2903 2837/2973/2903 2838/2977/2903
f 2776/2952/2904 2775/2949/2904 2824/2975/2904 2825/2978/2904
f 2803/2953/2905 2802/2950/2905 2851/2976/2905 2852/2979/2905
f 2790/2954/2906 2789/2951/2906 2838/2977/2906 2839/2980/2906
f 2777/2955/2907 2776/2952/2907 2825/2978/2907 2826/2981/2907
f 2804/2956/2908 2803/2953/2908 2852/2979/2908 2853/2982/2908
f 2791/2906/2909 2790/2954/2909 2839/2980/2909 2840/2983/2909
f 2778/2908/2910 2777/2955/2910 2826/2981/2910 2827/2984/2910
f 2805/2910/2911 2804/2956/2911 2853/2982/2911 2854/2985/2911
f 2792/2907/2912 2791/2906/2912 2840/2983/2912 2841/2986/2912
f 2779/2909/2913 2778/2908/2913 2827/2984/2913 2828/2987/2913
f 2806/2911/2914 2805/2910/2914 2854/2985/2914 2855/2988/2914
f 2766/2913/2915 1/2989/2916 2815/2990/2917
f 2793/2914/2918 2792/2907/2918 2841/2986/2918 2842/2991/2918
f 2780/2915/2919 2779/2909/2919 2828/2987/2919 2829/2992/2919
f 2807/2916/2920 2806/2911/2920 2855/2988/2920 2856/2993/2920
f 2767/2917/2844 2766/2913/2844 2815/2990/2921 2816/2994/2921
f 2794/2918/2922 2793/2914/2922 2842/2991/2922 2843/2995/2922
f 2781/2919/2923 2780/2915/2923 2829/2992/2923 2830/2996/2923
f 2808/2920/2924 2807/2916/2924 2856/2993/2924 2857/2997/2924
f 2768/2921/2848 2767/2917/2848 2816/2994/2925 2817/2998/2925
f 2795/2922/2926 2794/2918/2926 2843/2995/2926 2844/2999/2926
f 2782/2923/2927 2781/2919/2927 2830/2996/2927 2831/3000/2927
f 2809/2924/2928 2808/2920/2928 2857/2997/2928 2858/3001/2928
f 2769/2925/2852 2768/2921/2852 2817/2998/2929 2818/3002/2929
f 2796/2926/2930 2795/2922/2930 2844/2999/2930 2845/3003/2930
f 2783/2927/2931 2782/2923/2931 2831/3000/2931 2832/3004/2931
f 2810/2928/2932 2809/2924/2932 2858/3001/2932 2859/3005/2932
f 2770/2929/2933 2769/2925/2933 2818/3002/2933 2819/3006/2933
f 2797/2930/2934 2796/2926/2934 2845/3003/2934 2846/3007/2934
f 2784/2931/2935 2783/2927/2935 2832/3004/2935 2833/2957/2935
f 2811/2932/2936 2810/2928/2936 2859/3005/2936 2860/2959/2936
f 2771/2933/2937 2770/2929/2937 2819/3006/2937 2820/2961/2937
f 2798/2934/2938 2797/2930/2938 2846/3007/2938 2847/2963/2938
f 2840/2983/2939 2839/2980/2939 2888/3008/2939 2889/3009/2939
f 2827/2984/2940 2826/2981/2940 2875/3010/2940 2876/3011/2940
f 2854/2985/2941 2853/2982/2941 2902/3012/2941 2903/3013/2941
f 2841/2986/2942 2840/2983/2942 2889/3009/2942 2890/3014/2942
f 2828/2987/2943 2827/2984/2943 2876/3011/2943 2877/3015/2943
f 2855/2988/2944 2854/2985/2944 2903/3013/2944 2904/3016/2944
f 2815/2990/2917 1/3017/2916 2864/3018/2945
f 2842/2991/2946 2841/2986/2946 2890/3014/2946 2891/3019/2946
f 2829/2992/2947 2828/2987/2947 2877/3015/2947 2878/3020/2947
f 2856/2993/2948 2855/2988/2948 2904/3016/2948 2905/3021/2948
f 2816/2994/2921 2815/2990/2921 2864/3018/2949 2865/3022/2949
f 2843/2995/2950 2842/2991/2950 2891/3019/2950 2892/3023/2950
f 2830/2996/2951 2829/2992/2951 2878/3020/2951 2879/3024/2951
f 2857/2997/2952 2856/2993/2952 2905/3021/2952 2906/3025/2952
f 2817/2998/2925 2816/2994/2925 2865/3022/2953 2866/3026/2953
f 2844/2999/2954 2843/2995/2954 2892/3023/2954 2893/3027/2954
f 2831/3000/2955 2830/2996/2955 2879/3024/2955 2880/3028/2955
f 2858/3001/2956 2857/2997/2956 2906/3025/2956 2907/3029/2956
f 2818/3002/2929 2817/2998/2929 2866/3026/2957 2867/3030/2957
f 2845/3003/2958 2844/2999/2958 2893/3027/2958 2894/3031/2958
f 2832/3004/2959 2831/3000/2959 2880/3028/2959 2881/3032/2959
f 2859/3005/2960 2858/3001/2960 2907/3029/2960 2908/3033/2960
f 2819/3006/2961 2818/3002/2961 2867/3030/2961 2868/3034/2961
f 2846/3007/2962 2845/3003/2962 2894/3031/2962 2895/3035/2962
f 2833/2957/2963 2832/3004/2963 2881/3032/2963 2882/3036/2963
f 2860/2959/2964 2859/3005/2964 2908/3033/2964 2909/3037/2964
f 2820/2961/2965 2819/3006/2965 2868/3034/2965 2869/3038/2965
f 2847/2963/2966 2846/3007/2966 2895/3035/2966 2896/3039/2966
f 2834/2958/2967 2833/2957/2967 2882/3036/2967 2883/3040/2967
f 2861/2960/2888 2860/2959/2888 2909/3037/2968 2910/3041/2968
f 2821/2962/2969 2820/2961/2969 2869/3038/2969 2870/3042/2969
f 2848/2964/2970 2847/2963/2970 2896/3039/2970 2897/3043/2970
f 2835/2965/2971 2834/2958/2971 2883/3040/2971 2884/3044/2971
f 2862/2966/2892 2861/2960/2892 2910/3041/2972 2911/3045/2972
f 2822/2967/2973 2821/2962/2973 2870/3042/2973 2871/3046/2973
f 2849/2968/2974 2848/2964/2974 2897/3043/2974 2898/3047/2974
f 2836/2969/2975 2835/2965/2975 2884/3044/2975 2885/3048/2975
f 2863/2970/2896 2862/2966/2896 2911/3045/2976 2912/3049/2976
f 2823/2971/2977 2822/2967/2977 2871/3046/2977 2872/3050/2977
f 2850/2972/2978 2849/2968/2978 2898/3047/2978 2899/3051/2978
f 2837/2973/2979 2836/2969/2979 2885/3048/2979 2886/3052/2979
f 21/3053/2665 2863/2970/2900 2912/3049/2980
f 2824/2975/2981 2823/2971/2981 2872/3050/2981 2873/3054/2981
f 2851/2976/2982 2850/2972/2982 2899/3051/2982 2900/3055/2982
f 2838/2977/2983 2837/2973/2983 2886/3052/2983 2887/3056/2983
f 2825/2978/2984 2824/2975/2984 2873/3054/2984 2874/3057/2984
f 2852/2979/2985 2851/2976/2985 2900/3055/2985 2901/3058/2985
f 2839/2980/2986 2838/2977/2986 2887/3056/2986 2888/3008/2986
f 2826/2981/2987 2825/2978/2987 2874/3057/2987 2875/3010/2987
f 2853/2982/2988 2852/2979/2988 2901/3058/2988 2902/3012/2988
f 2882/3036/2989 2881/3032/2989 2930/3059/2989 2931/3060/2989
f 2909/3037/2990 2908/3033/2990 2957/3061/2990 2958/3062/2990
f 2869/3038/2991 2868/3034/2991 2917/3063/2991 2918/3064/2991
f 2896/3039/2992 2895/3035/2992 2944/3065/2992 2945/3066/2992
f 2883/3040/2993 2882/3036/2993 2931/3060/2993 2932/3067/2993
f 2910/3041/2968 2909/3037/2968 2958/3062/2994 2959/3068/2994
f 2870/3042/2995 2869/3038/2995 2918/3064/2995 2919/3069/2995
f 2897/3043/2996 2896/3039/2996 2945/3066/2996 2946/3070/2996
f 2884/3044/2997 2883/3040/2997 2932/3067/2997 2933/3071/2997
f 2911/3045/2972 2910/3041/2972 2959/3068/2998 2960/3072/2998
f 2871/3046/2999 2870/3042/2999 2919/3069/2999 2920/3073/2999
f 2898/3047/3000 2897/3043/3000 2946/3070/3000 2947/3074/3000
f 2885/3048/3001 2884/3044/3001 2933/3071/3001 2934/3075/3001
f 2912/3049/2976 2911/3045/2976 2960/3072/3002 2961/3076/3002
f 2872/3050/3003 2871/3046/3003 2920/3073/3003 2921/3077/3003
f 2899/3051/3004 2898/3047/3004 2947/3074/3004 2948/3078/3004
f 2886/3052/3005 2885/3048/3005 2934/3075/3005 2935/3079/3005
f 21/3080/2665 2912/3049/2980 2961/3076/3006
f 2873/3054/3007 2872/3050/3007 2921/3077/3007 2922/3081/3007
f 2900/3055/3008 2899/3051/3008 2948/3078/3008 2949/3082/3008
f 2887/3056/3009 2886/3052/3009 2935/3079/3009 2936/3083/3009
f 2874/3057/3010 2873/3054/3010 2922/3081/3010 2923/3084/3010
f 2901/3058/3011 2900/3055/3011 2949/3082/3011 2950/3085/3011
f 2888/3008/3012 2887/3056/3012 2936/3083/3012 2937/3086/3012
f 2875/3010/3013 2874/3057/3013 2923/3084/3013 2924/3087/3013
f 2902/3012/3014 2901/3058/3014 2950/3085/3014 2951/3088/3014
f 2889/3009/3015 2888/3008/3015 2937/3086/3015 2938/3089/3015
f 2876/3011/3016 2875/3010/3016 2924/3087/3016 2925/3090/3016
f 2903/3013/3017 2902/3012/3017 2951/3088/3017 2952/3091/3017
f 2890/3014/3018 2889/3009/3018 2938/3089/3018 2939/3092/3018
f 2877/3015/3019 2876/3011/3019 2925/3090/3019 2926/3093/3019
f 2904/3016/3020 2903/3013/3020 2952/3091/3020 2953/3094/3020
f 2864/3018/2945 1/3095/2916 2913/3096/3021
f 2891/3019/3022 2890/3014/3022 2939/3092/3022 2940/3097/3022
f 2878/3020/3023 2877/3015/3023 2926/3093/3023 2927/3098/3023
f 2905/3021/3024 2904/3016/3024 2953/3094/3024 2954/3099/3024
f 2865/3022/2949 2864/3018/2949 2913/3096/3025 2914/3100/3025
f 2892/3023/3026 2891/3019/3026 2940/3097/3026 2941/3101/3026
f 2879/3024/3027 2878/3020/3027 2927/3098/3027 2928/3102/3027
f 2906/3025/3028 2905/3021/3028 2954/3099/3028 2955/3103/3028
f 2866/3026/2953 2865/3022/2953 2914/3100/3029 2915/3104/3029
f 2893/3027/3030 2892/3023/3030 2941/3101/3030 2942/3105/3030
f 2880/3028/3031 2879/3024/3031 2928/3102/3031 2929/3106/3031
f 2907/3029/3032 2906/3025/3032 2955/3103/3032 2956/3107/3032
f 2867/3030/2957 2866/3026/2957 2915/3104/3033 2916/3108/3033
f 2894/3031/3034 2893/3027/3034 2942/3105/3034 2943/3109/3034
f 2881/3032/3035 2880/3028/3035 2929/3106/3035 2930/3059/3035
f 2908/3033/3036 2907/3029/3036 2956/3107/3036 2957/3061/3036
f 2868/3034/3037 2867/3030/3037 2916/3108/3037 2917/3063/3037
f 2895/3035/3038 2894/3031/3038 2943/3109/3038 2944/3065/3038
f 2937/3086/3039 2936/3083/3039 2985/3110/3039 2986/3111/3039
f 2924/3087/3040 2923/3084/3040 2972/3112/3040 2973/3113/3040
f 2951/3088/3041 2950/3085/3041 2999/3114/3041 3000/3115/3041
f 2938/3089/3042 2937/3086/3042 2986/3111/3042 2987/3116/3042
f 2925/3090/3043 2924/3087/3043 2973/3113/3043 2974/3117/3043
f 2952/3091/3044 2951/3088/3044 3000/3115/3044 3001/3118/3044
f 2939/3092/3045 2938/3089/3045 2987/3116/3045 2988/3119/3045
f 2926/3093/3046 2925/3090/3046 2974/3117/3046 2975/3120/3046
f 2953/3094/3047 2952/3091/3047 3001/3118/3047 3002/3121/3047
f 2913/3096/3021 1/3122/2916 2962/3123/3048
f 2940/3097/3049 2939/3092/3049 2988/3119/3049 2989/3124/3049
f 2927/3098/3050 2926/3093/3050 2975/3120/3050 2976/3125/3050
f 2954/3099/3051 2953/3094/3051 3002/3121/3051 3003/3126/3051
f 2914/3100/3025 2913/3096/3025 2962/3123/3052 2963/3127/3052
f 2941/3101/3053 2940/3097/3053 2989/3124/3053 2990/3128/3053
f 2928/3102/3054 2927/3098/3054 2976/3125/3054 2977/3129/3054
f 2955/3103/3055 2954/3099/3055 3003/3126/3055 3004/3130/3055
f 2915/3104/3029 2914/3100/3029 2963/3127/3056 2964/3131/3056
f 2942/3105/3057 2941/3101/3057 2990/3128/3057 2991/3132/3057
f 2929/3106/3058 2928/3102/3058 2977/3129/3058 2978/3133/3058
f 2956/3107/3059 2955/3103/3059 3004/3130/3059 3005/3134/3059
f 2916/3108/3033 2915/3104/3033 2964/3131/3060 2965/3135/3060
f 2943/3109/3061 2942/3105/3061 2991/3132/3061 2992/3136/3061
f 2930/3059/3062 2929/3106/3062 2978/3133/3062 2979/3137/3062
f 2957/3061/3063 2956/3107/3063 3005/3134/3063 3006/3138/3063
f 2917/3063/3064 2916/3108/3064 2965/3135/3064 2966/3139/3064
f 2944/3065/3065 2943/3109/3065 2992/3136/3065 2993/3140/3065
f 2931/3060/3066 2930/3059/3066 2979/3137/3066 2980/3141/3066
f 2958/3062/3067 2957/3061/3067 3006/3138/3067 3007/3142/3067
f 2918/3064/3068 2917/3063/3068 2966/3139/3068 2967/3143/3068
f 2945/3066/3069 2944/3065/3069 2993/3140/3069 2994/3144/3069
f 2932/3067/3070 2931/3060/3070 2980/3141/3070 2981/3145/3070
f 2959/3068/2994 2958/3062/2994 3007/3142/3071 3008/3146/3071
f 2919/3069/3072 2918/3064/3072 2967/3143/3072 2968/3147/3072
f 2946/3070/3073 2945/3066/3073 2994/3144/3073 2995/3148/3073
f 2933/3071/3074 2932/3067/3074 2981/3145/3074 2982/3149/3074
f 2960/3072/2998 2959/3068/2998 3008/3146/3075 3009/3150/3075
f 2920/3073/3076 2919/3069/3076 2968/3147/3076 2969/3151/3076
f 2947/3074/3077 2946/3070/3077 2995/3148/3077 2996/3152/3077
f 2934/3075/3078 2933/3071/3078 2982/3149/3078 2983/3153/3078
f 2961/3076/3002 2960/3072/3002 3009/3150/3079 3010/3154/3079
f 2921/3077/3080 2920/3073/3080 2969/3151/3080 2970/3155/3080
f 2948/3078/3081 2947/3074/3081 2996/3152/3081 2997/3156/3081
f 2935/3079/3082 2934/3075/3082 2983/3153/3082 2984/3157/3082
f 21/3158/3083 2961/3076/3084 3010/3154/3085
f 2922/3081/3086 2921/3077/3086 2970/3155/3086 2971/3159/3086
f 2949/3082/3087 2948/3078/3087 2997/3156/3087 2998/3160/3087
f 2936/3083/3088 2935/3079/3088 2984/3157/3088 2985/3110/3088
f 2923/3084/3089 2922/3081/3089 2971/3159/3089 2972/3112/3089
f 2950/3085/3090 2949/3082/3090 2998/3160/3090 2999/3114/3090
f 2979/3137/3091 2978/3133/3091 3027/3161/3091 3028/3162/3091
f 3006/3138/3092 3005/3134/3092 3054/3163/3092 3055/3164/3092
f 2966/3139/3093 2965/3135/3093 3014/3165/3093 3015/3166/3093
f 2993/3140/3094 2992/3136/3094 3041/3167/3094 3042/3168/3094
f 2980/3141/3095 2979/3137/3095 3028/3162/3095 3029/3169/3095
f 3007/3142/3096 3006/3138/3096 3055/3164/3096 3056/3170/3096
f 2967/3143/3097 2966/3139/3097 3015/3166/3097 3016/3171/3097
f 2994/3144/3098 2993/3140/3098 3042/3168/3098 3043/3172/3098
f 2981/3145/3099 2980/3141/3099 3029/3169/3099 3030/3173/3099
f 3008/3146/3071 3007/3142/3071 3056/3170/3100 3057/3174/3100
f 2968/3147/3101 2967/3143/3101 3016/3171/3101 3017/3175/3101
f 2995/3148/3102 2994/3144/3102 3043/3172/3102 3044/3176/3102
f 2982/3149/3103 2981/3145/3103 3030/3173/3103 3031/3177/3103
f 3009/3150/3075 3008/3146/3075 3057/3174/3104 3058/3178/3104
f 2969/3151/3105 2968/3147/3105 3017/3175/3105 3018/3179/3105
f 2996/3152/3106 2995/3148/3106 3044/3176/3106 3045/3180/3106
f 2983/3153/3107 2982/3149/3107 3031/3177/3107 3032/3181/3107
f 3010/3154/3079 3009/3150/3079 3058/3178/3108 3059/3182/3108
f 2970/3155/3109 2969/3151/3109 3018/3179/3109 3019/3183/3109
f 2997/3156/3110 2996/3152/3110 3045/3180/3110 3046/3184/3110
f 2984/3157/3111 2983/3153/3111 3032/3181/3111 3033/3185/3111
f 21/3186/3083 3010/3154/3085 3059/3182/3112
f 2971/3159/3113 2970/3155/3113 3019/3183/3113 3020/3187/3113
f 2998/3160/3114 2997/3156/3114 3046/3184/3114 3047/3188/3114
f 2985/3110/3115 2984/3157/3115 3033/3185/3115 3034/3189/3115
f 2972/3112/3116 2971/3159/3116 3020/3187/3116 3021/3190/3116
f 2999/3114/3117 2998/3160/3117 3047/3188/3117 3048/3191/3117
f 2986/3111/3118 2985/3110/3118 3034/3189/3118 3035/3192/3118
f 2973/3113/3119 2972/3112/3119 3021/3190/3119 3022/3193/3119
f 3000/3115/3120 2999/3114/3120 3048/3191/3120 3049/3194/3120
f 2987/3116/3121 2986/3111/3121 3035/3192/3121 3036/3195/3121
f 2974/3117/3122 2973/3113/3122 3022/3193/3122 3023/3196/3122
f 3001/3118/3123 3000/3115/3123 3049/3194/3123 3050/3197/3123
f 2988/3119/3124 2987/3116/3124 3036/3195/3124 3037/3198/3124
f 2975/3120/3125 2974/3117/3125 3023/3196/3125 3024/3199/3125
f 3002/3121/3126 3001/3118/3126 3050/3197/3126 3051/3200/3126
f 2962/3123/3048 1/3201/2916 3011/3202/3127
f 2989/3124/3128 2988/3119/3128 3037/3198/3128 3038/3203/3128
f 2976/3125/3129 2975/3120/3129 3024/3199/3129 3025/3204/3129
f 3003/3126/3130 3002/3121/3130 3051/3200/3130 3052/3205/3130
f 2963/3127/3052 2962/3123/3052 3011/3202/3131 3012/3206/3131
f 2990/3128/3132 2989/3124/3132 3038/3203/3132 3039/3207/3132
f 2977/3129/3133 2976/3125/3133 3025/3204/3133 3026/3208/3133
f 3004/3130/3134 3003/3126/3134 3052/3205/3134 3053/3209/3134
f 2964/3131/3056 2963/3127/3056 3012/3206/3135 3013/3210/3135
f 2991/3132/3136 2990/3128/3136 3039/3207/3136 3040/3211/3136
f 2978/3133/3137 2977/3129/3137 3026/3208/3137 3027/3161/3137
f 3005/3134/3138 3004/3130/3138 3053/3209/3138 3054/3163/3138
f 2965/3135/3060 2964/3131/3060 3013/3210/3139 3014/3165/3139
f 2992/3136/3140 2991/3132/3140 3040/3211/3140 3041/3167/3140
f 3034/3189/3141 3033/3185/3141 3082/3212/3141 3083/3213/3141
f 3021/3190/3142 3020/3187/3142 3069/3214/3142 3070/3215/3142
f 3048/3191/3143 3047/3188/3143 3096/3216/3143 3097/3217/3143
f 3035/3192/3144 3034/3189/3144 3083/3213/3144 3084/3218/3144
f 3022/3193/3145 3021/3190/3145 3070/3215/3145 3071/3219/3145
f 3049/3194/3146 3048/3191/3146 3097/3217/3146 3098/3220/3146
f 3036/3195/3147 3035/3192/3147 3084/3218/3147 3085/3221/3147
f 3023/3196/3148 3022/3193/3148 3071/3219/3148 3072/3222/3148
f 3050/3197/3149 3049/3194/3149 3098/3220/3149 3099/3223/3149
f 3037/3198/3150 3036/3195/3150 3085/3221/3150 3086/3224/3150
f 3024/3199/3151 3023/3196/3151 3072/3222/3151 3073/3225/3151
f 3051/3200/3152 3050/3197/3152 3099/3223/3152 3100/3226/3152
f 3011/3202/3127 1/3227/2916 3060/3228/3153
f 3038/3203/3154 3037/3198/3154 3086/3224/3154 3087/3229/3154
f 3025/3204/3155 3024/3199/3155 3073/3225/3155 3074/3230/3155
f 3052/3205/3156 3051/3200/3156 3100/3226/3156 3101/3231/3156
f 3012/3206/3131 3011/3202/3131 3060/3228/3157 3061/3232/3157
f 3039/3207/3158 3038/3203/3158 3087/3229/3158 3088/3233/3158
f 3026/3208/3159 3025/3204/3159 3074/3230/3159 3075/3234/3159
f 3053/3209/3160 3052/3205/3160 3101/3231/3160 3102/3235/3160
f 3013/3210/3135 3012/3206/3135 3061/3232/3161 3062/3236/3161
f 3040/3211/3162 3039/3207/3162 3088/3233/3162 3089/3237/3162
f 3027/3161/3163 3026/3208/3163 3075/3234/3163 3076/3238/3163
f 3054/3163/3164 3053/3209/3164 3102/3235/3164 3103/3239/3164
f 3014/3165/3139 3013/3210/3139 3062/3236/3165 3063/3240/3165
f 3041/3167/3166 3040/3211/3166 3089/3237/3166 3090/3241/3166
f 3028/3162/3167 3027/3161/3167 3076/3238/3167 3077/3242/3167
f 3055/3164/3168 3054/3163/3168 3103/3239/3168 3104/3243/3168
f 3015/3166/3169 3014/3165/3169 3063/3240/3169 3064/3244/3169
f 3042/3168/3170 3041/3167/3170 3090/3241/3170 3091/3245/3170
f 3029/3169/3171 3028/3162/3171 3077/3242/3171 3078/3246/3171
f 3056/3170/3172 3055/3164/3172 3104/3243/3172 3105/3247/3172
f 3016/3171/3173 3015/3166/3173 3064/3244/3173 3065/3248/3173
f 3043/3172/3174 3042/3168/3174 3091/3245/3174 3092/3249/3174
f 3030/3173/3175 3029/3169/3175 3078/3246/3175 3079/3250/3175
f 3057/3174/3100 3056/3170/3100 3105/3247/3176 3106/3251/3176
f 3017/3175/3177 3016/3171/3177 3065/3248/3177 3066/3252/3177
f 3044/3176/3178 3043/3172/3178 3092/3249/3178 3093/3253/3178
f 3031/3177/3179 3030/3173/3179 3079/3250/3179 3080/3254/3179
f 3058/3178/3104 3057/3174/3104 3106/3251/3180 3107/3255/3180
f 3018/3179/3181 3017/3175/3181 3066/3252/3181 3067/3256/3181
f 3045/3180/3182 3044/3176/3182 3093/3253/3182 3094/3257/3182
f 3032/3181/3183 3031/3177/3183 3080/3254/3183 3081/3258/3183
f 3059/3182/3108 3058/3178/3108 3107/3255/3184 3108/3259/3184
f 3019/3183/3185 3018/3179/3185 3067/3256/3185 3068/3260/3185
f 3046/3184/3186 3045/3180/3186 3094/3257/3186 3095/3261/3186
f 3033/3185/3187 3032/3181/3187 3081/3258/3187 3082/3212/3187
f 21/3262/3083 3059/3182/3112 3108/3259/3188
f 3020/3187/3189 3019/3183/3189 3068/3260/3189 3069/3214/3189
f 3047/3188/3190 3046/3184/3190 3095/3261/3190 3096/3216/3190
f 3076/3238/3191 3075/3234/3191 3124/3263/3191 3125/3264/3191
f 3103/3239/3192 3102/3235/3192 3151/3265/3192 3152/3266/3192
f 3063/3240/3165 3062/3236/3165 3111/3267/3193 3112/3268/3193
f 3090/3241/3194 3089/3237/3194 3138/3269/3194 3139/3270/3194
f 3077/3242/3195 3076/3238/3195 3125/3264/3195 3126/3271/3195
f 3104/3243/3196 3103/3239/3196 3152/3266/3196 3153/3272/3196
f 3064/3244/3197 3063/3240/3197 3112/3268/3197 3113/3273/3197
f 3091/3245/3198 3090/3241/3198 3139/3270/3198 3140/3274/3198
f 3078/3246/3199 3077/3242/3199 3126/3271/3199 3127/3275/3199
f 3105/3247/3200 3104/3243/3200 3153/3272/3200 3154/3276/3200
f 3065/3248/3201 3064/3244/3201 3113/3273/3201 3114/3277/3201
f 3092/3249/3202 3091/3245/3202 3140/3274/3202 3141/3278/3202
f 3079/3250/3203 3078/3246/3203 3127/3275/3203 3128/3279/3203
f 3106/3251/3176 3105/3247/3176 3154/3276/3204 3155/3280/3204
f 3066/3252/3205 3065/3248/3205 3114/3277/3205 3115/3281/3205
f 3093/3253/3206 3092/3249/3206 3141/3278/3206 3142/3282/3206
f 3080/3254/3207 3079/3250/3207 3128/3279/3207 3129/3283/3207
f 3107/3255/3180 3106/3251/3180 3155/3280/3208 3156/3284/3208
f 3067/3256/3209 3066/3252/3209 3115/3281/3209 3116/3285/3209
f 3094/3257/3210 3093/3253/3210 3142/3282/3210 3143/3286/3210
f 3081/3258/3211 3080/3254/3211 3129/3283/3211 3130/3287/3211
f 3108/3259/3184 3107/3255/3184 3156/3284/3212 3157/3288/3212
f 3068/3260/3213 3067/3256/3213 3116/3285/3213 3117/3289/3213
f 3095/3261/3214 3094/3257/3214 3143/3286/3214 3144/3290/3214
f 3082/3212/3215 3081/3258/3215 3130/3287/3215 3131/3291/3215
f 21/3292/3083 3108/3259/3188 3157/3288/3216
f 3069/3214/3217 3068/3260/3217 3117/3289/3217 3118/3293/3217
f 3096/3216/3218 3095/3261/3218 3144/3290/3218 3145/3294/3218
f 3083/3213/3219 3082/3212/3219 3131/3291/3219 3132/3295/3219
f 3070/3215/3220 3069/3214/3220 3118/3293/3220 3119/3296/3220
f 3097/3217/3221 3096/3216/3221 3145/3294/3221 3146/3297/3221
f 3084/3218/3222 3083/3213/3222 3132/3295/3222 3133/3298/3222
f 3071/3219/3223 3070/3215/3223 3119/3296/3223 3120/3299/3223
f 3098/3220/3224 3097/3217/3224 3146/3297/3224 3147/3300/3224
f 3085/3221/3225 3084/3218/3225 3133/3298/3225 3134/3301/3225
f 3072/3222/3226 3071/3219/3226 3120/3299/3226 3121/3302/3226
f 3099/3223/3227 3098/3220/3227 3147/3300/3227 3148/3303/3227
f 3086/3224/3228 3085/3221/3228 3134/3301/3228 3135/3304/3228
f 3073/3225/3229 3072/3222/3229 3121/3302/3229 3122/3305/3229
f 3100/3226/3230 3099/3223/3230 3148/3303/3230 3149/3306/3230
f 3060/3228/3153 1/3307/2916 3109/3308/3231
f 3087/3229/3232 3086/3224/3232 3135/3304/3232 3136/3309/3232
f 3074/3230/3233 3073/3225/3233 3122/3305/3233 3123/3310/3233
f 3101/3231/3234 3100/3226/3234 3149/3306/3234 3150/3311/3234
f 3061/3232/3157 3060/3228/3157 3109/3308/3235 3110/3312/3235
f 3088/3233/3236 3087/3229/3236 3136/3309/3236 3137/3313/3236
f 3075/3234/3237 3074/3230/3237 3123/3310/3237 3124/3263/3237
f 3102/3235/3238 3101/3231/3238 3150/3311/3238 3151/3265/3238
f 3062/3236/3161 3061/3232/3161 3110/3312/3239 3111/3267/3239
f 3089/3237/3240 3088/3233/3240 3137/3313/3240 3138/3269/3240
f 3131/3291/3241 3130/3287/3241 3179/3314/3241 3180/3315/3241
f 21/3316/3083 3157/3288/3216 3206/3317/3242
f 3118/3293/3243 3117/3289/3243 3166/3318/3243 3167/3319/3243
f 3145/3294/3244 3144/3290/3244 3193/3320/3244 3194/3321/3244
f 3132/3295/3245 3131/3291/3245 3180/3315/3245 3181/3322/3245
f 3119/3296/3246 3118/3293/3246 3167/3319/3246 3168/3323/3246
f 3146/3297/3247 3145/3294/3247 3194/3321/3247 3195/3324/3247
f 3133/3298/3248 3132/3295/3248 3181/3322/3248 3182/3325/3248
f 3120/3299/3249 3119/3296/3249 3168/3323/3249 3169/3326/3249
f 3147/3300/3250 3146/3297/3250 3195/3324/3250 3196/3327/3250
f 3134/3301/3251 3133/3298/3251 3182/3325/3251 3183/3328/3251
f 3121/3302/3252 3120/3299/3252 3169/3326/3252 3170/3329/3252
f 3148/3303/3253 3147/3300/3253 3196/3327/3253 3197/3330/3253
f 3135/3304/3254 3134/3301/3254 3183/3328/3254 3184/3331/3254
f 3122/3305/3255 3121/3302/3255 3170/3329/3255 3171/3332/3255
f 3149/3306/3256 3148/3303/3256 3197/3330/3256 3198/3333/3256
f 3109/3308/3231 1/3334/2916 3158/3335/3257
f 3136/3309/3258 3135/3304/3258 3184/3331/3258 3185/3336/3258
f 3123/3310/3259 3122/3305/3259 3171/3332/3259 3172/3337/3259
f 3150/3311/3260 3149/3306/3260 3198/3333/3260 3199/3338/3260
f 3110/3312/3235 3109/3308/3235 3158/3335/3261 3159/3339/3261
f 3137/3313/3262 3136/3309/3262 3185/3336/3262 3186/3340/3262
f 3124/3263/3263 3123/3310/3263 3172/3337/3263 3173/3341/3263
f 3151/3265/3264 3150/3311/3264 3199/3338/3264 3200/3342/3264
f 3111/3267/3239 3110/3312/3239 3159/3339/3265 3160/3343/3265
f 3138/3269/3266 3137/3313/3266 3186/3340/3266 3187/3344/3266
f 3125/3264/3267 3124/3263/3267 3173/3341/3267 3174/3345/3267
f 3152/3266/3268 3151/3265/3268 3200/3342/3268 3201/3346/3268
f 3112/3268/3193 3111/3267/3193 3160/3343/3269 3161/3347/3269
f 3139/3270/3270 3138/3269/3270 3187/3344/3270 3188/3348/3270
f 3126/3271/3271 3125/3264/3271 3174/3345/3271 3175/3349/3271
f 3153/3272/3272 3152/3266/3272 3201/3346/3272 3202/3350/3272
f 3113/3273/3273 3112/3268/3273 3161/3347/3273 3162/3351/3273
f 3140/3274/3274 3139/3270/3274 3188/3348/3274 3189/3352/3274
f 3127/3275/3275 3126/3271/3275 3175/3349/3275 3176/3353/3275
f 3154/3276/3276 3153/3272/3276 3202/3350/3276 3203/3354/3276
f 3114/3277/3277 3113/3273/3277 3162/3351/3277 3163/3355/3277
f 3141/3278/3278 3140/3274/3278 3189/3352/3278 3190/3356/3278
f 3128/3279/3279 3127/3275/3279 3176/3353/3279 3177/3357/3279
f 3155/3280/3204 3154/3276/3204 3203/3354/3280 3204/3358/3280
f 3115/3281/3281 3114/3277/3281 3163/3355/3281 3164/3359/3281
f 3142/3282/3282 3141/3278/3282 3190/3356/3282 3191/3360/3282
f 3129/3283/3283 3128/3279/3283 3177/3357/3283 3178/3361/3283
f 3156/3284/3208 3155/3280/3208 3204/3358/3284 3205/3362/3284
f 3116/3285/3285 3115/3281/3285 3164/3359/3285 3165/3363/3285
f 3143/3286/3286 3142/3282/3286 3191/3360/3286 3192/3364/3286
f 3130/3287/3287 3129/3283/3287 3178/3361/3287 3179/3314/3287
f 3157/3288/3212 3156/3284/3212 3205/3362/3288 3206/3317/3288
f 3117/3289/3289 3116/3285/3289 3165/3363/3289 3166/3318/3289
f 3144/3290/3290 3143/3286/3290 3192/3364/3290 3193/3320/3290
f 3173/3341/3291 3172/3337/3291 3221/3365/3291 3222/3366/3291
f 3206/3317/3288 3205/3362/3288 3254/3367/3292 3255/3368/3292
f 3160/3343/3265 3159/3339/3265 3208/3369/3293 3209/3370/3293
f 3187/3344/3294 3186/3340/3294 3235/3371/3294 3236/3372/3294
f 3174/3345/3295 3173/3341/3295 3222/3366/3295 3223/3373/3295
f 21/3374/3083 3206/3317/3242 3255/3368/3296
f 3161/3347/3269 3160/3343/3269 3209/3370/3297 3210/3375/3297
f 3188/3348/3298 3187/3344/3298 3236/3372/3298 3237/3376/3298
f 3175/3349/3299 3174/3345/3299 3223/3373/3299 3224/3377/3299
f 3162/3351/3300 3161/3347/3300 3210/3375/3300 3211/3378/3300
f 3189/3352/3301 3188/3348/3301 3237/3376/3301 3238/3379/3301
f 3176/3353/3302 3175/3349/3302 3224/3377/3302 3225/3380/3302
f 3163/3355/3303 3162/3351/3303 3211/3378/3303 3212/3381/3303
f 3196/3327/3304 3195/3324/3304 3244/3382/3304 3245/3383/3304
f 3190/3356/3305 3189/3352/3305 3238/3379/3305 3239/3384/3305
f 3177/3357/3306 3176/3353/3306 3225/3380/3306 3226/3385/3306
f 3164/3359/3307 3163/3355/3307 3212/3381/3307 3213/3386/3307
f 3197/3330/3308 3196/3327/3308 3245/3383/3308 3246/3387/3308
f 3191/3360/3309 3190/3356/3309 3239/3384/3309 3240/3388/3309
f 3178/3361/3310 3177/3357/3310 3226/3385/3310 3227/3389/3310
f 3165/3363/3311 3164/3359/3311 3213/3386/3311 3214/3390/3311
f 3198/3333/3312 3197/3330/3312 3246/3387/3312 3247/3391/3312
f 3192/3364/3313 3191/3360/3313 3240/3388/3313 3241/3392/3313
f 3179/3314/3314 3178/3361/3314 3227/3389/3314 3228/3393/3314
f 3166/3318/3315 3165/3363/3315 3214/3390/3315 3215/3394/3315
f 3199/3338/3316 3198/3333/3316 3247/3391/3316 3248/3395/3316
f 3193/3320/3317 3192/3364/3317 3241/3392/3317 3242/3396/3317
f 3180/3315/3318 3179/3314/3318 3228/3393/3318 3229/3397/3318
f 3167/3319/3319 3166/3318/3319 3215/3394/3319 3216/3398/3319
f 3200/3342/3320 3199/3338/3320 3248/3395/3320 3249/3399/3320
f 3194/3321/3321 3193/3320/3321 3242/3396/3321 3243/3400/3321
f 3181/3322/3322 3180/3315/3322 3229/3397/3322 3230/3401/3322
f 3168/3323/3323 3167/3319/3323 3216/3398/3323 3217/3402/3323
f 3201/3346/3324 3200/3342/3324 3249/3399/3324 3250/3403/3324
f 3195/3324/3325 3194/3321/3325 3243/3400/3325 3244/3382/3325
f 3182/3325/3326 3181/3322/3326 3230/3401/3326 3231/3404/3326
f 3169/3326/3327 3168/3323/3327 3217/3402/3327 3218/3405/3327
f 3202/3350/3328 3201/3346/3328 3250/3403/3328 3251/3406/3328
f 3183/3328/3329 3182/3325/3329 3231/3404/3329 3232/3407/3329
f 3170/3329/3330 3169/3326/3330 3218/3405/3330 3219/3408/3330
f 3203/3354/3331 3202/3350/3331 3251/3406/3331 3252/3409/3331
f 3184/3331/3332 3183/3328/3332 3232/3407/3332 3233/3410/3332
f 3171/3332/3333 3170/3329/3333 3219/3408/3333 3220/3411/3333
f 3204/3358/3280 3203/3354/3280 3252/3409/3334 3253/3412/3334
f 3158/3335/3335 1/3413/3336 3207/3414/3337
f 3185/3336/3338 3184/3331/3338 3233/3410/3338 3234/3415/3338
f 3172/3337/3339 3171/3332/3339 3220/3411/3339 3221/3365/3339
f 3205/3362/3284 3204/3358/3284 3253/3412/3340 3254/3367/3340
f 3159/3339/3261 3158/3335/3261 3207/3414/3341 3208/3369/3341
f 3186/3340/3342 3185/3336/3342 3234/3415/3342 3235/3371/3342
f 3234/3415/3343 3233/3410/3343 3282/3416/3343 3283/3417/3343
f 3221/3365/3344 3220/3411/3344 3269/3418/3344 3270/3419/3344
f 3248/3395/3345 3247/3391/3345 3296/3420/3345 3297/3421/3345
f 3208/3369/3341 3207/3414/3341 3256/3422/3346 3257/3423/3346
f 3235/3371/3347 3234/3415/3347 3283/3417/3347 3284/3424/3347
f 3222/3366/3348 3221/3365/3348 3270/3419/3348 3271/3425/3348
f 3249/3399/3349 3248/3395/3349 3297/3421/3349 3298/3426/3349
f 3209/3370/3293 3208/3369/3293 3257/3423/3350 3258/3427/3350
f 3236/3372/3351 3235/3371/3351 3284/3424/3351 3285/3428/3351
f 3223/3373/3352 3222/3366/3352 3271/3425/3352 3272/3429/3352
f 3250/3403/3353 3249/3399/3353 3298/3426/3353 3299/3430/3353
f 3210/3375/3297 3209/3370/3297 3258/3427/3354 3259/3431/3354
f 3237/3376/3355 3236/3372/3355 3285/3428/3355 3286/3432/3355
f 3224/3377/3356 3223/3373/3356 3272/3429/3356 3273/3433/3356
f 3251/3406/3357 3250/3403/3357 3299/3430/3357 3300/3434/3357
f 3211/3378/3358 3210/3375/3358 3259/3431/3358 3260/3435/3358
f 3238/3379/3359 3237/3376/3359 3286/3432/3359 3287/3436/3359
f 3225/3380/3360 3224/3377/3360 3273/3433/3360 3274/3437/3360
f 3252/3409/3361 3251/3406/3361 3300/3434/3361 3301/3438/3361
f 3212/3381/3362 3211/3378/3362 3260/3435/3362 3261/3439/3362
f 3239/3384/3363 3238/3379/3363 3287/3436/3363 3288/3440/3363
f 3226/3385/3364 3225/3380/3364 3274/3437/3364 3275/3441/3364
f 3253/3412/3334 3252/3409/3334 3301/3438/3365 3302/3442/3365
f 3213/3386/3366 3212/3381/3366 3261/3439/3366 3262/3443/3366
f 3240/3388/3367 3239/3384/3367 3288/3440/3367 3289/3444/3367
f 3227/3389/3368 3226/3385/3368 3275/3441/3368 3276/3445/3368
f 3254/3367/3340 3253/3412/3340 3302/3442/3369 3303/3446/3369
f 3214/3390/3370 3213/3386/3370 3262/3443/3370 3263/3447/3370
f 3241/3392/3371 3240/3388/3371 3289/3444/3371 3290/3448/3371
f 3228/3393/3372 3227/3389/3372 3276/3445/3372 3277/3449/3372
f 3255/3368/3292 3254/3367/3292 3303/3446/3373 3304/3450/3373
f 3215/3394/3374 3214/3390/3374 3263/3447/3374 3264/3451/3374
f 3242/3396/3375 3241/3392/3375 3290/3448/3375 3291/3452/3375
f 3229/3397/3376 3228/3393/3376 3277/3449/3376 3278/3453/3376
f 21/3454/3083 3255/3368/3296 3304/3450/3377
f 3216/3398/3378 3215/3394/3378 3264/3451/3378 3265/3455/3378
f 3243/3400/3379 3242/3396/3379 3291/3452/3379 3292/3456/3379
f 3230/3401/3380 3229/3397/3380 3278/3453/3380 3279/3457/3380
f 3217/3402/3381 3216/3398/3381 3265/3455/3381 3266/3458/3381
f 3244/3382/3382 3243/3400/3382 3292/3456/3382 3293/3459/3382
f 3231/3404/3383 3230/3401/3383 3279/3457/3383 3280/3460/3383
f 3218/3405/3384 3217/3402/3384 3266/3458/3384 3267/3461/3384
f 3245/3383/3385 3244/3382/3385 3293/3459/3385 3294/3462/3385
f 3232/3407/3386 3231/3404/3386 3280/3460/3386 3281/3463/3386
f 3219/3408/3387 3218/3405/3387 3267/3461/3387 3268/3464/3387
f 3246/3387/3388 3245/3383/3388 3294/3462/3388 3295/3465/3388
f 3233/3410/3389 3232/3407/3389 3281/3463/3389 3282/3416/3389
f 3220/3411/3390 3219/3408/3390 3268/3464/3390 3269/3418/3390
f 3247/3391/3391 3246/3387/3391 3295/3465/3391 3296/3420/3391
f 3207/3414/3337 1/3466/3336 3256/3422/3392
f 3276/3445/3393 3275/3441/3393 3324/3467/3393 3325/3468/3393
f 3303/3446/3369 3302/3442/3369 3351/3469/3394 3352/3470/3394
f 3263/3447/3395 3262/3443/3395 3311/3471/3395 3312/3472/3395
f 3290/3448/3396 3289/3444/3396 3338/3473/3396 3339/3474/3396
f 3277/3449/3397 3276/3445/3397 3325/3468/3397 3326/3475/3397
f 3304/3450/3373 3303/3446/3373 3352/3470/3398 3353/3476/3398
f 3264/3451/3399 3263/3447/3399 3312/3472/3399 3313/3477/3399
f 3291/3452/3400 3290/3448/3400 3339/3474/3400 3340/3478/3400
f 3278/3453/3401 3277/3449/3401 3326/3475/3401 3327/3479/3401
f 21/3480/3083 3304/3450/3377 3353/3476/3402
f 3265/3455/3403 3264/3451/3403 3313/3477/3403 3314/3481/3403
f 3292/3456/3404 3291/3452/3404 3340/3478/3404 3341/3482/3404
f 3279/3457/3405 3278/3453/3405 3327/3479/3405 3328/3483/3405
f 3266/3458/3406 3265/3455/3406 3314/3481/3406 3315/3484/3406
f 3293/3459/3407 3292/3456/3407 3341/3482/3407 3342/3485/3407
f 3280/3460/3408 3279/3457/3408 3328/3483/3408 3329/3486/3408
f 3267/3461/3409 3266/3458/3409 3315/3484/3409 3316/3487/3409
f 3294/3462/3410 3293/3459/3410 3342/3485/3410 3343/3488/3410
f 3281/3463/3411 3280/3460/3411 3329/3486/3411 3330/3489/3411
f 3268/3464/3412 3267/3461/3412 3316/3487/3412 3317/3490/3412
f 3295/3465/3413 3294/3462/3413 3343/3488/3413 3344/3491/3413
f 3282/3416/3414 3281/3463/3414 3330/3489/3414 3331/3492/3414
f 3269/3418/3415 3268/3464/3415 3317/3490/3415 3318/3493/3415
f 3296/3420/3416 3295/3465/3416 3344/3491/3416 3345/3494/3416
f 3256/3422/3392 1/3495/3336 3305/3496/3417
f 3283/3417/3418 3282/3416/3418 3331/3492/3418 3332/3497/3418
f 3270/3419/3419 3269/3418/3419 3318/3493/3419 3319/3498/3419
f 3297/3421/3420 3296/3420/3420 3345/3494/3420 3346/3499/3420
f 3257/3423/3346 3256/3422/3346 3305/3496/3421 3306/3500/3421
f 3284/3424/3422 3283/3417/3422 3332/3497/3422 3333/3501/3422
f 3271/3425/3423 3270/3419/3423 3319/3498/3423 3320/3502/3423
f 3298/3426/3424 3297/3421/3424 3346/3499/3424 3347/3503/3424
f 3258/3427/3350 3257/3423/3350 3306/3500/3425 3307/3504/3425
f 3285/3428/3426 3284/3424/3426 3333/3501/3426 3334/3505/3426
f 3272/3429/3427 3271/3425/3427 3320/3502/3427 3321/3506/3427
f 3299/3430/3428 3298/3426/3428 3347/3503/3428 3348/3507/3428
f 3259/3431/3354 3258/3427/3354 3307/3504/3429 3308/3508/3429
f 3286/3432/3430 3285/3428/3430 3334/3505/3430 3335/3509/3430
f 3273/3433/3431 3272/3429/3431 3321/3506/3431 3322/3510/3431
f 3300/3434/3432 3299/3430/3432 3348/3507/3432 3349/3511/3432
f 3260/3435/3433 3259/3431/3433 3308/3508/3433 3309/3512/3433
f 3287/3436/3434 3286/3432/3434 3335/3509/3434 3336/3513/3434
f 3274/3437/3435 3273/3433/3435 3322/3510/3435 3323/3514/3435
f 3301/3438/3436 3300/3434/3436 3349/3511/3436 3350/3515/3436
f 3261/3439/3437 3260/3435/3437 3309/3512/3437 3310/3516/3437
f 3288/3440/3438 3287/3436/3438 3336/3513/3438 3337/3517/3438
f 3275/3441/3439 3274/3437/3439 3323/3514/3439 3324/3467/3439
f 3302/3442/3365 3301/3438/3365 3350/3515/3440 3351/3469/3440
f 3262/3443/3441 3261/3439/3441 3310/3516/3441 3311/3471/3441
f 3289/3444/3442 3288/3440/3442 3337/3517/3442 3338/3473/3442
f 3331/3492/3443 3330/3489/3443 3379/3518/3443 3380/3519/3443
f 3318/3493/3444 3317/3490/3444 3366/3520/3444 3367/3521/3444
f 3345/3494/3445 3344/3491/3445 3393/3522/3445 3394/3523/3445
f 3305/3496/3417 1/3524/3336 3354/3525/3446
f 3332/3497/3447 3331/3492/3447 3380/3519/3447 3381/3526/3447
f 3319/3498/3448 3318/3493/3448 3367/3521/3448 3368/3527/3448
f 3346/3499/3449 3345/3494/3449 3394/3523/3449 3395/3528/3449
f 3306/3500/3421 3305/3496/3421 3354/3525/3450 3355/3529/3450
f 3333/3501/3451 3332/3497/3451 3381/3526/3451 3382/3530/3451
f 3320/3502/3452 3319/3498/3452 3368/3527/3452 3369/3531/3452
f 3347/3503/3453 3346/3499/3453 3395/3528/3453 3396/3532/3453
f 3307/3504/3425 3306/3500/3425 3355/3529/3454 3356/3533/3454
f 3334/3505/3455 3333/3501/3455 3382/3530/3455 3383/3534/3455
f 3321/3506/3456 3320/3502/3456 3369/3531/3456 3370/3535/3456
f 3348/3507/3457 3347/3503/3457 3396/3532/3457 3397/3536/3457
f 3308/3508/3429 3307/3504/3429 3356/3533/3458 3357/3537/3458
f 3335/3509/3459 3334/3505/3459 3383/3534/3459 3384/3538/3459
f 3322/3510/3460 3321/3506/3460 3370/3535/3460 3371/3539/3460
f 3349/3511/3461 3348/3507/3461 3397/3536/3461 3398/3540/3461
f 3309/3512/3462 3308/3508/3462 3357/3537/3462 3358/3541/3462
f 3336/3513/3463 3335/3509/3463 3384/3538/3463 3385/3542/3463
f 3323/3514/3464 3322/3510/3464 3371/3539/3464 3372/3543/3464
f 3350/3515/3465 3349/3511/3465 3398/3540/3465 3399/3544/3465
f 3310/3516/3466 3309/3512/3466 3358/3541/3466 3359/3545/3466
f 3337/3517/3467 3336/3513/3467 3385/3542/3467 3386/3546/3467
f 3324/3467/3468 3323/3514/3468 3372/3543/3468 3373/3547/3468
f 3351/3469/3440 3350/3515/3440 3399/3544/3469 3400/3548/3469
f 3311/3471/3470 3310/3516/3470 3359/3545/3470 3360/3549/3470
f 3338/3473/3471 3337/3517/3471 3386/3546/3471 3387/3550/3471
f 3325/3468/3472 3324/3467/3472 3373/3547/3472 3374/3551/3472
f 3352/3470/3394 3351/3469/3394 3400/3548/3473 3401/3552/3473
f 3312/3472/3474 3311/3471/3474 3360/3549/3474 3361/3553/3474
f 3339/3474/3475 3338/3473/3475 3387/3550/3475 3388/3554/3475
f 3326/3475/3476 3325/3468/3476 3374/3551/3476 3375/3555/3476
f 3353/3476/3398 3352/3470/3398 3401/3552/3477 3402/3556/3477
f 3313/3477/3478 3312/3472/3478 3361/3553/3478 3362/3557/3478
f 3340/3478/3479 3339/3474/3479 3388/3554/3479 3389/3558/3479
f 3327/3479/3480 3326/3475/3480 3375/3555/3480 3376/3559/3480
f 21/3560/3481 3353/3476/3482 3402/3556/3483
f 3314/3481/3484 3313/3477/3484 3362/3557/3484 3363/3561/3484
f 3341/3482/3485 3340/3478/3485 3389/3558/3485 3390/3562/3485
f 3328/3483/3486 3327/3479/3486 3376/3559/3486 3377/3563/3486
f 3315/3484/3487 3314/3481/3487 3363/3561/3487 3364/3564/3487
f 3342/3485/3488 3341/3482/3488 3390/3562/3488 3391/3565/3488
f 3329/3486/3489 3328/3483/3489 3377/3563/3489 3378/3566/3489
f 3316/3487/3490 3315/3484/3490 3364/3564/3490 3365/3567/3490
f 3343/3488/3491 3342/3485/3491 3391/3565/3491 3392/3568/3491
f 3330/3489/3492 3329/3486/3492 3378/3566/3492 3379/3518/3492
f 3317/3490/3493 3316/3487/3493 3365/3567/3493 3366/3520/3493
f 3344/3491/3494 3343/3488/3494 3392/3568/3494 3393/3522/3494
f 3373/3547/3495 3372/3543/3495 3421/3569/3495 3422/3570/3495
f 3400/3548/3469 3399/3544/3469 3448/3571/3496 3449/3572/3496
f 3360/3549/3497 3359/3545/3497 3408/3573/3497 3409/3574/3497
f 3387/3550/3498 3386/3546/3498 3435/3575/3498 3436/3576/3498
f 3374/3551/3499 3373/3547/3499 3422/3570/3499 3423/3577/3499
f 3401/3552/3473 3400/3548/3473 3449/3572/3500 3450/3578/3500
f 3361/3553/3501 3360/3549/3501 3409/3574/3501 3410/3579/3501
f 3388/3554/3502 3387/3550/3502 3436/3576/3502 3437/3580/3502
f 3375/3555/3503 3374/3551/3503 3423/3577/3503 3424/3581/3503
f 3402/3556/3477 3401/3552/3477 3450/3578/3504 3451/3582/3504
f 3362/3557/3505 3361/3553/3505 3410/3579/3505 3411/3583/3505
f 3389/3558/3506 3388/3554/3506 3437/3580/3506 3438/3584/3506
f 3376/3559/3507 3375/3555/3507 3424/3581/3507 3425/3585/3507
f 21/3586/3481 3402/3556/3483 3451/3582/3508
f 3363/3561/3509 3362/3557/3509 3411/3583/3509 3412/3587/3509
f 3390/3562/3510 3389/3558/3510 3438/3584/3510 3439/3588/3510
f 3377/3563/3511 3376/3559/3511 3425/3585/3511 3426/3589/3511
f 3364/3564/3512 3363/3561/3512 3412/3587/3512 3413/3590/3512
f 3391/3565/3513 3390/3562/3513 3439/3588/3513 3440/3591/3513
f 3378/3566/3514 3377/3563/3514 3426/3589/3514 3427/3592/3514
f 3365/3567/3515 3364/3564/3515 3413/3590/3515 3414/3593/3515
f 3392/3568/3516 3391/3565/3516 3440/3591/3516 3441/3594/3516
f 3379/3518/3517 3378/3566/3517 3427/3592/3517 3428/3595/3517
f 3366/3520/3518 3365/3567/3518 3414/3593/3518 3415/3596/3518
f 3393/3522/3519 3392/3568/3519 3441/3594/3519 3442/3597/3519
f 3380/3519/3520 3379/3518/3520 3428/3595/3520 3429/3598/3520
f 3367/3521/3521 3366/3520/3521 3415/3596/3521 3416/3599/3521
f 3394/3523/3522 3393/3522/3522 3442/3597/3522 3443/3600/3522
f 3354/3525/3446 1/3601/3336 3403/3602/3523
f 3381/3526/3524 3380/3519/3524 3429/3598/3524 3430/3603/3524
f 3368/3527/3525 3367/3521/3525 3416/3599/3525 3417/3604/3525
f 3395/3528/3526 3394/3523/3526 3443/3600/3526 3444/3605/3526
f 3355/3529/3450 3354/3525/3450 3403/3602/3527 3404/3606/3527
f 3382/3530/3528 3381/3526/3528 3430/3603/3528 3431/3607/3528
f 3369/3531/3529 3368/3527/3529 3417/3604/3529 3418/3608/3529
f 3396/3532/3530 3395/3528/3530 3444/3605/3530 3445/3609/3530
f 3356/3533/3454 3355/3529/3454 3404/3606/3531 3405/3610/3531
f 3383/3534/3532 3382/3530/3532 3431/3607/3532 3432/3611/3532
f 3370/3535/3533 3369/3531/3533 3418/3608/3533 3419/3612/3533
f 3397/3536/3534 3396/3532/3534 3445/3609/3534 3446/3613/3534
f 3357/3537/3458 3356/3533/3458 3405/3610/3535 3406/3614/3535
f 3384/3538/3536 3383/3534/3536 3432/3611/3536 3433/3615/3536
f 3371/3539/3537 3370/3535/3537 3419/3612/3537 3420/3616/3537
f 3398/3540/3538 3397/3536/3538 3446/3613/3538 3447/3617/3538
f 3358/3541/3539 3357/3537/3539 3406/3614/3539 3407/3618/3539
f 3385/3542/3540 3384/3538/3540 3433/3615/3540 3434/3619/3540
f 3372/3543/3541 3371/3539/3541 3420/3616/3541 3421/3569/3541
f 3399/3544/3542 3398/3540/3542 3447/3617/3542 3448/3571/3542
f 3359/3545/3543 3358/3541/3543 3407/3618/3543 3408/3573/3543
f 3386/3546/3544 3385/3542/3544 3434/3619/3544 3435/3575/3544
f 3428/3595/3545 3427/3592/3545 3476/3620/3545 3477/3621/3545
f 3415/3596/3546 3414/3593/3546 3463/3622/3546 3464/3623/3546
f 3442/3597/3547 3441/3594/3547 3490/3624/3547 3491/3625/3547
f 3429/3598/3548 3428/3595/3548 3477/3621/3548 3478/3626/3548
f 3416/3599/3549 3415/3596/3549 3464/3623/3549 3465/3627/3549
f 3443/3600/3550 3442/3597/3550 3491/3625/3550 3492/3628/3550
f 3403/3602/3523 1/3629/3336 3452/3630/3551
f 3430/3603/3552 3429/3598/3552 3478/3626/3552 3479/3631/3552
f 3417/3604/3553 3416/3599/3553 3465/3627/3553 3466/3632/3553
f 3444/3605/3554 3443/3600/3554 3492/3628/3554 3493/3633/3554
f 3404/3606/3527 3403/3602/3527 3452/3630/3555 3453/3634/3555
f 3431/3607/3556 3430/3603/3556 3479/3631/3556 3480/3635/3556
f 3418/3608/3557 3417/3604/3557 3466/3632/3557 3467/3636/3557
f 3445/3609/3558 3444/3605/3558 3493/3633/3558 3494/3637/3558
f 3405/3610/3531 3404/3606/3531 3453/3634/3559 3454/3638/3559
f 3432/3611/3560 3431/3607/3560 3480/3635/3560 3481/3639/3560
f 3419/3612/3561 3418/3608/3561 3467/3636/3561 3468/3640/3561
f 3446/3613/3562 3445/3609/3562 3494/3637/3562 3495/3641/3562
f 3406/3614/3535 3405/3610/3535 3454/3638/3563 3455/3642/3563
f 3433/3615/3564 3432/3611/3564 3481/3639/3564 3482/3643/3564
f 3420/3616/3565 3419/3612/3565 3468/3640/3565 3469/3644/3565
f 3447/3617/3566 3446/3613/3566 3495/3641/3566 3496/3645/3566
f 3407/3618/3567 3406/3614/3567 3455/3642/3567 3456/3646/3567
f 3434/3619/3568 3433/3615/3568 3482/3643/3568 3483/3647/3568
f 3421/3569/3569 3420/3616/3569 3469/3644/3569 3470/3648/3569
f 3448/3571/3570 3447/3617/3570 3496/3645/3570 3497/3649/3570
f 3408/3573/3571 3407/3618/3571 3456/3646/3571 3457/3650/3571
f 3435/3575/3572 3434/3619/3572 3483/3647/3572 3484/3651/3572
f 3422/3570/3573 3421/3569/3573 3470/3648/3573 3471/3652/3573
f 3449/3572/3496 3448/3571/3496 3497/3649/3574 3498/3653/3574
f 3409/3574/3575 3408/3573/3575 3457/3650/3575 3458/3654/3575
f 3436/3576/3576 3435/3575/3576 3484/3651/3576 3485/3655/3576
f 3423/3577/3577 3422/3570/3577 3471/3652/3577 3472/3656/3577
f 3450/3578/3500 3449/3572/3500 3498/3653/3578 3499/3657/3578
f 3410/3579/3579 3409/3574/3579 3458/3654/3579 3459/3658/3579
f 3437/3580/3580 3436/3576/3580 3485/3655/3580 3486/3659/3580
f 3424/3581/3581 3423/3577/3581 3472/3656/3581 3473/3660/3581
f 3451/3582/3504 3450/3578/3504 3499/3657/3582 3500/3661/3582
f 3411/3583/3583 3410/3579/3583 3459/3658/3583 3460/3662/3583
f 3438/3584/3584 3437/3580/3584 3486/3659/3584 3487/3663/3584
f 3425/3585/3585 3424/3581/3585 3473/3660/3585 3474/3664/3585
f 21/3665/3481 3451/3582/3508 3500/3661/3586
f 3412/3587/3587 3411/3583/3587 3460/3662/3587 3461/3666/3587
f 3439/3588/3588 3438/3584/3588 3487/3663/3588 3488/3667/3588
f 3426/3589/3589 3425/3585/3589 3474/3664/3589 3475/3668/3589
f 3413/3590/3590 3412/3587/3590 3461/3666/3590 3462/3669/3590
f 3440/3591/3591 3439/3588/3591 3488/3667/3591 3489/3670/3591
f 3427/3592/3592 3426/3589/3592 3475/3668/3592 3476/3620/3592
f 3414/3593/3593 3413/3590/3593 3462/3669/3593 3463/3622/3593
f 3441/3594/3594 3440/3591/3594 3489/3670/3594 3490/3624/3594
f 3470/3648/3595 3469/3644/3595 3518/3671/3595 3519/3672/3595
f 3497/3649/3596 3496/3645/3596 3545/3673/3596 3546/3674/3596
f 3457/3650/3597 3456/3646/3597 3505/3675/3597 3506/3676/3597
f 3484/3651/3598 3483/3647/3598 3532/3677/3598 3533/3678/3598
f 3471/3652/3599 3470/3648/3599 3519/3672/3599 3520/3679/3599
f 3498/3653/3574 3497/3649/3574 3546/3674/3600 3547/3680/3600
f 3458/3654/3601 3457/3650/3601 3506/3676/3601 3507/3681/3601
f 3485/3655/3602 3484/3651/3602 3533/3678/3602 3534/3682/3602
f 3472/3656/3603 3471/3652/3603 3520/3679/3603 3521/3683/3603
f 3499/3657/3578 3498/3653/3578 3547/3680/3604 3548/3684/3604
f 3459/3658/3605 3458/3654/3605 3507/3681/3605 3508/3685/3605
f 3486/3659/3606 3485/3655/3606 3534/3682/3606 3535/3686/3606
f 3473/3660/3607 3472/3656/3607 3521/3683/3607 3522/3687/3607
f 3500/3661/3582 3499/3657/3582 3548/3684/3608 3549/3688/3608
f 3460/3662/3609 3459/3658/3609 3508/3685/3609 3509/3689/3609
f 3487/3663/3610 3486/3659/3610 3535/3686/3610 3536/3690/3610
f 3474/3664/3611 3473/3660/3611 3522/3687/3611 3523/3691/3611
f 21/3692/3481 3500/3661/3586 3549/3688/3612
f 3461/3666/3613 3460/3662/3613 3509/3689/3613 3510/3693/3613
f 3488/3667/3614 3487/3663/3614 3536/3690/3614 3537/3694/3614
f 3475/3668/3615 3474/3664/3615 3523/3691/3615 3524/3695/3615
f 3462/3669/3616 3461/3666/3616 3510/3693/3616 3511/3696/3616
f 3489/3670/3617 3488/3667/3617 3537/3694/3617 3538/3697/3617
f 3476/3620/3618 3475/3668/3618 3524/3695/3618 3525/3698/3618
f 3463/3622/3619 3462/3669/3619 3511/3696/3619 3512/3699/3619
f 3490/3624/3620 3489/3670/3620 3538/3697/3620 3539/3700/3620
f 3477/3621/3621 3476/3620/3621 3525/3698/3621 3526/3701/3621
f 3464/3623/3622 3463/3622/3622 3512/3699/3622 3513/3702/3622
f 3491/3625/3623 3490/3624/3623 3539/3700/3623 3540/3703/3623
f 3478/3626/3624 3477/3621/3624 3526/3701/3624 3527/3704/3624
f 3465/3627/3625 3464/3623/3625 3513/3702/3625 3514/3705/3625
f 3492/3628/3626 3491/3625/3626 3540/3703/3626 3541/3706/3626
f 3452/3630/3551 1/3707/3336 3501/3708/3627
f 3479/3631/3628 3478/3626/3628 3527/3704/3628 3528/3709/3628
f 3466/3632/3629 3465/3627/3629 3514/3705/3629 3515/3710/3629
f 3493/3633/3630 3492/3628/3630 3541/3706/3630 3542/3711/3630
f 3453/3634/3555 3452/3630/3555 3501/3708/3631 3502/3712/3631
f 3480/3635/3632 3479/3631/3632 3528/3709/3632 3529/3713/3632
f 3467/3636/3633 3466/3632/3633 3515/3710/3633 3516/3714/3633
f 3494/3637/3634 3493/3633/3634 3542/3711/3634 3543/3715/3634
f 3454/3638/3559 3453/3634/3559 3502/3712/3635 3503/3716/3635
f 3481/3639/3636 3480/3635/3636 3529/3713/3636 3530/3717/3636
f 3468/3640/3637 3467/3636/3637 3516/3714/3637 3517/3718/3637
f 3495/3641/3638 3494/3637/3638 3543/3715/3638 3544/3719/3638
f 3455/3642/3563 3454/3638/3563 3503/3716/3639 3504/3720/3639
f 3482/3643/3640 3481/3639/3640 3530/3717/3640 3531/3721/3640
f 3469/3644/3641 3468/3640/3641 3517/3718/3641 3518/3671/3641
f 3496/3645/3642 3495/3641/3642 3544/3719/3642 3545/3673/3642
f 3456/3646/3643 3455/3642/3643 3504/3720/3643 3505/3675/3643
f 3483/3647/3644 3482/3643/3644 3531/3721/3644 3532/3677/3644
f 3525/3698/3645 3524/3695/3645 3573/3722/3645 3574/3723/3645
f 3512/3699/3646 3511/3696/3646 3560/3724/3646 3561/3725/3646
f 3539/3700/3647 3538/3697/3647 3587/3726/3647 3588/3727/3647
f 3526/3701/3648 3525/3698/3648 3574/3723/3648 3575/3728/3648
f 3513/3702/3649 3512/3699/3649 3561/3725/3649 3562/3729/3649
f 3540/3703/3650 3539/3700/3650 3588/3727/3650 3589/3730/3650
f 3527/3704/3651 3526/3701/3651 3575/3728/3651 3576/3731/3651
f 3514/3705/3652 3513/3702/3652 3562/3729/3652 3563/3732/3652
f 3541/3706/3653 3540/3703/3653 3589/3730/3653 3590/3733/3653
f 3501/3708/3627 1/3734/3336 3550/3735/3654
f 3528/3709/3655 3527/3704/3655 3576/3731/3655 3577/3736/3655
f 3515/3710/3656 3514/3705/3656 3563/3732/3656 3564/3737/3656
f 3542/3711/3657 3541/3706/3657 3590/3733/3657 3591/3738/3657
f 3502/3712/3631 3501/3708/3631 3550/3735/3658 3551/3739/3658
f 3529/3713/3659 3528/3709/3659 3577/3736/3659 3578/3740/3659
f 3516/3714/3660 3515/3710/3660 3564/3737/3660 3565/3741/3660
f 3543/3715/3661 3542/3711/3661 3591/3738/3661 3592/3742/3661
f 3503/3716/3635 3502/3712/3635 3551/3739/3662 3552/3743/3662
f 3530/3717/3663 3529/3713/3663 3578/3740/3663 3579/3744/3663
f 3517/3718/3664 3516/3714/3664 3565/3741/3664 3566/3745/3664
f 3544/3719/3665 3543/3715/3665 3592/3742/3665 3593/3746/3665
f 3504/3720/3639 3503/3716/3639 3552/3743/3666 3553/3747/3666
f 3531/3721/3667 3530/3717/3667 3579/3744/3667 3580/3748/3667
f 3518/3671/3668 3517/3718/3668 3566/3745/3668 3567/3749/3668
f 3545/3673/3669 3544/3719/3669 3593/3746/3669 3594/3750/3669
f 3505/3675/3670 3504/3720/3670 3553/3747/3670 3554/3751/3670
f 3532/3677/3671 3531/3721/3671 3580/3748/3671 3581/3752/3671
f 3519/3672/3672 3518/3671/3672 3567/3749/3672 3568/3753/3672
f 3546/3674/3673 3545/3673/3673 3594/3750/3673 3595/3754/3673
f 3506/3676/3674 3505/3675/3674 3554/3751/3674 3555/3755/3674
f 3533/3678/3675 3532/3677/3675 3581/3752/3675 3582/3756/3675
f 3520/3679/3676 3519/3672/3676 3568/3753/3676 3569/3757/3676
f 3547/3680/3600 3546/3674/3600 3595/3754/3677 3596/3758/3677
f 3507/3681/3678 3506/3676/3678 3555/3755/3678 3556/3759/3678
f 3534/3682/3679 3533/3678/3679 3582/3756/3679 3583/3760/3679
f 3521/3683/3680 3520/3679/3680 3569/3757/3680 3570/3761/3680
f 3548/3684/3604 3547/3680/3604 3596/3758/3681 3597/3762/3681
f 3508/3685/3682 3507/3681/3682 3556/3759/3682 3557/3763/3682
f 3535/3686/3683 3534/3682/3683 3583/3760/3683 3584/3764/3683
f 3522/3687/3684 3521/3683/3684 3570/3761/3684 3571/3765/3684
f 3549/3688/3608 3548/3684/3608 3597/3762/3685 3598/3766/3685
f 3509/3689/3686 3508/3685/3686 3557/3763/3686 3558/3767/3686
f 3536/3690/3687 3535/3686/3687 3584/3764/3687 3585/3768/3687
f 3523/3691/3688 3522/3687/3688 3571/3765/3688 3572/3769/3688
f 21/3770/3481 3549/3688/3612 3598/3766/3689
f 3510/3693/3690 3509/3689/3690 3558/3767/3690 3559/3771/3690
f 3537/3694/3691 3536/3690/3691 3585/3768/3691 3586/3772/3691
f 3524/3695/3692 3523/3691/3692 3572/3769/3692 3573/3722/3692
f 3511/3696/3693 3510/3693/3693 3559/3771/3693 3560/3724/3693
f 3538/3697/3694 3537/3694/3694 3586/3772/3694 3587/3726/3694
f 3567/3749/3695 3566/3745/3695 3615/3773/3695 3616/3774/3695
f 3594/3750/3696 3593/3746/3696 3642/3775/3696 3643/3776/3696
f 3554/3751/3697 3553/3747/3697 3602/3777/3697 3603/3778/3697
f 3581/3752/3698 3580/3748/3698 3629/3779/3698 3630/3780/3698
f 3568/3753/3699 3567/3749/3699 3616/3774/3699 3617/3781/3699
f 3595/3754/3700 3594/3750/3700 3643/3776/3700 3644/3782/3700
f 3555/3755/3701 3554/3751/3701 3603/3778/3701 3604/3783/3701
f 3582/3756/3702 3581/3752/3702 3630/3780/3702 3631/3784/3702
f 3569/3757/3703 3568/3753/3703 3617/3781/3703 3618/3785/3703
f 3596/3758/3677 3595/3754/3677 3644/3782/3704 3645/3786/3704
f 3556/3759/3705 3555/3755/3705 3604/3783/3705 3605/3787/3705
f 3583/3760/3706 3582/3756/3706 3631/3784/3706 3632/3788/3706
f 3570/3761/3707 3569/3757/3707 3618/3785/3707 3619/3789/3707
f 3597/3762/3681 3596/3758/3681 3645/3786/3708 3646/3790/3708
f 3557/3763/3709 3556/3759/3709 3605/3787/3709 3606/3791/3709
f 3584/3764/3710 3583/3760/3710 3632/3788/3710 3633/3792/3710
f 3571/3765/3711 3570/3761/3711 3619/3789/3711 3620/3793/3711
f 3598/3766/3685 3597/3762/3685 3646/3790/3712 3647/3794/3712
f 3558/3767/3713 3557/3763/3713 3606/3791/3713 3607/3795/3713
f 3585/3768/3714 3584/3764/3714 3633/3792/3714 3634/3796/3714
f 3572/3769/3715 3571/3765/3715 3620/3793/3715 3621/3797/3715
f 21/3798/3481 3598/3766/3689 3647/3794/3716
f 3559/3771/3717 3558/3767/3717 3607/3795/3717 3608/3799/3717
f 3586/3772/3718 3585/3768/3718 3634/3796/3718 3635/3800/3718
f 3573/3722/3719 3572/3769/3719 3621/3797/3719 3622/3801/3719
f 3560/3724/3720 3559/3771/3720 3608/3799/3720 3609/3802/3720
f 3587/3726/3721 3586/3772/3721 3635/3800/3721 3636/3803/3721
f 3574/3723/3722 3573/3722/3722 3622/3801/3722 3623/3804/3722
f 3561/3725/3723 3560/3724/3723 3609/3802/3723 3610/3805/3723
f 3588/3727/3724 3587/3726/3724 3636/3803/3724 3637/3806/3724
f 3575/3728/3725 3574/3723/3725 3623/3804/3725 3624/3807/3725
f 3562/3729/3726 3561/3725/3726 3610/3805/3726 3611/3808/3726
f 3589/3730/3727 3588/3727/3727 3637/3806/3727 3638/3809/3727
f 3576/3731/3728 3575/3728/3728 3624/3807/3728 3625/3810/3728
f 3563/3732/3729 3562/3729/3729 3611/3808/3729 3612/3811/3729
f 3590/3733/3730 3589/3730/3730 3638/3809/3730 3639/3812/3730
f 3550/3735/3731 1/3813/3732 3599/3814/3733
f 3577/3736/3734 3576/3731/3734 3625/3810/3734 3626/3815/3734
f 3564/3737/3735 3563/3732/3735 3612/3811/3735 3613/3816/3735
f 3591/3738/3736 3590/3733/3736 3639/3812/3736 3640/3817/3736
f 3551/3739/3658 3550/3735/3658 3599/3814/3737 3600/3818/3737
f 3578/3740/3738 3577/3736/3738 3626/3815/3738 3627/3819/3738
f 3565/3741/3739 3564/3737/3739 3613/3816/3739 3614/3820/3739
f 3592/3742/3740 3591/3738/3740 3640/3817/3740 3641/3821/3740
f 3552/3743/3662 3551/3739/3662 3600/3818/3741 3601/3822/3741
f 3579/3744/3742 3578/3740/3742 3627/3819/3742 3628/3823/3742
f 3566/3745/3743 3565/3741/3743 3614/3820/3743 3615/3773/3743
f 3593/3746/3744 3592/3742/3744 3641/3821/3744 3642/3775/3744
f 3553/3747/3666 3552/3743/3666 3601/3822/3745 3602/3777/3745
f 3580/3748/3746 3579/3744/3746 3628/3823/3746 3629/3779/3746
f 3622/3801/3747 3621/3797/3747 3670/3824/3747 3671/3825/3747
f 3609/3802/3748 3608/3799/3748 3657/3826/3748 3658/3827/3748
f 3636/3803/3749 3635/3800/3749 3684/3828/3749 3685/3829/3749
f 3623/3804/3750 3622/3801/3750 3671/3825/3750 3672/3830/3750
f 3610/3805/3751 3609/3802/3751 3658/3827/3751 3659/3831/3751
f 3637/3806/3752 3636/3803/3752 3685/3829/3752 3686/3832/3752
f 3624/3807/3753 3623/3804/3753 3672/3830/3753 3673/3833/3753
f 3611/3808/3754 3610/3805/3754 3659/3831/3754 3660/3834/3754
f 3638/3809/3755 3637/3806/3755 3686/3832/3755 3687/3835/3755
f 3625/3810/3756 3624/3807/3756 3673/3833/3756 3674/3836/3756
f 3612/3811/3757 3611/3808/3757 3660/3834/3757 3661/3837/3757
f 3639/3812/3758 3638/3809/3758 3687/3835/3758 3688/3838/3758
f 3599/3814/3733 1/3839/3732 3648/3840/3759
f 3626/3815/3760 3625/3810/3760 3674/3836/3760 3675/3841/3760
f 3613/3816/3761 3612/3811/3761 3661/3837/3761 3662/3842/3761
f 3640/3817/3762 3639/3812/3762 3688/3838/3762 3689/3843/3762
f 3600/3818/3737 3599/3814/3737 3648/3840/3763 3649/3844/3763
f 3627/3819/3764 3626/3815/3764 3675/3841/3764 3676/3845/3764
f 3614/3820/3765 3613/3816/3765 3662/3842/3765 3663/3846/3765
f 3641/3821/3766 3640/3817/3766 3689/3843/3766 3690/3847/3766
f 3601/3822/3741 3600/3818/3741 3649/3844/3767 3650/3848/3767
f 3628/3823/3768 3627/3819/3768 3676/3845/3768 3677/3849/3768
f 3615/3773/3769 3614/3820/3769 3663/3846/3769 3664/3850/3769
f 3642/3775/3770 3641/3821/3770 3690/3847/3770 3691/3851/3770
f 3602/3777/3745 3601/3822/3745 3650/3848/3771 3651/3852/3771
f 3629/3779/3772 3628/3823/3772 3677/3849/3772 3678/3853/3772
f 3616/3774/3773 3615/3773/3773 3664/3850/3773 3665/3854/3773
f 3643/3776/3774 3642/3775/3774 3691/3851/3774 3692/3855/3774
f 3603/3778/3775 3602/3777/3775 3651/3852/3775 3652/3856/3775
f 3630/3780/3776 3629/3779/3776 3678/3853/3776 3679/3857/3776
f 3617/3781/3777 3616/3774/3777 3665/3854/3777 3666/3858/3777
f 3644/3782/3778 3643/3776/3778 3692/3855/3778 3693/3859/3778
f 3604/3783/3779 3603/3778/3779 3652/3856/3779 3653/3860/3779
f 3631/3784/3780 3630/3780/3780 3679/3857/3780 3680/3861/3780
f 3618/3785/3781 3617/3781/3781 3666/3858/3781 3667/3862/3781
f 3645/3786/3704 3644/3782/3704 3693/3859/3782 3694/3863/3782
f 3605/3787/3783 3604/3783/3783 3653/3860/3783 3654/3864/3783
f 3632/3788/3784 3631/3784/3784 3680/3861/3784 3681/3865/3784
f 3619/3789/3785 3618/3785/3785 3667/3862/3785 3668/3866/3785
f 3646/3790/3708 3645/3786/3708 3694/3863/3786 3695/3867/3786
f 3606/3791/3787 3605/3787/3787 3654/3864/3787 3655/3868/3787
f 3633/3792/3788 3632/3788/3788 3681/3865/3788 3682/3869/3788
f 3620/3793/3789 3619/3789/3789 3668/3866/3789 3669/3870/3789
f 3647/3794/3712 3646/3790/3712 3695/3867/3790 3696/3871/3790
f 3607/3795/3791 3606/3791/3791 3655/3868/3791 3656/3872/3791
f 3634/3796/3792 3633/3792/3792 3682/3869/3792 3683/3873/3792
f 3621/3797/3793 3620/3793/3793 3669/3870/3793 3670/3824/3793
f 21/3874/3481 3647/3794/3716 3696/3871/3794
f 3608/3799/3795 3607/3795/3795 3656/3872/3795 3657/3826/3795
f 3635/3800/3796 3634/3796/3796 3683/3873/3796 3684/3828/3796
f 3664/3875/3797 3663/3876/3797 3712/3877/3797 3713/3878/3797
f 3691/3879/3798 3690/3880/3798 3739/3881/3798 3740/3882/3798
f 3651/3883/3771 3650/3884/3771 3699/3885/3799 3700/3886/3799
f 3678/3887/3800 3677/3888/3800 3726/3889/3800 3727/3890/3800
f 3665/3891/3801 3664/3875/3801 3713/3878/3801 3714/3892/3801
f 3692/3893/3802 3691/3879/3802 3740/3882/3802 3741/3894/3802
f 3652/3895/3803 3651/3883/3803 3700/3886/3803 3701/3896/3803
f 3679/3897/3804 3678/3887/3804 3727/3890/3804 3728/3898/3804
f 3666/3899/3805 3665/3891/3805 3714/3892/3805 3715/3900/3805
f 3693/3901/3806 3692/3893/3806 3741/3894/3806 3742/3902/3806
f 3653/3903/3807 3652/3895/3807 3701/3896/3807 3702/3904/3807
f 3680/3905/3808 3679/3897/3808 3728/3898/3808 3729/3906/3808
f 3667/3907/3809 3666/3899/3809 3715/3900/3809 3716/3908/3809
f 3694/3909/3782 3693/3901/3782 3742/3902/3810 3743/3910/3810
f 3654/3911/3811 3653/3903/3811 3702/3904/3811 3703/3912/3811
f 3681/3913/3812 3680/3905/3812 3729/3906/3812 3730/3914/3812
f 3668/3915/3813 3667/3907/3813 3716/3908/3813 3717/3916/3813
f 3695/3917/3786 3694/3909/3786 3743/3910/3814 3744/3918/3814
f 3655/3919/3815 3654/3911/3815 3703/3912/3815 3704/3920/3815
f 3682/3921/3816 3681/3913/3816 3730/3914/3816 3731/3922/3816
f 3669/3923/3817 3668/3915/3817 3717/3916/3817 3718/3924/3817
f 3696/3925/3790 3695/3917/3790 3744/3918/3818 3745/3926/3818
f 3656/3927/3819 3655/3919/3819 3704/3920/3819 3705/3928/3819
f 3683/3929/3820 3682/3921/3820 3731/3922/3820 3732/3930/3820
f 3670/3931/3821 3669/3923/3821 3718/3924/3821 3719/3932/3821
f 21/3933/3481 3696/3925/3794 3745/3926/3822
f 3657/3934/3823 3656/3927/3823 3705/3928/3823 3706/3935/3823
f 3684/3936/3824 3683/3929/3824 3732/3930/3824 3733/3937/3824
f 3671/3938/3825 3670/3931/3825 3719/3932/3825 3720/3939/3825
f 3658/3940/3826 3657/3934/3826 3706/3935/3826 3707/3941/3826
f 3685/3942/3827 3684/3936/3827 3733/3937/3827 3734/3943/3827
f 3672/3944/3828 3671/3938/3828 3720/3939/3828 3721/3945/3828
f 3659/3946/3829 3658/3940/3829 3707/3941/3829 3708/3947/3829
f 3686/3948/3830 3685/3942/3830 3734/3943/3830 3735/3949/3830
f 3673/3950/3831 3672/3944/3831 3721/3945/3831 3722/3951/3831
f 3660/3952/3832 3659/3946/3832 3708/3947/3832 3709/3953/3832
f 3687/3954/3833 3686/3948/3833 3735/3949/3833 3736/3955/3833
f 3674/3956/3834 3673/3950/3834 3722/3951/3834 3723/3957/3834
f 3661/3958/3835 3660/3952/3835 3709/3953/3835 3710/3959/3835
f 3688/3960/3836 3687/3954/3836 3736/3955/3836 3737/3961/3836
f 3648/3962/3759 1/3963/3732 3697/3964/3837
f 3675/3965/3838 3674/3956/3838 3723/3957/3838 3724/3966/3838
f 3662/3967/3839 3661/3958/3839 3710/3959/3839 3711/3968/3839
f 3689/3969/3840 3688/3960/3840 3737/3961/3840 3738/3970/3840
f 3649/3971/3763 3648/3962/3763 3697/3964/3841 3698/3972/3841
f 3676/3973/3842 3675/3965/3842 3724/3966/3842 3725/3974/3842
f 3663/3876/3843 3662/3967/3843 3711/3968/3843 3712/3877/3843
f 3690/3880/3844 3689/3969/3844 3738/3970/3844 3739/3881/3844
f 3650/3884/3767 3649/3971/3767 3698/3972/3845 3699/3885/3845
f 3677/3888/3846 3676/3973/3846 3725/3974/3846 3726/3889/3846
f 3719/3932/3847 3718/3924/3847 3767/3975/3847 3768/3976/3847
f 21/3977/3848 3745/3926/3849 3794/3978/3850
f 3706/3935/3851 3705/3928/3851 3754/3979/3851 3755/3980/3851
f 3733/3937/3852 3732/3930/3852 3781/3981/3852 3782/3982/3852
f 3720/3939/3853 3719/3932/3853 3768/3976/3853 3769/3983/3853
f 3707/3941/3854 3706/3935/3854 3755/3980/3854 3756/3984/3854
f 3734/3943/3855 3733/3937/3855 3782/3982/3855 3783/3985/3855
f 3721/3945/3856 3720/3939/3856 3769/3983/3856 3770/3986/3856
f 3708/3947/3857 3707/3941/3857 3756/3984/3857 3757/3987/3857
f 3735/3949/3858 3734/3943/3858 3783/3985/3858 3784/3988/3858
f 3722/3951/3859 3721/3945/3859 3770/3986/3859 3771/3989/3859
f 3709/3953/3860 3708/3947/3860 3757/3987/3860 3758/3990/3860
f 3736/3955/3861 3735/3949/3861 3784/3988/3861 3785/3991/3861
f 3723/3957/3862 3722/3951/3862 3771/3989/3862 3772/3992/3862
f 3710/3959/3863 3709/3953/3863 3758/3990/3863 3759/3993/3863
f 3737/3961/3864 3736/3955/3864 3785/3991/3864 3786/3994/3864
f 3697/3964/3837 1/3995/3732 3746/3996/3865
f 3724/3966/3866 3723/3957/3866 3772/3992/3866 3773/3997/3866
f 3711/3968/3867 3710/3959/3867 3759/3993/3867 3760/3998/3867
f 3738/3970/3868 3737/3961/3868 3786/3994/3868 3787/3999/3868
f 3698/3972/3841 3697/3964/3841 3746/3996/3869 3747/4000/3869
f 3725/3974/3870 3724/3966/3870 3773/3997/3870 3774/4001/3870
f 3712/3877/3871 3711/3968/3871 3760/3998/3871 3761/4002/3871
f 3739/3881/3872 3738/3970/3872 3787/3999/3872 3788/4003/3872
f 3699/3885/3845 3698/3972/3845 3747/4000/3873 3748/4004/3873
f 3726/3889/3874 3725/3974/3874 3774/4001/3874 3775/4005/3874
f 3713/3878/3875 3712/3877/3875 3761/4002/3875 3762/4006/3875
f 3740/3882/3876 3739/3881/3876 3788/4003/3876 3789/4007/3876
f 3700/3886/3799 3699/3885/3799 3748/4004/3877 3749/4008/3877
f 3727/3890/3878 3726/3889/3878 3775/4005/3878 3776/4009/3878
f 3714/3892/3879 3713/3878/3879 3762/4006/3879 3763/4010/3879
f 3741/3894/3880 3740/3882/3880 3789/4007/3880 3790/4011/3880
f 3701/3896/3881 3700/3886/3881 3749/4008/3881 3750/4012/3881
f 3728/3898/3882 3727/3890/3882 3776/4009/3882 3777/4013/3882
f 3715/3900/3883 3714/3892/3883 3763/4010/3883 3764/4014/3883
f 3742/3902/3884 3741/3894/3884 3790/4011/3884 3791/4015/3884
f 3702/3904/3885 3701/3896/3885 3750/4012/3885 3751/4016/3885
f 3729/3906/3886 3728/3898/3886 3777/4013/3886 3778/4017/3886
f 3716/3908/3887 3715/3900/3887 3764/4014/3887 3765/4018/3887
f 3743/3910/3810 3742/3902/3810 3791/4015/3888 3792/4019/3888
f 3703/3912/3889 3702/3904/3889 3751/4016/3889 3752/4020/3889
f 3730/3914/3890 3729/3906/3890 3778/4017/3890 3779/4021/3890
f 3717/3916/3891 3716/3908/3891 3765/4018/3891 3766/4022/3891
f 3744/3918/3814 3743/3910/3814 3792/4019/3892 3793/4023/3892
f 3704/3920/3893 3703/3912/3893 3752/4020/3893 3753/4024/3893
f 3731/3922/3894 3730/3914/3894 3779/4021/3894 3780/4025/3894
f 3718/3924/3895 3717/3916/3895 3766/4022/3895 3767/3975/3895
f 3745/3926/3818 3744/3918/3818 3793/4023/3896 3794/3978/3896
f 3705/3928/3897 3704/3920/3897 3753/4024/3897 3754/3979/3897
f 3732/3930/3898 3731/3922/3898 3780/4025/3898 3781/3981/3898
f 3761/4002/3899 3760/3998/3899 3809/4026/3899 3810/4027/3899
f 3788/4003/3900 3787/3999/3900 3836/4028/3900 3837/4029/3900
f 3748/4004/3873 3747/4000/3873 3796/4030/3901 3797/4031/3901
f 3775/4005/3902 3774/4001/3902 3823/4032/3902 3824/4033/3902
f 3762/4006/3903 3761/4002/3903 3810/4027/3903 3811/4034/3903
f 3789/4007/3904 3788/4003/3904 3837/4029/3904 3838/4035/3904
f 3749/4008/3877 3748/4004/3877 3797/4031/3905 3798/4036/3905
f 3776/4009/3906 3775/4005/3906 3824/4033/3906 3825/4037/3906
f 3763/4010/3907 3762/4006/3907 3811/4034/3907 3812/4038/3907
f 3790/4011/3908 3789/4007/3908 3838/4035/3908 3839/4039/3908
f 3750/4012/3909 3749/4008/3909 3798/4036/3909 3799/4040/3909
f 3777/4013/3910 3776/4009/3910 3825/4037/3910 3826/4041/3910
f 3764/4014/3911 3763/4010/3911 3812/4038/3911 3813/4042/3911
f 3791/4015/3912 3790/4011/3912 3839/4039/3912 3840/4043/3912
f 3751/4016/3913 3750/4012/3913 3799/4040/3913 3800/4044/3913
f 3778/4017/3914 3777/4013/3914 3826/4041/3914 3827/4045/3914
f 3765/4018/3915 3764/4014/3915 3813/4042/3915 3814/4046/3915
f 3792/4019/3888 3791/4015/3888 3840/4043/3916 3841/4047/3916
f 3752/4020/3917 3751/4016/3917 3800/4044/3917 3801/4048/3917
f 3779/4021/3918 3778/4017/3918 3827/4045/3918 3828/4049/3918
f 3766/4022/3919 3765/4018/3919 3814/4046/3919 3815/4050/3919
f 3793/4023/3892 3792/4019/3892 3841/4047/3920 3842/4051/3920
f 3753/4024/3921 3752/4020/3921 3801/4048/3921 3802/4052/3921
f 3780/4025/3922 3779/4021/3922 3828/4049/3922 3829/4053/3922
f 3767/3975/3923 3766/4022/3923 3815/4050/3923 3816/4054/3923
f 3794/3978/3896 3793/4023/3896 3842/4051/3924 3843/4055/3924
f 3754/3979/3925 3753/4024/3925 3802/4052/3925 3803/4056/3925
f 3781/3981/3926 3780/4025/3926 3829/4053/3926 3830/4057/3926
f 3768/3976/3927 3767/3975/3927 3816/4054/3927 3817/4058/3927
f 21/4059/3848 3794/3978/3850 3843/4055/3928
f 3755/3980/3929 3754/3979/3929 3803/4056/3929 3804/4060/3929
f 3782/3982/3930 3781/3981/3930 3830/4057/3930 3831/4061/3930
f 3769/3983/3931 3768/3976/3931 3817/4058/3931 3818/4062/3931
f 3756/3984/3932 3755/3980/3932 3804/4060/3932 3805/4063/3932
f 3783/3985/3933 3782/3982/3933 3831/4061/3933 3832/4064/3933
f 3770/3986/3934 3769/3983/3934 3818/4062/3934 3819/4065/3934
f 3757/3987/3935 3756/3984/3935 3805/4063/3935 3806/4066/3935
f 3784/3988/3936 3783/3985/3936 3832/4064/3936 3833/4067/3936
f 3771/3989/3937 3770/3986/3937 3819/4065/3937 3820/4068/3937
f 3758/3990/3938 3757/3987/3938 3806/4066/3938 3807/4069/3938
f 3785/3991/3939 3784/3988/3939 3833/4067/3939 3834/4070/3939
f 3772/3992/3940 3771/3989/3940 3820/4068/3940 3821/4071/3940
f 3759/3993/3941 3758/3990/3941 3807/4069/3941 3808/4072/3941
f 3786/3994/3942 3785/3991/3942 3834/4070/3942 3835/4073/3942
f 3746/3996/3865 1/4074/3732 3795/4075/3943
f 3773/3997/3944 3772/3992/3944 3821/4071/3944 3822/4076/3944
f 3760/3998/3945 3759/3993/3945 3808/4072/3945 3809/4026/3945
f 3787/3999/3946 3786/3994/3946 3835/4073/3946 3836/4028/3946
f 3747/4000/3869 3746/3996/3869 3795/4075/3947 3796/4030/3947
f 3774/4001/3948 3773/3997/3948 3822/4076/3948 3823/4032/3948
f 3816/4054/3949 3815/4050/3949 3864/4077/3949 3865/4078/3949
f 3843/4055/3924 3842/4051/3924 3891/4079/3950 3892/4080/3950
f 3803/4056/3951 3802/4052/3951 3851/4081/3951 3852/4082/3951
f 3830/4057/3952 3829/4053/3952 3878/4083/3952 3879/4084/3952
f 3817/4058/3953 3816/4054/3953 3865/4078/3953 3866/4085/3953
f 21/4086/3848 3843/4055/3928 3892/4080/3954
f 3804/4060/3955 3803/4056/3955 3852/4082/3955 3853/4087/3955
f 3831/4061/3956 3830/4057/3956 3879/4084/3956 3880/4088/3956
f 3818/4062/3957 3817/4058/3957 3866/4085/3957 3867/4089/3957
f 3805/4063/3958 3804/4060/3958 3853/4087/3958 3854/4090/3958
f 3832/4064/3959 3831/4061/3959 3880/4088/3959 3881/4091/3959
f 3819/4065/3960 3818/4062/3960 3867/4089/3960 3868/4092/3960
f 3806/4066/3961 3805/4063/3961 3854/4090/3961 3855/4093/3961
f 3833/4067/3962 3832/4064/3962 3881/4091/3962 3882/4094/3962
f 3820/4068/3963 3819/4065/3963 3868/4092/3963 3869/4095/3963
f 3807/4069/3964 3806/4066/3964 3855/4093/3964 3856/4096/3964
f 3834/4070/3965 3833/4067/3965 3882/4094/3965 3883/4097/3965
f 3821/4071/3966 3820/4068/3966 3869/4095/3966 3870/4098/3966
f 3808/4072/3967 3807/4069/3967 3856/4096/3967 3857/4099/3967
f 3835/4073/3968 3834/4070/3968 3883/4097/3968 3884/4100/3968
f 3795/4075/3943 1/4101/3732 3844/4102/3969
f 3822/4076/3970 3821/4071/3970 3870/4098/3970 3871/4103/3970
f 3809/4026/3971 3808/4072/3971 3857/4099/3971 3858/4104/3971
f 3836/4028/3972 3835/4073/3972 3884/4100/3972 3885/4105/3972
f 3796/4030/3947 3795/4075/3947 3844/4102/3973 3845/4106/3973
f 3823/4032/3974 3822/4076/3974 3871/4103/3974 3872/4107/3974
f 3810/4027/3975 3809/4026/3975 3858/4104/3975 3859/4108/3975
f 3837/4029/3976 3836/4028/3976 3885/4105/3976 3886/4109/3976
f 3797/4031/3901 3796/4030/3901 3845/4106/3977 3846/4110/3977
f 3824/4033/3978 3823/4032/3978 3872/4107/3978 3873/4111/3978
f 3811/4034/3979 3810/4027/3979 3859/4108/3979 3860/4112/3979
f 3838/4035/3980 3837/4029/3980 3886/4109/3980 3887/4113/3980
f 3798/4036/3905 3797/4031/3905 3846/4110/3981 3847/4114/3981
f 3825/4037/3982 3824/4033/3982 3873/4111/3982 3874/4115/3982
f 3812/4038/3983 3811/4034/3983 3860/4112/3983 3861/4116/3983
f 3839/4039/3984 3838/4035/3984 3887/4113/3984 3888/4117/3984
f 3799/4040/3985 3798/4036/3985 3847/4114/3985 3848/4118/3985
f 3826/4041/3986 3825/4037/3986 3874/4115/3986 3875/4119/3986
f 3813/4042/3987 3812/4038/3987 3861/4116/3987 3862/4120/3987
f 3840/4043/3988 3839/4039/3988 3888/4117/3988 3889/4121/3988
f 3800/4044/3989 3799/4040/3989 3848/4118/3989 3849/4122/3989
f 3827/4045/3990 3826/4041/3990 3875/4119/3990 3876/4123/3990
f 3814/4046/3991 3813/4042/3991 3862/4120/3991 3863/4124/3991
f 3841/4047/3916 3840/4043/3916 3889/4121/3992 3890/4125/3992
f 3801/4048/3993 3800/4044/3993 3849/4122/3993 3850/4126/3993
f 3828/4049/3994 3827/4045/3994 3876/4123/3994 3877/4127/3994
f 3815/4050/3995 3814/4046/3995 3863/4124/3995 3864/4077/3995
f 3842/4051/3920 3841/4047/3920 3890/4125/3996 3891/4079/3996
f 3802/4052/3997 3801/4048/3997 3850/4126/3997 3851/4081/3997
f 3829/4053/3998 3828/4049/3998 3877/4127/3998 3878/4083/3998
f 3858/4104/3999 3857/4099/3999 3906/4128/3999 3907/4129/3999
f 3885/4105/4000 3884/4100/4000 3933/4130/4000 3934/4131/4000
f 3845/4106/3973 3844/4102/3973 3893/4132/4001 3894/4133/4001
f 3872/4107/4002 3871/4103/4002 3920/4134/4002 3921/4135/4002
f 3859/4108/4003 3858/4104/4003 3907/4129/4003 3908/4136/4003
f 3886/4109/4004 3885/4105/4004 3934/4131/4004 3935/4137/4004
f 3846/4110/3977 3845/4106/3977 3894/4133/4005 3895/4138/4005
f 3873/4111/4006 3872/4107/4006 3921/4135/4006 3922/4139/4006
f 3860/4112/4007 3859/4108/4007 3908/4136/4007 3909/4140/4007
f 3887/4113/4008 3886/4109/4008 3935/4137/4008 3936/4141/4008
f 3847/4114/3981 3846/4110/3981 3895/4138/4009 3896/4142/4009
f 3874/4115/4010 3873/4111/4010 3922/4139/4010 3923/4143/4010
f 3861/4116/4011 3860/4112/4011 3909/4140/4011 3910/4144/4011
f 3888/4117/4012 3887/4113/4012 3936/4141/4012 3937/4145/4012
f 3848/4118/4013 3847/4114/4013 3896/4142/4013 3897/4146/4013
f 3875/4119/4014 3874/4115/4014 3923/4143/4014 3924/4147/4014
f 3862/4120/4015 3861/4116/4015 3910/4144/4015 3911/4148/4015
f 3889/4121/4016 3888/4117/4016 3937/4145/4016 3938/4149/4016
f 3849/4122/4017 3848/4118/4017 3897/4146/4017 3898/4150/4017
f 3876/4123/4018 3875/4119/4018 3924/4147/4018 3925/4151/4018
f 3863/4124/4019 3862/4120/4019 3911/4148/4019 3912/4152/4019
f 3890/4125/3992 3889/4121/3992 3938/4149/4020 3939/4153/4020
f 3850/4126/4021 3849/4122/4021 3898/4150/4021 3899/4154/4021
f 3877/4127/4022 3876/4123/4022 3925/4151/4022 3926/4155/4022
f 3864/4077/4023 3863/4124/4023 3912/4152/4023 3913/4156/4023
f 3891/4079/3996 3890/4125/3996 3939/4153/4024 3940/4157/4024
f 3851/4081/4025 3850/4126/4025 3899/4154/4025 3900/4158/4025
f 3878/4083/4026 3877/4127/4026 3926/4155/4026 3927/4159/4026
f 3865/4078/4027 3864/4077/4027 3913/4156/4027 3914/4160/4027
f 3892/4080/3950 3891/4079/3950 3940/4157/4028 3941/4161/4028
f 3852/4082/4029 3851/4081/4029 3900/4158/4029 3901/4162/4029
f 3879/4084/4030 3878/4083/4030 3927/4159/4030 3928/4163/4030
f 3866/4085/4031 3865/4078/4031 3914/4160/4031 3915/4164/4031
f 21/4165/3848 3892/4080/3954 3941/4161/4032
f 3853/4087/4033 3852/4082/4033 3901/4162/4033 3902/4166/4033
f 3880/4088/4034 3879/4084/4034 3928/4163/4034 3929/4167/4034
f 3867/4089/4035 3866/4085/4035 3915/4164/4035 3916/4168/4035
f 3854/4090/4036 3853/4087/4036 3902/4166/4036 3903/4169/4036
f 3881/4091/4037 3880/4088/4037 3929/4167/4037 3930/4170/4037
f 3868/4092/4038 3867/4089/4038 3916/4168/4038 3917/4171/4038
f 3855/4093/4039 3854/4090/4039 3903/4169/4039 3904/4172/4039
f 3882/4094/4040 3881/4091/4040 3930/4170/4040 3931/4173/4040
f 3869/4095/4041 3868/4092/4041 3917/4171/4041 3918/4174/4041
f 3856/4096/4042 3855/4093/4042 3904/4172/4042 3905/4175/4042
f 3883/4097/4043 3882/4094/4043 3931/4173/4043 3932/4176/4043
f 3870/4098/4044 3869/4095/4044 3918/4174/4044 3919/4177/4044
f 3857/4099/4045 3856/4096/4045 3905/4175/4045 3906/4128/4045
f 3884/4100/4046 3883/4097/4046 3932/4176/4046 3933/4130/4046
f 3844/4102/3969 1/4178/3732 3893/4132/4047
f 3871/4103/4048 3870/4098/4048 3919/4177/4048 3920/4134/4048
f 3913/4156/4049 3912/4152/4049 3961/4179/4049 3962/4180/4049
f 3940/4157/4024 3939/4153/4024 3988/4181/4050 3989/4182/4050
f 3900/4158/4051 3899/4154/4051 3948/4183/4051 3949/4184/4051
f 3927/4159/4052 3926/4155/4052 3975/4185/4052 3976/4186/4052
f 3914/4160/4053 3913/4156/4053 3962/4180/4053 3963/4187/4053
f 3941/4161/4028 3940/4157/4028 3989/4182/4054 3990/4188/4054
f 3901/4162/4055 3900/4158/4055 3949/4184/4055 3950/4189/4055
f 3928/4163/4056 3927/4159/4056 3976/4186/4056 3977/4190/4056
f 3915/4164/4057 3914/4160/4057 3963/4187/4057 3964/4191/4057
f 21/4192/3848 3941/4161/4032 3990/4188/4058
f 3902/4166/4059 3901/4162/4059 3950/4189/4059 3951/4193/4059
f 3929/4167/4060 3928/4163/4060 3977/4190/4060 3978/4194/4060
f 3916/4168/4061 3915/4164/4061 3964/4191/4061 3965/4195/4061
f 3903/4169/4062 3902/4166/4062 3951/4193/4062 3952/4196/4062
f 3930/4170/4063 3929/4167/4063 3978/4194/4063 3979/4197/4063
f 3917/4171/4064 3916/4168/4064 3965/4195/4064 3966/4198/4064
f 3904/4172/4065 3903/4169/4065 3952/4196/4065 3953/4199/4065
f 3931/4173/4066 3930/4170/4066 3979/4197/4066 3980/4200/4066
f 3918/4174/4067 3917/4171/4067 3966/4198/4067 3967/4201/4067
f 3905/4175/4068 3904/4172/4068 3953/4199/4068 3954/4202/4068
f 3932/4176/4069 3931/4173/4069 3980/4200/4069 3981/4203/4069
f 3919/4177/4070 3918/4174/4070 3967/4201/4070 3968/4204/4070
f 3906/4128/4071 3905/4175/4071 3954/4202/4071 3955/4205/4071
f 3933/4130/4072 3932/4176/4072 3981/4203/4072 3982/4206/4072
f 3893/4132/4047 1/4207/3732 3942/4208/4073
f 3920/4134/4074 3919/4177/4074 3968/4204/4074 3969/4209/4074
f 3907/4129/4075 3906/4128/4075 3955/4205/4075 3956/4210/4075
f 3934/4131/4076 3933/4130/4076 3982/4206/4076 3983/4211/4076
f 3894/4133/4001 3893/4132/4001 3942/4208/4077 3943/4212/4077
f 3921/4135/4078 3920/4134/4078 3969/4209/4078 3970/4213/4078
f 3908/4136/4079 3907/4129/4079 3956/4210/4079 3957/4214/4079
f 3935/4137/4080 3934/4131/4080 3983/4211/4080 3984/4215/4080
f 3895/4138/4005 3894/4133/4005 3943/4212/4081 3944/4216/4081
f 3922/4139/4082 3921/4135/4082 3970/4213/4082 3971/4217/4082
f 3909/4140/4083 3908/4136/4083 3957/4214/4083 3958/4218/4083
f 3936/4141/4084 3935/4137/4084 3984/4215/4084 3985/4219/4084
f 3896/4142/4009 3895/4138/4009 3944/4216/4085 3945/4220/4085
f 3923/4143/4086 3922/4139/4086 3971/4217/4086 3972/4221/4086
f 3910/4144/4087 3909/4140/4087 3958/4218/4087 3959/4222/4087
f 3937/4145/4088 3936/4141/4088 3985/4219/4088 3986/4223/4088
f 3897/4146/4089 3896/4142/4089 3945/4220/4089 3946/4224/4089
f 3924/4147/4090 3923/4143/4090 3972/4221/4090 3973/4225/4090
f 3911/4148/4091 3910/4144/4091 3959/4222/4091 3960/4226/4091
f 3938/4149/4092 3937/4145/4092 3986/4223/4092 3987/4227/4092
f 3898/4150/4093 3897/4146/4093 3946/4224/4093 3947/4228/4093
f 3925/4151/4094 3924/4147/4094 3973/4225/4094 3974/4229/4094
f 3912/4152/4095 3911/4148/4095 3960/4226/4095 3961/4179/4095
f 3939/4153/4020 3938/4149/4020 3987/4227/4096 3988/4181/4096
f 3899/4154/4097 3898/4150/4097 3947/4228/4097 3948/4183/4097
f 3926/4155/4098 3925/4151/4098 3974/4229/4098 3975/4185/4098
f 3955/4205/4099 3954/4202/4099 4003/4230/4099 4004/4231/4099
f 3982/4206/4100 3981/4203/4100 4030/4232/4100 4031/4233/4100
f 3942/4208/4101 1/4234/4102 3991/4235/4103
f 3969/4209/4104 3968/4204/4104 4017/4236/4104 4018/4237/4104
f 3956/4210/4105 3955/4205/4105 4004/4231/4105 4005/4238/4105
f 3983/4211/4106 3982/4206/4106 4031/4233/4106 4032/4239/4106
f 3943/4212/4077 3942/4208/4077 3991/4235/4107 3992/4240/4107
f 3970/4213/4108 3969/4209/4108 4018/4237/4108 4019/4241/4108
f 3957/4214/4109 3956/4210/4109 4005/4238/4109 4006/4242/4109
f 3984/4215/4110 3983/4211/4110 4032/4239/4110 4033/4243/4110
f 3944/4216/4081 3943/4212/4081 3992/4240/4111 3993/4244/4111
f 3971/4217/4112 3970/4213/4112 4019/4241/4112 4020/4245/4112
f 3958/4218/4113 3957/4214/4113 4006/4242/4113 4007/4246/4113
f 3985/4219/4114 3984/4215/4114 4033/4243/4114 4034/4247/4114
f 3945/4220/4085 3944/4216/4085 3993/4244/4115 3994/4248/4115
f 3972/4221/4116 3971/4217/4116 4020/4245/4116 4021/4249/4116
f 3959/4222/4117 3958/4218/4117 4007/4246/4117 4008/4250/4117
f 3986/4223/4118 3985/4219/4118 4034/4247/4118 4035/4251/4118
f 3946/4224/4119 3945/4220/4119 3994/4248/4119 3995/4252/4119
f 3973/4225/4120 3972/4221/4120 4021/4249/4120 4022/4253/4120
f 3960/4226/4121 3959/4222/4121 4008/4250/4121 4009/4254/4121
f 3987/4227/4122 3986/4223/4122 4035/4251/4122 4036/4255/4122
f 3947/4228/4123 3946/4224/4123 3995/4252/4123 3996/4256/4123
f 3974/4229/4124 3973/4225/4124 4022/4253/4124 4023/4257/4124
f 3961/4179/4125 3960/4226/4125 4009/4254/4125 4010/4258/4125
f 3988/4181/4096 3987/4227/4096 4036/4255/4126 4037/4259/4126
f 3948/4183/4127 3947/4228/4127 3996/4256/4127 3997/4260/4127
f 3975/4185/4128 3974/4229/4128 4023/4257/4128 4024/4261/4128
f 3962/4180/4129 3961/4179/4129 4010/4258/4129 4011/4262/4129
f 3989/4182/4050 3988/4181/4050 4037/4259/4130 4038/4263/4130
f 3949/4184/4131 3948/4183/4131 3997/4260/4131 3998/4264/4131
f 3976/4186/4132 3975/4185/4132 4024/4261/4132 4025/4265/4132
f 3963/4187/4133 3962/4180/4133 4011/4262/4133 4012/4266/4133
f 3990/4188/4054 3989/4182/4054 4038/4263/4134 4039/4267/4134
f 3950/4189/4135 3949/4184/4135 3998/4264/4135 3999/4268/4135
f 3977/4190/4136 3976/4186/4136 4025/4265/4136 4026/4269/4136
f 3964/4191/4137 3963/4187/4137 4012/4266/4137 4013/4270/4137
f 21/4271/3848 3990/4188/4058 4039/4267/4138
f 3951/4193/4139 3950/4189/4139 3999/4268/4139 4000/4272/4139
f 3978/4194/4140 3977/4190/4140 4026/4269/4140 4027/4273/4140
f 3965/4195/4141 3964/4191/4141 4013/4270/4141 4014/4274/4141
f 3952/4196/4142 3951/4193/4142 4000/4272/4142 4001/4275/4142
f 3979/4197/4143 3978/4194/4143 4027/4273/4143 4028/4276/4143
f 3966/4198/4144 3965/4195/4144 4014/4274/4144 4015/4277/4144
f 3953/4199/4145 3952/4196/4145 4001/4275/4145 4002/4278/4145
f 3980/4200/4146 3979/4197/4146 4028/4276/4146 4029/4279/4146
f 3967/4201/4147 3966/4198/4147 4015/4277/4147 4016/4280/4147
f 3954/4202/4148 3953/4199/4148 4002/4278/4148 4003/4230/4148
f 3981/4203/4149 3980/4200/4149 4029/4279/4149 4030/4232/4149
f 3968/4204/4150 3967/4201/4150 4016/4280/4150 4017/4236/4150
f 4003/4230/4151 4002/4278/4151 4051/4281/4151 4052/4282/4151
f 4030/4232/4152 4029/4279/4152 4078/4283/4152 4079/4284/4152
f 4017/4236/4153 4016/4280/4153 4065/4285/4153 4066/4286/4153
f 4004/4231/4154 4003/4230/4154 4052/4282/4154 4053/4287/4154
f 4031/4233/4155 4030/4232/4155 4079/4284/4155 4080/4288/4155
f 3991/4235/4103 1/4289/4102 4040/4290/4156
f 4018/4237/4157 4017/4236/4157 4066/4286/4157 4067/4291/4157
f 4005/4238/4158 4004/4231/4158 4053/4287/4158 4054/4292/4158
f 4032/4239/4159 4031/4233/4159 4080/4288/4159 4081/4293/4159
f 3992/4240/4107 3991/4235/4107 4040/4290/4160 4041/4294/4160
f 4019/4241/4161 4018/4237/4161 4067/4291/4161 4068/4295/4161
f 4006/4242/4162 4005/4238/4162 4054/4292/4162 4055/4296/4162
f 4033/4243/4163 4032/4239/4163 4081/4293/4163 4082/4297/4163
f 3993/4244/4111 3992/4240/4111 4041/4294/4164 4042/4298/4164
f 4020/4245/4165 4019/4241/4165 4068/4295/4165 4069/4299/4165
f 4007/4246/4166 4006/4242/4166 4055/4296/4166 4056/4300/4166
f 4034/4247/4167 4033/4243/4167 4082/4297/4167 4083/4301/4167
f 3994/4248/4115 3993/4244/4115 4042/4298/4168 4043/4302/4168
f 4021/4249/4169 4020/4245/4169 4069/4299/4169 4070/4303/4169
f 4008/4250/4170 4007/4246/4170 4056/4300/4170 4057/4304/4170
f 4035/4251/4171 4034/4247/4171 4083/4301/4171 4084/4305/4171
f 3995/4252/4172 3994/4248/4172 4043/4302/4172 4044/4306/4172
f 4022/4253/4173 4021/4249/4173 4070/4303/4173 4071/4307/4173
f 4009/4254/4174 4008/4250/4174 4057/4304/4174 4058/4308/4174
f 4036/4255/4175 4035/4251/4175 4084/4305/4175 4085/4309/4175
f 3996/4256/4176 3995/4252/4176 4044/4306/4176 4045/4310/4176
f 4023/4257/4177 4022/4253/4177 4071/4307/4177 4072/4311/4177
f 4010/4258/4178 4009/4254/4178 4058/4308/4178 4059/4312/4178
f 4037/4259/4126 4036/4255/4126 4085/4309/4179 4086/4313/4179
f 3997/4260/4180 3996/4256/4180 4045/4310/4180 4046/4314/4180
f 4024/4261/4181 4023/4257/4181 4072/4311/4181 4073/4315/4181
f 4011/4262/4182 4010/4258/4182 4059/4312/4182 4060/4316/4182
f 4038/4263/4130 4037/4259/4130 4086/4313/4183 4087/4317/4183
f 3998/4264/4184 3997/4260/4184 4046/4314/4184 4047/4318/4184
f 4025/4265/4185 4024/4261/4185 4073/4315/4185 4074/4319/4185
f 4012/4266/4186 4011/4262/4186 4060/4316/4186 4061/4320/4186
f 4039/4267/4134 4038/4263/4134 4087/4317/4187 4088/4321/4187
f 3999/4268/4188 3998/4264/4188 4047/4318/4188 4048/4322/4188
f 4026/4269/4189 4025/4265/4189 4074/4319/4189 4075/4323/4189
f 4013/4270/4190 4012/4266/4190 4061/4320/4190 4062/4324/4190
f 21/4325/3848 4039/4267/4138 4088/4321/4191
f 4000/4272/4192 3999/4268/4192 4048/4322/4192 4049/4326/4192
f 4027/4273/4193 4026/4269/4193 4075/4323/4193 4076/4327/4193
f 4014/4274/4194 4013/4270/4194 4062/4324/4194 4063/4328/4194
f 4001/4275/4195 4000/4272/4195 4049/4326/4195 4050/4329/4195
f 4028/4276/4196 4027/4273/4196 4076/4327/4196 4077/4330/4196
f 4015/4277/4197 4014/4274/4197 4063/4328/4197 4064/4331/4197
f 4002/4278/4198 4001/4275/4198 4050/4329/4198 4051/4281/4198
f 4029/4279/4199 4028/4276/4199 4077/4330/4199 4078/4283/4199
f 4016/4280/4200 4015/4277/4200 4064/4331/4200 4065/4285/4200
f 4058/4308/4201 4057/4304/4201 4106/4332/4201 4107/4333/4201
f 4085/4309/4202 4084/4305/4202 4133/4334/4202 4134/4335/4202
f 4045/4310/4203 4044/4306/4203 4093/4336/4203 4094/4337/4203
f 4072/4311/4204 4071/4307/4204 4120/4338/4204 4121/4339/4204
f 4059/4312/4205 4058/4308/4205 4107/4333/4205 4108/4340/4205
f 4086/4313/4179 4085/4309/4179 4134/4335/4206 4135/4341/4206
f 4046/4314/4207 4045/4310/4207 4094/4337/4207 4095/4342/4207
f 4073/4315/4208 4072/4311/4208 4121/4339/4208 4122/4343/4208
f 4060/4316/4209 4059/4312/4209 4108/4340/4209 4109/4344/4209
f 4087/4317/4183 4086/4313/4183 4135/4341/4210 4136/4345/4210
f 4047/4318/4211 4046/4314/4211 4095/4342/4211 4096/4346/4211
f 4074/4319/4212 4073/4315/4212 4122/4343/4212 4123/4347/4212
f 4061/4320/4213 4060/4316/4213 4109/4344/4213 4110/4348/4213
f 4088/4321/4187 4087/4317/4187 4136/4345/4214 4137/4349/4214
f 4048/4322/4215 4047/4318/4215 4096/4346/4215 4097/4350/4215
f 4075/4323/4216 4074/4319/4216 4123/4347/4216 4124/4351/4216
f 4062/4324/4217 4061/4320/4217 4110/4348/4217 4111/4352/4217
f 21/4353/3848 4088/4321/4191 4137/4349/4218
f 4049/4326/4219 4048/4322/4219 4097/4350/4219 4098/4354/4219
f 4076/4327/4220 4075/4323/4220 4124/4351/4220 4125/4355/4220
f 4063/4328/4221 4062/4324/4221 4111/4352/4221 4112/4356/4221
f 4050/4329/4222 4049/4326/4222 4098/4354/4222 4099/4357/4222
f 4077/4330/4223 4076/4327/4223 4125/4355/4223 4126/4358/4223
f 4064/4331/4224 4063/4328/4224 4112/4356/4224 4113/4359/4224
f 4051/4281/4225 4050/4329/4225 4099/4357/4225 4100/4360/4225
f 4078/4283/4226 4077/4330/4226 4126/4358/4226 4127/4361/4226
f 4065/4285/4227 4064/4331/4227 4113/4359/4227 4114/4362/4227
f 4052/4282/4228 4051/4281/4228 4100/4360/4228 4101/4363/4228
f 4079/4284/4229 4078/4283/4229 4127/4361/4229 4128/4364/4229
f 4066/4286/4230 4065/4285/4230 4114/4362/4230 4115/4365/4230
f 4053/4287/4231 4052/4282/4231 4101/4363/4231 4102/4366/4231
f 4080/4288/4232 4079/4284/4232 4128/4364/4232 4129/4367/4232
f 4040/4290/4156 1/4368/4102 4089/4369/4233
f 4067/4291/4234 4066/4286/4234 4115/4365/4234 4116/4370/4234
f 4054/4292/4235 4053/4287/4235 4102/4366/4235 4103/4371/4235
f 4081/4293/4236 4080/4288/4236 4129/4367/4236 4130/4372/4236
f 4041/4294/4160 4040/4290/4160 4089/4369/4237 4090/4373/4237
f 4068/4295/4238 4067/4291/4238 4116/4370/4238 4117/4374/4238
f 4055/4296/4239 4054/4292/4239 4103/4371/4239 4104/4375/4239
f 4082/4297/4240 4081/4293/4240 4130/4372/4240 4131/4376/4240
f 4042/4298/4164 4041/4294/4164 4090/4373/4241 4091/4377/4241
f 4069/4299/4242 4068/4295/4242 4117/4374/4242 4118/4378/4242
f 4056/4300/4243 4055/4296/4243 4104/4375/4243 4105/4379/4243
f 4083/4301/4244 4082/4297/4244 4131/4376/4244 4132/4380/4244
f 4043/4302/4168 4042/4298/4168 4091/4377/4245 4092/4381/4245
f 4070/4303/4246 4069/4299/4246 4118/4378/4246 4119/4382/4246
f 4057/4304/4247 4056/4300/4247 4105/4379/4247 4106/4332/4247
f 4084/4305/4248 4083/4301/4248 4132/4380/4248 4133/4334/4248
f 4044/4306/4249 4043/4302/4249 4092/4381/4249 4093/4336/4249
f 4071/4307/4250 4070/4303/4250 4119/4382/4250 4120/4338/4250
f 4100/4360/4251 4099/4357/4251 4148/4383/4251 4149/4384/4251
f 4127/4361/4252 4126/4358/4252 4175/4385/4252 4176/4386/4252
f 4114/4362/4253 4113/4359/4253 4162/4387/4253 4163/4388/4253
f 4101/4363/4254 4100/4360/4254 4149/4384/4254 4150/4389/4254
f 4128/4364/4255 4127/4361/4255 4176/4386/4255 4177/4390/4255
f 4115/4365/4256 4114/4362/4256 4163/4388/4256 4164/4391/4256
f 4102/4366/4257 4101/4363/4257 4150/4389/4257 4151/4392/4257
f 4129/4367/4258 4128/4364/4258 4177/4390/4258 4178/4393/4258
f 4089/4369/4233 1/4394/4102 4138/4395/4259
f 4116/4370/4260 4115/4365/4260 4164/4391/4260 4165/4396/4260
f 4103/4371/4261 4102/4366/4261 4151/4392/4261 4152/4397/4261
f 4130/4372/4262 4129/4367/4262 4178/4393/4262 4179/4398/4262
f 4090/4373/4237 4089/4369/4237 4138/4395/4263 4139/4399/4263
f 4117/4374/4264 4116/4370/4264 4165/4396/4264 4166/4400/4264
f 4104/4375/4265 4103/4371/4265 4152/4397/4265 4153/4401/4265
f 4131/4376/4266 4130/4372/4266 4179/4398/4266 4180/4402/4266
f 4091/4377/4241 4090/4373/4241 4139/4399/4267 4140/4403/4267
f 4118/4378/4268 4117/4374/4268 4166/4400/4268 4167/4404/4268
f 4105/4379/4269 4104/4375/4269 4153/4401/4269 4154/4405/4269
f 4132/4380/4270 4131/4376/4270 4180/4402/4270 4181/4406/4270
f 4092/4381/4245 4091/4377/4245 4140/4403/4271 4141/4407/4271
f 4119/4382/4272 4118/4378/4272 4167/4404/4272 4168/4408/4272
f 4106/4332/4273 4105/4379/4273 4154/4405/4273 4155/4409/4273
f 4133/4334/4274 4132/4380/4274 4181/4406/4274 4182/4410/4274
f 4093/4336/4275 4092/4381/4275 4141/4407/4275 4142/4411/4275
f 4120/4338/4276 4119/4382/4276 4168/4408/4276 4169/4412/4276
f 4107/4333/4277 4106/4332/4277 4155/4409/4277 4156/4413/4277
f 4134/4335/4278 4133/4334/4278 4182/4410/4278 4183/4414/4278
f 4094/4337/4279 4093/4336/4279 4142/4411/4279 4143/4415/4279
f 4121/4339/4280 4120/4338/4280 4169/4412/4280 4170/4416/4280
f 4108/4340/4281 4107/4333/4281 4156/4413/4281 4157/4417/4281
f 4135/4341/4206 4134/4335/4206 4183/4414/4282 4184/4418/4282
f 4095/4342/4283 4094/4337/4283 4143/4415/4283 4144/4419/4283
f 4122/4343/4284 4121/4339/4284 4170/4416/4284 4171/4420/4284
f 4109/4344/4285 4108/4340/4285 4157/4417/4285 4158/4421/4285
f 4136/4345/4210 4135/4341/4210 4184/4418/4286 4185/4422/4286
f 4096/4346/4287 4095/4342/4287 4144/4419/4287 4145/4423/4287
f 4123/4347/4288 4122/4343/4288 4171/4420/4288 4172/4424/4288
f 4110/4348/4289 4109/4344/4289 4158/4421/4289 4159/4425/4289
f 4137/4349/4214 4136/4345/4214 4185/4422/4290 4186/4426/4290
f 4097/4350/4291 4096/4346/4291 4145/4423/4291 4146/4427/4291
f 4124/4351/4292 4123/4347/4292 4172/4424/4292 4173/4428/4292
f 4111/4352/4293 4110/4348/4293 4159/4425/4293 4160/4429/4293
f 21/4430/4294 4137/4349/4295 4186/4426/4296
f 4098/4354/4297 4097/4350/4297 4146/4427/4297 4147/4431/4297
f 4125/4355/4298 4124/4351/4298 4173/4428/4298 4174/4432/4298
f 4112/4356/4299 4111/4352/4299 4160/4429/4299 4161/4433/4299
f 4099/4357/4300 4098/4354/4300 4147/4431/4300 4148/4383/4300
f 4126/4358/4301 4125/4355/4301 4174/4432/4301 4175/4385/4301
f 4113/4359/4302 4112/4356/4302 4161/4433/4302 4162/4387/4302
f 4155/4409/4303 4154/4405/4303 4203/4434/4303 4204/4435/4303
f 4182/4410/4304 4181/4406/4304 4230/4436/4304 4231/4437/4304
f 4142/4411/4305 4141/4407/4305 4190/4438/4305 4191/4439/4305
f 4169/4412/4306 4168/4408/4306 4217/4440/4306 4218/4441/4306
f 4156/4413/4307 4155/4409/4307 4204/4435/4307 4205/4442/4307
f 4183/4414/4308 4182/4410/4308 4231/4437/4308 4232/4443/4308
f 4143/4415/4309 4142/4411/4309 4191/4439/4309 4192/4444/4309
f 4170/4416/4310 4169/4412/4310 4218/4441/4310 4219/4445/4310
f 4157/4417/4311 4156/4413/4311 4205/4442/4311 4206/4446/4311
f 4184/4418/4282 4183/4414/4282 4232/4443/4312 4233/4447/4312
f 4144/4419/4313 4143/4415/4313 4192/4444/4313 4193/4448/4313
f 4171/4420/4314 4170/4416/4314 4219/4445/4314 4220/4449/4314
f 4158/4421/4315 4157/4417/4315 4206/4446/4315 4207/4450/4315
f 4185/4422/4286 4184/4418/4286 4233/4447/4316 4234/4451/4316
f 4145/4423/4317 4144/4419/4317 4193/4448/4317 4194/4452/4317
f 4172/4424/4318 4171/4420/4318 4220/4449/4318 4221/4453/4318
f 4159/4425/4319 4158/4421/4319 4207/4450/4319 4208/4454/4319
f 4186/4426/4290 4185/4422/4290 4234/4451/4320 4235/4455/4320
f 4146/4427/4321 4145/4423/4321 4194/4452/4321 4195/4456/4321
f 4173/4428/4322 4172/4424/4322 4221/4453/4322 4222/4457/4322
f 4160/4429/4323 4159/4425/4323 4208/4454/4323 4209/4458/4323
f 21/4459/4294 4186/4426/4296 4235/4455/4324
f 4147/4431/4325 4146/4427/4325 4195/4456/4325 4196/4460/4325
f 4174/4432/4326 4173/4428/4326 4222/4457/4326 4223/4461/4326
f 4161/4433/4327 4160/4429/4327 4209/4458/4327 4210/4462/4327
f 4148/4383/4328 4147/4431/4328 4196/4460/4328 4197/4463/4328
f 4175/4385/4329 4174/4432/4329 4223/4461/4329 4224/4464/4329
f 4162/4387/4330 4161/4433/4330 4210/4462/4330 4211/4465/4330
f 4149/4384/4331 4148/4383/4331 4197/4463/4331 4198/4466/4331
f 4176/4386/4332 4175/4385/4332 4224/4464/4332 4225/4467/4332
f 4163/4388/4333 4162/4387/4333 4211/4465/4333 4212/4468/4333
f 4150/4389/4334 4149/4384/4334 4198/4466/4334 4199/4469/4334
f 4177/4390/4335 4176/4386/4335 4225/4467/4335 4226/4470/4335
f 4164/4391/4336 4163/4388/4336 4212/4468/4336 4213/4471/4336
f 4151/4392/4337 4150/4389/4337 4199/4469/4337 4200/4472/4337
f 4178/4393/4338 4177/4390/4338 4226/4470/4338 4227/4473/4338
f 4138/4395/4259 1/4474/4102 4187/4475/4339
f 4165/4396/4340 4164/4391/4340 4213/4471/4340 4214/4476/4340
f 4152/4397/4341 4151/4392/4341 4200/4472/4341 4201/4477/4341
f 4179/4398/4342 4178/4393/4342 4227/4473/4342 4228/4478/4342
f 4139/4399/4263 4138/4395/4263 4187/4475/4343 4188/4479/4343
f 4166/4400/4344 4165/4396/4344 4214/4476/4344 4215/4480/4344
f 4153/4401/4345 4152/4397/4345 4201/4477/4345 4202/4481/4345
f 4180/4402/4346 4179/4398/4346 4228/4478/4346 4229/4482/4346
f 4140/4403/4267 4139/4399/4267 4188/4479/4347 4189/4483/4347
f 4167/4404/4348 4166/4400/4348 4215/4480/4348 4216/4484/4348
f 4154/4405/4349 4153/4401/4349 4202/4481/4349 4203/4434/4349
f 4181/4406/4350 4180/4402/4350 4229/4482/4350 4230/4436/4350
f 4141/4407/4271 4140/4403/4271 4189/4483/4351 4190/4438/4351
f 4168/4408/4352 4167/4404/4352 4216/4484/4352 4217/4440/4352
f 4197/4463/4353 4196/4460/4353 4245/4485/4353 4246/4486/4353
f 4224/4464/4354 4223/4461/4354 4272/4487/4354 4273/4488/4354
f 4211/4465/4355 4210/4462/4355 4259/4489/4355 4260/4490/4355
f 4198/4466/4356 4197/4463/4356 4246/4486/4356 4247/4491/4356
f 4225/4467/4357 4224/4464/4357 4273/4488/4357 4274/4492/4357
f 4212/4468/4358 4211/4465/4358 4260/4490/4358 4261/4493/4358
f 4199/4469/4359 4198/4466/4359 4247/4491/4359 4248/4494/4359
f 4226/4470/4360 4225/4467/4360 4274/4492/4360 4275/4495/4360
f 4213/4471/4361 4212/4468/4361 4261/4493/4361 4262/4496/4361
f 4200/4472/4362 4199/4469/4362 4248/4494/4362 4249/4497/4362
f 4227/4473/4363 4226/4470/4363 4275/4495/4363 4276/4498/4363
f 4187/4475/4339 1/4499/4102 4236/4500/4364
f 4214/4476/4365 4213/4471/4365 4262/4496/4365 4263/4501/4365
f 4201/4477/4366 4200/4472/4366 4249/4497/4366 4250/4502/4366
f 4228/4478/4367 4227/4473/4367 4276/4498/4367 4277/4503/4367
f 4188/4479/4343 4187/4475/4343 4236/4500/4368 4237/4504/4368
f 4215/4480/4369 4214/4476/4369 4263/4501/4369 4264/4505/4369
f 4202/4481/4370 4201/4477/4370 4250/4502/4370 4251/4506/4370
f 4229/4482/4371 4228/4478/4371 4277/4503/4371 4278/4507/4371
f 4189/4483/4347 4188/4479/4347 4237/4504/4372 4238/4508/4372
f 4216/4484/4373 4215/4480/4373 4264/4505/4373 4265/4509/4373
f 4203/4434/4374 4202/4481/4374 4251/4506/4374 4252/4510/4374
f 4230/4436/4375 4229/4482/4375 4278/4507/4375 4279/4511/4375
f 4190/4438/4351 4189/4483/4351 4238/4508/4376 4239/4512/4376
f 4217/4440/4377 4216/4484/4377 4265/4509/4377 4266/4513/4377
f 4204/4435/4378 4203/4434/4378 4252/4510/4378 4253/4514/4378
f 4231/4437/4379 4230/4436/4379 4279/4511/4379 4280/4515/4379
f 4191/4439/4380 4190/4438/4380 4239/4512/4380 4240/4516/4380
f 4218/4441/4381 4217/4440/4381 4266/4513/4381 4267/4517/4381
f 4205/4442/4382 4204/4435/4382 4253/4514/4382 4254/4518/4382
f 4232/4443/4383 4231/4437/4383 4280/4515/4383 4281/4519/4383
f 4192/4444/4384 4191/4439/4384 4240/4516/4384 4241/4520/4384
f 4219/4445/4385 4218/4441/4385 4267/4517/4385 4268/4521/4385
f 4206/4446/4386 4205/4442/4386 4254/4518/4386 4255/4522/4386
f 4233/4447/4312 4232/4443/4312 4281/4519/4387 4282/4523/4387
f 4193/4448/4388 4192/4444/4388 4241/4520/4388 4242/4524/4388
f 4220/4449/4389 4219/4445/4389 4268/4521/4389 4269/4525/4389
f 4207/4450/4390 4206/4446/4390 4255/4522/4390 4256/4526/4390
f 4234/4451/4316 4233/4447/4316 4282/4523/4391 4283/4527/4391
f 4194/4452/4392 4193/4448/4392 4242/4524/4392 4243/4528/4392
f 4221/4453/4393 4220/4449/4393 4269/4525/4393 4270/4529/4393
f 4208/4454/4394 4207/4450/4394 4256/4526/4394 4257/4530/4394
f 4235/4455/4320 4234/4451/4320 4283/4527/4395 4284/4531/4395
f 4195/4456/4396 4194/4452/4396 4243/4528/4396 4244/4532/4396
f 4222/4457/4397 4221/4453/4397 4270/4529/4397 4271/4533/4397
f 4209/4458/4398 4208/4454/4398 4257/4530/4398 4258/4534/4398
f 21/4535/4294 4235/4455/4324 4284/4531/4399
f 4196/4460/4400 4195/4456/4400 4244/4532/4400 4245/4485/4400
f 4223/4461/4401 4222/4457/4401 4271/4533/4401 4272/4487/4401
f 4210/4462/4402 4209/4458/4402 4258/4534/4402 4259/4489/4402
f 4252/4510/4403 4251/4506/4403 4300/4536/4403 4301/4537/4403
f 4279/4511/4404 4278/4507/4404 4327/4538/4404 4328/4539/4404
f 4239/4512/4376 4238/4508/4376 4287/4540/4405 4288/4541/4405
f 4266/4513/4406 4265/4509/4406 4314/4542/4406 4315/4543/4406
f 4253/4514/4407 4252/4510/4407 4301/4537/4407 4302/4544/4407
f 4280/4515/4408 4279/4511/4408 4328/4539/4408 4329/4545/4408
f 4240/4516/4409 4239/4512/4409 4288/4541/4409 4289/4546/4409
f 4267/4517/4410 4266/4513/4410 4315/4543/4410 4316/4547/4410
f 4254/4518/4411 4253/4514/4411 4302/4544/4411 4303/4548/4411
f 4281/4519/4412 4280/4515/4412 4329/4545/4412 4330/4549/4412
f 4241/4520/4413 4240/4516/4413 4289/4546/4413 4290/4550/4413
f 4268/4521/4414 4267/4517/4414 4316/4547/4414 4317/4551/4414
f 4255/4522/4415 4254/4518/4415 4303/4548/4415 4304/4552/4415
f 4282/4523/4387 4281/4519/4387 4330/4549/4416 4331/4553/4416
f 4242/4524/4417 4241/4520/4417 4290/4550/4417 4291/4554/4417
f 4269/4525/4418 4268/4521/4418 4317/4551/4418 4318/4555/4418
f 4256/4526/4419 4255/4522/4419 4304/4552/4419 4305/4556/4419
f 4283/4527/4391 4282/4523/4391 4331/4553/4420 4332/4557/4420
f 4243/4528/4421 4242/4524/4421 4291/4554/4421 4292/4558/4421
f 4270/4529/4422 4269/4525/4422 4318/4555/4422 4319/4559/4422
f 4257/4530/4423 4256/4526/4423 4305/4556/4423 4306/4560/4423
f 4284/4531/4395 4283/4527/4395 4332/4557/4424 4333/4561/4424
f 4244/4532/4425 4243/4528/4425 4292/4558/4425 4293/4562/4425
f 4271/4533/4426 4270/4529/4426 4319/4559/4426 4320/4563/4426
f 4258/4534/4427 4257/4530/4427 4306/4560/4427 4307/4564/4427
f 21/4565/4294 4284/4531/4399 4333/4561/4428
f 4245/4485/4429 4244/4532/4429 4293/4562/4429 4294/4566/4429
f 4272/4487/4430 4271/4533/4430 4320/4563/4430 4321/4567/4430
f 4259/4489/4431 4258/4534/4431 4307/4564/4431 4308/4568/4431
f 4246/4486/4432 4245/4485/4432 4294/4566/4432 4295/4569/4432
f 4273/4488/4433 4272/4487/4433 4321/4567/4433 4322/4570/4433
f 4260/4490/4434 4259/4489/4434 4308/4568/4434 4309/4571/4434
f 4247/4491/4435 4246/4486/4435 4295/4569/4435 4296/4572/4435
f 4274/4492/4436 4273/4488/4436 4322/4570/4436 4323/4573/4436
f 4261/4493/4437 4260/4490/4437 4309/4571/4437 4310/4574/4437
f 4248/4494/4438 4247/4491/4438 4296/4572/4438 4297/4575/4438
f 4275/4495/4439 4274/4492/4439 4323/4573/4439 4324/4576/4439
f 4262/4496/4440 4261/4493/4440 4310/4574/4440 4311/4577/4440
f 4249/4497/4441 4248/4494/4441 4297/4575/4441 4298/4578/4441
f 4276/4498/4442 4275/4495/4442 4324/4576/4442 4325/4579/4442
f 4236/4500/4364 1/4580/4102 4285/4581/4443
f 4263/4501/4444 4262/4496/4444 4311/4577/4444 4312/4582/4444
f 4250/4502/4445 4249/4497/4445 4298/4578/4445 4299/4583/4445
f 4277/4503/4446 4276/4498/4446 4325/4579/4446 4326/4584/4446
f 4237/4504/4368 4236/4500/4368 4285/4581/4447 4286/4585/4447
f 4264/4505/4448 4263/4501/4448 4312/4582/4448 4313/4586/4448
f 4251/4506/4449 4250/4502/4449 4299/4583/4449 4300/4536/4449
f 4278/4507/4450 4277/4503/4450 4326/4584/4450 4327/4538/4450
f 4238/4508/4372 4237/4504/4372 4286/4585/4451 4287/4540/4451
f 4265/4509/4452 4264/4505/4452 4313/4586/4452 4314/4542/4452
f 21/4587/4294 4333/4561/4428 4382/4588/4453
f 4294/4566/4454 4293/4562/4454 4342/4589/4454 4343/4590/4454
f 4321/4567/4455 4320/4563/4455 4369/4591/4455 4370/4592/4455
f 4308/4568/4456 4307/4564/4456 4356/4593/4456 4357/4594/4456
f 4295/4569/4457 4294/4566/4457 4343/4590/4457 4344/4595/4457
f 4322/4570/4458 4321/4567/4458 4370/4592/4458 4371/4596/4458
f 4309/4571/4459 4308/4568/4459 4357/4594/4459 4358/4597/4459
f 4296/4572/4460 4295/4569/4460 4344/4595/4460 4345/4598/4460
f 4323/4573/4461 4322/4570/4461 4371/4596/4461 4372/4599/4461
f 4310/4574/4462 4309/4571/4462 4358/4597/4462 4359/4600/4462
f 4297/4575/4463 4296/4572/4463 4345/4598/4463 4346/4601/4463
f 4324/4576/4464 4323/4573/4464 4372/4599/4464 4373/4602/4464
f 4311/4577/4465 4310/4574/4465 4359/4600/4465 4360/4603/4465
f 4298/4578/4466 4297/4575/4466 4346/4601/4466 4347/4604/4466
f 4325/4579/4467 4324/4576/4467 4373/4602/4467 4374/4605/4467
f 4285/4581/4443 1/4606/4102 4334/4607/4468
f 4312/4582/4469 4311/4577/4469 4360/4603/4469 4361/4608/4469
f 4299/4583/4470 4298/4578/4470 4347/4604/4470 4348/4609/4470
f 4326/4584/4471 4325/4579/4471 4374/4605/4471 4375/4610/4471
f 4286/4585/4447 4285/4581/4447 4334/4607/4472 4335/4611/4472
f 4313/4586/4473 4312/4582/4473 4361/4608/4473 4362/4612/4473
f 4300/4536/4474 4299/4583/4474 4348/4609/4474 4349/4613/4474
f 4327/4538/4475 4326/4584/4475 4375/4610/4475 4376/4614/4475
f 4287/4540/4451 4286/4585/4451 4335/4611/4476 4336/4615/4476
f 4314/4542/4477 4313/4586/4477 4362/4612/4477 4363/4616/4477
f 4301/4537/4478 4300/4536/4478 4349/4613/4478 4350/4617/4478
f 4328/4539/4479 4327/4538/4479 4376/4614/4479 4377/4618/4479
f 4288/4541/4405 4287/4540/4405 4336/4615/4480 4337/4619/4480
f 4315/4543/4481 4314/4542/4481 4363/4616/4481 4364/4620/4481
f 4302/4544/4482 4301/4537/4482 4350/4617/4482 4351/4621/4482
f 4329/4545/4483 4328/4539/4483 4377/4618/4483 4378/4622/4483
f 4289/4546/4484 4288/4541/4484 4337/4619/4484 4338/4623/4484
f 4316/4547/4485 4315/4543/4485 4364/4620/4485 4365/4624/4485
f 4303/4548/4486 4302/4544/4486 4351/4621/4486 4352/4625/4486
f 4330/4549/4487 4329/4545/4487 4378/4622/4487 4379/4626/4487
f 4290/4550/4488 4289/4546/4488 4338/4623/4488 4339/4627/4488
f 4317/4551/4489 4316/4547/4489 4365/4624/4489 4366/4628/4489
f 4304/4552/4490 4303/4548/4490 4352/4625/4490 4353/4629/4490
f 4331/4553/4416 4330/4549/4416 4379/4626/4491 4380/4630/4491
f 4291/4554/4492 4290/4550/4492 4339/4627/4492 4340/4631/4492
f 4318/4555/4493 4317/4551/4493 4366/4628/4493 4367/4632/4493
f 4305/4556/4494 4304/4552/4494 4353/4629/4494 4354/4633/4494
f 4332/4557/4420 4331/4553/4420 4380/4630/4495 4381/4634/4495
f 4292/4558/4496 4291/4554/4496 4340/4631/4496 4341/4635/4496
f 4319/4559/4497 4318/4555/4497 4367/4632/4497 4368/4636/4497
f 4306/4560/4498 4305/4556/4498 4354/4633/4498 4355/4637/4498
f 4333/4561/4424 4332/4557/4424 4381/4634/4499 4382/4588/4499
f 4293/4562/4500 4292/4558/4500 4341/4635/4500 4342/4589/4500
f 4320/4563/4501 4319/4559/4501 4368/4636/4501 4369/4591/4501
f 4307/4564/4502 4306/4560/4502 4355/4637/4502 4356/4593/4502
f 4349/4613/4503 4348/4609/4503 4397/4638/4503 4398/4639/4503
f 4376/4614/4504 4375/4610/4504 4424/4640/4504 4425/4641/4504
f 4336/4615/4476 4335/4611/4476 4384/4642/4505 4385/4643/4505
f 4363/4616/4506 4362/4612/4506 4411/4644/4506 4412/4645/4506
f 4350/4617/4507 4349/4613/4507 4398/4639/4507 4399/4646/4507
f 4377/4618/4508 4376/4614/4508 4425/4641/4508 4426/4647/4508
f 4337/4619/4480 4336/4615/4480 4385/4643/4509 4386/4648/4509
f 4364/4620/4510 4363/4616/4510 4412/4645/4510 4413/4649/4510
f 4351/4621/4511 4350/4617/4511 4399/4646/4511 4400/4650/4511
f 4378/4622/4512 4377/4618/4512 4426/4647/4512 4427/4651/4512
f 4338/4623/4513 4337/4619/4513 4386/4648/4513 4387/4652/4513
f 4365/4624/4514 4364/4620/4514 4413/4649/4514 4414/4653/4514
f 4352/4625/4515 4351/4621/4515 4400/4650/4515 4401/4654/4515
f 4379/4626/4516 4378/4622/4516 4427/4651/4516 4428/4655/4516
f 4339/4627/4517 4338/4623/4517 4387/4652/4517 4388/4656/4517
f 4366/4628/4518 4365/4624/4518 4414/4653/4518 4415/4657/4518
f 4353/4629/4519 4352/4625/4519 4401/4654/4519 4402/4658/4519
f 4380/4630/4491 4379/4626/4491 4428/4655/4520 4429/4659/4520
f 4340/4631/4521 4339/4627/4521 4388/4656/4521 4389/4660/4521
f 4367/4632/4522 4366/4628/4522 4415/4657/4522 4416/4661/4522
f 4354/4633/4523 4353/4629/4523 4402/4658/4523 4403/4662/4523
f 4381/4634/4495 4380/4630/4495 4429/4659/4524 4430/4663/4524
f 4341/4635/4525 4340/4631/4525 4389/4660/4525 4390/4664/4525
f 4368/4636/4526 4367/4632/4526 4416/4661/4526 4417/4665/4526
f 4355/4637/4527 4354/4633/4527 4403/4662/4527 4404/4666/4527
f 4382/4588/4499 4381/4634/4499 4430/4663/4528 4431/4667/4528
f 4342/4589/4529 4341/4635/4529 4390/4664/4529 4391/4668/4529
f 4369/4591/4530 4368/4636/4530 4417/4665/4530 4418/4669/4530
f 4356/4593/4531 4355/4637/4531 4404/4666/4531 4405/4670/4531
f 21/4671/4294 4382/4588/4453 4431/4667/4532
f 4343/4590/4533 4342/4589/4533 4391/4668/4533 4392/4672/4533
f 4370/4592/4534 4369/4591/4534 4418/4669/4534 4419/4673/4534
f 4357/4594/4535 4356/4593/4535 4405/4670/4535 4406/4674/4535
f 4344/4595/4536 4343/4590/4536 4392/4672/4536 4393/4675/4536
f 4371/4596/4537 4370/4592/4537 4419/4673/4537 4420/4676/4537
f 4358/4597/4538 4357/4594/4538 4406/4674/4538 4407/4677/4538
f 4345/4598/4539 4344/4595/4539 4393/4675/4539 4394/4678/4539
f 4372/4599/4540 4371/4596/4540 4420/4676/4540 4421/4679/4540
f 4359/4600/4541 4358/4597/4541 4407/4677/4541 4408/4680/4541
f 4346/4601/4542 4345/4598/4542 4394/4678/4542 4395/4681/4542
f 4373/4602/4543 4372/4599/4543 4421/4679/4543 4422/4682/4543
f 4360/4603/4544 4359/4600/4544 4408/4680/4544 4409/4683/4544
f 4347/4604/4545 4346/4601/4545 4395/4681/4545 4396/4684/4545
f 4374/4605/4546 4373/4602/4546 4422/4682/4546 4423/4685/4546
f 4334/4607/4547 1/4686/4548 4383/4687/4549
f 4361/4608/4550 4360/4603/4550 4409/4683/4550 4410/4688/4550
f 4348/4609/4551 4347/4604/4551 4396/4684/4551 4397/4638/4551
f 4375/4610/4552 4374/4605/4552 4423/4685/4552 4424/4640/4552
f 4335/4611/4472 4334/4607/4472 4383/4687/4553 4384/4642/4553
f 4362/4612/4554 4361/4608/4554 4410/4688/4554 4411/4644/4554
f 4431/4667/4528 4430/4663/4528 4479/4689/4555 4480/4690/4555
f 4391/4668/4556 4390/4664/4556 4439/4691/4556 4440/4692/4556
f 4418/4669/4557 4417/4665/4557 4466/4693/4557 4467/4694/4557
f 4405/4670/4558 4404/4666/4558 4453/4695/4558 4454/4696/4558
f 21/4697/4294 4431/4667/4532 4480/4690/4559
f 4392/4672/4560 4391/4668/4560 4440/4692/4560 4441/4698/4560
f 4419/4673/4561 4418/4669/4561 4467/4694/4561 4468/4699/4561
f 4406/4674/4562 4405/4670/4562 4454/4696/4562 4455/4700/4562
f 4393/4675/4563 4392/4672/4563 4441/4698/4563 4442/4701/4563
f 4420/4676/4564 4419/4673/4564 4468/4699/4564 4469/4702/4564
f 4407/4677/4565 4406/4674/4565 4455/4700/4565 4456/4703/4565
f 4394/4678/4566 4393/4675/4566 4442/4701/4566 4443/4704/4566
f 4421/4679/4567 4420/4676/4567 4469/4702/4567 4470/4705/4567
f 4408/4680/4568 4407/4677/4568 4456/4703/4568 4457/4706/4568
f 4395/4681/4569 4394/4678/4569 4443/4704/4569 4444/4707/4569
f 4422/4682/4570 4421/4679/4570 4470/4705/4570 4471/4708/4570
f 4409/4683/4571 4408/4680/4571 4457/4706/4571 4458/4709/4571
f 4396/4684/4572 4395/4681/4572 4444/4707/4572 4445/4710/4572
f 4423/4685/4573 4422/4682/4573 4471/4708/4573 4472/4711/4573
f 4383/4687/4549 1/4712/4548 4432/4713/4574
f 4410/4688/4575 4409/4683/4575 4458/4709/4575 4459/4714/4575
f 4397/4638/4576 4396/4684/4576 4445/4710/4576 4446/4715/4576
f 4424/4640/4577 4423/4685/4577 4472/4711/4577 4473/4716/4577
f 4384/4642/4553 4383/4687/4553 4432/4713/4578 4433/4717/4578
f 4411/4644/4579 4410/4688/4579 4459/4714/4579 4460/4718/4579
f 4398/4639/4580 4397/4638/4580 4446/4715/4580 4447/4719/4580
f 4425/4641/4581 4424/4640/4581 4473/4716/4581 4474/4720/4581
f 4385/4643/4505 4384/4642/4505 4433/4717/4582 4434/4721/4582
f 4412/4645/4583 4411/4644/4583 4460/4718/4583 4461/4722/4583
f 4399/4646/4584 4398/4639/4584 4447/4719/4584 4448/4723/4584
f 4426/4647/4585 4425/4641/4585 4474/4720/4585 4475/4724/4585
f 4386/4648/4509 4385/4643/4509 4434/4721/4586 4435/4725/4586
f 4413/4649/4587 4412/4645/4587 4461/4722/4587 4462/4726/4587
f 4400/4650/4588 4399/4646/4588 4448/4723/4588 4449/4727/4588
f 4427/4651/4589 4426/4647/4589 4475/4724/4589 4476/4728/4589
f 4387/4652/4590 4386/4648/4590 4435/4725/4590 4436/4729/4590
f 4414/4653/4591 4413/4649/4591 4462/4726/4591 4463/4730/4591
f 4401/4654/4592 4400/4650/4592 4449/4727/4592 4450/4731/4592
f 4428/4655/4593 4427/4651/4593 4476/4728/4593 4477/4732/4593
f 4388/4656/4594 4387/4652/4594 4436/4729/4594 4437/4733/4594
f 4415/4657/4595 4414/4653/4595 4463/4730/4595 4464/4734/4595
f 4402/4658/4596 4401/4654/4596 4450/4731/4596 4451/4735/4596
f 4429/4659/4520 4428/4655/4520 4477/4732/4597 4478/4736/4597
f 4389/4660/4598 4388/4656/4598 4437/4733/4598 4438/4737/4598
f 4416/4661/4599 4415/4657/4599 4464/4734/4599 4465/4738/4599
f 4403/4662/4600 4402/4658/4600 4451/4735/4600 4452/4739/4600
f 4430/4663/4524 4429/4659/4524 4478/4736/4601 4479/4689/4601
f 4390/4664/4602 4389/4660/4602 4438/4737/4602 4439/4691/4602
f 4417/4665/4603 4416/4661/4603 4465/4738/4603 4466/4693/4603
f 4404/4666/4604 4403/4662/4604 4452/4739/4604 4453/4695/4604
f 4446/4715/4605 4445/4710/4605 4494/4740/4605 4495/4741/4605
f 4473/4716/4606 4472/4711/4606 4521/4742/4606 4522/4743/4606
f 4433/4717/4578 4432/4713/4578 4481/4744/4607 4482/4745/4607
f 4460/4718/4608 4459/4714/4608 4508/4746/4608 4509/4747/4608
f 4447/4719/4609 4446/4715/4609 4495/4741/4609 4496/4748/4609
f 4474/4720/4610 4473/4716/4610 4522/4743/4610 4523/4749/4610
f 4434/4721/4582 4433/4717/4582 4482/4745/4611 4483/4750/4611
f 4461/4722/4612 4460/4718/4612 4509/4747/4612 4510/4751/4612
f 4448/4723/4613 4447/4719/4613 4496/4748/4613 4497/4752/4613
f 4475/4724/4614 4474/4720/4614 4523/4749/4614 4524/4753/4614
f 4435/4725/4586 4434/4721/4586 4483/4750/4615 4484/4754/4615
f 4462/4726/4616 4461/4722/4616 4510/4751/4616 4511/4755/4616
f 4449/4727/4617 4448/4723/4617 4497/4752/4617 4498/4756/4617
f 4476/4728/4618 4475/4724/4618 4524/4753/4618 4525/4757/4618
f 4436/4729/4619 4435/4725/4619 4484/4754/4619 4485/4758/4619
f 4463/4730/4620 4462/4726/4620 4511/4755/4620 4512/4759/4620
f 4450/4731/4621 4449/4727/4621 4498/4756/4621 4499/4760/4621
f 4477/4732/4622 4476/4728/4622 4525/4757/4622 4526/4761/4622
f 4437/4733/4623 4436/4729/4623 4485/4758/4623 4486/4762/4623
f 4464/4734/4624 4463/4730/4624 4512/4759/4624 4513/4763/4624
f 4451/4735/4625 4450/4731/4625 4499/4760/4625 4500/4764/4625
f 4478/4736/4597 4477/4732/4597 4526/4761/4626 4527/4765/4626
f 4438/4737/4627 4437/4733/4627 4486/4762/4627 4487/4766/4627
f 4465/4738/4628 4464/4734/4628 4513/4763/4628 4514/4767/4628
f 4452/4739/4629 4451/4735/4629 4500/4764/4629 4501/4768/4629
f 4479/4689/4601 4478/4736/4601 4527/4765/4630 4528/4769/4630
f 4439/4691/4631 4438/4737/4631 4487/4766/4631 4488/4770/4631
f 4466/4693/4632 4465/4738/4632 4514/4767/4632 4515/4771/4632
f 4453/4695/4633 4452/4739/4633 4501/4768/4633 4502/4772/4633
f 4480/4690/4555 4479/4689/4555 4528/4769/4634 4529/4773/4634
f 4440/4692/4635 4439/4691/4635 4488/4770/4635 4489/4774/4635
f 4467/4694/4636 4466/4693/4636 4515/4771/4636 4516/4775/4636
f 4454/4696/4637 4453/4695/4637 4502/4772/4637 4503/4776/4637
f 21/4777/4294 4480/4690/4559 4529/4773/4638
f 4441/4698/4639 4440/4692/4639 4489/4774/4639 4490/4778/4639
f 4468/4699/4640 4467/4694/4640 4516/4775/4640 4517/4779/4640
f 4455/4700/4641 4454/4696/4641 4503/4776/4641 4504/4780/4641
f 4442/4701/4642 4441/4698/4642 4490/4778/4642 4491/4781/4642
f 4469/4702/4643 4468/4699/4643 4517/4779/4643 4518/4782/4643
f 4456/4703/4644 4455/4700/4644 4504/4780/4644 4505/4783/4644
f 4443/4704/4645 4442/4701/4645 4491/4781/4645 4492/4784/4645
f 4470/4705/4646 4469/4702/4646 4518/4782/4646 4519/4785/4646
f 4457/4706/4647 4456/4703/4647 4505/4783/4647 4506/4786/4647
f 4444/4707/4648 4443/4704/4648 4492/4784/4648 4493/4787/4648
f 4471/4708/4649 4470/4705/4649 4519/4785/4649 4520/4788/4649
f 4458/4709/4650 4457/4706/4650 4506/4786/4650 4507/4789/4650
f 4445/4710/4651 4444/4707/4651 4493/4787/4651 4494/4740/4651
f 4472/4711/4652 4471/4708/4652 4520/4788/4652 4521/4742/4652
f 4432/4713/4574 1/4790/4548 4481/4744/4653
f 4459/4714/4654 4458/4709/4654 4507/4789/4654 4508/4746/4654
f 4528/4769/4630 4527/4765/4630 4576/4791/4655 4577/4792/4655
f 4488/4770/4656 4487/4766/4656 4536/4793/4656 4537/4794/4656
f 4515/4771/4657 4514/4767/4657 4563/4795/4657 4564/4796/4657
f 4502/4772/4658 4501/4768/4658 4550/4797/4658 4551/4798/4658
f 4529/4773/4634 4528/4769/4634 4577/4792/4659 4578/4799/4659
f 4489/4774/4660 4488/4770/4660 4537/4794/4660 4538/4800/4660
f 4516/4775/4661 4515/4771/4661 4564/4796/4661 4565/4801/4661
f 4503/4776/4662 4502/4772/4662 4551/4798/4662 4552/4802/4662
f 21/4803/31 4529/4773/4663 4578/4799/4664
f 4490/4778/4665 4489/4774/4665 4538/4800/4665 4539/4804/4665
f 4517/4779/4666 4516/4775/4666 4565/4801/4666 4566/4805/4666
f 4504/4780/4667 4503/4776/4667 4552/4802/4667 4553/4806/4667
f 4491/4781/4668 4490/4778/4668 4539/4804/4668 4540/4807/4668
f 4518/4782/4669 4517/4779/4669 4566/4805/4669 4567/4808/4669
f 4505/4783/4670 4504/4780/4670 4553/4806/4670 4554/4809/4670
f 4492/4784/4671 4491/4781/4671 4540/4807/4671 4541/4810/4671
f 4519/4785/4672 4518/4782/4672 4567/4808/4672 4568/4811/4672
f 4506/4786/4673 4505/4783/4673 4554/4809/4673 4555/4812/4673
f 4493/4787/4674 4492/4784/4674 4541/4810/4674 4542/4813/4674
f 4520/4788/4675 4519/4785/4675 4568/4811/4675 4569/4814/4675
f 4507/4789/4676 4506/4786/4676 4555/4812/4676 4556/4815/4676
f 4494/4740/4677 4493/4787/4677 4542/4813/4677 4543/4816/4677
f 4521/4742/4678 4520/4788/4678 4569/4814/4678 4570/4817/4678
f 4481/4744/4653 1/4818/4548 4530/4819/4679
f 4508/4746/4680 4507/4789/4680 4556/4815/4680 4557/4820/4680
f 4495/4741/4681 4494/4740/4681 4543/4816/4681 4544/4821/4681
f 4522/4743/4682 4521/4742/4682 4570/4817/4682 4571/4822/4682
f 4482/4745/4607 4481/4744/4607 4530/4819/4683 4531/4823/4683
f 4509/4747/4684 4508/4746/4684 4557/4820/4684 4558/4824/4684
f 4496/4748/4685 4495/4741/4685 4544/4821/4685 4545/4825/4685
f 4523/4749/4686 4522/4743/4686 4571/4822/4686 4572/4826/4686
f 4483/4750/4611 4482/4745/4611 4531/4823/4687 4532/4827/4687
f 4510/4751/4688 4509/4747/4688 4558/4824/4688 4559/4828/4688
f 4497/4752/4689 4496/4748/4689 4545/4825/4689 4546/4829/4689
f 4524/4753/4690 4523/4749/4690 4572/4826/4690 4573/4830/4690
f 4484/4754/4615 4483/4750/4615 4532/4827/4691 4533/4831/4691
f 4511/4755/4692 4510/4751/4692 4559/4828/4692 4560/4832/4692
f 4498/4756/4693 4497/4752/4693 4546/4829/4693 4547/4833/4693
f 4525/4757/4694 4524/4753/4694 4573/4830/4694 4574/4834/4694
f 4485/4758/4695 4484/4754/4695 4533/4831/4695 4534/4835/4695
f 4512/4759/4696 4511/4755/4696 4560/4832/4696 4561/4836/4696
f 4499/4760/4697 4498/4756/4697 4547/4833/4697 4548/4837/4697
f 4526/4761/4698 4525/4757/4698 4574/4834/4698 4575/4838/4698
f 4486/4762/4699 4485/4758/4699 4534/4835/4699 4535/4839/4699
f 4513/4763/4700 4512/4759/4700 4561/4836/4700 4562/4840/4700
f 4500/4764/4701 4499/4760/4701 4548/4837/4701 4549/4841/4701
f 4527/4765/4626 4526/4761/4626 4575/4838/4702 4576/4791/4702
f 4487/4766/4703 4486/4762/4703 4535/4839/4703 4536/4793/4703
f 4514/4767/4704 4513/4763/4704 4562/4840/4704 4563/4795/4704
f 4501/4768/4705 4500/4764/4705 4549/4841/4705 4550/4797/4705
f 4543/4816/4706 4542/4813/4706 4591/4842/4706 4592/4843/4706
f 4570/4817/4707 4569/4814/4707 4618/4844/4707 4619/4845/4707
f 4530/4819/4679 1/4846/4548 4579/4847/4708
f 4557/4820/4709 4556/4815/4709 4605/4848/4709 4606/4849/4709
f 4544/4821/4710 4543/4816/4710 4592/4843/4710 4593/4850/4710
f 4571/4822/4711 4570/4817/4711 4619/4845/4711 4620/4851/4711
f 4531/4823/4683 4530/4819/4683 4579/4847/4712 4580/4852/4712
f 4558/4824/4713 4557/4820/4713 4606/4849/4713 4607/4853/4713
f 4545/4825/4714 4544/4821/4714 4593/4850/4714 4594/4854/4714
f 4572/4826/4715 4571/4822/4715 4620/4851/4715 4621/4855/4715
f 4532/4827/4687 4531/4823/4687 4580/4852/4716 4581/4856/4716
f 4559/4828/4717 4558/4824/4717 4607/4853/4717 4608/4857/4717
f 4546/4829/4718 4545/4825/4718 4594/4854/4718 4595/4858/4718
f 4573/4830/4719 4572/4826/4719 4621/4855/4719 4622/4859/4719
f 4533/4831/4691 4532/4827/4691 4581/4856/4720 4582/4860/4720
f 4560/4832/4721 4559/4828/4721 4608/4857/4721 4609/4861/4721
f 4547/4833/4722 4546/4829/4722 4595/4858/4722 4596/4862/4722
f 4574/4834/4723 4573/4830/4723 4622/4859/4723 4623/4863/4723
f 4534/4835/4724 4533/4831/4724 4582/4860/4724 4583/4864/4724
f 4561/4836/4725 4560/4832/4725 4609/4861/4725 4610/4865/4725
f 4548/4837/4726 4547/4833/4726 4596/4862/4726 4597/4866/4726
f 4575/4838/4727 4574/4834/4727 4623/4863/4727 4624/4867/4727
f 4535/4839/4728 4534/4835/4728 4583/4864/4728 4584/4868/4728
f 4562/4840/4729 4561/4836/4729 4610/4865/4729 4611/4869/4729
f 4549/4841/4730 4548/4837/4730 4597/4866/4730 4598/4870/4730
f 4576/4791/4702 4575/4838/4702 4624/4867/4731 4625/4871/4731
f 4536/4793/4732 4535/4839/4732 4584/4868/4732 4585/4872/4732
f 4563/4795/4733 4562/4840/4733 4611/4869/4733 4612/4873/4733
f 4550/4797/4734 4549/4841/4734 4598/4870/4734 4599/4874/4734
f 4577/4792/4655 4576/4791/4655 4625/4871/4735 4626/4875/4735
f 4537/4794/4736 4536/4793/4736 4585/4872/4736 4586/4876/4736
f 4564/4796/4737 4563/4795/4737 4612/4873/4737 4613/4877/4737
f 4551/4798/4738 4550/4797/4738 4599/4874/4738 4600/4878/4738
f 4578/4799/4659 4577/4792/4659 4626/4875/4739 4627/4879/4739
f 4538/4800/4740 4537/4794/4740 4586/4876/4740 4587/4880/4740
f 4565/4801/4741 4564/4796/4741 4613/4877/4741 4614/4881/4741
f 4552/4802/4742 4551/4798/4742 4600/4878/4742 4601/4882/4742
f 21/4883/31 4578/4799/4664 4627/4879/4743
f 4539/4804/4744 4538/4800/4744 4587/4880/4744 4588/4884/4744
f 4566/4805/4745 4565/4801/4745 4614/4881/4745 4615/4885/4745
f 4553/4806/4746 4552/4802/4746 4601/4882/4746 4602/4886/4746
f 4540/4807/4747 4539/4804/4747 4588/4884/4747 4589/4887/4747
f 4567/4808/4748 4566/4805/4748 4615/4885/4748 4616/4888/4748
f 4554/4809/4749 4553/4806/4749 4602/4886/4749 4603/4889/4749
f 4541/4810/4750 4540/4807/4750 4589/4887/4750 4590/4890/4750
f 4568/4811/4751 4567/4808/4751 4616/4888/4751 4617/4891/4751
f 4555/4812/4752 4554/4809/4752 4603/4889/4752 4604/4892/4752
f 4542/4813/4753 4541/4810/4753 4590/4890/4753 4591/4842/4753
f 4569/4814/4754 4568/4811/4754 4617/4891/4754 4618/4844/4754
f 4556/4815/4755 4555/4812/4755 4604/4892/4755 4605/4848/4755
f 4625/4871/4731 4624/4867/4731 4673/4893/4756 4674/4894/4756
f 4585/4872/4757 4584/4868/4757 4633/4895/4757 4634/4896/4757
f 4612/4873/4758 4611/4869/4758 4660/4897/4758 4661/4898/4758
f 4599/4874/4759 4598/4870/4759 4647/4899/4759 4648/4900/4759
f 4626/4875/4735 4625/4871/4735 4674/4894/4760 4675/4901/4760
f 4586/4876/4761 4585/4872/4761 4634/4896/4761 4635/4902/4761
f 4613/4877/4762 4612/4873/4762 4661/4898/4762 4662/4903/4762
f 4600/4878/4763 4599/4874/4763 4648/4900/4763 4649/4904/4763
f 4627/4879/4739 4626/4875/4739 4675/4901/4764 4676/4905/4764
f 4587/4880/4765 4586/4876/4765 4635/4902/4765 4636/4906/4765
f 4614/4881/4766 4613/4877/4766 4662/4903/4766 4663/4907/4766
f 4601/4882/4767 4600/4878/4767 4649/4904/4767 4650/4908/4767
f 21/4909/31 4627/4879/4743 4676/4905/4768
f 4588/4884/4769 4587/4880/4769 4636/4906/4769 4637/4910/4769
f 4615/4885/4770 4614/4881/4770 4663/4907/4770 4664/4911/4770
f 4602/4886/4771 4601/4882/4771 4650/4908/4771 4651/4912/4771
f 4589/4887/4772 4588/4884/4772 4637/4910/4772 4638/4913/4772
f 4616/4888/4773 4615/4885/4773 4664/4911/4773 4665/4914/4773
f 4603/4889/4774 4602/4886/4774 4651/4912/4774 4652/4915/4774
f 4590/4890/4775 4589/4887/4775 4638/4913/4775 4639/4916/4775
f 4617/4891/4776 4616/4888/4776 4665/4914/4776 4666/4917/4776
f 4604/4892/4777 4603/4889/4777 4652/4915/4777 4653/4918/4777
f 4591/4842/4778 4590/4890/4778 4639/4916/4778 4640/4919/4778
f 4618/4844/4779 4617/4891/4779 4666/4917/4779 4667/4920/4779
f 4605/4848/4780 4604/4892/4780 4653/4918/4780 4654/4921/4780
f 4592/4843/4781 4591/4842/4781 4640/4919/4781 4641/4922/4781
f 4619/4845/4782 4618/4844/4782 4667/4920/4782 4668/4923/4782
f 4579/4847/4708 1/4924/4548 4628/4925/4783
f 4606/4849/4784 4605/4848/4784 4654/4921/4784 4655/4926/4784
f 4593/4850/4785 4592/4843/4785 4641/4922/4785 4642/4927/4785
f 4620/4851/4786 4619/4845/4786 4668/4923/4786 4669/4928/4786
f 4580/4852/4712 4579/4847/4712 4628/4925/4787 4629/4929/4787
f 4607/4853/4788 4606/4849/4788 4655/4926/4788 4656/4930/4788
f 4594/4854/4789 4593/4850/4789 4642/4927/4789 4643/4931/4789
f 4621/4855/4790 4620/4851/4790 4669/4928/4790 4670/4932/4790
f 4581/4856/4716 4580/4852/4716 4629/4929/4791 4630/4933/4791
f 4608/4857/4792 4607/4853/4792 4656/4930/4792 4657/4934/4792
f 4595/4858/4793 4594/4854/4793 4643/4931/4793 4644/4935/4793
f 4622/4859/4794 4621/4855/4794 4670/4932/4794 4671/4936/4794
f 4582/4860/4720 4581/4856/4720 4630/4933/4795 4631/4937/4795
f 4609/4861/4796 4608/4857/4796 4657/4934/4796 4658/4938/4796
f 4596/4862/4797 4595/4858/4797 4644/4935/4797 4645/4939/4797
f 4623/4863/4798 4622/4859/4798 4671/4936/4798 4672/4940/4798
f 4583/4864/4799 4582/4860/4799 4631/4937/4799 4632/4941/4799
f 4610/4865/4800 4609/4861/4800 4658/4938/4800 4659/4942/4800
f 4597/4866/4801 4596/4862/4801 4645/4939/4801 4646/4943/4801
f 4624/4867/4802 4623/4863/4802 4672/4940/4802 4673/4893/4802
f 4584/4868/4803 4583/4864/4803 4632/4941/4803 4633/4895/4803
f 4611/4869/4804 4610/4865/4804 4659/4942/4804 4660/4897/4804
f 4598/4870/4805 4597/4866/4805 4646/4943/4805 4647/4899/4805
f 4640/4919/4806 4639/4916/4806 4688/4944/4806 4689/4945/4806
f 4667/4920/4807 4666/4917/4807 4715/4946/4807 4716/4947/4807
f 4654/4921/4808 4653/4918/4808 4702/4948/4808 4703/4949/4808
f 4641/4922/4809 4640/4919/4809 4689/4945/4809 4690/4950/4809
f 4668/4923/4810 4667/4920/4810 4716/4947/4810 4717/4951/4810
f 4628/4925/4783 1/4952/4548 4677/4953/4811
f 4655/4926/4812 4654/4921/4812 4703/4949/4812 4704/4954/4812
f 4642/4927/4813 4641/4922/4813 4690/4950/4813 4691/4955/4813
f 4669/4928/4814 4668/4923/4814 4717/4951/4814 4718/4956/4814
f 4629/4929/4787 4628/4925/4787 4677/4953/4815 4678/4957/4815
f 4656/4930/4816 4655/4926/4816 4704/4954/4816 4705/4958/4816
f 4643/4931/4817 4642/4927/4817 4691/4955/4817 4692/4959/4817
f 4670/4932/4818 4669/4928/4818 4718/4956/4818 4719/4960/4818
f 4630/4933/4791 4629/4929/4791 4678/4957/4819 4679/4961/4819
f 4657/4934/4820 4656/4930/4820 4705/4958/4820 4706/4962/4820
f 4644/4935/4821 4643/4931/4821 4692/4959/4821 4693/4963/4821
f 4671/4936/4822 4670/4932/4822 4719/4960/4822 4720/4964/4822
f 4631/4937/4795 4630/4933/4795 4679/4961/4823 4680/4965/4823
f 4658/4938/4824 4657/4934/4824 4706/4962/4824 4707/4966/4824
f 4645/4939/4825 4644/4935/4825 4693/4963/4825 4694/4967/4825
f 4672/4940/4826 4671/4936/4826 4720/4964/4826 4721/4968/4826
f 4632/4941/4827 4631/4937/4827 4680/4965/4827 4681/4969/4827
f 4659/4942/4828 4658/4938/4828 4707/4966/4828 4708/4970/4828
f 4646/4943/4829 4645/4939/4829 4694/4967/4829 4695/4971/4829
f 4673/4893/4830 4672/4940/4830 4721/4968/4830 4722/4972/4830
f 4633/4895/4831 4632/4941/4831 4681/4969/4831 4682/4973/4831
f 4660/4897/4832 4659/4942/4832 4708/4970/4832 4709/4974/4832
f 4647/4899/4833 4646/4943/4833 4695/4971/4833 4696/4975/4833
f 4674/4894/4756 4673/4893/4756 4722/4972/4834 4723/4976/4834
f 4634/4896/4835 4633/4895/4835 4682/4973/4835 4683/4977/4835
f 4661/4898/4836 4660/4897/4836 4709/4974/4836 4710/4978/4836
f 4648/4900/4837 4647/4899/4837 4696/4975/4837 4697/4979/4837
f 4675/4901/4760 4674/4894/4760 4723/4976/4838 4724/4980/4838
f 4635/4902/4839 4634/4896/4839 4683/4977/4839 4684/4981/4839
f 4662/4903/4840 4661/4898/4840 4710/4978/4840 4711/4982/4840
f 4649/4904/4841 4648/4900/4841 4697/4979/4841 4698/4983/4841
f 4676/4905/4764 4675/4901/4764 4724/4980/4842 4725/4984/4842
f 4636/4906/4843 4635/4902/4843 4684/4981/4843 4685/4985/4843
f 4663/4907/4844 4662/4903/4844 4711/4982/4844 4712/4986/4844
f 4650/4908/4845 4649/4904/4845 4698/4983/4845 4699/4987/4845
f 21/4988/31 4676/4905/4768 4725/4984/4846
f 4637/4910/4847 4636/4906/4847 4685/4985/4847 4686/4989/4847
f 4664/4911/4848 4663/4907/4848 4712/4986/4848 4713/4990/4848
f 4651/4912/4849 4650/4908/4849 4699/4987/4849 4700/4991/4849
f 4638/4913/4850 4637/4910/4850 4686/4989/4850 4687/4992/4850
f 4665/4914/4851 4664/4911/4851 4713/4990/4851 4714/4993/4851
f 4652/4915/4852 4651/4912/4852 4700/4991/4852 4701/4994/4852
f 4639/4916/4853 4638/4913/4853 4687/4992/4853 4688/4944/4853
f 4666/4917/4854 4665/4914/4854 4714/4993/4854 4715/4946/4854
f 4653/4918/4855 4652/4915/4855 4701/4994/4855 4702/4948/4855
f 4722/4972/4856 4721/4968/4856 4770/4995/4856 4771/4996/4856
f 4682/4973/4857 4681/4969/4857 4730/4997/4857 4731/4998/4857
f 4709/4974/4858 4708/4970/4858 4757/4999/4858 4758/5000/4858
f 4696/4975/4859 4695/4971/4859 4744/5001/4859 4745/5002/4859
f 4723/4976/4834 4722/4972/4834 4771/4996/4860 4772/5003/4860
f 4683/4977/4861 4682/4973/4861 4731/4998/4861 4732/5004/4861
f 4710/4978/4862 4709/4974/4862 4758/5000/4862 4759/5005/4862
f 4697/4979/4863 4696/4975/4863 4745/5002/4863 4746/5006/4863
f 4724/4980/4838 4723/4976/4838 4772/5003/4864 4773/5007/4864
f 4684/4981/4865 4683/4977/4865 4732/5004/4865 4733/5008/4865
f 4711/4982/4866 4710/4978/4866 4759/5005/4866 4760/5009/4866
f 4698/4983/4867 4697/4979/4867 4746/5006/4867 4747/5010/4867
f 4725/4984/4842 4724/4980/4842 4773/5007/4868 4774/5011/4868
f 4685/4985/4869 4684/4981/4869 4733/5008/4869 4734/5012/4869
f 4712/4986/4870 4711/4982/4870 4760/5009/4870 4761/5013/4870
f 4699/4987/4871 4698/4983/4871 4747/5010/4871 4748/5014/4871
f 21/5015/31 4725/4984/4846 4774/5011/4872
f 4686/4989/4873 4685/4985/4873 4734/5012/4873 4735/5016/4873
f 4713/4990/4874 4712/4986/4874 4761/5013/4874 4762/5017/4874
f 4700/4991/4875 4699/4987/4875 4748/5014/4875 4749/5018/4875
f 4687/4992/4876 4686/4989/4876 4735/5016/4876 4736/5019/4876
f 4714/4993/4877 4713/4990/4877 4762/5017/4877 4763/5020/4877
f 4701/4994/4878 4700/4991/4878 4749/5018/4878 4750/5021/4878
f 4688/4944/4879 4687/4992/4879 4736/5019/4879 4737/5022/4879
f 4715/4946/4880 4714/4993/4880 4763/5020/4880 4764/5023/4880
f 4702/4948/4881 4701/4994/4881 4750/5021/4881 4751/5024/4881
f 4689/4945/4882 4688/4944/4882 4737/5022/4882 4738/5025/4882
f 4716/4947/4883 4715/4946/4883 4764/5023/4883 4765/5026/4883
f 4703/4949/4884 4702/4948/4884 4751/5024/4884 4752/5027/4884
f 4690/4950/4885 4689/4945/4885 4738/5025/4885 4739/5028/4885
f 4717/4951/4886 4716/4947/4886 4765/5026/4886 4766/5029/4886
f 4677/4953/4811 1/5030/4548 4726/5031/4887
f 4704/4954/4888 4703/4949/4888 4752/5027/4888 4753/5032/4888
f 4691/4955/4889 4690/4950/4889 4739/5028/4889 4740/5033/4889
f 4718/4956/4890 4717/4951/4890 4766/5029/4890 4767/5034/4890
f 4678/4957/4815 4677/4953/4815 4726/5031/4891 4727/5035/4891
f 4705/4958/4892 4704/4954/4892 4753/5032/4892 4754/5036/4892
f 4692/4959/4893 4691/4955/4893 4740/5033/4893 4741/5037/4893
f 4719/4960/4894 4718/4956/4894 4767/5034/4894 4768/5038/4894
f 4679/4961/4819 4678/4957/4819 4727/5035/4895 4728/5039/4895
f 4706/4962/4896 4705/4958/4896 4754/5036/4896 4755/5040/4896
f 4693/4963/4897 4692/4959/4897 4741/5037/4897 4742/5041/4897
f 4720/4964/4898 4719/4960/4898 4768/5038/4898 4769/5042/4898
f 4680/4965/4823 4679/4961/4823 4728/5039/4899 4729/5043/4899
f 4707/4966/4900 4706/4962/4900 4755/5040/4900 4756/5044/4900
f 4694/4967/4901 4693/4963/4901 4742/5041/4901 4743/5045/4901
f 4721/4968/4902 4720/4964/4902 4769/5042/4902 4770/4995/4902
f 4681/4969/4903 4680/4965/4903 4729/5043/4903 4730/4997/4903
f 4708/4970/4904 4707/4966/4904 4756/5044/4904 4757/4999/4904
f 4695/4971/4905 4694/4967/4905 4743/5045/4905 4744/5001/4905
f 4737/5022/4906 4736/5019/4906 4785/5046/4906 4786/5047/4906
f 4764/5023/4907 4763/5020/4907 4812/5048/4907 4813/5049/4907
f 4751/5024/4908 4750/5021/4908 4799/5050/4908 4800/5051/4908
f 4738/5025/4909 4737/5022/4909 4786/5047/4909 4787/5052/4909
f 4765/5026/4910 4764/5023/4910 4813/5049/4910 4814/5053/4910
f 4752/5027/4911 4751/5024/4911 4800/5051/4911 4801/5054/4911
f 4739/5028/4912 4738/5025/4912 4787/5052/4912 4788/5055/4912
f 4766/5029/4913 4765/5026/4913 4814/5053/4913 4815/5056/4913
f 4726/5031/4914 1/5057/49 4775/5058/4915
f 4753/5032/4916 4752/5027/4916 4801/5054/4916 4802/5059/4916
f 4740/5033/4917 4739/5028/4917 4788/5055/4917 4789/5060/4917
f 4767/5034/4918 4766/5029/4918 4815/5056/4918 4816/5061/4918
f 4727/5035/4891 4726/5031/4891 4775/5058/4919 4776/5062/4919
f 4754/5036/4920 4753/5032/4920 4802/5059/4920 4803/5063/4920
f 4741/5037/4921 4740/5033/4921 4789/5060/4921 4790/5064/4921
f 4768/5038/4922 4767/5034/4922 4816/5061/4922 4817/5065/4922
f 4728/5039/4895 4727/5035/4895 4776/5062/4923 4777/5066/4923
f 4755/5040/4924 4754/5036/4924 4803/5063/4924 4804/5067/4924
f 4742/5041/4925 4741/5037/4925 4790/5064/4925 4791/5068/4925
f 4769/5042/4926 4768/5038/4926 4817/5065/4926 4818/5069/4926
f 4729/5043/4899 4728/5039/4899 4777/5066/4927 4778/5070/4927
f 4756/5044/4928 4755/5040/4928 4804/5067/4928 4805/5071/4928
f 4743/5045/4929 4742/5041/4929 4791/5068/4929 4792/5072/4929
f 4770/4995/4930 4769/5042/4930 4818/5069/4930 4819/5073/4930
f 4730/4997/4931 4729/5043/4931 4778/5070/4931 4779/5074/4931
f 4757/4999/4932 4756/5044/4932 4805/5071/4932 4806/5075/4932
f 4744/5001/4933 4743/5045/4933 4792/5072/4933 4793/5076/4933
f 4771/4996/4934 4770/4995/4934 4819/5073/4934 4820/5077/4934
f 4731/4998/4935 4730/4997/4935 4779/5074/4935 4780/5078/4935
f 4758/5000/4936 4757/4999/4936 4806/5075/4936 4807/5079/4936
f 4745/5002/4937 4744/5001/4937 4793/5076/4937 4794/5080/4937
f 4772/5003/4860 4771/4996/4860 4820/5077/4938 4821/5081/4938
f 4732/5004/4939 4731/4998/4939 4780/5078/4939 4781/5082/4939
f 4759/5005/4940 4758/5000/4940 4807/5079/4940 4808/5083/4940
f 4746/5006/4941 4745/5002/4941 4794/5080/4941 4795/5084/4941
f 4773/5007/4864 4772/5003/4864 4821/5081/4942 4822/5085/4942
f 4733/5008/4943 4732/5004/4943 4781/5082/4943 4782/5086/4943
f 4760/5009/4944 4759/5005/4944 4808/5083/4944 4809/5087/4944
f 4747/5010/4945 4746/5006/4945 4795/5084/4945 4796/5088/4945
f 4774/5011/4868 4773/5007/4868 4822/5085/4946 4823/5089/4946
f 4734/5012/4947 4733/5008/4947 4782/5086/4947 4783/5090/4947
f 4761/5013/4948 4760/5009/4948 4809/5087/4948 4810/5091/4948
f 4748/5014/4949 4747/5010/4949 4796/5088/4949 4797/5092/4949
f 21/5093/31 4774/5011/4872 4823/5089/4950
f 4735/5016/4951 4734/5012/4951 4783/5090/4951 4784/5094/4951
f 4762/5017/4952 4761/5013/4952 4810/5091/4952 4811/5095/4952
f 4749/5018/4953 4748/5014/4953 4797/5092/4953 4798/5096/4953
f 4736/5019/4954 4735/5016/4954 4784/5094/4954 4785/5046/4954
f 4763/5020/4955 4762/5017/4955 4811/5095/4955 4812/5048/4955
f 4750/5021/4956 4749/5018/4956 4798/5096/4956 4799/5050/4956
f 4810/5091/4957 4809/5087/4957 4858/5097/4957 4859/5098/4957
f 4797/5092/4958 4796/5088/4958 4845/5099/4958 4846/5100/4958
f 21/5101/31 4823/5089/4950 4872/5102/4959
f 4784/5094/4960 4783/5090/4960 4832/5103/4960 4833/5104/4960
f 4811/5095/4961 4810/5091/4961 4859/5098/4961 4860/5105/4961
f 4798/5096/4962 4797/5092/4962 4846/5100/4962 4847/5106/4962
f 4785/5046/4963 4784/5094/4963 4833/5104/4963 4834/5107/4963
f 4812/5048/4964 4811/5095/4964 4860/5105/4964 4861/5108/4964
f 4799/5050/4965 4798/5096/4965 4847/5106/4965 4848/5109/4965
f 4786/5047/4966 4785/5046/4966 4834/5107/4966 4835/5110/4966
f 4813/5049/4967 4812/5048/4967 4861/5108/4967 4862/5111/4967
f 4800/5051/4968 4799/5050/4968 4848/5109/4968 4849/5112/4968
f 4787/5052/4969 4786/5047/4969 4835/5110/4969 4836/5113/4969
f 4814/5053/4970 4813/5049/4970 4862/5111/4970 4863/5114/4970
f 4801/5054/4971 4800/5051/4971 4849/5112/4971 4850/5115/4971
f 4788/5055/4972 4787/5052/4972 4836/5113/4972 4837/5116/4972
f 4815/5056/4973 4814/5053/4973 4863/5114/4973 4864/5117/4973
f 4775/5058/4915 1/5118/49 4824/5119/4974
f 4802/5059/4975 4801/5054/4975 4850/5115/4975 4851/5120/4975
f 4789/5060/4976 4788/5055/4976 4837/5116/4976 4838/5121/4976
f 4816/5061/4977 4815/5056/4977 4864/5117/4977 4865/5122/4977
f 4776/5062/4919 4775/5058/4919 4824/5119/4978 4825/5123/4978
f 4803/5063/4979 4802/5059/4979 4851/5120/4979 4852/5124/4979
f 4790/5064/4980 4789/5060/4980 4838/5121/4980 4839/5125/4980
f 4817/5065/4981 4816/5061/4981 4865/5122/4981 4866/5126/4981
f 4777/5066/4923 4776/5062/4923 4825/5123/4982 4826/5127/4982
f 4804/5067/4983 4803/5063/4983 4852/5124/4983 4853/5128/4983
f 4791/5068/4984 4790/5064/4984 4839/5125/4984 4840/5129/4984
f 4818/5069/4985 4817/5065/4985 4866/5126/4985 4867/5130/4985
f 4778/5070/4927 4777/5066/4927 4826/5127/4986 4827/5131/4986
f 4805/5071/4987 4804/5067/4987 4853/5128/4987 4854/5132/4987
f 4792/5072/4988 4791/5068/4988 4840/5129/4988 4841/5133/4988
f 4819/5073/4989 4818/5069/4989 4867/5130/4989 4868/5134/4989
f 4779/5074/4990 4778/5070/4990 4827/5131/4990 4828/5135/4990
f 4806/5075/4991 4805/5071/4991 4854/5132/4991 4855/5136/4991
f 4793/5076/4992 4792/5072/4992 4841/5133/4992 4842/5137/4992
f 4820/5077/4993 4819/5073/4993 4868/5134/4993 4869/5138/4993
f 4780/5078/4994 4779/5074/4994 4828/5135/4994 4829/5139/4994
f 4807/5079/4995 4806/5075/4995 4855/5136/4995 4856/5140/4995
f 4794/5080/4996 4793/5076/4996 4842/5137/4996 4843/5141/4996
f 4821/5081/4938 4820/5077/4938 4869/5138/4997 4870/5142/4997
f 4781/5082/4998 4780/5078/4998 4829/5139/4998 4830/5143/4998
f 4808/5083/4999 4807/5079/4999 4856/5140/4999 4857/5144/4999
f 4795/5084/5000 4794/5080/5000 4843/5141/5000 4844/5145/5000
f 4822/5085/4942 4821/5081/4942 4870/5142/5001 4871/5146/5001
f 4782/5086/5002 4781/5082/5002 4830/5143/5002 4831/5147/5002
f 4809/5087/5003 4808/5083/5003 4857/5144/5003 4858/5097/5003
f 4796/5088/5004 4795/5084/5004 4844/5145/5004 4845/5099/5004
f 4823/5089/4946 4822/5085/4946 4871/5146/5005 4872/5102/5005
f 4783/5090/5006 4782/5086/5006 4831/5147/5006 4832/5103/5006
f 4825/5123/4978 4824/5119/4978 4873/90/54 2/99/54
f 4852/5124/5007 4851/5120/5007 4887/93/5007 4888/2/5007
f 4839/5125/5008 4838/5121/5008 7/95/5008 8/6/5008
f 4866/5126/5009 4865/5122/5009 4896/97/5009 4897/10/5009
f 4826/5127/4982 4825/5123/4982 2/99/59 3/14/59
f 4853/5128/5010 4852/5124/5010 4888/2/5010 4889/1/5010
f 4840/5129/5011 4839/5125/5011 8/6/5011 4882/5/5011
f 4867/5130/5012 4866/5126/5012 4897/10/5012 4898/9/5012
f 4827/5131/4986 4826/5127/4986 3/14/4 4/13/4
f 4854/5132/5013 4853/5128/5013 4889/1/5013 15/17/5013
f 4841/5133/5014 4840/5129/5014 4882/5/5014 9/19/5014
f 4868/5134/5015 4867/5130/5015 4898/9/5015 4899/21/5015
f 4828/5135/5016 4827/5131/5016 4/13/5016 4874/23/5016
f 4855/5136/5017 4854/5132/5017 15/17/5017 16/25/5017
f 4842/5137/5018 4841/5133/5018 9/19/5018 10/27/5018
f 4869/5138/5019 4868/5134/5019 4899/21/5019 4900/29/5019
f 4829/5139/5020 4828/5135/5020 4874/23/5020 4875/31/5020
f 4856/5140/5021 4855/5136/5021 16/25/5021 4890/33/5021
f 4843/5141/5022 4842/5137/5022 10/27/5022 4883/35/5022
f 4870/5142/4997 4869/5138/4997 4900/29/16 20/37/16
f 4830/5143/5023 4829/5139/5023 4875/31/5023 5/39/5023
f 4857/5144/5024 4856/5140/5024 4890/33/5024 17/41/5024
f 4844/5145/5025 4843/5141/5025 4883/35/5025 4884/43/5025
f 4871/5146/5001 4870/5142/5001 20/37/21 4901/45/21
f 4831/5147/5026 4830/5143/5026 5/39/5026 4876/47/5026
f 4858/5097/5027 4857/5144/5027 17/41/5027 18/49/5027
f 4845/5099/5028 4844/5145/5028 4884/43/5028 11/51/5028
f 4872/5102/5005 4871/5146/5005 4901/45/26 4902/53/26
f 4832/5103/5029 4831/5147/5029 4876/47/5029 4877/55/5029
f 4859/5098/5030 4858/5097/5030 18/49/5030 4891/57/5030
f 4846/5100/5031 4845/5099/5031 11/51/5031 4885/59/5031
f 21/5148/31 4872/5102/4959 4902/53/32
f 4833/5104/5032 4832/5103/5032 4877/55/5032 4878/62/5032
f 4860/5105/5033 4859/5098/5033 4891/57/5033 4892/64/5033
f 4847/5106/5034 4846/5100/5034 4885/59/5034 12/66/5034
f 4834/5107/5035 4833/5104/5035 4878/62/5035 6/68/5035
f 4861/5108/5036 4860/5105/5036 4892/64/5036 4893/70/5036
f 4848/5109/5037 4847/5106/5037 12/66/5037 13/72/5037
f 4835/5110/5038 4834/5107/5038 6/68/5038 4879/74/5038
f 4862/5111/5039 4861/5108/5039 4893/70/5039 4894/76/5039
f 4849/5112/5040 4848/5109/5040 13/72/5040 14/78/5040
f 4836/5113/5041 4835/5110/5041 4879/74/5041 4880/80/5041
f 4863/5114/5042 4862/5111/5042 4894/76/5042 19/82/5042
f 4850/5115/5043 4849/5112/5043 14/78/5043 4886/84/5043
f 4837/5116/5044 4836/5113/5044 4880/80/5044 4881/86/5044
f 4864/5117/5045 4863/5114/5045 19/82/5045 4895/88/5045
f 4824/5119/4974 1/5149/49 4873/90/48
f 4851/5120/5046 4850/5115/5046 4886/84/5046 4887/93/5046
f 4838/5121/5047 4837/5116/5047 4881/86/5047 7/95/5047
f 4865/5122/5048 4864/5117/5048 4895/88/5048 4896/97/5048
