# Blender 5.0.1
# www.blender.org
mtllib mdlSillas.mtl
o mdlSilla
v -4.706310 1.486190 -5.117520
v -4.589256 1.486190 -5.105991
v -4.476700 1.486190 -5.071848
v -4.372968 1.486190 -5.016402
v -4.282046 1.486190 -4.941784
v -4.207428 1.486190 -4.850862
v -4.151982 1.486190 -4.747130
v -4.117839 1.486190 -4.634574
v -4.106310 1.486190 -4.517520
v -4.117839 1.486190 -4.400466
v -4.151982 1.486190 -4.287910
v -4.207428 1.486190 -4.184178
v -4.282046 1.486190 -4.093256
v -4.372968 1.486190 -4.018638
v -4.476700 1.486190 -3.963192
v -4.589256 1.486190 -3.929049
v -4.706310 1.486190 -3.917520
v -4.823364 1.486190 -3.929049
v -4.935920 1.486190 -3.963192
v -5.039652 1.486190 -4.018638
v -5.130574 1.486190 -4.093256
v -5.205192 1.486190 -4.184178
v -5.260637 1.486190 -4.287910
v -5.294781 1.486190 -4.400466
v -5.306310 1.486190 -4.517520
v -5.294781 1.486190 -4.634574
v -5.260637 1.486190 -4.747130
v -5.205192 1.486190 -4.850862
v -5.130574 1.486190 -4.941784
v -5.039652 1.486190 -5.016402
v -4.935920 1.486190 -5.071848
v -4.823364 1.486190 -5.105991
v -4.706310 1.726190 -4.980647
v -4.706310 1.698947 -5.117520
v -4.706310 1.718211 -5.077431
v -4.615958 1.726190 -4.971748
v -4.589256 1.698947 -5.105991
v -4.597076 1.718211 -5.066672
v -4.529079 1.726190 -4.945394
v -4.476700 1.698947 -5.071848
v -4.492041 1.718211 -5.034810
v -4.449010 1.726190 -4.902596
v -4.372968 1.698947 -5.016402
v -4.395240 1.718211 -4.983069
v -4.378830 1.726190 -4.845000
v -4.282046 1.698947 -4.941784
v -4.310393 1.718211 -4.913437
v -4.321234 1.726190 -4.774819
v -4.207428 1.698947 -4.850862
v -4.240761 1.718211 -4.828590
v -4.278437 1.726190 -4.694751
v -4.151982 1.698947 -4.747130
v -4.189020 1.718211 -4.731789
v -4.252082 1.726190 -4.607872
v -4.117839 1.698947 -4.634574
v -4.157157 1.718211 -4.626753
v -4.243183 1.726190 -4.517520
v -4.106310 1.698947 -4.517520
v -4.146399 1.718211 -4.517520
v -4.252082 1.726190 -4.427168
v -4.117839 1.698947 -4.400466
v -4.157157 1.718211 -4.408287
v -4.278437 1.726190 -4.340289
v -4.151982 1.698947 -4.287910
v -4.189020 1.718211 -4.303251
v -4.321234 1.726190 -4.260221
v -4.207428 1.698947 -4.184178
v -4.240761 1.718211 -4.206450
v -4.378830 1.726190 -4.190040
v -4.282046 1.698947 -4.093256
v -4.310393 1.718211 -4.121603
v -4.449010 1.726190 -4.132444
v -4.372968 1.698947 -4.018638
v -4.395240 1.718211 -4.051971
v -4.529079 1.726190 -4.089647
v -4.476700 1.698947 -3.963192
v -4.492041 1.718211 -4.000230
v -4.615958 1.726190 -4.063292
v -4.589256 1.698947 -3.929049
v -4.597076 1.718211 -3.968368
v -4.706310 1.726190 -4.054393
v -4.706310 1.698947 -3.917520
v -4.706310 1.718211 -3.957609
v -4.796661 1.726190 -4.063292
v -4.823364 1.698947 -3.929049
v -4.815543 1.718211 -3.968368
v -4.883541 1.726190 -4.089647
v -4.935920 1.698947 -3.963192
v -4.920578 1.718211 -4.000230
v -4.963609 1.726190 -4.132444
v -5.039652 1.698947 -4.018638
v -5.017380 1.718211 -4.051971
v -5.033790 1.726190 -4.190040
v -5.130574 1.698947 -4.093256
v -5.102226 1.718211 -4.121603
v -5.091385 1.726190 -4.260221
v -5.205192 1.698947 -4.184178
v -5.171859 1.718211 -4.206450
v -5.134183 1.726190 -4.340289
v -5.260637 1.698947 -4.287910
v -5.223600 1.718211 -4.303251
v -5.160538 1.726190 -4.427168
v -5.294781 1.698947 -4.400466
v -5.255462 1.718211 -4.408287
v -5.169436 1.726190 -4.517520
v -5.306310 1.698947 -4.517520
v -5.266221 1.718211 -4.517520
v -5.160538 1.726190 -4.607872
v -5.294781 1.698947 -4.634574
v -5.255462 1.718211 -4.626753
v -5.134183 1.726190 -4.694751
v -5.260637 1.698947 -4.747130
v -5.223600 1.718211 -4.731789
v -5.091385 1.726190 -4.774819
v -5.205192 1.698947 -4.850862
v -5.171859 1.718211 -4.828590
v -5.033790 1.726190 -4.845000
v -5.130574 1.698947 -4.941784
v -5.102226 1.718211 -4.913437
v -4.963609 1.726190 -4.902596
v -5.039652 1.698947 -5.016402
v -5.017380 1.718211 -4.983069
v -4.883541 1.726190 -4.945394
v -4.935920 1.698947 -5.071848
v -4.920578 1.718211 -5.034810
v -4.796661 1.726190 -4.971748
v -4.823364 1.698947 -5.105991
v -4.815543 1.718211 -5.066672
v -4.706310 0.317975 -4.984186
v -4.706310 0.477975 -4.984187
v -4.615268 0.317975 -4.975220
v -4.615268 0.477975 -4.975220
v -4.527724 0.317975 -4.948664
v -4.527724 0.477975 -4.948664
v -4.447044 0.317975 -4.905539
v -4.447044 0.477975 -4.905539
v -4.376327 0.317975 -4.847503
v -4.376327 0.477975 -4.847503
v -4.318291 0.317975 -4.776786
v -4.318291 0.477975 -4.776786
v -4.275166 0.317975 -4.696105
v -4.275166 0.477975 -4.696105
v -4.248610 0.317975 -4.608562
v -4.248610 0.477975 -4.608562
v -4.239643 0.317975 -4.517520
v -4.239643 0.477975 -4.517520
v -4.248610 0.317975 -4.426477
v -4.248610 0.477975 -4.426477
v -4.275166 0.317975 -4.338934
v -4.275166 0.477975 -4.338934
v -4.318291 0.317975 -4.258254
v -4.318291 0.477975 -4.258254
v -4.376327 0.317975 -4.187537
v -4.376327 0.477975 -4.187537
v -4.447044 0.317975 -4.129500
v -4.447044 0.477975 -4.129500
v -4.527724 0.317975 -4.086376
v -4.527724 0.477975 -4.086376
v -4.615268 0.317975 -4.059820
v -4.615268 0.477975 -4.059820
v -4.706310 0.317975 -4.050853
v -4.706310 0.477975 -4.050853
v -4.797352 0.317975 -4.059820
v -4.797352 0.477975 -4.059820
v -4.884895 0.317975 -4.086376
v -4.884895 0.477975 -4.086376
v -4.965576 0.317975 -4.129500
v -4.965576 0.477975 -4.129500
v -5.036293 0.317975 -4.187537
v -5.036293 0.477975 -4.187537
v -5.094329 0.317975 -4.258254
v -5.094329 0.477975 -4.258254
v -5.137454 0.317975 -4.338934
v -5.137454 0.477975 -4.338934
v -5.164010 0.317975 -4.426477
v -5.164010 0.477975 -4.426477
v -5.172976 0.317975 -4.517520
v -5.172976 0.477975 -4.517520
v -5.164010 0.317975 -4.608562
v -5.164010 0.477975 -4.608562
v -5.137454 0.317975 -4.696105
v -5.137454 0.477975 -4.696105
v -5.094329 0.317975 -4.776786
v -5.094329 0.477975 -4.776786
v -5.036293 0.317975 -4.847503
v -5.036293 0.477975 -4.847503
v -4.965576 0.317975 -4.905539
v -4.965576 0.477975 -4.905539
v -4.884895 0.317975 -4.948664
v -4.884895 0.477975 -4.948664
v -4.797352 0.317975 -4.975220
v -4.797352 0.477975 -4.975220
v -4.706310 0.453975 -4.584187
v -4.706310 1.541975 -4.584187
v -4.693304 0.453975 -4.582905
v -4.693304 1.541975 -4.582906
v -4.680798 0.453975 -4.579112
v -4.680798 1.541975 -4.579112
v -4.669272 0.453975 -4.572951
v -4.669272 1.541975 -4.572951
v -4.659169 0.453975 -4.564660
v -4.659169 1.541975 -4.564661
v -4.650878 0.453975 -4.554558
v -4.650878 1.541975 -4.554558
v -4.644718 0.453975 -4.543032
v -4.644718 1.541975 -4.543032
v -4.640924 0.453975 -4.530526
v -4.640924 1.541975 -4.530526
v -4.639643 0.453975 -4.517520
v -4.639643 1.541975 -4.517520
v -4.640924 0.453975 -4.504514
v -4.640924 1.541975 -4.504514
v -4.644718 0.453975 -4.492008
v -4.644718 1.541975 -4.492008
v -4.650878 0.453975 -4.480482
v -4.650878 1.541975 -4.480482
v -4.659169 0.453975 -4.470379
v -4.659169 1.541975 -4.470379
v -4.669272 0.453975 -4.462089
v -4.669272 1.541975 -4.462089
v -4.680798 0.453975 -4.455928
v -4.680798 1.541975 -4.455928
v -4.693304 0.453975 -4.452134
v -4.693304 1.541975 -4.452134
v -4.706310 0.453975 -4.450853
v -4.706310 1.541975 -4.450853
v -4.719316 0.453975 -4.452134
v -4.719316 1.541975 -4.452134
v -4.731822 0.453975 -4.455928
v -4.731822 1.541975 -4.455928
v -4.743348 0.453975 -4.462089
v -4.743348 1.541975 -4.462089
v -4.753450 0.453975 -4.470379
v -4.753450 1.541975 -4.470379
v -4.761741 0.453975 -4.480482
v -4.761741 1.541975 -4.480482
v -4.767902 0.453975 -4.492008
v -4.767902 1.541975 -4.492008
v -4.771696 0.453975 -4.504514
v -4.771696 1.541975 -4.504514
v -4.772976 0.453975 -4.517520
v -4.772976 1.541975 -4.517520
v -4.771696 0.453975 -4.530526
v -4.771696 1.541975 -4.530526
v -4.767902 0.453975 -4.543032
v -4.767902 1.541975 -4.543032
v -4.761741 0.453975 -4.554558
v -4.761741 1.541975 -4.554558
v -4.753450 0.453975 -4.564660
v -4.753450 1.541975 -4.564661
v -4.743348 0.453975 -4.572951
v -4.743348 1.541975 -4.572951
v -4.731822 0.453975 -4.579112
v -4.731822 1.541975 -4.579112
v -4.719316 0.453975 -4.582905
v -4.719316 1.541975 -4.582906
v -4.779643 1.614190 -4.064187
v -4.779643 2.254190 -4.064187
v -4.779643 1.614190 -4.130853
v -4.779643 2.254190 -4.130854
v -4.632977 1.614190 -4.064187
v -4.632977 2.254190 -4.064187
v -4.632977 1.614190 -4.130853
v -4.632977 2.254190 -4.130854
v -5.040497 2.269675 -3.937463
v -4.706310 2.034614 -3.937463
v -4.372123 2.269675 -3.937463
v -5.352955 3.356750 -3.937464
v -5.351444 3.401785 -3.937464
v -5.351444 3.401785 -4.229771
v -4.059665 3.356750 -3.937464
v -4.061176 3.401785 -3.937464
v -4.061176 3.401785 -4.229771
v -4.706310 2.958344 -4.218696
v -4.706310 2.906741 -4.229770
v -4.706310 2.943230 -4.226527
v -4.706310 2.906741 -3.937464
v -4.706310 2.958345 -3.948538
v -4.706310 2.943231 -3.940707
v -5.351444 3.401785 -3.937464
v -5.314401 3.394330 -3.948538
v -5.325251 3.396513 -3.940707
v -5.314401 3.394330 -4.218696
v -5.351444 3.401785 -4.229771
v -5.325251 3.396513 -4.226527
v -4.098218 3.394330 -3.948538
v -4.061176 3.401785 -3.937464
v -4.087369 3.396513 -3.940707
v -4.061176 3.401785 -4.229771
v -4.098218 3.394330 -4.218696
v -4.087369 3.396513 -4.226527
v -4.980082 2.329070 -4.229770
v -5.040497 2.269675 -4.207795
v -5.022801 2.287071 -4.223334
v -4.706310 2.136505 -4.229770
v -4.706310 2.034614 -4.207795
v -4.706310 2.064457 -4.223334
v -4.432538 2.329070 -4.229770
v -4.372123 2.269675 -4.207795
v -4.389818 2.287071 -4.223334
v -5.351444 3.401785 -4.229771
v -5.352955 3.356750 -4.207795
v -5.352512 3.369940 -4.223334
v -4.059665 3.356750 -4.207795
v -4.061176 3.401785 -4.229771
v -4.060107 3.369940 -4.223334
vn -0.0000 -1.0000 -0.0000
vn 0.0426 0.9005 -0.4327
vn 0.0081 0.9966 -0.0822
vn 0.1262 0.9005 -0.4161
vn 0.0240 0.9966 -0.0790
vn 0.2050 0.9005 -0.3835
vn 0.0389 0.9966 -0.0728
vn 0.2758 0.9005 -0.3361
vn 0.0524 0.9966 -0.0638
vn 0.3361 0.9005 -0.2758
vn 0.0638 0.9966 -0.0524
vn 0.3835 0.9005 -0.2050
vn 0.0728 0.9966 -0.0389
vn 0.4161 0.9005 -0.1262
vn 0.0790 0.9966 -0.0240
vn 0.4327 0.9005 -0.0426
vn 0.0822 0.9966 -0.0081
vn 0.4327 0.9005 0.0426
vn 0.0822 0.9966 0.0081
vn 0.4161 0.9005 0.1262
vn 0.0790 0.9966 0.0240
vn 0.3835 0.9005 0.2050
vn 0.0728 0.9966 0.0389
vn 0.3361 0.9005 0.2758
vn 0.0638 0.9966 0.0524
vn 0.2758 0.9005 0.3361
vn 0.0524 0.9966 0.0638
vn 0.2050 0.9005 0.3835
vn 0.0389 0.9966 0.0728
vn 0.1262 0.9005 0.4161
vn 0.0240 0.9966 0.0790
vn 0.0426 0.9005 0.4327
vn 0.0081 0.9966 0.0822
vn -0.0426 0.9005 0.4327
vn -0.0081 0.9966 0.0822
vn -0.1262 0.9005 0.4161
vn -0.0240 0.9966 0.0790
vn -0.2050 0.9005 0.3835
vn -0.0389 0.9966 0.0728
vn -0.2758 0.9005 0.3361
vn -0.0524 0.9966 0.0638
vn -0.3361 0.9005 0.2758
vn -0.0638 0.9966 0.0524
vn -0.3835 0.9005 0.2050
vn -0.0728 0.9966 0.0389
vn -0.4161 0.9005 0.1262
vn -0.0790 0.9966 0.0240
vn -0.4327 0.9005 0.0426
vn -0.0822 0.9966 0.0081
vn -0.4327 0.9005 -0.0426
vn -0.0822 0.9966 -0.0081
vn -0.4161 0.9005 -0.1262
vn -0.0790 0.9966 -0.0240
vn -0.3835 0.9005 -0.2050
vn -0.0728 0.9966 -0.0389
vn -0.3361 0.9005 -0.2758
vn -0.0638 0.9966 -0.0524
vn -0.2758 0.9005 -0.3361
vn -0.0524 0.9966 -0.0638
vn -0.2050 0.9005 -0.3835
vn -0.0389 0.9966 -0.0728
vn -0.1262 0.9005 -0.4161
vn -0.0240 0.9966 -0.0790
vn -0.0426 0.9005 -0.4327
vn -0.0081 0.9966 -0.0822
vn -0.0000 1.0000 -0.0000
vn 0.0980 -0.0000 -0.9952
vn -0.0980 -0.0000 -0.9952
vn 0.2903 -0.0000 -0.9569
vn 0.4714 -0.0000 -0.8819
vn 0.6344 -0.0000 -0.7730
vn 0.7730 -0.0000 -0.6344
vn 0.8819 -0.0000 -0.4714
vn 0.9569 -0.0000 -0.2903
vn 0.9952 -0.0000 -0.0980
vn 0.9952 -0.0000 0.0980
vn 0.9569 -0.0000 0.2903
vn 0.8819 -0.0000 0.4714
vn 0.7730 -0.0000 0.6344
vn 0.6344 -0.0000 0.7730
vn 0.4714 -0.0000 0.8819
vn 0.2903 -0.0000 0.9569
vn 0.0980 -0.0000 0.9952
vn -0.0980 -0.0000 0.9952
vn -0.2903 -0.0000 0.9569
vn -0.4714 -0.0000 0.8819
vn -0.6344 -0.0000 0.7730
vn -0.7730 -0.0000 0.6344
vn -0.8819 -0.0000 0.4714
vn -0.9569 -0.0000 0.2903
vn -0.9952 -0.0000 0.0980
vn -0.9952 -0.0000 -0.0980
vn -0.9569 -0.0000 -0.2903
vn -0.8819 -0.0000 -0.4714
vn -0.7730 -0.0000 -0.6344
vn -0.6344 -0.0000 -0.7730
vn -0.4714 -0.0000 -0.8819
vn -0.2903 -0.0000 -0.9569
vn -1.0000 -0.0000 -0.0000
vn -0.0000 -0.0000 -1.0000
vn 1.0000 -0.0000 -0.0000
vn -0.0000 -0.0000 1.0000
vn 0.3997 0.5515 0.7322
vn 0.0945 0.1259 0.9875
vn 0.0945 0.1259 -0.9875
vn 0.3997 0.5515 -0.7322
vn -0.3997 0.5515 0.7322
vn -0.0945 0.1259 0.9875
vn -0.0945 0.1259 -0.9875
vn -0.3997 0.5515 -0.7322
vn -0.5827 0.8127 -0.0000
vn 0.5827 0.8127 -0.0000
vn 0.1973 0.9803 -0.0000
vn -0.1973 0.9803 -0.0000
vn -0.3090 -0.4392 -0.8436
vn -0.0625 -0.0888 -0.9941
vn 0.0625 -0.0888 -0.9941
vn 0.3090 -0.4392 -0.8436
vn -0.1862 -0.0606 -0.9806
vn -0.7346 -0.2174 -0.6427
vn 0.1862 -0.0606 -0.9806
vn 0.7346 -0.2174 -0.6427
vn -0.9611 -0.2762 -0.0000
vn -0.5753 -0.8179 -0.0000
vn 0.5753 -0.8179 -0.0000
vn 0.9611 -0.2762 -0.0000
vn -0.9994 0.0335 -0.0000
vn 0.9994 0.0335 -0.0000
vt 0.483906 0.143218
vt 0.474334 0.128893
vt 0.467741 0.112976
vt 0.464380 0.096078
vt 0.464380 0.078849
vt 0.467741 0.061951
vt 0.474334 0.046034
vt 0.483906 0.031709
vt 0.496089 0.019526
vt 0.510414 0.009954
vt 0.526331 0.003361
vt 0.543229 -0.000000
vt 0.560458 -0.000000
vt 0.577356 0.003361
vt 0.593273 0.009954
vt 0.607598 0.019526
vt 0.619781 0.031709
vt 0.629353 0.046034
vt 0.635946 0.061951
vt 0.639307 0.078849
vt 0.639307 0.096078
vt 0.635946 0.112976
vt 0.629353 0.128893
vt 0.619781 0.143218
vt 0.607598 0.155401
vt 0.593273 0.164973
vt 0.577356 0.171566
vt 0.560458 0.174927
vt 0.543229 0.174927
vt 0.526331 0.171566
vt 0.510414 0.164973
vt 0.496089 0.155401
vt 0.667962 0.525164
vt 0.650816 0.525244
vt 0.650816 0.510871
vt 0.666816 0.510796
vt 0.473669 0.295208
vt 0.467517 0.280354
vt 0.481083 0.276239
vt 0.486172 0.288525
vt 0.684448 0.524924
vt 0.682201 0.510572
vt 0.482601 0.308576
vt 0.493560 0.299582
vt 0.699643 0.524536
vt 0.696381 0.510210
vt 0.493970 0.319945
vt 0.502964 0.308986
vt 0.712961 0.524013
vt 0.708809 0.509722
vt 0.507338 0.328877
vt 0.514021 0.316374
vt 0.477698 0.524677
vt 0.464380 0.524046
vt 0.468532 0.509722
vt 0.480960 0.510310
vt 0.522192 0.335029
vt 0.526307 0.321463
vt 0.492892 0.525145
vt 0.495140 0.510747
vt 0.537961 0.338166
vt 0.539350 0.324058
vt 0.509379 0.525433
vt 0.510525 0.511016
vt 0.554038 0.338166
vt 0.552649 0.324058
vt 0.526525 0.525531
vt 0.526525 0.511107
vt 0.569807 0.335029
vt 0.565692 0.321463
vt 0.543671 0.525433
vt 0.542525 0.511016
vt 0.584661 0.328877
vt 0.577978 0.316374
vt 0.560158 0.525145
vt 0.557911 0.510747
vt 0.598029 0.319945
vt 0.589035 0.308986
vt 0.575352 0.524677
vt 0.572090 0.510310
vt 0.609398 0.308576
vt 0.598439 0.299582
vt 0.588670 0.524046
vt 0.584518 0.509722
vt 0.618330 0.295208
vt 0.605827 0.288525
vt 0.477698 0.353257
vt 0.464380 0.352522
vt 0.468532 0.338166
vt 0.480960 0.338852
vt 0.624482 0.280354
vt 0.610916 0.276239
vt 0.492892 0.353804
vt 0.495140 0.339362
vt 0.627619 0.264585
vt 0.613511 0.263196
vt 0.509379 0.354140
vt 0.510525 0.339676
vt 0.627619 0.248508
vt 0.613511 0.249897
vt 0.526525 0.354254
vt 0.526525 0.339782
vt 0.624482 0.232739
vt 0.610916 0.236854
vt 0.543671 0.354140
vt 0.542525 0.339676
vt 0.618330 0.217885
vt 0.605827 0.224568
vt 0.560158 0.353804
vt 0.557911 0.339362
vt 0.609397 0.204517
vt 0.598439 0.213511
vt 0.575352 0.353257
vt 0.572090 0.338852
vt 0.598029 0.193148
vt 0.589035 0.204107
vt 0.588670 0.352522
vt 0.584518 0.338166
vt 0.584661 0.184216
vt 0.577978 0.196719
vt 0.601988 0.353121
vt 0.588670 0.352491
vt 0.592823 0.338166
vt 0.605251 0.338754
vt 0.569807 0.178064
vt 0.565692 0.191630
vt 0.617183 0.353589
vt 0.619430 0.339191
vt 0.554038 0.174927
vt 0.552649 0.189035
vt 0.633670 0.353878
vt 0.634816 0.339461
vt 0.537961 0.174927
vt 0.539350 0.189035
vt 0.650816 0.353975
vt 0.650816 0.339552
vt 0.522192 0.178064
vt 0.526307 0.191630
vt 0.667962 0.353878
vt 0.666816 0.339461
vt 0.507338 0.184216
vt 0.514021 0.196719
vt 0.684448 0.353589
vt 0.682201 0.339191
vt 0.493970 0.193148
vt 0.502964 0.204107
vt 0.699643 0.353121
vt 0.696381 0.338754
vt 0.482601 0.204517
vt 0.493560 0.213511
vt 0.712961 0.352491
vt 0.708809 0.338166
vt 0.473669 0.217885
vt 0.486172 0.224568
vt 0.601988 0.524536
vt 0.588670 0.524013
vt 0.592823 0.509722
vt 0.605251 0.510210
vt 0.467516 0.232739
vt 0.481083 0.236854
vt 0.617183 0.524924
vt 0.619430 0.510572
vt 0.464380 0.248508
vt 0.478488 0.249897
vt 0.633670 0.525164
vt 0.634816 0.510796
vt 0.464380 0.264585
vt 0.478488 0.263196
vt 0.650816 0.680887
vt 0.667962 0.680806
vt 0.633670 0.680806
vt 0.684448 0.680567
vt 0.699643 0.680178
vt 0.712961 0.679655
vt 0.464380 0.679608
vt 0.477698 0.680238
vt 0.492892 0.680707
vt 0.509379 0.680995
vt 0.526525 0.681092
vt 0.543671 0.680995
vt 0.560158 0.680707
vt 0.575352 0.680238
vt 0.588670 0.679608
vt 0.464380 0.507990
vt 0.477698 0.508725
vt 0.492892 0.509272
vt 0.509379 0.509608
vt 0.526525 0.509722
vt 0.543671 0.509608
vt 0.560158 0.509272
vt 0.575352 0.508725
vt 0.588670 0.507990
vt 0.588670 0.508052
vt 0.601988 0.508682
vt 0.617183 0.509151
vt 0.633670 0.509439
vt 0.650816 0.509537
vt 0.667962 0.509439
vt 0.684448 0.509151
vt 0.699643 0.508682
vt 0.712961 0.508052
vt 0.588670 0.679655
vt 0.601988 0.680178
vt 0.617183 0.680567
vt 0.812009 0.292933
vt 0.812009 0.175885
vt 0.825344 0.175822
vt 0.825344 0.292870
vt 0.838167 0.175636
vt 0.838167 0.292684
vt 0.849985 0.175334
vt 0.849985 0.292382
vt 0.860344 0.174927
vt 0.860344 0.291975
vt 0.685341 0.797874
vt 0.685341 0.680887
vt 0.695699 0.681377
vt 0.695699 0.798364
vt 0.707517 0.681742
vt 0.707517 0.798729
vt 0.720340 0.681966
vt 0.720340 0.798953
vt 0.733676 0.682042
vt 0.733676 0.799029
vt 0.747012 0.681966
vt 0.747012 0.798953
vt 0.759835 0.681742
vt 0.759835 0.798729
vt 0.771653 0.681377
vt 0.771653 0.798364
vt 0.782011 0.680887
vt 0.782011 0.797874
vt 0.588670 0.797804
vt 0.588670 0.680887
vt 0.599029 0.681459
vt 0.599029 0.798376
vt 0.610847 0.681884
vt 0.610847 0.798800
vt 0.623670 0.682145
vt 0.623670 0.799062
vt 0.637006 0.682234
vt 0.637006 0.799151
vt 0.650341 0.682145
vt 0.650341 0.799062
vt 0.663164 0.681884
vt 0.663164 0.798800
vt 0.674982 0.681459
vt 0.674982 0.798376
vt 0.685341 0.680887
vt 0.685341 0.797804
vt 0.464380 0.798080
vt 0.464380 0.681092
vt 0.474738 0.681583
vt 0.474738 0.798570
vt 0.486556 0.681947
vt 0.486556 0.798934
vt 0.499379 0.682171
vt 0.499379 0.799159
vt 0.512715 0.682247
vt 0.512715 0.799235
vt 0.526051 0.682171
vt 0.526051 0.799159
vt 0.538874 0.681947
vt 0.538874 0.798934
vt 0.550692 0.681583
vt 0.550692 0.798570
vt 0.561050 0.681092
vt 0.561050 0.798080
vt 0.763673 0.291975
vt 0.763673 0.174927
vt 0.774032 0.175334
vt 0.774032 0.292382
vt 0.785850 0.175636
vt 0.785850 0.292684
vt 0.652281 0.295794
vt 0.642806 0.286319
vt 0.635361 0.275177
vt 0.630233 0.262797
vt 0.627619 0.249654
vt 0.627619 0.236254
vt 0.630233 0.223111
vt 0.635361 0.210731
vt 0.642806 0.199589
vt 0.652281 0.190114
vt 0.663423 0.182669
vt 0.675803 0.177541
vt 0.688946 0.174927
vt 0.702346 0.174927
vt 0.715489 0.177541
vt 0.727869 0.182669
vt 0.739011 0.190114
vt 0.748486 0.199589
vt 0.755931 0.210731
vt 0.761059 0.223111
vt 0.763673 0.236254
vt 0.763673 0.249654
vt 0.761059 0.262797
vt 0.755931 0.275177
vt 0.748486 0.286319
vt 0.739011 0.295794
vt 0.727869 0.303239
vt 0.715489 0.308367
vt 0.702346 0.310981
vt 0.688946 0.310981
vt 0.675803 0.308367
vt 0.663423 0.303239
vt 0.798673 0.175822
vt 0.798673 0.292870
vt 0.654494 0.111392
vt 0.647049 0.100250
vt 0.641921 0.087870
vt 0.639307 0.074727
vt 0.639307 0.061327
vt 0.641921 0.048184
vt 0.647049 0.035804
vt 0.654494 0.024662
vt 0.663969 0.015187
vt 0.675111 0.007742
vt 0.687491 0.002614
vt 0.700634 0.000000
vt 0.714034 0.000000
vt 0.727177 0.002614
vt 0.739557 0.007742
vt 0.750699 0.015187
vt 0.760174 0.024662
vt 0.767619 0.035804
vt 0.772747 0.048184
vt 0.775361 0.061327
vt 0.775361 0.074727
vt 0.772747 0.087870
vt 0.767619 0.100250
vt 0.760174 0.111392
vt 0.750699 0.120867
vt 0.739557 0.128312
vt 0.727177 0.133440
vt 0.714034 0.136054
vt 0.700634 0.136054
vt 0.687491 0.133440
vt 0.675111 0.128312
vt 0.663969 0.120867
vt 0.867249 0.970990
vt 0.867249 0.175064
vt 0.869154 0.175055
vt 0.869154 0.970981
vt 0.870986 0.175028
vt 0.870986 0.970955
vt 0.872674 0.174985
vt 0.872674 0.970911
vt 0.874154 0.174927
vt 0.874154 0.970853
vt 0.874154 0.970439
vt 0.874154 0.174927
vt 0.875634 0.174997
vt 0.875634 0.970509
vt 0.877322 0.175049
vt 0.877322 0.970561
vt 0.879154 0.175081
vt 0.879154 0.970594
vt 0.881059 0.175092
vt 0.881059 0.970604
vt 0.882964 0.175081
vt 0.882964 0.970594
vt 0.884796 0.175049
vt 0.884796 0.970561
vt 0.886484 0.174997
vt 0.886484 0.970509
vt 0.887964 0.174927
vt 0.887964 0.970439
vt 0.901774 0.969961
vt 0.901774 0.174927
vt 0.903254 0.175009
vt 0.903254 0.970042
vt 0.904942 0.175069
vt 0.904942 0.970103
vt 0.906774 0.175107
vt 0.906774 0.970141
vt 0.908679 0.175119
vt 0.908679 0.970153
vt 0.910584 0.175107
vt 0.910584 0.970141
vt 0.912416 0.175069
vt 0.912416 0.970103
vt 0.914104 0.175009
vt 0.914104 0.970042
vt 0.915584 0.174927
vt 0.915584 0.969961
vt 0.889444 0.174997
vt 0.889444 0.970509
vt 0.891132 0.175049
vt 0.891132 0.970561
vt 0.892964 0.175081
vt 0.892964 0.970594
vt 0.894869 0.175092
vt 0.894869 0.970604
vt 0.896774 0.175081
vt 0.896774 0.970594
vt 0.898606 0.175049
vt 0.898606 0.970561
vt 0.900294 0.174997
vt 0.900294 0.970509
vt 0.901774 0.174927
vt 0.901774 0.970439
vt 0.860344 0.970853
vt 0.860344 0.174927
vt 0.861824 0.174985
vt 0.861824 0.970911
vt 0.863512 0.175028
vt 0.863512 0.970955
vt 0.643532 0.328248
vt 0.641940 0.329312
vt 0.640172 0.330044
vt 0.638294 0.330418
vt 0.636380 0.330418
vt 0.634503 0.330044
vt 0.632734 0.329312
vt 0.631142 0.328248
vt 0.629789 0.326894
vt 0.628725 0.325303
vt 0.627993 0.323534
vt 0.627619 0.321657
vt 0.627619 0.319742
vt 0.627993 0.317865
vt 0.628725 0.316096
vt 0.629789 0.314504
vt 0.631142 0.313151
vt 0.632734 0.312087
vt 0.634503 0.311355
vt 0.636380 0.310981
vt 0.638294 0.310981
vt 0.640172 0.311355
vt 0.641940 0.312087
vt 0.643532 0.313151
vt 0.644886 0.314504
vt 0.645949 0.316096
vt 0.646682 0.317865
vt 0.647055 0.319742
vt 0.647055 0.321657
vt 0.646682 0.323534
vt 0.645949 0.325303
vt 0.644886 0.326894
vt 0.865344 0.175055
vt 0.865344 0.970981
vt 0.653628 0.154385
vt 0.651860 0.155117
vt 0.649982 0.155491
vt 0.648068 0.155491
vt 0.646190 0.155117
vt 0.644422 0.154385
vt 0.642830 0.153321
vt 0.641477 0.151967
vt 0.640413 0.150376
vt 0.639680 0.148607
vt 0.639307 0.146730
vt 0.639307 0.144815
vt 0.639680 0.142938
vt 0.640413 0.141169
vt 0.641477 0.139577
vt 0.642830 0.138224
vt 0.644422 0.137160
vt 0.646190 0.136428
vt 0.648068 0.136054
vt 0.649982 0.136054
vt 0.651860 0.136428
vt 0.653628 0.137160
vt 0.655220 0.138224
vt 0.656574 0.139577
vt 0.657637 0.141169
vt 0.658370 0.142938
vt 0.658743 0.144815
vt 0.658743 0.146730
vt 0.658370 0.148607
vt 0.657637 0.150376
vt 0.656574 0.151967
vt 0.655220 0.153321
vt 0.841561 0.806115
vt 0.841561 0.338166
vt 0.851326 0.338166
vt 0.851326 0.806115
vt 0.798594 0.806358
vt 0.798594 0.338166
vt 0.820077 0.338166
vt 0.820077 0.806358
vt 0.915584 0.642875
vt 0.915584 0.174927
vt 0.925349 0.174927
vt 0.925349 0.642875
vt 0.820077 0.805833
vt 0.820077 0.338166
vt 0.841561 0.338166
vt 0.841561 0.805833
vt 0.656821 0.310981
vt 0.656821 0.332465
vt 0.647055 0.332465
vt 0.647055 0.310981
vt 0.666586 0.310981
vt 0.666586 0.332465
vt 0.656821 0.310981
vt 0.284028 0.323926
vt 0.373100 0.005339
vt 0.374689 0.003820
vt 0.284028 0.335048
vt 0.378526 0.000000
vt 0.284028 0.361743
vt 0.094654 0.362149
vt 0.000157 0.000000
vt 0.003993 0.003834
vt 0.094654 0.335433
vt 0.005582 0.005376
vt 0.094654 0.324321
vt 0.194956 0.005339
vt 0.193367 0.003820
vt 0.189530 0.000000
vt 0.189152 0.000000
vt 0.185315 0.003834
vt 0.183726 0.005376
vt 0.754155 0.667847
vt 0.714583 0.667847
vt 0.714583 0.343930
vt 0.754155 0.343930
vt 0.757400 0.667847
vt 0.757400 0.343930
vt 0.796972 0.343930
vt 0.796972 0.667847
vt 0.284028 0.999032
vt 0.235077 0.827267
vt 0.189309 0.032909
vt 0.378747 0.032909
vt 0.332979 0.827267
vt 0.798594 0.338166
vt 0.798119 0.342242
vt 0.756253 0.342242
vt 0.755777 0.338166
vt 0.712961 0.338166
vt 0.755778 0.338166
vt 0.755302 0.342242
vt 0.713436 0.342242
vt 0.094654 1.000000
vt 0.045703 0.828041
vt 0.048295 0.815424
vt 0.094654 0.978277
vt 0.054553 0.784745
vt 0.094654 0.925616
vt 0.134756 0.784745
vt 0.141013 0.815424
vt 0.143605 0.828041
vt 0.000000 0.023251
vt 0.420621 0.023293
vt 0.420621 0.812269
vt 0.418344 0.825138
vt 0.418344 0.032941
vt 0.189309 0.023251
vt 0.422506 0.812269
vt 0.422506 0.023293
vt 0.424782 0.032941
vt 0.424782 0.825138
vt 0.378747 0.825138
vt 0.378747 0.032941
vt 0.418344 0.994184
vt 0.378747 0.994184
vt 0.464380 0.825138
vt 0.464380 0.994184
vt 0.424782 0.994184
vt 0.464380 0.032941
vt 0.378747 0.000000
vt 0.421563 0.000000
vt 0.421563 0.000000
vt 0.464380 0.000000
s 1
usemtl Material.021
f 1/1/1 2/2/1 3/3/1 4/4/1 5/5/1 6/6/1 7/7/1 8/8/1 9/9/1 10/10/1 11/11/1 12/12/1 13/13/1 14/14/1 15/15/1 16/16/1 17/17/1 18/18/1 19/19/1 20/20/1 21/21/1 22/22/1 23/23/1 24/24/1 25/25/1 26/26/1 27/27/1 28/28/1 29/29/1 30/30/1 31/31/1 32/32/1
f 37/33/2 34/34/2 35/35/2 38/36/2
f 38/37/3 35/38/3 33/39/3 36/40/3
f 40/41/4 37/33/4 38/36/4 41/42/4
f 41/43/5 38/37/5 36/40/5 39/44/5
f 43/45/6 40/41/6 41/42/6 44/46/6
f 44/47/7 41/43/7 39/44/7 42/48/7
f 46/49/8 43/45/8 44/46/8 47/50/8
f 47/51/9 44/47/9 42/48/9 45/52/9
f 49/53/10 46/54/10 47/55/10 50/56/10
f 50/57/11 47/51/11 45/52/11 48/58/11
f 52/59/12 49/53/12 50/56/12 53/60/12
f 53/61/13 50/57/13 48/58/13 51/62/13
f 55/63/14 52/59/14 53/60/14 56/64/14
f 56/65/15 53/61/15 51/62/15 54/66/15
f 58/67/16 55/63/16 56/64/16 59/68/16
f 59/69/17 56/65/17 54/66/17 57/70/17
f 61/71/18 58/67/18 59/68/18 62/72/18
f 62/73/19 59/69/19 57/70/19 60/74/19
f 64/75/20 61/71/20 62/72/20 65/76/20
f 65/77/21 62/73/21 60/74/21 63/78/21
f 67/79/22 64/75/22 65/76/22 68/80/22
f 68/81/23 65/77/23 63/78/23 66/82/23
f 70/83/24 67/79/24 68/80/24 71/84/24
f 71/85/25 68/81/25 66/82/25 69/86/25
f 73/87/26 70/88/26 71/89/26 74/90/26
f 74/91/27 71/85/27 69/86/27 72/92/27
f 76/93/28 73/87/28 74/90/28 77/94/28
f 77/95/29 74/91/29 72/92/29 75/96/29
f 79/97/30 76/93/30 77/94/30 80/98/30
f 80/99/31 77/95/31 75/96/31 78/100/31
f 82/101/32 79/97/32 80/98/32 83/102/32
f 83/103/33 80/99/33 78/100/33 81/104/33
f 85/105/34 82/101/34 83/102/34 86/106/34
f 86/107/35 83/103/35 81/104/35 84/108/35
f 88/109/36 85/105/36 86/106/36 89/110/36
f 89/111/37 86/107/37 84/108/37 87/112/37
f 91/113/38 88/109/38 89/110/38 92/114/38
f 92/115/39 89/111/39 87/112/39 90/116/39
f 94/117/40 91/113/40 92/114/40 95/118/40
f 95/119/41 92/115/41 90/116/41 93/120/41
f 97/121/42 94/122/42 95/123/42 98/124/42
f 98/125/43 95/119/43 93/120/43 96/126/43
f 100/127/44 97/121/44 98/124/44 101/128/44
f 101/129/45 98/125/45 96/126/45 99/130/45
f 103/131/46 100/127/46 101/128/46 104/132/46
f 104/133/47 101/129/47 99/130/47 102/134/47
f 106/135/48 103/131/48 104/132/48 107/136/48
f 107/137/49 104/133/49 102/134/49 105/138/49
f 109/139/50 106/135/50 107/136/50 110/140/50
f 110/141/51 107/137/51 105/138/51 108/142/51
f 112/143/52 109/139/52 110/140/52 113/144/52
f 113/145/53 110/141/53 108/142/53 111/146/53
f 115/147/54 112/143/54 113/144/54 116/148/54
f 116/149/55 113/145/55 111/146/55 114/150/55
f 118/151/56 115/147/56 116/148/56 119/152/56
f 119/153/57 116/149/57 114/150/57 117/154/57
f 121/155/58 118/156/58 119/157/58 122/158/58
f 122/159/59 119/153/59 117/154/59 120/160/59
f 124/161/60 121/155/60 122/158/60 125/162/60
f 125/163/61 122/159/61 120/160/61 123/164/61
f 127/165/62 124/161/62 125/162/62 128/166/62
f 128/167/63 125/163/63 123/164/63 126/168/63
f 34/34/64 127/165/64 128/166/64 35/35/64
f 35/38/65 128/167/65 126/168/65 33/39/65
f 36/40/66 33/39/66 126/168/66 123/164/66 120/160/66 117/154/66 114/150/66 111/146/66 108/142/66 105/138/66 102/134/66 99/130/66 96/126/66 93/120/66 90/116/66 87/112/66 84/108/66 81/104/66 78/100/66 75/96/66 72/92/66 69/86/66 66/82/66 63/78/66 60/74/66 57/70/66 54/66/66 51/62/66 48/58/66 45/52/66 42/48/66 39/44/66
f 1/169/67 34/34/67 37/33/67 2/170/67
f 32/171/68 127/165/68 34/34/68 1/169/68
f 2/170/69 37/33/69 40/41/69 3/172/69
f 3/172/70 40/41/70 43/45/70 4/173/70
f 4/173/71 43/45/71 46/49/71 5/174/71
f 5/175/72 46/54/72 49/53/72 6/176/72
f 6/176/73 49/53/73 52/59/73 7/177/73
f 7/177/74 52/59/74 55/63/74 8/178/74
f 8/178/75 55/63/75 58/67/75 9/179/75
f 9/179/76 58/67/76 61/71/76 10/180/76
f 10/180/77 61/71/77 64/75/77 11/181/77
f 11/181/78 64/75/78 67/79/78 12/182/78
f 12/182/79 67/79/79 70/83/79 13/183/79
f 13/184/80 70/88/80 73/87/80 14/185/80
f 14/185/81 73/87/81 76/93/81 15/186/81
f 15/186/82 76/93/82 79/97/82 16/187/82
f 16/187/83 79/97/83 82/101/83 17/188/83
f 17/188/84 82/101/84 85/105/84 18/189/84
f 18/189/85 85/105/85 88/109/85 19/190/85
f 19/190/86 88/109/86 91/113/86 20/191/86
f 20/191/87 91/113/87 94/117/87 21/192/87
f 21/193/88 94/122/88 97/121/88 22/194/88
f 22/194/89 97/121/89 100/127/89 23/195/89
f 23/195/90 100/127/90 103/131/90 24/196/90
f 24/196/91 103/131/91 106/135/91 25/197/91
f 25/197/92 106/135/92 109/139/92 26/198/92
f 26/198/93 109/139/93 112/143/93 27/199/93
f 27/199/94 112/143/94 115/147/94 28/200/94
f 28/200/95 115/147/95 118/151/95 29/201/95
f 29/202/96 118/156/96 121/155/96 30/203/96
f 30/203/97 121/155/97 124/161/97 31/204/97
f 31/204/98 124/161/98 127/165/98 32/171/98
f 129/205/67 130/206/67 132/207/67 131/208/67
f 131/208/69 132/207/69 134/209/69 133/210/69
f 133/210/70 134/209/70 136/211/70 135/212/70
f 135/212/71 136/211/71 138/213/71 137/214/71
f 137/215/72 138/216/72 140/217/72 139/218/72
f 139/218/73 140/217/73 142/219/73 141/220/73
f 141/220/74 142/219/74 144/221/74 143/222/74
f 143/222/75 144/221/75 146/223/75 145/224/75
f 145/224/76 146/223/76 148/225/76 147/226/76
f 147/226/77 148/225/77 150/227/77 149/228/77
f 149/228/78 150/227/78 152/229/78 151/230/78
f 151/230/79 152/229/79 154/231/79 153/232/79
f 153/233/80 154/234/80 156/235/80 155/236/80
f 155/236/81 156/235/81 158/237/81 157/238/81
f 157/238/82 158/237/82 160/239/82 159/240/82
f 159/240/83 160/239/83 162/241/83 161/242/83
f 161/242/84 162/241/84 164/243/84 163/244/84
f 163/244/85 164/243/85 166/245/85 165/246/85
f 165/246/86 166/245/86 168/247/86 167/248/86
f 167/248/87 168/247/87 170/249/87 169/250/87
f 169/251/88 170/252/88 172/253/88 171/254/88
f 171/254/89 172/253/89 174/255/89 173/256/89
f 173/256/90 174/255/90 176/257/90 175/258/90
f 175/258/91 176/257/91 178/259/91 177/260/91
f 177/260/92 178/259/92 180/261/92 179/262/92
f 179/262/93 180/261/93 182/263/93 181/264/93
f 181/264/94 182/263/94 184/265/94 183/266/94
f 183/266/95 184/265/95 186/267/95 185/268/95
f 185/269/96 186/270/96 188/271/96 187/272/96
f 187/272/97 188/271/97 190/273/97 189/274/97
f 132/275/66 130/276/66 192/277/66 190/278/66 188/279/66 186/280/66 184/281/66 182/282/66 180/283/66 178/284/66 176/285/66 174/286/66 172/287/66 170/288/66 168/289/66 166/290/66 164/291/66 162/292/66 160/293/66 158/294/66 156/295/66 154/296/66 152/297/66 150/298/66 148/299/66 146/300/66 144/301/66 142/302/66 140/303/66 138/304/66 136/305/66 134/306/66
f 189/274/98 190/273/98 192/307/98 191/308/98
f 191/308/68 192/307/68 130/206/68 129/205/68
f 129/309/1 131/310/1 133/311/1 135/312/1 137/313/1 139/314/1 141/315/1 143/316/1 145/317/1 147/318/1 149/319/1 151/320/1 153/321/1 155/322/1 157/323/1 159/324/1 161/325/1 163/326/1 165/327/1 167/328/1 169/329/1 171/330/1 173/331/1 175/332/1 177/333/1 179/334/1 181/335/1 183/336/1 185/337/1 187/338/1 189/339/1 191/340/1
f 193/341/67 194/342/67 196/343/67 195/344/67
f 195/344/69 196/343/69 198/345/69 197/346/69
f 197/346/70 198/345/70 200/347/70 199/348/70
f 199/348/71 200/347/71 202/349/71 201/350/71
f 201/351/72 202/352/72 204/353/72 203/354/72
f 203/354/73 204/353/73 206/355/73 205/356/73
f 205/356/74 206/355/74 208/357/74 207/358/74
f 207/358/75 208/357/75 210/359/75 209/360/75
f 209/360/76 210/359/76 212/361/76 211/362/76
f 211/362/77 212/361/77 214/363/77 213/364/77
f 213/364/78 214/363/78 216/365/78 215/366/78
f 215/366/79 216/365/79 218/367/79 217/368/79
f 217/369/80 218/370/80 220/371/80 219/372/80
f 219/372/81 220/371/81 222/373/81 221/374/81
f 221/374/82 222/373/82 224/375/82 223/376/82
f 223/376/83 224/375/83 226/377/83 225/378/83
f 225/378/84 226/377/84 228/379/84 227/380/84
f 227/380/85 228/379/85 230/381/85 229/382/85
f 229/382/86 230/381/86 232/383/86 231/384/86
f 231/384/87 232/383/87 234/385/87 233/386/87
f 233/368/88 234/367/88 236/387/88 235/388/88
f 235/388/89 236/387/89 238/389/89 237/390/89
f 237/390/90 238/389/90 240/391/90 239/392/90
f 239/392/91 240/391/91 242/393/91 241/394/91
f 241/394/92 242/393/92 244/395/92 243/396/92
f 243/396/93 244/395/93 246/397/93 245/398/93
f 245/398/94 246/397/94 248/399/94 247/400/94
f 247/400/95 248/399/95 250/401/95 249/402/95
f 249/403/96 250/404/96 252/405/96 251/406/96
f 251/406/97 252/405/97 254/407/97 253/408/97
f 196/409/66 194/410/66 256/411/66 254/412/66 252/413/66 250/414/66 248/415/66 246/416/66 244/417/66 242/418/66 240/419/66 238/420/66 236/421/66 234/422/66 232/423/66 230/424/66 228/425/66 226/426/66 224/427/66 222/428/66 220/429/66 218/430/66 216/431/66 214/432/66 212/433/66 210/434/66 208/435/66 206/436/66 204/437/66 202/438/66 200/439/66 198/440/66
f 253/408/98 254/407/98 256/441/98 255/442/98
f 255/442/68 256/441/68 194/342/68 193/341/68
f 193/443/1 195/444/1 197/445/1 199/446/1 201/447/1 203/448/1 205/449/1 207/450/1 209/451/1 211/452/1 213/453/1 215/454/1 217/455/1 219/456/1 221/457/1 223/458/1 225/459/1 227/460/1 229/461/1 231/462/1 233/463/1 235/464/1 237/465/1 239/466/1 241/467/1 243/468/1 245/469/1 247/470/1 249/471/1 251/472/1 253/473/1 255/474/1
f 257/475/99 258/476/99 260/477/99 259/478/99
f 259/479/100 260/480/100 264/481/100 263/482/100
f 263/483/101 264/484/101 262/485/101 261/486/101
f 261/487/102 262/488/102 258/489/102 257/490/102
f 259/491/1 263/492/1 261/493/1 257/494/1
f 264/495/66 260/496/66 258/492/66 262/497/66
f 278/498/103 281/499/103 282/500/103 279/501/103
f 279/501/104 282/500/104 280/502/104 277/503/104
f 275/504/105 284/505/105 285/506/105 276/507/105
f 276/507/106 285/506/106 283/508/106 274/509/106
f 286/510/107 278/498/107 279/501/107 288/511/107
f 288/511/108 279/501/108 277/503/108 287/512/108
f 289/513/109 275/504/109 276/507/109 291/514/109
f 291/514/110 276/507/110 274/509/110 290/515/110
f 274/516/111 278/517/111 286/518/111 290/519/111
f 274/520/112 283/521/112 281/522/112 278/523/112
f 266/524/102 267/525/102 271/526/102 272/512/102 287/512/102 277/503/102
f 266/524/102 277/503/102 280/502/102 269/502/102 268/527/102 265/528/102
f 280/529/113 282/530/113 281/522/113 283/521/113 285/531/113 284/532/113 270/532/113 269/529/113
f 272/533/114 273/534/114 289/534/114 291/535/114 290/519/114 286/518/114 288/536/114 287/533/114
f 296/537/115 293/538/115 294/539/115 297/540/115
f 297/540/116 294/539/116 292/541/116 295/542/116
f 295/542/117 298/543/117 300/544/117 297/540/117
f 297/540/118 300/544/118 299/545/118 296/537/118
f 301/505/119 292/541/119 294/539/119 303/546/119
f 303/547/120 294/548/120 293/549/120 302/550/120
f 298/543/121 305/513/121 306/551/121 300/544/121
f 300/552/122 306/553/122 304/554/122 299/555/122
f 265/556/123 268/557/123 302/550/123 293/549/123
f 293/549/124 296/558/124 266/559/124 265/556/124
f 292/541/100 301/505/100 270/505/100 284/505/100 275/504/100 295/542/100
f 299/555/125 267/560/125 266/561/125 296/562/125
f 298/543/100 295/542/100 275/504/100 289/513/100 273/513/100 305/513/100
f 267/560/126 299/555/126 304/554/126 271/563/126
f 269/564/127 270/565/127 301/565/127 303/547/127 302/550/127 268/557/127
f 271/563/128 304/554/128 306/553/128 305/566/128 273/566/128 272/567/128
o mdlSilla.001
v -2.635270 1.486190 -5.117520
v -2.518216 1.486190 -5.105991
v -2.405660 1.486190 -5.071848
v -2.301928 1.486190 -5.016402
v -2.211006 1.486190 -4.941784
v -2.136389 1.486190 -4.850862
v -2.080943 1.486190 -4.747130
v -2.046799 1.486190 -4.634574
v -2.035270 1.486190 -4.517520
v -2.046799 1.486190 -4.400466
v -2.080943 1.486190 -4.287910
v -2.136389 1.486190 -4.184178
v -2.211006 1.486190 -4.093256
v -2.301928 1.486190 -4.018638
v -2.405660 1.486190 -3.963192
v -2.518216 1.486190 -3.929049
v -2.635270 1.486190 -3.917520
v -2.752325 1.486190 -3.929049
v -2.864881 1.486190 -3.963192
v -2.968612 1.486190 -4.018638
v -3.059535 1.486190 -4.093256
v -3.134152 1.486190 -4.184178
v -3.189598 1.486190 -4.287910
v -3.223742 1.486190 -4.400466
v -3.235271 1.486190 -4.517520
v -3.223742 1.486190 -4.634574
v -3.189598 1.486190 -4.747130
v -3.134152 1.486190 -4.850862
v -3.059535 1.486190 -4.941784
v -2.968612 1.486190 -5.016402
v -2.864881 1.486190 -5.071848
v -2.752325 1.486190 -5.105991
v -2.635270 1.726190 -4.980647
v -2.635270 1.698947 -5.117520
v -2.635270 1.718211 -5.077431
v -2.544919 1.726190 -4.971748
v -2.518216 1.698947 -5.105991
v -2.526037 1.718211 -5.066672
v -2.458040 1.726190 -4.945394
v -2.405660 1.698947 -5.071848
v -2.421002 1.718211 -5.034810
v -2.377971 1.726190 -4.902596
v -2.301928 1.698947 -5.016402
v -2.324201 1.718211 -4.983069
v -2.307790 1.726190 -4.845000
v -2.211006 1.698947 -4.941784
v -2.239354 1.718211 -4.913437
v -2.250195 1.726190 -4.774819
v -2.136389 1.698947 -4.850862
v -2.169722 1.718211 -4.828590
v -2.207397 1.726190 -4.694751
v -2.080943 1.698947 -4.747130
v -2.117980 1.718211 -4.731789
v -2.181042 1.726190 -4.607872
v -2.046799 1.698947 -4.634574
v -2.086118 1.718211 -4.626753
v -2.172144 1.726190 -4.517520
v -2.035270 1.698947 -4.517520
v -2.075360 1.718211 -4.517520
v -2.181042 1.726190 -4.427168
v -2.046799 1.698947 -4.400466
v -2.086118 1.718211 -4.408287
v -2.207397 1.726190 -4.340289
v -2.080943 1.698947 -4.287910
v -2.117980 1.718211 -4.303251
v -2.250195 1.726190 -4.260221
v -2.136389 1.698947 -4.184178
v -2.169722 1.718211 -4.206450
v -2.307790 1.726190 -4.190040
v -2.211006 1.698947 -4.093256
v -2.239354 1.718211 -4.121603
v -2.377971 1.726190 -4.132444
v -2.301928 1.698947 -4.018638
v -2.324201 1.718211 -4.051971
v -2.458040 1.726190 -4.089647
v -2.405660 1.698947 -3.963192
v -2.421002 1.718211 -4.000230
v -2.544919 1.726190 -4.063292
v -2.518216 1.698947 -3.929049
v -2.526037 1.718211 -3.968368
v -2.635270 1.726190 -4.054393
v -2.635270 1.698947 -3.917520
v -2.635270 1.718211 -3.957609
v -2.725622 1.726190 -4.063292
v -2.752325 1.698947 -3.929049
v -2.744503 1.718211 -3.968368
v -2.812501 1.726190 -4.089647
v -2.864881 1.698947 -3.963192
v -2.849539 1.718211 -4.000230
v -2.892570 1.726190 -4.132444
v -2.968612 1.698947 -4.018638
v -2.946340 1.718211 -4.051971
v -2.962750 1.726190 -4.190040
v -3.059535 1.698947 -4.093256
v -3.031187 1.718211 -4.121603
v -3.020346 1.726190 -4.260221
v -3.134152 1.698947 -4.184178
v -3.100819 1.718211 -4.206450
v -3.063144 1.726190 -4.340289
v -3.189598 1.698947 -4.287910
v -3.152560 1.718211 -4.303251
v -3.089498 1.726190 -4.427168
v -3.223742 1.698947 -4.400466
v -3.184422 1.718211 -4.408287
v -3.098397 1.726190 -4.517520
v -3.235271 1.698947 -4.517520
v -3.195181 1.718211 -4.517520
v -3.089498 1.726190 -4.607872
v -3.223742 1.698947 -4.634574
v -3.184422 1.718211 -4.626753
v -3.063144 1.726190 -4.694751
v -3.189598 1.698947 -4.747130
v -3.152560 1.718211 -4.731789
v -3.020346 1.726190 -4.774819
v -3.134152 1.698947 -4.850862
v -3.100819 1.718211 -4.828590
v -2.962750 1.726190 -4.845000
v -3.059535 1.698947 -4.941784
v -3.031187 1.718211 -4.913437
v -2.892570 1.726190 -4.902596
v -2.968612 1.698947 -5.016402
v -2.946340 1.718211 -4.983069
v -2.812501 1.726190 -4.945394
v -2.864881 1.698947 -5.071848
v -2.849539 1.718211 -5.034810
v -2.725622 1.726190 -4.971748
v -2.752325 1.698947 -5.105991
v -2.744503 1.718211 -5.066672
v -2.635270 0.317975 -4.984186
v -2.635270 0.477975 -4.984187
v -2.544228 0.317975 -4.975220
v -2.544228 0.477975 -4.975220
v -2.456685 0.317975 -4.948664
v -2.456685 0.477975 -4.948664
v -2.376004 0.317975 -4.905539
v -2.376004 0.477975 -4.905539
v -2.305287 0.317975 -4.847503
v -2.305287 0.477975 -4.847503
v -2.247251 0.317975 -4.776786
v -2.247251 0.477975 -4.776786
v -2.204127 0.317975 -4.696105
v -2.204127 0.477975 -4.696105
v -2.177571 0.317975 -4.608562
v -2.177571 0.477975 -4.608562
v -2.168604 0.317975 -4.517520
v -2.168604 0.477975 -4.517520
v -2.177571 0.317975 -4.426477
v -2.177571 0.477975 -4.426477
v -2.204127 0.317975 -4.338934
v -2.204127 0.477975 -4.338934
v -2.247251 0.317975 -4.258254
v -2.247251 0.477975 -4.258254
v -2.305287 0.317975 -4.187537
v -2.305287 0.477975 -4.187537
v -2.376004 0.317975 -4.129500
v -2.376004 0.477975 -4.129500
v -2.456685 0.317975 -4.086376
v -2.456685 0.477975 -4.086376
v -2.544228 0.317975 -4.059820
v -2.544228 0.477975 -4.059820
v -2.635270 0.317975 -4.050853
v -2.635270 0.477975 -4.050853
v -2.726312 0.317975 -4.059820
v -2.726312 0.477975 -4.059820
v -2.813856 0.317975 -4.086376
v -2.813856 0.477975 -4.086376
v -2.894536 0.317975 -4.129500
v -2.894536 0.477975 -4.129500
v -2.965254 0.317975 -4.187537
v -2.965254 0.477975 -4.187537
v -3.023289 0.317975 -4.258254
v -3.023289 0.477975 -4.258254
v -3.066414 0.317975 -4.338934
v -3.066414 0.477975 -4.338934
v -3.092970 0.317975 -4.426477
v -3.092970 0.477975 -4.426477
v -3.101937 0.317975 -4.517520
v -3.101937 0.477975 -4.517520
v -3.092970 0.317975 -4.608562
v -3.092970 0.477975 -4.608562
v -3.066414 0.317975 -4.696105
v -3.066414 0.477975 -4.696105
v -3.023289 0.317975 -4.776786
v -3.023289 0.477975 -4.776786
v -2.965254 0.317975 -4.847503
v -2.965254 0.477975 -4.847503
v -2.894536 0.317975 -4.905539
v -2.894536 0.477975 -4.905539
v -2.813856 0.317975 -4.948664
v -2.813856 0.477975 -4.948664
v -2.726312 0.317975 -4.975220
v -2.726312 0.477975 -4.975220
v -2.635270 0.453975 -4.584187
v -2.635270 1.541975 -4.584187
v -2.622264 0.453975 -4.582905
v -2.622264 1.541975 -4.582906
v -2.609758 0.453975 -4.579112
v -2.609758 1.541975 -4.579112
v -2.598232 0.453975 -4.572951
v -2.598232 1.541975 -4.572951
v -2.588130 0.453975 -4.564660
v -2.588130 1.541975 -4.564661
v -2.579839 0.453975 -4.554558
v -2.579839 1.541975 -4.554558
v -2.573678 0.453975 -4.543032
v -2.573678 1.541975 -4.543032
v -2.569885 0.453975 -4.530526
v -2.569885 1.541975 -4.530526
v -2.568604 0.453975 -4.517520
v -2.568604 1.541975 -4.517520
v -2.569885 0.453975 -4.504514
v -2.569885 1.541975 -4.504514
v -2.573678 0.453975 -4.492008
v -2.573678 1.541975 -4.492008
v -2.579839 0.453975 -4.480482
v -2.579839 1.541975 -4.480482
v -2.588130 0.453975 -4.470379
v -2.588130 1.541975 -4.470379
v -2.598232 0.453975 -4.462089
v -2.598232 1.541975 -4.462089
v -2.609758 0.453975 -4.455928
v -2.609758 1.541975 -4.455928
v -2.622264 0.453975 -4.452134
v -2.622264 1.541975 -4.452134
v -2.635270 0.453975 -4.450853
v -2.635270 1.541975 -4.450853
v -2.648276 0.453975 -4.452134
v -2.648276 1.541975 -4.452134
v -2.660783 0.453975 -4.455928
v -2.660783 1.541975 -4.455928
v -2.672308 0.453975 -4.462089
v -2.672308 1.541975 -4.462089
v -2.682411 0.453975 -4.470379
v -2.682411 1.541975 -4.470379
v -2.690702 0.453975 -4.480482
v -2.690702 1.541975 -4.480482
v -2.696862 0.453975 -4.492008
v -2.696862 1.541975 -4.492008
v -2.700656 0.453975 -4.504514
v -2.700656 1.541975 -4.504514
v -2.701937 0.453975 -4.517520
v -2.701937 1.541975 -4.517520
v -2.700656 0.453975 -4.530526
v -2.700656 1.541975 -4.530526
v -2.696862 0.453975 -4.543032
v -2.696862 1.541975 -4.543032
v -2.690702 0.453975 -4.554558
v -2.690702 1.541975 -4.554558
v -2.682411 0.453975 -4.564660
v -2.682411 1.541975 -4.564661
v -2.672308 0.453975 -4.572951
v -2.672308 1.541975 -4.572951
v -2.660783 0.453975 -4.579112
v -2.660783 1.541975 -4.579112
v -2.648276 0.453975 -4.582905
v -2.648276 1.541975 -4.582906
v -2.708604 1.614190 -4.064187
v -2.708604 2.254190 -4.064187
v -2.708604 1.614190 -4.130853
v -2.708604 2.254190 -4.130854
v -2.561937 1.614190 -4.064187
v -2.561937 2.254190 -4.064187
v -2.561937 1.614190 -4.130853
v -2.561937 2.254190 -4.130854
v -2.969457 2.269675 -3.937463
v -2.635270 2.034614 -3.937463
v -2.301083 2.269675 -3.937463
v -3.281916 3.356750 -3.937464
v -3.280404 3.401785 -3.937464
v -3.280404 3.401785 -4.229771
v -1.988625 3.356750 -3.937464
v -1.990136 3.401785 -3.937464
v -1.990136 3.401785 -4.229771
v -2.635270 2.958344 -4.218696
v -2.635270 2.906741 -4.229770
v -2.635270 2.943230 -4.226527
v -2.635270 2.906741 -3.937464
v -2.635270 2.958345 -3.948538
v -2.635270 2.943231 -3.940707
v -3.280404 3.401785 -3.937464
v -3.243361 3.394330 -3.948538
v -3.254211 3.396513 -3.940707
v -3.243361 3.394330 -4.218696
v -3.280404 3.401785 -4.229771
v -3.254211 3.396513 -4.226527
v -2.027179 3.394330 -3.948538
v -1.990136 3.401785 -3.937464
v -2.016330 3.396513 -3.940707
v -1.990136 3.401785 -4.229771
v -2.027179 3.394330 -4.218696
v -2.016330 3.396513 -4.226527
v -2.909042 2.329070 -4.229770
v -2.969457 2.269675 -4.207795
v -2.951762 2.287071 -4.223334
v -2.635270 2.136505 -4.229770
v -2.635270 2.034614 -4.207795
v -2.635270 2.064457 -4.223334
v -2.361499 2.329070 -4.229770
v -2.301083 2.269675 -4.207795
v -2.318779 2.287071 -4.223334
v -3.280404 3.401785 -4.229771
v -3.281916 3.356750 -4.207795
v -3.281473 3.369940 -4.223334
v -1.988625 3.356750 -4.207795
v -1.990136 3.401785 -4.229771
v -1.989068 3.369940 -4.223334
vn -0.0000 -1.0000 -0.0000
vn 0.0426 0.9005 -0.4327
vn 0.0081 0.9966 -0.0822
vn 0.1262 0.9005 -0.4161
vn 0.0240 0.9966 -0.0790
vn 0.2050 0.9005 -0.3835
vn 0.0389 0.9966 -0.0728
vn 0.2758 0.9005 -0.3361
vn 0.0524 0.9966 -0.0638
vn 0.3361 0.9005 -0.2758
vn 0.0638 0.9966 -0.0524
vn 0.3835 0.9005 -0.2050
vn 0.0728 0.9966 -0.0389
vn 0.4161 0.9005 -0.1262
vn 0.0790 0.9966 -0.0240
vn 0.4327 0.9005 -0.0426
vn 0.0822 0.9966 -0.0081
vn 0.4327 0.9005 0.0426
vn 0.0822 0.9966 0.0081
vn 0.4161 0.9005 0.1262
vn 0.0790 0.9966 0.0240
vn 0.3835 0.9005 0.2050
vn 0.0728 0.9966 0.0389
vn 0.3361 0.9005 0.2758
vn 0.0638 0.9966 0.0524
vn 0.2758 0.9005 0.3361
vn 0.0524 0.9966 0.0638
vn 0.2050 0.9005 0.3835
vn 0.0389 0.9966 0.0728
vn 0.1262 0.9005 0.4161
vn 0.0240 0.9966 0.0790
vn 0.0426 0.9005 0.4327
vn 0.0081 0.9966 0.0822
vn -0.0426 0.9005 0.4327
vn -0.0081 0.9966 0.0822
vn -0.1262 0.9005 0.4161
vn -0.0240 0.9966 0.0790
vn -0.2050 0.9005 0.3835
vn -0.0389 0.9966 0.0728
vn -0.2758 0.9005 0.3361
vn -0.0524 0.9966 0.0638
vn -0.3361 0.9005 0.2758
vn -0.0638 0.9966 0.0524
vn -0.3835 0.9005 0.2050
vn -0.0728 0.9966 0.0389
vn -0.4161 0.9005 0.1262
vn -0.0790 0.9966 0.0240
vn -0.4327 0.9005 0.0426
vn -0.0822 0.9966 0.0081
vn -0.4327 0.9005 -0.0426
vn -0.0822 0.9966 -0.0081
vn -0.4161 0.9005 -0.1262
vn -0.0790 0.9966 -0.0240
vn -0.3835 0.9005 -0.2050
vn -0.0728 0.9966 -0.0389
vn -0.3361 0.9005 -0.2758
vn -0.0638 0.9966 -0.0524
vn -0.2758 0.9005 -0.3361
vn -0.0524 0.9966 -0.0638
vn -0.2050 0.9005 -0.3835
vn -0.0389 0.9966 -0.0728
vn -0.1262 0.9005 -0.4161
vn -0.0240 0.9966 -0.0790
vn -0.0426 0.9005 -0.4327
vn -0.0081 0.9966 -0.0822
vn -0.0000 1.0000 -0.0000
vn 0.0980 -0.0000 -0.9952
vn -0.0980 -0.0000 -0.9952
vn 0.2903 -0.0000 -0.9569
vn 0.4714 -0.0000 -0.8819
vn 0.6344 -0.0000 -0.7730
vn 0.7730 -0.0000 -0.6344
vn 0.8819 -0.0000 -0.4714
vn 0.9569 -0.0000 -0.2903
vn 0.9952 -0.0000 -0.0980
vn 0.9952 -0.0000 0.0980
vn 0.9569 -0.0000 0.2903
vn 0.8819 -0.0000 0.4714
vn 0.7730 -0.0000 0.6344
vn 0.6344 -0.0000 0.7730
vn 0.4714 -0.0000 0.8819
vn 0.2903 -0.0000 0.9569
vn 0.0980 -0.0000 0.9952
vn -0.0980 -0.0000 0.9952
vn -0.2903 -0.0000 0.9569
vn -0.4714 -0.0000 0.8819
vn -0.6344 -0.0000 0.7730
vn -0.7730 -0.0000 0.6344
vn -0.8819 -0.0000 0.4714
vn -0.9569 -0.0000 0.2903
vn -0.9952 -0.0000 0.0980
vn -0.9952 -0.0000 -0.0980
vn -0.9569 -0.0000 -0.2903
vn -0.8819 -0.0000 -0.4714
vn -0.7730 -0.0000 -0.6344
vn -0.6344 -0.0000 -0.7730
vn -0.4714 -0.0000 -0.8819
vn -0.2903 -0.0000 -0.9569
vn -1.0000 -0.0000 -0.0000
vn -0.0000 -0.0000 -1.0000
vn 1.0000 -0.0000 -0.0000
vn -0.0000 -0.0000 1.0000
vn 0.3997 0.5515 0.7322
vn 0.0945 0.1259 0.9875
vn 0.0945 0.1259 -0.9875
vn 0.3997 0.5515 -0.7322
vn -0.3997 0.5515 0.7322
vn -0.0945 0.1259 0.9875
vn -0.0945 0.1259 -0.9875
vn -0.3997 0.5515 -0.7322
vn -0.5827 0.8127 -0.0000
vn 0.5827 0.8127 -0.0000
vn 0.1973 0.9803 -0.0000
vn -0.1973 0.9803 -0.0000
vn -0.3090 -0.4392 -0.8436
vn -0.0625 -0.0888 -0.9941
vn 0.0625 -0.0888 -0.9941
vn 0.3090 -0.4392 -0.8436
vn -0.1862 -0.0606 -0.9806
vn -0.7346 -0.2174 -0.6427
vn 0.1862 -0.0606 -0.9806
vn 0.7346 -0.2174 -0.6427
vn -0.9611 -0.2762 -0.0000
vn -0.5753 -0.8179 -0.0000
vn 0.5753 -0.8179 -0.0000
vn 0.9611 -0.2762 -0.0000
vn -0.9994 0.0335 -0.0000
vn 0.9994 0.0335 -0.0000
vt 0.483906 0.143218
vt 0.474334 0.128893
vt 0.467741 0.112976
vt 0.464380 0.096078
vt 0.464380 0.078849
vt 0.467741 0.061951
vt 0.474334 0.046034
vt 0.483906 0.031709
vt 0.496089 0.019526
vt 0.510414 0.009954
vt 0.526331 0.003361
vt 0.543229 -0.000000
vt 0.560458 -0.000000
vt 0.577356 0.003361
vt 0.593273 0.009954
vt 0.607598 0.019526
vt 0.619781 0.031709
vt 0.629353 0.046034
vt 0.635946 0.061951
vt 0.639307 0.078849
vt 0.639307 0.096078
vt 0.635946 0.112976
vt 0.629353 0.128893
vt 0.619781 0.143218
vt 0.607598 0.155401
vt 0.593273 0.164973
vt 0.577356 0.171566
vt 0.560458 0.174927
vt 0.543229 0.174927
vt 0.526331 0.171566
vt 0.510414 0.164973
vt 0.496089 0.155401
vt 0.667962 0.525164
vt 0.650816 0.525244
vt 0.650816 0.510871
vt 0.666816 0.510796
vt 0.473669 0.295208
vt 0.467517 0.280354
vt 0.481083 0.276239
vt 0.486172 0.288525
vt 0.684448 0.524924
vt 0.682201 0.510572
vt 0.482601 0.308576
vt 0.493560 0.299582
vt 0.699643 0.524536
vt 0.696381 0.510210
vt 0.493970 0.319945
vt 0.502964 0.308986
vt 0.712961 0.524013
vt 0.708809 0.509722
vt 0.507338 0.328877
vt 0.514021 0.316374
vt 0.477698 0.524677
vt 0.464380 0.524046
vt 0.468532 0.509722
vt 0.480960 0.510310
vt 0.522192 0.335029
vt 0.526307 0.321463
vt 0.492892 0.525145
vt 0.495140 0.510747
vt 0.537961 0.338166
vt 0.539350 0.324058
vt 0.509379 0.525433
vt 0.510525 0.511016
vt 0.554038 0.338166
vt 0.552649 0.324058
vt 0.526525 0.525531
vt 0.526525 0.511107
vt 0.569807 0.335029
vt 0.565692 0.321463
vt 0.543671 0.525433
vt 0.542525 0.511016
vt 0.584661 0.328877
vt 0.577978 0.316374
vt 0.560158 0.525145
vt 0.557911 0.510747
vt 0.598029 0.319945
vt 0.589035 0.308986
vt 0.575352 0.524677
vt 0.572090 0.510310
vt 0.609398 0.308576
vt 0.598439 0.299582
vt 0.588670 0.524046
vt 0.584518 0.509722
vt 0.618330 0.295208
vt 0.605827 0.288525
vt 0.477698 0.353257
vt 0.464380 0.352522
vt 0.468532 0.338166
vt 0.480960 0.338852
vt 0.624482 0.280354
vt 0.610916 0.276239
vt 0.492892 0.353804
vt 0.495140 0.339362
vt 0.627619 0.264585
vt 0.613511 0.263196
vt 0.509379 0.354140
vt 0.510525 0.339676
vt 0.627619 0.248508
vt 0.613511 0.249897
vt 0.526525 0.354254
vt 0.526525 0.339782
vt 0.624482 0.232739
vt 0.610916 0.236854
vt 0.543671 0.354140
vt 0.542525 0.339676
vt 0.618330 0.217885
vt 0.605827 0.224568
vt 0.560158 0.353804
vt 0.557911 0.339362
vt 0.609397 0.204517
vt 0.598439 0.213511
vt 0.575352 0.353257
vt 0.572090 0.338852
vt 0.598029 0.193148
vt 0.589035 0.204107
vt 0.588670 0.352522
vt 0.584518 0.338166
vt 0.584661 0.184216
vt 0.577978 0.196719
vt 0.601988 0.353121
vt 0.588670 0.352491
vt 0.592823 0.338166
vt 0.605251 0.338754
vt 0.569807 0.178064
vt 0.565692 0.191630
vt 0.617183 0.353589
vt 0.619430 0.339191
vt 0.554038 0.174927
vt 0.552649 0.189035
vt 0.633670 0.353878
vt 0.634816 0.339461
vt 0.537961 0.174927
vt 0.539350 0.189035
vt 0.650816 0.353975
vt 0.650816 0.339552
vt 0.522192 0.178064
vt 0.526307 0.191630
vt 0.667962 0.353878
vt 0.666816 0.339461
vt 0.507338 0.184216
vt 0.514021 0.196719
vt 0.684448 0.353589
vt 0.682201 0.339191
vt 0.493970 0.193148
vt 0.502964 0.204107
vt 0.699643 0.353121
vt 0.696381 0.338754
vt 0.482601 0.204517
vt 0.493560 0.213511
vt 0.712961 0.352491
vt 0.708809 0.338166
vt 0.473669 0.217885
vt 0.486172 0.224568
vt 0.601988 0.524536
vt 0.588670 0.524013
vt 0.592823 0.509722
vt 0.605251 0.510210
vt 0.467516 0.232739
vt 0.481083 0.236854
vt 0.617183 0.524924
vt 0.619430 0.510572
vt 0.464380 0.248508
vt 0.478488 0.249897
vt 0.633670 0.525164
vt 0.634816 0.510796
vt 0.464380 0.264585
vt 0.478488 0.263196
vt 0.650816 0.680887
vt 0.667962 0.680806
vt 0.633670 0.680806
vt 0.684448 0.680567
vt 0.699643 0.680178
vt 0.712961 0.679655
vt 0.464380 0.679608
vt 0.477698 0.680238
vt 0.492892 0.680707
vt 0.509379 0.680995
vt 0.526525 0.681092
vt 0.543671 0.680995
vt 0.560158 0.680707
vt 0.575352 0.680238
vt 0.588670 0.679608
vt 0.464380 0.507990
vt 0.477698 0.508725
vt 0.492892 0.509272
vt 0.509379 0.509608
vt 0.526525 0.509722
vt 0.543671 0.509608
vt 0.560158 0.509272
vt 0.575352 0.508725
vt 0.588670 0.507990
vt 0.588670 0.508052
vt 0.601988 0.508682
vt 0.617183 0.509151
vt 0.633670 0.509439
vt 0.650816 0.509537
vt 0.667962 0.509439
vt 0.684448 0.509151
vt 0.699643 0.508682
vt 0.712961 0.508052
vt 0.588670 0.679655
vt 0.601988 0.680178
vt 0.617183 0.680567
vt 0.812009 0.292933
vt 0.812009 0.175885
vt 0.825344 0.175822
vt 0.825344 0.292870
vt 0.838167 0.175636
vt 0.838167 0.292684
vt 0.849985 0.175334
vt 0.849985 0.292382
vt 0.860344 0.174927
vt 0.860344 0.291975
vt 0.685341 0.797874
vt 0.685341 0.680887
vt 0.695699 0.681377
vt 0.695699 0.798364
vt 0.707517 0.681742
vt 0.707517 0.798729
vt 0.720340 0.681966
vt 0.720340 0.798953
vt 0.733676 0.682042
vt 0.733676 0.799029
vt 0.747012 0.681966
vt 0.747012 0.798953
vt 0.759835 0.681742
vt 0.759835 0.798729
vt 0.771653 0.681377
vt 0.771653 0.798364
vt 0.782011 0.680887
vt 0.782011 0.797874
vt 0.588670 0.797804
vt 0.588670 0.680887
vt 0.599029 0.681459
vt 0.599029 0.798376
vt 0.610847 0.681884
vt 0.610847 0.798800
vt 0.623670 0.682145
vt 0.623670 0.799062
vt 0.637006 0.682234
vt 0.637006 0.799151
vt 0.650341 0.682145
vt 0.650341 0.799062
vt 0.663164 0.681884
vt 0.663164 0.798800
vt 0.674982 0.681459
vt 0.674982 0.798376
vt 0.685341 0.680887
vt 0.685341 0.797804
vt 0.464380 0.798080
vt 0.464380 0.681092
vt 0.474738 0.681583
vt 0.474738 0.798570
vt 0.486556 0.681947
vt 0.486556 0.798934
vt 0.499379 0.682171
vt 0.499379 0.799159
vt 0.512715 0.682247
vt 0.512715 0.799235
vt 0.526051 0.682171
vt 0.526051 0.799159
vt 0.538874 0.681947
vt 0.538874 0.798934
vt 0.550692 0.681583
vt 0.550692 0.798570
vt 0.561050 0.681092
vt 0.561050 0.798080
vt 0.763673 0.291975
vt 0.763673 0.174927
vt 0.774032 0.175334
vt 0.774032 0.292382
vt 0.785850 0.175636
vt 0.785850 0.292684
vt 0.652281 0.295794
vt 0.642806 0.286319
vt 0.635361 0.275177
vt 0.630233 0.262797
vt 0.627619 0.249654
vt 0.627619 0.236254
vt 0.630233 0.223111
vt 0.635361 0.210731
vt 0.642806 0.199589
vt 0.652281 0.190114
vt 0.663423 0.182669
vt 0.675803 0.177541
vt 0.688946 0.174927
vt 0.702346 0.174927
vt 0.715489 0.177541
vt 0.727869 0.182669
vt 0.739011 0.190114
vt 0.748486 0.199589
vt 0.755931 0.210731
vt 0.761059 0.223111
vt 0.763673 0.236254
vt 0.763673 0.249654
vt 0.761059 0.262797
vt 0.755931 0.275177
vt 0.748486 0.286319
vt 0.739011 0.295794
vt 0.727869 0.303239
vt 0.715489 0.308367
vt 0.702346 0.310981
vt 0.688946 0.310981
vt 0.675803 0.308367
vt 0.663423 0.303239
vt 0.798673 0.175822
vt 0.798673 0.292870
vt 0.654494 0.111392
vt 0.647049 0.100250
vt 0.641921 0.087870
vt 0.639307 0.074727
vt 0.639307 0.061327
vt 0.641921 0.048184
vt 0.647049 0.035804
vt 0.654494 0.024662
vt 0.663969 0.015187
vt 0.675111 0.007742
vt 0.687491 0.002614
vt 0.700634 0.000000
vt 0.714034 0.000000
vt 0.727177 0.002614
vt 0.739557 0.007742
vt 0.750699 0.015187
vt 0.760174 0.024662
vt 0.767619 0.035804
vt 0.772747 0.048184
vt 0.775361 0.061327
vt 0.775361 0.074727
vt 0.772747 0.087870
vt 0.767619 0.100250
vt 0.760174 0.111392
vt 0.750699 0.120867
vt 0.739557 0.128312
vt 0.727177 0.133440
vt 0.714034 0.136054
vt 0.700634 0.136054
vt 0.687491 0.133440
vt 0.675111 0.128312
vt 0.663969 0.120867
vt 0.867249 0.970990
vt 0.867249 0.175064
vt 0.869154 0.175055
vt 0.869154 0.970981
vt 0.870986 0.175028
vt 0.870986 0.970955
vt 0.872674 0.174985
vt 0.872674 0.970911
vt 0.874154 0.174927
vt 0.874154 0.970853
vt 0.874154 0.970439
vt 0.874154 0.174927
vt 0.875634 0.174997
vt 0.875634 0.970509
vt 0.877322 0.175049
vt 0.877322 0.970561
vt 0.879154 0.175081
vt 0.879154 0.970594
vt 0.881059 0.175092
vt 0.881059 0.970604
vt 0.882964 0.175081
vt 0.882964 0.970594
vt 0.884796 0.175049
vt 0.884796 0.970561
vt 0.886484 0.174997
vt 0.886484 0.970509
vt 0.887964 0.174927
vt 0.887964 0.970439
vt 0.901774 0.969961
vt 0.901774 0.174927
vt 0.903254 0.175009
vt 0.903254 0.970042
vt 0.904942 0.175069
vt 0.904942 0.970103
vt 0.906774 0.175107
vt 0.906774 0.970141
vt 0.908679 0.175119
vt 0.908679 0.970153
vt 0.910584 0.175107
vt 0.910584 0.970141
vt 0.912416 0.175069
vt 0.912416 0.970103
vt 0.914104 0.175009
vt 0.914104 0.970042
vt 0.915584 0.174927
vt 0.915584 0.969961
vt 0.889444 0.174997
vt 0.889444 0.970509
vt 0.891132 0.175049
vt 0.891132 0.970561
vt 0.892964 0.175081
vt 0.892964 0.970594
vt 0.894869 0.175092
vt 0.894869 0.970604
vt 0.896774 0.175081
vt 0.896774 0.970594
vt 0.898606 0.175049
vt 0.898606 0.970561
vt 0.900294 0.174997
vt 0.900294 0.970509
vt 0.901774 0.174927
vt 0.901774 0.970439
vt 0.860344 0.970853
vt 0.860344 0.174927
vt 0.861824 0.174985
vt 0.861824 0.970911
vt 0.863512 0.175028
vt 0.863512 0.970955
vt 0.643532 0.328248
vt 0.641940 0.329312
vt 0.640172 0.330044
vt 0.638294 0.330418
vt 0.636380 0.330418
vt 0.634503 0.330044
vt 0.632734 0.329312
vt 0.631142 0.328248
vt 0.629789 0.326894
vt 0.628725 0.325303
vt 0.627993 0.323534
vt 0.627619 0.321657
vt 0.627619 0.319742
vt 0.627993 0.317865
vt 0.628725 0.316096
vt 0.629789 0.314504
vt 0.631142 0.313151
vt 0.632734 0.312087
vt 0.634503 0.311355
vt 0.636380 0.310981
vt 0.638294 0.310981
vt 0.640172 0.311355
vt 0.641940 0.312087
vt 0.643532 0.313151
vt 0.644886 0.314504
vt 0.645949 0.316096
vt 0.646682 0.317865
vt 0.647055 0.319742
vt 0.647055 0.321657
vt 0.646682 0.323534
vt 0.645949 0.325303
vt 0.644886 0.326894
vt 0.865344 0.175055
vt 0.865344 0.970981
vt 0.653628 0.154385
vt 0.651860 0.155117
vt 0.649982 0.155491
vt 0.648068 0.155491
vt 0.646190 0.155117
vt 0.644422 0.154385
vt 0.642830 0.153321
vt 0.641477 0.151967
vt 0.640413 0.150376
vt 0.639680 0.148607
vt 0.639307 0.146730
vt 0.639307 0.144815
vt 0.639680 0.142938
vt 0.640413 0.141169
vt 0.641477 0.139577
vt 0.642830 0.138224
vt 0.644422 0.137160
vt 0.646190 0.136428
vt 0.648068 0.136054
vt 0.649982 0.136054
vt 0.651860 0.136428
vt 0.653628 0.137160
vt 0.655220 0.138224
vt 0.656574 0.139577
vt 0.657637 0.141169
vt 0.658370 0.142938
vt 0.658743 0.144815
vt 0.658743 0.146730
vt 0.658370 0.148607
vt 0.657637 0.150376
vt 0.656574 0.151967
vt 0.655220 0.153321
vt 0.841561 0.806115
vt 0.841561 0.338166
vt 0.851326 0.338166
vt 0.851326 0.806115
vt 0.798594 0.806358
vt 0.798594 0.338166
vt 0.820077 0.338166
vt 0.820077 0.806358
vt 0.915584 0.642875
vt 0.915584 0.174927
vt 0.925349 0.174927
vt 0.925349 0.642875
vt 0.820077 0.805833
vt 0.820077 0.338166
vt 0.841561 0.338166
vt 0.841561 0.805833
vt 0.656821 0.310981
vt 0.656821 0.332465
vt 0.647055 0.332465
vt 0.647055 0.310981
vt 0.666586 0.310981
vt 0.666586 0.332465
vt 0.656821 0.310981
vt 0.284028 0.323926
vt 0.373100 0.005339
vt 0.374689 0.003820
vt 0.284028 0.335048
vt 0.378526 0.000000
vt 0.284028 0.361743
vt 0.094654 0.362149
vt 0.000157 0.000000
vt 0.003993 0.003834
vt 0.094654 0.335433
vt 0.005582 0.005376
vt 0.094654 0.324321
vt 0.194956 0.005339
vt 0.193367 0.003820
vt 0.189530 0.000000
vt 0.189152 0.000000
vt 0.185315 0.003834
vt 0.183726 0.005376
vt 0.754155 0.667847
vt 0.714583 0.667847
vt 0.714583 0.343930
vt 0.754155 0.343930
vt 0.757400 0.667847
vt 0.757400 0.343930
vt 0.796972 0.343930
vt 0.796972 0.667847
vt 0.284028 0.999032
vt 0.235077 0.827267
vt 0.189309 0.032909
vt 0.378747 0.032909
vt 0.332979 0.827267
vt 0.798594 0.338166
vt 0.798119 0.342242
vt 0.756253 0.342242
vt 0.755777 0.338166
vt 0.712961 0.338166
vt 0.755778 0.338166
vt 0.755302 0.342242
vt 0.713436 0.342242
vt 0.094654 1.000000
vt 0.045703 0.828041
vt 0.048295 0.815424
vt 0.094654 0.978277
vt 0.054553 0.784745
vt 0.094654 0.925616
vt 0.134756 0.784745
vt 0.141013 0.815424
vt 0.143605 0.828041
vt 0.000000 0.023251
vt 0.420621 0.023293
vt 0.420621 0.812269
vt 0.418344 0.825138
vt 0.418344 0.032941
vt 0.189309 0.023251
vt 0.422506 0.812269
vt 0.422506 0.023293
vt 0.424782 0.032941
vt 0.424782 0.825138
vt 0.378747 0.825138
vt 0.378747 0.032941
vt 0.418344 0.994184
vt 0.378747 0.994184
vt 0.464380 0.825138
vt 0.464380 0.994184
vt 0.424782 0.994184
vt 0.464380 0.032941
vt 0.378747 0.000000
vt 0.421563 0.000000
vt 0.421563 0.000000
vt 0.464380 0.000000
s 1
usemtl Material.021
f 307/568/129 308/569/129 309/570/129 310/571/129 311/572/129 312/573/129 313/574/129 314/575/129 315/576/129 316/577/129 317/578/129 318/579/129 319/580/129 320/581/129 321/582/129 322/583/129 323/584/129 324/585/129 325/586/129 326/587/129 327/588/129 328/589/129 329/590/129 330/591/129 331/592/129 332/593/129 333/594/129 334/595/129 335/596/129 336/597/129 337/598/129 338/599/129
f 343/600/130 340/601/130 341/602/130 344/603/130
f 344/604/131 341/605/131 339/606/131 342/607/131
f 346/608/132 343/600/132 344/603/132 347/609/132
f 347/610/133 344/604/133 342/607/133 345/611/133
f 349/612/134 346/608/134 347/609/134 350/613/134
f 350/614/135 347/610/135 345/611/135 348/615/135
f 352/616/136 349/612/136 350/613/136 353/617/136
f 353/618/137 350/614/137 348/615/137 351/619/137
f 355/620/138 352/621/138 353/622/138 356/623/138
f 356/624/139 353/618/139 351/619/139 354/625/139
f 358/626/140 355/620/140 356/623/140 359/627/140
f 359/628/141 356/624/141 354/625/141 357/629/141
f 361/630/142 358/626/142 359/627/142 362/631/142
f 362/632/143 359/628/143 357/629/143 360/633/143
f 364/634/144 361/630/144 362/631/144 365/635/144
f 365/636/145 362/632/145 360/633/145 363/637/145
f 367/638/146 364/634/146 365/635/146 368/639/146
f 368/640/147 365/636/147 363/637/147 366/641/147
f 370/642/148 367/638/148 368/639/148 371/643/148
f 371/644/149 368/640/149 366/641/149 369/645/149
f 373/646/150 370/642/150 371/643/150 374/647/150
f 374/648/151 371/644/151 369/645/151 372/649/151
f 376/650/152 373/646/152 374/647/152 377/651/152
f 377/652/153 374/648/153 372/649/153 375/653/153
f 379/654/154 376/655/154 377/656/154 380/657/154
f 380/658/155 377/652/155 375/653/155 378/659/155
f 382/660/156 379/654/156 380/657/156 383/661/156
f 383/662/157 380/658/157 378/659/157 381/663/157
f 385/664/158 382/660/158 383/661/158 386/665/158
f 386/666/159 383/662/159 381/663/159 384/667/159
f 388/668/160 385/664/160 386/665/160 389/669/160
f 389/670/161 386/666/161 384/667/161 387/671/161
f 391/672/162 388/668/162 389/669/162 392/673/162
f 392/674/163 389/670/163 387/671/163 390/675/163
f 394/676/164 391/672/164 392/673/164 395/677/164
f 395/678/165 392/674/165 390/675/165 393/679/165
f 397/680/166 394/676/166 395/677/166 398/681/166
f 398/682/167 395/678/167 393/679/167 396/683/167
f 400/684/168 397/680/168 398/681/168 401/685/168
f 401/686/169 398/682/169 396/683/169 399/687/169
f 403/688/170 400/689/170 401/690/170 404/691/170
f 404/692/171 401/686/171 399/687/171 402/693/171
f 406/694/172 403/688/172 404/691/172 407/695/172
f 407/696/173 404/692/173 402/693/173 405/697/173
f 409/698/174 406/694/174 407/695/174 410/699/174
f 410/700/175 407/696/175 405/697/175 408/701/175
f 412/702/176 409/698/176 410/699/176 413/703/176
f 413/704/177 410/700/177 408/701/177 411/705/177
f 415/706/178 412/702/178 413/703/178 416/707/178
f 416/708/179 413/704/179 411/705/179 414/709/179
f 418/710/180 415/706/180 416/707/180 419/711/180
f 419/712/181 416/708/181 414/709/181 417/713/181
f 421/714/182 418/710/182 419/711/182 422/715/182
f 422/716/183 419/712/183 417/713/183 420/717/183
f 424/718/184 421/714/184 422/715/184 425/719/184
f 425/720/185 422/716/185 420/717/185 423/721/185
f 427/722/186 424/723/186 425/724/186 428/725/186
f 428/726/187 425/720/187 423/721/187 426/727/187
f 430/728/188 427/722/188 428/725/188 431/729/188
f 431/730/189 428/726/189 426/727/189 429/731/189
f 433/732/190 430/728/190 431/729/190 434/733/190
f 434/734/191 431/730/191 429/731/191 432/735/191
f 340/601/192 433/732/192 434/733/192 341/602/192
f 341/605/193 434/734/193 432/735/193 339/606/193
f 342/607/194 339/606/194 432/735/194 429/731/194 426/727/194 423/721/194 420/717/194 417/713/194 414/709/194 411/705/194 408/701/194 405/697/194 402/693/194 399/687/194 396/683/194 393/679/194 390/675/194 387/671/194 384/667/194 381/663/194 378/659/194 375/653/194 372/649/194 369/645/194 366/641/194 363/637/194 360/633/194 357/629/194 354/625/194 351/619/194 348/615/194 345/611/194
f 307/736/195 340/601/195 343/600/195 308/737/195
f 338/738/196 433/732/196 340/601/196 307/736/196
f 308/737/197 343/600/197 346/608/197 309/739/197
f 309/739/198 346/608/198 349/612/198 310/740/198
f 310/740/199 349/612/199 352/616/199 311/741/199
f 311/742/200 352/621/200 355/620/200 312/743/200
f 312/743/201 355/620/201 358/626/201 313/744/201
f 313/744/202 358/626/202 361/630/202 314/745/202
f 314/745/203 361/630/203 364/634/203 315/746/203
f 315/746/204 364/634/204 367/638/204 316/747/204
f 316/747/205 367/638/205 370/642/205 317/748/205
f 317/748/206 370/642/206 373/646/206 318/749/206
f 318/749/207 373/646/207 376/650/207 319/750/207
f 319/751/208 376/655/208 379/654/208 320/752/208
f 320/752/209 379/654/209 382/660/209 321/753/209
f 321/753/210 382/660/210 385/664/210 322/754/210
f 322/754/211 385/664/211 388/668/211 323/755/211
f 323/755/212 388/668/212 391/672/212 324/756/212
f 324/756/213 391/672/213 394/676/213 325/757/213
f 325/757/214 394/676/214 397/680/214 326/758/214
f 326/758/215 397/680/215 400/684/215 327/759/215
f 327/760/216 400/689/216 403/688/216 328/761/216
f 328/761/217 403/688/217 406/694/217 329/762/217
f 329/762/218 406/694/218 409/698/218 330/763/218
f 330/763/219 409/698/219 412/702/219 331/764/219
f 331/764/220 412/702/220 415/706/220 332/765/220
f 332/765/221 415/706/221 418/710/221 333/766/221
f 333/766/222 418/710/222 421/714/222 334/767/222
f 334/767/223 421/714/223 424/718/223 335/768/223
f 335/769/224 424/723/224 427/722/224 336/770/224
f 336/770/225 427/722/225 430/728/225 337/771/225
f 337/771/226 430/728/226 433/732/226 338/738/226
f 435/772/195 436/773/195 438/774/195 437/775/195
f 437/775/197 438/774/197 440/776/197 439/777/197
f 439/777/198 440/776/198 442/778/198 441/779/198
f 441/779/199 442/778/199 444/780/199 443/781/199
f 443/782/200 444/783/200 446/784/200 445/785/200
f 445/785/201 446/784/201 448/786/201 447/787/201
f 447/787/202 448/786/202 450/788/202 449/789/202
f 449/789/203 450/788/203 452/790/203 451/791/203
f 451/791/204 452/790/204 454/792/204 453/793/204
f 453/793/205 454/792/205 456/794/205 455/795/205
f 455/795/206 456/794/206 458/796/206 457/797/206
f 457/797/207 458/796/207 460/798/207 459/799/207
f 459/800/208 460/801/208 462/802/208 461/803/208
f 461/803/209 462/802/209 464/804/209 463/805/209
f 463/805/210 464/804/210 466/806/210 465/807/210
f 465/807/211 466/806/211 468/808/211 467/809/211
f 467/809/212 468/808/212 470/810/212 469/811/212
f 469/811/213 470/810/213 472/812/213 471/813/213
f 471/813/214 472/812/214 474/814/214 473/815/214
f 473/815/215 474/814/215 476/816/215 475/817/215
f 475/818/216 476/819/216 478/820/216 477/821/216
f 477/821/217 478/820/217 480/822/217 479/823/217
f 479/823/218 480/822/218 482/824/218 481/825/218
f 481/825/219 482/824/219 484/826/219 483/827/219
f 483/827/220 484/826/220 486/828/220 485/829/220
f 485/829/221 486/828/221 488/830/221 487/831/221
f 487/831/222 488/830/222 490/832/222 489/833/222
f 489/833/223 490/832/223 492/834/223 491/835/223
f 491/836/224 492/837/224 494/838/224 493/839/224
f 493/839/225 494/838/225 496/840/225 495/841/225
f 438/842/194 436/843/194 498/844/194 496/845/194 494/846/194 492/847/194 490/848/194 488/849/194 486/850/194 484/851/194 482/852/194 480/853/194 478/854/194 476/855/194 474/856/194 472/857/194 470/858/194 468/859/194 466/860/194 464/861/194 462/862/194 460/863/194 458/864/194 456/865/194 454/866/194 452/867/194 450/868/194 448/869/194 446/870/194 444/871/194 442/872/194 440/873/194
f 495/841/226 496/840/226 498/874/226 497/875/226
f 497/875/196 498/874/196 436/773/196 435/772/196
f 435/876/129 437/877/129 439/878/129 441/879/129 443/880/129 445/881/129 447/882/129 449/883/129 451/884/129 453/885/129 455/886/129 457/887/129 459/888/129 461/889/129 463/890/129 465/891/129 467/892/129 469/893/129 471/894/129 473/895/129 475/896/129 477/897/129 479/898/129 481/899/129 483/900/129 485/901/129 487/902/129 489/903/129 491/904/129 493/905/129 495/906/129 497/907/129
f 499/908/195 500/909/195 502/910/195 501/911/195
f 501/911/197 502/910/197 504/912/197 503/913/197
f 503/913/198 504/912/198 506/914/198 505/915/198
f 505/915/199 506/914/199 508/916/199 507/917/199
f 507/918/200 508/919/200 510/920/200 509/921/200
f 509/921/201 510/920/201 512/922/201 511/923/201
f 511/923/202 512/922/202 514/924/202 513/925/202
f 513/925/203 514/924/203 516/926/203 515/927/203
f 515/927/204 516/926/204 518/928/204 517/929/204
f 517/929/205 518/928/205 520/930/205 519/931/205
f 519/931/206 520/930/206 522/932/206 521/933/206
f 521/933/207 522/932/207 524/934/207 523/935/207
f 523/936/208 524/937/208 526/938/208 525/939/208
f 525/939/209 526/938/209 528/940/209 527/941/209
f 527/941/210 528/940/210 530/942/210 529/943/210
f 529/943/211 530/942/211 532/944/211 531/945/211
f 531/945/212 532/944/212 534/946/212 533/947/212
f 533/947/213 534/946/213 536/948/213 535/949/213
f 535/949/214 536/948/214 538/950/214 537/951/214
f 537/951/215 538/950/215 540/952/215 539/953/215
f 539/935/216 540/934/216 542/954/216 541/955/216
f 541/955/217 542/954/217 544/956/217 543/957/217
f 543/957/218 544/956/218 546/958/218 545/959/218
f 545/959/219 546/958/219 548/960/219 547/961/219
f 547/961/220 548/960/220 550/962/220 549/963/220
f 549/963/221 550/962/221 552/964/221 551/965/221
f 551/965/222 552/964/222 554/966/222 553/967/222
f 553/967/223 554/966/223 556/968/223 555/969/223
f 555/970/224 556/971/224 558/972/224 557/973/224
f 557/973/225 558/972/225 560/974/225 559/975/225
f 502/976/194 500/977/194 562/978/194 560/979/194 558/980/194 556/981/194 554/982/194 552/983/194 550/984/194 548/985/194 546/986/194 544/987/194 542/988/194 540/989/194 538/990/194 536/991/194 534/992/194 532/993/194 530/994/194 528/995/194 526/996/194 524/997/194 522/998/194 520/999/194 518/1000/194 516/1001/194 514/1002/194 512/1003/194 510/1004/194 508/1005/194 506/1006/194 504/1007/194
f 559/975/226 560/974/226 562/1008/226 561/1009/226
f 561/1009/196 562/1008/196 500/909/196 499/908/196
f 499/1010/129 501/1011/129 503/1012/129 505/1013/129 507/1014/129 509/1015/129 511/1016/129 513/1017/129 515/1018/129 517/1019/129 519/1020/129 521/1021/129 523/1022/129 525/1023/129 527/1024/129 529/1025/129 531/1026/129 533/1027/129 535/1028/129 537/1029/129 539/1030/129 541/1031/129 543/1032/129 545/1033/129 547/1034/129 549/1035/129 551/1036/129 553/1037/129 555/1038/129 557/1039/129 559/1040/129 561/1041/129
f 563/1042/227 564/1043/227 566/1044/227 565/1045/227
f 565/1046/228 566/1047/228 570/1048/228 569/1049/228
f 569/1050/229 570/1051/229 568/1052/229 567/1053/229
f 567/1054/230 568/1055/230 564/1056/230 563/1057/230
f 565/1058/129 569/1059/129 567/1060/129 563/1061/129
f 570/1062/194 566/1063/194 564/1059/194 568/1064/194
f 584/1065/231 587/1066/231 588/1067/231 585/1068/231
f 585/1068/232 588/1067/232 586/1069/232 583/1070/232
f 581/1071/233 590/1072/233 591/1073/233 582/1074/233
f 582/1074/234 591/1073/234 589/1075/234 580/1076/234
f 592/1077/235 584/1065/235 585/1068/235 594/1078/235
f 594/1078/236 585/1068/236 583/1070/236 593/1079/236
f 595/1080/237 581/1071/237 582/1074/237 597/1081/237
f 597/1081/238 582/1074/238 580/1076/238 596/1082/238
f 580/1083/239 584/1084/239 592/1085/239 596/1086/239
f 580/1087/240 589/1088/240 587/1089/240 584/1090/240
f 572/1091/230 573/1092/230 577/1093/230 578/1079/230 593/1079/230 583/1070/230
f 572/1091/230 583/1070/230 586/1069/230 575/1069/230 574/1094/230 571/1095/230
f 586/1096/241 588/1097/241 587/1089/241 589/1088/241 591/1098/241 590/1099/241 576/1099/241 575/1096/241
f 578/1100/242 579/1101/242 595/1101/242 597/1102/242 596/1086/242 592/1085/242 594/1103/242 593/1100/242
f 602/1104/243 599/1105/243 600/1106/243 603/1107/243
f 603/1107/244 600/1106/244 598/1108/244 601/1109/244
f 601/1109/245 604/1110/245 606/1111/245 603/1107/245
f 603/1107/246 606/1111/246 605/1112/246 602/1104/246
f 607/1072/247 598/1108/247 600/1106/247 609/1113/247
f 609/1114/248 600/1115/248 599/1116/248 608/1117/248
f 604/1110/249 611/1080/249 612/1118/249 606/1111/249
f 606/1119/250 612/1120/250 610/1121/250 605/1122/250
f 571/1123/251 574/1124/251 608/1117/251 599/1116/251
f 599/1116/252 602/1125/252 572/1126/252 571/1123/252
f 598/1108/228 607/1072/228 576/1072/228 590/1072/228 581/1071/228 601/1109/228
f 605/1122/253 573/1127/253 572/1128/253 602/1129/253
f 604/1110/228 601/1109/228 581/1071/228 595/1080/228 579/1080/228 611/1080/228
f 573/1127/254 605/1122/254 610/1121/254 577/1130/254
f 575/1131/255 576/1132/255 607/1132/255 609/1114/255 608/1117/255 574/1124/255
f 577/1130/256 610/1121/256 612/1120/256 611/1133/256 579/1133/256 578/1134/256
o mdlSilla.002
v -2.573121 1.486190 -6.602255
v -2.690360 1.486190 -6.611727
v -2.803498 1.486190 -6.643889
v -2.908187 1.486190 -6.697505
v -3.000405 1.486190 -6.770515
v -3.076607 1.486190 -6.860114
v -3.133866 1.486190 -6.962856
v -3.169980 1.486190 -7.074795
v -3.183562 1.486190 -7.191629
v -3.174090 1.486190 -7.308868
v -3.141927 1.486190 -7.422006
v -3.088311 1.486190 -7.526695
v -3.015301 1.486190 -7.618913
v -2.925703 1.486190 -7.695115
v -2.822960 1.486190 -7.752374
v -2.711021 1.486190 -7.788488
v -2.594187 1.486190 -7.802070
v -2.476949 1.486190 -7.792598
v -2.363811 1.486190 -7.760436
v -2.259121 1.486190 -7.706819
v -2.166903 1.486190 -7.633809
v -2.090701 1.486190 -7.544211
v -2.033443 1.486190 -7.441468
v -1.997329 1.486190 -7.329529
v -1.983747 1.486190 -7.212696
v -1.993219 1.486190 -7.095457
v -2.025381 1.486190 -6.982319
v -2.078997 1.486190 -6.877629
v -2.152007 1.486190 -6.785412
v -2.241605 1.486190 -6.709209
v -2.344348 1.486190 -6.651951
v -2.456287 1.486190 -6.615837
v -2.575524 1.726190 -6.739107
v -2.573121 1.698947 -6.602255
v -2.573825 1.718211 -6.642338
v -2.666018 1.726190 -6.746418
v -2.690360 1.698947 -6.611727
v -2.683230 1.718211 -6.651177
v -2.753346 1.726190 -6.771244
v -2.803498 1.698947 -6.643889
v -2.788809 1.718211 -6.681190
v -2.834154 1.726190 -6.812629
v -2.908187 1.698947 -6.697505
v -2.886503 1.718211 -6.731225
v -2.905335 1.726190 -6.868984
v -3.000405 1.698947 -6.770515
v -2.972559 1.718211 -6.799356
v -2.964154 1.726190 -6.938142
v -3.076607 1.698947 -6.860114
v -3.043670 1.718211 -6.882967
v -3.008350 1.726190 -7.017447
v -3.133866 1.698947 -6.962856
v -3.097103 1.718211 -6.978846
v -3.036226 1.726190 -7.103850
v -3.169980 1.698947 -7.074795
v -3.130804 1.718211 -7.083305
v -3.046710 1.726190 -7.194032
v -3.183562 1.698947 -7.191629
v -3.143479 1.718211 -7.192333
v -3.039398 1.726190 -7.284526
v -3.174090 1.698947 -7.308867
v -3.134640 1.718211 -7.301738
v -3.014573 1.726190 -7.371854
v -3.141927 1.698947 -7.422006
v -3.104626 1.718211 -7.407317
v -2.973187 1.726190 -7.452662
v -3.088311 1.698947 -7.526695
v -3.054592 1.718211 -7.505012
v -2.916833 1.726190 -7.523843
v -3.015301 1.698947 -7.618913
v -2.986460 1.718211 -7.591067
v -2.847674 1.726190 -7.582662
v -2.925703 1.698947 -7.695115
v -2.902849 1.718211 -7.662179
v -2.768369 1.726190 -7.626858
v -2.822960 1.698947 -7.752374
v -2.806971 1.718211 -7.715611
v -2.681966 1.726190 -7.654734
v -2.711021 1.698947 -7.788488
v -2.702511 1.718211 -7.749312
v -2.591784 1.726190 -7.665217
v -2.594187 1.698947 -7.802070
v -2.593483 1.718211 -7.761987
v -2.501291 1.726190 -7.657907
v -2.476949 1.698947 -7.792598
v -2.484078 1.718211 -7.753148
v -2.413962 1.726190 -7.633081
v -2.363811 1.698947 -7.760436
v -2.378500 1.718211 -7.723134
v -2.333154 1.726190 -7.591696
v -2.259121 1.698947 -7.706819
v -2.280805 1.718211 -7.673100
v -2.261974 1.726190 -7.535341
v -2.166903 1.698947 -7.633809
v -2.194749 1.718211 -7.604968
v -2.203155 1.726190 -7.466182
v -2.090701 1.698947 -7.544211
v -2.123638 1.718211 -7.521357
v -2.158958 1.726190 -7.386877
v -2.033443 1.698947 -7.441468
v -2.070205 1.718211 -7.425479
v -2.131082 1.726190 -7.300474
v -1.997329 1.698947 -7.329529
v -2.036504 1.718211 -7.321019
v -2.120599 1.726190 -7.210292
v -1.983747 1.698947 -7.212696
v -2.023830 1.718211 -7.211992
v -2.127910 1.726190 -7.119799
v -1.993219 1.698947 -7.095457
v -2.032669 1.718211 -7.102586
v -2.152735 1.726190 -7.032470
v -2.025381 1.698947 -6.982319
v -2.062682 1.718211 -6.997008
v -2.194121 1.726190 -6.951663
v -2.078997 1.698947 -6.877629
v -2.112716 1.718211 -6.899313
v -2.250476 1.726190 -6.880482
v -2.152007 1.698947 -6.785411
v -2.180848 1.718211 -6.813257
v -2.319634 1.726190 -6.821663
v -2.241605 1.698947 -6.709209
v -2.264459 1.718211 -6.742146
v -2.398939 1.726190 -6.777466
v -2.344348 1.698947 -6.651951
v -2.360337 1.718211 -6.688714
v -2.485343 1.726190 -6.749590
v -2.456287 1.698947 -6.615837
v -2.464797 1.718211 -6.655012
v -2.575462 0.317975 -6.735568
v -2.575462 0.477975 -6.735568
v -2.666647 0.317975 -6.742935
v -2.666647 0.477975 -6.742935
v -2.754643 0.317975 -6.767950
v -2.754643 0.477975 -6.767950
v -2.836069 0.317975 -6.809652
v -2.836069 0.477975 -6.809651
v -2.907794 0.317975 -6.866437
v -2.907794 0.477975 -6.866437
v -2.967062 0.317975 -6.936124
v -2.967062 0.477975 -6.936124
v -3.011596 0.317975 -7.016036
v -3.011596 0.477975 -7.016036
v -3.039685 0.317975 -7.103099
v -3.039685 0.477975 -7.103099
v -3.050249 0.317975 -7.193970
v -3.050249 0.477975 -7.193970
v -3.042882 0.317975 -7.285156
v -3.042882 0.477975 -7.285156
v -3.017867 0.317975 -7.373152
v -3.017867 0.477975 -7.373152
v -2.976165 0.317975 -7.454577
v -2.976165 0.477975 -7.454577
v -2.919379 0.317975 -7.526302
v -2.919379 0.477975 -7.526302
v -2.849692 0.317975 -7.585570
v -2.849692 0.477975 -7.585570
v -2.769781 0.317975 -7.630105
v -2.769781 0.477975 -7.630105
v -2.682717 0.317975 -7.658194
v -2.682717 0.477975 -7.658194
v -2.591847 0.317975 -7.668757
v -2.591847 0.477975 -7.668757
v -2.500661 0.317975 -7.661390
v -2.500661 0.477975 -7.661390
v -2.412665 0.317975 -7.636375
v -2.412665 0.477975 -7.636375
v -2.331240 0.317975 -7.594673
v -2.331240 0.477975 -7.594673
v -2.259515 0.317975 -7.537888
v -2.259515 0.477975 -7.537888
v -2.200246 0.317975 -7.468200
v -2.200246 0.477975 -7.468200
v -2.155712 0.317975 -7.388289
v -2.155712 0.477975 -7.388289
v -2.127623 0.317975 -7.301226
v -2.127623 0.477975 -7.301226
v -2.117059 0.317975 -7.210355
v -2.117059 0.477975 -7.210355
v -2.124427 0.317975 -7.119169
v -2.124427 0.477975 -7.119169
v -2.149442 0.317975 -7.031173
v -2.149442 0.477975 -7.031173
v -2.191143 0.317975 -6.949748
v -2.191143 0.477975 -6.949748
v -2.247929 0.317975 -6.878023
v -2.247929 0.477975 -6.878023
v -2.317616 0.317975 -6.818755
v -2.317616 0.477975 -6.818755
v -2.397527 0.317975 -6.774220
v -2.397527 0.477975 -6.774220
v -2.484591 0.317975 -6.746131
v -2.484591 0.477975 -6.746131
v -2.582484 0.453975 -7.135506
v -2.582484 1.541975 -7.135506
v -2.595510 0.453975 -7.136559
v -2.595510 1.541975 -7.136559
v -2.608081 0.453975 -7.140132
v -2.608081 1.541975 -7.140132
v -2.619713 0.453975 -7.146090
v -2.619713 1.541975 -7.146089
v -2.629960 0.453975 -7.154202
v -2.629960 1.541975 -7.154202
v -2.638427 0.453975 -7.164157
v -2.638427 1.541975 -7.164157
v -2.644789 0.453975 -7.175573
v -2.644789 1.541975 -7.175573
v -2.648802 0.453975 -7.188011
v -2.648802 1.541975 -7.188010
v -2.650311 0.453975 -7.200992
v -2.650311 1.541975 -7.200992
v -2.649258 0.453975 -7.214019
v -2.649258 1.541975 -7.214018
v -2.645684 0.453975 -7.226590
v -2.645684 1.541975 -7.226589
v -2.639727 0.453975 -7.238222
v -2.639727 1.541975 -7.238222
v -2.631615 0.453975 -7.248468
v -2.631615 1.541975 -7.248468
v -2.621660 0.453975 -7.256935
v -2.621660 1.541975 -7.256935
v -2.610244 0.453975 -7.263297
v -2.610244 1.541975 -7.263297
v -2.597806 0.453975 -7.267310
v -2.597806 1.541975 -7.267310
v -2.584825 0.453975 -7.268819
v -2.584825 1.541975 -7.268819
v -2.571798 0.453975 -7.267766
v -2.571798 1.541975 -7.267766
v -2.559227 0.453975 -7.264193
v -2.559227 1.541975 -7.264193
v -2.547595 0.453975 -7.258235
v -2.547595 1.541975 -7.258235
v -2.537349 0.453975 -7.250123
v -2.537349 1.541975 -7.250123
v -2.528882 0.453975 -7.240168
v -2.528882 1.541975 -7.240168
v -2.522520 0.453975 -7.228752
v -2.522520 1.541975 -7.228752
v -2.518507 0.453975 -7.216314
v -2.518507 1.541975 -7.216314
v -2.516998 0.453975 -7.203333
v -2.516998 1.541975 -7.203332
v -2.518050 0.453975 -7.190306
v -2.518050 1.541975 -7.190306
v -2.521624 0.453975 -7.177735
v -2.521624 1.541975 -7.177735
v -2.527581 0.453975 -7.166103
v -2.527581 1.541975 -7.166103
v -2.535693 0.453975 -7.155857
v -2.535693 1.541975 -7.155857
v -2.545649 0.453975 -7.147390
v -2.545649 1.541975 -7.147390
v -2.557065 0.453975 -7.141028
v -2.557065 1.541975 -7.141027
v -2.569502 0.453975 -7.137015
v -2.569502 1.541975 -7.137015
v -2.518291 1.614190 -7.656713
v -2.518291 2.254190 -7.656713
v -2.517120 1.614190 -7.590057
v -2.517120 2.254190 -7.590056
v -2.664935 1.614190 -7.654139
v -2.664935 2.254190 -7.654138
v -2.663764 1.614190 -7.587482
v -2.663764 2.254190 -7.587482
v -2.259702 2.269675 -7.787996
v -2.593837 2.034614 -7.782129
v -2.927973 2.269675 -7.776263
v -1.947292 3.356750 -7.793481
v -1.948803 3.401785 -7.793455
v -1.943671 3.401785 -7.501193
v -3.240383 3.356750 -7.770777
v -3.238872 3.401785 -7.770804
v -3.233740 3.401785 -7.478542
v -2.588900 2.958344 -7.500940
v -2.588706 2.906741 -7.489868
v -2.588763 2.943230 -7.493111
v -2.593837 2.906741 -7.782129
v -2.593643 2.958345 -7.771056
v -2.593780 2.943231 -7.778886
v -1.948803 3.401785 -7.793455
v -1.985645 3.394330 -7.781732
v -1.974935 3.396513 -7.789752
v -1.980903 3.394330 -7.511616
v -1.943671 3.401785 -7.501193
v -1.969917 3.396513 -7.503976
v -3.201640 3.394330 -7.760381
v -3.238872 3.401785 -7.770804
v -3.212626 3.396513 -7.768021
v -3.233740 3.401785 -7.478542
v -3.196898 3.394330 -7.490265
v -3.207608 3.396513 -7.482245
v -2.314976 2.329070 -7.494674
v -2.254956 2.269675 -7.517707
v -2.272376 2.287071 -7.501859
v -2.588706 2.136505 -7.489868
v -2.589092 2.034614 -7.511840
v -2.588819 2.064457 -7.496303
v -2.862435 2.329070 -7.485062
v -2.923227 2.269675 -7.505973
v -2.905262 2.287071 -7.490747
v -1.943671 3.401785 -7.501193
v -1.942546 3.356750 -7.523192
v -1.942716 3.369940 -7.507647
v -3.235637 3.356750 -7.500488
v -3.233740 3.401785 -7.478542
v -3.234922 3.369940 -7.484959
vn -0.0000 -1.0000 -0.0000
vn -0.0350 0.9005 0.4334
vn -0.0066 0.9966 0.0823
vn -0.1189 0.9005 0.4182
vn -0.0226 0.9966 0.0794
vn -0.1982 0.9005 0.3870
vn -0.0376 0.9966 0.0735
vn -0.2699 0.9005 0.3409
vn -0.0512 0.9966 0.0647
vn -0.3312 0.9005 0.2817
vn -0.0629 0.9966 0.0535
vn -0.3798 0.9005 0.2117
vn -0.0721 0.9966 0.0402
vn -0.4138 0.9005 0.1335
vn -0.0786 0.9966 0.0253
vn -0.4319 0.9005 0.0502
vn -0.0820 0.9966 0.0095
vn -0.4334 0.9005 -0.0350
vn -0.0823 0.9966 -0.0066
vn -0.4182 0.9005 -0.1189
vn -0.0794 0.9966 -0.0226
vn -0.3870 0.9005 -0.1982
vn -0.0735 0.9966 -0.0376
vn -0.3409 0.9005 -0.2699
vn -0.0647 0.9966 -0.0512
vn -0.2817 0.9005 -0.3312
vn -0.0535 0.9966 -0.0629
vn -0.2117 0.9005 -0.3798
vn -0.0402 0.9966 -0.0721
vn -0.1335 0.9005 -0.4138
vn -0.0253 0.9966 -0.0786
vn -0.0502 0.9005 -0.4319
vn -0.0095 0.9966 -0.0820
vn 0.0350 0.9005 -0.4334
vn 0.0066 0.9966 -0.0823
vn 0.1189 0.9005 -0.4182
vn 0.0226 0.9966 -0.0794
vn 0.1982 0.9005 -0.3870
vn 0.0376 0.9966 -0.0735
vn 0.2699 0.9005 -0.3409
vn 0.0512 0.9966 -0.0647
vn 0.3312 0.9005 -0.2817
vn 0.0629 0.9966 -0.0535
vn 0.3798 0.9005 -0.2117
vn 0.0721 0.9966 -0.0402
vn 0.4138 0.9005 -0.1335
vn 0.0786 0.9966 -0.0253
vn 0.4319 0.9005 -0.0502
vn 0.0820 0.9966 -0.0095
vn 0.4334 0.9005 0.0350
vn 0.0823 0.9966 0.0066
vn 0.4182 0.9005 0.1189
vn 0.0794 0.9966 0.0226
vn 0.3870 0.9005 0.1982
vn 0.0735 0.9966 0.0376
vn 0.3409 0.9005 0.2699
vn 0.0647 0.9966 0.0512
vn 0.2817 0.9005 0.3312
vn 0.0535 0.9966 0.0629
vn 0.2117 0.9005 0.3798
vn 0.0402 0.9966 0.0721
vn 0.1335 0.9005 0.4138
vn 0.0253 0.9966 0.0786
vn 0.0502 0.9005 0.4319
vn 0.0095 0.9966 0.0820
vn -0.0000 1.0000 -0.0000
vn -0.0805 -0.0000 0.9968
vn 0.1155 -0.0000 0.9933
vn -0.2734 -0.0000 0.9619
vn -0.4558 -0.0000 0.8901
vn -0.6207 -0.0000 0.7840
vn -0.7618 -0.0000 0.6479
vn -0.8735 -0.0000 0.4868
vn -0.9517 -0.0000 0.3070
vn -0.9933 -0.0000 0.1155
vn -0.9968 -0.0000 -0.0805
vn -0.9619 -0.0000 -0.2734
vn -0.8901 -0.0000 -0.4558
vn -0.7840 -0.0000 -0.6207
vn -0.6479 -0.0000 -0.7618
vn -0.4868 -0.0000 -0.8735
vn -0.3070 -0.0000 -0.9517
vn -0.1155 -0.0000 -0.9933
vn 0.0805 -0.0000 -0.9968
vn 0.2734 -0.0000 -0.9619
vn 0.4558 -0.0000 -0.8901
vn 0.6207 -0.0000 -0.7840
vn 0.7618 -0.0000 -0.6479
vn 0.8735 -0.0000 -0.4868
vn 0.9517 -0.0000 -0.3070
vn 0.9933 -0.0000 -0.1155
vn 0.9968 -0.0000 0.0805
vn 0.9619 -0.0000 0.2734
vn 0.8901 -0.0000 0.4558
vn 0.7840 -0.0000 0.6207
vn 0.6479 -0.0000 0.7618
vn 0.4868 -0.0000 0.8735
vn 0.3070 -0.0000 0.9517
vn 0.9998 -0.0000 -0.0176
vn 0.0176 -0.0000 0.9998
vn -0.9998 -0.0000 0.0176
vn -0.0176 -0.0000 -0.9998
vn -0.4125 0.5515 -0.7251
vn -0.1118 0.1259 -0.9857
vn -0.0771 0.1259 0.9890
vn -0.3868 0.5515 0.7391
vn 0.3868 0.5515 -0.7391
vn 0.0771 0.1259 -0.9890
vn 0.1118 0.1259 0.9857
vn 0.4125 0.5515 0.7251
vn 0.5826 0.8127 -0.0102
vn -0.5826 0.8127 0.0102
vn -0.1973 0.9803 0.0035
vn 0.1973 0.9803 -0.0035
vn 0.3237 -0.4392 0.8380
vn 0.0799 -0.0888 0.9928
vn -0.0450 -0.0888 0.9950
vn -0.2941 -0.4392 0.8489
vn 0.2034 -0.0606 0.9772
vn 0.7458 -0.2174 0.6297
vn -0.1689 -0.0606 0.9838
vn -0.7232 -0.2174 0.6555
vn 0.9609 -0.2762 -0.0169
vn 0.5752 -0.8179 -0.0101
vn -0.5752 -0.8179 0.0101
vn -0.9609 -0.2762 0.0169
vn 0.9993 0.0335 -0.0175
vn -0.9993 0.0335 0.0175
vt 0.483906 0.143218
vt 0.474334 0.128893
vt 0.467741 0.112976
vt 0.464380 0.096078
vt 0.464380 0.078849
vt 0.467741 0.061951
vt 0.474334 0.046034
vt 0.483906 0.031709
vt 0.496089 0.019526
vt 0.510414 0.009954
vt 0.526331 0.003361
vt 0.543229 -0.000000
vt 0.560458 -0.000000
vt 0.577356 0.003361
vt 0.593273 0.009954
vt 0.607598 0.019526
vt 0.619781 0.031709
vt 0.629353 0.046034
vt 0.635946 0.061951
vt 0.639307 0.078849
vt 0.639307 0.096078
vt 0.635946 0.112976
vt 0.629353 0.128893
vt 0.619781 0.143218
vt 0.607598 0.155401
vt 0.593273 0.164973
vt 0.577356 0.171566
vt 0.560458 0.174927
vt 0.543229 0.174927
vt 0.526331 0.171566
vt 0.510414 0.164973
vt 0.496089 0.155401
vt 0.667962 0.525164
vt 0.650816 0.525244
vt 0.650816 0.510871
vt 0.666816 0.510796
vt 0.473669 0.295208
vt 0.467517 0.280354
vt 0.481083 0.276239
vt 0.486172 0.288525
vt 0.684448 0.524924
vt 0.682201 0.510572
vt 0.482601 0.308576
vt 0.493560 0.299582
vt 0.699643 0.524536
vt 0.696381 0.510210
vt 0.493970 0.319945
vt 0.502964 0.308986
vt 0.712961 0.524013
vt 0.708809 0.509722
vt 0.507338 0.328877
vt 0.514021 0.316374
vt 0.477698 0.524677
vt 0.464380 0.524046
vt 0.468532 0.509722
vt 0.480960 0.510310
vt 0.522192 0.335029
vt 0.526307 0.321463
vt 0.492892 0.525145
vt 0.495140 0.510747
vt 0.537961 0.338166
vt 0.539350 0.324058
vt 0.509379 0.525433
vt 0.510525 0.511016
vt 0.554038 0.338166
vt 0.552649 0.324058
vt 0.526525 0.525531
vt 0.526525 0.511107
vt 0.569807 0.335029
vt 0.565692 0.321463
vt 0.543671 0.525433
vt 0.542525 0.511016
vt 0.584661 0.328877
vt 0.577978 0.316374
vt 0.560158 0.525145
vt 0.557911 0.510747
vt 0.598029 0.319945
vt 0.589035 0.308986
vt 0.575352 0.524677
vt 0.572090 0.510310
vt 0.609398 0.308576
vt 0.598439 0.299582
vt 0.588670 0.524046
vt 0.584518 0.509722
vt 0.618330 0.295208
vt 0.605827 0.288525
vt 0.477698 0.353257
vt 0.464380 0.352522
vt 0.468532 0.338166
vt 0.480960 0.338852
vt 0.624482 0.280354
vt 0.610916 0.276239
vt 0.492892 0.353804
vt 0.495140 0.339362
vt 0.627619 0.264585
vt 0.613511 0.263196
vt 0.509379 0.354140
vt 0.510525 0.339676
vt 0.627619 0.248508
vt 0.613511 0.249897
vt 0.526525 0.354254
vt 0.526525 0.339782
vt 0.624482 0.232739
vt 0.610916 0.236854
vt 0.543671 0.354140
vt 0.542525 0.339676
vt 0.618330 0.217885
vt 0.605827 0.224568
vt 0.560158 0.353804
vt 0.557911 0.339362
vt 0.609397 0.204517
vt 0.598439 0.213511
vt 0.575352 0.353257
vt 0.572090 0.338852
vt 0.598029 0.193148
vt 0.589035 0.204107
vt 0.588670 0.352522
vt 0.584518 0.338166
vt 0.584661 0.184216
vt 0.577978 0.196719
vt 0.601988 0.353121
vt 0.588670 0.352491
vt 0.592823 0.338166
vt 0.605251 0.338754
vt 0.569807 0.178064
vt 0.565692 0.191630
vt 0.617183 0.353589
vt 0.619430 0.339191
vt 0.554038 0.174927
vt 0.552649 0.189035
vt 0.633670 0.353878
vt 0.634816 0.339461
vt 0.537961 0.174927
vt 0.539350 0.189035
vt 0.650816 0.353975
vt 0.650816 0.339552
vt 0.522192 0.178064
vt 0.526307 0.191630
vt 0.667962 0.353878
vt 0.666816 0.339461
vt 0.507338 0.184216
vt 0.514021 0.196719
vt 0.684448 0.353589
vt 0.682201 0.339191
vt 0.493970 0.193148
vt 0.502964 0.204107
vt 0.699643 0.353121
vt 0.696381 0.338754
vt 0.482601 0.204517
vt 0.493560 0.213511
vt 0.712961 0.352491
vt 0.708809 0.338166
vt 0.473669 0.217885
vt 0.486172 0.224568
vt 0.601988 0.524536
vt 0.588670 0.524013
vt 0.592823 0.509722
vt 0.605251 0.510210
vt 0.467516 0.232739
vt 0.481083 0.236854
vt 0.617183 0.524924
vt 0.619430 0.510572
vt 0.464380 0.248508
vt 0.478488 0.249897
vt 0.633670 0.525164
vt 0.634816 0.510796
vt 0.464380 0.264585
vt 0.478488 0.263196
vt 0.650816 0.680887
vt 0.667962 0.680806
vt 0.633670 0.680806
vt 0.684448 0.680567
vt 0.699643 0.680178
vt 0.712961 0.679655
vt 0.464380 0.679608
vt 0.477698 0.680238
vt 0.492892 0.680707
vt 0.509379 0.680995
vt 0.526525 0.681092
vt 0.543671 0.680995
vt 0.560158 0.680707
vt 0.575352 0.680238
vt 0.588670 0.679608
vt 0.464380 0.507990
vt 0.477698 0.508725
vt 0.492892 0.509272
vt 0.509379 0.509608
vt 0.526525 0.509722
vt 0.543671 0.509608
vt 0.560158 0.509272
vt 0.575352 0.508725
vt 0.588670 0.507990
vt 0.588670 0.508052
vt 0.601988 0.508682
vt 0.617183 0.509151
vt 0.633670 0.509439
vt 0.650816 0.509537
vt 0.667962 0.509439
vt 0.684448 0.509151
vt 0.699643 0.508682
vt 0.712961 0.508052
vt 0.588670 0.679655
vt 0.601988 0.680178
vt 0.617183 0.680567
vt 0.812009 0.292933
vt 0.812009 0.175885
vt 0.825344 0.175822
vt 0.825344 0.292870
vt 0.838167 0.175636
vt 0.838167 0.292684
vt 0.849985 0.175334
vt 0.849985 0.292382
vt 0.860344 0.174927
vt 0.860344 0.291975
vt 0.685341 0.797874
vt 0.685341 0.680887
vt 0.695699 0.681377
vt 0.695699 0.798364
vt 0.707517 0.681742
vt 0.707517 0.798729
vt 0.720340 0.681966
vt 0.720340 0.798953
vt 0.733676 0.682042
vt 0.733676 0.799029
vt 0.747012 0.681966
vt 0.747012 0.798953
vt 0.759835 0.681742
vt 0.759835 0.798729
vt 0.771653 0.681377
vt 0.771653 0.798364
vt 0.782011 0.680887
vt 0.782011 0.797874
vt 0.588670 0.797804
vt 0.588670 0.680887
vt 0.599029 0.681459
vt 0.599029 0.798376
vt 0.610847 0.681884
vt 0.610847 0.798800
vt 0.623670 0.682145
vt 0.623670 0.799062
vt 0.637006 0.682234
vt 0.637006 0.799151
vt 0.650341 0.682145
vt 0.650341 0.799062
vt 0.663164 0.681884
vt 0.663164 0.798800
vt 0.674982 0.681459
vt 0.674982 0.798376
vt 0.685341 0.680887
vt 0.685341 0.797804
vt 0.464380 0.798080
vt 0.464380 0.681092
vt 0.474738 0.681583
vt 0.474738 0.798570
vt 0.486556 0.681947
vt 0.486556 0.798934
vt 0.499379 0.682171
vt 0.499379 0.799159
vt 0.512715 0.682247
vt 0.512715 0.799235
vt 0.526051 0.682171
vt 0.526051 0.799159
vt 0.538874 0.681947
vt 0.538874 0.798934
vt 0.550692 0.681583
vt 0.550692 0.798570
vt 0.561050 0.681092
vt 0.561050 0.798080
vt 0.763673 0.291975
vt 0.763673 0.174927
vt 0.774032 0.175334
vt 0.774032 0.292382
vt 0.785850 0.175636
vt 0.785850 0.292684
vt 0.652281 0.295794
vt 0.642806 0.286319
vt 0.635361 0.275177
vt 0.630233 0.262797
vt 0.627619 0.249654
vt 0.627619 0.236254
vt 0.630233 0.223111
vt 0.635361 0.210731
vt 0.642806 0.199589
vt 0.652281 0.190114
vt 0.663423 0.182669
vt 0.675803 0.177541
vt 0.688946 0.174927
vt 0.702346 0.174927
vt 0.715489 0.177541
vt 0.727869 0.182669
vt 0.739011 0.190114
vt 0.748486 0.199589
vt 0.755931 0.210731
vt 0.761059 0.223111
vt 0.763673 0.236254
vt 0.763673 0.249654
vt 0.761059 0.262797
vt 0.755931 0.275177
vt 0.748486 0.286319
vt 0.739011 0.295794
vt 0.727869 0.303239
vt 0.715489 0.308367
vt 0.702346 0.310981
vt 0.688946 0.310981
vt 0.675803 0.308367
vt 0.663423 0.303239
vt 0.798673 0.175822
vt 0.798673 0.292870
vt 0.654494 0.111392
vt 0.647049 0.100250
vt 0.641921 0.087870
vt 0.639307 0.074727
vt 0.639307 0.061327
vt 0.641921 0.048184
vt 0.647049 0.035804
vt 0.654494 0.024662
vt 0.663969 0.015187
vt 0.675111 0.007742
vt 0.687491 0.002614
vt 0.700634 0.000000
vt 0.714034 0.000000
vt 0.727177 0.002614
vt 0.739557 0.007742
vt 0.750699 0.015187
vt 0.760174 0.024662
vt 0.767619 0.035804
vt 0.772747 0.048184
vt 0.775361 0.061327
vt 0.775361 0.074727
vt 0.772747 0.087870
vt 0.767619 0.100250
vt 0.760174 0.111392
vt 0.750699 0.120867
vt 0.739557 0.128312
vt 0.727177 0.133440
vt 0.714034 0.136054
vt 0.700634 0.136054
vt 0.687491 0.133440
vt 0.675111 0.128312
vt 0.663969 0.120867
vt 0.867249 0.970990
vt 0.867249 0.175064
vt 0.869154 0.175055
vt 0.869154 0.970981
vt 0.870986 0.175028
vt 0.870986 0.970955
vt 0.872674 0.174985
vt 0.872674 0.970911
vt 0.874154 0.174927
vt 0.874154 0.970853
vt 0.874154 0.970439
vt 0.874154 0.174927
vt 0.875634 0.174997
vt 0.875634 0.970509
vt 0.877322 0.175049
vt 0.877322 0.970561
vt 0.879154 0.175081
vt 0.879154 0.970594
vt 0.881059 0.175092
vt 0.881059 0.970604
vt 0.882964 0.175081
vt 0.882964 0.970594
vt 0.884796 0.175049
vt 0.884796 0.970561
vt 0.886484 0.174997
vt 0.886484 0.970509
vt 0.887964 0.174927
vt 0.887964 0.970439
vt 0.901774 0.969961
vt 0.901774 0.174927
vt 0.903254 0.175009
vt 0.903254 0.970042
vt 0.904942 0.175069
vt 0.904942 0.970103
vt 0.906774 0.175107
vt 0.906774 0.970141
vt 0.908679 0.175119
vt 0.908679 0.970153
vt 0.910584 0.175107
vt 0.910584 0.970141
vt 0.912416 0.175069
vt 0.912416 0.970103
vt 0.914104 0.175009
vt 0.914104 0.970042
vt 0.915584 0.174927
vt 0.915584 0.969961
vt 0.889444 0.174997
vt 0.889444 0.970509
vt 0.891132 0.175049
vt 0.891132 0.970561
vt 0.892964 0.175081
vt 0.892964 0.970594
vt 0.894869 0.175092
vt 0.894869 0.970604
vt 0.896774 0.175081
vt 0.896774 0.970594
vt 0.898606 0.175049
vt 0.898606 0.970561
vt 0.900294 0.174997
vt 0.900294 0.970509
vt 0.901774 0.174927
vt 0.901774 0.970439
vt 0.860344 0.970853
vt 0.860344 0.174927
vt 0.861824 0.174985
vt 0.861824 0.970911
vt 0.863512 0.175028
vt 0.863512 0.970955
vt 0.643532 0.328248
vt 0.641940 0.329312
vt 0.640172 0.330044
vt 0.638294 0.330418
vt 0.636380 0.330418
vt 0.634503 0.330044
vt 0.632734 0.329312
vt 0.631142 0.328248
vt 0.629789 0.326894
vt 0.628725 0.325303
vt 0.627993 0.323534
vt 0.627619 0.321657
vt 0.627619 0.319742
vt 0.627993 0.317865
vt 0.628725 0.316096
vt 0.629789 0.314504
vt 0.631142 0.313151
vt 0.632734 0.312087
vt 0.634503 0.311355
vt 0.636380 0.310981
vt 0.638294 0.310981
vt 0.640172 0.311355
vt 0.641940 0.312087
vt 0.643532 0.313151
vt 0.644886 0.314504
vt 0.645949 0.316096
vt 0.646682 0.317865
vt 0.647055 0.319742
vt 0.647055 0.321657
vt 0.646682 0.323534
vt 0.645949 0.325303
vt 0.644886 0.326894
vt 0.865344 0.175055
vt 0.865344 0.970981
vt 0.653628 0.154385
vt 0.651860 0.155117
vt 0.649982 0.155491
vt 0.648068 0.155491
vt 0.646190 0.155117
vt 0.644422 0.154385
vt 0.642830 0.153321
vt 0.641477 0.151967
vt 0.640413 0.150376
vt 0.639680 0.148607
vt 0.639307 0.146730
vt 0.639307 0.144815
vt 0.639680 0.142938
vt 0.640413 0.141169
vt 0.641477 0.139577
vt 0.642830 0.138224
vt 0.644422 0.137160
vt 0.646190 0.136428
vt 0.648068 0.136054
vt 0.649982 0.136054
vt 0.651860 0.136428
vt 0.653628 0.137160
vt 0.655220 0.138224
vt 0.656574 0.139577
vt 0.657637 0.141169
vt 0.658370 0.142938
vt 0.658743 0.144815
vt 0.658743 0.146730
vt 0.658370 0.148607
vt 0.657637 0.150376
vt 0.656574 0.151967
vt 0.655220 0.153321
vt 0.841561 0.806115
vt 0.841561 0.338166
vt 0.851326 0.338166
vt 0.851326 0.806115
vt 0.798594 0.806358
vt 0.798594 0.338166
vt 0.820077 0.338166
vt 0.820077 0.806358
vt 0.915584 0.642875
vt 0.915584 0.174927
vt 0.925349 0.174927
vt 0.925349 0.642875
vt 0.820077 0.805833
vt 0.820077 0.338166
vt 0.841561 0.338166
vt 0.841561 0.805833
vt 0.656821 0.310981
vt 0.656821 0.332465
vt 0.647055 0.332465
vt 0.647055 0.310981
vt 0.666586 0.310981
vt 0.666586 0.332465
vt 0.656821 0.310981
vt 0.284028 0.323926
vt 0.373100 0.005339
vt 0.374689 0.003820
vt 0.284028 0.335048
vt 0.378526 0.000000
vt 0.284028 0.361743
vt 0.094654 0.362149
vt 0.000157 0.000000
vt 0.003993 0.003834
vt 0.094654 0.335433
vt 0.005582 0.005376
vt 0.094654 0.324321
vt 0.194956 0.005339
vt 0.193367 0.003820
vt 0.189530 0.000000
vt 0.189152 0.000000
vt 0.185315 0.003834
vt 0.183726 0.005376
vt 0.754155 0.667847
vt 0.714583 0.667847
vt 0.714583 0.343930
vt 0.754155 0.343930
vt 0.757400 0.667847
vt 0.757400 0.343930
vt 0.796972 0.343930
vt 0.796972 0.667847
vt 0.284028 0.999032
vt 0.235077 0.827267
vt 0.189309 0.032909
vt 0.378747 0.032909
vt 0.332979 0.827267
vt 0.798594 0.338166
vt 0.798119 0.342242
vt 0.756253 0.342242
vt 0.755777 0.338166
vt 0.712961 0.338166
vt 0.755778 0.338166
vt 0.755302 0.342242
vt 0.713436 0.342242
vt 0.094654 1.000000
vt 0.045703 0.828041
vt 0.048295 0.815424
vt 0.094654 0.978277
vt 0.054553 0.784745
vt 0.094654 0.925616
vt 0.134756 0.784745
vt 0.141013 0.815424
vt 0.143605 0.828041
vt 0.000000 0.023251
vt 0.420621 0.023293
vt 0.420621 0.812269
vt 0.418344 0.825138
vt 0.418344 0.032941
vt 0.189309 0.023251
vt 0.422506 0.812269
vt 0.422506 0.023293
vt 0.424782 0.032941
vt 0.424782 0.825138
vt 0.378747 0.825138
vt 0.378747 0.032941
vt 0.418344 0.994184
vt 0.378747 0.994184
vt 0.464380 0.825138
vt 0.464380 0.994184
vt 0.424782 0.994184
vt 0.464380 0.032941
vt 0.378747 0.000000
vt 0.421563 0.000000
vt 0.421563 0.000000
vt 0.464380 0.000000
s 1
usemtl Material.021
f 613/1135/257 614/1136/257 615/1137/257 616/1138/257 617/1139/257 618/1140/257 619/1141/257 620/1142/257 621/1143/257 622/1144/257 623/1145/257 624/1146/257 625/1147/257 626/1148/257 627/1149/257 628/1150/257 629/1151/257 630/1152/257 631/1153/257 632/1154/257 633/1155/257 634/1156/257 635/1157/257 636/1158/257 637/1159/257 638/1160/257 639/1161/257 640/1162/257 641/1163/257 642/1164/257 643/1165/257 644/1166/257
f 649/1167/258 646/1168/258 647/1169/258 650/1170/258
f 650/1171/259 647/1172/259 645/1173/259 648/1174/259
f 652/1175/260 649/1167/260 650/1170/260 653/1176/260
f 653/1177/261 650/1171/261 648/1174/261 651/1178/261
f 655/1179/262 652/1175/262 653/1176/262 656/1180/262
f 656/1181/263 653/1177/263 651/1178/263 654/1182/263
f 658/1183/264 655/1179/264 656/1180/264 659/1184/264
f 659/1185/265 656/1181/265 654/1182/265 657/1186/265
f 661/1187/266 658/1188/266 659/1189/266 662/1190/266
f 662/1191/267 659/1185/267 657/1186/267 660/1192/267
f 664/1193/268 661/1187/268 662/1190/268 665/1194/268
f 665/1195/269 662/1191/269 660/1192/269 663/1196/269
f 667/1197/270 664/1193/270 665/1194/270 668/1198/270
f 668/1199/271 665/1195/271 663/1196/271 666/1200/271
f 670/1201/272 667/1197/272 668/1198/272 671/1202/272
f 671/1203/273 668/1199/273 666/1200/273 669/1204/273
f 673/1205/274 670/1201/274 671/1202/274 674/1206/274
f 674/1207/275 671/1203/275 669/1204/275 672/1208/275
f 676/1209/276 673/1205/276 674/1206/276 677/1210/276
f 677/1211/277 674/1207/277 672/1208/277 675/1212/277
f 679/1213/278 676/1209/278 677/1210/278 680/1214/278
f 680/1215/279 677/1211/279 675/1212/279 678/1216/279
f 682/1217/280 679/1213/280 680/1214/280 683/1218/280
f 683/1219/281 680/1215/281 678/1216/281 681/1220/281
f 685/1221/282 682/1222/282 683/1223/282 686/1224/282
f 686/1225/283 683/1219/283 681/1220/283 684/1226/283
f 688/1227/284 685/1221/284 686/1224/284 689/1228/284
f 689/1229/285 686/1225/285 684/1226/285 687/1230/285
f 691/1231/286 688/1227/286 689/1228/286 692/1232/286
f 692/1233/287 689/1229/287 687/1230/287 690/1234/287
f 694/1235/288 691/1231/288 692/1232/288 695/1236/288
f 695/1237/289 692/1233/289 690/1234/289 693/1238/289
f 697/1239/290 694/1235/290 695/1236/290 698/1240/290
f 698/1241/291 695/1237/291 693/1238/291 696/1242/291
f 700/1243/292 697/1239/292 698/1240/292 701/1244/292
f 701/1245/293 698/1241/293 696/1242/293 699/1246/293
f 703/1247/294 700/1243/294 701/1244/294 704/1248/294
f 704/1249/295 701/1245/295 699/1246/295 702/1250/295
f 706/1251/296 703/1247/296 704/1248/296 707/1252/296
f 707/1253/297 704/1249/297 702/1250/297 705/1254/297
f 709/1255/298 706/1256/298 707/1257/298 710/1258/298
f 710/1259/299 707/1253/299 705/1254/299 708/1260/299
f 712/1261/300 709/1255/300 710/1258/300 713/1262/300
f 713/1263/301 710/1259/301 708/1260/301 711/1264/301
f 715/1265/302 712/1261/302 713/1262/302 716/1266/302
f 716/1267/303 713/1263/303 711/1264/303 714/1268/303
f 718/1269/304 715/1265/304 716/1266/304 719/1270/304
f 719/1271/305 716/1267/305 714/1268/305 717/1272/305
f 721/1273/306 718/1269/306 719/1270/306 722/1274/306
f 722/1275/307 719/1271/307 717/1272/307 720/1276/307
f 724/1277/308 721/1273/308 722/1274/308 725/1278/308
f 725/1279/309 722/1275/309 720/1276/309 723/1280/309
f 727/1281/310 724/1277/310 725/1278/310 728/1282/310
f 728/1283/311 725/1279/311 723/1280/311 726/1284/311
f 730/1285/312 727/1281/312 728/1282/312 731/1286/312
f 731/1287/313 728/1283/313 726/1284/313 729/1288/313
f 733/1289/314 730/1290/314 731/1291/314 734/1292/314
f 734/1293/315 731/1287/315 729/1288/315 732/1294/315
f 736/1295/316 733/1289/316 734/1292/316 737/1296/316
f 737/1297/317 734/1293/317 732/1294/317 735/1298/317
f 739/1299/318 736/1295/318 737/1296/318 740/1300/318
f 740/1301/319 737/1297/319 735/1298/319 738/1302/319
f 646/1168/320 739/1299/320 740/1300/320 647/1169/320
f 647/1172/321 740/1301/321 738/1302/321 645/1173/321
f 648/1174/322 645/1173/322 738/1302/322 735/1298/322 732/1294/322 729/1288/322 726/1284/322 723/1280/322 720/1276/322 717/1272/322 714/1268/322 711/1264/322 708/1260/322 705/1254/322 702/1250/322 699/1246/322 696/1242/322 693/1238/322 690/1234/322 687/1230/322 684/1226/322 681/1220/322 678/1216/322 675/1212/322 672/1208/322 669/1204/322 666/1200/322 663/1196/322 660/1192/322 657/1186/322 654/1182/322 651/1178/322
f 613/1303/323 646/1168/323 649/1167/323 614/1304/323
f 644/1305/324 739/1299/324 646/1168/324 613/1303/324
f 614/1304/325 649/1167/325 652/1175/325 615/1306/325
f 615/1306/326 652/1175/326 655/1179/326 616/1307/326
f 616/1307/327 655/1179/327 658/1183/327 617/1308/327
f 617/1309/328 658/1188/328 661/1187/328 618/1310/328
f 618/1310/329 661/1187/329 664/1193/329 619/1311/329
f 619/1311/330 664/1193/330 667/1197/330 620/1312/330
f 620/1312/331 667/1197/331 670/1201/331 621/1313/331
f 621/1313/332 670/1201/332 673/1205/332 622/1314/332
f 622/1314/333 673/1205/333 676/1209/333 623/1315/333
f 623/1315/334 676/1209/334 679/1213/334 624/1316/334
f 624/1316/335 679/1213/335 682/1217/335 625/1317/335
f 625/1318/336 682/1222/336 685/1221/336 626/1319/336
f 626/1319/337 685/1221/337 688/1227/337 627/1320/337
f 627/1320/338 688/1227/338 691/1231/338 628/1321/338
f 628/1321/339 691/1231/339 694/1235/339 629/1322/339
f 629/1322/340 694/1235/340 697/1239/340 630/1323/340
f 630/1323/341 697/1239/341 700/1243/341 631/1324/341
f 631/1324/342 700/1243/342 703/1247/342 632/1325/342
f 632/1325/343 703/1247/343 706/1251/343 633/1326/343
f 633/1327/344 706/1256/344 709/1255/344 634/1328/344
f 634/1328/345 709/1255/345 712/1261/345 635/1329/345
f 635/1329/346 712/1261/346 715/1265/346 636/1330/346
f 636/1330/347 715/1265/347 718/1269/347 637/1331/347
f 637/1331/348 718/1269/348 721/1273/348 638/1332/348
f 638/1332/349 721/1273/349 724/1277/349 639/1333/349
f 639/1333/350 724/1277/350 727/1281/350 640/1334/350
f 640/1334/351 727/1281/351 730/1285/351 641/1335/351
f 641/1336/352 730/1290/352 733/1289/352 642/1337/352
f 642/1337/353 733/1289/353 736/1295/353 643/1338/353
f 643/1338/354 736/1295/354 739/1299/354 644/1305/354
f 741/1339/323 742/1340/323 744/1341/323 743/1342/323
f 743/1342/325 744/1341/325 746/1343/325 745/1344/325
f 745/1344/326 746/1343/326 748/1345/326 747/1346/326
f 747/1346/327 748/1345/327 750/1347/327 749/1348/327
f 749/1349/328 750/1350/328 752/1351/328 751/1352/328
f 751/1352/329 752/1351/329 754/1353/329 753/1354/329
f 753/1354/330 754/1353/330 756/1355/330 755/1356/330
f 755/1356/331 756/1355/331 758/1357/331 757/1358/331
f 757/1358/332 758/1357/332 760/1359/332 759/1360/332
f 759/1360/333 760/1359/333 762/1361/333 761/1362/333
f 761/1362/334 762/1361/334 764/1363/334 763/1364/334
f 763/1364/335 764/1363/335 766/1365/335 765/1366/335
f 765/1367/336 766/1368/336 768/1369/336 767/1370/336
f 767/1370/337 768/1369/337 770/1371/337 769/1372/337
f 769/1372/338 770/1371/338 772/1373/338 771/1374/338
f 771/1374/339 772/1373/339 774/1375/339 773/1376/339
f 773/1376/340 774/1375/340 776/1377/340 775/1378/340
f 775/1378/341 776/1377/341 778/1379/341 777/1380/341
f 777/1380/342 778/1379/342 780/1381/342 779/1382/342
f 779/1382/343 780/1381/343 782/1383/343 781/1384/343
f 781/1385/344 782/1386/344 784/1387/344 783/1388/344
f 783/1388/345 784/1387/345 786/1389/345 785/1390/345
f 785/1390/346 786/1389/346 788/1391/346 787/1392/346
f 787/1392/347 788/1391/347 790/1393/347 789/1394/347
f 789/1394/348 790/1393/348 792/1395/348 791/1396/348
f 791/1396/349 792/1395/349 794/1397/349 793/1398/349
f 793/1398/350 794/1397/350 796/1399/350 795/1400/350
f 795/1400/351 796/1399/351 798/1401/351 797/1402/351
f 797/1403/352 798/1404/352 800/1405/352 799/1406/352
f 799/1406/353 800/1405/353 802/1407/353 801/1408/353
f 744/1409/322 742/1410/322 804/1411/322 802/1412/322 800/1413/322 798/1414/322 796/1415/322 794/1416/322 792/1417/322 790/1418/322 788/1419/322 786/1420/322 784/1421/322 782/1422/322 780/1423/322 778/1424/322 776/1425/322 774/1426/322 772/1427/322 770/1428/322 768/1429/322 766/1430/322 764/1431/322 762/1432/322 760/1433/322 758/1434/322 756/1435/322 754/1436/322 752/1437/322 750/1438/322 748/1439/322 746/1440/322
f 801/1408/354 802/1407/354 804/1441/354 803/1442/354
f 803/1442/324 804/1441/324 742/1340/324 741/1339/324
f 741/1443/257 743/1444/257 745/1445/257 747/1446/257 749/1447/257 751/1448/257 753/1449/257 755/1450/257 757/1451/257 759/1452/257 761/1453/257 763/1454/257 765/1455/257 767/1456/257 769/1457/257 771/1458/257 773/1459/257 775/1460/257 777/1461/257 779/1462/257 781/1463/257 783/1464/257 785/1465/257 787/1466/257 789/1467/257 791/1468/257 793/1469/257 795/1470/257 797/1471/257 799/1472/257 801/1473/257 803/1474/257
f 805/1475/323 806/1476/323 808/1477/323 807/1478/323
f 807/1478/325 808/1477/325 810/1479/325 809/1480/325
f 809/1480/326 810/1479/326 812/1481/326 811/1482/326
f 811/1482/327 812/1481/327 814/1483/327 813/1484/327
f 813/1485/328 814/1486/328 816/1487/328 815/1488/328
f 815/1488/329 816/1487/329 818/1489/329 817/1490/329
f 817/1490/330 818/1489/330 820/1491/330 819/1492/330
f 819/1492/331 820/1491/331 822/1493/331 821/1494/331
f 821/1494/332 822/1493/332 824/1495/332 823/1496/332
f 823/1496/333 824/1495/333 826/1497/333 825/1498/333
f 825/1498/334 826/1497/334 828/1499/334 827/1500/334
f 827/1500/335 828/1499/335 830/1501/335 829/1502/335
f 829/1503/336 830/1504/336 832/1505/336 831/1506/336
f 831/1506/337 832/1505/337 834/1507/337 833/1508/337
f 833/1508/338 834/1507/338 836/1509/338 835/1510/338
f 835/1510/339 836/1509/339 838/1511/339 837/1512/339
f 837/1512/340 838/1511/340 840/1513/340 839/1514/340
f 839/1514/341 840/1513/341 842/1515/341 841/1516/341
f 841/1516/342 842/1515/342 844/1517/342 843/1518/342
f 843/1518/343 844/1517/343 846/1519/343 845/1520/343
f 845/1502/344 846/1501/344 848/1521/344 847/1522/344
f 847/1522/345 848/1521/345 850/1523/345 849/1524/345
f 849/1524/346 850/1523/346 852/1525/346 851/1526/346
f 851/1526/347 852/1525/347 854/1527/347 853/1528/347
f 853/1528/348 854/1527/348 856/1529/348 855/1530/348
f 855/1530/349 856/1529/349 858/1531/349 857/1532/349
f 857/1532/350 858/1531/350 860/1533/350 859/1534/350
f 859/1534/351 860/1533/351 862/1535/351 861/1536/351
f 861/1537/352 862/1538/352 864/1539/352 863/1540/352
f 863/1540/353 864/1539/353 866/1541/353 865/1542/353
f 808/1543/322 806/1544/322 868/1545/322 866/1546/322 864/1547/322 862/1548/322 860/1549/322 858/1550/322 856/1551/322 854/1552/322 852/1553/322 850/1554/322 848/1555/322 846/1556/322 844/1557/322 842/1558/322 840/1559/322 838/1560/322 836/1561/322 834/1562/322 832/1563/322 830/1564/322 828/1565/322 826/1566/322 824/1567/322 822/1568/322 820/1569/322 818/1570/322 816/1571/322 814/1572/322 812/1573/322 810/1574/322
f 865/1542/354 866/1541/354 868/1575/354 867/1576/354
f 867/1576/324 868/1575/324 806/1476/324 805/1475/324
f 805/1577/257 807/1578/257 809/1579/257 811/1580/257 813/1581/257 815/1582/257 817/1583/257 819/1584/257 821/1585/257 823/1586/257 825/1587/257 827/1588/257 829/1589/257 831/1590/257 833/1591/257 835/1592/257 837/1593/257 839/1594/257 841/1595/257 843/1596/257 845/1597/257 847/1598/257 849/1599/257 851/1600/257 853/1601/257 855/1602/257 857/1603/257 859/1604/257 861/1605/257 863/1606/257 865/1607/257 867/1608/257
f 869/1609/355 870/1610/355 872/1611/355 871/1612/355
f 871/1613/356 872/1614/356 876/1615/356 875/1616/356
f 875/1617/357 876/1618/357 874/1619/357 873/1620/357
f 873/1621/358 874/1622/358 870/1623/358 869/1624/358
f 871/1625/257 875/1626/257 873/1627/257 869/1628/257
f 876/1629/322 872/1630/322 870/1626/322 874/1631/322
f 890/1632/359 893/1633/359 894/1634/359 891/1635/359
f 891/1635/360 894/1634/360 892/1636/360 889/1637/360
f 887/1638/361 896/1639/361 897/1640/361 888/1641/361
f 888/1641/362 897/1640/362 895/1642/362 886/1643/362
f 898/1644/363 890/1632/363 891/1635/363 900/1645/363
f 900/1645/364 891/1635/364 889/1637/364 899/1646/364
f 901/1647/365 887/1638/365 888/1641/365 903/1648/365
f 903/1648/366 888/1641/366 886/1643/366 902/1649/366
f 886/1650/367 890/1651/367 898/1652/367 902/1653/367
f 886/1654/368 895/1655/368 893/1656/368 890/1657/368
f 878/1658/358 879/1659/358 883/1660/358 884/1646/358 899/1646/358 889/1637/358
f 878/1658/358 889/1637/358 892/1636/358 881/1636/358 880/1661/358 877/1662/358
f 892/1663/369 894/1664/369 893/1656/369 895/1655/369 897/1665/369 896/1666/369 882/1666/369 881/1663/369
f 884/1667/370 885/1668/370 901/1668/370 903/1669/370 902/1653/370 898/1652/370 900/1670/370 899/1667/370
f 908/1671/371 905/1672/371 906/1673/371 909/1674/371
f 909/1674/372 906/1673/372 904/1675/372 907/1676/372
f 907/1676/373 910/1677/373 912/1678/373 909/1674/373
f 909/1674/374 912/1678/374 911/1679/374 908/1671/374
f 913/1639/375 904/1675/375 906/1673/375 915/1680/375
f 915/1681/376 906/1682/376 905/1683/376 914/1684/376
f 910/1677/377 917/1647/377 918/1685/377 912/1678/377
f 912/1686/378 918/1687/378 916/1688/378 911/1689/378
f 877/1690/379 880/1691/379 914/1684/379 905/1683/379
f 905/1683/380 908/1692/380 878/1693/380 877/1690/380
f 904/1675/356 913/1639/356 882/1639/356 896/1639/356 887/1638/356 907/1676/356
f 911/1689/381 879/1694/381 878/1695/381 908/1696/381
f 910/1677/356 907/1676/356 887/1638/356 901/1647/356 885/1647/356 917/1647/356
f 879/1694/382 911/1689/382 916/1688/382 883/1697/382
f 881/1698/383 882/1699/383 913/1699/383 915/1681/383 914/1684/383 880/1691/383
f 883/1697/384 916/1688/384 918/1687/384 917/1700/384 885/1700/384 884/1701/384
o mdlSilla.003
v -4.643841 1.486190 -6.565897
v -4.761080 1.486190 -6.575369
v -4.874218 1.486190 -6.607531
v -4.978908 1.486190 -6.661148
v -5.071125 1.486190 -6.734158
v -5.147327 1.486190 -6.823756
v -5.204586 1.486190 -6.926498
v -5.240700 1.486190 -7.038437
v -5.254282 1.486190 -7.155271
v -5.244810 1.486190 -7.272510
v -5.212648 1.486190 -7.385648
v -5.159031 1.486190 -7.490337
v -5.086021 1.486190 -7.582555
v -4.996423 1.486190 -7.658757
v -4.893681 1.486190 -7.716016
v -4.781742 1.486190 -7.752130
v -4.664908 1.486190 -7.765712
v -4.547669 1.486190 -7.756240
v -4.434531 1.486190 -7.724078
v -4.329842 1.486190 -7.670461
v -4.237624 1.486190 -7.597451
v -4.161422 1.486190 -7.507853
v -4.104163 1.486190 -7.405110
v -4.068049 1.486190 -7.293171
v -4.054467 1.486190 -7.176338
v -4.063939 1.486190 -7.059099
v -4.096101 1.486190 -6.945961
v -4.149718 1.486190 -6.841271
v -4.222728 1.486190 -6.749054
v -4.312326 1.486190 -6.672852
v -4.415069 1.486190 -6.615593
v -4.527008 1.486190 -6.579479
v -4.646245 1.726190 -6.702749
v -4.643841 1.698947 -6.565897
v -4.644545 1.718211 -6.605980
v -4.736738 1.726190 -6.710060
v -4.761080 1.698947 -6.575369
v -4.753951 1.718211 -6.614819
v -4.824067 1.726190 -6.734886
v -4.874218 1.698947 -6.607531
v -4.859529 1.718211 -6.644833
v -4.904874 1.726190 -6.776271
v -4.978908 1.698947 -6.661148
v -4.957224 1.718211 -6.694867
v -4.976055 1.726190 -6.832626
v -5.071125 1.698947 -6.734158
v -5.043280 1.718211 -6.762998
v -5.034874 1.726190 -6.901784
v -5.147327 1.698947 -6.823756
v -5.114391 1.718211 -6.846610
v -5.079071 1.726190 -6.981090
v -5.204586 1.698947 -6.926498
v -5.167823 1.718211 -6.942488
v -5.106946 1.726190 -7.067492
v -5.240700 1.698947 -7.038437
v -5.201525 1.718211 -7.046947
v -5.117430 1.726190 -7.157674
v -5.254282 1.698947 -7.155271
v -5.214199 1.718211 -7.155975
v -5.110119 1.726190 -7.248168
v -5.244810 1.698947 -7.272510
v -5.205360 1.718211 -7.265380
v -5.085293 1.726190 -7.335496
v -5.212648 1.698947 -7.385648
v -5.175346 1.718211 -7.370959
v -5.043908 1.726190 -7.416304
v -5.159031 1.698947 -7.490337
v -5.125312 1.718211 -7.468654
v -4.987553 1.726190 -7.487485
v -5.086021 1.698947 -7.582555
v -5.057181 1.718211 -7.554709
v -4.918395 1.726190 -7.546304
v -4.996423 1.698947 -7.658757
v -4.973569 1.718211 -7.625821
v -4.839089 1.726190 -7.590500
v -4.893681 1.698947 -7.716016
v -4.877691 1.718211 -7.679253
v -4.752687 1.726190 -7.618376
v -4.781742 1.698947 -7.752130
v -4.773232 1.718211 -7.712955
v -4.662505 1.726190 -7.628860
v -4.664908 1.698947 -7.765712
v -4.664204 1.718211 -7.725629
v -4.572011 1.726190 -7.621549
v -4.547669 1.698947 -7.756240
v -4.554799 1.718211 -7.716790
v -4.484683 1.726190 -7.596723
v -4.434531 1.698947 -7.724078
v -4.449220 1.718211 -7.686776
v -4.403875 1.726190 -7.555338
v -4.329842 1.698947 -7.670461
v -4.351525 1.718211 -7.636742
v -4.332694 1.726190 -7.498983
v -4.237624 1.698947 -7.597451
v -4.265470 1.718211 -7.568610
v -4.273875 1.726190 -7.429824
v -4.161422 1.698947 -7.507853
v -4.194358 1.718211 -7.484999
v -4.229679 1.726190 -7.350519
v -4.104163 1.698947 -7.405110
v -4.140926 1.718211 -7.389121
v -4.201803 1.726190 -7.264116
v -4.068049 1.698947 -7.293171
v -4.107224 1.718211 -7.284661
v -4.191319 1.726190 -7.173934
v -4.054467 1.698947 -7.176338
v -4.094550 1.718211 -7.175634
v -4.198630 1.726190 -7.083441
v -4.063939 1.698947 -7.059099
v -4.103389 1.718211 -7.066228
v -4.223456 1.726190 -6.996112
v -4.096101 1.698947 -6.945961
v -4.133403 1.718211 -6.960650
v -4.264841 1.726190 -6.915305
v -4.149718 1.698947 -6.841271
v -4.183437 1.718211 -6.862955
v -4.321196 1.726190 -6.844124
v -4.222728 1.698947 -6.749053
v -4.251568 1.718211 -6.776899
v -4.390355 1.726190 -6.785305
v -4.312326 1.698947 -6.672852
v -4.335180 1.718211 -6.705788
v -4.469660 1.726190 -6.741108
v -4.415069 1.698947 -6.615593
v -4.431058 1.718211 -6.652356
v -4.556063 1.726190 -6.713233
v -4.527008 1.698947 -6.579479
v -4.535518 1.718211 -6.618654
v -4.646182 0.317975 -6.699210
v -4.646182 0.477975 -6.699210
v -4.737368 0.317975 -6.706577
v -4.737368 0.477975 -6.706577
v -4.825364 0.317975 -6.731592
v -4.825364 0.477975 -6.731592
v -4.906789 0.317975 -6.773294
v -4.906789 0.477975 -6.773293
v -4.978514 0.317975 -6.830080
v -4.978514 0.477975 -6.830080
v -5.037783 0.317975 -6.899766
v -5.037783 0.477975 -6.899766
v -5.082317 0.317975 -6.979678
v -5.082317 0.477975 -6.979678
v -5.110405 0.317975 -7.066741
v -5.110405 0.477975 -7.066741
v -5.120969 0.317975 -7.157612
v -5.120969 0.477975 -7.157612
v -5.113602 0.317975 -7.248798
v -5.113602 0.477975 -7.248798
v -5.088587 0.317975 -7.336794
v -5.088587 0.477975 -7.336794
v -5.046885 0.317975 -7.418219
v -5.046885 0.477975 -7.418219
v -4.990100 0.317975 -7.489944
v -4.990100 0.477975 -7.489944
v -4.920413 0.317975 -7.549212
v -4.920413 0.477975 -7.549212
v -4.840501 0.317975 -7.593747
v -4.840501 0.477975 -7.593747
v -4.753438 0.317975 -7.621836
v -4.753438 0.477975 -7.621836
v -4.662567 0.317975 -7.632400
v -4.662567 0.477975 -7.632400
v -4.571382 0.317975 -7.625032
v -4.571382 0.477975 -7.625032
v -4.483385 0.317975 -7.600017
v -4.483385 0.477975 -7.600017
v -4.401960 0.317975 -7.558315
v -4.401960 0.477975 -7.558315
v -4.330235 0.317975 -7.501530
v -4.330235 0.477975 -7.501530
v -4.270967 0.317975 -7.431842
v -4.270967 0.477975 -7.431842
v -4.226432 0.317975 -7.351932
v -4.226432 0.477975 -7.351932
v -4.198344 0.317975 -7.264868
v -4.198344 0.477975 -7.264868
v -4.187780 0.317975 -7.173997
v -4.187780 0.477975 -7.173997
v -4.195147 0.317975 -7.082811
v -4.195147 0.477975 -7.082811
v -4.220162 0.317975 -6.994815
v -4.220162 0.477975 -6.994815
v -4.261864 0.317975 -6.913390
v -4.261864 0.477975 -6.913390
v -4.318649 0.317975 -6.841665
v -4.318649 0.477975 -6.841665
v -4.388337 0.317975 -6.782397
v -4.388337 0.477975 -6.782397
v -4.468248 0.317975 -6.737863
v -4.468248 0.477975 -6.737863
v -4.555312 0.317975 -6.709774
v -4.555312 0.477975 -6.709774
v -4.653204 0.453975 -7.099148
v -4.653204 1.541975 -7.099148
v -4.666231 0.453975 -7.100201
v -4.666231 1.541975 -7.100201
v -4.678802 0.453975 -7.103774
v -4.678802 1.541975 -7.103774
v -4.690434 0.453975 -7.109732
v -4.690434 1.541975 -7.109731
v -4.700680 0.453975 -7.117844
v -4.700680 1.541975 -7.117844
v -4.709147 0.453975 -7.127799
v -4.709147 1.541975 -7.127799
v -4.715509 0.453975 -7.139215
v -4.715509 1.541975 -7.139215
v -4.719522 0.453975 -7.151653
v -4.719522 1.541975 -7.151652
v -4.721031 0.453975 -7.164634
v -4.721031 1.541975 -7.164634
v -4.719978 0.453975 -7.177661
v -4.719978 1.541975 -7.177660
v -4.716405 0.453975 -7.190232
v -4.716405 1.541975 -7.190231
v -4.710448 0.453975 -7.201864
v -4.710448 1.541975 -7.201864
v -4.702335 0.453975 -7.212110
v -4.702335 1.541975 -7.212110
v -4.692380 0.453975 -7.220577
v -4.692380 1.541975 -7.220577
v -4.680964 0.453975 -7.226939
v -4.680964 1.541975 -7.226939
v -4.668527 0.453975 -7.230952
v -4.668527 1.541975 -7.230952
v -4.655545 0.453975 -7.232461
v -4.655545 1.541975 -7.232461
v -4.642519 0.453975 -7.231409
v -4.642519 1.541975 -7.231409
v -4.629948 0.453975 -7.227835
v -4.629948 1.541975 -7.227835
v -4.618315 0.453975 -7.221878
v -4.618315 1.541975 -7.221878
v -4.608069 0.453975 -7.213765
v -4.608069 1.541975 -7.213765
v -4.599602 0.453975 -7.203810
v -4.599602 1.541975 -7.203810
v -4.593240 0.453975 -7.192394
v -4.593240 1.541975 -7.192394
v -4.589227 0.453975 -7.179956
v -4.589227 1.541975 -7.179956
v -4.587718 0.453975 -7.166975
v -4.587718 1.541975 -7.166975
v -4.588771 0.453975 -7.153948
v -4.588771 1.541975 -7.153948
v -4.592344 0.453975 -7.141377
v -4.592344 1.541975 -7.141377
v -4.598301 0.453975 -7.129745
v -4.598301 1.541975 -7.129745
v -4.606414 0.453975 -7.119499
v -4.606414 1.541975 -7.119499
v -4.616369 0.453975 -7.111032
v -4.616369 1.541975 -7.111032
v -4.627785 0.453975 -7.104670
v -4.627785 1.541975 -7.104670
v -4.640223 0.453975 -7.100657
v -4.640223 1.541975 -7.100657
v -4.589011 1.614190 -7.620355
v -4.589011 2.254190 -7.620355
v -4.587841 1.614190 -7.553699
v -4.587841 2.254190 -7.553699
v -4.735655 1.614190 -7.617781
v -4.735655 2.254190 -7.617780
v -4.734485 1.614190 -7.551124
v -4.734485 2.254190 -7.551124
v -4.330422 2.269675 -7.751638
v -4.664557 2.034614 -7.745771
v -4.998693 2.269675 -7.739905
v -4.018012 3.356750 -7.757123
v -4.019523 3.401785 -7.757097
v -4.014391 3.401785 -7.464835
v -5.311103 3.356750 -7.734419
v -5.309592 3.401785 -7.734446
v -5.304461 3.401785 -7.442184
v -4.659620 2.958344 -7.464582
v -4.659426 2.906741 -7.453510
v -4.659483 2.943230 -7.456753
v -4.664557 2.906741 -7.745771
v -4.664363 2.958345 -7.734698
v -4.664501 2.943231 -7.742528
v -4.019523 3.401785 -7.757097
v -4.056365 3.394330 -7.745374
v -4.045655 3.396513 -7.753394
v -4.051623 3.394330 -7.475258
v -4.014391 3.401785 -7.464835
v -4.040638 3.396513 -7.467618
v -5.272361 3.394330 -7.724023
v -5.309592 3.401785 -7.734446
v -5.283346 3.396513 -7.731663
v -5.304461 3.401785 -7.442184
v -5.267618 3.394330 -7.453907
v -5.278328 3.396513 -7.445887
v -4.385696 2.329070 -7.458316
v -4.325676 2.269675 -7.481349
v -4.343096 2.287071 -7.465501
v -4.659426 2.136505 -7.453510
v -4.659812 2.034614 -7.475482
v -4.659539 2.064457 -7.459945
v -4.933156 2.329070 -7.448704
v -4.993948 2.269675 -7.469615
v -4.975982 2.287071 -7.454389
v -4.014391 3.401785 -7.464835
v -4.013266 3.356750 -7.486834
v -4.013436 3.369940 -7.471289
v -5.306357 3.356750 -7.464130
v -5.304461 3.401785 -7.442184
v -5.305642 3.369940 -7.448601
vn -0.0000 -1.0000 -0.0000
vn -0.0350 0.9005 0.4334
vn -0.0066 0.9966 0.0823
vn -0.1189 0.9005 0.4182
vn -0.0226 0.9966 0.0794
vn -0.1982 0.9005 0.3870
vn -0.0376 0.9966 0.0735
vn -0.2699 0.9005 0.3409
vn -0.0512 0.9966 0.0647
vn -0.3312 0.9005 0.2817
vn -0.0629 0.9966 0.0535
vn -0.3798 0.9005 0.2117
vn -0.0721 0.9966 0.0402
vn -0.4138 0.9005 0.1335
vn -0.0786 0.9966 0.0253
vn -0.4319 0.9005 0.0502
vn -0.0820 0.9966 0.0095
vn -0.4334 0.9005 -0.0350
vn -0.0823 0.9966 -0.0066
vn -0.4182 0.9005 -0.1189
vn -0.0794 0.9966 -0.0226
vn -0.3870 0.9005 -0.1982
vn -0.0735 0.9966 -0.0376
vn -0.3409 0.9005 -0.2699
vn -0.0647 0.9966 -0.0512
vn -0.2817 0.9005 -0.3312
vn -0.0535 0.9966 -0.0629
vn -0.2117 0.9005 -0.3798
vn -0.0402 0.9966 -0.0721
vn -0.1335 0.9005 -0.4138
vn -0.0253 0.9966 -0.0786
vn -0.0502 0.9005 -0.4319
vn -0.0095 0.9966 -0.0820
vn 0.0350 0.9005 -0.4334
vn 0.0066 0.9966 -0.0823
vn 0.1189 0.9005 -0.4182
vn 0.0226 0.9966 -0.0794
vn 0.1982 0.9005 -0.3870
vn 0.0376 0.9966 -0.0735
vn 0.2699 0.9005 -0.3409
vn 0.0512 0.9966 -0.0647
vn 0.3312 0.9005 -0.2817
vn 0.0629 0.9966 -0.0535
vn 0.3798 0.9005 -0.2117
vn 0.0721 0.9966 -0.0402
vn 0.4138 0.9005 -0.1335
vn 0.0786 0.9966 -0.0253
vn 0.4319 0.9005 -0.0502
vn 0.0820 0.9966 -0.0095
vn 0.4334 0.9005 0.0350
vn 0.0823 0.9966 0.0066
vn 0.4182 0.9005 0.1189
vn 0.0794 0.9966 0.0226
vn 0.3870 0.9005 0.1982
vn 0.0735 0.9966 0.0376
vn 0.3409 0.9005 0.2699
vn 0.0647 0.9966 0.0512
vn 0.2817 0.9005 0.3312
vn 0.0535 0.9966 0.0629
vn 0.2117 0.9005 0.3798
vn 0.0402 0.9966 0.0721
vn 0.1335 0.9005 0.4138
vn 0.0253 0.9966 0.0786
vn 0.0502 0.9005 0.4319
vn 0.0095 0.9966 0.0820
vn -0.0000 1.0000 -0.0000
vn -0.0805 -0.0000 0.9968
vn 0.1155 -0.0000 0.9933
vn -0.2734 -0.0000 0.9619
vn -0.4558 -0.0000 0.8901
vn -0.6207 -0.0000 0.7840
vn -0.7618 -0.0000 0.6479
vn -0.8735 -0.0000 0.4868
vn -0.9517 -0.0000 0.3070
vn -0.9933 -0.0000 0.1155
vn -0.9968 -0.0000 -0.0805
vn -0.9619 -0.0000 -0.2734
vn -0.8901 -0.0000 -0.4558
vn -0.7840 -0.0000 -0.6207
vn -0.6479 -0.0000 -0.7618
vn -0.4868 -0.0000 -0.8735
vn -0.3070 -0.0000 -0.9517
vn -0.1155 -0.0000 -0.9933
vn 0.0805 -0.0000 -0.9968
vn 0.2734 -0.0000 -0.9619
vn 0.4558 -0.0000 -0.8901
vn 0.6207 -0.0000 -0.7840
vn 0.7618 -0.0000 -0.6479
vn 0.8735 -0.0000 -0.4868
vn 0.9517 -0.0000 -0.3070
vn 0.9933 -0.0000 -0.1155
vn 0.9968 -0.0000 0.0805
vn 0.9619 -0.0000 0.2734
vn 0.8901 -0.0000 0.4558
vn 0.7840 -0.0000 0.6207
vn 0.6479 -0.0000 0.7618
vn 0.4868 -0.0000 0.8735
vn 0.3070 -0.0000 0.9517
vn 0.9998 -0.0000 -0.0176
vn 0.0176 -0.0000 0.9998
vn -0.9998 -0.0000 0.0176
vn -0.0176 -0.0000 -0.9998
vn -0.4125 0.5515 -0.7251
vn -0.1118 0.1259 -0.9857
vn -0.0771 0.1259 0.9890
vn -0.3868 0.5515 0.7391
vn 0.3868 0.5515 -0.7391
vn 0.0771 0.1259 -0.9890
vn 0.1118 0.1259 0.9857
vn 0.4125 0.5515 0.7251
vn 0.5826 0.8127 -0.0102
vn -0.5826 0.8127 0.0102
vn -0.1973 0.9803 0.0035
vn 0.1973 0.9803 -0.0035
vn 0.3237 -0.4392 0.8380
vn 0.0799 -0.0888 0.9928
vn -0.0450 -0.0888 0.9950
vn -0.2941 -0.4392 0.8489
vn 0.2034 -0.0606 0.9772
vn 0.7458 -0.2174 0.6297
vn -0.1689 -0.0606 0.9838
vn -0.7232 -0.2174 0.6555
vn 0.9609 -0.2762 -0.0169
vn 0.5752 -0.8179 -0.0101
vn -0.5752 -0.8179 0.0101
vn -0.9609 -0.2762 0.0169
vn 0.9993 0.0335 -0.0175
vn -0.9993 0.0335 0.0175
vt 0.483906 0.143218
vt 0.474334 0.128893
vt 0.467741 0.112976
vt 0.464380 0.096078
vt 0.464380 0.078849
vt 0.467741 0.061951
vt 0.474334 0.046034
vt 0.483906 0.031709
vt 0.496089 0.019526
vt 0.510414 0.009954
vt 0.526331 0.003361
vt 0.543229 -0.000000
vt 0.560458 -0.000000
vt 0.577356 0.003361
vt 0.593273 0.009954
vt 0.607598 0.019526
vt 0.619781 0.031709
vt 0.629353 0.046034
vt 0.635946 0.061951
vt 0.639307 0.078849
vt 0.639307 0.096078
vt 0.635946 0.112976
vt 0.629353 0.128893
vt 0.619781 0.143218
vt 0.607598 0.155401
vt 0.593273 0.164973
vt 0.577356 0.171566
vt 0.560458 0.174927
vt 0.543229 0.174927
vt 0.526331 0.171566
vt 0.510414 0.164973
vt 0.496089 0.155401
vt 0.667962 0.525164
vt 0.650816 0.525244
vt 0.650816 0.510871
vt 0.666816 0.510796
vt 0.473669 0.295208
vt 0.467517 0.280354
vt 0.481083 0.276239
vt 0.486172 0.288525
vt 0.684448 0.524924
vt 0.682201 0.510572
vt 0.482601 0.308576
vt 0.493560 0.299582
vt 0.699643 0.524536
vt 0.696381 0.510210
vt 0.493970 0.319945
vt 0.502964 0.308986
vt 0.712961 0.524013
vt 0.708809 0.509722
vt 0.507338 0.328877
vt 0.514021 0.316374
vt 0.477698 0.524677
vt 0.464380 0.524046
vt 0.468532 0.509722
vt 0.480960 0.510310
vt 0.522192 0.335029
vt 0.526307 0.321463
vt 0.492892 0.525145
vt 0.495140 0.510747
vt 0.537961 0.338166
vt 0.539350 0.324058
vt 0.509379 0.525433
vt 0.510525 0.511016
vt 0.554038 0.338166
vt 0.552649 0.324058
vt 0.526525 0.525531
vt 0.526525 0.511107
vt 0.569807 0.335029
vt 0.565692 0.321463
vt 0.543671 0.525433
vt 0.542525 0.511016
vt 0.584661 0.328877
vt 0.577978 0.316374
vt 0.560158 0.525145
vt 0.557911 0.510747
vt 0.598029 0.319945
vt 0.589035 0.308986
vt 0.575352 0.524677
vt 0.572090 0.510310
vt 0.609398 0.308576
vt 0.598439 0.299582
vt 0.588670 0.524046
vt 0.584518 0.509722
vt 0.618330 0.295208
vt 0.605827 0.288525
vt 0.477698 0.353257
vt 0.464380 0.352522
vt 0.468532 0.338166
vt 0.480960 0.338852
vt 0.624482 0.280354
vt 0.610916 0.276239
vt 0.492892 0.353804
vt 0.495140 0.339362
vt 0.627619 0.264585
vt 0.613511 0.263196
vt 0.509379 0.354140
vt 0.510525 0.339676
vt 0.627619 0.248508
vt 0.613511 0.249897
vt 0.526525 0.354254
vt 0.526525 0.339782
vt 0.624482 0.232739
vt 0.610916 0.236854
vt 0.543671 0.354140
vt 0.542525 0.339676
vt 0.618330 0.217885
vt 0.605827 0.224568
vt 0.560158 0.353804
vt 0.557911 0.339362
vt 0.609397 0.204517
vt 0.598439 0.213511
vt 0.575352 0.353257
vt 0.572090 0.338852
vt 0.598029 0.193148
vt 0.589035 0.204107
vt 0.588670 0.352522
vt 0.584518 0.338166
vt 0.584661 0.184216
vt 0.577978 0.196719
vt 0.601988 0.353121
vt 0.588670 0.352491
vt 0.592823 0.338166
vt 0.605251 0.338754
vt 0.569807 0.178064
vt 0.565692 0.191630
vt 0.617183 0.353589
vt 0.619430 0.339191
vt 0.554038 0.174927
vt 0.552649 0.189035
vt 0.633670 0.353878
vt 0.634816 0.339461
vt 0.537961 0.174927
vt 0.539350 0.189035
vt 0.650816 0.353975
vt 0.650816 0.339552
vt 0.522192 0.178064
vt 0.526307 0.191630
vt 0.667962 0.353878
vt 0.666816 0.339461
vt 0.507338 0.184216
vt 0.514021 0.196719
vt 0.684448 0.353589
vt 0.682201 0.339191
vt 0.493970 0.193148
vt 0.502964 0.204107
vt 0.699643 0.353121
vt 0.696381 0.338754
vt 0.482601 0.204517
vt 0.493560 0.213511
vt 0.712961 0.352491
vt 0.708809 0.338166
vt 0.473669 0.217885
vt 0.486172 0.224568
vt 0.601988 0.524536
vt 0.588670 0.524013
vt 0.592823 0.509722
vt 0.605251 0.510210
vt 0.467516 0.232739
vt 0.481083 0.236854
vt 0.617183 0.524924
vt 0.619430 0.510572
vt 0.464380 0.248508
vt 0.478488 0.249897
vt 0.633670 0.525164
vt 0.634816 0.510796
vt 0.464380 0.264585
vt 0.478488 0.263196
vt 0.650816 0.680887
vt 0.667962 0.680806
vt 0.633670 0.680806
vt 0.684448 0.680567
vt 0.699643 0.680178
vt 0.712961 0.679655
vt 0.464380 0.679608
vt 0.477698 0.680238
vt 0.492892 0.680707
vt 0.509379 0.680995
vt 0.526525 0.681092
vt 0.543671 0.680995
vt 0.560158 0.680707
vt 0.575352 0.680238
vt 0.588670 0.679608
vt 0.464380 0.507990
vt 0.477698 0.508725
vt 0.492892 0.509272
vt 0.509379 0.509608
vt 0.526525 0.509722
vt 0.543671 0.509608
vt 0.560158 0.509272
vt 0.575352 0.508725
vt 0.588670 0.507990
vt 0.588670 0.508052
vt 0.601988 0.508682
vt 0.617183 0.509151
vt 0.633670 0.509439
vt 0.650816 0.509537
vt 0.667962 0.509439
vt 0.684448 0.509151
vt 0.699643 0.508682
vt 0.712961 0.508052
vt 0.588670 0.679655
vt 0.601988 0.680178
vt 0.617183 0.680567
vt 0.812009 0.292933
vt 0.812009 0.175885
vt 0.825344 0.175822
vt 0.825344 0.292870
vt 0.838167 0.175636
vt 0.838167 0.292684
vt 0.849985 0.175334
vt 0.849985 0.292382
vt 0.860344 0.174927
vt 0.860344 0.291975
vt 0.685341 0.797874
vt 0.685341 0.680887
vt 0.695699 0.681377
vt 0.695699 0.798364
vt 0.707517 0.681742
vt 0.707517 0.798729
vt 0.720340 0.681966
vt 0.720340 0.798953
vt 0.733676 0.682042
vt 0.733676 0.799029
vt 0.747012 0.681966
vt 0.747012 0.798953
vt 0.759835 0.681742
vt 0.759835 0.798729
vt 0.771653 0.681377
vt 0.771653 0.798364
vt 0.782011 0.680887
vt 0.782011 0.797874
vt 0.588670 0.797804
vt 0.588670 0.680887
vt 0.599029 0.681459
vt 0.599029 0.798376
vt 0.610847 0.681884
vt 0.610847 0.798800
vt 0.623670 0.682145
vt 0.623670 0.799062
vt 0.637006 0.682234
vt 0.637006 0.799151
vt 0.650341 0.682145
vt 0.650341 0.799062
vt 0.663164 0.681884
vt 0.663164 0.798800
vt 0.674982 0.681459
vt 0.674982 0.798376
vt 0.685341 0.680887
vt 0.685341 0.797804
vt 0.464380 0.798080
vt 0.464380 0.681092
vt 0.474738 0.681583
vt 0.474738 0.798570
vt 0.486556 0.681947
vt 0.486556 0.798934
vt 0.499379 0.682171
vt 0.499379 0.799159
vt 0.512715 0.682247
vt 0.512715 0.799235
vt 0.526051 0.682171
vt 0.526051 0.799159
vt 0.538874 0.681947
vt 0.538874 0.798934
vt 0.550692 0.681583
vt 0.550692 0.798570
vt 0.561050 0.681092
vt 0.561050 0.798080
vt 0.763673 0.291975
vt 0.763673 0.174927
vt 0.774032 0.175334
vt 0.774032 0.292382
vt 0.785850 0.175636
vt 0.785850 0.292684
vt 0.652281 0.295794
vt 0.642806 0.286319
vt 0.635361 0.275177
vt 0.630233 0.262797
vt 0.627619 0.249654
vt 0.627619 0.236254
vt 0.630233 0.223111
vt 0.635361 0.210731
vt 0.642806 0.199589
vt 0.652281 0.190114
vt 0.663423 0.182669
vt 0.675803 0.177541
vt 0.688946 0.174927
vt 0.702346 0.174927
vt 0.715489 0.177541
vt 0.727869 0.182669
vt 0.739011 0.190114
vt 0.748486 0.199589
vt 0.755931 0.210731
vt 0.761059 0.223111
vt 0.763673 0.236254
vt 0.763673 0.249654
vt 0.761059 0.262797
vt 0.755931 0.275177
vt 0.748486 0.286319
vt 0.739011 0.295794
vt 0.727869 0.303239
vt 0.715489 0.308367
vt 0.702346 0.310981
vt 0.688946 0.310981
vt 0.675803 0.308367
vt 0.663423 0.303239
vt 0.798673 0.175822
vt 0.798673 0.292870
vt 0.654494 0.111392
vt 0.647049 0.100250
vt 0.641921 0.087870
vt 0.639307 0.074727
vt 0.639307 0.061327
vt 0.641921 0.048184
vt 0.647049 0.035804
vt 0.654494 0.024662
vt 0.663969 0.015187
vt 0.675111 0.007742
vt 0.687491 0.002614
vt 0.700634 0.000000
vt 0.714034 0.000000
vt 0.727177 0.002614
vt 0.739557 0.007742
vt 0.750699 0.015187
vt 0.760174 0.024662
vt 0.767619 0.035804
vt 0.772747 0.048184
vt 0.775361 0.061327
vt 0.775361 0.074727
vt 0.772747 0.087870
vt 0.767619 0.100250
vt 0.760174 0.111392
vt 0.750699 0.120867
vt 0.739557 0.128312
vt 0.727177 0.133440
vt 0.714034 0.136054
vt 0.700634 0.136054
vt 0.687491 0.133440
vt 0.675111 0.128312
vt 0.663969 0.120867
vt 0.867249 0.970990
vt 0.867249 0.175064
vt 0.869154 0.175055
vt 0.869154 0.970981
vt 0.870986 0.175028
vt 0.870986 0.970955
vt 0.872674 0.174985
vt 0.872674 0.970911
vt 0.874154 0.174927
vt 0.874154 0.970853
vt 0.874154 0.970439
vt 0.874154 0.174927
vt 0.875634 0.174997
vt 0.875634 0.970509
vt 0.877322 0.175049
vt 0.877322 0.970561
vt 0.879154 0.175081
vt 0.879154 0.970594
vt 0.881059 0.175092
vt 0.881059 0.970604
vt 0.882964 0.175081
vt 0.882964 0.970594
vt 0.884796 0.175049
vt 0.884796 0.970561
vt 0.886484 0.174997
vt 0.886484 0.970509
vt 0.887964 0.174927
vt 0.887964 0.970439
vt 0.901774 0.969961
vt 0.901774 0.174927
vt 0.903254 0.175009
vt 0.903254 0.970042
vt 0.904942 0.175069
vt 0.904942 0.970103
vt 0.906774 0.175107
vt 0.906774 0.970141
vt 0.908679 0.175119
vt 0.908679 0.970153
vt 0.910584 0.175107
vt 0.910584 0.970141
vt 0.912416 0.175069
vt 0.912416 0.970103
vt 0.914104 0.175009
vt 0.914104 0.970042
vt 0.915584 0.174927
vt 0.915584 0.969961
vt 0.889444 0.174997
vt 0.889444 0.970509
vt 0.891132 0.175049
vt 0.891132 0.970561
vt 0.892964 0.175081
vt 0.892964 0.970594
vt 0.894869 0.175092
vt 0.894869 0.970604
vt 0.896774 0.175081
vt 0.896774 0.970594
vt 0.898606 0.175049
vt 0.898606 0.970561
vt 0.900294 0.174997
vt 0.900294 0.970509
vt 0.901774 0.174927
vt 0.901774 0.970439
vt 0.860344 0.970853
vt 0.860344 0.174927
vt 0.861824 0.174985
vt 0.861824 0.970911
vt 0.863512 0.175028
vt 0.863512 0.970955
vt 0.643532 0.328248
vt 0.641940 0.329312
vt 0.640172 0.330044
vt 0.638294 0.330418
vt 0.636380 0.330418
vt 0.634503 0.330044
vt 0.632734 0.329312
vt 0.631142 0.328248
vt 0.629789 0.326894
vt 0.628725 0.325303
vt 0.627993 0.323534
vt 0.627619 0.321657
vt 0.627619 0.319742
vt 0.627993 0.317865
vt 0.628725 0.316096
vt 0.629789 0.314504
vt 0.631142 0.313151
vt 0.632734 0.312087
vt 0.634503 0.311355
vt 0.636380 0.310981
vt 0.638294 0.310981
vt 0.640172 0.311355
vt 0.641940 0.312087
vt 0.643532 0.313151
vt 0.644886 0.314504
vt 0.645949 0.316096
vt 0.646682 0.317865
vt 0.647055 0.319742
vt 0.647055 0.321657
vt 0.646682 0.323534
vt 0.645949 0.325303
vt 0.644886 0.326894
vt 0.865344 0.175055
vt 0.865344 0.970981
vt 0.653628 0.154385
vt 0.651860 0.155117
vt 0.649982 0.155491
vt 0.648068 0.155491
vt 0.646190 0.155117
vt 0.644422 0.154385
vt 0.642830 0.153321
vt 0.641477 0.151967
vt 0.640413 0.150376
vt 0.639680 0.148607
vt 0.639307 0.146730
vt 0.639307 0.144815
vt 0.639680 0.142938
vt 0.640413 0.141169
vt 0.641477 0.139577
vt 0.642830 0.138224
vt 0.644422 0.137160
vt 0.646190 0.136428
vt 0.648068 0.136054
vt 0.649982 0.136054
vt 0.651860 0.136428
vt 0.653628 0.137160
vt 0.655220 0.138224
vt 0.656574 0.139577
vt 0.657637 0.141169
vt 0.658370 0.142938
vt 0.658743 0.144815
vt 0.658743 0.146730
vt 0.658370 0.148607
vt 0.657637 0.150376
vt 0.656574 0.151967
vt 0.655220 0.153321
vt 0.841561 0.806115
vt 0.841561 0.338166
vt 0.851326 0.338166
vt 0.851326 0.806115
vt 0.798594 0.806358
vt 0.798594 0.338166
vt 0.820077 0.338166
vt 0.820077 0.806358
vt 0.915584 0.642875
vt 0.915584 0.174927
vt 0.925349 0.174927
vt 0.925349 0.642875
vt 0.820077 0.805833
vt 0.820077 0.338166
vt 0.841561 0.338166
vt 0.841561 0.805833
vt 0.656821 0.310981
vt 0.656821 0.332465
vt 0.647055 0.332465
vt 0.647055 0.310981
vt 0.666586 0.310981
vt 0.666586 0.332465
vt 0.656821 0.310981
vt 0.284028 0.323926
vt 0.373100 0.005339
vt 0.374689 0.003820
vt 0.284028 0.335048
vt 0.378526 0.000000
vt 0.284028 0.361743
vt 0.094654 0.362149
vt 0.000157 0.000000
vt 0.003993 0.003834
vt 0.094654 0.335433
vt 0.005582 0.005376
vt 0.094654 0.324321
vt 0.194956 0.005339
vt 0.193367 0.003820
vt 0.189530 0.000000
vt 0.189152 0.000000
vt 0.185315 0.003834
vt 0.183726 0.005376
vt 0.754155 0.667847
vt 0.714583 0.667847
vt 0.714583 0.343930
vt 0.754155 0.343930
vt 0.757400 0.667847
vt 0.757400 0.343930
vt 0.796972 0.343930
vt 0.796972 0.667847
vt 0.284028 0.999032
vt 0.235077 0.827267
vt 0.189309 0.032909
vt 0.378747 0.032909
vt 0.332979 0.827267
vt 0.798594 0.338166
vt 0.798119 0.342242
vt 0.756253 0.342242
vt 0.755777 0.338166
vt 0.712961 0.338166
vt 0.755778 0.338166
vt 0.755302 0.342242
vt 0.713436 0.342242
vt 0.094654 1.000000
vt 0.045703 0.828041
vt 0.048295 0.815424
vt 0.094654 0.978277
vt 0.054553 0.784745
vt 0.094654 0.925616
vt 0.134756 0.784745
vt 0.141013 0.815424
vt 0.143605 0.828041
vt 0.000000 0.023251
vt 0.420621 0.023293
vt 0.420621 0.812269
vt 0.418344 0.825138
vt 0.418344 0.032941
vt 0.189309 0.023251
vt 0.422506 0.812269
vt 0.422506 0.023293
vt 0.424782 0.032941
vt 0.424782 0.825138
vt 0.378747 0.825138
vt 0.378747 0.032941
vt 0.418344 0.994184
vt 0.378747 0.994184
vt 0.464380 0.825138
vt 0.464380 0.994184
vt 0.424782 0.994184
vt 0.464380 0.032941
vt 0.378747 0.000000
vt 0.421563 0.000000
vt 0.421563 0.000000
vt 0.464380 0.000000
s 1
usemtl Material.021
f 919/1702/385 920/1703/385 921/1704/385 922/1705/385 923/1706/385 924/1707/385 925/1708/385 926/1709/385 927/1710/385 928/1711/385 929/1712/385 930/1713/385 931/1714/385 932/1715/385 933/1716/385 934/1717/385 935/1718/385 936/1719/385 937/1720/385 938/1721/385 939/1722/385 940/1723/385 941/1724/385 942/1725/385 943/1726/385 944/1727/385 945/1728/385 946/1729/385 947/1730/385 948/1731/385 949/1732/385 950/1733/385
f 955/1734/386 952/1735/386 953/1736/386 956/1737/386
f 956/1738/387 953/1739/387 951/1740/387 954/1741/387
f 958/1742/388 955/1734/388 956/1737/388 959/1743/388
f 959/1744/389 956/1738/389 954/1741/389 957/1745/389
f 961/1746/390 958/1742/390 959/1743/390 962/1747/390
f 962/1748/391 959/1744/391 957/1745/391 960/1749/391
f 964/1750/392 961/1746/392 962/1747/392 965/1751/392
f 965/1752/393 962/1748/393 960/1749/393 963/1753/393
f 967/1754/394 964/1755/394 965/1756/394 968/1757/394
f 968/1758/395 965/1752/395 963/1753/395 966/1759/395
f 970/1760/396 967/1754/396 968/1757/396 971/1761/396
f 971/1762/397 968/1758/397 966/1759/397 969/1763/397
f 973/1764/398 970/1760/398 971/1761/398 974/1765/398
f 974/1766/399 971/1762/399 969/1763/399 972/1767/399
f 976/1768/400 973/1764/400 974/1765/400 977/1769/400
f 977/1770/401 974/1766/401 972/1767/401 975/1771/401
f 979/1772/402 976/1768/402 977/1769/402 980/1773/402
f 980/1774/403 977/1770/403 975/1771/403 978/1775/403
f 982/1776/404 979/1772/404 980/1773/404 983/1777/404
f 983/1778/405 980/1774/405 978/1775/405 981/1779/405
f 985/1780/406 982/1776/406 983/1777/406 986/1781/406
f 986/1782/407 983/1778/407 981/1779/407 984/1783/407
f 988/1784/408 985/1780/408 986/1781/408 989/1785/408
f 989/1786/409 986/1782/409 984/1783/409 987/1787/409
f 991/1788/410 988/1789/410 989/1790/410 992/1791/410
f 992/1792/411 989/1786/411 987/1787/411 990/1793/411
f 994/1794/412 991/1788/412 992/1791/412 995/1795/412
f 995/1796/413 992/1792/413 990/1793/413 993/1797/413
f 997/1798/414 994/1794/414 995/1795/414 998/1799/414
f 998/1800/415 995/1796/415 993/1797/415 996/1801/415
f 1000/1802/416 997/1798/416 998/1799/416 1001/1803/416
f 1001/1804/417 998/1800/417 996/1801/417 999/1805/417
f 1003/1806/418 1000/1802/418 1001/1803/418 1004/1807/418
f 1004/1808/419 1001/1804/419 999/1805/419 1002/1809/419
f 1006/1810/420 1003/1806/420 1004/1807/420 1007/1811/420
f 1007/1812/421 1004/1808/421 1002/1809/421 1005/1813/421
f 1009/1814/422 1006/1810/422 1007/1811/422 1010/1815/422
f 1010/1816/423 1007/1812/423 1005/1813/423 1008/1817/423
f 1012/1818/424 1009/1814/424 1010/1815/424 1013/1819/424
f 1013/1820/425 1010/1816/425 1008/1817/425 1011/1821/425
f 1015/1822/426 1012/1823/426 1013/1824/426 1016/1825/426
f 1016/1826/427 1013/1820/427 1011/1821/427 1014/1827/427
f 1018/1828/428 1015/1822/428 1016/1825/428 1019/1829/428
f 1019/1830/429 1016/1826/429 1014/1827/429 1017/1831/429
f 1021/1832/430 1018/1828/430 1019/1829/430 1022/1833/430
f 1022/1834/431 1019/1830/431 1017/1831/431 1020/1835/431
f 1024/1836/432 1021/1832/432 1022/1833/432 1025/1837/432
f 1025/1838/433 1022/1834/433 1020/1835/433 1023/1839/433
f 1027/1840/434 1024/1836/434 1025/1837/434 1028/1841/434
f 1028/1842/435 1025/1838/435 1023/1839/435 1026/1843/435
f 1030/1844/436 1027/1840/436 1028/1841/436 1031/1845/436
f 1031/1846/437 1028/1842/437 1026/1843/437 1029/1847/437
f 1033/1848/438 1030/1844/438 1031/1845/438 1034/1849/438
f 1034/1850/439 1031/1846/439 1029/1847/439 1032/1851/439
f 1036/1852/440 1033/1848/440 1034/1849/440 1037/1853/440
f 1037/1854/441 1034/1850/441 1032/1851/441 1035/1855/441
f 1039/1856/442 1036/1857/442 1037/1858/442 1040/1859/442
f 1040/1860/443 1037/1854/443 1035/1855/443 1038/1861/443
f 1042/1862/444 1039/1856/444 1040/1859/444 1043/1863/444
f 1043/1864/445 1040/1860/445 1038/1861/445 1041/1865/445
f 1045/1866/446 1042/1862/446 1043/1863/446 1046/1867/446
f 1046/1868/447 1043/1864/447 1041/1865/447 1044/1869/447
f 952/1735/448 1045/1866/448 1046/1867/448 953/1736/448
f 953/1739/449 1046/1868/449 1044/1869/449 951/1740/449
f 954/1741/450 951/1740/450 1044/1869/450 1041/1865/450 1038/1861/450 1035/1855/450 1032/1851/450 1029/1847/450 1026/1843/450 1023/1839/450 1020/1835/450 1017/1831/450 1014/1827/450 1011/1821/450 1008/1817/450 1005/1813/450 1002/1809/450 999/1805/450 996/1801/450 993/1797/450 990/1793/450 987/1787/450 984/1783/450 981/1779/450 978/1775/450 975/1771/450 972/1767/450 969/1763/450 966/1759/450 963/1753/450 960/1749/450 957/1745/450
f 919/1870/451 952/1735/451 955/1734/451 920/1871/451
f 950/1872/452 1045/1866/452 952/1735/452 919/1870/452
f 920/1871/453 955/1734/453 958/1742/453 921/1873/453
f 921/1873/454 958/1742/454 961/1746/454 922/1874/454
f 922/1874/455 961/1746/455 964/1750/455 923/1875/455
f 923/1876/456 964/1755/456 967/1754/456 924/1877/456
f 924/1877/457 967/1754/457 970/1760/457 925/1878/457
f 925/1878/458 970/1760/458 973/1764/458 926/1879/458
f 926/1879/459 973/1764/459 976/1768/459 927/1880/459
f 927/1880/460 976/1768/460 979/1772/460 928/1881/460
f 928/1881/461 979/1772/461 982/1776/461 929/1882/461
f 929/1882/462 982/1776/462 985/1780/462 930/1883/462
f 930/1883/463 985/1780/463 988/1784/463 931/1884/463
f 931/1885/464 988/1789/464 991/1788/464 932/1886/464
f 932/1886/465 991/1788/465 994/1794/465 933/1887/465
f 933/1887/466 994/1794/466 997/1798/466 934/1888/466
f 934/1888/467 997/1798/467 1000/1802/467 935/1889/467
f 935/1889/468 1000/1802/468 1003/1806/468 936/1890/468
f 936/1890/469 1003/1806/469 1006/1810/469 937/1891/469
f 937/1891/470 1006/1810/470 1009/1814/470 938/1892/470
f 938/1892/471 1009/1814/471 1012/1818/471 939/1893/471
f 939/1894/472 1012/1823/472 1015/1822/472 940/1895/472
f 940/1895/473 1015/1822/473 1018/1828/473 941/1896/473
f 941/1896/474 1018/1828/474 1021/1832/474 942/1897/474
f 942/1897/475 1021/1832/475 1024/1836/475 943/1898/475
f 943/1898/476 1024/1836/476 1027/1840/476 944/1899/476
f 944/1899/477 1027/1840/477 1030/1844/477 945/1900/477
f 945/1900/478 1030/1844/478 1033/1848/478 946/1901/478
f 946/1901/479 1033/1848/479 1036/1852/479 947/1902/479
f 947/1903/480 1036/1857/480 1039/1856/480 948/1904/480
f 948/1904/481 1039/1856/481 1042/1862/481 949/1905/481
f 949/1905/482 1042/1862/482 1045/1866/482 950/1872/482
f 1047/1906/451 1048/1907/451 1050/1908/451 1049/1909/451
f 1049/1909/453 1050/1908/453 1052/1910/453 1051/1911/453
f 1051/1911/454 1052/1910/454 1054/1912/454 1053/1913/454
f 1053/1913/455 1054/1912/455 1056/1914/455 1055/1915/455
f 1055/1916/456 1056/1917/456 1058/1918/456 1057/1919/456
f 1057/1919/457 1058/1918/457 1060/1920/457 1059/1921/457
f 1059/1921/458 1060/1920/458 1062/1922/458 1061/1923/458
f 1061/1923/459 1062/1922/459 1064/1924/459 1063/1925/459
f 1063/1925/460 1064/1924/460 1066/1926/460 1065/1927/460
f 1065/1927/461 1066/1926/461 1068/1928/461 1067/1929/461
f 1067/1929/462 1068/1928/462 1070/1930/462 1069/1931/462
f 1069/1931/463 1070/1930/463 1072/1932/463 1071/1933/463
f 1071/1934/464 1072/1935/464 1074/1936/464 1073/1937/464
f 1073/1937/465 1074/1936/465 1076/1938/465 1075/1939/465
f 1075/1939/466 1076/1938/466 1078/1940/466 1077/1941/466
f 1077/1941/467 1078/1940/467 1080/1942/467 1079/1943/467
f 1079/1943/468 1080/1942/468 1082/1944/468 1081/1945/468
f 1081/1945/469 1082/1944/469 1084/1946/469 1083/1947/469
f 1083/1947/470 1084/1946/470 1086/1948/470 1085/1949/470
f 1085/1949/471 1086/1948/471 1088/1950/471 1087/1951/471
f 1087/1952/472 1088/1953/472 1090/1954/472 1089/1955/472
f 1089/1955/473 1090/1954/473 1092/1956/473 1091/1957/473
f 1091/1957/474 1092/1956/474 1094/1958/474 1093/1959/474
f 1093/1959/475 1094/1958/475 1096/1960/475 1095/1961/475
f 1095/1961/476 1096/1960/476 1098/1962/476 1097/1963/476
f 1097/1963/477 1098/1962/477 1100/1964/477 1099/1965/477
f 1099/1965/478 1100/1964/478 1102/1966/478 1101/1967/478
f 1101/1967/479 1102/1966/479 1104/1968/479 1103/1969/479
f 1103/1970/480 1104/1971/480 1106/1972/480 1105/1973/480
f 1105/1973/481 1106/1972/481 1108/1974/481 1107/1975/481
f 1050/1976/450 1048/1977/450 1110/1978/450 1108/1979/450 1106/1980/450 1104/1981/450 1102/1982/450 1100/1983/450 1098/1984/450 1096/1985/450 1094/1986/450 1092/1987/450 1090/1988/450 1088/1989/450 1086/1990/450 1084/1991/450 1082/1992/450 1080/1993/450 1078/1994/450 1076/1995/450 1074/1996/450 1072/1997/450 1070/1998/450 1068/1999/450 1066/2000/450 1064/2001/450 1062/2002/450 1060/2003/450 1058/2004/450 1056/2005/450 1054/2006/450 1052/2007/450
f 1107/1975/482 1108/1974/482 1110/2008/482 1109/2009/482
f 1109/2009/452 1110/2008/452 1048/1907/452 1047/1906/452
f 1047/2010/385 1049/2011/385 1051/2012/385 1053/2013/385 1055/2014/385 1057/2015/385 1059/2016/385 1061/2017/385 1063/2018/385 1065/2019/385 1067/2020/385 1069/2021/385 1071/2022/385 1073/2023/385 1075/2024/385 1077/2025/385 1079/2026/385 1081/2027/385 1083/2028/385 1085/2029/385 1087/2030/385 1089/2031/385 1091/2032/385 1093/2033/385 1095/2034/385 1097/2035/385 1099/2036/385 1101/2037/385 1103/2038/385 1105/2039/385 1107/2040/385 1109/2041/385
f 1111/2042/451 1112/2043/451 1114/2044/451 1113/2045/451
f 1113/2045/453 1114/2044/453 1116/2046/453 1115/2047/453
f 1115/2047/454 1116/2046/454 1118/2048/454 1117/2049/454
f 1117/2049/455 1118/2048/455 1120/2050/455 1119/2051/455
f 1119/2052/456 1120/2053/456 1122/2054/456 1121/2055/456
f 1121/2055/457 1122/2054/457 1124/2056/457 1123/2057/457
f 1123/2057/458 1124/2056/458 1126/2058/458 1125/2059/458
f 1125/2059/459 1126/2058/459 1128/2060/459 1127/2061/459
f 1127/2061/460 1128/2060/460 1130/2062/460 1129/2063/460
f 1129/2063/461 1130/2062/461 1132/2064/461 1131/2065/461
f 1131/2065/462 1132/2064/462 1134/2066/462 1133/2067/462
f 1133/2067/463 1134/2066/463 1136/2068/463 1135/2069/463
f 1135/2070/464 1136/2071/464 1138/2072/464 1137/2073/464
f 1137/2073/465 1138/2072/465 1140/2074/465 1139/2075/465
f 1139/2075/466 1140/2074/466 1142/2076/466 1141/2077/466
f 1141/2077/467 1142/2076/467 1144/2078/467 1143/2079/467
f 1143/2079/468 1144/2078/468 1146/2080/468 1145/2081/468
f 1145/2081/469 1146/2080/469 1148/2082/469 1147/2083/469
f 1147/2083/470 1148/2082/470 1150/2084/470 1149/2085/470
f 1149/2085/471 1150/2084/471 1152/2086/471 1151/2087/471
f 1151/2069/472 1152/2068/472 1154/2088/472 1153/2089/472
f 1153/2089/473 1154/2088/473 1156/2090/473 1155/2091/473
f 1155/2091/474 1156/2090/474 1158/2092/474 1157/2093/474
f 1157/2093/475 1158/2092/475 1160/2094/475 1159/2095/475
f 1159/2095/476 1160/2094/476 1162/2096/476 1161/2097/476
f 1161/2097/477 1162/2096/477 1164/2098/477 1163/2099/477
f 1163/2099/478 1164/2098/478 1166/2100/478 1165/2101/478
f 1165/2101/479 1166/2100/479 1168/2102/479 1167/2103/479
f 1167/2104/480 1168/2105/480 1170/2106/480 1169/2107/480
f 1169/2107/481 1170/2106/481 1172/2108/481 1171/2109/481
f 1114/2110/450 1112/2111/450 1174/2112/450 1172/2113/450 1170/2114/450 1168/2115/450 1166/2116/450 1164/2117/450 1162/2118/450 1160/2119/450 1158/2120/450 1156/2121/450 1154/2122/450 1152/2123/450 1150/2124/450 1148/2125/450 1146/2126/450 1144/2127/450 1142/2128/450 1140/2129/450 1138/2130/450 1136/2131/450 1134/2132/450 1132/2133/450 1130/2134/450 1128/2135/450 1126/2136/450 1124/2137/450 1122/2138/450 1120/2139/450 1118/2140/450 1116/2141/450
f 1171/2109/482 1172/2108/482 1174/2142/482 1173/2143/482
f 1173/2143/452 1174/2142/452 1112/2043/452 1111/2042/452
f 1111/2144/385 1113/2145/385 1115/2146/385 1117/2147/385 1119/2148/385 1121/2149/385 1123/2150/385 1125/2151/385 1127/2152/385 1129/2153/385 1131/2154/385 1133/2155/385 1135/2156/385 1137/2157/385 1139/2158/385 1141/2159/385 1143/2160/385 1145/2161/385 1147/2162/385 1149/2163/385 1151/2164/385 1153/2165/385 1155/2166/385 1157/2167/385 1159/2168/385 1161/2169/385 1163/2170/385 1165/2171/385 1167/2172/385 1169/2173/385 1171/2174/385 1173/2175/385
f 1175/2176/483 1176/2177/483 1178/2178/483 1177/2179/483
f 1177/2180/484 1178/2181/484 1182/2182/484 1181/2183/484
f 1181/2184/485 1182/2185/485 1180/2186/485 1179/2187/485
f 1179/2188/486 1180/2189/486 1176/2190/486 1175/2191/486
f 1177/2192/385 1181/2193/385 1179/2194/385 1175/2195/385
f 1182/2196/450 1178/2197/450 1176/2193/450 1180/2198/450
f 1196/2199/487 1199/2200/487 1200/2201/487 1197/2202/487
f 1197/2202/488 1200/2201/488 1198/2203/488 1195/2204/488
f 1193/2205/489 1202/2206/489 1203/2207/489 1194/2208/489
f 1194/2208/490 1203/2207/490 1201/2209/490 1192/2210/490
f 1204/2211/491 1196/2199/491 1197/2202/491 1206/2212/491
f 1206/2212/492 1197/2202/492 1195/2204/492 1205/2213/492
f 1207/2214/493 1193/2205/493 1194/2208/493 1209/2215/493
f 1209/2215/494 1194/2208/494 1192/2210/494 1208/2216/494
f 1192/2217/495 1196/2218/495 1204/2219/495 1208/2220/495
f 1192/2221/496 1201/2222/496 1199/2223/496 1196/2224/496
f 1184/2225/486 1185/2226/486 1189/2227/486 1190/2213/486 1205/2213/486 1195/2204/486
f 1184/2225/486 1195/2204/486 1198/2203/486 1187/2203/486 1186/2228/486 1183/2229/486
f 1198/2230/497 1200/2231/497 1199/2223/497 1201/2222/497 1203/2232/497 1202/2233/497 1188/2233/497 1187/2230/497
f 1190/2234/498 1191/2235/498 1207/2235/498 1209/2236/498 1208/2220/498 1204/2219/498 1206/2237/498 1205/2234/498
f 1214/2238/499 1211/2239/499 1212/2240/499 1215/2241/499
f 1215/2241/500 1212/2240/500 1210/2242/500 1213/2243/500
f 1213/2243/501 1216/2244/501 1218/2245/501 1215/2241/501
f 1215/2241/502 1218/2245/502 1217/2246/502 1214/2238/502
f 1219/2206/503 1210/2242/503 1212/2240/503 1221/2247/503
f 1221/2248/504 1212/2249/504 1211/2250/504 1220/2251/504
f 1216/2244/505 1223/2214/505 1224/2252/505 1218/2245/505
f 1218/2253/506 1224/2254/506 1222/2255/506 1217/2256/506
f 1183/2257/507 1186/2258/507 1220/2251/507 1211/2250/507
f 1211/2250/508 1214/2259/508 1184/2260/508 1183/2257/508
f 1210/2242/484 1219/2206/484 1188/2206/484 1202/2206/484 1193/2205/484 1213/2243/484
f 1217/2256/509 1185/2261/509 1184/2262/509 1214/2263/509
f 1216/2244/484 1213/2243/484 1193/2205/484 1207/2214/484 1191/2214/484 1223/2214/484
f 1185/2261/510 1217/2256/510 1222/2255/510 1189/2264/510
f 1187/2265/511 1188/2266/511 1219/2266/511 1221/2248/511 1220/2251/511 1186/2258/511
f 1189/2264/512 1222/2255/512 1224/2254/512 1223/2267/512 1191/2267/512 1190/2268/512
o mdlSilla.004
v 2.878873 1.486190 -5.117520
v 2.995927 1.486190 -5.105991
v 3.108483 1.486190 -5.071848
v 3.212215 1.486190 -5.016402
v 3.303137 1.486190 -4.941784
v 3.377755 1.486190 -4.850862
v 3.433201 1.486190 -4.747130
v 3.467344 1.486190 -4.634574
v 3.478873 1.486190 -4.517520
v 3.467344 1.486190 -4.400466
v 3.433201 1.486190 -4.287910
v 3.377755 1.486190 -4.184178
v 3.303137 1.486190 -4.093256
v 3.212215 1.486190 -4.018638
v 3.108483 1.486190 -3.963192
v 2.995927 1.486190 -3.929049
v 2.878873 1.486190 -3.917520
v 2.761819 1.486190 -3.929049
v 2.649263 1.486190 -3.963192
v 2.545531 1.486190 -4.018638
v 2.454609 1.486190 -4.093256
v 2.379991 1.486190 -4.184178
v 2.324545 1.486190 -4.287910
v 2.290402 1.486190 -4.400466
v 2.278873 1.486190 -4.517520
v 2.290402 1.486190 -4.634574
v 2.324545 1.486190 -4.747130
v 2.379991 1.486190 -4.850862
v 2.454609 1.486190 -4.941784
v 2.545531 1.486190 -5.016402
v 2.649263 1.486190 -5.071848
v 2.761819 1.486190 -5.105991
v 2.878873 1.726190 -4.980647
v 2.878873 1.698947 -5.117520
v 2.878873 1.718211 -5.077431
v 2.969224 1.726190 -4.971748
v 2.995927 1.698947 -5.105991
v 2.988106 1.718211 -5.066672
v 3.056104 1.726190 -4.945394
v 3.108483 1.698947 -5.071848
v 3.093142 1.718211 -5.034810
v 3.136172 1.726190 -4.902596
v 3.212215 1.698947 -5.016402
v 3.189943 1.718211 -4.983069
v 3.206353 1.726190 -4.845000
v 3.303137 1.698947 -4.941784
v 3.274790 1.718211 -4.913437
v 3.263949 1.726190 -4.774819
v 3.377755 1.698947 -4.850862
v 3.344422 1.718211 -4.828590
v 3.306746 1.726190 -4.694751
v 3.433201 1.698947 -4.747130
v 3.396163 1.718211 -4.731789
v 3.333101 1.726190 -4.607872
v 3.467344 1.698947 -4.634574
v 3.428025 1.718211 -4.626753
v 3.342000 1.726190 -4.517520
v 3.478873 1.698947 -4.517520
v 3.438784 1.718211 -4.517520
v 3.333101 1.726190 -4.427168
v 3.467344 1.698947 -4.400466
v 3.428025 1.718211 -4.408287
v 3.306746 1.726190 -4.340289
v 3.433201 1.698947 -4.287910
v 3.396163 1.718211 -4.303251
v 3.263949 1.726190 -4.260221
v 3.377755 1.698947 -4.184178
v 3.344422 1.718211 -4.206450
v 3.206353 1.726190 -4.190040
v 3.303137 1.698947 -4.093256
v 3.274790 1.718211 -4.121603
v 3.136172 1.726190 -4.132444
v 3.212215 1.698947 -4.018638
v 3.189943 1.718211 -4.051971
v 3.056104 1.726190 -4.089647
v 3.108483 1.698947 -3.963192
v 3.093142 1.718211 -4.000230
v 2.969224 1.726190 -4.063292
v 2.995927 1.698947 -3.929049
v 2.988106 1.718211 -3.968368
v 2.878873 1.726190 -4.054393
v 2.878873 1.698947 -3.917520
v 2.878873 1.718211 -3.957609
v 2.788521 1.726190 -4.063292
v 2.761819 1.698947 -3.929049
v 2.769640 1.718211 -3.968368
v 2.701642 1.726190 -4.089647
v 2.649263 1.698947 -3.963192
v 2.664604 1.718211 -4.000230
v 2.621573 1.726190 -4.132444
v 2.545531 1.698947 -4.018638
v 2.567803 1.718211 -4.051971
v 2.551393 1.726190 -4.190040
v 2.454609 1.698947 -4.093256
v 2.482956 1.718211 -4.121603
v 2.493797 1.726190 -4.260221
v 2.379991 1.698947 -4.184178
v 2.413324 1.718211 -4.206450
v 2.450999 1.726190 -4.340289
v 2.324545 1.698947 -4.287910
v 2.361583 1.718211 -4.303251
v 2.424645 1.726190 -4.427168
v 2.290402 1.698947 -4.400466
v 2.329720 1.718211 -4.408287
v 2.415746 1.726190 -4.517520
v 2.278873 1.698947 -4.517520
v 2.318962 1.718211 -4.517520
v 2.424645 1.726190 -4.607872
v 2.290402 1.698947 -4.634574
v 2.329720 1.718211 -4.626753
v 2.450999 1.726190 -4.694751
v 2.324545 1.698947 -4.747130
v 2.361583 1.718211 -4.731789
v 2.493797 1.726190 -4.774819
v 2.379991 1.698947 -4.850862
v 2.413324 1.718211 -4.828590
v 2.551393 1.726190 -4.845000
v 2.454609 1.698947 -4.941784
v 2.482956 1.718211 -4.913437
v 2.621573 1.726190 -4.902596
v 2.545531 1.698947 -5.016402
v 2.567803 1.718211 -4.983069
v 2.701642 1.726190 -4.945394
v 2.649263 1.698947 -5.071848
v 2.664604 1.718211 -5.034810
v 2.788521 1.726190 -4.971748
v 2.761819 1.698947 -5.105991
v 2.769640 1.718211 -5.066672
v 2.878873 0.317975 -4.984186
v 2.878873 0.477975 -4.984187
v 2.969915 0.317975 -4.975220
v 2.969915 0.477975 -4.975220
v 3.057458 0.317975 -4.948664
v 3.057458 0.477975 -4.948664
v 3.138139 0.317975 -4.905539
v 3.138139 0.477975 -4.905539
v 3.208856 0.317975 -4.847503
v 3.208856 0.477975 -4.847503
v 3.266892 0.317975 -4.776786
v 3.266892 0.477975 -4.776786
v 3.310017 0.317975 -4.696105
v 3.310017 0.477975 -4.696105
v 3.336573 0.317975 -4.608562
v 3.336573 0.477975 -4.608562
v 3.345540 0.317975 -4.517520
v 3.345540 0.477975 -4.517520
v 3.336573 0.317975 -4.426477
v 3.336573 0.477975 -4.426477
v 3.310017 0.317975 -4.338934
v 3.310017 0.477975 -4.338934
v 3.266892 0.317975 -4.258254
v 3.266892 0.477975 -4.258254
v 3.208856 0.317975 -4.187537
v 3.208856 0.477975 -4.187537
v 3.138139 0.317975 -4.129500
v 3.138139 0.477975 -4.129500
v 3.057458 0.317975 -4.086376
v 3.057458 0.477975 -4.086376
v 2.969915 0.317975 -4.059820
v 2.969915 0.477975 -4.059820
v 2.878873 0.317975 -4.050853
v 2.878873 0.477975 -4.050853
v 2.787831 0.317975 -4.059820
v 2.787831 0.477975 -4.059820
v 2.700287 0.317975 -4.086376
v 2.700287 0.477975 -4.086376
v 2.619607 0.317975 -4.129500
v 2.619607 0.477975 -4.129500
v 2.548890 0.317975 -4.187537
v 2.548890 0.477975 -4.187537
v 2.490854 0.317975 -4.258254
v 2.490854 0.477975 -4.258254
v 2.447729 0.317975 -4.338934
v 2.447729 0.477975 -4.338934
v 2.421173 0.317975 -4.426477
v 2.421173 0.477975 -4.426477
v 2.412206 0.317975 -4.517520
v 2.412206 0.477975 -4.517520
v 2.421173 0.317975 -4.608562
v 2.421173 0.477975 -4.608562
v 2.447729 0.317975 -4.696105
v 2.447729 0.477975 -4.696105
v 2.490854 0.317975 -4.776786
v 2.490854 0.477975 -4.776786
v 2.548890 0.317975 -4.847503
v 2.548890 0.477975 -4.847503
v 2.619607 0.317975 -4.905539
v 2.619607 0.477975 -4.905539
v 2.700287 0.317975 -4.948664
v 2.700287 0.477975 -4.948664
v 2.787831 0.317975 -4.975220
v 2.787831 0.477975 -4.975220
v 2.878873 0.453975 -4.584187
v 2.878873 1.541975 -4.584187
v 2.891879 0.453975 -4.582905
v 2.891879 1.541975 -4.582906
v 2.904385 0.453975 -4.579112
v 2.904385 1.541975 -4.579112
v 2.915911 0.453975 -4.572951
v 2.915911 1.541975 -4.572951
v 2.926013 0.453975 -4.564660
v 2.926013 1.541975 -4.564661
v 2.934304 0.453975 -4.554558
v 2.934304 1.541975 -4.554558
v 2.940465 0.453975 -4.543032
v 2.940465 1.541975 -4.543032
v 2.944258 0.453975 -4.530526
v 2.944258 1.541975 -4.530526
v 2.945539 0.453975 -4.517520
v 2.945539 1.541975 -4.517520
v 2.944258 0.453975 -4.504514
v 2.944258 1.541975 -4.504514
v 2.940465 0.453975 -4.492008
v 2.940465 1.541975 -4.492008
v 2.934304 0.453975 -4.480482
v 2.934304 1.541975 -4.480482
v 2.926013 0.453975 -4.470379
v 2.926013 1.541975 -4.470379
v 2.915911 0.453975 -4.462089
v 2.915911 1.541975 -4.462089
v 2.904385 0.453975 -4.455928
v 2.904385 1.541975 -4.455928
v 2.891879 0.453975 -4.452134
v 2.891879 1.541975 -4.452134
v 2.878873 0.453975 -4.450853
v 2.878873 1.541975 -4.450853
v 2.865867 0.453975 -4.452134
v 2.865867 1.541975 -4.452134
v 2.853361 0.453975 -4.455928
v 2.853361 1.541975 -4.455928
v 2.841835 0.453975 -4.462089
v 2.841835 1.541975 -4.462089
v 2.831733 0.453975 -4.470379
v 2.831733 1.541975 -4.470379
v 2.823442 0.453975 -4.480482
v 2.823442 1.541975 -4.480482
v 2.817281 0.453975 -4.492008
v 2.817281 1.541975 -4.492008
v 2.813487 0.453975 -4.504514
v 2.813487 1.541975 -4.504514
v 2.812206 0.453975 -4.517520
v 2.812206 1.541975 -4.517520
v 2.813487 0.453975 -4.530526
v 2.813487 1.541975 -4.530526
v 2.817281 0.453975 -4.543032
v 2.817281 1.541975 -4.543032
v 2.823442 0.453975 -4.554558
v 2.823442 1.541975 -4.554558
v 2.831733 0.453975 -4.564660
v 2.831733 1.541975 -4.564661
v 2.841835 0.453975 -4.572951
v 2.841835 1.541975 -4.572951
v 2.853361 0.453975 -4.579112
v 2.853361 1.541975 -4.579112
v 2.865867 0.453975 -4.582905
v 2.865867 1.541975 -4.582906
v 2.805540 1.614190 -4.064187
v 2.805540 2.254190 -4.064187
v 2.805540 1.614190 -4.130853
v 2.805540 2.254190 -4.130854
v 2.952206 1.614190 -4.064187
v 2.952206 2.254190 -4.064187
v 2.952206 1.614190 -4.130853
v 2.952206 2.254190 -4.130854
v 2.544686 2.269675 -3.937463
v 2.878873 2.034614 -3.937463
v 3.213060 2.269675 -3.937463
v 2.232228 3.356750 -3.937464
v 2.233739 3.401785 -3.937464
v 2.233739 3.401785 -4.229771
v 3.525518 3.356750 -3.937464
v 3.524007 3.401785 -3.937464
v 3.524007 3.401785 -4.229771
v 2.878873 2.958344 -4.218696
v 2.878873 2.906741 -4.229770
v 2.878873 2.943230 -4.226527
v 2.878873 2.906741 -3.937464
v 2.878873 2.958345 -3.948538
v 2.878873 2.943231 -3.940707
v 2.233739 3.401785 -3.937464
v 2.270782 3.394330 -3.948538
v 2.259932 3.396513 -3.940707
v 2.270782 3.394330 -4.218696
v 2.233739 3.401785 -4.229771
v 2.259932 3.396513 -4.226527
v 3.486964 3.394330 -3.948538
v 3.524007 3.401785 -3.937464
v 3.497813 3.396513 -3.940707
v 3.524007 3.401785 -4.229771
v 3.486964 3.394330 -4.218696
v 3.497813 3.396513 -4.226527
v 2.605101 2.329070 -4.229770
v 2.544686 2.269675 -4.207795
v 2.562381 2.287071 -4.223334
v 2.878873 2.136505 -4.229770
v 2.878873 2.034614 -4.207795
v 2.878873 2.064457 -4.223334
v 3.152645 2.329070 -4.229770
v 3.213060 2.269675 -4.207795
v 3.195365 2.287071 -4.223334
v 2.233739 3.401785 -4.229771
v 2.232228 3.356750 -4.207795
v 2.232670 3.369940 -4.223334
v 3.525518 3.356750 -4.207795
v 3.524007 3.401785 -4.229771
v 3.525075 3.369940 -4.223334
vn -0.0000 -1.0000 -0.0000
vn 0.0426 0.9005 -0.4327
vn 0.0081 0.9966 -0.0822
vn 0.1262 0.9005 -0.4161
vn 0.0240 0.9966 -0.0790
vn 0.2050 0.9005 -0.3835
vn 0.0389 0.9966 -0.0728
vn 0.2758 0.9005 -0.3361
vn 0.0524 0.9966 -0.0638
vn 0.3361 0.9005 -0.2758
vn 0.0638 0.9966 -0.0524
vn 0.3835 0.9005 -0.2050
vn 0.0728 0.9966 -0.0389
vn 0.4161 0.9005 -0.1262
vn 0.0790 0.9966 -0.0240
vn 0.4327 0.9005 -0.0426
vn 0.0822 0.9966 -0.0081
vn 0.4327 0.9005 0.0426
vn 0.0822 0.9966 0.0081
vn 0.4161 0.9005 0.1262
vn 0.0790 0.9966 0.0240
vn 0.3835 0.9005 0.2050
vn 0.0728 0.9966 0.0389
vn 0.3361 0.9005 0.2758
vn 0.0638 0.9966 0.0524
vn 0.2758 0.9005 0.3361
vn 0.0524 0.9966 0.0638
vn 0.2050 0.9005 0.3835
vn 0.0389 0.9966 0.0728
vn 0.1262 0.9005 0.4161
vn 0.0240 0.9966 0.0790
vn 0.0426 0.9005 0.4327
vn 0.0081 0.9966 0.0822
vn -0.0426 0.9005 0.4327
vn -0.0081 0.9966 0.0822
vn -0.1262 0.9005 0.4161
vn -0.0240 0.9966 0.0790
vn -0.2050 0.9005 0.3835
vn -0.0389 0.9966 0.0728
vn -0.2758 0.9005 0.3361
vn -0.0524 0.9966 0.0638
vn -0.3361 0.9005 0.2758
vn -0.0638 0.9966 0.0524
vn -0.3835 0.9005 0.2050
vn -0.0728 0.9966 0.0389
vn -0.4161 0.9005 0.1262
vn -0.0790 0.9966 0.0240
vn -0.4327 0.9005 0.0426
vn -0.0822 0.9966 0.0081
vn -0.4327 0.9005 -0.0426
vn -0.0822 0.9966 -0.0081
vn -0.4161 0.9005 -0.1262
vn -0.0790 0.9966 -0.0240
vn -0.3835 0.9005 -0.2050
vn -0.0728 0.9966 -0.0389
vn -0.3361 0.9005 -0.2758
vn -0.0638 0.9966 -0.0524
vn -0.2758 0.9005 -0.3361
vn -0.0524 0.9966 -0.0638
vn -0.2050 0.9005 -0.3835
vn -0.0389 0.9966 -0.0728
vn -0.1262 0.9005 -0.4161
vn -0.0240 0.9966 -0.0790
vn -0.0426 0.9005 -0.4327
vn -0.0081 0.9966 -0.0822
vn -0.0000 1.0000 -0.0000
vn 0.0980 -0.0000 -0.9952
vn -0.0980 -0.0000 -0.9952
vn 0.2903 -0.0000 -0.9569
vn 0.4714 -0.0000 -0.8819
vn 0.6344 -0.0000 -0.7730
vn 0.7730 -0.0000 -0.6344
vn 0.8819 -0.0000 -0.4714
vn 0.9569 -0.0000 -0.2903
vn 0.9952 -0.0000 -0.0980
vn 0.9952 -0.0000 0.0980
vn 0.9569 -0.0000 0.2903
vn 0.8819 -0.0000 0.4714
vn 0.7730 -0.0000 0.6344
vn 0.6344 -0.0000 0.7730
vn 0.4714 -0.0000 0.8819
vn 0.2903 -0.0000 0.9569
vn 0.0980 -0.0000 0.9952
vn -0.0980 -0.0000 0.9952
vn -0.2903 -0.0000 0.9569
vn -0.4714 -0.0000 0.8819
vn -0.6344 -0.0000 0.7730
vn -0.7730 -0.0000 0.6344
vn -0.8819 -0.0000 0.4714
vn -0.9569 -0.0000 0.2903
vn -0.9952 -0.0000 0.0980
vn -0.9952 -0.0000 -0.0980
vn -0.9569 -0.0000 -0.2903
vn -0.8819 -0.0000 -0.4714
vn -0.7730 -0.0000 -0.6344
vn -0.6344 -0.0000 -0.7730
vn -0.4714 -0.0000 -0.8819
vn -0.2903 -0.0000 -0.9569
vn -1.0000 -0.0000 -0.0000
vn -0.0000 -0.0000 -1.0000
vn 1.0000 -0.0000 -0.0000
vn -0.0000 -0.0000 1.0000
vn 0.3997 0.5515 0.7322
vn 0.0945 0.1259 0.9875
vn 0.0945 0.1259 -0.9875
vn 0.3997 0.5515 -0.7322
vn -0.3997 0.5515 0.7322
vn -0.0945 0.1259 0.9875
vn -0.0945 0.1259 -0.9875
vn -0.3997 0.5515 -0.7322
vn -0.5827 0.8127 -0.0000
vn 0.5827 0.8127 -0.0000
vn 0.1973 0.9803 -0.0000
vn -0.1973 0.9803 -0.0000
vn -0.3090 -0.4392 -0.8436
vn -0.0625 -0.0888 -0.9941
vn 0.0625 -0.0888 -0.9941
vn 0.3090 -0.4392 -0.8436
vn -0.1862 -0.0606 -0.9806
vn -0.7346 -0.2174 -0.6427
vn 0.1862 -0.0606 -0.9806
vn 0.7346 -0.2174 -0.6427
vn -0.9611 -0.2762 -0.0000
vn -0.5753 -0.8179 -0.0000
vn 0.5753 -0.8179 -0.0000
vn 0.9611 -0.2762 -0.0000
vn -0.9994 0.0335 -0.0000
vn 0.9994 0.0335 -0.0000
vt 0.483906 0.143218
vt 0.474334 0.128893
vt 0.467741 0.112976
vt 0.464380 0.096078
vt 0.464380 0.078849
vt 0.467741 0.061951
vt 0.474334 0.046034
vt 0.483906 0.031709
vt 0.496089 0.019526
vt 0.510414 0.009954
vt 0.526331 0.003361
vt 0.543229 -0.000000
vt 0.560458 -0.000000
vt 0.577356 0.003361
vt 0.593273 0.009954
vt 0.607598 0.019526
vt 0.619781 0.031709
vt 0.629353 0.046034
vt 0.635946 0.061951
vt 0.639307 0.078849
vt 0.639307 0.096078
vt 0.635946 0.112976
vt 0.629353 0.128893
vt 0.619781 0.143218
vt 0.607598 0.155401
vt 0.593273 0.164973
vt 0.577356 0.171566
vt 0.560458 0.174927
vt 0.543229 0.174927
vt 0.526331 0.171566
vt 0.510414 0.164973
vt 0.496089 0.155401
vt 0.667962 0.525164
vt 0.650816 0.525244
vt 0.650816 0.510871
vt 0.666816 0.510796
vt 0.473669 0.295208
vt 0.467517 0.280354
vt 0.481083 0.276239
vt 0.486172 0.288525
vt 0.684448 0.524924
vt 0.682201 0.510572
vt 0.482601 0.308576
vt 0.493560 0.299582
vt 0.699643 0.524536
vt 0.696381 0.510210
vt 0.493970 0.319945
vt 0.502964 0.308986
vt 0.712961 0.524013
vt 0.708809 0.509722
vt 0.507338 0.328877
vt 0.514021 0.316374
vt 0.477698 0.524677
vt 0.464380 0.524046
vt 0.468532 0.509722
vt 0.480960 0.510310
vt 0.522192 0.335029
vt 0.526307 0.321463
vt 0.492892 0.525145
vt 0.495140 0.510747
vt 0.537961 0.338166
vt 0.539350 0.324058
vt 0.509379 0.525433
vt 0.510525 0.511016
vt 0.554038 0.338166
vt 0.552649 0.324058
vt 0.526525 0.525531
vt 0.526525 0.511107
vt 0.569807 0.335029
vt 0.565692 0.321463
vt 0.543671 0.525433
vt 0.542525 0.511016
vt 0.584661 0.328877
vt 0.577978 0.316374
vt 0.560158 0.525145
vt 0.557911 0.510747
vt 0.598029 0.319945
vt 0.589035 0.308986
vt 0.575352 0.524677
vt 0.572090 0.510310
vt 0.609398 0.308576
vt 0.598439 0.299582
vt 0.588670 0.524046
vt 0.584518 0.509722
vt 0.618330 0.295208
vt 0.605827 0.288525
vt 0.477698 0.353257
vt 0.464380 0.352522
vt 0.468532 0.338166
vt 0.480960 0.338852
vt 0.624482 0.280354
vt 0.610916 0.276239
vt 0.492892 0.353804
vt 0.495140 0.339362
vt 0.627619 0.264585
vt 0.613511 0.263196
vt 0.509379 0.354140
vt 0.510525 0.339676
vt 0.627619 0.248508
vt 0.613511 0.249897
vt 0.526525 0.354254
vt 0.526525 0.339782
vt 0.624482 0.232739
vt 0.610916 0.236854
vt 0.543671 0.354140
vt 0.542525 0.339676
vt 0.618330 0.217885
vt 0.605827 0.224568
vt 0.560158 0.353804
vt 0.557911 0.339362
vt 0.609397 0.204517
vt 0.598439 0.213511
vt 0.575352 0.353257
vt 0.572090 0.338852
vt 0.598029 0.193148
vt 0.589035 0.204107
vt 0.588670 0.352522
vt 0.584518 0.338166
vt 0.584661 0.184216
vt 0.577978 0.196719
vt 0.601988 0.353121
vt 0.588670 0.352491
vt 0.592823 0.338166
vt 0.605251 0.338754
vt 0.569807 0.178064
vt 0.565692 0.191630
vt 0.617183 0.353589
vt 0.619430 0.339191
vt 0.554038 0.174927
vt 0.552649 0.189035
vt 0.633670 0.353878
vt 0.634816 0.339461
vt 0.537961 0.174927
vt 0.539350 0.189035
vt 0.650816 0.353975
vt 0.650816 0.339552
vt 0.522192 0.178064
vt 0.526307 0.191630
vt 0.667962 0.353878
vt 0.666816 0.339461
vt 0.507338 0.184216
vt 0.514021 0.196719
vt 0.684448 0.353589
vt 0.682201 0.339191
vt 0.493970 0.193148
vt 0.502964 0.204107
vt 0.699643 0.353121
vt 0.696381 0.338754
vt 0.482601 0.204517
vt 0.493560 0.213511
vt 0.712961 0.352491
vt 0.708809 0.338166
vt 0.473669 0.217885
vt 0.486172 0.224568
vt 0.601988 0.524536
vt 0.588670 0.524013
vt 0.592823 0.509722
vt 0.605251 0.510210
vt 0.467516 0.232739
vt 0.481083 0.236854
vt 0.617183 0.524924
vt 0.619430 0.510572
vt 0.464380 0.248508
vt 0.478488 0.249897
vt 0.633670 0.525164
vt 0.634816 0.510796
vt 0.464380 0.264585
vt 0.478488 0.263196
vt 0.650816 0.680887
vt 0.667962 0.680806
vt 0.633670 0.680806
vt 0.684448 0.680567
vt 0.699643 0.680178
vt 0.712961 0.679655
vt 0.464380 0.679608
vt 0.477698 0.680238
vt 0.492892 0.680707
vt 0.509379 0.680995
vt 0.526525 0.681092
vt 0.543671 0.680995
vt 0.560158 0.680707
vt 0.575352 0.680238
vt 0.588670 0.679608
vt 0.464380 0.507990
vt 0.477698 0.508725
vt 0.492892 0.509272
vt 0.509379 0.509608
vt 0.526525 0.509722
vt 0.543671 0.509608
vt 0.560158 0.509272
vt 0.575352 0.508725
vt 0.588670 0.507990
vt 0.588670 0.508052
vt 0.601988 0.508682
vt 0.617183 0.509151
vt 0.633670 0.509439
vt 0.650816 0.509537
vt 0.667962 0.509439
vt 0.684448 0.509151
vt 0.699643 0.508682
vt 0.712961 0.508052
vt 0.588670 0.679655
vt 0.601988 0.680178
vt 0.617183 0.680567
vt 0.812009 0.292933
vt 0.812009 0.175885
vt 0.825344 0.175822
vt 0.825344 0.292870
vt 0.838167 0.175636
vt 0.838167 0.292684
vt 0.849985 0.175334
vt 0.849985 0.292382
vt 0.860344 0.174927
vt 0.860344 0.291975
vt 0.685341 0.797874
vt 0.685341 0.680887
vt 0.695699 0.681377
vt 0.695699 0.798364
vt 0.707517 0.681742
vt 0.707517 0.798729
vt 0.720340 0.681966
vt 0.720340 0.798953
vt 0.733676 0.682042
vt 0.733676 0.799029
vt 0.747012 0.681966
vt 0.747012 0.798953
vt 0.759835 0.681742
vt 0.759835 0.798729
vt 0.771653 0.681377
vt 0.771653 0.798364
vt 0.782011 0.680887
vt 0.782011 0.797874
vt 0.588670 0.797804
vt 0.588670 0.680887
vt 0.599029 0.681459
vt 0.599029 0.798376
vt 0.610847 0.681884
vt 0.610847 0.798800
vt 0.623670 0.682145
vt 0.623670 0.799062
vt 0.637006 0.682234
vt 0.637006 0.799151
vt 0.650341 0.682145
vt 0.650341 0.799062
vt 0.663164 0.681884
vt 0.663164 0.798800
vt 0.674982 0.681459
vt 0.674982 0.798376
vt 0.685341 0.680887
vt 0.685341 0.797804
vt 0.464380 0.798080
vt 0.464380 0.681092
vt 0.474738 0.681583
vt 0.474738 0.798570
vt 0.486556 0.681947
vt 0.486556 0.798934
vt 0.499379 0.682171
vt 0.499379 0.799159
vt 0.512715 0.682247
vt 0.512715 0.799235
vt 0.526051 0.682171
vt 0.526051 0.799159
vt 0.538874 0.681947
vt 0.538874 0.798934
vt 0.550692 0.681583
vt 0.550692 0.798570
vt 0.561050 0.681092
vt 0.561050 0.798080
vt 0.763673 0.291975
vt 0.763673 0.174927
vt 0.774032 0.175334
vt 0.774032 0.292382
vt 0.785850 0.175636
vt 0.785850 0.292684
vt 0.652281 0.295794
vt 0.642806 0.286319
vt 0.635361 0.275177
vt 0.630233 0.262797
vt 0.627619 0.249654
vt 0.627619 0.236254
vt 0.630233 0.223111
vt 0.635361 0.210731
vt 0.642806 0.199589
vt 0.652281 0.190114
vt 0.663423 0.182669
vt 0.675803 0.177541
vt 0.688946 0.174927
vt 0.702346 0.174927
vt 0.715489 0.177541
vt 0.727869 0.182669
vt 0.739011 0.190114
vt 0.748486 0.199589
vt 0.755931 0.210731
vt 0.761059 0.223111
vt 0.763673 0.236254
vt 0.763673 0.249654
vt 0.761059 0.262797
vt 0.755931 0.275177
vt 0.748486 0.286319
vt 0.739011 0.295794
vt 0.727869 0.303239
vt 0.715489 0.308367
vt 0.702346 0.310981
vt 0.688946 0.310981
vt 0.675803 0.308367
vt 0.663423 0.303239
vt 0.798673 0.175822
vt 0.798673 0.292870
vt 0.654494 0.111392
vt 0.647049 0.100250
vt 0.641921 0.087870
vt 0.639307 0.074727
vt 0.639307 0.061327
vt 0.641921 0.048184
vt 0.647049 0.035804
vt 0.654494 0.024662
vt 0.663969 0.015187
vt 0.675111 0.007742
vt 0.687491 0.002614
vt 0.700634 0.000000
vt 0.714034 0.000000
vt 0.727177 0.002614
vt 0.739557 0.007742
vt 0.750699 0.015187
vt 0.760174 0.024662
vt 0.767619 0.035804
vt 0.772747 0.048184
vt 0.775361 0.061327
vt 0.775361 0.074727
vt 0.772747 0.087870
vt 0.767619 0.100250
vt 0.760174 0.111392
vt 0.750699 0.120867
vt 0.739557 0.128312
vt 0.727177 0.133440
vt 0.714034 0.136054
vt 0.700634 0.136054
vt 0.687491 0.133440
vt 0.675111 0.128312
vt 0.663969 0.120867
vt 0.867249 0.970990
vt 0.867249 0.175064
vt 0.869154 0.175055
vt 0.869154 0.970981
vt 0.870986 0.175028
vt 0.870986 0.970955
vt 0.872674 0.174985
vt 0.872674 0.970911
vt 0.874154 0.174927
vt 0.874154 0.970853
vt 0.874154 0.970439
vt 0.874154 0.174927
vt 0.875634 0.174997
vt 0.875634 0.970509
vt 0.877322 0.175049
vt 0.877322 0.970561
vt 0.879154 0.175081
vt 0.879154 0.970594
vt 0.881059 0.175092
vt 0.881059 0.970604
vt 0.882964 0.175081
vt 0.882964 0.970594
vt 0.884796 0.175049
vt 0.884796 0.970561
vt 0.886484 0.174997
vt 0.886484 0.970509
vt 0.887964 0.174927
vt 0.887964 0.970439
vt 0.901774 0.969961
vt 0.901774 0.174927
vt 0.903254 0.175009
vt 0.903254 0.970042
vt 0.904942 0.175069
vt 0.904942 0.970103
vt 0.906774 0.175107
vt 0.906774 0.970141
vt 0.908679 0.175119
vt 0.908679 0.970153
vt 0.910584 0.175107
vt 0.910584 0.970141
vt 0.912416 0.175069
vt 0.912416 0.970103
vt 0.914104 0.175009
vt 0.914104 0.970042
vt 0.915584 0.174927
vt 0.915584 0.969961
vt 0.889444 0.174997
vt 0.889444 0.970509
vt 0.891132 0.175049
vt 0.891132 0.970561
vt 0.892964 0.175081
vt 0.892964 0.970594
vt 0.894869 0.175092
vt 0.894869 0.970604
vt 0.896774 0.175081
vt 0.896774 0.970594
vt 0.898606 0.175049
vt 0.898606 0.970561
vt 0.900294 0.174997
vt 0.900294 0.970509
vt 0.901774 0.174927
vt 0.901774 0.970439
vt 0.860344 0.970853
vt 0.860344 0.174927
vt 0.861824 0.174985
vt 0.861824 0.970911
vt 0.863512 0.175028
vt 0.863512 0.970955
vt 0.643532 0.328248
vt 0.641940 0.329312
vt 0.640172 0.330044
vt 0.638294 0.330418
vt 0.636380 0.330418
vt 0.634503 0.330044
vt 0.632734 0.329312
vt 0.631142 0.328248
vt 0.629789 0.326894
vt 0.628725 0.325303
vt 0.627993 0.323534
vt 0.627619 0.321657
vt 0.627619 0.319742
vt 0.627993 0.317865
vt 0.628725 0.316096
vt 0.629789 0.314504
vt 0.631142 0.313151
vt 0.632734 0.312087
vt 0.634503 0.311355
vt 0.636380 0.310981
vt 0.638294 0.310981
vt 0.640172 0.311355
vt 0.641940 0.312087
vt 0.643532 0.313151
vt 0.644886 0.314504
vt 0.645949 0.316096
vt 0.646682 0.317865
vt 0.647055 0.319742
vt 0.647055 0.321657
vt 0.646682 0.323534
vt 0.645949 0.325303
vt 0.644886 0.326894
vt 0.865344 0.175055
vt 0.865344 0.970981
vt 0.653628 0.154385
vt 0.651860 0.155117
vt 0.649982 0.155491
vt 0.648068 0.155491
vt 0.646190 0.155117
vt 0.644422 0.154385
vt 0.642830 0.153321
vt 0.641477 0.151967
vt 0.640413 0.150376
vt 0.639680 0.148607
vt 0.639307 0.146730
vt 0.639307 0.144815
vt 0.639680 0.142938
vt 0.640413 0.141169
vt 0.641477 0.139577
vt 0.642830 0.138224
vt 0.644422 0.137160
vt 0.646190 0.136428
vt 0.648068 0.136054
vt 0.649982 0.136054
vt 0.651860 0.136428
vt 0.653628 0.137160
vt 0.655220 0.138224
vt 0.656574 0.139577
vt 0.657637 0.141169
vt 0.658370 0.142938
vt 0.658743 0.144815
vt 0.658743 0.146730
vt 0.658370 0.148607
vt 0.657637 0.150376
vt 0.656574 0.151967
vt 0.655220 0.153321
vt 0.841561 0.806115
vt 0.841561 0.338166
vt 0.851326 0.338166
vt 0.851326 0.806115
vt 0.798594 0.806358
vt 0.798594 0.338166
vt 0.820077 0.338166
vt 0.820077 0.806358
vt 0.915584 0.642875
vt 0.915584 0.174927
vt 0.925349 0.174927
vt 0.925349 0.642875
vt 0.820077 0.805833
vt 0.820077 0.338166
vt 0.841561 0.338166
vt 0.841561 0.805833
vt 0.656821 0.310981
vt 0.656821 0.332465
vt 0.647055 0.332465
vt 0.647055 0.310981
vt 0.666586 0.310981
vt 0.666586 0.332465
vt 0.656821 0.310981
vt 0.284028 0.323926
vt 0.373100 0.005339
vt 0.374689 0.003820
vt 0.284028 0.335048
vt 0.378526 0.000000
vt 0.284028 0.361743
vt 0.094654 0.362149
vt 0.000157 0.000000
vt 0.003993 0.003834
vt 0.094654 0.335433
vt 0.005582 0.005376
vt 0.094654 0.324321
vt 0.194956 0.005339
vt 0.193367 0.003820
vt 0.189530 0.000000
vt 0.189152 0.000000
vt 0.185315 0.003834
vt 0.183726 0.005376
vt 0.754155 0.667847
vt 0.714583 0.667847
vt 0.714583 0.343930
vt 0.754155 0.343930
vt 0.757400 0.667847
vt 0.757400 0.343930
vt 0.796972 0.343930
vt 0.796972 0.667847
vt 0.284028 0.999032
vt 0.235077 0.827267
vt 0.189309 0.032909
vt 0.378747 0.032909
vt 0.332979 0.827267
vt 0.798594 0.338166
vt 0.798119 0.342242
vt 0.756253 0.342242
vt 0.755777 0.338166
vt 0.712961 0.338166
vt 0.755778 0.338166
vt 0.755302 0.342242
vt 0.713436 0.342242
vt 0.094654 1.000000
vt 0.045703 0.828041
vt 0.048295 0.815424
vt 0.094654 0.978277
vt 0.054553 0.784745
vt 0.094654 0.925616
vt 0.134756 0.784745
vt 0.141013 0.815424
vt 0.143605 0.828041
vt 0.000000 0.023251
vt 0.420621 0.023293
vt 0.420621 0.812269
vt 0.418344 0.825138
vt 0.418344 0.032941
vt 0.189309 0.023251
vt 0.422506 0.812269
vt 0.422506 0.023293
vt 0.424782 0.032941
vt 0.424782 0.825138
vt 0.378747 0.825138
vt 0.378747 0.032941
vt 0.418344 0.994184
vt 0.378747 0.994184
vt 0.464380 0.825138
vt 0.464380 0.994184
vt 0.424782 0.994184
vt 0.464380 0.032941
vt 0.378747 0.000000
vt 0.421563 0.000000
vt 0.421563 0.000000
vt 0.464380 0.000000
s 1
usemtl Material.021
f 1225/2269/513 1226/2270/513 1227/2271/513 1228/2272/513 1229/2273/513 1230/2274/513 1231/2275/513 1232/2276/513 1233/2277/513 1234/2278/513 1235/2279/513 1236/2280/513 1237/2281/513 1238/2282/513 1239/2283/513 1240/2284/513 1241/2285/513 1242/2286/513 1243/2287/513 1244/2288/513 1245/2289/513 1246/2290/513 1247/2291/513 1248/2292/513 1249/2293/513 1250/2294/513 1251/2295/513 1252/2296/513 1253/2297/513 1254/2298/513 1255/2299/513 1256/2300/513
f 1261/2301/514 1258/2302/514 1259/2303/514 1262/2304/514
f 1262/2305/515 1259/2306/515 1257/2307/515 1260/2308/515
f 1264/2309/516 1261/2301/516 1262/2304/516 1265/2310/516
f 1265/2311/517 1262/2305/517 1260/2308/517 1263/2312/517
f 1267/2313/518 1264/2309/518 1265/2310/518 1268/2314/518
f 1268/2315/519 1265/2311/519 1263/2312/519 1266/2316/519
f 1270/2317/520 1267/2313/520 1268/2314/520 1271/2318/520
f 1271/2319/521 1268/2315/521 1266/2316/521 1269/2320/521
f 1273/2321/522 1270/2322/522 1271/2323/522 1274/2324/522
f 1274/2325/523 1271/2319/523 1269/2320/523 1272/2326/523
f 1276/2327/524 1273/2321/524 1274/2324/524 1277/2328/524
f 1277/2329/525 1274/2325/525 1272/2326/525 1275/2330/525
f 1279/2331/526 1276/2327/526 1277/2328/526 1280/2332/526
f 1280/2333/527 1277/2329/527 1275/2330/527 1278/2334/527
f 1282/2335/528 1279/2331/528 1280/2332/528 1283/2336/528
f 1283/2337/529 1280/2333/529 1278/2334/529 1281/2338/529
f 1285/2339/530 1282/2335/530 1283/2336/530 1286/2340/530
f 1286/2341/531 1283/2337/531 1281/2338/531 1284/2342/531
f 1288/2343/532 1285/2339/532 1286/2340/532 1289/2344/532
f 1289/2345/533 1286/2341/533 1284/2342/533 1287/2346/533
f 1291/2347/534 1288/2343/534 1289/2344/534 1292/2348/534
f 1292/2349/535 1289/2345/535 1287/2346/535 1290/2350/535
f 1294/2351/536 1291/2347/536 1292/2348/536 1295/2352/536
f 1295/2353/537 1292/2349/537 1290/2350/537 1293/2354/537
f 1297/2355/538 1294/2356/538 1295/2357/538 1298/2358/538
f 1298/2359/539 1295/2353/539 1293/2354/539 1296/2360/539
f 1300/2361/540 1297/2355/540 1298/2358/540 1301/2362/540
f 1301/2363/541 1298/2359/541 1296/2360/541 1299/2364/541
f 1303/2365/542 1300/2361/542 1301/2362/542 1304/2366/542
f 1304/2367/543 1301/2363/543 1299/2364/543 1302/2368/543
f 1306/2369/544 1303/2365/544 1304/2366/544 1307/2370/544
f 1307/2371/545 1304/2367/545 1302/2368/545 1305/2372/545
f 1309/2373/546 1306/2369/546 1307/2370/546 1310/2374/546
f 1310/2375/547 1307/2371/547 1305/2372/547 1308/2376/547
f 1312/2377/548 1309/2373/548 1310/2374/548 1313/2378/548
f 1313/2379/549 1310/2375/549 1308/2376/549 1311/2380/549
f 1315/2381/550 1312/2377/550 1313/2378/550 1316/2382/550
f 1316/2383/551 1313/2379/551 1311/2380/551 1314/2384/551
f 1318/2385/552 1315/2381/552 1316/2382/552 1319/2386/552
f 1319/2387/553 1316/2383/553 1314/2384/553 1317/2388/553
f 1321/2389/554 1318/2390/554 1319/2391/554 1322/2392/554
f 1322/2393/555 1319/2387/555 1317/2388/555 1320/2394/555
f 1324/2395/556 1321/2389/556 1322/2392/556 1325/2396/556
f 1325/2397/557 1322/2393/557 1320/2394/557 1323/2398/557
f 1327/2399/558 1324/2395/558 1325/2396/558 1328/2400/558
f 1328/2401/559 1325/2397/559 1323/2398/559 1326/2402/559
f 1330/2403/560 1327/2399/560 1328/2400/560 1331/2404/560
f 1331/2405/561 1328/2401/561 1326/2402/561 1329/2406/561
f 1333/2407/562 1330/2403/562 1331/2404/562 1334/2408/562
f 1334/2409/563 1331/2405/563 1329/2406/563 1332/2410/563
f 1336/2411/564 1333/2407/564 1334/2408/564 1337/2412/564
f 1337/2413/565 1334/2409/565 1332/2410/565 1335/2414/565
f 1339/2415/566 1336/2411/566 1337/2412/566 1340/2416/566
f 1340/2417/567 1337/2413/567 1335/2414/567 1338/2418/567
f 1342/2419/568 1339/2415/568 1340/2416/568 1343/2420/568
f 1343/2421/569 1340/2417/569 1338/2418/569 1341/2422/569
f 1345/2423/570 1342/2424/570 1343/2425/570 1346/2426/570
f 1346/2427/571 1343/2421/571 1341/2422/571 1344/2428/571
f 1348/2429/572 1345/2423/572 1346/2426/572 1349/2430/572
f 1349/2431/573 1346/2427/573 1344/2428/573 1347/2432/573
f 1351/2433/574 1348/2429/574 1349/2430/574 1352/2434/574
f 1352/2435/575 1349/2431/575 1347/2432/575 1350/2436/575
f 1258/2302/576 1351/2433/576 1352/2434/576 1259/2303/576
f 1259/2306/577 1352/2435/577 1350/2436/577 1257/2307/577
f 1260/2308/578 1257/2307/578 1350/2436/578 1347/2432/578 1344/2428/578 1341/2422/578 1338/2418/578 1335/2414/578 1332/2410/578 1329/2406/578 1326/2402/578 1323/2398/578 1320/2394/578 1317/2388/578 1314/2384/578 1311/2380/578 1308/2376/578 1305/2372/578 1302/2368/578 1299/2364/578 1296/2360/578 1293/2354/578 1290/2350/578 1287/2346/578 1284/2342/578 1281/2338/578 1278/2334/578 1275/2330/578 1272/2326/578 1269/2320/578 1266/2316/578 1263/2312/578
f 1225/2437/579 1258/2302/579 1261/2301/579 1226/2438/579
f 1256/2439/580 1351/2433/580 1258/2302/580 1225/2437/580
f 1226/2438/581 1261/2301/581 1264/2309/581 1227/2440/581
f 1227/2440/582 1264/2309/582 1267/2313/582 1228/2441/582
f 1228/2441/583 1267/2313/583 1270/2317/583 1229/2442/583
f 1229/2443/584 1270/2322/584 1273/2321/584 1230/2444/584
f 1230/2444/585 1273/2321/585 1276/2327/585 1231/2445/585
f 1231/2445/586 1276/2327/586 1279/2331/586 1232/2446/586
f 1232/2446/587 1279/2331/587 1282/2335/587 1233/2447/587
f 1233/2447/588 1282/2335/588 1285/2339/588 1234/2448/588
f 1234/2448/589 1285/2339/589 1288/2343/589 1235/2449/589
f 1235/2449/590 1288/2343/590 1291/2347/590 1236/2450/590
f 1236/2450/591 1291/2347/591 1294/2351/591 1237/2451/591
f 1237/2452/592 1294/2356/592 1297/2355/592 1238/2453/592
f 1238/2453/593 1297/2355/593 1300/2361/593 1239/2454/593
f 1239/2454/594 1300/2361/594 1303/2365/594 1240/2455/594
f 1240/2455/595 1303/2365/595 1306/2369/595 1241/2456/595
f 1241/2456/596 1306/2369/596 1309/2373/596 1242/2457/596
f 1242/2457/597 1309/2373/597 1312/2377/597 1243/2458/597
f 1243/2458/598 1312/2377/598 1315/2381/598 1244/2459/598
f 1244/2459/599 1315/2381/599 1318/2385/599 1245/2460/599
f 1245/2461/600 1318/2390/600 1321/2389/600 1246/2462/600
f 1246/2462/601 1321/2389/601 1324/2395/601 1247/2463/601
f 1247/2463/602 1324/2395/602 1327/2399/602 1248/2464/602
f 1248/2464/603 1327/2399/603 1330/2403/603 1249/2465/603
f 1249/2465/604 1330/2403/604 1333/2407/604 1250/2466/604
f 1250/2466/605 1333/2407/605 1336/2411/605 1251/2467/605
f 1251/2467/606 1336/2411/606 1339/2415/606 1252/2468/606
f 1252/2468/607 1339/2415/607 1342/2419/607 1253/2469/607
f 1253/2470/608 1342/2424/608 1345/2423/608 1254/2471/608
f 1254/2471/609 1345/2423/609 1348/2429/609 1255/2472/609
f 1255/2472/610 1348/2429/610 1351/2433/610 1256/2439/610
f 1353/2473/579 1354/2474/579 1356/2475/579 1355/2476/579
f 1355/2476/581 1356/2475/581 1358/2477/581 1357/2478/581
f 1357/2478/582 1358/2477/582 1360/2479/582 1359/2480/582
f 1359/2480/583 1360/2479/583 1362/2481/583 1361/2482/583
f 1361/2483/584 1362/2484/584 1364/2485/584 1363/2486/584
f 1363/2486/585 1364/2485/585 1366/2487/585 1365/2488/585
f 1365/2488/586 1366/2487/586 1368/2489/586 1367/2490/586
f 1367/2490/587 1368/2489/587 1370/2491/587 1369/2492/587
f 1369/2492/588 1370/2491/588 1372/2493/588 1371/2494/588
f 1371/2494/589 1372/2493/589 1374/2495/589 1373/2496/589
f 1373/2496/590 1374/2495/590 1376/2497/590 1375/2498/590
f 1375/2498/591 1376/2497/591 1378/2499/591 1377/2500/591
f 1377/2501/592 1378/2502/592 1380/2503/592 1379/2504/592
f 1379/2504/593 1380/2503/593 1382/2505/593 1381/2506/593
f 1381/2506/594 1382/2505/594 1384/2507/594 1383/2508/594
f 1383/2508/595 1384/2507/595 1386/2509/595 1385/2510/595
f 1385/2510/596 1386/2509/596 1388/2511/596 1387/2512/596
f 1387/2512/597 1388/2511/597 1390/2513/597 1389/2514/597
f 1389/2514/598 1390/2513/598 1392/2515/598 1391/2516/598
f 1391/2516/599 1392/2515/599 1394/2517/599 1393/2518/599
f 1393/2519/600 1394/2520/600 1396/2521/600 1395/2522/600
f 1395/2522/601 1396/2521/601 1398/2523/601 1397/2524/601
f 1397/2524/602 1398/2523/602 1400/2525/602 1399/2526/602
f 1399/2526/603 1400/2525/603 1402/2527/603 1401/2528/603
f 1401/2528/604 1402/2527/604 1404/2529/604 1403/2530/604
f 1403/2530/605 1404/2529/605 1406/2531/605 1405/2532/605
f 1405/2532/606 1406/2531/606 1408/2533/606 1407/2534/606
f 1407/2534/607 1408/2533/607 1410/2535/607 1409/2536/607
f 1409/2537/608 1410/2538/608 1412/2539/608 1411/2540/608
f 1411/2540/609 1412/2539/609 1414/2541/609 1413/2542/609
f 1356/2543/578 1354/2544/578 1416/2545/578 1414/2546/578 1412/2547/578 1410/2548/578 1408/2549/578 1406/2550/578 1404/2551/578 1402/2552/578 1400/2553/578 1398/2554/578 1396/2555/578 1394/2556/578 1392/2557/578 1390/2558/578 1388/2559/578 1386/2560/578 1384/2561/578 1382/2562/578 1380/2563/578 1378/2564/578 1376/2565/578 1374/2566/578 1372/2567/578 1370/2568/578 1368/2569/578 1366/2570/578 1364/2571/578 1362/2572/578 1360/2573/578 1358/2574/578
f 1413/2542/610 1414/2541/610 1416/2575/610 1415/2576/610
f 1415/2576/580 1416/2575/580 1354/2474/580 1353/2473/580
f 1353/2577/513 1355/2578/513 1357/2579/513 1359/2580/513 1361/2581/513 1363/2582/513 1365/2583/513 1367/2584/513 1369/2585/513 1371/2586/513 1373/2587/513 1375/2588/513 1377/2589/513 1379/2590/513 1381/2591/513 1383/2592/513 1385/2593/513 1387/2594/513 1389/2595/513 1391/2596/513 1393/2597/513 1395/2598/513 1397/2599/513 1399/2600/513 1401/2601/513 1403/2602/513 1405/2603/513 1407/2604/513 1409/2605/513 1411/2606/513 1413/2607/513 1415/2608/513
f 1417/2609/579 1418/2610/579 1420/2611/579 1419/2612/579
f 1419/2612/581 1420/2611/581 1422/2613/581 1421/2614/581
f 1421/2614/582 1422/2613/582 1424/2615/582 1423/2616/582
f 1423/2616/583 1424/2615/583 1426/2617/583 1425/2618/583
f 1425/2619/584 1426/2620/584 1428/2621/584 1427/2622/584
f 1427/2622/585 1428/2621/585 1430/2623/585 1429/2624/585
f 1429/2624/586 1430/2623/586 1432/2625/586 1431/2626/586
f 1431/2626/587 1432/2625/587 1434/2627/587 1433/2628/587
f 1433/2628/588 1434/2627/588 1436/2629/588 1435/2630/588
f 1435/2630/589 1436/2629/589 1438/2631/589 1437/2632/589
f 1437/2632/590 1438/2631/590 1440/2633/590 1439/2634/590
f 1439/2634/591 1440/2633/591 1442/2635/591 1441/2636/591
f 1441/2637/592 1442/2638/592 1444/2639/592 1443/2640/592
f 1443/2640/593 1444/2639/593 1446/2641/593 1445/2642/593
f 1445/2642/594 1446/2641/594 1448/2643/594 1447/2644/594
f 1447/2644/595 1448/2643/595 1450/2645/595 1449/2646/595
f 1449/2646/596 1450/2645/596 1452/2647/596 1451/2648/596
f 1451/2648/597 1452/2647/597 1454/2649/597 1453/2650/597
f 1453/2650/598 1454/2649/598 1456/2651/598 1455/2652/598
f 1455/2652/599 1456/2651/599 1458/2653/599 1457/2654/599
f 1457/2636/600 1458/2635/600 1460/2655/600 1459/2656/600
f 1459/2656/601 1460/2655/601 1462/2657/601 1461/2658/601
f 1461/2658/602 1462/2657/602 1464/2659/602 1463/2660/602
f 1463/2660/603 1464/2659/603 1466/2661/603 1465/2662/603
f 1465/2662/604 1466/2661/604 1468/2663/604 1467/2664/604
f 1467/2664/605 1468/2663/605 1470/2665/605 1469/2666/605
f 1469/2666/606 1470/2665/606 1472/2667/606 1471/2668/606
f 1471/2668/607 1472/2667/607 1474/2669/607 1473/2670/607
f 1473/2671/608 1474/2672/608 1476/2673/608 1475/2674/608
f 1475/2674/609 1476/2673/609 1478/2675/609 1477/2676/609
f 1420/2677/578 1418/2678/578 1480/2679/578 1478/2680/578 1476/2681/578 1474/2682/578 1472/2683/578 1470/2684/578 1468/2685/578 1466/2686/578 1464/2687/578 1462/2688/578 1460/2689/578 1458/2690/578 1456/2691/578 1454/2692/578 1452/2693/578 1450/2694/578 1448/2695/578 1446/2696/578 1444/2697/578 1442/2698/578 1440/2699/578 1438/2700/578 1436/2701/578 1434/2702/578 1432/2703/578 1430/2704/578 1428/2705/578 1426/2706/578 1424/2707/578 1422/2708/578
f 1477/2676/610 1478/2675/610 1480/2709/610 1479/2710/610
f 1479/2710/580 1480/2709/580 1418/2610/580 1417/2609/580
f 1417/2711/513 1419/2712/513 1421/2713/513 1423/2714/513 1425/2715/513 1427/2716/513 1429/2717/513 1431/2718/513 1433/2719/513 1435/2720/513 1437/2721/513 1439/2722/513 1441/2723/513 1443/2724/513 1445/2725/513 1447/2726/513 1449/2727/513 1451/2728/513 1453/2729/513 1455/2730/513 1457/2731/513 1459/2732/513 1461/2733/513 1463/2734/513 1465/2735/513 1467/2736/513 1469/2737/513 1471/2738/513 1473/2739/513 1475/2740/513 1477/2741/513 1479/2742/513
f 1481/2743/611 1482/2744/611 1484/2745/611 1483/2746/611
f 1483/2747/612 1484/2748/612 1488/2749/612 1487/2750/612
f 1487/2751/613 1488/2752/613 1486/2753/613 1485/2754/613
f 1485/2755/614 1486/2756/614 1482/2757/614 1481/2758/614
f 1483/2759/513 1487/2760/513 1485/2761/513 1481/2762/513
f 1488/2763/578 1484/2764/578 1482/2760/578 1486/2765/578
f 1502/2766/615 1505/2767/615 1506/2768/615 1503/2769/615
f 1503/2769/616 1506/2768/616 1504/2770/616 1501/2771/616
f 1499/2772/617 1508/2773/617 1509/2774/617 1500/2775/617
f 1500/2775/618 1509/2774/618 1507/2776/618 1498/2777/618
f 1510/2778/619 1502/2766/619 1503/2769/619 1512/2779/619
f 1512/2779/620 1503/2769/620 1501/2771/620 1511/2780/620
f 1513/2781/621 1499/2772/621 1500/2775/621 1515/2782/621
f 1515/2782/622 1500/2775/622 1498/2777/622 1514/2783/622
f 1498/2784/623 1502/2785/623 1510/2786/623 1514/2787/623
f 1498/2788/624 1507/2789/624 1505/2790/624 1502/2791/624
f 1490/2792/614 1491/2793/614 1495/2794/614 1496/2780/614 1511/2780/614 1501/2771/614
f 1490/2792/614 1501/2771/614 1504/2770/614 1493/2770/614 1492/2795/614 1489/2796/614
f 1504/2797/625 1506/2798/625 1505/2790/625 1507/2789/625 1509/2799/625 1508/2800/625 1494/2800/625 1493/2797/625
f 1496/2801/626 1497/2802/626 1513/2802/626 1515/2803/626 1514/2787/626 1510/2786/626 1512/2804/626 1511/2801/626
f 1520/2805/627 1517/2806/627 1518/2807/627 1521/2808/627
f 1521/2808/628 1518/2807/628 1516/2809/628 1519/2810/628
f 1519/2810/629 1522/2811/629 1524/2812/629 1521/2808/629
f 1521/2808/630 1524/2812/630 1523/2813/630 1520/2805/630
f 1525/2773/631 1516/2809/631 1518/2807/631 1527/2814/631
f 1527/2815/632 1518/2816/632 1517/2817/632 1526/2818/632
f 1522/2811/633 1529/2781/633 1530/2819/633 1524/2812/633
f 1524/2820/634 1530/2821/634 1528/2822/634 1523/2823/634
f 1489/2824/635 1492/2825/635 1526/2818/635 1517/2817/635
f 1517/2817/636 1520/2826/636 1490/2827/636 1489/2824/636
f 1516/2809/612 1525/2773/612 1494/2773/612 1508/2773/612 1499/2772/612 1519/2810/612
f 1523/2823/637 1491/2828/637 1490/2829/637 1520/2830/637
f 1522/2811/612 1519/2810/612 1499/2772/612 1513/2781/612 1497/2781/612 1529/2781/612
f 1491/2828/638 1523/2823/638 1528/2822/638 1495/2831/638
f 1493/2832/639 1494/2833/639 1525/2833/639 1527/2815/639 1526/2818/639 1492/2825/639
f 1495/2831/640 1528/2822/640 1530/2821/640 1529/2834/640 1497/2834/640 1496/2835/640
o mdlSilla.005
v 4.949912 1.486190 -5.117520
v 5.066966 1.486190 -5.105991
v 5.179522 1.486190 -5.071848
v 5.283254 1.486190 -5.016402
v 5.374176 1.486190 -4.941784
v 5.448794 1.486190 -4.850862
v 5.504240 1.486190 -4.747130
v 5.538383 1.486190 -4.634574
v 5.549912 1.486190 -4.517520
v 5.538383 1.486190 -4.400466
v 5.504240 1.486190 -4.287910
v 5.448794 1.486190 -4.184178
v 5.374176 1.486190 -4.093256
v 5.283254 1.486190 -4.018638
v 5.179522 1.486190 -3.963192
v 5.066966 1.486190 -3.929049
v 4.949912 1.486190 -3.917520
v 4.832858 1.486190 -3.929049
v 4.720302 1.486190 -3.963192
v 4.616570 1.486190 -4.018638
v 4.525648 1.486190 -4.093256
v 4.451030 1.486190 -4.184178
v 4.395584 1.486190 -4.287910
v 4.361441 1.486190 -4.400466
v 4.349912 1.486190 -4.517520
v 4.361441 1.486190 -4.634574
v 4.395584 1.486190 -4.747130
v 4.451030 1.486190 -4.850862
v 4.525648 1.486190 -4.941784
v 4.616570 1.486190 -5.016402
v 4.720302 1.486190 -5.071848
v 4.832858 1.486190 -5.105991
v 4.949912 1.726190 -4.980647
v 4.949912 1.698947 -5.117520
v 4.949912 1.718211 -5.077431
v 5.040264 1.726190 -4.971748
v 5.066966 1.698947 -5.105991
v 5.059145 1.718211 -5.066672
v 5.127143 1.726190 -4.945394
v 5.179522 1.698947 -5.071848
v 5.164181 1.718211 -5.034810
v 5.207211 1.726190 -4.902596
v 5.283254 1.698947 -5.016402
v 5.260982 1.718211 -4.983069
v 5.277392 1.726190 -4.845000
v 5.374176 1.698947 -4.941784
v 5.345829 1.718211 -4.913437
v 5.334988 1.726190 -4.774819
v 5.448794 1.698947 -4.850862
v 5.415461 1.718211 -4.828590
v 5.377786 1.726190 -4.694751
v 5.504240 1.698947 -4.747130
v 5.467202 1.718211 -4.731789
v 5.404140 1.726190 -4.607872
v 5.538383 1.698947 -4.634574
v 5.499064 1.718211 -4.626753
v 5.413039 1.726190 -4.517520
v 5.549912 1.698947 -4.517520
v 5.509823 1.718211 -4.517520
v 5.404140 1.726190 -4.427168
v 5.538383 1.698947 -4.400466
v 5.499064 1.718211 -4.408287
v 5.377786 1.726190 -4.340289
v 5.504240 1.698947 -4.287910
v 5.467202 1.718211 -4.303251
v 5.334988 1.726190 -4.260221
v 5.448794 1.698947 -4.184178
v 5.415461 1.718211 -4.206450
v 5.277392 1.726190 -4.190040
v 5.374176 1.698947 -4.093256
v 5.345829 1.718211 -4.121603
v 5.207211 1.726190 -4.132444
v 5.283254 1.698947 -4.018638
v 5.260982 1.718211 -4.051971
v 5.127143 1.726190 -4.089647
v 5.179522 1.698947 -3.963192
v 5.164181 1.718211 -4.000230
v 5.040264 1.726190 -4.063292
v 5.066966 1.698947 -3.929049
v 5.059145 1.718211 -3.968368
v 4.949912 1.726190 -4.054393
v 4.949912 1.698947 -3.917520
v 4.949912 1.718211 -3.957609
v 4.859560 1.726190 -4.063292
v 4.832858 1.698947 -3.929049
v 4.840679 1.718211 -3.968368
v 4.772681 1.726190 -4.089647
v 4.720302 1.698947 -3.963192
v 4.735643 1.718211 -4.000230
v 4.692613 1.726190 -4.132444
v 4.616570 1.698947 -4.018638
v 4.638842 1.718211 -4.051971
v 4.622432 1.726190 -4.190040
v 4.525648 1.698947 -4.093256
v 4.553996 1.718211 -4.121603
v 4.564837 1.726190 -4.260221
v 4.451030 1.698947 -4.184178
v 4.484364 1.718211 -4.206450
v 4.522038 1.726190 -4.340289
v 4.395584 1.698947 -4.287910
v 4.432622 1.718211 -4.303251
v 4.495684 1.726190 -4.427168
v 4.361441 1.698947 -4.400466
v 4.400760 1.718211 -4.408287
v 4.486785 1.726190 -4.517520
v 4.349912 1.698947 -4.517520
v 4.390001 1.718211 -4.517520
v 4.495684 1.726190 -4.607872
v 4.361441 1.698947 -4.634574
v 4.400760 1.718211 -4.626753
v 4.522038 1.726190 -4.694751
v 4.395584 1.698947 -4.747130
v 4.432622 1.718211 -4.731789
v 4.564837 1.726190 -4.774819
v 4.451030 1.698947 -4.850862
v 4.484364 1.718211 -4.828590
v 4.622432 1.726190 -4.845000
v 4.525648 1.698947 -4.941784
v 4.553996 1.718211 -4.913437
v 4.692613 1.726190 -4.902596
v 4.616570 1.698947 -5.016402
v 4.638842 1.718211 -4.983069
v 4.772681 1.726190 -4.945394
v 4.720302 1.698947 -5.071848
v 4.735643 1.718211 -5.034810
v 4.859560 1.726190 -4.971748
v 4.832858 1.698947 -5.105991
v 4.840679 1.718211 -5.066672
v 4.949912 0.317975 -4.984186
v 4.949912 0.477975 -4.984187
v 5.040954 0.317975 -4.975220
v 5.040954 0.477975 -4.975220
v 5.128498 0.317975 -4.948664
v 5.128498 0.477975 -4.948664
v 5.209178 0.317975 -4.905539
v 5.209178 0.477975 -4.905539
v 5.279895 0.317975 -4.847503
v 5.279895 0.477975 -4.847503
v 5.337931 0.317975 -4.776786
v 5.337931 0.477975 -4.776786
v 5.381056 0.317975 -4.696105
v 5.381056 0.477975 -4.696105
v 5.407612 0.317975 -4.608562
v 5.407612 0.477975 -4.608562
v 5.416579 0.317975 -4.517520
v 5.416579 0.477975 -4.517520
v 5.407612 0.317975 -4.426477
v 5.407612 0.477975 -4.426477
v 5.381056 0.317975 -4.338934
v 5.381056 0.477975 -4.338934
v 5.337931 0.317975 -4.258254
v 5.337931 0.477975 -4.258254
v 5.279895 0.317975 -4.187537
v 5.279895 0.477975 -4.187537
v 5.209178 0.317975 -4.129500
v 5.209178 0.477975 -4.129500
v 5.128498 0.317975 -4.086376
v 5.128498 0.477975 -4.086376
v 5.040954 0.317975 -4.059820
v 5.040954 0.477975 -4.059820
v 4.949912 0.317975 -4.050853
v 4.949912 0.477975 -4.050853
v 4.858870 0.317975 -4.059820
v 4.858870 0.477975 -4.059820
v 4.771327 0.317975 -4.086376
v 4.771327 0.477975 -4.086376
v 4.690646 0.317975 -4.129500
v 4.690646 0.477975 -4.129500
v 4.619929 0.317975 -4.187537
v 4.619929 0.477975 -4.187537
v 4.561893 0.317975 -4.258254
v 4.561893 0.477975 -4.258254
v 4.518768 0.317975 -4.338934
v 4.518768 0.477975 -4.338934
v 4.492212 0.317975 -4.426477
v 4.492212 0.477975 -4.426477
v 4.483245 0.317975 -4.517520
v 4.483245 0.477975 -4.517520
v 4.492212 0.317975 -4.608562
v 4.492212 0.477975 -4.608562
v 4.518768 0.317975 -4.696105
v 4.518768 0.477975 -4.696105
v 4.561893 0.317975 -4.776786
v 4.561893 0.477975 -4.776786
v 4.619929 0.317975 -4.847503
v 4.619929 0.477975 -4.847503
v 4.690646 0.317975 -4.905539
v 4.690646 0.477975 -4.905539
v 4.771327 0.317975 -4.948664
v 4.771327 0.477975 -4.948664
v 4.858870 0.317975 -4.975220
v 4.858870 0.477975 -4.975220
v 4.949912 0.453975 -4.584187
v 4.949912 1.541975 -4.584187
v 4.962918 0.453975 -4.582905
v 4.962918 1.541975 -4.582906
v 4.975424 0.453975 -4.579112
v 4.975424 1.541975 -4.579112
v 4.986950 0.453975 -4.572951
v 4.986950 1.541975 -4.572951
v 4.997053 0.453975 -4.564660
v 4.997053 1.541975 -4.564661
v 5.005343 0.453975 -4.554558
v 5.005343 1.541975 -4.554558
v 5.011504 0.453975 -4.543032
v 5.011504 1.541975 -4.543032
v 5.015298 0.453975 -4.530526
v 5.015298 1.541975 -4.530526
v 5.016579 0.453975 -4.517520
v 5.016579 1.541975 -4.517520
v 5.015298 0.453975 -4.504514
v 5.015298 1.541975 -4.504514
v 5.011504 0.453975 -4.492008
v 5.011504 1.541975 -4.492008
v 5.005343 0.453975 -4.480482
v 5.005343 1.541975 -4.480482
v 4.997053 0.453975 -4.470379
v 4.997053 1.541975 -4.470379
v 4.986950 0.453975 -4.462089
v 4.986950 1.541975 -4.462089
v 4.975424 0.453975 -4.455928
v 4.975424 1.541975 -4.455928
v 4.962918 0.453975 -4.452134
v 4.962918 1.541975 -4.452134
v 4.949912 0.453975 -4.450853
v 4.949912 1.541975 -4.450853
v 4.936906 0.453975 -4.452134
v 4.936906 1.541975 -4.452134
v 4.924400 0.453975 -4.455928
v 4.924400 1.541975 -4.455928
v 4.912874 0.453975 -4.462089
v 4.912874 1.541975 -4.462089
v 4.902771 0.453975 -4.470379
v 4.902771 1.541975 -4.470379
v 4.894481 0.453975 -4.480482
v 4.894481 1.541975 -4.480482
v 4.888320 0.453975 -4.492008
v 4.888320 1.541975 -4.492008
v 4.884526 0.453975 -4.504514
v 4.884526 1.541975 -4.504514
v 4.883245 0.453975 -4.517520
v 4.883245 1.541975 -4.517520
v 4.884526 0.453975 -4.530526
v 4.884526 1.541975 -4.530526
v 4.888320 0.453975 -4.543032
v 4.888320 1.541975 -4.543032
v 4.894481 0.453975 -4.554558
v 4.894481 1.541975 -4.554558
v 4.902771 0.453975 -4.564660
v 4.902771 1.541975 -4.564661
v 4.912874 0.453975 -4.572951
v 4.912874 1.541975 -4.572951
v 4.924400 0.453975 -4.579112
v 4.924400 1.541975 -4.579112
v 4.936906 0.453975 -4.582905
v 4.936906 1.541975 -4.582906
v 4.876579 1.614190 -4.064187
v 4.876579 2.254190 -4.064187
v 4.876579 1.614190 -4.130853
v 4.876579 2.254190 -4.130854
v 5.023245 1.614190 -4.064187
v 5.023245 2.254190 -4.064187
v 5.023245 1.614190 -4.130853
v 5.023245 2.254190 -4.130854
v 4.615725 2.269675 -3.937463
v 4.949912 2.034614 -3.937463
v 5.284099 2.269675 -3.937463
v 4.303267 3.356750 -3.937464
v 4.304778 3.401785 -3.937464
v 4.304778 3.401785 -4.229771
v 5.596558 3.356750 -3.937464
v 5.595046 3.401785 -3.937464
v 5.595046 3.401785 -4.229771
v 4.949912 2.958344 -4.218696
v 4.949912 2.906741 -4.229770
v 4.949912 2.943230 -4.226527
v 4.949912 2.906741 -3.937464
v 4.949912 2.958345 -3.948538
v 4.949912 2.943231 -3.940707
v 4.304778 3.401785 -3.937464
v 4.341821 3.394330 -3.948538
v 4.330971 3.396513 -3.940707
v 4.341821 3.394330 -4.218696
v 4.304778 3.401785 -4.229771
v 4.330971 3.396513 -4.226527
v 5.558003 3.394330 -3.948538
v 5.595046 3.401785 -3.937464
v 5.568853 3.396513 -3.940707
v 5.595046 3.401785 -4.229771
v 5.558003 3.394330 -4.218696
v 5.568853 3.396513 -4.226527
v 4.676140 2.329070 -4.229770
v 4.615725 2.269675 -4.207795
v 4.633420 2.287071 -4.223334
v 4.949912 2.136505 -4.229770
v 4.949912 2.034614 -4.207795
v 4.949912 2.064457 -4.223334
v 5.223684 2.329070 -4.229770
v 5.284099 2.269675 -4.207795
v 5.266404 2.287071 -4.223334
v 4.304778 3.401785 -4.229771
v 4.303267 3.356750 -4.207795
v 4.303710 3.369940 -4.223334
v 5.596558 3.356750 -4.207795
v 5.595046 3.401785 -4.229771
v 5.596115 3.369940 -4.223334
vn -0.0000 -1.0000 -0.0000
vn 0.0426 0.9005 -0.4327
vn 0.0081 0.9966 -0.0822
vn 0.1262 0.9005 -0.4161
vn 0.0240 0.9966 -0.0790
vn 0.2050 0.9005 -0.3835
vn 0.0389 0.9966 -0.0728
vn 0.2758 0.9005 -0.3361
vn 0.0524 0.9966 -0.0638
vn 0.3361 0.9005 -0.2758
vn 0.0638 0.9966 -0.0524
vn 0.3835 0.9005 -0.2050
vn 0.0728 0.9966 -0.0389
vn 0.4161 0.9005 -0.1262
vn 0.0790 0.9966 -0.0240
vn 0.4327 0.9005 -0.0426
vn 0.0822 0.9966 -0.0081
vn 0.4327 0.9005 0.0426
vn 0.0822 0.9966 0.0081
vn 0.4161 0.9005 0.1262
vn 0.0790 0.9966 0.0240
vn 0.3835 0.9005 0.2050
vn 0.0728 0.9966 0.0389
vn 0.3361 0.9005 0.2758
vn 0.0638 0.9966 0.0524
vn 0.2758 0.9005 0.3361
vn 0.0524 0.9966 0.0638
vn 0.2050 0.9005 0.3835
vn 0.0389 0.9966 0.0728
vn 0.1262 0.9005 0.4161
vn 0.0240 0.9966 0.0790
vn 0.0426 0.9005 0.4327
vn 0.0081 0.9966 0.0822
vn -0.0426 0.9005 0.4327
vn -0.0081 0.9966 0.0822
vn -0.1262 0.9005 0.4161
vn -0.0240 0.9966 0.0790
vn -0.2050 0.9005 0.3835
vn -0.0389 0.9966 0.0728
vn -0.2758 0.9005 0.3361
vn -0.0524 0.9966 0.0638
vn -0.3361 0.9005 0.2758
vn -0.0638 0.9966 0.0524
vn -0.3835 0.9005 0.2050
vn -0.0728 0.9966 0.0389
vn -0.4161 0.9005 0.1262
vn -0.0790 0.9966 0.0240
vn -0.4327 0.9005 0.0426
vn -0.0822 0.9966 0.0081
vn -0.4327 0.9005 -0.0426
vn -0.0822 0.9966 -0.0081
vn -0.4161 0.9005 -0.1262
vn -0.0790 0.9966 -0.0240
vn -0.3835 0.9005 -0.2050
vn -0.0728 0.9966 -0.0389
vn -0.3361 0.9005 -0.2758
vn -0.0638 0.9966 -0.0524
vn -0.2758 0.9005 -0.3361
vn -0.0524 0.9966 -0.0638
vn -0.2050 0.9005 -0.3835
vn -0.0389 0.9966 -0.0728
vn -0.1262 0.9005 -0.4161
vn -0.0240 0.9966 -0.0790
vn -0.0426 0.9005 -0.4327
vn -0.0081 0.9966 -0.0822
vn -0.0000 1.0000 -0.0000
vn 0.0980 -0.0000 -0.9952
vn -0.0980 -0.0000 -0.9952
vn 0.2903 -0.0000 -0.9569
vn 0.4714 -0.0000 -0.8819
vn 0.6344 -0.0000 -0.7730
vn 0.7730 -0.0000 -0.6344
vn 0.8819 -0.0000 -0.4714
vn 0.9569 -0.0000 -0.2903
vn 0.9952 -0.0000 -0.0980
vn 0.9952 -0.0000 0.0980
vn 0.9569 -0.0000 0.2903
vn 0.8819 -0.0000 0.4714
vn 0.7730 -0.0000 0.6344
vn 0.6344 -0.0000 0.7730
vn 0.4714 -0.0000 0.8819
vn 0.2903 -0.0000 0.9569
vn 0.0980 -0.0000 0.9952
vn -0.0980 -0.0000 0.9952
vn -0.2903 -0.0000 0.9569
vn -0.4714 -0.0000 0.8819
vn -0.6344 -0.0000 0.7730
vn -0.7730 -0.0000 0.6344
vn -0.8819 -0.0000 0.4714
vn -0.9569 -0.0000 0.2903
vn -0.9952 -0.0000 0.0980
vn -0.9952 -0.0000 -0.0980
vn -0.9569 -0.0000 -0.2903
vn -0.8819 -0.0000 -0.4714
vn -0.7730 -0.0000 -0.6344
vn -0.6344 -0.0000 -0.7730
vn -0.4714 -0.0000 -0.8819
vn -0.2903 -0.0000 -0.9569
vn -1.0000 -0.0000 -0.0000
vn -0.0000 -0.0000 -1.0000
vn 1.0000 -0.0000 -0.0000
vn -0.0000 -0.0000 1.0000
vn 0.3997 0.5515 0.7322
vn 0.0945 0.1259 0.9875
vn 0.0945 0.1259 -0.9875
vn 0.3997 0.5515 -0.7322
vn -0.3997 0.5515 0.7322
vn -0.0945 0.1259 0.9875
vn -0.0945 0.1259 -0.9875
vn -0.3997 0.5515 -0.7322
vn -0.5827 0.8127 -0.0000
vn 0.5827 0.8127 -0.0000
vn 0.1973 0.9803 -0.0000
vn -0.1973 0.9803 -0.0000
vn -0.3090 -0.4392 -0.8436
vn -0.0625 -0.0888 -0.9941
vn 0.0625 -0.0888 -0.9941
vn 0.3090 -0.4392 -0.8436
vn -0.1862 -0.0606 -0.9806
vn -0.7346 -0.2174 -0.6427
vn 0.1862 -0.0606 -0.9806
vn 0.7346 -0.2174 -0.6427
vn -0.9611 -0.2762 -0.0000
vn -0.5753 -0.8179 -0.0000
vn 0.5753 -0.8179 -0.0000
vn 0.9611 -0.2762 -0.0000
vn -0.9994 0.0335 -0.0000
vn 0.9994 0.0335 -0.0000
vt 0.483906 0.143218
vt 0.474334 0.128893
vt 0.467741 0.112976
vt 0.464380 0.096078
vt 0.464380 0.078849
vt 0.467741 0.061951
vt 0.474334 0.046034
vt 0.483906 0.031709
vt 0.496089 0.019526
vt 0.510414 0.009954
vt 0.526331 0.003361
vt 0.543229 -0.000000
vt 0.560458 -0.000000
vt 0.577356 0.003361
vt 0.593273 0.009954
vt 0.607598 0.019526
vt 0.619781 0.031709
vt 0.629353 0.046034
vt 0.635946 0.061951
vt 0.639307 0.078849
vt 0.639307 0.096078
vt 0.635946 0.112976
vt 0.629353 0.128893
vt 0.619781 0.143218
vt 0.607598 0.155401
vt 0.593273 0.164973
vt 0.577356 0.171566
vt 0.560458 0.174927
vt 0.543229 0.174927
vt 0.526331 0.171566
vt 0.510414 0.164973
vt 0.496089 0.155401
vt 0.667962 0.525164
vt 0.650816 0.525244
vt 0.650816 0.510871
vt 0.666816 0.510796
vt 0.473669 0.295208
vt 0.467517 0.280354
vt 0.481083 0.276239
vt 0.486172 0.288525
vt 0.684448 0.524924
vt 0.682201 0.510572
vt 0.482601 0.308576
vt 0.493560 0.299582
vt 0.699643 0.524536
vt 0.696381 0.510210
vt 0.493970 0.319945
vt 0.502964 0.308986
vt 0.712961 0.524013
vt 0.708809 0.509722
vt 0.507338 0.328877
vt 0.514021 0.316374
vt 0.477698 0.524677
vt 0.464380 0.524046
vt 0.468532 0.509722
vt 0.480960 0.510310
vt 0.522192 0.335029
vt 0.526307 0.321463
vt 0.492892 0.525145
vt 0.495140 0.510747
vt 0.537961 0.338166
vt 0.539350 0.324058
vt 0.509379 0.525433
vt 0.510525 0.511016
vt 0.554038 0.338166
vt 0.552649 0.324058
vt 0.526525 0.525531
vt 0.526525 0.511107
vt 0.569807 0.335029
vt 0.565692 0.321463
vt 0.543671 0.525433
vt 0.542525 0.511016
vt 0.584661 0.328877
vt 0.577978 0.316374
vt 0.560158 0.525145
vt 0.557911 0.510747
vt 0.598029 0.319945
vt 0.589035 0.308986
vt 0.575352 0.524677
vt 0.572090 0.510310
vt 0.609398 0.308576
vt 0.598439 0.299582
vt 0.588670 0.524046
vt 0.584518 0.509722
vt 0.618330 0.295208
vt 0.605827 0.288525
vt 0.477698 0.353257
vt 0.464380 0.352522
vt 0.468532 0.338166
vt 0.480960 0.338852
vt 0.624482 0.280354
vt 0.610916 0.276239
vt 0.492892 0.353804
vt 0.495140 0.339362
vt 0.627619 0.264585
vt 0.613511 0.263196
vt 0.509379 0.354140
vt 0.510525 0.339676
vt 0.627619 0.248508
vt 0.613511 0.249897
vt 0.526525 0.354254
vt 0.526525 0.339782
vt 0.624482 0.232739
vt 0.610916 0.236854
vt 0.543671 0.354140
vt 0.542525 0.339676
vt 0.618330 0.217885
vt 0.605827 0.224568
vt 0.560158 0.353804
vt 0.557911 0.339362
vt 0.609397 0.204517
vt 0.598439 0.213511
vt 0.575352 0.353257
vt 0.572090 0.338852
vt 0.598029 0.193148
vt 0.589035 0.204107
vt 0.588670 0.352522
vt 0.584518 0.338166
vt 0.584661 0.184216
vt 0.577978 0.196719
vt 0.601988 0.353121
vt 0.588670 0.352491
vt 0.592823 0.338166
vt 0.605251 0.338754
vt 0.569807 0.178064
vt 0.565692 0.191630
vt 0.617183 0.353589
vt 0.619430 0.339191
vt 0.554038 0.174927
vt 0.552649 0.189035
vt 0.633670 0.353878
vt 0.634816 0.339461
vt 0.537961 0.174927
vt 0.539350 0.189035
vt 0.650816 0.353975
vt 0.650816 0.339552
vt 0.522192 0.178064
vt 0.526307 0.191630
vt 0.667962 0.353878
vt 0.666816 0.339461
vt 0.507338 0.184216
vt 0.514021 0.196719
vt 0.684448 0.353589
vt 0.682201 0.339191
vt 0.493970 0.193148
vt 0.502964 0.204107
vt 0.699643 0.353121
vt 0.696381 0.338754
vt 0.482601 0.204517
vt 0.493560 0.213511
vt 0.712961 0.352491
vt 0.708809 0.338166
vt 0.473669 0.217885
vt 0.486172 0.224568
vt 0.601988 0.524536
vt 0.588670 0.524013
vt 0.592823 0.509722
vt 0.605251 0.510210
vt 0.467516 0.232739
vt 0.481083 0.236854
vt 0.617183 0.524924
vt 0.619430 0.510572
vt 0.464380 0.248508
vt 0.478488 0.249897
vt 0.633670 0.525164
vt 0.634816 0.510796
vt 0.464380 0.264585
vt 0.478488 0.263196
vt 0.650816 0.680887
vt 0.667962 0.680806
vt 0.633670 0.680806
vt 0.684448 0.680567
vt 0.699643 0.680178
vt 0.712961 0.679655
vt 0.464380 0.679608
vt 0.477698 0.680238
vt 0.492892 0.680707
vt 0.509379 0.680995
vt 0.526525 0.681092
vt 0.543671 0.680995
vt 0.560158 0.680707
vt 0.575352 0.680238
vt 0.588670 0.679608
vt 0.464380 0.507990
vt 0.477698 0.508725
vt 0.492892 0.509272
vt 0.509379 0.509608
vt 0.526525 0.509722
vt 0.543671 0.509608
vt 0.560158 0.509272
vt 0.575352 0.508725
vt 0.588670 0.507990
vt 0.588670 0.508052
vt 0.601988 0.508682
vt 0.617183 0.509151
vt 0.633670 0.509439
vt 0.650816 0.509537
vt 0.667962 0.509439
vt 0.684448 0.509151
vt 0.699643 0.508682
vt 0.712961 0.508052
vt 0.588670 0.679655
vt 0.601988 0.680178
vt 0.617183 0.680567
vt 0.812009 0.292933
vt 0.812009 0.175885
vt 0.825344 0.175822
vt 0.825344 0.292870
vt 0.838167 0.175636
vt 0.838167 0.292684
vt 0.849985 0.175334
vt 0.849985 0.292382
vt 0.860344 0.174927
vt 0.860344 0.291975
vt 0.685341 0.797874
vt 0.685341 0.680887
vt 0.695699 0.681377
vt 0.695699 0.798364
vt 0.707517 0.681742
vt 0.707517 0.798729
vt 0.720340 0.681966
vt 0.720340 0.798953
vt 0.733676 0.682042
vt 0.733676 0.799029
vt 0.747012 0.681966
vt 0.747012 0.798953
vt 0.759835 0.681742
vt 0.759835 0.798729
vt 0.771653 0.681377
vt 0.771653 0.798364
vt 0.782011 0.680887
vt 0.782011 0.797874
vt 0.588670 0.797804
vt 0.588670 0.680887
vt 0.599029 0.681459
vt 0.599029 0.798376
vt 0.610847 0.681884
vt 0.610847 0.798800
vt 0.623670 0.682145
vt 0.623670 0.799062
vt 0.637006 0.682234
vt 0.637006 0.799151
vt 0.650341 0.682145
vt 0.650341 0.799062
vt 0.663164 0.681884
vt 0.663164 0.798800
vt 0.674982 0.681459
vt 0.674982 0.798376
vt 0.685341 0.680887
vt 0.685341 0.797804
vt 0.464380 0.798080
vt 0.464380 0.681092
vt 0.474738 0.681583
vt 0.474738 0.798570
vt 0.486556 0.681947
vt 0.486556 0.798934
vt 0.499379 0.682171
vt 0.499379 0.799159
vt 0.512715 0.682247
vt 0.512715 0.799235
vt 0.526051 0.682171
vt 0.526051 0.799159
vt 0.538874 0.681947
vt 0.538874 0.798934
vt 0.550692 0.681583
vt 0.550692 0.798570
vt 0.561050 0.681092
vt 0.561050 0.798080
vt 0.763673 0.291975
vt 0.763673 0.174927
vt 0.774032 0.175334
vt 0.774032 0.292382
vt 0.785850 0.175636
vt 0.785850 0.292684
vt 0.652281 0.295794
vt 0.642806 0.286319
vt 0.635361 0.275177
vt 0.630233 0.262797
vt 0.627619 0.249654
vt 0.627619 0.236254
vt 0.630233 0.223111
vt 0.635361 0.210731
vt 0.642806 0.199589
vt 0.652281 0.190114
vt 0.663423 0.182669
vt 0.675803 0.177541
vt 0.688946 0.174927
vt 0.702346 0.174927
vt 0.715489 0.177541
vt 0.727869 0.182669
vt 0.739011 0.190114
vt 0.748486 0.199589
vt 0.755931 0.210731
vt 0.761059 0.223111
vt 0.763673 0.236254
vt 0.763673 0.249654
vt 0.761059 0.262797
vt 0.755931 0.275177
vt 0.748486 0.286319
vt 0.739011 0.295794
vt 0.727869 0.303239
vt 0.715489 0.308367
vt 0.702346 0.310981
vt 0.688946 0.310981
vt 0.675803 0.308367
vt 0.663423 0.303239
vt 0.798673 0.175822
vt 0.798673 0.292870
vt 0.654494 0.111392
vt 0.647049 0.100250
vt 0.641921 0.087870
vt 0.639307 0.074727
vt 0.639307 0.061327
vt 0.641921 0.048184
vt 0.647049 0.035804
vt 0.654494 0.024662
vt 0.663969 0.015187
vt 0.675111 0.007742
vt 0.687491 0.002614
vt 0.700634 0.000000
vt 0.714034 0.000000
vt 0.727177 0.002614
vt 0.739557 0.007742
vt 0.750699 0.015187
vt 0.760174 0.024662
vt 0.767619 0.035804
vt 0.772747 0.048184
vt 0.775361 0.061327
vt 0.775361 0.074727
vt 0.772747 0.087870
vt 0.767619 0.100250
vt 0.760174 0.111392
vt 0.750699 0.120867
vt 0.739557 0.128312
vt 0.727177 0.133440
vt 0.714034 0.136054
vt 0.700634 0.136054
vt 0.687491 0.133440
vt 0.675111 0.128312
vt 0.663969 0.120867
vt 0.867249 0.970990
vt 0.867249 0.175064
vt 0.869154 0.175055
vt 0.869154 0.970981
vt 0.870986 0.175028
vt 0.870986 0.970955
vt 0.872674 0.174985
vt 0.872674 0.970911
vt 0.874154 0.174927
vt 0.874154 0.970853
vt 0.874154 0.970439
vt 0.874154 0.174927
vt 0.875634 0.174997
vt 0.875634 0.970509
vt 0.877322 0.175049
vt 0.877322 0.970561
vt 0.879154 0.175081
vt 0.879154 0.970594
vt 0.881059 0.175092
vt 0.881059 0.970604
vt 0.882964 0.175081
vt 0.882964 0.970594
vt 0.884796 0.175049
vt 0.884796 0.970561
vt 0.886484 0.174997
vt 0.886484 0.970509
vt 0.887964 0.174927
vt 0.887964 0.970439
vt 0.901774 0.969961
vt 0.901774 0.174927
vt 0.903254 0.175009
vt 0.903254 0.970042
vt 0.904942 0.175069
vt 0.904942 0.970103
vt 0.906774 0.175107
vt 0.906774 0.970141
vt 0.908679 0.175119
vt 0.908679 0.970153
vt 0.910584 0.175107
vt 0.910584 0.970141
vt 0.912416 0.175069
vt 0.912416 0.970103
vt 0.914104 0.175009
vt 0.914104 0.970042
vt 0.915584 0.174927
vt 0.915584 0.969961
vt 0.889444 0.174997
vt 0.889444 0.970509
vt 0.891132 0.175049
vt 0.891132 0.970561
vt 0.892964 0.175081
vt 0.892964 0.970594
vt 0.894869 0.175092
vt 0.894869 0.970604
vt 0.896774 0.175081
vt 0.896774 0.970594
vt 0.898606 0.175049
vt 0.898606 0.970561
vt 0.900294 0.174997
vt 0.900294 0.970509
vt 0.901774 0.174927
vt 0.901774 0.970439
vt 0.860344 0.970853
vt 0.860344 0.174927
vt 0.861824 0.174985
vt 0.861824 0.970911
vt 0.863512 0.175028
vt 0.863512 0.970955
vt 0.643532 0.328248
vt 0.641940 0.329312
vt 0.640172 0.330044
vt 0.638294 0.330418
vt 0.636380 0.330418
vt 0.634503 0.330044
vt 0.632734 0.329312
vt 0.631142 0.328248
vt 0.629789 0.326894
vt 0.628725 0.325303
vt 0.627993 0.323534
vt 0.627619 0.321657
vt 0.627619 0.319742
vt 0.627993 0.317865
vt 0.628725 0.316096
vt 0.629789 0.314504
vt 0.631142 0.313151
vt 0.632734 0.312087
vt 0.634503 0.311355
vt 0.636380 0.310981
vt 0.638294 0.310981
vt 0.640172 0.311355
vt 0.641940 0.312087
vt 0.643532 0.313151
vt 0.644886 0.314504
vt 0.645949 0.316096
vt 0.646682 0.317865
vt 0.647055 0.319742
vt 0.647055 0.321657
vt 0.646682 0.323534
vt 0.645949 0.325303
vt 0.644886 0.326894
vt 0.865344 0.175055
vt 0.865344 0.970981
vt 0.653628 0.154385
vt 0.651860 0.155117
vt 0.649982 0.155491
vt 0.648068 0.155491
vt 0.646190 0.155117
vt 0.644422 0.154385
vt 0.642830 0.153321
vt 0.641477 0.151967
vt 0.640413 0.150376
vt 0.639680 0.148607
vt 0.639307 0.146730
vt 0.639307 0.144815
vt 0.639680 0.142938
vt 0.640413 0.141169
vt 0.641477 0.139577
vt 0.642830 0.138224
vt 0.644422 0.137160
vt 0.646190 0.136428
vt 0.648068 0.136054
vt 0.649982 0.136054
vt 0.651860 0.136428
vt 0.653628 0.137160
vt 0.655220 0.138224
vt 0.656574 0.139577
vt 0.657637 0.141169
vt 0.658370 0.142938
vt 0.658743 0.144815
vt 0.658743 0.146730
vt 0.658370 0.148607
vt 0.657637 0.150376
vt 0.656574 0.151967
vt 0.655220 0.153321
vt 0.841561 0.806115
vt 0.841561 0.338166
vt 0.851326 0.338166
vt 0.851326 0.806115
vt 0.798594 0.806358
vt 0.798594 0.338166
vt 0.820077 0.338166
vt 0.820077 0.806358
vt 0.915584 0.642875
vt 0.915584 0.174927
vt 0.925349 0.174927
vt 0.925349 0.642875
vt 0.820077 0.805833
vt 0.820077 0.338166
vt 0.841561 0.338166
vt 0.841561 0.805833
vt 0.656821 0.310981
vt 0.656821 0.332465
vt 0.647055 0.332465
vt 0.647055 0.310981
vt 0.666586 0.310981
vt 0.666586 0.332465
vt 0.656821 0.310981
vt 0.284028 0.323926
vt 0.373100 0.005339
vt 0.374689 0.003820
vt 0.284028 0.335048
vt 0.378526 0.000000
vt 0.284028 0.361743
vt 0.094654 0.362149
vt 0.000157 0.000000
vt 0.003993 0.003834
vt 0.094654 0.335433
vt 0.005582 0.005376
vt 0.094654 0.324321
vt 0.194956 0.005339
vt 0.193367 0.003820
vt 0.189530 0.000000
vt 0.189152 0.000000
vt 0.185315 0.003834
vt 0.183726 0.005376
vt 0.754155 0.667847
vt 0.714583 0.667847
vt 0.714583 0.343930
vt 0.754155 0.343930
vt 0.757400 0.667847
vt 0.757400 0.343930
vt 0.796972 0.343930
vt 0.796972 0.667847
vt 0.284028 0.999032
vt 0.235077 0.827267
vt 0.189309 0.032909
vt 0.378747 0.032909
vt 0.332979 0.827267
vt 0.798594 0.338166
vt 0.798119 0.342242
vt 0.756253 0.342242
vt 0.755777 0.338166
vt 0.712961 0.338166
vt 0.755778 0.338166
vt 0.755302 0.342242
vt 0.713436 0.342242
vt 0.094654 1.000000
vt 0.045703 0.828041
vt 0.048295 0.815424
vt 0.094654 0.978277
vt 0.054553 0.784745
vt 0.094654 0.925616
vt 0.134756 0.784745
vt 0.141013 0.815424
vt 0.143605 0.828041
vt 0.000000 0.023251
vt 0.420621 0.023293
vt 0.420621 0.812269
vt 0.418344 0.825138
vt 0.418344 0.032941
vt 0.189309 0.023251
vt 0.422506 0.812269
vt 0.422506 0.023293
vt 0.424782 0.032941
vt 0.424782 0.825138
vt 0.378747 0.825138
vt 0.378747 0.032941
vt 0.418344 0.994184
vt 0.378747 0.994184
vt 0.464380 0.825138
vt 0.464380 0.994184
vt 0.424782 0.994184
vt 0.464380 0.032941
vt 0.378747 0.000000
vt 0.421563 0.000000
vt 0.421563 0.000000
vt 0.464380 0.000000
s 1
usemtl Material.021
f 1531/2836/641 1532/2837/641 1533/2838/641 1534/2839/641 1535/2840/641 1536/2841/641 1537/2842/641 1538/2843/641 1539/2844/641 1540/2845/641 1541/2846/641 1542/2847/641 1543/2848/641 1544/2849/641 1545/2850/641 1546/2851/641 1547/2852/641 1548/2853/641 1549/2854/641 1550/2855/641 1551/2856/641 1552/2857/641 1553/2858/641 1554/2859/641 1555/2860/641 1556/2861/641 1557/2862/641 1558/2863/641 1559/2864/641 1560/2865/641 1561/2866/641 1562/2867/641
f 1567/2868/642 1564/2869/642 1565/2870/642 1568/2871/642
f 1568/2872/643 1565/2873/643 1563/2874/643 1566/2875/643
f 1570/2876/644 1567/2868/644 1568/2871/644 1571/2877/644
f 1571/2878/645 1568/2872/645 1566/2875/645 1569/2879/645
f 1573/2880/646 1570/2876/646 1571/2877/646 1574/2881/646
f 1574/2882/647 1571/2878/647 1569/2879/647 1572/2883/647
f 1576/2884/648 1573/2880/648 1574/2881/648 1577/2885/648
f 1577/2886/649 1574/2882/649 1572/2883/649 1575/2887/649
f 1579/2888/650 1576/2889/650 1577/2890/650 1580/2891/650
f 1580/2892/651 1577/2886/651 1575/2887/651 1578/2893/651
f 1582/2894/652 1579/2888/652 1580/2891/652 1583/2895/652
f 1583/2896/653 1580/2892/653 1578/2893/653 1581/2897/653
f 1585/2898/654 1582/2894/654 1583/2895/654 1586/2899/654
f 1586/2900/655 1583/2896/655 1581/2897/655 1584/2901/655
f 1588/2902/656 1585/2898/656 1586/2899/656 1589/2903/656
f 1589/2904/657 1586/2900/657 1584/2901/657 1587/2905/657
f 1591/2906/658 1588/2902/658 1589/2903/658 1592/2907/658
f 1592/2908/659 1589/2904/659 1587/2905/659 1590/2909/659
f 1594/2910/660 1591/2906/660 1592/2907/660 1595/2911/660
f 1595/2912/661 1592/2908/661 1590/2909/661 1593/2913/661
f 1597/2914/662 1594/2910/662 1595/2911/662 1598/2915/662
f 1598/2916/663 1595/2912/663 1593/2913/663 1596/2917/663
f 1600/2918/664 1597/2914/664 1598/2915/664 1601/2919/664
f 1601/2920/665 1598/2916/665 1596/2917/665 1599/2921/665
f 1603/2922/666 1600/2923/666 1601/2924/666 1604/2925/666
f 1604/2926/667 1601/2920/667 1599/2921/667 1602/2927/667
f 1606/2928/668 1603/2922/668 1604/2925/668 1607/2929/668
f 1607/2930/669 1604/2926/669 1602/2927/669 1605/2931/669
f 1609/2932/670 1606/2928/670 1607/2929/670 1610/2933/670
f 1610/2934/671 1607/2930/671 1605/2931/671 1608/2935/671
f 1612/2936/672 1609/2932/672 1610/2933/672 1613/2937/672
f 1613/2938/673 1610/2934/673 1608/2935/673 1611/2939/673
f 1615/2940/674 1612/2936/674 1613/2937/674 1616/2941/674
f 1616/2942/675 1613/2938/675 1611/2939/675 1614/2943/675
f 1618/2944/676 1615/2940/676 1616/2941/676 1619/2945/676
f 1619/2946/677 1616/2942/677 1614/2943/677 1617/2947/677
f 1621/2948/678 1618/2944/678 1619/2945/678 1622/2949/678
f 1622/2950/679 1619/2946/679 1617/2947/679 1620/2951/679
f 1624/2952/680 1621/2948/680 1622/2949/680 1625/2953/680
f 1625/2954/681 1622/2950/681 1620/2951/681 1623/2955/681
f 1627/2956/682 1624/2957/682 1625/2958/682 1628/2959/682
f 1628/2960/683 1625/2954/683 1623/2955/683 1626/2961/683
f 1630/2962/684 1627/2956/684 1628/2959/684 1631/2963/684
f 1631/2964/685 1628/2960/685 1626/2961/685 1629/2965/685
f 1633/2966/686 1630/2962/686 1631/2963/686 1634/2967/686
f 1634/2968/687 1631/2964/687 1629/2965/687 1632/2969/687
f 1636/2970/688 1633/2966/688 1634/2967/688 1637/2971/688
f 1637/2972/689 1634/2968/689 1632/2969/689 1635/2973/689
f 1639/2974/690 1636/2970/690 1637/2971/690 1640/2975/690
f 1640/2976/691 1637/2972/691 1635/2973/691 1638/2977/691
f 1642/2978/692 1639/2974/692 1640/2975/692 1643/2979/692
f 1643/2980/693 1640/2976/693 1638/2977/693 1641/2981/693
f 1645/2982/694 1642/2978/694 1643/2979/694 1646/2983/694
f 1646/2984/695 1643/2980/695 1641/2981/695 1644/2985/695
f 1648/2986/696 1645/2982/696 1646/2983/696 1649/2987/696
f 1649/2988/697 1646/2984/697 1644/2985/697 1647/2989/697
f 1651/2990/698 1648/2991/698 1649/2992/698 1652/2993/698
f 1652/2994/699 1649/2988/699 1647/2989/699 1650/2995/699
f 1654/2996/700 1651/2990/700 1652/2993/700 1655/2997/700
f 1655/2998/701 1652/2994/701 1650/2995/701 1653/2999/701
f 1657/3000/702 1654/2996/702 1655/2997/702 1658/3001/702
f 1658/3002/703 1655/2998/703 1653/2999/703 1656/3003/703
f 1564/2869/704 1657/3000/704 1658/3001/704 1565/2870/704
f 1565/2873/705 1658/3002/705 1656/3003/705 1563/2874/705
f 1566/2875/706 1563/2874/706 1656/3003/706 1653/2999/706 1650/2995/706 1647/2989/706 1644/2985/706 1641/2981/706 1638/2977/706 1635/2973/706 1632/2969/706 1629/2965/706 1626/2961/706 1623/2955/706 1620/2951/706 1617/2947/706 1614/2943/706 1611/2939/706 1608/2935/706 1605/2931/706 1602/2927/706 1599/2921/706 1596/2917/706 1593/2913/706 1590/2909/706 1587/2905/706 1584/2901/706 1581/2897/706 1578/2893/706 1575/2887/706 1572/2883/706 1569/2879/706
f 1531/3004/707 1564/2869/707 1567/2868/707 1532/3005/707
f 1562/3006/708 1657/3000/708 1564/2869/708 1531/3004/708
f 1532/3005/709 1567/2868/709 1570/2876/709 1533/3007/709
f 1533/3007/710 1570/2876/710 1573/2880/710 1534/3008/710
f 1534/3008/711 1573/2880/711 1576/2884/711 1535/3009/711
f 1535/3010/712 1576/2889/712 1579/2888/712 1536/3011/712
f 1536/3011/713 1579/2888/713 1582/2894/713 1537/3012/713
f 1537/3012/714 1582/2894/714 1585/2898/714 1538/3013/714
f 1538/3013/715 1585/2898/715 1588/2902/715 1539/3014/715
f 1539/3014/716 1588/2902/716 1591/2906/716 1540/3015/716
f 1540/3015/717 1591/2906/717 1594/2910/717 1541/3016/717
f 1541/3016/718 1594/2910/718 1597/2914/718 1542/3017/718
f 1542/3017/719 1597/2914/719 1600/2918/719 1543/3018/719
f 1543/3019/720 1600/2923/720 1603/2922/720 1544/3020/720
f 1544/3020/721 1603/2922/721 1606/2928/721 1545/3021/721
f 1545/3021/722 1606/2928/722 1609/2932/722 1546/3022/722
f 1546/3022/723 1609/2932/723 1612/2936/723 1547/3023/723
f 1547/3023/724 1612/2936/724 1615/2940/724 1548/3024/724
f 1548/3024/725 1615/2940/725 1618/2944/725 1549/3025/725
f 1549/3025/726 1618/2944/726 1621/2948/726 1550/3026/726
f 1550/3026/727 1621/2948/727 1624/2952/727 1551/3027/727
f 1551/3028/728 1624/2957/728 1627/2956/728 1552/3029/728
f 1552/3029/729 1627/2956/729 1630/2962/729 1553/3030/729
f 1553/3030/730 1630/2962/730 1633/2966/730 1554/3031/730
f 1554/3031/731 1633/2966/731 1636/2970/731 1555/3032/731
f 1555/3032/732 1636/2970/732 1639/2974/732 1556/3033/732
f 1556/3033/733 1639/2974/733 1642/2978/733 1557/3034/733
f 1557/3034/734 1642/2978/734 1645/2982/734 1558/3035/734
f 1558/3035/735 1645/2982/735 1648/2986/735 1559/3036/735
f 1559/3037/736 1648/2991/736 1651/2990/736 1560/3038/736
f 1560/3038/737 1651/2990/737 1654/2996/737 1561/3039/737
f 1561/3039/738 1654/2996/738 1657/3000/738 1562/3006/738
f 1659/3040/707 1660/3041/707 1662/3042/707 1661/3043/707
f 1661/3043/709 1662/3042/709 1664/3044/709 1663/3045/709
f 1663/3045/710 1664/3044/710 1666/3046/710 1665/3047/710
f 1665/3047/711 1666/3046/711 1668/3048/711 1667/3049/711
f 1667/3050/712 1668/3051/712 1670/3052/712 1669/3053/712
f 1669/3053/713 1670/3052/713 1672/3054/713 1671/3055/713
f 1671/3055/714 1672/3054/714 1674/3056/714 1673/3057/714
f 1673/3057/715 1674/3056/715 1676/3058/715 1675/3059/715
f 1675/3059/716 1676/3058/716 1678/3060/716 1677/3061/716
f 1677/3061/717 1678/3060/717 1680/3062/717 1679/3063/717
f 1679/3063/718 1680/3062/718 1682/3064/718 1681/3065/718
f 1681/3065/719 1682/3064/719 1684/3066/719 1683/3067/719
f 1683/3068/720 1684/3069/720 1686/3070/720 1685/3071/720
f 1685/3071/721 1686/3070/721 1688/3072/721 1687/3073/721
f 1687/3073/722 1688/3072/722 1690/3074/722 1689/3075/722
f 1689/3075/723 1690/3074/723 1692/3076/723 1691/3077/723
f 1691/3077/724 1692/3076/724 1694/3078/724 1693/3079/724
f 1693/3079/725 1694/3078/725 1696/3080/725 1695/3081/725
f 1695/3081/726 1696/3080/726 1698/3082/726 1697/3083/726
f 1697/3083/727 1698/3082/727 1700/3084/727 1699/3085/727
f 1699/3086/728 1700/3087/728 1702/3088/728 1701/3089/728
f 1701/3089/729 1702/3088/729 1704/3090/729 1703/3091/729
f 1703/3091/730 1704/3090/730 1706/3092/730 1705/3093/730
f 1705/3093/731 1706/3092/731 1708/3094/731 1707/3095/731
f 1707/3095/732 1708/3094/732 1710/3096/732 1709/3097/732
f 1709/3097/733 1710/3096/733 1712/3098/733 1711/3099/733
f 1711/3099/734 1712/3098/734 1714/3100/734 1713/3101/734
f 1713/3101/735 1714/3100/735 1716/3102/735 1715/3103/735
f 1715/3104/736 1716/3105/736 1718/3106/736 1717/3107/736
f 1717/3107/737 1718/3106/737 1720/3108/737 1719/3109/737
f 1662/3110/706 1660/3111/706 1722/3112/706 1720/3113/706 1718/3114/706 1716/3115/706 1714/3116/706 1712/3117/706 1710/3118/706 1708/3119/706 1706/3120/706 1704/3121/706 1702/3122/706 1700/3123/706 1698/3124/706 1696/3125/706 1694/3126/706 1692/3127/706 1690/3128/706 1688/3129/706 1686/3130/706 1684/3131/706 1682/3132/706 1680/3133/706 1678/3134/706 1676/3135/706 1674/3136/706 1672/3137/706 1670/3138/706 1668/3139/706 1666/3140/706 1664/3141/706
f 1719/3109/738 1720/3108/738 1722/3142/738 1721/3143/738
f 1721/3143/708 1722/3142/708 1660/3041/708 1659/3040/708
f 1659/3144/641 1661/3145/641 1663/3146/641 1665/3147/641 1667/3148/641 1669/3149/641 1671/3150/641 1673/3151/641 1675/3152/641 1677/3153/641 1679/3154/641 1681/3155/641 1683/3156/641 1685/3157/641 1687/3158/641 1689/3159/641 1691/3160/641 1693/3161/641 1695/3162/641 1697/3163/641 1699/3164/641 1701/3165/641 1703/3166/641 1705/3167/641 1707/3168/641 1709/3169/641 1711/3170/641 1713/3171/641 1715/3172/641 1717/3173/641 1719/3174/641 1721/3175/641
f 1723/3176/707 1724/3177/707 1726/3178/707 1725/3179/707
f 1725/3179/709 1726/3178/709 1728/3180/709 1727/3181/709
f 1727/3181/710 1728/3180/710 1730/3182/710 1729/3183/710
f 1729/3183/711 1730/3182/711 1732/3184/711 1731/3185/711
f 1731/3186/712 1732/3187/712 1734/3188/712 1733/3189/712
f 1733/3189/713 1734/3188/713 1736/3190/713 1735/3191/713
f 1735/3191/714 1736/3190/714 1738/3192/714 1737/3193/714
f 1737/3193/715 1738/3192/715 1740/3194/715 1739/3195/715
f 1739/3195/716 1740/3194/716 1742/3196/716 1741/3197/716
f 1741/3197/717 1742/3196/717 1744/3198/717 1743/3199/717
f 1743/3199/718 1744/3198/718 1746/3200/718 1745/3201/718
f 1745/3201/719 1746/3200/719 1748/3202/719 1747/3203/719
f 1747/3204/720 1748/3205/720 1750/3206/720 1749/3207/720
f 1749/3207/721 1750/3206/721 1752/3208/721 1751/3209/721
f 1751/3209/722 1752/3208/722 1754/3210/722 1753/3211/722
f 1753/3211/723 1754/3210/723 1756/3212/723 1755/3213/723
f 1755/3213/724 1756/3212/724 1758/3214/724 1757/3215/724
f 1757/3215/725 1758/3214/725 1760/3216/725 1759/3217/725
f 1759/3217/726 1760/3216/726 1762/3218/726 1761/3219/726
f 1761/3219/727 1762/3218/727 1764/3220/727 1763/3221/727
f 1763/3203/728 1764/3202/728 1766/3222/728 1765/3223/728
f 1765/3223/729 1766/3222/729 1768/3224/729 1767/3225/729
f 1767/3225/730 1768/3224/730 1770/3226/730 1769/3227/730
f 1769/3227/731 1770/3226/731 1772/3228/731 1771/3229/731
f 1771/3229/732 1772/3228/732 1774/3230/732 1773/3231/732
f 1773/3231/733 1774/3230/733 1776/3232/733 1775/3233/733
f 1775/3233/734 1776/3232/734 1778/3234/734 1777/3235/734
f 1777/3235/735 1778/3234/735 1780/3236/735 1779/3237/735
f 1779/3238/736 1780/3239/736 1782/3240/736 1781/3241/736
f 1781/3241/737 1782/3240/737 1784/3242/737 1783/3243/737
f 1726/3244/706 1724/3245/706 1786/3246/706 1784/3247/706 1782/3248/706 1780/3249/706 1778/3250/706 1776/3251/706 1774/3252/706 1772/3253/706 1770/3254/706 1768/3255/706 1766/3256/706 1764/3257/706 1762/3258/706 1760/3259/706 1758/3260/706 1756/3261/706 1754/3262/706 1752/3263/706 1750/3264/706 1748/3265/706 1746/3266/706 1744/3267/706 1742/3268/706 1740/3269/706 1738/3270/706 1736/3271/706 1734/3272/706 1732/3273/706 1730/3274/706 1728/3275/706
f 1783/3243/738 1784/3242/738 1786/3276/738 1785/3277/738
f 1785/3277/708 1786/3276/708 1724/3177/708 1723/3176/708
f 1723/3278/641 1725/3279/641 1727/3280/641 1729/3281/641 1731/3282/641 1733/3283/641 1735/3284/641 1737/3285/641 1739/3286/641 1741/3287/641 1743/3288/641 1745/3289/641 1747/3290/641 1749/3291/641 1751/3292/641 1753/3293/641 1755/3294/641 1757/3295/641 1759/3296/641 1761/3297/641 1763/3298/641 1765/3299/641 1767/3300/641 1769/3301/641 1771/3302/641 1773/3303/641 1775/3304/641 1777/3305/641 1779/3306/641 1781/3307/641 1783/3308/641 1785/3309/641
f 1787/3310/739 1788/3311/739 1790/3312/739 1789/3313/739
f 1789/3314/740 1790/3315/740 1794/3316/740 1793/3317/740
f 1793/3318/741 1794/3319/741 1792/3320/741 1791/3321/741
f 1791/3322/742 1792/3323/742 1788/3324/742 1787/3325/742
f 1789/3326/641 1793/3327/641 1791/3328/641 1787/3329/641
f 1794/3330/706 1790/3331/706 1788/3327/706 1792/3332/706
f 1808/3333/743 1811/3334/743 1812/3335/743 1809/3336/743
f 1809/3336/744 1812/3335/744 1810/3337/744 1807/3338/744
f 1805/3339/745 1814/3340/745 1815/3341/745 1806/3342/745
f 1806/3342/746 1815/3341/746 1813/3343/746 1804/3344/746
f 1816/3345/747 1808/3333/747 1809/3336/747 1818/3346/747
f 1818/3346/748 1809/3336/748 1807/3338/748 1817/3347/748
f 1819/3348/749 1805/3339/749 1806/3342/749 1821/3349/749
f 1821/3349/750 1806/3342/750 1804/3344/750 1820/3350/750
f 1804/3351/751 1808/3352/751 1816/3353/751 1820/3354/751
f 1804/3355/752 1813/3356/752 1811/3357/752 1808/3358/752
f 1796/3359/742 1797/3360/742 1801/3361/742 1802/3347/742 1817/3347/742 1807/3338/742
f 1796/3359/742 1807/3338/742 1810/3337/742 1799/3337/742 1798/3362/742 1795/3363/742
f 1810/3364/753 1812/3365/753 1811/3357/753 1813/3356/753 1815/3366/753 1814/3367/753 1800/3367/753 1799/3364/753
f 1802/3368/754 1803/3369/754 1819/3369/754 1821/3370/754 1820/3354/754 1816/3353/754 1818/3371/754 1817/3368/754
f 1826/3372/755 1823/3373/755 1824/3374/755 1827/3375/755
f 1827/3375/756 1824/3374/756 1822/3376/756 1825/3377/756
f 1825/3377/757 1828/3378/757 1830/3379/757 1827/3375/757
f 1827/3375/758 1830/3379/758 1829/3380/758 1826/3372/758
f 1831/3340/759 1822/3376/759 1824/3374/759 1833/3381/759
f 1833/3382/760 1824/3383/760 1823/3384/760 1832/3385/760
f 1828/3378/761 1835/3348/761 1836/3386/761 1830/3379/761
f 1830/3387/762 1836/3388/762 1834/3389/762 1829/3390/762
f 1795/3391/763 1798/3392/763 1832/3385/763 1823/3384/763
f 1823/3384/764 1826/3393/764 1796/3394/764 1795/3391/764
f 1822/3376/740 1831/3340/740 1800/3340/740 1814/3340/740 1805/3339/740 1825/3377/740
f 1829/3390/765 1797/3395/765 1796/3396/765 1826/3397/765
f 1828/3378/740 1825/3377/740 1805/3339/740 1819/3348/740 1803/3348/740 1835/3348/740
f 1797/3395/766 1829/3390/766 1834/3389/766 1801/3398/766
f 1799/3399/767 1800/3400/767 1831/3400/767 1833/3382/767 1832/3385/767 1798/3392/767
f 1801/3398/768 1834/3389/768 1836/3388/768 1835/3401/768 1803/3401/768 1802/3402/768
o mdlSilla.006
v 5.012062 1.486190 -6.602255
v 4.894823 1.486190 -6.611727
v 4.781685 1.486190 -6.643889
v 4.676996 1.486190 -6.697505
v 4.584778 1.486190 -6.770515
v 4.508576 1.486190 -6.860114
v 4.451317 1.486190 -6.962856
v 4.415203 1.486190 -7.074795
v 4.401621 1.486190 -7.191629
v 4.411093 1.486190 -7.308868
v 4.443255 1.486190 -7.422006
v 4.496872 1.486190 -7.526695
v 4.569882 1.486190 -7.618913
v 4.659480 1.486190 -7.695115
v 4.762223 1.486190 -7.752374
v 4.874162 1.486190 -7.788488
v 4.990995 1.486190 -7.802070
v 5.108234 1.486190 -7.792598
v 5.221372 1.486190 -7.760436
v 5.326062 1.486190 -7.706819
v 5.418280 1.486190 -7.633809
v 5.494482 1.486190 -7.544211
v 5.551740 1.486190 -7.441468
v 5.587854 1.486190 -7.329529
v 5.601436 1.486190 -7.212696
v 5.591964 1.486190 -7.095457
v 5.559802 1.486190 -6.982319
v 5.506186 1.486190 -6.877629
v 5.433176 1.486190 -6.785412
v 5.343577 1.486190 -6.709209
v 5.240835 1.486190 -6.651951
v 5.128896 1.486190 -6.615837
v 5.009659 1.726190 -6.739107
v 5.012062 1.698947 -6.602255
v 5.011358 1.718211 -6.642338
v 4.919165 1.726190 -6.746418
v 4.894823 1.698947 -6.611727
v 4.901953 1.718211 -6.651177
v 4.831837 1.726190 -6.771244
v 4.781685 1.698947 -6.643889
v 4.796374 1.718211 -6.681190
v 4.751029 1.726190 -6.812629
v 4.676996 1.698947 -6.697505
v 4.698679 1.718211 -6.731225
v 4.679848 1.726190 -6.868984
v 4.584778 1.698947 -6.770515
v 4.612624 1.718211 -6.799356
v 4.621029 1.726190 -6.938142
v 4.508576 1.698947 -6.860114
v 4.541512 1.718211 -6.882967
v 4.576833 1.726190 -7.017447
v 4.451317 1.698947 -6.962856
v 4.488080 1.718211 -6.978846
v 4.548957 1.726190 -7.103850
v 4.415203 1.698947 -7.074795
v 4.454379 1.718211 -7.083305
v 4.538473 1.726190 -7.194032
v 4.401621 1.698947 -7.191629
v 4.441704 1.718211 -7.192333
v 4.545784 1.726190 -7.284526
v 4.411093 1.698947 -7.308867
v 4.450543 1.718211 -7.301738
v 4.570610 1.726190 -7.371854
v 4.443255 1.698947 -7.422006
v 4.480557 1.718211 -7.407317
v 4.611995 1.726190 -7.452662
v 4.496872 1.698947 -7.526695
v 4.530591 1.718211 -7.505012
v 4.668350 1.726190 -7.523843
v 4.569882 1.698947 -7.618913
v 4.598722 1.718211 -7.591067
v 4.737509 1.726190 -7.582662
v 4.659480 1.698947 -7.695115
v 4.682334 1.718211 -7.662179
v 4.816814 1.726190 -7.626858
v 4.762223 1.698947 -7.752374
v 4.778212 1.718211 -7.715611
v 4.903217 1.726190 -7.654734
v 4.874162 1.698947 -7.788488
v 4.882672 1.718211 -7.749312
v 4.993399 1.726190 -7.665217
v 4.990995 1.698947 -7.802070
v 4.991699 1.718211 -7.761987
v 5.083892 1.726190 -7.657907
v 5.108234 1.698947 -7.792598
v 5.101105 1.718211 -7.753148
v 5.171221 1.726190 -7.633081
v 5.221372 1.698947 -7.760436
v 5.206683 1.718211 -7.723134
v 5.252028 1.726190 -7.591696
v 5.326062 1.698947 -7.706819
v 5.304378 1.718211 -7.673100
v 5.323209 1.726190 -7.535341
v 5.418280 1.698947 -7.633809
v 5.390434 1.718211 -7.604968
v 5.382028 1.726190 -7.466182
v 5.494482 1.698947 -7.544211
v 5.461545 1.718211 -7.521357
v 5.426225 1.726190 -7.386877
v 5.551740 1.698947 -7.441468
v 5.514977 1.718211 -7.425479
v 5.454101 1.726190 -7.300474
v 5.587854 1.698947 -7.329529
v 5.548679 1.718211 -7.321019
v 5.464584 1.726190 -7.210292
v 5.601436 1.698947 -7.212696
v 5.561353 1.718211 -7.211992
v 5.457273 1.726190 -7.119799
v 5.591964 1.698947 -7.095457
v 5.552514 1.718211 -7.102586
v 5.432447 1.726190 -7.032470
v 5.559802 1.698947 -6.982319
v 5.522501 1.718211 -6.997008
v 5.391062 1.726190 -6.951663
v 5.506186 1.698947 -6.877629
v 5.472466 1.718211 -6.899313
v 5.334707 1.726190 -6.880482
v 5.433176 1.698947 -6.785411
v 5.404335 1.718211 -6.813257
v 5.265549 1.726190 -6.821663
v 5.343577 1.698947 -6.709209
v 5.320724 1.718211 -6.742146
v 5.186244 1.726190 -6.777466
v 5.240835 1.698947 -6.651951
v 5.224845 1.718211 -6.688714
v 5.099841 1.726190 -6.749590
v 5.128896 1.698947 -6.615837
v 5.120386 1.718211 -6.655012
v 5.009721 0.317975 -6.735568
v 5.009721 0.477975 -6.735568
v 4.918536 0.317975 -6.742935
v 4.918536 0.477975 -6.742935
v 4.830540 0.317975 -6.767950
v 4.830540 0.477975 -6.767950
v 4.749115 0.317975 -6.809652
v 4.749115 0.477975 -6.809651
v 4.677389 0.317975 -6.866437
v 4.677389 0.477975 -6.866437
v 4.618121 0.317975 -6.936124
v 4.618121 0.477975 -6.936124
v 4.573586 0.317975 -7.016036
v 4.573586 0.477975 -7.016036
v 4.545498 0.317975 -7.103099
v 4.545498 0.477975 -7.103099
v 4.534934 0.317975 -7.193970
v 4.534934 0.477975 -7.193970
v 4.542301 0.317975 -7.285156
v 4.542301 0.477975 -7.285156
v 4.567316 0.317975 -7.373152
v 4.567316 0.477975 -7.373152
v 4.609018 0.317975 -7.454577
v 4.609018 0.477975 -7.454577
v 4.665803 0.317975 -7.526302
v 4.665803 0.477975 -7.526302
v 4.735491 0.317975 -7.585570
v 4.735491 0.477975 -7.585570
v 4.815402 0.317975 -7.630105
v 4.815402 0.477975 -7.630105
v 4.902466 0.317975 -7.658194
v 4.902466 0.477975 -7.658194
v 4.993336 0.317975 -7.668757
v 4.993336 0.477975 -7.668757
v 5.084522 0.317975 -7.661390
v 5.084522 0.477975 -7.661390
v 5.172518 0.317975 -7.636375
v 5.172518 0.477975 -7.636375
v 5.253943 0.317975 -7.594673
v 5.253943 0.477975 -7.594673
v 5.325668 0.317975 -7.537888
v 5.325668 0.477975 -7.537888
v 5.384937 0.317975 -7.468200
v 5.384937 0.477975 -7.468200
v 5.429471 0.317975 -7.388289
v 5.429471 0.477975 -7.388289
v 5.457560 0.317975 -7.301226
v 5.457560 0.477975 -7.301226
v 5.468123 0.317975 -7.210355
v 5.468123 0.477975 -7.210355
v 5.460756 0.317975 -7.119169
v 5.460756 0.477975 -7.119169
v 5.435741 0.317975 -7.031173
v 5.435741 0.477975 -7.031173
v 5.394040 0.317975 -6.949748
v 5.394040 0.477975 -6.949748
v 5.337254 0.317975 -6.878023
v 5.337254 0.477975 -6.878023
v 5.267567 0.317975 -6.818755
v 5.267567 0.477975 -6.818755
v 5.187655 0.317975 -6.774220
v 5.187655 0.477975 -6.774220
v 5.100592 0.317975 -6.746131
v 5.100592 0.477975 -6.746131
v 5.002699 0.453975 -7.135506
v 5.002699 1.541975 -7.135506
v 4.989673 0.453975 -7.136559
v 4.989673 1.541975 -7.136559
v 4.977102 0.453975 -7.140132
v 4.977102 1.541975 -7.140132
v 4.965469 0.453975 -7.146090
v 4.965469 1.541975 -7.146089
v 4.955223 0.453975 -7.154202
v 4.955223 1.541975 -7.154202
v 4.946756 0.453975 -7.164157
v 4.946756 1.541975 -7.164157
v 4.940394 0.453975 -7.175573
v 4.940394 1.541975 -7.175573
v 4.936381 0.453975 -7.188011
v 4.936381 1.541975 -7.188010
v 4.934872 0.453975 -7.200992
v 4.934872 1.541975 -7.200992
v 4.935925 0.453975 -7.214019
v 4.935925 1.541975 -7.214018
v 4.939498 0.453975 -7.226590
v 4.939498 1.541975 -7.226589
v 4.945456 0.453975 -7.238222
v 4.945456 1.541975 -7.238222
v 4.953568 0.453975 -7.248468
v 4.953568 1.541975 -7.248468
v 4.963523 0.453975 -7.256935
v 4.963523 1.541975 -7.256935
v 4.974939 0.453975 -7.263297
v 4.974939 1.541975 -7.263297
v 4.987377 0.453975 -7.267310
v 4.987377 1.541975 -7.267310
v 5.000359 0.453975 -7.268819
v 5.000359 1.541975 -7.268819
v 5.013385 0.453975 -7.267766
v 5.013385 1.541975 -7.267766
v 5.025956 0.453975 -7.264193
v 5.025956 1.541975 -7.264193
v 5.037588 0.453975 -7.258235
v 5.037588 1.541975 -7.258235
v 5.047834 0.453975 -7.250123
v 5.047834 1.541975 -7.250123
v 5.056301 0.453975 -7.240168
v 5.056301 1.541975 -7.240168
v 5.062664 0.453975 -7.228752
v 5.062664 1.541975 -7.228752
v 5.066676 0.453975 -7.216314
v 5.066676 1.541975 -7.216314
v 5.068185 0.453975 -7.203333
v 5.068185 1.541975 -7.203332
v 5.067132 0.453975 -7.190306
v 5.067132 1.541975 -7.190306
v 5.063559 0.453975 -7.177735
v 5.063559 1.541975 -7.177735
v 5.057602 0.453975 -7.166103
v 5.057602 1.541975 -7.166103
v 5.049489 0.453975 -7.155857
v 5.049489 1.541975 -7.155857
v 5.039534 0.453975 -7.147390
v 5.039534 1.541975 -7.147390
v 5.028118 0.453975 -7.141028
v 5.028118 1.541975 -7.141027
v 5.015681 0.453975 -7.137015
v 5.015681 1.541975 -7.137015
v 5.066893 1.614190 -7.656713
v 5.066893 2.254190 -7.656713
v 5.068063 1.614190 -7.590057
v 5.068063 2.254190 -7.590056
v 4.920249 1.614190 -7.654139
v 4.920249 2.254190 -7.654138
v 4.921419 1.614190 -7.587482
v 4.921419 2.254190 -7.587482
v 5.325481 2.269675 -7.787996
v 4.991346 2.034614 -7.782129
v 4.657210 2.269675 -7.776263
v 5.637891 3.356750 -7.793481
v 5.636380 3.401785 -7.793455
v 5.641512 3.401785 -7.501193
v 4.344800 3.356750 -7.770777
v 4.346311 3.401785 -7.770804
v 4.351443 3.401785 -7.478542
v 4.996283 2.958344 -7.500940
v 4.996477 2.906741 -7.489868
v 4.996420 2.943230 -7.493111
v 4.991346 2.906741 -7.782129
v 4.991540 2.958345 -7.771056
v 4.991403 2.943231 -7.778886
v 5.636380 3.401785 -7.793455
v 5.599538 3.394330 -7.781732
v 5.610248 3.396513 -7.789752
v 5.604280 3.394330 -7.511616
v 5.641512 3.401785 -7.501193
v 5.615266 3.396513 -7.503976
v 4.383543 3.394330 -7.760381
v 4.346311 3.401785 -7.770804
v 4.372558 3.396513 -7.768021
v 4.351443 3.401785 -7.478542
v 4.388285 3.394330 -7.490265
v 4.377575 3.396513 -7.482245
v 5.270207 2.329070 -7.494674
v 5.330227 2.269675 -7.517707
v 5.312807 2.287071 -7.501859
v 4.996477 2.136505 -7.489868
v 4.996091 2.034614 -7.511840
v 4.996364 2.064457 -7.496303
v 4.722748 2.329070 -7.485062
v 4.661956 2.269675 -7.505973
v 4.679921 2.287071 -7.490747
v 5.641512 3.401785 -7.501193
v 5.642637 3.356750 -7.523192
v 5.642467 3.369940 -7.507647
v 4.349546 3.356750 -7.500488
v 4.351443 3.401785 -7.478542
v 4.350261 3.369940 -7.484959
vn -0.0000 -1.0000 -0.0000
vn -0.0350 0.9005 0.4334
vn -0.0066 0.9966 0.0823
vn -0.1189 0.9005 0.4182
vn -0.0226 0.9966 0.0794
vn -0.1982 0.9005 0.3870
vn -0.0376 0.9966 0.0735
vn -0.2699 0.9005 0.3409
vn -0.0512 0.9966 0.0647
vn -0.3312 0.9005 0.2817
vn -0.0629 0.9966 0.0535
vn -0.3798 0.9005 0.2117
vn -0.0721 0.9966 0.0402
vn -0.4138 0.9005 0.1335
vn -0.0786 0.9966 0.0253
vn -0.4319 0.9005 0.0502
vn -0.0820 0.9966 0.0095
vn -0.4334 0.9005 -0.0350
vn -0.0823 0.9966 -0.0066
vn -0.4182 0.9005 -0.1189
vn -0.0794 0.9966 -0.0226
vn -0.3870 0.9005 -0.1982
vn -0.0735 0.9966 -0.0376
vn -0.3409 0.9005 -0.2699
vn -0.0647 0.9966 -0.0512
vn -0.2817 0.9005 -0.3312
vn -0.0535 0.9966 -0.0629
vn -0.2117 0.9005 -0.3798
vn -0.0402 0.9966 -0.0721
vn -0.1335 0.9005 -0.4138
vn -0.0253 0.9966 -0.0786
vn -0.0502 0.9005 -0.4319
vn -0.0095 0.9966 -0.0820
vn 0.0350 0.9005 -0.4334
vn 0.0066 0.9966 -0.0823
vn 0.1189 0.9005 -0.4182
vn 0.0226 0.9966 -0.0794
vn 0.1982 0.9005 -0.3870
vn 0.0376 0.9966 -0.0735
vn 0.2699 0.9005 -0.3409
vn 0.0512 0.9966 -0.0647
vn 0.3312 0.9005 -0.2817
vn 0.0629 0.9966 -0.0535
vn 0.3798 0.9005 -0.2117
vn 0.0721 0.9966 -0.0402
vn 0.4138 0.9005 -0.1335
vn 0.0786 0.9966 -0.0253
vn 0.4319 0.9005 -0.0502
vn 0.0820 0.9966 -0.0095
vn 0.4334 0.9005 0.0350
vn 0.0823 0.9966 0.0066
vn 0.4182 0.9005 0.1189
vn 0.0794 0.9966 0.0226
vn 0.3870 0.9005 0.1982
vn 0.0735 0.9966 0.0376
vn 0.3409 0.9005 0.2699
vn 0.0647 0.9966 0.0512
vn 0.2817 0.9005 0.3312
vn 0.0535 0.9966 0.0629
vn 0.2117 0.9005 0.3798
vn 0.0402 0.9966 0.0721
vn 0.1335 0.9005 0.4138
vn 0.0253 0.9966 0.0786
vn 0.0502 0.9005 0.4319
vn 0.0095 0.9966 0.0820
vn -0.0000 1.0000 -0.0000
vn -0.0805 -0.0000 0.9968
vn 0.1155 -0.0000 0.9933
vn -0.2734 -0.0000 0.9619
vn -0.4558 -0.0000 0.8901
vn -0.6207 -0.0000 0.7840
vn -0.7618 -0.0000 0.6479
vn -0.8735 -0.0000 0.4868
vn -0.9517 -0.0000 0.3070
vn -0.9933 -0.0000 0.1155
vn -0.9968 -0.0000 -0.0805
vn -0.9619 -0.0000 -0.2734
vn -0.8901 -0.0000 -0.4558
vn -0.7840 -0.0000 -0.6207
vn -0.6479 -0.0000 -0.7618
vn -0.4868 -0.0000 -0.8735
vn -0.3070 -0.0000 -0.9517
vn -0.1155 -0.0000 -0.9933
vn 0.0805 -0.0000 -0.9968
vn 0.2734 -0.0000 -0.9619
vn 0.4558 -0.0000 -0.8901
vn 0.6207 -0.0000 -0.7840
vn 0.7618 -0.0000 -0.6479
vn 0.8735 -0.0000 -0.4868
vn 0.9517 -0.0000 -0.3070
vn 0.9933 -0.0000 -0.1155
vn 0.9968 -0.0000 0.0805
vn 0.9619 -0.0000 0.2734
vn 0.8901 -0.0000 0.4558
vn 0.7840 -0.0000 0.6207
vn 0.6479 -0.0000 0.7618
vn 0.4868 -0.0000 0.8735
vn 0.3070 -0.0000 0.9517
vn 0.9998 -0.0000 -0.0176
vn 0.0176 -0.0000 0.9998
vn -0.9998 -0.0000 0.0176
vn -0.0176 -0.0000 -0.9998
vn -0.4125 0.5515 -0.7251
vn -0.1118 0.1259 -0.9857
vn -0.0771 0.1259 0.9890
vn -0.3868 0.5515 0.7391
vn 0.3868 0.5515 -0.7391
vn 0.0771 0.1259 -0.9890
vn 0.1118 0.1259 0.9857
vn 0.4125 0.5515 0.7251
vn 0.5826 0.8127 -0.0102
vn -0.5826 0.8127 0.0102
vn -0.1973 0.9803 0.0035
vn 0.1973 0.9803 -0.0035
vn 0.3237 -0.4392 0.8380
vn 0.0799 -0.0888 0.9928
vn -0.0450 -0.0888 0.9950
vn -0.2941 -0.4392 0.8489
vn 0.2034 -0.0606 0.9772
vn 0.7458 -0.2174 0.6297
vn -0.1689 -0.0606 0.9838
vn -0.7232 -0.2174 0.6555
vn 0.9609 -0.2762 -0.0169
vn 0.5752 -0.8179 -0.0101
vn -0.5752 -0.8179 0.0101
vn -0.9609 -0.2762 0.0169
vn 0.9993 0.0335 -0.0175
vn -0.9993 0.0335 0.0175
vt 0.483906 0.143218
vt 0.474334 0.128893
vt 0.467741 0.112976
vt 0.464380 0.096078
vt 0.464380 0.078849
vt 0.467741 0.061951
vt 0.474334 0.046034
vt 0.483906 0.031709
vt 0.496089 0.019526
vt 0.510414 0.009954
vt 0.526331 0.003361
vt 0.543229 -0.000000
vt 0.560458 -0.000000
vt 0.577356 0.003361
vt 0.593273 0.009954
vt 0.607598 0.019526
vt 0.619781 0.031709
vt 0.629353 0.046034
vt 0.635946 0.061951
vt 0.639307 0.078849
vt 0.639307 0.096078
vt 0.635946 0.112976
vt 0.629353 0.128893
vt 0.619781 0.143218
vt 0.607598 0.155401
vt 0.593273 0.164973
vt 0.577356 0.171566
vt 0.560458 0.174927
vt 0.543229 0.174927
vt 0.526331 0.171566
vt 0.510414 0.164973
vt 0.496089 0.155401
vt 0.667962 0.525164
vt 0.650816 0.525244
vt 0.650816 0.510871
vt 0.666816 0.510796
vt 0.473669 0.295208
vt 0.467517 0.280354
vt 0.481083 0.276239
vt 0.486172 0.288525
vt 0.684448 0.524924
vt 0.682201 0.510572
vt 0.482601 0.308576
vt 0.493560 0.299582
vt 0.699643 0.524536
vt 0.696381 0.510210
vt 0.493970 0.319945
vt 0.502964 0.308986
vt 0.712961 0.524013
vt 0.708809 0.509722
vt 0.507338 0.328877
vt 0.514021 0.316374
vt 0.477698 0.524677
vt 0.464380 0.524046
vt 0.468532 0.509722
vt 0.480960 0.510310
vt 0.522192 0.335029
vt 0.526307 0.321463
vt 0.492892 0.525145
vt 0.495140 0.510747
vt 0.537961 0.338166
vt 0.539350 0.324058
vt 0.509379 0.525433
vt 0.510525 0.511016
vt 0.554038 0.338166
vt 0.552649 0.324058
vt 0.526525 0.525531
vt 0.526525 0.511107
vt 0.569807 0.335029
vt 0.565692 0.321463
vt 0.543671 0.525433
vt 0.542525 0.511016
vt 0.584661 0.328877
vt 0.577978 0.316374
vt 0.560158 0.525145
vt 0.557911 0.510747
vt 0.598029 0.319945
vt 0.589035 0.308986
vt 0.575352 0.524677
vt 0.572090 0.510310
vt 0.609398 0.308576
vt 0.598439 0.299582
vt 0.588670 0.524046
vt 0.584518 0.509722
vt 0.618330 0.295208
vt 0.605827 0.288525
vt 0.477698 0.353257
vt 0.464380 0.352522
vt 0.468532 0.338166
vt 0.480960 0.338852
vt 0.624482 0.280354
vt 0.610916 0.276239
vt 0.492892 0.353804
vt 0.495140 0.339362
vt 0.627619 0.264585
vt 0.613511 0.263196
vt 0.509379 0.354140
vt 0.510525 0.339676
vt 0.627619 0.248508
vt 0.613511 0.249897
vt 0.526525 0.354254
vt 0.526525 0.339782
vt 0.624482 0.232739
vt 0.610916 0.236854
vt 0.543671 0.354140
vt 0.542525 0.339676
vt 0.618330 0.217885
vt 0.605827 0.224568
vt 0.560158 0.353804
vt 0.557911 0.339362
vt 0.609397 0.204517
vt 0.598439 0.213511
vt 0.575352 0.353257
vt 0.572090 0.338852
vt 0.598029 0.193148
vt 0.589035 0.204107
vt 0.588670 0.352522
vt 0.584518 0.338166
vt 0.584661 0.184216
vt 0.577978 0.196719
vt 0.601988 0.353121
vt 0.588670 0.352491
vt 0.592823 0.338166
vt 0.605251 0.338754
vt 0.569807 0.178064
vt 0.565692 0.191630
vt 0.617183 0.353589
vt 0.619430 0.339191
vt 0.554038 0.174927
vt 0.552649 0.189035
vt 0.633670 0.353878
vt 0.634816 0.339461
vt 0.537961 0.174927
vt 0.539350 0.189035
vt 0.650816 0.353975
vt 0.650816 0.339552
vt 0.522192 0.178064
vt 0.526307 0.191630
vt 0.667962 0.353878
vt 0.666816 0.339461
vt 0.507338 0.184216
vt 0.514021 0.196719
vt 0.684448 0.353589
vt 0.682201 0.339191
vt 0.493970 0.193148
vt 0.502964 0.204107
vt 0.699643 0.353121
vt 0.696381 0.338754
vt 0.482601 0.204517
vt 0.493560 0.213511
vt 0.712961 0.352491
vt 0.708809 0.338166
vt 0.473669 0.217885
vt 0.486172 0.224568
vt 0.601988 0.524536
vt 0.588670 0.524013
vt 0.592823 0.509722
vt 0.605251 0.510210
vt 0.467516 0.232739
vt 0.481083 0.236854
vt 0.617183 0.524924
vt 0.619430 0.510572
vt 0.464380 0.248508
vt 0.478488 0.249897
vt 0.633670 0.525164
vt 0.634816 0.510796
vt 0.464380 0.264585
vt 0.478488 0.263196
vt 0.650816 0.680887
vt 0.667962 0.680806
vt 0.633670 0.680806
vt 0.684448 0.680567
vt 0.699643 0.680178
vt 0.712961 0.679655
vt 0.464380 0.679608
vt 0.477698 0.680238
vt 0.492892 0.680707
vt 0.509379 0.680995
vt 0.526525 0.681092
vt 0.543671 0.680995
vt 0.560158 0.680707
vt 0.575352 0.680238
vt 0.588670 0.679608
vt 0.464380 0.507990
vt 0.477698 0.508725
vt 0.492892 0.509272
vt 0.509379 0.509608
vt 0.526525 0.509722
vt 0.543671 0.509608
vt 0.560158 0.509272
vt 0.575352 0.508725
vt 0.588670 0.507990
vt 0.588670 0.508052
vt 0.601988 0.508682
vt 0.617183 0.509151
vt 0.633670 0.509439
vt 0.650816 0.509537
vt 0.667962 0.509439
vt 0.684448 0.509151
vt 0.699643 0.508682
vt 0.712961 0.508052
vt 0.588670 0.679655
vt 0.601988 0.680178
vt 0.617183 0.680567
vt 0.812009 0.292933
vt 0.812009 0.175885
vt 0.825344 0.175822
vt 0.825344 0.292870
vt 0.838167 0.175636
vt 0.838167 0.292684
vt 0.849985 0.175334
vt 0.849985 0.292382
vt 0.860344 0.174927
vt 0.860344 0.291975
vt 0.685341 0.797874
vt 0.685341 0.680887
vt 0.695699 0.681377
vt 0.695699 0.798364
vt 0.707517 0.681742
vt 0.707517 0.798729
vt 0.720340 0.681966
vt 0.720340 0.798953
vt 0.733676 0.682042
vt 0.733676 0.799029
vt 0.747012 0.681966
vt 0.747012 0.798953
vt 0.759835 0.681742
vt 0.759835 0.798729
vt 0.771653 0.681377
vt 0.771653 0.798364
vt 0.782011 0.680887
vt 0.782011 0.797874
vt 0.588670 0.797804
vt 0.588670 0.680887
vt 0.599029 0.681459
vt 0.599029 0.798376
vt 0.610847 0.681884
vt 0.610847 0.798800
vt 0.623670 0.682145
vt 0.623670 0.799062
vt 0.637006 0.682234
vt 0.637006 0.799151
vt 0.650341 0.682145
vt 0.650341 0.799062
vt 0.663164 0.681884
vt 0.663164 0.798800
vt 0.674982 0.681459
vt 0.674982 0.798376
vt 0.685341 0.680887
vt 0.685341 0.797804
vt 0.464380 0.798080
vt 0.464380 0.681092
vt 0.474738 0.681583
vt 0.474738 0.798570
vt 0.486556 0.681947
vt 0.486556 0.798934
vt 0.499379 0.682171
vt 0.499379 0.799159
vt 0.512715 0.682247
vt 0.512715 0.799235
vt 0.526051 0.682171
vt 0.526051 0.799159
vt 0.538874 0.681947
vt 0.538874 0.798934
vt 0.550692 0.681583
vt 0.550692 0.798570
vt 0.561050 0.681092
vt 0.561050 0.798080
vt 0.763673 0.291975
vt 0.763673 0.174927
vt 0.774032 0.175334
vt 0.774032 0.292382
vt 0.785850 0.175636
vt 0.785850 0.292684
vt 0.652281 0.295794
vt 0.642806 0.286319
vt 0.635361 0.275177
vt 0.630233 0.262797
vt 0.627619 0.249654
vt 0.627619 0.236254
vt 0.630233 0.223111
vt 0.635361 0.210731
vt 0.642806 0.199589
vt 0.652281 0.190114
vt 0.663423 0.182669
vt 0.675803 0.177541
vt 0.688946 0.174927
vt 0.702346 0.174927
vt 0.715489 0.177541
vt 0.727869 0.182669
vt 0.739011 0.190114
vt 0.748486 0.199589
vt 0.755931 0.210731
vt 0.761059 0.223111
vt 0.763673 0.236254
vt 0.763673 0.249654
vt 0.761059 0.262797
vt 0.755931 0.275177
vt 0.748486 0.286319
vt 0.739011 0.295794
vt 0.727869 0.303239
vt 0.715489 0.308367
vt 0.702346 0.310981
vt 0.688946 0.310981
vt 0.675803 0.308367
vt 0.663423 0.303239
vt 0.798673 0.175822
vt 0.798673 0.292870
vt 0.654494 0.111392
vt 0.647049 0.100250
vt 0.641921 0.087870
vt 0.639307 0.074727
vt 0.639307 0.061327
vt 0.641921 0.048184
vt 0.647049 0.035804
vt 0.654494 0.024662
vt 0.663969 0.015187
vt 0.675111 0.007742
vt 0.687491 0.002614
vt 0.700634 0.000000
vt 0.714034 0.000000
vt 0.727177 0.002614
vt 0.739557 0.007742
vt 0.750699 0.015187
vt 0.760174 0.024662
vt 0.767619 0.035804
vt 0.772747 0.048184
vt 0.775361 0.061327
vt 0.775361 0.074727
vt 0.772747 0.087870
vt 0.767619 0.100250
vt 0.760174 0.111392
vt 0.750699 0.120867
vt 0.739557 0.128312
vt 0.727177 0.133440
vt 0.714034 0.136054
vt 0.700634 0.136054
vt 0.687491 0.133440
vt 0.675111 0.128312
vt 0.663969 0.120867
vt 0.867249 0.970990
vt 0.867249 0.175064
vt 0.869154 0.175055
vt 0.869154 0.970981
vt 0.870986 0.175028
vt 0.870986 0.970955
vt 0.872674 0.174985
vt 0.872674 0.970911
vt 0.874154 0.174927
vt 0.874154 0.970853
vt 0.874154 0.970439
vt 0.874154 0.174927
vt 0.875634 0.174997
vt 0.875634 0.970509
vt 0.877322 0.175049
vt 0.877322 0.970561
vt 0.879154 0.175081
vt 0.879154 0.970594
vt 0.881059 0.175092
vt 0.881059 0.970604
vt 0.882964 0.175081
vt 0.882964 0.970594
vt 0.884796 0.175049
vt 0.884796 0.970561
vt 0.886484 0.174997
vt 0.886484 0.970509
vt 0.887964 0.174927
vt 0.887964 0.970439
vt 0.901774 0.969961
vt 0.901774 0.174927
vt 0.903254 0.175009
vt 0.903254 0.970042
vt 0.904942 0.175069
vt 0.904942 0.970103
vt 0.906774 0.175107
vt 0.906774 0.970141
vt 0.908679 0.175119
vt 0.908679 0.970153
vt 0.910584 0.175107
vt 0.910584 0.970141
vt 0.912416 0.175069
vt 0.912416 0.970103
vt 0.914104 0.175009
vt 0.914104 0.970042
vt 0.915584 0.174927
vt 0.915584 0.969961
vt 0.889444 0.174997
vt 0.889444 0.970509
vt 0.891132 0.175049
vt 0.891132 0.970561
vt 0.892964 0.175081
vt 0.892964 0.970594
vt 0.894869 0.175092
vt 0.894869 0.970604
vt 0.896774 0.175081
vt 0.896774 0.970594
vt 0.898606 0.175049
vt 0.898606 0.970561
vt 0.900294 0.174997
vt 0.900294 0.970509
vt 0.901774 0.174927
vt 0.901774 0.970439
vt 0.860344 0.970853
vt 0.860344 0.174927
vt 0.861824 0.174985
vt 0.861824 0.970911
vt 0.863512 0.175028
vt 0.863512 0.970955
vt 0.643532 0.328248
vt 0.641940 0.329312
vt 0.640172 0.330044
vt 0.638294 0.330418
vt 0.636380 0.330418
vt 0.634503 0.330044
vt 0.632734 0.329312
vt 0.631142 0.328248
vt 0.629789 0.326894
vt 0.628725 0.325303
vt 0.627993 0.323534
vt 0.627619 0.321657
vt 0.627619 0.319742
vt 0.627993 0.317865
vt 0.628725 0.316096
vt 0.629789 0.314504
vt 0.631142 0.313151
vt 0.632734 0.312087
vt 0.634503 0.311355
vt 0.636380 0.310981
vt 0.638294 0.310981
vt 0.640172 0.311355
vt 0.641940 0.312087
vt 0.643532 0.313151
vt 0.644886 0.314504
vt 0.645949 0.316096
vt 0.646682 0.317865
vt 0.647055 0.319742
vt 0.647055 0.321657
vt 0.646682 0.323534
vt 0.645949 0.325303
vt 0.644886 0.326894
vt 0.865344 0.175055
vt 0.865344 0.970981
vt 0.653628 0.154385
vt 0.651860 0.155117
vt 0.649982 0.155491
vt 0.648068 0.155491
vt 0.646190 0.155117
vt 0.644422 0.154385
vt 0.642830 0.153321
vt 0.641477 0.151967
vt 0.640413 0.150376
vt 0.639680 0.148607
vt 0.639307 0.146730
vt 0.639307 0.144815
vt 0.639680 0.142938
vt 0.640413 0.141169
vt 0.641477 0.139577
vt 0.642830 0.138224
vt 0.644422 0.137160
vt 0.646190 0.136428
vt 0.648068 0.136054
vt 0.649982 0.136054
vt 0.651860 0.136428
vt 0.653628 0.137160
vt 0.655220 0.138224
vt 0.656574 0.139577
vt 0.657637 0.141169
vt 0.658370 0.142938
vt 0.658743 0.144815
vt 0.658743 0.146730
vt 0.658370 0.148607
vt 0.657637 0.150376
vt 0.656574 0.151967
vt 0.655220 0.153321
vt 0.841561 0.806115
vt 0.841561 0.338166
vt 0.851326 0.338166
vt 0.851326 0.806115
vt 0.798594 0.806358
vt 0.798594 0.338166
vt 0.820077 0.338166
vt 0.820077 0.806358
vt 0.915584 0.642875
vt 0.915584 0.174927
vt 0.925349 0.174927
vt 0.925349 0.642875
vt 0.820077 0.805833
vt 0.820077 0.338166
vt 0.841561 0.338166
vt 0.841561 0.805833
vt 0.656821 0.310981
vt 0.656821 0.332465
vt 0.647055 0.332465
vt 0.647055 0.310981
vt 0.666586 0.310981
vt 0.666586 0.332465
vt 0.656821 0.310981
vt 0.284028 0.323926
vt 0.373100 0.005339
vt 0.374689 0.003820
vt 0.284028 0.335048
vt 0.378526 0.000000
vt 0.284028 0.361743
vt 0.094654 0.362149
vt 0.000157 0.000000
vt 0.003993 0.003834
vt 0.094654 0.335433
vt 0.005582 0.005376
vt 0.094654 0.324321
vt 0.194956 0.005339
vt 0.193367 0.003820
vt 0.189530 0.000000
vt 0.189152 0.000000
vt 0.185315 0.003834
vt 0.183726 0.005376
vt 0.754155 0.667847
vt 0.714583 0.667847
vt 0.714583 0.343930
vt 0.754155 0.343930
vt 0.757400 0.667847
vt 0.757400 0.343930
vt 0.796972 0.343930
vt 0.796972 0.667847
vt 0.284028 0.999032
vt 0.235077 0.827267
vt 0.189309 0.032909
vt 0.378747 0.032909
vt 0.332979 0.827267
vt 0.798594 0.338166
vt 0.798119 0.342242
vt 0.756253 0.342242
vt 0.755777 0.338166
vt 0.712961 0.338166
vt 0.755778 0.338166
vt 0.755302 0.342242
vt 0.713436 0.342242
vt 0.094654 1.000000
vt 0.045703 0.828041
vt 0.048295 0.815424
vt 0.094654 0.978277
vt 0.054553 0.784745
vt 0.094654 0.925616
vt 0.134756 0.784745
vt 0.141013 0.815424
vt 0.143605 0.828041
vt 0.000000 0.023251
vt 0.420621 0.023293
vt 0.420621 0.812269
vt 0.418344 0.825138
vt 0.418344 0.032941
vt 0.189309 0.023251
vt 0.422506 0.812269
vt 0.422506 0.023293
vt 0.424782 0.032941
vt 0.424782 0.825138
vt 0.378747 0.825138
vt 0.378747 0.032941
vt 0.418344 0.994184
vt 0.378747 0.994184
vt 0.464380 0.825138
vt 0.464380 0.994184
vt 0.424782 0.994184
vt 0.464380 0.032941
vt 0.378747 0.000000
vt 0.421563 0.000000
vt 0.421563 0.000000
vt 0.464380 0.000000
s 1
usemtl Material.021
f 1837/3403/769 1838/3404/769 1839/3405/769 1840/3406/769 1841/3407/769 1842/3408/769 1843/3409/769 1844/3410/769 1845/3411/769 1846/3412/769 1847/3413/769 1848/3414/769 1849/3415/769 1850/3416/769 1851/3417/769 1852/3418/769 1853/3419/769 1854/3420/769 1855/3421/769 1856/3422/769 1857/3423/769 1858/3424/769 1859/3425/769 1860/3426/769 1861/3427/769 1862/3428/769 1863/3429/769 1864/3430/769 1865/3431/769 1866/3432/769 1867/3433/769 1868/3434/769
f 1873/3435/770 1870/3436/770 1871/3437/770 1874/3438/770
f 1874/3439/771 1871/3440/771 1869/3441/771 1872/3442/771
f 1876/3443/772 1873/3435/772 1874/3438/772 1877/3444/772
f 1877/3445/773 1874/3439/773 1872/3442/773 1875/3446/773
f 1879/3447/774 1876/3443/774 1877/3444/774 1880/3448/774
f 1880/3449/775 1877/3445/775 1875/3446/775 1878/3450/775
f 1882/3451/776 1879/3447/776 1880/3448/776 1883/3452/776
f 1883/3453/777 1880/3449/777 1878/3450/777 1881/3454/777
f 1885/3455/778 1882/3456/778 1883/3457/778 1886/3458/778
f 1886/3459/779 1883/3453/779 1881/3454/779 1884/3460/779
f 1888/3461/780 1885/3455/780 1886/3458/780 1889/3462/780
f 1889/3463/781 1886/3459/781 1884/3460/781 1887/3464/781
f 1891/3465/782 1888/3461/782 1889/3462/782 1892/3466/782
f 1892/3467/783 1889/3463/783 1887/3464/783 1890/3468/783
f 1894/3469/784 1891/3465/784 1892/3466/784 1895/3470/784
f 1895/3471/785 1892/3467/785 1890/3468/785 1893/3472/785
f 1897/3473/786 1894/3469/786 1895/3470/786 1898/3474/786
f 1898/3475/787 1895/3471/787 1893/3472/787 1896/3476/787
f 1900/3477/788 1897/3473/788 1898/3474/788 1901/3478/788
f 1901/3479/789 1898/3475/789 1896/3476/789 1899/3480/789
f 1903/3481/790 1900/3477/790 1901/3478/790 1904/3482/790
f 1904/3483/791 1901/3479/791 1899/3480/791 1902/3484/791
f 1906/3485/792 1903/3481/792 1904/3482/792 1907/3486/792
f 1907/3487/793 1904/3483/793 1902/3484/793 1905/3488/793
f 1909/3489/794 1906/3490/794 1907/3491/794 1910/3492/794
f 1910/3493/795 1907/3487/795 1905/3488/795 1908/3494/795
f 1912/3495/796 1909/3489/796 1910/3492/796 1913/3496/796
f 1913/3497/797 1910/3493/797 1908/3494/797 1911/3498/797
f 1915/3499/798 1912/3495/798 1913/3496/798 1916/3500/798
f 1916/3501/799 1913/3497/799 1911/3498/799 1914/3502/799
f 1918/3503/800 1915/3499/800 1916/3500/800 1919/3504/800
f 1919/3505/801 1916/3501/801 1914/3502/801 1917/3506/801
f 1921/3507/802 1918/3503/802 1919/3504/802 1922/3508/802
f 1922/3509/803 1919/3505/803 1917/3506/803 1920/3510/803
f 1924/3511/804 1921/3507/804 1922/3508/804 1925/3512/804
f 1925/3513/805 1922/3509/805 1920/3510/805 1923/3514/805
f 1927/3515/806 1924/3511/806 1925/3512/806 1928/3516/806
f 1928/3517/807 1925/3513/807 1923/3514/807 1926/3518/807
f 1930/3519/808 1927/3515/808 1928/3516/808 1931/3520/808
f 1931/3521/809 1928/3517/809 1926/3518/809 1929/3522/809
f 1933/3523/810 1930/3524/810 1931/3525/810 1934/3526/810
f 1934/3527/811 1931/3521/811 1929/3522/811 1932/3528/811
f 1936/3529/812 1933/3523/812 1934/3526/812 1937/3530/812
f 1937/3531/813 1934/3527/813 1932/3528/813 1935/3532/813
f 1939/3533/814 1936/3529/814 1937/3530/814 1940/3534/814
f 1940/3535/815 1937/3531/815 1935/3532/815 1938/3536/815
f 1942/3537/816 1939/3533/816 1940/3534/816 1943/3538/816
f 1943/3539/817 1940/3535/817 1938/3536/817 1941/3540/817
f 1945/3541/818 1942/3537/818 1943/3538/818 1946/3542/818
f 1946/3543/819 1943/3539/819 1941/3540/819 1944/3544/819
f 1948/3545/820 1945/3541/820 1946/3542/820 1949/3546/820
f 1949/3547/821 1946/3543/821 1944/3544/821 1947/3548/821
f 1951/3549/822 1948/3545/822 1949/3546/822 1952/3550/822
f 1952/3551/823 1949/3547/823 1947/3548/823 1950/3552/823
f 1954/3553/824 1951/3549/824 1952/3550/824 1955/3554/824
f 1955/3555/825 1952/3551/825 1950/3552/825 1953/3556/825
f 1957/3557/826 1954/3558/826 1955/3559/826 1958/3560/826
f 1958/3561/827 1955/3555/827 1953/3556/827 1956/3562/827
f 1960/3563/828 1957/3557/828 1958/3560/828 1961/3564/828
f 1961/3565/829 1958/3561/829 1956/3562/829 1959/3566/829
f 1963/3567/830 1960/3563/830 1961/3564/830 1964/3568/830
f 1964/3569/831 1961/3565/831 1959/3566/831 1962/3570/831
f 1870/3436/832 1963/3567/832 1964/3568/832 1871/3437/832
f 1871/3440/833 1964/3569/833 1962/3570/833 1869/3441/833
f 1872/3442/834 1869/3441/834 1962/3570/834 1959/3566/834 1956/3562/834 1953/3556/834 1950/3552/834 1947/3548/834 1944/3544/834 1941/3540/834 1938/3536/834 1935/3532/834 1932/3528/834 1929/3522/834 1926/3518/834 1923/3514/834 1920/3510/834 1917/3506/834 1914/3502/834 1911/3498/834 1908/3494/834 1905/3488/834 1902/3484/834 1899/3480/834 1896/3476/834 1893/3472/834 1890/3468/834 1887/3464/834 1884/3460/834 1881/3454/834 1878/3450/834 1875/3446/834
f 1837/3571/835 1870/3436/835 1873/3435/835 1838/3572/835
f 1868/3573/836 1963/3567/836 1870/3436/836 1837/3571/836
f 1838/3572/837 1873/3435/837 1876/3443/837 1839/3574/837
f 1839/3574/838 1876/3443/838 1879/3447/838 1840/3575/838
f 1840/3575/839 1879/3447/839 1882/3451/839 1841/3576/839
f 1841/3577/840 1882/3456/840 1885/3455/840 1842/3578/840
f 1842/3578/841 1885/3455/841 1888/3461/841 1843/3579/841
f 1843/3579/842 1888/3461/842 1891/3465/842 1844/3580/842
f 1844/3580/843 1891/3465/843 1894/3469/843 1845/3581/843
f 1845/3581/844 1894/3469/844 1897/3473/844 1846/3582/844
f 1846/3582/845 1897/3473/845 1900/3477/845 1847/3583/845
f 1847/3583/846 1900/3477/846 1903/3481/846 1848/3584/846
f 1848/3584/847 1903/3481/847 1906/3485/847 1849/3585/847
f 1849/3586/848 1906/3490/848 1909/3489/848 1850/3587/848
f 1850/3587/849 1909/3489/849 1912/3495/849 1851/3588/849
f 1851/3588/850 1912/3495/850 1915/3499/850 1852/3589/850
f 1852/3589/851 1915/3499/851 1918/3503/851 1853/3590/851
f 1853/3590/852 1918/3503/852 1921/3507/852 1854/3591/852
f 1854/3591/853 1921/3507/853 1924/3511/853 1855/3592/853
f 1855/3592/854 1924/3511/854 1927/3515/854 1856/3593/854
f 1856/3593/855 1927/3515/855 1930/3519/855 1857/3594/855
f 1857/3595/856 1930/3524/856 1933/3523/856 1858/3596/856
f 1858/3596/857 1933/3523/857 1936/3529/857 1859/3597/857
f 1859/3597/858 1936/3529/858 1939/3533/858 1860/3598/858
f 1860/3598/859 1939/3533/859 1942/3537/859 1861/3599/859
f 1861/3599/860 1942/3537/860 1945/3541/860 1862/3600/860
f 1862/3600/861 1945/3541/861 1948/3545/861 1863/3601/861
f 1863/3601/862 1948/3545/862 1951/3549/862 1864/3602/862
f 1864/3602/863 1951/3549/863 1954/3553/863 1865/3603/863
f 1865/3604/864 1954/3558/864 1957/3557/864 1866/3605/864
f 1866/3605/865 1957/3557/865 1960/3563/865 1867/3606/865
f 1867/3606/866 1960/3563/866 1963/3567/866 1868/3573/866
f 1965/3607/835 1966/3608/835 1968/3609/835 1967/3610/835
f 1967/3610/837 1968/3609/837 1970/3611/837 1969/3612/837
f 1969/3612/838 1970/3611/838 1972/3613/838 1971/3614/838
f 1971/3614/839 1972/3613/839 1974/3615/839 1973/3616/839
f 1973/3617/840 1974/3618/840 1976/3619/840 1975/3620/840
f 1975/3620/841 1976/3619/841 1978/3621/841 1977/3622/841
f 1977/3622/842 1978/3621/842 1980/3623/842 1979/3624/842
f 1979/3624/843 1980/3623/843 1982/3625/843 1981/3626/843
f 1981/3626/844 1982/3625/844 1984/3627/844 1983/3628/844
f 1983/3628/845 1984/3627/845 1986/3629/845 1985/3630/845
f 1985/3630/846 1986/3629/846 1988/3631/846 1987/3632/846
f 1987/3632/847 1988/3631/847 1990/3633/847 1989/3634/847
f 1989/3635/848 1990/3636/848 1992/3637/848 1991/3638/848
f 1991/3638/849 1992/3637/849 1994/3639/849 1993/3640/849
f 1993/3640/850 1994/3639/850 1996/3641/850 1995/3642/850
f 1995/3642/851 1996/3641/851 1998/3643/851 1997/3644/851
f 1997/3644/852 1998/3643/852 2000/3645/852 1999/3646/852
f 1999/3646/853 2000/3645/853 2002/3647/853 2001/3648/853
f 2001/3648/854 2002/3647/854 2004/3649/854 2003/3650/854
f 2003/3650/855 2004/3649/855 2006/3651/855 2005/3652/855
f 2005/3653/856 2006/3654/856 2008/3655/856 2007/3656/856
f 2007/3656/857 2008/3655/857 2010/3657/857 2009/3658/857
f 2009/3658/858 2010/3657/858 2012/3659/858 2011/3660/858
f 2011/3660/859 2012/3659/859 2014/3661/859 2013/3662/859
f 2013/3662/860 2014/3661/860 2016/3663/860 2015/3664/860
f 2015/3664/861 2016/3663/861 2018/3665/861 2017/3666/861
f 2017/3666/862 2018/3665/862 2020/3667/862 2019/3668/862
f 2019/3668/863 2020/3667/863 2022/3669/863 2021/3670/863
f 2021/3671/864 2022/3672/864 2024/3673/864 2023/3674/864
f 2023/3674/865 2024/3673/865 2026/3675/865 2025/3676/865
f 1968/3677/834 1966/3678/834 2028/3679/834 2026/3680/834 2024/3681/834 2022/3682/834 2020/3683/834 2018/3684/834 2016/3685/834 2014/3686/834 2012/3687/834 2010/3688/834 2008/3689/834 2006/3690/834 2004/3691/834 2002/3692/834 2000/3693/834 1998/3694/834 1996/3695/834 1994/3696/834 1992/3697/834 1990/3698/834 1988/3699/834 1986/3700/834 1984/3701/834 1982/3702/834 1980/3703/834 1978/3704/834 1976/3705/834 1974/3706/834 1972/3707/834 1970/3708/834
f 2025/3676/866 2026/3675/866 2028/3709/866 2027/3710/866
f 2027/3710/836 2028/3709/836 1966/3608/836 1965/3607/836
f 1965/3711/769 1967/3712/769 1969/3713/769 1971/3714/769 1973/3715/769 1975/3716/769 1977/3717/769 1979/3718/769 1981/3719/769 1983/3720/769 1985/3721/769 1987/3722/769 1989/3723/769 1991/3724/769 1993/3725/769 1995/3726/769 1997/3727/769 1999/3728/769 2001/3729/769 2003/3730/769 2005/3731/769 2007/3732/769 2009/3733/769 2011/3734/769 2013/3735/769 2015/3736/769 2017/3737/769 2019/3738/769 2021/3739/769 2023/3740/769 2025/3741/769 2027/3742/769
f 2029/3743/835 2030/3744/835 2032/3745/835 2031/3746/835
f 2031/3746/837 2032/3745/837 2034/3747/837 2033/3748/837
f 2033/3748/838 2034/3747/838 2036/3749/838 2035/3750/838
f 2035/3750/839 2036/3749/839 2038/3751/839 2037/3752/839
f 2037/3753/840 2038/3754/840 2040/3755/840 2039/3756/840
f 2039/3756/841 2040/3755/841 2042/3757/841 2041/3758/841
f 2041/3758/842 2042/3757/842 2044/3759/842 2043/3760/842
f 2043/3760/843 2044/3759/843 2046/3761/843 2045/3762/843
f 2045/3762/844 2046/3761/844 2048/3763/844 2047/3764/844
f 2047/3764/845 2048/3763/845 2050/3765/845 2049/3766/845
f 2049/3766/846 2050/3765/846 2052/3767/846 2051/3768/846
f 2051/3768/847 2052/3767/847 2054/3769/847 2053/3770/847
f 2053/3771/848 2054/3772/848 2056/3773/848 2055/3774/848
f 2055/3774/849 2056/3773/849 2058/3775/849 2057/3776/849
f 2057/3776/850 2058/3775/850 2060/3777/850 2059/3778/850
f 2059/3778/851 2060/3777/851 2062/3779/851 2061/3780/851
f 2061/3780/852 2062/3779/852 2064/3781/852 2063/3782/852
f 2063/3782/853 2064/3781/853 2066/3783/853 2065/3784/853
f 2065/3784/854 2066/3783/854 2068/3785/854 2067/3786/854
f 2067/3786/855 2068/3785/855 2070/3787/855 2069/3788/855
f 2069/3770/856 2070/3769/856 2072/3789/856 2071/3790/856
f 2071/3790/857 2072/3789/857 2074/3791/857 2073/3792/857
f 2073/3792/858 2074/3791/858 2076/3793/858 2075/3794/858
f 2075/3794/859 2076/3793/859 2078/3795/859 2077/3796/859
f 2077/3796/860 2078/3795/860 2080/3797/860 2079/3798/860
f 2079/3798/861 2080/3797/861 2082/3799/861 2081/3800/861
f 2081/3800/862 2082/3799/862 2084/3801/862 2083/3802/862
f 2083/3802/863 2084/3801/863 2086/3803/863 2085/3804/863
f 2085/3805/864 2086/3806/864 2088/3807/864 2087/3808/864
f 2087/3808/865 2088/3807/865 2090/3809/865 2089/3810/865
f 2032/3811/834 2030/3812/834 2092/3813/834 2090/3814/834 2088/3815/834 2086/3816/834 2084/3817/834 2082/3818/834 2080/3819/834 2078/3820/834 2076/3821/834 2074/3822/834 2072/3823/834 2070/3824/834 2068/3825/834 2066/3826/834 2064/3827/834 2062/3828/834 2060/3829/834 2058/3830/834 2056/3831/834 2054/3832/834 2052/3833/834 2050/3834/834 2048/3835/834 2046/3836/834 2044/3837/834 2042/3838/834 2040/3839/834 2038/3840/834 2036/3841/834 2034/3842/834
f 2089/3810/866 2090/3809/866 2092/3843/866 2091/3844/866
f 2091/3844/836 2092/3843/836 2030/3744/836 2029/3743/836
f 2029/3845/769 2031/3846/769 2033/3847/769 2035/3848/769 2037/3849/769 2039/3850/769 2041/3851/769 2043/3852/769 2045/3853/769 2047/3854/769 2049/3855/769 2051/3856/769 2053/3857/769 2055/3858/769 2057/3859/769 2059/3860/769 2061/3861/769 2063/3862/769 2065/3863/769 2067/3864/769 2069/3865/769 2071/3866/769 2073/3867/769 2075/3868/769 2077/3869/769 2079/3870/769 2081/3871/769 2083/3872/769 2085/3873/769 2087/3874/769 2089/3875/769 2091/3876/769
f 2093/3877/867 2094/3878/867 2096/3879/867 2095/3880/867
f 2095/3881/868 2096/3882/868 2100/3883/868 2099/3884/868
f 2099/3885/869 2100/3886/869 2098/3887/869 2097/3888/869
f 2097/3889/870 2098/3890/870 2094/3891/870 2093/3892/870
f 2095/3893/769 2099/3894/769 2097/3895/769 2093/3896/769
f 2100/3897/834 2096/3898/834 2094/3894/834 2098/3899/834
f 2114/3900/871 2117/3901/871 2118/3902/871 2115/3903/871
f 2115/3903/872 2118/3902/872 2116/3904/872 2113/3905/872
f 2111/3906/873 2120/3907/873 2121/3908/873 2112/3909/873
f 2112/3909/874 2121/3908/874 2119/3910/874 2110/3911/874
f 2122/3912/875 2114/3900/875 2115/3903/875 2124/3913/875
f 2124/3913/876 2115/3903/876 2113/3905/876 2123/3914/876
f 2125/3915/877 2111/3906/877 2112/3909/877 2127/3916/877
f 2127/3916/878 2112/3909/878 2110/3911/878 2126/3917/878
f 2110/3918/879 2114/3919/879 2122/3920/879 2126/3921/879
f 2110/3922/880 2119/3923/880 2117/3924/880 2114/3925/880
f 2102/3926/870 2103/3927/870 2107/3928/870 2108/3914/870 2123/3914/870 2113/3905/870
f 2102/3926/870 2113/3905/870 2116/3904/870 2105/3904/870 2104/3929/870 2101/3930/870
f 2116/3931/881 2118/3932/881 2117/3924/881 2119/3923/881 2121/3933/881 2120/3934/881 2106/3934/881 2105/3931/881
f 2108/3935/882 2109/3936/882 2125/3936/882 2127/3937/882 2126/3921/882 2122/3920/882 2124/3938/882 2123/3935/882
f 2132/3939/883 2129/3940/883 2130/3941/883 2133/3942/883
f 2133/3942/884 2130/3941/884 2128/3943/884 2131/3944/884
f 2131/3944/885 2134/3945/885 2136/3946/885 2133/3942/885
f 2133/3942/886 2136/3946/886 2135/3947/886 2132/3939/886
f 2137/3907/887 2128/3943/887 2130/3941/887 2139/3948/887
f 2139/3949/888 2130/3950/888 2129/3951/888 2138/3952/888
f 2134/3945/889 2141/3915/889 2142/3953/889 2136/3946/889
f 2136/3954/890 2142/3955/890 2140/3956/890 2135/3957/890
f 2101/3958/891 2104/3959/891 2138/3952/891 2129/3951/891
f 2129/3951/892 2132/3960/892 2102/3961/892 2101/3958/892
f 2128/3943/868 2137/3907/868 2106/3907/868 2120/3907/868 2111/3906/868 2131/3944/868
f 2135/3957/893 2103/3962/893 2102/3963/893 2132/3964/893
f 2134/3945/868 2131/3944/868 2111/3906/868 2125/3915/868 2109/3915/868 2141/3915/868
f 2103/3962/894 2135/3957/894 2140/3956/894 2107/3965/894
f 2105/3966/895 2106/3967/895 2137/3967/895 2139/3949/895 2138/3952/895 2104/3959/895
f 2107/3965/896 2140/3956/896 2142/3955/896 2141/3968/896 2109/3968/896 2108/3969/896
o mdlSilla.007
v 2.941341 1.486190 -6.565897
v 2.824103 1.486190 -6.575369
v 2.710965 1.486190 -6.607531
v 2.606275 1.486190 -6.661148
v 2.514057 1.486190 -6.734158
v 2.437855 1.486190 -6.823756
v 2.380597 1.486190 -6.926498
v 2.344482 1.486190 -7.038437
v 2.330900 1.486190 -7.155271
v 2.340373 1.486190 -7.272510
v 2.372535 1.486190 -7.385648
v 2.426151 1.486190 -7.490337
v 2.499161 1.486190 -7.582555
v 2.588759 1.486190 -7.658757
v 2.691502 1.486190 -7.716016
v 2.803441 1.486190 -7.752130
v 2.920275 1.486190 -7.765712
v 3.037513 1.486190 -7.756240
v 3.150651 1.486190 -7.724078
v 3.255341 1.486190 -7.670461
v 3.347559 1.486190 -7.597451
v 3.423761 1.486190 -7.507853
v 3.481019 1.486190 -7.405110
v 3.517134 1.486190 -7.293171
v 3.530716 1.486190 -7.176338
v 3.521244 1.486190 -7.059099
v 3.489081 1.486190 -6.945961
v 3.435465 1.486190 -6.841271
v 3.362455 1.486190 -6.749054
v 3.272857 1.486190 -6.672852
v 3.170114 1.486190 -6.615593
v 3.058175 1.486190 -6.579479
v 2.938938 1.726190 -6.702749
v 2.941341 1.698947 -6.565897
v 2.940637 1.718211 -6.605980
v 2.848444 1.726190 -6.710060
v 2.824103 1.698947 -6.575369
v 2.831232 1.718211 -6.614819
v 2.761116 1.726190 -6.734886
v 2.710965 1.698947 -6.607531
v 2.725654 1.718211 -6.644833
v 2.680308 1.726190 -6.776271
v 2.606275 1.698947 -6.661148
v 2.627959 1.718211 -6.694867
v 2.609128 1.726190 -6.832626
v 2.514057 1.698947 -6.734158
v 2.541903 1.718211 -6.762998
v 2.550309 1.726190 -6.901784
v 2.437855 1.698947 -6.823756
v 2.470792 1.718211 -6.846610
v 2.506112 1.726190 -6.981090
v 2.380597 1.698947 -6.926498
v 2.417359 1.718211 -6.942488
v 2.478236 1.726190 -7.067492
v 2.344482 1.698947 -7.038437
v 2.383658 1.718211 -7.046947
v 2.467753 1.726190 -7.157674
v 2.330900 1.698947 -7.155271
v 2.370984 1.718211 -7.155975
v 2.475064 1.726190 -7.248168
v 2.340373 1.698947 -7.272510
v 2.379823 1.718211 -7.265380
v 2.499889 1.726190 -7.335496
v 2.372535 1.698947 -7.385648
v 2.409836 1.718211 -7.370959
v 2.541275 1.726190 -7.416304
v 2.426151 1.698947 -7.490337
v 2.459870 1.718211 -7.468654
v 2.597630 1.726190 -7.487485
v 2.499161 1.698947 -7.582555
v 2.528002 1.718211 -7.554709
v 2.666788 1.726190 -7.546304
v 2.588759 1.698947 -7.658757
v 2.611613 1.718211 -7.625821
v 2.746093 1.726190 -7.590500
v 2.691502 1.698947 -7.716016
v 2.707491 1.718211 -7.679253
v 2.832496 1.726190 -7.618376
v 2.803441 1.698947 -7.752130
v 2.811951 1.718211 -7.712955
v 2.922678 1.726190 -7.628860
v 2.920275 1.698947 -7.765712
v 2.920979 1.718211 -7.725629
v 3.013172 1.726190 -7.621549
v 3.037513 1.698947 -7.756240
v 3.030384 1.718211 -7.716790
v 3.100500 1.726190 -7.596723
v 3.150651 1.698947 -7.724078
v 3.135962 1.718211 -7.686776
v 3.181308 1.726190 -7.555338
v 3.255341 1.698947 -7.670461
v 3.233657 1.718211 -7.636742
v 3.252489 1.726190 -7.498983
v 3.347559 1.698947 -7.597451
v 3.319713 1.718211 -7.568610
v 3.311307 1.726190 -7.429824
v 3.423761 1.698947 -7.507853
v 3.390824 1.718211 -7.484999
v 3.355504 1.726190 -7.350519
v 3.481019 1.698947 -7.405110
v 3.444257 1.718211 -7.389121
v 3.383380 1.726190 -7.264116
v 3.517134 1.698947 -7.293171
v 3.477958 1.718211 -7.284661
v 3.393863 1.726190 -7.173934
v 3.530716 1.698947 -7.176338
v 3.490633 1.718211 -7.175634
v 3.386552 1.726190 -7.083441
v 3.521244 1.698947 -7.059099
v 3.481793 1.718211 -7.066228
v 3.361727 1.726190 -6.996112
v 3.489081 1.698947 -6.945961
v 3.451780 1.718211 -6.960650
v 3.320342 1.726190 -6.915305
v 3.435465 1.698947 -6.841271
v 3.401746 1.718211 -6.862955
v 3.263987 1.726190 -6.844124
v 3.362455 1.698947 -6.749053
v 3.333614 1.718211 -6.776899
v 3.194828 1.726190 -6.785305
v 3.272857 1.698947 -6.672852
v 3.250003 1.718211 -6.705788
v 3.115523 1.726190 -6.741108
v 3.170114 1.698947 -6.615593
v 3.154125 1.718211 -6.652356
v 3.029120 1.726190 -6.713233
v 3.058175 1.698947 -6.579479
v 3.049665 1.718211 -6.618654
v 2.939001 0.317975 -6.699210
v 2.939001 0.477975 -6.699210
v 2.847815 0.317975 -6.706577
v 2.847815 0.477975 -6.706577
v 2.759819 0.317975 -6.731592
v 2.759819 0.477975 -6.731592
v 2.678394 0.317975 -6.773294
v 2.678394 0.477975 -6.773293
v 2.606669 0.317975 -6.830080
v 2.606669 0.477975 -6.830080
v 2.547400 0.317975 -6.899766
v 2.547400 0.477975 -6.899766
v 2.502866 0.317975 -6.979678
v 2.502866 0.477975 -6.979678
v 2.474777 0.317975 -7.066741
v 2.474777 0.477975 -7.066741
v 2.464213 0.317975 -7.157612
v 2.464213 0.477975 -7.157612
v 2.471581 0.317975 -7.248798
v 2.471581 0.477975 -7.248798
v 2.496596 0.317975 -7.336794
v 2.496596 0.477975 -7.336794
v 2.538297 0.317975 -7.418219
v 2.538297 0.477975 -7.418219
v 2.595083 0.317975 -7.489944
v 2.595083 0.477975 -7.489944
v 2.664770 0.317975 -7.549212
v 2.664770 0.477975 -7.549212
v 2.744681 0.317975 -7.593747
v 2.744681 0.477975 -7.593747
v 2.831745 0.317975 -7.621836
v 2.831745 0.477975 -7.621836
v 2.922616 0.317975 -7.632400
v 2.922616 0.477975 -7.632400
v 3.013801 0.317975 -7.625032
v 3.013801 0.477975 -7.625032
v 3.101797 0.317975 -7.600017
v 3.101797 0.477975 -7.600017
v 3.183223 0.317975 -7.558315
v 3.183223 0.477975 -7.558315
v 3.254947 0.317975 -7.501530
v 3.254947 0.477975 -7.501530
v 3.314216 0.317975 -7.431842
v 3.314216 0.477975 -7.431842
v 3.358750 0.317975 -7.351932
v 3.358750 0.477975 -7.351932
v 3.386839 0.317975 -7.264868
v 3.386839 0.477975 -7.264868
v 3.397403 0.317975 -7.173997
v 3.397403 0.477975 -7.173997
v 3.390036 0.317975 -7.082811
v 3.390036 0.477975 -7.082811
v 3.365021 0.317975 -6.994815
v 3.365021 0.477975 -6.994815
v 3.323319 0.317975 -6.913390
v 3.323319 0.477975 -6.913390
v 3.266533 0.317975 -6.841665
v 3.266533 0.477975 -6.841665
v 3.196846 0.317975 -6.782397
v 3.196846 0.477975 -6.782397
v 3.116935 0.317975 -6.737863
v 3.116935 0.477975 -6.737863
v 3.029871 0.317975 -6.709774
v 3.029871 0.477975 -6.709774
v 2.931978 0.453975 -7.099148
v 2.931978 1.541975 -7.099148
v 2.918952 0.453975 -7.100201
v 2.918952 1.541975 -7.100201
v 2.906381 0.453975 -7.103774
v 2.906381 1.541975 -7.103774
v 2.894749 0.453975 -7.109732
v 2.894749 1.541975 -7.109731
v 2.884502 0.453975 -7.117844
v 2.884502 1.541975 -7.117844
v 2.876035 0.453975 -7.127799
v 2.876035 1.541975 -7.127799
v 2.869673 0.453975 -7.139215
v 2.869673 1.541975 -7.139215
v 2.865661 0.453975 -7.151653
v 2.865661 1.541975 -7.151652
v 2.864152 0.453975 -7.164634
v 2.864152 1.541975 -7.164634
v 2.865204 0.453975 -7.177661
v 2.865204 1.541975 -7.177660
v 2.868778 0.453975 -7.190232
v 2.868778 1.541975 -7.190231
v 2.874735 0.453975 -7.201864
v 2.874735 1.541975 -7.201864
v 2.882847 0.453975 -7.212110
v 2.882847 1.541975 -7.212110
v 2.892803 0.453975 -7.220577
v 2.892803 1.541975 -7.220577
v 2.904218 0.453975 -7.226939
v 2.904218 1.541975 -7.226939
v 2.916656 0.453975 -7.230952
v 2.916656 1.541975 -7.230952
v 2.929638 0.453975 -7.232461
v 2.929638 1.541975 -7.232461
v 2.942664 0.453975 -7.231409
v 2.942664 1.541975 -7.231409
v 2.955235 0.453975 -7.227835
v 2.955235 1.541975 -7.227835
v 2.966867 0.453975 -7.221878
v 2.966867 1.541975 -7.221878
v 2.977114 0.453975 -7.213765
v 2.977114 1.541975 -7.213765
v 2.985581 0.453975 -7.203810
v 2.985581 1.541975 -7.203810
v 2.991943 0.453975 -7.192394
v 2.991943 1.541975 -7.192394
v 2.995955 0.453975 -7.179956
v 2.995955 1.541975 -7.179956
v 2.997464 0.453975 -7.166975
v 2.997464 1.541975 -7.166975
v 2.996412 0.453975 -7.153948
v 2.996412 1.541975 -7.153948
v 2.992838 0.453975 -7.141377
v 2.992838 1.541975 -7.141377
v 2.986881 0.453975 -7.129745
v 2.986881 1.541975 -7.129745
v 2.978769 0.453975 -7.119499
v 2.978769 1.541975 -7.119499
v 2.968813 0.453975 -7.111032
v 2.968813 1.541975 -7.111032
v 2.957398 0.453975 -7.104670
v 2.957398 1.541975 -7.104670
v 2.944960 0.453975 -7.100657
v 2.944960 1.541975 -7.100657
v 2.996172 1.614190 -7.620355
v 2.996172 2.254190 -7.620355
v 2.997342 1.614190 -7.553699
v 2.997342 2.254190 -7.553699
v 2.849528 1.614190 -7.617781
v 2.849528 2.254190 -7.617780
v 2.850698 1.614190 -7.551124
v 2.850698 2.254190 -7.551124
v 3.254761 2.269675 -7.751638
v 2.920625 2.034614 -7.745771
v 2.586490 2.269675 -7.739905
v 3.567171 3.356750 -7.757123
v 3.565660 3.401785 -7.757097
v 3.570791 3.401785 -7.464835
v 2.274079 3.356750 -7.734419
v 2.275590 3.401785 -7.734446
v 2.280722 3.401785 -7.442184
v 2.925562 2.958344 -7.464582
v 2.925756 2.906741 -7.453510
v 2.925700 2.943230 -7.456753
v 2.920625 2.906741 -7.745771
v 2.920820 2.958345 -7.734698
v 2.920682 2.943231 -7.742528
v 3.565660 3.401785 -7.757097
v 3.528817 3.394330 -7.745374
v 3.539527 3.396513 -7.753394
v 3.533560 3.394330 -7.475258
v 3.570791 3.401785 -7.464835
v 3.544545 3.396513 -7.467618
v 2.312822 3.394330 -7.724023
v 2.275590 3.401785 -7.734446
v 2.301837 3.396513 -7.731663
v 2.280722 3.401785 -7.442184
v 2.317564 3.394330 -7.453907
v 2.306854 3.396513 -7.445887
v 3.199486 2.329070 -7.458316
v 3.259506 2.269675 -7.481349
v 3.242087 2.287071 -7.465501
v 2.925756 2.136505 -7.453510
v 2.925371 2.034614 -7.475482
v 2.925644 2.064457 -7.459945
v 2.652027 2.329070 -7.448704
v 2.591235 2.269675 -7.469615
v 2.609200 2.287071 -7.454389
v 3.570791 3.401785 -7.464835
v 3.571916 3.356750 -7.486834
v 3.571747 3.369940 -7.471289
v 2.278825 3.356750 -7.464130
v 2.280722 3.401785 -7.442184
v 2.279541 3.369940 -7.448601
vn -0.0000 -1.0000 -0.0000
vn -0.0350 0.9005 0.4334
vn -0.0066 0.9966 0.0823
vn -0.1189 0.9005 0.4182
vn -0.0226 0.9966 0.0794
vn -0.1982 0.9005 0.3870
vn -0.0376 0.9966 0.0735
vn -0.2699 0.9005 0.3409
vn -0.0512 0.9966 0.0647
vn -0.3312 0.9005 0.2817
vn -0.0629 0.9966 0.0535
vn -0.3798 0.9005 0.2117
vn -0.0721 0.9966 0.0402
vn -0.4138 0.9005 0.1335
vn -0.0786 0.9966 0.0253
vn -0.4319 0.9005 0.0502
vn -0.0820 0.9966 0.0095
vn -0.4334 0.9005 -0.0350
vn -0.0823 0.9966 -0.0066
vn -0.4182 0.9005 -0.1189
vn -0.0794 0.9966 -0.0226
vn -0.3870 0.9005 -0.1982
vn -0.0735 0.9966 -0.0376
vn -0.3409 0.9005 -0.2699
vn -0.0647 0.9966 -0.0512
vn -0.2817 0.9005 -0.3312
vn -0.0535 0.9966 -0.0629
vn -0.2117 0.9005 -0.3798
vn -0.0402 0.9966 -0.0721
vn -0.1335 0.9005 -0.4138
vn -0.0253 0.9966 -0.0786
vn -0.0502 0.9005 -0.4319
vn -0.0095 0.9966 -0.0820
vn 0.0350 0.9005 -0.4334
vn 0.0066 0.9966 -0.0823
vn 0.1189 0.9005 -0.4182
vn 0.0226 0.9966 -0.0794
vn 0.1982 0.9005 -0.3870
vn 0.0376 0.9966 -0.0735
vn 0.2699 0.9005 -0.3409
vn 0.0512 0.9966 -0.0647
vn 0.3312 0.9005 -0.2817
vn 0.0629 0.9966 -0.0535
vn 0.3798 0.9005 -0.2117
vn 0.0721 0.9966 -0.0402
vn 0.4138 0.9005 -0.1335
vn 0.0786 0.9966 -0.0253
vn 0.4319 0.9005 -0.0502
vn 0.0820 0.9966 -0.0095
vn 0.4334 0.9005 0.0350
vn 0.0823 0.9966 0.0066
vn 0.4182 0.9005 0.1189
vn 0.0794 0.9966 0.0226
vn 0.3870 0.9005 0.1982
vn 0.0735 0.9966 0.0376
vn 0.3409 0.9005 0.2699
vn 0.0647 0.9966 0.0512
vn 0.2817 0.9005 0.3312
vn 0.0535 0.9966 0.0629
vn 0.2117 0.9005 0.3798
vn 0.0402 0.9966 0.0721
vn 0.1335 0.9005 0.4138
vn 0.0253 0.9966 0.0786
vn 0.0502 0.9005 0.4319
vn 0.0095 0.9966 0.0820
vn -0.0000 1.0000 -0.0000
vn -0.0805 -0.0000 0.9968
vn 0.1155 -0.0000 0.9933
vn -0.2734 -0.0000 0.9619
vn -0.4558 -0.0000 0.8901
vn -0.6207 -0.0000 0.7840
vn -0.7618 -0.0000 0.6479
vn -0.8735 -0.0000 0.4868
vn -0.9517 -0.0000 0.3070
vn -0.9933 -0.0000 0.1155
vn -0.9968 -0.0000 -0.0805
vn -0.9619 -0.0000 -0.2734
vn -0.8901 -0.0000 -0.4558
vn -0.7840 -0.0000 -0.6207
vn -0.6479 -0.0000 -0.7618
vn -0.4868 -0.0000 -0.8735
vn -0.3070 -0.0000 -0.9517
vn -0.1155 -0.0000 -0.9933
vn 0.0805 -0.0000 -0.9968
vn 0.2734 -0.0000 -0.9619
vn 0.4558 -0.0000 -0.8901
vn 0.6207 -0.0000 -0.7840
vn 0.7618 -0.0000 -0.6479
vn 0.8735 -0.0000 -0.4868
vn 0.9517 -0.0000 -0.3070
vn 0.9933 -0.0000 -0.1155
vn 0.9968 -0.0000 0.0805
vn 0.9619 -0.0000 0.2734
vn 0.8901 -0.0000 0.4558
vn 0.7840 -0.0000 0.6207
vn 0.6479 -0.0000 0.7618
vn 0.4868 -0.0000 0.8735
vn 0.3070 -0.0000 0.9517
vn 0.9998 -0.0000 -0.0176
vn 0.0176 -0.0000 0.9998
vn -0.9998 -0.0000 0.0176
vn -0.0176 -0.0000 -0.9998
vn -0.4125 0.5515 -0.7251
vn -0.1118 0.1259 -0.9857
vn -0.0771 0.1259 0.9890
vn -0.3868 0.5515 0.7391
vn 0.3868 0.5515 -0.7391
vn 0.0771 0.1259 -0.9890
vn 0.1118 0.1259 0.9857
vn 0.4125 0.5515 0.7251
vn 0.5826 0.8127 -0.0102
vn -0.5826 0.8127 0.0102
vn -0.1973 0.9803 0.0035
vn 0.1973 0.9803 -0.0035
vn 0.3237 -0.4392 0.8380
vn 0.0799 -0.0888 0.9928
vn -0.0450 -0.0888 0.9950
vn -0.2941 -0.4392 0.8489
vn 0.2034 -0.0606 0.9772
vn 0.7458 -0.2174 0.6297
vn -0.1689 -0.0606 0.9838
vn -0.7232 -0.2174 0.6555
vn 0.9609 -0.2762 -0.0169
vn 0.5752 -0.8179 -0.0101
vn -0.5752 -0.8179 0.0101
vn -0.9609 -0.2762 0.0169
vn 0.9993 0.0335 -0.0175
vn -0.9993 0.0335 0.0175
vt 0.483906 0.143218
vt 0.474334 0.128893
vt 0.467741 0.112976
vt 0.464380 0.096078
vt 0.464380 0.078849
vt 0.467741 0.061951
vt 0.474334 0.046034
vt 0.483906 0.031709
vt 0.496089 0.019526
vt 0.510414 0.009954
vt 0.526331 0.003361
vt 0.543229 -0.000000
vt 0.560458 -0.000000
vt 0.577356 0.003361
vt 0.593273 0.009954
vt 0.607598 0.019526
vt 0.619781 0.031709
vt 0.629353 0.046034
vt 0.635946 0.061951
vt 0.639307 0.078849
vt 0.639307 0.096078
vt 0.635946 0.112976
vt 0.629353 0.128893
vt 0.619781 0.143218
vt 0.607598 0.155401
vt 0.593273 0.164973
vt 0.577356 0.171566
vt 0.560458 0.174927
vt 0.543229 0.174927
vt 0.526331 0.171566
vt 0.510414 0.164973
vt 0.496089 0.155401
vt 0.667962 0.525164
vt 0.650816 0.525244
vt 0.650816 0.510871
vt 0.666816 0.510796
vt 0.473669 0.295208
vt 0.467517 0.280354
vt 0.481083 0.276239
vt 0.486172 0.288525
vt 0.684448 0.524924
vt 0.682201 0.510572
vt 0.482601 0.308576
vt 0.493560 0.299582
vt 0.699643 0.524536
vt 0.696381 0.510210
vt 0.493970 0.319945
vt 0.502964 0.308986
vt 0.712961 0.524013
vt 0.708809 0.509722
vt 0.507338 0.328877
vt 0.514021 0.316374
vt 0.477698 0.524677
vt 0.464380 0.524046
vt 0.468532 0.509722
vt 0.480960 0.510310
vt 0.522192 0.335029
vt 0.526307 0.321463
vt 0.492892 0.525145
vt 0.495140 0.510747
vt 0.537961 0.338166
vt 0.539350 0.324058
vt 0.509379 0.525433
vt 0.510525 0.511016
vt 0.554038 0.338166
vt 0.552649 0.324058
vt 0.526525 0.525531
vt 0.526525 0.511107
vt 0.569807 0.335029
vt 0.565692 0.321463
vt 0.543671 0.525433
vt 0.542525 0.511016
vt 0.584661 0.328877
vt 0.577978 0.316374
vt 0.560158 0.525145
vt 0.557911 0.510747
vt 0.598029 0.319945
vt 0.589035 0.308986
vt 0.575352 0.524677
vt 0.572090 0.510310
vt 0.609398 0.308576
vt 0.598439 0.299582
vt 0.588670 0.524046
vt 0.584518 0.509722
vt 0.618330 0.295208
vt 0.605827 0.288525
vt 0.477698 0.353257
vt 0.464380 0.352522
vt 0.468532 0.338166
vt 0.480960 0.338852
vt 0.624482 0.280354
vt 0.610916 0.276239
vt 0.492892 0.353804
vt 0.495140 0.339362
vt 0.627619 0.264585
vt 0.613511 0.263196
vt 0.509379 0.354140
vt 0.510525 0.339676
vt 0.627619 0.248508
vt 0.613511 0.249897
vt 0.526525 0.354254
vt 0.526525 0.339782
vt 0.624482 0.232739
vt 0.610916 0.236854
vt 0.543671 0.354140
vt 0.542525 0.339676
vt 0.618330 0.217885
vt 0.605827 0.224568
vt 0.560158 0.353804
vt 0.557911 0.339362
vt 0.609397 0.204517
vt 0.598439 0.213511
vt 0.575352 0.353257
vt 0.572090 0.338852
vt 0.598029 0.193148
vt 0.589035 0.204107
vt 0.588670 0.352522
vt 0.584518 0.338166
vt 0.584661 0.184216
vt 0.577978 0.196719
vt 0.601988 0.353121
vt 0.588670 0.352491
vt 0.592823 0.338166
vt 0.605251 0.338754
vt 0.569807 0.178064
vt 0.565692 0.191630
vt 0.617183 0.353589
vt 0.619430 0.339191
vt 0.554038 0.174927
vt 0.552649 0.189035
vt 0.633670 0.353878
vt 0.634816 0.339461
vt 0.537961 0.174927
vt 0.539350 0.189035
vt 0.650816 0.353975
vt 0.650816 0.339552
vt 0.522192 0.178064
vt 0.526307 0.191630
vt 0.667962 0.353878
vt 0.666816 0.339461
vt 0.507338 0.184216
vt 0.514021 0.196719
vt 0.684448 0.353589
vt 0.682201 0.339191
vt 0.493970 0.193148
vt 0.502964 0.204107
vt 0.699643 0.353121
vt 0.696381 0.338754
vt 0.482601 0.204517
vt 0.493560 0.213511
vt 0.712961 0.352491
vt 0.708809 0.338166
vt 0.473669 0.217885
vt 0.486172 0.224568
vt 0.601988 0.524536
vt 0.588670 0.524013
vt 0.592823 0.509722
vt 0.605251 0.510210
vt 0.467516 0.232739
vt 0.481083 0.236854
vt 0.617183 0.524924
vt 0.619430 0.510572
vt 0.464380 0.248508
vt 0.478488 0.249897
vt 0.633670 0.525164
vt 0.634816 0.510796
vt 0.464380 0.264585
vt 0.478488 0.263196
vt 0.650816 0.680887
vt 0.667962 0.680806
vt 0.633670 0.680806
vt 0.684448 0.680567
vt 0.699643 0.680178
vt 0.712961 0.679655
vt 0.464380 0.679608
vt 0.477698 0.680238
vt 0.492892 0.680707
vt 0.509379 0.680995
vt 0.526525 0.681092
vt 0.543671 0.680995
vt 0.560158 0.680707
vt 0.575352 0.680238
vt 0.588670 0.679608
vt 0.464380 0.507990
vt 0.477698 0.508725
vt 0.492892 0.509272
vt 0.509379 0.509608
vt 0.526525 0.509722
vt 0.543671 0.509608
vt 0.560158 0.509272
vt 0.575352 0.508725
vt 0.588670 0.507990
vt 0.588670 0.508052
vt 0.601988 0.508682
vt 0.617183 0.509151
vt 0.633670 0.509439
vt 0.650816 0.509537
vt 0.667962 0.509439
vt 0.684448 0.509151
vt 0.699643 0.508682
vt 0.712961 0.508052
vt 0.588670 0.679655
vt 0.601988 0.680178
vt 0.617183 0.680567
vt 0.812009 0.292933
vt 0.812009 0.175885
vt 0.825344 0.175822
vt 0.825344 0.292870
vt 0.838167 0.175636
vt 0.838167 0.292684
vt 0.849985 0.175334
vt 0.849985 0.292382
vt 0.860344 0.174927
vt 0.860344 0.291975
vt 0.685341 0.797874
vt 0.685341 0.680887
vt 0.695699 0.681377
vt 0.695699 0.798364
vt 0.707517 0.681742
vt 0.707517 0.798729
vt 0.720340 0.681966
vt 0.720340 0.798953
vt 0.733676 0.682042
vt 0.733676 0.799029
vt 0.747012 0.681966
vt 0.747012 0.798953
vt 0.759835 0.681742
vt 0.759835 0.798729
vt 0.771653 0.681377
vt 0.771653 0.798364
vt 0.782011 0.680887
vt 0.782011 0.797874
vt 0.588670 0.797804
vt 0.588670 0.680887
vt 0.599029 0.681459
vt 0.599029 0.798376
vt 0.610847 0.681884
vt 0.610847 0.798800
vt 0.623670 0.682145
vt 0.623670 0.799062
vt 0.637006 0.682234
vt 0.637006 0.799151
vt 0.650341 0.682145
vt 0.650341 0.799062
vt 0.663164 0.681884
vt 0.663164 0.798800
vt 0.674982 0.681459
vt 0.674982 0.798376
vt 0.685341 0.680887
vt 0.685341 0.797804
vt 0.464380 0.798080
vt 0.464380 0.681092
vt 0.474738 0.681583
vt 0.474738 0.798570
vt 0.486556 0.681947
vt 0.486556 0.798934
vt 0.499379 0.682171
vt 0.499379 0.799159
vt 0.512715 0.682247
vt 0.512715 0.799235
vt 0.526051 0.682171
vt 0.526051 0.799159
vt 0.538874 0.681947
vt 0.538874 0.798934
vt 0.550692 0.681583
vt 0.550692 0.798570
vt 0.561050 0.681092
vt 0.561050 0.798080
vt 0.763673 0.291975
vt 0.763673 0.174927
vt 0.774032 0.175334
vt 0.774032 0.292382
vt 0.785850 0.175636
vt 0.785850 0.292684
vt 0.652281 0.295794
vt 0.642806 0.286319
vt 0.635361 0.275177
vt 0.630233 0.262797
vt 0.627619 0.249654
vt 0.627619 0.236254
vt 0.630233 0.223111
vt 0.635361 0.210731
vt 0.642806 0.199589
vt 0.652281 0.190114
vt 0.663423 0.182669
vt 0.675803 0.177541
vt 0.688946 0.174927
vt 0.702346 0.174927
vt 0.715489 0.177541
vt 0.727869 0.182669
vt 0.739011 0.190114
vt 0.748486 0.199589
vt 0.755931 0.210731
vt 0.761059 0.223111
vt 0.763673 0.236254
vt 0.763673 0.249654
vt 0.761059 0.262797
vt 0.755931 0.275177
vt 0.748486 0.286319
vt 0.739011 0.295794
vt 0.727869 0.303239
vt 0.715489 0.308367
vt 0.702346 0.310981
vt 0.688946 0.310981
vt 0.675803 0.308367
vt 0.663423 0.303239
vt 0.798673 0.175822
vt 0.798673 0.292870
vt 0.654494 0.111392
vt 0.647049 0.100250
vt 0.641921 0.087870
vt 0.639307 0.074727
vt 0.639307 0.061327
vt 0.641921 0.048184
vt 0.647049 0.035804
vt 0.654494 0.024662
vt 0.663969 0.015187
vt 0.675111 0.007742
vt 0.687491 0.002614
vt 0.700634 0.000000
vt 0.714034 0.000000
vt 0.727177 0.002614
vt 0.739557 0.007742
vt 0.750699 0.015187
vt 0.760174 0.024662
vt 0.767619 0.035804
vt 0.772747 0.048184
vt 0.775361 0.061327
vt 0.775361 0.074727
vt 0.772747 0.087870
vt 0.767619 0.100250
vt 0.760174 0.111392
vt 0.750699 0.120867
vt 0.739557 0.128312
vt 0.727177 0.133440
vt 0.714034 0.136054
vt 0.700634 0.136054
vt 0.687491 0.133440
vt 0.675111 0.128312
vt 0.663969 0.120867
vt 0.867249 0.970990
vt 0.867249 0.175064
vt 0.869154 0.175055
vt 0.869154 0.970981
vt 0.870986 0.175028
vt 0.870986 0.970955
vt 0.872674 0.174985
vt 0.872674 0.970911
vt 0.874154 0.174927
vt 0.874154 0.970853
vt 0.874154 0.970439
vt 0.874154 0.174927
vt 0.875634 0.174997
vt 0.875634 0.970509
vt 0.877322 0.175049
vt 0.877322 0.970561
vt 0.879154 0.175081
vt 0.879154 0.970594
vt 0.881059 0.175092
vt 0.881059 0.970604
vt 0.882964 0.175081
vt 0.882964 0.970594
vt 0.884796 0.175049
vt 0.884796 0.970561
vt 0.886484 0.174997
vt 0.886484 0.970509
vt 0.887964 0.174927
vt 0.887964 0.970439
vt 0.901774 0.969961
vt 0.901774 0.174927
vt 0.903254 0.175009
vt 0.903254 0.970042
vt 0.904942 0.175069
vt 0.904942 0.970103
vt 0.906774 0.175107
vt 0.906774 0.970141
vt 0.908679 0.175119
vt 0.908679 0.970153
vt 0.910584 0.175107
vt 0.910584 0.970141
vt 0.912416 0.175069
vt 0.912416 0.970103
vt 0.914104 0.175009
vt 0.914104 0.970042
vt 0.915584 0.174927
vt 0.915584 0.969961
vt 0.889444 0.174997
vt 0.889444 0.970509
vt 0.891132 0.175049
vt 0.891132 0.970561
vt 0.892964 0.175081
vt 0.892964 0.970594
vt 0.894869 0.175092
vt 0.894869 0.970604
vt 0.896774 0.175081
vt 0.896774 0.970594
vt 0.898606 0.175049
vt 0.898606 0.970561
vt 0.900294 0.174997
vt 0.900294 0.970509
vt 0.901774 0.174927
vt 0.901774 0.970439
vt 0.860344 0.970853
vt 0.860344 0.174927
vt 0.861824 0.174985
vt 0.861824 0.970911
vt 0.863512 0.175028
vt 0.863512 0.970955
vt 0.643532 0.328248
vt 0.641940 0.329312
vt 0.640172 0.330044
vt 0.638294 0.330418
vt 0.636380 0.330418
vt 0.634503 0.330044
vt 0.632734 0.329312
vt 0.631142 0.328248
vt 0.629789 0.326894
vt 0.628725 0.325303
vt 0.627993 0.323534
vt 0.627619 0.321657
vt 0.627619 0.319742
vt 0.627993 0.317865
vt 0.628725 0.316096
vt 0.629789 0.314504
vt 0.631142 0.313151
vt 0.632734 0.312087
vt 0.634503 0.311355
vt 0.636380 0.310981
vt 0.638294 0.310981
vt 0.640172 0.311355
vt 0.641940 0.312087
vt 0.643532 0.313151
vt 0.644886 0.314504
vt 0.645949 0.316096
vt 0.646682 0.317865
vt 0.647055 0.319742
vt 0.647055 0.321657
vt 0.646682 0.323534
vt 0.645949 0.325303
vt 0.644886 0.326894
vt 0.865344 0.175055
vt 0.865344 0.970981
vt 0.653628 0.154385
vt 0.651860 0.155117
vt 0.649982 0.155491
vt 0.648068 0.155491
vt 0.646190 0.155117
vt 0.644422 0.154385
vt 0.642830 0.153321
vt 0.641477 0.151967
vt 0.640413 0.150376
vt 0.639680 0.148607
vt 0.639307 0.146730
vt 0.639307 0.144815
vt 0.639680 0.142938
vt 0.640413 0.141169
vt 0.641477 0.139577
vt 0.642830 0.138224
vt 0.644422 0.137160
vt 0.646190 0.136428
vt 0.648068 0.136054
vt 0.649982 0.136054
vt 0.651860 0.136428
vt 0.653628 0.137160
vt 0.655220 0.138224
vt 0.656574 0.139577
vt 0.657637 0.141169
vt 0.658370 0.142938
vt 0.658743 0.144815
vt 0.658743 0.146730
vt 0.658370 0.148607
vt 0.657637 0.150376
vt 0.656574 0.151967
vt 0.655220 0.153321
vt 0.841561 0.806115
vt 0.841561 0.338166
vt 0.851326 0.338166
vt 0.851326 0.806115
vt 0.798594 0.806358
vt 0.798594 0.338166
vt 0.820077 0.338166
vt 0.820077 0.806358
vt 0.915584 0.642875
vt 0.915584 0.174927
vt 0.925349 0.174927
vt 0.925349 0.642875
vt 0.820077 0.805833
vt 0.820077 0.338166
vt 0.841561 0.338166
vt 0.841561 0.805833
vt 0.656821 0.310981
vt 0.656821 0.332465
vt 0.647055 0.332465
vt 0.647055 0.310981
vt 0.666586 0.310981
vt 0.666586 0.332465
vt 0.656821 0.310981
vt 0.284028 0.323926
vt 0.373100 0.005339
vt 0.374689 0.003820
vt 0.284028 0.335048
vt 0.378526 0.000000
vt 0.284028 0.361743
vt 0.094654 0.362149
vt 0.000157 0.000000
vt 0.003993 0.003834
vt 0.094654 0.335433
vt 0.005582 0.005376
vt 0.094654 0.324321
vt 0.194956 0.005339
vt 0.193367 0.003820
vt 0.189530 0.000000
vt 0.189152 0.000000
vt 0.185315 0.003834
vt 0.183726 0.005376
vt 0.754155 0.667847
vt 0.714583 0.667847
vt 0.714583 0.343930
vt 0.754155 0.343930
vt 0.757400 0.667847
vt 0.757400 0.343930
vt 0.796972 0.343930
vt 0.796972 0.667847
vt 0.284028 0.999032
vt 0.235077 0.827267
vt 0.189309 0.032909
vt 0.378747 0.032909
vt 0.332979 0.827267
vt 0.798594 0.338166
vt 0.798119 0.342242
vt 0.756253 0.342242
vt 0.755777 0.338166
vt 0.712961 0.338166
vt 0.755778 0.338166
vt 0.755302 0.342242
vt 0.713436 0.342242
vt 0.094654 1.000000
vt 0.045703 0.828041
vt 0.048295 0.815424
vt 0.094654 0.978277
vt 0.054553 0.784745
vt 0.094654 0.925616
vt 0.134756 0.784745
vt 0.141013 0.815424
vt 0.143605 0.828041
vt 0.000000 0.023251
vt 0.420621 0.023293
vt 0.420621 0.812269
vt 0.418344 0.825138
vt 0.418344 0.032941
vt 0.189309 0.023251
vt 0.422506 0.812269
vt 0.422506 0.023293
vt 0.424782 0.032941
vt 0.424782 0.825138
vt 0.378747 0.825138
vt 0.378747 0.032941
vt 0.418344 0.994184
vt 0.378747 0.994184
vt 0.464380 0.825138
vt 0.464380 0.994184
vt 0.424782 0.994184
vt 0.464380 0.032941
vt 0.378747 0.000000
vt 0.421563 0.000000
vt 0.421563 0.000000
vt 0.464380 0.000000
s 1
usemtl Material.021
f 2143/3970/897 2144/3971/897 2145/3972/897 2146/3973/897 2147/3974/897 2148/3975/897 2149/3976/897 2150/3977/897 2151/3978/897 2152/3979/897 2153/3980/897 2154/3981/897 2155/3982/897 2156/3983/897 2157/3984/897 2158/3985/897 2159/3986/897 2160/3987/897 2161/3988/897 2162/3989/897 2163/3990/897 2164/3991/897 2165/3992/897 2166/3993/897 2167/3994/897 2168/3995/897 2169/3996/897 2170/3997/897 2171/3998/897 2172/3999/897 2173/4000/897 2174/4001/897
f 2179/4002/898 2176/4003/898 2177/4004/898 2180/4005/898
f 2180/4006/899 2177/4007/899 2175/4008/899 2178/4009/899
f 2182/4010/900 2179/4002/900 2180/4005/900 2183/4011/900
f 2183/4012/901 2180/4006/901 2178/4009/901 2181/4013/901
f 2185/4014/902 2182/4010/902 2183/4011/902 2186/4015/902
f 2186/4016/903 2183/4012/903 2181/4013/903 2184/4017/903
f 2188/4018/904 2185/4014/904 2186/4015/904 2189/4019/904
f 2189/4020/905 2186/4016/905 2184/4017/905 2187/4021/905
f 2191/4022/906 2188/4023/906 2189/4024/906 2192/4025/906
f 2192/4026/907 2189/4020/907 2187/4021/907 2190/4027/907
f 2194/4028/908 2191/4022/908 2192/4025/908 2195/4029/908
f 2195/4030/909 2192/4026/909 2190/4027/909 2193/4031/909
f 2197/4032/910 2194/4028/910 2195/4029/910 2198/4033/910
f 2198/4034/911 2195/4030/911 2193/4031/911 2196/4035/911
f 2200/4036/912 2197/4032/912 2198/4033/912 2201/4037/912
f 2201/4038/913 2198/4034/913 2196/4035/913 2199/4039/913
f 2203/4040/914 2200/4036/914 2201/4037/914 2204/4041/914
f 2204/4042/915 2201/4038/915 2199/4039/915 2202/4043/915
f 2206/4044/916 2203/4040/916 2204/4041/916 2207/4045/916
f 2207/4046/917 2204/4042/917 2202/4043/917 2205/4047/917
f 2209/4048/918 2206/4044/918 2207/4045/918 2210/4049/918
f 2210/4050/919 2207/4046/919 2205/4047/919 2208/4051/919
f 2212/4052/920 2209/4048/920 2210/4049/920 2213/4053/920
f 2213/4054/921 2210/4050/921 2208/4051/921 2211/4055/921
f 2215/4056/922 2212/4057/922 2213/4058/922 2216/4059/922
f 2216/4060/923 2213/4054/923 2211/4055/923 2214/4061/923
f 2218/4062/924 2215/4056/924 2216/4059/924 2219/4063/924
f 2219/4064/925 2216/4060/925 2214/4061/925 2217/4065/925
f 2221/4066/926 2218/4062/926 2219/4063/926 2222/4067/926
f 2222/4068/927 2219/4064/927 2217/4065/927 2220/4069/927
f 2224/4070/928 2221/4066/928 2222/4067/928 2225/4071/928
f 2225/4072/929 2222/4068/929 2220/4069/929 2223/4073/929
f 2227/4074/930 2224/4070/930 2225/4071/930 2228/4075/930
f 2228/4076/931 2225/4072/931 2223/4073/931 2226/4077/931
f 2230/4078/932 2227/4074/932 2228/4075/932 2231/4079/932
f 2231/4080/933 2228/4076/933 2226/4077/933 2229/4081/933
f 2233/4082/934 2230/4078/934 2231/4079/934 2234/4083/934
f 2234/4084/935 2231/4080/935 2229/4081/935 2232/4085/935
f 2236/4086/936 2233/4082/936 2234/4083/936 2237/4087/936
f 2237/4088/937 2234/4084/937 2232/4085/937 2235/4089/937
f 2239/4090/938 2236/4091/938 2237/4092/938 2240/4093/938
f 2240/4094/939 2237/4088/939 2235/4089/939 2238/4095/939
f 2242/4096/940 2239/4090/940 2240/4093/940 2243/4097/940
f 2243/4098/941 2240/4094/941 2238/4095/941 2241/4099/941
f 2245/4100/942 2242/4096/942 2243/4097/942 2246/4101/942
f 2246/4102/943 2243/4098/943 2241/4099/943 2244/4103/943
f 2248/4104/944 2245/4100/944 2246/4101/944 2249/4105/944
f 2249/4106/945 2246/4102/945 2244/4103/945 2247/4107/945
f 2251/4108/946 2248/4104/946 2249/4105/946 2252/4109/946
f 2252/4110/947 2249/4106/947 2247/4107/947 2250/4111/947
f 2254/4112/948 2251/4108/948 2252/4109/948 2255/4113/948
f 2255/4114/949 2252/4110/949 2250/4111/949 2253/4115/949
f 2257/4116/950 2254/4112/950 2255/4113/950 2258/4117/950
f 2258/4118/951 2255/4114/951 2253/4115/951 2256/4119/951
f 2260/4120/952 2257/4116/952 2258/4117/952 2261/4121/952
f 2261/4122/953 2258/4118/953 2256/4119/953 2259/4123/953
f 2263/4124/954 2260/4125/954 2261/4126/954 2264/4127/954
f 2264/4128/955 2261/4122/955 2259/4123/955 2262/4129/955
f 2266/4130/956 2263/4124/956 2264/4127/956 2267/4131/956
f 2267/4132/957 2264/4128/957 2262/4129/957 2265/4133/957
f 2269/4134/958 2266/4130/958 2267/4131/958 2270/4135/958
f 2270/4136/959 2267/4132/959 2265/4133/959 2268/4137/959
f 2176/4003/960 2269/4134/960 2270/4135/960 2177/4004/960
f 2177/4007/961 2270/4136/961 2268/4137/961 2175/4008/961
f 2178/4009/962 2175/4008/962 2268/4137/962 2265/4133/962 2262/4129/962 2259/4123/962 2256/4119/962 2253/4115/962 2250/4111/962 2247/4107/962 2244/4103/962 2241/4099/962 2238/4095/962 2235/4089/962 2232/4085/962 2229/4081/962 2226/4077/962 2223/4073/962 2220/4069/962 2217/4065/962 2214/4061/962 2211/4055/962 2208/4051/962 2205/4047/962 2202/4043/962 2199/4039/962 2196/4035/962 2193/4031/962 2190/4027/962 2187/4021/962 2184/4017/962 2181/4013/962
f 2143/4138/963 2176/4003/963 2179/4002/963 2144/4139/963
f 2174/4140/964 2269/4134/964 2176/4003/964 2143/4138/964
f 2144/4139/965 2179/4002/965 2182/4010/965 2145/4141/965
f 2145/4141/966 2182/4010/966 2185/4014/966 2146/4142/966
f 2146/4142/967 2185/4014/967 2188/4018/967 2147/4143/967
f 2147/4144/968 2188/4023/968 2191/4022/968 2148/4145/968
f 2148/4145/969 2191/4022/969 2194/4028/969 2149/4146/969
f 2149/4146/970 2194/4028/970 2197/4032/970 2150/4147/970
f 2150/4147/971 2197/4032/971 2200/4036/971 2151/4148/971
f 2151/4148/972 2200/4036/972 2203/4040/972 2152/4149/972
f 2152/4149/973 2203/4040/973 2206/4044/973 2153/4150/973
f 2153/4150/974 2206/4044/974 2209/4048/974 2154/4151/974
f 2154/4151/975 2209/4048/975 2212/4052/975 2155/4152/975
f 2155/4153/976 2212/4057/976 2215/4056/976 2156/4154/976
f 2156/4154/977 2215/4056/977 2218/4062/977 2157/4155/977
f 2157/4155/978 2218/4062/978 2221/4066/978 2158/4156/978
f 2158/4156/979 2221/4066/979 2224/4070/979 2159/4157/979
f 2159/4157/980 2224/4070/980 2227/4074/980 2160/4158/980
f 2160/4158/981 2227/4074/981 2230/4078/981 2161/4159/981
f 2161/4159/982 2230/4078/982 2233/4082/982 2162/4160/982
f 2162/4160/983 2233/4082/983 2236/4086/983 2163/4161/983
f 2163/4162/984 2236/4091/984 2239/4090/984 2164/4163/984
f 2164/4163/985 2239/4090/985 2242/4096/985 2165/4164/985
f 2165/4164/986 2242/4096/986 2245/4100/986 2166/4165/986
f 2166/4165/987 2245/4100/987 2248/4104/987 2167/4166/987
f 2167/4166/988 2248/4104/988 2251/4108/988 2168/4167/988
f 2168/4167/989 2251/4108/989 2254/4112/989 2169/4168/989
f 2169/4168/990 2254/4112/990 2257/4116/990 2170/4169/990
f 2170/4169/991 2257/4116/991 2260/4120/991 2171/4170/991
f 2171/4171/992 2260/4125/992 2263/4124/992 2172/4172/992
f 2172/4172/993 2263/4124/993 2266/4130/993 2173/4173/993
f 2173/4173/994 2266/4130/994 2269/4134/994 2174/4140/994
f 2271/4174/963 2272/4175/963 2274/4176/963 2273/4177/963
f 2273/4177/965 2274/4176/965 2276/4178/965 2275/4179/965
f 2275/4179/966 2276/4178/966 2278/4180/966 2277/4181/966
f 2277/4181/967 2278/4180/967 2280/4182/967 2279/4183/967
f 2279/4184/968 2280/4185/968 2282/4186/968 2281/4187/968
f 2281/4187/969 2282/4186/969 2284/4188/969 2283/4189/969
f 2283/4189/970 2284/4188/970 2286/4190/970 2285/4191/970
f 2285/4191/971 2286/4190/971 2288/4192/971 2287/4193/971
f 2287/4193/972 2288/4192/972 2290/4194/972 2289/4195/972
f 2289/4195/973 2290/4194/973 2292/4196/973 2291/4197/973
f 2291/4197/974 2292/4196/974 2294/4198/974 2293/4199/974
f 2293/4199/975 2294/4198/975 2296/4200/975 2295/4201/975
f 2295/4202/976 2296/4203/976 2298/4204/976 2297/4205/976
f 2297/4205/977 2298/4204/977 2300/4206/977 2299/4207/977
f 2299/4207/978 2300/4206/978 2302/4208/978 2301/4209/978
f 2301/4209/979 2302/4208/979 2304/4210/979 2303/4211/979
f 2303/4211/980 2304/4210/980 2306/4212/980 2305/4213/980
f 2305/4213/981 2306/4212/981 2308/4214/981 2307/4215/981
f 2307/4215/982 2308/4214/982 2310/4216/982 2309/4217/982
f 2309/4217/983 2310/4216/983 2312/4218/983 2311/4219/983
f 2311/4220/984 2312/4221/984 2314/4222/984 2313/4223/984
f 2313/4223/985 2314/4222/985 2316/4224/985 2315/4225/985
f 2315/4225/986 2316/4224/986 2318/4226/986 2317/4227/986
f 2317/4227/987 2318/4226/987 2320/4228/987 2319/4229/987
f 2319/4229/988 2320/4228/988 2322/4230/988 2321/4231/988
f 2321/4231/989 2322/4230/989 2324/4232/989 2323/4233/989
f 2323/4233/990 2324/4232/990 2326/4234/990 2325/4235/990
f 2325/4235/991 2326/4234/991 2328/4236/991 2327/4237/991
f 2327/4238/992 2328/4239/992 2330/4240/992 2329/4241/992
f 2329/4241/993 2330/4240/993 2332/4242/993 2331/4243/993
f 2274/4244/962 2272/4245/962 2334/4246/962 2332/4247/962 2330/4248/962 2328/4249/962 2326/4250/962 2324/4251/962 2322/4252/962 2320/4253/962 2318/4254/962 2316/4255/962 2314/4256/962 2312/4257/962 2310/4258/962 2308/4259/962 2306/4260/962 2304/4261/962 2302/4262/962 2300/4263/962 2298/4264/962 2296/4265/962 2294/4266/962 2292/4267/962 2290/4268/962 2288/4269/962 2286/4270/962 2284/4271/962 2282/4272/962 2280/4273/962 2278/4274/962 2276/4275/962
f 2331/4243/994 2332/4242/994 2334/4276/994 2333/4277/994
f 2333/4277/964 2334/4276/964 2272/4175/964 2271/4174/964
f 2271/4278/897 2273/4279/897 2275/4280/897 2277/4281/897 2279/4282/897 2281/4283/897 2283/4284/897 2285/4285/897 2287/4286/897 2289/4287/897 2291/4288/897 2293/4289/897 2295/4290/897 2297/4291/897 2299/4292/897 2301/4293/897 2303/4294/897 2305/4295/897 2307/4296/897 2309/4297/897 2311/4298/897 2313/4299/897 2315/4300/897 2317/4301/897 2319/4302/897 2321/4303/897 2323/4304/897 2325/4305/897 2327/4306/897 2329/4307/897 2331/4308/897 2333/4309/897
f 2335/4310/963 2336/4311/963 2338/4312/963 2337/4313/963
f 2337/4313/965 2338/4312/965 2340/4314/965 2339/4315/965
f 2339/4315/966 2340/4314/966 2342/4316/966 2341/4317/966
f 2341/4317/967 2342/4316/967 2344/4318/967 2343/4319/967
f 2343/4320/968 2344/4321/968 2346/4322/968 2345/4323/968
f 2345/4323/969 2346/4322/969 2348/4324/969 2347/4325/969
f 2347/4325/970 2348/4324/970 2350/4326/970 2349/4327/970
f 2349/4327/971 2350/4326/971 2352/4328/971 2351/4329/971
f 2351/4329/972 2352/4328/972 2354/4330/972 2353/4331/972
f 2353/4331/973 2354/4330/973 2356/4332/973 2355/4333/973
f 2355/4333/974 2356/4332/974 2358/4334/974 2357/4335/974
f 2357/4335/975 2358/4334/975 2360/4336/975 2359/4337/975
f 2359/4338/976 2360/4339/976 2362/4340/976 2361/4341/976
f 2361/4341/977 2362/4340/977 2364/4342/977 2363/4343/977
f 2363/4343/978 2364/4342/978 2366/4344/978 2365/4345/978
f 2365/4345/979 2366/4344/979 2368/4346/979 2367/4347/979
f 2367/4347/980 2368/4346/980 2370/4348/980 2369/4349/980
f 2369/4349/981 2370/4348/981 2372/4350/981 2371/4351/981
f 2371/4351/982 2372/4350/982 2374/4352/982 2373/4353/982
f 2373/4353/983 2374/4352/983 2376/4354/983 2375/4355/983
f 2375/4337/984 2376/4336/984 2378/4356/984 2377/4357/984
f 2377/4357/985 2378/4356/985 2380/4358/985 2379/4359/985
f 2379/4359/986 2380/4358/986 2382/4360/986 2381/4361/986
f 2381/4361/987 2382/4360/987 2384/4362/987 2383/4363/987
f 2383/4363/988 2384/4362/988 2386/4364/988 2385/4365/988
f 2385/4365/989 2386/4364/989 2388/4366/989 2387/4367/989
f 2387/4367/990 2388/4366/990 2390/4368/990 2389/4369/990
f 2389/4369/991 2390/4368/991 2392/4370/991 2391/4371/991
f 2391/4372/992 2392/4373/992 2394/4374/992 2393/4375/992
f 2393/4375/993 2394/4374/993 2396/4376/993 2395/4377/993
f 2338/4378/962 2336/4379/962 2398/4380/962 2396/4381/962 2394/4382/962 2392/4383/962 2390/4384/962 2388/4385/962 2386/4386/962 2384/4387/962 2382/4388/962 2380/4389/962 2378/4390/962 2376/4391/962 2374/4392/962 2372/4393/962 2370/4394/962 2368/4395/962 2366/4396/962 2364/4397/962 2362/4398/962 2360/4399/962 2358/4400/962 2356/4401/962 2354/4402/962 2352/4403/962 2350/4404/962 2348/4405/962 2346/4406/962 2344/4407/962 2342/4408/962 2340/4409/962
f 2395/4377/994 2396/4376/994 2398/4410/994 2397/4411/994
f 2397/4411/964 2398/4410/964 2336/4311/964 2335/4310/964
f 2335/4412/897 2337/4413/897 2339/4414/897 2341/4415/897 2343/4416/897 2345/4417/897 2347/4418/897 2349/4419/897 2351/4420/897 2353/4421/897 2355/4422/897 2357/4423/897 2359/4424/897 2361/4425/897 2363/4426/897 2365/4427/897 2367/4428/897 2369/4429/897 2371/4430/897 2373/4431/897 2375/4432/897 2377/4433/897 2379/4434/897 2381/4435/897 2383/4436/897 2385/4437/897 2387/4438/897 2389/4439/897 2391/4440/897 2393/4441/897 2395/4442/897 2397/4443/897
f 2399/4444/995 2400/4445/995 2402/4446/995 2401/4447/995
f 2401/4448/996 2402/4449/996 2406/4450/996 2405/4451/996
f 2405/4452/997 2406/4453/997 2404/4454/997 2403/4455/997
f 2403/4456/998 2404/4457/998 2400/4458/998 2399/4459/998
f 2401/4460/897 2405/4461/897 2403/4462/897 2399/4463/897
f 2406/4464/962 2402/4465/962 2400/4461/962 2404/4466/962
f 2420/4467/999 2423/4468/999 2424/4469/999 2421/4470/999
f 2421/4470/1000 2424/4469/1000 2422/4471/1000 2419/4472/1000
f 2417/4473/1001 2426/4474/1001 2427/4475/1001 2418/4476/1001
f 2418/4476/1002 2427/4475/1002 2425/4477/1002 2416/4478/1002
f 2428/4479/1003 2420/4467/1003 2421/4470/1003 2430/4480/1003
f 2430/4480/1004 2421/4470/1004 2419/4472/1004 2429/4481/1004
f 2431/4482/1005 2417/4473/1005 2418/4476/1005 2433/4483/1005
f 2433/4483/1006 2418/4476/1006 2416/4478/1006 2432/4484/1006
f 2416/4485/1007 2420/4486/1007 2428/4487/1007 2432/4488/1007
f 2416/4489/1008 2425/4490/1008 2423/4491/1008 2420/4492/1008
f 2408/4493/998 2409/4494/998 2413/4495/998 2414/4481/998 2429/4481/998 2419/4472/998
f 2408/4493/998 2419/4472/998 2422/4471/998 2411/4471/998 2410/4496/998 2407/4497/998
f 2422/4498/1009 2424/4499/1009 2423/4491/1009 2425/4490/1009 2427/4500/1009 2426/4501/1009 2412/4501/1009 2411/4498/1009
f 2414/4502/1010 2415/4503/1010 2431/4503/1010 2433/4504/1010 2432/4488/1010 2428/4487/1010 2430/4505/1010 2429/4502/1010
f 2438/4506/1011 2435/4507/1011 2436/4508/1011 2439/4509/1011
f 2439/4509/1012 2436/4508/1012 2434/4510/1012 2437/4511/1012
f 2437/4511/1013 2440/4512/1013 2442/4513/1013 2439/4509/1013
f 2439/4509/1014 2442/4513/1014 2441/4514/1014 2438/4506/1014
f 2443/4474/1015 2434/4510/1015 2436/4508/1015 2445/4515/1015
f 2445/4516/1016 2436/4517/1016 2435/4518/1016 2444/4519/1016
f 2440/4512/1017 2447/4482/1017 2448/4520/1017 2442/4513/1017
f 2442/4521/1018 2448/4522/1018 2446/4523/1018 2441/4524/1018
f 2407/4525/1019 2410/4526/1019 2444/4519/1019 2435/4518/1019
f 2435/4518/1020 2438/4527/1020 2408/4528/1020 2407/4525/1020
f 2434/4510/996 2443/4474/996 2412/4474/996 2426/4474/996 2417/4473/996 2437/4511/996
f 2441/4524/1021 2409/4529/1021 2408/4530/1021 2438/4531/1021
f 2440/4512/996 2437/4511/996 2417/4473/996 2431/4482/996 2415/4482/996 2447/4482/996
f 2409/4529/1022 2441/4524/1022 2446/4523/1022 2413/4532/1022
f 2411/4533/1023 2412/4534/1023 2443/4534/1023 2445/4516/1023 2444/4519/1023 2410/4526/1023
f 2413/4532/1024 2446/4523/1024 2448/4522/1024 2447/4535/1024 2415/4535/1024 2414/4536/1024
o mdlSilla.008
v 10.748823 1.486190 -5.117520
v 10.865877 1.486190 -5.105991
v 10.978434 1.486190 -5.071848
v 11.082166 1.486190 -5.016402
v 11.173087 1.486190 -4.941784
v 11.247705 1.486190 -4.850862
v 11.303151 1.486190 -4.747130
v 11.337295 1.486190 -4.634574
v 11.348824 1.486190 -4.517520
v 11.337295 1.486190 -4.400466
v 11.303151 1.486190 -4.287910
v 11.247705 1.486190 -4.184178
v 11.173087 1.486190 -4.093256
v 11.082166 1.486190 -4.018638
v 10.978434 1.486190 -3.963192
v 10.865877 1.486190 -3.929049
v 10.748823 1.486190 -3.917520
v 10.631769 1.486190 -3.929049
v 10.519213 1.486190 -3.963192
v 10.415481 1.486190 -4.018638
v 10.324559 1.486190 -4.093256
v 10.249942 1.486190 -4.184178
v 10.194495 1.486190 -4.287910
v 10.160352 1.486190 -4.400466
v 10.148823 1.486190 -4.517520
v 10.160352 1.486190 -4.634574
v 10.194495 1.486190 -4.747130
v 10.249942 1.486190 -4.850862
v 10.324559 1.486190 -4.941784
v 10.415481 1.486190 -5.016402
v 10.519213 1.486190 -5.071848
v 10.631769 1.486190 -5.105991
v 10.748823 1.726190 -4.980647
v 10.748823 1.698947 -5.117520
v 10.748823 1.718211 -5.077431
v 10.839174 1.726190 -4.971748
v 10.865877 1.698947 -5.105991
v 10.858056 1.718211 -5.066672
v 10.926054 1.726190 -4.945394
v 10.978434 1.698947 -5.071848
v 10.963092 1.718211 -5.034810
v 11.006123 1.726190 -4.902596
v 11.082166 1.698947 -5.016402
v 11.059893 1.718211 -4.983069
v 11.076303 1.726190 -4.845000
v 11.173087 1.698947 -4.941784
v 11.144740 1.718211 -4.913437
v 11.133899 1.726190 -4.774819
v 11.247705 1.698947 -4.850862
v 11.214372 1.718211 -4.828590
v 11.176697 1.726190 -4.694751
v 11.303151 1.698947 -4.747130
v 11.266113 1.718211 -4.731789
v 11.203051 1.726190 -4.607872
v 11.337295 1.698947 -4.634574
v 11.297976 1.718211 -4.626753
v 11.211950 1.726190 -4.517520
v 11.348824 1.698947 -4.517520
v 11.308734 1.718211 -4.517520
v 11.203051 1.726190 -4.427168
v 11.337295 1.698947 -4.400466
v 11.297976 1.718211 -4.408287
v 11.176697 1.726190 -4.340289
v 11.303151 1.698947 -4.287910
v 11.266113 1.718211 -4.303251
v 11.133899 1.726190 -4.260221
v 11.247705 1.698947 -4.184178
v 11.214372 1.718211 -4.206450
v 11.076303 1.726190 -4.190040
v 11.173087 1.698947 -4.093256
v 11.144740 1.718211 -4.121603
v 11.006123 1.726190 -4.132444
v 11.082166 1.698947 -4.018638
v 11.059893 1.718211 -4.051971
v 10.926054 1.726190 -4.089647
v 10.978434 1.698947 -3.963192
v 10.963092 1.718211 -4.000230
v 10.839174 1.726190 -4.063292
v 10.865877 1.698947 -3.929049
v 10.858056 1.718211 -3.968368
v 10.748823 1.726190 -4.054393
v 10.748823 1.698947 -3.917520
v 10.748823 1.718211 -3.957609
v 10.658472 1.726190 -4.063292
v 10.631769 1.698947 -3.929049
v 10.639590 1.718211 -3.968368
v 10.571592 1.726190 -4.089647
v 10.519213 1.698947 -3.963192
v 10.534554 1.718211 -4.000230
v 10.491524 1.726190 -4.132444
v 10.415481 1.698947 -4.018638
v 10.437754 1.718211 -4.051971
v 10.421343 1.726190 -4.190040
v 10.324559 1.698947 -4.093256
v 10.352906 1.718211 -4.121603
v 10.363748 1.726190 -4.260221
v 10.249942 1.698947 -4.184178
v 10.283275 1.718211 -4.206450
v 10.320950 1.726190 -4.340289
v 10.194495 1.698947 -4.287910
v 10.231533 1.718211 -4.303251
v 10.294596 1.726190 -4.427168
v 10.160352 1.698947 -4.400466
v 10.199671 1.718211 -4.408287
v 10.285696 1.726190 -4.517520
v 10.148823 1.698947 -4.517520
v 10.188912 1.718211 -4.517520
v 10.294596 1.726190 -4.607872
v 10.160352 1.698947 -4.634574
v 10.199671 1.718211 -4.626753
v 10.320950 1.726190 -4.694751
v 10.194495 1.698947 -4.747130
v 10.231533 1.718211 -4.731789
v 10.363748 1.726190 -4.774819
v 10.249942 1.698947 -4.850862
v 10.283275 1.718211 -4.828590
v 10.421343 1.726190 -4.845000
v 10.324559 1.698947 -4.941784
v 10.352906 1.718211 -4.913437
v 10.491524 1.726190 -4.902596
v 10.415481 1.698947 -5.016402
v 10.437754 1.718211 -4.983069
v 10.571592 1.726190 -4.945394
v 10.519213 1.698947 -5.071848
v 10.534554 1.718211 -5.034810
v 10.658472 1.726190 -4.971748
v 10.631769 1.698947 -5.105991
v 10.639590 1.718211 -5.066672
v 10.748823 0.317975 -4.984186
v 10.748823 0.477975 -4.984187
v 10.839866 0.317975 -4.975220
v 10.839866 0.477975 -4.975220
v 10.927409 0.317975 -4.948664
v 10.927409 0.477975 -4.948664
v 11.008089 0.317975 -4.905539
v 11.008089 0.477975 -4.905539
v 11.078806 0.317975 -4.847503
v 11.078806 0.477975 -4.847503
v 11.136843 0.317975 -4.776786
v 11.136843 0.477975 -4.776786
v 11.179967 0.317975 -4.696105
v 11.179967 0.477975 -4.696105
v 11.206523 0.317975 -4.608562
v 11.206523 0.477975 -4.608562
v 11.215489 0.317975 -4.517520
v 11.215489 0.477975 -4.517520
v 11.206523 0.317975 -4.426477
v 11.206523 0.477975 -4.426477
v 11.179967 0.317975 -4.338934
v 11.179967 0.477975 -4.338934
v 11.136843 0.317975 -4.258254
v 11.136843 0.477975 -4.258254
v 11.078806 0.317975 -4.187537
v 11.078806 0.477975 -4.187537
v 11.008089 0.317975 -4.129500
v 11.008089 0.477975 -4.129500
v 10.927409 0.317975 -4.086376
v 10.927409 0.477975 -4.086376
v 10.839866 0.317975 -4.059820
v 10.839866 0.477975 -4.059820
v 10.748823 0.317975 -4.050853
v 10.748823 0.477975 -4.050853
v 10.657781 0.317975 -4.059820
v 10.657781 0.477975 -4.059820
v 10.570237 0.317975 -4.086376
v 10.570237 0.477975 -4.086376
v 10.489557 0.317975 -4.129500
v 10.489557 0.477975 -4.129500
v 10.418840 0.317975 -4.187537
v 10.418840 0.477975 -4.187537
v 10.360804 0.317975 -4.258254
v 10.360804 0.477975 -4.258254
v 10.317679 0.317975 -4.338934
v 10.317679 0.477975 -4.338934
v 10.291123 0.317975 -4.426477
v 10.291123 0.477975 -4.426477
v 10.282157 0.317975 -4.517520
v 10.282157 0.477975 -4.517520
v 10.291123 0.317975 -4.608562
v 10.291123 0.477975 -4.608562
v 10.317679 0.317975 -4.696105
v 10.317679 0.477975 -4.696105
v 10.360804 0.317975 -4.776786
v 10.360804 0.477975 -4.776786
v 10.418840 0.317975 -4.847503
v 10.418840 0.477975 -4.847503
v 10.489557 0.317975 -4.905539
v 10.489557 0.477975 -4.905539
v 10.570237 0.317975 -4.948664
v 10.570237 0.477975 -4.948664
v 10.657781 0.317975 -4.975220
v 10.657781 0.477975 -4.975220
v 10.748823 0.453975 -4.584187
v 10.748823 1.541975 -4.584187
v 10.761829 0.453975 -4.582905
v 10.761829 1.541975 -4.582906
v 10.774336 0.453975 -4.579112
v 10.774336 1.541975 -4.579112
v 10.785861 0.453975 -4.572951
v 10.785861 1.541975 -4.572951
v 10.795963 0.453975 -4.564660
v 10.795963 1.541975 -4.564661
v 10.804255 0.453975 -4.554558
v 10.804255 1.541975 -4.554558
v 10.810415 0.453975 -4.543032
v 10.810415 1.541975 -4.543032
v 10.814209 0.453975 -4.530526
v 10.814209 1.541975 -4.530526
v 10.815490 0.453975 -4.517520
v 10.815490 1.541975 -4.517520
v 10.814209 0.453975 -4.504514
v 10.814209 1.541975 -4.504514
v 10.810415 0.453975 -4.492008
v 10.810415 1.541975 -4.492008
v 10.804255 0.453975 -4.480482
v 10.804255 1.541975 -4.480482
v 10.795963 0.453975 -4.470379
v 10.795963 1.541975 -4.470379
v 10.785861 0.453975 -4.462089
v 10.785861 1.541975 -4.462089
v 10.774336 0.453975 -4.455928
v 10.774336 1.541975 -4.455928
v 10.761829 0.453975 -4.452134
v 10.761829 1.541975 -4.452134
v 10.748823 0.453975 -4.450853
v 10.748823 1.541975 -4.450853
v 10.735817 0.453975 -4.452134
v 10.735817 1.541975 -4.452134
v 10.723310 0.453975 -4.455928
v 10.723310 1.541975 -4.455928
v 10.711785 0.453975 -4.462089
v 10.711785 1.541975 -4.462089
v 10.701683 0.453975 -4.470379
v 10.701683 1.541975 -4.470379
v 10.693392 0.453975 -4.480482
v 10.693392 1.541975 -4.480482
v 10.687231 0.453975 -4.492008
v 10.687231 1.541975 -4.492008
v 10.683437 0.453975 -4.504514
v 10.683437 1.541975 -4.504514
v 10.682157 0.453975 -4.517520
v 10.682157 1.541975 -4.517520
v 10.683437 0.453975 -4.530526
v 10.683437 1.541975 -4.530526
v 10.687231 0.453975 -4.543032
v 10.687231 1.541975 -4.543032
v 10.693392 0.453975 -4.554558
v 10.693392 1.541975 -4.554558
v 10.701683 0.453975 -4.564660
v 10.701683 1.541975 -4.564661
v 10.711785 0.453975 -4.572951
v 10.711785 1.541975 -4.572951
v 10.723310 0.453975 -4.579112
v 10.723310 1.541975 -4.579112
v 10.735817 0.453975 -4.582905
v 10.735817 1.541975 -4.582906
v 10.675489 1.614190 -4.064187
v 10.675489 2.254190 -4.064187
v 10.675489 1.614190 -4.130853
v 10.675489 2.254190 -4.130854
v 10.822157 1.614190 -4.064187
v 10.822157 2.254190 -4.064187
v 10.822157 1.614190 -4.130853
v 10.822157 2.254190 -4.130854
v 10.414637 2.269675 -3.937463
v 10.748823 2.034614 -3.937463
v 11.083010 2.269675 -3.937463
v 10.102178 3.356750 -3.937464
v 10.103689 3.401785 -3.937464
v 10.103689 3.401785 -4.229771
v 11.395469 3.356750 -3.937464
v 11.393957 3.401785 -3.937464
v 11.393957 3.401785 -4.229771
v 10.748823 2.958344 -4.218696
v 10.748823 2.906741 -4.229770
v 10.748823 2.943230 -4.226527
v 10.748823 2.906741 -3.937464
v 10.748823 2.958345 -3.948538
v 10.748823 2.943231 -3.940707
v 10.103689 3.401785 -3.937464
v 10.140732 3.394330 -3.948538
v 10.129883 3.396513 -3.940707
v 10.140732 3.394330 -4.218696
v 10.103689 3.401785 -4.229771
v 10.129883 3.396513 -4.226527
v 11.356915 3.394330 -3.948538
v 11.393957 3.401785 -3.937464
v 11.367764 3.396513 -3.940707
v 11.393957 3.401785 -4.229771
v 11.356915 3.394330 -4.218696
v 11.367764 3.396513 -4.226527
v 10.475052 2.329070 -4.229770
v 10.414637 2.269675 -4.207795
v 10.432331 2.287071 -4.223334
v 10.748823 2.136505 -4.229770
v 10.748823 2.034614 -4.207795
v 10.748823 2.064457 -4.223334
v 11.022594 2.329070 -4.229770
v 11.083010 2.269675 -4.207795
v 11.065315 2.287071 -4.223334
v 10.103689 3.401785 -4.229771
v 10.102178 3.356750 -4.207795
v 10.102620 3.369940 -4.223334
v 11.395469 3.356750 -4.207795
v 11.393957 3.401785 -4.229771
v 11.395026 3.369940 -4.223334
vn -0.0000 -1.0000 -0.0000
vn 0.0426 0.9005 -0.4327
vn 0.0081 0.9966 -0.0822
vn 0.1262 0.9005 -0.4161
vn 0.0240 0.9966 -0.0790
vn 0.2050 0.9005 -0.3835
vn 0.0389 0.9966 -0.0728
vn 0.2758 0.9005 -0.3361
vn 0.0524 0.9966 -0.0638
vn 0.3361 0.9005 -0.2758
vn 0.0638 0.9966 -0.0524
vn 0.3835 0.9005 -0.2050
vn 0.0728 0.9966 -0.0389
vn 0.4161 0.9005 -0.1262
vn 0.0790 0.9966 -0.0240
vn 0.4327 0.9005 -0.0426
vn 0.0822 0.9966 -0.0081
vn 0.4327 0.9005 0.0426
vn 0.0822 0.9966 0.0081
vn 0.4161 0.9005 0.1262
vn 0.0790 0.9966 0.0240
vn 0.3835 0.9005 0.2050
vn 0.0728 0.9966 0.0389
vn 0.3361 0.9005 0.2758
vn 0.0638 0.9966 0.0524
vn 0.2758 0.9005 0.3361
vn 0.0524 0.9966 0.0638
vn 0.2050 0.9005 0.3835
vn 0.0389 0.9966 0.0728
vn 0.1262 0.9005 0.4161
vn 0.0240 0.9966 0.0790
vn 0.0426 0.9005 0.4327
vn 0.0081 0.9966 0.0822
vn -0.0426 0.9005 0.4327
vn -0.0081 0.9966 0.0822
vn -0.1262 0.9005 0.4161
vn -0.0240 0.9966 0.0790
vn -0.2050 0.9005 0.3835
vn -0.0389 0.9966 0.0728
vn -0.2758 0.9005 0.3361
vn -0.0524 0.9966 0.0638
vn -0.3361 0.9005 0.2758
vn -0.0638 0.9966 0.0524
vn -0.3835 0.9005 0.2050
vn -0.0728 0.9966 0.0389
vn -0.4161 0.9005 0.1262
vn -0.0790 0.9966 0.0240
vn -0.4327 0.9005 0.0426
vn -0.0822 0.9966 0.0081
vn -0.4327 0.9005 -0.0426
vn -0.0822 0.9966 -0.0081
vn -0.4161 0.9005 -0.1262
vn -0.0790 0.9966 -0.0240
vn -0.3835 0.9005 -0.2050
vn -0.0728 0.9966 -0.0389
vn -0.3361 0.9005 -0.2758
vn -0.0638 0.9966 -0.0524
vn -0.2758 0.9005 -0.3361
vn -0.0524 0.9966 -0.0638
vn -0.2050 0.9005 -0.3835
vn -0.0389 0.9966 -0.0728
vn -0.1262 0.9005 -0.4161
vn -0.0240 0.9966 -0.0790
vn -0.0426 0.9005 -0.4327
vn -0.0081 0.9966 -0.0822
vn -0.0000 1.0000 -0.0000
vn 0.0980 -0.0000 -0.9952
vn -0.0980 -0.0000 -0.9952
vn 0.2903 -0.0000 -0.9569
vn 0.4714 -0.0000 -0.8819
vn 0.6344 -0.0000 -0.7730
vn 0.7730 -0.0000 -0.6344
vn 0.8819 -0.0000 -0.4714
vn 0.9569 -0.0000 -0.2903
vn 0.9952 -0.0000 -0.0980
vn 0.9952 -0.0000 0.0980
vn 0.9569 -0.0000 0.2903
vn 0.8819 -0.0000 0.4714
vn 0.7730 -0.0000 0.6344
vn 0.6344 -0.0000 0.7730
vn 0.4714 -0.0000 0.8819
vn 0.2903 -0.0000 0.9569
vn 0.0980 -0.0000 0.9952
vn -0.0980 -0.0000 0.9952
vn -0.2903 -0.0000 0.9569
vn -0.4714 -0.0000 0.8819
vn -0.6344 -0.0000 0.7730
vn -0.7730 -0.0000 0.6344
vn -0.8819 -0.0000 0.4714
vn -0.9569 -0.0000 0.2903
vn -0.9952 -0.0000 0.0980
vn -0.9952 -0.0000 -0.0980
vn -0.9569 -0.0000 -0.2903
vn -0.8819 -0.0000 -0.4714
vn -0.7730 -0.0000 -0.6344
vn -0.6344 -0.0000 -0.7730
vn -0.4714 -0.0000 -0.8819
vn -0.2903 -0.0000 -0.9569
vn -1.0000 -0.0000 -0.0000
vn -0.0000 -0.0000 -1.0000
vn 1.0000 -0.0000 -0.0000
vn -0.0000 -0.0000 1.0000
vn 0.3997 0.5515 0.7322
vn 0.0945 0.1259 0.9875
vn 0.0945 0.1259 -0.9875
vn 0.3997 0.5515 -0.7322
vn -0.3997 0.5515 0.7322
vn -0.0945 0.1259 0.9875
vn -0.0945 0.1259 -0.9875
vn -0.3997 0.5515 -0.7322
vn -0.5827 0.8127 -0.0000
vn 0.5827 0.8127 -0.0000
vn 0.1973 0.9803 -0.0000
vn -0.1973 0.9803 -0.0000
vn -0.3090 -0.4392 -0.8436
vn -0.0625 -0.0888 -0.9941
vn 0.0625 -0.0888 -0.9941
vn 0.3090 -0.4392 -0.8436
vn -0.1862 -0.0606 -0.9806
vn -0.7346 -0.2174 -0.6427
vn 0.1862 -0.0606 -0.9806
vn 0.7346 -0.2174 -0.6427
vn -0.9611 -0.2762 -0.0000
vn -0.5753 -0.8179 -0.0000
vn 0.5753 -0.8179 -0.0000
vn 0.9611 -0.2762 -0.0000
vn -0.9994 0.0335 -0.0000
vn 0.9994 0.0335 -0.0000
vt 0.483906 0.143218
vt 0.474334 0.128893
vt 0.467741 0.112976
vt 0.464380 0.096078
vt 0.464380 0.078849
vt 0.467741 0.061951
vt 0.474334 0.046034
vt 0.483906 0.031709
vt 0.496089 0.019526
vt 0.510414 0.009954
vt 0.526331 0.003361
vt 0.543229 -0.000000
vt 0.560458 -0.000000
vt 0.577356 0.003361
vt 0.593273 0.009954
vt 0.607598 0.019526
vt 0.619781 0.031709
vt 0.629353 0.046034
vt 0.635946 0.061951
vt 0.639307 0.078849
vt 0.639307 0.096078
vt 0.635946 0.112976
vt 0.629353 0.128893
vt 0.619781 0.143218
vt 0.607598 0.155401
vt 0.593273 0.164973
vt 0.577356 0.171566
vt 0.560458 0.174927
vt 0.543229 0.174927
vt 0.526331 0.171566
vt 0.510414 0.164973
vt 0.496089 0.155401
vt 0.667962 0.525164
vt 0.650816 0.525244
vt 0.650816 0.510871
vt 0.666816 0.510796
vt 0.473669 0.295208
vt 0.467517 0.280354
vt 0.481083 0.276239
vt 0.486172 0.288525
vt 0.684448 0.524924
vt 0.682201 0.510572
vt 0.482601 0.308576
vt 0.493560 0.299582
vt 0.699643 0.524536
vt 0.696381 0.510210
vt 0.493970 0.319945
vt 0.502964 0.308986
vt 0.712961 0.524013
vt 0.708809 0.509722
vt 0.507338 0.328877
vt 0.514021 0.316374
vt 0.477698 0.524677
vt 0.464380 0.524046
vt 0.468532 0.509722
vt 0.480960 0.510310
vt 0.522192 0.335029
vt 0.526307 0.321463
vt 0.492892 0.525145
vt 0.495140 0.510747
vt 0.537961 0.338166
vt 0.539350 0.324058
vt 0.509379 0.525433
vt 0.510525 0.511016
vt 0.554038 0.338166
vt 0.552649 0.324058
vt 0.526525 0.525531
vt 0.526525 0.511107
vt 0.569807 0.335029
vt 0.565692 0.321463
vt 0.543671 0.525433
vt 0.542525 0.511016
vt 0.584661 0.328877
vt 0.577978 0.316374
vt 0.560158 0.525145
vt 0.557911 0.510747
vt 0.598029 0.319945
vt 0.589035 0.308986
vt 0.575352 0.524677
vt 0.572090 0.510310
vt 0.609398 0.308576
vt 0.598439 0.299582
vt 0.588670 0.524046
vt 0.584518 0.509722
vt 0.618330 0.295208
vt 0.605827 0.288525
vt 0.477698 0.353257
vt 0.464380 0.352522
vt 0.468532 0.338166
vt 0.480960 0.338852
vt 0.624482 0.280354
vt 0.610916 0.276239
vt 0.492892 0.353804
vt 0.495140 0.339362
vt 0.627619 0.264585
vt 0.613511 0.263196
vt 0.509379 0.354140
vt 0.510525 0.339676
vt 0.627619 0.248508
vt 0.613511 0.249897
vt 0.526525 0.354254
vt 0.526525 0.339782
vt 0.624482 0.232739
vt 0.610916 0.236854
vt 0.543671 0.354140
vt 0.542525 0.339676
vt 0.618330 0.217885
vt 0.605827 0.224568
vt 0.560158 0.353804
vt 0.557911 0.339362
vt 0.609397 0.204517
vt 0.598439 0.213511
vt 0.575352 0.353257
vt 0.572090 0.338852
vt 0.598029 0.193148
vt 0.589035 0.204107
vt 0.588670 0.352522
vt 0.584518 0.338166
vt 0.584661 0.184216
vt 0.577978 0.196719
vt 0.601988 0.353121
vt 0.588670 0.352491
vt 0.592823 0.338166
vt 0.605251 0.338754
vt 0.569807 0.178064
vt 0.565692 0.191630
vt 0.617183 0.353589
vt 0.619430 0.339191
vt 0.554038 0.174927
vt 0.552649 0.189035
vt 0.633670 0.353878
vt 0.634816 0.339461
vt 0.537961 0.174927
vt 0.539350 0.189035
vt 0.650816 0.353975
vt 0.650816 0.339552
vt 0.522192 0.178064
vt 0.526307 0.191630
vt 0.667962 0.353878
vt 0.666816 0.339461
vt 0.507338 0.184216
vt 0.514021 0.196719
vt 0.684448 0.353589
vt 0.682201 0.339191
vt 0.493970 0.193148
vt 0.502964 0.204107
vt 0.699643 0.353121
vt 0.696381 0.338754
vt 0.482601 0.204517
vt 0.493560 0.213511
vt 0.712961 0.352491
vt 0.708809 0.338166
vt 0.473669 0.217885
vt 0.486172 0.224568
vt 0.601988 0.524536
vt 0.588670 0.524013
vt 0.592823 0.509722
vt 0.605251 0.510210
vt 0.467516 0.232739
vt 0.481083 0.236854
vt 0.617183 0.524924
vt 0.619430 0.510572
vt 0.464380 0.248508
vt 0.478488 0.249897
vt 0.633670 0.525164
vt 0.634816 0.510796
vt 0.464380 0.264585
vt 0.478488 0.263196
vt 0.650816 0.680887
vt 0.667962 0.680806
vt 0.633670 0.680806
vt 0.684448 0.680567
vt 0.699643 0.680178
vt 0.712961 0.679655
vt 0.464380 0.679608
vt 0.477698 0.680238
vt 0.492892 0.680707
vt 0.509379 0.680995
vt 0.526525 0.681092
vt 0.543671 0.680995
vt 0.560158 0.680707
vt 0.575352 0.680238
vt 0.588670 0.679608
vt 0.464380 0.507990
vt 0.477698 0.508725
vt 0.492892 0.509272
vt 0.509379 0.509608
vt 0.526525 0.509722
vt 0.543671 0.509608
vt 0.560158 0.509272
vt 0.575352 0.508725
vt 0.588670 0.507990
vt 0.588670 0.508052
vt 0.601988 0.508682
vt 0.617183 0.509151
vt 0.633670 0.509439
vt 0.650816 0.509537
vt 0.667962 0.509439
vt 0.684448 0.509151
vt 0.699643 0.508682
vt 0.712961 0.508052
vt 0.588670 0.679655
vt 0.601988 0.680178
vt 0.617183 0.680567
vt 0.812009 0.292933
vt 0.812009 0.175885
vt 0.825344 0.175822
vt 0.825344 0.292870
vt 0.838167 0.175636
vt 0.838167 0.292684
vt 0.849985 0.175334
vt 0.849985 0.292382
vt 0.860344 0.174927
vt 0.860344 0.291975
vt 0.685341 0.797874
vt 0.685341 0.680887
vt 0.695699 0.681377
vt 0.695699 0.798364
vt 0.707517 0.681742
vt 0.707517 0.798729
vt 0.720340 0.681966
vt 0.720340 0.798953
vt 0.733676 0.682042
vt 0.733676 0.799029
vt 0.747012 0.681966
vt 0.747012 0.798953
vt 0.759835 0.681742
vt 0.759835 0.798729
vt 0.771653 0.681377
vt 0.771653 0.798364
vt 0.782011 0.680887
vt 0.782011 0.797874
vt 0.588670 0.797804
vt 0.588670 0.680887
vt 0.599029 0.681459
vt 0.599029 0.798376
vt 0.610847 0.681884
vt 0.610847 0.798800
vt 0.623670 0.682145
vt 0.623670 0.799062
vt 0.637006 0.682234
vt 0.637006 0.799151
vt 0.650341 0.682145
vt 0.650341 0.799062
vt 0.663164 0.681884
vt 0.663164 0.798800
vt 0.674982 0.681459
vt 0.674982 0.798376
vt 0.685341 0.680887
vt 0.685341 0.797804
vt 0.464380 0.798080
vt 0.464380 0.681092
vt 0.474738 0.681583
vt 0.474738 0.798570
vt 0.486556 0.681947
vt 0.486556 0.798934
vt 0.499379 0.682171
vt 0.499379 0.799159
vt 0.512715 0.682247
vt 0.512715 0.799235
vt 0.526051 0.682171
vt 0.526051 0.799159
vt 0.538874 0.681947
vt 0.538874 0.798934
vt 0.550692 0.681583
vt 0.550692 0.798570
vt 0.561050 0.681092
vt 0.561050 0.798080
vt 0.763673 0.291975
vt 0.763673 0.174927
vt 0.774032 0.175334
vt 0.774032 0.292382
vt 0.785850 0.175636
vt 0.785850 0.292684
vt 0.652281 0.295794
vt 0.642806 0.286319
vt 0.635361 0.275177
vt 0.630233 0.262797
vt 0.627619 0.249654
vt 0.627619 0.236254
vt 0.630233 0.223111
vt 0.635361 0.210731
vt 0.642806 0.199589
vt 0.652281 0.190114
vt 0.663423 0.182669
vt 0.675803 0.177541
vt 0.688946 0.174927
vt 0.702346 0.174927
vt 0.715489 0.177541
vt 0.727869 0.182669
vt 0.739011 0.190114
vt 0.748486 0.199589
vt 0.755931 0.210731
vt 0.761059 0.223111
vt 0.763673 0.236254
vt 0.763673 0.249654
vt 0.761059 0.262797
vt 0.755931 0.275177
vt 0.748486 0.286319
vt 0.739011 0.295794
vt 0.727869 0.303239
vt 0.715489 0.308367
vt 0.702346 0.310981
vt 0.688946 0.310981
vt 0.675803 0.308367
vt 0.663423 0.303239
vt 0.798673 0.175822
vt 0.798673 0.292870
vt 0.654494 0.111392
vt 0.647049 0.100250
vt 0.641921 0.087870
vt 0.639307 0.074727
vt 0.639307 0.061327
vt 0.641921 0.048184
vt 0.647049 0.035804
vt 0.654494 0.024662
vt 0.663969 0.015187
vt 0.675111 0.007742
vt 0.687491 0.002614
vt 0.700634 0.000000
vt 0.714034 0.000000
vt 0.727177 0.002614
vt 0.739557 0.007742
vt 0.750699 0.015187
vt 0.760174 0.024662
vt 0.767619 0.035804
vt 0.772747 0.048184
vt 0.775361 0.061327
vt 0.775361 0.074727
vt 0.772747 0.087870
vt 0.767619 0.100250
vt 0.760174 0.111392
vt 0.750699 0.120867
vt 0.739557 0.128312
vt 0.727177 0.133440
vt 0.714034 0.136054
vt 0.700634 0.136054
vt 0.687491 0.133440
vt 0.675111 0.128312
vt 0.663969 0.120867
vt 0.867249 0.970990
vt 0.867249 0.175064
vt 0.869154 0.175055
vt 0.869154 0.970981
vt 0.870986 0.175028
vt 0.870986 0.970955
vt 0.872674 0.174985
vt 0.872674 0.970911
vt 0.874154 0.174927
vt 0.874154 0.970853
vt 0.874154 0.970439
vt 0.874154 0.174927
vt 0.875634 0.174997
vt 0.875634 0.970509
vt 0.877322 0.175049
vt 0.877322 0.970561
vt 0.879154 0.175081
vt 0.879154 0.970594
vt 0.881059 0.175092
vt 0.881059 0.970604
vt 0.882964 0.175081
vt 0.882964 0.970594
vt 0.884796 0.175049
vt 0.884796 0.970561
vt 0.886484 0.174997
vt 0.886484 0.970509
vt 0.887964 0.174927
vt 0.887964 0.970439
vt 0.901774 0.969961
vt 0.901774 0.174927
vt 0.903254 0.175009
vt 0.903254 0.970042
vt 0.904942 0.175069
vt 0.904942 0.970103
vt 0.906774 0.175107
vt 0.906774 0.970141
vt 0.908679 0.175119
vt 0.908679 0.970153
vt 0.910584 0.175107
vt 0.910584 0.970141
vt 0.912416 0.175069
vt 0.912416 0.970103
vt 0.914104 0.175009
vt 0.914104 0.970042
vt 0.915584 0.174927
vt 0.915584 0.969961
vt 0.889444 0.174997
vt 0.889444 0.970509
vt 0.891132 0.175049
vt 0.891132 0.970561
vt 0.892964 0.175081
vt 0.892964 0.970594
vt 0.894869 0.175092
vt 0.894869 0.970604
vt 0.896774 0.175081
vt 0.896774 0.970594
vt 0.898606 0.175049
vt 0.898606 0.970561
vt 0.900294 0.174997
vt 0.900294 0.970509
vt 0.901774 0.174927
vt 0.901774 0.970439
vt 0.860344 0.970853
vt 0.860344 0.174927
vt 0.861824 0.174985
vt 0.861824 0.970911
vt 0.863512 0.175028
vt 0.863512 0.970955
vt 0.643532 0.328248
vt 0.641940 0.329312
vt 0.640172 0.330044
vt 0.638294 0.330418
vt 0.636380 0.330418
vt 0.634503 0.330044
vt 0.632734 0.329312
vt 0.631142 0.328248
vt 0.629789 0.326894
vt 0.628725 0.325303
vt 0.627993 0.323534
vt 0.627619 0.321657
vt 0.627619 0.319742
vt 0.627993 0.317865
vt 0.628725 0.316096
vt 0.629789 0.314504
vt 0.631142 0.313151
vt 0.632734 0.312087
vt 0.634503 0.311355
vt 0.636380 0.310981
vt 0.638294 0.310981
vt 0.640172 0.311355
vt 0.641940 0.312087
vt 0.643532 0.313151
vt 0.644886 0.314504
vt 0.645949 0.316096
vt 0.646682 0.317865
vt 0.647055 0.319742
vt 0.647055 0.321657
vt 0.646682 0.323534
vt 0.645949 0.325303
vt 0.644886 0.326894
vt 0.865344 0.175055
vt 0.865344 0.970981
vt 0.653628 0.154385
vt 0.651860 0.155117
vt 0.649982 0.155491
vt 0.648068 0.155491
vt 0.646190 0.155117
vt 0.644422 0.154385
vt 0.642830 0.153321
vt 0.641477 0.151967
vt 0.640413 0.150376
vt 0.639680 0.148607
vt 0.639307 0.146730
vt 0.639307 0.144815
vt 0.639680 0.142938
vt 0.640413 0.141169
vt 0.641477 0.139577
vt 0.642830 0.138224
vt 0.644422 0.137160
vt 0.646190 0.136428
vt 0.648068 0.136054
vt 0.649982 0.136054
vt 0.651860 0.136428
vt 0.653628 0.137160
vt 0.655220 0.138224
vt 0.656574 0.139577
vt 0.657637 0.141169
vt 0.658370 0.142938
vt 0.658743 0.144815
vt 0.658743 0.146730
vt 0.658370 0.148607
vt 0.657637 0.150376
vt 0.656574 0.151967
vt 0.655220 0.153321
vt 0.841561 0.806115
vt 0.841561 0.338166
vt 0.851326 0.338166
vt 0.851326 0.806115
vt 0.798594 0.806358
vt 0.798594 0.338166
vt 0.820077 0.338166
vt 0.820077 0.806358
vt 0.915584 0.642875
vt 0.915584 0.174927
vt 0.925349 0.174927
vt 0.925349 0.642875
vt 0.820077 0.805833
vt 0.820077 0.338166
vt 0.841561 0.338166
vt 0.841561 0.805833
vt 0.656821 0.310981
vt 0.656821 0.332465
vt 0.647055 0.332465
vt 0.647055 0.310981
vt 0.666586 0.310981
vt 0.666586 0.332465
vt 0.656821 0.310981
vt 0.284028 0.323926
vt 0.373100 0.005339
vt 0.374689 0.003820
vt 0.284028 0.335048
vt 0.378526 0.000000
vt 0.284028 0.361743
vt 0.094654 0.362149
vt 0.000157 0.000000
vt 0.003993 0.003834
vt 0.094654 0.335433
vt 0.005582 0.005376
vt 0.094654 0.324321
vt 0.194956 0.005339
vt 0.193367 0.003820
vt 0.189530 0.000000
vt 0.189152 0.000000
vt 0.185315 0.003834
vt 0.183726 0.005376
vt 0.754155 0.667847
vt 0.714583 0.667847
vt 0.714583 0.343930
vt 0.754155 0.343930
vt 0.757400 0.667847
vt 0.757400 0.343930
vt 0.796972 0.343930
vt 0.796972 0.667847
vt 0.284028 0.999032
vt 0.235077 0.827267
vt 0.189309 0.032909
vt 0.378747 0.032909
vt 0.332979 0.827267
vt 0.798594 0.338166
vt 0.798119 0.342242
vt 0.756253 0.342242
vt 0.755777 0.338166
vt 0.712961 0.338166
vt 0.755778 0.338166
vt 0.755302 0.342242
vt 0.713436 0.342242
vt 0.094654 1.000000
vt 0.045703 0.828041
vt 0.048295 0.815424
vt 0.094654 0.978277
vt 0.054553 0.784745
vt 0.094654 0.925616
vt 0.134756 0.784745
vt 0.141013 0.815424
vt 0.143605 0.828041
vt 0.000000 0.023251
vt 0.420621 0.023293
vt 0.420621 0.812269
vt 0.418344 0.825138
vt 0.418344 0.032941
vt 0.189309 0.023251
vt 0.422506 0.812269
vt 0.422506 0.023293
vt 0.424782 0.032941
vt 0.424782 0.825138
vt 0.378747 0.825138
vt 0.378747 0.032941
vt 0.418344 0.994184
vt 0.378747 0.994184
vt 0.464380 0.825138
vt 0.464380 0.994184
vt 0.424782 0.994184
vt 0.464380 0.032941
vt 0.378747 0.000000
vt 0.421563 0.000000
vt 0.421563 0.000000
vt 0.464380 0.000000
s 1
usemtl Material.021
f 2449/4537/1025 2450/4538/1025 2451/4539/1025 2452/4540/1025 2453/4541/1025 2454/4542/1025 2455/4543/1025 2456/4544/1025 2457/4545/1025 2458/4546/1025 2459/4547/1025 2460/4548/1025 2461/4549/1025 2462/4550/1025 2463/4551/1025 2464/4552/1025 2465/4553/1025 2466/4554/1025 2467/4555/1025 2468/4556/1025 2469/4557/1025 2470/4558/1025 2471/4559/1025 2472/4560/1025 2473/4561/1025 2474/4562/1025 2475/4563/1025 2476/4564/1025 2477/4565/1025 2478/4566/1025 2479/4567/1025 2480/4568/1025
f 2485/4569/1026 2482/4570/1026 2483/4571/1026 2486/4572/1026
f 2486/4573/1027 2483/4574/1027 2481/4575/1027 2484/4576/1027
f 2488/4577/1028 2485/4569/1028 2486/4572/1028 2489/4578/1028
f 2489/4579/1029 2486/4573/1029 2484/4576/1029 2487/4580/1029
f 2491/4581/1030 2488/4577/1030 2489/4578/1030 2492/4582/1030
f 2492/4583/1031 2489/4579/1031 2487/4580/1031 2490/4584/1031
f 2494/4585/1032 2491/4581/1032 2492/4582/1032 2495/4586/1032
f 2495/4587/1033 2492/4583/1033 2490/4584/1033 2493/4588/1033
f 2497/4589/1034 2494/4590/1034 2495/4591/1034 2498/4592/1034
f 2498/4593/1035 2495/4587/1035 2493/4588/1035 2496/4594/1035
f 2500/4595/1036 2497/4589/1036 2498/4592/1036 2501/4596/1036
f 2501/4597/1037 2498/4593/1037 2496/4594/1037 2499/4598/1037
f 2503/4599/1038 2500/4595/1038 2501/4596/1038 2504/4600/1038
f 2504/4601/1039 2501/4597/1039 2499/4598/1039 2502/4602/1039
f 2506/4603/1040 2503/4599/1040 2504/4600/1040 2507/4604/1040
f 2507/4605/1041 2504/4601/1041 2502/4602/1041 2505/4606/1041
f 2509/4607/1042 2506/4603/1042 2507/4604/1042 2510/4608/1042
f 2510/4609/1043 2507/4605/1043 2505/4606/1043 2508/4610/1043
f 2512/4611/1044 2509/4607/1044 2510/4608/1044 2513/4612/1044
f 2513/4613/1045 2510/4609/1045 2508/4610/1045 2511/4614/1045
f 2515/4615/1046 2512/4611/1046 2513/4612/1046 2516/4616/1046
f 2516/4617/1047 2513/4613/1047 2511/4614/1047 2514/4618/1047
f 2518/4619/1048 2515/4615/1048 2516/4616/1048 2519/4620/1048
f 2519/4621/1049 2516/4617/1049 2514/4618/1049 2517/4622/1049
f 2521/4623/1050 2518/4624/1050 2519/4625/1050 2522/4626/1050
f 2522/4627/1051 2519/4621/1051 2517/4622/1051 2520/4628/1051
f 2524/4629/1052 2521/4623/1052 2522/4626/1052 2525/4630/1052
f 2525/4631/1053 2522/4627/1053 2520/4628/1053 2523/4632/1053
f 2527/4633/1054 2524/4629/1054 2525/4630/1054 2528/4634/1054
f 2528/4635/1055 2525/4631/1055 2523/4632/1055 2526/4636/1055
f 2530/4637/1056 2527/4633/1056 2528/4634/1056 2531/4638/1056
f 2531/4639/1057 2528/4635/1057 2526/4636/1057 2529/4640/1057
f 2533/4641/1058 2530/4637/1058 2531/4638/1058 2534/4642/1058
f 2534/4643/1059 2531/4639/1059 2529/4640/1059 2532/4644/1059
f 2536/4645/1060 2533/4641/1060 2534/4642/1060 2537/4646/1060
f 2537/4647/1061 2534/4643/1061 2532/4644/1061 2535/4648/1061
f 2539/4649/1062 2536/4645/1062 2537/4646/1062 2540/4650/1062
f 2540/4651/1063 2537/4647/1063 2535/4648/1063 2538/4652/1063
f 2542/4653/1064 2539/4649/1064 2540/4650/1064 2543/4654/1064
f 2543/4655/1065 2540/4651/1065 2538/4652/1065 2541/4656/1065
f 2545/4657/1066 2542/4658/1066 2543/4659/1066 2546/4660/1066
f 2546/4661/1067 2543/4655/1067 2541/4656/1067 2544/4662/1067
f 2548/4663/1068 2545/4657/1068 2546/4660/1068 2549/4664/1068
f 2549/4665/1069 2546/4661/1069 2544/4662/1069 2547/4666/1069
f 2551/4667/1070 2548/4663/1070 2549/4664/1070 2552/4668/1070
f 2552/4669/1071 2549/4665/1071 2547/4666/1071 2550/4670/1071
f 2554/4671/1072 2551/4667/1072 2552/4668/1072 2555/4672/1072
f 2555/4673/1073 2552/4669/1073 2550/4670/1073 2553/4674/1073
f 2557/4675/1074 2554/4671/1074 2555/4672/1074 2558/4676/1074
f 2558/4677/1075 2555/4673/1075 2553/4674/1075 2556/4678/1075
f 2560/4679/1076 2557/4675/1076 2558/4676/1076 2561/4680/1076
f 2561/4681/1077 2558/4677/1077 2556/4678/1077 2559/4682/1077
f 2563/4683/1078 2560/4679/1078 2561/4680/1078 2564/4684/1078
f 2564/4685/1079 2561/4681/1079 2559/4682/1079 2562/4686/1079
f 2566/4687/1080 2563/4683/1080 2564/4684/1080 2567/4688/1080
f 2567/4689/1081 2564/4685/1081 2562/4686/1081 2565/4690/1081
f 2569/4691/1082 2566/4692/1082 2567/4693/1082 2570/4694/1082
f 2570/4695/1083 2567/4689/1083 2565/4690/1083 2568/4696/1083
f 2572/4697/1084 2569/4691/1084 2570/4694/1084 2573/4698/1084
f 2573/4699/1085 2570/4695/1085 2568/4696/1085 2571/4700/1085
f 2575/4701/1086 2572/4697/1086 2573/4698/1086 2576/4702/1086
f 2576/4703/1087 2573/4699/1087 2571/4700/1087 2574/4704/1087
f 2482/4570/1088 2575/4701/1088 2576/4702/1088 2483/4571/1088
f 2483/4574/1089 2576/4703/1089 2574/4704/1089 2481/4575/1089
f 2484/4576/1090 2481/4575/1090 2574/4704/1090 2571/4700/1090 2568/4696/1090 2565/4690/1090 2562/4686/1090 2559/4682/1090 2556/4678/1090 2553/4674/1090 2550/4670/1090 2547/4666/1090 2544/4662/1090 2541/4656/1090 2538/4652/1090 2535/4648/1090 2532/4644/1090 2529/4640/1090 2526/4636/1090 2523/4632/1090 2520/4628/1090 2517/4622/1090 2514/4618/1090 2511/4614/1090 2508/4610/1090 2505/4606/1090 2502/4602/1090 2499/4598/1090 2496/4594/1090 2493/4588/1090 2490/4584/1090 2487/4580/1090
f 2449/4705/1091 2482/4570/1091 2485/4569/1091 2450/4706/1091
f 2480/4707/1092 2575/4701/1092 2482/4570/1092 2449/4705/1092
f 2450/4706/1093 2485/4569/1093 2488/4577/1093 2451/4708/1093
f 2451/4708/1094 2488/4577/1094 2491/4581/1094 2452/4709/1094
f 2452/4709/1095 2491/4581/1095 2494/4585/1095 2453/4710/1095
f 2453/4711/1096 2494/4590/1096 2497/4589/1096 2454/4712/1096
f 2454/4712/1097 2497/4589/1097 2500/4595/1097 2455/4713/1097
f 2455/4713/1098 2500/4595/1098 2503/4599/1098 2456/4714/1098
f 2456/4714/1099 2503/4599/1099 2506/4603/1099 2457/4715/1099
f 2457/4715/1100 2506/4603/1100 2509/4607/1100 2458/4716/1100
f 2458/4716/1101 2509/4607/1101 2512/4611/1101 2459/4717/1101
f 2459/4717/1102 2512/4611/1102 2515/4615/1102 2460/4718/1102
f 2460/4718/1103 2515/4615/1103 2518/4619/1103 2461/4719/1103
f 2461/4720/1104 2518/4624/1104 2521/4623/1104 2462/4721/1104
f 2462/4721/1105 2521/4623/1105 2524/4629/1105 2463/4722/1105
f 2463/4722/1106 2524/4629/1106 2527/4633/1106 2464/4723/1106
f 2464/4723/1107 2527/4633/1107 2530/4637/1107 2465/4724/1107
f 2465/4724/1108 2530/4637/1108 2533/4641/1108 2466/4725/1108
f 2466/4725/1109 2533/4641/1109 2536/4645/1109 2467/4726/1109
f 2467/4726/1110 2536/4645/1110 2539/4649/1110 2468/4727/1110
f 2468/4727/1111 2539/4649/1111 2542/4653/1111 2469/4728/1111
f 2469/4729/1112 2542/4658/1112 2545/4657/1112 2470/4730/1112
f 2470/4730/1113 2545/4657/1113 2548/4663/1113 2471/4731/1113
f 2471/4731/1114 2548/4663/1114 2551/4667/1114 2472/4732/1114
f 2472/4732/1115 2551/4667/1115 2554/4671/1115 2473/4733/1115
f 2473/4733/1116 2554/4671/1116 2557/4675/1116 2474/4734/1116
f 2474/4734/1117 2557/4675/1117 2560/4679/1117 2475/4735/1117
f 2475/4735/1118 2560/4679/1118 2563/4683/1118 2476/4736/1118
f 2476/4736/1119 2563/4683/1119 2566/4687/1119 2477/4737/1119
f 2477/4738/1120 2566/4692/1120 2569/4691/1120 2478/4739/1120
f 2478/4739/1121 2569/4691/1121 2572/4697/1121 2479/4740/1121
f 2479/4740/1122 2572/4697/1122 2575/4701/1122 2480/4707/1122
f 2577/4741/1091 2578/4742/1091 2580/4743/1091 2579/4744/1091
f 2579/4744/1093 2580/4743/1093 2582/4745/1093 2581/4746/1093
f 2581/4746/1094 2582/4745/1094 2584/4747/1094 2583/4748/1094
f 2583/4748/1095 2584/4747/1095 2586/4749/1095 2585/4750/1095
f 2585/4751/1096 2586/4752/1096 2588/4753/1096 2587/4754/1096
f 2587/4754/1097 2588/4753/1097 2590/4755/1097 2589/4756/1097
f 2589/4756/1098 2590/4755/1098 2592/4757/1098 2591/4758/1098
f 2591/4758/1099 2592/4757/1099 2594/4759/1099 2593/4760/1099
f 2593/4760/1100 2594/4759/1100 2596/4761/1100 2595/4762/1100
f 2595/4762/1101 2596/4761/1101 2598/4763/1101 2597/4764/1101
f 2597/4764/1102 2598/4763/1102 2600/4765/1102 2599/4766/1102
f 2599/4766/1103 2600/4765/1103 2602/4767/1103 2601/4768/1103
f 2601/4769/1104 2602/4770/1104 2604/4771/1104 2603/4772/1104
f 2603/4772/1105 2604/4771/1105 2606/4773/1105 2605/4774/1105
f 2605/4774/1106 2606/4773/1106 2608/4775/1106 2607/4776/1106
f 2607/4776/1107 2608/4775/1107 2610/4777/1107 2609/4778/1107
f 2609/4778/1108 2610/4777/1108 2612/4779/1108 2611/4780/1108
f 2611/4780/1109 2612/4779/1109 2614/4781/1109 2613/4782/1109
f 2613/4782/1110 2614/4781/1110 2616/4783/1110 2615/4784/1110
f 2615/4784/1111 2616/4783/1111 2618/4785/1111 2617/4786/1111
f 2617/4787/1112 2618/4788/1112 2620/4789/1112 2619/4790/1112
f 2619/4790/1113 2620/4789/1113 2622/4791/1113 2621/4792/1113
f 2621/4792/1114 2622/4791/1114 2624/4793/1114 2623/4794/1114
f 2623/4794/1115 2624/4793/1115 2626/4795/1115 2625/4796/1115
f 2625/4796/1116 2626/4795/1116 2628/4797/1116 2627/4798/1116
f 2627/4798/1117 2628/4797/1117 2630/4799/1117 2629/4800/1117
f 2629/4800/1118 2630/4799/1118 2632/4801/1118 2631/4802/1118
f 2631/4802/1119 2632/4801/1119 2634/4803/1119 2633/4804/1119
f 2633/4805/1120 2634/4806/1120 2636/4807/1120 2635/4808/1120
f 2635/4808/1121 2636/4807/1121 2638/4809/1121 2637/4810/1121
f 2580/4811/1090 2578/4812/1090 2640/4813/1090 2638/4814/1090 2636/4815/1090 2634/4816/1090 2632/4817/1090 2630/4818/1090 2628/4819/1090 2626/4820/1090 2624/4821/1090 2622/4822/1090 2620/4823/1090 2618/4824/1090 2616/4825/1090 2614/4826/1090 2612/4827/1090 2610/4828/1090 2608/4829/1090 2606/4830/1090 2604/4831/1090 2602/4832/1090 2600/4833/1090 2598/4834/1090 2596/4835/1090 2594/4836/1090 2592/4837/1090 2590/4838/1090 2588/4839/1090 2586/4840/1090 2584/4841/1090 2582/4842/1090
f 2637/4810/1122 2638/4809/1122 2640/4843/1122 2639/4844/1122
f 2639/4844/1092 2640/4843/1092 2578/4742/1092 2577/4741/1092
f 2577/4845/1025 2579/4846/1025 2581/4847/1025 2583/4848/1025 2585/4849/1025 2587/4850/1025 2589/4851/1025 2591/4852/1025 2593/4853/1025 2595/4854/1025 2597/4855/1025 2599/4856/1025 2601/4857/1025 2603/4858/1025 2605/4859/1025 2607/4860/1025 2609/4861/1025 2611/4862/1025 2613/4863/1025 2615/4864/1025 2617/4865/1025 2619/4866/1025 2621/4867/1025 2623/4868/1025 2625/4869/1025 2627/4870/1025 2629/4871/1025 2631/4872/1025 2633/4873/1025 2635/4874/1025 2637/4875/1025 2639/4876/1025
f 2641/4877/1091 2642/4878/1091 2644/4879/1091 2643/4880/1091
f 2643/4880/1093 2644/4879/1093 2646/4881/1093 2645/4882/1093
f 2645/4882/1094 2646/4881/1094 2648/4883/1094 2647/4884/1094
f 2647/4884/1095 2648/4883/1095 2650/4885/1095 2649/4886/1095
f 2649/4887/1096 2650/4888/1096 2652/4889/1096 2651/4890/1096
f 2651/4890/1097 2652/4889/1097 2654/4891/1097 2653/4892/1097
f 2653/4892/1098 2654/4891/1098 2656/4893/1098 2655/4894/1098
f 2655/4894/1099 2656/4893/1099 2658/4895/1099 2657/4896/1099
f 2657/4896/1100 2658/4895/1100 2660/4897/1100 2659/4898/1100
f 2659/4898/1101 2660/4897/1101 2662/4899/1101 2661/4900/1101
f 2661/4900/1102 2662/4899/1102 2664/4901/1102 2663/4902/1102
f 2663/4902/1103 2664/4901/1103 2666/4903/1103 2665/4904/1103
f 2665/4905/1104 2666/4906/1104 2668/4907/1104 2667/4908/1104
f 2667/4908/1105 2668/4907/1105 2670/4909/1105 2669/4910/1105
f 2669/4910/1106 2670/4909/1106 2672/4911/1106 2671/4912/1106
f 2671/4912/1107 2672/4911/1107 2674/4913/1107 2673/4914/1107
f 2673/4914/1108 2674/4913/1108 2676/4915/1108 2675/4916/1108
f 2675/4916/1109 2676/4915/1109 2678/4917/1109 2677/4918/1109
f 2677/4918/1110 2678/4917/1110 2680/4919/1110 2679/4920/1110
f 2679/4920/1111 2680/4919/1111 2682/4921/1111 2681/4922/1111
f 2681/4904/1112 2682/4903/1112 2684/4923/1112 2683/4924/1112
f 2683/4924/1113 2684/4923/1113 2686/4925/1113 2685/4926/1113
f 2685/4926/1114 2686/4925/1114 2688/4927/1114 2687/4928/1114
f 2687/4928/1115 2688/4927/1115 2690/4929/1115 2689/4930/1115
f 2689/4930/1116 2690/4929/1116 2692/4931/1116 2691/4932/1116
f 2691/4932/1117 2692/4931/1117 2694/4933/1117 2693/4934/1117
f 2693/4934/1118 2694/4933/1118 2696/4935/1118 2695/4936/1118
f 2695/4936/1119 2696/4935/1119 2698/4937/1119 2697/4938/1119
f 2697/4939/1120 2698/4940/1120 2700/4941/1120 2699/4942/1120
f 2699/4942/1121 2700/4941/1121 2702/4943/1121 2701/4944/1121
f 2644/4945/1090 2642/4946/1090 2704/4947/1090 2702/4948/1090 2700/4949/1090 2698/4950/1090 2696/4951/1090 2694/4952/1090 2692/4953/1090 2690/4954/1090 2688/4955/1090 2686/4956/1090 2684/4957/1090 2682/4958/1090 2680/4959/1090 2678/4960/1090 2676/4961/1090 2674/4962/1090 2672/4963/1090 2670/4964/1090 2668/4965/1090 2666/4966/1090 2664/4967/1090 2662/4968/1090 2660/4969/1090 2658/4970/1090 2656/4971/1090 2654/4972/1090 2652/4973/1090 2650/4974/1090 2648/4975/1090 2646/4976/1090
f 2701/4944/1122 2702/4943/1122 2704/4977/1122 2703/4978/1122
f 2703/4978/1092 2704/4977/1092 2642/4878/1092 2641/4877/1092
f 2641/4979/1025 2643/4980/1025 2645/4981/1025 2647/4982/1025 2649/4983/1025 2651/4984/1025 2653/4985/1025 2655/4986/1025 2657/4987/1025 2659/4988/1025 2661/4989/1025 2663/4990/1025 2665/4991/1025 2667/4992/1025 2669/4993/1025 2671/4994/1025 2673/4995/1025 2675/4996/1025 2677/4997/1025 2679/4998/1025 2681/4999/1025 2683/5000/1025 2685/5001/1025 2687/5002/1025 2689/5003/1025 2691/5004/1025 2693/5005/1025 2695/5006/1025 2697/5007/1025 2699/5008/1025 2701/5009/1025 2703/5010/1025
f 2705/5011/1123 2706/5012/1123 2708/5013/1123 2707/5014/1123
f 2707/5015/1124 2708/5016/1124 2712/5017/1124 2711/5018/1124
f 2711/5019/1125 2712/5020/1125 2710/5021/1125 2709/5022/1125
f 2709/5023/1126 2710/5024/1126 2706/5025/1126 2705/5026/1126
f 2707/5027/1025 2711/5028/1025 2709/5029/1025 2705/5030/1025
f 2712/5031/1090 2708/5032/1090 2706/5028/1090 2710/5033/1090
f 2726/5034/1127 2729/5035/1127 2730/5036/1127 2727/5037/1127
f 2727/5037/1128 2730/5036/1128 2728/5038/1128 2725/5039/1128
f 2723/5040/1129 2732/5041/1129 2733/5042/1129 2724/5043/1129
f 2724/5043/1130 2733/5042/1130 2731/5044/1130 2722/5045/1130
f 2734/5046/1131 2726/5034/1131 2727/5037/1131 2736/5047/1131
f 2736/5047/1132 2727/5037/1132 2725/5039/1132 2735/5048/1132
f 2737/5049/1133 2723/5040/1133 2724/5043/1133 2739/5050/1133
f 2739/5050/1134 2724/5043/1134 2722/5045/1134 2738/5051/1134
f 2722/5052/1135 2726/5053/1135 2734/5054/1135 2738/5055/1135
f 2722/5056/1136 2731/5057/1136 2729/5058/1136 2726/5059/1136
f 2714/5060/1126 2715/5061/1126 2719/5062/1126 2720/5048/1126 2735/5048/1126 2725/5039/1126
f 2714/5060/1126 2725/5039/1126 2728/5038/1126 2717/5038/1126 2716/5063/1126 2713/5064/1126
f 2728/5065/1137 2730/5066/1137 2729/5058/1137 2731/5057/1137 2733/5067/1137 2732/5068/1137 2718/5068/1137 2717/5065/1137
f 2720/5069/1138 2721/5070/1138 2737/5070/1138 2739/5071/1138 2738/5055/1138 2734/5054/1138 2736/5072/1138 2735/5069/1138
f 2744/5073/1139 2741/5074/1139 2742/5075/1139 2745/5076/1139
f 2745/5076/1140 2742/5075/1140 2740/5077/1140 2743/5078/1140
f 2743/5078/1141 2746/5079/1141 2748/5080/1141 2745/5076/1141
f 2745/5076/1142 2748/5080/1142 2747/5081/1142 2744/5073/1142
f 2749/5041/1143 2740/5077/1143 2742/5075/1143 2751/5082/1143
f 2751/5083/1144 2742/5084/1144 2741/5085/1144 2750/5086/1144
f 2746/5079/1145 2753/5049/1145 2754/5087/1145 2748/5080/1145
f 2748/5088/1146 2754/5089/1146 2752/5090/1146 2747/5091/1146
f 2713/5092/1147 2716/5093/1147 2750/5086/1147 2741/5085/1147
f 2741/5085/1148 2744/5094/1148 2714/5095/1148 2713/5092/1148
f 2740/5077/1124 2749/5041/1124 2718/5041/1124 2732/5041/1124 2723/5040/1124 2743/5078/1124
f 2747/5091/1149 2715/5096/1149 2714/5097/1149 2744/5098/1149
f 2746/5079/1124 2743/5078/1124 2723/5040/1124 2737/5049/1124 2721/5049/1124 2753/5049/1124
f 2715/5096/1150 2747/5091/1150 2752/5090/1150 2719/5099/1150
f 2717/5100/1151 2718/5101/1151 2749/5101/1151 2751/5083/1151 2750/5086/1151 2716/5093/1151
f 2719/5099/1152 2752/5090/1152 2754/5089/1152 2753/5102/1152 2721/5102/1152 2720/5103/1152
o mdlSilla.009
v 12.819862 1.486190 -5.117520
v 12.936916 1.486190 -5.105991
v 13.049473 1.486190 -5.071848
v 13.153205 1.486190 -5.016402
v 13.244126 1.486190 -4.941784
v 13.318744 1.486190 -4.850862
v 13.374190 1.486190 -4.747130
v 13.408334 1.486190 -4.634574
v 13.419863 1.486190 -4.517520
v 13.408334 1.486190 -4.400466
v 13.374190 1.486190 -4.287910
v 13.318744 1.486190 -4.184178
v 13.244126 1.486190 -4.093256
v 13.153205 1.486190 -4.018638
v 13.049473 1.486190 -3.963192
v 12.936916 1.486190 -3.929049
v 12.819862 1.486190 -3.917520
v 12.702808 1.486190 -3.929049
v 12.590252 1.486190 -3.963192
v 12.486520 1.486190 -4.018638
v 12.395598 1.486190 -4.093256
v 12.320981 1.486190 -4.184178
v 12.265534 1.486190 -4.287910
v 12.231391 1.486190 -4.400466
v 12.219862 1.486190 -4.517520
v 12.231391 1.486190 -4.634574
v 12.265534 1.486190 -4.747130
v 12.320981 1.486190 -4.850862
v 12.395598 1.486190 -4.941784
v 12.486520 1.486190 -5.016402
v 12.590252 1.486190 -5.071848
v 12.702808 1.486190 -5.105991
v 12.819862 1.726190 -4.980647
v 12.819862 1.698947 -5.117520
v 12.819862 1.718211 -5.077431
v 12.910213 1.726190 -4.971748
v 12.936916 1.698947 -5.105991
v 12.929095 1.718211 -5.066672
v 12.997093 1.726190 -4.945394
v 13.049473 1.698947 -5.071848
v 13.034131 1.718211 -5.034810
v 13.077162 1.726190 -4.902596
v 13.153205 1.698947 -5.016402
v 13.130932 1.718211 -4.983069
v 13.147343 1.726190 -4.845000
v 13.244126 1.698947 -4.941784
v 13.215779 1.718211 -4.913437
v 13.204938 1.726190 -4.774819
v 13.318744 1.698947 -4.850862
v 13.285411 1.718211 -4.828590
v 13.247736 1.726190 -4.694751
v 13.374190 1.698947 -4.747130
v 13.337152 1.718211 -4.731789
v 13.274090 1.726190 -4.607872
v 13.408334 1.698947 -4.634574
v 13.369015 1.718211 -4.626753
v 13.282990 1.726190 -4.517520
v 13.419863 1.698947 -4.517520
v 13.379773 1.718211 -4.517520
v 13.274090 1.726190 -4.427168
v 13.408334 1.698947 -4.400466
v 13.369015 1.718211 -4.408287
v 13.247736 1.726190 -4.340289
v 13.374190 1.698947 -4.287910
v 13.337152 1.718211 -4.303251
v 13.204938 1.726190 -4.260221
v 13.318744 1.698947 -4.184178
v 13.285411 1.718211 -4.206450
v 13.147343 1.726190 -4.190040
v 13.244126 1.698947 -4.093256
v 13.215779 1.718211 -4.121603
v 13.077162 1.726190 -4.132444
v 13.153205 1.698947 -4.018638
v 13.130932 1.718211 -4.051971
v 12.997093 1.726190 -4.089647
v 13.049473 1.698947 -3.963192
v 13.034131 1.718211 -4.000230
v 12.910213 1.726190 -4.063292
v 12.936916 1.698947 -3.929049
v 12.929095 1.718211 -3.968368
v 12.819862 1.726190 -4.054393
v 12.819862 1.698947 -3.917520
v 12.819862 1.718211 -3.957609
v 12.729511 1.726190 -4.063292
v 12.702808 1.698947 -3.929049
v 12.710629 1.718211 -3.968368
v 12.642632 1.726190 -4.089647
v 12.590252 1.698947 -3.963192
v 12.605594 1.718211 -4.000230
v 12.562563 1.726190 -4.132444
v 12.486520 1.698947 -4.018638
v 12.508793 1.718211 -4.051971
v 12.492382 1.726190 -4.190040
v 12.395598 1.698947 -4.093256
v 12.423945 1.718211 -4.121603
v 12.434787 1.726190 -4.260221
v 12.320981 1.698947 -4.184178
v 12.354314 1.718211 -4.206450
v 12.391989 1.726190 -4.340289
v 12.265534 1.698947 -4.287910
v 12.302572 1.718211 -4.303251
v 12.365635 1.726190 -4.427168
v 12.231391 1.698947 -4.400466
v 12.270710 1.718211 -4.408287
v 12.356735 1.726190 -4.517520
v 12.219862 1.698947 -4.517520
v 12.259952 1.718211 -4.517520
v 12.365635 1.726190 -4.607872
v 12.231391 1.698947 -4.634574
v 12.270710 1.718211 -4.626753
v 12.391989 1.726190 -4.694751
v 12.265534 1.698947 -4.747130
v 12.302572 1.718211 -4.731789
v 12.434787 1.726190 -4.774819
v 12.320981 1.698947 -4.850862
v 12.354314 1.718211 -4.828590
v 12.492382 1.726190 -4.845000
v 12.395598 1.698947 -4.941784
v 12.423945 1.718211 -4.913437
v 12.562563 1.726190 -4.902596
v 12.486520 1.698947 -5.016402
v 12.508793 1.718211 -4.983069
v 12.642632 1.726190 -4.945394
v 12.590252 1.698947 -5.071848
v 12.605594 1.718211 -5.034810
v 12.729511 1.726190 -4.971748
v 12.702808 1.698947 -5.105991
v 12.710629 1.718211 -5.066672
v 12.819862 0.317975 -4.984186
v 12.819862 0.477975 -4.984187
v 12.910905 0.317975 -4.975220
v 12.910905 0.477975 -4.975220
v 12.998448 0.317975 -4.948664
v 12.998448 0.477975 -4.948664
v 13.079128 0.317975 -4.905539
v 13.079128 0.477975 -4.905539
v 13.149845 0.317975 -4.847503
v 13.149845 0.477975 -4.847503
v 13.207882 0.317975 -4.776786
v 13.207882 0.477975 -4.776786
v 13.251006 0.317975 -4.696105
v 13.251006 0.477975 -4.696105
v 13.277562 0.317975 -4.608562
v 13.277562 0.477975 -4.608562
v 13.286529 0.317975 -4.517520
v 13.286529 0.477975 -4.517520
v 13.277562 0.317975 -4.426477
v 13.277562 0.477975 -4.426477
v 13.251006 0.317975 -4.338934
v 13.251006 0.477975 -4.338934
v 13.207882 0.317975 -4.258254
v 13.207882 0.477975 -4.258254
v 13.149845 0.317975 -4.187537
v 13.149845 0.477975 -4.187537
v 13.079128 0.317975 -4.129500
v 13.079128 0.477975 -4.129500
v 12.998448 0.317975 -4.086376
v 12.998448 0.477975 -4.086376
v 12.910905 0.317975 -4.059820
v 12.910905 0.477975 -4.059820
v 12.819862 0.317975 -4.050853
v 12.819862 0.477975 -4.050853
v 12.728820 0.317975 -4.059820
v 12.728820 0.477975 -4.059820
v 12.641276 0.317975 -4.086376
v 12.641276 0.477975 -4.086376
v 12.560596 0.317975 -4.129500
v 12.560596 0.477975 -4.129500
v 12.489880 0.317975 -4.187537
v 12.489880 0.477975 -4.187537
v 12.431843 0.317975 -4.258254
v 12.431843 0.477975 -4.258254
v 12.388719 0.317975 -4.338934
v 12.388719 0.477975 -4.338934
v 12.362163 0.317975 -4.426477
v 12.362163 0.477975 -4.426477
v 12.353196 0.317975 -4.517520
v 12.353196 0.477975 -4.517520
v 12.362163 0.317975 -4.608562
v 12.362163 0.477975 -4.608562
v 12.388719 0.317975 -4.696105
v 12.388719 0.477975 -4.696105
v 12.431843 0.317975 -4.776786
v 12.431843 0.477975 -4.776786
v 12.489880 0.317975 -4.847503
v 12.489880 0.477975 -4.847503
v 12.560596 0.317975 -4.905539
v 12.560596 0.477975 -4.905539
v 12.641276 0.317975 -4.948664
v 12.641276 0.477975 -4.948664
v 12.728820 0.317975 -4.975220
v 12.728820 0.477975 -4.975220
v 12.819862 0.453975 -4.584187
v 12.819862 1.541975 -4.584187
v 12.832869 0.453975 -4.582905
v 12.832869 1.541975 -4.582906
v 12.845375 0.453975 -4.579112
v 12.845375 1.541975 -4.579112
v 12.856900 0.453975 -4.572951
v 12.856900 1.541975 -4.572951
v 12.867002 0.453975 -4.564660
v 12.867002 1.541975 -4.564661
v 12.875294 0.453975 -4.554558
v 12.875294 1.541975 -4.554558
v 12.881454 0.453975 -4.543032
v 12.881454 1.541975 -4.543032
v 12.885248 0.453975 -4.530526
v 12.885248 1.541975 -4.530526
v 12.886529 0.453975 -4.517520
v 12.886529 1.541975 -4.517520
v 12.885248 0.453975 -4.504514
v 12.885248 1.541975 -4.504514
v 12.881454 0.453975 -4.492008
v 12.881454 1.541975 -4.492008
v 12.875294 0.453975 -4.480482
v 12.875294 1.541975 -4.480482
v 12.867002 0.453975 -4.470379
v 12.867002 1.541975 -4.470379
v 12.856900 0.453975 -4.462089
v 12.856900 1.541975 -4.462089
v 12.845375 0.453975 -4.455928
v 12.845375 1.541975 -4.455928
v 12.832869 0.453975 -4.452134
v 12.832869 1.541975 -4.452134
v 12.819862 0.453975 -4.450853
v 12.819862 1.541975 -4.450853
v 12.806856 0.453975 -4.452134
v 12.806856 1.541975 -4.452134
v 12.794350 0.453975 -4.455928
v 12.794350 1.541975 -4.455928
v 12.782825 0.453975 -4.462089
v 12.782825 1.541975 -4.462089
v 12.772722 0.453975 -4.470379
v 12.772722 1.541975 -4.470379
v 12.764431 0.453975 -4.480482
v 12.764431 1.541975 -4.480482
v 12.758270 0.453975 -4.492008
v 12.758270 1.541975 -4.492008
v 12.754477 0.453975 -4.504514
v 12.754477 1.541975 -4.504514
v 12.753196 0.453975 -4.517520
v 12.753196 1.541975 -4.517520
v 12.754477 0.453975 -4.530526
v 12.754477 1.541975 -4.530526
v 12.758270 0.453975 -4.543032
v 12.758270 1.541975 -4.543032
v 12.764431 0.453975 -4.554558
v 12.764431 1.541975 -4.554558
v 12.772722 0.453975 -4.564660
v 12.772722 1.541975 -4.564661
v 12.782825 0.453975 -4.572951
v 12.782825 1.541975 -4.572951
v 12.794350 0.453975 -4.579112
v 12.794350 1.541975 -4.579112
v 12.806856 0.453975 -4.582905
v 12.806856 1.541975 -4.582906
v 12.746529 1.614190 -4.064187
v 12.746529 2.254190 -4.064187
v 12.746529 1.614190 -4.130853
v 12.746529 2.254190 -4.130854
v 12.893196 1.614190 -4.064187
v 12.893196 2.254190 -4.064187
v 12.893196 1.614190 -4.130853
v 12.893196 2.254190 -4.130854
v 12.485676 2.269675 -3.937463
v 12.819862 2.034614 -3.937463
v 13.154049 2.269675 -3.937463
v 12.173217 3.356750 -3.937464
v 12.174728 3.401785 -3.937464
v 12.174728 3.401785 -4.229771
v 13.466508 3.356750 -3.937464
v 13.464996 3.401785 -3.937464
v 13.464996 3.401785 -4.229771
v 12.819862 2.958344 -4.218696
v 12.819862 2.906741 -4.229770
v 12.819862 2.943230 -4.226527
v 12.819862 2.906741 -3.937464
v 12.819862 2.958345 -3.948538
v 12.819862 2.943231 -3.940707
v 12.174728 3.401785 -3.937464
v 12.211771 3.394330 -3.948538
v 12.200922 3.396513 -3.940707
v 12.211771 3.394330 -4.218696
v 12.174728 3.401785 -4.229771
v 12.200922 3.396513 -4.226527
v 13.427954 3.394330 -3.948538
v 13.464996 3.401785 -3.937464
v 13.438803 3.396513 -3.940707
v 13.464996 3.401785 -4.229771
v 13.427954 3.394330 -4.218696
v 13.438803 3.396513 -4.226527
v 12.546091 2.329070 -4.229770
v 12.485676 2.269675 -4.207795
v 12.503370 2.287071 -4.223334
v 12.819862 2.136505 -4.229770
v 12.819862 2.034614 -4.207795
v 12.819862 2.064457 -4.223334
v 13.093634 2.329070 -4.229770
v 13.154049 2.269675 -4.207795
v 13.136354 2.287071 -4.223334
v 12.174728 3.401785 -4.229771
v 12.173217 3.356750 -4.207795
v 12.173659 3.369940 -4.223334
v 13.466508 3.356750 -4.207795
v 13.464996 3.401785 -4.229771
v 13.466065 3.369940 -4.223334
vn -0.0000 -1.0000 -0.0000
vn 0.0426 0.9005 -0.4327
vn 0.0081 0.9966 -0.0822
vn 0.1262 0.9005 -0.4161
vn 0.0240 0.9966 -0.0790
vn 0.2050 0.9005 -0.3835
vn 0.0389 0.9966 -0.0728
vn 0.2758 0.9005 -0.3361
vn 0.0524 0.9966 -0.0638
vn 0.3361 0.9005 -0.2758
vn 0.0638 0.9966 -0.0524
vn 0.3835 0.9005 -0.2050
vn 0.0728 0.9966 -0.0389
vn 0.4161 0.9005 -0.1262
vn 0.0790 0.9966 -0.0240
vn 0.4327 0.9005 -0.0426
vn 0.0822 0.9966 -0.0081
vn 0.4327 0.9005 0.0426
vn 0.0822 0.9966 0.0081
vn 0.4161 0.9005 0.1262
vn 0.0790 0.9966 0.0240
vn 0.3835 0.9005 0.2050
vn 0.0728 0.9966 0.0389
vn 0.3361 0.9005 0.2758
vn 0.0638 0.9966 0.0524
vn 0.2758 0.9005 0.3361
vn 0.0524 0.9966 0.0638
vn 0.2050 0.9005 0.3835
vn 0.0389 0.9966 0.0728
vn 0.1262 0.9005 0.4161
vn 0.0240 0.9966 0.0790
vn 0.0426 0.9005 0.4327
vn 0.0081 0.9966 0.0822
vn -0.0426 0.9005 0.4327
vn -0.0081 0.9966 0.0822
vn -0.1262 0.9005 0.4161
vn -0.0240 0.9966 0.0790
vn -0.2050 0.9005 0.3835
vn -0.0389 0.9966 0.0728
vn -0.2758 0.9005 0.3361
vn -0.0524 0.9966 0.0638
vn -0.3361 0.9005 0.2758
vn -0.0638 0.9966 0.0524
vn -0.3835 0.9005 0.2050
vn -0.0728 0.9966 0.0389
vn -0.4161 0.9005 0.1262
vn -0.0790 0.9966 0.0240
vn -0.4327 0.9005 0.0426
vn -0.0822 0.9966 0.0081
vn -0.4327 0.9005 -0.0426
vn -0.0822 0.9966 -0.0081
vn -0.4161 0.9005 -0.1262
vn -0.0790 0.9966 -0.0240
vn -0.3835 0.9005 -0.2050
vn -0.0728 0.9966 -0.0389
vn -0.3361 0.9005 -0.2758
vn -0.0638 0.9966 -0.0524
vn -0.2758 0.9005 -0.3361
vn -0.0524 0.9966 -0.0638
vn -0.2050 0.9005 -0.3835
vn -0.0389 0.9966 -0.0728
vn -0.1262 0.9005 -0.4161
vn -0.0240 0.9966 -0.0790
vn -0.0426 0.9005 -0.4327
vn -0.0081 0.9966 -0.0822
vn -0.0000 1.0000 -0.0000
vn 0.0980 -0.0000 -0.9952
vn -0.0980 -0.0000 -0.9952
vn 0.2903 -0.0000 -0.9569
vn 0.4714 -0.0000 -0.8819
vn 0.6344 -0.0000 -0.7730
vn 0.7730 -0.0000 -0.6344
vn 0.8819 -0.0000 -0.4714
vn 0.9569 -0.0000 -0.2903
vn 0.9952 -0.0000 -0.0980
vn 0.9952 -0.0000 0.0980
vn 0.9569 -0.0000 0.2903
vn 0.8819 -0.0000 0.4714
vn 0.7730 -0.0000 0.6344
vn 0.6344 -0.0000 0.7730
vn 0.4714 -0.0000 0.8819
vn 0.2903 -0.0000 0.9569
vn 0.0980 -0.0000 0.9952
vn -0.0980 -0.0000 0.9952
vn -0.2903 -0.0000 0.9569
vn -0.4714 -0.0000 0.8819
vn -0.6344 -0.0000 0.7730
vn -0.7730 -0.0000 0.6344
vn -0.8819 -0.0000 0.4714
vn -0.9569 -0.0000 0.2903
vn -0.9952 -0.0000 0.0980
vn -0.9952 -0.0000 -0.0980
vn -0.9569 -0.0000 -0.2903
vn -0.8819 -0.0000 -0.4714
vn -0.7730 -0.0000 -0.6344
vn -0.6344 -0.0000 -0.7730
vn -0.4714 -0.0000 -0.8819
vn -0.2903 -0.0000 -0.9569
vn -1.0000 -0.0000 -0.0000
vn -0.0000 -0.0000 -1.0000
vn 1.0000 -0.0000 -0.0000
vn -0.0000 -0.0000 1.0000
vn 0.3997 0.5515 0.7322
vn 0.0945 0.1259 0.9875
vn 0.0945 0.1259 -0.9875
vn 0.3997 0.5515 -0.7322
vn -0.3997 0.5515 0.7322
vn -0.0945 0.1259 0.9875
vn -0.0945 0.1259 -0.9875
vn -0.3997 0.5515 -0.7322
vn -0.5827 0.8127 -0.0000
vn 0.5827 0.8127 -0.0000
vn 0.1973 0.9803 -0.0000
vn -0.1973 0.9803 -0.0000
vn -0.3090 -0.4392 -0.8436
vn -0.0625 -0.0888 -0.9941
vn 0.0625 -0.0888 -0.9941
vn 0.3090 -0.4392 -0.8436
vn -0.1862 -0.0606 -0.9806
vn -0.7346 -0.2174 -0.6427
vn 0.1862 -0.0606 -0.9806
vn 0.7346 -0.2174 -0.6427
vn -0.9611 -0.2762 -0.0000
vn -0.5753 -0.8179 -0.0000
vn 0.5753 -0.8179 -0.0000
vn 0.9611 -0.2762 -0.0000
vn -0.9994 0.0335 -0.0000
vn 0.9994 0.0335 -0.0000
vt 0.483906 0.143218
vt 0.474334 0.128893
vt 0.467741 0.112976
vt 0.464380 0.096078
vt 0.464380 0.078849
vt 0.467741 0.061951
vt 0.474334 0.046034
vt 0.483906 0.031709
vt 0.496089 0.019526
vt 0.510414 0.009954
vt 0.526331 0.003361
vt 0.543229 -0.000000
vt 0.560458 -0.000000
vt 0.577356 0.003361
vt 0.593273 0.009954
vt 0.607598 0.019526
vt 0.619781 0.031709
vt 0.629353 0.046034
vt 0.635946 0.061951
vt 0.639307 0.078849
vt 0.639307 0.096078
vt 0.635946 0.112976
vt 0.629353 0.128893
vt 0.619781 0.143218
vt 0.607598 0.155401
vt 0.593273 0.164973
vt 0.577356 0.171566
vt 0.560458 0.174927
vt 0.543229 0.174927
vt 0.526331 0.171566
vt 0.510414 0.164973
vt 0.496089 0.155401
vt 0.667962 0.525164
vt 0.650816 0.525244
vt 0.650816 0.510871
vt 0.666816 0.510796
vt 0.473669 0.295208
vt 0.467517 0.280354
vt 0.481083 0.276239
vt 0.486172 0.288525
vt 0.684448 0.524924
vt 0.682201 0.510572
vt 0.482601 0.308576
vt 0.493560 0.299582
vt 0.699643 0.524536
vt 0.696381 0.510210
vt 0.493970 0.319945
vt 0.502964 0.308986
vt 0.712961 0.524013
vt 0.708809 0.509722
vt 0.507338 0.328877
vt 0.514021 0.316374
vt 0.477698 0.524677
vt 0.464380 0.524046
vt 0.468532 0.509722
vt 0.480960 0.510310
vt 0.522192 0.335029
vt 0.526307 0.321463
vt 0.492892 0.525145
vt 0.495140 0.510747
vt 0.537961 0.338166
vt 0.539350 0.324058
vt 0.509379 0.525433
vt 0.510525 0.511016
vt 0.554038 0.338166
vt 0.552649 0.324058
vt 0.526525 0.525531
vt 0.526525 0.511107
vt 0.569807 0.335029
vt 0.565692 0.321463
vt 0.543671 0.525433
vt 0.542525 0.511016
vt 0.584661 0.328877
vt 0.577978 0.316374
vt 0.560158 0.525145
vt 0.557911 0.510747
vt 0.598029 0.319945
vt 0.589035 0.308986
vt 0.575352 0.524677
vt 0.572090 0.510310
vt 0.609398 0.308576
vt 0.598439 0.299582
vt 0.588670 0.524046
vt 0.584518 0.509722
vt 0.618330 0.295208
vt 0.605827 0.288525
vt 0.477698 0.353257
vt 0.464380 0.352522
vt 0.468532 0.338166
vt 0.480960 0.338852
vt 0.624482 0.280354
vt 0.610916 0.276239
vt 0.492892 0.353804
vt 0.495140 0.339362
vt 0.627619 0.264585
vt 0.613511 0.263196
vt 0.509379 0.354140
vt 0.510525 0.339676
vt 0.627619 0.248508
vt 0.613511 0.249897
vt 0.526525 0.354254
vt 0.526525 0.339782
vt 0.624482 0.232739
vt 0.610916 0.236854
vt 0.543671 0.354140
vt 0.542525 0.339676
vt 0.618330 0.217885
vt 0.605827 0.224568
vt 0.560158 0.353804
vt 0.557911 0.339362
vt 0.609397 0.204517
vt 0.598439 0.213511
vt 0.575352 0.353257
vt 0.572090 0.338852
vt 0.598029 0.193148
vt 0.589035 0.204107
vt 0.588670 0.352522
vt 0.584518 0.338166
vt 0.584661 0.184216
vt 0.577978 0.196719
vt 0.601988 0.353121
vt 0.588670 0.352491
vt 0.592823 0.338166
vt 0.605251 0.338754
vt 0.569807 0.178064
vt 0.565692 0.191630
vt 0.617183 0.353589
vt 0.619430 0.339191
vt 0.554038 0.174927
vt 0.552649 0.189035
vt 0.633670 0.353878
vt 0.634816 0.339461
vt 0.537961 0.174927
vt 0.539350 0.189035
vt 0.650816 0.353975
vt 0.650816 0.339552
vt 0.522192 0.178064
vt 0.526307 0.191630
vt 0.667962 0.353878
vt 0.666816 0.339461
vt 0.507338 0.184216
vt 0.514021 0.196719
vt 0.684448 0.353589
vt 0.682201 0.339191
vt 0.493970 0.193148
vt 0.502964 0.204107
vt 0.699643 0.353121
vt 0.696381 0.338754
vt 0.482601 0.204517
vt 0.493560 0.213511
vt 0.712961 0.352491
vt 0.708809 0.338166
vt 0.473669 0.217885
vt 0.486172 0.224568
vt 0.601988 0.524536
vt 0.588670 0.524013
vt 0.592823 0.509722
vt 0.605251 0.510210
vt 0.467516 0.232739
vt 0.481083 0.236854
vt 0.617183 0.524924
vt 0.619430 0.510572
vt 0.464380 0.248508
vt 0.478488 0.249897
vt 0.633670 0.525164
vt 0.634816 0.510796
vt 0.464380 0.264585
vt 0.478488 0.263196
vt 0.650816 0.680887
vt 0.667962 0.680806
vt 0.633670 0.680806
vt 0.684448 0.680567
vt 0.699643 0.680178
vt 0.712961 0.679655
vt 0.464380 0.679608
vt 0.477698 0.680238
vt 0.492892 0.680707
vt 0.509379 0.680995
vt 0.526525 0.681092
vt 0.543671 0.680995
vt 0.560158 0.680707
vt 0.575352 0.680238
vt 0.588670 0.679608
vt 0.464380 0.507990
vt 0.477698 0.508725
vt 0.492892 0.509272
vt 0.509379 0.509608
vt 0.526525 0.509722
vt 0.543671 0.509608
vt 0.560158 0.509272
vt 0.575352 0.508725
vt 0.588670 0.507990
vt 0.588670 0.508052
vt 0.601988 0.508682
vt 0.617183 0.509151
vt 0.633670 0.509439
vt 0.650816 0.509537
vt 0.667962 0.509439
vt 0.684448 0.509151
vt 0.699643 0.508682
vt 0.712961 0.508052
vt 0.588670 0.679655
vt 0.601988 0.680178
vt 0.617183 0.680567
vt 0.812009 0.292933
vt 0.812009 0.175885
vt 0.825344 0.175822
vt 0.825344 0.292870
vt 0.838167 0.175636
vt 0.838167 0.292684
vt 0.849985 0.175334
vt 0.849985 0.292382
vt 0.860344 0.174927
vt 0.860344 0.291975
vt 0.685341 0.797874
vt 0.685341 0.680887
vt 0.695699 0.681377
vt 0.695699 0.798364
vt 0.707517 0.681742
vt 0.707517 0.798729
vt 0.720340 0.681966
vt 0.720340 0.798953
vt 0.733676 0.682042
vt 0.733676 0.799029
vt 0.747012 0.681966
vt 0.747012 0.798953
vt 0.759835 0.681742
vt 0.759835 0.798729
vt 0.771653 0.681377
vt 0.771653 0.798364
vt 0.782011 0.680887
vt 0.782011 0.797874
vt 0.588670 0.797804
vt 0.588670 0.680887
vt 0.599029 0.681459
vt 0.599029 0.798376
vt 0.610847 0.681884
vt 0.610847 0.798800
vt 0.623670 0.682145
vt 0.623670 0.799062
vt 0.637006 0.682234
vt 0.637006 0.799151
vt 0.650341 0.682145
vt 0.650341 0.799062
vt 0.663164 0.681884
vt 0.663164 0.798800
vt 0.674982 0.681459
vt 0.674982 0.798376
vt 0.685341 0.680887
vt 0.685341 0.797804
vt 0.464380 0.798080
vt 0.464380 0.681092
vt 0.474738 0.681583
vt 0.474738 0.798570
vt 0.486556 0.681947
vt 0.486556 0.798934
vt 0.499379 0.682171
vt 0.499379 0.799159
vt 0.512715 0.682247
vt 0.512715 0.799235
vt 0.526051 0.682171
vt 0.526051 0.799159
vt 0.538874 0.681947
vt 0.538874 0.798934
vt 0.550692 0.681583
vt 0.550692 0.798570
vt 0.561050 0.681092
vt 0.561050 0.798080
vt 0.763673 0.291975
vt 0.763673 0.174927
vt 0.774032 0.175334
vt 0.774032 0.292382
vt 0.785850 0.175636
vt 0.785850 0.292684
vt 0.652281 0.295794
vt 0.642806 0.286319
vt 0.635361 0.275177
vt 0.630233 0.262797
vt 0.627619 0.249654
vt 0.627619 0.236254
vt 0.630233 0.223111
vt 0.635361 0.210731
vt 0.642806 0.199589
vt 0.652281 0.190114
vt 0.663423 0.182669
vt 0.675803 0.177541
vt 0.688946 0.174927
vt 0.702346 0.174927
vt 0.715489 0.177541
vt 0.727869 0.182669
vt 0.739011 0.190114
vt 0.748486 0.199589
vt 0.755931 0.210731
vt 0.761059 0.223111
vt 0.763673 0.236254
vt 0.763673 0.249654
vt 0.761059 0.262797
vt 0.755931 0.275177
vt 0.748486 0.286319
vt 0.739011 0.295794
vt 0.727869 0.303239
vt 0.715489 0.308367
vt 0.702346 0.310981
vt 0.688946 0.310981
vt 0.675803 0.308367
vt 0.663423 0.303239
vt 0.798673 0.175822
vt 0.798673 0.292870
vt 0.654494 0.111392
vt 0.647049 0.100250
vt 0.641921 0.087870
vt 0.639307 0.074727
vt 0.639307 0.061327
vt 0.641921 0.048184
vt 0.647049 0.035804
vt 0.654494 0.024662
vt 0.663969 0.015187
vt 0.675111 0.007742
vt 0.687491 0.002614
vt 0.700634 0.000000
vt 0.714034 0.000000
vt 0.727177 0.002614
vt 0.739557 0.007742
vt 0.750699 0.015187
vt 0.760174 0.024662
vt 0.767619 0.035804
vt 0.772747 0.048184
vt 0.775361 0.061327
vt 0.775361 0.074727
vt 0.772747 0.087870
vt 0.767619 0.100250
vt 0.760174 0.111392
vt 0.750699 0.120867
vt 0.739557 0.128312
vt 0.727177 0.133440
vt 0.714034 0.136054
vt 0.700634 0.136054
vt 0.687491 0.133440
vt 0.675111 0.128312
vt 0.663969 0.120867
vt 0.867249 0.970990
vt 0.867249 0.175064
vt 0.869154 0.175055
vt 0.869154 0.970981
vt 0.870986 0.175028
vt 0.870986 0.970955
vt 0.872674 0.174985
vt 0.872674 0.970911
vt 0.874154 0.174927
vt 0.874154 0.970853
vt 0.874154 0.970439
vt 0.874154 0.174927
vt 0.875634 0.174997
vt 0.875634 0.970509
vt 0.877322 0.175049
vt 0.877322 0.970561
vt 0.879154 0.175081
vt 0.879154 0.970594
vt 0.881059 0.175092
vt 0.881059 0.970604
vt 0.882964 0.175081
vt 0.882964 0.970594
vt 0.884796 0.175049
vt 0.884796 0.970561
vt 0.886484 0.174997
vt 0.886484 0.970509
vt 0.887964 0.174927
vt 0.887964 0.970439
vt 0.901774 0.969961
vt 0.901774 0.174927
vt 0.903254 0.175009
vt 0.903254 0.970042
vt 0.904942 0.175069
vt 0.904942 0.970103
vt 0.906774 0.175107
vt 0.906774 0.970141
vt 0.908679 0.175119
vt 0.908679 0.970153
vt 0.910584 0.175107
vt 0.910584 0.970141
vt 0.912416 0.175069
vt 0.912416 0.970103
vt 0.914104 0.175009
vt 0.914104 0.970042
vt 0.915584 0.174927
vt 0.915584 0.969961
vt 0.889444 0.174997
vt 0.889444 0.970509
vt 0.891132 0.175049
vt 0.891132 0.970561
vt 0.892964 0.175081
vt 0.892964 0.970594
vt 0.894869 0.175092
vt 0.894869 0.970604
vt 0.896774 0.175081
vt 0.896774 0.970594
vt 0.898606 0.175049
vt 0.898606 0.970561
vt 0.900294 0.174997
vt 0.900294 0.970509
vt 0.901774 0.174927
vt 0.901774 0.970439
vt 0.860344 0.970853
vt 0.860344 0.174927
vt 0.861824 0.174985
vt 0.861824 0.970911
vt 0.863512 0.175028
vt 0.863512 0.970955
vt 0.643532 0.328248
vt 0.641940 0.329312
vt 0.640172 0.330044
vt 0.638294 0.330418
vt 0.636380 0.330418
vt 0.634503 0.330044
vt 0.632734 0.329312
vt 0.631142 0.328248
vt 0.629789 0.326894
vt 0.628725 0.325303
vt 0.627993 0.323534
vt 0.627619 0.321657
vt 0.627619 0.319742
vt 0.627993 0.317865
vt 0.628725 0.316096
vt 0.629789 0.314504
vt 0.631142 0.313151
vt 0.632734 0.312087
vt 0.634503 0.311355
vt 0.636380 0.310981
vt 0.638294 0.310981
vt 0.640172 0.311355
vt 0.641940 0.312087
vt 0.643532 0.313151
vt 0.644886 0.314504
vt 0.645949 0.316096
vt 0.646682 0.317865
vt 0.647055 0.319742
vt 0.647055 0.321657
vt 0.646682 0.323534
vt 0.645949 0.325303
vt 0.644886 0.326894
vt 0.865344 0.175055
vt 0.865344 0.970981
vt 0.653628 0.154385
vt 0.651860 0.155117
vt 0.649982 0.155491
vt 0.648068 0.155491
vt 0.646190 0.155117
vt 0.644422 0.154385
vt 0.642830 0.153321
vt 0.641477 0.151967
vt 0.640413 0.150376
vt 0.639680 0.148607
vt 0.639307 0.146730
vt 0.639307 0.144815
vt 0.639680 0.142938
vt 0.640413 0.141169
vt 0.641477 0.139577
vt 0.642830 0.138224
vt 0.644422 0.137160
vt 0.646190 0.136428
vt 0.648068 0.136054
vt 0.649982 0.136054
vt 0.651860 0.136428
vt 0.653628 0.137160
vt 0.655220 0.138224
vt 0.656574 0.139577
vt 0.657637 0.141169
vt 0.658370 0.142938
vt 0.658743 0.144815
vt 0.658743 0.146730
vt 0.658370 0.148607
vt 0.657637 0.150376
vt 0.656574 0.151967
vt 0.655220 0.153321
vt 0.841561 0.806115
vt 0.841561 0.338166
vt 0.851326 0.338166
vt 0.851326 0.806115
vt 0.798594 0.806358
vt 0.798594 0.338166
vt 0.820077 0.338166
vt 0.820077 0.806358
vt 0.915584 0.642875
vt 0.915584 0.174927
vt 0.925349 0.174927
vt 0.925349 0.642875
vt 0.820077 0.805833
vt 0.820077 0.338166
vt 0.841561 0.338166
vt 0.841561 0.805833
vt 0.656821 0.310981
vt 0.656821 0.332465
vt 0.647055 0.332465
vt 0.647055 0.310981
vt 0.666586 0.310981
vt 0.666586 0.332465
vt 0.656821 0.310981
vt 0.284028 0.323926
vt 0.373100 0.005339
vt 0.374689 0.003820
vt 0.284028 0.335048
vt 0.378526 0.000000
vt 0.284028 0.361743
vt 0.094654 0.362149
vt 0.000157 0.000000
vt 0.003993 0.003834
vt 0.094654 0.335433
vt 0.005582 0.005376
vt 0.094654 0.324321
vt 0.194956 0.005339
vt 0.193367 0.003820
vt 0.189530 0.000000
vt 0.189152 0.000000
vt 0.185315 0.003834
vt 0.183726 0.005376
vt 0.754155 0.667847
vt 0.714583 0.667847
vt 0.714583 0.343930
vt 0.754155 0.343930
vt 0.757400 0.667847
vt 0.757400 0.343930
vt 0.796972 0.343930
vt 0.796972 0.667847
vt 0.284028 0.999032
vt 0.235077 0.827267
vt 0.189309 0.032909
vt 0.378747 0.032909
vt 0.332979 0.827267
vt 0.798594 0.338166
vt 0.798119 0.342242
vt 0.756253 0.342242
vt 0.755777 0.338166
vt 0.712961 0.338166
vt 0.755778 0.338166
vt 0.755302 0.342242
vt 0.713436 0.342242
vt 0.094654 1.000000
vt 0.045703 0.828041
vt 0.048295 0.815424
vt 0.094654 0.978277
vt 0.054553 0.784745
vt 0.094654 0.925616
vt 0.134756 0.784745
vt 0.141013 0.815424
vt 0.143605 0.828041
vt 0.000000 0.023251
vt 0.420621 0.023293
vt 0.420621 0.812269
vt 0.418344 0.825138
vt 0.418344 0.032941
vt 0.189309 0.023251
vt 0.422506 0.812269
vt 0.422506 0.023293
vt 0.424782 0.032941
vt 0.424782 0.825138
vt 0.378747 0.825138
vt 0.378747 0.032941
vt 0.418344 0.994184
vt 0.378747 0.994184
vt 0.464380 0.825138
vt 0.464380 0.994184
vt 0.424782 0.994184
vt 0.464380 0.032941
vt 0.378747 0.000000
vt 0.421563 0.000000
vt 0.421563 0.000000
vt 0.464380 0.000000
s 1
usemtl Material.021
f 2755/5104/1153 2756/5105/1153 2757/5106/1153 2758/5107/1153 2759/5108/1153 2760/5109/1153 2761/5110/1153 2762/5111/1153 2763/5112/1153 2764/5113/1153 2765/5114/1153 2766/5115/1153 2767/5116/1153 2768/5117/1153 2769/5118/1153 2770/5119/1153 2771/5120/1153 2772/5121/1153 2773/5122/1153 2774/5123/1153 2775/5124/1153 2776/5125/1153 2777/5126/1153 2778/5127/1153 2779/5128/1153 2780/5129/1153 2781/5130/1153 2782/5131/1153 2783/5132/1153 2784/5133/1153 2785/5134/1153 2786/5135/1153
f 2791/5136/1154 2788/5137/1154 2789/5138/1154 2792/5139/1154
f 2792/5140/1155 2789/5141/1155 2787/5142/1155 2790/5143/1155
f 2794/5144/1156 2791/5136/1156 2792/5139/1156 2795/5145/1156
f 2795/5146/1157 2792/5140/1157 2790/5143/1157 2793/5147/1157
f 2797/5148/1158 2794/5144/1158 2795/5145/1158 2798/5149/1158
f 2798/5150/1159 2795/5146/1159 2793/5147/1159 2796/5151/1159
f 2800/5152/1160 2797/5148/1160 2798/5149/1160 2801/5153/1160
f 2801/5154/1161 2798/5150/1161 2796/5151/1161 2799/5155/1161
f 2803/5156/1162 2800/5157/1162 2801/5158/1162 2804/5159/1162
f 2804/5160/1163 2801/5154/1163 2799/5155/1163 2802/5161/1163
f 2806/5162/1164 2803/5156/1164 2804/5159/1164 2807/5163/1164
f 2807/5164/1165 2804/5160/1165 2802/5161/1165 2805/5165/1165
f 2809/5166/1166 2806/5162/1166 2807/5163/1166 2810/5167/1166
f 2810/5168/1167 2807/5164/1167 2805/5165/1167 2808/5169/1167
f 2812/5170/1168 2809/5166/1168 2810/5167/1168 2813/5171/1168
f 2813/5172/1169 2810/5168/1169 2808/5169/1169 2811/5173/1169
f 2815/5174/1170 2812/5170/1170 2813/5171/1170 2816/5175/1170
f 2816/5176/1171 2813/5172/1171 2811/5173/1171 2814/5177/1171
f 2818/5178/1172 2815/5174/1172 2816/5175/1172 2819/5179/1172
f 2819/5180/1173 2816/5176/1173 2814/5177/1173 2817/5181/1173
f 2821/5182/1174 2818/5178/1174 2819/5179/1174 2822/5183/1174
f 2822/5184/1175 2819/5180/1175 2817/5181/1175 2820/5185/1175
f 2824/5186/1176 2821/5182/1176 2822/5183/1176 2825/5187/1176
f 2825/5188/1177 2822/5184/1177 2820/5185/1177 2823/5189/1177
f 2827/5190/1178 2824/5191/1178 2825/5192/1178 2828/5193/1178
f 2828/5194/1179 2825/5188/1179 2823/5189/1179 2826/5195/1179
f 2830/5196/1180 2827/5190/1180 2828/5193/1180 2831/5197/1180
f 2831/5198/1181 2828/5194/1181 2826/5195/1181 2829/5199/1181
f 2833/5200/1182 2830/5196/1182 2831/5197/1182 2834/5201/1182
f 2834/5202/1183 2831/5198/1183 2829/5199/1183 2832/5203/1183
f 2836/5204/1184 2833/5200/1184 2834/5201/1184 2837/5205/1184
f 2837/5206/1185 2834/5202/1185 2832/5203/1185 2835/5207/1185
f 2839/5208/1186 2836/5204/1186 2837/5205/1186 2840/5209/1186
f 2840/5210/1187 2837/5206/1187 2835/5207/1187 2838/5211/1187
f 2842/5212/1188 2839/5208/1188 2840/5209/1188 2843/5213/1188
f 2843/5214/1189 2840/5210/1189 2838/5211/1189 2841/5215/1189
f 2845/5216/1190 2842/5212/1190 2843/5213/1190 2846/5217/1190
f 2846/5218/1191 2843/5214/1191 2841/5215/1191 2844/5219/1191
f 2848/5220/1192 2845/5216/1192 2846/5217/1192 2849/5221/1192
f 2849/5222/1193 2846/5218/1193 2844/5219/1193 2847/5223/1193
f 2851/5224/1194 2848/5225/1194 2849/5226/1194 2852/5227/1194
f 2852/5228/1195 2849/5222/1195 2847/5223/1195 2850/5229/1195
f 2854/5230/1196 2851/5224/1196 2852/5227/1196 2855/5231/1196
f 2855/5232/1197 2852/5228/1197 2850/5229/1197 2853/5233/1197
f 2857/5234/1198 2854/5230/1198 2855/5231/1198 2858/5235/1198
f 2858/5236/1199 2855/5232/1199 2853/5233/1199 2856/5237/1199
f 2860/5238/1200 2857/5234/1200 2858/5235/1200 2861/5239/1200
f 2861/5240/1201 2858/5236/1201 2856/5237/1201 2859/5241/1201
f 2863/5242/1202 2860/5238/1202 2861/5239/1202 2864/5243/1202
f 2864/5244/1203 2861/5240/1203 2859/5241/1203 2862/5245/1203
f 2866/5246/1204 2863/5242/1204 2864/5243/1204 2867/5247/1204
f 2867/5248/1205 2864/5244/1205 2862/5245/1205 2865/5249/1205
f 2869/5250/1206 2866/5246/1206 2867/5247/1206 2870/5251/1206
f 2870/5252/1207 2867/5248/1207 2865/5249/1207 2868/5253/1207
f 2872/5254/1208 2869/5250/1208 2870/5251/1208 2873/5255/1208
f 2873/5256/1209 2870/5252/1209 2868/5253/1209 2871/5257/1209
f 2875/5258/1210 2872/5259/1210 2873/5260/1210 2876/5261/1210
f 2876/5262/1211 2873/5256/1211 2871/5257/1211 2874/5263/1211
f 2878/5264/1212 2875/5258/1212 2876/5261/1212 2879/5265/1212
f 2879/5266/1213 2876/5262/1213 2874/5263/1213 2877/5267/1213
f 2881/5268/1214 2878/5264/1214 2879/5265/1214 2882/5269/1214
f 2882/5270/1215 2879/5266/1215 2877/5267/1215 2880/5271/1215
f 2788/5137/1216 2881/5268/1216 2882/5269/1216 2789/5138/1216
f 2789/5141/1217 2882/5270/1217 2880/5271/1217 2787/5142/1217
f 2790/5143/1218 2787/5142/1218 2880/5271/1218 2877/5267/1218 2874/5263/1218 2871/5257/1218 2868/5253/1218 2865/5249/1218 2862/5245/1218 2859/5241/1218 2856/5237/1218 2853/5233/1218 2850/5229/1218 2847/5223/1218 2844/5219/1218 2841/5215/1218 2838/5211/1218 2835/5207/1218 2832/5203/1218 2829/5199/1218 2826/5195/1218 2823/5189/1218 2820/5185/1218 2817/5181/1218 2814/5177/1218 2811/5173/1218 2808/5169/1218 2805/5165/1218 2802/5161/1218 2799/5155/1218 2796/5151/1218 2793/5147/1218
f 2755/5272/1219 2788/5137/1219 2791/5136/1219 2756/5273/1219
f 2786/5274/1220 2881/5268/1220 2788/5137/1220 2755/5272/1220
f 2756/5273/1221 2791/5136/1221 2794/5144/1221 2757/5275/1221
f 2757/5275/1222 2794/5144/1222 2797/5148/1222 2758/5276/1222
f 2758/5276/1223 2797/5148/1223 2800/5152/1223 2759/5277/1223
f 2759/5278/1224 2800/5157/1224 2803/5156/1224 2760/5279/1224
f 2760/5279/1225 2803/5156/1225 2806/5162/1225 2761/5280/1225
f 2761/5280/1226 2806/5162/1226 2809/5166/1226 2762/5281/1226
f 2762/5281/1227 2809/5166/1227 2812/5170/1227 2763/5282/1227
f 2763/5282/1228 2812/5170/1228 2815/5174/1228 2764/5283/1228
f 2764/5283/1229 2815/5174/1229 2818/5178/1229 2765/5284/1229
f 2765/5284/1230 2818/5178/1230 2821/5182/1230 2766/5285/1230
f 2766/5285/1231 2821/5182/1231 2824/5186/1231 2767/5286/1231
f 2767/5287/1232 2824/5191/1232 2827/5190/1232 2768/5288/1232
f 2768/5288/1233 2827/5190/1233 2830/5196/1233 2769/5289/1233
f 2769/5289/1234 2830/5196/1234 2833/5200/1234 2770/5290/1234
f 2770/5290/1235 2833/5200/1235 2836/5204/1235 2771/5291/1235
f 2771/5291/1236 2836/5204/1236 2839/5208/1236 2772/5292/1236
f 2772/5292/1237 2839/5208/1237 2842/5212/1237 2773/5293/1237
f 2773/5293/1238 2842/5212/1238 2845/5216/1238 2774/5294/1238
f 2774/5294/1239 2845/5216/1239 2848/5220/1239 2775/5295/1239
f 2775/5296/1240 2848/5225/1240 2851/5224/1240 2776/5297/1240
f 2776/5297/1241 2851/5224/1241 2854/5230/1241 2777/5298/1241
f 2777/5298/1242 2854/5230/1242 2857/5234/1242 2778/5299/1242
f 2778/5299/1243 2857/5234/1243 2860/5238/1243 2779/5300/1243
f 2779/5300/1244 2860/5238/1244 2863/5242/1244 2780/5301/1244
f 2780/5301/1245 2863/5242/1245 2866/5246/1245 2781/5302/1245
f 2781/5302/1246 2866/5246/1246 2869/5250/1246 2782/5303/1246
f 2782/5303/1247 2869/5250/1247 2872/5254/1247 2783/5304/1247
f 2783/5305/1248 2872/5259/1248 2875/5258/1248 2784/5306/1248
f 2784/5306/1249 2875/5258/1249 2878/5264/1249 2785/5307/1249
f 2785/5307/1250 2878/5264/1250 2881/5268/1250 2786/5274/1250
f 2883/5308/1219 2884/5309/1219 2886/5310/1219 2885/5311/1219
f 2885/5311/1221 2886/5310/1221 2888/5312/1221 2887/5313/1221
f 2887/5313/1222 2888/5312/1222 2890/5314/1222 2889/5315/1222
f 2889/5315/1223 2890/5314/1223 2892/5316/1223 2891/5317/1223
f 2891/5318/1224 2892/5319/1224 2894/5320/1224 2893/5321/1224
f 2893/5321/1225 2894/5320/1225 2896/5322/1225 2895/5323/1225
f 2895/5323/1226 2896/5322/1226 2898/5324/1226 2897/5325/1226
f 2897/5325/1227 2898/5324/1227 2900/5326/1227 2899/5327/1227
f 2899/5327/1228 2900/5326/1228 2902/5328/1228 2901/5329/1228
f 2901/5329/1229 2902/5328/1229 2904/5330/1229 2903/5331/1229
f 2903/5331/1230 2904/5330/1230 2906/5332/1230 2905/5333/1230
f 2905/5333/1231 2906/5332/1231 2908/5334/1231 2907/5335/1231
f 2907/5336/1232 2908/5337/1232 2910/5338/1232 2909/5339/1232
f 2909/5339/1233 2910/5338/1233 2912/5340/1233 2911/5341/1233
f 2911/5341/1234 2912/5340/1234 2914/5342/1234 2913/5343/1234
f 2913/5343/1235 2914/5342/1235 2916/5344/1235 2915/5345/1235
f 2915/5345/1236 2916/5344/1236 2918/5346/1236 2917/5347/1236
f 2917/5347/1237 2918/5346/1237 2920/5348/1237 2919/5349/1237
f 2919/5349/1238 2920/5348/1238 2922/5350/1238 2921/5351/1238
f 2921/5351/1239 2922/5350/1239 2924/5352/1239 2923/5353/1239
f 2923/5354/1240 2924/5355/1240 2926/5356/1240 2925/5357/1240
f 2925/5357/1241 2926/5356/1241 2928/5358/1241 2927/5359/1241
f 2927/5359/1242 2928/5358/1242 2930/5360/1242 2929/5361/1242
f 2929/5361/1243 2930/5360/1243 2932/5362/1243 2931/5363/1243
f 2931/5363/1244 2932/5362/1244 2934/5364/1244 2933/5365/1244
f 2933/5365/1245 2934/5364/1245 2936/5366/1245 2935/5367/1245
f 2935/5367/1246 2936/5366/1246 2938/5368/1246 2937/5369/1246
f 2937/5369/1247 2938/5368/1247 2940/5370/1247 2939/5371/1247
f 2939/5372/1248 2940/5373/1248 2942/5374/1248 2941/5375/1248
f 2941/5375/1249 2942/5374/1249 2944/5376/1249 2943/5377/1249
f 2886/5378/1218 2884/5379/1218 2946/5380/1218 2944/5381/1218 2942/5382/1218 2940/5383/1218 2938/5384/1218 2936/5385/1218 2934/5386/1218 2932/5387/1218 2930/5388/1218 2928/5389/1218 2926/5390/1218 2924/5391/1218 2922/5392/1218 2920/5393/1218 2918/5394/1218 2916/5395/1218 2914/5396/1218 2912/5397/1218 2910/5398/1218 2908/5399/1218 2906/5400/1218 2904/5401/1218 2902/5402/1218 2900/5403/1218 2898/5404/1218 2896/5405/1218 2894/5406/1218 2892/5407/1218 2890/5408/1218 2888/5409/1218
f 2943/5377/1250 2944/5376/1250 2946/5410/1250 2945/5411/1250
f 2945/5411/1220 2946/5410/1220 2884/5309/1220 2883/5308/1220
f 2883/5412/1153 2885/5413/1153 2887/5414/1153 2889/5415/1153 2891/5416/1153 2893/5417/1153 2895/5418/1153 2897/5419/1153 2899/5420/1153 2901/5421/1153 2903/5422/1153 2905/5423/1153 2907/5424/1153 2909/5425/1153 2911/5426/1153 2913/5427/1153 2915/5428/1153 2917/5429/1153 2919/5430/1153 2921/5431/1153 2923/5432/1153 2925/5433/1153 2927/5434/1153 2929/5435/1153 2931/5436/1153 2933/5437/1153 2935/5438/1153 2937/5439/1153 2939/5440/1153 2941/5441/1153 2943/5442/1153 2945/5443/1153
f 2947/5444/1219 2948/5445/1219 2950/5446/1219 2949/5447/1219
f 2949/5447/1221 2950/5446/1221 2952/5448/1221 2951/5449/1221
f 2951/5449/1222 2952/5448/1222 2954/5450/1222 2953/5451/1222
f 2953/5451/1223 2954/5450/1223 2956/5452/1223 2955/5453/1223
f 2955/5454/1224 2956/5455/1224 2958/5456/1224 2957/5457/1224
f 2957/5457/1225 2958/5456/1225 2960/5458/1225 2959/5459/1225
f 2959/5459/1226 2960/5458/1226 2962/5460/1226 2961/5461/1226
f 2961/5461/1227 2962/5460/1227 2964/5462/1227 2963/5463/1227
f 2963/5463/1228 2964/5462/1228 2966/5464/1228 2965/5465/1228
f 2965/5465/1229 2966/5464/1229 2968/5466/1229 2967/5467/1229
f 2967/5467/1230 2968/5466/1230 2970/5468/1230 2969/5469/1230
f 2969/5469/1231 2970/5468/1231 2972/5470/1231 2971/5471/1231
f 2971/5472/1232 2972/5473/1232 2974/5474/1232 2973/5475/1232
f 2973/5475/1233 2974/5474/1233 2976/5476/1233 2975/5477/1233
f 2975/5477/1234 2976/5476/1234 2978/5478/1234 2977/5479/1234
f 2977/5479/1235 2978/5478/1235 2980/5480/1235 2979/5481/1235
f 2979/5481/1236 2980/5480/1236 2982/5482/1236 2981/5483/1236
f 2981/5483/1237 2982/5482/1237 2984/5484/1237 2983/5485/1237
f 2983/5485/1238 2984/5484/1238 2986/5486/1238 2985/5487/1238
f 2985/5487/1239 2986/5486/1239 2988/5488/1239 2987/5489/1239
f 2987/5471/1240 2988/5470/1240 2990/5490/1240 2989/5491/1240
f 2989/5491/1241 2990/5490/1241 2992/5492/1241 2991/5493/1241
f 2991/5493/1242 2992/5492/1242 2994/5494/1242 2993/5495/1242
f 2993/5495/1243 2994/5494/1243 2996/5496/1243 2995/5497/1243
f 2995/5497/1244 2996/5496/1244 2998/5498/1244 2997/5499/1244
f 2997/5499/1245 2998/5498/1245 3000/5500/1245 2999/5501/1245
f 2999/5501/1246 3000/5500/1246 3002/5502/1246 3001/5503/1246
f 3001/5503/1247 3002/5502/1247 3004/5504/1247 3003/5505/1247
f 3003/5506/1248 3004/5507/1248 3006/5508/1248 3005/5509/1248
f 3005/5509/1249 3006/5508/1249 3008/5510/1249 3007/5511/1249
f 2950/5512/1218 2948/5513/1218 3010/5514/1218 3008/5515/1218 3006/5516/1218 3004/5517/1218 3002/5518/1218 3000/5519/1218 2998/5520/1218 2996/5521/1218 2994/5522/1218 2992/5523/1218 2990/5524/1218 2988/5525/1218 2986/5526/1218 2984/5527/1218 2982/5528/1218 2980/5529/1218 2978/5530/1218 2976/5531/1218 2974/5532/1218 2972/5533/1218 2970/5534/1218 2968/5535/1218 2966/5536/1218 2964/5537/1218 2962/5538/1218 2960/5539/1218 2958/5540/1218 2956/5541/1218 2954/5542/1218 2952/5543/1218
f 3007/5511/1250 3008/5510/1250 3010/5544/1250 3009/5545/1250
f 3009/5545/1220 3010/5544/1220 2948/5445/1220 2947/5444/1220
f 2947/5546/1153 2949/5547/1153 2951/5548/1153 2953/5549/1153 2955/5550/1153 2957/5551/1153 2959/5552/1153 2961/5553/1153 2963/5554/1153 2965/5555/1153 2967/5556/1153 2969/5557/1153 2971/5558/1153 2973/5559/1153 2975/5560/1153 2977/5561/1153 2979/5562/1153 2981/5563/1153 2983/5564/1153 2985/5565/1153 2987/5566/1153 2989/5567/1153 2991/5568/1153 2993/5569/1153 2995/5570/1153 2997/5571/1153 2999/5572/1153 3001/5573/1153 3003/5574/1153 3005/5575/1153 3007/5576/1153 3009/5577/1153
f 3011/5578/1251 3012/5579/1251 3014/5580/1251 3013/5581/1251
f 3013/5582/1252 3014/5583/1252 3018/5584/1252 3017/5585/1252
f 3017/5586/1253 3018/5587/1253 3016/5588/1253 3015/5589/1253
f 3015/5590/1254 3016/5591/1254 3012/5592/1254 3011/5593/1254
f 3013/5594/1153 3017/5595/1153 3015/5596/1153 3011/5597/1153
f 3018/5598/1218 3014/5599/1218 3012/5595/1218 3016/5600/1218
f 3032/5601/1255 3035/5602/1255 3036/5603/1255 3033/5604/1255
f 3033/5604/1256 3036/5603/1256 3034/5605/1256 3031/5606/1256
f 3029/5607/1257 3038/5608/1257 3039/5609/1257 3030/5610/1257
f 3030/5610/1258 3039/5609/1258 3037/5611/1258 3028/5612/1258
f 3040/5613/1259 3032/5601/1259 3033/5604/1259 3042/5614/1259
f 3042/5614/1260 3033/5604/1260 3031/5606/1260 3041/5615/1260
f 3043/5616/1261 3029/5607/1261 3030/5610/1261 3045/5617/1261
f 3045/5617/1262 3030/5610/1262 3028/5612/1262 3044/5618/1262
f 3028/5619/1263 3032/5620/1263 3040/5621/1263 3044/5622/1263
f 3028/5623/1264 3037/5624/1264 3035/5625/1264 3032/5626/1264
f 3020/5627/1254 3021/5628/1254 3025/5629/1254 3026/5615/1254 3041/5615/1254 3031/5606/1254
f 3020/5627/1254 3031/5606/1254 3034/5605/1254 3023/5605/1254 3022/5630/1254 3019/5631/1254
f 3034/5632/1265 3036/5633/1265 3035/5625/1265 3037/5624/1265 3039/5634/1265 3038/5635/1265 3024/5635/1265 3023/5632/1265
f 3026/5636/1266 3027/5637/1266 3043/5637/1266 3045/5638/1266 3044/5622/1266 3040/5621/1266 3042/5639/1266 3041/5636/1266
f 3050/5640/1267 3047/5641/1267 3048/5642/1267 3051/5643/1267
f 3051/5643/1268 3048/5642/1268 3046/5644/1268 3049/5645/1268
f 3049/5645/1269 3052/5646/1269 3054/5647/1269 3051/5643/1269
f 3051/5643/1270 3054/5647/1270 3053/5648/1270 3050/5640/1270
f 3055/5608/1271 3046/5644/1271 3048/5642/1271 3057/5649/1271
f 3057/5650/1272 3048/5651/1272 3047/5652/1272 3056/5653/1272
f 3052/5646/1273 3059/5616/1273 3060/5654/1273 3054/5647/1273
f 3054/5655/1274 3060/5656/1274 3058/5657/1274 3053/5658/1274
f 3019/5659/1275 3022/5660/1275 3056/5653/1275 3047/5652/1275
f 3047/5652/1276 3050/5661/1276 3020/5662/1276 3019/5659/1276
f 3046/5644/1252 3055/5608/1252 3024/5608/1252 3038/5608/1252 3029/5607/1252 3049/5645/1252
f 3053/5658/1277 3021/5663/1277 3020/5664/1277 3050/5665/1277
f 3052/5646/1252 3049/5645/1252 3029/5607/1252 3043/5616/1252 3027/5616/1252 3059/5616/1252
f 3021/5663/1278 3053/5658/1278 3058/5657/1278 3025/5666/1278
f 3023/5667/1279 3024/5668/1279 3055/5668/1279 3057/5650/1279 3056/5653/1279 3022/5660/1279
f 3025/5666/1280 3058/5657/1280 3060/5656/1280 3059/5669/1280 3027/5669/1280 3026/5670/1280
o mdlSilla.010
v 12.882012 1.486190 -6.602255
v 12.764773 1.486190 -6.611727
v 12.651636 1.486190 -6.643889
v 12.546947 1.486190 -6.697505
v 12.454728 1.486190 -6.770515
v 12.378526 1.486190 -6.860114
v 12.321267 1.486190 -6.962856
v 12.285153 1.486190 -7.074795
v 12.271571 1.486190 -7.191629
v 12.281044 1.486190 -7.308868
v 12.313206 1.486190 -7.422006
v 12.366822 1.486190 -7.526695
v 12.439833 1.486190 -7.618913
v 12.529430 1.486190 -7.695115
v 12.632173 1.486190 -7.752374
v 12.744112 1.486190 -7.788488
v 12.860946 1.486190 -7.802070
v 12.978185 1.486190 -7.792598
v 13.091322 1.486190 -7.760436
v 13.196012 1.486190 -7.706819
v 13.288230 1.486190 -7.633809
v 13.364432 1.486190 -7.544211
v 13.421691 1.486190 -7.441468
v 13.457805 1.486190 -7.329529
v 13.471387 1.486190 -7.212696
v 13.461914 1.486190 -7.095457
v 13.429752 1.486190 -6.982319
v 13.376136 1.486190 -6.877629
v 13.303125 1.486190 -6.785412
v 13.213528 1.486190 -6.709209
v 13.110785 1.486190 -6.651951
v 12.998846 1.486190 -6.615837
v 12.879609 1.726190 -6.739107
v 12.882012 1.698947 -6.602255
v 12.881309 1.718211 -6.642338
v 12.789116 1.726190 -6.746418
v 12.764773 1.698947 -6.611727
v 12.771903 1.718211 -6.651177
v 12.701787 1.726190 -6.771244
v 12.651636 1.698947 -6.643889
v 12.666325 1.718211 -6.681190
v 12.620979 1.726190 -6.812629
v 12.546947 1.698947 -6.697505
v 12.568630 1.718211 -6.731225
v 12.549798 1.726190 -6.868984
v 12.454728 1.698947 -6.770515
v 12.482574 1.718211 -6.799356
v 12.490979 1.726190 -6.938142
v 12.378526 1.698947 -6.860114
v 12.411463 1.718211 -6.882967
v 12.446783 1.726190 -7.017447
v 12.321267 1.698947 -6.962856
v 12.358030 1.718211 -6.978846
v 12.418907 1.726190 -7.103850
v 12.285153 1.698947 -7.074795
v 12.324329 1.718211 -7.083305
v 12.408423 1.726190 -7.194032
v 12.271571 1.698947 -7.191629
v 12.311655 1.718211 -7.192333
v 12.415735 1.726190 -7.284526
v 12.281044 1.698947 -7.308867
v 12.320494 1.718211 -7.301738
v 12.440560 1.726190 -7.371854
v 12.313206 1.698947 -7.422006
v 12.350507 1.718211 -7.407317
v 12.481946 1.726190 -7.452662
v 12.366822 1.698947 -7.526695
v 12.400541 1.718211 -7.505012
v 12.538301 1.726190 -7.523843
v 12.439833 1.698947 -7.618913
v 12.468673 1.718211 -7.591067
v 12.607459 1.726190 -7.582662
v 12.529430 1.698947 -7.695115
v 12.552284 1.718211 -7.662179
v 12.686764 1.726190 -7.626858
v 12.632173 1.698947 -7.752374
v 12.648163 1.718211 -7.715611
v 12.773168 1.726190 -7.654734
v 12.744112 1.698947 -7.788488
v 12.752623 1.718211 -7.749312
v 12.863349 1.726190 -7.665217
v 12.860946 1.698947 -7.802070
v 12.861650 1.718211 -7.761987
v 12.953842 1.726190 -7.657907
v 12.978185 1.698947 -7.792598
v 12.971055 1.718211 -7.753148
v 13.041171 1.726190 -7.633081
v 13.091322 1.698947 -7.760436
v 13.076633 1.718211 -7.723134
v 13.121979 1.726190 -7.591696
v 13.196012 1.698947 -7.706819
v 13.174328 1.718211 -7.673100
v 13.193160 1.726190 -7.535341
v 13.288230 1.698947 -7.633809
v 13.260385 1.718211 -7.604968
v 13.251979 1.726190 -7.466182
v 13.364432 1.698947 -7.544211
v 13.331495 1.718211 -7.521357
v 13.296175 1.726190 -7.386877
v 13.421691 1.698947 -7.441468
v 13.384928 1.718211 -7.425479
v 13.324051 1.726190 -7.300474
v 13.457805 1.698947 -7.329529
v 13.418629 1.718211 -7.321019
v 13.334535 1.726190 -7.210292
v 13.471387 1.698947 -7.212696
v 13.431303 1.718211 -7.211992
v 13.327223 1.726190 -7.119799
v 13.461914 1.698947 -7.095457
v 13.422464 1.718211 -7.102586
v 13.302398 1.726190 -7.032470
v 13.429752 1.698947 -6.982319
v 13.392451 1.718211 -6.997008
v 13.261012 1.726190 -6.951663
v 13.376136 1.698947 -6.877629
v 13.342417 1.718211 -6.899313
v 13.204658 1.726190 -6.880482
v 13.303125 1.698947 -6.785411
v 13.274285 1.718211 -6.813257
v 13.135499 1.726190 -6.821663
v 13.213528 1.698947 -6.709209
v 13.190674 1.718211 -6.742146
v 13.056194 1.726190 -6.777466
v 13.110785 1.698947 -6.651951
v 13.094795 1.718211 -6.688714
v 12.969790 1.726190 -6.749590
v 12.998846 1.698947 -6.615837
v 12.990335 1.718211 -6.655012
v 12.879671 0.317975 -6.735568
v 12.879671 0.477975 -6.735568
v 12.788486 0.317975 -6.742935
v 12.788486 0.477975 -6.742935
v 12.700490 0.317975 -6.767950
v 12.700490 0.477975 -6.767950
v 12.619064 0.317975 -6.809652
v 12.619064 0.477975 -6.809651
v 12.547339 0.317975 -6.866437
v 12.547339 0.477975 -6.866437
v 12.488071 0.317975 -6.936124
v 12.488071 0.477975 -6.936124
v 12.443537 0.317975 -7.016036
v 12.443537 0.477975 -7.016036
v 12.415448 0.317975 -7.103099
v 12.415448 0.477975 -7.103099
v 12.404884 0.317975 -7.193970
v 12.404884 0.477975 -7.193970
v 12.412251 0.317975 -7.285156
v 12.412251 0.477975 -7.285156
v 12.437266 0.317975 -7.373152
v 12.437266 0.477975 -7.373152
v 12.478969 0.317975 -7.454577
v 12.478969 0.477975 -7.454577
v 12.535754 0.317975 -7.526302
v 12.535754 0.477975 -7.526302
v 12.605441 0.317975 -7.585570
v 12.605441 0.477975 -7.585570
v 12.685352 0.317975 -7.630105
v 12.685352 0.477975 -7.630105
v 12.772416 0.317975 -7.658194
v 12.772416 0.477975 -7.658194
v 12.863287 0.317975 -7.668757
v 12.863287 0.477975 -7.668757
v 12.954473 0.317975 -7.661390
v 12.954473 0.477975 -7.661390
v 13.042468 0.317975 -7.636375
v 13.042468 0.477975 -7.636375
v 13.123894 0.317975 -7.594673
v 13.123894 0.477975 -7.594673
v 13.195619 0.317975 -7.537888
v 13.195619 0.477975 -7.537888
v 13.254887 0.317975 -7.468200
v 13.254887 0.477975 -7.468200
v 13.299421 0.317975 -7.388289
v 13.299421 0.477975 -7.388289
v 13.327510 0.317975 -7.301226
v 13.327510 0.477975 -7.301226
v 13.338074 0.317975 -7.210355
v 13.338074 0.477975 -7.210355
v 13.330707 0.317975 -7.119169
v 13.330707 0.477975 -7.119169
v 13.305692 0.317975 -7.031173
v 13.305692 0.477975 -7.031173
v 13.263989 0.317975 -6.949748
v 13.263989 0.477975 -6.949748
v 13.207204 0.317975 -6.878023
v 13.207204 0.477975 -6.878023
v 13.137517 0.317975 -6.818755
v 13.137517 0.477975 -6.818755
v 13.057606 0.317975 -6.774220
v 13.057606 0.477975 -6.774220
v 12.970542 0.317975 -6.746131
v 12.970542 0.477975 -6.746131
v 12.872649 0.453975 -7.135506
v 12.872649 1.541975 -7.135506
v 12.859623 0.453975 -7.136559
v 12.859623 1.541975 -7.136559
v 12.847052 0.453975 -7.140132
v 12.847052 1.541975 -7.140132
v 12.835420 0.453975 -7.146090
v 12.835420 1.541975 -7.146089
v 12.825173 0.453975 -7.154202
v 12.825173 1.541975 -7.154202
v 12.816707 0.453975 -7.164157
v 12.816707 1.541975 -7.164157
v 12.810345 0.453975 -7.175573
v 12.810345 1.541975 -7.175573
v 12.806332 0.453975 -7.188011
v 12.806332 1.541975 -7.188010
v 12.804823 0.453975 -7.200992
v 12.804823 1.541975 -7.200992
v 12.805875 0.453975 -7.214019
v 12.805875 1.541975 -7.214018
v 12.809448 0.453975 -7.226590
v 12.809448 1.541975 -7.226589
v 12.815406 0.453975 -7.238222
v 12.815406 1.541975 -7.238222
v 12.823519 0.453975 -7.248468
v 12.823519 1.541975 -7.248468
v 12.833473 0.453975 -7.256935
v 12.833473 1.541975 -7.256935
v 12.844890 0.453975 -7.263297
v 12.844890 1.541975 -7.263297
v 12.857327 0.453975 -7.267310
v 12.857327 1.541975 -7.267310
v 12.870309 0.453975 -7.268819
v 12.870309 1.541975 -7.268819
v 12.883335 0.453975 -7.267766
v 12.883335 1.541975 -7.267766
v 12.895906 0.453975 -7.264193
v 12.895906 1.541975 -7.264193
v 12.907538 0.453975 -7.258235
v 12.907538 1.541975 -7.258235
v 12.917785 0.453975 -7.250123
v 12.917785 1.541975 -7.250123
v 12.926251 0.453975 -7.240168
v 12.926251 1.541975 -7.240168
v 12.932613 0.453975 -7.228752
v 12.932613 1.541975 -7.228752
v 12.936626 0.453975 -7.216314
v 12.936626 1.541975 -7.216314
v 12.938135 0.453975 -7.203333
v 12.938135 1.541975 -7.203332
v 12.937083 0.453975 -7.190306
v 12.937083 1.541975 -7.190306
v 12.933510 0.453975 -7.177735
v 12.933510 1.541975 -7.177735
v 12.927552 0.453975 -7.166103
v 12.927552 1.541975 -7.166103
v 12.919439 0.453975 -7.155857
v 12.919439 1.541975 -7.155857
v 12.909485 0.453975 -7.147390
v 12.909485 1.541975 -7.147390
v 12.898068 0.453975 -7.141028
v 12.898068 1.541975 -7.141027
v 12.885631 0.453975 -7.137015
v 12.885631 1.541975 -7.137015
v 12.936843 1.614190 -7.656713
v 12.936843 2.254190 -7.656713
v 12.938013 1.614190 -7.590057
v 12.938013 2.254190 -7.590056
v 12.790198 1.614190 -7.654139
v 12.790198 2.254190 -7.654138
v 12.791369 1.614190 -7.587482
v 12.791369 2.254190 -7.587482
v 13.195432 2.269675 -7.787996
v 12.861296 2.034614 -7.782129
v 12.527161 2.269675 -7.776263
v 13.507842 3.356750 -7.793481
v 13.506330 3.401785 -7.793455
v 13.511462 3.401785 -7.501193
v 12.214750 3.356750 -7.770777
v 12.216262 3.401785 -7.770804
v 12.221393 3.401785 -7.478542
v 12.866233 2.958344 -7.500940
v 12.866427 2.906741 -7.489868
v 12.866370 2.943230 -7.493111
v 12.861296 2.906741 -7.782129
v 12.861490 2.958345 -7.771056
v 12.861353 2.943231 -7.778886
v 13.506330 3.401785 -7.793455
v 13.469488 3.394330 -7.781732
v 13.480198 3.396513 -7.789752
v 13.474231 3.394330 -7.511616
v 13.511462 3.401785 -7.501193
v 13.485216 3.396513 -7.503976
v 12.253493 3.394330 -7.760381
v 12.216262 3.401785 -7.770804
v 12.242508 3.396513 -7.768021
v 12.221393 3.401785 -7.478542
v 12.258236 3.394330 -7.490265
v 12.247525 3.396513 -7.482245
v 13.140157 2.329070 -7.494674
v 13.200177 2.269675 -7.517707
v 13.182757 2.287071 -7.501859
v 12.866427 2.136505 -7.489868
v 12.866042 2.034614 -7.511840
v 12.866315 2.064457 -7.496303
v 12.592698 2.329070 -7.485062
v 12.531906 2.269675 -7.505973
v 12.549871 2.287071 -7.490747
v 13.511462 3.401785 -7.501193
v 13.512588 3.356750 -7.523192
v 13.512418 3.369940 -7.507647
v 12.219496 3.356750 -7.500488
v 12.221393 3.401785 -7.478542
v 12.220211 3.369940 -7.484959
vn -0.0000 -1.0000 -0.0000
vn -0.0350 0.9005 0.4334
vn -0.0066 0.9966 0.0823
vn -0.1189 0.9005 0.4182
vn -0.0226 0.9966 0.0794
vn -0.1982 0.9005 0.3870
vn -0.0376 0.9966 0.0735
vn -0.2699 0.9005 0.3409
vn -0.0512 0.9966 0.0647
vn -0.3312 0.9005 0.2817
vn -0.0629 0.9966 0.0535
vn -0.3798 0.9005 0.2117
vn -0.0721 0.9966 0.0402
vn -0.4138 0.9005 0.1335
vn -0.0786 0.9966 0.0253
vn -0.4319 0.9005 0.0502
vn -0.0820 0.9966 0.0095
vn -0.4334 0.9005 -0.0350
vn -0.0823 0.9966 -0.0066
vn -0.4182 0.9005 -0.1189
vn -0.0794 0.9966 -0.0226
vn -0.3870 0.9005 -0.1982
vn -0.0735 0.9966 -0.0376
vn -0.3409 0.9005 -0.2699
vn -0.0647 0.9966 -0.0512
vn -0.2817 0.9005 -0.3312
vn -0.0535 0.9966 -0.0629
vn -0.2117 0.9005 -0.3798
vn -0.0402 0.9966 -0.0721
vn -0.1335 0.9005 -0.4138
vn -0.0253 0.9966 -0.0786
vn -0.0502 0.9005 -0.4319
vn -0.0095 0.9966 -0.0820
vn 0.0350 0.9005 -0.4334
vn 0.0066 0.9966 -0.0823
vn 0.1189 0.9005 -0.4182
vn 0.0226 0.9966 -0.0794
vn 0.1982 0.9005 -0.3870
vn 0.0376 0.9966 -0.0735
vn 0.2699 0.9005 -0.3409
vn 0.0512 0.9966 -0.0647
vn 0.3312 0.9005 -0.2817
vn 0.0629 0.9966 -0.0535
vn 0.3798 0.9005 -0.2117
vn 0.0721 0.9966 -0.0402
vn 0.4138 0.9005 -0.1335
vn 0.0786 0.9966 -0.0253
vn 0.4319 0.9005 -0.0502
vn 0.0820 0.9966 -0.0095
vn 0.4334 0.9005 0.0350
vn 0.0823 0.9966 0.0066
vn 0.4182 0.9005 0.1189
vn 0.0794 0.9966 0.0226
vn 0.3870 0.9005 0.1982
vn 0.0735 0.9966 0.0376
vn 0.3409 0.9005 0.2699
vn 0.0647 0.9966 0.0512
vn 0.2817 0.9005 0.3312
vn 0.0535 0.9966 0.0629
vn 0.2117 0.9005 0.3798
vn 0.0402 0.9966 0.0721
vn 0.1335 0.9005 0.4138
vn 0.0253 0.9966 0.0786
vn 0.0502 0.9005 0.4319
vn 0.0095 0.9966 0.0820
vn -0.0000 1.0000 -0.0000
vn -0.0805 -0.0000 0.9968
vn 0.1155 -0.0000 0.9933
vn -0.2734 -0.0000 0.9619
vn -0.4558 -0.0000 0.8901
vn -0.6207 -0.0000 0.7840
vn -0.7618 -0.0000 0.6479
vn -0.8735 -0.0000 0.4868
vn -0.9517 -0.0000 0.3070
vn -0.9933 -0.0000 0.1155
vn -0.9968 -0.0000 -0.0805
vn -0.9619 -0.0000 -0.2734
vn -0.8901 -0.0000 -0.4558
vn -0.7840 -0.0000 -0.6207
vn -0.6479 -0.0000 -0.7618
vn -0.4868 -0.0000 -0.8735
vn -0.3070 -0.0000 -0.9517
vn -0.1155 -0.0000 -0.9933
vn 0.0805 -0.0000 -0.9968
vn 0.2734 -0.0000 -0.9619
vn 0.4558 -0.0000 -0.8901
vn 0.6207 -0.0000 -0.7840
vn 0.7618 -0.0000 -0.6479
vn 0.8735 -0.0000 -0.4868
vn 0.9517 -0.0000 -0.3070
vn 0.9933 -0.0000 -0.1155
vn 0.9968 -0.0000 0.0805
vn 0.9619 -0.0000 0.2734
vn 0.8901 -0.0000 0.4558
vn 0.7840 -0.0000 0.6207
vn 0.6479 -0.0000 0.7618
vn 0.4868 -0.0000 0.8735
vn 0.3070 -0.0000 0.9517
vn 0.9998 -0.0000 -0.0176
vn 0.0176 -0.0000 0.9998
vn -0.9998 -0.0000 0.0176
vn -0.0176 -0.0000 -0.9998
vn -0.4125 0.5515 -0.7251
vn -0.1118 0.1259 -0.9857
vn -0.0771 0.1259 0.9890
vn -0.3868 0.5515 0.7391
vn 0.3868 0.5515 -0.7391
vn 0.0771 0.1259 -0.9890
vn 0.1118 0.1259 0.9857
vn 0.4125 0.5515 0.7251
vn 0.5826 0.8127 -0.0102
vn -0.5826 0.8127 0.0102
vn -0.1973 0.9803 0.0035
vn 0.1973 0.9803 -0.0035
vn 0.3237 -0.4392 0.8380
vn 0.0799 -0.0888 0.9928
vn -0.0450 -0.0888 0.9950
vn -0.2941 -0.4392 0.8489
vn 0.2034 -0.0606 0.9772
vn 0.7458 -0.2174 0.6297
vn -0.1689 -0.0606 0.9838
vn -0.7232 -0.2174 0.6555
vn 0.9609 -0.2762 -0.0169
vn 0.5752 -0.8179 -0.0101
vn -0.5752 -0.8179 0.0101
vn -0.9609 -0.2762 0.0169
vn 0.9993 0.0335 -0.0175
vn -0.9993 0.0335 0.0175
vt 0.483906 0.143218
vt 0.474334 0.128893
vt 0.467741 0.112976
vt 0.464380 0.096078
vt 0.464380 0.078849
vt 0.467741 0.061951
vt 0.474334 0.046034
vt 0.483906 0.031709
vt 0.496089 0.019526
vt 0.510414 0.009954
vt 0.526331 0.003361
vt 0.543229 -0.000000
vt 0.560458 -0.000000
vt 0.577356 0.003361
vt 0.593273 0.009954
vt 0.607598 0.019526
vt 0.619781 0.031709
vt 0.629353 0.046034
vt 0.635946 0.061951
vt 0.639307 0.078849
vt 0.639307 0.096078
vt 0.635946 0.112976
vt 0.629353 0.128893
vt 0.619781 0.143218
vt 0.607598 0.155401
vt 0.593273 0.164973
vt 0.577356 0.171566
vt 0.560458 0.174927
vt 0.543229 0.174927
vt 0.526331 0.171566
vt 0.510414 0.164973
vt 0.496089 0.155401
vt 0.667962 0.525164
vt 0.650816 0.525244
vt 0.650816 0.510871
vt 0.666816 0.510796
vt 0.473669 0.295208
vt 0.467517 0.280354
vt 0.481083 0.276239
vt 0.486172 0.288525
vt 0.684448 0.524924
vt 0.682201 0.510572
vt 0.482601 0.308576
vt 0.493560 0.299582
vt 0.699643 0.524536
vt 0.696381 0.510210
vt 0.493970 0.319945
vt 0.502964 0.308986
vt 0.712961 0.524013
vt 0.708809 0.509722
vt 0.507338 0.328877
vt 0.514021 0.316374
vt 0.477698 0.524677
vt 0.464380 0.524046
vt 0.468532 0.509722
vt 0.480960 0.510310
vt 0.522192 0.335029
vt 0.526307 0.321463
vt 0.492892 0.525145
vt 0.495140 0.510747
vt 0.537961 0.338166
vt 0.539350 0.324058
vt 0.509379 0.525433
vt 0.510525 0.511016
vt 0.554038 0.338166
vt 0.552649 0.324058
vt 0.526525 0.525531
vt 0.526525 0.511107
vt 0.569807 0.335029
vt 0.565692 0.321463
vt 0.543671 0.525433
vt 0.542525 0.511016
vt 0.584661 0.328877
vt 0.577978 0.316374
vt 0.560158 0.525145
vt 0.557911 0.510747
vt 0.598029 0.319945
vt 0.589035 0.308986
vt 0.575352 0.524677
vt 0.572090 0.510310
vt 0.609398 0.308576
vt 0.598439 0.299582
vt 0.588670 0.524046
vt 0.584518 0.509722
vt 0.618330 0.295208
vt 0.605827 0.288525
vt 0.477698 0.353257
vt 0.464380 0.352522
vt 0.468532 0.338166
vt 0.480960 0.338852
vt 0.624482 0.280354
vt 0.610916 0.276239
vt 0.492892 0.353804
vt 0.495140 0.339362
vt 0.627619 0.264585
vt 0.613511 0.263196
vt 0.509379 0.354140
vt 0.510525 0.339676
vt 0.627619 0.248508
vt 0.613511 0.249897
vt 0.526525 0.354254
vt 0.526525 0.339782
vt 0.624482 0.232739
vt 0.610916 0.236854
vt 0.543671 0.354140
vt 0.542525 0.339676
vt 0.618330 0.217885
vt 0.605827 0.224568
vt 0.560158 0.353804
vt 0.557911 0.339362
vt 0.609397 0.204517
vt 0.598439 0.213511
vt 0.575352 0.353257
vt 0.572090 0.338852
vt 0.598029 0.193148
vt 0.589035 0.204107
vt 0.588670 0.352522
vt 0.584518 0.338166
vt 0.584661 0.184216
vt 0.577978 0.196719
vt 0.601988 0.353121
vt 0.588670 0.352491
vt 0.592823 0.338166
vt 0.605251 0.338754
vt 0.569807 0.178064
vt 0.565692 0.191630
vt 0.617183 0.353589
vt 0.619430 0.339191
vt 0.554038 0.174927
vt 0.552649 0.189035
vt 0.633670 0.353878
vt 0.634816 0.339461
vt 0.537961 0.174927
vt 0.539350 0.189035
vt 0.650816 0.353975
vt 0.650816 0.339552
vt 0.522192 0.178064
vt 0.526307 0.191630
vt 0.667962 0.353878
vt 0.666816 0.339461
vt 0.507338 0.184216
vt 0.514021 0.196719
vt 0.684448 0.353589
vt 0.682201 0.339191
vt 0.493970 0.193148
vt 0.502964 0.204107
vt 0.699643 0.353121
vt 0.696381 0.338754
vt 0.482601 0.204517
vt 0.493560 0.213511
vt 0.712961 0.352491
vt 0.708809 0.338166
vt 0.473669 0.217885
vt 0.486172 0.224568
vt 0.601988 0.524536
vt 0.588670 0.524013
vt 0.592823 0.509722
vt 0.605251 0.510210
vt 0.467516 0.232739
vt 0.481083 0.236854
vt 0.617183 0.524924
vt 0.619430 0.510572
vt 0.464380 0.248508
vt 0.478488 0.249897
vt 0.633670 0.525164
vt 0.634816 0.510796
vt 0.464380 0.264585
vt 0.478488 0.263196
vt 0.650816 0.680887
vt 0.667962 0.680806
vt 0.633670 0.680806
vt 0.684448 0.680567
vt 0.699643 0.680178
vt 0.712961 0.679655
vt 0.464380 0.679608
vt 0.477698 0.680238
vt 0.492892 0.680707
vt 0.509379 0.680995
vt 0.526525 0.681092
vt 0.543671 0.680995
vt 0.560158 0.680707
vt 0.575352 0.680238
vt 0.588670 0.679608
vt 0.464380 0.507990
vt 0.477698 0.508725
vt 0.492892 0.509272
vt 0.509379 0.509608
vt 0.526525 0.509722
vt 0.543671 0.509608
vt 0.560158 0.509272
vt 0.575352 0.508725
vt 0.588670 0.507990
vt 0.588670 0.508052
vt 0.601988 0.508682
vt 0.617183 0.509151
vt 0.633670 0.509439
vt 0.650816 0.509537
vt 0.667962 0.509439
vt 0.684448 0.509151
vt 0.699643 0.508682
vt 0.712961 0.508052
vt 0.588670 0.679655
vt 0.601988 0.680178
vt 0.617183 0.680567
vt 0.812009 0.292933
vt 0.812009 0.175885
vt 0.825344 0.175822
vt 0.825344 0.292870
vt 0.838167 0.175636
vt 0.838167 0.292684
vt 0.849985 0.175334
vt 0.849985 0.292382
vt 0.860344 0.174927
vt 0.860344 0.291975
vt 0.685341 0.797874
vt 0.685341 0.680887
vt 0.695699 0.681377
vt 0.695699 0.798364
vt 0.707517 0.681742
vt 0.707517 0.798729
vt 0.720340 0.681966
vt 0.720340 0.798953
vt 0.733676 0.682042
vt 0.733676 0.799029
vt 0.747012 0.681966
vt 0.747012 0.798953
vt 0.759835 0.681742
vt 0.759835 0.798729
vt 0.771653 0.681377
vt 0.771653 0.798364
vt 0.782011 0.680887
vt 0.782011 0.797874
vt 0.588670 0.797804
vt 0.588670 0.680887
vt 0.599029 0.681459
vt 0.599029 0.798376
vt 0.610847 0.681884
vt 0.610847 0.798800
vt 0.623670 0.682145
vt 0.623670 0.799062
vt 0.637006 0.682234
vt 0.637006 0.799151
vt 0.650341 0.682145
vt 0.650341 0.799062
vt 0.663164 0.681884
vt 0.663164 0.798800
vt 0.674982 0.681459
vt 0.674982 0.798376
vt 0.685341 0.680887
vt 0.685341 0.797804
vt 0.464380 0.798080
vt 0.464380 0.681092
vt 0.474738 0.681583
vt 0.474738 0.798570
vt 0.486556 0.681947
vt 0.486556 0.798934
vt 0.499379 0.682171
vt 0.499379 0.799159
vt 0.512715 0.682247
vt 0.512715 0.799235
vt 0.526051 0.682171
vt 0.526051 0.799159
vt 0.538874 0.681947
vt 0.538874 0.798934
vt 0.550692 0.681583
vt 0.550692 0.798570
vt 0.561050 0.681092
vt 0.561050 0.798080
vt 0.763673 0.291975
vt 0.763673 0.174927
vt 0.774032 0.175334
vt 0.774032 0.292382
vt 0.785850 0.175636
vt 0.785850 0.292684
vt 0.652281 0.295794
vt 0.642806 0.286319
vt 0.635361 0.275177
vt 0.630233 0.262797
vt 0.627619 0.249654
vt 0.627619 0.236254
vt 0.630233 0.223111
vt 0.635361 0.210731
vt 0.642806 0.199589
vt 0.652281 0.190114
vt 0.663423 0.182669
vt 0.675803 0.177541
vt 0.688946 0.174927
vt 0.702346 0.174927
vt 0.715489 0.177541
vt 0.727869 0.182669
vt 0.739011 0.190114
vt 0.748486 0.199589
vt 0.755931 0.210731
vt 0.761059 0.223111
vt 0.763673 0.236254
vt 0.763673 0.249654
vt 0.761059 0.262797
vt 0.755931 0.275177
vt 0.748486 0.286319
vt 0.739011 0.295794
vt 0.727869 0.303239
vt 0.715489 0.308367
vt 0.702346 0.310981
vt 0.688946 0.310981
vt 0.675803 0.308367
vt 0.663423 0.303239
vt 0.798673 0.175822
vt 0.798673 0.292870
vt 0.654494 0.111392
vt 0.647049 0.100250
vt 0.641921 0.087870
vt 0.639307 0.074727
vt 0.639307 0.061327
vt 0.641921 0.048184
vt 0.647049 0.035804
vt 0.654494 0.024662
vt 0.663969 0.015187
vt 0.675111 0.007742
vt 0.687491 0.002614
vt 0.700634 0.000000
vt 0.714034 0.000000
vt 0.727177 0.002614
vt 0.739557 0.007742
vt 0.750699 0.015187
vt 0.760174 0.024662
vt 0.767619 0.035804
vt 0.772747 0.048184
vt 0.775361 0.061327
vt 0.775361 0.074727
vt 0.772747 0.087870
vt 0.767619 0.100250
vt 0.760174 0.111392
vt 0.750699 0.120867
vt 0.739557 0.128312
vt 0.727177 0.133440
vt 0.714034 0.136054
vt 0.700634 0.136054
vt 0.687491 0.133440
vt 0.675111 0.128312
vt 0.663969 0.120867
vt 0.867249 0.970990
vt 0.867249 0.175064
vt 0.869154 0.175055
vt 0.869154 0.970981
vt 0.870986 0.175028
vt 0.870986 0.970955
vt 0.872674 0.174985
vt 0.872674 0.970911
vt 0.874154 0.174927
vt 0.874154 0.970853
vt 0.874154 0.970439
vt 0.874154 0.174927
vt 0.875634 0.174997
vt 0.875634 0.970509
vt 0.877322 0.175049
vt 0.877322 0.970561
vt 0.879154 0.175081
vt 0.879154 0.970594
vt 0.881059 0.175092
vt 0.881059 0.970604
vt 0.882964 0.175081
vt 0.882964 0.970594
vt 0.884796 0.175049
vt 0.884796 0.970561
vt 0.886484 0.174997
vt 0.886484 0.970509
vt 0.887964 0.174927
vt 0.887964 0.970439
vt 0.901774 0.969961
vt 0.901774 0.174927
vt 0.903254 0.175009
vt 0.903254 0.970042
vt 0.904942 0.175069
vt 0.904942 0.970103
vt 0.906774 0.175107
vt 0.906774 0.970141
vt 0.908679 0.175119
vt 0.908679 0.970153
vt 0.910584 0.175107
vt 0.910584 0.970141
vt 0.912416 0.175069
vt 0.912416 0.970103
vt 0.914104 0.175009
vt 0.914104 0.970042
vt 0.915584 0.174927
vt 0.915584 0.969961
vt 0.889444 0.174997
vt 0.889444 0.970509
vt 0.891132 0.175049
vt 0.891132 0.970561
vt 0.892964 0.175081
vt 0.892964 0.970594
vt 0.894869 0.175092
vt 0.894869 0.970604
vt 0.896774 0.175081
vt 0.896774 0.970594
vt 0.898606 0.175049
vt 0.898606 0.970561
vt 0.900294 0.174997
vt 0.900294 0.970509
vt 0.901774 0.174927
vt 0.901774 0.970439
vt 0.860344 0.970853
vt 0.860344 0.174927
vt 0.861824 0.174985
vt 0.861824 0.970911
vt 0.863512 0.175028
vt 0.863512 0.970955
vt 0.643532 0.328248
vt 0.641940 0.329312
vt 0.640172 0.330044
vt 0.638294 0.330418
vt 0.636380 0.330418
vt 0.634503 0.330044
vt 0.632734 0.329312
vt 0.631142 0.328248
vt 0.629789 0.326894
vt 0.628725 0.325303
vt 0.627993 0.323534
vt 0.627619 0.321657
vt 0.627619 0.319742
vt 0.627993 0.317865
vt 0.628725 0.316096
vt 0.629789 0.314504
vt 0.631142 0.313151
vt 0.632734 0.312087
vt 0.634503 0.311355
vt 0.636380 0.310981
vt 0.638294 0.310981
vt 0.640172 0.311355
vt 0.641940 0.312087
vt 0.643532 0.313151
vt 0.644886 0.314504
vt 0.645949 0.316096
vt 0.646682 0.317865
vt 0.647055 0.319742
vt 0.647055 0.321657
vt 0.646682 0.323534
vt 0.645949 0.325303
vt 0.644886 0.326894
vt 0.865344 0.175055
vt 0.865344 0.970981
vt 0.653628 0.154385
vt 0.651860 0.155117
vt 0.649982 0.155491
vt 0.648068 0.155491
vt 0.646190 0.155117
vt 0.644422 0.154385
vt 0.642830 0.153321
vt 0.641477 0.151967
vt 0.640413 0.150376
vt 0.639680 0.148607
vt 0.639307 0.146730
vt 0.639307 0.144815
vt 0.639680 0.142938
vt 0.640413 0.141169
vt 0.641477 0.139577
vt 0.642830 0.138224
vt 0.644422 0.137160
vt 0.646190 0.136428
vt 0.648068 0.136054
vt 0.649982 0.136054
vt 0.651860 0.136428
vt 0.653628 0.137160
vt 0.655220 0.138224
vt 0.656574 0.139577
vt 0.657637 0.141169
vt 0.658370 0.142938
vt 0.658743 0.144815
vt 0.658743 0.146730
vt 0.658370 0.148607
vt 0.657637 0.150376
vt 0.656574 0.151967
vt 0.655220 0.153321
vt 0.841561 0.806115
vt 0.841561 0.338166
vt 0.851326 0.338166
vt 0.851326 0.806115
vt 0.798594 0.806358
vt 0.798594 0.338166
vt 0.820077 0.338166
vt 0.820077 0.806358
vt 0.915584 0.642875
vt 0.915584 0.174927
vt 0.925349 0.174927
vt 0.925349 0.642875
vt 0.820077 0.805833
vt 0.820077 0.338166
vt 0.841561 0.338166
vt 0.841561 0.805833
vt 0.656821 0.310981
vt 0.656821 0.332465
vt 0.647055 0.332465
vt 0.647055 0.310981
vt 0.666586 0.310981
vt 0.666586 0.332465
vt 0.656821 0.310981
vt 0.284028 0.323926
vt 0.373100 0.005339
vt 0.374689 0.003820
vt 0.284028 0.335048
vt 0.378526 0.000000
vt 0.284028 0.361743
vt 0.094654 0.362149
vt 0.000157 0.000000
vt 0.003993 0.003834
vt 0.094654 0.335433
vt 0.005582 0.005376
vt 0.094654 0.324321
vt 0.194956 0.005339
vt 0.193367 0.003820
vt 0.189530 0.000000
vt 0.189152 0.000000
vt 0.185315 0.003834
vt 0.183726 0.005376
vt 0.754155 0.667847
vt 0.714583 0.667847
vt 0.714583 0.343930
vt 0.754155 0.343930
vt 0.757400 0.667847
vt 0.757400 0.343930
vt 0.796972 0.343930
vt 0.796972 0.667847
vt 0.284028 0.999032
vt 0.235077 0.827267
vt 0.189309 0.032909
vt 0.378747 0.032909
vt 0.332979 0.827267
vt 0.798594 0.338166
vt 0.798119 0.342242
vt 0.756253 0.342242
vt 0.755777 0.338166
vt 0.712961 0.338166
vt 0.755778 0.338166
vt 0.755302 0.342242
vt 0.713436 0.342242
vt 0.094654 1.000000
vt 0.045703 0.828041
vt 0.048295 0.815424
vt 0.094654 0.978277
vt 0.054553 0.784745
vt 0.094654 0.925616
vt 0.134756 0.784745
vt 0.141013 0.815424
vt 0.143605 0.828041
vt 0.000000 0.023251
vt 0.420621 0.023293
vt 0.420621 0.812269
vt 0.418344 0.825138
vt 0.418344 0.032941
vt 0.189309 0.023251
vt 0.422506 0.812269
vt 0.422506 0.023293
vt 0.424782 0.032941
vt 0.424782 0.825138
vt 0.378747 0.825138
vt 0.378747 0.032941
vt 0.418344 0.994184
vt 0.378747 0.994184
vt 0.464380 0.825138
vt 0.464380 0.994184
vt 0.424782 0.994184
vt 0.464380 0.032941
vt 0.378747 0.000000
vt 0.421563 0.000000
vt 0.421563 0.000000
vt 0.464380 0.000000
s 1
usemtl Material.021
f 3061/5671/1281 3062/5672/1281 3063/5673/1281 3064/5674/1281 3065/5675/1281 3066/5676/1281 3067/5677/1281 3068/5678/1281 3069/5679/1281 3070/5680/1281 3071/5681/1281 3072/5682/1281 3073/5683/1281 3074/5684/1281 3075/5685/1281 3076/5686/1281 3077/5687/1281 3078/5688/1281 3079/5689/1281 3080/5690/1281 3081/5691/1281 3082/5692/1281 3083/5693/1281 3084/5694/1281 3085/5695/1281 3086/5696/1281 3087/5697/1281 3088/5698/1281 3089/5699/1281 3090/5700/1281 3091/5701/1281 3092/5702/1281
f 3097/5703/1282 3094/5704/1282 3095/5705/1282 3098/5706/1282
f 3098/5707/1283 3095/5708/1283 3093/5709/1283 3096/5710/1283
f 3100/5711/1284 3097/5703/1284 3098/5706/1284 3101/5712/1284
f 3101/5713/1285 3098/5707/1285 3096/5710/1285 3099/5714/1285
f 3103/5715/1286 3100/5711/1286 3101/5712/1286 3104/5716/1286
f 3104/5717/1287 3101/5713/1287 3099/5714/1287 3102/5718/1287
f 3106/5719/1288 3103/5715/1288 3104/5716/1288 3107/5720/1288
f 3107/5721/1289 3104/5717/1289 3102/5718/1289 3105/5722/1289
f 3109/5723/1290 3106/5724/1290 3107/5725/1290 3110/5726/1290
f 3110/5727/1291 3107/5721/1291 3105/5722/1291 3108/5728/1291
f 3112/5729/1292 3109/5723/1292 3110/5726/1292 3113/5730/1292
f 3113/5731/1293 3110/5727/1293 3108/5728/1293 3111/5732/1293
f 3115/5733/1294 3112/5729/1294 3113/5730/1294 3116/5734/1294
f 3116/5735/1295 3113/5731/1295 3111/5732/1295 3114/5736/1295
f 3118/5737/1296 3115/5733/1296 3116/5734/1296 3119/5738/1296
f 3119/5739/1297 3116/5735/1297 3114/5736/1297 3117/5740/1297
f 3121/5741/1298 3118/5737/1298 3119/5738/1298 3122/5742/1298
f 3122/5743/1299 3119/5739/1299 3117/5740/1299 3120/5744/1299
f 3124/5745/1300 3121/5741/1300 3122/5742/1300 3125/5746/1300
f 3125/5747/1301 3122/5743/1301 3120/5744/1301 3123/5748/1301
f 3127/5749/1302 3124/5745/1302 3125/5746/1302 3128/5750/1302
f 3128/5751/1303 3125/5747/1303 3123/5748/1303 3126/5752/1303
f 3130/5753/1304 3127/5749/1304 3128/5750/1304 3131/5754/1304
f 3131/5755/1305 3128/5751/1305 3126/5752/1305 3129/5756/1305
f 3133/5757/1306 3130/5758/1306 3131/5759/1306 3134/5760/1306
f 3134/5761/1307 3131/5755/1307 3129/5756/1307 3132/5762/1307
f 3136/5763/1308 3133/5757/1308 3134/5760/1308 3137/5764/1308
f 3137/5765/1309 3134/5761/1309 3132/5762/1309 3135/5766/1309
f 3139/5767/1310 3136/5763/1310 3137/5764/1310 3140/5768/1310
f 3140/5769/1311 3137/5765/1311 3135/5766/1311 3138/5770/1311
f 3142/5771/1312 3139/5767/1312 3140/5768/1312 3143/5772/1312
f 3143/5773/1313 3140/5769/1313 3138/5770/1313 3141/5774/1313
f 3145/5775/1314 3142/5771/1314 3143/5772/1314 3146/5776/1314
f 3146/5777/1315 3143/5773/1315 3141/5774/1315 3144/5778/1315
f 3148/5779/1316 3145/5775/1316 3146/5776/1316 3149/5780/1316
f 3149/5781/1317 3146/5777/1317 3144/5778/1317 3147/5782/1317
f 3151/5783/1318 3148/5779/1318 3149/5780/1318 3152/5784/1318
f 3152/5785/1319 3149/5781/1319 3147/5782/1319 3150/5786/1319
f 3154/5787/1320 3151/5783/1320 3152/5784/1320 3155/5788/1320
f 3155/5789/1321 3152/5785/1321 3150/5786/1321 3153/5790/1321
f 3157/5791/1322 3154/5792/1322 3155/5793/1322 3158/5794/1322
f 3158/5795/1323 3155/5789/1323 3153/5790/1323 3156/5796/1323
f 3160/5797/1324 3157/5791/1324 3158/5794/1324 3161/5798/1324
f 3161/5799/1325 3158/5795/1325 3156/5796/1325 3159/5800/1325
f 3163/5801/1326 3160/5797/1326 3161/5798/1326 3164/5802/1326
f 3164/5803/1327 3161/5799/1327 3159/5800/1327 3162/5804/1327
f 3166/5805/1328 3163/5801/1328 3164/5802/1328 3167/5806/1328
f 3167/5807/1329 3164/5803/1329 3162/5804/1329 3165/5808/1329
f 3169/5809/1330 3166/5805/1330 3167/5806/1330 3170/5810/1330
f 3170/5811/1331 3167/5807/1331 3165/5808/1331 3168/5812/1331
f 3172/5813/1332 3169/5809/1332 3170/5810/1332 3173/5814/1332
f 3173/5815/1333 3170/5811/1333 3168/5812/1333 3171/5816/1333
f 3175/5817/1334 3172/5813/1334 3173/5814/1334 3176/5818/1334
f 3176/5819/1335 3173/5815/1335 3171/5816/1335 3174/5820/1335
f 3178/5821/1336 3175/5817/1336 3176/5818/1336 3179/5822/1336
f 3179/5823/1337 3176/5819/1337 3174/5820/1337 3177/5824/1337
f 3181/5825/1338 3178/5826/1338 3179/5827/1338 3182/5828/1338
f 3182/5829/1339 3179/5823/1339 3177/5824/1339 3180/5830/1339
f 3184/5831/1340 3181/5825/1340 3182/5828/1340 3185/5832/1340
f 3185/5833/1341 3182/5829/1341 3180/5830/1341 3183/5834/1341
f 3187/5835/1342 3184/5831/1342 3185/5832/1342 3188/5836/1342
f 3188/5837/1343 3185/5833/1343 3183/5834/1343 3186/5838/1343
f 3094/5704/1344 3187/5835/1344 3188/5836/1344 3095/5705/1344
f 3095/5708/1345 3188/5837/1345 3186/5838/1345 3093/5709/1345
f 3096/5710/1346 3093/5709/1346 3186/5838/1346 3183/5834/1346 3180/5830/1346 3177/5824/1346 3174/5820/1346 3171/5816/1346 3168/5812/1346 3165/5808/1346 3162/5804/1346 3159/5800/1346 3156/5796/1346 3153/5790/1346 3150/5786/1346 3147/5782/1346 3144/5778/1346 3141/5774/1346 3138/5770/1346 3135/5766/1346 3132/5762/1346 3129/5756/1346 3126/5752/1346 3123/5748/1346 3120/5744/1346 3117/5740/1346 3114/5736/1346 3111/5732/1346 3108/5728/1346 3105/5722/1346 3102/5718/1346 3099/5714/1346
f 3061/5839/1347 3094/5704/1347 3097/5703/1347 3062/5840/1347
f 3092/5841/1348 3187/5835/1348 3094/5704/1348 3061/5839/1348
f 3062/5840/1349 3097/5703/1349 3100/5711/1349 3063/5842/1349
f 3063/5842/1350 3100/5711/1350 3103/5715/1350 3064/5843/1350
f 3064/5843/1351 3103/5715/1351 3106/5719/1351 3065/5844/1351
f 3065/5845/1352 3106/5724/1352 3109/5723/1352 3066/5846/1352
f 3066/5846/1353 3109/5723/1353 3112/5729/1353 3067/5847/1353
f 3067/5847/1354 3112/5729/1354 3115/5733/1354 3068/5848/1354
f 3068/5848/1355 3115/5733/1355 3118/5737/1355 3069/5849/1355
f 3069/5849/1356 3118/5737/1356 3121/5741/1356 3070/5850/1356
f 3070/5850/1357 3121/5741/1357 3124/5745/1357 3071/5851/1357
f 3071/5851/1358 3124/5745/1358 3127/5749/1358 3072/5852/1358
f 3072/5852/1359 3127/5749/1359 3130/5753/1359 3073/5853/1359
f 3073/5854/1360 3130/5758/1360 3133/5757/1360 3074/5855/1360
f 3074/5855/1361 3133/5757/1361 3136/5763/1361 3075/5856/1361
f 3075/5856/1362 3136/5763/1362 3139/5767/1362 3076/5857/1362
f 3076/5857/1363 3139/5767/1363 3142/5771/1363 3077/5858/1363
f 3077/5858/1364 3142/5771/1364 3145/5775/1364 3078/5859/1364
f 3078/5859/1365 3145/5775/1365 3148/5779/1365 3079/5860/1365
f 3079/5860/1366 3148/5779/1366 3151/5783/1366 3080/5861/1366
f 3080/5861/1367 3151/5783/1367 3154/5787/1367 3081/5862/1367
f 3081/5863/1368 3154/5792/1368 3157/5791/1368 3082/5864/1368
f 3082/5864/1369 3157/5791/1369 3160/5797/1369 3083/5865/1369
f 3083/5865/1370 3160/5797/1370 3163/5801/1370 3084/5866/1370
f 3084/5866/1371 3163/5801/1371 3166/5805/1371 3085/5867/1371
f 3085/5867/1372 3166/5805/1372 3169/5809/1372 3086/5868/1372
f 3086/5868/1373 3169/5809/1373 3172/5813/1373 3087/5869/1373
f 3087/5869/1374 3172/5813/1374 3175/5817/1374 3088/5870/1374
f 3088/5870/1375 3175/5817/1375 3178/5821/1375 3089/5871/1375
f 3089/5872/1376 3178/5826/1376 3181/5825/1376 3090/5873/1376
f 3090/5873/1377 3181/5825/1377 3184/5831/1377 3091/5874/1377
f 3091/5874/1378 3184/5831/1378 3187/5835/1378 3092/5841/1378
f 3189/5875/1347 3190/5876/1347 3192/5877/1347 3191/5878/1347
f 3191/5878/1349 3192/5877/1349 3194/5879/1349 3193/5880/1349
f 3193/5880/1350 3194/5879/1350 3196/5881/1350 3195/5882/1350
f 3195/5882/1351 3196/5881/1351 3198/5883/1351 3197/5884/1351
f 3197/5885/1352 3198/5886/1352 3200/5887/1352 3199/5888/1352
f 3199/5888/1353 3200/5887/1353 3202/5889/1353 3201/5890/1353
f 3201/5890/1354 3202/5889/1354 3204/5891/1354 3203/5892/1354
f 3203/5892/1355 3204/5891/1355 3206/5893/1355 3205/5894/1355
f 3205/5894/1356 3206/5893/1356 3208/5895/1356 3207/5896/1356
f 3207/5896/1357 3208/5895/1357 3210/5897/1357 3209/5898/1357
f 3209/5898/1358 3210/5897/1358 3212/5899/1358 3211/5900/1358
f 3211/5900/1359 3212/5899/1359 3214/5901/1359 3213/5902/1359
f 3213/5903/1360 3214/5904/1360 3216/5905/1360 3215/5906/1360
f 3215/5906/1361 3216/5905/1361 3218/5907/1361 3217/5908/1361
f 3217/5908/1362 3218/5907/1362 3220/5909/1362 3219/5910/1362
f 3219/5910/1363 3220/5909/1363 3222/5911/1363 3221/5912/1363
f 3221/5912/1364 3222/5911/1364 3224/5913/1364 3223/5914/1364
f 3223/5914/1365 3224/5913/1365 3226/5915/1365 3225/5916/1365
f 3225/5916/1366 3226/5915/1366 3228/5917/1366 3227/5918/1366
f 3227/5918/1367 3228/5917/1367 3230/5919/1367 3229/5920/1367
f 3229/5921/1368 3230/5922/1368 3232/5923/1368 3231/5924/1368
f 3231/5924/1369 3232/5923/1369 3234/5925/1369 3233/5926/1369
f 3233/5926/1370 3234/5925/1370 3236/5927/1370 3235/5928/1370
f 3235/5928/1371 3236/5927/1371 3238/5929/1371 3237/5930/1371
f 3237/5930/1372 3238/5929/1372 3240/5931/1372 3239/5932/1372
f 3239/5932/1373 3240/5931/1373 3242/5933/1373 3241/5934/1373
f 3241/5934/1374 3242/5933/1374 3244/5935/1374 3243/5936/1374
f 3243/5936/1375 3244/5935/1375 3246/5937/1375 3245/5938/1375
f 3245/5939/1376 3246/5940/1376 3248/5941/1376 3247/5942/1376
f 3247/5942/1377 3248/5941/1377 3250/5943/1377 3249/5944/1377
f 3192/5945/1346 3190/5946/1346 3252/5947/1346 3250/5948/1346 3248/5949/1346 3246/5950/1346 3244/5951/1346 3242/5952/1346 3240/5953/1346 3238/5954/1346 3236/5955/1346 3234/5956/1346 3232/5957/1346 3230/5958/1346 3228/5959/1346 3226/5960/1346 3224/5961/1346 3222/5962/1346 3220/5963/1346 3218/5964/1346 3216/5965/1346 3214/5966/1346 3212/5967/1346 3210/5968/1346 3208/5969/1346 3206/5970/1346 3204/5971/1346 3202/5972/1346 3200/5973/1346 3198/5974/1346 3196/5975/1346 3194/5976/1346
f 3249/5944/1378 3250/5943/1378 3252/5977/1378 3251/5978/1378
f 3251/5978/1348 3252/5977/1348 3190/5876/1348 3189/5875/1348
f 3189/5979/1281 3191/5980/1281 3193/5981/1281 3195/5982/1281 3197/5983/1281 3199/5984/1281 3201/5985/1281 3203/5986/1281 3205/5987/1281 3207/5988/1281 3209/5989/1281 3211/5990/1281 3213/5991/1281 3215/5992/1281 3217/5993/1281 3219/5994/1281 3221/5995/1281 3223/5996/1281 3225/5997/1281 3227/5998/1281 3229/5999/1281 3231/6000/1281 3233/6001/1281 3235/6002/1281 3237/6003/1281 3239/6004/1281 3241/6005/1281 3243/6006/1281 3245/6007/1281 3247/6008/1281 3249/6009/1281 3251/6010/1281
f 3253/6011/1347 3254/6012/1347 3256/6013/1347 3255/6014/1347
f 3255/6014/1349 3256/6013/1349 3258/6015/1349 3257/6016/1349
f 3257/6016/1350 3258/6015/1350 3260/6017/1350 3259/6018/1350
f 3259/6018/1351 3260/6017/1351 3262/6019/1351 3261/6020/1351
f 3261/6021/1352 3262/6022/1352 3264/6023/1352 3263/6024/1352
f 3263/6024/1353 3264/6023/1353 3266/6025/1353 3265/6026/1353
f 3265/6026/1354 3266/6025/1354 3268/6027/1354 3267/6028/1354
f 3267/6028/1355 3268/6027/1355 3270/6029/1355 3269/6030/1355
f 3269/6030/1356 3270/6029/1356 3272/6031/1356 3271/6032/1356
f 3271/6032/1357 3272/6031/1357 3274/6033/1357 3273/6034/1357
f 3273/6034/1358 3274/6033/1358 3276/6035/1358 3275/6036/1358
f 3275/6036/1359 3276/6035/1359 3278/6037/1359 3277/6038/1359
f 3277/6039/1360 3278/6040/1360 3280/6041/1360 3279/6042/1360
f 3279/6042/1361 3280/6041/1361 3282/6043/1361 3281/6044/1361
f 3281/6044/1362 3282/6043/1362 3284/6045/1362 3283/6046/1362
f 3283/6046/1363 3284/6045/1363 3286/6047/1363 3285/6048/1363
f 3285/6048/1364 3286/6047/1364 3288/6049/1364 3287/6050/1364
f 3287/6050/1365 3288/6049/1365 3290/6051/1365 3289/6052/1365
f 3289/6052/1366 3290/6051/1366 3292/6053/1366 3291/6054/1366
f 3291/6054/1367 3292/6053/1367 3294/6055/1367 3293/6056/1367
f 3293/6038/1368 3294/6037/1368 3296/6057/1368 3295/6058/1368
f 3295/6058/1369 3296/6057/1369 3298/6059/1369 3297/6060/1369
f 3297/6060/1370 3298/6059/1370 3300/6061/1370 3299/6062/1370
f 3299/6062/1371 3300/6061/1371 3302/6063/1371 3301/6064/1371
f 3301/6064/1372 3302/6063/1372 3304/6065/1372 3303/6066/1372
f 3303/6066/1373 3304/6065/1373 3306/6067/1373 3305/6068/1373
f 3305/6068/1374 3306/6067/1374 3308/6069/1374 3307/6070/1374
f 3307/6070/1375 3308/6069/1375 3310/6071/1375 3309/6072/1375
f 3309/6073/1376 3310/6074/1376 3312/6075/1376 3311/6076/1376
f 3311/6076/1377 3312/6075/1377 3314/6077/1377 3313/6078/1377
f 3256/6079/1346 3254/6080/1346 3316/6081/1346 3314/6082/1346 3312/6083/1346 3310/6084/1346 3308/6085/1346 3306/6086/1346 3304/6087/1346 3302/6088/1346 3300/6089/1346 3298/6090/1346 3296/6091/1346 3294/6092/1346 3292/6093/1346 3290/6094/1346 3288/6095/1346 3286/6096/1346 3284/6097/1346 3282/6098/1346 3280/6099/1346 3278/6100/1346 3276/6101/1346 3274/6102/1346 3272/6103/1346 3270/6104/1346 3268/6105/1346 3266/6106/1346 3264/6107/1346 3262/6108/1346 3260/6109/1346 3258/6110/1346
f 3313/6078/1378 3314/6077/1378 3316/6111/1378 3315/6112/1378
f 3315/6112/1348 3316/6111/1348 3254/6012/1348 3253/6011/1348
f 3253/6113/1281 3255/6114/1281 3257/6115/1281 3259/6116/1281 3261/6117/1281 3263/6118/1281 3265/6119/1281 3267/6120/1281 3269/6121/1281 3271/6122/1281 3273/6123/1281 3275/6124/1281 3277/6125/1281 3279/6126/1281 3281/6127/1281 3283/6128/1281 3285/6129/1281 3287/6130/1281 3289/6131/1281 3291/6132/1281 3293/6133/1281 3295/6134/1281 3297/6135/1281 3299/6136/1281 3301/6137/1281 3303/6138/1281 3305/6139/1281 3307/6140/1281 3309/6141/1281 3311/6142/1281 3313/6143/1281 3315/6144/1281
f 3317/6145/1379 3318/6146/1379 3320/6147/1379 3319/6148/1379
f 3319/6149/1380 3320/6150/1380 3324/6151/1380 3323/6152/1380
f 3323/6153/1381 3324/6154/1381 3322/6155/1381 3321/6156/1381
f 3321/6157/1382 3322/6158/1382 3318/6159/1382 3317/6160/1382
f 3319/6161/1281 3323/6162/1281 3321/6163/1281 3317/6164/1281
f 3324/6165/1346 3320/6166/1346 3318/6162/1346 3322/6167/1346
f 3338/6168/1383 3341/6169/1383 3342/6170/1383 3339/6171/1383
f 3339/6171/1384 3342/6170/1384 3340/6172/1384 3337/6173/1384
f 3335/6174/1385 3344/6175/1385 3345/6176/1385 3336/6177/1385
f 3336/6177/1386 3345/6176/1386 3343/6178/1386 3334/6179/1386
f 3346/6180/1387 3338/6168/1387 3339/6171/1387 3348/6181/1387
f 3348/6181/1388 3339/6171/1388 3337/6173/1388 3347/6182/1388
f 3349/6183/1389 3335/6174/1389 3336/6177/1389 3351/6184/1389
f 3351/6184/1390 3336/6177/1390 3334/6179/1390 3350/6185/1390
f 3334/6186/1391 3338/6187/1391 3346/6188/1391 3350/6189/1391
f 3334/6190/1392 3343/6191/1392 3341/6192/1392 3338/6193/1392
f 3326/6194/1382 3327/6195/1382 3331/6196/1382 3332/6182/1382 3347/6182/1382 3337/6173/1382
f 3326/6194/1382 3337/6173/1382 3340/6172/1382 3329/6172/1382 3328/6197/1382 3325/6198/1382
f 3340/6199/1393 3342/6200/1393 3341/6192/1393 3343/6191/1393 3345/6201/1393 3344/6202/1393 3330/6202/1393 3329/6199/1393
f 3332/6203/1394 3333/6204/1394 3349/6204/1394 3351/6205/1394 3350/6189/1394 3346/6188/1394 3348/6206/1394 3347/6203/1394
f 3356/6207/1395 3353/6208/1395 3354/6209/1395 3357/6210/1395
f 3357/6210/1396 3354/6209/1396 3352/6211/1396 3355/6212/1396
f 3355/6212/1397 3358/6213/1397 3360/6214/1397 3357/6210/1397
f 3357/6210/1398 3360/6214/1398 3359/6215/1398 3356/6207/1398
f 3361/6175/1399 3352/6211/1399 3354/6209/1399 3363/6216/1399
f 3363/6217/1400 3354/6218/1400 3353/6219/1400 3362/6220/1400
f 3358/6213/1401 3365/6183/1401 3366/6221/1401 3360/6214/1401
f 3360/6222/1402 3366/6223/1402 3364/6224/1402 3359/6225/1402
f 3325/6226/1403 3328/6227/1403 3362/6220/1403 3353/6219/1403
f 3353/6219/1404 3356/6228/1404 3326/6229/1404 3325/6226/1404
f 3352/6211/1380 3361/6175/1380 3330/6175/1380 3344/6175/1380 3335/6174/1380 3355/6212/1380
f 3359/6225/1405 3327/6230/1405 3326/6231/1405 3356/6232/1405
f 3358/6213/1380 3355/6212/1380 3335/6174/1380 3349/6183/1380 3333/6183/1380 3365/6183/1380
f 3327/6230/1406 3359/6225/1406 3364/6224/1406 3331/6233/1406
f 3329/6234/1407 3330/6235/1407 3361/6235/1407 3363/6217/1407 3362/6220/1407 3328/6227/1407
f 3331/6233/1408 3364/6224/1408 3366/6223/1408 3365/6236/1408 3333/6236/1408 3332/6237/1408
o mdlSilla.011
v 10.811292 1.486190 -6.565897
v 10.694053 1.486190 -6.575369
v 10.580915 1.486190 -6.607531
v 10.476226 1.486190 -6.661148
v 10.384007 1.486190 -6.734158
v 10.307805 1.486190 -6.823756
v 10.250546 1.486190 -6.926498
v 10.214433 1.486190 -7.038437
v 10.200850 1.486190 -7.155271
v 10.210323 1.486190 -7.272510
v 10.242485 1.486190 -7.385648
v 10.296102 1.486190 -7.490337
v 10.369112 1.486190 -7.582555
v 10.458710 1.486190 -7.658757
v 10.561452 1.486190 -7.716016
v 10.673391 1.486190 -7.752130
v 10.790225 1.486190 -7.765712
v 10.907464 1.486190 -7.756240
v 11.020601 1.486190 -7.724078
v 11.125291 1.486190 -7.670461
v 11.217509 1.486190 -7.597451
v 11.293712 1.486190 -7.507853
v 11.350970 1.486190 -7.405110
v 11.387084 1.486190 -7.293171
v 11.400666 1.486190 -7.176338
v 11.391193 1.486190 -7.059099
v 11.359032 1.486190 -6.945961
v 11.305415 1.486190 -6.841271
v 11.232405 1.486190 -6.749054
v 11.142807 1.486190 -6.672852
v 11.040065 1.486190 -6.615593
v 10.928125 1.486190 -6.579479
v 10.808888 1.726190 -6.702749
v 10.811292 1.698947 -6.565897
v 10.810588 1.718211 -6.605980
v 10.718395 1.726190 -6.710060
v 10.694053 1.698947 -6.575369
v 10.701182 1.718211 -6.614819
v 10.631066 1.726190 -6.734886
v 10.580915 1.698947 -6.607531
v 10.595604 1.718211 -6.644833
v 10.550259 1.726190 -6.776271
v 10.476226 1.698947 -6.661148
v 10.497910 1.718211 -6.694867
v 10.479077 1.726190 -6.832626
v 10.384007 1.698947 -6.734158
v 10.411853 1.718211 -6.762998
v 10.420259 1.726190 -6.901784
v 10.307805 1.698947 -6.823756
v 10.340742 1.718211 -6.846610
v 10.376062 1.726190 -6.981090
v 10.250546 1.698947 -6.926498
v 10.287310 1.718211 -6.942488
v 10.348186 1.726190 -7.067492
v 10.214433 1.698947 -7.038437
v 10.253609 1.718211 -7.046947
v 10.337703 1.726190 -7.157674
v 10.200850 1.698947 -7.155271
v 10.240934 1.718211 -7.155975
v 10.345015 1.726190 -7.248168
v 10.210323 1.698947 -7.272510
v 10.249773 1.718211 -7.265380
v 10.369840 1.726190 -7.335496
v 10.242485 1.698947 -7.385648
v 10.279786 1.718211 -7.370959
v 10.411225 1.726190 -7.416304
v 10.296102 1.698947 -7.490337
v 10.329821 1.718211 -7.468654
v 10.467580 1.726190 -7.487485
v 10.369112 1.698947 -7.582555
v 10.397952 1.718211 -7.554709
v 10.536738 1.726190 -7.546304
v 10.458710 1.698947 -7.658757
v 10.481564 1.718211 -7.625821
v 10.616043 1.726190 -7.590500
v 10.561452 1.698947 -7.716016
v 10.577442 1.718211 -7.679253
v 10.702447 1.726190 -7.618376
v 10.673391 1.698947 -7.752130
v 10.681902 1.718211 -7.712955
v 10.792628 1.726190 -7.628860
v 10.790225 1.698947 -7.765712
v 10.790929 1.718211 -7.725629
v 10.883121 1.726190 -7.621549
v 10.907464 1.698947 -7.756240
v 10.900334 1.718211 -7.716790
v 10.970450 1.726190 -7.596723
v 11.020601 1.698947 -7.724078
v 11.005913 1.718211 -7.686776
v 11.051258 1.726190 -7.555338
v 11.125291 1.698947 -7.670461
v 11.103607 1.718211 -7.636742
v 11.122439 1.726190 -7.498983
v 11.217509 1.698947 -7.597451
v 11.189664 1.718211 -7.568610
v 11.181258 1.726190 -7.429824
v 11.293712 1.698947 -7.507853
v 11.260775 1.718211 -7.484999
v 11.225454 1.726190 -7.350519
v 11.350970 1.698947 -7.405110
v 11.314207 1.718211 -7.389121
v 11.253330 1.726190 -7.264116
v 11.387084 1.698947 -7.293171
v 11.347908 1.718211 -7.284661
v 11.263814 1.726190 -7.173934
v 11.400666 1.698947 -7.176338
v 11.360582 1.718211 -7.175634
v 11.256502 1.726190 -7.083441
v 11.391193 1.698947 -7.059099
v 11.351744 1.718211 -7.066228
v 11.231677 1.726190 -6.996112
v 11.359032 1.698947 -6.945961
v 11.321731 1.718211 -6.960650
v 11.190291 1.726190 -6.915305
v 11.305415 1.698947 -6.841271
v 11.271696 1.718211 -6.862955
v 11.133937 1.726190 -6.844124
v 11.232405 1.698947 -6.749053
v 11.203565 1.718211 -6.776899
v 11.064778 1.726190 -6.785305
v 11.142807 1.698947 -6.672852
v 11.119953 1.718211 -6.705788
v 10.985474 1.726190 -6.741108
v 11.040065 1.698947 -6.615593
v 11.024075 1.718211 -6.652356
v 10.899070 1.726190 -6.713233
v 10.928125 1.698947 -6.579479
v 10.919615 1.718211 -6.618654
v 10.808950 0.317975 -6.699210
v 10.808950 0.477975 -6.699210
v 10.717765 0.317975 -6.706577
v 10.717765 0.477975 -6.706577
v 10.629769 0.317975 -6.731592
v 10.629769 0.477975 -6.731592
v 10.548344 0.317975 -6.773294
v 10.548344 0.477975 -6.773293
v 10.476619 0.317975 -6.830080
v 10.476619 0.477975 -6.830080
v 10.417351 0.317975 -6.899766
v 10.417351 0.477975 -6.899766
v 10.372816 0.317975 -6.979678
v 10.372816 0.477975 -6.979678
v 10.344728 0.317975 -7.066741
v 10.344728 0.477975 -7.066741
v 10.334164 0.317975 -7.157612
v 10.334164 0.477975 -7.157612
v 10.341531 0.317975 -7.248798
v 10.341531 0.477975 -7.248798
v 10.366546 0.317975 -7.336794
v 10.366546 0.477975 -7.336794
v 10.408248 0.317975 -7.418219
v 10.408248 0.477975 -7.418219
v 10.465034 0.317975 -7.489944
v 10.465034 0.477975 -7.489944
v 10.534720 0.317975 -7.549212
v 10.534720 0.477975 -7.549212
v 10.614632 0.317975 -7.593747
v 10.614632 0.477975 -7.593747
v 10.701695 0.317975 -7.621836
v 10.701695 0.477975 -7.621836
v 10.792566 0.317975 -7.632400
v 10.792566 0.477975 -7.632400
v 10.883752 0.317975 -7.625032
v 10.883752 0.477975 -7.625032
v 10.971747 0.317975 -7.600017
v 10.971747 0.477975 -7.600017
v 11.053173 0.317975 -7.558315
v 11.053173 0.477975 -7.558315
v 11.124898 0.317975 -7.501530
v 11.124898 0.477975 -7.501530
v 11.184166 0.317975 -7.431842
v 11.184166 0.477975 -7.431842
v 11.228701 0.317975 -7.351932
v 11.228701 0.477975 -7.351932
v 11.256789 0.317975 -7.264868
v 11.256789 0.477975 -7.264868
v 11.267353 0.317975 -7.173997
v 11.267353 0.477975 -7.173997
v 11.259986 0.317975 -7.082811
v 11.259986 0.477975 -7.082811
v 11.234971 0.317975 -6.994815
v 11.234971 0.477975 -6.994815
v 11.193269 0.317975 -6.913390
v 11.193269 0.477975 -6.913390
v 11.136483 0.317975 -6.841665
v 11.136483 0.477975 -6.841665
v 11.066796 0.317975 -6.782397
v 11.066796 0.477975 -6.782397
v 10.986885 0.317975 -6.737863
v 10.986885 0.477975 -6.737863
v 10.899821 0.317975 -6.709774
v 10.899821 0.477975 -6.709774
v 10.801929 0.453975 -7.099148
v 10.801929 1.541975 -7.099148
v 10.788902 0.453975 -7.100201
v 10.788902 1.541975 -7.100201
v 10.776331 0.453975 -7.103774
v 10.776331 1.541975 -7.103774
v 10.764699 0.453975 -7.109732
v 10.764699 1.541975 -7.109731
v 10.754453 0.453975 -7.117844
v 10.754453 1.541975 -7.117844
v 10.745986 0.453975 -7.127799
v 10.745986 1.541975 -7.127799
v 10.739624 0.453975 -7.139215
v 10.739624 1.541975 -7.139215
v 10.735611 0.453975 -7.151653
v 10.735611 1.541975 -7.151652
v 10.734102 0.453975 -7.164634
v 10.734102 1.541975 -7.164634
v 10.735154 0.453975 -7.177661
v 10.735154 1.541975 -7.177660
v 10.738728 0.453975 -7.190232
v 10.738728 1.541975 -7.190231
v 10.744685 0.453975 -7.201864
v 10.744685 1.541975 -7.201864
v 10.752798 0.453975 -7.212110
v 10.752798 1.541975 -7.212110
v 10.762753 0.453975 -7.220577
v 10.762753 1.541975 -7.220577
v 10.774169 0.453975 -7.226939
v 10.774169 1.541975 -7.226939
v 10.786607 0.453975 -7.230952
v 10.786607 1.541975 -7.230952
v 10.799588 0.453975 -7.232461
v 10.799588 1.541975 -7.232461
v 10.812614 0.453975 -7.231409
v 10.812614 1.541975 -7.231409
v 10.825186 0.453975 -7.227835
v 10.825186 1.541975 -7.227835
v 10.836818 0.453975 -7.221878
v 10.836818 1.541975 -7.221878
v 10.847064 0.453975 -7.213765
v 10.847064 1.541975 -7.213765
v 10.855531 0.453975 -7.203810
v 10.855531 1.541975 -7.203810
v 10.861893 0.453975 -7.192394
v 10.861893 1.541975 -7.192394
v 10.865906 0.453975 -7.179956
v 10.865906 1.541975 -7.179956
v 10.867414 0.453975 -7.166975
v 10.867414 1.541975 -7.166975
v 10.866363 0.453975 -7.153948
v 10.866363 1.541975 -7.153948
v 10.862789 0.453975 -7.141377
v 10.862789 1.541975 -7.141377
v 10.856832 0.453975 -7.129745
v 10.856832 1.541975 -7.129745
v 10.848719 0.453975 -7.119499
v 10.848719 1.541975 -7.119499
v 10.838764 0.453975 -7.111032
v 10.838764 1.541975 -7.111032
v 10.827348 0.453975 -7.104670
v 10.827348 1.541975 -7.104670
v 10.814910 0.453975 -7.100657
v 10.814910 1.541975 -7.100657
v 10.866122 1.614190 -7.620355
v 10.866122 2.254190 -7.620355
v 10.867292 1.614190 -7.553699
v 10.867292 2.254190 -7.553699
v 10.719478 1.614190 -7.617781
v 10.719478 2.254190 -7.617780
v 10.720649 1.614190 -7.551124
v 10.720649 2.254190 -7.551124
v 11.124711 2.269675 -7.751638
v 10.790575 2.034614 -7.745771
v 10.456440 2.269675 -7.739905
v 11.437121 3.356750 -7.757123
v 11.435610 3.401785 -7.757097
v 11.440742 3.401785 -7.464835
v 10.144030 3.356750 -7.734419
v 10.145541 3.401785 -7.734446
v 10.150672 3.401785 -7.442184
v 10.795512 2.958344 -7.464582
v 10.795707 2.906741 -7.453510
v 10.795650 2.943230 -7.456753
v 10.790575 2.906741 -7.745771
v 10.790770 2.958345 -7.734698
v 10.790632 2.943231 -7.742528
v 11.435610 3.401785 -7.757097
v 11.398767 3.394330 -7.745374
v 11.409477 3.396513 -7.753394
v 11.403510 3.394330 -7.475258
v 11.440742 3.401785 -7.464835
v 11.414495 3.396513 -7.467618
v 10.182773 3.394330 -7.724023
v 10.145541 3.401785 -7.734446
v 10.171787 3.396513 -7.731663
v 10.150672 3.401785 -7.442184
v 10.187515 3.394330 -7.453907
v 10.176805 3.396513 -7.445887
v 11.069436 2.329070 -7.458316
v 11.129457 2.269675 -7.481349
v 11.112037 2.287071 -7.465501
v 10.795707 2.136505 -7.453510
v 10.795321 2.034614 -7.475482
v 10.795594 2.064457 -7.459945
v 10.521977 2.329070 -7.448704
v 10.461185 2.269675 -7.469615
v 10.479151 2.287071 -7.454389
v 11.440742 3.401785 -7.464835
v 11.441867 3.356750 -7.486834
v 11.441697 3.369940 -7.471289
v 10.148775 3.356750 -7.464130
v 10.150672 3.401785 -7.442184
v 10.149490 3.369940 -7.448601
vn -0.0000 -1.0000 -0.0000
vn -0.0350 0.9005 0.4334
vn -0.0066 0.9966 0.0823
vn -0.1189 0.9005 0.4182
vn -0.0226 0.9966 0.0794
vn -0.1982 0.9005 0.3870
vn -0.0376 0.9966 0.0735
vn -0.2699 0.9005 0.3409
vn -0.0512 0.9966 0.0647
vn -0.3312 0.9005 0.2817
vn -0.0629 0.9966 0.0535
vn -0.3798 0.9005 0.2117
vn -0.0721 0.9966 0.0402
vn -0.4138 0.9005 0.1335
vn -0.0786 0.9966 0.0253
vn -0.4319 0.9005 0.0502
vn -0.0820 0.9966 0.0095
vn -0.4334 0.9005 -0.0350
vn -0.0823 0.9966 -0.0066
vn -0.4182 0.9005 -0.1189
vn -0.0794 0.9966 -0.0226
vn -0.3870 0.9005 -0.1982
vn -0.0735 0.9966 -0.0376
vn -0.3409 0.9005 -0.2699
vn -0.0647 0.9966 -0.0512
vn -0.2817 0.9005 -0.3312
vn -0.0535 0.9966 -0.0629
vn -0.2117 0.9005 -0.3798
vn -0.0402 0.9966 -0.0721
vn -0.1335 0.9005 -0.4138
vn -0.0253 0.9966 -0.0786
vn -0.0502 0.9005 -0.4319
vn -0.0095 0.9966 -0.0820
vn 0.0350 0.9005 -0.4334
vn 0.0066 0.9966 -0.0823
vn 0.1189 0.9005 -0.4182
vn 0.0226 0.9966 -0.0794
vn 0.1982 0.9005 -0.3870
vn 0.0376 0.9966 -0.0735
vn 0.2699 0.9005 -0.3409
vn 0.0512 0.9966 -0.0647
vn 0.3312 0.9005 -0.2817
vn 0.0629 0.9966 -0.0535
vn 0.3798 0.9005 -0.2117
vn 0.0721 0.9966 -0.0402
vn 0.4138 0.9005 -0.1335
vn 0.0786 0.9966 -0.0253
vn 0.4319 0.9005 -0.0502
vn 0.0820 0.9966 -0.0095
vn 0.4334 0.9005 0.0350
vn 0.0823 0.9966 0.0066
vn 0.4182 0.9005 0.1189
vn 0.0794 0.9966 0.0226
vn 0.3870 0.9005 0.1982
vn 0.0735 0.9966 0.0376
vn 0.3409 0.9005 0.2699
vn 0.0647 0.9966 0.0512
vn 0.2817 0.9005 0.3312
vn 0.0535 0.9966 0.0629
vn 0.2117 0.9005 0.3798
vn 0.0402 0.9966 0.0721
vn 0.1335 0.9005 0.4138
vn 0.0253 0.9966 0.0786
vn 0.0502 0.9005 0.4319
vn 0.0095 0.9966 0.0820
vn -0.0000 1.0000 -0.0000
vn -0.0805 -0.0000 0.9968
vn 0.1155 -0.0000 0.9933
vn -0.2734 -0.0000 0.9619
vn -0.4558 -0.0000 0.8901
vn -0.6207 -0.0000 0.7840
vn -0.7618 -0.0000 0.6479
vn -0.8735 -0.0000 0.4868
vn -0.9517 -0.0000 0.3070
vn -0.9933 -0.0000 0.1155
vn -0.9968 -0.0000 -0.0805
vn -0.9619 -0.0000 -0.2734
vn -0.8901 -0.0000 -0.4558
vn -0.7840 -0.0000 -0.6207
vn -0.6479 -0.0000 -0.7618
vn -0.4868 -0.0000 -0.8735
vn -0.3070 -0.0000 -0.9517
vn -0.1155 -0.0000 -0.9933
vn 0.0805 -0.0000 -0.9968
vn 0.2734 -0.0000 -0.9619
vn 0.4558 -0.0000 -0.8901
vn 0.6207 -0.0000 -0.7840
vn 0.7618 -0.0000 -0.6479
vn 0.8735 -0.0000 -0.4868
vn 0.9517 -0.0000 -0.3070
vn 0.9933 -0.0000 -0.1155
vn 0.9968 -0.0000 0.0805
vn 0.9619 -0.0000 0.2734
vn 0.8901 -0.0000 0.4558
vn 0.7840 -0.0000 0.6207
vn 0.6479 -0.0000 0.7618
vn 0.4868 -0.0000 0.8735
vn 0.3070 -0.0000 0.9517
vn 0.9998 -0.0000 -0.0176
vn 0.0176 -0.0000 0.9998
vn -0.9998 -0.0000 0.0176
vn -0.0176 -0.0000 -0.9998
vn -0.4125 0.5515 -0.7251
vn -0.1118 0.1259 -0.9857
vn -0.0771 0.1259 0.9890
vn -0.3868 0.5515 0.7391
vn 0.3868 0.5515 -0.7391
vn 0.0771 0.1259 -0.9890
vn 0.1118 0.1259 0.9857
vn 0.4125 0.5515 0.7251
vn 0.5826 0.8127 -0.0102
vn -0.5826 0.8127 0.0102
vn -0.1973 0.9803 0.0035
vn 0.1973 0.9803 -0.0035
vn 0.3237 -0.4392 0.8380
vn 0.0799 -0.0888 0.9928
vn -0.0450 -0.0888 0.9950
vn -0.2941 -0.4392 0.8489
vn 0.2034 -0.0606 0.9772
vn 0.7458 -0.2174 0.6297
vn -0.1689 -0.0606 0.9838
vn -0.7232 -0.2174 0.6555
vn 0.9609 -0.2762 -0.0169
vn 0.5752 -0.8179 -0.0101
vn -0.5752 -0.8179 0.0101
vn -0.9609 -0.2762 0.0169
vn 0.9993 0.0335 -0.0175
vn -0.9993 0.0335 0.0175
vt 0.483906 0.143218
vt 0.474334 0.128893
vt 0.467741 0.112976
vt 0.464380 0.096078
vt 0.464380 0.078849
vt 0.467741 0.061951
vt 0.474334 0.046034
vt 0.483906 0.031709
vt 0.496089 0.019526
vt 0.510414 0.009954
vt 0.526331 0.003361
vt 0.543229 -0.000000
vt 0.560458 -0.000000
vt 0.577356 0.003361
vt 0.593273 0.009954
vt 0.607598 0.019526
vt 0.619781 0.031709
vt 0.629353 0.046034
vt 0.635946 0.061951
vt 0.639307 0.078849
vt 0.639307 0.096078
vt 0.635946 0.112976
vt 0.629353 0.128893
vt 0.619781 0.143218
vt 0.607598 0.155401
vt 0.593273 0.164973
vt 0.577356 0.171566
vt 0.560458 0.174927
vt 0.543229 0.174927
vt 0.526331 0.171566
vt 0.510414 0.164973
vt 0.496089 0.155401
vt 0.667962 0.525164
vt 0.650816 0.525244
vt 0.650816 0.510871
vt 0.666816 0.510796
vt 0.473669 0.295208
vt 0.467517 0.280354
vt 0.481083 0.276239
vt 0.486172 0.288525
vt 0.684448 0.524924
vt 0.682201 0.510572
vt 0.482601 0.308576
vt 0.493560 0.299582
vt 0.699643 0.524536
vt 0.696381 0.510210
vt 0.493970 0.319945
vt 0.502964 0.308986
vt 0.712961 0.524013
vt 0.708809 0.509722
vt 0.507338 0.328877
vt 0.514021 0.316374
vt 0.477698 0.524677
vt 0.464380 0.524046
vt 0.468532 0.509722
vt 0.480960 0.510310
vt 0.522192 0.335029
vt 0.526307 0.321463
vt 0.492892 0.525145
vt 0.495140 0.510747
vt 0.537961 0.338166
vt 0.539350 0.324058
vt 0.509379 0.525433
vt 0.510525 0.511016
vt 0.554038 0.338166
vt 0.552649 0.324058
vt 0.526525 0.525531
vt 0.526525 0.511107
vt 0.569807 0.335029
vt 0.565692 0.321463
vt 0.543671 0.525433
vt 0.542525 0.511016
vt 0.584661 0.328877
vt 0.577978 0.316374
vt 0.560158 0.525145
vt 0.557911 0.510747
vt 0.598029 0.319945
vt 0.589035 0.308986
vt 0.575352 0.524677
vt 0.572090 0.510310
vt 0.609398 0.308576
vt 0.598439 0.299582
vt 0.588670 0.524046
vt 0.584518 0.509722
vt 0.618330 0.295208
vt 0.605827 0.288525
vt 0.477698 0.353257
vt 0.464380 0.352522
vt 0.468532 0.338166
vt 0.480960 0.338852
vt 0.624482 0.280354
vt 0.610916 0.276239
vt 0.492892 0.353804
vt 0.495140 0.339362
vt 0.627619 0.264585
vt 0.613511 0.263196
vt 0.509379 0.354140
vt 0.510525 0.339676
vt 0.627619 0.248508
vt 0.613511 0.249897
vt 0.526525 0.354254
vt 0.526525 0.339782
vt 0.624482 0.232739
vt 0.610916 0.236854
vt 0.543671 0.354140
vt 0.542525 0.339676
vt 0.618330 0.217885
vt 0.605827 0.224568
vt 0.560158 0.353804
vt 0.557911 0.339362
vt 0.609397 0.204517
vt 0.598439 0.213511
vt 0.575352 0.353257
vt 0.572090 0.338852
vt 0.598029 0.193148
vt 0.589035 0.204107
vt 0.588670 0.352522
vt 0.584518 0.338166
vt 0.584661 0.184216
vt 0.577978 0.196719
vt 0.601988 0.353121
vt 0.588670 0.352491
vt 0.592823 0.338166
vt 0.605251 0.338754
vt 0.569807 0.178064
vt 0.565692 0.191630
vt 0.617183 0.353589
vt 0.619430 0.339191
vt 0.554038 0.174927
vt 0.552649 0.189035
vt 0.633670 0.353878
vt 0.634816 0.339461
vt 0.537961 0.174927
vt 0.539350 0.189035
vt 0.650816 0.353975
vt 0.650816 0.339552
vt 0.522192 0.178064
vt 0.526307 0.191630
vt 0.667962 0.353878
vt 0.666816 0.339461
vt 0.507338 0.184216
vt 0.514021 0.196719
vt 0.684448 0.353589
vt 0.682201 0.339191
vt 0.493970 0.193148
vt 0.502964 0.204107
vt 0.699643 0.353121
vt 0.696381 0.338754
vt 0.482601 0.204517
vt 0.493560 0.213511
vt 0.712961 0.352491
vt 0.708809 0.338166
vt 0.473669 0.217885
vt 0.486172 0.224568
vt 0.601988 0.524536
vt 0.588670 0.524013
vt 0.592823 0.509722
vt 0.605251 0.510210
vt 0.467516 0.232739
vt 0.481083 0.236854
vt 0.617183 0.524924
vt 0.619430 0.510572
vt 0.464380 0.248508
vt 0.478488 0.249897
vt 0.633670 0.525164
vt 0.634816 0.510796
vt 0.464380 0.264585
vt 0.478488 0.263196
vt 0.650816 0.680887
vt 0.667962 0.680806
vt 0.633670 0.680806
vt 0.684448 0.680567
vt 0.699643 0.680178
vt 0.712961 0.679655
vt 0.464380 0.679608
vt 0.477698 0.680238
vt 0.492892 0.680707
vt 0.509379 0.680995
vt 0.526525 0.681092
vt 0.543671 0.680995
vt 0.560158 0.680707
vt 0.575352 0.680238
vt 0.588670 0.679608
vt 0.464380 0.507990
vt 0.477698 0.508725
vt 0.492892 0.509272
vt 0.509379 0.509608
vt 0.526525 0.509722
vt 0.543671 0.509608
vt 0.560158 0.509272
vt 0.575352 0.508725
vt 0.588670 0.507990
vt 0.588670 0.508052
vt 0.601988 0.508682
vt 0.617183 0.509151
vt 0.633670 0.509439
vt 0.650816 0.509537
vt 0.667962 0.509439
vt 0.684448 0.509151
vt 0.699643 0.508682
vt 0.712961 0.508052
vt 0.588670 0.679655
vt 0.601988 0.680178
vt 0.617183 0.680567
vt 0.812009 0.292933
vt 0.812009 0.175885
vt 0.825344 0.175822
vt 0.825344 0.292870
vt 0.838167 0.175636
vt 0.838167 0.292684
vt 0.849985 0.175334
vt 0.849985 0.292382
vt 0.860344 0.174927
vt 0.860344 0.291975
vt 0.685341 0.797874
vt 0.685341 0.680887
vt 0.695699 0.681377
vt 0.695699 0.798364
vt 0.707517 0.681742
vt 0.707517 0.798729
vt 0.720340 0.681966
vt 0.720340 0.798953
vt 0.733676 0.682042
vt 0.733676 0.799029
vt 0.747012 0.681966
vt 0.747012 0.798953
vt 0.759835 0.681742
vt 0.759835 0.798729
vt 0.771653 0.681377
vt 0.771653 0.798364
vt 0.782011 0.680887
vt 0.782011 0.797874
vt 0.588670 0.797804
vt 0.588670 0.680887
vt 0.599029 0.681459
vt 0.599029 0.798376
vt 0.610847 0.681884
vt 0.610847 0.798800
vt 0.623670 0.682145
vt 0.623670 0.799062
vt 0.637006 0.682234
vt 0.637006 0.799151
vt 0.650341 0.682145
vt 0.650341 0.799062
vt 0.663164 0.681884
vt 0.663164 0.798800
vt 0.674982 0.681459
vt 0.674982 0.798376
vt 0.685341 0.680887
vt 0.685341 0.797804
vt 0.464380 0.798080
vt 0.464380 0.681092
vt 0.474738 0.681583
vt 0.474738 0.798570
vt 0.486556 0.681947
vt 0.486556 0.798934
vt 0.499379 0.682171
vt 0.499379 0.799159
vt 0.512715 0.682247
vt 0.512715 0.799235
vt 0.526051 0.682171
vt 0.526051 0.799159
vt 0.538874 0.681947
vt 0.538874 0.798934
vt 0.550692 0.681583
vt 0.550692 0.798570
vt 0.561050 0.681092
vt 0.561050 0.798080
vt 0.763673 0.291975
vt 0.763673 0.174927
vt 0.774032 0.175334
vt 0.774032 0.292382
vt 0.785850 0.175636
vt 0.785850 0.292684
vt 0.652281 0.295794
vt 0.642806 0.286319
vt 0.635361 0.275177
vt 0.630233 0.262797
vt 0.627619 0.249654
vt 0.627619 0.236254
vt 0.630233 0.223111
vt 0.635361 0.210731
vt 0.642806 0.199589
vt 0.652281 0.190114
vt 0.663423 0.182669
vt 0.675803 0.177541
vt 0.688946 0.174927
vt 0.702346 0.174927
vt 0.715489 0.177541
vt 0.727869 0.182669
vt 0.739011 0.190114
vt 0.748486 0.199589
vt 0.755931 0.210731
vt 0.761059 0.223111
vt 0.763673 0.236254
vt 0.763673 0.249654
vt 0.761059 0.262797
vt 0.755931 0.275177
vt 0.748486 0.286319
vt 0.739011 0.295794
vt 0.727869 0.303239
vt 0.715489 0.308367
vt 0.702346 0.310981
vt 0.688946 0.310981
vt 0.675803 0.308367
vt 0.663423 0.303239
vt 0.798673 0.175822
vt 0.798673 0.292870
vt 0.654494 0.111392
vt 0.647049 0.100250
vt 0.641921 0.087870
vt 0.639307 0.074727
vt 0.639307 0.061327
vt 0.641921 0.048184
vt 0.647049 0.035804
vt 0.654494 0.024662
vt 0.663969 0.015187
vt 0.675111 0.007742
vt 0.687491 0.002614
vt 0.700634 0.000000
vt 0.714034 0.000000
vt 0.727177 0.002614
vt 0.739557 0.007742
vt 0.750699 0.015187
vt 0.760174 0.024662
vt 0.767619 0.035804
vt 0.772747 0.048184
vt 0.775361 0.061327
vt 0.775361 0.074727
vt 0.772747 0.087870
vt 0.767619 0.100250
vt 0.760174 0.111392
vt 0.750699 0.120867
vt 0.739557 0.128312
vt 0.727177 0.133440
vt 0.714034 0.136054
vt 0.700634 0.136054
vt 0.687491 0.133440
vt 0.675111 0.128312
vt 0.663969 0.120867
vt 0.867249 0.970990
vt 0.867249 0.175064
vt 0.869154 0.175055
vt 0.869154 0.970981
vt 0.870986 0.175028
vt 0.870986 0.970955
vt 0.872674 0.174985
vt 0.872674 0.970911
vt 0.874154 0.174927
vt 0.874154 0.970853
vt 0.874154 0.970439
vt 0.874154 0.174927
vt 0.875634 0.174997
vt 0.875634 0.970509
vt 0.877322 0.175049
vt 0.877322 0.970561
vt 0.879154 0.175081
vt 0.879154 0.970594
vt 0.881059 0.175092
vt 0.881059 0.970604
vt 0.882964 0.175081
vt 0.882964 0.970594
vt 0.884796 0.175049
vt 0.884796 0.970561
vt 0.886484 0.174997
vt 0.886484 0.970509
vt 0.887964 0.174927
vt 0.887964 0.970439
vt 0.901774 0.969961
vt 0.901774 0.174927
vt 0.903254 0.175009
vt 0.903254 0.970042
vt 0.904942 0.175069
vt 0.904942 0.970103
vt 0.906774 0.175107
vt 0.906774 0.970141
vt 0.908679 0.175119
vt 0.908679 0.970153
vt 0.910584 0.175107
vt 0.910584 0.970141
vt 0.912416 0.175069
vt 0.912416 0.970103
vt 0.914104 0.175009
vt 0.914104 0.970042
vt 0.915584 0.174927
vt 0.915584 0.969961
vt 0.889444 0.174997
vt 0.889444 0.970509
vt 0.891132 0.175049
vt 0.891132 0.970561
vt 0.892964 0.175081
vt 0.892964 0.970594
vt 0.894869 0.175092
vt 0.894869 0.970604
vt 0.896774 0.175081
vt 0.896774 0.970594
vt 0.898606 0.175049
vt 0.898606 0.970561
vt 0.900294 0.174997
vt 0.900294 0.970509
vt 0.901774 0.174927
vt 0.901774 0.970439
vt 0.860344 0.970853
vt 0.860344 0.174927
vt 0.861824 0.174985
vt 0.861824 0.970911
vt 0.863512 0.175028
vt 0.863512 0.970955
vt 0.643532 0.328248
vt 0.641940 0.329312
vt 0.640172 0.330044
vt 0.638294 0.330418
vt 0.636380 0.330418
vt 0.634503 0.330044
vt 0.632734 0.329312
vt 0.631142 0.328248
vt 0.629789 0.326894
vt 0.628725 0.325303
vt 0.627993 0.323534
vt 0.627619 0.321657
vt 0.627619 0.319742
vt 0.627993 0.317865
vt 0.628725 0.316096
vt 0.629789 0.314504
vt 0.631142 0.313151
vt 0.632734 0.312087
vt 0.634503 0.311355
vt 0.636380 0.310981
vt 0.638294 0.310981
vt 0.640172 0.311355
vt 0.641940 0.312087
vt 0.643532 0.313151
vt 0.644886 0.314504
vt 0.645949 0.316096
vt 0.646682 0.317865
vt 0.647055 0.319742
vt 0.647055 0.321657
vt 0.646682 0.323534
vt 0.645949 0.325303
vt 0.644886 0.326894
vt 0.865344 0.175055
vt 0.865344 0.970981
vt 0.653628 0.154385
vt 0.651860 0.155117
vt 0.649982 0.155491
vt 0.648068 0.155491
vt 0.646190 0.155117
vt 0.644422 0.154385
vt 0.642830 0.153321
vt 0.641477 0.151967
vt 0.640413 0.150376
vt 0.639680 0.148607
vt 0.639307 0.146730
vt 0.639307 0.144815
vt 0.639680 0.142938
vt 0.640413 0.141169
vt 0.641477 0.139577
vt 0.642830 0.138224
vt 0.644422 0.137160
vt 0.646190 0.136428
vt 0.648068 0.136054
vt 0.649982 0.136054
vt 0.651860 0.136428
vt 0.653628 0.137160
vt 0.655220 0.138224
vt 0.656574 0.139577
vt 0.657637 0.141169
vt 0.658370 0.142938
vt 0.658743 0.144815
vt 0.658743 0.146730
vt 0.658370 0.148607
vt 0.657637 0.150376
vt 0.656574 0.151967
vt 0.655220 0.153321
vt 0.841561 0.806115
vt 0.841561 0.338166
vt 0.851326 0.338166
vt 0.851326 0.806115
vt 0.798594 0.806358
vt 0.798594 0.338166
vt 0.820077 0.338166
vt 0.820077 0.806358
vt 0.915584 0.642875
vt 0.915584 0.174927
vt 0.925349 0.174927
vt 0.925349 0.642875
vt 0.820077 0.805833
vt 0.820077 0.338166
vt 0.841561 0.338166
vt 0.841561 0.805833
vt 0.656821 0.310981
vt 0.656821 0.332465
vt 0.647055 0.332465
vt 0.647055 0.310981
vt 0.666586 0.310981
vt 0.666586 0.332465
vt 0.656821 0.310981
vt 0.284028 0.323926
vt 0.373100 0.005339
vt 0.374689 0.003820
vt 0.284028 0.335048
vt 0.378526 0.000000
vt 0.284028 0.361743
vt 0.094654 0.362149
vt 0.000157 0.000000
vt 0.003993 0.003834
vt 0.094654 0.335433
vt 0.005582 0.005376
vt 0.094654 0.324321
vt 0.194956 0.005339
vt 0.193367 0.003820
vt 0.189530 0.000000
vt 0.189152 0.000000
vt 0.185315 0.003834
vt 0.183726 0.005376
vt 0.754155 0.667847
vt 0.714583 0.667847
vt 0.714583 0.343930
vt 0.754155 0.343930
vt 0.757400 0.667847
vt 0.757400 0.343930
vt 0.796972 0.343930
vt 0.796972 0.667847
vt 0.284028 0.999032
vt 0.235077 0.827267
vt 0.189309 0.032909
vt 0.378747 0.032909
vt 0.332979 0.827267
vt 0.798594 0.338166
vt 0.798119 0.342242
vt 0.756253 0.342242
vt 0.755777 0.338166
vt 0.712961 0.338166
vt 0.755778 0.338166
vt 0.755302 0.342242
vt 0.713436 0.342242
vt 0.094654 1.000000
vt 0.045703 0.828041
vt 0.048295 0.815424
vt 0.094654 0.978277
vt 0.054553 0.784745
vt 0.094654 0.925616
vt 0.134756 0.784745
vt 0.141013 0.815424
vt 0.143605 0.828041
vt 0.000000 0.023251
vt 0.420621 0.023293
vt 0.420621 0.812269
vt 0.418344 0.825138
vt 0.418344 0.032941
vt 0.189309 0.023251
vt 0.422506 0.812269
vt 0.422506 0.023293
vt 0.424782 0.032941
vt 0.424782 0.825138
vt 0.378747 0.825138
vt 0.378747 0.032941
vt 0.418344 0.994184
vt 0.378747 0.994184
vt 0.464380 0.825138
vt 0.464380 0.994184
vt 0.424782 0.994184
vt 0.464380 0.032941
vt 0.378747 0.000000
vt 0.421563 0.000000
vt 0.421563 0.000000
vt 0.464380 0.000000
s 1
usemtl Material.021
f 3367/6238/1409 3368/6239/1409 3369/6240/1409 3370/6241/1409 3371/6242/1409 3372/6243/1409 3373/6244/1409 3374/6245/1409 3375/6246/1409 3376/6247/1409 3377/6248/1409 3378/6249/1409 3379/6250/1409 3380/6251/1409 3381/6252/1409 3382/6253/1409 3383/6254/1409 3384/6255/1409 3385/6256/1409 3386/6257/1409 3387/6258/1409 3388/6259/1409 3389/6260/1409 3390/6261/1409 3391/6262/1409 3392/6263/1409 3393/6264/1409 3394/6265/1409 3395/6266/1409 3396/6267/1409 3397/6268/1409 3398/6269/1409
f 3403/6270/1410 3400/6271/1410 3401/6272/1410 3404/6273/1410
f 3404/6274/1411 3401/6275/1411 3399/6276/1411 3402/6277/1411
f 3406/6278/1412 3403/6270/1412 3404/6273/1412 3407/6279/1412
f 3407/6280/1413 3404/6274/1413 3402/6277/1413 3405/6281/1413
f 3409/6282/1414 3406/6278/1414 3407/6279/1414 3410/6283/1414
f 3410/6284/1415 3407/6280/1415 3405/6281/1415 3408/6285/1415
f 3412/6286/1416 3409/6282/1416 3410/6283/1416 3413/6287/1416
f 3413/6288/1417 3410/6284/1417 3408/6285/1417 3411/6289/1417
f 3415/6290/1418 3412/6291/1418 3413/6292/1418 3416/6293/1418
f 3416/6294/1419 3413/6288/1419 3411/6289/1419 3414/6295/1419
f 3418/6296/1420 3415/6290/1420 3416/6293/1420 3419/6297/1420
f 3419/6298/1421 3416/6294/1421 3414/6295/1421 3417/6299/1421
f 3421/6300/1422 3418/6296/1422 3419/6297/1422 3422/6301/1422
f 3422/6302/1423 3419/6298/1423 3417/6299/1423 3420/6303/1423
f 3424/6304/1424 3421/6300/1424 3422/6301/1424 3425/6305/1424
f 3425/6306/1425 3422/6302/1425 3420/6303/1425 3423/6307/1425
f 3427/6308/1426 3424/6304/1426 3425/6305/1426 3428/6309/1426
f 3428/6310/1427 3425/6306/1427 3423/6307/1427 3426/6311/1427
f 3430/6312/1428 3427/6308/1428 3428/6309/1428 3431/6313/1428
f 3431/6314/1429 3428/6310/1429 3426/6311/1429 3429/6315/1429
f 3433/6316/1430 3430/6312/1430 3431/6313/1430 3434/6317/1430
f 3434/6318/1431 3431/6314/1431 3429/6315/1431 3432/6319/1431
f 3436/6320/1432 3433/6316/1432 3434/6317/1432 3437/6321/1432
f 3437/6322/1433 3434/6318/1433 3432/6319/1433 3435/6323/1433
f 3439/6324/1434 3436/6325/1434 3437/6326/1434 3440/6327/1434
f 3440/6328/1435 3437/6322/1435 3435/6323/1435 3438/6329/1435
f 3442/6330/1436 3439/6324/1436 3440/6327/1436 3443/6331/1436
f 3443/6332/1437 3440/6328/1437 3438/6329/1437 3441/6333/1437
f 3445/6334/1438 3442/6330/1438 3443/6331/1438 3446/6335/1438
f 3446/6336/1439 3443/6332/1439 3441/6333/1439 3444/6337/1439
f 3448/6338/1440 3445/6334/1440 3446/6335/1440 3449/6339/1440
f 3449/6340/1441 3446/6336/1441 3444/6337/1441 3447/6341/1441
f 3451/6342/1442 3448/6338/1442 3449/6339/1442 3452/6343/1442
f 3452/6344/1443 3449/6340/1443 3447/6341/1443 3450/6345/1443
f 3454/6346/1444 3451/6342/1444 3452/6343/1444 3455/6347/1444
f 3455/6348/1445 3452/6344/1445 3450/6345/1445 3453/6349/1445
f 3457/6350/1446 3454/6346/1446 3455/6347/1446 3458/6351/1446
f 3458/6352/1447 3455/6348/1447 3453/6349/1447 3456/6353/1447
f 3460/6354/1448 3457/6350/1448 3458/6351/1448 3461/6355/1448
f 3461/6356/1449 3458/6352/1449 3456/6353/1449 3459/6357/1449
f 3463/6358/1450 3460/6359/1450 3461/6360/1450 3464/6361/1450
f 3464/6362/1451 3461/6356/1451 3459/6357/1451 3462/6363/1451
f 3466/6364/1452 3463/6358/1452 3464/6361/1452 3467/6365/1452
f 3467/6366/1453 3464/6362/1453 3462/6363/1453 3465/6367/1453
f 3469/6368/1454 3466/6364/1454 3467/6365/1454 3470/6369/1454
f 3470/6370/1455 3467/6366/1455 3465/6367/1455 3468/6371/1455
f 3472/6372/1456 3469/6368/1456 3470/6369/1456 3473/6373/1456
f 3473/6374/1457 3470/6370/1457 3468/6371/1457 3471/6375/1457
f 3475/6376/1458 3472/6372/1458 3473/6373/1458 3476/6377/1458
f 3476/6378/1459 3473/6374/1459 3471/6375/1459 3474/6379/1459
f 3478/6380/1460 3475/6376/1460 3476/6377/1460 3479/6381/1460
f 3479/6382/1461 3476/6378/1461 3474/6379/1461 3477/6383/1461
f 3481/6384/1462 3478/6380/1462 3479/6381/1462 3482/6385/1462
f 3482/6386/1463 3479/6382/1463 3477/6383/1463 3480/6387/1463
f 3484/6388/1464 3481/6384/1464 3482/6385/1464 3485/6389/1464
f 3485/6390/1465 3482/6386/1465 3480/6387/1465 3483/6391/1465
f 3487/6392/1466 3484/6393/1466 3485/6394/1466 3488/6395/1466
f 3488/6396/1467 3485/6390/1467 3483/6391/1467 3486/6397/1467
f 3490/6398/1468 3487/6392/1468 3488/6395/1468 3491/6399/1468
f 3491/6400/1469 3488/6396/1469 3486/6397/1469 3489/6401/1469
f 3493/6402/1470 3490/6398/1470 3491/6399/1470 3494/6403/1470
f 3494/6404/1471 3491/6400/1471 3489/6401/1471 3492/6405/1471
f 3400/6271/1472 3493/6402/1472 3494/6403/1472 3401/6272/1472
f 3401/6275/1473 3494/6404/1473 3492/6405/1473 3399/6276/1473
f 3402/6277/1474 3399/6276/1474 3492/6405/1474 3489/6401/1474 3486/6397/1474 3483/6391/1474 3480/6387/1474 3477/6383/1474 3474/6379/1474 3471/6375/1474 3468/6371/1474 3465/6367/1474 3462/6363/1474 3459/6357/1474 3456/6353/1474 3453/6349/1474 3450/6345/1474 3447/6341/1474 3444/6337/1474 3441/6333/1474 3438/6329/1474 3435/6323/1474 3432/6319/1474 3429/6315/1474 3426/6311/1474 3423/6307/1474 3420/6303/1474 3417/6299/1474 3414/6295/1474 3411/6289/1474 3408/6285/1474 3405/6281/1474
f 3367/6406/1475 3400/6271/1475 3403/6270/1475 3368/6407/1475
f 3398/6408/1476 3493/6402/1476 3400/6271/1476 3367/6406/1476
f 3368/6407/1477 3403/6270/1477 3406/6278/1477 3369/6409/1477
f 3369/6409/1478 3406/6278/1478 3409/6282/1478 3370/6410/1478
f 3370/6410/1479 3409/6282/1479 3412/6286/1479 3371/6411/1479
f 3371/6412/1480 3412/6291/1480 3415/6290/1480 3372/6413/1480
f 3372/6413/1481 3415/6290/1481 3418/6296/1481 3373/6414/1481
f 3373/6414/1482 3418/6296/1482 3421/6300/1482 3374/6415/1482
f 3374/6415/1483 3421/6300/1483 3424/6304/1483 3375/6416/1483
f 3375/6416/1484 3424/6304/1484 3427/6308/1484 3376/6417/1484
f 3376/6417/1485 3427/6308/1485 3430/6312/1485 3377/6418/1485
f 3377/6418/1486 3430/6312/1486 3433/6316/1486 3378/6419/1486
f 3378/6419/1487 3433/6316/1487 3436/6320/1487 3379/6420/1487
f 3379/6421/1488 3436/6325/1488 3439/6324/1488 3380/6422/1488
f 3380/6422/1489 3439/6324/1489 3442/6330/1489 3381/6423/1489
f 3381/6423/1490 3442/6330/1490 3445/6334/1490 3382/6424/1490
f 3382/6424/1491 3445/6334/1491 3448/6338/1491 3383/6425/1491
f 3383/6425/1492 3448/6338/1492 3451/6342/1492 3384/6426/1492
f 3384/6426/1493 3451/6342/1493 3454/6346/1493 3385/6427/1493
f 3385/6427/1494 3454/6346/1494 3457/6350/1494 3386/6428/1494
f 3386/6428/1495 3457/6350/1495 3460/6354/1495 3387/6429/1495
f 3387/6430/1496 3460/6359/1496 3463/6358/1496 3388/6431/1496
f 3388/6431/1497 3463/6358/1497 3466/6364/1497 3389/6432/1497
f 3389/6432/1498 3466/6364/1498 3469/6368/1498 3390/6433/1498
f 3390/6433/1499 3469/6368/1499 3472/6372/1499 3391/6434/1499
f 3391/6434/1500 3472/6372/1500 3475/6376/1500 3392/6435/1500
f 3392/6435/1501 3475/6376/1501 3478/6380/1501 3393/6436/1501
f 3393/6436/1502 3478/6380/1502 3481/6384/1502 3394/6437/1502
f 3394/6437/1503 3481/6384/1503 3484/6388/1503 3395/6438/1503
f 3395/6439/1504 3484/6393/1504 3487/6392/1504 3396/6440/1504
f 3396/6440/1505 3487/6392/1505 3490/6398/1505 3397/6441/1505
f 3397/6441/1506 3490/6398/1506 3493/6402/1506 3398/6408/1506
f 3495/6442/1475 3496/6443/1475 3498/6444/1475 3497/6445/1475
f 3497/6445/1477 3498/6444/1477 3500/6446/1477 3499/6447/1477
f 3499/6447/1478 3500/6446/1478 3502/6448/1478 3501/6449/1478
f 3501/6449/1479 3502/6448/1479 3504/6450/1479 3503/6451/1479
f 3503/6452/1480 3504/6453/1480 3506/6454/1480 3505/6455/1480
f 3505/6455/1481 3506/6454/1481 3508/6456/1481 3507/6457/1481
f 3507/6457/1482 3508/6456/1482 3510/6458/1482 3509/6459/1482
f 3509/6459/1483 3510/6458/1483 3512/6460/1483 3511/6461/1483
f 3511/6461/1484 3512/6460/1484 3514/6462/1484 3513/6463/1484
f 3513/6463/1485 3514/6462/1485 3516/6464/1485 3515/6465/1485
f 3515/6465/1486 3516/6464/1486 3518/6466/1486 3517/6467/1486
f 3517/6467/1487 3518/6466/1487 3520/6468/1487 3519/6469/1487
f 3519/6470/1488 3520/6471/1488 3522/6472/1488 3521/6473/1488
f 3521/6473/1489 3522/6472/1489 3524/6474/1489 3523/6475/1489
f 3523/6475/1490 3524/6474/1490 3526/6476/1490 3525/6477/1490
f 3525/6477/1491 3526/6476/1491 3528/6478/1491 3527/6479/1491
f 3527/6479/1492 3528/6478/1492 3530/6480/1492 3529/6481/1492
f 3529/6481/1493 3530/6480/1493 3532/6482/1493 3531/6483/1493
f 3531/6483/1494 3532/6482/1494 3534/6484/1494 3533/6485/1494
f 3533/6485/1495 3534/6484/1495 3536/6486/1495 3535/6487/1495
f 3535/6488/1496 3536/6489/1496 3538/6490/1496 3537/6491/1496
f 3537/6491/1497 3538/6490/1497 3540/6492/1497 3539/6493/1497
f 3539/6493/1498 3540/6492/1498 3542/6494/1498 3541/6495/1498
f 3541/6495/1499 3542/6494/1499 3544/6496/1499 3543/6497/1499
f 3543/6497/1500 3544/6496/1500 3546/6498/1500 3545/6499/1500
f 3545/6499/1501 3546/6498/1501 3548/6500/1501 3547/6501/1501
f 3547/6501/1502 3548/6500/1502 3550/6502/1502 3549/6503/1502
f 3549/6503/1503 3550/6502/1503 3552/6504/1503 3551/6505/1503
f 3551/6506/1504 3552/6507/1504 3554/6508/1504 3553/6509/1504
f 3553/6509/1505 3554/6508/1505 3556/6510/1505 3555/6511/1505
f 3498/6512/1474 3496/6513/1474 3558/6514/1474 3556/6515/1474 3554/6516/1474 3552/6517/1474 3550/6518/1474 3548/6519/1474 3546/6520/1474 3544/6521/1474 3542/6522/1474 3540/6523/1474 3538/6524/1474 3536/6525/1474 3534/6526/1474 3532/6527/1474 3530/6528/1474 3528/6529/1474 3526/6530/1474 3524/6531/1474 3522/6532/1474 3520/6533/1474 3518/6534/1474 3516/6535/1474 3514/6536/1474 3512/6537/1474 3510/6538/1474 3508/6539/1474 3506/6540/1474 3504/6541/1474 3502/6542/1474 3500/6543/1474
f 3555/6511/1506 3556/6510/1506 3558/6544/1506 3557/6545/1506
f 3557/6545/1476 3558/6544/1476 3496/6443/1476 3495/6442/1476
f 3495/6546/1409 3497/6547/1409 3499/6548/1409 3501/6549/1409 3503/6550/1409 3505/6551/1409 3507/6552/1409 3509/6553/1409 3511/6554/1409 3513/6555/1409 3515/6556/1409 3517/6557/1409 3519/6558/1409 3521/6559/1409 3523/6560/1409 3525/6561/1409 3527/6562/1409 3529/6563/1409 3531/6564/1409 3533/6565/1409 3535/6566/1409 3537/6567/1409 3539/6568/1409 3541/6569/1409 3543/6570/1409 3545/6571/1409 3547/6572/1409 3549/6573/1409 3551/6574/1409 3553/6575/1409 3555/6576/1409 3557/6577/1409
f 3559/6578/1475 3560/6579/1475 3562/6580/1475 3561/6581/1475
f 3561/6581/1477 3562/6580/1477 3564/6582/1477 3563/6583/1477
f 3563/6583/1478 3564/6582/1478 3566/6584/1478 3565/6585/1478
f 3565/6585/1479 3566/6584/1479 3568/6586/1479 3567/6587/1479
f 3567/6588/1480 3568/6589/1480 3570/6590/1480 3569/6591/1480
f 3569/6591/1481 3570/6590/1481 3572/6592/1481 3571/6593/1481
f 3571/6593/1482 3572/6592/1482 3574/6594/1482 3573/6595/1482
f 3573/6595/1483 3574/6594/1483 3576/6596/1483 3575/6597/1483
f 3575/6597/1484 3576/6596/1484 3578/6598/1484 3577/6599/1484
f 3577/6599/1485 3578/6598/1485 3580/6600/1485 3579/6601/1485
f 3579/6601/1486 3580/6600/1486 3582/6602/1486 3581/6603/1486
f 3581/6603/1487 3582/6602/1487 3584/6604/1487 3583/6605/1487
f 3583/6606/1488 3584/6607/1488 3586/6608/1488 3585/6609/1488
f 3585/6609/1489 3586/6608/1489 3588/6610/1489 3587/6611/1489
f 3587/6611/1490 3588/6610/1490 3590/6612/1490 3589/6613/1490
f 3589/6613/1491 3590/6612/1491 3592/6614/1491 3591/6615/1491
f 3591/6615/1492 3592/6614/1492 3594/6616/1492 3593/6617/1492
f 3593/6617/1493 3594/6616/1493 3596/6618/1493 3595/6619/1493
f 3595/6619/1494 3596/6618/1494 3598/6620/1494 3597/6621/1494
f 3597/6621/1495 3598/6620/1495 3600/6622/1495 3599/6623/1495
f 3599/6605/1496 3600/6604/1496 3602/6624/1496 3601/6625/1496
f 3601/6625/1497 3602/6624/1497 3604/6626/1497 3603/6627/1497
f 3603/6627/1498 3604/6626/1498 3606/6628/1498 3605/6629/1498
f 3605/6629/1499 3606/6628/1499 3608/6630/1499 3607/6631/1499
f 3607/6631/1500 3608/6630/1500 3610/6632/1500 3609/6633/1500
f 3609/6633/1501 3610/6632/1501 3612/6634/1501 3611/6635/1501
f 3611/6635/1502 3612/6634/1502 3614/6636/1502 3613/6637/1502
f 3613/6637/1503 3614/6636/1503 3616/6638/1503 3615/6639/1503
f 3615/6640/1504 3616/6641/1504 3618/6642/1504 3617/6643/1504
f 3617/6643/1505 3618/6642/1505 3620/6644/1505 3619/6645/1505
f 3562/6646/1474 3560/6647/1474 3622/6648/1474 3620/6649/1474 3618/6650/1474 3616/6651/1474 3614/6652/1474 3612/6653/1474 3610/6654/1474 3608/6655/1474 3606/6656/1474 3604/6657/1474 3602/6658/1474 3600/6659/1474 3598/6660/1474 3596/6661/1474 3594/6662/1474 3592/6663/1474 3590/6664/1474 3588/6665/1474 3586/6666/1474 3584/6667/1474 3582/6668/1474 3580/6669/1474 3578/6670/1474 3576/6671/1474 3574/6672/1474 3572/6673/1474 3570/6674/1474 3568/6675/1474 3566/6676/1474 3564/6677/1474
f 3619/6645/1506 3620/6644/1506 3622/6678/1506 3621/6679/1506
f 3621/6679/1476 3622/6678/1476 3560/6579/1476 3559/6578/1476
f 3559/6680/1409 3561/6681/1409 3563/6682/1409 3565/6683/1409 3567/6684/1409 3569/6685/1409 3571/6686/1409 3573/6687/1409 3575/6688/1409 3577/6689/1409 3579/6690/1409 3581/6691/1409 3583/6692/1409 3585/6693/1409 3587/6694/1409 3589/6695/1409 3591/6696/1409 3593/6697/1409 3595/6698/1409 3597/6699/1409 3599/6700/1409 3601/6701/1409 3603/6702/1409 3605/6703/1409 3607/6704/1409 3609/6705/1409 3611/6706/1409 3613/6707/1409 3615/6708/1409 3617/6709/1409 3619/6710/1409 3621/6711/1409
f 3623/6712/1507 3624/6713/1507 3626/6714/1507 3625/6715/1507
f 3625/6716/1508 3626/6717/1508 3630/6718/1508 3629/6719/1508
f 3629/6720/1509 3630/6721/1509 3628/6722/1509 3627/6723/1509
f 3627/6724/1510 3628/6725/1510 3624/6726/1510 3623/6727/1510
f 3625/6728/1409 3629/6729/1409 3627/6730/1409 3623/6731/1409
f 3630/6732/1474 3626/6733/1474 3624/6729/1474 3628/6734/1474
f 3644/6735/1511 3647/6736/1511 3648/6737/1511 3645/6738/1511
f 3645/6738/1512 3648/6737/1512 3646/6739/1512 3643/6740/1512
f 3641/6741/1513 3650/6742/1513 3651/6743/1513 3642/6744/1513
f 3642/6744/1514 3651/6743/1514 3649/6745/1514 3640/6746/1514
f 3652/6747/1515 3644/6735/1515 3645/6738/1515 3654/6748/1515
f 3654/6748/1516 3645/6738/1516 3643/6740/1516 3653/6749/1516
f 3655/6750/1517 3641/6741/1517 3642/6744/1517 3657/6751/1517
f 3657/6751/1518 3642/6744/1518 3640/6746/1518 3656/6752/1518
f 3640/6753/1519 3644/6754/1519 3652/6755/1519 3656/6756/1519
f 3640/6757/1520 3649/6758/1520 3647/6759/1520 3644/6760/1520
f 3632/6761/1510 3633/6762/1510 3637/6763/1510 3638/6749/1510 3653/6749/1510 3643/6740/1510
f 3632/6761/1510 3643/6740/1510 3646/6739/1510 3635/6739/1510 3634/6764/1510 3631/6765/1510
f 3646/6766/1521 3648/6767/1521 3647/6759/1521 3649/6758/1521 3651/6768/1521 3650/6769/1521 3636/6769/1521 3635/6766/1521
f 3638/6770/1522 3639/6771/1522 3655/6771/1522 3657/6772/1522 3656/6756/1522 3652/6755/1522 3654/6773/1522 3653/6770/1522
f 3662/6774/1523 3659/6775/1523 3660/6776/1523 3663/6777/1523
f 3663/6777/1524 3660/6776/1524 3658/6778/1524 3661/6779/1524
f 3661/6779/1525 3664/6780/1525 3666/6781/1525 3663/6777/1525
f 3663/6777/1526 3666/6781/1526 3665/6782/1526 3662/6774/1526
f 3667/6742/1527 3658/6778/1527 3660/6776/1527 3669/6783/1527
f 3669/6784/1528 3660/6785/1528 3659/6786/1528 3668/6787/1528
f 3664/6780/1529 3671/6750/1529 3672/6788/1529 3666/6781/1529
f 3666/6789/1530 3672/6790/1530 3670/6791/1530 3665/6792/1530
f 3631/6793/1531 3634/6794/1531 3668/6787/1531 3659/6786/1531
f 3659/6786/1532 3662/6795/1532 3632/6796/1532 3631/6793/1532
f 3658/6778/1508 3667/6742/1508 3636/6742/1508 3650/6742/1508 3641/6741/1508 3661/6779/1508
f 3665/6792/1533 3633/6797/1533 3632/6798/1533 3662/6799/1533
f 3664/6780/1508 3661/6779/1508 3641/6741/1508 3655/6750/1508 3639/6750/1508 3671/6750/1508
f 3633/6797/1534 3665/6792/1534 3670/6791/1534 3637/6800/1534
f 3635/6801/1535 3636/6802/1535 3667/6802/1535 3669/6784/1535 3668/6787/1535 3634/6794/1535
f 3637/6800/1536 3670/6791/1536 3672/6790/1536 3671/6803/1536 3639/6803/1536 3638/6804/1536
o mdlSilla.012
v 10.932462 1.486190 3.927536
v 10.919748 1.486190 4.044468
v 10.884466 1.486190 4.156672
v 10.827971 1.486190 4.259837
v 10.752437 1.486190 4.349998
v 10.660763 1.486190 4.423691
v 10.556475 1.486190 4.478083
v 10.443579 1.486190 4.511084
v 10.326414 1.486190 4.521427
v 10.209482 1.486190 4.508712
v 10.097279 1.486190 4.473430
v 9.994113 1.486190 4.416936
v 9.903952 1.486190 4.341401
v 9.830259 1.486190 4.249728
v 9.775867 1.486190 4.145439
v 9.742866 1.486190 4.032543
v 9.732524 1.486190 3.915378
v 9.745237 1.486190 3.798447
v 9.780519 1.486190 3.686243
v 9.837014 1.486190 3.583078
v 9.912549 1.486190 3.492916
v 10.004222 1.486190 3.419224
v 10.108511 1.486190 3.364832
v 10.221407 1.486190 3.331831
v 10.338572 1.486190 3.321488
v 10.455503 1.486190 3.334202
v 10.567707 1.486190 3.369484
v 10.670873 1.486190 3.425978
v 10.761034 1.486190 3.501513
v 10.834726 1.486190 3.593187
v 10.889118 1.486190 3.697475
v 10.922120 1.486190 3.810371
v 10.795596 1.726190 3.926150
v 10.932462 1.698947 3.927536
v 10.892375 1.718211 3.927130
v 10.785782 1.726190 4.016407
v 10.919748 1.698947 4.044468
v 10.880510 1.718211 4.036249
v 10.758549 1.726190 4.103014
v 10.884466 1.698947 4.156672
v 10.847586 1.718211 4.140956
v 10.714942 1.726190 4.182645
v 10.827971 1.698947 4.259837
v 10.794866 1.718211 4.237228
v 10.656638 1.726190 4.252238
v 10.752437 1.698947 4.349998
v 10.724378 1.718211 4.321365
v 10.585877 1.726190 4.309120
v 10.660764 1.698947 4.423691
v 10.638830 1.718211 4.390134
v 10.505380 1.726190 4.351104
v 10.556475 1.698947 4.478083
v 10.541510 1.718211 4.440892
v 10.418238 1.726190 4.376577
v 10.443579 1.698947 4.511084
v 10.436156 1.718211 4.471688
v 10.327801 1.726190 4.384560
v 10.326414 1.698947 4.521427
v 10.326820 1.718211 4.481339
v 10.237544 1.726190 4.374746
v 10.209482 1.698947 4.508712
v 10.217701 1.718211 4.469475
v 10.150936 1.726190 4.347513
v 10.097279 1.698947 4.473430
v 10.112994 1.718211 4.436550
v 10.071305 1.726190 4.303906
v 9.994113 1.698947 4.416936
v 10.016722 1.718211 4.383831
v 10.001712 1.726190 4.245603
v 9.903952 1.698947 4.341401
v 9.932585 1.718211 4.313342
v 9.944830 1.726190 4.174842
v 9.830259 1.698947 4.249728
v 9.863816 1.718211 4.227794
v 9.902845 1.726190 4.094344
v 9.775867 1.698947 4.145439
v 9.813059 1.718211 4.130474
v 9.877373 1.726190 4.007202
v 9.742866 1.698947 4.032543
v 9.782262 1.718211 4.025121
v 9.869390 1.726190 3.916765
v 9.732524 1.698947 3.915378
v 9.772611 1.718211 3.915784
v 9.879204 1.726190 3.826508
v 9.745237 1.698947 3.798447
v 9.784475 1.718211 3.806666
v 9.906437 1.726190 3.739900
v 9.780519 1.698947 3.686243
v 9.817400 1.718211 3.701959
v 9.950044 1.726190 3.660269
v 9.837014 1.698947 3.583078
v 9.870120 1.718211 3.605687
v 10.008348 1.726190 3.590676
v 9.912549 1.698947 3.492916
v 9.940608 1.718211 3.521550
v 10.079108 1.726190 3.533794
v 10.004223 1.698947 3.419224
v 10.026155 1.718211 3.452781
v 10.159606 1.726190 3.491810
v 10.108511 1.698947 3.364832
v 10.123476 1.718211 3.402023
v 10.246748 1.726190 3.466337
v 10.221407 1.698947 3.331831
v 10.228829 1.718211 3.371227
v 10.337185 1.726190 3.458354
v 10.338572 1.698947 3.321488
v 10.338166 1.718211 3.361575
v 10.427442 1.726190 3.468168
v 10.455503 1.698947 3.334202
v 10.447285 1.718211 3.373440
v 10.514050 1.726190 3.495402
v 10.567707 1.698947 3.369484
v 10.551991 1.718211 3.406365
v 10.593680 1.726190 3.539008
v 10.670873 1.698947 3.425978
v 10.648264 1.718211 3.459084
v 10.663274 1.726190 3.597312
v 10.761034 1.698947 3.501513
v 10.732401 1.718211 3.529572
v 10.720156 1.726190 3.668072
v 10.834726 1.698947 3.593187
v 10.801169 1.718211 3.615120
v 10.762140 1.726190 3.748571
v 10.889118 1.698947 3.697475
v 10.851927 1.718211 3.712441
v 10.787613 1.726190 3.835712
v 10.922120 1.698947 3.810371
v 10.882724 1.718211 3.817794
v 10.799135 0.317975 3.926185
v 10.799135 0.477975 3.926185
v 10.789247 0.317975 4.017132
v 10.789247 0.477975 4.017132
v 10.761805 0.317975 4.104402
v 10.761805 0.477975 4.104402
v 10.717865 0.317975 4.184641
v 10.717865 0.477975 4.184641
v 10.659116 0.317975 4.254767
v 10.659116 0.477975 4.254767
v 10.587814 0.317975 4.312083
v 10.587814 0.477975 4.312083
v 10.506701 0.317975 4.354388
v 10.506701 0.477975 4.354388
v 10.418893 0.317975 4.380056
v 10.418893 0.477975 4.380056
v 10.327765 0.317975 4.388100
v 10.327765 0.477975 4.388100
v 10.236817 0.317975 4.378211
v 10.236817 0.477975 4.378211
v 10.149548 0.317975 4.350770
v 10.149548 0.477975 4.350770
v 10.069308 0.317975 4.306829
v 10.069308 0.477975 4.306829
v 9.999183 0.317975 4.248080
v 9.999183 0.477975 4.248080
v 9.941867 0.317975 4.176779
v 9.941867 0.477975 4.176779
v 9.899562 0.317975 4.095665
v 9.899562 0.477975 4.095665
v 9.873894 0.317975 4.007857
v 9.873894 0.477975 4.007857
v 9.865849 0.317975 3.916729
v 9.865850 0.477975 3.916729
v 9.875739 0.317975 3.825783
v 9.875739 0.477975 3.825783
v 9.903180 0.317975 3.738513
v 9.903180 0.477975 3.738513
v 9.947121 0.317975 3.658273
v 9.947121 0.477975 3.658273
v 10.005870 0.317975 3.588148
v 10.005870 0.477975 3.588148
v 10.077171 0.317975 3.530831
v 10.077171 0.477975 3.530831
v 10.158284 0.317975 3.488526
v 10.158284 0.477975 3.488526
v 10.246093 0.317975 3.462859
v 10.246093 0.477975 3.462859
v 10.337221 0.317975 3.454815
v 10.337221 0.477975 3.454815
v 10.428167 0.317975 3.464704
v 10.428167 0.477975 3.464704
v 10.515437 0.317975 3.492145
v 10.515437 0.477975 3.492145
v 10.595676 0.317975 3.536085
v 10.595676 0.477975 3.536085
v 10.665802 0.317975 3.594834
v 10.665802 0.477975 3.594834
v 10.723119 0.317975 3.666136
v 10.723119 0.477975 3.666136
v 10.765424 0.317975 3.747249
v 10.765424 0.477975 3.747249
v 10.791091 0.317975 3.835057
v 10.791091 0.477975 3.835057
v 10.399156 0.453975 3.922133
v 10.399157 1.541975 3.922133
v 10.397743 0.453975 3.935125
v 10.397743 1.541975 3.935125
v 10.393823 0.453975 3.947592
v 10.393824 1.541975 3.947592
v 10.387546 0.453975 3.959055
v 10.387546 1.541975 3.959055
v 10.379153 0.453975 3.969073
v 10.379153 1.541975 3.969073
v 10.368967 0.453975 3.977261
v 10.368967 1.541975 3.977261
v 10.357380 0.453975 3.983305
v 10.357380 1.541975 3.983305
v 10.344835 0.453975 3.986971
v 10.344835 1.541975 3.986971
v 10.331818 0.453975 3.988121
v 10.331818 1.541975 3.988121
v 10.318825 0.453975 3.986708
v 10.318825 1.541975 3.986708
v 10.306357 0.453975 3.982788
v 10.306357 1.541975 3.982788
v 10.294895 0.453975 3.976511
v 10.294895 1.541975 3.976511
v 10.284877 0.453975 3.968118
v 10.284877 1.541975 3.968118
v 10.276689 0.453975 3.957932
v 10.276690 1.541975 3.957932
v 10.270645 0.453975 3.946344
v 10.270645 1.541975 3.946344
v 10.266978 0.453975 3.933800
v 10.266978 1.541975 3.933800
v 10.265829 0.453975 3.920782
v 10.265829 1.541975 3.920782
v 10.267242 0.453975 3.907789
v 10.267242 1.541975 3.907789
v 10.271162 0.453975 3.895322
v 10.271162 1.541975 3.895322
v 10.277439 0.453975 3.883860
v 10.277439 1.541975 3.883860
v 10.285832 0.453975 3.873842
v 10.285832 1.541975 3.873842
v 10.296019 0.453975 3.865654
v 10.296019 1.541975 3.865654
v 10.307606 0.453975 3.859610
v 10.307606 1.541975 3.859610
v 10.320149 0.453975 3.855943
v 10.320150 1.541975 3.855943
v 10.333168 0.453975 3.854794
v 10.333168 1.541975 3.854794
v 10.346161 0.453975 3.856207
v 10.346161 1.541975 3.856207
v 10.358627 0.453975 3.860127
v 10.358627 1.541975 3.860127
v 10.370090 0.453975 3.866404
v 10.370090 1.541975 3.866404
v 10.380108 0.453975 3.874797
v 10.380109 1.541975 3.874797
v 10.388296 0.453975 3.884983
v 10.388296 1.541975 3.884983
v 10.394340 0.453975 3.896570
v 10.394341 1.541975 3.896570
v 10.398006 0.453975 3.909114
v 10.398007 1.541975 3.909114
v 9.879926 1.614190 3.843535
v 9.879926 2.254190 3.843535
v 9.946589 1.614190 3.844210
v 9.946589 2.254190 3.844210
v 9.878440 1.614190 3.990194
v 9.878440 2.254190 3.990194
v 9.945103 1.614190 3.990869
v 9.945103 2.254190 3.990869
v 9.755852 2.269675 3.581410
v 9.752466 2.034614 3.915580
v 9.749080 2.269675 4.249750
v 9.759018 3.356750 3.268968
v 9.759003 3.401785 3.270479
v 10.051294 3.401785 3.273441
v 9.745914 3.356750 4.562192
v 9.745930 3.401785 4.560681
v 10.038221 3.401785 4.563643
v 10.033684 2.958344 3.918430
v 10.044758 2.906741 3.918542
v 10.041514 2.943230 3.918509
v 9.752466 2.906741 3.915580
v 9.763540 2.958345 3.915693
v 9.755710 2.943231 3.915613
v 9.759003 3.401785 3.270479
v 9.769701 3.394330 3.307632
v 9.761981 3.396513 3.296704
v 10.039845 3.394330 3.310370
v 10.051294 3.401785 3.273441
v 10.047786 3.396513 3.299600
v 9.757380 3.394330 4.523752
v 9.745930 3.401785 4.560681
v 9.749439 3.396513 4.534522
v 10.038221 3.401785 4.563643
v 10.027523 3.394330 4.526490
v 10.035244 3.396513 4.537418
v 10.047532 2.329070 3.644784
v 10.026169 2.269675 3.584149
v 10.041529 2.287071 3.602001
v 10.044758 2.136505 3.918542
v 10.022783 2.034614 3.918319
v 10.038321 2.064457 3.918477
v 10.041985 2.329070 4.192299
v 10.019398 2.269675 4.252489
v 10.035115 2.287071 4.234952
v 10.051294 3.401785 3.273441
v 10.029335 3.356750 3.271707
v 10.044869 3.369940 3.272307
v 10.016232 3.356750 4.564931
v 10.038221 3.401785 4.563643
v 10.031775 3.369940 4.564646
vn -0.0000 -1.0000 -0.0000
vn 0.4323 0.9005 0.0470
vn 0.0821 0.9966 0.0089
vn 0.4148 0.9005 0.1304
vn 0.0788 0.9966 0.0248
vn 0.3814 0.9005 0.2088
vn 0.0724 0.9966 0.0397
vn 0.3333 0.9005 0.2792
vn 0.0633 0.9966 0.0530
vn 0.2724 0.9005 0.3389
vn 0.0517 0.9966 0.0643
vn 0.2011 0.9005 0.3855
vn 0.0382 0.9966 0.0732
vn 0.1220 0.9005 0.4173
vn 0.0232 0.9966 0.0792
vn 0.0382 0.9005 0.4331
vn 0.0073 0.9966 0.0822
vn -0.0470 0.9005 0.4323
vn -0.0089 0.9966 0.0821
vn -0.1304 0.9005 0.4148
vn -0.0248 0.9966 0.0788
vn -0.2088 0.9005 0.3814
vn -0.0397 0.9966 0.0724
vn -0.2792 0.9005 0.3333
vn -0.0530 0.9966 0.0633
vn -0.3389 0.9005 0.2724
vn -0.0643 0.9966 0.0517
vn -0.3855 0.9005 0.2011
vn -0.0732 0.9966 0.0382
vn -0.4173 0.9005 0.1220
vn -0.0792 0.9966 0.0232
vn -0.4331 0.9005 0.0382
vn -0.0822 0.9966 0.0073
vn -0.4323 0.9005 -0.0470
vn -0.0821 0.9966 -0.0089
vn -0.4148 0.9005 -0.1304
vn -0.0788 0.9966 -0.0248
vn -0.3814 0.9005 -0.2088
vn -0.0724 0.9966 -0.0397
vn -0.3333 0.9005 -0.2792
vn -0.0633 0.9966 -0.0530
vn -0.2724 0.9005 -0.3389
vn -0.0517 0.9966 -0.0643
vn -0.2011 0.9005 -0.3855
vn -0.0382 0.9966 -0.0732
vn -0.1220 0.9005 -0.4173
vn -0.0232 0.9966 -0.0792
vn -0.0382 0.9005 -0.4331
vn -0.0073 0.9966 -0.0822
vn 0.0470 0.9005 -0.4323
vn 0.0089 0.9966 -0.0821
vn 0.1304 0.9005 -0.4148
vn 0.0248 0.9966 -0.0788
vn 0.2088 0.9005 -0.3814
vn 0.0397 0.9966 -0.0724
vn 0.2792 0.9005 -0.3333
vn 0.0530 0.9966 -0.0633
vn 0.3389 0.9005 -0.2724
vn 0.0643 0.9966 -0.0517
vn 0.3855 0.9005 -0.2011
vn 0.0732 0.9966 -0.0382
vn 0.4173 0.9005 -0.1220
vn 0.0792 0.9966 -0.0232
vn 0.4331 0.9005 -0.0382
vn 0.0822 0.9966 -0.0073
vn -0.0000 1.0000 -0.0000
vn 0.9941 -0.0000 0.1081
vn 0.9961 -0.0000 -0.0879
vn 0.9540 -0.0000 0.3000
vn 0.8771 -0.0000 0.4803
vn 0.7665 -0.0000 0.6422
vn 0.6265 -0.0000 0.7794
vn 0.4624 -0.0000 0.8867
vn 0.2806 -0.0000 0.9598
vn 0.0879 -0.0000 0.9961
vn -0.1081 -0.0000 0.9941
vn -0.3000 -0.0000 0.9540
vn -0.4803 -0.0000 0.8771
vn -0.6422 -0.0000 0.7665
vn -0.7794 -0.0000 0.6265
vn -0.8867 -0.0000 0.4624
vn -0.9598 -0.0000 0.2806
vn -0.9961 -0.0000 0.0879
vn -0.9941 -0.0000 -0.1081
vn -0.9540 -0.0000 -0.3000
vn -0.8771 -0.0000 -0.4803
vn -0.7665 -0.0000 -0.6422
vn -0.6265 -0.0000 -0.7794
vn -0.4624 -0.0000 -0.8867
vn -0.2806 -0.0000 -0.9598
vn -0.0879 -0.0000 -0.9961
vn 0.1081 -0.0000 -0.9941
vn 0.3000 -0.0000 -0.9540
vn 0.4803 -0.0000 -0.8771
vn 0.6422 -0.0000 -0.7665
vn 0.7794 -0.0000 -0.6265
vn 0.8867 -0.0000 -0.4624
vn 0.9598 -0.0000 -0.2806
vn 0.9539 -0.0000 0.3000
vn 0.0101 -0.0000 -0.9999
vn 0.9999 -0.0000 0.0101
vn -0.0101 -0.0000 0.9999
vn -0.9999 -0.0000 -0.0101
vn -0.7362 0.5515 0.3922
vn -0.9884 0.1259 0.0845
vn 0.9865 0.1259 0.1045
vn 0.7281 0.5515 0.4071
vn -0.7281 0.5515 -0.4071
vn -0.9865 0.1259 -0.1045
vn 0.9884 0.1259 -0.0845
vn 0.7362 0.5515 -0.3922
vn 0.0059 0.8127 -0.5827
vn -0.0059 0.8127 0.5827
vn -0.0020 0.9803 0.1973
vn 0.0020 0.9803 -0.1973
vn 0.8467 -0.4392 -0.3004
vn 0.9947 -0.0888 -0.0524
vn 0.9934 -0.0888 0.0725
vn 0.8404 -0.4392 0.3175
vn 0.9825 -0.0606 -0.1762
vn 0.6501 -0.2174 -0.7281
vn 0.9787 -0.0606 0.1961
vn 0.6352 -0.2174 0.7411
vn 0.0097 -0.2762 -0.9610
vn 0.0058 -0.8179 -0.5753
vn -0.0058 -0.8179 0.5753
vn -0.0097 -0.2762 0.9610
vn 0.0101 0.0335 -0.9994
vn -0.0101 0.0335 0.9994
vt 0.483906 0.143218
vt 0.474334 0.128893
vt 0.467741 0.112976
vt 0.464380 0.096078
vt 0.464380 0.078849
vt 0.467741 0.061951
vt 0.474334 0.046034
vt 0.483906 0.031709
vt 0.496089 0.019526
vt 0.510414 0.009954
vt 0.526331 0.003361
vt 0.543229 -0.000000
vt 0.560458 -0.000000
vt 0.577356 0.003361
vt 0.593273 0.009954
vt 0.607598 0.019526
vt 0.619781 0.031709
vt 0.629353 0.046034
vt 0.635946 0.061951
vt 0.639307 0.078849
vt 0.639307 0.096078
vt 0.635946 0.112976
vt 0.629353 0.128893
vt 0.619781 0.143218
vt 0.607598 0.155401
vt 0.593273 0.164973
vt 0.577356 0.171566
vt 0.560458 0.174927
vt 0.543229 0.174927
vt 0.526331 0.171566
vt 0.510414 0.164973
vt 0.496089 0.155401
vt 0.667962 0.525164
vt 0.650816 0.525244
vt 0.650816 0.510871
vt 0.666816 0.510796
vt 0.473669 0.295208
vt 0.467517 0.280354
vt 0.481083 0.276239
vt 0.486172 0.288525
vt 0.684448 0.524924
vt 0.682201 0.510572
vt 0.482601 0.308576
vt 0.493560 0.299582
vt 0.699643 0.524536
vt 0.696381 0.510210
vt 0.493970 0.319945
vt 0.502964 0.308986
vt 0.712961 0.524013
vt 0.708809 0.509722
vt 0.507338 0.328877
vt 0.514021 0.316374
vt 0.477698 0.524677
vt 0.464380 0.524046
vt 0.468532 0.509722
vt 0.480960 0.510310
vt 0.522192 0.335029
vt 0.526307 0.321463
vt 0.492892 0.525145
vt 0.495140 0.510747
vt 0.537961 0.338166
vt 0.539350 0.324058
vt 0.509379 0.525433
vt 0.510525 0.511016
vt 0.554038 0.338166
vt 0.552649 0.324058
vt 0.526525 0.525531
vt 0.526525 0.511107
vt 0.569807 0.335029
vt 0.565692 0.321463
vt 0.543671 0.525433
vt 0.542525 0.511016
vt 0.584661 0.328877
vt 0.577978 0.316374
vt 0.560158 0.525145
vt 0.557911 0.510747
vt 0.598029 0.319945
vt 0.589035 0.308986
vt 0.575352 0.524677
vt 0.572090 0.510310
vt 0.609398 0.308576
vt 0.598439 0.299582
vt 0.588670 0.524046
vt 0.584518 0.509722
vt 0.618330 0.295208
vt 0.605827 0.288525
vt 0.477698 0.353257
vt 0.464380 0.352522
vt 0.468532 0.338166
vt 0.480960 0.338852
vt 0.624482 0.280354
vt 0.610916 0.276239
vt 0.492892 0.353804
vt 0.495140 0.339362
vt 0.627619 0.264585
vt 0.613511 0.263196
vt 0.509379 0.354140
vt 0.510525 0.339676
vt 0.627619 0.248508
vt 0.613511 0.249897
vt 0.526525 0.354254
vt 0.526525 0.339782
vt 0.624482 0.232739
vt 0.610916 0.236854
vt 0.543671 0.354140
vt 0.542525 0.339676
vt 0.618330 0.217885
vt 0.605827 0.224568
vt 0.560158 0.353804
vt 0.557911 0.339362
vt 0.609397 0.204517
vt 0.598439 0.213511
vt 0.575352 0.353257
vt 0.572090 0.338852
vt 0.598029 0.193148
vt 0.589035 0.204107
vt 0.588670 0.352522
vt 0.584518 0.338166
vt 0.584661 0.184216
vt 0.577978 0.196719
vt 0.601988 0.353121
vt 0.588670 0.352491
vt 0.592823 0.338166
vt 0.605251 0.338754
vt 0.569807 0.178064
vt 0.565692 0.191630
vt 0.617183 0.353589
vt 0.619430 0.339191
vt 0.554038 0.174927
vt 0.552649 0.189035
vt 0.633670 0.353878
vt 0.634816 0.339461
vt 0.537961 0.174927
vt 0.539350 0.189035
vt 0.650816 0.353975
vt 0.650816 0.339552
vt 0.522192 0.178064
vt 0.526307 0.191630
vt 0.667962 0.353878
vt 0.666816 0.339461
vt 0.507338 0.184216
vt 0.514021 0.196719
vt 0.684448 0.353589
vt 0.682201 0.339191
vt 0.493970 0.193148
vt 0.502964 0.204107
vt 0.699643 0.353121
vt 0.696381 0.338754
vt 0.482601 0.204517
vt 0.493560 0.213511
vt 0.712961 0.352491
vt 0.708809 0.338166
vt 0.473669 0.217885
vt 0.486172 0.224568
vt 0.601988 0.524536
vt 0.588670 0.524013
vt 0.592823 0.509722
vt 0.605251 0.510210
vt 0.467516 0.232739
vt 0.481083 0.236854
vt 0.617183 0.524924
vt 0.619430 0.510572
vt 0.464380 0.248508
vt 0.478488 0.249897
vt 0.633670 0.525164
vt 0.634816 0.510796
vt 0.464380 0.264585
vt 0.478488 0.263196
vt 0.650816 0.680887
vt 0.667962 0.680806
vt 0.633670 0.680806
vt 0.684448 0.680567
vt 0.699643 0.680178
vt 0.712961 0.679655
vt 0.464380 0.679608
vt 0.477698 0.680238
vt 0.492892 0.680707
vt 0.509379 0.680995
vt 0.526525 0.681092
vt 0.543671 0.680995
vt 0.560158 0.680707
vt 0.575352 0.680238
vt 0.588670 0.679608
vt 0.464380 0.507990
vt 0.477698 0.508725
vt 0.492892 0.509272
vt 0.509379 0.509608
vt 0.526525 0.509722
vt 0.543671 0.509608
vt 0.560158 0.509272
vt 0.575352 0.508725
vt 0.588670 0.507990
vt 0.588670 0.508052
vt 0.601988 0.508682
vt 0.617183 0.509151
vt 0.633670 0.509439
vt 0.650816 0.509537
vt 0.667962 0.509439
vt 0.684448 0.509151
vt 0.699643 0.508682
vt 0.712961 0.508052
vt 0.588670 0.679655
vt 0.601988 0.680178
vt 0.617183 0.680567
vt 0.812009 0.292933
vt 0.812009 0.175885
vt 0.825344 0.175822
vt 0.825344 0.292870
vt 0.838167 0.175636
vt 0.838167 0.292684
vt 0.849985 0.175334
vt 0.849985 0.292382
vt 0.860344 0.174927
vt 0.860344 0.291975
vt 0.685341 0.797874
vt 0.685341 0.680887
vt 0.695699 0.681377
vt 0.695699 0.798364
vt 0.707517 0.681742
vt 0.707517 0.798729
vt 0.720340 0.681966
vt 0.720340 0.798953
vt 0.733676 0.682042
vt 0.733676 0.799029
vt 0.747012 0.681966
vt 0.747012 0.798953
vt 0.759835 0.681742
vt 0.759835 0.798729
vt 0.771653 0.681377
vt 0.771653 0.798364
vt 0.782011 0.680887
vt 0.782011 0.797874
vt 0.588670 0.797804
vt 0.588670 0.680887
vt 0.599029 0.681459
vt 0.599029 0.798376
vt 0.610847 0.681884
vt 0.610847 0.798800
vt 0.623670 0.682145
vt 0.623670 0.799062
vt 0.637006 0.682234
vt 0.637006 0.799151
vt 0.650341 0.682145
vt 0.650341 0.799062
vt 0.663164 0.681884
vt 0.663164 0.798800
vt 0.674982 0.681459
vt 0.674982 0.798376
vt 0.685341 0.680887
vt 0.685341 0.797804
vt 0.464380 0.798080
vt 0.464380 0.681092
vt 0.474738 0.681583
vt 0.474738 0.798570
vt 0.486556 0.681947
vt 0.486556 0.798934
vt 0.499379 0.682171
vt 0.499379 0.799159
vt 0.512715 0.682247
vt 0.512715 0.799235
vt 0.526051 0.682171
vt 0.526051 0.799159
vt 0.538874 0.681947
vt 0.538874 0.798934
vt 0.550692 0.681583
vt 0.550692 0.798570
vt 0.561050 0.681092
vt 0.561050 0.798080
vt 0.763673 0.291975
vt 0.763673 0.174927
vt 0.774032 0.175334
vt 0.774032 0.292382
vt 0.785850 0.175636
vt 0.785850 0.292684
vt 0.652281 0.295794
vt 0.642806 0.286319
vt 0.635361 0.275177
vt 0.630233 0.262797
vt 0.627619 0.249654
vt 0.627619 0.236254
vt 0.630233 0.223111
vt 0.635361 0.210731
vt 0.642806 0.199589
vt 0.652281 0.190114
vt 0.663423 0.182669
vt 0.675803 0.177541
vt 0.688946 0.174927
vt 0.702346 0.174927
vt 0.715489 0.177541
vt 0.727869 0.182669
vt 0.739011 0.190114
vt 0.748486 0.199589
vt 0.755931 0.210731
vt 0.761059 0.223111
vt 0.763673 0.236254
vt 0.763673 0.249654
vt 0.761059 0.262797
vt 0.755931 0.275177
vt 0.748486 0.286319
vt 0.739011 0.295794
vt 0.727869 0.303239
vt 0.715489 0.308367
vt 0.702346 0.310981
vt 0.688946 0.310981
vt 0.675803 0.308367
vt 0.663423 0.303239
vt 0.798673 0.175822
vt 0.798673 0.292870
vt 0.654494 0.111392
vt 0.647049 0.100250
vt 0.641921 0.087870
vt 0.639307 0.074727
vt 0.639307 0.061327
vt 0.641921 0.048184
vt 0.647049 0.035804
vt 0.654494 0.024662
vt 0.663969 0.015187
vt 0.675111 0.007742
vt 0.687491 0.002614
vt 0.700634 0.000000
vt 0.714034 0.000000
vt 0.727177 0.002614
vt 0.739557 0.007742
vt 0.750699 0.015187
vt 0.760174 0.024662
vt 0.767619 0.035804
vt 0.772747 0.048184
vt 0.775361 0.061327
vt 0.775361 0.074727
vt 0.772747 0.087870
vt 0.767619 0.100250
vt 0.760174 0.111392
vt 0.750699 0.120867
vt 0.739557 0.128312
vt 0.727177 0.133440
vt 0.714034 0.136054
vt 0.700634 0.136054
vt 0.687491 0.133440
vt 0.675111 0.128312
vt 0.663969 0.120867
vt 0.867249 0.970990
vt 0.867249 0.175064
vt 0.869154 0.175055
vt 0.869154 0.970981
vt 0.870986 0.175028
vt 0.870986 0.970955
vt 0.872674 0.174985
vt 0.872674 0.970911
vt 0.874154 0.174927
vt 0.874154 0.970853
vt 0.874154 0.970439
vt 0.874154 0.174927
vt 0.875634 0.174997
vt 0.875634 0.970509
vt 0.877322 0.175049
vt 0.877322 0.970561
vt 0.879154 0.175081
vt 0.879154 0.970594
vt 0.881059 0.175092
vt 0.881059 0.970604
vt 0.882964 0.175081
vt 0.882964 0.970594
vt 0.884796 0.175049
vt 0.884796 0.970561
vt 0.886484 0.174997
vt 0.886484 0.970509
vt 0.887964 0.174927
vt 0.887964 0.970439
vt 0.901774 0.969961
vt 0.901774 0.174927
vt 0.903254 0.175009
vt 0.903254 0.970042
vt 0.904942 0.175069
vt 0.904942 0.970103
vt 0.906774 0.175107
vt 0.906774 0.970141
vt 0.908679 0.175119
vt 0.908679 0.970153
vt 0.910584 0.175107
vt 0.910584 0.970141
vt 0.912416 0.175069
vt 0.912416 0.970103
vt 0.914104 0.175009
vt 0.914104 0.970042
vt 0.915584 0.174927
vt 0.915584 0.969961
vt 0.889444 0.174997
vt 0.889444 0.970509
vt 0.891132 0.175049
vt 0.891132 0.970561
vt 0.892964 0.175081
vt 0.892964 0.970594
vt 0.894869 0.175092
vt 0.894869 0.970604
vt 0.896774 0.175081
vt 0.896774 0.970594
vt 0.898606 0.175049
vt 0.898606 0.970561
vt 0.900294 0.174997
vt 0.900294 0.970509
vt 0.901774 0.174927
vt 0.901774 0.970439
vt 0.860344 0.970853
vt 0.860344 0.174927
vt 0.861824 0.174985
vt 0.861824 0.970911
vt 0.863512 0.175028
vt 0.863512 0.970955
vt 0.643532 0.328248
vt 0.641940 0.329312
vt 0.640172 0.330044
vt 0.638294 0.330418
vt 0.636380 0.330418
vt 0.634503 0.330044
vt 0.632734 0.329312
vt 0.631142 0.328248
vt 0.629789 0.326894
vt 0.628725 0.325303
vt 0.627993 0.323534
vt 0.627619 0.321657
vt 0.627619 0.319742
vt 0.627993 0.317865
vt 0.628725 0.316096
vt 0.629789 0.314504
vt 0.631142 0.313151
vt 0.632734 0.312087
vt 0.634503 0.311355
vt 0.636380 0.310981
vt 0.638294 0.310981
vt 0.640172 0.311355
vt 0.641940 0.312087
vt 0.643532 0.313151
vt 0.644886 0.314504
vt 0.645949 0.316096
vt 0.646682 0.317865
vt 0.647055 0.319742
vt 0.647055 0.321657
vt 0.646682 0.323534
vt 0.645949 0.325303
vt 0.644886 0.326894
vt 0.865344 0.175055
vt 0.865344 0.970981
vt 0.653628 0.154385
vt 0.651860 0.155117
vt 0.649982 0.155491
vt 0.648068 0.155491
vt 0.646190 0.155117
vt 0.644422 0.154385
vt 0.642830 0.153321
vt 0.641477 0.151967
vt 0.640413 0.150376
vt 0.639680 0.148607
vt 0.639307 0.146730
vt 0.639307 0.144815
vt 0.639680 0.142938
vt 0.640413 0.141169
vt 0.641477 0.139577
vt 0.642830 0.138224
vt 0.644422 0.137160
vt 0.646190 0.136428
vt 0.648068 0.136054
vt 0.649982 0.136054
vt 0.651860 0.136428
vt 0.653628 0.137160
vt 0.655220 0.138224
vt 0.656574 0.139577
vt 0.657637 0.141169
vt 0.658370 0.142938
vt 0.658743 0.144815
vt 0.658743 0.146730
vt 0.658370 0.148607
vt 0.657637 0.150376
vt 0.656574 0.151967
vt 0.655220 0.153321
vt 0.841561 0.806115
vt 0.841561 0.338166
vt 0.851326 0.338166
vt 0.851326 0.806115
vt 0.798594 0.806358
vt 0.798594 0.338166
vt 0.820077 0.338166
vt 0.820077 0.806358
vt 0.915584 0.642875
vt 0.915584 0.174927
vt 0.925349 0.174927
vt 0.925349 0.642875
vt 0.820077 0.805833
vt 0.820077 0.338166
vt 0.841561 0.338166
vt 0.841561 0.805833
vt 0.656821 0.310981
vt 0.656821 0.332465
vt 0.647055 0.332465
vt 0.647055 0.310981
vt 0.666586 0.310981
vt 0.666586 0.332465
vt 0.656821 0.310981
vt 0.284028 0.323926
vt 0.373100 0.005339
vt 0.374689 0.003820
vt 0.284028 0.335048
vt 0.378526 0.000000
vt 0.284028 0.361743
vt 0.094654 0.362149
vt 0.000157 0.000000
vt 0.003993 0.003834
vt 0.094654 0.335433
vt 0.005582 0.005376
vt 0.094654 0.324321
vt 0.194956 0.005339
vt 0.193367 0.003820
vt 0.189530 0.000000
vt 0.189152 0.000000
vt 0.185315 0.003834
vt 0.183726 0.005376
vt 0.754155 0.667847
vt 0.714583 0.667847
vt 0.714583 0.343930
vt 0.754155 0.343930
vt 0.757400 0.667847
vt 0.757400 0.343930
vt 0.796972 0.343930
vt 0.796972 0.667847
vt 0.284028 0.999032
vt 0.235077 0.827267
vt 0.189309 0.032909
vt 0.378747 0.032909
vt 0.332979 0.827267
vt 0.798594 0.338166
vt 0.798119 0.342242
vt 0.756253 0.342242
vt 0.755777 0.338166
vt 0.712961 0.338166
vt 0.755778 0.338166
vt 0.755302 0.342242
vt 0.713436 0.342242
vt 0.094654 1.000000
vt 0.045703 0.828041
vt 0.048295 0.815424
vt 0.094654 0.978277
vt 0.054553 0.784745
vt 0.094654 0.925616
vt 0.134756 0.784745
vt 0.141013 0.815424
vt 0.143605 0.828041
vt 0.000000 0.023251
vt 0.420621 0.023293
vt 0.420621 0.812269
vt 0.418344 0.825138
vt 0.418344 0.032941
vt 0.189309 0.023251
vt 0.422506 0.812269
vt 0.422506 0.023293
vt 0.424782 0.032941
vt 0.424782 0.825138
vt 0.378747 0.825138
vt 0.378747 0.032941
vt 0.418344 0.994184
vt 0.378747 0.994184
vt 0.464380 0.825138
vt 0.464380 0.994184
vt 0.424782 0.994184
vt 0.464380 0.032941
vt 0.378747 0.000000
vt 0.421563 0.000000
vt 0.421563 0.000000
vt 0.464380 0.000000
s 1
usemtl Material.021
f 3673/6805/1537 3674/6806/1537 3675/6807/1537 3676/6808/1537 3677/6809/1537 3678/6810/1537 3679/6811/1537 3680/6812/1537 3681/6813/1537 3682/6814/1537 3683/6815/1537 3684/6816/1537 3685/6817/1537 3686/6818/1537 3687/6819/1537 3688/6820/1537 3689/6821/1537 3690/6822/1537 3691/6823/1537 3692/6824/1537 3693/6825/1537 3694/6826/1537 3695/6827/1537 3696/6828/1537 3697/6829/1537 3698/6830/1537 3699/6831/1537 3700/6832/1537 3701/6833/1537 3702/6834/1537 3703/6835/1537 3704/6836/1537
f 3709/6837/1538 3706/6838/1538 3707/6839/1538 3710/6840/1538
f 3710/6841/1539 3707/6842/1539 3705/6843/1539 3708/6844/1539
f 3712/6845/1540 3709/6837/1540 3710/6840/1540 3713/6846/1540
f 3713/6847/1541 3710/6841/1541 3708/6844/1541 3711/6848/1541
f 3715/6849/1542 3712/6845/1542 3713/6846/1542 3716/6850/1542
f 3716/6851/1543 3713/6847/1543 3711/6848/1543 3714/6852/1543
f 3718/6853/1544 3715/6849/1544 3716/6850/1544 3719/6854/1544
f 3719/6855/1545 3716/6851/1545 3714/6852/1545 3717/6856/1545
f 3721/6857/1546 3718/6858/1546 3719/6859/1546 3722/6860/1546
f 3722/6861/1547 3719/6855/1547 3717/6856/1547 3720/6862/1547
f 3724/6863/1548 3721/6857/1548 3722/6860/1548 3725/6864/1548
f 3725/6865/1549 3722/6861/1549 3720/6862/1549 3723/6866/1549
f 3727/6867/1550 3724/6863/1550 3725/6864/1550 3728/6868/1550
f 3728/6869/1551 3725/6865/1551 3723/6866/1551 3726/6870/1551
f 3730/6871/1552 3727/6867/1552 3728/6868/1552 3731/6872/1552
f 3731/6873/1553 3728/6869/1553 3726/6870/1553 3729/6874/1553
f 3733/6875/1554 3730/6871/1554 3731/6872/1554 3734/6876/1554
f 3734/6877/1555 3731/6873/1555 3729/6874/1555 3732/6878/1555
f 3736/6879/1556 3733/6875/1556 3734/6876/1556 3737/6880/1556
f 3737/6881/1557 3734/6877/1557 3732/6878/1557 3735/6882/1557
f 3739/6883/1558 3736/6879/1558 3737/6880/1558 3740/6884/1558
f 3740/6885/1559 3737/6881/1559 3735/6882/1559 3738/6886/1559
f 3742/6887/1560 3739/6883/1560 3740/6884/1560 3743/6888/1560
f 3743/6889/1561 3740/6885/1561 3738/6886/1561 3741/6890/1561
f 3745/6891/1562 3742/6892/1562 3743/6893/1562 3746/6894/1562
f 3746/6895/1563 3743/6889/1563 3741/6890/1563 3744/6896/1563
f 3748/6897/1564 3745/6891/1564 3746/6894/1564 3749/6898/1564
f 3749/6899/1565 3746/6895/1565 3744/6896/1565 3747/6900/1565
f 3751/6901/1566 3748/6897/1566 3749/6898/1566 3752/6902/1566
f 3752/6903/1567 3749/6899/1567 3747/6900/1567 3750/6904/1567
f 3754/6905/1568 3751/6901/1568 3752/6902/1568 3755/6906/1568
f 3755/6907/1569 3752/6903/1569 3750/6904/1569 3753/6908/1569
f 3757/6909/1570 3754/6905/1570 3755/6906/1570 3758/6910/1570
f 3758/6911/1571 3755/6907/1571 3753/6908/1571 3756/6912/1571
f 3760/6913/1572 3757/6909/1572 3758/6910/1572 3761/6914/1572
f 3761/6915/1573 3758/6911/1573 3756/6912/1573 3759/6916/1573
f 3763/6917/1574 3760/6913/1574 3761/6914/1574 3764/6918/1574
f 3764/6919/1575 3761/6915/1575 3759/6916/1575 3762/6920/1575
f 3766/6921/1576 3763/6917/1576 3764/6918/1576 3767/6922/1576
f 3767/6923/1577 3764/6919/1577 3762/6920/1577 3765/6924/1577
f 3769/6925/1578 3766/6926/1578 3767/6927/1578 3770/6928/1578
f 3770/6929/1579 3767/6923/1579 3765/6924/1579 3768/6930/1579
f 3772/6931/1580 3769/6925/1580 3770/6928/1580 3773/6932/1580
f 3773/6933/1581 3770/6929/1581 3768/6930/1581 3771/6934/1581
f 3775/6935/1582 3772/6931/1582 3773/6932/1582 3776/6936/1582
f 3776/6937/1583 3773/6933/1583 3771/6934/1583 3774/6938/1583
f 3778/6939/1584 3775/6935/1584 3776/6936/1584 3779/6940/1584
f 3779/6941/1585 3776/6937/1585 3774/6938/1585 3777/6942/1585
f 3781/6943/1586 3778/6939/1586 3779/6940/1586 3782/6944/1586
f 3782/6945/1587 3779/6941/1587 3777/6942/1587 3780/6946/1587
f 3784/6947/1588 3781/6943/1588 3782/6944/1588 3785/6948/1588
f 3785/6949/1589 3782/6945/1589 3780/6946/1589 3783/6950/1589
f 3787/6951/1590 3784/6947/1590 3785/6948/1590 3788/6952/1590
f 3788/6953/1591 3785/6949/1591 3783/6950/1591 3786/6954/1591
f 3790/6955/1592 3787/6951/1592 3788/6952/1592 3791/6956/1592
f 3791/6957/1593 3788/6953/1593 3786/6954/1593 3789/6958/1593
f 3793/6959/1594 3790/6960/1594 3791/6961/1594 3794/6962/1594
f 3794/6963/1595 3791/6957/1595 3789/6958/1595 3792/6964/1595
f 3796/6965/1596 3793/6959/1596 3794/6962/1596 3797/6966/1596
f 3797/6967/1597 3794/6963/1597 3792/6964/1597 3795/6968/1597
f 3799/6969/1598 3796/6965/1598 3797/6966/1598 3800/6970/1598
f 3800/6971/1599 3797/6967/1599 3795/6968/1599 3798/6972/1599
f 3706/6838/1600 3799/6969/1600 3800/6970/1600 3707/6839/1600
f 3707/6842/1601 3800/6971/1601 3798/6972/1601 3705/6843/1601
f 3708/6844/1602 3705/6843/1602 3798/6972/1602 3795/6968/1602 3792/6964/1602 3789/6958/1602 3786/6954/1602 3783/6950/1602 3780/6946/1602 3777/6942/1602 3774/6938/1602 3771/6934/1602 3768/6930/1602 3765/6924/1602 3762/6920/1602 3759/6916/1602 3756/6912/1602 3753/6908/1602 3750/6904/1602 3747/6900/1602 3744/6896/1602 3741/6890/1602 3738/6886/1602 3735/6882/1602 3732/6878/1602 3729/6874/1602 3726/6870/1602 3723/6866/1602 3720/6862/1602 3717/6856/1602 3714/6852/1602 3711/6848/1602
f 3673/6973/1603 3706/6838/1603 3709/6837/1603 3674/6974/1603
f 3704/6975/1604 3799/6969/1604 3706/6838/1604 3673/6973/1604
f 3674/6974/1605 3709/6837/1605 3712/6845/1605 3675/6976/1605
f 3675/6976/1606 3712/6845/1606 3715/6849/1606 3676/6977/1606
f 3676/6977/1607 3715/6849/1607 3718/6853/1607 3677/6978/1607
f 3677/6979/1608 3718/6858/1608 3721/6857/1608 3678/6980/1608
f 3678/6980/1609 3721/6857/1609 3724/6863/1609 3679/6981/1609
f 3679/6981/1610 3724/6863/1610 3727/6867/1610 3680/6982/1610
f 3680/6982/1611 3727/6867/1611 3730/6871/1611 3681/6983/1611
f 3681/6983/1612 3730/6871/1612 3733/6875/1612 3682/6984/1612
f 3682/6984/1613 3733/6875/1613 3736/6879/1613 3683/6985/1613
f 3683/6985/1614 3736/6879/1614 3739/6883/1614 3684/6986/1614
f 3684/6986/1615 3739/6883/1615 3742/6887/1615 3685/6987/1615
f 3685/6988/1616 3742/6892/1616 3745/6891/1616 3686/6989/1616
f 3686/6989/1617 3745/6891/1617 3748/6897/1617 3687/6990/1617
f 3687/6990/1618 3748/6897/1618 3751/6901/1618 3688/6991/1618
f 3688/6991/1619 3751/6901/1619 3754/6905/1619 3689/6992/1619
f 3689/6992/1620 3754/6905/1620 3757/6909/1620 3690/6993/1620
f 3690/6993/1621 3757/6909/1621 3760/6913/1621 3691/6994/1621
f 3691/6994/1622 3760/6913/1622 3763/6917/1622 3692/6995/1622
f 3692/6995/1623 3763/6917/1623 3766/6921/1623 3693/6996/1623
f 3693/6997/1624 3766/6926/1624 3769/6925/1624 3694/6998/1624
f 3694/6998/1625 3769/6925/1625 3772/6931/1625 3695/6999/1625
f 3695/6999/1626 3772/6931/1626 3775/6935/1626 3696/7000/1626
f 3696/7000/1627 3775/6935/1627 3778/6939/1627 3697/7001/1627
f 3697/7001/1628 3778/6939/1628 3781/6943/1628 3698/7002/1628
f 3698/7002/1629 3781/6943/1629 3784/6947/1629 3699/7003/1629
f 3699/7003/1630 3784/6947/1630 3787/6951/1630 3700/7004/1630
f 3700/7004/1631 3787/6951/1631 3790/6955/1631 3701/7005/1631
f 3701/7006/1632 3790/6960/1632 3793/6959/1632 3702/7007/1632
f 3702/7007/1633 3793/6959/1633 3796/6965/1633 3703/7008/1633
f 3703/7008/1634 3796/6965/1634 3799/6969/1634 3704/6975/1634
f 3801/7009/1603 3802/7010/1603 3804/7011/1603 3803/7012/1603
f 3803/7012/1605 3804/7011/1605 3806/7013/1605 3805/7014/1605
f 3805/7014/1606 3806/7013/1606 3808/7015/1606 3807/7016/1606
f 3807/7016/1607 3808/7015/1607 3810/7017/1607 3809/7018/1607
f 3809/7019/1608 3810/7020/1608 3812/7021/1608 3811/7022/1608
f 3811/7022/1609 3812/7021/1609 3814/7023/1609 3813/7024/1609
f 3813/7024/1610 3814/7023/1610 3816/7025/1610 3815/7026/1610
f 3815/7026/1611 3816/7025/1611 3818/7027/1611 3817/7028/1611
f 3817/7028/1612 3818/7027/1612 3820/7029/1612 3819/7030/1612
f 3819/7030/1613 3820/7029/1613 3822/7031/1613 3821/7032/1613
f 3821/7032/1614 3822/7031/1614 3824/7033/1614 3823/7034/1614
f 3823/7034/1615 3824/7033/1615 3826/7035/1615 3825/7036/1615
f 3825/7037/1616 3826/7038/1616 3828/7039/1616 3827/7040/1616
f 3827/7040/1617 3828/7039/1617 3830/7041/1617 3829/7042/1617
f 3829/7042/1618 3830/7041/1618 3832/7043/1618 3831/7044/1618
f 3831/7044/1619 3832/7043/1619 3834/7045/1619 3833/7046/1619
f 3833/7046/1620 3834/7045/1620 3836/7047/1620 3835/7048/1620
f 3835/7048/1621 3836/7047/1621 3838/7049/1621 3837/7050/1621
f 3837/7050/1622 3838/7049/1622 3840/7051/1622 3839/7052/1622
f 3839/7052/1623 3840/7051/1623 3842/7053/1623 3841/7054/1623
f 3841/7055/1624 3842/7056/1624 3844/7057/1624 3843/7058/1624
f 3843/7058/1625 3844/7057/1625 3846/7059/1625 3845/7060/1625
f 3845/7060/1626 3846/7059/1626 3848/7061/1626 3847/7062/1626
f 3847/7062/1627 3848/7061/1627 3850/7063/1627 3849/7064/1627
f 3849/7064/1628 3850/7063/1628 3852/7065/1628 3851/7066/1628
f 3851/7066/1629 3852/7065/1629 3854/7067/1629 3853/7068/1629
f 3853/7068/1630 3854/7067/1630 3856/7069/1630 3855/7070/1630
f 3855/7070/1631 3856/7069/1631 3858/7071/1631 3857/7072/1631
f 3857/7073/1632 3858/7074/1632 3860/7075/1632 3859/7076/1632
f 3859/7076/1633 3860/7075/1633 3862/7077/1633 3861/7078/1633
f 3804/7079/1602 3802/7080/1602 3864/7081/1602 3862/7082/1602 3860/7083/1602 3858/7084/1602 3856/7085/1602 3854/7086/1602 3852/7087/1602 3850/7088/1602 3848/7089/1602 3846/7090/1602 3844/7091/1602 3842/7092/1602 3840/7093/1602 3838/7094/1602 3836/7095/1602 3834/7096/1602 3832/7097/1602 3830/7098/1602 3828/7099/1602 3826/7100/1602 3824/7101/1602 3822/7102/1602 3820/7103/1602 3818/7104/1602 3816/7105/1602 3814/7106/1602 3812/7107/1602 3810/7108/1602 3808/7109/1602 3806/7110/1602
f 3861/7078/1634 3862/7077/1634 3864/7111/1634 3863/7112/1634
f 3863/7112/1604 3864/7111/1604 3802/7010/1604 3801/7009/1604
f 3801/7113/1537 3803/7114/1537 3805/7115/1537 3807/7116/1537 3809/7117/1537 3811/7118/1537 3813/7119/1537 3815/7120/1537 3817/7121/1537 3819/7122/1537 3821/7123/1537 3823/7124/1537 3825/7125/1537 3827/7126/1537 3829/7127/1537 3831/7128/1537 3833/7129/1537 3835/7130/1537 3837/7131/1537 3839/7132/1537 3841/7133/1537 3843/7134/1537 3845/7135/1537 3847/7136/1537 3849/7137/1537 3851/7138/1537 3853/7139/1537 3855/7140/1537 3857/7141/1537 3859/7142/1537 3861/7143/1537 3863/7144/1537
f 3865/7145/1603 3866/7146/1603 3868/7147/1603 3867/7148/1603
f 3867/7148/1635 3868/7147/1635 3870/7149/1635 3869/7150/1635
f 3869/7150/1606 3870/7149/1606 3872/7151/1606 3871/7152/1606
f 3871/7152/1607 3872/7151/1607 3874/7153/1607 3873/7154/1607
f 3873/7155/1608 3874/7156/1608 3876/7157/1608 3875/7158/1608
f 3875/7158/1609 3876/7157/1609 3878/7159/1609 3877/7160/1609
f 3877/7160/1610 3878/7159/1610 3880/7161/1610 3879/7162/1610
f 3879/7162/1611 3880/7161/1611 3882/7163/1611 3881/7164/1611
f 3881/7164/1612 3882/7163/1612 3884/7165/1612 3883/7166/1612
f 3883/7166/1613 3884/7165/1613 3886/7167/1613 3885/7168/1613
f 3885/7168/1614 3886/7167/1614 3888/7169/1614 3887/7170/1614
f 3887/7170/1615 3888/7169/1615 3890/7171/1615 3889/7172/1615
f 3889/7173/1616 3890/7174/1616 3892/7175/1616 3891/7176/1616
f 3891/7176/1617 3892/7175/1617 3894/7177/1617 3893/7178/1617
f 3893/7178/1618 3894/7177/1618 3896/7179/1618 3895/7180/1618
f 3895/7180/1619 3896/7179/1619 3898/7181/1619 3897/7182/1619
f 3897/7182/1620 3898/7181/1620 3900/7183/1620 3899/7184/1620
f 3899/7184/1621 3900/7183/1621 3902/7185/1621 3901/7186/1621
f 3901/7186/1622 3902/7185/1622 3904/7187/1622 3903/7188/1622
f 3903/7188/1623 3904/7187/1623 3906/7189/1623 3905/7190/1623
f 3905/7172/1624 3906/7171/1624 3908/7191/1624 3907/7192/1624
f 3907/7192/1625 3908/7191/1625 3910/7193/1625 3909/7194/1625
f 3909/7194/1626 3910/7193/1626 3912/7195/1626 3911/7196/1626
f 3911/7196/1627 3912/7195/1627 3914/7197/1627 3913/7198/1627
f 3913/7198/1628 3914/7197/1628 3916/7199/1628 3915/7200/1628
f 3915/7200/1629 3916/7199/1629 3918/7201/1629 3917/7202/1629
f 3917/7202/1630 3918/7201/1630 3920/7203/1630 3919/7204/1630
f 3919/7204/1631 3920/7203/1631 3922/7205/1631 3921/7206/1631
f 3921/7207/1632 3922/7208/1632 3924/7209/1632 3923/7210/1632
f 3923/7210/1633 3924/7209/1633 3926/7211/1633 3925/7212/1633
f 3868/7213/1602 3866/7214/1602 3928/7215/1602 3926/7216/1602 3924/7217/1602 3922/7218/1602 3920/7219/1602 3918/7220/1602 3916/7221/1602 3914/7222/1602 3912/7223/1602 3910/7224/1602 3908/7225/1602 3906/7226/1602 3904/7227/1602 3902/7228/1602 3900/7229/1602 3898/7230/1602 3896/7231/1602 3894/7232/1602 3892/7233/1602 3890/7234/1602 3888/7235/1602 3886/7236/1602 3884/7237/1602 3882/7238/1602 3880/7239/1602 3878/7240/1602 3876/7241/1602 3874/7242/1602 3872/7243/1602 3870/7244/1602
f 3925/7212/1634 3926/7211/1634 3928/7245/1634 3927/7246/1634
f 3927/7246/1604 3928/7245/1604 3866/7146/1604 3865/7145/1604
f 3865/7247/1537 3867/7248/1537 3869/7249/1537 3871/7250/1537 3873/7251/1537 3875/7252/1537 3877/7253/1537 3879/7254/1537 3881/7255/1537 3883/7256/1537 3885/7257/1537 3887/7258/1537 3889/7259/1537 3891/7260/1537 3893/7261/1537 3895/7262/1537 3897/7263/1537 3899/7264/1537 3901/7265/1537 3903/7266/1537 3905/7267/1537 3907/7268/1537 3909/7269/1537 3911/7270/1537 3913/7271/1537 3915/7272/1537 3917/7273/1537 3919/7274/1537 3921/7275/1537 3923/7276/1537 3925/7277/1537 3927/7278/1537
f 3929/7279/1636 3930/7280/1636 3932/7281/1636 3931/7282/1636
f 3931/7283/1637 3932/7284/1637 3936/7285/1637 3935/7286/1637
f 3935/7287/1638 3936/7288/1638 3934/7289/1638 3933/7290/1638
f 3933/7291/1639 3934/7292/1639 3930/7293/1639 3929/7294/1639
f 3931/7295/1537 3935/7296/1537 3933/7297/1537 3929/7298/1537
f 3936/7299/1602 3932/7300/1602 3930/7296/1602 3934/7301/1602
f 3950/7302/1640 3953/7303/1640 3954/7304/1640 3951/7305/1640
f 3951/7305/1641 3954/7304/1641 3952/7306/1641 3949/7307/1641
f 3947/7308/1642 3956/7309/1642 3957/7310/1642 3948/7311/1642
f 3948/7311/1643 3957/7310/1643 3955/7312/1643 3946/7313/1643
f 3958/7314/1644 3950/7302/1644 3951/7305/1644 3960/7315/1644
f 3960/7315/1645 3951/7305/1645 3949/7307/1645 3959/7316/1645
f 3961/7317/1646 3947/7308/1646 3948/7311/1646 3963/7318/1646
f 3963/7318/1647 3948/7311/1647 3946/7313/1647 3962/7319/1647
f 3946/7320/1648 3950/7321/1648 3958/7322/1648 3962/7323/1648
f 3946/7324/1649 3955/7325/1649 3953/7326/1649 3950/7327/1649
f 3938/7328/1639 3939/7329/1639 3943/7330/1639 3944/7316/1639 3959/7316/1639 3949/7307/1639
f 3938/7328/1639 3949/7307/1639 3952/7306/1639 3941/7306/1639 3940/7331/1639 3937/7332/1639
f 3952/7333/1650 3954/7334/1650 3953/7326/1650 3955/7325/1650 3957/7335/1650 3956/7336/1650 3942/7336/1650 3941/7333/1650
f 3944/7337/1651 3945/7338/1651 3961/7338/1651 3963/7339/1651 3962/7323/1651 3958/7322/1651 3960/7340/1651 3959/7337/1651
f 3968/7341/1652 3965/7342/1652 3966/7343/1652 3969/7344/1652
f 3969/7344/1653 3966/7343/1653 3964/7345/1653 3967/7346/1653
f 3967/7346/1654 3970/7347/1654 3972/7348/1654 3969/7344/1654
f 3969/7344/1655 3972/7348/1655 3971/7349/1655 3968/7341/1655
f 3973/7309/1656 3964/7345/1656 3966/7343/1656 3975/7350/1656
f 3975/7351/1657 3966/7352/1657 3965/7353/1657 3974/7354/1657
f 3970/7347/1658 3977/7317/1658 3978/7355/1658 3972/7348/1658
f 3972/7356/1659 3978/7357/1659 3976/7358/1659 3971/7359/1659
f 3937/7360/1660 3940/7361/1660 3974/7354/1660 3965/7353/1660
f 3965/7353/1661 3968/7362/1661 3938/7363/1661 3937/7360/1661
f 3964/7345/1637 3973/7309/1637 3942/7309/1637 3956/7309/1637 3947/7308/1637 3967/7346/1637
f 3971/7359/1662 3939/7364/1662 3938/7365/1662 3968/7366/1662
f 3970/7347/1637 3967/7346/1637 3947/7308/1637 3961/7317/1637 3945/7317/1637 3977/7317/1637
f 3939/7364/1663 3971/7359/1663 3976/7358/1663 3943/7367/1663
f 3941/7368/1664 3942/7369/1664 3973/7369/1664 3975/7351/1664 3974/7354/1664 3940/7361/1664
f 3943/7367/1665 3976/7358/1665 3978/7357/1665 3977/7370/1665 3945/7370/1665 3944/7371/1665
o mdlSilla.013
v 10.911478 1.486190 5.998469
v 10.898764 1.486190 6.115401
v 10.863482 1.486190 6.227605
v 10.806988 1.486190 6.330770
v 10.731453 1.486190 6.420931
v 10.639779 1.486190 6.494624
v 10.535491 1.486190 6.549016
v 10.422595 1.486190 6.582017
v 10.305430 1.486190 6.592360
v 10.188498 1.486190 6.579645
v 10.076295 1.486190 6.544363
v 9.973129 1.486190 6.487869
v 9.882968 1.486190 6.412334
v 9.809276 1.486190 6.320661
v 9.754884 1.486190 6.216372
v 9.721882 1.486190 6.103476
v 9.711540 1.486190 5.986311
v 9.724255 1.486190 5.869380
v 9.759537 1.486190 5.757175
v 9.816031 1.486190 5.654011
v 9.891565 1.486190 5.563849
v 9.983238 1.486190 5.490157
v 10.087527 1.486190 5.435764
v 10.200423 1.486190 5.402763
v 10.317588 1.486190 5.392421
v 10.434520 1.486190 5.405135
v 10.546723 1.486190 5.440417
v 10.649889 1.486190 5.496912
v 10.740050 1.486190 5.572446
v 10.813743 1.486190 5.664120
v 10.868134 1.486190 5.768408
v 10.901136 1.486190 5.881304
v 10.774612 1.726190 5.997083
v 10.911478 1.698947 5.998469
v 10.871391 1.718211 5.998063
v 10.764798 1.726190 6.087339
v 10.898764 1.698947 6.115401
v 10.859527 1.718211 6.107182
v 10.737565 1.726190 6.173947
v 10.863482 1.698947 6.227605
v 10.826602 1.718211 6.211889
v 10.693958 1.726190 6.253578
v 10.806988 1.698947 6.330770
v 10.773882 1.718211 6.308161
v 10.635654 1.726190 6.323172
v 10.731453 1.698947 6.420931
v 10.703394 1.718211 6.392298
v 10.564894 1.726190 6.380053
v 10.639780 1.698947 6.494624
v 10.617846 1.718211 6.461067
v 10.484396 1.726190 6.422037
v 10.535491 1.698947 6.549016
v 10.520526 1.718211 6.511825
v 10.397254 1.726190 6.447510
v 10.422595 1.698947 6.582017
v 10.415173 1.718211 6.542621
v 10.306817 1.726190 6.455493
v 10.305430 1.698947 6.592360
v 10.305837 1.718211 6.552272
v 10.216560 1.726190 6.445679
v 10.188498 1.698947 6.579645
v 10.196717 1.718211 6.540408
v 10.129952 1.726190 6.418446
v 10.076295 1.698947 6.544363
v 10.092010 1.718211 6.507483
v 10.050322 1.726190 6.374839
v 9.973129 1.698947 6.487869
v 9.995738 1.718211 6.454763
v 9.980728 1.726190 6.316535
v 9.882968 1.698947 6.412334
v 9.911601 1.718211 6.384275
v 9.923846 1.726190 6.245775
v 9.809276 1.698947 6.320661
v 9.842833 1.718211 6.298727
v 9.881862 1.726190 6.165277
v 9.754884 1.698947 6.216372
v 9.792075 1.718211 6.201406
v 9.856389 1.726190 6.078135
v 9.721882 1.698947 6.103476
v 9.761278 1.718211 6.096054
v 9.848406 1.726190 5.987698
v 9.711540 1.698947 5.986311
v 9.751627 1.718211 5.986717
v 9.858220 1.726190 5.897441
v 9.724255 1.698947 5.869380
v 9.763492 1.718211 5.877599
v 9.885453 1.726190 5.810833
v 9.759537 1.698947 5.757175
v 9.796416 1.718211 5.772892
v 9.929060 1.726190 5.731202
v 9.816031 1.698947 5.654011
v 9.849136 1.718211 5.676620
v 9.987364 1.726190 5.661609
v 9.891565 1.698947 5.563849
v 9.919624 1.718211 5.592483
v 10.058125 1.726190 5.604727
v 9.983239 1.698947 5.490157
v 10.005172 1.718211 5.523714
v 10.138622 1.726190 5.562743
v 10.087527 1.698947 5.435764
v 10.102492 1.718211 5.472956
v 10.225764 1.726190 5.537270
v 10.200423 1.698947 5.402763
v 10.207846 1.718211 5.442159
v 10.316201 1.726190 5.529287
v 10.317588 1.698947 5.392421
v 10.317183 1.718211 5.432508
v 10.406458 1.726190 5.539101
v 10.434520 1.698947 5.405135
v 10.426301 1.718211 5.444373
v 10.493066 1.726190 5.566334
v 10.546723 1.698947 5.440417
v 10.531008 1.718211 5.477298
v 10.572697 1.726190 5.609941
v 10.649889 1.698947 5.496912
v 10.627280 1.718211 5.530017
v 10.642290 1.726190 5.668245
v 10.740050 1.698947 5.572446
v 10.711417 1.718211 5.600505
v 10.699172 1.726190 5.739006
v 10.813743 1.698947 5.664120
v 10.780186 1.718211 5.686053
v 10.741157 1.726190 5.819503
v 10.868134 1.698947 5.768408
v 10.830943 1.718211 5.783374
v 10.766629 1.726190 5.906645
v 10.901136 1.698947 5.881304
v 10.861740 1.718211 5.888727
v 10.778152 0.317975 5.997118
v 10.778152 0.477975 5.997118
v 10.768263 0.317975 6.088065
v 10.768263 0.477975 6.088065
v 10.740821 0.317975 6.175335
v 10.740821 0.477975 6.175335
v 10.696881 0.317975 6.255574
v 10.696881 0.477975 6.255574
v 10.638132 0.317975 6.325700
v 10.638132 0.477975 6.325700
v 10.566831 0.317975 6.383016
v 10.566831 0.477975 6.383016
v 10.485717 0.317975 6.425321
v 10.485717 0.477975 6.425321
v 10.397909 0.317975 6.450989
v 10.397909 0.477975 6.450989
v 10.306781 0.317975 6.459033
v 10.306781 0.477975 6.459033
v 10.215834 0.317975 6.449144
v 10.215834 0.477975 6.449144
v 10.128564 0.317975 6.421702
v 10.128564 0.477975 6.421702
v 10.048325 0.317975 6.377762
v 10.048325 0.477975 6.377762
v 9.978199 0.317975 6.319013
v 9.978199 0.477975 6.319013
v 9.920883 0.317975 6.247712
v 9.920883 0.477975 6.247712
v 9.878578 0.317975 6.166598
v 9.878578 0.477975 6.166598
v 9.852910 0.317975 6.078790
v 9.852910 0.477975 6.078790
v 9.844866 0.317975 5.987662
v 9.844866 0.477975 5.987662
v 9.854755 0.317975 5.896715
v 9.854755 0.477975 5.896715
v 9.882196 0.317975 5.809445
v 9.882196 0.477975 5.809445
v 9.926137 0.317975 5.729206
v 9.926137 0.477975 5.729206
v 9.984886 0.317975 5.659081
v 9.984886 0.477975 5.659081
v 10.056188 0.317975 5.601764
v 10.056188 0.477975 5.601764
v 10.137300 0.317975 5.559459
v 10.137300 0.477975 5.559459
v 10.225109 0.317975 5.533792
v 10.225109 0.477975 5.533792
v 10.316237 0.317975 5.525747
v 10.316237 0.477975 5.525747
v 10.407184 0.317975 5.535636
v 10.407184 0.477975 5.535636
v 10.494453 0.317975 5.563078
v 10.494453 0.477975 5.563078
v 10.574693 0.317975 5.607018
v 10.574693 0.477975 5.607018
v 10.644818 0.317975 5.665767
v 10.644818 0.477975 5.665767
v 10.702135 0.317975 5.737069
v 10.702135 0.477975 5.737069
v 10.744440 0.317975 5.818182
v 10.744440 0.477975 5.818182
v 10.770107 0.317975 5.905990
v 10.770107 0.477975 5.905990
v 10.378172 0.453975 5.993066
v 10.378173 1.541975 5.993066
v 10.376760 0.453975 6.006058
v 10.376760 1.541975 6.006058
v 10.372839 0.453975 6.018525
v 10.372840 1.541975 6.018525
v 10.366562 0.453975 6.029988
v 10.366562 1.541975 6.029988
v 10.358170 0.453975 6.040006
v 10.358170 1.541975 6.040006
v 10.347983 0.453975 6.048194
v 10.347983 1.541975 6.048194
v 10.336396 0.453975 6.054237
v 10.336396 1.541975 6.054237
v 10.323852 0.453975 6.057904
v 10.323852 1.541975 6.057904
v 10.310834 0.453975 6.059053
v 10.310834 1.541975 6.059053
v 10.297841 0.453975 6.057641
v 10.297841 1.541975 6.057641
v 10.285374 0.453975 6.053720
v 10.285374 1.541975 6.053720
v 10.273911 0.453975 6.047443
v 10.273911 1.541975 6.047443
v 10.263893 0.453975 6.039051
v 10.263893 1.541975 6.039051
v 10.255705 0.453975 6.028865
v 10.255705 1.541975 6.028865
v 10.249661 0.453975 6.017277
v 10.249661 1.541975 6.017277
v 10.245995 0.453975 6.004733
v 10.245995 1.541975 6.004733
v 10.244845 0.453975 5.991714
v 10.244845 1.541975 5.991714
v 10.246259 0.453975 5.978722
v 10.246259 1.541975 5.978722
v 10.250178 0.453975 5.966255
v 10.250178 1.541975 5.966255
v 10.256455 0.453975 5.954792
v 10.256455 1.541975 5.954792
v 10.264849 0.453975 5.944775
v 10.264849 1.541975 5.944775
v 10.275034 0.453975 5.936586
v 10.275035 1.541975 5.936586
v 10.286622 0.453975 5.930543
v 10.286622 1.541975 5.930543
v 10.299166 0.453975 5.926876
v 10.299167 1.541975 5.926876
v 10.312184 0.453975 5.925727
v 10.312184 1.541975 5.925727
v 10.325177 0.453975 5.927140
v 10.325177 1.541975 5.927140
v 10.337644 0.453975 5.931060
v 10.337644 1.541975 5.931060
v 10.349107 0.453975 5.937337
v 10.349107 1.541975 5.937337
v 10.359124 0.453975 5.945730
v 10.359125 1.541975 5.945730
v 10.367312 0.453975 5.955915
v 10.367312 1.541975 5.955915
v 10.373356 0.453975 5.967503
v 10.373357 1.541975 5.967503
v 10.377023 0.453975 5.980047
v 10.377024 1.541975 5.980047
v 9.858942 1.614190 5.914467
v 9.858942 2.254190 5.914467
v 9.925606 1.614190 5.915143
v 9.925606 2.254190 5.915143
v 9.857456 1.614190 6.061127
v 9.857456 2.254190 6.061127
v 9.924119 1.614190 6.061802
v 9.924120 2.254190 6.061802
v 9.734868 2.269675 5.652343
v 9.731483 2.034614 5.986513
v 9.728096 2.269675 6.320683
v 9.738034 3.356750 5.339901
v 9.738019 3.401785 5.341413
v 10.030311 3.401785 5.344374
v 9.724931 3.356750 6.633125
v 9.724946 3.401785 6.631614
v 10.017238 3.401785 6.634575
v 10.012700 2.958344 5.989363
v 10.023774 2.906741 5.989475
v 10.020531 2.943230 5.989442
v 9.731483 2.906741 5.986513
v 9.742557 2.958345 5.986625
v 9.734726 2.943231 5.986546
v 9.738019 3.401785 5.341413
v 9.748717 3.394330 5.378565
v 9.740997 3.396513 5.367637
v 10.018862 3.394330 5.381302
v 10.030311 3.401785 5.344374
v 10.026802 3.396513 5.370533
v 9.736396 3.394330 6.594686
v 9.724946 3.401785 6.631614
v 9.728455 3.396513 6.605455
v 10.017238 3.401785 6.634575
v 10.006539 3.394330 6.597423
v 10.014260 3.396513 6.608351
v 10.026548 2.329070 5.715717
v 10.005186 2.269675 5.655082
v 10.020545 2.287071 5.672934
v 10.023774 2.136505 5.989475
v 10.001800 2.034614 5.989252
v 10.017338 2.064457 5.989409
v 10.021001 2.329070 6.263232
v 9.998414 2.269675 6.323422
v 10.014132 2.287071 6.305885
v 10.030311 3.401785 5.344374
v 10.008351 3.356750 5.342640
v 10.023886 3.369940 5.343240
v 9.995248 3.356750 6.635864
v 10.017238 3.401785 6.634575
v 10.010791 3.369940 6.635579
vn -0.0000 -1.0000 -0.0000
vn 0.4323 0.9005 0.0470
vn 0.0821 0.9966 0.0089
vn 0.4148 0.9005 0.1304
vn 0.0788 0.9966 0.0248
vn 0.3814 0.9005 0.2088
vn 0.0724 0.9966 0.0397
vn 0.3333 0.9005 0.2792
vn 0.0633 0.9966 0.0530
vn 0.2724 0.9005 0.3389
vn 0.0517 0.9966 0.0643
vn 0.2011 0.9005 0.3855
vn 0.0382 0.9966 0.0732
vn 0.1220 0.9005 0.4173
vn 0.0232 0.9966 0.0792
vn 0.0382 0.9005 0.4331
vn 0.0073 0.9966 0.0822
vn -0.0470 0.9005 0.4323
vn -0.0089 0.9966 0.0821
vn -0.1304 0.9005 0.4148
vn -0.0248 0.9966 0.0788
vn -0.2088 0.9005 0.3814
vn -0.0397 0.9966 0.0724
vn -0.2792 0.9005 0.3333
vn -0.0530 0.9966 0.0633
vn -0.3389 0.9005 0.2724
vn -0.0643 0.9966 0.0517
vn -0.3855 0.9005 0.2011
vn -0.0732 0.9966 0.0382
vn -0.4173 0.9005 0.1220
vn -0.0792 0.9966 0.0232
vn -0.4331 0.9005 0.0382
vn -0.0822 0.9966 0.0073
vn -0.4323 0.9005 -0.0470
vn -0.0821 0.9966 -0.0089
vn -0.4148 0.9005 -0.1304
vn -0.0788 0.9966 -0.0248
vn -0.3814 0.9005 -0.2088
vn -0.0724 0.9966 -0.0397
vn -0.3333 0.9005 -0.2792
vn -0.0633 0.9966 -0.0530
vn -0.2724 0.9005 -0.3389
vn -0.0517 0.9966 -0.0643
vn -0.2011 0.9005 -0.3855
vn -0.0382 0.9966 -0.0732
vn -0.1220 0.9005 -0.4173
vn -0.0232 0.9966 -0.0792
vn -0.0382 0.9005 -0.4331
vn -0.0073 0.9966 -0.0822
vn 0.0470 0.9005 -0.4323
vn 0.0089 0.9966 -0.0821
vn 0.1304 0.9005 -0.4148
vn 0.0248 0.9966 -0.0788
vn 0.2088 0.9005 -0.3814
vn 0.0397 0.9966 -0.0724
vn 0.2792 0.9005 -0.3333
vn 0.0530 0.9966 -0.0633
vn 0.3389 0.9005 -0.2724
vn 0.0643 0.9966 -0.0517
vn 0.3855 0.9005 -0.2011
vn 0.0732 0.9966 -0.0382
vn 0.4173 0.9005 -0.1220
vn 0.0792 0.9966 -0.0232
vn 0.4331 0.9005 -0.0382
vn 0.0822 0.9966 -0.0073
vn -0.0000 1.0000 -0.0000
vn 0.9941 -0.0000 0.1081
vn 0.9961 -0.0000 -0.0879
vn 0.9540 -0.0000 0.3000
vn 0.8771 -0.0000 0.4803
vn 0.7665 -0.0000 0.6422
vn 0.6265 -0.0000 0.7794
vn 0.4624 -0.0000 0.8867
vn 0.2806 -0.0000 0.9598
vn 0.0879 -0.0000 0.9961
vn -0.1081 -0.0000 0.9941
vn -0.3000 -0.0000 0.9540
vn -0.4803 -0.0000 0.8771
vn -0.6422 -0.0000 0.7665
vn -0.7794 -0.0000 0.6265
vn -0.8867 -0.0000 0.4624
vn -0.9598 -0.0000 0.2806
vn -0.9961 -0.0000 0.0879
vn -0.9941 -0.0000 -0.1081
vn -0.9540 -0.0000 -0.3000
vn -0.8771 -0.0000 -0.4803
vn -0.7665 -0.0000 -0.6422
vn -0.6265 -0.0000 -0.7794
vn -0.4624 -0.0000 -0.8867
vn -0.2806 -0.0000 -0.9598
vn -0.0879 -0.0000 -0.9961
vn 0.1081 -0.0000 -0.9941
vn 0.3000 -0.0000 -0.9540
vn 0.4803 -0.0000 -0.8771
vn 0.6422 -0.0000 -0.7665
vn 0.7794 -0.0000 -0.6265
vn 0.8867 -0.0000 -0.4624
vn 0.9598 -0.0000 -0.2806
vn 0.9539 -0.0000 0.3000
vn 0.0101 -0.0000 -0.9999
vn 0.9999 -0.0000 0.0101
vn -0.0101 -0.0000 0.9999
vn -0.9999 -0.0000 -0.0101
vn -0.7362 0.5515 0.3922
vn -0.9884 0.1259 0.0845
vn 0.9865 0.1259 0.1045
vn 0.7281 0.5515 0.4071
vn -0.7281 0.5515 -0.4071
vn -0.9865 0.1259 -0.1045
vn 0.9884 0.1259 -0.0845
vn 0.7362 0.5515 -0.3922
vn 0.0059 0.8127 -0.5827
vn -0.0059 0.8127 0.5827
vn -0.0020 0.9803 0.1973
vn 0.0020 0.9803 -0.1973
vn 0.8467 -0.4392 -0.3004
vn 0.9947 -0.0888 -0.0524
vn 0.9934 -0.0888 0.0725
vn 0.8404 -0.4392 0.3175
vn 0.9825 -0.0606 -0.1762
vn 0.6501 -0.2174 -0.7281
vn 0.9787 -0.0606 0.1961
vn 0.6352 -0.2174 0.7411
vn 0.0097 -0.2762 -0.9610
vn 0.0058 -0.8179 -0.5753
vn -0.0058 -0.8179 0.5753
vn -0.0097 -0.2762 0.9610
vn 0.0101 0.0335 -0.9994
vn -0.0101 0.0335 0.9994
vt 0.483906 0.143218
vt 0.474334 0.128893
vt 0.467741 0.112976
vt 0.464380 0.096078
vt 0.464380 0.078849
vt 0.467741 0.061951
vt 0.474334 0.046034
vt 0.483906 0.031709
vt 0.496089 0.019526
vt 0.510414 0.009954
vt 0.526331 0.003361
vt 0.543229 -0.000000
vt 0.560458 -0.000000
vt 0.577356 0.003361
vt 0.593273 0.009954
vt 0.607598 0.019526
vt 0.619781 0.031709
vt 0.629353 0.046034
vt 0.635946 0.061951
vt 0.639307 0.078849
vt 0.639307 0.096078
vt 0.635946 0.112976
vt 0.629353 0.128893
vt 0.619781 0.143218
vt 0.607598 0.155401
vt 0.593273 0.164973
vt 0.577356 0.171566
vt 0.560458 0.174927
vt 0.543229 0.174927
vt 0.526331 0.171566
vt 0.510414 0.164973
vt 0.496089 0.155401
vt 0.667962 0.525164
vt 0.650816 0.525244
vt 0.650816 0.510871
vt 0.666816 0.510796
vt 0.473669 0.295208
vt 0.467517 0.280354
vt 0.481083 0.276239
vt 0.486172 0.288525
vt 0.684448 0.524924
vt 0.682201 0.510572
vt 0.482601 0.308576
vt 0.493560 0.299582
vt 0.699643 0.524536
vt 0.696381 0.510210
vt 0.493970 0.319945
vt 0.502964 0.308986
vt 0.712961 0.524013
vt 0.708809 0.509722
vt 0.507338 0.328877
vt 0.514021 0.316374
vt 0.477698 0.524677
vt 0.464380 0.524046
vt 0.468532 0.509722
vt 0.480960 0.510310
vt 0.522192 0.335029
vt 0.526307 0.321463
vt 0.492892 0.525145
vt 0.495140 0.510747
vt 0.537961 0.338166
vt 0.539350 0.324058
vt 0.509379 0.525433
vt 0.510525 0.511016
vt 0.554038 0.338166
vt 0.552649 0.324058
vt 0.526525 0.525531
vt 0.526525 0.511107
vt 0.569807 0.335029
vt 0.565692 0.321463
vt 0.543671 0.525433
vt 0.542525 0.511016
vt 0.584661 0.328877
vt 0.577978 0.316374
vt 0.560158 0.525145
vt 0.557911 0.510747
vt 0.598029 0.319945
vt 0.589035 0.308986
vt 0.575352 0.524677
vt 0.572090 0.510310
vt 0.609398 0.308576
vt 0.598439 0.299582
vt 0.588670 0.524046
vt 0.584518 0.509722
vt 0.618330 0.295208
vt 0.605827 0.288525
vt 0.477698 0.353257
vt 0.464380 0.352522
vt 0.468532 0.338166
vt 0.480960 0.338852
vt 0.624482 0.280354
vt 0.610916 0.276239
vt 0.492892 0.353804
vt 0.495140 0.339362
vt 0.627619 0.264585
vt 0.613511 0.263196
vt 0.509379 0.354140
vt 0.510525 0.339676
vt 0.627619 0.248508
vt 0.613511 0.249897
vt 0.526525 0.354254
vt 0.526525 0.339782
vt 0.624482 0.232739
vt 0.610916 0.236854
vt 0.543671 0.354140
vt 0.542525 0.339676
vt 0.618330 0.217885
vt 0.605827 0.224568
vt 0.560158 0.353804
vt 0.557911 0.339362
vt 0.609397 0.204517
vt 0.598439 0.213511
vt 0.575352 0.353257
vt 0.572090 0.338852
vt 0.598029 0.193148
vt 0.589035 0.204107
vt 0.588670 0.352522
vt 0.584518 0.338166
vt 0.584661 0.184216
vt 0.577978 0.196719
vt 0.601988 0.353121
vt 0.588670 0.352491
vt 0.592823 0.338166
vt 0.605251 0.338754
vt 0.569807 0.178064
vt 0.565692 0.191630
vt 0.617183 0.353589
vt 0.619430 0.339191
vt 0.554038 0.174927
vt 0.552649 0.189035
vt 0.633670 0.353878
vt 0.634816 0.339461
vt 0.537961 0.174927
vt 0.539350 0.189035
vt 0.650816 0.353975
vt 0.650816 0.339552
vt 0.522192 0.178064
vt 0.526307 0.191630
vt 0.667962 0.353878
vt 0.666816 0.339461
vt 0.507338 0.184216
vt 0.514021 0.196719
vt 0.684448 0.353589
vt 0.682201 0.339191
vt 0.493970 0.193148
vt 0.502964 0.204107
vt 0.699643 0.353121
vt 0.696381 0.338754
vt 0.482601 0.204517
vt 0.493560 0.213511
vt 0.712961 0.352491
vt 0.708809 0.338166
vt 0.473669 0.217885
vt 0.486172 0.224568
vt 0.601988 0.524536
vt 0.588670 0.524013
vt 0.592823 0.509722
vt 0.605251 0.510210
vt 0.467516 0.232739
vt 0.481083 0.236854
vt 0.617183 0.524924
vt 0.619430 0.510572
vt 0.464380 0.248508
vt 0.478488 0.249897
vt 0.633670 0.525164
vt 0.634816 0.510796
vt 0.464380 0.264585
vt 0.478488 0.263196
vt 0.650816 0.680887
vt 0.667962 0.680806
vt 0.633670 0.680806
vt 0.684448 0.680567
vt 0.699643 0.680178
vt 0.712961 0.679655
vt 0.464380 0.679608
vt 0.477698 0.680238
vt 0.492892 0.680707
vt 0.509379 0.680995
vt 0.526525 0.681092
vt 0.543671 0.680995
vt 0.560158 0.680707
vt 0.575352 0.680238
vt 0.588670 0.679608
vt 0.464380 0.507990
vt 0.477698 0.508725
vt 0.492892 0.509272
vt 0.509379 0.509608
vt 0.526525 0.509722
vt 0.543671 0.509608
vt 0.560158 0.509272
vt 0.575352 0.508725
vt 0.588670 0.507990
vt 0.588670 0.508052
vt 0.601988 0.508682
vt 0.617183 0.509151
vt 0.633670 0.509439
vt 0.650816 0.509537
vt 0.667962 0.509439
vt 0.684448 0.509151
vt 0.699643 0.508682
vt 0.712961 0.508052
vt 0.588670 0.679655
vt 0.601988 0.680178
vt 0.617183 0.680567
vt 0.812009 0.292933
vt 0.812009 0.175885
vt 0.825344 0.175822
vt 0.825344 0.292870
vt 0.838167 0.175636
vt 0.838167 0.292684
vt 0.849985 0.175334
vt 0.849985 0.292382
vt 0.860344 0.174927
vt 0.860344 0.291975
vt 0.685341 0.797874
vt 0.685341 0.680887
vt 0.695699 0.681377
vt 0.695699 0.798364
vt 0.707517 0.681742
vt 0.707517 0.798729
vt 0.720340 0.681966
vt 0.720340 0.798953
vt 0.733676 0.682042
vt 0.733676 0.799029
vt 0.747012 0.681966
vt 0.747012 0.798953
vt 0.759835 0.681742
vt 0.759835 0.798729
vt 0.771653 0.681377
vt 0.771653 0.798364
vt 0.782011 0.680887
vt 0.782011 0.797874
vt 0.588670 0.797804
vt 0.588670 0.680887
vt 0.599029 0.681459
vt 0.599029 0.798376
vt 0.610847 0.681884
vt 0.610847 0.798800
vt 0.623670 0.682145
vt 0.623670 0.799062
vt 0.637006 0.682234
vt 0.637006 0.799151
vt 0.650341 0.682145
vt 0.650341 0.799062
vt 0.663164 0.681884
vt 0.663164 0.798800
vt 0.674982 0.681459
vt 0.674982 0.798376
vt 0.685341 0.680887
vt 0.685341 0.797804
vt 0.464380 0.798080
vt 0.464380 0.681092
vt 0.474738 0.681583
vt 0.474738 0.798570
vt 0.486556 0.681947
vt 0.486556 0.798934
vt 0.499379 0.682171
vt 0.499379 0.799159
vt 0.512715 0.682247
vt 0.512715 0.799235
vt 0.526051 0.682171
vt 0.526051 0.799159
vt 0.538874 0.681947
vt 0.538874 0.798934
vt 0.550692 0.681583
vt 0.550692 0.798570
vt 0.561050 0.681092
vt 0.561050 0.798080
vt 0.763673 0.291975
vt 0.763673 0.174927
vt 0.774032 0.175334
vt 0.774032 0.292382
vt 0.785850 0.175636
vt 0.785850 0.292684
vt 0.652281 0.295794
vt 0.642806 0.286319
vt 0.635361 0.275177
vt 0.630233 0.262797
vt 0.627619 0.249654
vt 0.627619 0.236254
vt 0.630233 0.223111
vt 0.635361 0.210731
vt 0.642806 0.199589
vt 0.652281 0.190114
vt 0.663423 0.182669
vt 0.675803 0.177541
vt 0.688946 0.174927
vt 0.702346 0.174927
vt 0.715489 0.177541
vt 0.727869 0.182669
vt 0.739011 0.190114
vt 0.748486 0.199589
vt 0.755931 0.210731
vt 0.761059 0.223111
vt 0.763673 0.236254
vt 0.763673 0.249654
vt 0.761059 0.262797
vt 0.755931 0.275177
vt 0.748486 0.286319
vt 0.739011 0.295794
vt 0.727869 0.303239
vt 0.715489 0.308367
vt 0.702346 0.310981
vt 0.688946 0.310981
vt 0.675803 0.308367
vt 0.663423 0.303239
vt 0.798673 0.175822
vt 0.798673 0.292870
vt 0.654494 0.111392
vt 0.647049 0.100250
vt 0.641921 0.087870
vt 0.639307 0.074727
vt 0.639307 0.061327
vt 0.641921 0.048184
vt 0.647049 0.035804
vt 0.654494 0.024662
vt 0.663969 0.015187
vt 0.675111 0.007742
vt 0.687491 0.002614
vt 0.700634 0.000000
vt 0.714034 0.000000
vt 0.727177 0.002614
vt 0.739557 0.007742
vt 0.750699 0.015187
vt 0.760174 0.024662
vt 0.767619 0.035804
vt 0.772747 0.048184
vt 0.775361 0.061327
vt 0.775361 0.074727
vt 0.772747 0.087870
vt 0.767619 0.100250
vt 0.760174 0.111392
vt 0.750699 0.120867
vt 0.739557 0.128312
vt 0.727177 0.133440
vt 0.714034 0.136054
vt 0.700634 0.136054
vt 0.687491 0.133440
vt 0.675111 0.128312
vt 0.663969 0.120867
vt 0.867249 0.970990
vt 0.867249 0.175064
vt 0.869154 0.175055
vt 0.869154 0.970981
vt 0.870986 0.175028
vt 0.870986 0.970955
vt 0.872674 0.174985
vt 0.872674 0.970911
vt 0.874154 0.174927
vt 0.874154 0.970853
vt 0.874154 0.970439
vt 0.874154 0.174927
vt 0.875634 0.174997
vt 0.875634 0.970509
vt 0.877322 0.175049
vt 0.877322 0.970561
vt 0.879154 0.175081
vt 0.879154 0.970594
vt 0.881059 0.175092
vt 0.881059 0.970604
vt 0.882964 0.175081
vt 0.882964 0.970594
vt 0.884796 0.175049
vt 0.884796 0.970561
vt 0.886484 0.174997
vt 0.886484 0.970509
vt 0.887964 0.174927
vt 0.887964 0.970439
vt 0.901774 0.969961
vt 0.901774 0.174927
vt 0.903254 0.175009
vt 0.903254 0.970042
vt 0.904942 0.175069
vt 0.904942 0.970103
vt 0.906774 0.175107
vt 0.906774 0.970141
vt 0.908679 0.175119
vt 0.908679 0.970153
vt 0.910584 0.175107
vt 0.910584 0.970141
vt 0.912416 0.175069
vt 0.912416 0.970103
vt 0.914104 0.175009
vt 0.914104 0.970042
vt 0.915584 0.174927
vt 0.915584 0.969961
vt 0.889444 0.174997
vt 0.889444 0.970509
vt 0.891132 0.175049
vt 0.891132 0.970561
vt 0.892964 0.175081
vt 0.892964 0.970594
vt 0.894869 0.175092
vt 0.894869 0.970604
vt 0.896774 0.175081
vt 0.896774 0.970594
vt 0.898606 0.175049
vt 0.898606 0.970561
vt 0.900294 0.174997
vt 0.900294 0.970509
vt 0.901774 0.174927
vt 0.901774 0.970439
vt 0.860344 0.970853
vt 0.860344 0.174927
vt 0.861824 0.174985
vt 0.861824 0.970911
vt 0.863512 0.175028
vt 0.863512 0.970955
vt 0.643532 0.328248
vt 0.641940 0.329312
vt 0.640172 0.330044
vt 0.638294 0.330418
vt 0.636380 0.330418
vt 0.634503 0.330044
vt 0.632734 0.329312
vt 0.631142 0.328248
vt 0.629789 0.326894
vt 0.628725 0.325303
vt 0.627993 0.323534
vt 0.627619 0.321657
vt 0.627619 0.319742
vt 0.627993 0.317865
vt 0.628725 0.316096
vt 0.629789 0.314504
vt 0.631142 0.313151
vt 0.632734 0.312087
vt 0.634503 0.311355
vt 0.636380 0.310981
vt 0.638294 0.310981
vt 0.640172 0.311355
vt 0.641940 0.312087
vt 0.643532 0.313151
vt 0.644886 0.314504
vt 0.645949 0.316096
vt 0.646682 0.317865
vt 0.647055 0.319742
vt 0.647055 0.321657
vt 0.646682 0.323534
vt 0.645949 0.325303
vt 0.644886 0.326894
vt 0.865344 0.175055
vt 0.865344 0.970981
vt 0.653628 0.154385
vt 0.651860 0.155117
vt 0.649982 0.155491
vt 0.648068 0.155491
vt 0.646190 0.155117
vt 0.644422 0.154385
vt 0.642830 0.153321
vt 0.641477 0.151967
vt 0.640413 0.150376
vt 0.639680 0.148607
vt 0.639307 0.146730
vt 0.639307 0.144815
vt 0.639680 0.142938
vt 0.640413 0.141169
vt 0.641477 0.139577
vt 0.642830 0.138224
vt 0.644422 0.137160
vt 0.646190 0.136428
vt 0.648068 0.136054
vt 0.649982 0.136054
vt 0.651860 0.136428
vt 0.653628 0.137160
vt 0.655220 0.138224
vt 0.656574 0.139577
vt 0.657637 0.141169
vt 0.658370 0.142938
vt 0.658743 0.144815
vt 0.658743 0.146730
vt 0.658370 0.148607
vt 0.657637 0.150376
vt 0.656574 0.151967
vt 0.655220 0.153321
vt 0.841561 0.806115
vt 0.841561 0.338166
vt 0.851326 0.338166
vt 0.851326 0.806115
vt 0.798594 0.806358
vt 0.798594 0.338166
vt 0.820077 0.338166
vt 0.820077 0.806358
vt 0.915584 0.642875
vt 0.915584 0.174927
vt 0.925349 0.174927
vt 0.925349 0.642875
vt 0.820077 0.805833
vt 0.820077 0.338166
vt 0.841561 0.338166
vt 0.841561 0.805833
vt 0.656821 0.310981
vt 0.656821 0.332465
vt 0.647055 0.332465
vt 0.647055 0.310981
vt 0.666586 0.310981
vt 0.666586 0.332465
vt 0.656821 0.310981
vt 0.284028 0.323926
vt 0.373100 0.005339
vt 0.374689 0.003820
vt 0.284028 0.335048
vt 0.378526 0.000000
vt 0.284028 0.361743
vt 0.094654 0.362149
vt 0.000157 0.000000
vt 0.003993 0.003834
vt 0.094654 0.335433
vt 0.005582 0.005376
vt 0.094654 0.324321
vt 0.194956 0.005339
vt 0.193367 0.003820
vt 0.189530 0.000000
vt 0.189152 0.000000
vt 0.185315 0.003834
vt 0.183726 0.005376
vt 0.754155 0.667847
vt 0.714583 0.667847
vt 0.714583 0.343930
vt 0.754155 0.343930
vt 0.757400 0.667847
vt 0.757400 0.343930
vt 0.796972 0.343930
vt 0.796972 0.667847
vt 0.284028 0.999032
vt 0.235077 0.827267
vt 0.189309 0.032909
vt 0.378747 0.032909
vt 0.332979 0.827267
vt 0.798594 0.338166
vt 0.798119 0.342242
vt 0.756253 0.342242
vt 0.755777 0.338166
vt 0.712961 0.338166
vt 0.755778 0.338166
vt 0.755302 0.342242
vt 0.713436 0.342242
vt 0.094654 1.000000
vt 0.045703 0.828041
vt 0.048295 0.815424
vt 0.094654 0.978277
vt 0.054553 0.784745
vt 0.094654 0.925616
vt 0.134756 0.784745
vt 0.141013 0.815424
vt 0.143605 0.828041
vt 0.000000 0.023251
vt 0.420621 0.023293
vt 0.420621 0.812269
vt 0.418344 0.825138
vt 0.418344 0.032941
vt 0.189309 0.023251
vt 0.422506 0.812269
vt 0.422506 0.023293
vt 0.424782 0.032941
vt 0.424782 0.825138
vt 0.378747 0.825138
vt 0.378747 0.032941
vt 0.418344 0.994184
vt 0.378747 0.994184
vt 0.464380 0.825138
vt 0.464380 0.994184
vt 0.424782 0.994184
vt 0.464380 0.032941
vt 0.378747 0.000000
vt 0.421563 0.000000
vt 0.421563 0.000000
vt 0.464380 0.000000
s 1
usemtl Material.021
f 3979/7372/1666 3980/7373/1666 3981/7374/1666 3982/7375/1666 3983/7376/1666 3984/7377/1666 3985/7378/1666 3986/7379/1666 3987/7380/1666 3988/7381/1666 3989/7382/1666 3990/7383/1666 3991/7384/1666 3992/7385/1666 3993/7386/1666 3994/7387/1666 3995/7388/1666 3996/7389/1666 3997/7390/1666 3998/7391/1666 3999/7392/1666 4000/7393/1666 4001/7394/1666 4002/7395/1666 4003/7396/1666 4004/7397/1666 4005/7398/1666 4006/7399/1666 4007/7400/1666 4008/7401/1666 4009/7402/1666 4010/7403/1666
f 4015/7404/1667 4012/7405/1667 4013/7406/1667 4016/7407/1667
f 4016/7408/1668 4013/7409/1668 4011/7410/1668 4014/7411/1668
f 4018/7412/1669 4015/7404/1669 4016/7407/1669 4019/7413/1669
f 4019/7414/1670 4016/7408/1670 4014/7411/1670 4017/7415/1670
f 4021/7416/1671 4018/7412/1671 4019/7413/1671 4022/7417/1671
f 4022/7418/1672 4019/7414/1672 4017/7415/1672 4020/7419/1672
f 4024/7420/1673 4021/7416/1673 4022/7417/1673 4025/7421/1673
f 4025/7422/1674 4022/7418/1674 4020/7419/1674 4023/7423/1674
f 4027/7424/1675 4024/7425/1675 4025/7426/1675 4028/7427/1675
f 4028/7428/1676 4025/7422/1676 4023/7423/1676 4026/7429/1676
f 4030/7430/1677 4027/7424/1677 4028/7427/1677 4031/7431/1677
f 4031/7432/1678 4028/7428/1678 4026/7429/1678 4029/7433/1678
f 4033/7434/1679 4030/7430/1679 4031/7431/1679 4034/7435/1679
f 4034/7436/1680 4031/7432/1680 4029/7433/1680 4032/7437/1680
f 4036/7438/1681 4033/7434/1681 4034/7435/1681 4037/7439/1681
f 4037/7440/1682 4034/7436/1682 4032/7437/1682 4035/7441/1682
f 4039/7442/1683 4036/7438/1683 4037/7439/1683 4040/7443/1683
f 4040/7444/1684 4037/7440/1684 4035/7441/1684 4038/7445/1684
f 4042/7446/1685 4039/7442/1685 4040/7443/1685 4043/7447/1685
f 4043/7448/1686 4040/7444/1686 4038/7445/1686 4041/7449/1686
f 4045/7450/1687 4042/7446/1687 4043/7447/1687 4046/7451/1687
f 4046/7452/1688 4043/7448/1688 4041/7449/1688 4044/7453/1688
f 4048/7454/1689 4045/7450/1689 4046/7451/1689 4049/7455/1689
f 4049/7456/1690 4046/7452/1690 4044/7453/1690 4047/7457/1690
f 4051/7458/1691 4048/7459/1691 4049/7460/1691 4052/7461/1691
f 4052/7462/1692 4049/7456/1692 4047/7457/1692 4050/7463/1692
f 4054/7464/1693 4051/7458/1693 4052/7461/1693 4055/7465/1693
f 4055/7466/1694 4052/7462/1694 4050/7463/1694 4053/7467/1694
f 4057/7468/1695 4054/7464/1695 4055/7465/1695 4058/7469/1695
f 4058/7470/1696 4055/7466/1696 4053/7467/1696 4056/7471/1696
f 4060/7472/1697 4057/7468/1697 4058/7469/1697 4061/7473/1697
f 4061/7474/1698 4058/7470/1698 4056/7471/1698 4059/7475/1698
f 4063/7476/1699 4060/7472/1699 4061/7473/1699 4064/7477/1699
f 4064/7478/1700 4061/7474/1700 4059/7475/1700 4062/7479/1700
f 4066/7480/1701 4063/7476/1701 4064/7477/1701 4067/7481/1701
f 4067/7482/1702 4064/7478/1702 4062/7479/1702 4065/7483/1702
f 4069/7484/1703 4066/7480/1703 4067/7481/1703 4070/7485/1703
f 4070/7486/1704 4067/7482/1704 4065/7483/1704 4068/7487/1704
f 4072/7488/1705 4069/7484/1705 4070/7485/1705 4073/7489/1705
f 4073/7490/1706 4070/7486/1706 4068/7487/1706 4071/7491/1706
f 4075/7492/1707 4072/7493/1707 4073/7494/1707 4076/7495/1707
f 4076/7496/1708 4073/7490/1708 4071/7491/1708 4074/7497/1708
f 4078/7498/1709 4075/7492/1709 4076/7495/1709 4079/7499/1709
f 4079/7500/1710 4076/7496/1710 4074/7497/1710 4077/7501/1710
f 4081/7502/1711 4078/7498/1711 4079/7499/1711 4082/7503/1711
f 4082/7504/1712 4079/7500/1712 4077/7501/1712 4080/7505/1712
f 4084/7506/1713 4081/7502/1713 4082/7503/1713 4085/7507/1713
f 4085/7508/1714 4082/7504/1714 4080/7505/1714 4083/7509/1714
f 4087/7510/1715 4084/7506/1715 4085/7507/1715 4088/7511/1715
f 4088/7512/1716 4085/7508/1716 4083/7509/1716 4086/7513/1716
f 4090/7514/1717 4087/7510/1717 4088/7511/1717 4091/7515/1717
f 4091/7516/1718 4088/7512/1718 4086/7513/1718 4089/7517/1718
f 4093/7518/1719 4090/7514/1719 4091/7515/1719 4094/7519/1719
f 4094/7520/1720 4091/7516/1720 4089/7517/1720 4092/7521/1720
f 4096/7522/1721 4093/7518/1721 4094/7519/1721 4097/7523/1721
f 4097/7524/1722 4094/7520/1722 4092/7521/1722 4095/7525/1722
f 4099/7526/1723 4096/7527/1723 4097/7528/1723 4100/7529/1723
f 4100/7530/1724 4097/7524/1724 4095/7525/1724 4098/7531/1724
f 4102/7532/1725 4099/7526/1725 4100/7529/1725 4103/7533/1725
f 4103/7534/1726 4100/7530/1726 4098/7531/1726 4101/7535/1726
f 4105/7536/1727 4102/7532/1727 4103/7533/1727 4106/7537/1727
f 4106/7538/1728 4103/7534/1728 4101/7535/1728 4104/7539/1728
f 4012/7405/1729 4105/7536/1729 4106/7537/1729 4013/7406/1729
f 4013/7409/1730 4106/7538/1730 4104/7539/1730 4011/7410/1730
f 4014/7411/1731 4011/7410/1731 4104/7539/1731 4101/7535/1731 4098/7531/1731 4095/7525/1731 4092/7521/1731 4089/7517/1731 4086/7513/1731 4083/7509/1731 4080/7505/1731 4077/7501/1731 4074/7497/1731 4071/7491/1731 4068/7487/1731 4065/7483/1731 4062/7479/1731 4059/7475/1731 4056/7471/1731 4053/7467/1731 4050/7463/1731 4047/7457/1731 4044/7453/1731 4041/7449/1731 4038/7445/1731 4035/7441/1731 4032/7437/1731 4029/7433/1731 4026/7429/1731 4023/7423/1731 4020/7419/1731 4017/7415/1731
f 3979/7540/1732 4012/7405/1732 4015/7404/1732 3980/7541/1732
f 4010/7542/1733 4105/7536/1733 4012/7405/1733 3979/7540/1733
f 3980/7541/1734 4015/7404/1734 4018/7412/1734 3981/7543/1734
f 3981/7543/1735 4018/7412/1735 4021/7416/1735 3982/7544/1735
f 3982/7544/1736 4021/7416/1736 4024/7420/1736 3983/7545/1736
f 3983/7546/1737 4024/7425/1737 4027/7424/1737 3984/7547/1737
f 3984/7547/1738 4027/7424/1738 4030/7430/1738 3985/7548/1738
f 3985/7548/1739 4030/7430/1739 4033/7434/1739 3986/7549/1739
f 3986/7549/1740 4033/7434/1740 4036/7438/1740 3987/7550/1740
f 3987/7550/1741 4036/7438/1741 4039/7442/1741 3988/7551/1741
f 3988/7551/1742 4039/7442/1742 4042/7446/1742 3989/7552/1742
f 3989/7552/1743 4042/7446/1743 4045/7450/1743 3990/7553/1743
f 3990/7553/1744 4045/7450/1744 4048/7454/1744 3991/7554/1744
f 3991/7555/1745 4048/7459/1745 4051/7458/1745 3992/7556/1745
f 3992/7556/1746 4051/7458/1746 4054/7464/1746 3993/7557/1746
f 3993/7557/1747 4054/7464/1747 4057/7468/1747 3994/7558/1747
f 3994/7558/1748 4057/7468/1748 4060/7472/1748 3995/7559/1748
f 3995/7559/1749 4060/7472/1749 4063/7476/1749 3996/7560/1749
f 3996/7560/1750 4063/7476/1750 4066/7480/1750 3997/7561/1750
f 3997/7561/1751 4066/7480/1751 4069/7484/1751 3998/7562/1751
f 3998/7562/1752 4069/7484/1752 4072/7488/1752 3999/7563/1752
f 3999/7564/1753 4072/7493/1753 4075/7492/1753 4000/7565/1753
f 4000/7565/1754 4075/7492/1754 4078/7498/1754 4001/7566/1754
f 4001/7566/1755 4078/7498/1755 4081/7502/1755 4002/7567/1755
f 4002/7567/1756 4081/7502/1756 4084/7506/1756 4003/7568/1756
f 4003/7568/1757 4084/7506/1757 4087/7510/1757 4004/7569/1757
f 4004/7569/1758 4087/7510/1758 4090/7514/1758 4005/7570/1758
f 4005/7570/1759 4090/7514/1759 4093/7518/1759 4006/7571/1759
f 4006/7571/1760 4093/7518/1760 4096/7522/1760 4007/7572/1760
f 4007/7573/1761 4096/7527/1761 4099/7526/1761 4008/7574/1761
f 4008/7574/1762 4099/7526/1762 4102/7532/1762 4009/7575/1762
f 4009/7575/1763 4102/7532/1763 4105/7536/1763 4010/7542/1763
f 4107/7576/1732 4108/7577/1732 4110/7578/1732 4109/7579/1732
f 4109/7579/1734 4110/7578/1734 4112/7580/1734 4111/7581/1734
f 4111/7581/1735 4112/7580/1735 4114/7582/1735 4113/7583/1735
f 4113/7583/1736 4114/7582/1736 4116/7584/1736 4115/7585/1736
f 4115/7586/1737 4116/7587/1737 4118/7588/1737 4117/7589/1737
f 4117/7589/1738 4118/7588/1738 4120/7590/1738 4119/7591/1738
f 4119/7591/1739 4120/7590/1739 4122/7592/1739 4121/7593/1739
f 4121/7593/1740 4122/7592/1740 4124/7594/1740 4123/7595/1740
f 4123/7595/1741 4124/7594/1741 4126/7596/1741 4125/7597/1741
f 4125/7597/1742 4126/7596/1742 4128/7598/1742 4127/7599/1742
f 4127/7599/1743 4128/7598/1743 4130/7600/1743 4129/7601/1743
f 4129/7601/1744 4130/7600/1744 4132/7602/1744 4131/7603/1744
f 4131/7604/1745 4132/7605/1745 4134/7606/1745 4133/7607/1745
f 4133/7607/1746 4134/7606/1746 4136/7608/1746 4135/7609/1746
f 4135/7609/1747 4136/7608/1747 4138/7610/1747 4137/7611/1747
f 4137/7611/1748 4138/7610/1748 4140/7612/1748 4139/7613/1748
f 4139/7613/1749 4140/7612/1749 4142/7614/1749 4141/7615/1749
f 4141/7615/1750 4142/7614/1750 4144/7616/1750 4143/7617/1750
f 4143/7617/1751 4144/7616/1751 4146/7618/1751 4145/7619/1751
f 4145/7619/1752 4146/7618/1752 4148/7620/1752 4147/7621/1752
f 4147/7622/1753 4148/7623/1753 4150/7624/1753 4149/7625/1753
f 4149/7625/1754 4150/7624/1754 4152/7626/1754 4151/7627/1754
f 4151/7627/1755 4152/7626/1755 4154/7628/1755 4153/7629/1755
f 4153/7629/1756 4154/7628/1756 4156/7630/1756 4155/7631/1756
f 4155/7631/1757 4156/7630/1757 4158/7632/1757 4157/7633/1757
f 4157/7633/1758 4158/7632/1758 4160/7634/1758 4159/7635/1758
f 4159/7635/1759 4160/7634/1759 4162/7636/1759 4161/7637/1759
f 4161/7637/1760 4162/7636/1760 4164/7638/1760 4163/7639/1760
f 4163/7640/1761 4164/7641/1761 4166/7642/1761 4165/7643/1761
f 4165/7643/1762 4166/7642/1762 4168/7644/1762 4167/7645/1762
f 4110/7646/1731 4108/7647/1731 4170/7648/1731 4168/7649/1731 4166/7650/1731 4164/7651/1731 4162/7652/1731 4160/7653/1731 4158/7654/1731 4156/7655/1731 4154/7656/1731 4152/7657/1731 4150/7658/1731 4148/7659/1731 4146/7660/1731 4144/7661/1731 4142/7662/1731 4140/7663/1731 4138/7664/1731 4136/7665/1731 4134/7666/1731 4132/7667/1731 4130/7668/1731 4128/7669/1731 4126/7670/1731 4124/7671/1731 4122/7672/1731 4120/7673/1731 4118/7674/1731 4116/7675/1731 4114/7676/1731 4112/7677/1731
f 4167/7645/1763 4168/7644/1763 4170/7678/1763 4169/7679/1763
f 4169/7679/1733 4170/7678/1733 4108/7577/1733 4107/7576/1733
f 4107/7680/1666 4109/7681/1666 4111/7682/1666 4113/7683/1666 4115/7684/1666 4117/7685/1666 4119/7686/1666 4121/7687/1666 4123/7688/1666 4125/7689/1666 4127/7690/1666 4129/7691/1666 4131/7692/1666 4133/7693/1666 4135/7694/1666 4137/7695/1666 4139/7696/1666 4141/7697/1666 4143/7698/1666 4145/7699/1666 4147/7700/1666 4149/7701/1666 4151/7702/1666 4153/7703/1666 4155/7704/1666 4157/7705/1666 4159/7706/1666 4161/7707/1666 4163/7708/1666 4165/7709/1666 4167/7710/1666 4169/7711/1666
f 4171/7712/1732 4172/7713/1732 4174/7714/1732 4173/7715/1732
f 4173/7715/1764 4174/7714/1764 4176/7716/1764 4175/7717/1764
f 4175/7717/1735 4176/7716/1735 4178/7718/1735 4177/7719/1735
f 4177/7719/1736 4178/7718/1736 4180/7720/1736 4179/7721/1736
f 4179/7722/1737 4180/7723/1737 4182/7724/1737 4181/7725/1737
f 4181/7725/1738 4182/7724/1738 4184/7726/1738 4183/7727/1738
f 4183/7727/1739 4184/7726/1739 4186/7728/1739 4185/7729/1739
f 4185/7729/1740 4186/7728/1740 4188/7730/1740 4187/7731/1740
f 4187/7731/1741 4188/7730/1741 4190/7732/1741 4189/7733/1741
f 4189/7733/1742 4190/7732/1742 4192/7734/1742 4191/7735/1742
f 4191/7735/1743 4192/7734/1743 4194/7736/1743 4193/7737/1743
f 4193/7737/1744 4194/7736/1744 4196/7738/1744 4195/7739/1744
f 4195/7740/1745 4196/7741/1745 4198/7742/1745 4197/7743/1745
f 4197/7743/1746 4198/7742/1746 4200/7744/1746 4199/7745/1746
f 4199/7745/1747 4200/7744/1747 4202/7746/1747 4201/7747/1747
f 4201/7747/1748 4202/7746/1748 4204/7748/1748 4203/7749/1748
f 4203/7749/1749 4204/7748/1749 4206/7750/1749 4205/7751/1749
f 4205/7751/1750 4206/7750/1750 4208/7752/1750 4207/7753/1750
f 4207/7753/1751 4208/7752/1751 4210/7754/1751 4209/7755/1751
f 4209/7755/1752 4210/7754/1752 4212/7756/1752 4211/7757/1752
f 4211/7739/1753 4212/7738/1753 4214/7758/1753 4213/7759/1753
f 4213/7759/1754 4214/7758/1754 4216/7760/1754 4215/7761/1754
f 4215/7761/1755 4216/7760/1755 4218/7762/1755 4217/7763/1755
f 4217/7763/1756 4218/7762/1756 4220/7764/1756 4219/7765/1756
f 4219/7765/1757 4220/7764/1757 4222/7766/1757 4221/7767/1757
f 4221/7767/1758 4222/7766/1758 4224/7768/1758 4223/7769/1758
f 4223/7769/1759 4224/7768/1759 4226/7770/1759 4225/7771/1759
f 4225/7771/1760 4226/7770/1760 4228/7772/1760 4227/7773/1760
f 4227/7774/1761 4228/7775/1761 4230/7776/1761 4229/7777/1761
f 4229/7777/1762 4230/7776/1762 4232/7778/1762 4231/7779/1762
f 4174/7780/1731 4172/7781/1731 4234/7782/1731 4232/7783/1731 4230/7784/1731 4228/7785/1731 4226/7786/1731 4224/7787/1731 4222/7788/1731 4220/7789/1731 4218/7790/1731 4216/7791/1731 4214/7792/1731 4212/7793/1731 4210/7794/1731 4208/7795/1731 4206/7796/1731 4204/7797/1731 4202/7798/1731 4200/7799/1731 4198/7800/1731 4196/7801/1731 4194/7802/1731 4192/7803/1731 4190/7804/1731 4188/7805/1731 4186/7806/1731 4184/7807/1731 4182/7808/1731 4180/7809/1731 4178/7810/1731 4176/7811/1731
f 4231/7779/1763 4232/7778/1763 4234/7812/1763 4233/7813/1763
f 4233/7813/1733 4234/7812/1733 4172/7713/1733 4171/7712/1733
f 4171/7814/1666 4173/7815/1666 4175/7816/1666 4177/7817/1666 4179/7818/1666 4181/7819/1666 4183/7820/1666 4185/7821/1666 4187/7822/1666 4189/7823/1666 4191/7824/1666 4193/7825/1666 4195/7826/1666 4197/7827/1666 4199/7828/1666 4201/7829/1666 4203/7830/1666 4205/7831/1666 4207/7832/1666 4209/7833/1666 4211/7834/1666 4213/7835/1666 4215/7836/1666 4217/7837/1666 4219/7838/1666 4221/7839/1666 4223/7840/1666 4225/7841/1666 4227/7842/1666 4229/7843/1666 4231/7844/1666 4233/7845/1666
f 4235/7846/1765 4236/7847/1765 4238/7848/1765 4237/7849/1765
f 4237/7850/1766 4238/7851/1766 4242/7852/1766 4241/7853/1766
f 4241/7854/1767 4242/7855/1767 4240/7856/1767 4239/7857/1767
f 4239/7858/1768 4240/7859/1768 4236/7860/1768 4235/7861/1768
f 4237/7862/1666 4241/7863/1666 4239/7864/1666 4235/7865/1666
f 4242/7866/1731 4238/7867/1731 4236/7863/1731 4240/7868/1731
f 4256/7869/1769 4259/7870/1769 4260/7871/1769 4257/7872/1769
f 4257/7872/1770 4260/7871/1770 4258/7873/1770 4255/7874/1770
f 4253/7875/1771 4262/7876/1771 4263/7877/1771 4254/7878/1771
f 4254/7878/1772 4263/7877/1772 4261/7879/1772 4252/7880/1772
f 4264/7881/1773 4256/7869/1773 4257/7872/1773 4266/7882/1773
f 4266/7882/1774 4257/7872/1774 4255/7874/1774 4265/7883/1774
f 4267/7884/1775 4253/7875/1775 4254/7878/1775 4269/7885/1775
f 4269/7885/1776 4254/7878/1776 4252/7880/1776 4268/7886/1776
f 4252/7887/1777 4256/7888/1777 4264/7889/1777 4268/7890/1777
f 4252/7891/1778 4261/7892/1778 4259/7893/1778 4256/7894/1778
f 4244/7895/1768 4245/7896/1768 4249/7897/1768 4250/7883/1768 4265/7883/1768 4255/7874/1768
f 4244/7895/1768 4255/7874/1768 4258/7873/1768 4247/7873/1768 4246/7898/1768 4243/7899/1768
f 4258/7900/1779 4260/7901/1779 4259/7893/1779 4261/7892/1779 4263/7902/1779 4262/7903/1779 4248/7903/1779 4247/7900/1779
f 4250/7904/1780 4251/7905/1780 4267/7905/1780 4269/7906/1780 4268/7890/1780 4264/7889/1780 4266/7907/1780 4265/7904/1780
f 4274/7908/1781 4271/7909/1781 4272/7910/1781 4275/7911/1781
f 4275/7911/1782 4272/7910/1782 4270/7912/1782 4273/7913/1782
f 4273/7913/1783 4276/7914/1783 4278/7915/1783 4275/7911/1783
f 4275/7911/1784 4278/7915/1784 4277/7916/1784 4274/7908/1784
f 4279/7876/1785 4270/7912/1785 4272/7910/1785 4281/7917/1785
f 4281/7918/1786 4272/7919/1786 4271/7920/1786 4280/7921/1786
f 4276/7914/1787 4283/7884/1787 4284/7922/1787 4278/7915/1787
f 4278/7923/1788 4284/7924/1788 4282/7925/1788 4277/7926/1788
f 4243/7927/1789 4246/7928/1789 4280/7921/1789 4271/7920/1789
f 4271/7920/1790 4274/7929/1790 4244/7930/1790 4243/7927/1790
f 4270/7912/1766 4279/7876/1766 4248/7876/1766 4262/7876/1766 4253/7875/1766 4273/7913/1766
f 4277/7926/1791 4245/7931/1791 4244/7932/1791 4274/7933/1791
f 4276/7914/1766 4273/7913/1766 4253/7875/1766 4267/7884/1766 4251/7884/1766 4283/7884/1766
f 4245/7931/1792 4277/7926/1792 4282/7925/1792 4249/7934/1792
f 4247/7935/1793 4248/7936/1793 4279/7936/1793 4281/7918/1793 4280/7921/1793 4246/7928/1793
f 4249/7934/1794 4282/7925/1794 4284/7924/1794 4283/7937/1794 4251/7937/1794 4250/7938/1794
o mdlSilla.014
v 12.395508 1.486190 6.075658
v 12.406167 1.486190 5.958522
v 12.439474 1.486190 5.845716
v 12.494148 1.486190 5.741575
v 12.568089 1.486190 5.650102
v 12.658455 1.486190 5.574811
v 12.761772 1.486190 5.518596
v 12.874071 1.486190 5.483618
v 12.991036 1.486190 5.471220
v 13.108173 1.486190 5.481880
v 13.220980 1.486190 5.515187
v 13.325121 1.486190 5.569861
v 13.416594 1.486190 5.643802
v 13.491884 1.486190 5.734168
v 13.548099 1.486190 5.837485
v 13.583077 1.486190 5.949784
v 13.595474 1.486190 6.066750
v 13.584815 1.486190 6.183887
v 13.551508 1.486190 6.296693
v 13.496834 1.486190 6.400834
v 13.422894 1.486190 6.492307
v 13.332527 1.486190 6.567597
v 13.229210 1.486190 6.623812
v 13.116911 1.486190 6.658790
v 12.999946 1.486190 6.671188
v 12.882809 1.486190 6.660528
v 12.770002 1.486190 6.627221
v 12.665862 1.486190 6.572547
v 12.574389 1.486190 6.498606
v 12.499098 1.486190 6.408241
v 12.442883 1.486190 6.304923
v 12.407905 1.486190 6.192624
v 12.532377 1.726190 6.074642
v 12.395508 1.698947 6.075658
v 12.435596 1.718211 6.075361
v 12.540605 1.726190 5.984227
v 12.406167 1.698947 5.958522
v 12.445543 1.718211 5.966051
v 12.566314 1.726190 5.897155
v 12.439474 1.698947 5.845716
v 12.476624 1.718211 5.860782
v 12.608516 1.726190 5.816771
v 12.494148 1.698947 5.741575
v 12.527646 1.718211 5.763599
v 12.665588 1.726190 5.746164
v 12.568089 1.698947 5.650102
v 12.596646 1.718211 5.678237
v 12.735340 1.726190 5.688049
v 12.658455 1.698947 5.574811
v 12.680974 1.718211 5.607977
v 12.815088 1.726190 5.644658
v 12.761772 1.698947 5.518596
v 12.777388 1.718211 5.555519
v 12.901770 1.726190 5.617660
v 12.874071 1.698947 5.483618
v 12.882184 1.718211 5.522878
v 12.992053 1.726190 5.608090
v 12.991036 1.698947 5.471220
v 12.991334 1.718211 5.511309
v 13.082468 1.726190 5.616318
v 13.108173 1.698947 5.481880
v 13.100644 1.718211 5.521256
v 13.169540 1.726190 5.642027
v 13.220980 1.698947 5.515187
v 13.205914 1.718211 5.552338
v 13.249925 1.726190 5.684229
v 13.325120 1.698947 5.569861
v 13.303096 1.718211 5.603359
v 13.320531 1.726190 5.741302
v 13.416594 1.698947 5.643802
v 13.388457 1.718211 5.672359
v 13.378646 1.726190 5.811053
v 13.491884 1.698947 5.734168
v 13.458717 1.718211 5.756687
v 13.422037 1.726190 5.890802
v 13.548099 1.698947 5.837485
v 13.511176 1.718211 5.853101
v 13.449036 1.726190 5.977483
v 13.583077 1.698947 5.949784
v 13.543818 1.718211 5.957897
v 13.458605 1.726190 6.067766
v 13.595474 1.698947 6.066750
v 13.555387 1.718211 6.067048
v 13.450377 1.726190 6.158181
v 13.584815 1.698947 6.183887
v 13.545439 1.718211 6.176358
v 13.424668 1.726190 6.245254
v 13.551508 1.698947 6.296693
v 13.514358 1.718211 6.281627
v 13.382466 1.726190 6.325638
v 13.496834 1.698947 6.400834
v 13.463336 1.718211 6.378809
v 13.325394 1.726190 6.396244
v 13.422894 1.698947 6.492307
v 13.394336 1.718211 6.464171
v 13.255642 1.726190 6.454359
v 13.332527 1.698947 6.567597
v 13.310008 1.718211 6.534431
v 13.175894 1.726190 6.497750
v 13.229210 1.698947 6.623812
v 13.213593 1.718211 6.586889
v 13.089212 1.726190 6.524749
v 13.116911 1.698947 6.658790
v 13.108798 1.718211 6.619531
v 12.998929 1.726190 6.534318
v 12.999946 1.698947 6.671188
v 12.999648 1.718211 6.631100
v 12.908514 1.726190 6.526091
v 12.882809 1.698947 6.660528
v 12.890338 1.718211 6.621152
v 12.821442 1.726190 6.500381
v 12.770002 1.698947 6.627221
v 12.785069 1.718211 6.590071
v 12.741057 1.726190 6.458179
v 12.665861 1.698947 6.572547
v 12.687886 1.718211 6.539050
v 12.670451 1.726190 6.401106
v 12.574389 1.698947 6.498606
v 12.602525 1.718211 6.470049
v 12.612336 1.726190 6.331356
v 12.499098 1.698947 6.408241
v 12.532265 1.718211 6.385722
v 12.568945 1.726190 6.251606
v 12.442883 1.698947 6.304923
v 12.479806 1.718211 6.289307
v 12.541946 1.726190 6.164925
v 12.407905 1.698947 6.192624
v 12.447165 1.718211 6.184511
v 12.528837 0.317975 6.074668
v 12.528837 0.477975 6.074668
v 12.537128 0.317975 5.983562
v 12.537128 0.477975 5.983562
v 12.563033 0.317975 5.895824
v 12.563033 0.477975 5.895824
v 12.605558 0.317975 5.814826
v 12.605558 0.477975 5.814826
v 12.663068 0.317975 5.743680
v 12.663068 0.477975 5.743680
v 12.733352 0.317975 5.685121
v 12.733352 0.477975 5.685121
v 12.813710 0.317975 5.641398
v 12.813710 0.477975 5.641398
v 12.901053 0.317975 5.614193
v 12.901053 0.477975 5.614193
v 12.992026 0.317975 5.604550
v 12.992026 0.477975 5.604550
v 13.083133 0.317975 5.612841
v 13.083133 0.477975 5.612841
v 13.170871 0.317975 5.638746
v 13.170871 0.477975 5.638746
v 13.251869 0.317975 5.681271
v 13.251869 0.477975 5.681271
v 13.323015 0.317975 5.738780
v 13.323015 0.477975 5.738780
v 13.381575 0.317975 5.809065
v 13.381575 0.477975 5.809065
v 13.425298 0.317975 5.889423
v 13.425298 0.477975 5.889423
v 13.452502 0.317975 5.976767
v 13.452502 0.477975 5.976767
v 13.462145 0.317975 6.067740
v 13.462145 0.477975 6.067740
v 13.453855 0.317975 6.158846
v 13.453855 0.477975 6.158846
v 13.427949 0.317975 6.246584
v 13.427949 0.477975 6.246584
v 13.385425 0.317975 6.327582
v 13.385425 0.477975 6.327582
v 13.327915 0.317975 6.398728
v 13.327915 0.477975 6.398728
v 13.257630 0.317975 6.457288
v 13.257630 0.477975 6.457288
v 13.177273 0.317975 6.501010
v 13.177273 0.477975 6.501010
v 13.089929 0.317975 6.528215
v 13.089929 0.477975 6.528215
v 12.998956 0.317975 6.537858
v 12.998956 0.477975 6.537858
v 12.907849 0.317975 6.529567
v 12.907849 0.477975 6.529567
v 12.820111 0.317975 6.503662
v 12.820111 0.477975 6.503662
v 12.739113 0.317975 6.461137
v 12.739113 0.477975 6.461137
v 12.667967 0.317975 6.403628
v 12.667967 0.477975 6.403628
v 12.609407 0.317975 6.333344
v 12.609407 0.477975 6.333344
v 12.565685 0.317975 6.252985
v 12.565685 0.477975 6.252985
v 12.538480 0.317975 6.165642
v 12.538480 0.477975 6.165642
v 12.928826 0.453975 6.071699
v 12.928826 1.541975 6.071699
v 12.930011 0.453975 6.058684
v 12.930011 1.541975 6.058684
v 12.933711 0.453975 6.046150
v 12.933711 1.541975 6.046150
v 12.939786 0.453975 6.034579
v 12.939786 1.541975 6.034579
v 12.948002 0.453975 6.024415
v 12.948002 1.541975 6.024415
v 12.958043 0.453975 6.016049
v 12.958042 1.541975 6.016049
v 12.969522 0.453975 6.009803
v 12.969522 1.541975 6.009803
v 12.982000 0.453975 6.005917
v 12.982000 1.541975 6.005917
v 12.994996 0.453975 6.004539
v 12.994996 1.541975 6.004539
v 13.008012 0.453975 6.005724
v 13.008011 1.541975 6.005724
v 13.020546 0.453975 6.009425
v 13.020545 1.541975 6.009425
v 13.032117 0.453975 6.015500
v 13.032117 1.541975 6.015500
v 13.042280 0.453975 6.023715
v 13.042280 1.541975 6.023715
v 13.050646 0.453975 6.033756
v 13.050646 1.541975 6.033756
v 13.056892 0.453975 6.045236
v 13.056892 1.541975 6.045236
v 13.060779 0.453975 6.057713
v 13.060779 1.541975 6.057713
v 13.062156 0.453975 6.070709
v 13.062156 1.541975 6.070709
v 13.060971 0.453975 6.083724
v 13.060971 1.541975 6.083724
v 13.057271 0.453975 6.096259
v 13.057271 1.541975 6.096259
v 13.051196 0.453975 6.107830
v 13.051196 1.541975 6.107830
v 13.042980 0.453975 6.117993
v 13.042980 1.541975 6.117993
v 13.032940 0.453975 6.126359
v 13.032940 1.541975 6.126359
v 13.021460 0.453975 6.132605
v 13.021460 1.541975 6.132605
v 13.008983 0.453975 6.136491
v 13.008982 1.541975 6.136491
v 12.995986 0.453975 6.137869
v 12.995986 1.541975 6.137869
v 12.982971 0.453975 6.136684
v 12.982971 1.541975 6.136684
v 12.970437 0.453975 6.132984
v 12.970437 1.541975 6.132984
v 12.958866 0.453975 6.126909
v 12.958865 1.541975 6.126909
v 12.948702 0.453975 6.118693
v 12.948702 1.541975 6.118693
v 12.940336 0.453975 6.108653
v 12.940336 1.541975 6.108653
v 12.934091 0.453975 6.097173
v 12.934090 1.541975 6.097173
v 12.930203 0.453975 6.084695
v 12.930203 1.541975 6.084695
v 13.449356 1.614190 6.141170
v 13.449356 2.254190 6.141170
v 13.382691 1.614190 6.141665
v 13.382691 2.254190 6.141665
v 13.448268 1.614190 5.994507
v 13.448267 2.254190 5.994507
v 13.381602 1.614190 5.995002
v 13.381602 2.254190 5.995002
v 13.578012 2.269675 6.401076
v 13.575532 2.034614 6.066898
v 13.573050 2.269675 5.732720
v 13.580332 3.356750 6.713525
v 13.580320 3.401785 6.712014
v 13.288022 3.401785 6.714184
v 13.570731 3.356750 5.420270
v 13.570742 3.401785 5.421782
v 13.278443 3.401785 5.423952
v 13.294307 2.958344 6.068986
v 13.283233 2.906741 6.069068
v 13.286476 2.943230 6.069044
v 13.575532 2.906741 6.066898
v 13.564457 2.958345 6.066980
v 13.572288 2.943231 6.066922
v 13.580320 3.401785 6.712014
v 13.568972 3.394330 6.675055
v 13.576882 3.396513 6.685846
v 13.298821 3.394330 6.677060
v 13.288022 3.401785 6.714184
v 13.291071 3.396513 6.687968
v 13.559942 3.394330 5.458906
v 13.570742 3.401785 5.421782
v 13.567693 3.396513 5.447999
v 13.278443 3.401785 5.423952
v 13.289793 3.394330 5.460911
v 13.281881 3.396513 5.450120
v 13.285265 2.329070 6.342832
v 13.307689 2.269675 6.403083
v 13.292019 2.287071 6.385503
v 13.283233 2.136505 6.069068
v 13.305208 2.034614 6.068905
v 13.289669 2.064457 6.069020
v 13.281200 2.329070 5.795304
v 13.302727 2.269675 5.734727
v 13.287319 2.287071 5.752537
v 13.288022 3.401785 6.714184
v 13.310008 3.356750 6.715532
v 13.294466 3.369940 6.715205
v 13.300407 3.356750 5.422277
v 13.278443 3.401785 5.423952
v 13.284872 3.369940 5.422835
vn -0.0000 -1.0000 -0.0000
vn -0.4330 0.9005 -0.0394
vn -0.0822 0.9966 -0.0075
vn -0.4170 0.9005 -0.1231
vn -0.0792 0.9966 -0.0234
vn -0.3850 0.9005 -0.2021
vn -0.0731 0.9966 -0.0384
vn -0.3382 0.9005 -0.2733
vn -0.0642 0.9966 -0.0519
vn -0.2783 0.9005 -0.3341
vn -0.0528 0.9966 -0.0634
vn -0.2078 0.9005 -0.3819
vn -0.0395 0.9966 -0.0725
vn -0.1293 0.9005 -0.4151
vn -0.0246 0.9966 -0.0788
vn -0.0458 0.9005 -0.4324
vn -0.0087 0.9966 -0.0821
vn 0.0394 0.9005 -0.4330
vn 0.0075 0.9966 -0.0822
vn 0.1231 0.9005 -0.4170
vn 0.0234 0.9966 -0.0792
vn 0.2021 0.9005 -0.3850
vn 0.0384 0.9966 -0.0731
vn 0.2733 0.9005 -0.3382
vn 0.0519 0.9966 -0.0642
vn 0.3341 0.9005 -0.2783
vn 0.0634 0.9966 -0.0528
vn 0.3819 0.9005 -0.2078
vn 0.0725 0.9966 -0.0395
vn 0.4151 0.9005 -0.1293
vn 0.0788 0.9966 -0.0246
vn 0.4324 0.9005 -0.0458
vn 0.0821 0.9966 -0.0087
vn 0.4330 0.9005 0.0394
vn 0.0822 0.9966 0.0075
vn 0.4170 0.9005 0.1231
vn 0.0792 0.9966 0.0234
vn 0.3850 0.9005 0.2021
vn 0.0731 0.9966 0.0384
vn 0.3382 0.9005 0.2733
vn 0.0642 0.9966 0.0519
vn 0.2783 0.9005 0.3341
vn 0.0528 0.9966 0.0634
vn 0.2078 0.9005 0.3819
vn 0.0395 0.9966 0.0725
vn 0.1293 0.9005 0.4151
vn 0.0246 0.9966 0.0788
vn 0.0458 0.9005 0.4324
vn 0.0087 0.9966 0.0821
vn -0.0394 0.9005 0.4330
vn -0.0075 0.9966 0.0822
vn -0.1231 0.9005 0.4170
vn -0.0234 0.9966 0.0792
vn -0.2021 0.9005 0.3850
vn -0.0384 0.9966 0.0731
vn -0.2733 0.9005 0.3382
vn -0.0519 0.9966 0.0642
vn -0.3341 0.9005 0.2783
vn -0.0634 0.9966 0.0528
vn -0.3819 0.9005 0.2078
vn -0.0725 0.9966 0.0395
vn -0.4151 0.9005 0.1293
vn -0.0788 0.9966 0.0246
vn -0.4324 0.9005 0.0458
vn -0.0821 0.9966 0.0087
vn -0.0000 1.0000 -0.0000
vn -0.9959 -0.0000 -0.0906
vn -0.9944 -0.0000 0.1054
vn -0.9591 -0.0000 -0.2832
vn -0.8854 -0.0000 -0.4648
vn -0.7777 -0.0000 -0.6286
vn -0.6401 -0.0000 -0.7683
vn -0.4779 -0.0000 -0.8784
vn -0.2974 -0.0000 -0.9548
vn -0.1054 -0.0000 -0.9944
vn 0.0906 -0.0000 -0.9959
vn 0.2832 -0.0000 -0.9591
vn 0.4648 -0.0000 -0.8854
vn 0.6286 -0.0000 -0.7777
vn 0.7683 -0.0000 -0.6401
vn 0.8784 -0.0000 -0.4779
vn 0.9548 -0.0000 -0.2974
vn 0.9944 -0.0000 -0.1054
vn 0.9959 -0.0000 0.0906
vn 0.9591 -0.0000 0.2832
vn 0.8854 -0.0000 0.4648
vn 0.7777 -0.0000 0.6286
vn 0.6401 -0.0000 0.7683
vn 0.4779 -0.0000 0.8784
vn 0.2974 -0.0000 0.9548
vn 0.1054 -0.0000 0.9944
vn -0.0906 -0.0000 0.9959
vn -0.2832 -0.0000 0.9591
vn -0.4648 -0.0000 0.8854
vn -0.6286 -0.0000 0.7777
vn -0.7683 -0.0000 0.6401
vn -0.8784 -0.0000 0.4779
vn -0.9548 -0.0000 0.2974
vn 0.0074 -0.0000 1.0000
vn -1.0000 -0.0000 0.0074
vn -0.0074 -0.0000 -1.0000
vn 1.0000 -0.0000 -0.0074
vn 0.7292 0.5515 -0.4051
vn 0.9868 0.1259 -0.1018
vn -0.9882 0.1259 -0.0872
vn -0.7351 0.5515 -0.3942
vn 0.7351 0.5515 0.3942
vn 0.9882 0.1259 0.0872
vn -0.9868 0.1259 0.1018
vn -0.7292 0.5515 0.4051
vn 0.0043 0.8127 0.5827
vn -0.0043 0.8127 -0.5827
vn -0.0015 0.9803 -0.1973
vn 0.0015 0.9803 0.1973
vn -0.8413 -0.4392 0.3152
vn -0.9936 -0.0888 0.0698
vn -0.9945 -0.0888 -0.0551
vn -0.8458 -0.4392 -0.3027
vn -0.9792 -0.0606 0.1935
vn -0.6372 -0.2174 0.7394
vn -0.9820 -0.0606 -0.1789
vn -0.6481 -0.2174 -0.7298
vn 0.0071 -0.2762 0.9611
vn 0.0043 -0.8179 0.5753
vn -0.0043 -0.8179 -0.5753
vn -0.0071 -0.2762 -0.9611
vn 0.0074 0.0335 0.9994
vn -0.0074 0.0335 -0.9994
vt 0.483906 0.143218
vt 0.474334 0.128893
vt 0.467741 0.112976
vt 0.464380 0.096078
vt 0.464380 0.078849
vt 0.467741 0.061951
vt 0.474334 0.046034
vt 0.483906 0.031709
vt 0.496089 0.019526
vt 0.510414 0.009954
vt 0.526331 0.003361
vt 0.543229 -0.000000
vt 0.560458 -0.000000
vt 0.577356 0.003361
vt 0.593273 0.009954
vt 0.607598 0.019526
vt 0.619781 0.031709
vt 0.629353 0.046034
vt 0.635946 0.061951
vt 0.639307 0.078849
vt 0.639307 0.096078
vt 0.635946 0.112976
vt 0.629353 0.128893
vt 0.619781 0.143218
vt 0.607598 0.155401
vt 0.593273 0.164973
vt 0.577356 0.171566
vt 0.560458 0.174927
vt 0.543229 0.174927
vt 0.526331 0.171566
vt 0.510414 0.164973
vt 0.496089 0.155401
vt 0.667962 0.525164
vt 0.650816 0.525244
vt 0.650816 0.510871
vt 0.666816 0.510796
vt 0.473669 0.295208
vt 0.467517 0.280354
vt 0.481083 0.276239
vt 0.486172 0.288525
vt 0.684448 0.524924
vt 0.682201 0.510572
vt 0.482601 0.308576
vt 0.493560 0.299582
vt 0.699643 0.524536
vt 0.696381 0.510210
vt 0.493970 0.319945
vt 0.502964 0.308986
vt 0.712961 0.524013
vt 0.708809 0.509722
vt 0.507338 0.328877
vt 0.514021 0.316374
vt 0.477698 0.524677
vt 0.464380 0.524046
vt 0.468532 0.509722
vt 0.480960 0.510310
vt 0.522192 0.335029
vt 0.526307 0.321463
vt 0.492892 0.525145
vt 0.495140 0.510747
vt 0.537961 0.338166
vt 0.539350 0.324058
vt 0.509379 0.525433
vt 0.510525 0.511016
vt 0.554038 0.338166
vt 0.552649 0.324058
vt 0.526525 0.525531
vt 0.526525 0.511107
vt 0.569807 0.335029
vt 0.565692 0.321463
vt 0.543671 0.525433
vt 0.542525 0.511016
vt 0.584661 0.328877
vt 0.577978 0.316374
vt 0.560158 0.525145
vt 0.557911 0.510747
vt 0.598029 0.319945
vt 0.589035 0.308986
vt 0.575352 0.524677
vt 0.572090 0.510310
vt 0.609398 0.308576
vt 0.598439 0.299582
vt 0.588670 0.524046
vt 0.584518 0.509722
vt 0.618330 0.295208
vt 0.605827 0.288525
vt 0.477698 0.353257
vt 0.464380 0.352522
vt 0.468532 0.338166
vt 0.480960 0.338852
vt 0.624482 0.280354
vt 0.610916 0.276239
vt 0.492892 0.353804
vt 0.495140 0.339362
vt 0.627619 0.264585
vt 0.613511 0.263196
vt 0.509379 0.354140
vt 0.510525 0.339676
vt 0.627619 0.248508
vt 0.613511 0.249897
vt 0.526525 0.354254
vt 0.526525 0.339782
vt 0.624482 0.232739
vt 0.610916 0.236854
vt 0.543671 0.354140
vt 0.542525 0.339676
vt 0.618330 0.217885
vt 0.605827 0.224568
vt 0.560158 0.353804
vt 0.557911 0.339362
vt 0.609397 0.204517
vt 0.598439 0.213511
vt 0.575352 0.353257
vt 0.572090 0.338852
vt 0.598029 0.193148
vt 0.589035 0.204107
vt 0.588670 0.352522
vt 0.584518 0.338166
vt 0.584661 0.184216
vt 0.577978 0.196719
vt 0.601988 0.353121
vt 0.588670 0.352491
vt 0.592823 0.338166
vt 0.605251 0.338754
vt 0.569807 0.178064
vt 0.565692 0.191630
vt 0.617183 0.353589
vt 0.619430 0.339191
vt 0.554038 0.174927
vt 0.552649 0.189035
vt 0.633670 0.353878
vt 0.634816 0.339461
vt 0.537961 0.174927
vt 0.539350 0.189035
vt 0.650816 0.353975
vt 0.650816 0.339552
vt 0.522192 0.178064
vt 0.526307 0.191630
vt 0.667962 0.353878
vt 0.666816 0.339461
vt 0.507338 0.184216
vt 0.514021 0.196719
vt 0.684448 0.353589
vt 0.682201 0.339191
vt 0.493970 0.193148
vt 0.502964 0.204107
vt 0.699643 0.353121
vt 0.696381 0.338754
vt 0.482601 0.204517
vt 0.493560 0.213511
vt 0.712961 0.352491
vt 0.708809 0.338166
vt 0.473669 0.217885
vt 0.486172 0.224568
vt 0.601988 0.524536
vt 0.588670 0.524013
vt 0.592823 0.509722
vt 0.605251 0.510210
vt 0.467516 0.232739
vt 0.481083 0.236854
vt 0.617183 0.524924
vt 0.619430 0.510572
vt 0.464380 0.248508
vt 0.478488 0.249897
vt 0.633670 0.525164
vt 0.634816 0.510796
vt 0.464380 0.264585
vt 0.478488 0.263196
vt 0.650816 0.680887
vt 0.667962 0.680806
vt 0.633670 0.680806
vt 0.684448 0.680567
vt 0.699643 0.680178
vt 0.712961 0.679655
vt 0.464380 0.679608
vt 0.477698 0.680238
vt 0.492892 0.680707
vt 0.509379 0.680995
vt 0.526525 0.681092
vt 0.543671 0.680995
vt 0.560158 0.680707
vt 0.575352 0.680238
vt 0.588670 0.679608
vt 0.464380 0.507990
vt 0.477698 0.508725
vt 0.492892 0.509272
vt 0.509379 0.509608
vt 0.526525 0.509722
vt 0.543671 0.509608
vt 0.560158 0.509272
vt 0.575352 0.508725
vt 0.588670 0.507990
vt 0.588670 0.508052
vt 0.601988 0.508682
vt 0.617183 0.509151
vt 0.633670 0.509439
vt 0.650816 0.509537
vt 0.667962 0.509439
vt 0.684448 0.509151
vt 0.699643 0.508682
vt 0.712961 0.508052
vt 0.588670 0.679655
vt 0.601988 0.680178
vt 0.617183 0.680567
vt 0.812009 0.292933
vt 0.812009 0.175885
vt 0.825344 0.175822
vt 0.825344 0.292870
vt 0.838167 0.175636
vt 0.838167 0.292684
vt 0.849985 0.175334
vt 0.849985 0.292382
vt 0.860344 0.174927
vt 0.860344 0.291975
vt 0.685341 0.797874
vt 0.685341 0.680887
vt 0.695699 0.681377
vt 0.695699 0.798364
vt 0.707517 0.681742
vt 0.707517 0.798729
vt 0.720340 0.681966
vt 0.720340 0.798953
vt 0.733676 0.682042
vt 0.733676 0.799029
vt 0.747012 0.681966
vt 0.747012 0.798953
vt 0.759835 0.681742
vt 0.759835 0.798729
vt 0.771653 0.681377
vt 0.771653 0.798364
vt 0.782011 0.680887
vt 0.782011 0.797874
vt 0.588670 0.797804
vt 0.588670 0.680887
vt 0.599029 0.681459
vt 0.599029 0.798376
vt 0.610847 0.681884
vt 0.610847 0.798800
vt 0.623670 0.682145
vt 0.623670 0.799062
vt 0.637006 0.682234
vt 0.637006 0.799151
vt 0.650341 0.682145
vt 0.650341 0.799062
vt 0.663164 0.681884
vt 0.663164 0.798800
vt 0.674982 0.681459
vt 0.674982 0.798376
vt 0.685341 0.680887
vt 0.685341 0.797804
vt 0.464380 0.798080
vt 0.464380 0.681092
vt 0.474738 0.681583
vt 0.474738 0.798570
vt 0.486556 0.681947
vt 0.486556 0.798934
vt 0.499379 0.682171
vt 0.499379 0.799159
vt 0.512715 0.682247
vt 0.512715 0.799235
vt 0.526051 0.682171
vt 0.526051 0.799159
vt 0.538874 0.681947
vt 0.538874 0.798934
vt 0.550692 0.681583
vt 0.550692 0.798570
vt 0.561050 0.681092
vt 0.561050 0.798080
vt 0.763673 0.291975
vt 0.763673 0.174927
vt 0.774032 0.175334
vt 0.774032 0.292382
vt 0.785850 0.175636
vt 0.785850 0.292684
vt 0.652281 0.295794
vt 0.642806 0.286319
vt 0.635361 0.275177
vt 0.630233 0.262797
vt 0.627619 0.249654
vt 0.627619 0.236254
vt 0.630233 0.223111
vt 0.635361 0.210731
vt 0.642806 0.199589
vt 0.652281 0.190114
vt 0.663423 0.182669
vt 0.675803 0.177541
vt 0.688946 0.174927
vt 0.702346 0.174927
vt 0.715489 0.177541
vt 0.727869 0.182669
vt 0.739011 0.190114
vt 0.748486 0.199589
vt 0.755931 0.210731
vt 0.761059 0.223111
vt 0.763673 0.236254
vt 0.763673 0.249654
vt 0.761059 0.262797
vt 0.755931 0.275177
vt 0.748486 0.286319
vt 0.739011 0.295794
vt 0.727869 0.303239
vt 0.715489 0.308367
vt 0.702346 0.310981
vt 0.688946 0.310981
vt 0.675803 0.308367
vt 0.663423 0.303239
vt 0.798673 0.175822
vt 0.798673 0.292870
vt 0.654494 0.111392
vt 0.647049 0.100250
vt 0.641921 0.087870
vt 0.639307 0.074727
vt 0.639307 0.061327
vt 0.641921 0.048184
vt 0.647049 0.035804
vt 0.654494 0.024662
vt 0.663969 0.015187
vt 0.675111 0.007742
vt 0.687491 0.002614
vt 0.700634 0.000000
vt 0.714034 0.000000
vt 0.727177 0.002614
vt 0.739557 0.007742
vt 0.750699 0.015187
vt 0.760174 0.024662
vt 0.767619 0.035804
vt 0.772747 0.048184
vt 0.775361 0.061327
vt 0.775361 0.074727
vt 0.772747 0.087870
vt 0.767619 0.100250
vt 0.760174 0.111392
vt 0.750699 0.120867
vt 0.739557 0.128312
vt 0.727177 0.133440
vt 0.714034 0.136054
vt 0.700634 0.136054
vt 0.687491 0.133440
vt 0.675111 0.128312
vt 0.663969 0.120867
vt 0.867249 0.970990
vt 0.867249 0.175064
vt 0.869154 0.175055
vt 0.869154 0.970981
vt 0.870986 0.175028
vt 0.870986 0.970955
vt 0.872674 0.174985
vt 0.872674 0.970911
vt 0.874154 0.174927
vt 0.874154 0.970853
vt 0.874154 0.970439
vt 0.874154 0.174927
vt 0.875634 0.174997
vt 0.875634 0.970509
vt 0.877322 0.175049
vt 0.877322 0.970561
vt 0.879154 0.175081
vt 0.879154 0.970594
vt 0.881059 0.175092
vt 0.881059 0.970604
vt 0.882964 0.175081
vt 0.882964 0.970594
vt 0.884796 0.175049
vt 0.884796 0.970561
vt 0.886484 0.174997
vt 0.886484 0.970509
vt 0.887964 0.174927
vt 0.887964 0.970439
vt 0.901774 0.969961
vt 0.901774 0.174927
vt 0.903254 0.175009
vt 0.903254 0.970042
vt 0.904942 0.175069
vt 0.904942 0.970103
vt 0.906774 0.175107
vt 0.906774 0.970141
vt 0.908679 0.175119
vt 0.908679 0.970153
vt 0.910584 0.175107
vt 0.910584 0.970141
vt 0.912416 0.175069
vt 0.912416 0.970103
vt 0.914104 0.175009
vt 0.914104 0.970042
vt 0.915584 0.174927
vt 0.915584 0.969961
vt 0.889444 0.174997
vt 0.889444 0.970509
vt 0.891132 0.175049
vt 0.891132 0.970561
vt 0.892964 0.175081
vt 0.892964 0.970594
vt 0.894869 0.175092
vt 0.894869 0.970604
vt 0.896774 0.175081
vt 0.896774 0.970594
vt 0.898606 0.175049
vt 0.898606 0.970561
vt 0.900294 0.174997
vt 0.900294 0.970509
vt 0.901774 0.174927
vt 0.901774 0.970439
vt 0.860344 0.970853
vt 0.860344 0.174927
vt 0.861824 0.174985
vt 0.861824 0.970911
vt 0.863512 0.175028
vt 0.863512 0.970955
vt 0.643532 0.328248
vt 0.641940 0.329312
vt 0.640172 0.330044
vt 0.638294 0.330418
vt 0.636380 0.330418
vt 0.634503 0.330044
vt 0.632734 0.329312
vt 0.631142 0.328248
vt 0.629789 0.326894
vt 0.628725 0.325303
vt 0.627993 0.323534
vt 0.627619 0.321657
vt 0.627619 0.319742
vt 0.627993 0.317865
vt 0.628725 0.316096
vt 0.629789 0.314504
vt 0.631142 0.313151
vt 0.632734 0.312087
vt 0.634503 0.311355
vt 0.636380 0.310981
vt 0.638294 0.310981
vt 0.640172 0.311355
vt 0.641940 0.312087
vt 0.643532 0.313151
vt 0.644886 0.314504
vt 0.645949 0.316096
vt 0.646682 0.317865
vt 0.647055 0.319742
vt 0.647055 0.321657
vt 0.646682 0.323534
vt 0.645949 0.325303
vt 0.644886 0.326894
vt 0.865344 0.175055
vt 0.865344 0.970981
vt 0.653628 0.154385
vt 0.651860 0.155117
vt 0.649982 0.155491
vt 0.648068 0.155491
vt 0.646190 0.155117
vt 0.644422 0.154385
vt 0.642830 0.153321
vt 0.641477 0.151967
vt 0.640413 0.150376
vt 0.639680 0.148607
vt 0.639307 0.146730
vt 0.639307 0.144815
vt 0.639680 0.142938
vt 0.640413 0.141169
vt 0.641477 0.139577
vt 0.642830 0.138224
vt 0.644422 0.137160
vt 0.646190 0.136428
vt 0.648068 0.136054
vt 0.649982 0.136054
vt 0.651860 0.136428
vt 0.653628 0.137160
vt 0.655220 0.138224
vt 0.656574 0.139577
vt 0.657637 0.141169
vt 0.658370 0.142938
vt 0.658743 0.144815
vt 0.658743 0.146730
vt 0.658370 0.148607
vt 0.657637 0.150376
vt 0.656574 0.151967
vt 0.655220 0.153321
vt 0.841561 0.806115
vt 0.841561 0.338166
vt 0.851326 0.338166
vt 0.851326 0.806115
vt 0.798594 0.806358
vt 0.798594 0.338166
vt 0.820077 0.338166
vt 0.820077 0.806358
vt 0.915584 0.642875
vt 0.915584 0.174927
vt 0.925349 0.174927
vt 0.925349 0.642875
vt 0.820077 0.805833
vt 0.820077 0.338166
vt 0.841561 0.338166
vt 0.841561 0.805833
vt 0.656821 0.310981
vt 0.656821 0.332465
vt 0.647055 0.332465
vt 0.647055 0.310981
vt 0.666586 0.310981
vt 0.666586 0.332465
vt 0.656821 0.310981
vt 0.284028 0.323926
vt 0.373100 0.005339
vt 0.374689 0.003820
vt 0.284028 0.335048
vt 0.378526 0.000000
vt 0.284028 0.361743
vt 0.094654 0.362149
vt 0.000157 0.000000
vt 0.003993 0.003834
vt 0.094654 0.335433
vt 0.005582 0.005376
vt 0.094654 0.324321
vt 0.194956 0.005339
vt 0.193367 0.003820
vt 0.189530 0.000000
vt 0.189152 0.000000
vt 0.185315 0.003834
vt 0.183726 0.005376
vt 0.754155 0.667847
vt 0.714583 0.667847
vt 0.714583 0.343930
vt 0.754155 0.343930
vt 0.757400 0.667847
vt 0.757400 0.343930
vt 0.796972 0.343930
vt 0.796972 0.667847
vt 0.284028 0.999032
vt 0.235077 0.827267
vt 0.189309 0.032909
vt 0.378747 0.032909
vt 0.332979 0.827267
vt 0.798594 0.338166
vt 0.798119 0.342242
vt 0.756253 0.342242
vt 0.755777 0.338166
vt 0.712961 0.338166
vt 0.755778 0.338166
vt 0.755302 0.342242
vt 0.713436 0.342242
vt 0.094654 1.000000
vt 0.045703 0.828041
vt 0.048295 0.815424
vt 0.094654 0.978277
vt 0.054553 0.784745
vt 0.094654 0.925616
vt 0.134756 0.784745
vt 0.141013 0.815424
vt 0.143605 0.828041
vt 0.000000 0.023251
vt 0.420621 0.023293
vt 0.420621 0.812269
vt 0.418344 0.825138
vt 0.418344 0.032941
vt 0.189309 0.023251
vt 0.422506 0.812269
vt 0.422506 0.023293
vt 0.424782 0.032941
vt 0.424782 0.825138
vt 0.378747 0.825138
vt 0.378747 0.032941
vt 0.418344 0.994184
vt 0.378747 0.994184
vt 0.464380 0.825138
vt 0.464380 0.994184
vt 0.424782 0.994184
vt 0.464380 0.032941
vt 0.378747 0.000000
vt 0.421563 0.000000
vt 0.421563 0.000000
vt 0.464380 0.000000
s 1
usemtl Material.021
f 4285/7939/1795 4286/7940/1795 4287/7941/1795 4288/7942/1795 4289/7943/1795 4290/7944/1795 4291/7945/1795 4292/7946/1795 4293/7947/1795 4294/7948/1795 4295/7949/1795 4296/7950/1795 4297/7951/1795 4298/7952/1795 4299/7953/1795 4300/7954/1795 4301/7955/1795 4302/7956/1795 4303/7957/1795 4304/7958/1795 4305/7959/1795 4306/7960/1795 4307/7961/1795 4308/7962/1795 4309/7963/1795 4310/7964/1795 4311/7965/1795 4312/7966/1795 4313/7967/1795 4314/7968/1795 4315/7969/1795 4316/7970/1795
f 4321/7971/1796 4318/7972/1796 4319/7973/1796 4322/7974/1796
f 4322/7975/1797 4319/7976/1797 4317/7977/1797 4320/7978/1797
f 4324/7979/1798 4321/7971/1798 4322/7974/1798 4325/7980/1798
f 4325/7981/1799 4322/7975/1799 4320/7978/1799 4323/7982/1799
f 4327/7983/1800 4324/7979/1800 4325/7980/1800 4328/7984/1800
f 4328/7985/1801 4325/7981/1801 4323/7982/1801 4326/7986/1801
f 4330/7987/1802 4327/7983/1802 4328/7984/1802 4331/7988/1802
f 4331/7989/1803 4328/7985/1803 4326/7986/1803 4329/7990/1803
f 4333/7991/1804 4330/7992/1804 4331/7993/1804 4334/7994/1804
f 4334/7995/1805 4331/7989/1805 4329/7990/1805 4332/7996/1805
f 4336/7997/1806 4333/7991/1806 4334/7994/1806 4337/7998/1806
f 4337/7999/1807 4334/7995/1807 4332/7996/1807 4335/8000/1807
f 4339/8001/1808 4336/7997/1808 4337/7998/1808 4340/8002/1808
f 4340/8003/1809 4337/7999/1809 4335/8000/1809 4338/8004/1809
f 4342/8005/1810 4339/8001/1810 4340/8002/1810 4343/8006/1810
f 4343/8007/1811 4340/8003/1811 4338/8004/1811 4341/8008/1811
f 4345/8009/1812 4342/8005/1812 4343/8006/1812 4346/8010/1812
f 4346/8011/1813 4343/8007/1813 4341/8008/1813 4344/8012/1813
f 4348/8013/1814 4345/8009/1814 4346/8010/1814 4349/8014/1814
f 4349/8015/1815 4346/8011/1815 4344/8012/1815 4347/8016/1815
f 4351/8017/1816 4348/8013/1816 4349/8014/1816 4352/8018/1816
f 4352/8019/1817 4349/8015/1817 4347/8016/1817 4350/8020/1817
f 4354/8021/1818 4351/8017/1818 4352/8018/1818 4355/8022/1818
f 4355/8023/1819 4352/8019/1819 4350/8020/1819 4353/8024/1819
f 4357/8025/1820 4354/8026/1820 4355/8027/1820 4358/8028/1820
f 4358/8029/1821 4355/8023/1821 4353/8024/1821 4356/8030/1821
f 4360/8031/1822 4357/8025/1822 4358/8028/1822 4361/8032/1822
f 4361/8033/1823 4358/8029/1823 4356/8030/1823 4359/8034/1823
f 4363/8035/1824 4360/8031/1824 4361/8032/1824 4364/8036/1824
f 4364/8037/1825 4361/8033/1825 4359/8034/1825 4362/8038/1825
f 4366/8039/1826 4363/8035/1826 4364/8036/1826 4367/8040/1826
f 4367/8041/1827 4364/8037/1827 4362/8038/1827 4365/8042/1827
f 4369/8043/1828 4366/8039/1828 4367/8040/1828 4370/8044/1828
f 4370/8045/1829 4367/8041/1829 4365/8042/1829 4368/8046/1829
f 4372/8047/1830 4369/8043/1830 4370/8044/1830 4373/8048/1830
f 4373/8049/1831 4370/8045/1831 4368/8046/1831 4371/8050/1831
f 4375/8051/1832 4372/8047/1832 4373/8048/1832 4376/8052/1832
f 4376/8053/1833 4373/8049/1833 4371/8050/1833 4374/8054/1833
f 4378/8055/1834 4375/8051/1834 4376/8052/1834 4379/8056/1834
f 4379/8057/1835 4376/8053/1835 4374/8054/1835 4377/8058/1835
f 4381/8059/1836 4378/8060/1836 4379/8061/1836 4382/8062/1836
f 4382/8063/1837 4379/8057/1837 4377/8058/1837 4380/8064/1837
f 4384/8065/1838 4381/8059/1838 4382/8062/1838 4385/8066/1838
f 4385/8067/1839 4382/8063/1839 4380/8064/1839 4383/8068/1839
f 4387/8069/1840 4384/8065/1840 4385/8066/1840 4388/8070/1840
f 4388/8071/1841 4385/8067/1841 4383/8068/1841 4386/8072/1841
f 4390/8073/1842 4387/8069/1842 4388/8070/1842 4391/8074/1842
f 4391/8075/1843 4388/8071/1843 4386/8072/1843 4389/8076/1843
f 4393/8077/1844 4390/8073/1844 4391/8074/1844 4394/8078/1844
f 4394/8079/1845 4391/8075/1845 4389/8076/1845 4392/8080/1845
f 4396/8081/1846 4393/8077/1846 4394/8078/1846 4397/8082/1846
f 4397/8083/1847 4394/8079/1847 4392/8080/1847 4395/8084/1847
f 4399/8085/1848 4396/8081/1848 4397/8082/1848 4400/8086/1848
f 4400/8087/1849 4397/8083/1849 4395/8084/1849 4398/8088/1849
f 4402/8089/1850 4399/8085/1850 4400/8086/1850 4403/8090/1850
f 4403/8091/1851 4400/8087/1851 4398/8088/1851 4401/8092/1851
f 4405/8093/1852 4402/8094/1852 4403/8095/1852 4406/8096/1852
f 4406/8097/1853 4403/8091/1853 4401/8092/1853 4404/8098/1853
f 4408/8099/1854 4405/8093/1854 4406/8096/1854 4409/8100/1854
f 4409/8101/1855 4406/8097/1855 4404/8098/1855 4407/8102/1855
f 4411/8103/1856 4408/8099/1856 4409/8100/1856 4412/8104/1856
f 4412/8105/1857 4409/8101/1857 4407/8102/1857 4410/8106/1857
f 4318/7972/1858 4411/8103/1858 4412/8104/1858 4319/7973/1858
f 4319/7976/1859 4412/8105/1859 4410/8106/1859 4317/7977/1859
f 4320/7978/1860 4317/7977/1860 4410/8106/1860 4407/8102/1860 4404/8098/1860 4401/8092/1860 4398/8088/1860 4395/8084/1860 4392/8080/1860 4389/8076/1860 4386/8072/1860 4383/8068/1860 4380/8064/1860 4377/8058/1860 4374/8054/1860 4371/8050/1860 4368/8046/1860 4365/8042/1860 4362/8038/1860 4359/8034/1860 4356/8030/1860 4353/8024/1860 4350/8020/1860 4347/8016/1860 4344/8012/1860 4341/8008/1860 4338/8004/1860 4335/8000/1860 4332/7996/1860 4329/7990/1860 4326/7986/1860 4323/7982/1860
f 4285/8107/1861 4318/7972/1861 4321/7971/1861 4286/8108/1861
f 4316/8109/1862 4411/8103/1862 4318/7972/1862 4285/8107/1862
f 4286/8108/1863 4321/7971/1863 4324/7979/1863 4287/8110/1863
f 4287/8110/1864 4324/7979/1864 4327/7983/1864 4288/8111/1864
f 4288/8111/1865 4327/7983/1865 4330/7987/1865 4289/8112/1865
f 4289/8113/1866 4330/7992/1866 4333/7991/1866 4290/8114/1866
f 4290/8114/1867 4333/7991/1867 4336/7997/1867 4291/8115/1867
f 4291/8115/1868 4336/7997/1868 4339/8001/1868 4292/8116/1868
f 4292/8116/1869 4339/8001/1869 4342/8005/1869 4293/8117/1869
f 4293/8117/1870 4342/8005/1870 4345/8009/1870 4294/8118/1870
f 4294/8118/1871 4345/8009/1871 4348/8013/1871 4295/8119/1871
f 4295/8119/1872 4348/8013/1872 4351/8017/1872 4296/8120/1872
f 4296/8120/1873 4351/8017/1873 4354/8021/1873 4297/8121/1873
f 4297/8122/1874 4354/8026/1874 4357/8025/1874 4298/8123/1874
f 4298/8123/1875 4357/8025/1875 4360/8031/1875 4299/8124/1875
f 4299/8124/1876 4360/8031/1876 4363/8035/1876 4300/8125/1876
f 4300/8125/1877 4363/8035/1877 4366/8039/1877 4301/8126/1877
f 4301/8126/1878 4366/8039/1878 4369/8043/1878 4302/8127/1878
f 4302/8127/1879 4369/8043/1879 4372/8047/1879 4303/8128/1879
f 4303/8128/1880 4372/8047/1880 4375/8051/1880 4304/8129/1880
f 4304/8129/1881 4375/8051/1881 4378/8055/1881 4305/8130/1881
f 4305/8131/1882 4378/8060/1882 4381/8059/1882 4306/8132/1882
f 4306/8132/1883 4381/8059/1883 4384/8065/1883 4307/8133/1883
f 4307/8133/1884 4384/8065/1884 4387/8069/1884 4308/8134/1884
f 4308/8134/1885 4387/8069/1885 4390/8073/1885 4309/8135/1885
f 4309/8135/1886 4390/8073/1886 4393/8077/1886 4310/8136/1886
f 4310/8136/1887 4393/8077/1887 4396/8081/1887 4311/8137/1887
f 4311/8137/1888 4396/8081/1888 4399/8085/1888 4312/8138/1888
f 4312/8138/1889 4399/8085/1889 4402/8089/1889 4313/8139/1889
f 4313/8140/1890 4402/8094/1890 4405/8093/1890 4314/8141/1890
f 4314/8141/1891 4405/8093/1891 4408/8099/1891 4315/8142/1891
f 4315/8142/1892 4408/8099/1892 4411/8103/1892 4316/8109/1892
f 4413/8143/1861 4414/8144/1861 4416/8145/1861 4415/8146/1861
f 4415/8146/1863 4416/8145/1863 4418/8147/1863 4417/8148/1863
f 4417/8148/1864 4418/8147/1864 4420/8149/1864 4419/8150/1864
f 4419/8150/1865 4420/8149/1865 4422/8151/1865 4421/8152/1865
f 4421/8153/1866 4422/8154/1866 4424/8155/1866 4423/8156/1866
f 4423/8156/1867 4424/8155/1867 4426/8157/1867 4425/8158/1867
f 4425/8158/1868 4426/8157/1868 4428/8159/1868 4427/8160/1868
f 4427/8160/1869 4428/8159/1869 4430/8161/1869 4429/8162/1869
f 4429/8162/1870 4430/8161/1870 4432/8163/1870 4431/8164/1870
f 4431/8164/1871 4432/8163/1871 4434/8165/1871 4433/8166/1871
f 4433/8166/1872 4434/8165/1872 4436/8167/1872 4435/8168/1872
f 4435/8168/1873 4436/8167/1873 4438/8169/1873 4437/8170/1873
f 4437/8171/1874 4438/8172/1874 4440/8173/1874 4439/8174/1874
f 4439/8174/1875 4440/8173/1875 4442/8175/1875 4441/8176/1875
f 4441/8176/1876 4442/8175/1876 4444/8177/1876 4443/8178/1876
f 4443/8178/1877 4444/8177/1877 4446/8179/1877 4445/8180/1877
f 4445/8180/1878 4446/8179/1878 4448/8181/1878 4447/8182/1878
f 4447/8182/1879 4448/8181/1879 4450/8183/1879 4449/8184/1879
f 4449/8184/1880 4450/8183/1880 4452/8185/1880 4451/8186/1880
f 4451/8186/1881 4452/8185/1881 4454/8187/1881 4453/8188/1881
f 4453/8189/1882 4454/8190/1882 4456/8191/1882 4455/8192/1882
f 4455/8192/1883 4456/8191/1883 4458/8193/1883 4457/8194/1883
f 4457/8194/1884 4458/8193/1884 4460/8195/1884 4459/8196/1884
f 4459/8196/1885 4460/8195/1885 4462/8197/1885 4461/8198/1885
f 4461/8198/1886 4462/8197/1886 4464/8199/1886 4463/8200/1886
f 4463/8200/1887 4464/8199/1887 4466/8201/1887 4465/8202/1887
f 4465/8202/1888 4466/8201/1888 4468/8203/1888 4467/8204/1888
f 4467/8204/1889 4468/8203/1889 4470/8205/1889 4469/8206/1889
f 4469/8207/1890 4470/8208/1890 4472/8209/1890 4471/8210/1890
f 4471/8210/1891 4472/8209/1891 4474/8211/1891 4473/8212/1891
f 4416/8213/1860 4414/8214/1860 4476/8215/1860 4474/8216/1860 4472/8217/1860 4470/8218/1860 4468/8219/1860 4466/8220/1860 4464/8221/1860 4462/8222/1860 4460/8223/1860 4458/8224/1860 4456/8225/1860 4454/8226/1860 4452/8227/1860 4450/8228/1860 4448/8229/1860 4446/8230/1860 4444/8231/1860 4442/8232/1860 4440/8233/1860 4438/8234/1860 4436/8235/1860 4434/8236/1860 4432/8237/1860 4430/8238/1860 4428/8239/1860 4426/8240/1860 4424/8241/1860 4422/8242/1860 4420/8243/1860 4418/8244/1860
f 4473/8212/1892 4474/8211/1892 4476/8245/1892 4475/8246/1892
f 4475/8246/1862 4476/8245/1862 4414/8144/1862 4413/8143/1862
f 4413/8247/1795 4415/8248/1795 4417/8249/1795 4419/8250/1795 4421/8251/1795 4423/8252/1795 4425/8253/1795 4427/8254/1795 4429/8255/1795 4431/8256/1795 4433/8257/1795 4435/8258/1795 4437/8259/1795 4439/8260/1795 4441/8261/1795 4443/8262/1795 4445/8263/1795 4447/8264/1795 4449/8265/1795 4451/8266/1795 4453/8267/1795 4455/8268/1795 4457/8269/1795 4459/8270/1795 4461/8271/1795 4463/8272/1795 4465/8273/1795 4467/8274/1795 4469/8275/1795 4471/8276/1795 4473/8277/1795 4475/8278/1795
f 4477/8279/1861 4478/8280/1861 4480/8281/1861 4479/8282/1861
f 4479/8282/1863 4480/8281/1863 4482/8283/1863 4481/8284/1863
f 4481/8284/1864 4482/8283/1864 4484/8285/1864 4483/8286/1864
f 4483/8286/1865 4484/8285/1865 4486/8287/1865 4485/8288/1865
f 4485/8289/1866 4486/8290/1866 4488/8291/1866 4487/8292/1866
f 4487/8292/1867 4488/8291/1867 4490/8293/1867 4489/8294/1867
f 4489/8294/1868 4490/8293/1868 4492/8295/1868 4491/8296/1868
f 4491/8296/1869 4492/8295/1869 4494/8297/1869 4493/8298/1869
f 4493/8298/1870 4494/8297/1870 4496/8299/1870 4495/8300/1870
f 4495/8300/1871 4496/8299/1871 4498/8301/1871 4497/8302/1871
f 4497/8302/1872 4498/8301/1872 4500/8303/1872 4499/8304/1872
f 4499/8304/1873 4500/8303/1873 4502/8305/1873 4501/8306/1873
f 4501/8307/1874 4502/8308/1874 4504/8309/1874 4503/8310/1874
f 4503/8310/1875 4504/8309/1875 4506/8311/1875 4505/8312/1875
f 4505/8312/1876 4506/8311/1876 4508/8313/1876 4507/8314/1876
f 4507/8314/1877 4508/8313/1877 4510/8315/1877 4509/8316/1877
f 4509/8316/1878 4510/8315/1878 4512/8317/1878 4511/8318/1878
f 4511/8318/1879 4512/8317/1879 4514/8319/1879 4513/8320/1879
f 4513/8320/1880 4514/8319/1880 4516/8321/1880 4515/8322/1880
f 4515/8322/1881 4516/8321/1881 4518/8323/1881 4517/8324/1881
f 4517/8306/1882 4518/8305/1882 4520/8325/1882 4519/8326/1882
f 4519/8326/1883 4520/8325/1883 4522/8327/1883 4521/8328/1883
f 4521/8328/1884 4522/8327/1884 4524/8329/1884 4523/8330/1884
f 4523/8330/1885 4524/8329/1885 4526/8331/1885 4525/8332/1885
f 4525/8332/1886 4526/8331/1886 4528/8333/1886 4527/8334/1886
f 4527/8334/1887 4528/8333/1887 4530/8335/1887 4529/8336/1887
f 4529/8336/1888 4530/8335/1888 4532/8337/1888 4531/8338/1888
f 4531/8338/1889 4532/8337/1889 4534/8339/1889 4533/8340/1889
f 4533/8341/1890 4534/8342/1890 4536/8343/1890 4535/8344/1890
f 4535/8344/1891 4536/8343/1891 4538/8345/1891 4537/8346/1891
f 4480/8347/1860 4478/8348/1860 4540/8349/1860 4538/8350/1860 4536/8351/1860 4534/8352/1860 4532/8353/1860 4530/8354/1860 4528/8355/1860 4526/8356/1860 4524/8357/1860 4522/8358/1860 4520/8359/1860 4518/8360/1860 4516/8361/1860 4514/8362/1860 4512/8363/1860 4510/8364/1860 4508/8365/1860 4506/8366/1860 4504/8367/1860 4502/8368/1860 4500/8369/1860 4498/8370/1860 4496/8371/1860 4494/8372/1860 4492/8373/1860 4490/8374/1860 4488/8375/1860 4486/8376/1860 4484/8377/1860 4482/8378/1860
f 4537/8346/1892 4538/8345/1892 4540/8379/1892 4539/8380/1892
f 4539/8380/1862 4540/8379/1862 4478/8280/1862 4477/8279/1862
f 4477/8381/1795 4479/8382/1795 4481/8383/1795 4483/8384/1795 4485/8385/1795 4487/8386/1795 4489/8387/1795 4491/8388/1795 4493/8389/1795 4495/8390/1795 4497/8391/1795 4499/8392/1795 4501/8393/1795 4503/8394/1795 4505/8395/1795 4507/8396/1795 4509/8397/1795 4511/8398/1795 4513/8399/1795 4515/8400/1795 4517/8401/1795 4519/8402/1795 4521/8403/1795 4523/8404/1795 4525/8405/1795 4527/8406/1795 4529/8407/1795 4531/8408/1795 4533/8409/1795 4535/8410/1795 4537/8411/1795 4539/8412/1795
f 4541/8413/1893 4542/8414/1893 4544/8415/1893 4543/8416/1893
f 4543/8417/1894 4544/8418/1894 4548/8419/1894 4547/8420/1894
f 4547/8421/1895 4548/8422/1895 4546/8423/1895 4545/8424/1895
f 4545/8425/1896 4546/8426/1896 4542/8427/1896 4541/8428/1896
f 4543/8429/1795 4547/8430/1795 4545/8431/1795 4541/8432/1795
f 4548/8433/1860 4544/8434/1860 4542/8430/1860 4546/8435/1860
f 4562/8436/1897 4565/8437/1897 4566/8438/1897 4563/8439/1897
f 4563/8439/1898 4566/8438/1898 4564/8440/1898 4561/8441/1898
f 4559/8442/1899 4568/8443/1899 4569/8444/1899 4560/8445/1899
f 4560/8445/1900 4569/8444/1900 4567/8446/1900 4558/8447/1900
f 4570/8448/1901 4562/8436/1901 4563/8439/1901 4572/8449/1901
f 4572/8449/1902 4563/8439/1902 4561/8441/1902 4571/8450/1902
f 4573/8451/1903 4559/8442/1903 4560/8445/1903 4575/8452/1903
f 4575/8452/1904 4560/8445/1904 4558/8447/1904 4574/8453/1904
f 4558/8454/1905 4562/8455/1905 4570/8456/1905 4574/8457/1905
f 4558/8458/1906 4567/8459/1906 4565/8460/1906 4562/8461/1906
f 4550/8462/1896 4551/8463/1896 4555/8464/1896 4556/8450/1896 4571/8450/1896 4561/8441/1896
f 4550/8462/1896 4561/8441/1896 4564/8440/1896 4553/8440/1896 4552/8465/1896 4549/8466/1896
f 4564/8467/1907 4566/8468/1907 4565/8460/1907 4567/8459/1907 4569/8469/1907 4568/8470/1907 4554/8470/1907 4553/8467/1907
f 4556/8471/1908 4557/8472/1908 4573/8472/1908 4575/8473/1908 4574/8457/1908 4570/8456/1908 4572/8474/1908 4571/8471/1908
f 4580/8475/1909 4577/8476/1909 4578/8477/1909 4581/8478/1909
f 4581/8478/1910 4578/8477/1910 4576/8479/1910 4579/8480/1910
f 4579/8480/1911 4582/8481/1911 4584/8482/1911 4581/8478/1911
f 4581/8478/1912 4584/8482/1912 4583/8483/1912 4580/8475/1912
f 4585/8443/1913 4576/8479/1913 4578/8477/1913 4587/8484/1913
f 4587/8485/1914 4578/8486/1914 4577/8487/1914 4586/8488/1914
f 4582/8481/1915 4589/8451/1915 4590/8489/1915 4584/8482/1915
f 4584/8490/1916 4590/8491/1916 4588/8492/1916 4583/8493/1916
f 4549/8494/1917 4552/8495/1917 4586/8488/1917 4577/8487/1917
f 4577/8487/1918 4580/8496/1918 4550/8497/1918 4549/8494/1918
f 4576/8479/1894 4585/8443/1894 4554/8443/1894 4568/8443/1894 4559/8442/1894 4579/8480/1894
f 4583/8493/1919 4551/8498/1919 4550/8499/1919 4580/8500/1919
f 4582/8481/1894 4579/8480/1894 4559/8442/1894 4573/8451/1894 4557/8451/1894 4589/8451/1894
f 4551/8498/1920 4583/8493/1920 4588/8492/1920 4555/8501/1920
f 4553/8502/1921 4554/8503/1921 4585/8503/1921 4587/8485/1921 4586/8488/1921 4552/8495/1921
f 4555/8501/1922 4588/8492/1922 4590/8491/1922 4589/8504/1922 4557/8504/1922 4556/8505/1922
o mdlSilla.015
v 12.380132 1.486190 4.004676
v 12.390791 1.486190 3.887539
v 12.424098 1.486190 3.774733
v 12.478772 1.486190 3.670592
v 12.552713 1.486190 3.579119
v 12.643079 1.486190 3.503828
v 12.746396 1.486190 3.447614
v 12.858695 1.486190 3.412636
v 12.975660 1.486190 3.400238
v 13.092797 1.486190 3.410898
v 13.205604 1.486190 3.444205
v 13.309744 1.486190 3.498879
v 13.401217 1.486190 3.572820
v 13.476508 1.486190 3.663185
v 13.532722 1.486190 3.766503
v 13.567701 1.486190 3.878802
v 13.580098 1.486190 3.995767
v 13.569439 1.486190 4.112904
v 13.536132 1.486190 4.225710
v 13.481458 1.486190 4.329851
v 13.407517 1.486190 4.421324
v 13.317152 1.486190 4.496615
v 13.213834 1.486190 4.552830
v 13.101535 1.486190 4.587808
v 12.984570 1.486190 4.600205
v 12.867433 1.486190 4.589546
v 12.754626 1.486190 4.556239
v 12.650486 1.486190 4.501565
v 12.559012 1.486190 4.427624
v 12.483722 1.486190 4.337258
v 12.427507 1.486190 4.233941
v 12.392529 1.486190 4.121641
v 12.517001 1.726190 4.003660
v 12.380132 1.698947 4.004676
v 12.420219 1.718211 4.004378
v 12.525229 1.726190 3.913245
v 12.390791 1.698947 3.887539
v 12.430167 1.718211 3.895068
v 12.550938 1.726190 3.826172
v 12.424098 1.698947 3.774733
v 12.461248 1.718211 3.789799
v 12.593140 1.726190 3.745788
v 12.478772 1.698947 3.670592
v 12.512270 1.718211 3.692617
v 12.650212 1.726190 3.675182
v 12.552712 1.698947 3.579119
v 12.581270 1.718211 3.607255
v 12.719964 1.726190 3.617067
v 12.643078 1.698947 3.503828
v 12.665598 1.718211 3.536995
v 12.799712 1.726190 3.573676
v 12.746396 1.698947 3.447614
v 12.762012 1.718211 3.484537
v 12.886394 1.726190 3.546677
v 12.858695 1.698947 3.412636
v 12.866808 1.718211 3.451895
v 12.976677 1.726190 3.537108
v 12.975660 1.698947 3.400238
v 12.975958 1.718211 3.440326
v 13.067092 1.726190 3.545336
v 13.092797 1.698947 3.410898
v 13.085268 1.718211 3.450274
v 13.154164 1.726190 3.571044
v 13.205604 1.698947 3.444205
v 13.190537 1.718211 3.481355
v 13.234549 1.726190 3.613246
v 13.309744 1.698947 3.498879
v 13.287720 1.718211 3.532377
v 13.305155 1.726190 3.670320
v 13.401217 1.698947 3.572820
v 13.373081 1.718211 3.601377
v 13.363270 1.726190 3.740071
v 13.476508 1.698947 3.663185
v 13.443341 1.718211 3.685704
v 13.406661 1.726190 3.819819
v 13.532722 1.698947 3.766503
v 13.495800 1.718211 3.782119
v 13.433660 1.726190 3.906501
v 13.567701 1.698947 3.878802
v 13.528441 1.718211 3.886915
v 13.443229 1.726190 3.996783
v 13.580098 1.698947 3.995767
v 13.540010 1.718211 3.996065
v 13.435001 1.726190 4.087199
v 13.569439 1.698947 4.112904
v 13.530063 1.718211 4.105375
v 13.409292 1.726190 4.174271
v 13.536132 1.698947 4.225710
v 13.498981 1.718211 4.210644
v 13.367090 1.726190 4.254655
v 13.481458 1.698947 4.329851
v 13.447960 1.718211 4.307827
v 13.310017 1.726190 4.325262
v 13.407516 1.698947 4.421324
v 13.378960 1.718211 4.393188
v 13.240266 1.726190 4.383377
v 13.317151 1.698947 4.496615
v 13.294632 1.718211 4.463449
v 13.160518 1.726190 4.426768
v 13.213834 1.698947 4.552830
v 13.198217 1.718211 4.515907
v 13.073836 1.726190 4.453766
v 13.101535 1.698947 4.587808
v 13.093422 1.718211 4.548548
v 12.983553 1.726190 4.463336
v 12.984570 1.698947 4.600205
v 12.984272 1.718211 4.560117
v 12.893138 1.726190 4.455108
v 12.867433 1.698947 4.589546
v 12.874962 1.718211 4.550170
v 12.806066 1.726190 4.429399
v 12.754626 1.698947 4.556239
v 12.769692 1.718211 4.519088
v 12.725681 1.726190 4.387197
v 12.650486 1.698947 4.501565
v 12.672510 1.718211 4.468067
v 12.655075 1.726190 4.330124
v 12.559012 1.698947 4.427624
v 12.587149 1.718211 4.399067
v 12.596960 1.726190 4.260373
v 12.483722 1.698947 4.337258
v 12.516889 1.718211 4.314739
v 12.553569 1.726190 4.180624
v 12.427507 1.698947 4.233941
v 12.464430 1.718211 4.218325
v 12.526570 1.726190 4.093943
v 12.392529 1.698947 4.121641
v 12.431788 1.718211 4.113529
v 12.513461 0.317975 4.003686
v 12.513461 0.477975 4.003686
v 12.521752 0.317975 3.912580
v 12.521752 0.477975 3.912580
v 12.547657 0.317975 3.824842
v 12.547657 0.477975 3.824842
v 12.590182 0.317975 3.743843
v 12.590182 0.477975 3.743843
v 12.647692 0.317975 3.672697
v 12.647692 0.477975 3.672697
v 12.717976 0.317975 3.614138
v 12.717976 0.477975 3.614138
v 12.798334 0.317975 3.570415
v 12.798334 0.477975 3.570415
v 12.885677 0.317975 3.543211
v 12.885677 0.477975 3.543211
v 12.976650 0.317975 3.533568
v 12.976650 0.477975 3.533568
v 13.067757 0.317975 3.541859
v 13.067757 0.477975 3.541859
v 13.155495 0.317975 3.567764
v 13.155495 0.477975 3.567764
v 13.236493 0.317975 3.610289
v 13.236493 0.477975 3.610289
v 13.307639 0.317975 3.667798
v 13.307639 0.477975 3.667798
v 13.366199 0.317975 3.738082
v 13.366199 0.477975 3.738082
v 13.409922 0.317975 3.818440
v 13.409922 0.477975 3.818440
v 13.437126 0.317975 3.905784
v 13.437126 0.477975 3.905784
v 13.446769 0.317975 3.996757
v 13.446769 0.477975 3.996757
v 13.438478 0.317975 4.087863
v 13.438478 0.477975 4.087863
v 13.412573 0.317975 4.175601
v 13.412573 0.477975 4.175601
v 13.370049 0.317975 4.256600
v 13.370049 0.477975 4.256600
v 13.312539 0.317975 4.327746
v 13.312539 0.477975 4.327746
v 13.242254 0.317975 4.386305
v 13.242254 0.477975 4.386305
v 13.161897 0.317975 4.430028
v 13.161897 0.477975 4.430028
v 13.074553 0.317975 4.457233
v 13.074553 0.477975 4.457233
v 12.983580 0.317975 4.466876
v 12.983580 0.477975 4.466876
v 12.892473 0.317975 4.458585
v 12.892473 0.477975 4.458585
v 12.804735 0.317975 4.432679
v 12.804735 0.477975 4.432679
v 12.723737 0.317975 4.390155
v 12.723737 0.477975 4.390155
v 12.652591 0.317975 4.332645
v 12.652591 0.477975 4.332645
v 12.594031 0.317975 4.262362
v 12.594031 0.477975 4.262362
v 12.550309 0.317975 4.182003
v 12.550309 0.477975 4.182003
v 12.523104 0.317975 4.094659
v 12.523104 0.477975 4.094659
v 12.913450 0.453975 4.000717
v 12.913450 1.541975 4.000717
v 12.914635 0.453975 3.987701
v 12.914635 1.541975 3.987701
v 12.918335 0.453975 3.975168
v 12.918335 1.541975 3.975168
v 12.924410 0.453975 3.963596
v 12.924410 1.541975 3.963596
v 12.932626 0.453975 3.953433
v 12.932626 1.541975 3.953433
v 12.942667 0.453975 3.945067
v 12.942666 1.541975 3.945067
v 12.954146 0.453975 3.938821
v 12.954146 1.541975 3.938821
v 12.966624 0.453975 3.934934
v 12.966624 1.541975 3.934934
v 12.979620 0.453975 3.933557
v 12.979620 1.541975 3.933557
v 12.992636 0.453975 3.934741
v 12.992635 1.541975 3.934741
v 13.005170 0.453975 3.938442
v 13.005169 1.541975 3.938442
v 13.016741 0.453975 3.944517
v 13.016741 1.541975 3.944517
v 13.026904 0.453975 3.952733
v 13.026904 1.541975 3.952733
v 13.035270 0.453975 3.962773
v 13.035270 1.541975 3.962773
v 13.041516 0.453975 3.974253
v 13.041516 1.541975 3.974253
v 13.045403 0.453975 3.986731
v 13.045403 1.541975 3.986731
v 13.046780 0.453975 3.999727
v 13.046780 1.541975 3.999727
v 13.045595 0.453975 4.012742
v 13.045595 1.541975 4.012742
v 13.041895 0.453975 4.025276
v 13.041895 1.541975 4.025276
v 13.035820 0.453975 4.036847
v 13.035820 1.541975 4.036847
v 13.027604 0.453975 4.047011
v 13.027604 1.541975 4.047011
v 13.017564 0.453975 4.055377
v 13.017564 1.541975 4.055377
v 13.006083 0.453975 4.061623
v 13.006083 1.541975 4.061623
v 12.993607 0.453975 4.065509
v 12.993606 1.541975 4.065509
v 12.980610 0.453975 4.066886
v 12.980610 1.541975 4.066886
v 12.967595 0.453975 4.065702
v 12.967595 1.541975 4.065702
v 12.955061 0.453975 4.062001
v 12.955061 1.541975 4.062001
v 12.943490 0.453975 4.055926
v 12.943489 1.541975 4.055926
v 12.933326 0.453975 4.047711
v 12.933326 1.541975 4.047711
v 12.924960 0.453975 4.037670
v 12.924960 1.541975 4.037670
v 12.918715 0.453975 4.026190
v 12.918714 1.541975 4.026190
v 12.914827 0.453975 4.013713
v 12.914827 1.541975 4.013713
v 13.433980 1.614190 4.070188
v 13.433980 2.254190 4.070188
v 13.367315 1.614190 4.070683
v 13.367315 2.254190 4.070683
v 13.432892 1.614190 3.923525
v 13.432891 2.254190 3.923525
v 13.366226 1.614190 3.924020
v 13.366226 2.254190 3.924020
v 13.562636 2.269675 4.330093
v 13.560156 2.034614 3.995915
v 13.557674 2.269675 3.661738
v 13.564956 3.356750 4.642543
v 13.564945 3.401785 4.641032
v 13.272646 3.401785 4.643202
v 13.555355 3.356750 3.349288
v 13.555367 3.401785 3.350799
v 13.263067 3.401785 3.352969
v 13.278931 2.958344 3.998003
v 13.267857 2.906741 3.998085
v 13.271100 2.943230 3.998061
v 13.560156 2.906741 3.995915
v 13.549081 2.958345 3.995998
v 13.556911 2.943231 3.995939
v 13.564945 3.401785 4.641032
v 13.553596 3.394330 4.604072
v 13.561506 3.396513 4.614863
v 13.283445 3.394330 4.606078
v 13.272646 3.401785 4.643202
v 13.275695 3.396513 4.616985
v 13.544567 3.394330 3.387923
v 13.555367 3.401785 3.350799
v 13.552317 3.396513 3.377016
v 13.263067 3.401785 3.352969
v 13.274417 3.394330 3.389929
v 13.266505 3.396513 3.379138
v 13.269889 2.329070 4.271850
v 13.292313 2.269675 4.332100
v 13.276643 2.287071 4.314521
v 13.267857 2.136505 3.998085
v 13.289832 2.034614 3.997922
v 13.274293 2.064457 3.998038
v 13.265824 2.329070 3.724321
v 13.287351 2.269675 3.663745
v 13.271943 2.287071 3.681555
v 13.272646 3.401785 4.643202
v 13.294632 3.356750 4.644550
v 13.279090 3.369940 4.644223
v 13.285031 3.356750 3.351295
v 13.263067 3.401785 3.352969
v 13.269496 3.369940 3.351853
vn -0.0000 -1.0000 -0.0000
vn -0.4330 0.9005 -0.0394
vn -0.0822 0.9966 -0.0075
vn -0.4170 0.9005 -0.1231
vn -0.0792 0.9966 -0.0234
vn -0.3850 0.9005 -0.2021
vn -0.0731 0.9966 -0.0384
vn -0.3382 0.9005 -0.2733
vn -0.0642 0.9966 -0.0519
vn -0.2783 0.9005 -0.3341
vn -0.0528 0.9966 -0.0634
vn -0.2078 0.9005 -0.3819
vn -0.0395 0.9966 -0.0725
vn -0.1293 0.9005 -0.4151
vn -0.0246 0.9966 -0.0788
vn -0.0458 0.9005 -0.4324
vn -0.0087 0.9966 -0.0821
vn 0.0394 0.9005 -0.4330
vn 0.0075 0.9966 -0.0822
vn 0.1231 0.9005 -0.4170
vn 0.0234 0.9966 -0.0792
vn 0.2021 0.9005 -0.3850
vn 0.0384 0.9966 -0.0731
vn 0.2733 0.9005 -0.3382
vn 0.0519 0.9966 -0.0642
vn 0.3341 0.9005 -0.2783
vn 0.0634 0.9966 -0.0528
vn 0.3819 0.9005 -0.2078
vn 0.0725 0.9966 -0.0395
vn 0.4151 0.9005 -0.1293
vn 0.0788 0.9966 -0.0246
vn 0.4324 0.9005 -0.0458
vn 0.0821 0.9966 -0.0087
vn 0.4330 0.9005 0.0394
vn 0.0822 0.9966 0.0075
vn 0.4170 0.9005 0.1231
vn 0.0792 0.9966 0.0234
vn 0.3850 0.9005 0.2021
vn 0.0731 0.9966 0.0384
vn 0.3382 0.9005 0.2733
vn 0.0642 0.9966 0.0519
vn 0.2783 0.9005 0.3341
vn 0.0528 0.9966 0.0634
vn 0.2078 0.9005 0.3819
vn 0.0395 0.9966 0.0725
vn 0.1293 0.9005 0.4151
vn 0.0246 0.9966 0.0788
vn 0.0458 0.9005 0.4324
vn 0.0087 0.9966 0.0821
vn -0.0394 0.9005 0.4330
vn -0.0075 0.9966 0.0822
vn -0.1231 0.9005 0.4170
vn -0.0234 0.9966 0.0792
vn -0.2021 0.9005 0.3850
vn -0.0384 0.9966 0.0731
vn -0.2733 0.9005 0.3382
vn -0.0519 0.9966 0.0642
vn -0.3341 0.9005 0.2783
vn -0.0634 0.9966 0.0528
vn -0.3819 0.9005 0.2078
vn -0.0725 0.9966 0.0395
vn -0.4151 0.9005 0.1293
vn -0.0788 0.9966 0.0246
vn -0.4324 0.9005 0.0458
vn -0.0821 0.9966 0.0087
vn -0.0000 1.0000 -0.0000
vn -0.9959 -0.0000 -0.0906
vn -0.9944 -0.0000 0.1054
vn -0.9591 -0.0000 -0.2832
vn -0.8854 -0.0000 -0.4648
vn -0.7777 -0.0000 -0.6286
vn -0.6401 -0.0000 -0.7683
vn -0.4779 -0.0000 -0.8784
vn -0.2974 -0.0000 -0.9548
vn -0.1054 -0.0000 -0.9944
vn 0.0906 -0.0000 -0.9959
vn 0.2832 -0.0000 -0.9591
vn 0.4648 -0.0000 -0.8854
vn 0.6286 -0.0000 -0.7777
vn 0.7683 -0.0000 -0.6401
vn 0.8784 -0.0000 -0.4779
vn 0.9548 -0.0000 -0.2974
vn 0.9944 -0.0000 -0.1054
vn 0.9959 -0.0000 0.0906
vn 0.9591 -0.0000 0.2832
vn 0.8854 -0.0000 0.4648
vn 0.7777 -0.0000 0.6286
vn 0.6401 -0.0000 0.7683
vn 0.4779 -0.0000 0.8784
vn 0.2974 -0.0000 0.9548
vn 0.1054 -0.0000 0.9944
vn -0.0906 -0.0000 0.9959
vn -0.2832 -0.0000 0.9591
vn -0.4648 -0.0000 0.8854
vn -0.6286 -0.0000 0.7777
vn -0.7683 -0.0000 0.6401
vn -0.8784 -0.0000 0.4779
vn -0.9548 -0.0000 0.2974
vn 0.0074 -0.0000 1.0000
vn -1.0000 -0.0000 0.0074
vn -0.0074 -0.0000 -1.0000
vn 1.0000 -0.0000 -0.0074
vn 0.7292 0.5515 -0.4051
vn 0.9868 0.1259 -0.1018
vn -0.9882 0.1259 -0.0872
vn -0.7351 0.5515 -0.3942
vn 0.7351 0.5515 0.3942
vn 0.9882 0.1259 0.0872
vn -0.9868 0.1259 0.1018
vn -0.7292 0.5515 0.4051
vn 0.0043 0.8127 0.5827
vn -0.0043 0.8127 -0.5827
vn -0.0015 0.9803 -0.1973
vn 0.0015 0.9803 0.1973
vn -0.8413 -0.4392 0.3152
vn -0.9936 -0.0888 0.0698
vn -0.9945 -0.0888 -0.0551
vn -0.8458 -0.4392 -0.3027
vn -0.9792 -0.0606 0.1935
vn -0.6372 -0.2174 0.7394
vn -0.9820 -0.0606 -0.1789
vn -0.6481 -0.2174 -0.7298
vn 0.0071 -0.2762 0.9611
vn 0.0043 -0.8179 0.5753
vn -0.0043 -0.8179 -0.5753
vn -0.0071 -0.2762 -0.9611
vn 0.0074 0.0335 0.9994
vn -0.0074 0.0335 -0.9994
vt 0.483906 0.143218
vt 0.474334 0.128893
vt 0.467741 0.112976
vt 0.464380 0.096078
vt 0.464380 0.078849
vt 0.467741 0.061951
vt 0.474334 0.046034
vt 0.483906 0.031709
vt 0.496089 0.019526
vt 0.510414 0.009954
vt 0.526331 0.003361
vt 0.543229 -0.000000
vt 0.560458 -0.000000
vt 0.577356 0.003361
vt 0.593273 0.009954
vt 0.607598 0.019526
vt 0.619781 0.031709
vt 0.629353 0.046034
vt 0.635946 0.061951
vt 0.639307 0.078849
vt 0.639307 0.096078
vt 0.635946 0.112976
vt 0.629353 0.128893
vt 0.619781 0.143218
vt 0.607598 0.155401
vt 0.593273 0.164973
vt 0.577356 0.171566
vt 0.560458 0.174927
vt 0.543229 0.174927
vt 0.526331 0.171566
vt 0.510414 0.164973
vt 0.496089 0.155401
vt 0.667962 0.525164
vt 0.650816 0.525244
vt 0.650816 0.510871
vt 0.666816 0.510796
vt 0.473669 0.295208
vt 0.467517 0.280354
vt 0.481083 0.276239
vt 0.486172 0.288525
vt 0.684448 0.524924
vt 0.682201 0.510572
vt 0.482601 0.308576
vt 0.493560 0.299582
vt 0.699643 0.524536
vt 0.696381 0.510210
vt 0.493970 0.319945
vt 0.502964 0.308986
vt 0.712961 0.524013
vt 0.708809 0.509722
vt 0.507338 0.328877
vt 0.514021 0.316374
vt 0.477698 0.524677
vt 0.464380 0.524046
vt 0.468532 0.509722
vt 0.480960 0.510310
vt 0.522192 0.335029
vt 0.526307 0.321463
vt 0.492892 0.525145
vt 0.495140 0.510747
vt 0.537961 0.338166
vt 0.539350 0.324058
vt 0.509379 0.525433
vt 0.510525 0.511016
vt 0.554038 0.338166
vt 0.552649 0.324058
vt 0.526525 0.525531
vt 0.526525 0.511107
vt 0.569807 0.335029
vt 0.565692 0.321463
vt 0.543671 0.525433
vt 0.542525 0.511016
vt 0.584661 0.328877
vt 0.577978 0.316374
vt 0.560158 0.525145
vt 0.557911 0.510747
vt 0.598029 0.319945
vt 0.589035 0.308986
vt 0.575352 0.524677
vt 0.572090 0.510310
vt 0.609398 0.308576
vt 0.598439 0.299582
vt 0.588670 0.524046
vt 0.584518 0.509722
vt 0.618330 0.295208
vt 0.605827 0.288525
vt 0.477698 0.353257
vt 0.464380 0.352522
vt 0.468532 0.338166
vt 0.480960 0.338852
vt 0.624482 0.280354
vt 0.610916 0.276239
vt 0.492892 0.353804
vt 0.495140 0.339362
vt 0.627619 0.264585
vt 0.613511 0.263196
vt 0.509379 0.354140
vt 0.510525 0.339676
vt 0.627619 0.248508
vt 0.613511 0.249897
vt 0.526525 0.354254
vt 0.526525 0.339782
vt 0.624482 0.232739
vt 0.610916 0.236854
vt 0.543671 0.354140
vt 0.542525 0.339676
vt 0.618330 0.217885
vt 0.605827 0.224568
vt 0.560158 0.353804
vt 0.557911 0.339362
vt 0.609397 0.204517
vt 0.598439 0.213511
vt 0.575352 0.353257
vt 0.572090 0.338852
vt 0.598029 0.193148
vt 0.589035 0.204107
vt 0.588670 0.352522
vt 0.584518 0.338166
vt 0.584661 0.184216
vt 0.577978 0.196719
vt 0.601988 0.353121
vt 0.588670 0.352491
vt 0.592823 0.338166
vt 0.605251 0.338754
vt 0.569807 0.178064
vt 0.565692 0.191630
vt 0.617183 0.353589
vt 0.619430 0.339191
vt 0.554038 0.174927
vt 0.552649 0.189035
vt 0.633670 0.353878
vt 0.634816 0.339461
vt 0.537961 0.174927
vt 0.539350 0.189035
vt 0.650816 0.353975
vt 0.650816 0.339552
vt 0.522192 0.178064
vt 0.526307 0.191630
vt 0.667962 0.353878
vt 0.666816 0.339461
vt 0.507338 0.184216
vt 0.514021 0.196719
vt 0.684448 0.353589
vt 0.682201 0.339191
vt 0.493970 0.193148
vt 0.502964 0.204107
vt 0.699643 0.353121
vt 0.696381 0.338754
vt 0.482601 0.204517
vt 0.493560 0.213511
vt 0.712961 0.352491
vt 0.708809 0.338166
vt 0.473669 0.217885
vt 0.486172 0.224568
vt 0.601988 0.524536
vt 0.588670 0.524013
vt 0.592823 0.509722
vt 0.605251 0.510210
vt 0.467516 0.232739
vt 0.481083 0.236854
vt 0.617183 0.524924
vt 0.619430 0.510572
vt 0.464380 0.248508
vt 0.478488 0.249897
vt 0.633670 0.525164
vt 0.634816 0.510796
vt 0.464380 0.264585
vt 0.478488 0.263196
vt 0.650816 0.680887
vt 0.667962 0.680806
vt 0.633670 0.680806
vt 0.684448 0.680567
vt 0.699643 0.680178
vt 0.712961 0.679655
vt 0.464380 0.679608
vt 0.477698 0.680238
vt 0.492892 0.680707
vt 0.509379 0.680995
vt 0.526525 0.681092
vt 0.543671 0.680995
vt 0.560158 0.680707
vt 0.575352 0.680238
vt 0.588670 0.679608
vt 0.464380 0.507990
vt 0.477698 0.508725
vt 0.492892 0.509272
vt 0.509379 0.509608
vt 0.526525 0.509722
vt 0.543671 0.509608
vt 0.560158 0.509272
vt 0.575352 0.508725
vt 0.588670 0.507990
vt 0.588670 0.508052
vt 0.601988 0.508682
vt 0.617183 0.509151
vt 0.633670 0.509439
vt 0.650816 0.509537
vt 0.667962 0.509439
vt 0.684448 0.509151
vt 0.699643 0.508682
vt 0.712961 0.508052
vt 0.588670 0.679655
vt 0.601988 0.680178
vt 0.617183 0.680567
vt 0.812009 0.292933
vt 0.812009 0.175885
vt 0.825344 0.175822
vt 0.825344 0.292870
vt 0.838167 0.175636
vt 0.838167 0.292684
vt 0.849985 0.175334
vt 0.849985 0.292382
vt 0.860344 0.174927
vt 0.860344 0.291975
vt 0.685341 0.797874
vt 0.685341 0.680887
vt 0.695699 0.681377
vt 0.695699 0.798364
vt 0.707517 0.681742
vt 0.707517 0.798729
vt 0.720340 0.681966
vt 0.720340 0.798953
vt 0.733676 0.682042
vt 0.733676 0.799029
vt 0.747012 0.681966
vt 0.747012 0.798953
vt 0.759835 0.681742
vt 0.759835 0.798729
vt 0.771653 0.681377
vt 0.771653 0.798364
vt 0.782011 0.680887
vt 0.782011 0.797874
vt 0.588670 0.797804
vt 0.588670 0.680887
vt 0.599029 0.681459
vt 0.599029 0.798376
vt 0.610847 0.681884
vt 0.610847 0.798800
vt 0.623670 0.682145
vt 0.623670 0.799062
vt 0.637006 0.682234
vt 0.637006 0.799151
vt 0.650341 0.682145
vt 0.650341 0.799062
vt 0.663164 0.681884
vt 0.663164 0.798800
vt 0.674982 0.681459
vt 0.674982 0.798376
vt 0.685341 0.680887
vt 0.685341 0.797804
vt 0.464380 0.798080
vt 0.464380 0.681092
vt 0.474738 0.681583
vt 0.474738 0.798570
vt 0.486556 0.681947
vt 0.486556 0.798934
vt 0.499379 0.682171
vt 0.499379 0.799159
vt 0.512715 0.682247
vt 0.512715 0.799235
vt 0.526051 0.682171
vt 0.526051 0.799159
vt 0.538874 0.681947
vt 0.538874 0.798934
vt 0.550692 0.681583
vt 0.550692 0.798570
vt 0.561050 0.681092
vt 0.561050 0.798080
vt 0.763673 0.291975
vt 0.763673 0.174927
vt 0.774032 0.175334
vt 0.774032 0.292382
vt 0.785850 0.175636
vt 0.785850 0.292684
vt 0.652281 0.295794
vt 0.642806 0.286319
vt 0.635361 0.275177
vt 0.630233 0.262797
vt 0.627619 0.249654
vt 0.627619 0.236254
vt 0.630233 0.223111
vt 0.635361 0.210731
vt 0.642806 0.199589
vt 0.652281 0.190114
vt 0.663423 0.182669
vt 0.675803 0.177541
vt 0.688946 0.174927
vt 0.702346 0.174927
vt 0.715489 0.177541
vt 0.727869 0.182669
vt 0.739011 0.190114
vt 0.748486 0.199589
vt 0.755931 0.210731
vt 0.761059 0.223111
vt 0.763673 0.236254
vt 0.763673 0.249654
vt 0.761059 0.262797
vt 0.755931 0.275177
vt 0.748486 0.286319
vt 0.739011 0.295794
vt 0.727869 0.303239
vt 0.715489 0.308367
vt 0.702346 0.310981
vt 0.688946 0.310981
vt 0.675803 0.308367
vt 0.663423 0.303239
vt 0.798673 0.175822
vt 0.798673 0.292870
vt 0.654494 0.111392
vt 0.647049 0.100250
vt 0.641921 0.087870
vt 0.639307 0.074727
vt 0.639307 0.061327
vt 0.641921 0.048184
vt 0.647049 0.035804
vt 0.654494 0.024662
vt 0.663969 0.015187
vt 0.675111 0.007742
vt 0.687491 0.002614
vt 0.700634 0.000000
vt 0.714034 0.000000
vt 0.727177 0.002614
vt 0.739557 0.007742
vt 0.750699 0.015187
vt 0.760174 0.024662
vt 0.767619 0.035804
vt 0.772747 0.048184
vt 0.775361 0.061327
vt 0.775361 0.074727
vt 0.772747 0.087870
vt 0.767619 0.100250
vt 0.760174 0.111392
vt 0.750699 0.120867
vt 0.739557 0.128312
vt 0.727177 0.133440
vt 0.714034 0.136054
vt 0.700634 0.136054
vt 0.687491 0.133440
vt 0.675111 0.128312
vt 0.663969 0.120867
vt 0.867249 0.970990
vt 0.867249 0.175064
vt 0.869154 0.175055
vt 0.869154 0.970981
vt 0.870986 0.175028
vt 0.870986 0.970955
vt 0.872674 0.174985
vt 0.872674 0.970911
vt 0.874154 0.174927
vt 0.874154 0.970853
vt 0.874154 0.970439
vt 0.874154 0.174927
vt 0.875634 0.174997
vt 0.875634 0.970509
vt 0.877322 0.175049
vt 0.877322 0.970561
vt 0.879154 0.175081
vt 0.879154 0.970594
vt 0.881059 0.175092
vt 0.881059 0.970604
vt 0.882964 0.175081
vt 0.882964 0.970594
vt 0.884796 0.175049
vt 0.884796 0.970561
vt 0.886484 0.174997
vt 0.886484 0.970509
vt 0.887964 0.174927
vt 0.887964 0.970439
vt 0.901774 0.969961
vt 0.901774 0.174927
vt 0.903254 0.175009
vt 0.903254 0.970042
vt 0.904942 0.175069
vt 0.904942 0.970103
vt 0.906774 0.175107
vt 0.906774 0.970141
vt 0.908679 0.175119
vt 0.908679 0.970153
vt 0.910584 0.175107
vt 0.910584 0.970141
vt 0.912416 0.175069
vt 0.912416 0.970103
vt 0.914104 0.175009
vt 0.914104 0.970042
vt 0.915584 0.174927
vt 0.915584 0.969961
vt 0.889444 0.174997
vt 0.889444 0.970509
vt 0.891132 0.175049
vt 0.891132 0.970561
vt 0.892964 0.175081
vt 0.892964 0.970594
vt 0.894869 0.175092
vt 0.894869 0.970604
vt 0.896774 0.175081
vt 0.896774 0.970594
vt 0.898606 0.175049
vt 0.898606 0.970561
vt 0.900294 0.174997
vt 0.900294 0.970509
vt 0.901774 0.174927
vt 0.901774 0.970439
vt 0.860344 0.970853
vt 0.860344 0.174927
vt 0.861824 0.174985
vt 0.861824 0.970911
vt 0.863512 0.175028
vt 0.863512 0.970955
vt 0.643532 0.328248
vt 0.641940 0.329312
vt 0.640172 0.330044
vt 0.638294 0.330418
vt 0.636380 0.330418
vt 0.634503 0.330044
vt 0.632734 0.329312
vt 0.631142 0.328248
vt 0.629789 0.326894
vt 0.628725 0.325303
vt 0.627993 0.323534
vt 0.627619 0.321657
vt 0.627619 0.319742
vt 0.627993 0.317865
vt 0.628725 0.316096
vt 0.629789 0.314504
vt 0.631142 0.313151
vt 0.632734 0.312087
vt 0.634503 0.311355
vt 0.636380 0.310981
vt 0.638294 0.310981
vt 0.640172 0.311355
vt 0.641940 0.312087
vt 0.643532 0.313151
vt 0.644886 0.314504
vt 0.645949 0.316096
vt 0.646682 0.317865
vt 0.647055 0.319742
vt 0.647055 0.321657
vt 0.646682 0.323534
vt 0.645949 0.325303
vt 0.644886 0.326894
vt 0.865344 0.175055
vt 0.865344 0.970981
vt 0.653628 0.154385
vt 0.651860 0.155117
vt 0.649982 0.155491
vt 0.648068 0.155491
vt 0.646190 0.155117
vt 0.644422 0.154385
vt 0.642830 0.153321
vt 0.641477 0.151967
vt 0.640413 0.150376
vt 0.639680 0.148607
vt 0.639307 0.146730
vt 0.639307 0.144815
vt 0.639680 0.142938
vt 0.640413 0.141169
vt 0.641477 0.139577
vt 0.642830 0.138224
vt 0.644422 0.137160
vt 0.646190 0.136428
vt 0.648068 0.136054
vt 0.649982 0.136054
vt 0.651860 0.136428
vt 0.653628 0.137160
vt 0.655220 0.138224
vt 0.656574 0.139577
vt 0.657637 0.141169
vt 0.658370 0.142938
vt 0.658743 0.144815
vt 0.658743 0.146730
vt 0.658370 0.148607
vt 0.657637 0.150376
vt 0.656574 0.151967
vt 0.655220 0.153321
vt 0.841561 0.806115
vt 0.841561 0.338166
vt 0.851326 0.338166
vt 0.851326 0.806115
vt 0.798594 0.806358
vt 0.798594 0.338166
vt 0.820077 0.338166
vt 0.820077 0.806358
vt 0.915584 0.642875
vt 0.915584 0.174927
vt 0.925349 0.174927
vt 0.925349 0.642875
vt 0.820077 0.805833
vt 0.820077 0.338166
vt 0.841561 0.338166
vt 0.841561 0.805833
vt 0.656821 0.310981
vt 0.656821 0.332465
vt 0.647055 0.332465
vt 0.647055 0.310981
vt 0.666586 0.310981
vt 0.666586 0.332465
vt 0.656821 0.310981
vt 0.284028 0.323926
vt 0.373100 0.005339
vt 0.374689 0.003820
vt 0.284028 0.335048
vt 0.378526 0.000000
vt 0.284028 0.361743
vt 0.094654 0.362149
vt 0.000157 0.000000
vt 0.003993 0.003834
vt 0.094654 0.335433
vt 0.005582 0.005376
vt 0.094654 0.324321
vt 0.194956 0.005339
vt 0.193367 0.003820
vt 0.189530 0.000000
vt 0.189152 0.000000
vt 0.185315 0.003834
vt 0.183726 0.005376
vt 0.754155 0.667847
vt 0.714583 0.667847
vt 0.714583 0.343930
vt 0.754155 0.343930
vt 0.757400 0.667847
vt 0.757400 0.343930
vt 0.796972 0.343930
vt 0.796972 0.667847
vt 0.284028 0.999032
vt 0.235077 0.827267
vt 0.189309 0.032909
vt 0.378747 0.032909
vt 0.332979 0.827267
vt 0.798594 0.338166
vt 0.798119 0.342242
vt 0.756253 0.342242
vt 0.755777 0.338166
vt 0.712961 0.338166
vt 0.755778 0.338166
vt 0.755302 0.342242
vt 0.713436 0.342242
vt 0.094654 1.000000
vt 0.045703 0.828041
vt 0.048295 0.815424
vt 0.094654 0.978277
vt 0.054553 0.784745
vt 0.094654 0.925616
vt 0.134756 0.784745
vt 0.141013 0.815424
vt 0.143605 0.828041
vt 0.000000 0.023251
vt 0.420621 0.023293
vt 0.420621 0.812269
vt 0.418344 0.825138
vt 0.418344 0.032941
vt 0.189309 0.023251
vt 0.422506 0.812269
vt 0.422506 0.023293
vt 0.424782 0.032941
vt 0.424782 0.825138
vt 0.378747 0.825138
vt 0.378747 0.032941
vt 0.418344 0.994184
vt 0.378747 0.994184
vt 0.464380 0.825138
vt 0.464380 0.994184
vt 0.424782 0.994184
vt 0.464380 0.032941
vt 0.378747 0.000000
vt 0.421563 0.000000
vt 0.421563 0.000000
vt 0.464380 0.000000
s 1
usemtl Material.021
f 4591/8506/1923 4592/8507/1923 4593/8508/1923 4594/8509/1923 4595/8510/1923 4596/8511/1923 4597/8512/1923 4598/8513/1923 4599/8514/1923 4600/8515/1923 4601/8516/1923 4602/8517/1923 4603/8518/1923 4604/8519/1923 4605/8520/1923 4606/8521/1923 4607/8522/1923 4608/8523/1923 4609/8524/1923 4610/8525/1923 4611/8526/1923 4612/8527/1923 4613/8528/1923 4614/8529/1923 4615/8530/1923 4616/8531/1923 4617/8532/1923 4618/8533/1923 4619/8534/1923 4620/8535/1923 4621/8536/1923 4622/8537/1923
f 4627/8538/1924 4624/8539/1924 4625/8540/1924 4628/8541/1924
f 4628/8542/1925 4625/8543/1925 4623/8544/1925 4626/8545/1925
f 4630/8546/1926 4627/8538/1926 4628/8541/1926 4631/8547/1926
f 4631/8548/1927 4628/8542/1927 4626/8545/1927 4629/8549/1927
f 4633/8550/1928 4630/8546/1928 4631/8547/1928 4634/8551/1928
f 4634/8552/1929 4631/8548/1929 4629/8549/1929 4632/8553/1929
f 4636/8554/1930 4633/8550/1930 4634/8551/1930 4637/8555/1930
f 4637/8556/1931 4634/8552/1931 4632/8553/1931 4635/8557/1931
f 4639/8558/1932 4636/8559/1932 4637/8560/1932 4640/8561/1932
f 4640/8562/1933 4637/8556/1933 4635/8557/1933 4638/8563/1933
f 4642/8564/1934 4639/8558/1934 4640/8561/1934 4643/8565/1934
f 4643/8566/1935 4640/8562/1935 4638/8563/1935 4641/8567/1935
f 4645/8568/1936 4642/8564/1936 4643/8565/1936 4646/8569/1936
f 4646/8570/1937 4643/8566/1937 4641/8567/1937 4644/8571/1937
f 4648/8572/1938 4645/8568/1938 4646/8569/1938 4649/8573/1938
f 4649/8574/1939 4646/8570/1939 4644/8571/1939 4647/8575/1939
f 4651/8576/1940 4648/8572/1940 4649/8573/1940 4652/8577/1940
f 4652/8578/1941 4649/8574/1941 4647/8575/1941 4650/8579/1941
f 4654/8580/1942 4651/8576/1942 4652/8577/1942 4655/8581/1942
f 4655/8582/1943 4652/8578/1943 4650/8579/1943 4653/8583/1943
f 4657/8584/1944 4654/8580/1944 4655/8581/1944 4658/8585/1944
f 4658/8586/1945 4655/8582/1945 4653/8583/1945 4656/8587/1945
f 4660/8588/1946 4657/8584/1946 4658/8585/1946 4661/8589/1946
f 4661/8590/1947 4658/8586/1947 4656/8587/1947 4659/8591/1947
f 4663/8592/1948 4660/8593/1948 4661/8594/1948 4664/8595/1948
f 4664/8596/1949 4661/8590/1949 4659/8591/1949 4662/8597/1949
f 4666/8598/1950 4663/8592/1950 4664/8595/1950 4667/8599/1950
f 4667/8600/1951 4664/8596/1951 4662/8597/1951 4665/8601/1951
f 4669/8602/1952 4666/8598/1952 4667/8599/1952 4670/8603/1952
f 4670/8604/1953 4667/8600/1953 4665/8601/1953 4668/8605/1953
f 4672/8606/1954 4669/8602/1954 4670/8603/1954 4673/8607/1954
f 4673/8608/1955 4670/8604/1955 4668/8605/1955 4671/8609/1955
f 4675/8610/1956 4672/8606/1956 4673/8607/1956 4676/8611/1956
f 4676/8612/1957 4673/8608/1957 4671/8609/1957 4674/8613/1957
f 4678/8614/1958 4675/8610/1958 4676/8611/1958 4679/8615/1958
f 4679/8616/1959 4676/8612/1959 4674/8613/1959 4677/8617/1959
f 4681/8618/1960 4678/8614/1960 4679/8615/1960 4682/8619/1960
f 4682/8620/1961 4679/8616/1961 4677/8617/1961 4680/8621/1961
f 4684/8622/1962 4681/8618/1962 4682/8619/1962 4685/8623/1962
f 4685/8624/1963 4682/8620/1963 4680/8621/1963 4683/8625/1963
f 4687/8626/1964 4684/8627/1964 4685/8628/1964 4688/8629/1964
f 4688/8630/1965 4685/8624/1965 4683/8625/1965 4686/8631/1965
f 4690/8632/1966 4687/8626/1966 4688/8629/1966 4691/8633/1966
f 4691/8634/1967 4688/8630/1967 4686/8631/1967 4689/8635/1967
f 4693/8636/1968 4690/8632/1968 4691/8633/1968 4694/8637/1968
f 4694/8638/1969 4691/8634/1969 4689/8635/1969 4692/8639/1969
f 4696/8640/1970 4693/8636/1970 4694/8637/1970 4697/8641/1970
f 4697/8642/1971 4694/8638/1971 4692/8639/1971 4695/8643/1971
f 4699/8644/1972 4696/8640/1972 4697/8641/1972 4700/8645/1972
f 4700/8646/1973 4697/8642/1973 4695/8643/1973 4698/8647/1973
f 4702/8648/1974 4699/8644/1974 4700/8645/1974 4703/8649/1974
f 4703/8650/1975 4700/8646/1975 4698/8647/1975 4701/8651/1975
f 4705/8652/1976 4702/8648/1976 4703/8649/1976 4706/8653/1976
f 4706/8654/1977 4703/8650/1977 4701/8651/1977 4704/8655/1977
f 4708/8656/1978 4705/8652/1978 4706/8653/1978 4709/8657/1978
f 4709/8658/1979 4706/8654/1979 4704/8655/1979 4707/8659/1979
f 4711/8660/1980 4708/8661/1980 4709/8662/1980 4712/8663/1980
f 4712/8664/1981 4709/8658/1981 4707/8659/1981 4710/8665/1981
f 4714/8666/1982 4711/8660/1982 4712/8663/1982 4715/8667/1982
f 4715/8668/1983 4712/8664/1983 4710/8665/1983 4713/8669/1983
f 4717/8670/1984 4714/8666/1984 4715/8667/1984 4718/8671/1984
f 4718/8672/1985 4715/8668/1985 4713/8669/1985 4716/8673/1985
f 4624/8539/1986 4717/8670/1986 4718/8671/1986 4625/8540/1986
f 4625/8543/1987 4718/8672/1987 4716/8673/1987 4623/8544/1987
f 4626/8545/1988 4623/8544/1988 4716/8673/1988 4713/8669/1988 4710/8665/1988 4707/8659/1988 4704/8655/1988 4701/8651/1988 4698/8647/1988 4695/8643/1988 4692/8639/1988 4689/8635/1988 4686/8631/1988 4683/8625/1988 4680/8621/1988 4677/8617/1988 4674/8613/1988 4671/8609/1988 4668/8605/1988 4665/8601/1988 4662/8597/1988 4659/8591/1988 4656/8587/1988 4653/8583/1988 4650/8579/1988 4647/8575/1988 4644/8571/1988 4641/8567/1988 4638/8563/1988 4635/8557/1988 4632/8553/1988 4629/8549/1988
f 4591/8674/1989 4624/8539/1989 4627/8538/1989 4592/8675/1989
f 4622/8676/1990 4717/8670/1990 4624/8539/1990 4591/8674/1990
f 4592/8675/1991 4627/8538/1991 4630/8546/1991 4593/8677/1991
f 4593/8677/1992 4630/8546/1992 4633/8550/1992 4594/8678/1992
f 4594/8678/1993 4633/8550/1993 4636/8554/1993 4595/8679/1993
f 4595/8680/1994 4636/8559/1994 4639/8558/1994 4596/8681/1994
f 4596/8681/1995 4639/8558/1995 4642/8564/1995 4597/8682/1995
f 4597/8682/1996 4642/8564/1996 4645/8568/1996 4598/8683/1996
f 4598/8683/1997 4645/8568/1997 4648/8572/1997 4599/8684/1997
f 4599/8684/1998 4648/8572/1998 4651/8576/1998 4600/8685/1998
f 4600/8685/1999 4651/8576/1999 4654/8580/1999 4601/8686/1999
f 4601/8686/2000 4654/8580/2000 4657/8584/2000 4602/8687/2000
f 4602/8687/2001 4657/8584/2001 4660/8588/2001 4603/8688/2001
f 4603/8689/2002 4660/8593/2002 4663/8592/2002 4604/8690/2002
f 4604/8690/2003 4663/8592/2003 4666/8598/2003 4605/8691/2003
f 4605/8691/2004 4666/8598/2004 4669/8602/2004 4606/8692/2004
f 4606/8692/2005 4669/8602/2005 4672/8606/2005 4607/8693/2005
f 4607/8693/2006 4672/8606/2006 4675/8610/2006 4608/8694/2006
f 4608/8694/2007 4675/8610/2007 4678/8614/2007 4609/8695/2007
f 4609/8695/2008 4678/8614/2008 4681/8618/2008 4610/8696/2008
f 4610/8696/2009 4681/8618/2009 4684/8622/2009 4611/8697/2009
f 4611/8698/2010 4684/8627/2010 4687/8626/2010 4612/8699/2010
f 4612/8699/2011 4687/8626/2011 4690/8632/2011 4613/8700/2011
f 4613/8700/2012 4690/8632/2012 4693/8636/2012 4614/8701/2012
f 4614/8701/2013 4693/8636/2013 4696/8640/2013 4615/8702/2013
f 4615/8702/2014 4696/8640/2014 4699/8644/2014 4616/8703/2014
f 4616/8703/2015 4699/8644/2015 4702/8648/2015 4617/8704/2015
f 4617/8704/2016 4702/8648/2016 4705/8652/2016 4618/8705/2016
f 4618/8705/2017 4705/8652/2017 4708/8656/2017 4619/8706/2017
f 4619/8707/2018 4708/8661/2018 4711/8660/2018 4620/8708/2018
f 4620/8708/2019 4711/8660/2019 4714/8666/2019 4621/8709/2019
f 4621/8709/2020 4714/8666/2020 4717/8670/2020 4622/8676/2020
f 4719/8710/1989 4720/8711/1989 4722/8712/1989 4721/8713/1989
f 4721/8713/1991 4722/8712/1991 4724/8714/1991 4723/8715/1991
f 4723/8715/1992 4724/8714/1992 4726/8716/1992 4725/8717/1992
f 4725/8717/1993 4726/8716/1993 4728/8718/1993 4727/8719/1993
f 4727/8720/1994 4728/8721/1994 4730/8722/1994 4729/8723/1994
f 4729/8723/1995 4730/8722/1995 4732/8724/1995 4731/8725/1995
f 4731/8725/1996 4732/8724/1996 4734/8726/1996 4733/8727/1996
f 4733/8727/1997 4734/8726/1997 4736/8728/1997 4735/8729/1997
f 4735/8729/1998 4736/8728/1998 4738/8730/1998 4737/8731/1998
f 4737/8731/1999 4738/8730/1999 4740/8732/1999 4739/8733/1999
f 4739/8733/2000 4740/8732/2000 4742/8734/2000 4741/8735/2000
f 4741/8735/2001 4742/8734/2001 4744/8736/2001 4743/8737/2001
f 4743/8738/2002 4744/8739/2002 4746/8740/2002 4745/8741/2002
f 4745/8741/2003 4746/8740/2003 4748/8742/2003 4747/8743/2003
f 4747/8743/2004 4748/8742/2004 4750/8744/2004 4749/8745/2004
f 4749/8745/2005 4750/8744/2005 4752/8746/2005 4751/8747/2005
f 4751/8747/2006 4752/8746/2006 4754/8748/2006 4753/8749/2006
f 4753/8749/2007 4754/8748/2007 4756/8750/2007 4755/8751/2007
f 4755/8751/2008 4756/8750/2008 4758/8752/2008 4757/8753/2008
f 4757/8753/2009 4758/8752/2009 4760/8754/2009 4759/8755/2009
f 4759/8756/2010 4760/8757/2010 4762/8758/2010 4761/8759/2010
f 4761/8759/2011 4762/8758/2011 4764/8760/2011 4763/8761/2011
f 4763/8761/2012 4764/8760/2012 4766/8762/2012 4765/8763/2012
f 4765/8763/2013 4766/8762/2013 4768/8764/2013 4767/8765/2013
f 4767/8765/2014 4768/8764/2014 4770/8766/2014 4769/8767/2014
f 4769/8767/2015 4770/8766/2015 4772/8768/2015 4771/8769/2015
f 4771/8769/2016 4772/8768/2016 4774/8770/2016 4773/8771/2016
f 4773/8771/2017 4774/8770/2017 4776/8772/2017 4775/8773/2017
f 4775/8774/2018 4776/8775/2018 4778/8776/2018 4777/8777/2018
f 4777/8777/2019 4778/8776/2019 4780/8778/2019 4779/8779/2019
f 4722/8780/1988 4720/8781/1988 4782/8782/1988 4780/8783/1988 4778/8784/1988 4776/8785/1988 4774/8786/1988 4772/8787/1988 4770/8788/1988 4768/8789/1988 4766/8790/1988 4764/8791/1988 4762/8792/1988 4760/8793/1988 4758/8794/1988 4756/8795/1988 4754/8796/1988 4752/8797/1988 4750/8798/1988 4748/8799/1988 4746/8800/1988 4744/8801/1988 4742/8802/1988 4740/8803/1988 4738/8804/1988 4736/8805/1988 4734/8806/1988 4732/8807/1988 4730/8808/1988 4728/8809/1988 4726/8810/1988 4724/8811/1988
f 4779/8779/2020 4780/8778/2020 4782/8812/2020 4781/8813/2020
f 4781/8813/1990 4782/8812/1990 4720/8711/1990 4719/8710/1990
f 4719/8814/1923 4721/8815/1923 4723/8816/1923 4725/8817/1923 4727/8818/1923 4729/8819/1923 4731/8820/1923 4733/8821/1923 4735/8822/1923 4737/8823/1923 4739/8824/1923 4741/8825/1923 4743/8826/1923 4745/8827/1923 4747/8828/1923 4749/8829/1923 4751/8830/1923 4753/8831/1923 4755/8832/1923 4757/8833/1923 4759/8834/1923 4761/8835/1923 4763/8836/1923 4765/8837/1923 4767/8838/1923 4769/8839/1923 4771/8840/1923 4773/8841/1923 4775/8842/1923 4777/8843/1923 4779/8844/1923 4781/8845/1923
f 4783/8846/1989 4784/8847/1989 4786/8848/1989 4785/8849/1989
f 4785/8849/1991 4786/8848/1991 4788/8850/1991 4787/8851/1991
f 4787/8851/1992 4788/8850/1992 4790/8852/1992 4789/8853/1992
f 4789/8853/1993 4790/8852/1993 4792/8854/1993 4791/8855/1993
f 4791/8856/1994 4792/8857/1994 4794/8858/1994 4793/8859/1994
f 4793/8859/1995 4794/8858/1995 4796/8860/1995 4795/8861/1995
f 4795/8861/1996 4796/8860/1996 4798/8862/1996 4797/8863/1996
f 4797/8863/1997 4798/8862/1997 4800/8864/1997 4799/8865/1997
f 4799/8865/1998 4800/8864/1998 4802/8866/1998 4801/8867/1998
f 4801/8867/1999 4802/8866/1999 4804/8868/1999 4803/8869/1999
f 4803/8869/2000 4804/8868/2000 4806/8870/2000 4805/8871/2000
f 4805/8871/2001 4806/8870/2001 4808/8872/2001 4807/8873/2001
f 4807/8874/2002 4808/8875/2002 4810/8876/2002 4809/8877/2002
f 4809/8877/2003 4810/8876/2003 4812/8878/2003 4811/8879/2003
f 4811/8879/2004 4812/8878/2004 4814/8880/2004 4813/8881/2004
f 4813/8881/2005 4814/8880/2005 4816/8882/2005 4815/8883/2005
f 4815/8883/2006 4816/8882/2006 4818/8884/2006 4817/8885/2006
f 4817/8885/2007 4818/8884/2007 4820/8886/2007 4819/8887/2007
f 4819/8887/2008 4820/8886/2008 4822/8888/2008 4821/8889/2008
f 4821/8889/2009 4822/8888/2009 4824/8890/2009 4823/8891/2009
f 4823/8873/2010 4824/8872/2010 4826/8892/2010 4825/8893/2010
f 4825/8893/2011 4826/8892/2011 4828/8894/2011 4827/8895/2011
f 4827/8895/2012 4828/8894/2012 4830/8896/2012 4829/8897/2012
f 4829/8897/2013 4830/8896/2013 4832/8898/2013 4831/8899/2013
f 4831/8899/2014 4832/8898/2014 4834/8900/2014 4833/8901/2014
f 4833/8901/2015 4834/8900/2015 4836/8902/2015 4835/8903/2015
f 4835/8903/2016 4836/8902/2016 4838/8904/2016 4837/8905/2016
f 4837/8905/2017 4838/8904/2017 4840/8906/2017 4839/8907/2017
f 4839/8908/2018 4840/8909/2018 4842/8910/2018 4841/8911/2018
f 4841/8911/2019 4842/8910/2019 4844/8912/2019 4843/8913/2019
f 4786/8914/1988 4784/8915/1988 4846/8916/1988 4844/8917/1988 4842/8918/1988 4840/8919/1988 4838/8920/1988 4836/8921/1988 4834/8922/1988 4832/8923/1988 4830/8924/1988 4828/8925/1988 4826/8926/1988 4824/8927/1988 4822/8928/1988 4820/8929/1988 4818/8930/1988 4816/8931/1988 4814/8932/1988 4812/8933/1988 4810/8934/1988 4808/8935/1988 4806/8936/1988 4804/8937/1988 4802/8938/1988 4800/8939/1988 4798/8940/1988 4796/8941/1988 4794/8942/1988 4792/8943/1988 4790/8944/1988 4788/8945/1988
f 4843/8913/2020 4844/8912/2020 4846/8946/2020 4845/8947/2020
f 4845/8947/1990 4846/8946/1990 4784/8847/1990 4783/8846/1990
f 4783/8948/1923 4785/8949/1923 4787/8950/1923 4789/8951/1923 4791/8952/1923 4793/8953/1923 4795/8954/1923 4797/8955/1923 4799/8956/1923 4801/8957/1923 4803/8958/1923 4805/8959/1923 4807/8960/1923 4809/8961/1923 4811/8962/1923 4813/8963/1923 4815/8964/1923 4817/8965/1923 4819/8966/1923 4821/8967/1923 4823/8968/1923 4825/8969/1923 4827/8970/1923 4829/8971/1923 4831/8972/1923 4833/8973/1923 4835/8974/1923 4837/8975/1923 4839/8976/1923 4841/8977/1923 4843/8978/1923 4845/8979/1923
f 4847/8980/2021 4848/8981/2021 4850/8982/2021 4849/8983/2021
f 4849/8984/2022 4850/8985/2022 4854/8986/2022 4853/8987/2022
f 4853/8988/2023 4854/8989/2023 4852/8990/2023 4851/8991/2023
f 4851/8992/2024 4852/8993/2024 4848/8994/2024 4847/8995/2024
f 4849/8996/1923 4853/8997/1923 4851/8998/1923 4847/8999/1923
f 4854/9000/1988 4850/9001/1988 4848/8997/1988 4852/9002/1988
f 4868/9003/2025 4871/9004/2025 4872/9005/2025 4869/9006/2025
f 4869/9006/2026 4872/9005/2026 4870/9007/2026 4867/9008/2026
f 4865/9009/2027 4874/9010/2027 4875/9011/2027 4866/9012/2027
f 4866/9012/2028 4875/9011/2028 4873/9013/2028 4864/9014/2028
f 4876/9015/2029 4868/9003/2029 4869/9006/2029 4878/9016/2029
f 4878/9016/2030 4869/9006/2030 4867/9008/2030 4877/9017/2030
f 4879/9018/2031 4865/9009/2031 4866/9012/2031 4881/9019/2031
f 4881/9019/2032 4866/9012/2032 4864/9014/2032 4880/9020/2032
f 4864/9021/2033 4868/9022/2033 4876/9023/2033 4880/9024/2033
f 4864/9025/2034 4873/9026/2034 4871/9027/2034 4868/9028/2034
f 4856/9029/2024 4857/9030/2024 4861/9031/2024 4862/9017/2024 4877/9017/2024 4867/9008/2024
f 4856/9029/2024 4867/9008/2024 4870/9007/2024 4859/9007/2024 4858/9032/2024 4855/9033/2024
f 4870/9034/2035 4872/9035/2035 4871/9027/2035 4873/9026/2035 4875/9036/2035 4874/9037/2035 4860/9037/2035 4859/9034/2035
f 4862/9038/2036 4863/9039/2036 4879/9039/2036 4881/9040/2036 4880/9024/2036 4876/9023/2036 4878/9041/2036 4877/9038/2036
f 4886/9042/2037 4883/9043/2037 4884/9044/2037 4887/9045/2037
f 4887/9045/2038 4884/9044/2038 4882/9046/2038 4885/9047/2038
f 4885/9047/2039 4888/9048/2039 4890/9049/2039 4887/9045/2039
f 4887/9045/2040 4890/9049/2040 4889/9050/2040 4886/9042/2040
f 4891/9010/2041 4882/9046/2041 4884/9044/2041 4893/9051/2041
f 4893/9052/2042 4884/9053/2042 4883/9054/2042 4892/9055/2042
f 4888/9048/2043 4895/9018/2043 4896/9056/2043 4890/9049/2043
f 4890/9057/2044 4896/9058/2044 4894/9059/2044 4889/9060/2044
f 4855/9061/2045 4858/9062/2045 4892/9055/2045 4883/9054/2045
f 4883/9054/2046 4886/9063/2046 4856/9064/2046 4855/9061/2046
f 4882/9046/2022 4891/9010/2022 4860/9010/2022 4874/9010/2022 4865/9009/2022 4885/9047/2022
f 4889/9060/2047 4857/9065/2047 4856/9066/2047 4886/9067/2047
f 4888/9048/2022 4885/9047/2022 4865/9009/2022 4879/9018/2022 4863/9018/2022 4895/9018/2022
f 4857/9065/2048 4889/9060/2048 4894/9059/2048 4861/9068/2048
f 4859/9069/2049 4860/9070/2049 4891/9070/2049 4893/9052/2049 4892/9055/2049 4858/9062/2049
f 4861/9068/2050 4894/9059/2050 4896/9058/2050 4895/9071/2050 4863/9071/2050 4862/9072/2050
o mdlSilla.016
v 3.166064 1.486190 3.927536
v 3.153349 1.486190 4.044468
v 3.118067 1.486190 4.156672
v 3.061573 1.486190 4.259837
v 2.986038 1.486190 4.349998
v 2.894365 1.486190 4.423691
v 2.790076 1.486190 4.478083
v 2.677180 1.486190 4.511084
v 2.560015 1.486190 4.521427
v 2.443084 1.486190 4.508712
v 2.330880 1.486190 4.473430
v 2.227715 1.486190 4.416936
v 2.137553 1.486190 4.341401
v 2.063861 1.486190 4.249728
v 2.009469 1.486190 4.145439
v 1.976467 1.486190 4.032543
v 1.966125 1.486190 3.915378
v 1.978839 1.486190 3.798447
v 2.014122 1.486190 3.686243
v 2.070616 1.486190 3.583078
v 2.146151 1.486190 3.492916
v 2.237824 1.486190 3.419224
v 2.342113 1.486190 3.364832
v 2.455009 1.486190 3.331831
v 2.572173 1.486190 3.321488
v 2.689105 1.486190 3.334202
v 2.801309 1.486190 3.369484
v 2.904474 1.486190 3.425978
v 2.994635 1.486190 3.501513
v 3.068328 1.486190 3.593187
v 3.122720 1.486190 3.697475
v 3.155721 1.486190 3.810371
v 3.029197 1.726190 3.926150
v 3.166064 1.698947 3.927536
v 3.125976 1.718211 3.927130
v 3.019384 1.726190 4.016407
v 3.153349 1.698947 4.044468
v 3.114112 1.718211 4.036249
v 2.992150 1.726190 4.103014
v 3.118067 1.698947 4.156672
v 3.081187 1.718211 4.140956
v 2.948544 1.726190 4.182645
v 3.061573 1.698947 4.259837
v 3.028468 1.718211 4.237228
v 2.890240 1.726190 4.252238
v 2.986038 1.698947 4.349998
v 2.957979 1.718211 4.321365
v 2.819479 1.726190 4.309120
v 2.894365 1.698947 4.423691
v 2.872431 1.718211 4.390134
v 2.738981 1.726190 4.351104
v 2.790076 1.698947 4.478083
v 2.775111 1.718211 4.440892
v 2.651839 1.726190 4.376577
v 2.677180 1.698947 4.511084
v 2.669758 1.718211 4.471688
v 2.561402 1.726190 4.384560
v 2.560015 1.698947 4.521427
v 2.560421 1.718211 4.481339
v 2.471145 1.726190 4.374746
v 2.443084 1.698947 4.508712
v 2.451303 1.718211 4.469475
v 2.384537 1.726190 4.347513
v 2.330880 1.698947 4.473430
v 2.346596 1.718211 4.436550
v 2.304907 1.726190 4.303906
v 2.227715 1.698947 4.416936
v 2.250324 1.718211 4.383831
v 2.235313 1.726190 4.245603
v 2.137554 1.698947 4.341401
v 2.166187 1.718211 4.313342
v 2.178432 1.726190 4.174842
v 2.063861 1.698947 4.249728
v 2.097418 1.718211 4.227794
v 2.136447 1.726190 4.094344
v 2.009469 1.698947 4.145439
v 2.046660 1.718211 4.130474
v 2.110974 1.726190 4.007202
v 1.976467 1.698947 4.032543
v 2.015864 1.718211 4.025121
v 2.102992 1.726190 3.916765
v 1.966125 1.698947 3.915378
v 2.006212 1.718211 3.915784
v 2.112805 1.726190 3.826508
v 1.978839 1.698947 3.798447
v 2.018077 1.718211 3.806666
v 2.140039 1.726190 3.739900
v 2.014122 1.698947 3.686243
v 2.051002 1.718211 3.701959
v 2.183645 1.726190 3.660269
v 2.070616 1.698947 3.583078
v 2.103721 1.718211 3.605687
v 2.241949 1.726190 3.590676
v 2.146151 1.698947 3.492916
v 2.174209 1.718211 3.521550
v 2.312710 1.726190 3.533794
v 2.237824 1.698947 3.419224
v 2.259758 1.718211 3.452781
v 2.393208 1.726190 3.491810
v 2.342113 1.698947 3.364832
v 2.357078 1.718211 3.402023
v 2.480350 1.726190 3.466337
v 2.455009 1.698947 3.331831
v 2.462431 1.718211 3.371227
v 2.570787 1.726190 3.458354
v 2.572174 1.698947 3.321488
v 2.571767 1.718211 3.361575
v 2.661043 1.726190 3.468168
v 2.689105 1.698947 3.334202
v 2.680886 1.718211 3.373440
v 2.747651 1.726190 3.495402
v 2.801309 1.698947 3.369484
v 2.785593 1.718211 3.406365
v 2.827282 1.726190 3.539008
v 2.904474 1.698947 3.425978
v 2.881865 1.718211 3.459084
v 2.896876 1.726190 3.597312
v 2.994635 1.698947 3.501513
v 2.966002 1.718211 3.529572
v 2.953757 1.726190 3.668072
v 3.068328 1.698947 3.593187
v 3.034771 1.718211 3.615120
v 2.995741 1.726190 3.748571
v 3.122720 1.698947 3.697475
v 3.085529 1.718211 3.712441
v 3.021214 1.726190 3.835712
v 3.155721 1.698947 3.810371
v 3.116325 1.718211 3.817794
v 3.032737 0.317975 3.926185
v 3.032737 0.477975 3.926185
v 3.022848 0.317975 4.017132
v 3.022848 0.477975 4.017132
v 2.995406 0.317975 4.104402
v 2.995406 0.477975 4.104402
v 2.951467 0.317975 4.184641
v 2.951467 0.477975 4.184641
v 2.892717 0.317975 4.254767
v 2.892717 0.477975 4.254767
v 2.821416 0.317975 4.312083
v 2.821416 0.477975 4.312083
v 2.740302 0.317975 4.354388
v 2.740302 0.477975 4.354388
v 2.652494 0.317975 4.380056
v 2.652494 0.477975 4.380056
v 2.561366 0.317975 4.388100
v 2.561366 0.477975 4.388100
v 2.470419 0.317975 4.378211
v 2.470419 0.477975 4.378211
v 2.383149 0.317975 4.350770
v 2.383150 0.477975 4.350770
v 2.302910 0.317975 4.306829
v 2.302910 0.477975 4.306829
v 2.232785 0.317975 4.248080
v 2.232785 0.477975 4.248080
v 2.175468 0.317975 4.176779
v 2.175468 0.477975 4.176779
v 2.133163 0.317975 4.095665
v 2.133163 0.477975 4.095665
v 2.107496 0.317975 4.007857
v 2.107496 0.477975 4.007857
v 2.099452 0.317975 3.916729
v 2.099452 0.477975 3.916729
v 2.109340 0.317975 3.825783
v 2.109340 0.477975 3.825783
v 2.136782 0.317975 3.738513
v 2.136782 0.477975 3.738513
v 2.180722 0.317975 3.658273
v 2.180722 0.477975 3.658273
v 2.239471 0.317975 3.588148
v 2.239471 0.477975 3.588148
v 2.310773 0.317975 3.530831
v 2.310773 0.477975 3.530831
v 2.391886 0.317975 3.488526
v 2.391886 0.477975 3.488526
v 2.479694 0.317975 3.462859
v 2.479694 0.477975 3.462859
v 2.570822 0.317975 3.454815
v 2.570822 0.477975 3.454815
v 2.661769 0.317975 3.464704
v 2.661769 0.477975 3.464704
v 2.749039 0.317975 3.492145
v 2.749039 0.477975 3.492145
v 2.829278 0.317975 3.536085
v 2.829278 0.477975 3.536085
v 2.899404 0.317975 3.594834
v 2.899404 0.477975 3.594834
v 2.956720 0.317975 3.666136
v 2.956720 0.477975 3.666136
v 2.999025 0.317975 3.747249
v 2.999025 0.477975 3.747249
v 3.024693 0.317975 3.835057
v 3.024693 0.477975 3.835057
v 2.632757 0.453975 3.922133
v 2.632758 1.541975 3.922133
v 2.631345 0.453975 3.935125
v 2.631345 1.541975 3.935125
v 2.627424 0.453975 3.947592
v 2.627425 1.541975 3.947592
v 2.621147 0.453975 3.959055
v 2.621148 1.541975 3.959055
v 2.612755 0.453975 3.969073
v 2.612755 1.541975 3.969073
v 2.602569 0.453975 3.977261
v 2.602569 1.541975 3.977261
v 2.590981 0.453975 3.983305
v 2.590981 1.541975 3.983305
v 2.578437 0.453975 3.986971
v 2.578437 1.541975 3.986971
v 2.565419 0.453975 3.988121
v 2.565419 1.541975 3.988121
v 2.552426 0.453975 3.986708
v 2.552427 1.541975 3.986708
v 2.539959 0.453975 3.982788
v 2.539959 1.541975 3.982788
v 2.528497 0.453975 3.976511
v 2.528497 1.541975 3.976511
v 2.518479 0.453975 3.968118
v 2.518479 1.541975 3.968118
v 2.510290 0.453975 3.957932
v 2.510291 1.541975 3.957932
v 2.504247 0.453975 3.946344
v 2.504247 1.541975 3.946344
v 2.500580 0.453975 3.933800
v 2.500580 1.541975 3.933800
v 2.499431 0.453975 3.920782
v 2.499431 1.541975 3.920782
v 2.500844 0.453975 3.907789
v 2.500844 1.541975 3.907789
v 2.504764 0.453975 3.895322
v 2.504764 1.541975 3.895322
v 2.511041 0.453975 3.883860
v 2.511041 1.541975 3.883860
v 2.519434 0.453975 3.873842
v 2.519434 1.541975 3.873842
v 2.529620 0.453975 3.865654
v 2.529620 1.541975 3.865654
v 2.541207 0.453975 3.859610
v 2.541208 1.541975 3.859610
v 2.553751 0.453975 3.855943
v 2.553751 1.541975 3.855943
v 2.566770 0.453975 3.854794
v 2.566770 1.541975 3.854794
v 2.579762 0.453975 3.856207
v 2.579762 1.541975 3.856207
v 2.592229 0.453975 3.860127
v 2.592229 1.541975 3.860127
v 2.603692 0.453975 3.866404
v 2.603692 1.541975 3.866404
v 2.613710 0.453975 3.874797
v 2.613710 1.541975 3.874797
v 2.621898 0.453975 3.884983
v 2.621898 1.541975 3.884983
v 2.627942 0.453975 3.896570
v 2.627942 1.541975 3.896570
v 2.631608 0.453975 3.909114
v 2.631608 1.541975 3.909114
v 2.113527 1.614190 3.843535
v 2.113528 2.254190 3.843535
v 2.180191 1.614190 3.844210
v 2.180191 2.254190 3.844210
v 2.112041 1.614190 3.990194
v 2.112041 2.254190 3.990194
v 2.178705 1.614190 3.990869
v 2.178705 2.254190 3.990869
v 1.989454 2.269675 3.581410
v 1.986068 2.034614 3.915580
v 1.982682 2.269675 4.249750
v 1.992620 3.356750 3.268968
v 1.992604 3.401785 3.270479
v 2.284896 3.401785 3.273441
v 1.979516 3.356750 4.562192
v 1.979531 3.401785 4.560681
v 2.271823 3.401785 4.563643
v 2.267286 2.958344 3.918430
v 2.278360 2.906741 3.918542
v 2.275116 2.943230 3.918509
v 1.986068 2.906741 3.915580
v 1.997142 2.958345 3.915693
v 1.989311 2.943231 3.915613
v 1.992604 3.401785 3.270479
v 2.003303 3.394330 3.307632
v 1.995582 3.396513 3.296704
v 2.273447 3.394330 3.310370
v 2.284896 3.401785 3.273441
v 2.281387 3.396513 3.299600
v 1.990981 3.394330 4.523752
v 1.979531 3.401785 4.560681
v 1.983040 3.396513 4.534522
v 2.271823 3.401785 4.563643
v 2.261125 3.394330 4.526490
v 2.268845 3.396513 4.537418
v 2.281133 2.329070 3.644784
v 2.259771 2.269675 3.584149
v 2.275130 2.287071 3.602001
v 2.278359 2.136505 3.918542
v 2.256385 2.034614 3.918319
v 2.271923 2.064457 3.918477
v 2.275586 2.329070 4.192299
v 2.252999 2.269675 4.252489
v 2.268717 2.287071 4.234952
v 2.284896 3.401785 3.273441
v 2.262937 3.356750 3.271707
v 2.278471 3.369940 3.272307
v 2.249833 3.356750 4.564931
v 2.271823 3.401785 4.563643
v 2.265376 3.369940 4.564646
vn -0.0000 -1.0000 -0.0000
vn 0.4323 0.9005 0.0470
vn 0.0821 0.9966 0.0089
vn 0.4148 0.9005 0.1304
vn 0.0788 0.9966 0.0248
vn 0.3814 0.9005 0.2088
vn 0.0724 0.9966 0.0397
vn 0.3333 0.9005 0.2792
vn 0.0633 0.9966 0.0530
vn 0.2724 0.9005 0.3389
vn 0.0517 0.9966 0.0643
vn 0.2011 0.9005 0.3855
vn 0.0382 0.9966 0.0732
vn 0.1220 0.9005 0.4173
vn 0.0232 0.9966 0.0792
vn 0.0382 0.9005 0.4331
vn 0.0073 0.9966 0.0822
vn -0.0470 0.9005 0.4323
vn -0.0089 0.9966 0.0821
vn -0.1304 0.9005 0.4148
vn -0.0248 0.9966 0.0788
vn -0.2088 0.9005 0.3814
vn -0.0397 0.9966 0.0724
vn -0.2792 0.9005 0.3333
vn -0.0530 0.9966 0.0633
vn -0.3389 0.9005 0.2724
vn -0.0643 0.9966 0.0517
vn -0.3855 0.9005 0.2011
vn -0.0732 0.9966 0.0382
vn -0.4173 0.9005 0.1220
vn -0.0792 0.9966 0.0232
vn -0.4331 0.9005 0.0382
vn -0.0822 0.9966 0.0073
vn -0.4323 0.9005 -0.0470
vn -0.0821 0.9966 -0.0089
vn -0.4148 0.9005 -0.1304
vn -0.0788 0.9966 -0.0248
vn -0.3814 0.9005 -0.2088
vn -0.0724 0.9966 -0.0397
vn -0.3333 0.9005 -0.2792
vn -0.0633 0.9966 -0.0530
vn -0.2724 0.9005 -0.3389
vn -0.0517 0.9966 -0.0643
vn -0.2011 0.9005 -0.3855
vn -0.0382 0.9966 -0.0732
vn -0.1220 0.9005 -0.4173
vn -0.0232 0.9966 -0.0792
vn -0.0382 0.9005 -0.4331
vn -0.0073 0.9966 -0.0822
vn 0.0470 0.9005 -0.4323
vn 0.0089 0.9966 -0.0821
vn 0.1304 0.9005 -0.4148
vn 0.0248 0.9966 -0.0788
vn 0.2088 0.9005 -0.3814
vn 0.0397 0.9966 -0.0724
vn 0.2792 0.9005 -0.3333
vn 0.0530 0.9966 -0.0633
vn 0.3389 0.9005 -0.2724
vn 0.0643 0.9966 -0.0517
vn 0.3855 0.9005 -0.2011
vn 0.0732 0.9966 -0.0382
vn 0.4173 0.9005 -0.1220
vn 0.0792 0.9966 -0.0232
vn 0.4331 0.9005 -0.0382
vn 0.0822 0.9966 -0.0073
vn -0.0000 1.0000 -0.0000
vn 0.9941 -0.0000 0.1081
vn 0.9961 -0.0000 -0.0879
vn 0.9540 -0.0000 0.3000
vn 0.8771 -0.0000 0.4803
vn 0.7665 -0.0000 0.6422
vn 0.6265 -0.0000 0.7794
vn 0.4624 -0.0000 0.8867
vn 0.2806 -0.0000 0.9598
vn 0.0879 -0.0000 0.9961
vn -0.1081 -0.0000 0.9941
vn -0.3000 -0.0000 0.9540
vn -0.4803 -0.0000 0.8771
vn -0.6422 -0.0000 0.7665
vn -0.7794 -0.0000 0.6265
vn -0.8867 -0.0000 0.4624
vn -0.9598 -0.0000 0.2806
vn -0.9961 -0.0000 0.0879
vn -0.9941 -0.0000 -0.1081
vn -0.9540 -0.0000 -0.3000
vn -0.8771 -0.0000 -0.4803
vn -0.7665 -0.0000 -0.6422
vn -0.6265 -0.0000 -0.7794
vn -0.4624 -0.0000 -0.8867
vn -0.2806 -0.0000 -0.9598
vn -0.0879 -0.0000 -0.9961
vn 0.1081 -0.0000 -0.9941
vn 0.3000 -0.0000 -0.9540
vn 0.4803 -0.0000 -0.8771
vn 0.6422 -0.0000 -0.7665
vn 0.7794 -0.0000 -0.6265
vn 0.8867 -0.0000 -0.4624
vn 0.9598 -0.0000 -0.2806
vn 0.9539 -0.0000 0.3000
vn 0.0101 -0.0000 -0.9999
vn 0.9999 -0.0000 0.0101
vn -0.0101 -0.0000 0.9999
vn -0.9999 -0.0000 -0.0101
vn -0.7362 0.5515 0.3922
vn -0.9884 0.1259 0.0845
vn 0.9865 0.1259 0.1045
vn 0.7281 0.5515 0.4071
vn -0.7281 0.5515 -0.4071
vn -0.9865 0.1259 -0.1045
vn 0.9884 0.1259 -0.0845
vn 0.7362 0.5515 -0.3922
vn 0.0059 0.8127 -0.5827
vn -0.0059 0.8127 0.5827
vn -0.0020 0.9803 0.1973
vn 0.0020 0.9803 -0.1973
vn 0.8467 -0.4392 -0.3004
vn 0.9947 -0.0888 -0.0524
vn 0.9934 -0.0888 0.0725
vn 0.8404 -0.4392 0.3175
vn 0.9825 -0.0606 -0.1762
vn 0.6501 -0.2174 -0.7281
vn 0.9787 -0.0606 0.1961
vn 0.6352 -0.2174 0.7411
vn 0.0097 -0.2762 -0.9610
vn 0.0058 -0.8179 -0.5753
vn -0.0058 -0.8179 0.5753
vn -0.0097 -0.2762 0.9610
vn 0.0101 0.0335 -0.9994
vn -0.0101 0.0335 0.9994
vt 0.483906 0.143218
vt 0.474334 0.128893
vt 0.467741 0.112976
vt 0.464380 0.096078
vt 0.464380 0.078849
vt 0.467741 0.061951
vt 0.474334 0.046034
vt 0.483906 0.031709
vt 0.496089 0.019526
vt 0.510414 0.009954
vt 0.526331 0.003361
vt 0.543229 -0.000000
vt 0.560458 -0.000000
vt 0.577356 0.003361
vt 0.593273 0.009954
vt 0.607598 0.019526
vt 0.619781 0.031709
vt 0.629353 0.046034
vt 0.635946 0.061951
vt 0.639307 0.078849
vt 0.639307 0.096078
vt 0.635946 0.112976
vt 0.629353 0.128893
vt 0.619781 0.143218
vt 0.607598 0.155401
vt 0.593273 0.164973
vt 0.577356 0.171566
vt 0.560458 0.174927
vt 0.543229 0.174927
vt 0.526331 0.171566
vt 0.510414 0.164973
vt 0.496089 0.155401
vt 0.667962 0.525164
vt 0.650816 0.525244
vt 0.650816 0.510871
vt 0.666816 0.510796
vt 0.473669 0.295208
vt 0.467517 0.280354
vt 0.481083 0.276239
vt 0.486172 0.288525
vt 0.684448 0.524924
vt 0.682201 0.510572
vt 0.482601 0.308576
vt 0.493560 0.299582
vt 0.699643 0.524536
vt 0.696381 0.510210
vt 0.493970 0.319945
vt 0.502964 0.308986
vt 0.712961 0.524013
vt 0.708809 0.509722
vt 0.507338 0.328877
vt 0.514021 0.316374
vt 0.477698 0.524677
vt 0.464380 0.524046
vt 0.468532 0.509722
vt 0.480960 0.510310
vt 0.522192 0.335029
vt 0.526307 0.321463
vt 0.492892 0.525145
vt 0.495140 0.510747
vt 0.537961 0.338166
vt 0.539350 0.324058
vt 0.509379 0.525433
vt 0.510525 0.511016
vt 0.554038 0.338166
vt 0.552649 0.324058
vt 0.526525 0.525531
vt 0.526525 0.511107
vt 0.569807 0.335029
vt 0.565692 0.321463
vt 0.543671 0.525433
vt 0.542525 0.511016
vt 0.584661 0.328877
vt 0.577978 0.316374
vt 0.560158 0.525145
vt 0.557911 0.510747
vt 0.598029 0.319945
vt 0.589035 0.308986
vt 0.575352 0.524677
vt 0.572090 0.510310
vt 0.609398 0.308576
vt 0.598439 0.299582
vt 0.588670 0.524046
vt 0.584518 0.509722
vt 0.618330 0.295208
vt 0.605827 0.288525
vt 0.477698 0.353257
vt 0.464380 0.352522
vt 0.468532 0.338166
vt 0.480960 0.338852
vt 0.624482 0.280354
vt 0.610916 0.276239
vt 0.492892 0.353804
vt 0.495140 0.339362
vt 0.627619 0.264585
vt 0.613511 0.263196
vt 0.509379 0.354140
vt 0.510525 0.339676
vt 0.627619 0.248508
vt 0.613511 0.249897
vt 0.526525 0.354254
vt 0.526525 0.339782
vt 0.624482 0.232739
vt 0.610916 0.236854
vt 0.543671 0.354140
vt 0.542525 0.339676
vt 0.618330 0.217885
vt 0.605827 0.224568
vt 0.560158 0.353804
vt 0.557911 0.339362
vt 0.609397 0.204517
vt 0.598439 0.213511
vt 0.575352 0.353257
vt 0.572090 0.338852
vt 0.598029 0.193148
vt 0.589035 0.204107
vt 0.588670 0.352522
vt 0.584518 0.338166
vt 0.584661 0.184216
vt 0.577978 0.196719
vt 0.601988 0.353121
vt 0.588670 0.352491
vt 0.592823 0.338166
vt 0.605251 0.338754
vt 0.569807 0.178064
vt 0.565692 0.191630
vt 0.617183 0.353589
vt 0.619430 0.339191
vt 0.554038 0.174927
vt 0.552649 0.189035
vt 0.633670 0.353878
vt 0.634816 0.339461
vt 0.537961 0.174927
vt 0.539350 0.189035
vt 0.650816 0.353975
vt 0.650816 0.339552
vt 0.522192 0.178064
vt 0.526307 0.191630
vt 0.667962 0.353878
vt 0.666816 0.339461
vt 0.507338 0.184216
vt 0.514021 0.196719
vt 0.684448 0.353589
vt 0.682201 0.339191
vt 0.493970 0.193148
vt 0.502964 0.204107
vt 0.699643 0.353121
vt 0.696381 0.338754
vt 0.482601 0.204517
vt 0.493560 0.213511
vt 0.712961 0.352491
vt 0.708809 0.338166
vt 0.473669 0.217885
vt 0.486172 0.224568
vt 0.601988 0.524536
vt 0.588670 0.524013
vt 0.592823 0.509722
vt 0.605251 0.510210
vt 0.467516 0.232739
vt 0.481083 0.236854
vt 0.617183 0.524924
vt 0.619430 0.510572
vt 0.464380 0.248508
vt 0.478488 0.249897
vt 0.633670 0.525164
vt 0.634816 0.510796
vt 0.464380 0.264585
vt 0.478488 0.263196
vt 0.650816 0.680887
vt 0.667962 0.680806
vt 0.633670 0.680806
vt 0.684448 0.680567
vt 0.699643 0.680178
vt 0.712961 0.679655
vt 0.464380 0.679608
vt 0.477698 0.680238
vt 0.492892 0.680707
vt 0.509379 0.680995
vt 0.526525 0.681092
vt 0.543671 0.680995
vt 0.560158 0.680707
vt 0.575352 0.680238
vt 0.588670 0.679608
vt 0.464380 0.507990
vt 0.477698 0.508725
vt 0.492892 0.509272
vt 0.509379 0.509608
vt 0.526525 0.509722
vt 0.543671 0.509608
vt 0.560158 0.509272
vt 0.575352 0.508725
vt 0.588670 0.507990
vt 0.588670 0.508052
vt 0.601988 0.508682
vt 0.617183 0.509151
vt 0.633670 0.509439
vt 0.650816 0.509537
vt 0.667962 0.509439
vt 0.684448 0.509151
vt 0.699643 0.508682
vt 0.712961 0.508052
vt 0.588670 0.679655
vt 0.601988 0.680178
vt 0.617183 0.680567
vt 0.812009 0.292933
vt 0.812009 0.175885
vt 0.825344 0.175822
vt 0.825344 0.292870
vt 0.838167 0.175636
vt 0.838167 0.292684
vt 0.849985 0.175334
vt 0.849985 0.292382
vt 0.860344 0.174927
vt 0.860344 0.291975
vt 0.685341 0.797874
vt 0.685341 0.680887
vt 0.695699 0.681377
vt 0.695699 0.798364
vt 0.707517 0.681742
vt 0.707517 0.798729
vt 0.720340 0.681966
vt 0.720340 0.798953
vt 0.733676 0.682042
vt 0.733676 0.799029
vt 0.747012 0.681966
vt 0.747012 0.798953
vt 0.759835 0.681742
vt 0.759835 0.798729
vt 0.771653 0.681377
vt 0.771653 0.798364
vt 0.782011 0.680887
vt 0.782011 0.797874
vt 0.588670 0.797804
vt 0.588670 0.680887
vt 0.599029 0.681459
vt 0.599029 0.798376
vt 0.610847 0.681884
vt 0.610847 0.798800
vt 0.623670 0.682145
vt 0.623670 0.799062
vt 0.637006 0.682234
vt 0.637006 0.799151
vt 0.650341 0.682145
vt 0.650341 0.799062
vt 0.663164 0.681884
vt 0.663164 0.798800
vt 0.674982 0.681459
vt 0.674982 0.798376
vt 0.685341 0.680887
vt 0.685341 0.797804
vt 0.464380 0.798080
vt 0.464380 0.681092
vt 0.474738 0.681583
vt 0.474738 0.798570
vt 0.486556 0.681947
vt 0.486556 0.798934
vt 0.499379 0.682171
vt 0.499379 0.799159
vt 0.512715 0.682247
vt 0.512715 0.799235
vt 0.526051 0.682171
vt 0.526051 0.799159
vt 0.538874 0.681947
vt 0.538874 0.798934
vt 0.550692 0.681583
vt 0.550692 0.798570
vt 0.561050 0.681092
vt 0.561050 0.798080
vt 0.763673 0.291975
vt 0.763673 0.174927
vt 0.774032 0.175334
vt 0.774032 0.292382
vt 0.785850 0.175636
vt 0.785850 0.292684
vt 0.652281 0.295794
vt 0.642806 0.286319
vt 0.635361 0.275177
vt 0.630233 0.262797
vt 0.627619 0.249654
vt 0.627619 0.236254
vt 0.630233 0.223111
vt 0.635361 0.210731
vt 0.642806 0.199589
vt 0.652281 0.190114
vt 0.663423 0.182669
vt 0.675803 0.177541
vt 0.688946 0.174927
vt 0.702346 0.174927
vt 0.715489 0.177541
vt 0.727869 0.182669
vt 0.739011 0.190114
vt 0.748486 0.199589
vt 0.755931 0.210731
vt 0.761059 0.223111
vt 0.763673 0.236254
vt 0.763673 0.249654
vt 0.761059 0.262797
vt 0.755931 0.275177
vt 0.748486 0.286319
vt 0.739011 0.295794
vt 0.727869 0.303239
vt 0.715489 0.308367
vt 0.702346 0.310981
vt 0.688946 0.310981
vt 0.675803 0.308367
vt 0.663423 0.303239
vt 0.798673 0.175822
vt 0.798673 0.292870
vt 0.654494 0.111392
vt 0.647049 0.100250
vt 0.641921 0.087870
vt 0.639307 0.074727
vt 0.639307 0.061327
vt 0.641921 0.048184
vt 0.647049 0.035804
vt 0.654494 0.024662
vt 0.663969 0.015187
vt 0.675111 0.007742
vt 0.687491 0.002614
vt 0.700634 0.000000
vt 0.714034 0.000000
vt 0.727177 0.002614
vt 0.739557 0.007742
vt 0.750699 0.015187
vt 0.760174 0.024662
vt 0.767619 0.035804
vt 0.772747 0.048184
vt 0.775361 0.061327
vt 0.775361 0.074727
vt 0.772747 0.087870
vt 0.767619 0.100250
vt 0.760174 0.111392
vt 0.750699 0.120867
vt 0.739557 0.128312
vt 0.727177 0.133440
vt 0.714034 0.136054
vt 0.700634 0.136054
vt 0.687491 0.133440
vt 0.675111 0.128312
vt 0.663969 0.120867
vt 0.867249 0.970990
vt 0.867249 0.175064
vt 0.869154 0.175055
vt 0.869154 0.970981
vt 0.870986 0.175028
vt 0.870986 0.970955
vt 0.872674 0.174985
vt 0.872674 0.970911
vt 0.874154 0.174927
vt 0.874154 0.970853
vt 0.874154 0.970439
vt 0.874154 0.174927
vt 0.875634 0.174997
vt 0.875634 0.970509
vt 0.877322 0.175049
vt 0.877322 0.970561
vt 0.879154 0.175081
vt 0.879154 0.970594
vt 0.881059 0.175092
vt 0.881059 0.970604
vt 0.882964 0.175081
vt 0.882964 0.970594
vt 0.884796 0.175049
vt 0.884796 0.970561
vt 0.886484 0.174997
vt 0.886484 0.970509
vt 0.887964 0.174927
vt 0.887964 0.970439
vt 0.901774 0.969961
vt 0.901774 0.174927
vt 0.903254 0.175009
vt 0.903254 0.970042
vt 0.904942 0.175069
vt 0.904942 0.970103
vt 0.906774 0.175107
vt 0.906774 0.970141
vt 0.908679 0.175119
vt 0.908679 0.970153
vt 0.910584 0.175107
vt 0.910584 0.970141
vt 0.912416 0.175069
vt 0.912416 0.970103
vt 0.914104 0.175009
vt 0.914104 0.970042
vt 0.915584 0.174927
vt 0.915584 0.969961
vt 0.889444 0.174997
vt 0.889444 0.970509
vt 0.891132 0.175049
vt 0.891132 0.970561
vt 0.892964 0.175081
vt 0.892964 0.970594
vt 0.894869 0.175092
vt 0.894869 0.970604
vt 0.896774 0.175081
vt 0.896774 0.970594
vt 0.898606 0.175049
vt 0.898606 0.970561
vt 0.900294 0.174997
vt 0.900294 0.970509
vt 0.901774 0.174927
vt 0.901774 0.970439
vt 0.860344 0.970853
vt 0.860344 0.174927
vt 0.861824 0.174985
vt 0.861824 0.970911
vt 0.863512 0.175028
vt 0.863512 0.970955
vt 0.643532 0.328248
vt 0.641940 0.329312
vt 0.640172 0.330044
vt 0.638294 0.330418
vt 0.636380 0.330418
vt 0.634503 0.330044
vt 0.632734 0.329312
vt 0.631142 0.328248
vt 0.629789 0.326894
vt 0.628725 0.325303
vt 0.627993 0.323534
vt 0.627619 0.321657
vt 0.627619 0.319742
vt 0.627993 0.317865
vt 0.628725 0.316096
vt 0.629789 0.314504
vt 0.631142 0.313151
vt 0.632734 0.312087
vt 0.634503 0.311355
vt 0.636380 0.310981
vt 0.638294 0.310981
vt 0.640172 0.311355
vt 0.641940 0.312087
vt 0.643532 0.313151
vt 0.644886 0.314504
vt 0.645949 0.316096
vt 0.646682 0.317865
vt 0.647055 0.319742
vt 0.647055 0.321657
vt 0.646682 0.323534
vt 0.645949 0.325303
vt 0.644886 0.326894
vt 0.865344 0.175055
vt 0.865344 0.970981
vt 0.653628 0.154385
vt 0.651860 0.155117
vt 0.649982 0.155491
vt 0.648068 0.155491
vt 0.646190 0.155117
vt 0.644422 0.154385
vt 0.642830 0.153321
vt 0.641477 0.151967
vt 0.640413 0.150376
vt 0.639680 0.148607
vt 0.639307 0.146730
vt 0.639307 0.144815
vt 0.639680 0.142938
vt 0.640413 0.141169
vt 0.641477 0.139577
vt 0.642830 0.138224
vt 0.644422 0.137160
vt 0.646190 0.136428
vt 0.648068 0.136054
vt 0.649982 0.136054
vt 0.651860 0.136428
vt 0.653628 0.137160
vt 0.655220 0.138224
vt 0.656574 0.139577
vt 0.657637 0.141169
vt 0.658370 0.142938
vt 0.658743 0.144815
vt 0.658743 0.146730
vt 0.658370 0.148607
vt 0.657637 0.150376
vt 0.656574 0.151967
vt 0.655220 0.153321
vt 0.841561 0.806115
vt 0.841561 0.338166
vt 0.851326 0.338166
vt 0.851326 0.806115
vt 0.798594 0.806358
vt 0.798594 0.338166
vt 0.820077 0.338166
vt 0.820077 0.806358
vt 0.915584 0.642875
vt 0.915584 0.174927
vt 0.925349 0.174927
vt 0.925349 0.642875
vt 0.820077 0.805833
vt 0.820077 0.338166
vt 0.841561 0.338166
vt 0.841561 0.805833
vt 0.656821 0.310981
vt 0.656821 0.332465
vt 0.647055 0.332465
vt 0.647055 0.310981
vt 0.666586 0.310981
vt 0.666586 0.332465
vt 0.656821 0.310981
vt 0.284028 0.323926
vt 0.373100 0.005339
vt 0.374689 0.003820
vt 0.284028 0.335048
vt 0.378526 0.000000
vt 0.284028 0.361743
vt 0.094654 0.362149
vt 0.000157 0.000000
vt 0.003993 0.003834
vt 0.094654 0.335433
vt 0.005582 0.005376
vt 0.094654 0.324321
vt 0.194956 0.005339
vt 0.193367 0.003820
vt 0.189530 0.000000
vt 0.189152 0.000000
vt 0.185315 0.003834
vt 0.183726 0.005376
vt 0.754155 0.667847
vt 0.714583 0.667847
vt 0.714583 0.343930
vt 0.754155 0.343930
vt 0.757400 0.667847
vt 0.757400 0.343930
vt 0.796972 0.343930
vt 0.796972 0.667847
vt 0.284028 0.999032
vt 0.235077 0.827267
vt 0.189309 0.032909
vt 0.378747 0.032909
vt 0.332979 0.827267
vt 0.798594 0.338166
vt 0.798119 0.342242
vt 0.756253 0.342242
vt 0.755777 0.338166
vt 0.712961 0.338166
vt 0.755778 0.338166
vt 0.755302 0.342242
vt 0.713436 0.342242
vt 0.094654 1.000000
vt 0.045703 0.828041
vt 0.048295 0.815424
vt 0.094654 0.978277
vt 0.054553 0.784745
vt 0.094654 0.925616
vt 0.134756 0.784745
vt 0.141013 0.815424
vt 0.143605 0.828041
vt 0.000000 0.023251
vt 0.420621 0.023293
vt 0.420621 0.812269
vt 0.418344 0.825138
vt 0.418344 0.032941
vt 0.189309 0.023251
vt 0.422506 0.812269
vt 0.422506 0.023293
vt 0.424782 0.032941
vt 0.424782 0.825138
vt 0.378747 0.825138
vt 0.378747 0.032941
vt 0.418344 0.994184
vt 0.378747 0.994184
vt 0.464380 0.825138
vt 0.464380 0.994184
vt 0.424782 0.994184
vt 0.464380 0.032941
vt 0.378747 0.000000
vt 0.421563 0.000000
vt 0.421563 0.000000
vt 0.464380 0.000000
s 1
usemtl Material.021
f 4897/9073/2051 4898/9074/2051 4899/9075/2051 4900/9076/2051 4901/9077/2051 4902/9078/2051 4903/9079/2051 4904/9080/2051 4905/9081/2051 4906/9082/2051 4907/9083/2051 4908/9084/2051 4909/9085/2051 4910/9086/2051 4911/9087/2051 4912/9088/2051 4913/9089/2051 4914/9090/2051 4915/9091/2051 4916/9092/2051 4917/9093/2051 4918/9094/2051 4919/9095/2051 4920/9096/2051 4921/9097/2051 4922/9098/2051 4923/9099/2051 4924/9100/2051 4925/9101/2051 4926/9102/2051 4927/9103/2051 4928/9104/2051
f 4933/9105/2052 4930/9106/2052 4931/9107/2052 4934/9108/2052
f 4934/9109/2053 4931/9110/2053 4929/9111/2053 4932/9112/2053
f 4936/9113/2054 4933/9105/2054 4934/9108/2054 4937/9114/2054
f 4937/9115/2055 4934/9109/2055 4932/9112/2055 4935/9116/2055
f 4939/9117/2056 4936/9113/2056 4937/9114/2056 4940/9118/2056
f 4940/9119/2057 4937/9115/2057 4935/9116/2057 4938/9120/2057
f 4942/9121/2058 4939/9117/2058 4940/9118/2058 4943/9122/2058
f 4943/9123/2059 4940/9119/2059 4938/9120/2059 4941/9124/2059
f 4945/9125/2060 4942/9126/2060 4943/9127/2060 4946/9128/2060
f 4946/9129/2061 4943/9123/2061 4941/9124/2061 4944/9130/2061
f 4948/9131/2062 4945/9125/2062 4946/9128/2062 4949/9132/2062
f 4949/9133/2063 4946/9129/2063 4944/9130/2063 4947/9134/2063
f 4951/9135/2064 4948/9131/2064 4949/9132/2064 4952/9136/2064
f 4952/9137/2065 4949/9133/2065 4947/9134/2065 4950/9138/2065
f 4954/9139/2066 4951/9135/2066 4952/9136/2066 4955/9140/2066
f 4955/9141/2067 4952/9137/2067 4950/9138/2067 4953/9142/2067
f 4957/9143/2068 4954/9139/2068 4955/9140/2068 4958/9144/2068
f 4958/9145/2069 4955/9141/2069 4953/9142/2069 4956/9146/2069
f 4960/9147/2070 4957/9143/2070 4958/9144/2070 4961/9148/2070
f 4961/9149/2071 4958/9145/2071 4956/9146/2071 4959/9150/2071
f 4963/9151/2072 4960/9147/2072 4961/9148/2072 4964/9152/2072
f 4964/9153/2073 4961/9149/2073 4959/9150/2073 4962/9154/2073
f 4966/9155/2074 4963/9151/2074 4964/9152/2074 4967/9156/2074
f 4967/9157/2075 4964/9153/2075 4962/9154/2075 4965/9158/2075
f 4969/9159/2076 4966/9160/2076 4967/9161/2076 4970/9162/2076
f 4970/9163/2077 4967/9157/2077 4965/9158/2077 4968/9164/2077
f 4972/9165/2078 4969/9159/2078 4970/9162/2078 4973/9166/2078
f 4973/9167/2079 4970/9163/2079 4968/9164/2079 4971/9168/2079
f 4975/9169/2080 4972/9165/2080 4973/9166/2080 4976/9170/2080
f 4976/9171/2081 4973/9167/2081 4971/9168/2081 4974/9172/2081
f 4978/9173/2082 4975/9169/2082 4976/9170/2082 4979/9174/2082
f 4979/9175/2083 4976/9171/2083 4974/9172/2083 4977/9176/2083
f 4981/9177/2084 4978/9173/2084 4979/9174/2084 4982/9178/2084
f 4982/9179/2085 4979/9175/2085 4977/9176/2085 4980/9180/2085
f 4984/9181/2086 4981/9177/2086 4982/9178/2086 4985/9182/2086
f 4985/9183/2087 4982/9179/2087 4980/9180/2087 4983/9184/2087
f 4987/9185/2088 4984/9181/2088 4985/9182/2088 4988/9186/2088
f 4988/9187/2089 4985/9183/2089 4983/9184/2089 4986/9188/2089
f 4990/9189/2090 4987/9185/2090 4988/9186/2090 4991/9190/2090
f 4991/9191/2091 4988/9187/2091 4986/9188/2091 4989/9192/2091
f 4993/9193/2092 4990/9194/2092 4991/9195/2092 4994/9196/2092
f 4994/9197/2093 4991/9191/2093 4989/9192/2093 4992/9198/2093
f 4996/9199/2094 4993/9193/2094 4994/9196/2094 4997/9200/2094
f 4997/9201/2095 4994/9197/2095 4992/9198/2095 4995/9202/2095
f 4999/9203/2096 4996/9199/2096 4997/9200/2096 5000/9204/2096
f 5000/9205/2097 4997/9201/2097 4995/9202/2097 4998/9206/2097
f 5002/9207/2098 4999/9203/2098 5000/9204/2098 5003/9208/2098
f 5003/9209/2099 5000/9205/2099 4998/9206/2099 5001/9210/2099
f 5005/9211/2100 5002/9207/2100 5003/9208/2100 5006/9212/2100
f 5006/9213/2101 5003/9209/2101 5001/9210/2101 5004/9214/2101
f 5008/9215/2102 5005/9211/2102 5006/9212/2102 5009/9216/2102
f 5009/9217/2103 5006/9213/2103 5004/9214/2103 5007/9218/2103
f 5011/9219/2104 5008/9215/2104 5009/9216/2104 5012/9220/2104
f 5012/9221/2105 5009/9217/2105 5007/9218/2105 5010/9222/2105
f 5014/9223/2106 5011/9219/2106 5012/9220/2106 5015/9224/2106
f 5015/9225/2107 5012/9221/2107 5010/9222/2107 5013/9226/2107
f 5017/9227/2108 5014/9228/2108 5015/9229/2108 5018/9230/2108
f 5018/9231/2109 5015/9225/2109 5013/9226/2109 5016/9232/2109
f 5020/9233/2110 5017/9227/2110 5018/9230/2110 5021/9234/2110
f 5021/9235/2111 5018/9231/2111 5016/9232/2111 5019/9236/2111
f 5023/9237/2112 5020/9233/2112 5021/9234/2112 5024/9238/2112
f 5024/9239/2113 5021/9235/2113 5019/9236/2113 5022/9240/2113
f 4930/9106/2114 5023/9237/2114 5024/9238/2114 4931/9107/2114
f 4931/9110/2115 5024/9239/2115 5022/9240/2115 4929/9111/2115
f 4932/9112/2116 4929/9111/2116 5022/9240/2116 5019/9236/2116 5016/9232/2116 5013/9226/2116 5010/9222/2116 5007/9218/2116 5004/9214/2116 5001/9210/2116 4998/9206/2116 4995/9202/2116 4992/9198/2116 4989/9192/2116 4986/9188/2116 4983/9184/2116 4980/9180/2116 4977/9176/2116 4974/9172/2116 4971/9168/2116 4968/9164/2116 4965/9158/2116 4962/9154/2116 4959/9150/2116 4956/9146/2116 4953/9142/2116 4950/9138/2116 4947/9134/2116 4944/9130/2116 4941/9124/2116 4938/9120/2116 4935/9116/2116
f 4897/9241/2117 4930/9106/2117 4933/9105/2117 4898/9242/2117
f 4928/9243/2118 5023/9237/2118 4930/9106/2118 4897/9241/2118
f 4898/9242/2119 4933/9105/2119 4936/9113/2119 4899/9244/2119
f 4899/9244/2120 4936/9113/2120 4939/9117/2120 4900/9245/2120
f 4900/9245/2121 4939/9117/2121 4942/9121/2121 4901/9246/2121
f 4901/9247/2122 4942/9126/2122 4945/9125/2122 4902/9248/2122
f 4902/9248/2123 4945/9125/2123 4948/9131/2123 4903/9249/2123
f 4903/9249/2124 4948/9131/2124 4951/9135/2124 4904/9250/2124
f 4904/9250/2125 4951/9135/2125 4954/9139/2125 4905/9251/2125
f 4905/9251/2126 4954/9139/2126 4957/9143/2126 4906/9252/2126
f 4906/9252/2127 4957/9143/2127 4960/9147/2127 4907/9253/2127
f 4907/9253/2128 4960/9147/2128 4963/9151/2128 4908/9254/2128
f 4908/9254/2129 4963/9151/2129 4966/9155/2129 4909/9255/2129
f 4909/9256/2130 4966/9160/2130 4969/9159/2130 4910/9257/2130
f 4910/9257/2131 4969/9159/2131 4972/9165/2131 4911/9258/2131
f 4911/9258/2132 4972/9165/2132 4975/9169/2132 4912/9259/2132
f 4912/9259/2133 4975/9169/2133 4978/9173/2133 4913/9260/2133
f 4913/9260/2134 4978/9173/2134 4981/9177/2134 4914/9261/2134
f 4914/9261/2135 4981/9177/2135 4984/9181/2135 4915/9262/2135
f 4915/9262/2136 4984/9181/2136 4987/9185/2136 4916/9263/2136
f 4916/9263/2137 4987/9185/2137 4990/9189/2137 4917/9264/2137
f 4917/9265/2138 4990/9194/2138 4993/9193/2138 4918/9266/2138
f 4918/9266/2139 4993/9193/2139 4996/9199/2139 4919/9267/2139
f 4919/9267/2140 4996/9199/2140 4999/9203/2140 4920/9268/2140
f 4920/9268/2141 4999/9203/2141 5002/9207/2141 4921/9269/2141
f 4921/9269/2142 5002/9207/2142 5005/9211/2142 4922/9270/2142
f 4922/9270/2143 5005/9211/2143 5008/9215/2143 4923/9271/2143
f 4923/9271/2144 5008/9215/2144 5011/9219/2144 4924/9272/2144
f 4924/9272/2145 5011/9219/2145 5014/9223/2145 4925/9273/2145
f 4925/9274/2146 5014/9228/2146 5017/9227/2146 4926/9275/2146
f 4926/9275/2147 5017/9227/2147 5020/9233/2147 4927/9276/2147
f 4927/9276/2148 5020/9233/2148 5023/9237/2148 4928/9243/2148
f 5025/9277/2117 5026/9278/2117 5028/9279/2117 5027/9280/2117
f 5027/9280/2119 5028/9279/2119 5030/9281/2119 5029/9282/2119
f 5029/9282/2120 5030/9281/2120 5032/9283/2120 5031/9284/2120
f 5031/9284/2121 5032/9283/2121 5034/9285/2121 5033/9286/2121
f 5033/9287/2122 5034/9288/2122 5036/9289/2122 5035/9290/2122
f 5035/9290/2123 5036/9289/2123 5038/9291/2123 5037/9292/2123
f 5037/9292/2124 5038/9291/2124 5040/9293/2124 5039/9294/2124
f 5039/9294/2125 5040/9293/2125 5042/9295/2125 5041/9296/2125
f 5041/9296/2126 5042/9295/2126 5044/9297/2126 5043/9298/2126
f 5043/9298/2127 5044/9297/2127 5046/9299/2127 5045/9300/2127
f 5045/9300/2128 5046/9299/2128 5048/9301/2128 5047/9302/2128
f 5047/9302/2129 5048/9301/2129 5050/9303/2129 5049/9304/2129
f 5049/9305/2130 5050/9306/2130 5052/9307/2130 5051/9308/2130
f 5051/9308/2131 5052/9307/2131 5054/9309/2131 5053/9310/2131
f 5053/9310/2132 5054/9309/2132 5056/9311/2132 5055/9312/2132
f 5055/9312/2133 5056/9311/2133 5058/9313/2133 5057/9314/2133
f 5057/9314/2134 5058/9313/2134 5060/9315/2134 5059/9316/2134
f 5059/9316/2135 5060/9315/2135 5062/9317/2135 5061/9318/2135
f 5061/9318/2136 5062/9317/2136 5064/9319/2136 5063/9320/2136
f 5063/9320/2137 5064/9319/2137 5066/9321/2137 5065/9322/2137
f 5065/9323/2138 5066/9324/2138 5068/9325/2138 5067/9326/2138
f 5067/9326/2139 5068/9325/2139 5070/9327/2139 5069/9328/2139
f 5069/9328/2140 5070/9327/2140 5072/9329/2140 5071/9330/2140
f 5071/9330/2141 5072/9329/2141 5074/9331/2141 5073/9332/2141
f 5073/9332/2142 5074/9331/2142 5076/9333/2142 5075/9334/2142
f 5075/9334/2143 5076/9333/2143 5078/9335/2143 5077/9336/2143
f 5077/9336/2144 5078/9335/2144 5080/9337/2144 5079/9338/2144
f 5079/9338/2145 5080/9337/2145 5082/9339/2145 5081/9340/2145
f 5081/9341/2146 5082/9342/2146 5084/9343/2146 5083/9344/2146
f 5083/9344/2147 5084/9343/2147 5086/9345/2147 5085/9346/2147
f 5028/9347/2116 5026/9348/2116 5088/9349/2116 5086/9350/2116 5084/9351/2116 5082/9352/2116 5080/9353/2116 5078/9354/2116 5076/9355/2116 5074/9356/2116 5072/9357/2116 5070/9358/2116 5068/9359/2116 5066/9360/2116 5064/9361/2116 5062/9362/2116 5060/9363/2116 5058/9364/2116 5056/9365/2116 5054/9366/2116 5052/9367/2116 5050/9368/2116 5048/9369/2116 5046/9370/2116 5044/9371/2116 5042/9372/2116 5040/9373/2116 5038/9374/2116 5036/9375/2116 5034/9376/2116 5032/9377/2116 5030/9378/2116
f 5085/9346/2148 5086/9345/2148 5088/9379/2148 5087/9380/2148
f 5087/9380/2118 5088/9379/2118 5026/9278/2118 5025/9277/2118
f 5025/9381/2051 5027/9382/2051 5029/9383/2051 5031/9384/2051 5033/9385/2051 5035/9386/2051 5037/9387/2051 5039/9388/2051 5041/9389/2051 5043/9390/2051 5045/9391/2051 5047/9392/2051 5049/9393/2051 5051/9394/2051 5053/9395/2051 5055/9396/2051 5057/9397/2051 5059/9398/2051 5061/9399/2051 5063/9400/2051 5065/9401/2051 5067/9402/2051 5069/9403/2051 5071/9404/2051 5073/9405/2051 5075/9406/2051 5077/9407/2051 5079/9408/2051 5081/9409/2051 5083/9410/2051 5085/9411/2051 5087/9412/2051
f 5089/9413/2117 5090/9414/2117 5092/9415/2117 5091/9416/2117
f 5091/9416/2149 5092/9415/2149 5094/9417/2149 5093/9418/2149
f 5093/9418/2120 5094/9417/2120 5096/9419/2120 5095/9420/2120
f 5095/9420/2121 5096/9419/2121 5098/9421/2121 5097/9422/2121
f 5097/9423/2122 5098/9424/2122 5100/9425/2122 5099/9426/2122
f 5099/9426/2123 5100/9425/2123 5102/9427/2123 5101/9428/2123
f 5101/9428/2124 5102/9427/2124 5104/9429/2124 5103/9430/2124
f 5103/9430/2125 5104/9429/2125 5106/9431/2125 5105/9432/2125
f 5105/9432/2126 5106/9431/2126 5108/9433/2126 5107/9434/2126
f 5107/9434/2127 5108/9433/2127 5110/9435/2127 5109/9436/2127
f 5109/9436/2128 5110/9435/2128 5112/9437/2128 5111/9438/2128
f 5111/9438/2129 5112/9437/2129 5114/9439/2129 5113/9440/2129
f 5113/9441/2130 5114/9442/2130 5116/9443/2130 5115/9444/2130
f 5115/9444/2131 5116/9443/2131 5118/9445/2131 5117/9446/2131
f 5117/9446/2132 5118/9445/2132 5120/9447/2132 5119/9448/2132
f 5119/9448/2133 5120/9447/2133 5122/9449/2133 5121/9450/2133
f 5121/9450/2134 5122/9449/2134 5124/9451/2134 5123/9452/2134
f 5123/9452/2135 5124/9451/2135 5126/9453/2135 5125/9454/2135
f 5125/9454/2136 5126/9453/2136 5128/9455/2136 5127/9456/2136
f 5127/9456/2137 5128/9455/2137 5130/9457/2137 5129/9458/2137
f 5129/9440/2138 5130/9439/2138 5132/9459/2138 5131/9460/2138
f 5131/9460/2139 5132/9459/2139 5134/9461/2139 5133/9462/2139
f 5133/9462/2140 5134/9461/2140 5136/9463/2140 5135/9464/2140
f 5135/9464/2141 5136/9463/2141 5138/9465/2141 5137/9466/2141
f 5137/9466/2142 5138/9465/2142 5140/9467/2142 5139/9468/2142
f 5139/9468/2143 5140/9467/2143 5142/9469/2143 5141/9470/2143
f 5141/9470/2144 5142/9469/2144 5144/9471/2144 5143/9472/2144
f 5143/9472/2145 5144/9471/2145 5146/9473/2145 5145/9474/2145
f 5145/9475/2146 5146/9476/2146 5148/9477/2146 5147/9478/2146
f 5147/9478/2147 5148/9477/2147 5150/9479/2147 5149/9480/2147
f 5092/9481/2116 5090/9482/2116 5152/9483/2116 5150/9484/2116 5148/9485/2116 5146/9486/2116 5144/9487/2116 5142/9488/2116 5140/9489/2116 5138/9490/2116 5136/9491/2116 5134/9492/2116 5132/9493/2116 5130/9494/2116 5128/9495/2116 5126/9496/2116 5124/9497/2116 5122/9498/2116 5120/9499/2116 5118/9500/2116 5116/9501/2116 5114/9502/2116 5112/9503/2116 5110/9504/2116 5108/9505/2116 5106/9506/2116 5104/9507/2116 5102/9508/2116 5100/9509/2116 5098/9510/2116 5096/9511/2116 5094/9512/2116
f 5149/9480/2148 5150/9479/2148 5152/9513/2148 5151/9514/2148
f 5151/9514/2118 5152/9513/2118 5090/9414/2118 5089/9413/2118
f 5089/9515/2051 5091/9516/2051 5093/9517/2051 5095/9518/2051 5097/9519/2051 5099/9520/2051 5101/9521/2051 5103/9522/2051 5105/9523/2051 5107/9524/2051 5109/9525/2051 5111/9526/2051 5113/9527/2051 5115/9528/2051 5117/9529/2051 5119/9530/2051 5121/9531/2051 5123/9532/2051 5125/9533/2051 5127/9534/2051 5129/9535/2051 5131/9536/2051 5133/9537/2051 5135/9538/2051 5137/9539/2051 5139/9540/2051 5141/9541/2051 5143/9542/2051 5145/9543/2051 5147/9544/2051 5149/9545/2051 5151/9546/2051
f 5153/9547/2150 5154/9548/2150 5156/9549/2150 5155/9550/2150
f 5155/9551/2151 5156/9552/2151 5160/9553/2151 5159/9554/2151
f 5159/9555/2152 5160/9556/2152 5158/9557/2152 5157/9558/2152
f 5157/9559/2153 5158/9560/2153 5154/9561/2153 5153/9562/2153
f 5155/9563/2051 5159/9564/2051 5157/9565/2051 5153/9566/2051
f 5160/9567/2116 5156/9568/2116 5154/9564/2116 5158/9569/2116
f 5174/9570/2154 5177/9571/2154 5178/9572/2154 5175/9573/2154
f 5175/9573/2155 5178/9572/2155 5176/9574/2155 5173/9575/2155
f 5171/9576/2156 5180/9577/2156 5181/9578/2156 5172/9579/2156
f 5172/9579/2157 5181/9578/2157 5179/9580/2157 5170/9581/2157
f 5182/9582/2158 5174/9570/2158 5175/9573/2158 5184/9583/2158
f 5184/9583/2159 5175/9573/2159 5173/9575/2159 5183/9584/2159
f 5185/9585/2160 5171/9576/2160 5172/9579/2160 5187/9586/2160
f 5187/9586/2161 5172/9579/2161 5170/9581/2161 5186/9587/2161
f 5170/9588/2162 5174/9589/2162 5182/9590/2162 5186/9591/2162
f 5170/9592/2163 5179/9593/2163 5177/9594/2163 5174/9595/2163
f 5162/9596/2153 5163/9597/2153 5167/9598/2153 5168/9584/2153 5183/9584/2153 5173/9575/2153
f 5162/9596/2153 5173/9575/2153 5176/9574/2153 5165/9574/2153 5164/9599/2153 5161/9600/2153
f 5176/9601/2164 5178/9602/2164 5177/9594/2164 5179/9593/2164 5181/9603/2164 5180/9604/2164 5166/9604/2164 5165/9601/2164
f 5168/9605/2165 5169/9606/2165 5185/9606/2165 5187/9607/2165 5186/9591/2165 5182/9590/2165 5184/9608/2165 5183/9605/2165
f 5192/9609/2166 5189/9610/2166 5190/9611/2166 5193/9612/2166
f 5193/9612/2167 5190/9611/2167 5188/9613/2167 5191/9614/2167
f 5191/9614/2168 5194/9615/2168 5196/9616/2168 5193/9612/2168
f 5193/9612/2169 5196/9616/2169 5195/9617/2169 5192/9609/2169
f 5197/9577/2170 5188/9613/2170 5190/9611/2170 5199/9618/2170
f 5199/9619/2171 5190/9620/2171 5189/9621/2171 5198/9622/2171
f 5194/9615/2172 5201/9585/2172 5202/9623/2172 5196/9616/2172
f 5196/9624/2173 5202/9625/2173 5200/9626/2173 5195/9627/2173
f 5161/9628/2174 5164/9629/2174 5198/9622/2174 5189/9621/2174
f 5189/9621/2175 5192/9630/2175 5162/9631/2175 5161/9628/2175
f 5188/9613/2151 5197/9577/2151 5166/9577/2151 5180/9577/2151 5171/9576/2151 5191/9614/2151
f 5195/9627/2176 5163/9632/2176 5162/9633/2176 5192/9634/2176
f 5194/9615/2151 5191/9614/2151 5171/9576/2151 5185/9585/2151 5169/9585/2151 5201/9585/2151
f 5163/9632/2177 5195/9627/2177 5200/9626/2177 5167/9635/2177
f 5165/9636/2178 5166/9637/2178 5197/9637/2178 5199/9619/2178 5198/9622/2178 5164/9629/2178
f 5167/9635/2179 5200/9626/2179 5202/9625/2179 5201/9638/2179 5169/9638/2179 5168/9639/2179
o mdlSilla.017
v 3.145080 1.486190 5.998469
v 3.132366 1.486190 6.115401
v 3.097084 1.486190 6.227605
v 3.040589 1.486190 6.330770
v 2.965055 1.486190 6.420931
v 2.873381 1.486190 6.494624
v 2.769093 1.486190 6.549016
v 2.656197 1.486190 6.582017
v 2.539032 1.486190 6.592360
v 2.422100 1.486190 6.579645
v 2.309896 1.486190 6.544363
v 2.206731 1.486190 6.487869
v 2.116570 1.486190 6.412334
v 2.042877 1.486190 6.320661
v 1.988485 1.486190 6.216372
v 1.955484 1.486190 6.103476
v 1.945142 1.486190 5.986311
v 1.957856 1.486190 5.869380
v 1.993138 1.486190 5.757175
v 2.049632 1.486190 5.654011
v 2.125167 1.486190 5.563849
v 2.216840 1.486190 5.490157
v 2.321129 1.486190 5.435764
v 2.434025 1.486190 5.402763
v 2.551190 1.486190 5.392421
v 2.668121 1.486190 5.405135
v 2.780325 1.486190 5.440417
v 2.883490 1.486190 5.496912
v 2.973651 1.486190 5.572446
v 3.047344 1.486190 5.664120
v 3.101736 1.486190 5.768408
v 3.134737 1.486190 5.881304
v 3.008214 1.726190 5.997083
v 3.145080 1.698947 5.998469
v 3.104993 1.718211 5.998063
v 2.998400 1.726190 6.087339
v 3.132366 1.698947 6.115401
v 3.093128 1.718211 6.107182
v 2.971166 1.726190 6.173947
v 3.097084 1.698947 6.227605
v 3.060203 1.718211 6.211889
v 2.927560 1.726190 6.253578
v 3.040590 1.698947 6.330770
v 3.007484 1.718211 6.308161
v 2.869256 1.726190 6.323172
v 2.965055 1.698947 6.420931
v 2.936996 1.718211 6.392298
v 2.798496 1.726190 6.380053
v 2.873381 1.698947 6.494624
v 2.851448 1.718211 6.461067
v 2.717997 1.726190 6.422037
v 2.769093 1.698947 6.549016
v 2.754127 1.718211 6.511825
v 2.630856 1.726190 6.447510
v 2.656197 1.698947 6.582017
v 2.648774 1.718211 6.542621
v 2.540418 1.726190 6.455493
v 2.539032 1.698947 6.592360
v 2.539438 1.718211 6.552272
v 2.450162 1.726190 6.445679
v 2.422100 1.698947 6.579645
v 2.430319 1.718211 6.540408
v 2.363554 1.726190 6.418446
v 2.309896 1.698947 6.544363
v 2.325612 1.718211 6.507483
v 2.283923 1.726190 6.374839
v 2.206731 1.698947 6.487869
v 2.229340 1.718211 6.454763
v 2.214329 1.726190 6.316535
v 2.116570 1.698947 6.412334
v 2.145203 1.718211 6.384275
v 2.157448 1.726190 6.245775
v 2.042877 1.698947 6.320661
v 2.076434 1.718211 6.298727
v 2.115464 1.726190 6.165277
v 1.988485 1.698947 6.216372
v 2.025676 1.718211 6.201406
v 2.089991 1.726190 6.078135
v 1.955484 1.698947 6.103476
v 1.994880 1.718211 6.096054
v 2.082008 1.726190 5.987698
v 1.945142 1.698947 5.986311
v 1.985229 1.718211 5.986717
v 2.091822 1.726190 5.897441
v 1.957856 1.698947 5.869380
v 1.997093 1.718211 5.877599
v 2.119055 1.726190 5.810833
v 1.993138 1.698947 5.757175
v 2.030018 1.718211 5.772892
v 2.162662 1.726190 5.731202
v 2.049632 1.698947 5.654011
v 2.082738 1.718211 5.676620
v 2.220965 1.726190 5.661609
v 2.125167 1.698947 5.563849
v 2.153226 1.718211 5.592483
v 2.291726 1.726190 5.604727
v 2.216840 1.698947 5.490157
v 2.238774 1.718211 5.523714
v 2.372224 1.726190 5.562743
v 2.321129 1.698947 5.435764
v 2.336094 1.718211 5.472956
v 2.459366 1.726190 5.537270
v 2.434025 1.698947 5.402763
v 2.441447 1.718211 5.442159
v 2.549803 1.726190 5.529287
v 2.551190 1.698947 5.392421
v 2.550784 1.718211 5.432508
v 2.640060 1.726190 5.539101
v 2.668121 1.698947 5.405135
v 2.659902 1.718211 5.444373
v 2.726668 1.726190 5.566334
v 2.780325 1.698947 5.440417
v 2.764609 1.718211 5.477298
v 2.806298 1.726190 5.609941
v 2.883490 1.698947 5.496912
v 2.860881 1.718211 5.530017
v 2.875892 1.726190 5.668245
v 2.973652 1.698947 5.572446
v 2.945019 1.718211 5.600505
v 2.932774 1.726190 5.739006
v 3.047344 1.698947 5.664120
v 3.013787 1.718211 5.686053
v 2.974758 1.726190 5.819503
v 3.101736 1.698947 5.768408
v 3.064545 1.718211 5.783374
v 3.000231 1.726190 5.906645
v 3.134737 1.698947 5.881304
v 3.095341 1.718211 5.888727
v 3.011753 0.317975 5.997118
v 3.011753 0.477975 5.997118
v 3.001864 0.317975 6.088065
v 3.001864 0.477975 6.088065
v 2.974423 0.317975 6.175335
v 2.974423 0.477975 6.175335
v 2.930483 0.317975 6.255574
v 2.930483 0.477975 6.255574
v 2.871733 0.317975 6.325700
v 2.871733 0.477975 6.325700
v 2.800432 0.317975 6.383016
v 2.800432 0.477975 6.383016
v 2.719319 0.317975 6.425321
v 2.719319 0.477975 6.425321
v 2.631511 0.317975 6.450989
v 2.631511 0.477975 6.450989
v 2.540382 0.317975 6.459033
v 2.540382 0.477975 6.459033
v 2.449436 0.317975 6.449144
v 2.449436 0.477975 6.449144
v 2.362166 0.317975 6.421702
v 2.362166 0.477975 6.421702
v 2.281926 0.317975 6.377762
v 2.281926 0.477975 6.377762
v 2.211801 0.317975 6.319013
v 2.211801 0.477975 6.319013
v 2.154485 0.317975 6.247712
v 2.154485 0.477975 6.247712
v 2.112180 0.317975 6.166598
v 2.112180 0.477975 6.166598
v 2.086512 0.317975 6.078790
v 2.086512 0.477975 6.078790
v 2.078468 0.317975 5.987662
v 2.078468 0.477975 5.987662
v 2.088357 0.317975 5.896715
v 2.088357 0.477975 5.896715
v 2.115798 0.317975 5.809445
v 2.115798 0.477975 5.809445
v 2.159738 0.317975 5.729206
v 2.159738 0.477975 5.729206
v 2.218488 0.317975 5.659081
v 2.218488 0.477975 5.659081
v 2.289789 0.317975 5.601764
v 2.289789 0.477975 5.601764
v 2.370902 0.317975 5.559459
v 2.370902 0.477975 5.559459
v 2.458710 0.317975 5.533792
v 2.458710 0.477975 5.533792
v 2.549839 0.317975 5.525747
v 2.549839 0.477975 5.525747
v 2.640785 0.317975 5.535636
v 2.640785 0.477975 5.535636
v 2.728055 0.317975 5.563078
v 2.728055 0.477975 5.563078
v 2.808295 0.317975 5.607018
v 2.808295 0.477975 5.607018
v 2.878420 0.317975 5.665767
v 2.878420 0.477975 5.665767
v 2.935737 0.317975 5.737069
v 2.935737 0.477975 5.737069
v 2.978041 0.317975 5.818182
v 2.978042 0.477975 5.818182
v 3.003709 0.317975 5.905990
v 3.003709 0.477975 5.905990
v 2.611774 0.453975 5.993066
v 2.611774 1.541975 5.993066
v 2.610361 0.453975 6.006058
v 2.610361 1.541975 6.006058
v 2.606441 0.453975 6.018525
v 2.606441 1.541975 6.018525
v 2.600164 0.453975 6.029988
v 2.600164 1.541975 6.029988
v 2.591771 0.453975 6.040006
v 2.591771 1.541975 6.040006
v 2.581585 0.453975 6.048194
v 2.581585 1.541975 6.048194
v 2.569997 0.453975 6.054237
v 2.569998 1.541975 6.054237
v 2.557453 0.453975 6.057904
v 2.557454 1.541975 6.057904
v 2.544435 0.453975 6.059053
v 2.544435 1.541975 6.059053
v 2.531443 0.453975 6.057641
v 2.531443 1.541975 6.057641
v 2.518975 0.453975 6.053720
v 2.518976 1.541975 6.053720
v 2.507513 0.453975 6.047443
v 2.507513 1.541975 6.047443
v 2.497495 0.453975 6.039051
v 2.497495 1.541975 6.039051
v 2.489307 0.453975 6.028865
v 2.489307 1.541975 6.028865
v 2.483263 0.453975 6.017277
v 2.483263 1.541975 6.017277
v 2.479596 0.453975 6.004733
v 2.479597 1.541975 6.004733
v 2.478447 0.453975 5.991714
v 2.478447 1.541975 5.991714
v 2.479860 0.453975 5.978722
v 2.479860 1.541975 5.978722
v 2.483780 0.453975 5.966255
v 2.483780 1.541975 5.966255
v 2.490057 0.453975 5.954792
v 2.490057 1.541975 5.954792
v 2.498450 0.453975 5.944775
v 2.498450 1.541975 5.944775
v 2.508636 0.453975 5.936586
v 2.508636 1.541975 5.936586
v 2.520224 0.453975 5.930543
v 2.520224 1.541975 5.930543
v 2.532768 0.453975 5.926876
v 2.532768 1.541975 5.926876
v 2.545786 0.453975 5.925727
v 2.545786 1.541975 5.925727
v 2.558778 0.453975 5.927140
v 2.558779 1.541975 5.927140
v 2.571245 0.453975 5.931060
v 2.571246 1.541975 5.931060
v 2.582708 0.453975 5.937337
v 2.582708 1.541975 5.937337
v 2.592726 0.453975 5.945730
v 2.592726 1.541975 5.945730
v 2.600914 0.453975 5.955915
v 2.600914 1.541975 5.955915
v 2.606958 0.453975 5.967503
v 2.606958 1.541975 5.967503
v 2.610625 0.453975 5.980047
v 2.610625 1.541975 5.980047
v 2.092544 1.614190 5.914467
v 2.092544 2.254190 5.914467
v 2.159207 1.614190 5.915143
v 2.159207 2.254190 5.915143
v 2.091058 1.614190 6.061127
v 2.091058 2.254190 6.061127
v 2.157721 1.614190 6.061802
v 2.157721 2.254190 6.061802
v 1.968470 2.269675 5.652343
v 1.965084 2.034614 5.986513
v 1.961698 2.269675 6.320683
v 1.971636 3.356750 5.339901
v 1.971620 3.401785 5.341413
v 2.263912 3.401785 5.344374
v 1.958532 3.356750 6.633125
v 1.958548 3.401785 6.631614
v 2.250840 3.401785 6.634575
v 2.246302 2.958344 5.989363
v 2.257376 2.906741 5.989475
v 2.254132 2.943230 5.989442
v 1.965084 2.906741 5.986513
v 1.976158 2.958345 5.986625
v 1.968328 2.943231 5.986546
v 1.971620 3.401785 5.341413
v 1.982319 3.394330 5.378565
v 1.974599 3.396513 5.367637
v 2.252463 3.394330 5.381302
v 2.263912 3.401785 5.344374
v 2.260403 3.396513 5.370533
v 1.969997 3.394330 6.594686
v 1.958548 3.401785 6.631614
v 1.962057 3.396513 6.605455
v 2.250840 3.401785 6.634575
v 2.240141 3.394330 6.597423
v 2.247861 3.396513 6.608351
v 2.260150 2.329070 5.715717
v 2.238787 2.269675 5.655082
v 2.254146 2.287071 5.672934
v 2.257376 2.136505 5.989475
v 2.235401 2.034614 5.989252
v 2.250940 2.064457 5.989409
v 2.254602 2.329070 6.263232
v 2.232015 2.269675 6.323422
v 2.247733 2.287071 6.305885
v 2.263912 3.401785 5.344374
v 2.241953 3.356750 5.342640
v 2.257487 3.369940 5.343240
v 2.228850 3.356750 6.635864
v 2.250840 3.401785 6.634575
v 2.244393 3.369940 6.635579
vn -0.0000 -1.0000 -0.0000
vn 0.4323 0.9005 0.0470
vn 0.0821 0.9966 0.0089
vn 0.4148 0.9005 0.1304
vn 0.0788 0.9966 0.0248
vn 0.3814 0.9005 0.2088
vn 0.0724 0.9966 0.0397
vn 0.3333 0.9005 0.2792
vn 0.0633 0.9966 0.0530
vn 0.2724 0.9005 0.3389
vn 0.0517 0.9966 0.0643
vn 0.2011 0.9005 0.3855
vn 0.0382 0.9966 0.0732
vn 0.1220 0.9005 0.4173
vn 0.0232 0.9966 0.0792
vn 0.0382 0.9005 0.4331
vn 0.0073 0.9966 0.0822
vn -0.0470 0.9005 0.4323
vn -0.0089 0.9966 0.0821
vn -0.1304 0.9005 0.4148
vn -0.0248 0.9966 0.0788
vn -0.2088 0.9005 0.3814
vn -0.0397 0.9966 0.0724
vn -0.2792 0.9005 0.3333
vn -0.0530 0.9966 0.0633
vn -0.3389 0.9005 0.2724
vn -0.0643 0.9966 0.0517
vn -0.3855 0.9005 0.2011
vn -0.0732 0.9966 0.0382
vn -0.4173 0.9005 0.1220
vn -0.0792 0.9966 0.0232
vn -0.4331 0.9005 0.0382
vn -0.0822 0.9966 0.0073
vn -0.4323 0.9005 -0.0470
vn -0.0821 0.9966 -0.0089
vn -0.4148 0.9005 -0.1304
vn -0.0788 0.9966 -0.0248
vn -0.3814 0.9005 -0.2088
vn -0.0724 0.9966 -0.0397
vn -0.3333 0.9005 -0.2792
vn -0.0633 0.9966 -0.0530
vn -0.2724 0.9005 -0.3389
vn -0.0517 0.9966 -0.0643
vn -0.2011 0.9005 -0.3855
vn -0.0382 0.9966 -0.0732
vn -0.1220 0.9005 -0.4173
vn -0.0232 0.9966 -0.0792
vn -0.0382 0.9005 -0.4331
vn -0.0073 0.9966 -0.0822
vn 0.0470 0.9005 -0.4323
vn 0.0089 0.9966 -0.0821
vn 0.1304 0.9005 -0.4148
vn 0.0248 0.9966 -0.0788
vn 0.2088 0.9005 -0.3814
vn 0.0397 0.9966 -0.0724
vn 0.2792 0.9005 -0.3333
vn 0.0530 0.9966 -0.0633
vn 0.3389 0.9005 -0.2724
vn 0.0643 0.9966 -0.0517
vn 0.3855 0.9005 -0.2011
vn 0.0732 0.9966 -0.0382
vn 0.4173 0.9005 -0.1220
vn 0.0792 0.9966 -0.0232
vn 0.4331 0.9005 -0.0382
vn 0.0822 0.9966 -0.0073
vn -0.0000 1.0000 -0.0000
vn 0.9941 -0.0000 0.1081
vn 0.9961 -0.0000 -0.0879
vn 0.9540 -0.0000 0.3000
vn 0.8771 -0.0000 0.4803
vn 0.7665 -0.0000 0.6422
vn 0.6265 -0.0000 0.7794
vn 0.4624 -0.0000 0.8867
vn 0.2806 -0.0000 0.9598
vn 0.0879 -0.0000 0.9961
vn -0.1081 -0.0000 0.9941
vn -0.3000 -0.0000 0.9540
vn -0.4803 -0.0000 0.8771
vn -0.6422 -0.0000 0.7665
vn -0.7794 -0.0000 0.6265
vn -0.8867 -0.0000 0.4624
vn -0.9598 -0.0000 0.2806
vn -0.9961 -0.0000 0.0879
vn -0.9941 -0.0000 -0.1081
vn -0.9540 -0.0000 -0.3000
vn -0.8771 -0.0000 -0.4803
vn -0.7665 -0.0000 -0.6422
vn -0.6265 -0.0000 -0.7794
vn -0.4624 -0.0000 -0.8867
vn -0.2806 -0.0000 -0.9598
vn -0.0879 -0.0000 -0.9961
vn 0.1081 -0.0000 -0.9941
vn 0.3000 -0.0000 -0.9540
vn 0.4803 -0.0000 -0.8771
vn 0.6422 -0.0000 -0.7665
vn 0.7794 -0.0000 -0.6265
vn 0.8867 -0.0000 -0.4624
vn 0.9598 -0.0000 -0.2806
vn 0.9539 -0.0000 0.3000
vn 0.0101 -0.0000 -0.9999
vn 0.9999 -0.0000 0.0101
vn -0.0101 -0.0000 0.9999
vn -0.9999 -0.0000 -0.0101
vn -0.7362 0.5515 0.3922
vn -0.9884 0.1259 0.0845
vn 0.9865 0.1259 0.1045
vn 0.7281 0.5515 0.4071
vn -0.7281 0.5515 -0.4071
vn -0.9865 0.1259 -0.1045
vn 0.9884 0.1259 -0.0845
vn 0.7362 0.5515 -0.3922
vn 0.0059 0.8127 -0.5827
vn -0.0059 0.8127 0.5827
vn -0.0020 0.9803 0.1973
vn 0.0020 0.9803 -0.1973
vn 0.8467 -0.4392 -0.3004
vn 0.9947 -0.0888 -0.0524
vn 0.9934 -0.0888 0.0725
vn 0.8404 -0.4392 0.3175
vn 0.9825 -0.0606 -0.1762
vn 0.6501 -0.2174 -0.7281
vn 0.9787 -0.0606 0.1961
vn 0.6352 -0.2174 0.7411
vn 0.0097 -0.2762 -0.9610
vn 0.0058 -0.8179 -0.5753
vn -0.0058 -0.8179 0.5753
vn -0.0097 -0.2762 0.9610
vn 0.0101 0.0335 -0.9994
vn -0.0101 0.0335 0.9994
vt 0.483906 0.143218
vt 0.474334 0.128893
vt 0.467741 0.112976
vt 0.464380 0.096078
vt 0.464380 0.078849
vt 0.467741 0.061951
vt 0.474334 0.046034
vt 0.483906 0.031709
vt 0.496089 0.019526
vt 0.510414 0.009954
vt 0.526331 0.003361
vt 0.543229 -0.000000
vt 0.560458 -0.000000
vt 0.577356 0.003361
vt 0.593273 0.009954
vt 0.607598 0.019526
vt 0.619781 0.031709
vt 0.629353 0.046034
vt 0.635946 0.061951
vt 0.639307 0.078849
vt 0.639307 0.096078
vt 0.635946 0.112976
vt 0.629353 0.128893
vt 0.619781 0.143218
vt 0.607598 0.155401
vt 0.593273 0.164973
vt 0.577356 0.171566
vt 0.560458 0.174927
vt 0.543229 0.174927
vt 0.526331 0.171566
vt 0.510414 0.164973
vt 0.496089 0.155401
vt 0.667962 0.525164
vt 0.650816 0.525244
vt 0.650816 0.510871
vt 0.666816 0.510796
vt 0.473669 0.295208
vt 0.467517 0.280354
vt 0.481083 0.276239
vt 0.486172 0.288525
vt 0.684448 0.524924
vt 0.682201 0.510572
vt 0.482601 0.308576
vt 0.493560 0.299582
vt 0.699643 0.524536
vt 0.696381 0.510210
vt 0.493970 0.319945
vt 0.502964 0.308986
vt 0.712961 0.524013
vt 0.708809 0.509722
vt 0.507338 0.328877
vt 0.514021 0.316374
vt 0.477698 0.524677
vt 0.464380 0.524046
vt 0.468532 0.509722
vt 0.480960 0.510310
vt 0.522192 0.335029
vt 0.526307 0.321463
vt 0.492892 0.525145
vt 0.495140 0.510747
vt 0.537961 0.338166
vt 0.539350 0.324058
vt 0.509379 0.525433
vt 0.510525 0.511016
vt 0.554038 0.338166
vt 0.552649 0.324058
vt 0.526525 0.525531
vt 0.526525 0.511107
vt 0.569807 0.335029
vt 0.565692 0.321463
vt 0.543671 0.525433
vt 0.542525 0.511016
vt 0.584661 0.328877
vt 0.577978 0.316374
vt 0.560158 0.525145
vt 0.557911 0.510747
vt 0.598029 0.319945
vt 0.589035 0.308986
vt 0.575352 0.524677
vt 0.572090 0.510310
vt 0.609398 0.308576
vt 0.598439 0.299582
vt 0.588670 0.524046
vt 0.584518 0.509722
vt 0.618330 0.295208
vt 0.605827 0.288525
vt 0.477698 0.353257
vt 0.464380 0.352522
vt 0.468532 0.338166
vt 0.480960 0.338852
vt 0.624482 0.280354
vt 0.610916 0.276239
vt 0.492892 0.353804
vt 0.495140 0.339362
vt 0.627619 0.264585
vt 0.613511 0.263196
vt 0.509379 0.354140
vt 0.510525 0.339676
vt 0.627619 0.248508
vt 0.613511 0.249897
vt 0.526525 0.354254
vt 0.526525 0.339782
vt 0.624482 0.232739
vt 0.610916 0.236854
vt 0.543671 0.354140
vt 0.542525 0.339676
vt 0.618330 0.217885
vt 0.605827 0.224568
vt 0.560158 0.353804
vt 0.557911 0.339362
vt 0.609397 0.204517
vt 0.598439 0.213511
vt 0.575352 0.353257
vt 0.572090 0.338852
vt 0.598029 0.193148
vt 0.589035 0.204107
vt 0.588670 0.352522
vt 0.584518 0.338166
vt 0.584661 0.184216
vt 0.577978 0.196719
vt 0.601988 0.353121
vt 0.588670 0.352491
vt 0.592823 0.338166
vt 0.605251 0.338754
vt 0.569807 0.178064
vt 0.565692 0.191630
vt 0.617183 0.353589
vt 0.619430 0.339191
vt 0.554038 0.174927
vt 0.552649 0.189035
vt 0.633670 0.353878
vt 0.634816 0.339461
vt 0.537961 0.174927
vt 0.539350 0.189035
vt 0.650816 0.353975
vt 0.650816 0.339552
vt 0.522192 0.178064
vt 0.526307 0.191630
vt 0.667962 0.353878
vt 0.666816 0.339461
vt 0.507338 0.184216
vt 0.514021 0.196719
vt 0.684448 0.353589
vt 0.682201 0.339191
vt 0.493970 0.193148
vt 0.502964 0.204107
vt 0.699643 0.353121
vt 0.696381 0.338754
vt 0.482601 0.204517
vt 0.493560 0.213511
vt 0.712961 0.352491
vt 0.708809 0.338166
vt 0.473669 0.217885
vt 0.486172 0.224568
vt 0.601988 0.524536
vt 0.588670 0.524013
vt 0.592823 0.509722
vt 0.605251 0.510210
vt 0.467516 0.232739
vt 0.481083 0.236854
vt 0.617183 0.524924
vt 0.619430 0.510572
vt 0.464380 0.248508
vt 0.478488 0.249897
vt 0.633670 0.525164
vt 0.634816 0.510796
vt 0.464380 0.264585
vt 0.478488 0.263196
vt 0.650816 0.680887
vt 0.667962 0.680806
vt 0.633670 0.680806
vt 0.684448 0.680567
vt 0.699643 0.680178
vt 0.712961 0.679655
vt 0.464380 0.679608
vt 0.477698 0.680238
vt 0.492892 0.680707
vt 0.509379 0.680995
vt 0.526525 0.681092
vt 0.543671 0.680995
vt 0.560158 0.680707
vt 0.575352 0.680238
vt 0.588670 0.679608
vt 0.464380 0.507990
vt 0.477698 0.508725
vt 0.492892 0.509272
vt 0.509379 0.509608
vt 0.526525 0.509722
vt 0.543671 0.509608
vt 0.560158 0.509272
vt 0.575352 0.508725
vt 0.588670 0.507990
vt 0.588670 0.508052
vt 0.601988 0.508682
vt 0.617183 0.509151
vt 0.633670 0.509439
vt 0.650816 0.509537
vt 0.667962 0.509439
vt 0.684448 0.509151
vt 0.699643 0.508682
vt 0.712961 0.508052
vt 0.588670 0.679655
vt 0.601988 0.680178
vt 0.617183 0.680567
vt 0.812009 0.292933
vt 0.812009 0.175885
vt 0.825344 0.175822
vt 0.825344 0.292870
vt 0.838167 0.175636
vt 0.838167 0.292684
vt 0.849985 0.175334
vt 0.849985 0.292382
vt 0.860344 0.174927
vt 0.860344 0.291975
vt 0.685341 0.797874
vt 0.685341 0.680887
vt 0.695699 0.681377
vt 0.695699 0.798364
vt 0.707517 0.681742
vt 0.707517 0.798729
vt 0.720340 0.681966
vt 0.720340 0.798953
vt 0.733676 0.682042
vt 0.733676 0.799029
vt 0.747012 0.681966
vt 0.747012 0.798953
vt 0.759835 0.681742
vt 0.759835 0.798729
vt 0.771653 0.681377
vt 0.771653 0.798364
vt 0.782011 0.680887
vt 0.782011 0.797874
vt 0.588670 0.797804
vt 0.588670 0.680887
vt 0.599029 0.681459
vt 0.599029 0.798376
vt 0.610847 0.681884
vt 0.610847 0.798800
vt 0.623670 0.682145
vt 0.623670 0.799062
vt 0.637006 0.682234
vt 0.637006 0.799151
vt 0.650341 0.682145
vt 0.650341 0.799062
vt 0.663164 0.681884
vt 0.663164 0.798800
vt 0.674982 0.681459
vt 0.674982 0.798376
vt 0.685341 0.680887
vt 0.685341 0.797804
vt 0.464380 0.798080
vt 0.464380 0.681092
vt 0.474738 0.681583
vt 0.474738 0.798570
vt 0.486556 0.681947
vt 0.486556 0.798934
vt 0.499379 0.682171
vt 0.499379 0.799159
vt 0.512715 0.682247
vt 0.512715 0.799235
vt 0.526051 0.682171
vt 0.526051 0.799159
vt 0.538874 0.681947
vt 0.538874 0.798934
vt 0.550692 0.681583
vt 0.550692 0.798570
vt 0.561050 0.681092
vt 0.561050 0.798080
vt 0.763673 0.291975
vt 0.763673 0.174927
vt 0.774032 0.175334
vt 0.774032 0.292382
vt 0.785850 0.175636
vt 0.785850 0.292684
vt 0.652281 0.295794
vt 0.642806 0.286319
vt 0.635361 0.275177
vt 0.630233 0.262797
vt 0.627619 0.249654
vt 0.627619 0.236254
vt 0.630233 0.223111
vt 0.635361 0.210731
vt 0.642806 0.199589
vt 0.652281 0.190114
vt 0.663423 0.182669
vt 0.675803 0.177541
vt 0.688946 0.174927
vt 0.702346 0.174927
vt 0.715489 0.177541
vt 0.727869 0.182669
vt 0.739011 0.190114
vt 0.748486 0.199589
vt 0.755931 0.210731
vt 0.761059 0.223111
vt 0.763673 0.236254
vt 0.763673 0.249654
vt 0.761059 0.262797
vt 0.755931 0.275177
vt 0.748486 0.286319
vt 0.739011 0.295794
vt 0.727869 0.303239
vt 0.715489 0.308367
vt 0.702346 0.310981
vt 0.688946 0.310981
vt 0.675803 0.308367
vt 0.663423 0.303239
vt 0.798673 0.175822
vt 0.798673 0.292870
vt 0.654494 0.111392
vt 0.647049 0.100250
vt 0.641921 0.087870
vt 0.639307 0.074727
vt 0.639307 0.061327
vt 0.641921 0.048184
vt 0.647049 0.035804
vt 0.654494 0.024662
vt 0.663969 0.015187
vt 0.675111 0.007742
vt 0.687491 0.002614
vt 0.700634 0.000000
vt 0.714034 0.000000
vt 0.727177 0.002614
vt 0.739557 0.007742
vt 0.750699 0.015187
vt 0.760174 0.024662
vt 0.767619 0.035804
vt 0.772747 0.048184
vt 0.775361 0.061327
vt 0.775361 0.074727
vt 0.772747 0.087870
vt 0.767619 0.100250
vt 0.760174 0.111392
vt 0.750699 0.120867
vt 0.739557 0.128312
vt 0.727177 0.133440
vt 0.714034 0.136054
vt 0.700634 0.136054
vt 0.687491 0.133440
vt 0.675111 0.128312
vt 0.663969 0.120867
vt 0.867249 0.970990
vt 0.867249 0.175064
vt 0.869154 0.175055
vt 0.869154 0.970981
vt 0.870986 0.175028
vt 0.870986 0.970955
vt 0.872674 0.174985
vt 0.872674 0.970911
vt 0.874154 0.174927
vt 0.874154 0.970853
vt 0.874154 0.970439
vt 0.874154 0.174927
vt 0.875634 0.174997
vt 0.875634 0.970509
vt 0.877322 0.175049
vt 0.877322 0.970561
vt 0.879154 0.175081
vt 0.879154 0.970594
vt 0.881059 0.175092
vt 0.881059 0.970604
vt 0.882964 0.175081
vt 0.882964 0.970594
vt 0.884796 0.175049
vt 0.884796 0.970561
vt 0.886484 0.174997
vt 0.886484 0.970509
vt 0.887964 0.174927
vt 0.887964 0.970439
vt 0.901774 0.969961
vt 0.901774 0.174927
vt 0.903254 0.175009
vt 0.903254 0.970042
vt 0.904942 0.175069
vt 0.904942 0.970103
vt 0.906774 0.175107
vt 0.906774 0.970141
vt 0.908679 0.175119
vt 0.908679 0.970153
vt 0.910584 0.175107
vt 0.910584 0.970141
vt 0.912416 0.175069
vt 0.912416 0.970103
vt 0.914104 0.175009
vt 0.914104 0.970042
vt 0.915584 0.174927
vt 0.915584 0.969961
vt 0.889444 0.174997
vt 0.889444 0.970509
vt 0.891132 0.175049
vt 0.891132 0.970561
vt 0.892964 0.175081
vt 0.892964 0.970594
vt 0.894869 0.175092
vt 0.894869 0.970604
vt 0.896774 0.175081
vt 0.896774 0.970594
vt 0.898606 0.175049
vt 0.898606 0.970561
vt 0.900294 0.174997
vt 0.900294 0.970509
vt 0.901774 0.174927
vt 0.901774 0.970439
vt 0.860344 0.970853
vt 0.860344 0.174927
vt 0.861824 0.174985
vt 0.861824 0.970911
vt 0.863512 0.175028
vt 0.863512 0.970955
vt 0.643532 0.328248
vt 0.641940 0.329312
vt 0.640172 0.330044
vt 0.638294 0.330418
vt 0.636380 0.330418
vt 0.634503 0.330044
vt 0.632734 0.329312
vt 0.631142 0.328248
vt 0.629789 0.326894
vt 0.628725 0.325303
vt 0.627993 0.323534
vt 0.627619 0.321657
vt 0.627619 0.319742
vt 0.627993 0.317865
vt 0.628725 0.316096
vt 0.629789 0.314504
vt 0.631142 0.313151
vt 0.632734 0.312087
vt 0.634503 0.311355
vt 0.636380 0.310981
vt 0.638294 0.310981
vt 0.640172 0.311355
vt 0.641940 0.312087
vt 0.643532 0.313151
vt 0.644886 0.314504
vt 0.645949 0.316096
vt 0.646682 0.317865
vt 0.647055 0.319742
vt 0.647055 0.321657
vt 0.646682 0.323534
vt 0.645949 0.325303
vt 0.644886 0.326894
vt 0.865344 0.175055
vt 0.865344 0.970981
vt 0.653628 0.154385
vt 0.651860 0.155117
vt 0.649982 0.155491
vt 0.648068 0.155491
vt 0.646190 0.155117
vt 0.644422 0.154385
vt 0.642830 0.153321
vt 0.641477 0.151967
vt 0.640413 0.150376
vt 0.639680 0.148607
vt 0.639307 0.146730
vt 0.639307 0.144815
vt 0.639680 0.142938
vt 0.640413 0.141169
vt 0.641477 0.139577
vt 0.642830 0.138224
vt 0.644422 0.137160
vt 0.646190 0.136428
vt 0.648068 0.136054
vt 0.649982 0.136054
vt 0.651860 0.136428
vt 0.653628 0.137160
vt 0.655220 0.138224
vt 0.656574 0.139577
vt 0.657637 0.141169
vt 0.658370 0.142938
vt 0.658743 0.144815
vt 0.658743 0.146730
vt 0.658370 0.148607
vt 0.657637 0.150376
vt 0.656574 0.151967
vt 0.655220 0.153321
vt 0.841561 0.806115
vt 0.841561 0.338166
vt 0.851326 0.338166
vt 0.851326 0.806115
vt 0.798594 0.806358
vt 0.798594 0.338166
vt 0.820077 0.338166
vt 0.820077 0.806358
vt 0.915584 0.642875
vt 0.915584 0.174927
vt 0.925349 0.174927
vt 0.925349 0.642875
vt 0.820077 0.805833
vt 0.820077 0.338166
vt 0.841561 0.338166
vt 0.841561 0.805833
vt 0.656821 0.310981
vt 0.656821 0.332465
vt 0.647055 0.332465
vt 0.647055 0.310981
vt 0.666586 0.310981
vt 0.666586 0.332465
vt 0.656821 0.310981
vt 0.284028 0.323926
vt 0.373100 0.005339
vt 0.374689 0.003820
vt 0.284028 0.335048
vt 0.378526 0.000000
vt 0.284028 0.361743
vt 0.094654 0.362149
vt 0.000157 0.000000
vt 0.003993 0.003834
vt 0.094654 0.335433
vt 0.005582 0.005376
vt 0.094654 0.324321
vt 0.194956 0.005339
vt 0.193367 0.003820
vt 0.189530 0.000000
vt 0.189152 0.000000
vt 0.185315 0.003834
vt 0.183726 0.005376
vt 0.754155 0.667847
vt 0.714583 0.667847
vt 0.714583 0.343930
vt 0.754155 0.343930
vt 0.757400 0.667847
vt 0.757400 0.343930
vt 0.796972 0.343930
vt 0.796972 0.667847
vt 0.284028 0.999032
vt 0.235077 0.827267
vt 0.189309 0.032909
vt 0.378747 0.032909
vt 0.332979 0.827267
vt 0.798594 0.338166
vt 0.798119 0.342242
vt 0.756253 0.342242
vt 0.755777 0.338166
vt 0.712961 0.338166
vt 0.755778 0.338166
vt 0.755302 0.342242
vt 0.713436 0.342242
vt 0.094654 1.000000
vt 0.045703 0.828041
vt 0.048295 0.815424
vt 0.094654 0.978277
vt 0.054553 0.784745
vt 0.094654 0.925616
vt 0.134756 0.784745
vt 0.141013 0.815424
vt 0.143605 0.828041
vt 0.000000 0.023251
vt 0.420621 0.023293
vt 0.420621 0.812269
vt 0.418344 0.825138
vt 0.418344 0.032941
vt 0.189309 0.023251
vt 0.422506 0.812269
vt 0.422506 0.023293
vt 0.424782 0.032941
vt 0.424782 0.825138
vt 0.378747 0.825138
vt 0.378747 0.032941
vt 0.418344 0.994184
vt 0.378747 0.994184
vt 0.464380 0.825138
vt 0.464380 0.994184
vt 0.424782 0.994184
vt 0.464380 0.032941
vt 0.378747 0.000000
vt 0.421563 0.000000
vt 0.421563 0.000000
vt 0.464380 0.000000
s 1
usemtl Material.021
f 5203/9640/2180 5204/9641/2180 5205/9642/2180 5206/9643/2180 5207/9644/2180 5208/9645/2180 5209/9646/2180 5210/9647/2180 5211/9648/2180 5212/9649/2180 5213/9650/2180 5214/9651/2180 5215/9652/2180 5216/9653/2180 5217/9654/2180 5218/9655/2180 5219/9656/2180 5220/9657/2180 5221/9658/2180 5222/9659/2180 5223/9660/2180 5224/9661/2180 5225/9662/2180 5226/9663/2180 5227/9664/2180 5228/9665/2180 5229/9666/2180 5230/9667/2180 5231/9668/2180 5232/9669/2180 5233/9670/2180 5234/9671/2180
f 5239/9672/2181 5236/9673/2181 5237/9674/2181 5240/9675/2181
f 5240/9676/2182 5237/9677/2182 5235/9678/2182 5238/9679/2182
f 5242/9680/2183 5239/9672/2183 5240/9675/2183 5243/9681/2183
f 5243/9682/2184 5240/9676/2184 5238/9679/2184 5241/9683/2184
f 5245/9684/2185 5242/9680/2185 5243/9681/2185 5246/9685/2185
f 5246/9686/2186 5243/9682/2186 5241/9683/2186 5244/9687/2186
f 5248/9688/2187 5245/9684/2187 5246/9685/2187 5249/9689/2187
f 5249/9690/2188 5246/9686/2188 5244/9687/2188 5247/9691/2188
f 5251/9692/2189 5248/9693/2189 5249/9694/2189 5252/9695/2189
f 5252/9696/2190 5249/9690/2190 5247/9691/2190 5250/9697/2190
f 5254/9698/2191 5251/9692/2191 5252/9695/2191 5255/9699/2191
f 5255/9700/2192 5252/9696/2192 5250/9697/2192 5253/9701/2192
f 5257/9702/2193 5254/9698/2193 5255/9699/2193 5258/9703/2193
f 5258/9704/2194 5255/9700/2194 5253/9701/2194 5256/9705/2194
f 5260/9706/2195 5257/9702/2195 5258/9703/2195 5261/9707/2195
f 5261/9708/2196 5258/9704/2196 5256/9705/2196 5259/9709/2196
f 5263/9710/2197 5260/9706/2197 5261/9707/2197 5264/9711/2197
f 5264/9712/2198 5261/9708/2198 5259/9709/2198 5262/9713/2198
f 5266/9714/2199 5263/9710/2199 5264/9711/2199 5267/9715/2199
f 5267/9716/2200 5264/9712/2200 5262/9713/2200 5265/9717/2200
f 5269/9718/2201 5266/9714/2201 5267/9715/2201 5270/9719/2201
f 5270/9720/2202 5267/9716/2202 5265/9717/2202 5268/9721/2202
f 5272/9722/2203 5269/9718/2203 5270/9719/2203 5273/9723/2203
f 5273/9724/2204 5270/9720/2204 5268/9721/2204 5271/9725/2204
f 5275/9726/2205 5272/9727/2205 5273/9728/2205 5276/9729/2205
f 5276/9730/2206 5273/9724/2206 5271/9725/2206 5274/9731/2206
f 5278/9732/2207 5275/9726/2207 5276/9729/2207 5279/9733/2207
f 5279/9734/2208 5276/9730/2208 5274/9731/2208 5277/9735/2208
f 5281/9736/2209 5278/9732/2209 5279/9733/2209 5282/9737/2209
f 5282/9738/2210 5279/9734/2210 5277/9735/2210 5280/9739/2210
f 5284/9740/2211 5281/9736/2211 5282/9737/2211 5285/9741/2211
f 5285/9742/2212 5282/9738/2212 5280/9739/2212 5283/9743/2212
f 5287/9744/2213 5284/9740/2213 5285/9741/2213 5288/9745/2213
f 5288/9746/2214 5285/9742/2214 5283/9743/2214 5286/9747/2214
f 5290/9748/2215 5287/9744/2215 5288/9745/2215 5291/9749/2215
f 5291/9750/2216 5288/9746/2216 5286/9747/2216 5289/9751/2216
f 5293/9752/2217 5290/9748/2217 5291/9749/2217 5294/9753/2217
f 5294/9754/2218 5291/9750/2218 5289/9751/2218 5292/9755/2218
f 5296/9756/2219 5293/9752/2219 5294/9753/2219 5297/9757/2219
f 5297/9758/2220 5294/9754/2220 5292/9755/2220 5295/9759/2220
f 5299/9760/2221 5296/9761/2221 5297/9762/2221 5300/9763/2221
f 5300/9764/2222 5297/9758/2222 5295/9759/2222 5298/9765/2222
f 5302/9766/2223 5299/9760/2223 5300/9763/2223 5303/9767/2223
f 5303/9768/2224 5300/9764/2224 5298/9765/2224 5301/9769/2224
f 5305/9770/2225 5302/9766/2225 5303/9767/2225 5306/9771/2225
f 5306/9772/2226 5303/9768/2226 5301/9769/2226 5304/9773/2226
f 5308/9774/2227 5305/9770/2227 5306/9771/2227 5309/9775/2227
f 5309/9776/2228 5306/9772/2228 5304/9773/2228 5307/9777/2228
f 5311/9778/2229 5308/9774/2229 5309/9775/2229 5312/9779/2229
f 5312/9780/2230 5309/9776/2230 5307/9777/2230 5310/9781/2230
f 5314/9782/2231 5311/9778/2231 5312/9779/2231 5315/9783/2231
f 5315/9784/2232 5312/9780/2232 5310/9781/2232 5313/9785/2232
f 5317/9786/2233 5314/9782/2233 5315/9783/2233 5318/9787/2233
f 5318/9788/2234 5315/9784/2234 5313/9785/2234 5316/9789/2234
f 5320/9790/2235 5317/9786/2235 5318/9787/2235 5321/9791/2235
f 5321/9792/2236 5318/9788/2236 5316/9789/2236 5319/9793/2236
f 5323/9794/2237 5320/9795/2237 5321/9796/2237 5324/9797/2237
f 5324/9798/2238 5321/9792/2238 5319/9793/2238 5322/9799/2238
f 5326/9800/2239 5323/9794/2239 5324/9797/2239 5327/9801/2239
f 5327/9802/2240 5324/9798/2240 5322/9799/2240 5325/9803/2240
f 5329/9804/2241 5326/9800/2241 5327/9801/2241 5330/9805/2241
f 5330/9806/2242 5327/9802/2242 5325/9803/2242 5328/9807/2242
f 5236/9673/2243 5329/9804/2243 5330/9805/2243 5237/9674/2243
f 5237/9677/2244 5330/9806/2244 5328/9807/2244 5235/9678/2244
f 5238/9679/2245 5235/9678/2245 5328/9807/2245 5325/9803/2245 5322/9799/2245 5319/9793/2245 5316/9789/2245 5313/9785/2245 5310/9781/2245 5307/9777/2245 5304/9773/2245 5301/9769/2245 5298/9765/2245 5295/9759/2245 5292/9755/2245 5289/9751/2245 5286/9747/2245 5283/9743/2245 5280/9739/2245 5277/9735/2245 5274/9731/2245 5271/9725/2245 5268/9721/2245 5265/9717/2245 5262/9713/2245 5259/9709/2245 5256/9705/2245 5253/9701/2245 5250/9697/2245 5247/9691/2245 5244/9687/2245 5241/9683/2245
f 5203/9808/2246 5236/9673/2246 5239/9672/2246 5204/9809/2246
f 5234/9810/2247 5329/9804/2247 5236/9673/2247 5203/9808/2247
f 5204/9809/2248 5239/9672/2248 5242/9680/2248 5205/9811/2248
f 5205/9811/2249 5242/9680/2249 5245/9684/2249 5206/9812/2249
f 5206/9812/2250 5245/9684/2250 5248/9688/2250 5207/9813/2250
f 5207/9814/2251 5248/9693/2251 5251/9692/2251 5208/9815/2251
f 5208/9815/2252 5251/9692/2252 5254/9698/2252 5209/9816/2252
f 5209/9816/2253 5254/9698/2253 5257/9702/2253 5210/9817/2253
f 5210/9817/2254 5257/9702/2254 5260/9706/2254 5211/9818/2254
f 5211/9818/2255 5260/9706/2255 5263/9710/2255 5212/9819/2255
f 5212/9819/2256 5263/9710/2256 5266/9714/2256 5213/9820/2256
f 5213/9820/2257 5266/9714/2257 5269/9718/2257 5214/9821/2257
f 5214/9821/2258 5269/9718/2258 5272/9722/2258 5215/9822/2258
f 5215/9823/2259 5272/9727/2259 5275/9726/2259 5216/9824/2259
f 5216/9824/2260 5275/9726/2260 5278/9732/2260 5217/9825/2260
f 5217/9825/2261 5278/9732/2261 5281/9736/2261 5218/9826/2261
f 5218/9826/2262 5281/9736/2262 5284/9740/2262 5219/9827/2262
f 5219/9827/2263 5284/9740/2263 5287/9744/2263 5220/9828/2263
f 5220/9828/2264 5287/9744/2264 5290/9748/2264 5221/9829/2264
f 5221/9829/2265 5290/9748/2265 5293/9752/2265 5222/9830/2265
f 5222/9830/2266 5293/9752/2266 5296/9756/2266 5223/9831/2266
f 5223/9832/2267 5296/9761/2267 5299/9760/2267 5224/9833/2267
f 5224/9833/2268 5299/9760/2268 5302/9766/2268 5225/9834/2268
f 5225/9834/2269 5302/9766/2269 5305/9770/2269 5226/9835/2269
f 5226/9835/2270 5305/9770/2270 5308/9774/2270 5227/9836/2270
f 5227/9836/2271 5308/9774/2271 5311/9778/2271 5228/9837/2271
f 5228/9837/2272 5311/9778/2272 5314/9782/2272 5229/9838/2272
f 5229/9838/2273 5314/9782/2273 5317/9786/2273 5230/9839/2273
f 5230/9839/2274 5317/9786/2274 5320/9790/2274 5231/9840/2274
f 5231/9841/2275 5320/9795/2275 5323/9794/2275 5232/9842/2275
f 5232/9842/2276 5323/9794/2276 5326/9800/2276 5233/9843/2276
f 5233/9843/2277 5326/9800/2277 5329/9804/2277 5234/9810/2277
f 5331/9844/2246 5332/9845/2246 5334/9846/2246 5333/9847/2246
f 5333/9847/2248 5334/9846/2248 5336/9848/2248 5335/9849/2248
f 5335/9849/2249 5336/9848/2249 5338/9850/2249 5337/9851/2249
f 5337/9851/2250 5338/9850/2250 5340/9852/2250 5339/9853/2250
f 5339/9854/2251 5340/9855/2251 5342/9856/2251 5341/9857/2251
f 5341/9857/2252 5342/9856/2252 5344/9858/2252 5343/9859/2252
f 5343/9859/2253 5344/9858/2253 5346/9860/2253 5345/9861/2253
f 5345/9861/2254 5346/9860/2254 5348/9862/2254 5347/9863/2254
f 5347/9863/2255 5348/9862/2255 5350/9864/2255 5349/9865/2255
f 5349/9865/2256 5350/9864/2256 5352/9866/2256 5351/9867/2256
f 5351/9867/2257 5352/9866/2257 5354/9868/2257 5353/9869/2257
f 5353/9869/2258 5354/9868/2258 5356/9870/2258 5355/9871/2258
f 5355/9872/2259 5356/9873/2259 5358/9874/2259 5357/9875/2259
f 5357/9875/2260 5358/9874/2260 5360/9876/2260 5359/9877/2260
f 5359/9877/2261 5360/9876/2261 5362/9878/2261 5361/9879/2261
f 5361/9879/2262 5362/9878/2262 5364/9880/2262 5363/9881/2262
f 5363/9881/2263 5364/9880/2263 5366/9882/2263 5365/9883/2263
f 5365/9883/2264 5366/9882/2264 5368/9884/2264 5367/9885/2264
f 5367/9885/2265 5368/9884/2265 5370/9886/2265 5369/9887/2265
f 5369/9887/2266 5370/9886/2266 5372/9888/2266 5371/9889/2266
f 5371/9890/2267 5372/9891/2267 5374/9892/2267 5373/9893/2267
f 5373/9893/2268 5374/9892/2268 5376/9894/2268 5375/9895/2268
f 5375/9895/2269 5376/9894/2269 5378/9896/2269 5377/9897/2269
f 5377/9897/2270 5378/9896/2270 5380/9898/2270 5379/9899/2270
f 5379/9899/2271 5380/9898/2271 5382/9900/2271 5381/9901/2271
f 5381/9901/2272 5382/9900/2272 5384/9902/2272 5383/9903/2272
f 5383/9903/2273 5384/9902/2273 5386/9904/2273 5385/9905/2273
f 5385/9905/2274 5386/9904/2274 5388/9906/2274 5387/9907/2274
f 5387/9908/2275 5388/9909/2275 5390/9910/2275 5389/9911/2275
f 5389/9911/2276 5390/9910/2276 5392/9912/2276 5391/9913/2276
f 5334/9914/2245 5332/9915/2245 5394/9916/2245 5392/9917/2245 5390/9918/2245 5388/9919/2245 5386/9920/2245 5384/9921/2245 5382/9922/2245 5380/9923/2245 5378/9924/2245 5376/9925/2245 5374/9926/2245 5372/9927/2245 5370/9928/2245 5368/9929/2245 5366/9930/2245 5364/9931/2245 5362/9932/2245 5360/9933/2245 5358/9934/2245 5356/9935/2245 5354/9936/2245 5352/9937/2245 5350/9938/2245 5348/9939/2245 5346/9940/2245 5344/9941/2245 5342/9942/2245 5340/9943/2245 5338/9944/2245 5336/9945/2245
f 5391/9913/2277 5392/9912/2277 5394/9946/2277 5393/9947/2277
f 5393/9947/2247 5394/9946/2247 5332/9845/2247 5331/9844/2247
f 5331/9948/2180 5333/9949/2180 5335/9950/2180 5337/9951/2180 5339/9952/2180 5341/9953/2180 5343/9954/2180 5345/9955/2180 5347/9956/2180 5349/9957/2180 5351/9958/2180 5353/9959/2180 5355/9960/2180 5357/9961/2180 5359/9962/2180 5361/9963/2180 5363/9964/2180 5365/9965/2180 5367/9966/2180 5369/9967/2180 5371/9968/2180 5373/9969/2180 5375/9970/2180 5377/9971/2180 5379/9972/2180 5381/9973/2180 5383/9974/2180 5385/9975/2180 5387/9976/2180 5389/9977/2180 5391/9978/2180 5393/9979/2180
f 5395/9980/2246 5396/9981/2246 5398/9982/2246 5397/9983/2246
f 5397/9983/2278 5398/9982/2278 5400/9984/2278 5399/9985/2278
f 5399/9985/2249 5400/9984/2249 5402/9986/2249 5401/9987/2249
f 5401/9987/2250 5402/9986/2250 5404/9988/2250 5403/9989/2250
f 5403/9990/2251 5404/9991/2251 5406/9992/2251 5405/9993/2251
f 5405/9993/2252 5406/9992/2252 5408/9994/2252 5407/9995/2252
f 5407/9995/2253 5408/9994/2253 5410/9996/2253 5409/9997/2253
f 5409/9997/2254 5410/9996/2254 5412/9998/2254 5411/9999/2254
f 5411/9999/2255 5412/9998/2255 5414/10000/2255 5413/10001/2255
f 5413/10001/2256 5414/10000/2256 5416/10002/2256 5415/10003/2256
f 5415/10003/2257 5416/10002/2257 5418/10004/2257 5417/10005/2257
f 5417/10005/2258 5418/10004/2258 5420/10006/2258 5419/10007/2258
f 5419/10008/2259 5420/10009/2259 5422/10010/2259 5421/10011/2259
f 5421/10011/2260 5422/10010/2260 5424/10012/2260 5423/10013/2260
f 5423/10013/2261 5424/10012/2261 5426/10014/2261 5425/10015/2261
f 5425/10015/2262 5426/10014/2262 5428/10016/2262 5427/10017/2262
f 5427/10017/2263 5428/10016/2263 5430/10018/2263 5429/10019/2263
f 5429/10019/2264 5430/10018/2264 5432/10020/2264 5431/10021/2264
f 5431/10021/2265 5432/10020/2265 5434/10022/2265 5433/10023/2265
f 5433/10023/2266 5434/10022/2266 5436/10024/2266 5435/10025/2266
f 5435/10007/2267 5436/10006/2267 5438/10026/2267 5437/10027/2267
f 5437/10027/2268 5438/10026/2268 5440/10028/2268 5439/10029/2268
f 5439/10029/2269 5440/10028/2269 5442/10030/2269 5441/10031/2269
f 5441/10031/2270 5442/10030/2270 5444/10032/2270 5443/10033/2270
f 5443/10033/2271 5444/10032/2271 5446/10034/2271 5445/10035/2271
f 5445/10035/2272 5446/10034/2272 5448/10036/2272 5447/10037/2272
f 5447/10037/2273 5448/10036/2273 5450/10038/2273 5449/10039/2273
f 5449/10039/2274 5450/10038/2274 5452/10040/2274 5451/10041/2274
f 5451/10042/2275 5452/10043/2275 5454/10044/2275 5453/10045/2275
f 5453/10045/2276 5454/10044/2276 5456/10046/2276 5455/10047/2276
f 5398/10048/2245 5396/10049/2245 5458/10050/2245 5456/10051/2245 5454/10052/2245 5452/10053/2245 5450/10054/2245 5448/10055/2245 5446/10056/2245 5444/10057/2245 5442/10058/2245 5440/10059/2245 5438/10060/2245 5436/10061/2245 5434/10062/2245 5432/10063/2245 5430/10064/2245 5428/10065/2245 5426/10066/2245 5424/10067/2245 5422/10068/2245 5420/10069/2245 5418/10070/2245 5416/10071/2245 5414/10072/2245 5412/10073/2245 5410/10074/2245 5408/10075/2245 5406/10076/2245 5404/10077/2245 5402/10078/2245 5400/10079/2245
f 5455/10047/2277 5456/10046/2277 5458/10080/2277 5457/10081/2277
f 5457/10081/2247 5458/10080/2247 5396/9981/2247 5395/9980/2247
f 5395/10082/2180 5397/10083/2180 5399/10084/2180 5401/10085/2180 5403/10086/2180 5405/10087/2180 5407/10088/2180 5409/10089/2180 5411/10090/2180 5413/10091/2180 5415/10092/2180 5417/10093/2180 5419/10094/2180 5421/10095/2180 5423/10096/2180 5425/10097/2180 5427/10098/2180 5429/10099/2180 5431/10100/2180 5433/10101/2180 5435/10102/2180 5437/10103/2180 5439/10104/2180 5441/10105/2180 5443/10106/2180 5445/10107/2180 5447/10108/2180 5449/10109/2180 5451/10110/2180 5453/10111/2180 5455/10112/2180 5457/10113/2180
f 5459/10114/2279 5460/10115/2279 5462/10116/2279 5461/10117/2279
f 5461/10118/2280 5462/10119/2280 5466/10120/2280 5465/10121/2280
f 5465/10122/2281 5466/10123/2281 5464/10124/2281 5463/10125/2281
f 5463/10126/2282 5464/10127/2282 5460/10128/2282 5459/10129/2282
f 5461/10130/2180 5465/10131/2180 5463/10132/2180 5459/10133/2180
f 5466/10134/2245 5462/10135/2245 5460/10131/2245 5464/10136/2245
f 5480/10137/2283 5483/10138/2283 5484/10139/2283 5481/10140/2283
f 5481/10140/2284 5484/10139/2284 5482/10141/2284 5479/10142/2284
f 5477/10143/2285 5486/10144/2285 5487/10145/2285 5478/10146/2285
f 5478/10146/2286 5487/10145/2286 5485/10147/2286 5476/10148/2286
f 5488/10149/2287 5480/10137/2287 5481/10140/2287 5490/10150/2287
f 5490/10150/2288 5481/10140/2288 5479/10142/2288 5489/10151/2288
f 5491/10152/2289 5477/10143/2289 5478/10146/2289 5493/10153/2289
f 5493/10153/2290 5478/10146/2290 5476/10148/2290 5492/10154/2290
f 5476/10155/2291 5480/10156/2291 5488/10157/2291 5492/10158/2291
f 5476/10159/2292 5485/10160/2292 5483/10161/2292 5480/10162/2292
f 5468/10163/2282 5469/10164/2282 5473/10165/2282 5474/10151/2282 5489/10151/2282 5479/10142/2282
f 5468/10163/2282 5479/10142/2282 5482/10141/2282 5471/10141/2282 5470/10166/2282 5467/10167/2282
f 5482/10168/2293 5484/10169/2293 5483/10161/2293 5485/10160/2293 5487/10170/2293 5486/10171/2293 5472/10171/2293 5471/10168/2293
f 5474/10172/2294 5475/10173/2294 5491/10173/2294 5493/10174/2294 5492/10158/2294 5488/10157/2294 5490/10175/2294 5489/10172/2294
f 5498/10176/2295 5495/10177/2295 5496/10178/2295 5499/10179/2295
f 5499/10179/2296 5496/10178/2296 5494/10180/2296 5497/10181/2296
f 5497/10181/2297 5500/10182/2297 5502/10183/2297 5499/10179/2297
f 5499/10179/2298 5502/10183/2298 5501/10184/2298 5498/10176/2298
f 5503/10144/2299 5494/10180/2299 5496/10178/2299 5505/10185/2299
f 5505/10186/2300 5496/10187/2300 5495/10188/2300 5504/10189/2300
f 5500/10182/2301 5507/10152/2301 5508/10190/2301 5502/10183/2301
f 5502/10191/2302 5508/10192/2302 5506/10193/2302 5501/10194/2302
f 5467/10195/2303 5470/10196/2303 5504/10189/2303 5495/10188/2303
f 5495/10188/2304 5498/10197/2304 5468/10198/2304 5467/10195/2304
f 5494/10180/2280 5503/10144/2280 5472/10144/2280 5486/10144/2280 5477/10143/2280 5497/10181/2280
f 5501/10194/2305 5469/10199/2305 5468/10200/2305 5498/10201/2305
f 5500/10182/2280 5497/10181/2280 5477/10143/2280 5491/10152/2280 5475/10152/2280 5507/10152/2280
f 5469/10199/2306 5501/10194/2306 5506/10193/2306 5473/10202/2306
f 5471/10203/2307 5472/10204/2307 5503/10204/2307 5505/10186/2307 5504/10189/2307 5470/10196/2307
f 5473/10202/2308 5506/10193/2308 5508/10192/2308 5507/10205/2308 5475/10205/2308 5474/10206/2308
o mdlSilla.018
v 4.629109 1.486190 6.075658
v 4.639769 1.486190 5.958522
v 4.673076 1.486190 5.845716
v 4.727750 1.486190 5.741575
v 4.801691 1.486190 5.650102
v 4.892056 1.486190 5.574811
v 4.995374 1.486190 5.518596
v 5.107673 1.486190 5.483618
v 5.224638 1.486190 5.471220
v 5.341775 1.486190 5.481880
v 5.454581 1.486190 5.515187
v 5.558722 1.486190 5.569861
v 5.650195 1.486190 5.643802
v 5.725486 1.486190 5.734168
v 5.781701 1.486190 5.837485
v 5.816679 1.486190 5.949784
v 5.829076 1.486190 6.066750
v 5.818417 1.486190 6.183887
v 5.785110 1.486190 6.296693
v 5.730435 1.486190 6.400834
v 5.656495 1.486190 6.492307
v 5.566129 1.486190 6.567597
v 5.462811 1.486190 6.623812
v 5.350513 1.486190 6.658790
v 5.233547 1.486190 6.671188
v 5.116410 1.486190 6.660528
v 5.003604 1.486190 6.627221
v 4.899463 1.486190 6.572547
v 4.807990 1.486190 6.498606
v 4.732699 1.486190 6.408241
v 4.676485 1.486190 6.304923
v 4.641507 1.486190 6.192624
v 4.765979 1.726190 6.074642
v 4.629109 1.698947 6.075658
v 4.669197 1.718211 6.075361
v 4.774206 1.726190 5.984227
v 4.639769 1.698947 5.958522
v 4.679144 1.718211 5.966051
v 4.799915 1.726190 5.897155
v 4.673076 1.698947 5.845716
v 4.710226 1.718211 5.860782
v 4.842117 1.726190 5.816771
v 4.727750 1.698947 5.741575
v 4.761247 1.718211 5.763599
v 4.899190 1.726190 5.746164
v 4.801691 1.698947 5.650102
v 4.830247 1.718211 5.678237
v 4.968941 1.726190 5.688049
v 4.892056 1.698947 5.574811
v 4.914575 1.718211 5.607977
v 5.048690 1.726190 5.644658
v 4.995374 1.698947 5.518596
v 5.010990 1.718211 5.555519
v 5.135371 1.726190 5.617660
v 5.107673 1.698947 5.483618
v 5.115786 1.718211 5.522878
v 5.225655 1.726190 5.608090
v 5.224638 1.698947 5.471220
v 5.224936 1.718211 5.511309
v 5.316070 1.726190 5.616318
v 5.341775 1.698947 5.481880
v 5.334246 1.718211 5.521256
v 5.403142 1.726190 5.642027
v 5.454581 1.698947 5.515187
v 5.439515 1.718211 5.552338
v 5.483526 1.726190 5.684229
v 5.558722 1.698947 5.569861
v 5.536698 1.718211 5.603359
v 5.554132 1.726190 5.741302
v 5.650195 1.698947 5.643802
v 5.622059 1.718211 5.672359
v 5.612247 1.726190 5.811053
v 5.725486 1.698947 5.734168
v 5.692319 1.718211 5.756687
v 5.655639 1.726190 5.890802
v 5.781701 1.698947 5.837485
v 5.744778 1.718211 5.853101
v 5.682637 1.726190 5.977483
v 5.816679 1.698947 5.949784
v 5.777419 1.718211 5.957897
v 5.692206 1.726190 6.067766
v 5.829076 1.698947 6.066750
v 5.788988 1.718211 6.067048
v 5.683979 1.726190 6.158181
v 5.818417 1.698947 6.183887
v 5.779041 1.718211 6.176358
v 5.658270 1.726190 6.245254
v 5.785110 1.698947 6.296693
v 5.747959 1.718211 6.281627
v 5.616068 1.726190 6.325638
v 5.730435 1.698947 6.400834
v 5.696938 1.718211 6.378809
v 5.558995 1.726190 6.396244
v 5.656495 1.698947 6.492307
v 5.627937 1.718211 6.464171
v 5.489244 1.726190 6.454359
v 5.566129 1.698947 6.567597
v 5.543610 1.718211 6.534431
v 5.409495 1.726190 6.497750
v 5.462811 1.698947 6.623812
v 5.447196 1.718211 6.586889
v 5.322814 1.726190 6.524749
v 5.350512 1.698947 6.658790
v 5.342400 1.718211 6.619531
v 5.232531 1.726190 6.534318
v 5.233547 1.698947 6.671188
v 5.233249 1.718211 6.631100
v 5.142116 1.726190 6.526091
v 5.116410 1.698947 6.660528
v 5.123939 1.718211 6.621152
v 5.055043 1.726190 6.500381
v 5.003604 1.698947 6.627221
v 5.018670 1.718211 6.590071
v 4.974659 1.726190 6.458179
v 4.899463 1.698947 6.572547
v 4.921487 1.718211 6.539050
v 4.904053 1.726190 6.401106
v 4.807990 1.698947 6.498606
v 4.836126 1.718211 6.470049
v 4.845938 1.726190 6.331356
v 4.732699 1.698947 6.408241
v 4.765866 1.718211 6.385722
v 4.802547 1.726190 6.251606
v 4.676485 1.698947 6.304923
v 4.713408 1.718211 6.289307
v 4.775548 1.726190 6.164925
v 4.641507 1.698947 6.192624
v 4.680766 1.718211 6.184511
v 4.762439 0.317975 6.074668
v 4.762439 0.477975 6.074668
v 4.770730 0.317975 5.983562
v 4.770730 0.477975 5.983562
v 4.796635 0.317975 5.895824
v 4.796635 0.477975 5.895824
v 4.839159 0.317975 5.814826
v 4.839159 0.477975 5.814826
v 4.896669 0.317975 5.743680
v 4.896669 0.477975 5.743680
v 4.966953 0.317975 5.685121
v 4.966953 0.477975 5.685121
v 5.047311 0.317975 5.641398
v 5.047311 0.477975 5.641398
v 5.134655 0.317975 5.614193
v 5.134655 0.477975 5.614193
v 5.225628 0.317975 5.604550
v 5.225628 0.477975 5.604550
v 5.316735 0.317975 5.612841
v 5.316735 0.477975 5.612841
v 5.404473 0.317975 5.638746
v 5.404473 0.477975 5.638746
v 5.485471 0.317975 5.681271
v 5.485471 0.477975 5.681271
v 5.556617 0.317975 5.738780
v 5.556617 0.477975 5.738780
v 5.615177 0.317975 5.809065
v 5.615177 0.477975 5.809065
v 5.658899 0.317975 5.889423
v 5.658899 0.477975 5.889423
v 5.686104 0.317975 5.976767
v 5.686104 0.477975 5.976767
v 5.695746 0.317975 6.067740
v 5.695746 0.477975 6.067740
v 5.687456 0.317975 6.158846
v 5.687456 0.477975 6.158846
v 5.661551 0.317975 6.246584
v 5.661551 0.477975 6.246584
v 5.619026 0.317975 6.327582
v 5.619026 0.477975 6.327582
v 5.561517 0.317975 6.398728
v 5.561517 0.477975 6.398728
v 5.491232 0.317975 6.457288
v 5.491232 0.477975 6.457288
v 5.410874 0.317975 6.501010
v 5.410874 0.477975 6.501010
v 5.323530 0.317975 6.528215
v 5.323530 0.477975 6.528215
v 5.232557 0.317975 6.537858
v 5.232557 0.477975 6.537858
v 5.141451 0.317975 6.529567
v 5.141451 0.477975 6.529567
v 5.053713 0.317975 6.503662
v 5.053713 0.477975 6.503662
v 4.972714 0.317975 6.461137
v 4.972714 0.477975 6.461137
v 4.901568 0.317975 6.403628
v 4.901568 0.477975 6.403628
v 4.843009 0.317975 6.333344
v 4.843009 0.477975 6.333344
v 4.799287 0.317975 6.252985
v 4.799287 0.477975 6.252985
v 4.772081 0.317975 6.165642
v 4.772081 0.477975 6.165642
v 5.162428 0.453975 6.071699
v 5.162428 1.541975 6.071699
v 5.163612 0.453975 6.058684
v 5.163612 1.541975 6.058684
v 5.167313 0.453975 6.046150
v 5.167313 1.541975 6.046150
v 5.173388 0.453975 6.034579
v 5.173388 1.541975 6.034579
v 5.181603 0.453975 6.024415
v 5.181603 1.541975 6.024415
v 5.191644 0.453975 6.016049
v 5.191644 1.541975 6.016049
v 5.203124 0.453975 6.009803
v 5.203124 1.541975 6.009803
v 5.215602 0.453975 6.005917
v 5.215601 1.541975 6.005917
v 5.228598 0.453975 6.004539
v 5.228598 1.541975 6.004539
v 5.241613 0.453975 6.005724
v 5.241613 1.541975 6.005724
v 5.254147 0.453975 6.009425
v 5.254147 1.541975 6.009425
v 5.265718 0.453975 6.015500
v 5.265718 1.541975 6.015500
v 5.275882 0.453975 6.023715
v 5.275882 1.541975 6.023715
v 5.284248 0.453975 6.033756
v 5.284247 1.541975 6.033756
v 5.290493 0.453975 6.045236
v 5.290493 1.541975 6.045236
v 5.294380 0.453975 6.057713
v 5.294380 1.541975 6.057713
v 5.295758 0.453975 6.070709
v 5.295757 1.541975 6.070709
v 5.294573 0.453975 6.083724
v 5.294573 1.541975 6.083724
v 5.290873 0.453975 6.096259
v 5.290872 1.541975 6.096259
v 5.284798 0.453975 6.107830
v 5.284797 1.541975 6.107830
v 5.276582 0.453975 6.117993
v 5.276582 1.541975 6.117993
v 5.266541 0.453975 6.126359
v 5.266541 1.541975 6.126359
v 5.255062 0.453975 6.132605
v 5.255062 1.541975 6.132605
v 5.242584 0.453975 6.136491
v 5.242584 1.541975 6.136491
v 5.229588 0.453975 6.137869
v 5.229588 1.541975 6.137869
v 5.216573 0.453975 6.136684
v 5.216572 1.541975 6.136684
v 5.204039 0.453975 6.132984
v 5.204038 1.541975 6.132984
v 5.192467 0.453975 6.126909
v 5.192467 1.541975 6.126909
v 5.182303 0.453975 6.118693
v 5.182303 1.541975 6.118693
v 5.173938 0.453975 6.108653
v 5.173938 1.541975 6.108653
v 5.167692 0.453975 6.097173
v 5.167692 1.541975 6.097173
v 5.163805 0.453975 6.084695
v 5.163805 1.541975 6.084695
v 5.682958 1.614190 6.141170
v 5.682958 2.254190 6.141170
v 5.616293 1.614190 6.141665
v 5.616293 2.254190 6.141665
v 5.681869 1.614190 5.994507
v 5.681869 2.254190 5.994507
v 5.615204 1.614190 5.995002
v 5.615204 2.254190 5.995002
v 5.811614 2.269675 6.401076
v 5.809134 2.034614 6.066898
v 5.806652 2.269675 5.732720
v 5.813933 3.356750 6.713525
v 5.813922 3.401785 6.712014
v 5.521624 3.401785 6.714184
v 5.804333 3.356750 5.420270
v 5.804344 3.401785 5.421782
v 5.512045 3.401785 5.423952
v 5.527909 2.958344 6.068986
v 5.516834 2.906741 6.069068
v 5.520078 2.943230 6.069044
v 5.809133 2.906741 6.066898
v 5.798059 2.958345 6.066980
v 5.805890 2.943231 6.066922
v 5.813922 3.401785 6.712014
v 5.802573 3.394330 6.675055
v 5.810484 3.396513 6.685846
v 5.532423 3.394330 6.677060
v 5.521624 3.401785 6.714184
v 5.524673 3.396513 6.687968
v 5.793544 3.394330 5.458906
v 5.804344 3.401785 5.421782
v 5.801294 3.396513 5.447999
v 5.512045 3.401785 5.423952
v 5.523394 3.394330 5.460911
v 5.515483 3.396513 5.450120
v 5.518867 2.329070 6.342832
v 5.541290 2.269675 6.403083
v 5.525620 2.287071 6.385503
v 5.516834 2.136505 6.069068
v 5.538809 2.034614 6.068905
v 5.523271 2.064457 6.069020
v 5.514802 2.329070 5.795304
v 5.536328 2.269675 5.734727
v 5.520921 2.287071 5.752537
v 5.521624 3.401785 6.714184
v 5.543610 3.356750 6.715532
v 5.528068 3.369940 6.715205
v 5.534009 3.356750 5.422277
v 5.512045 3.401785 5.423952
v 5.518473 3.369940 5.422835
vn -0.0000 -1.0000 -0.0000
vn -0.4330 0.9005 -0.0394
vn -0.0822 0.9966 -0.0075
vn -0.4170 0.9005 -0.1231
vn -0.0792 0.9966 -0.0234
vn -0.3850 0.9005 -0.2021
vn -0.0731 0.9966 -0.0384
vn -0.3382 0.9005 -0.2733
vn -0.0642 0.9966 -0.0519
vn -0.2783 0.9005 -0.3341
vn -0.0528 0.9966 -0.0634
vn -0.2078 0.9005 -0.3819
vn -0.0395 0.9966 -0.0725
vn -0.1293 0.9005 -0.4151
vn -0.0246 0.9966 -0.0788
vn -0.0458 0.9005 -0.4324
vn -0.0087 0.9966 -0.0821
vn 0.0394 0.9005 -0.4330
vn 0.0075 0.9966 -0.0822
vn 0.1231 0.9005 -0.4170
vn 0.0234 0.9966 -0.0792
vn 0.2021 0.9005 -0.3850
vn 0.0384 0.9966 -0.0731
vn 0.2733 0.9005 -0.3382
vn 0.0519 0.9966 -0.0642
vn 0.3341 0.9005 -0.2783
vn 0.0634 0.9966 -0.0528
vn 0.3819 0.9005 -0.2078
vn 0.0725 0.9966 -0.0395
vn 0.4151 0.9005 -0.1293
vn 0.0788 0.9966 -0.0246
vn 0.4324 0.9005 -0.0458
vn 0.0821 0.9966 -0.0087
vn 0.4330 0.9005 0.0394
vn 0.0822 0.9966 0.0075
vn 0.4170 0.9005 0.1231
vn 0.0792 0.9966 0.0234
vn 0.3850 0.9005 0.2021
vn 0.0731 0.9966 0.0384
vn 0.3382 0.9005 0.2733
vn 0.0642 0.9966 0.0519
vn 0.2783 0.9005 0.3341
vn 0.0528 0.9966 0.0634
vn 0.2078 0.9005 0.3819
vn 0.0395 0.9966 0.0725
vn 0.1293 0.9005 0.4151
vn 0.0246 0.9966 0.0788
vn 0.0458 0.9005 0.4324
vn 0.0087 0.9966 0.0821
vn -0.0394 0.9005 0.4330
vn -0.0075 0.9966 0.0822
vn -0.1231 0.9005 0.4170
vn -0.0234 0.9966 0.0792
vn -0.2021 0.9005 0.3850
vn -0.0384 0.9966 0.0731
vn -0.2733 0.9005 0.3382
vn -0.0519 0.9966 0.0642
vn -0.3341 0.9005 0.2783
vn -0.0634 0.9966 0.0528
vn -0.3819 0.9005 0.2078
vn -0.0725 0.9966 0.0395
vn -0.4151 0.9005 0.1293
vn -0.0788 0.9966 0.0246
vn -0.4324 0.9005 0.0458
vn -0.0821 0.9966 0.0087
vn -0.0000 1.0000 -0.0000
vn -0.9959 -0.0000 -0.0906
vn -0.9944 -0.0000 0.1054
vn -0.9591 -0.0000 -0.2832
vn -0.8854 -0.0000 -0.4648
vn -0.7777 -0.0000 -0.6286
vn -0.6401 -0.0000 -0.7683
vn -0.4779 -0.0000 -0.8784
vn -0.2974 -0.0000 -0.9548
vn -0.1054 -0.0000 -0.9944
vn 0.0906 -0.0000 -0.9959
vn 0.2832 -0.0000 -0.9591
vn 0.4648 -0.0000 -0.8854
vn 0.6286 -0.0000 -0.7777
vn 0.7683 -0.0000 -0.6401
vn 0.8784 -0.0000 -0.4779
vn 0.9548 -0.0000 -0.2974
vn 0.9944 -0.0000 -0.1054
vn 0.9959 -0.0000 0.0906
vn 0.9591 -0.0000 0.2832
vn 0.8854 -0.0000 0.4648
vn 0.7777 -0.0000 0.6286
vn 0.6401 -0.0000 0.7683
vn 0.4779 -0.0000 0.8784
vn 0.2974 -0.0000 0.9548
vn 0.1054 -0.0000 0.9944
vn -0.0906 -0.0000 0.9959
vn -0.2832 -0.0000 0.9591
vn -0.4648 -0.0000 0.8854
vn -0.6286 -0.0000 0.7777
vn -0.7683 -0.0000 0.6401
vn -0.8784 -0.0000 0.4779
vn -0.9548 -0.0000 0.2974
vn 0.0074 -0.0000 1.0000
vn -1.0000 -0.0000 0.0074
vn -0.0074 -0.0000 -1.0000
vn 1.0000 -0.0000 -0.0074
vn 0.7292 0.5515 -0.4051
vn 0.9868 0.1259 -0.1018
vn -0.9882 0.1259 -0.0872
vn -0.7351 0.5515 -0.3942
vn 0.7351 0.5515 0.3942
vn 0.9882 0.1259 0.0872
vn -0.9868 0.1259 0.1018
vn -0.7292 0.5515 0.4051
vn 0.0043 0.8127 0.5827
vn -0.0043 0.8127 -0.5827
vn -0.0015 0.9803 -0.1973
vn 0.0015 0.9803 0.1973
vn -0.8413 -0.4392 0.3152
vn -0.9936 -0.0888 0.0698
vn -0.9945 -0.0888 -0.0551
vn -0.8458 -0.4392 -0.3027
vn -0.9792 -0.0606 0.1935
vn -0.6372 -0.2174 0.7394
vn -0.9820 -0.0606 -0.1789
vn -0.6481 -0.2174 -0.7298
vn 0.0071 -0.2762 0.9611
vn 0.0043 -0.8179 0.5753
vn -0.0043 -0.8179 -0.5753
vn -0.0071 -0.2762 -0.9611
vn 0.0074 0.0335 0.9994
vn -0.0074 0.0335 -0.9994
vt 0.483906 0.143218
vt 0.474334 0.128893
vt 0.467741 0.112976
vt 0.464380 0.096078
vt 0.464380 0.078849
vt 0.467741 0.061951
vt 0.474334 0.046034
vt 0.483906 0.031709
vt 0.496089 0.019526
vt 0.510414 0.009954
vt 0.526331 0.003361
vt 0.543229 -0.000000
vt 0.560458 -0.000000
vt 0.577356 0.003361
vt 0.593273 0.009954
vt 0.607598 0.019526
vt 0.619781 0.031709
vt 0.629353 0.046034
vt 0.635946 0.061951
vt 0.639307 0.078849
vt 0.639307 0.096078
vt 0.635946 0.112976
vt 0.629353 0.128893
vt 0.619781 0.143218
vt 0.607598 0.155401
vt 0.593273 0.164973
vt 0.577356 0.171566
vt 0.560458 0.174927
vt 0.543229 0.174927
vt 0.526331 0.171566
vt 0.510414 0.164973
vt 0.496089 0.155401
vt 0.667962 0.525164
vt 0.650816 0.525244
vt 0.650816 0.510871
vt 0.666816 0.510796
vt 0.473669 0.295208
vt 0.467517 0.280354
vt 0.481083 0.276239
vt 0.486172 0.288525
vt 0.684448 0.524924
vt 0.682201 0.510572
vt 0.482601 0.308576
vt 0.493560 0.299582
vt 0.699643 0.524536
vt 0.696381 0.510210
vt 0.493970 0.319945
vt 0.502964 0.308986
vt 0.712961 0.524013
vt 0.708809 0.509722
vt 0.507338 0.328877
vt 0.514021 0.316374
vt 0.477698 0.524677
vt 0.464380 0.524046
vt 0.468532 0.509722
vt 0.480960 0.510310
vt 0.522192 0.335029
vt 0.526307 0.321463
vt 0.492892 0.525145
vt 0.495140 0.510747
vt 0.537961 0.338166
vt 0.539350 0.324058
vt 0.509379 0.525433
vt 0.510525 0.511016
vt 0.554038 0.338166
vt 0.552649 0.324058
vt 0.526525 0.525531
vt 0.526525 0.511107
vt 0.569807 0.335029
vt 0.565692 0.321463
vt 0.543671 0.525433
vt 0.542525 0.511016
vt 0.584661 0.328877
vt 0.577978 0.316374
vt 0.560158 0.525145
vt 0.557911 0.510747
vt 0.598029 0.319945
vt 0.589035 0.308986
vt 0.575352 0.524677
vt 0.572090 0.510310
vt 0.609398 0.308576
vt 0.598439 0.299582
vt 0.588670 0.524046
vt 0.584518 0.509722
vt 0.618330 0.295208
vt 0.605827 0.288525
vt 0.477698 0.353257
vt 0.464380 0.352522
vt 0.468532 0.338166
vt 0.480960 0.338852
vt 0.624482 0.280354
vt 0.610916 0.276239
vt 0.492892 0.353804
vt 0.495140 0.339362
vt 0.627619 0.264585
vt 0.613511 0.263196
vt 0.509379 0.354140
vt 0.510525 0.339676
vt 0.627619 0.248508
vt 0.613511 0.249897
vt 0.526525 0.354254
vt 0.526525 0.339782
vt 0.624482 0.232739
vt 0.610916 0.236854
vt 0.543671 0.354140
vt 0.542525 0.339676
vt 0.618330 0.217885
vt 0.605827 0.224568
vt 0.560158 0.353804
vt 0.557911 0.339362
vt 0.609397 0.204517
vt 0.598439 0.213511
vt 0.575352 0.353257
vt 0.572090 0.338852
vt 0.598029 0.193148
vt 0.589035 0.204107
vt 0.588670 0.352522
vt 0.584518 0.338166
vt 0.584661 0.184216
vt 0.577978 0.196719
vt 0.601988 0.353121
vt 0.588670 0.352491
vt 0.592823 0.338166
vt 0.605251 0.338754
vt 0.569807 0.178064
vt 0.565692 0.191630
vt 0.617183 0.353589
vt 0.619430 0.339191
vt 0.554038 0.174927
vt 0.552649 0.189035
vt 0.633670 0.353878
vt 0.634816 0.339461
vt 0.537961 0.174927
vt 0.539350 0.189035
vt 0.650816 0.353975
vt 0.650816 0.339552
vt 0.522192 0.178064
vt 0.526307 0.191630
vt 0.667962 0.353878
vt 0.666816 0.339461
vt 0.507338 0.184216
vt 0.514021 0.196719
vt 0.684448 0.353589
vt 0.682201 0.339191
vt 0.493970 0.193148
vt 0.502964 0.204107
vt 0.699643 0.353121
vt 0.696381 0.338754
vt 0.482601 0.204517
vt 0.493560 0.213511
vt 0.712961 0.352491
vt 0.708809 0.338166
vt 0.473669 0.217885
vt 0.486172 0.224568
vt 0.601988 0.524536
vt 0.588670 0.524013
vt 0.592823 0.509722
vt 0.605251 0.510210
vt 0.467516 0.232739
vt 0.481083 0.236854
vt 0.617183 0.524924
vt 0.619430 0.510572
vt 0.464380 0.248508
vt 0.478488 0.249897
vt 0.633670 0.525164
vt 0.634816 0.510796
vt 0.464380 0.264585
vt 0.478488 0.263196
vt 0.650816 0.680887
vt 0.667962 0.680806
vt 0.633670 0.680806
vt 0.684448 0.680567
vt 0.699643 0.680178
vt 0.712961 0.679655
vt 0.464380 0.679608
vt 0.477698 0.680238
vt 0.492892 0.680707
vt 0.509379 0.680995
vt 0.526525 0.681092
vt 0.543671 0.680995
vt 0.560158 0.680707
vt 0.575352 0.680238
vt 0.588670 0.679608
vt 0.464380 0.507990
vt 0.477698 0.508725
vt 0.492892 0.509272
vt 0.509379 0.509608
vt 0.526525 0.509722
vt 0.543671 0.509608
vt 0.560158 0.509272
vt 0.575352 0.508725
vt 0.588670 0.507990
vt 0.588670 0.508052
vt 0.601988 0.508682
vt 0.617183 0.509151
vt 0.633670 0.509439
vt 0.650816 0.509537
vt 0.667962 0.509439
vt 0.684448 0.509151
vt 0.699643 0.508682
vt 0.712961 0.508052
vt 0.588670 0.679655
vt 0.601988 0.680178
vt 0.617183 0.680567
vt 0.812009 0.292933
vt 0.812009 0.175885
vt 0.825344 0.175822
vt 0.825344 0.292870
vt 0.838167 0.175636
vt 0.838167 0.292684
vt 0.849985 0.175334
vt 0.849985 0.292382
vt 0.860344 0.174927
vt 0.860344 0.291975
vt 0.685341 0.797874
vt 0.685341 0.680887
vt 0.695699 0.681377
vt 0.695699 0.798364
vt 0.707517 0.681742
vt 0.707517 0.798729
vt 0.720340 0.681966
vt 0.720340 0.798953
vt 0.733676 0.682042
vt 0.733676 0.799029
vt 0.747012 0.681966
vt 0.747012 0.798953
vt 0.759835 0.681742
vt 0.759835 0.798729
vt 0.771653 0.681377
vt 0.771653 0.798364
vt 0.782011 0.680887
vt 0.782011 0.797874
vt 0.588670 0.797804
vt 0.588670 0.680887
vt 0.599029 0.681459
vt 0.599029 0.798376
vt 0.610847 0.681884
vt 0.610847 0.798800
vt 0.623670 0.682145
vt 0.623670 0.799062
vt 0.637006 0.682234
vt 0.637006 0.799151
vt 0.650341 0.682145
vt 0.650341 0.799062
vt 0.663164 0.681884
vt 0.663164 0.798800
vt 0.674982 0.681459
vt 0.674982 0.798376
vt 0.685341 0.680887
vt 0.685341 0.797804
vt 0.464380 0.798080
vt 0.464380 0.681092
vt 0.474738 0.681583
vt 0.474738 0.798570
vt 0.486556 0.681947
vt 0.486556 0.798934
vt 0.499379 0.682171
vt 0.499379 0.799159
vt 0.512715 0.682247
vt 0.512715 0.799235
vt 0.526051 0.682171
vt 0.526051 0.799159
vt 0.538874 0.681947
vt 0.538874 0.798934
vt 0.550692 0.681583
vt 0.550692 0.798570
vt 0.561050 0.681092
vt 0.561050 0.798080
vt 0.763673 0.291975
vt 0.763673 0.174927
vt 0.774032 0.175334
vt 0.774032 0.292382
vt 0.785850 0.175636
vt 0.785850 0.292684
vt 0.652281 0.295794
vt 0.642806 0.286319
vt 0.635361 0.275177
vt 0.630233 0.262797
vt 0.627619 0.249654
vt 0.627619 0.236254
vt 0.630233 0.223111
vt 0.635361 0.210731
vt 0.642806 0.199589
vt 0.652281 0.190114
vt 0.663423 0.182669
vt 0.675803 0.177541
vt 0.688946 0.174927
vt 0.702346 0.174927
vt 0.715489 0.177541
vt 0.727869 0.182669
vt 0.739011 0.190114
vt 0.748486 0.199589
vt 0.755931 0.210731
vt 0.761059 0.223111
vt 0.763673 0.236254
vt 0.763673 0.249654
vt 0.761059 0.262797
vt 0.755931 0.275177
vt 0.748486 0.286319
vt 0.739011 0.295794
vt 0.727869 0.303239
vt 0.715489 0.308367
vt 0.702346 0.310981
vt 0.688946 0.310981
vt 0.675803 0.308367
vt 0.663423 0.303239
vt 0.798673 0.175822
vt 0.798673 0.292870
vt 0.654494 0.111392
vt 0.647049 0.100250
vt 0.641921 0.087870
vt 0.639307 0.074727
vt 0.639307 0.061327
vt 0.641921 0.048184
vt 0.647049 0.035804
vt 0.654494 0.024662
vt 0.663969 0.015187
vt 0.675111 0.007742
vt 0.687491 0.002614
vt 0.700634 0.000000
vt 0.714034 0.000000
vt 0.727177 0.002614
vt 0.739557 0.007742
vt 0.750699 0.015187
vt 0.760174 0.024662
vt 0.767619 0.035804
vt 0.772747 0.048184
vt 0.775361 0.061327
vt 0.775361 0.074727
vt 0.772747 0.087870
vt 0.767619 0.100250
vt 0.760174 0.111392
vt 0.750699 0.120867
vt 0.739557 0.128312
vt 0.727177 0.133440
vt 0.714034 0.136054
vt 0.700634 0.136054
vt 0.687491 0.133440
vt 0.675111 0.128312
vt 0.663969 0.120867
vt 0.867249 0.970990
vt 0.867249 0.175064
vt 0.869154 0.175055
vt 0.869154 0.970981
vt 0.870986 0.175028
vt 0.870986 0.970955
vt 0.872674 0.174985
vt 0.872674 0.970911
vt 0.874154 0.174927
vt 0.874154 0.970853
vt 0.874154 0.970439
vt 0.874154 0.174927
vt 0.875634 0.174997
vt 0.875634 0.970509
vt 0.877322 0.175049
vt 0.877322 0.970561
vt 0.879154 0.175081
vt 0.879154 0.970594
vt 0.881059 0.175092
vt 0.881059 0.970604
vt 0.882964 0.175081
vt 0.882964 0.970594
vt 0.884796 0.175049
vt 0.884796 0.970561
vt 0.886484 0.174997
vt 0.886484 0.970509
vt 0.887964 0.174927
vt 0.887964 0.970439
vt 0.901774 0.969961
vt 0.901774 0.174927
vt 0.903254 0.175009
vt 0.903254 0.970042
vt 0.904942 0.175069
vt 0.904942 0.970103
vt 0.906774 0.175107
vt 0.906774 0.970141
vt 0.908679 0.175119
vt 0.908679 0.970153
vt 0.910584 0.175107
vt 0.910584 0.970141
vt 0.912416 0.175069
vt 0.912416 0.970103
vt 0.914104 0.175009
vt 0.914104 0.970042
vt 0.915584 0.174927
vt 0.915584 0.969961
vt 0.889444 0.174997
vt 0.889444 0.970509
vt 0.891132 0.175049
vt 0.891132 0.970561
vt 0.892964 0.175081
vt 0.892964 0.970594
vt 0.894869 0.175092
vt 0.894869 0.970604
vt 0.896774 0.175081
vt 0.896774 0.970594
vt 0.898606 0.175049
vt 0.898606 0.970561
vt 0.900294 0.174997
vt 0.900294 0.970509
vt 0.901774 0.174927
vt 0.901774 0.970439
vt 0.860344 0.970853
vt 0.860344 0.174927
vt 0.861824 0.174985
vt 0.861824 0.970911
vt 0.863512 0.175028
vt 0.863512 0.970955
vt 0.643532 0.328248
vt 0.641940 0.329312
vt 0.640172 0.330044
vt 0.638294 0.330418
vt 0.636380 0.330418
vt 0.634503 0.330044
vt 0.632734 0.329312
vt 0.631142 0.328248
vt 0.629789 0.326894
vt 0.628725 0.325303
vt 0.627993 0.323534
vt 0.627619 0.321657
vt 0.627619 0.319742
vt 0.627993 0.317865
vt 0.628725 0.316096
vt 0.629789 0.314504
vt 0.631142 0.313151
vt 0.632734 0.312087
vt 0.634503 0.311355
vt 0.636380 0.310981
vt 0.638294 0.310981
vt 0.640172 0.311355
vt 0.641940 0.312087
vt 0.643532 0.313151
vt 0.644886 0.314504
vt 0.645949 0.316096
vt 0.646682 0.317865
vt 0.647055 0.319742
vt 0.647055 0.321657
vt 0.646682 0.323534
vt 0.645949 0.325303
vt 0.644886 0.326894
vt 0.865344 0.175055
vt 0.865344 0.970981
vt 0.653628 0.154385
vt 0.651860 0.155117
vt 0.649982 0.155491
vt 0.648068 0.155491
vt 0.646190 0.155117
vt 0.644422 0.154385
vt 0.642830 0.153321
vt 0.641477 0.151967
vt 0.640413 0.150376
vt 0.639680 0.148607
vt 0.639307 0.146730
vt 0.639307 0.144815
vt 0.639680 0.142938
vt 0.640413 0.141169
vt 0.641477 0.139577
vt 0.642830 0.138224
vt 0.644422 0.137160
vt 0.646190 0.136428
vt 0.648068 0.136054
vt 0.649982 0.136054
vt 0.651860 0.136428
vt 0.653628 0.137160
vt 0.655220 0.138224
vt 0.656574 0.139577
vt 0.657637 0.141169
vt 0.658370 0.142938
vt 0.658743 0.144815
vt 0.658743 0.146730
vt 0.658370 0.148607
vt 0.657637 0.150376
vt 0.656574 0.151967
vt 0.655220 0.153321
vt 0.841561 0.806115
vt 0.841561 0.338166
vt 0.851326 0.338166
vt 0.851326 0.806115
vt 0.798594 0.806358
vt 0.798594 0.338166
vt 0.820077 0.338166
vt 0.820077 0.806358
vt 0.915584 0.642875
vt 0.915584 0.174927
vt 0.925349 0.174927
vt 0.925349 0.642875
vt 0.820077 0.805833
vt 0.820077 0.338166
vt 0.841561 0.338166
vt 0.841561 0.805833
vt 0.656821 0.310981
vt 0.656821 0.332465
vt 0.647055 0.332465
vt 0.647055 0.310981
vt 0.666586 0.310981
vt 0.666586 0.332465
vt 0.656821 0.310981
vt 0.284028 0.323926
vt 0.373100 0.005339
vt 0.374689 0.003820
vt 0.284028 0.335048
vt 0.378526 0.000000
vt 0.284028 0.361743
vt 0.094654 0.362149
vt 0.000157 0.000000
vt 0.003993 0.003834
vt 0.094654 0.335433
vt 0.005582 0.005376
vt 0.094654 0.324321
vt 0.194956 0.005339
vt 0.193367 0.003820
vt 0.189530 0.000000
vt 0.189152 0.000000
vt 0.185315 0.003834
vt 0.183726 0.005376
vt 0.754155 0.667847
vt 0.714583 0.667847
vt 0.714583 0.343930
vt 0.754155 0.343930
vt 0.757400 0.667847
vt 0.757400 0.343930
vt 0.796972 0.343930
vt 0.796972 0.667847
vt 0.284028 0.999032
vt 0.235077 0.827267
vt 0.189309 0.032909
vt 0.378747 0.032909
vt 0.332979 0.827267
vt 0.798594 0.338166
vt 0.798119 0.342242
vt 0.756253 0.342242
vt 0.755777 0.338166
vt 0.712961 0.338166
vt 0.755778 0.338166
vt 0.755302 0.342242
vt 0.713436 0.342242
vt 0.094654 1.000000
vt 0.045703 0.828041
vt 0.048295 0.815424
vt 0.094654 0.978277
vt 0.054553 0.784745
vt 0.094654 0.925616
vt 0.134756 0.784745
vt 0.141013 0.815424
vt 0.143605 0.828041
vt 0.000000 0.023251
vt 0.420621 0.023293
vt 0.420621 0.812269
vt 0.418344 0.825138
vt 0.418344 0.032941
vt 0.189309 0.023251
vt 0.422506 0.812269
vt 0.422506 0.023293
vt 0.424782 0.032941
vt 0.424782 0.825138
vt 0.378747 0.825138
vt 0.378747 0.032941
vt 0.418344 0.994184
vt 0.378747 0.994184
vt 0.464380 0.825138
vt 0.464380 0.994184
vt 0.424782 0.994184
vt 0.464380 0.032941
vt 0.378747 0.000000
vt 0.421563 0.000000
vt 0.421563 0.000000
vt 0.464380 0.000000
s 1
usemtl Material.021
f 5509/10207/2309 5510/10208/2309 5511/10209/2309 5512/10210/2309 5513/10211/2309 5514/10212/2309 5515/10213/2309 5516/10214/2309 5517/10215/2309 5518/10216/2309 5519/10217/2309 5520/10218/2309 5521/10219/2309 5522/10220/2309 5523/10221/2309 5524/10222/2309 5525/10223/2309 5526/10224/2309 5527/10225/2309 5528/10226/2309 5529/10227/2309 5530/10228/2309 5531/10229/2309 5532/10230/2309 5533/10231/2309 5534/10232/2309 5535/10233/2309 5536/10234/2309 5537/10235/2309 5538/10236/2309 5539/10237/2309 5540/10238/2309
f 5545/10239/2310 5542/10240/2310 5543/10241/2310 5546/10242/2310
f 5546/10243/2311 5543/10244/2311 5541/10245/2311 5544/10246/2311
f 5548/10247/2312 5545/10239/2312 5546/10242/2312 5549/10248/2312
f 5549/10249/2313 5546/10243/2313 5544/10246/2313 5547/10250/2313
f 5551/10251/2314 5548/10247/2314 5549/10248/2314 5552/10252/2314
f 5552/10253/2315 5549/10249/2315 5547/10250/2315 5550/10254/2315
f 5554/10255/2316 5551/10251/2316 5552/10252/2316 5555/10256/2316
f 5555/10257/2317 5552/10253/2317 5550/10254/2317 5553/10258/2317
f 5557/10259/2318 5554/10260/2318 5555/10261/2318 5558/10262/2318
f 5558/10263/2319 5555/10257/2319 5553/10258/2319 5556/10264/2319
f 5560/10265/2320 5557/10259/2320 5558/10262/2320 5561/10266/2320
f 5561/10267/2321 5558/10263/2321 5556/10264/2321 5559/10268/2321
f 5563/10269/2322 5560/10265/2322 5561/10266/2322 5564/10270/2322
f 5564/10271/2323 5561/10267/2323 5559/10268/2323 5562/10272/2323
f 5566/10273/2324 5563/10269/2324 5564/10270/2324 5567/10274/2324
f 5567/10275/2325 5564/10271/2325 5562/10272/2325 5565/10276/2325
f 5569/10277/2326 5566/10273/2326 5567/10274/2326 5570/10278/2326
f 5570/10279/2327 5567/10275/2327 5565/10276/2327 5568/10280/2327
f 5572/10281/2328 5569/10277/2328 5570/10278/2328 5573/10282/2328
f 5573/10283/2329 5570/10279/2329 5568/10280/2329 5571/10284/2329
f 5575/10285/2330 5572/10281/2330 5573/10282/2330 5576/10286/2330
f 5576/10287/2331 5573/10283/2331 5571/10284/2331 5574/10288/2331
f 5578/10289/2332 5575/10285/2332 5576/10286/2332 5579/10290/2332
f 5579/10291/2333 5576/10287/2333 5574/10288/2333 5577/10292/2333
f 5581/10293/2334 5578/10294/2334 5579/10295/2334 5582/10296/2334
f 5582/10297/2335 5579/10291/2335 5577/10292/2335 5580/10298/2335
f 5584/10299/2336 5581/10293/2336 5582/10296/2336 5585/10300/2336
f 5585/10301/2337 5582/10297/2337 5580/10298/2337 5583/10302/2337
f 5587/10303/2338 5584/10299/2338 5585/10300/2338 5588/10304/2338
f 5588/10305/2339 5585/10301/2339 5583/10302/2339 5586/10306/2339
f 5590/10307/2340 5587/10303/2340 5588/10304/2340 5591/10308/2340
f 5591/10309/2341 5588/10305/2341 5586/10306/2341 5589/10310/2341
f 5593/10311/2342 5590/10307/2342 5591/10308/2342 5594/10312/2342
f 5594/10313/2343 5591/10309/2343 5589/10310/2343 5592/10314/2343
f 5596/10315/2344 5593/10311/2344 5594/10312/2344 5597/10316/2344
f 5597/10317/2345 5594/10313/2345 5592/10314/2345 5595/10318/2345
f 5599/10319/2346 5596/10315/2346 5597/10316/2346 5600/10320/2346
f 5600/10321/2347 5597/10317/2347 5595/10318/2347 5598/10322/2347
f 5602/10323/2348 5599/10319/2348 5600/10320/2348 5603/10324/2348
f 5603/10325/2349 5600/10321/2349 5598/10322/2349 5601/10326/2349
f 5605/10327/2350 5602/10328/2350 5603/10329/2350 5606/10330/2350
f 5606/10331/2351 5603/10325/2351 5601/10326/2351 5604/10332/2351
f 5608/10333/2352 5605/10327/2352 5606/10330/2352 5609/10334/2352
f 5609/10335/2353 5606/10331/2353 5604/10332/2353 5607/10336/2353
f 5611/10337/2354 5608/10333/2354 5609/10334/2354 5612/10338/2354
f 5612/10339/2355 5609/10335/2355 5607/10336/2355 5610/10340/2355
f 5614/10341/2356 5611/10337/2356 5612/10338/2356 5615/10342/2356
f 5615/10343/2357 5612/10339/2357 5610/10340/2357 5613/10344/2357
f 5617/10345/2358 5614/10341/2358 5615/10342/2358 5618/10346/2358
f 5618/10347/2359 5615/10343/2359 5613/10344/2359 5616/10348/2359
f 5620/10349/2360 5617/10345/2360 5618/10346/2360 5621/10350/2360
f 5621/10351/2361 5618/10347/2361 5616/10348/2361 5619/10352/2361
f 5623/10353/2362 5620/10349/2362 5621/10350/2362 5624/10354/2362
f 5624/10355/2363 5621/10351/2363 5619/10352/2363 5622/10356/2363
f 5626/10357/2364 5623/10353/2364 5624/10354/2364 5627/10358/2364
f 5627/10359/2365 5624/10355/2365 5622/10356/2365 5625/10360/2365
f 5629/10361/2366 5626/10362/2366 5627/10363/2366 5630/10364/2366
f 5630/10365/2367 5627/10359/2367 5625/10360/2367 5628/10366/2367
f 5632/10367/2368 5629/10361/2368 5630/10364/2368 5633/10368/2368
f 5633/10369/2369 5630/10365/2369 5628/10366/2369 5631/10370/2369
f 5635/10371/2370 5632/10367/2370 5633/10368/2370 5636/10372/2370
f 5636/10373/2371 5633/10369/2371 5631/10370/2371 5634/10374/2371
f 5542/10240/2372 5635/10371/2372 5636/10372/2372 5543/10241/2372
f 5543/10244/2373 5636/10373/2373 5634/10374/2373 5541/10245/2373
f 5544/10246/2374 5541/10245/2374 5634/10374/2374 5631/10370/2374 5628/10366/2374 5625/10360/2374 5622/10356/2374 5619/10352/2374 5616/10348/2374 5613/10344/2374 5610/10340/2374 5607/10336/2374 5604/10332/2374 5601/10326/2374 5598/10322/2374 5595/10318/2374 5592/10314/2374 5589/10310/2374 5586/10306/2374 5583/10302/2374 5580/10298/2374 5577/10292/2374 5574/10288/2374 5571/10284/2374 5568/10280/2374 5565/10276/2374 5562/10272/2374 5559/10268/2374 5556/10264/2374 5553/10258/2374 5550/10254/2374 5547/10250/2374
f 5509/10375/2375 5542/10240/2375 5545/10239/2375 5510/10376/2375
f 5540/10377/2376 5635/10371/2376 5542/10240/2376 5509/10375/2376
f 5510/10376/2377 5545/10239/2377 5548/10247/2377 5511/10378/2377
f 5511/10378/2378 5548/10247/2378 5551/10251/2378 5512/10379/2378
f 5512/10379/2379 5551/10251/2379 5554/10255/2379 5513/10380/2379
f 5513/10381/2380 5554/10260/2380 5557/10259/2380 5514/10382/2380
f 5514/10382/2381 5557/10259/2381 5560/10265/2381 5515/10383/2381
f 5515/10383/2382 5560/10265/2382 5563/10269/2382 5516/10384/2382
f 5516/10384/2383 5563/10269/2383 5566/10273/2383 5517/10385/2383
f 5517/10385/2384 5566/10273/2384 5569/10277/2384 5518/10386/2384
f 5518/10386/2385 5569/10277/2385 5572/10281/2385 5519/10387/2385
f 5519/10387/2386 5572/10281/2386 5575/10285/2386 5520/10388/2386
f 5520/10388/2387 5575/10285/2387 5578/10289/2387 5521/10389/2387
f 5521/10390/2388 5578/10294/2388 5581/10293/2388 5522/10391/2388
f 5522/10391/2389 5581/10293/2389 5584/10299/2389 5523/10392/2389
f 5523/10392/2390 5584/10299/2390 5587/10303/2390 5524/10393/2390
f 5524/10393/2391 5587/10303/2391 5590/10307/2391 5525/10394/2391
f 5525/10394/2392 5590/10307/2392 5593/10311/2392 5526/10395/2392
f 5526/10395/2393 5593/10311/2393 5596/10315/2393 5527/10396/2393
f 5527/10396/2394 5596/10315/2394 5599/10319/2394 5528/10397/2394
f 5528/10397/2395 5599/10319/2395 5602/10323/2395 5529/10398/2395
f 5529/10399/2396 5602/10328/2396 5605/10327/2396 5530/10400/2396
f 5530/10400/2397 5605/10327/2397 5608/10333/2397 5531/10401/2397
f 5531/10401/2398 5608/10333/2398 5611/10337/2398 5532/10402/2398
f 5532/10402/2399 5611/10337/2399 5614/10341/2399 5533/10403/2399
f 5533/10403/2400 5614/10341/2400 5617/10345/2400 5534/10404/2400
f 5534/10404/2401 5617/10345/2401 5620/10349/2401 5535/10405/2401
f 5535/10405/2402 5620/10349/2402 5623/10353/2402 5536/10406/2402
f 5536/10406/2403 5623/10353/2403 5626/10357/2403 5537/10407/2403
f 5537/10408/2404 5626/10362/2404 5629/10361/2404 5538/10409/2404
f 5538/10409/2405 5629/10361/2405 5632/10367/2405 5539/10410/2405
f 5539/10410/2406 5632/10367/2406 5635/10371/2406 5540/10377/2406
f 5637/10411/2375 5638/10412/2375 5640/10413/2375 5639/10414/2375
f 5639/10414/2377 5640/10413/2377 5642/10415/2377 5641/10416/2377
f 5641/10416/2378 5642/10415/2378 5644/10417/2378 5643/10418/2378
f 5643/10418/2379 5644/10417/2379 5646/10419/2379 5645/10420/2379
f 5645/10421/2380 5646/10422/2380 5648/10423/2380 5647/10424/2380
f 5647/10424/2381 5648/10423/2381 5650/10425/2381 5649/10426/2381
f 5649/10426/2382 5650/10425/2382 5652/10427/2382 5651/10428/2382
f 5651/10428/2383 5652/10427/2383 5654/10429/2383 5653/10430/2383
f 5653/10430/2384 5654/10429/2384 5656/10431/2384 5655/10432/2384
f 5655/10432/2385 5656/10431/2385 5658/10433/2385 5657/10434/2385
f 5657/10434/2386 5658/10433/2386 5660/10435/2386 5659/10436/2386
f 5659/10436/2387 5660/10435/2387 5662/10437/2387 5661/10438/2387
f 5661/10439/2388 5662/10440/2388 5664/10441/2388 5663/10442/2388
f 5663/10442/2389 5664/10441/2389 5666/10443/2389 5665/10444/2389
f 5665/10444/2390 5666/10443/2390 5668/10445/2390 5667/10446/2390
f 5667/10446/2391 5668/10445/2391 5670/10447/2391 5669/10448/2391
f 5669/10448/2392 5670/10447/2392 5672/10449/2392 5671/10450/2392
f 5671/10450/2393 5672/10449/2393 5674/10451/2393 5673/10452/2393
f 5673/10452/2394 5674/10451/2394 5676/10453/2394 5675/10454/2394
f 5675/10454/2395 5676/10453/2395 5678/10455/2395 5677/10456/2395
f 5677/10457/2396 5678/10458/2396 5680/10459/2396 5679/10460/2396
f 5679/10460/2397 5680/10459/2397 5682/10461/2397 5681/10462/2397
f 5681/10462/2398 5682/10461/2398 5684/10463/2398 5683/10464/2398
f 5683/10464/2399 5684/10463/2399 5686/10465/2399 5685/10466/2399
f 5685/10466/2400 5686/10465/2400 5688/10467/2400 5687/10468/2400
f 5687/10468/2401 5688/10467/2401 5690/10469/2401 5689/10470/2401
f 5689/10470/2402 5690/10469/2402 5692/10471/2402 5691/10472/2402
f 5691/10472/2403 5692/10471/2403 5694/10473/2403 5693/10474/2403
f 5693/10475/2404 5694/10476/2404 5696/10477/2404 5695/10478/2404
f 5695/10478/2405 5696/10477/2405 5698/10479/2405 5697/10480/2405
f 5640/10481/2374 5638/10482/2374 5700/10483/2374 5698/10484/2374 5696/10485/2374 5694/10486/2374 5692/10487/2374 5690/10488/2374 5688/10489/2374 5686/10490/2374 5684/10491/2374 5682/10492/2374 5680/10493/2374 5678/10494/2374 5676/10495/2374 5674/10496/2374 5672/10497/2374 5670/10498/2374 5668/10499/2374 5666/10500/2374 5664/10501/2374 5662/10502/2374 5660/10503/2374 5658/10504/2374 5656/10505/2374 5654/10506/2374 5652/10507/2374 5650/10508/2374 5648/10509/2374 5646/10510/2374 5644/10511/2374 5642/10512/2374
f 5697/10480/2406 5698/10479/2406 5700/10513/2406 5699/10514/2406
f 5699/10514/2376 5700/10513/2376 5638/10412/2376 5637/10411/2376
f 5637/10515/2309 5639/10516/2309 5641/10517/2309 5643/10518/2309 5645/10519/2309 5647/10520/2309 5649/10521/2309 5651/10522/2309 5653/10523/2309 5655/10524/2309 5657/10525/2309 5659/10526/2309 5661/10527/2309 5663/10528/2309 5665/10529/2309 5667/10530/2309 5669/10531/2309 5671/10532/2309 5673/10533/2309 5675/10534/2309 5677/10535/2309 5679/10536/2309 5681/10537/2309 5683/10538/2309 5685/10539/2309 5687/10540/2309 5689/10541/2309 5691/10542/2309 5693/10543/2309 5695/10544/2309 5697/10545/2309 5699/10546/2309
f 5701/10547/2375 5702/10548/2375 5704/10549/2375 5703/10550/2375
f 5703/10550/2377 5704/10549/2377 5706/10551/2377 5705/10552/2377
f 5705/10552/2378 5706/10551/2378 5708/10553/2378 5707/10554/2378
f 5707/10554/2379 5708/10553/2379 5710/10555/2379 5709/10556/2379
f 5709/10557/2380 5710/10558/2380 5712/10559/2380 5711/10560/2380
f 5711/10560/2381 5712/10559/2381 5714/10561/2381 5713/10562/2381
f 5713/10562/2382 5714/10561/2382 5716/10563/2382 5715/10564/2382
f 5715/10564/2383 5716/10563/2383 5718/10565/2383 5717/10566/2383
f 5717/10566/2384 5718/10565/2384 5720/10567/2384 5719/10568/2384
f 5719/10568/2385 5720/10567/2385 5722/10569/2385 5721/10570/2385
f 5721/10570/2386 5722/10569/2386 5724/10571/2386 5723/10572/2386
f 5723/10572/2387 5724/10571/2387 5726/10573/2387 5725/10574/2387
f 5725/10575/2388 5726/10576/2388 5728/10577/2388 5727/10578/2388
f 5727/10578/2389 5728/10577/2389 5730/10579/2389 5729/10580/2389
f 5729/10580/2390 5730/10579/2390 5732/10581/2390 5731/10582/2390
f 5731/10582/2391 5732/10581/2391 5734/10583/2391 5733/10584/2391
f 5733/10584/2392 5734/10583/2392 5736/10585/2392 5735/10586/2392
f 5735/10586/2393 5736/10585/2393 5738/10587/2393 5737/10588/2393
f 5737/10588/2394 5738/10587/2394 5740/10589/2394 5739/10590/2394
f 5739/10590/2395 5740/10589/2395 5742/10591/2395 5741/10592/2395
f 5741/10574/2396 5742/10573/2396 5744/10593/2396 5743/10594/2396
f 5743/10594/2397 5744/10593/2397 5746/10595/2397 5745/10596/2397
f 5745/10596/2398 5746/10595/2398 5748/10597/2398 5747/10598/2398
f 5747/10598/2399 5748/10597/2399 5750/10599/2399 5749/10600/2399
f 5749/10600/2400 5750/10599/2400 5752/10601/2400 5751/10602/2400
f 5751/10602/2401 5752/10601/2401 5754/10603/2401 5753/10604/2401
f 5753/10604/2402 5754/10603/2402 5756/10605/2402 5755/10606/2402
f 5755/10606/2403 5756/10605/2403 5758/10607/2403 5757/10608/2403
f 5757/10609/2404 5758/10610/2404 5760/10611/2404 5759/10612/2404
f 5759/10612/2405 5760/10611/2405 5762/10613/2405 5761/10614/2405
f 5704/10615/2374 5702/10616/2374 5764/10617/2374 5762/10618/2374 5760/10619/2374 5758/10620/2374 5756/10621/2374 5754/10622/2374 5752/10623/2374 5750/10624/2374 5748/10625/2374 5746/10626/2374 5744/10627/2374 5742/10628/2374 5740/10629/2374 5738/10630/2374 5736/10631/2374 5734/10632/2374 5732/10633/2374 5730/10634/2374 5728/10635/2374 5726/10636/2374 5724/10637/2374 5722/10638/2374 5720/10639/2374 5718/10640/2374 5716/10641/2374 5714/10642/2374 5712/10643/2374 5710/10644/2374 5708/10645/2374 5706/10646/2374
f 5761/10614/2406 5762/10613/2406 5764/10647/2406 5763/10648/2406
f 5763/10648/2376 5764/10647/2376 5702/10548/2376 5701/10547/2376
f 5701/10649/2309 5703/10650/2309 5705/10651/2309 5707/10652/2309 5709/10653/2309 5711/10654/2309 5713/10655/2309 5715/10656/2309 5717/10657/2309 5719/10658/2309 5721/10659/2309 5723/10660/2309 5725/10661/2309 5727/10662/2309 5729/10663/2309 5731/10664/2309 5733/10665/2309 5735/10666/2309 5737/10667/2309 5739/10668/2309 5741/10669/2309 5743/10670/2309 5745/10671/2309 5747/10672/2309 5749/10673/2309 5751/10674/2309 5753/10675/2309 5755/10676/2309 5757/10677/2309 5759/10678/2309 5761/10679/2309 5763/10680/2309
f 5765/10681/2407 5766/10682/2407 5768/10683/2407 5767/10684/2407
f 5767/10685/2408 5768/10686/2408 5772/10687/2408 5771/10688/2408
f 5771/10689/2409 5772/10690/2409 5770/10691/2409 5769/10692/2409
f 5769/10693/2410 5770/10694/2410 5766/10695/2410 5765/10696/2410
f 5767/10697/2309 5771/10698/2309 5769/10699/2309 5765/10700/2309
f 5772/10701/2374 5768/10702/2374 5766/10698/2374 5770/10703/2374
f 5786/10704/2411 5789/10705/2411 5790/10706/2411 5787/10707/2411
f 5787/10707/2412 5790/10706/2412 5788/10708/2412 5785/10709/2412
f 5783/10710/2413 5792/10711/2413 5793/10712/2413 5784/10713/2413
f 5784/10713/2414 5793/10712/2414 5791/10714/2414 5782/10715/2414
f 5794/10716/2415 5786/10704/2415 5787/10707/2415 5796/10717/2415
f 5796/10717/2416 5787/10707/2416 5785/10709/2416 5795/10718/2416
f 5797/10719/2417 5783/10710/2417 5784/10713/2417 5799/10720/2417
f 5799/10720/2418 5784/10713/2418 5782/10715/2418 5798/10721/2418
f 5782/10722/2419 5786/10723/2419 5794/10724/2419 5798/10725/2419
f 5782/10726/2420 5791/10727/2420 5789/10728/2420 5786/10729/2420
f 5774/10730/2410 5775/10731/2410 5779/10732/2410 5780/10718/2410 5795/10718/2410 5785/10709/2410
f 5774/10730/2410 5785/10709/2410 5788/10708/2410 5777/10708/2410 5776/10733/2410 5773/10734/2410
f 5788/10735/2421 5790/10736/2421 5789/10728/2421 5791/10727/2421 5793/10737/2421 5792/10738/2421 5778/10738/2421 5777/10735/2421
f 5780/10739/2422 5781/10740/2422 5797/10740/2422 5799/10741/2422 5798/10725/2422 5794/10724/2422 5796/10742/2422 5795/10739/2422
f 5804/10743/2423 5801/10744/2423 5802/10745/2423 5805/10746/2423
f 5805/10746/2424 5802/10745/2424 5800/10747/2424 5803/10748/2424
f 5803/10748/2425 5806/10749/2425 5808/10750/2425 5805/10746/2425
f 5805/10746/2426 5808/10750/2426 5807/10751/2426 5804/10743/2426
f 5809/10711/2427 5800/10747/2427 5802/10745/2427 5811/10752/2427
f 5811/10753/2428 5802/10754/2428 5801/10755/2428 5810/10756/2428
f 5806/10749/2429 5813/10719/2429 5814/10757/2429 5808/10750/2429
f 5808/10758/2430 5814/10759/2430 5812/10760/2430 5807/10761/2430
f 5773/10762/2431 5776/10763/2431 5810/10756/2431 5801/10755/2431
f 5801/10755/2432 5804/10764/2432 5774/10765/2432 5773/10762/2432
f 5800/10747/2408 5809/10711/2408 5778/10711/2408 5792/10711/2408 5783/10710/2408 5803/10748/2408
f 5807/10761/2433 5775/10766/2433 5774/10767/2433 5804/10768/2433
f 5806/10749/2408 5803/10748/2408 5783/10710/2408 5797/10719/2408 5781/10719/2408 5813/10719/2408
f 5775/10766/2434 5807/10761/2434 5812/10760/2434 5779/10769/2434
f 5777/10770/2435 5778/10771/2435 5809/10771/2435 5811/10753/2435 5810/10756/2435 5776/10763/2435
f 5779/10769/2436 5812/10760/2436 5814/10759/2436 5813/10772/2436 5781/10772/2436 5780/10773/2436
o mdlSilla.019
v 4.613733 1.486190 4.004676
v 4.624393 1.486190 3.887539
v 4.657700 1.486190 3.774733
v 4.712374 1.486190 3.670592
v 4.786314 1.486190 3.579119
v 4.876680 1.486190 3.503828
v 4.979998 1.486190 3.447614
v 5.092297 1.486190 3.412636
v 5.209262 1.486190 3.400238
v 5.326399 1.486190 3.410898
v 5.439205 1.486190 3.444205
v 5.543346 1.486190 3.498879
v 5.634819 1.486190 3.572820
v 5.710110 1.486190 3.663185
v 5.766325 1.486190 3.766503
v 5.801302 1.486190 3.878802
v 5.813700 1.486190 3.995767
v 5.803041 1.486190 4.112904
v 5.769733 1.486190 4.225710
v 5.715059 1.486190 4.329851
v 5.641119 1.486190 4.421324
v 5.550753 1.486190 4.496615
v 5.447435 1.486190 4.552830
v 5.335136 1.486190 4.587808
v 5.218171 1.486190 4.600205
v 5.101034 1.486190 4.589546
v 4.988228 1.486190 4.556239
v 4.884087 1.486190 4.501565
v 4.792614 1.486190 4.427624
v 4.717323 1.486190 4.337258
v 4.661108 1.486190 4.233941
v 4.626131 1.486190 4.121641
v 4.750603 1.726190 4.003660
v 4.613733 1.698947 4.004676
v 4.653821 1.718211 4.004378
v 4.758830 1.726190 3.913245
v 4.624393 1.698947 3.887539
v 4.663768 1.718211 3.895068
v 4.784539 1.726190 3.826172
v 4.657700 1.698947 3.774733
v 4.694850 1.718211 3.789799
v 4.826741 1.726190 3.745788
v 4.712374 1.698947 3.670592
v 4.745871 1.718211 3.692617
v 4.883814 1.726190 3.675182
v 4.786314 1.698947 3.579119
v 4.814871 1.718211 3.607255
v 4.953565 1.726190 3.617067
v 4.876680 1.698947 3.503828
v 4.899199 1.718211 3.536995
v 5.033314 1.726190 3.573676
v 4.979998 1.698947 3.447614
v 4.995614 1.718211 3.484537
v 5.119995 1.726190 3.546677
v 5.092297 1.698947 3.412636
v 5.100410 1.718211 3.451895
v 5.210279 1.726190 3.537108
v 5.209262 1.698947 3.400238
v 5.209560 1.718211 3.440326
v 5.300694 1.726190 3.545336
v 5.326399 1.698947 3.410898
v 5.318870 1.718211 3.450274
v 5.387766 1.726190 3.571044
v 5.439205 1.698947 3.444205
v 5.424139 1.718211 3.481355
v 5.468150 1.726190 3.613246
v 5.543346 1.698947 3.498879
v 5.521322 1.718211 3.532377
v 5.538756 1.726190 3.670320
v 5.634819 1.698947 3.572820
v 5.606683 1.718211 3.601377
v 5.596871 1.726190 3.740071
v 5.710110 1.698947 3.663185
v 5.676943 1.718211 3.685704
v 5.640263 1.726190 3.819819
v 5.766325 1.698947 3.766503
v 5.729402 1.718211 3.782119
v 5.667261 1.726190 3.906501
v 5.801302 1.698947 3.878802
v 5.762043 1.718211 3.886915
v 5.676830 1.726190 3.996783
v 5.813700 1.698947 3.995767
v 5.773612 1.718211 3.996065
v 5.668602 1.726190 4.087199
v 5.803041 1.698947 4.112904
v 5.763665 1.718211 4.105375
v 5.642894 1.726190 4.174271
v 5.769733 1.698947 4.225710
v 5.732583 1.718211 4.210644
v 5.600692 1.726190 4.254655
v 5.715059 1.698947 4.329851
v 5.681562 1.718211 4.307827
v 5.543619 1.726190 4.325262
v 5.641119 1.698947 4.421324
v 5.612561 1.718211 4.393188
v 5.473867 1.726190 4.383377
v 5.550753 1.698947 4.496615
v 5.528234 1.718211 4.463449
v 5.394119 1.726190 4.426768
v 5.447435 1.698947 4.552830
v 5.431819 1.718211 4.515907
v 5.307437 1.726190 4.453766
v 5.335136 1.698947 4.587808
v 5.327024 1.718211 4.548548
v 5.217155 1.726190 4.463336
v 5.218171 1.698947 4.600205
v 5.217873 1.718211 4.560117
v 5.126740 1.726190 4.455108
v 5.101034 1.698947 4.589546
v 5.108563 1.718211 4.550170
v 5.039667 1.726190 4.429399
v 4.988228 1.698947 4.556239
v 5.003294 1.718211 4.519088
v 4.959283 1.726190 4.387197
v 4.884087 1.698947 4.501565
v 4.906111 1.718211 4.468067
v 4.888677 1.726190 4.330124
v 4.792614 1.698947 4.427624
v 4.820750 1.718211 4.399067
v 4.830562 1.726190 4.260373
v 4.717323 1.698947 4.337258
v 4.750490 1.718211 4.314739
v 4.787170 1.726190 4.180624
v 4.661108 1.698947 4.233941
v 4.698031 1.718211 4.218325
v 4.760172 1.726190 4.093943
v 4.626131 1.698947 4.121641
v 4.665390 1.718211 4.113529
v 4.747063 0.317975 4.003686
v 4.747063 0.477975 4.003686
v 4.755353 0.317975 3.912580
v 4.755353 0.477975 3.912580
v 4.781259 0.317975 3.824842
v 4.781259 0.477975 3.824842
v 4.823783 0.317975 3.743843
v 4.823783 0.477975 3.743843
v 4.881293 0.317975 3.672697
v 4.881293 0.477975 3.672697
v 4.951577 0.317975 3.614138
v 4.951577 0.477975 3.614138
v 5.031935 0.317975 3.570415
v 5.031935 0.477975 3.570415
v 5.119279 0.317975 3.543211
v 5.119279 0.477975 3.543211
v 5.210252 0.317975 3.533568
v 5.210252 0.477975 3.533568
v 5.301359 0.317975 3.541859
v 5.301359 0.477975 3.541859
v 5.389097 0.317975 3.567764
v 5.389097 0.477975 3.567764
v 5.470095 0.317975 3.610289
v 5.470095 0.477975 3.610289
v 5.541241 0.317975 3.667798
v 5.541241 0.477975 3.667798
v 5.599801 0.317975 3.738082
v 5.599801 0.477975 3.738082
v 5.643523 0.317975 3.818440
v 5.643523 0.477975 3.818440
v 5.670728 0.317975 3.905784
v 5.670728 0.477975 3.905784
v 5.680370 0.317975 3.996757
v 5.680370 0.477975 3.996757
v 5.672080 0.317975 4.087863
v 5.672080 0.477975 4.087863
v 5.646174 0.317975 4.175601
v 5.646174 0.477975 4.175601
v 5.603650 0.317975 4.256600
v 5.603650 0.477975 4.256600
v 5.546141 0.317975 4.327746
v 5.546141 0.477975 4.327746
v 5.475856 0.317975 4.386305
v 5.475856 0.477975 4.386305
v 5.395498 0.317975 4.430028
v 5.395498 0.477975 4.430028
v 5.308154 0.317975 4.457233
v 5.308154 0.477975 4.457233
v 5.217181 0.317975 4.466876
v 5.217181 0.477975 4.466876
v 5.126075 0.317975 4.458585
v 5.126075 0.477975 4.458585
v 5.038337 0.317975 4.432679
v 5.038337 0.477975 4.432679
v 4.957338 0.317975 4.390155
v 4.957338 0.477975 4.390155
v 4.886192 0.317975 4.332645
v 4.886192 0.477975 4.332645
v 4.827633 0.317975 4.262362
v 4.827633 0.477975 4.262362
v 4.783911 0.317975 4.182003
v 4.783911 0.477975 4.182003
v 4.756705 0.317975 4.094659
v 4.756705 0.477975 4.094659
v 5.147052 0.453975 4.000717
v 5.147052 1.541975 4.000717
v 5.148236 0.453975 3.987701
v 5.148236 1.541975 3.987701
v 5.151937 0.453975 3.975168
v 5.151937 1.541975 3.975168
v 5.158012 0.453975 3.963596
v 5.158012 1.541975 3.963596
v 5.166227 0.453975 3.953433
v 5.166227 1.541975 3.953433
v 5.176268 0.453975 3.945067
v 5.176268 1.541975 3.945067
v 5.187748 0.453975 3.938821
v 5.187748 1.541975 3.938821
v 5.200226 0.453975 3.934934
v 5.200225 1.541975 3.934934
v 5.213222 0.453975 3.933557
v 5.213222 1.541975 3.933557
v 5.226237 0.453975 3.934741
v 5.226237 1.541975 3.934741
v 5.238771 0.453975 3.938442
v 5.238771 1.541975 3.938442
v 5.250342 0.453975 3.944517
v 5.250342 1.541975 3.944517
v 5.260506 0.453975 3.952733
v 5.260506 1.541975 3.952733
v 5.268872 0.453975 3.962773
v 5.268871 1.541975 3.962773
v 5.275117 0.453975 3.974253
v 5.275117 1.541975 3.974253
v 5.279004 0.453975 3.986731
v 5.279004 1.541975 3.986731
v 5.280382 0.453975 3.999727
v 5.280381 1.541975 3.999727
v 5.279197 0.453975 4.012742
v 5.279197 1.541975 4.012742
v 5.275496 0.453975 4.025276
v 5.275496 1.541975 4.025276
v 5.269422 0.453975 4.036847
v 5.269421 1.541975 4.036847
v 5.261206 0.453975 4.047011
v 5.261206 1.541975 4.047011
v 5.251165 0.453975 4.055377
v 5.251165 1.541975 4.055377
v 5.239686 0.453975 4.061623
v 5.239686 1.541975 4.061623
v 5.227208 0.453975 4.065509
v 5.227208 1.541975 4.065509
v 5.214211 0.453975 4.066886
v 5.214211 1.541975 4.066886
v 5.201197 0.453975 4.065702
v 5.201196 1.541975 4.065702
v 5.188663 0.453975 4.062001
v 5.188662 1.541975 4.062001
v 5.177091 0.453975 4.055926
v 5.177091 1.541975 4.055926
v 5.166927 0.453975 4.047711
v 5.166927 1.541975 4.047711
v 5.158562 0.453975 4.037670
v 5.158562 1.541975 4.037670
v 5.152316 0.453975 4.026190
v 5.152316 1.541975 4.026190
v 5.148429 0.453975 4.013713
v 5.148429 1.541975 4.013713
v 5.667582 1.614190 4.070188
v 5.667582 2.254190 4.070188
v 5.600917 1.614190 4.070683
v 5.600917 2.254190 4.070683
v 5.666493 1.614190 3.923525
v 5.666493 2.254190 3.923525
v 5.599828 1.614190 3.924020
v 5.599828 2.254190 3.924020
v 5.796238 2.269675 4.330093
v 5.793757 2.034614 3.995915
v 5.791276 2.269675 3.661738
v 5.798557 3.356750 4.642543
v 5.798546 3.401785 4.641032
v 5.506248 3.401785 4.643202
v 5.788957 3.356750 3.349288
v 5.788968 3.401785 3.350799
v 5.496669 3.401785 3.352969
v 5.512533 2.958344 3.998003
v 5.501458 2.906741 3.998085
v 5.504702 2.943230 3.998061
v 5.793757 2.906741 3.995915
v 5.782682 2.958345 3.995998
v 5.790514 2.943231 3.995939
v 5.798546 3.401785 4.641032
v 5.787197 3.394330 4.604072
v 5.795108 3.396513 4.614863
v 5.517047 3.394330 4.606078
v 5.506248 3.401785 4.643202
v 5.509296 3.396513 4.616985
v 5.778168 3.394330 3.387923
v 5.788968 3.401785 3.350799
v 5.785918 3.396513 3.377016
v 5.496669 3.401785 3.352969
v 5.508018 3.394330 3.389929
v 5.500107 3.396513 3.379138
v 5.503490 2.329070 4.271850
v 5.525914 2.269675 4.332100
v 5.510244 2.287071 4.314521
v 5.501458 2.136505 3.998085
v 5.523433 2.034614 3.997922
v 5.507895 2.064457 3.998038
v 5.499426 2.329070 3.724321
v 5.520952 2.269675 3.663745
v 5.505545 2.287071 3.681555
v 5.506248 3.401785 4.643202
v 5.528234 3.356750 4.644550
v 5.512691 3.369940 4.644223
v 5.518632 3.356750 3.351295
v 5.496669 3.401785 3.352969
v 5.503097 3.369940 3.351853
vn -0.0000 -1.0000 -0.0000
vn -0.4330 0.9005 -0.0394
vn -0.0822 0.9966 -0.0075
vn -0.4170 0.9005 -0.1231
vn -0.0792 0.9966 -0.0234
vn -0.3850 0.9005 -0.2021
vn -0.0731 0.9966 -0.0384
vn -0.3382 0.9005 -0.2733
vn -0.0642 0.9966 -0.0519
vn -0.2783 0.9005 -0.3341
vn -0.0528 0.9966 -0.0634
vn -0.2078 0.9005 -0.3819
vn -0.0395 0.9966 -0.0725
vn -0.1293 0.9005 -0.4151
vn -0.0246 0.9966 -0.0788
vn -0.0458 0.9005 -0.4324
vn -0.0087 0.9966 -0.0821
vn 0.0394 0.9005 -0.4330
vn 0.0075 0.9966 -0.0822
vn 0.1231 0.9005 -0.4170
vn 0.0234 0.9966 -0.0792
vn 0.2021 0.9005 -0.3850
vn 0.0384 0.9966 -0.0731
vn 0.2733 0.9005 -0.3382
vn 0.0519 0.9966 -0.0642
vn 0.3341 0.9005 -0.2783
vn 0.0634 0.9966 -0.0528
vn 0.3819 0.9005 -0.2078
vn 0.0725 0.9966 -0.0395
vn 0.4151 0.9005 -0.1293
vn 0.0788 0.9966 -0.0246
vn 0.4324 0.9005 -0.0458
vn 0.0821 0.9966 -0.0087
vn 0.4330 0.9005 0.0394
vn 0.0822 0.9966 0.0075
vn 0.4170 0.9005 0.1231
vn 0.0792 0.9966 0.0234
vn 0.3850 0.9005 0.2021
vn 0.0731 0.9966 0.0384
vn 0.3382 0.9005 0.2733
vn 0.0642 0.9966 0.0519
vn 0.2783 0.9005 0.3341
vn 0.0528 0.9966 0.0634
vn 0.2078 0.9005 0.3819
vn 0.0395 0.9966 0.0725
vn 0.1293 0.9005 0.4151
vn 0.0246 0.9966 0.0788
vn 0.0458 0.9005 0.4324
vn 0.0087 0.9966 0.0821
vn -0.0394 0.9005 0.4330
vn -0.0075 0.9966 0.0822
vn -0.1231 0.9005 0.4170
vn -0.0234 0.9966 0.0792
vn -0.2021 0.9005 0.3850
vn -0.0384 0.9966 0.0731
vn -0.2733 0.9005 0.3382
vn -0.0519 0.9966 0.0642
vn -0.3341 0.9005 0.2783
vn -0.0634 0.9966 0.0528
vn -0.3819 0.9005 0.2078
vn -0.0725 0.9966 0.0395
vn -0.4151 0.9005 0.1293
vn -0.0788 0.9966 0.0246
vn -0.4324 0.9005 0.0458
vn -0.0821 0.9966 0.0087
vn -0.0000 1.0000 -0.0000
vn -0.9959 -0.0000 -0.0906
vn -0.9944 -0.0000 0.1054
vn -0.9591 -0.0000 -0.2832
vn -0.8854 -0.0000 -0.4648
vn -0.7777 -0.0000 -0.6286
vn -0.6401 -0.0000 -0.7683
vn -0.4779 -0.0000 -0.8784
vn -0.2974 -0.0000 -0.9548
vn -0.1054 -0.0000 -0.9944
vn 0.0906 -0.0000 -0.9959
vn 0.2832 -0.0000 -0.9591
vn 0.4648 -0.0000 -0.8854
vn 0.6286 -0.0000 -0.7777
vn 0.7683 -0.0000 -0.6401
vn 0.8784 -0.0000 -0.4779
vn 0.9548 -0.0000 -0.2974
vn 0.9944 -0.0000 -0.1054
vn 0.9959 -0.0000 0.0906
vn 0.9591 -0.0000 0.2832
vn 0.8854 -0.0000 0.4648
vn 0.7777 -0.0000 0.6286
vn 0.6401 -0.0000 0.7683
vn 0.4779 -0.0000 0.8784
vn 0.2974 -0.0000 0.9548
vn 0.1054 -0.0000 0.9944
vn -0.0906 -0.0000 0.9959
vn -0.2832 -0.0000 0.9591
vn -0.4648 -0.0000 0.8854
vn -0.6286 -0.0000 0.7777
vn -0.7683 -0.0000 0.6401
vn -0.8784 -0.0000 0.4779
vn -0.9548 -0.0000 0.2974
vn 0.0074 -0.0000 1.0000
vn -1.0000 -0.0000 0.0074
vn -0.0074 -0.0000 -1.0000
vn 1.0000 -0.0000 -0.0074
vn 0.7292 0.5515 -0.4051
vn 0.9868 0.1259 -0.1018
vn -0.9882 0.1259 -0.0872
vn -0.7351 0.5515 -0.3942
vn 0.7351 0.5515 0.3942
vn 0.9882 0.1259 0.0872
vn -0.9868 0.1259 0.1018
vn -0.7292 0.5515 0.4051
vn 0.0043 0.8127 0.5827
vn -0.0043 0.8127 -0.5827
vn -0.0015 0.9803 -0.1973
vn 0.0015 0.9803 0.1973
vn -0.8413 -0.4392 0.3152
vn -0.9936 -0.0888 0.0698
vn -0.9945 -0.0888 -0.0551
vn -0.8458 -0.4392 -0.3027
vn -0.9792 -0.0606 0.1935
vn -0.6372 -0.2174 0.7394
vn -0.9820 -0.0606 -0.1789
vn -0.6481 -0.2174 -0.7298
vn 0.0071 -0.2762 0.9611
vn 0.0043 -0.8179 0.5753
vn -0.0043 -0.8179 -0.5753
vn -0.0071 -0.2762 -0.9611
vn 0.0074 0.0335 0.9994
vn -0.0074 0.0335 -0.9994
vt 0.483906 0.143218
vt 0.474334 0.128893
vt 0.467741 0.112976
vt 0.464380 0.096078
vt 0.464380 0.078849
vt 0.467741 0.061951
vt 0.474334 0.046034
vt 0.483906 0.031709
vt 0.496089 0.019526
vt 0.510414 0.009954
vt 0.526331 0.003361
vt 0.543229 -0.000000
vt 0.560458 -0.000000
vt 0.577356 0.003361
vt 0.593273 0.009954
vt 0.607598 0.019526
vt 0.619781 0.031709
vt 0.629353 0.046034
vt 0.635946 0.061951
vt 0.639307 0.078849
vt 0.639307 0.096078
vt 0.635946 0.112976
vt 0.629353 0.128893
vt 0.619781 0.143218
vt 0.607598 0.155401
vt 0.593273 0.164973
vt 0.577356 0.171566
vt 0.560458 0.174927
vt 0.543229 0.174927
vt 0.526331 0.171566
vt 0.510414 0.164973
vt 0.496089 0.155401
vt 0.667962 0.525164
vt 0.650816 0.525244
vt 0.650816 0.510871
vt 0.666816 0.510796
vt 0.473669 0.295208
vt 0.467517 0.280354
vt 0.481083 0.276239
vt 0.486172 0.288525
vt 0.684448 0.524924
vt 0.682201 0.510572
vt 0.482601 0.308576
vt 0.493560 0.299582
vt 0.699643 0.524536
vt 0.696381 0.510210
vt 0.493970 0.319945
vt 0.502964 0.308986
vt 0.712961 0.524013
vt 0.708809 0.509722
vt 0.507338 0.328877
vt 0.514021 0.316374
vt 0.477698 0.524677
vt 0.464380 0.524046
vt 0.468532 0.509722
vt 0.480960 0.510310
vt 0.522192 0.335029
vt 0.526307 0.321463
vt 0.492892 0.525145
vt 0.495140 0.510747
vt 0.537961 0.338166
vt 0.539350 0.324058
vt 0.509379 0.525433
vt 0.510525 0.511016
vt 0.554038 0.338166
vt 0.552649 0.324058
vt 0.526525 0.525531
vt 0.526525 0.511107
vt 0.569807 0.335029
vt 0.565692 0.321463
vt 0.543671 0.525433
vt 0.542525 0.511016
vt 0.584661 0.328877
vt 0.577978 0.316374
vt 0.560158 0.525145
vt 0.557911 0.510747
vt 0.598029 0.319945
vt 0.589035 0.308986
vt 0.575352 0.524677
vt 0.572090 0.510310
vt 0.609398 0.308576
vt 0.598439 0.299582
vt 0.588670 0.524046
vt 0.584518 0.509722
vt 0.618330 0.295208
vt 0.605827 0.288525
vt 0.477698 0.353257
vt 0.464380 0.352522
vt 0.468532 0.338166
vt 0.480960 0.338852
vt 0.624482 0.280354
vt 0.610916 0.276239
vt 0.492892 0.353804
vt 0.495140 0.339362
vt 0.627619 0.264585
vt 0.613511 0.263196
vt 0.509379 0.354140
vt 0.510525 0.339676
vt 0.627619 0.248508
vt 0.613511 0.249897
vt 0.526525 0.354254
vt 0.526525 0.339782
vt 0.624482 0.232739
vt 0.610916 0.236854
vt 0.543671 0.354140
vt 0.542525 0.339676
vt 0.618330 0.217885
vt 0.605827 0.224568
vt 0.560158 0.353804
vt 0.557911 0.339362
vt 0.609397 0.204517
vt 0.598439 0.213511
vt 0.575352 0.353257
vt 0.572090 0.338852
vt 0.598029 0.193148
vt 0.589035 0.204107
vt 0.588670 0.352522
vt 0.584518 0.338166
vt 0.584661 0.184216
vt 0.577978 0.196719
vt 0.601988 0.353121
vt 0.588670 0.352491
vt 0.592823 0.338166
vt 0.605251 0.338754
vt 0.569807 0.178064
vt 0.565692 0.191630
vt 0.617183 0.353589
vt 0.619430 0.339191
vt 0.554038 0.174927
vt 0.552649 0.189035
vt 0.633670 0.353878
vt 0.634816 0.339461
vt 0.537961 0.174927
vt 0.539350 0.189035
vt 0.650816 0.353975
vt 0.650816 0.339552
vt 0.522192 0.178064
vt 0.526307 0.191630
vt 0.667962 0.353878
vt 0.666816 0.339461
vt 0.507338 0.184216
vt 0.514021 0.196719
vt 0.684448 0.353589
vt 0.682201 0.339191
vt 0.493970 0.193148
vt 0.502964 0.204107
vt 0.699643 0.353121
vt 0.696381 0.338754
vt 0.482601 0.204517
vt 0.493560 0.213511
vt 0.712961 0.352491
vt 0.708809 0.338166
vt 0.473669 0.217885
vt 0.486172 0.224568
vt 0.601988 0.524536
vt 0.588670 0.524013
vt 0.592823 0.509722
vt 0.605251 0.510210
vt 0.467516 0.232739
vt 0.481083 0.236854
vt 0.617183 0.524924
vt 0.619430 0.510572
vt 0.464380 0.248508
vt 0.478488 0.249897
vt 0.633670 0.525164
vt 0.634816 0.510796
vt 0.464380 0.264585
vt 0.478488 0.263196
vt 0.650816 0.680887
vt 0.667962 0.680806
vt 0.633670 0.680806
vt 0.684448 0.680567
vt 0.699643 0.680178
vt 0.712961 0.679655
vt 0.464380 0.679608
vt 0.477698 0.680238
vt 0.492892 0.680707
vt 0.509379 0.680995
vt 0.526525 0.681092
vt 0.543671 0.680995
vt 0.560158 0.680707
vt 0.575352 0.680238
vt 0.588670 0.679608
vt 0.464380 0.507990
vt 0.477698 0.508725
vt 0.492892 0.509272
vt 0.509379 0.509608
vt 0.526525 0.509722
vt 0.543671 0.509608
vt 0.560158 0.509272
vt 0.575352 0.508725
vt 0.588670 0.507990
vt 0.588670 0.508052
vt 0.601988 0.508682
vt 0.617183 0.509151
vt 0.633670 0.509439
vt 0.650816 0.509537
vt 0.667962 0.509439
vt 0.684448 0.509151
vt 0.699643 0.508682
vt 0.712961 0.508052
vt 0.588670 0.679655
vt 0.601988 0.680178
vt 0.617183 0.680567
vt 0.812009 0.292933
vt 0.812009 0.175885
vt 0.825344 0.175822
vt 0.825344 0.292870
vt 0.838167 0.175636
vt 0.838167 0.292684
vt 0.849985 0.175334
vt 0.849985 0.292382
vt 0.860344 0.174927
vt 0.860344 0.291975
vt 0.685341 0.797874
vt 0.685341 0.680887
vt 0.695699 0.681377
vt 0.695699 0.798364
vt 0.707517 0.681742
vt 0.707517 0.798729
vt 0.720340 0.681966
vt 0.720340 0.798953
vt 0.733676 0.682042
vt 0.733676 0.799029
vt 0.747012 0.681966
vt 0.747012 0.798953
vt 0.759835 0.681742
vt 0.759835 0.798729
vt 0.771653 0.681377
vt 0.771653 0.798364
vt 0.782011 0.680887
vt 0.782011 0.797874
vt 0.588670 0.797804
vt 0.588670 0.680887
vt 0.599029 0.681459
vt 0.599029 0.798376
vt 0.610847 0.681884
vt 0.610847 0.798800
vt 0.623670 0.682145
vt 0.623670 0.799062
vt 0.637006 0.682234
vt 0.637006 0.799151
vt 0.650341 0.682145
vt 0.650341 0.799062
vt 0.663164 0.681884
vt 0.663164 0.798800
vt 0.674982 0.681459
vt 0.674982 0.798376
vt 0.685341 0.680887
vt 0.685341 0.797804
vt 0.464380 0.798080
vt 0.464380 0.681092
vt 0.474738 0.681583
vt 0.474738 0.798570
vt 0.486556 0.681947
vt 0.486556 0.798934
vt 0.499379 0.682171
vt 0.499379 0.799159
vt 0.512715 0.682247
vt 0.512715 0.799235
vt 0.526051 0.682171
vt 0.526051 0.799159
vt 0.538874 0.681947
vt 0.538874 0.798934
vt 0.550692 0.681583
vt 0.550692 0.798570
vt 0.561050 0.681092
vt 0.561050 0.798080
vt 0.763673 0.291975
vt 0.763673 0.174927
vt 0.774032 0.175334
vt 0.774032 0.292382
vt 0.785850 0.175636
vt 0.785850 0.292684
vt 0.652281 0.295794
vt 0.642806 0.286319
vt 0.635361 0.275177
vt 0.630233 0.262797
vt 0.627619 0.249654
vt 0.627619 0.236254
vt 0.630233 0.223111
vt 0.635361 0.210731
vt 0.642806 0.199589
vt 0.652281 0.190114
vt 0.663423 0.182669
vt 0.675803 0.177541
vt 0.688946 0.174927
vt 0.702346 0.174927
vt 0.715489 0.177541
vt 0.727869 0.182669
vt 0.739011 0.190114
vt 0.748486 0.199589
vt 0.755931 0.210731
vt 0.761059 0.223111
vt 0.763673 0.236254
vt 0.763673 0.249654
vt 0.761059 0.262797
vt 0.755931 0.275177
vt 0.748486 0.286319
vt 0.739011 0.295794
vt 0.727869 0.303239
vt 0.715489 0.308367
vt 0.702346 0.310981
vt 0.688946 0.310981
vt 0.675803 0.308367
vt 0.663423 0.303239
vt 0.798673 0.175822
vt 0.798673 0.292870
vt 0.654494 0.111392
vt 0.647049 0.100250
vt 0.641921 0.087870
vt 0.639307 0.074727
vt 0.639307 0.061327
vt 0.641921 0.048184
vt 0.647049 0.035804
vt 0.654494 0.024662
vt 0.663969 0.015187
vt 0.675111 0.007742
vt 0.687491 0.002614
vt 0.700634 0.000000
vt 0.714034 0.000000
vt 0.727177 0.002614
vt 0.739557 0.007742
vt 0.750699 0.015187
vt 0.760174 0.024662
vt 0.767619 0.035804
vt 0.772747 0.048184
vt 0.775361 0.061327
vt 0.775361 0.074727
vt 0.772747 0.087870
vt 0.767619 0.100250
vt 0.760174 0.111392
vt 0.750699 0.120867
vt 0.739557 0.128312
vt 0.727177 0.133440
vt 0.714034 0.136054
vt 0.700634 0.136054
vt 0.687491 0.133440
vt 0.675111 0.128312
vt 0.663969 0.120867
vt 0.867249 0.970990
vt 0.867249 0.175064
vt 0.869154 0.175055
vt 0.869154 0.970981
vt 0.870986 0.175028
vt 0.870986 0.970955
vt 0.872674 0.174985
vt 0.872674 0.970911
vt 0.874154 0.174927
vt 0.874154 0.970853
vt 0.874154 0.970439
vt 0.874154 0.174927
vt 0.875634 0.174997
vt 0.875634 0.970509
vt 0.877322 0.175049
vt 0.877322 0.970561
vt 0.879154 0.175081
vt 0.879154 0.970594
vt 0.881059 0.175092
vt 0.881059 0.970604
vt 0.882964 0.175081
vt 0.882964 0.970594
vt 0.884796 0.175049
vt 0.884796 0.970561
vt 0.886484 0.174997
vt 0.886484 0.970509
vt 0.887964 0.174927
vt 0.887964 0.970439
vt 0.901774 0.969961
vt 0.901774 0.174927
vt 0.903254 0.175009
vt 0.903254 0.970042
vt 0.904942 0.175069
vt 0.904942 0.970103
vt 0.906774 0.175107
vt 0.906774 0.970141
vt 0.908679 0.175119
vt 0.908679 0.970153
vt 0.910584 0.175107
vt 0.910584 0.970141
vt 0.912416 0.175069
vt 0.912416 0.970103
vt 0.914104 0.175009
vt 0.914104 0.970042
vt 0.915584 0.174927
vt 0.915584 0.969961
vt 0.889444 0.174997
vt 0.889444 0.970509
vt 0.891132 0.175049
vt 0.891132 0.970561
vt 0.892964 0.175081
vt 0.892964 0.970594
vt 0.894869 0.175092
vt 0.894869 0.970604
vt 0.896774 0.175081
vt 0.896774 0.970594
vt 0.898606 0.175049
vt 0.898606 0.970561
vt 0.900294 0.174997
vt 0.900294 0.970509
vt 0.901774 0.174927
vt 0.901774 0.970439
vt 0.860344 0.970853
vt 0.860344 0.174927
vt 0.861824 0.174985
vt 0.861824 0.970911
vt 0.863512 0.175028
vt 0.863512 0.970955
vt 0.643532 0.328248
vt 0.641940 0.329312
vt 0.640172 0.330044
vt 0.638294 0.330418
vt 0.636380 0.330418
vt 0.634503 0.330044
vt 0.632734 0.329312
vt 0.631142 0.328248
vt 0.629789 0.326894
vt 0.628725 0.325303
vt 0.627993 0.323534
vt 0.627619 0.321657
vt 0.627619 0.319742
vt 0.627993 0.317865
vt 0.628725 0.316096
vt 0.629789 0.314504
vt 0.631142 0.313151
vt 0.632734 0.312087
vt 0.634503 0.311355
vt 0.636380 0.310981
vt 0.638294 0.310981
vt 0.640172 0.311355
vt 0.641940 0.312087
vt 0.643532 0.313151
vt 0.644886 0.314504
vt 0.645949 0.316096
vt 0.646682 0.317865
vt 0.647055 0.319742
vt 0.647055 0.321657
vt 0.646682 0.323534
vt 0.645949 0.325303
vt 0.644886 0.326894
vt 0.865344 0.175055
vt 0.865344 0.970981
vt 0.653628 0.154385
vt 0.651860 0.155117
vt 0.649982 0.155491
vt 0.648068 0.155491
vt 0.646190 0.155117
vt 0.644422 0.154385
vt 0.642830 0.153321
vt 0.641477 0.151967
vt 0.640413 0.150376
vt 0.639680 0.148607
vt 0.639307 0.146730
vt 0.639307 0.144815
vt 0.639680 0.142938
vt 0.640413 0.141169
vt 0.641477 0.139577
vt 0.642830 0.138224
vt 0.644422 0.137160
vt 0.646190 0.136428
vt 0.648068 0.136054
vt 0.649982 0.136054
vt 0.651860 0.136428
vt 0.653628 0.137160
vt 0.655220 0.138224
vt 0.656574 0.139577
vt 0.657637 0.141169
vt 0.658370 0.142938
vt 0.658743 0.144815
vt 0.658743 0.146730
vt 0.658370 0.148607
vt 0.657637 0.150376
vt 0.656574 0.151967
vt 0.655220 0.153321
vt 0.841561 0.806115
vt 0.841561 0.338166
vt 0.851326 0.338166
vt 0.851326 0.806115
vt 0.798594 0.806358
vt 0.798594 0.338166
vt 0.820077 0.338166
vt 0.820077 0.806358
vt 0.915584 0.642875
vt 0.915584 0.174927
vt 0.925349 0.174927
vt 0.925349 0.642875
vt 0.820077 0.805833
vt 0.820077 0.338166
vt 0.841561 0.338166
vt 0.841561 0.805833
vt 0.656821 0.310981
vt 0.656821 0.332465
vt 0.647055 0.332465
vt 0.647055 0.310981
vt 0.666586 0.310981
vt 0.666586 0.332465
vt 0.656821 0.310981
vt 0.284028 0.323926
vt 0.373100 0.005339
vt 0.374689 0.003820
vt 0.284028 0.335048
vt 0.378526 0.000000
vt 0.284028 0.361743
vt 0.094654 0.362149
vt 0.000157 0.000000
vt 0.003993 0.003834
vt 0.094654 0.335433
vt 0.005582 0.005376
vt 0.094654 0.324321
vt 0.194956 0.005339
vt 0.193367 0.003820
vt 0.189530 0.000000
vt 0.189152 0.000000
vt 0.185315 0.003834
vt 0.183726 0.005376
vt 0.754155 0.667847
vt 0.714583 0.667847
vt 0.714583 0.343930
vt 0.754155 0.343930
vt 0.757400 0.667847
vt 0.757400 0.343930
vt 0.796972 0.343930
vt 0.796972 0.667847
vt 0.284028 0.999032
vt 0.235077 0.827267
vt 0.189309 0.032909
vt 0.378747 0.032909
vt 0.332979 0.827267
vt 0.798594 0.338166
vt 0.798119 0.342242
vt 0.756253 0.342242
vt 0.755777 0.338166
vt 0.712961 0.338166
vt 0.755778 0.338166
vt 0.755302 0.342242
vt 0.713436 0.342242
vt 0.094654 1.000000
vt 0.045703 0.828041
vt 0.048295 0.815424
vt 0.094654 0.978277
vt 0.054553 0.784745
vt 0.094654 0.925616
vt 0.134756 0.784745
vt 0.141013 0.815424
vt 0.143605 0.828041
vt 0.000000 0.023251
vt 0.420621 0.023293
vt 0.420621 0.812269
vt 0.418344 0.825138
vt 0.418344 0.032941
vt 0.189309 0.023251
vt 0.422506 0.812269
vt 0.422506 0.023293
vt 0.424782 0.032941
vt 0.424782 0.825138
vt 0.378747 0.825138
vt 0.378747 0.032941
vt 0.418344 0.994184
vt 0.378747 0.994184
vt 0.464380 0.825138
vt 0.464380 0.994184
vt 0.424782 0.994184
vt 0.464380 0.032941
vt 0.378747 0.000000
vt 0.421563 0.000000
vt 0.421563 0.000000
vt 0.464380 0.000000
s 1
usemtl Material.021
f 5815/10774/2437 5816/10775/2437 5817/10776/2437 5818/10777/2437 5819/10778/2437 5820/10779/2437 5821/10780/2437 5822/10781/2437 5823/10782/2437 5824/10783/2437 5825/10784/2437 5826/10785/2437 5827/10786/2437 5828/10787/2437 5829/10788/2437 5830/10789/2437 5831/10790/2437 5832/10791/2437 5833/10792/2437 5834/10793/2437 5835/10794/2437 5836/10795/2437 5837/10796/2437 5838/10797/2437 5839/10798/2437 5840/10799/2437 5841/10800/2437 5842/10801/2437 5843/10802/2437 5844/10803/2437 5845/10804/2437 5846/10805/2437
f 5851/10806/2438 5848/10807/2438 5849/10808/2438 5852/10809/2438
f 5852/10810/2439 5849/10811/2439 5847/10812/2439 5850/10813/2439
f 5854/10814/2440 5851/10806/2440 5852/10809/2440 5855/10815/2440
f 5855/10816/2441 5852/10810/2441 5850/10813/2441 5853/10817/2441
f 5857/10818/2442 5854/10814/2442 5855/10815/2442 5858/10819/2442
f 5858/10820/2443 5855/10816/2443 5853/10817/2443 5856/10821/2443
f 5860/10822/2444 5857/10818/2444 5858/10819/2444 5861/10823/2444
f 5861/10824/2445 5858/10820/2445 5856/10821/2445 5859/10825/2445
f 5863/10826/2446 5860/10827/2446 5861/10828/2446 5864/10829/2446
f 5864/10830/2447 5861/10824/2447 5859/10825/2447 5862/10831/2447
f 5866/10832/2448 5863/10826/2448 5864/10829/2448 5867/10833/2448
f 5867/10834/2449 5864/10830/2449 5862/10831/2449 5865/10835/2449
f 5869/10836/2450 5866/10832/2450 5867/10833/2450 5870/10837/2450
f 5870/10838/2451 5867/10834/2451 5865/10835/2451 5868/10839/2451
f 5872/10840/2452 5869/10836/2452 5870/10837/2452 5873/10841/2452
f 5873/10842/2453 5870/10838/2453 5868/10839/2453 5871/10843/2453
f 5875/10844/2454 5872/10840/2454 5873/10841/2454 5876/10845/2454
f 5876/10846/2455 5873/10842/2455 5871/10843/2455 5874/10847/2455
f 5878/10848/2456 5875/10844/2456 5876/10845/2456 5879/10849/2456
f 5879/10850/2457 5876/10846/2457 5874/10847/2457 5877/10851/2457
f 5881/10852/2458 5878/10848/2458 5879/10849/2458 5882/10853/2458
f 5882/10854/2459 5879/10850/2459 5877/10851/2459 5880/10855/2459
f 5884/10856/2460 5881/10852/2460 5882/10853/2460 5885/10857/2460
f 5885/10858/2461 5882/10854/2461 5880/10855/2461 5883/10859/2461
f 5887/10860/2462 5884/10861/2462 5885/10862/2462 5888/10863/2462
f 5888/10864/2463 5885/10858/2463 5883/10859/2463 5886/10865/2463
f 5890/10866/2464 5887/10860/2464 5888/10863/2464 5891/10867/2464
f 5891/10868/2465 5888/10864/2465 5886/10865/2465 5889/10869/2465
f 5893/10870/2466 5890/10866/2466 5891/10867/2466 5894/10871/2466
f 5894/10872/2467 5891/10868/2467 5889/10869/2467 5892/10873/2467
f 5896/10874/2468 5893/10870/2468 5894/10871/2468 5897/10875/2468
f 5897/10876/2469 5894/10872/2469 5892/10873/2469 5895/10877/2469
f 5899/10878/2470 5896/10874/2470 5897/10875/2470 5900/10879/2470
f 5900/10880/2471 5897/10876/2471 5895/10877/2471 5898/10881/2471
f 5902/10882/2472 5899/10878/2472 5900/10879/2472 5903/10883/2472
f 5903/10884/2473 5900/10880/2473 5898/10881/2473 5901/10885/2473
f 5905/10886/2474 5902/10882/2474 5903/10883/2474 5906/10887/2474
f 5906/10888/2475 5903/10884/2475 5901/10885/2475 5904/10889/2475
f 5908/10890/2476 5905/10886/2476 5906/10887/2476 5909/10891/2476
f 5909/10892/2477 5906/10888/2477 5904/10889/2477 5907/10893/2477
f 5911/10894/2478 5908/10895/2478 5909/10896/2478 5912/10897/2478
f 5912/10898/2479 5909/10892/2479 5907/10893/2479 5910/10899/2479
f 5914/10900/2480 5911/10894/2480 5912/10897/2480 5915/10901/2480
f 5915/10902/2481 5912/10898/2481 5910/10899/2481 5913/10903/2481
f 5917/10904/2482 5914/10900/2482 5915/10901/2482 5918/10905/2482
f 5918/10906/2483 5915/10902/2483 5913/10903/2483 5916/10907/2483
f 5920/10908/2484 5917/10904/2484 5918/10905/2484 5921/10909/2484
f 5921/10910/2485 5918/10906/2485 5916/10907/2485 5919/10911/2485
f 5923/10912/2486 5920/10908/2486 5921/10909/2486 5924/10913/2486
f 5924/10914/2487 5921/10910/2487 5919/10911/2487 5922/10915/2487
f 5926/10916/2488 5923/10912/2488 5924/10913/2488 5927/10917/2488
f 5927/10918/2489 5924/10914/2489 5922/10915/2489 5925/10919/2489
f 5929/10920/2490 5926/10916/2490 5927/10917/2490 5930/10921/2490
f 5930/10922/2491 5927/10918/2491 5925/10919/2491 5928/10923/2491
f 5932/10924/2492 5929/10920/2492 5930/10921/2492 5933/10925/2492
f 5933/10926/2493 5930/10922/2493 5928/10923/2493 5931/10927/2493
f 5935/10928/2494 5932/10929/2494 5933/10930/2494 5936/10931/2494
f 5936/10932/2495 5933/10926/2495 5931/10927/2495 5934/10933/2495
f 5938/10934/2496 5935/10928/2496 5936/10931/2496 5939/10935/2496
f 5939/10936/2497 5936/10932/2497 5934/10933/2497 5937/10937/2497
f 5941/10938/2498 5938/10934/2498 5939/10935/2498 5942/10939/2498
f 5942/10940/2499 5939/10936/2499 5937/10937/2499 5940/10941/2499
f 5848/10807/2500 5941/10938/2500 5942/10939/2500 5849/10808/2500
f 5849/10811/2501 5942/10940/2501 5940/10941/2501 5847/10812/2501
f 5850/10813/2502 5847/10812/2502 5940/10941/2502 5937/10937/2502 5934/10933/2502 5931/10927/2502 5928/10923/2502 5925/10919/2502 5922/10915/2502 5919/10911/2502 5916/10907/2502 5913/10903/2502 5910/10899/2502 5907/10893/2502 5904/10889/2502 5901/10885/2502 5898/10881/2502 5895/10877/2502 5892/10873/2502 5889/10869/2502 5886/10865/2502 5883/10859/2502 5880/10855/2502 5877/10851/2502 5874/10847/2502 5871/10843/2502 5868/10839/2502 5865/10835/2502 5862/10831/2502 5859/10825/2502 5856/10821/2502 5853/10817/2502
f 5815/10942/2503 5848/10807/2503 5851/10806/2503 5816/10943/2503
f 5846/10944/2504 5941/10938/2504 5848/10807/2504 5815/10942/2504
f 5816/10943/2505 5851/10806/2505 5854/10814/2505 5817/10945/2505
f 5817/10945/2506 5854/10814/2506 5857/10818/2506 5818/10946/2506
f 5818/10946/2507 5857/10818/2507 5860/10822/2507 5819/10947/2507
f 5819/10948/2508 5860/10827/2508 5863/10826/2508 5820/10949/2508
f 5820/10949/2509 5863/10826/2509 5866/10832/2509 5821/10950/2509
f 5821/10950/2510 5866/10832/2510 5869/10836/2510 5822/10951/2510
f 5822/10951/2511 5869/10836/2511 5872/10840/2511 5823/10952/2511
f 5823/10952/2512 5872/10840/2512 5875/10844/2512 5824/10953/2512
f 5824/10953/2513 5875/10844/2513 5878/10848/2513 5825/10954/2513
f 5825/10954/2514 5878/10848/2514 5881/10852/2514 5826/10955/2514
f 5826/10955/2515 5881/10852/2515 5884/10856/2515 5827/10956/2515
f 5827/10957/2516 5884/10861/2516 5887/10860/2516 5828/10958/2516
f 5828/10958/2517 5887/10860/2517 5890/10866/2517 5829/10959/2517
f 5829/10959/2518 5890/10866/2518 5893/10870/2518 5830/10960/2518
f 5830/10960/2519 5893/10870/2519 5896/10874/2519 5831/10961/2519
f 5831/10961/2520 5896/10874/2520 5899/10878/2520 5832/10962/2520
f 5832/10962/2521 5899/10878/2521 5902/10882/2521 5833/10963/2521
f 5833/10963/2522 5902/10882/2522 5905/10886/2522 5834/10964/2522
f 5834/10964/2523 5905/10886/2523 5908/10890/2523 5835/10965/2523
f 5835/10966/2524 5908/10895/2524 5911/10894/2524 5836/10967/2524
f 5836/10967/2525 5911/10894/2525 5914/10900/2525 5837/10968/2525
f 5837/10968/2526 5914/10900/2526 5917/10904/2526 5838/10969/2526
f 5838/10969/2527 5917/10904/2527 5920/10908/2527 5839/10970/2527
f 5839/10970/2528 5920/10908/2528 5923/10912/2528 5840/10971/2528
f 5840/10971/2529 5923/10912/2529 5926/10916/2529 5841/10972/2529
f 5841/10972/2530 5926/10916/2530 5929/10920/2530 5842/10973/2530
f 5842/10973/2531 5929/10920/2531 5932/10924/2531 5843/10974/2531
f 5843/10975/2532 5932/10929/2532 5935/10928/2532 5844/10976/2532
f 5844/10976/2533 5935/10928/2533 5938/10934/2533 5845/10977/2533
f 5845/10977/2534 5938/10934/2534 5941/10938/2534 5846/10944/2534
f 5943/10978/2503 5944/10979/2503 5946/10980/2503 5945/10981/2503
f 5945/10981/2505 5946/10980/2505 5948/10982/2505 5947/10983/2505
f 5947/10983/2506 5948/10982/2506 5950/10984/2506 5949/10985/2506
f 5949/10985/2507 5950/10984/2507 5952/10986/2507 5951/10987/2507
f 5951/10988/2508 5952/10989/2508 5954/10990/2508 5953/10991/2508
f 5953/10991/2509 5954/10990/2509 5956/10992/2509 5955/10993/2509
f 5955/10993/2510 5956/10992/2510 5958/10994/2510 5957/10995/2510
f 5957/10995/2511 5958/10994/2511 5960/10996/2511 5959/10997/2511
f 5959/10997/2512 5960/10996/2512 5962/10998/2512 5961/10999/2512
f 5961/10999/2513 5962/10998/2513 5964/11000/2513 5963/11001/2513
f 5963/11001/2514 5964/11000/2514 5966/11002/2514 5965/11003/2514
f 5965/11003/2515 5966/11002/2515 5968/11004/2515 5967/11005/2515
f 5967/11006/2516 5968/11007/2516 5970/11008/2516 5969/11009/2516
f 5969/11009/2517 5970/11008/2517 5972/11010/2517 5971/11011/2517
f 5971/11011/2518 5972/11010/2518 5974/11012/2518 5973/11013/2518
f 5973/11013/2519 5974/11012/2519 5976/11014/2519 5975/11015/2519
f 5975/11015/2520 5976/11014/2520 5978/11016/2520 5977/11017/2520
f 5977/11017/2521 5978/11016/2521 5980/11018/2521 5979/11019/2521
f 5979/11019/2522 5980/11018/2522 5982/11020/2522 5981/11021/2522
f 5981/11021/2523 5982/11020/2523 5984/11022/2523 5983/11023/2523
f 5983/11024/2524 5984/11025/2524 5986/11026/2524 5985/11027/2524
f 5985/11027/2525 5986/11026/2525 5988/11028/2525 5987/11029/2525
f 5987/11029/2526 5988/11028/2526 5990/11030/2526 5989/11031/2526
f 5989/11031/2527 5990/11030/2527 5992/11032/2527 5991/11033/2527
f 5991/11033/2528 5992/11032/2528 5994/11034/2528 5993/11035/2528
f 5993/11035/2529 5994/11034/2529 5996/11036/2529 5995/11037/2529
f 5995/11037/2530 5996/11036/2530 5998/11038/2530 5997/11039/2530
f 5997/11039/2531 5998/11038/2531 6000/11040/2531 5999/11041/2531
f 5999/11042/2532 6000/11043/2532 6002/11044/2532 6001/11045/2532
f 6001/11045/2533 6002/11044/2533 6004/11046/2533 6003/11047/2533
f 5946/11048/2502 5944/11049/2502 6006/11050/2502 6004/11051/2502 6002/11052/2502 6000/11053/2502 5998/11054/2502 5996/11055/2502 5994/11056/2502 5992/11057/2502 5990/11058/2502 5988/11059/2502 5986/11060/2502 5984/11061/2502 5982/11062/2502 5980/11063/2502 5978/11064/2502 5976/11065/2502 5974/11066/2502 5972/11067/2502 5970/11068/2502 5968/11069/2502 5966/11070/2502 5964/11071/2502 5962/11072/2502 5960/11073/2502 5958/11074/2502 5956/11075/2502 5954/11076/2502 5952/11077/2502 5950/11078/2502 5948/11079/2502
f 6003/11047/2534 6004/11046/2534 6006/11080/2534 6005/11081/2534
f 6005/11081/2504 6006/11080/2504 5944/10979/2504 5943/10978/2504
f 5943/11082/2437 5945/11083/2437 5947/11084/2437 5949/11085/2437 5951/11086/2437 5953/11087/2437 5955/11088/2437 5957/11089/2437 5959/11090/2437 5961/11091/2437 5963/11092/2437 5965/11093/2437 5967/11094/2437 5969/11095/2437 5971/11096/2437 5973/11097/2437 5975/11098/2437 5977/11099/2437 5979/11100/2437 5981/11101/2437 5983/11102/2437 5985/11103/2437 5987/11104/2437 5989/11105/2437 5991/11106/2437 5993/11107/2437 5995/11108/2437 5997/11109/2437 5999/11110/2437 6001/11111/2437 6003/11112/2437 6005/11113/2437
f 6007/11114/2503 6008/11115/2503 6010/11116/2503 6009/11117/2503
f 6009/11117/2505 6010/11116/2505 6012/11118/2505 6011/11119/2505
f 6011/11119/2506 6012/11118/2506 6014/11120/2506 6013/11121/2506
f 6013/11121/2507 6014/11120/2507 6016/11122/2507 6015/11123/2507
f 6015/11124/2508 6016/11125/2508 6018/11126/2508 6017/11127/2508
f 6017/11127/2509 6018/11126/2509 6020/11128/2509 6019/11129/2509
f 6019/11129/2510 6020/11128/2510 6022/11130/2510 6021/11131/2510
f 6021/11131/2511 6022/11130/2511 6024/11132/2511 6023/11133/2511
f 6023/11133/2512 6024/11132/2512 6026/11134/2512 6025/11135/2512
f 6025/11135/2513 6026/11134/2513 6028/11136/2513 6027/11137/2513
f 6027/11137/2514 6028/11136/2514 6030/11138/2514 6029/11139/2514
f 6029/11139/2515 6030/11138/2515 6032/11140/2515 6031/11141/2515
f 6031/11142/2516 6032/11143/2516 6034/11144/2516 6033/11145/2516
f 6033/11145/2517 6034/11144/2517 6036/11146/2517 6035/11147/2517
f 6035/11147/2518 6036/11146/2518 6038/11148/2518 6037/11149/2518
f 6037/11149/2519 6038/11148/2519 6040/11150/2519 6039/11151/2519
f 6039/11151/2520 6040/11150/2520 6042/11152/2520 6041/11153/2520
f 6041/11153/2521 6042/11152/2521 6044/11154/2521 6043/11155/2521
f 6043/11155/2522 6044/11154/2522 6046/11156/2522 6045/11157/2522
f 6045/11157/2523 6046/11156/2523 6048/11158/2523 6047/11159/2523
f 6047/11141/2524 6048/11140/2524 6050/11160/2524 6049/11161/2524
f 6049/11161/2525 6050/11160/2525 6052/11162/2525 6051/11163/2525
f 6051/11163/2526 6052/11162/2526 6054/11164/2526 6053/11165/2526
f 6053/11165/2527 6054/11164/2527 6056/11166/2527 6055/11167/2527
f 6055/11167/2528 6056/11166/2528 6058/11168/2528 6057/11169/2528
f 6057/11169/2529 6058/11168/2529 6060/11170/2529 6059/11171/2529
f 6059/11171/2530 6060/11170/2530 6062/11172/2530 6061/11173/2530
f 6061/11173/2531 6062/11172/2531 6064/11174/2531 6063/11175/2531
f 6063/11176/2532 6064/11177/2532 6066/11178/2532 6065/11179/2532
f 6065/11179/2533 6066/11178/2533 6068/11180/2533 6067/11181/2533
f 6010/11182/2502 6008/11183/2502 6070/11184/2502 6068/11185/2502 6066/11186/2502 6064/11187/2502 6062/11188/2502 6060/11189/2502 6058/11190/2502 6056/11191/2502 6054/11192/2502 6052/11193/2502 6050/11194/2502 6048/11195/2502 6046/11196/2502 6044/11197/2502 6042/11198/2502 6040/11199/2502 6038/11200/2502 6036/11201/2502 6034/11202/2502 6032/11203/2502 6030/11204/2502 6028/11205/2502 6026/11206/2502 6024/11207/2502 6022/11208/2502 6020/11209/2502 6018/11210/2502 6016/11211/2502 6014/11212/2502 6012/11213/2502
f 6067/11181/2534 6068/11180/2534 6070/11214/2534 6069/11215/2534
f 6069/11215/2504 6070/11214/2504 6008/11115/2504 6007/11114/2504
f 6007/11216/2437 6009/11217/2437 6011/11218/2437 6013/11219/2437 6015/11220/2437 6017/11221/2437 6019/11222/2437 6021/11223/2437 6023/11224/2437 6025/11225/2437 6027/11226/2437 6029/11227/2437 6031/11228/2437 6033/11229/2437 6035/11230/2437 6037/11231/2437 6039/11232/2437 6041/11233/2437 6043/11234/2437 6045/11235/2437 6047/11236/2437 6049/11237/2437 6051/11238/2437 6053/11239/2437 6055/11240/2437 6057/11241/2437 6059/11242/2437 6061/11243/2437 6063/11244/2437 6065/11245/2437 6067/11246/2437 6069/11247/2437
f 6071/11248/2535 6072/11249/2535 6074/11250/2535 6073/11251/2535
f 6073/11252/2536 6074/11253/2536 6078/11254/2536 6077/11255/2536
f 6077/11256/2537 6078/11257/2537 6076/11258/2537 6075/11259/2537
f 6075/11260/2538 6076/11261/2538 6072/11262/2538 6071/11263/2538
f 6073/11264/2437 6077/11265/2437 6075/11266/2437 6071/11267/2437
f 6078/11268/2502 6074/11269/2502 6072/11265/2502 6076/11270/2502
f 6092/11271/2539 6095/11272/2539 6096/11273/2539 6093/11274/2539
f 6093/11274/2540 6096/11273/2540 6094/11275/2540 6091/11276/2540
f 6089/11277/2541 6098/11278/2541 6099/11279/2541 6090/11280/2541
f 6090/11280/2542 6099/11279/2542 6097/11281/2542 6088/11282/2542
f 6100/11283/2543 6092/11271/2543 6093/11274/2543 6102/11284/2543
f 6102/11284/2544 6093/11274/2544 6091/11276/2544 6101/11285/2544
f 6103/11286/2545 6089/11277/2545 6090/11280/2545 6105/11287/2545
f 6105/11287/2546 6090/11280/2546 6088/11282/2546 6104/11288/2546
f 6088/11289/2547 6092/11290/2547 6100/11291/2547 6104/11292/2547
f 6088/11293/2548 6097/11294/2548 6095/11295/2548 6092/11296/2548
f 6080/11297/2538 6081/11298/2538 6085/11299/2538 6086/11285/2538 6101/11285/2538 6091/11276/2538
f 6080/11297/2538 6091/11276/2538 6094/11275/2538 6083/11275/2538 6082/11300/2538 6079/11301/2538
f 6094/11302/2549 6096/11303/2549 6095/11295/2549 6097/11294/2549 6099/11304/2549 6098/11305/2549 6084/11305/2549 6083/11302/2549
f 6086/11306/2550 6087/11307/2550 6103/11307/2550 6105/11308/2550 6104/11292/2550 6100/11291/2550 6102/11309/2550 6101/11306/2550
f 6110/11310/2551 6107/11311/2551 6108/11312/2551 6111/11313/2551
f 6111/11313/2552 6108/11312/2552 6106/11314/2552 6109/11315/2552
f 6109/11315/2553 6112/11316/2553 6114/11317/2553 6111/11313/2553
f 6111/11313/2554 6114/11317/2554 6113/11318/2554 6110/11310/2554
f 6115/11278/2555 6106/11314/2555 6108/11312/2555 6117/11319/2555
f 6117/11320/2556 6108/11321/2556 6107/11322/2556 6116/11323/2556
f 6112/11316/2557 6119/11286/2557 6120/11324/2557 6114/11317/2557
f 6114/11325/2558 6120/11326/2558 6118/11327/2558 6113/11328/2558
f 6079/11329/2559 6082/11330/2559 6116/11323/2559 6107/11322/2559
f 6107/11322/2560 6110/11331/2560 6080/11332/2560 6079/11329/2560
f 6106/11314/2536 6115/11278/2536 6084/11278/2536 6098/11278/2536 6089/11277/2536 6109/11315/2536
f 6113/11328/2561 6081/11333/2561 6080/11334/2561 6110/11335/2561
f 6112/11316/2536 6109/11315/2536 6089/11277/2536 6103/11286/2536 6087/11286/2536 6119/11286/2536
f 6081/11333/2562 6113/11328/2562 6118/11327/2562 6085/11336/2562
f 6083/11337/2563 6084/11338/2563 6115/11338/2563 6117/11320/2563 6116/11323/2563 6082/11330/2563
f 6085/11336/2564 6118/11327/2564 6120/11326/2564 6119/11339/2564 6087/11339/2564 6086/11340/2564
o mdlSilla.020
v -4.470895 1.486190 3.927536
v -4.483609 1.486190 4.044468
v -4.518891 1.486190 4.156672
v -4.575386 1.486190 4.259837
v -4.650920 1.486190 4.349998
v -4.742594 1.486190 4.423691
v -4.846882 1.486190 4.478083
v -4.959778 1.486190 4.511084
v -5.076943 1.486190 4.521427
v -5.193875 1.486190 4.508712
v -5.306079 1.486190 4.473430
v -5.409244 1.486190 4.416936
v -5.499405 1.486190 4.341401
v -5.573098 1.486190 4.249728
v -5.627490 1.486190 4.145439
v -5.660491 1.486190 4.032543
v -5.670834 1.486190 3.915378
v -5.658119 1.486190 3.798447
v -5.622837 1.486190 3.686243
v -5.566343 1.486190 3.583078
v -5.490808 1.486190 3.492916
v -5.399135 1.486190 3.419224
v -5.294846 1.486190 3.364832
v -5.181950 1.486190 3.331831
v -5.064785 1.486190 3.321488
v -4.947854 1.486190 3.334202
v -4.835649 1.486190 3.369484
v -4.732485 1.486190 3.425978
v -4.642323 1.486190 3.501513
v -4.568631 1.486190 3.593187
v -4.514238 1.486190 3.697475
v -4.481237 1.486190 3.810371
v -4.607761 1.726190 3.926150
v -4.470895 1.698947 3.927536
v -4.510982 1.718211 3.927130
v -4.617575 1.726190 4.016407
v -4.483609 1.698947 4.044468
v -4.522847 1.718211 4.036249
v -4.644808 1.726190 4.103014
v -4.518891 1.698947 4.156672
v -4.555772 1.718211 4.140956
v -4.688415 1.726190 4.182645
v -4.575386 1.698947 4.259837
v -4.608491 1.718211 4.237228
v -4.746719 1.726190 4.252238
v -4.650920 1.698947 4.349998
v -4.678979 1.718211 4.321365
v -4.817479 1.726190 4.309120
v -4.742594 1.698947 4.423691
v -4.764527 1.718211 4.390134
v -4.897977 1.726190 4.351104
v -4.846882 1.698947 4.478083
v -4.861848 1.718211 4.440892
v -4.985119 1.726190 4.376577
v -4.959778 1.698947 4.511084
v -4.967201 1.718211 4.471688
v -5.075556 1.726190 4.384560
v -5.076943 1.698947 4.521427
v -5.076537 1.718211 4.481339
v -5.165813 1.726190 4.374746
v -5.193875 1.698947 4.508712
v -5.185656 1.718211 4.469475
v -5.252421 1.726190 4.347513
v -5.306079 1.698947 4.473430
v -5.290363 1.718211 4.436550
v -5.332052 1.726190 4.303906
v -5.409244 1.698947 4.416936
v -5.386635 1.718211 4.383831
v -5.401645 1.726190 4.245603
v -5.499405 1.698947 4.341401
v -5.470772 1.718211 4.313342
v -5.458527 1.726190 4.174842
v -5.573098 1.698947 4.249728
v -5.539541 1.718211 4.227794
v -5.500511 1.726190 4.094344
v -5.627490 1.698947 4.145439
v -5.590299 1.718211 4.130474
v -5.525984 1.726190 4.007202
v -5.660491 1.698947 4.032543
v -5.621095 1.718211 4.025121
v -5.533967 1.726190 3.916765
v -5.670834 1.698947 3.915378
v -5.630746 1.718211 3.915784
v -5.524153 1.726190 3.826508
v -5.658119 1.698947 3.798447
v -5.618882 1.718211 3.806666
v -5.496920 1.726190 3.739900
v -5.622837 1.698947 3.686243
v -5.585957 1.718211 3.701959
v -5.453313 1.726190 3.660269
v -5.566343 1.698947 3.583078
v -5.533237 1.718211 3.605687
v -5.395010 1.726190 3.590676
v -5.490808 1.698947 3.492916
v -5.462749 1.718211 3.521550
v -5.324249 1.726190 3.533794
v -5.399135 1.698947 3.419224
v -5.377201 1.718211 3.452781
v -5.243751 1.726190 3.491810
v -5.294846 1.698947 3.364832
v -5.279881 1.718211 3.402023
v -5.156609 1.726190 3.466337
v -5.181950 1.698947 3.331831
v -5.174528 1.718211 3.371227
v -5.066172 1.726190 3.458354
v -5.064785 1.698947 3.321488
v -5.065191 1.718211 3.361575
v -4.975915 1.726190 3.468168
v -4.947854 1.698947 3.334202
v -4.956073 1.718211 3.373440
v -4.889307 1.726190 3.495402
v -4.835649 1.698947 3.369484
v -4.851366 1.718211 3.406365
v -4.809676 1.726190 3.539008
v -4.732484 1.698947 3.425978
v -4.755094 1.718211 3.459084
v -4.740083 1.726190 3.597312
v -4.642323 1.698947 3.501513
v -4.670957 1.718211 3.529572
v -4.683201 1.726190 3.668072
v -4.568631 1.698947 3.593187
v -4.602188 1.718211 3.615120
v -4.641217 1.726190 3.748571
v -4.514238 1.698947 3.697475
v -4.551430 1.718211 3.712441
v -4.615744 1.726190 3.835712
v -4.481237 1.698947 3.810371
v -4.520633 1.718211 3.817794
v -4.604222 0.317975 3.926185
v -4.604222 0.477975 3.926185
v -4.614110 0.317975 4.017132
v -4.614110 0.477975 4.017132
v -4.641552 0.317975 4.104402
v -4.641552 0.477975 4.104402
v -4.685492 0.317975 4.184641
v -4.685492 0.477975 4.184641
v -4.744242 0.317975 4.254767
v -4.744242 0.477975 4.254767
v -4.815543 0.317975 4.312083
v -4.815543 0.477975 4.312083
v -4.896656 0.317975 4.354388
v -4.896656 0.477975 4.354388
v -4.984464 0.317975 4.380056
v -4.984464 0.477975 4.380056
v -5.075593 0.317975 4.388100
v -5.075593 0.477975 4.388100
v -5.166539 0.317975 4.378211
v -5.166539 0.477975 4.378211
v -5.253809 0.317975 4.350770
v -5.253809 0.477975 4.350770
v -5.334049 0.317975 4.306829
v -5.334048 0.477975 4.306829
v -5.404174 0.317975 4.248080
v -5.404174 0.477975 4.248080
v -5.461491 0.317975 4.176779
v -5.461491 0.477975 4.176779
v -5.503796 0.317975 4.095665
v -5.503796 0.477975 4.095665
v -5.529463 0.317975 4.007857
v -5.529463 0.477975 4.007857
v -5.537507 0.317975 3.916729
v -5.537507 0.477975 3.916729
v -5.527618 0.317975 3.825783
v -5.527618 0.477975 3.825783
v -5.500176 0.317975 3.738513
v -5.500176 0.477975 3.738513
v -5.456237 0.317975 3.658273
v -5.456237 0.477975 3.658273
v -5.397487 0.317975 3.588148
v -5.397487 0.477975 3.588148
v -5.326186 0.317975 3.530831
v -5.326186 0.477975 3.530831
v -5.245072 0.317975 3.488526
v -5.245072 0.477975 3.488526
v -5.157265 0.317975 3.462859
v -5.157265 0.477975 3.462859
v -5.066136 0.317975 3.454815
v -5.066136 0.477975 3.454815
v -4.975190 0.317975 3.464704
v -4.975190 0.477975 3.464704
v -4.887920 0.317975 3.492145
v -4.887919 0.477975 3.492145
v -4.807680 0.317975 3.536085
v -4.807680 0.477975 3.536085
v -4.737555 0.317975 3.594834
v -4.737555 0.477975 3.594834
v -4.680238 0.317975 3.666136
v -4.680238 0.477975 3.666136
v -4.637933 0.317975 3.747249
v -4.637933 0.477975 3.747249
v -4.612266 0.317975 3.835057
v -4.612266 0.477975 3.835057
v -5.004201 0.453975 3.922133
v -5.004201 1.541975 3.922133
v -5.005614 0.453975 3.935125
v -5.005614 1.541975 3.935125
v -5.009534 0.453975 3.947592
v -5.009534 1.541975 3.947592
v -5.015811 0.453975 3.959055
v -5.015811 1.541975 3.959055
v -5.024204 0.453975 3.969073
v -5.024204 1.541975 3.969073
v -5.034390 0.453975 3.977261
v -5.034389 1.541975 3.977261
v -5.045978 0.453975 3.983305
v -5.045977 1.541975 3.983305
v -5.058521 0.453975 3.986971
v -5.058521 1.541975 3.986971
v -5.071540 0.453975 3.988121
v -5.071540 1.541975 3.988121
v -5.084532 0.453975 3.986708
v -5.084532 1.541975 3.986708
v -5.096999 0.453975 3.982788
v -5.096999 1.541975 3.982788
v -5.108462 0.453975 3.976511
v -5.108462 1.541975 3.976511
v -5.118480 0.453975 3.968118
v -5.118480 1.541975 3.968118
v -5.126668 0.453975 3.957932
v -5.126668 1.541975 3.957932
v -5.132712 0.453975 3.946344
v -5.132711 1.541975 3.946344
v -5.136379 0.453975 3.933800
v -5.136378 1.541975 3.933800
v -5.137527 0.453975 3.920782
v -5.137527 1.541975 3.920782
v -5.136115 0.453975 3.907789
v -5.136115 1.541975 3.907789
v -5.132195 0.453975 3.895322
v -5.132195 1.541975 3.895322
v -5.125917 0.453975 3.883860
v -5.125917 1.541975 3.883860
v -5.117525 0.453975 3.873842
v -5.117525 1.541975 3.873842
v -5.107339 0.453975 3.865654
v -5.107339 1.541975 3.865654
v -5.095751 0.453975 3.859610
v -5.095751 1.541975 3.859610
v -5.083207 0.453975 3.855943
v -5.083207 1.541975 3.855943
v -5.070189 0.453975 3.854794
v -5.070189 1.541975 3.854794
v -5.057197 0.453975 3.856207
v -5.057196 1.541975 3.856207
v -5.044729 0.453975 3.860127
v -5.044729 1.541975 3.860127
v -5.033267 0.453975 3.866404
v -5.033267 1.541975 3.866404
v -5.023249 0.453975 3.874797
v -5.023249 1.541975 3.874797
v -5.015060 0.453975 3.884983
v -5.015060 1.541975 3.884983
v -5.009017 0.453975 3.896570
v -5.009017 1.541975 3.896570
v -5.005350 0.453975 3.909114
v -5.005350 1.541975 3.909114
v -5.523431 1.614190 3.843535
v -5.523431 2.254190 3.843535
v -5.456768 1.614190 3.844210
v -5.456768 2.254190 3.844210
v -5.524917 1.614190 3.990194
v -5.524917 2.254190 3.990194
v -5.458254 1.614190 3.990869
v -5.458254 2.254190 3.990869
v -5.647505 2.269675 3.581410
v -5.650891 2.034614 3.915580
v -5.654277 2.269675 4.249750
v -5.644339 3.356750 3.268968
v -5.644354 3.401785 3.270479
v -5.352063 3.401785 3.273441
v -5.657443 3.356750 4.562192
v -5.657427 3.401785 4.560681
v -5.365135 3.401785 4.563643
v -5.369673 2.958344 3.918430
v -5.358599 2.906741 3.918542
v -5.361843 2.943230 3.918509
v -5.650891 2.906741 3.915580
v -5.639817 2.958345 3.915693
v -5.647647 2.943231 3.915613
v -5.644354 3.401785 3.270479
v -5.633656 3.394330 3.307632
v -5.641376 3.396513 3.296704
v -5.363512 3.394330 3.310370
v -5.352063 3.401785 3.273441
v -5.355571 3.396513 3.299600
v -5.645978 3.394330 4.523752
v -5.657427 3.401785 4.560681
v -5.653918 3.396513 4.534522
v -5.365135 3.401785 4.563643
v -5.375834 3.394330 4.526490
v -5.368114 3.396513 4.537418
v -5.355825 2.329070 3.644784
v -5.377188 2.269675 3.584149
v -5.361829 2.287071 3.602001
v -5.358599 2.136505 3.918542
v -5.380574 2.034614 3.918319
v -5.365035 2.064457 3.918477
v -5.361373 2.329070 4.192299
v -5.383960 2.269675 4.252489
v -5.368242 2.287071 4.234952
v -5.352063 3.401785 3.273441
v -5.374022 3.356750 3.271707
v -5.358488 3.369940 3.272307
v -5.387125 3.356750 4.564931
v -5.365135 3.401785 4.563643
v -5.371583 3.369940 4.564646
vn -0.0000 -1.0000 -0.0000
vn 0.4323 0.9005 0.0470
vn 0.0821 0.9966 0.0089
vn 0.4148 0.9005 0.1304
vn 0.0788 0.9966 0.0248
vn 0.3814 0.9005 0.2088
vn 0.0724 0.9966 0.0397
vn 0.3333 0.9005 0.2792
vn 0.0633 0.9966 0.0530
vn 0.2724 0.9005 0.3389
vn 0.0517 0.9966 0.0643
vn 0.2011 0.9005 0.3855
vn 0.0382 0.9966 0.0732
vn 0.1220 0.9005 0.4173
vn 0.0232 0.9966 0.0792
vn 0.0382 0.9005 0.4331
vn 0.0073 0.9966 0.0822
vn -0.0470 0.9005 0.4323
vn -0.0089 0.9966 0.0821
vn -0.1304 0.9005 0.4148
vn -0.0248 0.9966 0.0788
vn -0.2088 0.9005 0.3814
vn -0.0397 0.9966 0.0724
vn -0.2792 0.9005 0.3333
vn -0.0530 0.9966 0.0633
vn -0.3389 0.9005 0.2724
vn -0.0643 0.9966 0.0517
vn -0.3855 0.9005 0.2011
vn -0.0732 0.9966 0.0382
vn -0.4173 0.9005 0.1220
vn -0.0792 0.9966 0.0232
vn -0.4331 0.9005 0.0382
vn -0.0822 0.9966 0.0073
vn -0.4323 0.9005 -0.0470
vn -0.0821 0.9966 -0.0089
vn -0.4148 0.9005 -0.1304
vn -0.0788 0.9966 -0.0248
vn -0.3814 0.9005 -0.2088
vn -0.0724 0.9966 -0.0397
vn -0.3333 0.9005 -0.2792
vn -0.0633 0.9966 -0.0530
vn -0.2724 0.9005 -0.3389
vn -0.0517 0.9966 -0.0643
vn -0.2011 0.9005 -0.3855
vn -0.0382 0.9966 -0.0732
vn -0.1220 0.9005 -0.4173
vn -0.0232 0.9966 -0.0792
vn -0.0382 0.9005 -0.4331
vn -0.0073 0.9966 -0.0822
vn 0.0470 0.9005 -0.4323
vn 0.0089 0.9966 -0.0821
vn 0.1304 0.9005 -0.4148
vn 0.0248 0.9966 -0.0788
vn 0.2088 0.9005 -0.3814
vn 0.0397 0.9966 -0.0724
vn 0.2792 0.9005 -0.3333
vn 0.0530 0.9966 -0.0633
vn 0.3389 0.9005 -0.2724
vn 0.0643 0.9966 -0.0517
vn 0.3855 0.9005 -0.2011
vn 0.0732 0.9966 -0.0382
vn 0.4173 0.9005 -0.1220
vn 0.0792 0.9966 -0.0232
vn 0.4331 0.9005 -0.0382
vn 0.0822 0.9966 -0.0073
vn -0.0000 1.0000 -0.0000
vn 0.9941 -0.0000 0.1081
vn 0.9961 -0.0000 -0.0879
vn 0.9540 -0.0000 0.3000
vn 0.8771 -0.0000 0.4803
vn 0.7665 -0.0000 0.6422
vn 0.6265 -0.0000 0.7794
vn 0.4624 -0.0000 0.8867
vn 0.2806 -0.0000 0.9598
vn 0.0879 -0.0000 0.9961
vn -0.1081 -0.0000 0.9941
vn -0.3000 -0.0000 0.9540
vn -0.4803 -0.0000 0.8771
vn -0.6422 -0.0000 0.7665
vn -0.7794 -0.0000 0.6265
vn -0.8867 -0.0000 0.4624
vn -0.9598 -0.0000 0.2806
vn -0.9961 -0.0000 0.0879
vn -0.9941 -0.0000 -0.1081
vn -0.9540 -0.0000 -0.3000
vn -0.8771 -0.0000 -0.4803
vn -0.7665 -0.0000 -0.6422
vn -0.6265 -0.0000 -0.7794
vn -0.4624 -0.0000 -0.8867
vn -0.2806 -0.0000 -0.9598
vn -0.0879 -0.0000 -0.9961
vn 0.1081 -0.0000 -0.9941
vn 0.3000 -0.0000 -0.9540
vn 0.4803 -0.0000 -0.8771
vn 0.6422 -0.0000 -0.7665
vn 0.7794 -0.0000 -0.6265
vn 0.8867 -0.0000 -0.4624
vn 0.9598 -0.0000 -0.2806
vn 0.9539 -0.0000 0.3000
vn 0.0101 -0.0000 -0.9999
vn 0.9999 -0.0000 0.0101
vn -0.0101 -0.0000 0.9999
vn -0.9999 -0.0000 -0.0101
vn -0.7362 0.5515 0.3922
vn -0.9884 0.1259 0.0845
vn 0.9865 0.1259 0.1045
vn 0.7281 0.5515 0.4071
vn -0.7281 0.5515 -0.4071
vn -0.9865 0.1259 -0.1045
vn 0.9884 0.1259 -0.0845
vn 0.7362 0.5515 -0.3922
vn 0.0059 0.8127 -0.5827
vn -0.0059 0.8127 0.5827
vn -0.0020 0.9803 0.1973
vn 0.0020 0.9803 -0.1973
vn 0.8467 -0.4392 -0.3004
vn 0.9947 -0.0888 -0.0524
vn 0.9934 -0.0888 0.0725
vn 0.8404 -0.4392 0.3175
vn 0.9825 -0.0606 -0.1762
vn 0.6501 -0.2174 -0.7281
vn 0.9787 -0.0606 0.1961
vn 0.6352 -0.2174 0.7411
vn 0.0097 -0.2762 -0.9610
vn 0.0058 -0.8179 -0.5753
vn -0.0058 -0.8179 0.5753
vn -0.0097 -0.2762 0.9610
vn 0.0101 0.0335 -0.9994
vn -0.0101 0.0335 0.9994
vt 0.483906 0.143218
vt 0.474334 0.128893
vt 0.467741 0.112976
vt 0.464380 0.096078
vt 0.464380 0.078849
vt 0.467741 0.061951
vt 0.474334 0.046034
vt 0.483906 0.031709
vt 0.496089 0.019526
vt 0.510414 0.009954
vt 0.526331 0.003361
vt 0.543229 -0.000000
vt 0.560458 -0.000000
vt 0.577356 0.003361
vt 0.593273 0.009954
vt 0.607598 0.019526
vt 0.619781 0.031709
vt 0.629353 0.046034
vt 0.635946 0.061951
vt 0.639307 0.078849
vt 0.639307 0.096078
vt 0.635946 0.112976
vt 0.629353 0.128893
vt 0.619781 0.143218
vt 0.607598 0.155401
vt 0.593273 0.164973
vt 0.577356 0.171566
vt 0.560458 0.174927
vt 0.543229 0.174927
vt 0.526331 0.171566
vt 0.510414 0.164973
vt 0.496089 0.155401
vt 0.667962 0.525164
vt 0.650816 0.525244
vt 0.650816 0.510871
vt 0.666816 0.510796
vt 0.473669 0.295208
vt 0.467517 0.280354
vt 0.481083 0.276239
vt 0.486172 0.288525
vt 0.684448 0.524924
vt 0.682201 0.510572
vt 0.482601 0.308576
vt 0.493560 0.299582
vt 0.699643 0.524536
vt 0.696381 0.510210
vt 0.493970 0.319945
vt 0.502964 0.308986
vt 0.712961 0.524013
vt 0.708809 0.509722
vt 0.507338 0.328877
vt 0.514021 0.316374
vt 0.477698 0.524677
vt 0.464380 0.524046
vt 0.468532 0.509722
vt 0.480960 0.510310
vt 0.522192 0.335029
vt 0.526307 0.321463
vt 0.492892 0.525145
vt 0.495140 0.510747
vt 0.537961 0.338166
vt 0.539350 0.324058
vt 0.509379 0.525433
vt 0.510525 0.511016
vt 0.554038 0.338166
vt 0.552649 0.324058
vt 0.526525 0.525531
vt 0.526525 0.511107
vt 0.569807 0.335029
vt 0.565692 0.321463
vt 0.543671 0.525433
vt 0.542525 0.511016
vt 0.584661 0.328877
vt 0.577978 0.316374
vt 0.560158 0.525145
vt 0.557911 0.510747
vt 0.598029 0.319945
vt 0.589035 0.308986
vt 0.575352 0.524677
vt 0.572090 0.510310
vt 0.609398 0.308576
vt 0.598439 0.299582
vt 0.588670 0.524046
vt 0.584518 0.509722
vt 0.618330 0.295208
vt 0.605827 0.288525
vt 0.477698 0.353257
vt 0.464380 0.352522
vt 0.468532 0.338166
vt 0.480960 0.338852
vt 0.624482 0.280354
vt 0.610916 0.276239
vt 0.492892 0.353804
vt 0.495140 0.339362
vt 0.627619 0.264585
vt 0.613511 0.263196
vt 0.509379 0.354140
vt 0.510525 0.339676
vt 0.627619 0.248508
vt 0.613511 0.249897
vt 0.526525 0.354254
vt 0.526525 0.339782
vt 0.624482 0.232739
vt 0.610916 0.236854
vt 0.543671 0.354140
vt 0.542525 0.339676
vt 0.618330 0.217885
vt 0.605827 0.224568
vt 0.560158 0.353804
vt 0.557911 0.339362
vt 0.609397 0.204517
vt 0.598439 0.213511
vt 0.575352 0.353257
vt 0.572090 0.338852
vt 0.598029 0.193148
vt 0.589035 0.204107
vt 0.588670 0.352522
vt 0.584518 0.338166
vt 0.584661 0.184216
vt 0.577978 0.196719
vt 0.601988 0.353121
vt 0.588670 0.352491
vt 0.592823 0.338166
vt 0.605251 0.338754
vt 0.569807 0.178064
vt 0.565692 0.191630
vt 0.617183 0.353589
vt 0.619430 0.339191
vt 0.554038 0.174927
vt 0.552649 0.189035
vt 0.633670 0.353878
vt 0.634816 0.339461
vt 0.537961 0.174927
vt 0.539350 0.189035
vt 0.650816 0.353975
vt 0.650816 0.339552
vt 0.522192 0.178064
vt 0.526307 0.191630
vt 0.667962 0.353878
vt 0.666816 0.339461
vt 0.507338 0.184216
vt 0.514021 0.196719
vt 0.684448 0.353589
vt 0.682201 0.339191
vt 0.493970 0.193148
vt 0.502964 0.204107
vt 0.699643 0.353121
vt 0.696381 0.338754
vt 0.482601 0.204517
vt 0.493560 0.213511
vt 0.712961 0.352491
vt 0.708809 0.338166
vt 0.473669 0.217885
vt 0.486172 0.224568
vt 0.601988 0.524536
vt 0.588670 0.524013
vt 0.592823 0.509722
vt 0.605251 0.510210
vt 0.467516 0.232739
vt 0.481083 0.236854
vt 0.617183 0.524924
vt 0.619430 0.510572
vt 0.464380 0.248508
vt 0.478488 0.249897
vt 0.633670 0.525164
vt 0.634816 0.510796
vt 0.464380 0.264585
vt 0.478488 0.263196
vt 0.650816 0.680887
vt 0.667962 0.680806
vt 0.633670 0.680806
vt 0.684448 0.680567
vt 0.699643 0.680178
vt 0.712961 0.679655
vt 0.464380 0.679608
vt 0.477698 0.680238
vt 0.492892 0.680707
vt 0.509379 0.680995
vt 0.526525 0.681092
vt 0.543671 0.680995
vt 0.560158 0.680707
vt 0.575352 0.680238
vt 0.588670 0.679608
vt 0.464380 0.507990
vt 0.477698 0.508725
vt 0.492892 0.509272
vt 0.509379 0.509608
vt 0.526525 0.509722
vt 0.543671 0.509608
vt 0.560158 0.509272
vt 0.575352 0.508725
vt 0.588670 0.507990
vt 0.588670 0.508052
vt 0.601988 0.508682
vt 0.617183 0.509151
vt 0.633670 0.509439
vt 0.650816 0.509537
vt 0.667962 0.509439
vt 0.684448 0.509151
vt 0.699643 0.508682
vt 0.712961 0.508052
vt 0.588670 0.679655
vt 0.601988 0.680178
vt 0.617183 0.680567
vt 0.812009 0.292933
vt 0.812009 0.175885
vt 0.825344 0.175822
vt 0.825344 0.292870
vt 0.838167 0.175636
vt 0.838167 0.292684
vt 0.849985 0.175334
vt 0.849985 0.292382
vt 0.860344 0.174927
vt 0.860344 0.291975
vt 0.685341 0.797874
vt 0.685341 0.680887
vt 0.695699 0.681377
vt 0.695699 0.798364
vt 0.707517 0.681742
vt 0.707517 0.798729
vt 0.720340 0.681966
vt 0.720340 0.798953
vt 0.733676 0.682042
vt 0.733676 0.799029
vt 0.747012 0.681966
vt 0.747012 0.798953
vt 0.759835 0.681742
vt 0.759835 0.798729
vt 0.771653 0.681377
vt 0.771653 0.798364
vt 0.782011 0.680887
vt 0.782011 0.797874
vt 0.588670 0.797804
vt 0.588670 0.680887
vt 0.599029 0.681459
vt 0.599029 0.798376
vt 0.610847 0.681884
vt 0.610847 0.798800
vt 0.623670 0.682145
vt 0.623670 0.799062
vt 0.637006 0.682234
vt 0.637006 0.799151
vt 0.650341 0.682145
vt 0.650341 0.799062
vt 0.663164 0.681884
vt 0.663164 0.798800
vt 0.674982 0.681459
vt 0.674982 0.798376
vt 0.685341 0.680887
vt 0.685341 0.797804
vt 0.464380 0.798080
vt 0.464380 0.681092
vt 0.474738 0.681583
vt 0.474738 0.798570
vt 0.486556 0.681947
vt 0.486556 0.798934
vt 0.499379 0.682171
vt 0.499379 0.799159
vt 0.512715 0.682247
vt 0.512715 0.799235
vt 0.526051 0.682171
vt 0.526051 0.799159
vt 0.538874 0.681947
vt 0.538874 0.798934
vt 0.550692 0.681583
vt 0.550692 0.798570
vt 0.561050 0.681092
vt 0.561050 0.798080
vt 0.763673 0.291975
vt 0.763673 0.174927
vt 0.774032 0.175334
vt 0.774032 0.292382
vt 0.785850 0.175636
vt 0.785850 0.292684
vt 0.652281 0.295794
vt 0.642806 0.286319
vt 0.635361 0.275177
vt 0.630233 0.262797
vt 0.627619 0.249654
vt 0.627619 0.236254
vt 0.630233 0.223111
vt 0.635361 0.210731
vt 0.642806 0.199589
vt 0.652281 0.190114
vt 0.663423 0.182669
vt 0.675803 0.177541
vt 0.688946 0.174927
vt 0.702346 0.174927
vt 0.715489 0.177541
vt 0.727869 0.182669
vt 0.739011 0.190114
vt 0.748486 0.199589
vt 0.755931 0.210731
vt 0.761059 0.223111
vt 0.763673 0.236254
vt 0.763673 0.249654
vt 0.761059 0.262797
vt 0.755931 0.275177
vt 0.748486 0.286319
vt 0.739011 0.295794
vt 0.727869 0.303239
vt 0.715489 0.308367
vt 0.702346 0.310981
vt 0.688946 0.310981
vt 0.675803 0.308367
vt 0.663423 0.303239
vt 0.798673 0.175822
vt 0.798673 0.292870
vt 0.654494 0.111392
vt 0.647049 0.100250
vt 0.641921 0.087870
vt 0.639307 0.074727
vt 0.639307 0.061327
vt 0.641921 0.048184
vt 0.647049 0.035804
vt 0.654494 0.024662
vt 0.663969 0.015187
vt 0.675111 0.007742
vt 0.687491 0.002614
vt 0.700634 0.000000
vt 0.714034 0.000000
vt 0.727177 0.002614
vt 0.739557 0.007742
vt 0.750699 0.015187
vt 0.760174 0.024662
vt 0.767619 0.035804
vt 0.772747 0.048184
vt 0.775361 0.061327
vt 0.775361 0.074727
vt 0.772747 0.087870
vt 0.767619 0.100250
vt 0.760174 0.111392
vt 0.750699 0.120867
vt 0.739557 0.128312
vt 0.727177 0.133440
vt 0.714034 0.136054
vt 0.700634 0.136054
vt 0.687491 0.133440
vt 0.675111 0.128312
vt 0.663969 0.120867
vt 0.867249 0.970990
vt 0.867249 0.175064
vt 0.869154 0.175055
vt 0.869154 0.970981
vt 0.870986 0.175028
vt 0.870986 0.970955
vt 0.872674 0.174985
vt 0.872674 0.970911
vt 0.874154 0.174927
vt 0.874154 0.970853
vt 0.874154 0.970439
vt 0.874154 0.174927
vt 0.875634 0.174997
vt 0.875634 0.970509
vt 0.877322 0.175049
vt 0.877322 0.970561
vt 0.879154 0.175081
vt 0.879154 0.970594
vt 0.881059 0.175092
vt 0.881059 0.970604
vt 0.882964 0.175081
vt 0.882964 0.970594
vt 0.884796 0.175049
vt 0.884796 0.970561
vt 0.886484 0.174997
vt 0.886484 0.970509
vt 0.887964 0.174927
vt 0.887964 0.970439
vt 0.901774 0.969961
vt 0.901774 0.174927
vt 0.903254 0.175009
vt 0.903254 0.970042
vt 0.904942 0.175069
vt 0.904942 0.970103
vt 0.906774 0.175107
vt 0.906774 0.970141
vt 0.908679 0.175119
vt 0.908679 0.970153
vt 0.910584 0.175107
vt 0.910584 0.970141
vt 0.912416 0.175069
vt 0.912416 0.970103
vt 0.914104 0.175009
vt 0.914104 0.970042
vt 0.915584 0.174927
vt 0.915584 0.969961
vt 0.889444 0.174997
vt 0.889444 0.970509
vt 0.891132 0.175049
vt 0.891132 0.970561
vt 0.892964 0.175081
vt 0.892964 0.970594
vt 0.894869 0.175092
vt 0.894869 0.970604
vt 0.896774 0.175081
vt 0.896774 0.970594
vt 0.898606 0.175049
vt 0.898606 0.970561
vt 0.900294 0.174997
vt 0.900294 0.970509
vt 0.901774 0.174927
vt 0.901774 0.970439
vt 0.860344 0.970853
vt 0.860344 0.174927
vt 0.861824 0.174985
vt 0.861824 0.970911
vt 0.863512 0.175028
vt 0.863512 0.970955
vt 0.643532 0.328248
vt 0.641940 0.329312
vt 0.640172 0.330044
vt 0.638294 0.330418
vt 0.636380 0.330418
vt 0.634503 0.330044
vt 0.632734 0.329312
vt 0.631142 0.328248
vt 0.629789 0.326894
vt 0.628725 0.325303
vt 0.627993 0.323534
vt 0.627619 0.321657
vt 0.627619 0.319742
vt 0.627993 0.317865
vt 0.628725 0.316096
vt 0.629789 0.314504
vt 0.631142 0.313151
vt 0.632734 0.312087
vt 0.634503 0.311355
vt 0.636380 0.310981
vt 0.638294 0.310981
vt 0.640172 0.311355
vt 0.641940 0.312087
vt 0.643532 0.313151
vt 0.644886 0.314504
vt 0.645949 0.316096
vt 0.646682 0.317865
vt 0.647055 0.319742
vt 0.647055 0.321657
vt 0.646682 0.323534
vt 0.645949 0.325303
vt 0.644886 0.326894
vt 0.865344 0.175055
vt 0.865344 0.970981
vt 0.653628 0.154385
vt 0.651860 0.155117
vt 0.649982 0.155491
vt 0.648068 0.155491
vt 0.646190 0.155117
vt 0.644422 0.154385
vt 0.642830 0.153321
vt 0.641477 0.151967
vt 0.640413 0.150376
vt 0.639680 0.148607
vt 0.639307 0.146730
vt 0.639307 0.144815
vt 0.639680 0.142938
vt 0.640413 0.141169
vt 0.641477 0.139577
vt 0.642830 0.138224
vt 0.644422 0.137160
vt 0.646190 0.136428
vt 0.648068 0.136054
vt 0.649982 0.136054
vt 0.651860 0.136428
vt 0.653628 0.137160
vt 0.655220 0.138224
vt 0.656574 0.139577
vt 0.657637 0.141169
vt 0.658370 0.142938
vt 0.658743 0.144815
vt 0.658743 0.146730
vt 0.658370 0.148607
vt 0.657637 0.150376
vt 0.656574 0.151967
vt 0.655220 0.153321
vt 0.841561 0.806115
vt 0.841561 0.338166
vt 0.851326 0.338166
vt 0.851326 0.806115
vt 0.798594 0.806358
vt 0.798594 0.338166
vt 0.820077 0.338166
vt 0.820077 0.806358
vt 0.915584 0.642875
vt 0.915584 0.174927
vt 0.925349 0.174927
vt 0.925349 0.642875
vt 0.820077 0.805833
vt 0.820077 0.338166
vt 0.841561 0.338166
vt 0.841561 0.805833
vt 0.656821 0.310981
vt 0.656821 0.332465
vt 0.647055 0.332465
vt 0.647055 0.310981
vt 0.666586 0.310981
vt 0.666586 0.332465
vt 0.656821 0.310981
vt 0.284028 0.323926
vt 0.373100 0.005339
vt 0.374689 0.003820
vt 0.284028 0.335048
vt 0.378526 0.000000
vt 0.284028 0.361743
vt 0.094654 0.362149
vt 0.000157 0.000000
vt 0.003993 0.003834
vt 0.094654 0.335433
vt 0.005582 0.005376
vt 0.094654 0.324321
vt 0.194956 0.005339
vt 0.193367 0.003820
vt 0.189530 0.000000
vt 0.189152 0.000000
vt 0.185315 0.003834
vt 0.183726 0.005376
vt 0.754155 0.667847
vt 0.714583 0.667847
vt 0.714583 0.343930
vt 0.754155 0.343930
vt 0.757400 0.667847
vt 0.757400 0.343930
vt 0.796972 0.343930
vt 0.796972 0.667847
vt 0.284028 0.999032
vt 0.235077 0.827267
vt 0.189309 0.032909
vt 0.378747 0.032909
vt 0.332979 0.827267
vt 0.798594 0.338166
vt 0.798119 0.342242
vt 0.756253 0.342242
vt 0.755777 0.338166
vt 0.712961 0.338166
vt 0.755778 0.338166
vt 0.755302 0.342242
vt 0.713436 0.342242
vt 0.094654 1.000000
vt 0.045703 0.828041
vt 0.048295 0.815424
vt 0.094654 0.978277
vt 0.054553 0.784745
vt 0.094654 0.925616
vt 0.134756 0.784745
vt 0.141013 0.815424
vt 0.143605 0.828041
vt 0.000000 0.023251
vt 0.420621 0.023293
vt 0.420621 0.812269
vt 0.418344 0.825138
vt 0.418344 0.032941
vt 0.189309 0.023251
vt 0.422506 0.812269
vt 0.422506 0.023293
vt 0.424782 0.032941
vt 0.424782 0.825138
vt 0.378747 0.825138
vt 0.378747 0.032941
vt 0.418344 0.994184
vt 0.378747 0.994184
vt 0.464380 0.825138
vt 0.464380 0.994184
vt 0.424782 0.994184
vt 0.464380 0.032941
vt 0.378747 0.000000
vt 0.421563 0.000000
vt 0.421563 0.000000
vt 0.464380 0.000000
s 1
usemtl Material.021
f 6121/11341/2565 6122/11342/2565 6123/11343/2565 6124/11344/2565 6125/11345/2565 6126/11346/2565 6127/11347/2565 6128/11348/2565 6129/11349/2565 6130/11350/2565 6131/11351/2565 6132/11352/2565 6133/11353/2565 6134/11354/2565 6135/11355/2565 6136/11356/2565 6137/11357/2565 6138/11358/2565 6139/11359/2565 6140/11360/2565 6141/11361/2565 6142/11362/2565 6143/11363/2565 6144/11364/2565 6145/11365/2565 6146/11366/2565 6147/11367/2565 6148/11368/2565 6149/11369/2565 6150/11370/2565 6151/11371/2565 6152/11372/2565
f 6157/11373/2566 6154/11374/2566 6155/11375/2566 6158/11376/2566
f 6158/11377/2567 6155/11378/2567 6153/11379/2567 6156/11380/2567
f 6160/11381/2568 6157/11373/2568 6158/11376/2568 6161/11382/2568
f 6161/11383/2569 6158/11377/2569 6156/11380/2569 6159/11384/2569
f 6163/11385/2570 6160/11381/2570 6161/11382/2570 6164/11386/2570
f 6164/11387/2571 6161/11383/2571 6159/11384/2571 6162/11388/2571
f 6166/11389/2572 6163/11385/2572 6164/11386/2572 6167/11390/2572
f 6167/11391/2573 6164/11387/2573 6162/11388/2573 6165/11392/2573
f 6169/11393/2574 6166/11394/2574 6167/11395/2574 6170/11396/2574
f 6170/11397/2575 6167/11391/2575 6165/11392/2575 6168/11398/2575
f 6172/11399/2576 6169/11393/2576 6170/11396/2576 6173/11400/2576
f 6173/11401/2577 6170/11397/2577 6168/11398/2577 6171/11402/2577
f 6175/11403/2578 6172/11399/2578 6173/11400/2578 6176/11404/2578
f 6176/11405/2579 6173/11401/2579 6171/11402/2579 6174/11406/2579
f 6178/11407/2580 6175/11403/2580 6176/11404/2580 6179/11408/2580
f 6179/11409/2581 6176/11405/2581 6174/11406/2581 6177/11410/2581
f 6181/11411/2582 6178/11407/2582 6179/11408/2582 6182/11412/2582
f 6182/11413/2583 6179/11409/2583 6177/11410/2583 6180/11414/2583
f 6184/11415/2584 6181/11411/2584 6182/11412/2584 6185/11416/2584
f 6185/11417/2585 6182/11413/2585 6180/11414/2585 6183/11418/2585
f 6187/11419/2586 6184/11415/2586 6185/11416/2586 6188/11420/2586
f 6188/11421/2587 6185/11417/2587 6183/11418/2587 6186/11422/2587
f 6190/11423/2588 6187/11419/2588 6188/11420/2588 6191/11424/2588
f 6191/11425/2589 6188/11421/2589 6186/11422/2589 6189/11426/2589
f 6193/11427/2590 6190/11428/2590 6191/11429/2590 6194/11430/2590
f 6194/11431/2591 6191/11425/2591 6189/11426/2591 6192/11432/2591
f 6196/11433/2592 6193/11427/2592 6194/11430/2592 6197/11434/2592
f 6197/11435/2593 6194/11431/2593 6192/11432/2593 6195/11436/2593
f 6199/11437/2594 6196/11433/2594 6197/11434/2594 6200/11438/2594
f 6200/11439/2595 6197/11435/2595 6195/11436/2595 6198/11440/2595
f 6202/11441/2596 6199/11437/2596 6200/11438/2596 6203/11442/2596
f 6203/11443/2597 6200/11439/2597 6198/11440/2597 6201/11444/2597
f 6205/11445/2598 6202/11441/2598 6203/11442/2598 6206/11446/2598
f 6206/11447/2599 6203/11443/2599 6201/11444/2599 6204/11448/2599
f 6208/11449/2600 6205/11445/2600 6206/11446/2600 6209/11450/2600
f 6209/11451/2601 6206/11447/2601 6204/11448/2601 6207/11452/2601
f 6211/11453/2602 6208/11449/2602 6209/11450/2602 6212/11454/2602
f 6212/11455/2603 6209/11451/2603 6207/11452/2603 6210/11456/2603
f 6214/11457/2604 6211/11453/2604 6212/11454/2604 6215/11458/2604
f 6215/11459/2605 6212/11455/2605 6210/11456/2605 6213/11460/2605
f 6217/11461/2606 6214/11462/2606 6215/11463/2606 6218/11464/2606
f 6218/11465/2607 6215/11459/2607 6213/11460/2607 6216/11466/2607
f 6220/11467/2608 6217/11461/2608 6218/11464/2608 6221/11468/2608
f 6221/11469/2609 6218/11465/2609 6216/11466/2609 6219/11470/2609
f 6223/11471/2610 6220/11467/2610 6221/11468/2610 6224/11472/2610
f 6224/11473/2611 6221/11469/2611 6219/11470/2611 6222/11474/2611
f 6226/11475/2612 6223/11471/2612 6224/11472/2612 6227/11476/2612
f 6227/11477/2613 6224/11473/2613 6222/11474/2613 6225/11478/2613
f 6229/11479/2614 6226/11475/2614 6227/11476/2614 6230/11480/2614
f 6230/11481/2615 6227/11477/2615 6225/11478/2615 6228/11482/2615
f 6232/11483/2616 6229/11479/2616 6230/11480/2616 6233/11484/2616
f 6233/11485/2617 6230/11481/2617 6228/11482/2617 6231/11486/2617
f 6235/11487/2618 6232/11483/2618 6233/11484/2618 6236/11488/2618
f 6236/11489/2619 6233/11485/2619 6231/11486/2619 6234/11490/2619
f 6238/11491/2620 6235/11487/2620 6236/11488/2620 6239/11492/2620
f 6239/11493/2621 6236/11489/2621 6234/11490/2621 6237/11494/2621
f 6241/11495/2622 6238/11496/2622 6239/11497/2622 6242/11498/2622
f 6242/11499/2623 6239/11493/2623 6237/11494/2623 6240/11500/2623
f 6244/11501/2624 6241/11495/2624 6242/11498/2624 6245/11502/2624
f 6245/11503/2625 6242/11499/2625 6240/11500/2625 6243/11504/2625
f 6247/11505/2626 6244/11501/2626 6245/11502/2626 6248/11506/2626
f 6248/11507/2627 6245/11503/2627 6243/11504/2627 6246/11508/2627
f 6154/11374/2628 6247/11505/2628 6248/11506/2628 6155/11375/2628
f 6155/11378/2629 6248/11507/2629 6246/11508/2629 6153/11379/2629
f 6156/11380/2630 6153/11379/2630 6246/11508/2630 6243/11504/2630 6240/11500/2630 6237/11494/2630 6234/11490/2630 6231/11486/2630 6228/11482/2630 6225/11478/2630 6222/11474/2630 6219/11470/2630 6216/11466/2630 6213/11460/2630 6210/11456/2630 6207/11452/2630 6204/11448/2630 6201/11444/2630 6198/11440/2630 6195/11436/2630 6192/11432/2630 6189/11426/2630 6186/11422/2630 6183/11418/2630 6180/11414/2630 6177/11410/2630 6174/11406/2630 6171/11402/2630 6168/11398/2630 6165/11392/2630 6162/11388/2630 6159/11384/2630
f 6121/11509/2631 6154/11374/2631 6157/11373/2631 6122/11510/2631
f 6152/11511/2632 6247/11505/2632 6154/11374/2632 6121/11509/2632
f 6122/11510/2633 6157/11373/2633 6160/11381/2633 6123/11512/2633
f 6123/11512/2634 6160/11381/2634 6163/11385/2634 6124/11513/2634
f 6124/11513/2635 6163/11385/2635 6166/11389/2635 6125/11514/2635
f 6125/11515/2636 6166/11394/2636 6169/11393/2636 6126/11516/2636
f 6126/11516/2637 6169/11393/2637 6172/11399/2637 6127/11517/2637
f 6127/11517/2638 6172/11399/2638 6175/11403/2638 6128/11518/2638
f 6128/11518/2639 6175/11403/2639 6178/11407/2639 6129/11519/2639
f 6129/11519/2640 6178/11407/2640 6181/11411/2640 6130/11520/2640
f 6130/11520/2641 6181/11411/2641 6184/11415/2641 6131/11521/2641
f 6131/11521/2642 6184/11415/2642 6187/11419/2642 6132/11522/2642
f 6132/11522/2643 6187/11419/2643 6190/11423/2643 6133/11523/2643
f 6133/11524/2644 6190/11428/2644 6193/11427/2644 6134/11525/2644
f 6134/11525/2645 6193/11427/2645 6196/11433/2645 6135/11526/2645
f 6135/11526/2646 6196/11433/2646 6199/11437/2646 6136/11527/2646
f 6136/11527/2647 6199/11437/2647 6202/11441/2647 6137/11528/2647
f 6137/11528/2648 6202/11441/2648 6205/11445/2648 6138/11529/2648
f 6138/11529/2649 6205/11445/2649 6208/11449/2649 6139/11530/2649
f 6139/11530/2650 6208/11449/2650 6211/11453/2650 6140/11531/2650
f 6140/11531/2651 6211/11453/2651 6214/11457/2651 6141/11532/2651
f 6141/11533/2652 6214/11462/2652 6217/11461/2652 6142/11534/2652
f 6142/11534/2653 6217/11461/2653 6220/11467/2653 6143/11535/2653
f 6143/11535/2654 6220/11467/2654 6223/11471/2654 6144/11536/2654
f 6144/11536/2655 6223/11471/2655 6226/11475/2655 6145/11537/2655
f 6145/11537/2656 6226/11475/2656 6229/11479/2656 6146/11538/2656
f 6146/11538/2657 6229/11479/2657 6232/11483/2657 6147/11539/2657
f 6147/11539/2658 6232/11483/2658 6235/11487/2658 6148/11540/2658
f 6148/11540/2659 6235/11487/2659 6238/11491/2659 6149/11541/2659
f 6149/11542/2660 6238/11496/2660 6241/11495/2660 6150/11543/2660
f 6150/11543/2661 6241/11495/2661 6244/11501/2661 6151/11544/2661
f 6151/11544/2662 6244/11501/2662 6247/11505/2662 6152/11511/2662
f 6249/11545/2631 6250/11546/2631 6252/11547/2631 6251/11548/2631
f 6251/11548/2633 6252/11547/2633 6254/11549/2633 6253/11550/2633
f 6253/11550/2634 6254/11549/2634 6256/11551/2634 6255/11552/2634
f 6255/11552/2635 6256/11551/2635 6258/11553/2635 6257/11554/2635
f 6257/11555/2636 6258/11556/2636 6260/11557/2636 6259/11558/2636
f 6259/11558/2637 6260/11557/2637 6262/11559/2637 6261/11560/2637
f 6261/11560/2638 6262/11559/2638 6264/11561/2638 6263/11562/2638
f 6263/11562/2639 6264/11561/2639 6266/11563/2639 6265/11564/2639
f 6265/11564/2640 6266/11563/2640 6268/11565/2640 6267/11566/2640
f 6267/11566/2641 6268/11565/2641 6270/11567/2641 6269/11568/2641
f 6269/11568/2642 6270/11567/2642 6272/11569/2642 6271/11570/2642
f 6271/11570/2643 6272/11569/2643 6274/11571/2643 6273/11572/2643
f 6273/11573/2644 6274/11574/2644 6276/11575/2644 6275/11576/2644
f 6275/11576/2645 6276/11575/2645 6278/11577/2645 6277/11578/2645
f 6277/11578/2646 6278/11577/2646 6280/11579/2646 6279/11580/2646
f 6279/11580/2647 6280/11579/2647 6282/11581/2647 6281/11582/2647
f 6281/11582/2648 6282/11581/2648 6284/11583/2648 6283/11584/2648
f 6283/11584/2649 6284/11583/2649 6286/11585/2649 6285/11586/2649
f 6285/11586/2650 6286/11585/2650 6288/11587/2650 6287/11588/2650
f 6287/11588/2651 6288/11587/2651 6290/11589/2651 6289/11590/2651
f 6289/11591/2652 6290/11592/2652 6292/11593/2652 6291/11594/2652
f 6291/11594/2653 6292/11593/2653 6294/11595/2653 6293/11596/2653
f 6293/11596/2654 6294/11595/2654 6296/11597/2654 6295/11598/2654
f 6295/11598/2655 6296/11597/2655 6298/11599/2655 6297/11600/2655
f 6297/11600/2656 6298/11599/2656 6300/11601/2656 6299/11602/2656
f 6299/11602/2657 6300/11601/2657 6302/11603/2657 6301/11604/2657
f 6301/11604/2658 6302/11603/2658 6304/11605/2658 6303/11606/2658
f 6303/11606/2659 6304/11605/2659 6306/11607/2659 6305/11608/2659
f 6305/11609/2660 6306/11610/2660 6308/11611/2660 6307/11612/2660
f 6307/11612/2661 6308/11611/2661 6310/11613/2661 6309/11614/2661
f 6252/11615/2630 6250/11616/2630 6312/11617/2630 6310/11618/2630 6308/11619/2630 6306/11620/2630 6304/11621/2630 6302/11622/2630 6300/11623/2630 6298/11624/2630 6296/11625/2630 6294/11626/2630 6292/11627/2630 6290/11628/2630 6288/11629/2630 6286/11630/2630 6284/11631/2630 6282/11632/2630 6280/11633/2630 6278/11634/2630 6276/11635/2630 6274/11636/2630 6272/11637/2630 6270/11638/2630 6268/11639/2630 6266/11640/2630 6264/11641/2630 6262/11642/2630 6260/11643/2630 6258/11644/2630 6256/11645/2630 6254/11646/2630
f 6309/11614/2662 6310/11613/2662 6312/11647/2662 6311/11648/2662
f 6311/11648/2632 6312/11647/2632 6250/11546/2632 6249/11545/2632
f 6249/11649/2565 6251/11650/2565 6253/11651/2565 6255/11652/2565 6257/11653/2565 6259/11654/2565 6261/11655/2565 6263/11656/2565 6265/11657/2565 6267/11658/2565 6269/11659/2565 6271/11660/2565 6273/11661/2565 6275/11662/2565 6277/11663/2565 6279/11664/2565 6281/11665/2565 6283/11666/2565 6285/11667/2565 6287/11668/2565 6289/11669/2565 6291/11670/2565 6293/11671/2565 6295/11672/2565 6297/11673/2565 6299/11674/2565 6301/11675/2565 6303/11676/2565 6305/11677/2565 6307/11678/2565 6309/11679/2565 6311/11680/2565
f 6313/11681/2631 6314/11682/2631 6316/11683/2631 6315/11684/2631
f 6315/11684/2663 6316/11683/2663 6318/11685/2663 6317/11686/2663
f 6317/11686/2634 6318/11685/2634 6320/11687/2634 6319/11688/2634
f 6319/11688/2635 6320/11687/2635 6322/11689/2635 6321/11690/2635
f 6321/11691/2636 6322/11692/2636 6324/11693/2636 6323/11694/2636
f 6323/11694/2637 6324/11693/2637 6326/11695/2637 6325/11696/2637
f 6325/11696/2638 6326/11695/2638 6328/11697/2638 6327/11698/2638
f 6327/11698/2639 6328/11697/2639 6330/11699/2639 6329/11700/2639
f 6329/11700/2640 6330/11699/2640 6332/11701/2640 6331/11702/2640
f 6331/11702/2641 6332/11701/2641 6334/11703/2641 6333/11704/2641
f 6333/11704/2642 6334/11703/2642 6336/11705/2642 6335/11706/2642
f 6335/11706/2643 6336/11705/2643 6338/11707/2643 6337/11708/2643
f 6337/11709/2644 6338/11710/2644 6340/11711/2644 6339/11712/2644
f 6339/11712/2645 6340/11711/2645 6342/11713/2645 6341/11714/2645
f 6341/11714/2646 6342/11713/2646 6344/11715/2646 6343/11716/2646
f 6343/11716/2647 6344/11715/2647 6346/11717/2647 6345/11718/2647
f 6345/11718/2648 6346/11717/2648 6348/11719/2648 6347/11720/2648
f 6347/11720/2649 6348/11719/2649 6350/11721/2649 6349/11722/2649
f 6349/11722/2650 6350/11721/2650 6352/11723/2650 6351/11724/2650
f 6351/11724/2651 6352/11723/2651 6354/11725/2651 6353/11726/2651
f 6353/11708/2652 6354/11707/2652 6356/11727/2652 6355/11728/2652
f 6355/11728/2653 6356/11727/2653 6358/11729/2653 6357/11730/2653
f 6357/11730/2654 6358/11729/2654 6360/11731/2654 6359/11732/2654
f 6359/11732/2655 6360/11731/2655 6362/11733/2655 6361/11734/2655
f 6361/11734/2656 6362/11733/2656 6364/11735/2656 6363/11736/2656
f 6363/11736/2657 6364/11735/2657 6366/11737/2657 6365/11738/2657
f 6365/11738/2658 6366/11737/2658 6368/11739/2658 6367/11740/2658
f 6367/11740/2659 6368/11739/2659 6370/11741/2659 6369/11742/2659
f 6369/11743/2660 6370/11744/2660 6372/11745/2660 6371/11746/2660
f 6371/11746/2661 6372/11745/2661 6374/11747/2661 6373/11748/2661
f 6316/11749/2630 6314/11750/2630 6376/11751/2630 6374/11752/2630 6372/11753/2630 6370/11754/2630 6368/11755/2630 6366/11756/2630 6364/11757/2630 6362/11758/2630 6360/11759/2630 6358/11760/2630 6356/11761/2630 6354/11762/2630 6352/11763/2630 6350/11764/2630 6348/11765/2630 6346/11766/2630 6344/11767/2630 6342/11768/2630 6340/11769/2630 6338/11770/2630 6336/11771/2630 6334/11772/2630 6332/11773/2630 6330/11774/2630 6328/11775/2630 6326/11776/2630 6324/11777/2630 6322/11778/2630 6320/11779/2630 6318/11780/2630
f 6373/11748/2662 6374/11747/2662 6376/11781/2662 6375/11782/2662
f 6375/11782/2632 6376/11781/2632 6314/11682/2632 6313/11681/2632
f 6313/11783/2565 6315/11784/2565 6317/11785/2565 6319/11786/2565 6321/11787/2565 6323/11788/2565 6325/11789/2565 6327/11790/2565 6329/11791/2565 6331/11792/2565 6333/11793/2565 6335/11794/2565 6337/11795/2565 6339/11796/2565 6341/11797/2565 6343/11798/2565 6345/11799/2565 6347/11800/2565 6349/11801/2565 6351/11802/2565 6353/11803/2565 6355/11804/2565 6357/11805/2565 6359/11806/2565 6361/11807/2565 6363/11808/2565 6365/11809/2565 6367/11810/2565 6369/11811/2565 6371/11812/2565 6373/11813/2565 6375/11814/2565
f 6377/11815/2664 6378/11816/2664 6380/11817/2664 6379/11818/2664
f 6379/11819/2665 6380/11820/2665 6384/11821/2665 6383/11822/2665
f 6383/11823/2666 6384/11824/2666 6382/11825/2666 6381/11826/2666
f 6381/11827/2667 6382/11828/2667 6378/11829/2667 6377/11830/2667
f 6379/11831/2565 6383/11832/2565 6381/11833/2565 6377/11834/2565
f 6384/11835/2630 6380/11836/2630 6378/11832/2630 6382/11837/2630
f 6398/11838/2668 6401/11839/2668 6402/11840/2668 6399/11841/2668
f 6399/11841/2669 6402/11840/2669 6400/11842/2669 6397/11843/2669
f 6395/11844/2670 6404/11845/2670 6405/11846/2670 6396/11847/2670
f 6396/11847/2671 6405/11846/2671 6403/11848/2671 6394/11849/2671
f 6406/11850/2672 6398/11838/2672 6399/11841/2672 6408/11851/2672
f 6408/11851/2673 6399/11841/2673 6397/11843/2673 6407/11852/2673
f 6409/11853/2674 6395/11844/2674 6396/11847/2674 6411/11854/2674
f 6411/11854/2675 6396/11847/2675 6394/11849/2675 6410/11855/2675
f 6394/11856/2676 6398/11857/2676 6406/11858/2676 6410/11859/2676
f 6394/11860/2677 6403/11861/2677 6401/11862/2677 6398/11863/2677
f 6386/11864/2667 6387/11865/2667 6391/11866/2667 6392/11852/2667 6407/11852/2667 6397/11843/2667
f 6386/11864/2667 6397/11843/2667 6400/11842/2667 6389/11842/2667 6388/11867/2667 6385/11868/2667
f 6400/11869/2678 6402/11870/2678 6401/11862/2678 6403/11861/2678 6405/11871/2678 6404/11872/2678 6390/11872/2678 6389/11869/2678
f 6392/11873/2679 6393/11874/2679 6409/11874/2679 6411/11875/2679 6410/11859/2679 6406/11858/2679 6408/11876/2679 6407/11873/2679
f 6416/11877/2680 6413/11878/2680 6414/11879/2680 6417/11880/2680
f 6417/11880/2681 6414/11879/2681 6412/11881/2681 6415/11882/2681
f 6415/11882/2682 6418/11883/2682 6420/11884/2682 6417/11880/2682
f 6417/11880/2683 6420/11884/2683 6419/11885/2683 6416/11877/2683
f 6421/11845/2684 6412/11881/2684 6414/11879/2684 6423/11886/2684
f 6423/11887/2685 6414/11888/2685 6413/11889/2685 6422/11890/2685
f 6418/11883/2686 6425/11853/2686 6426/11891/2686 6420/11884/2686
f 6420/11892/2687 6426/11893/2687 6424/11894/2687 6419/11895/2687
f 6385/11896/2688 6388/11897/2688 6422/11890/2688 6413/11889/2688
f 6413/11889/2689 6416/11898/2689 6386/11899/2689 6385/11896/2689
f 6412/11881/2665 6421/11845/2665 6390/11845/2665 6404/11845/2665 6395/11844/2665 6415/11882/2665
f 6419/11895/2690 6387/11900/2690 6386/11901/2690 6416/11902/2690
f 6418/11883/2665 6415/11882/2665 6395/11844/2665 6409/11853/2665 6393/11853/2665 6425/11853/2665
f 6387/11900/2691 6419/11895/2691 6424/11894/2691 6391/11903/2691
f 6389/11904/2692 6390/11905/2692 6421/11905/2692 6423/11887/2692 6422/11890/2692 6388/11897/2692
f 6391/11903/2693 6424/11894/2693 6426/11893/2693 6425/11906/2693 6393/11906/2693 6392/11907/2693
o mdlSilla.021
v -4.491879 1.486190 5.998469
v -4.504593 1.486190 6.115401
v -4.539875 1.486190 6.227605
v -4.596369 1.486190 6.330770
v -4.671904 1.486190 6.420931
v -4.763577 1.486190 6.494624
v -4.867866 1.486190 6.549016
v -4.980762 1.486190 6.582017
v -5.097927 1.486190 6.592360
v -5.214859 1.486190 6.579645
v -5.327063 1.486190 6.544363
v -5.430228 1.486190 6.487869
v -5.520389 1.486190 6.412334
v -5.594081 1.486190 6.320661
v -5.648474 1.486190 6.216372
v -5.681475 1.486190 6.103476
v -5.691817 1.486190 5.986311
v -5.679103 1.486190 5.869380
v -5.643821 1.486190 5.757175
v -5.587327 1.486190 5.654011
v -5.511792 1.486190 5.563849
v -5.420118 1.486190 5.490157
v -5.315830 1.486190 5.435764
v -5.202934 1.486190 5.402763
v -5.085769 1.486190 5.392421
v -4.968837 1.486190 5.405135
v -4.856633 1.486190 5.440417
v -4.753469 1.486190 5.496912
v -4.663307 1.486190 5.572446
v -4.589614 1.486190 5.664120
v -4.535222 1.486190 5.768408
v -4.502221 1.486190 5.881304
v -4.628745 1.726190 5.997083
v -4.491879 1.698947 5.998469
v -4.531966 1.718211 5.998063
v -4.638559 1.726190 6.087339
v -4.504593 1.698947 6.115401
v -4.543830 1.718211 6.107182
v -4.665792 1.726190 6.173947
v -4.539875 1.698947 6.227605
v -4.576756 1.718211 6.211889
v -4.709399 1.726190 6.253578
v -4.596369 1.698947 6.330770
v -4.629475 1.718211 6.308161
v -4.767703 1.726190 6.323172
v -4.671904 1.698947 6.420931
v -4.699963 1.718211 6.392298
v -4.838463 1.726190 6.380053
v -4.763577 1.698947 6.494624
v -4.785511 1.718211 6.461067
v -4.918961 1.726190 6.422037
v -4.867866 1.698947 6.549016
v -4.882832 1.718211 6.511825
v -5.006103 1.726190 6.447510
v -4.980762 1.698947 6.582017
v -4.988184 1.718211 6.542621
v -5.096540 1.726190 6.455493
v -5.097927 1.698947 6.592360
v -5.097521 1.718211 6.552272
v -5.186797 1.726190 6.445679
v -5.214859 1.698947 6.579645
v -5.206639 1.718211 6.540408
v -5.273405 1.726190 6.418446
v -5.327063 1.698947 6.544363
v -5.311347 1.718211 6.507483
v -5.353036 1.726190 6.374839
v -5.430227 1.698947 6.487869
v -5.407619 1.718211 6.454763
v -5.422629 1.726190 6.316535
v -5.520389 1.698947 6.412334
v -5.491755 1.718211 6.384275
v -5.479511 1.726190 6.245775
v -5.594081 1.698947 6.320661
v -5.560524 1.718211 6.298727
v -5.521495 1.726190 6.165277
v -5.648474 1.698947 6.216372
v -5.611282 1.718211 6.201406
v -5.546968 1.726190 6.078135
v -5.681475 1.698947 6.103476
v -5.642079 1.718211 6.096054
v -5.554951 1.726190 5.987698
v -5.691817 1.698947 5.986311
v -5.651730 1.718211 5.986717
v -5.545137 1.726190 5.897441
v -5.679103 1.698947 5.869380
v -5.639865 1.718211 5.877599
v -5.517903 1.726190 5.810833
v -5.643821 1.698947 5.757175
v -5.606940 1.718211 5.772892
v -5.474297 1.726190 5.731202
v -5.587327 1.698947 5.654011
v -5.554221 1.718211 5.676620
v -5.415993 1.726190 5.661609
v -5.511792 1.698947 5.563849
v -5.483733 1.718211 5.592483
v -5.345232 1.726190 5.604727
v -5.420118 1.698947 5.490157
v -5.398185 1.718211 5.523714
v -5.264735 1.726190 5.562743
v -5.315830 1.698947 5.435764
v -5.300864 1.718211 5.472956
v -5.177593 1.726190 5.537270
v -5.202934 1.698947 5.402763
v -5.195511 1.718211 5.442159
v -5.087155 1.726190 5.529287
v -5.085769 1.698947 5.392421
v -5.086175 1.718211 5.432508
v -4.996899 1.726190 5.539101
v -4.968837 1.698947 5.405135
v -4.977057 1.718211 5.444373
v -4.910291 1.726190 5.566334
v -4.856633 1.698947 5.440417
v -4.872349 1.718211 5.477298
v -4.830660 1.726190 5.609941
v -4.753468 1.698947 5.496912
v -4.776077 1.718211 5.530017
v -4.761066 1.726190 5.668245
v -4.663307 1.698947 5.572446
v -4.691940 1.718211 5.600505
v -4.704185 1.726190 5.739006
v -4.589614 1.698947 5.664120
v -4.623171 1.718211 5.686053
v -4.662201 1.726190 5.819503
v -4.535222 1.698947 5.768408
v -4.572413 1.718211 5.783374
v -4.636728 1.726190 5.906645
v -4.502221 1.698947 5.881304
v -4.541617 1.718211 5.888727
v -4.625206 0.317975 5.997118
v -4.625206 0.477975 5.997118
v -4.635094 0.317975 6.088065
v -4.635094 0.477975 6.088065
v -4.662536 0.317975 6.175335
v -4.662536 0.477975 6.175335
v -4.706476 0.317975 6.255574
v -4.706476 0.477975 6.255574
v -4.765225 0.317975 6.325700
v -4.765225 0.477975 6.325700
v -4.836527 0.317975 6.383016
v -4.836527 0.477975 6.383016
v -4.917640 0.317975 6.425321
v -4.917640 0.477975 6.425321
v -5.005448 0.317975 6.450989
v -5.005448 0.477975 6.450989
v -5.096576 0.317975 6.459033
v -5.096576 0.477975 6.459033
v -5.187523 0.317975 6.449144
v -5.187523 0.477975 6.449144
v -5.274793 0.317975 6.421702
v -5.274793 0.477975 6.421702
v -5.355032 0.317975 6.377762
v -5.355032 0.477975 6.377762
v -5.425158 0.317975 6.319013
v -5.425158 0.477975 6.319013
v -5.482474 0.317975 6.247712
v -5.482474 0.477975 6.247712
v -5.524779 0.317975 6.166598
v -5.524779 0.477975 6.166598
v -5.550447 0.317975 6.078790
v -5.550447 0.477975 6.078790
v -5.558491 0.317975 5.987662
v -5.558491 0.477975 5.987662
v -5.548602 0.317975 5.896715
v -5.548602 0.477975 5.896715
v -5.521160 0.317975 5.809445
v -5.521160 0.477975 5.809445
v -5.477221 0.317975 5.729206
v -5.477221 0.477975 5.729206
v -5.418471 0.317975 5.659081
v -5.418471 0.477975 5.659081
v -5.347169 0.317975 5.601764
v -5.347169 0.477975 5.601764
v -5.266056 0.317975 5.559459
v -5.266056 0.477975 5.559459
v -5.178248 0.317975 5.533792
v -5.178248 0.477975 5.533792
v -5.087120 0.317975 5.525747
v -5.087120 0.477975 5.525747
v -4.996173 0.317975 5.535636
v -4.996173 0.477975 5.535636
v -4.908904 0.317975 5.563078
v -4.908903 0.477975 5.563078
v -4.828664 0.317975 5.607018
v -4.828664 0.477975 5.607018
v -4.758539 0.317975 5.665767
v -4.758539 0.477975 5.665767
v -4.701222 0.317975 5.737069
v -4.701222 0.477975 5.737069
v -4.658917 0.317975 5.818182
v -4.658917 0.477975 5.818182
v -4.633249 0.317975 5.905990
v -4.633249 0.477975 5.905990
v -5.025185 0.453975 5.993066
v -5.025185 1.541975 5.993066
v -5.026597 0.453975 6.006058
v -5.026597 1.541975 6.006058
v -5.030518 0.453975 6.018525
v -5.030518 1.541975 6.018525
v -5.036795 0.453975 6.029988
v -5.036795 1.541975 6.029988
v -5.045187 0.453975 6.040006
v -5.045187 1.541975 6.040006
v -5.055374 0.453975 6.048194
v -5.055373 1.541975 6.048194
v -5.066961 0.453975 6.054237
v -5.066961 1.541975 6.054237
v -5.079505 0.453975 6.057904
v -5.079505 1.541975 6.057904
v -5.092524 0.453975 6.059053
v -5.092524 1.541975 6.059053
v -5.105516 0.453975 6.057641
v -5.105516 1.541975 6.057641
v -5.117983 0.453975 6.053720
v -5.117983 1.541975 6.053720
v -5.129446 0.453975 6.047443
v -5.129446 1.541975 6.047443
v -5.139464 0.453975 6.039051
v -5.139463 1.541975 6.039051
v -5.147652 0.453975 6.028865
v -5.147652 1.541975 6.028865
v -5.153696 0.453975 6.017277
v -5.153695 1.541975 6.017277
v -5.157362 0.453975 6.004733
v -5.157362 1.541975 6.004733
v -5.158511 0.453975 5.991714
v -5.158511 1.541975 5.991714
v -5.157099 0.453975 5.978722
v -5.157098 1.541975 5.978722
v -5.153178 0.453975 5.966255
v -5.153178 1.541975 5.966255
v -5.146901 0.453975 5.954792
v -5.146901 1.541975 5.954792
v -5.138508 0.453975 5.944775
v -5.138508 1.541975 5.944775
v -5.128323 0.453975 5.936586
v -5.128323 1.541975 5.936586
v -5.116735 0.453975 5.930543
v -5.116735 1.541975 5.930543
v -5.104191 0.453975 5.926876
v -5.104191 1.541975 5.926876
v -5.091173 0.453975 5.925727
v -5.091172 1.541975 5.925727
v -5.078180 0.453975 5.927140
v -5.078180 1.541975 5.927140
v -5.065713 0.453975 5.931060
v -5.065713 1.541975 5.931060
v -5.054250 0.453975 5.937337
v -5.054250 1.541975 5.937337
v -5.044232 0.453975 5.945730
v -5.044232 1.541975 5.945730
v -5.036044 0.453975 5.955915
v -5.036044 1.541975 5.955915
v -5.030001 0.453975 5.967503
v -5.030001 1.541975 5.967503
v -5.026334 0.453975 5.980047
v -5.026334 1.541975 5.980047
v -5.544415 1.614190 5.914467
v -5.544415 2.254190 5.914467
v -5.477752 1.614190 5.915143
v -5.477752 2.254190 5.915143
v -5.545901 1.614190 6.061127
v -5.545901 2.254190 6.061127
v -5.479238 1.614190 6.061802
v -5.479238 2.254190 6.061802
v -5.668489 2.269675 5.652343
v -5.671875 2.034614 5.986513
v -5.675261 2.269675 6.320683
v -5.665323 3.356750 5.339901
v -5.665338 3.401785 5.341413
v -5.373046 3.401785 5.344374
v -5.678426 3.356750 6.633125
v -5.678411 3.401785 6.631614
v -5.386119 3.401785 6.634575
v -5.390657 2.958344 5.989363
v -5.379583 2.906741 5.989475
v -5.382826 2.943230 5.989442
v -5.671875 2.906741 5.986513
v -5.660800 2.958345 5.986625
v -5.668631 2.943231 5.986546
v -5.665338 3.401785 5.341413
v -5.654639 3.394330 5.378565
v -5.662360 3.396513 5.367637
v -5.384496 3.394330 5.381302
v -5.373046 3.401785 5.344374
v -5.376555 3.396513 5.370533
v -5.666962 3.394330 6.594686
v -5.678411 3.401785 6.631614
v -5.674902 3.396513 6.605455
v -5.386119 3.401785 6.634575
v -5.396818 3.394330 6.597423
v -5.389097 3.396513 6.608351
v -5.376809 2.329070 5.715717
v -5.398171 2.269675 5.655082
v -5.382812 2.287071 5.672934
v -5.379583 2.136505 5.989475
v -5.401557 2.034614 5.989252
v -5.386019 2.064457 5.989409
v -5.382357 2.329070 6.263232
v -5.404943 2.269675 6.323422
v -5.389225 2.287071 6.305885
v -5.373046 3.401785 5.344374
v -5.395006 3.356750 5.342640
v -5.379472 3.369940 5.343240
v -5.408109 3.356750 6.635864
v -5.386119 3.401785 6.634575
v -5.392566 3.369940 6.635579
vn -0.0000 -1.0000 -0.0000
vn 0.4323 0.9005 0.0470
vn 0.0821 0.9966 0.0089
vn 0.4148 0.9005 0.1304
vn 0.0788 0.9966 0.0248
vn 0.3814 0.9005 0.2088
vn 0.0724 0.9966 0.0397
vn 0.3333 0.9005 0.2792
vn 0.0633 0.9966 0.0530
vn 0.2724 0.9005 0.3389
vn 0.0517 0.9966 0.0643
vn 0.2011 0.9005 0.3855
vn 0.0382 0.9966 0.0732
vn 0.1220 0.9005 0.4173
vn 0.0232 0.9966 0.0792
vn 0.0382 0.9005 0.4331
vn 0.0073 0.9966 0.0822
vn -0.0470 0.9005 0.4323
vn -0.0089 0.9966 0.0821
vn -0.1304 0.9005 0.4148
vn -0.0248 0.9966 0.0788
vn -0.2088 0.9005 0.3814
vn -0.0397 0.9966 0.0724
vn -0.2792 0.9005 0.3333
vn -0.0530 0.9966 0.0633
vn -0.3389 0.9005 0.2724
vn -0.0643 0.9966 0.0517
vn -0.3855 0.9005 0.2011
vn -0.0732 0.9966 0.0382
vn -0.4173 0.9005 0.1220
vn -0.0792 0.9966 0.0232
vn -0.4331 0.9005 0.0382
vn -0.0822 0.9966 0.0073
vn -0.4323 0.9005 -0.0470
vn -0.0821 0.9966 -0.0089
vn -0.4148 0.9005 -0.1304
vn -0.0788 0.9966 -0.0248
vn -0.3814 0.9005 -0.2088
vn -0.0724 0.9966 -0.0397
vn -0.3333 0.9005 -0.2792
vn -0.0633 0.9966 -0.0530
vn -0.2724 0.9005 -0.3389
vn -0.0517 0.9966 -0.0643
vn -0.2011 0.9005 -0.3855
vn -0.0382 0.9966 -0.0732
vn -0.1220 0.9005 -0.4173
vn -0.0232 0.9966 -0.0792
vn -0.0382 0.9005 -0.4331
vn -0.0073 0.9966 -0.0822
vn 0.0470 0.9005 -0.4323
vn 0.0089 0.9966 -0.0821
vn 0.1304 0.9005 -0.4148
vn 0.0248 0.9966 -0.0788
vn 0.2088 0.9005 -0.3814
vn 0.0397 0.9966 -0.0724
vn 0.2792 0.9005 -0.3333
vn 0.0530 0.9966 -0.0633
vn 0.3389 0.9005 -0.2724
vn 0.0643 0.9966 -0.0517
vn 0.3855 0.9005 -0.2011
vn 0.0732 0.9966 -0.0382
vn 0.4173 0.9005 -0.1220
vn 0.0792 0.9966 -0.0232
vn 0.4331 0.9005 -0.0382
vn 0.0822 0.9966 -0.0073
vn -0.0000 1.0000 -0.0000
vn 0.9941 -0.0000 0.1081
vn 0.9961 -0.0000 -0.0879
vn 0.9540 -0.0000 0.3000
vn 0.8771 -0.0000 0.4803
vn 0.7665 -0.0000 0.6422
vn 0.6265 -0.0000 0.7794
vn 0.4624 -0.0000 0.8867
vn 0.2806 -0.0000 0.9598
vn 0.0879 -0.0000 0.9961
vn -0.1081 -0.0000 0.9941
vn -0.3000 -0.0000 0.9540
vn -0.4803 -0.0000 0.8771
vn -0.6422 -0.0000 0.7665
vn -0.7794 -0.0000 0.6265
vn -0.8867 -0.0000 0.4624
vn -0.9598 -0.0000 0.2806
vn -0.9961 -0.0000 0.0879
vn -0.9941 -0.0000 -0.1081
vn -0.9540 -0.0000 -0.3000
vn -0.8771 -0.0000 -0.4803
vn -0.7665 -0.0000 -0.6422
vn -0.6265 -0.0000 -0.7794
vn -0.4624 -0.0000 -0.8867
vn -0.2806 -0.0000 -0.9598
vn -0.0879 -0.0000 -0.9961
vn 0.1081 -0.0000 -0.9941
vn 0.3000 -0.0000 -0.9540
vn 0.4803 -0.0000 -0.8771
vn 0.6422 -0.0000 -0.7665
vn 0.7794 -0.0000 -0.6265
vn 0.8867 -0.0000 -0.4624
vn 0.9598 -0.0000 -0.2806
vn 0.9539 -0.0000 0.3000
vn 0.0101 -0.0000 -0.9999
vn 0.9999 -0.0000 0.0101
vn -0.0101 -0.0000 0.9999
vn -0.9999 -0.0000 -0.0101
vn -0.7362 0.5515 0.3922
vn -0.9884 0.1259 0.0845
vn 0.9865 0.1259 0.1045
vn 0.7281 0.5515 0.4071
vn -0.7281 0.5515 -0.4071
vn -0.9865 0.1259 -0.1045
vn 0.9884 0.1259 -0.0845
vn 0.7362 0.5515 -0.3922
vn 0.0059 0.8127 -0.5827
vn -0.0059 0.8127 0.5827
vn -0.0020 0.9803 0.1973
vn 0.0020 0.9803 -0.1973
vn 0.8467 -0.4392 -0.3004
vn 0.9947 -0.0888 -0.0524
vn 0.9934 -0.0888 0.0725
vn 0.8404 -0.4392 0.3175
vn 0.9825 -0.0606 -0.1762
vn 0.6501 -0.2174 -0.7281
vn 0.9787 -0.0606 0.1961
vn 0.6352 -0.2174 0.7411
vn 0.0097 -0.2762 -0.9610
vn 0.0058 -0.8179 -0.5753
vn -0.0058 -0.8179 0.5753
vn -0.0097 -0.2762 0.9610
vn 0.0101 0.0335 -0.9994
vn -0.0101 0.0335 0.9994
vt 0.483906 0.143218
vt 0.474334 0.128893
vt 0.467741 0.112976
vt 0.464380 0.096078
vt 0.464380 0.078849
vt 0.467741 0.061951
vt 0.474334 0.046034
vt 0.483906 0.031709
vt 0.496089 0.019526
vt 0.510414 0.009954
vt 0.526331 0.003361
vt 0.543229 -0.000000
vt 0.560458 -0.000000
vt 0.577356 0.003361
vt 0.593273 0.009954
vt 0.607598 0.019526
vt 0.619781 0.031709
vt 0.629353 0.046034
vt 0.635946 0.061951
vt 0.639307 0.078849
vt 0.639307 0.096078
vt 0.635946 0.112976
vt 0.629353 0.128893
vt 0.619781 0.143218
vt 0.607598 0.155401
vt 0.593273 0.164973
vt 0.577356 0.171566
vt 0.560458 0.174927
vt 0.543229 0.174927
vt 0.526331 0.171566
vt 0.510414 0.164973
vt 0.496089 0.155401
vt 0.667962 0.525164
vt 0.650816 0.525244
vt 0.650816 0.510871
vt 0.666816 0.510796
vt 0.473669 0.295208
vt 0.467517 0.280354
vt 0.481083 0.276239
vt 0.486172 0.288525
vt 0.684448 0.524924
vt 0.682201 0.510572
vt 0.482601 0.308576
vt 0.493560 0.299582
vt 0.699643 0.524536
vt 0.696381 0.510210
vt 0.493970 0.319945
vt 0.502964 0.308986
vt 0.712961 0.524013
vt 0.708809 0.509722
vt 0.507338 0.328877
vt 0.514021 0.316374
vt 0.477698 0.524677
vt 0.464380 0.524046
vt 0.468532 0.509722
vt 0.480960 0.510310
vt 0.522192 0.335029
vt 0.526307 0.321463
vt 0.492892 0.525145
vt 0.495140 0.510747
vt 0.537961 0.338166
vt 0.539350 0.324058
vt 0.509379 0.525433
vt 0.510525 0.511016
vt 0.554038 0.338166
vt 0.552649 0.324058
vt 0.526525 0.525531
vt 0.526525 0.511107
vt 0.569807 0.335029
vt 0.565692 0.321463
vt 0.543671 0.525433
vt 0.542525 0.511016
vt 0.584661 0.328877
vt 0.577978 0.316374
vt 0.560158 0.525145
vt 0.557911 0.510747
vt 0.598029 0.319945
vt 0.589035 0.308986
vt 0.575352 0.524677
vt 0.572090 0.510310
vt 0.609398 0.308576
vt 0.598439 0.299582
vt 0.588670 0.524046
vt 0.584518 0.509722
vt 0.618330 0.295208
vt 0.605827 0.288525
vt 0.477698 0.353257
vt 0.464380 0.352522
vt 0.468532 0.338166
vt 0.480960 0.338852
vt 0.624482 0.280354
vt 0.610916 0.276239
vt 0.492892 0.353804
vt 0.495140 0.339362
vt 0.627619 0.264585
vt 0.613511 0.263196
vt 0.509379 0.354140
vt 0.510525 0.339676
vt 0.627619 0.248508
vt 0.613511 0.249897
vt 0.526525 0.354254
vt 0.526525 0.339782
vt 0.624482 0.232739
vt 0.610916 0.236854
vt 0.543671 0.354140
vt 0.542525 0.339676
vt 0.618330 0.217885
vt 0.605827 0.224568
vt 0.560158 0.353804
vt 0.557911 0.339362
vt 0.609397 0.204517
vt 0.598439 0.213511
vt 0.575352 0.353257
vt 0.572090 0.338852
vt 0.598029 0.193148
vt 0.589035 0.204107
vt 0.588670 0.352522
vt 0.584518 0.338166
vt 0.584661 0.184216
vt 0.577978 0.196719
vt 0.601988 0.353121
vt 0.588670 0.352491
vt 0.592823 0.338166
vt 0.605251 0.338754
vt 0.569807 0.178064
vt 0.565692 0.191630
vt 0.617183 0.353589
vt 0.619430 0.339191
vt 0.554038 0.174927
vt 0.552649 0.189035
vt 0.633670 0.353878
vt 0.634816 0.339461
vt 0.537961 0.174927
vt 0.539350 0.189035
vt 0.650816 0.353975
vt 0.650816 0.339552
vt 0.522192 0.178064
vt 0.526307 0.191630
vt 0.667962 0.353878
vt 0.666816 0.339461
vt 0.507338 0.184216
vt 0.514021 0.196719
vt 0.684448 0.353589
vt 0.682201 0.339191
vt 0.493970 0.193148
vt 0.502964 0.204107
vt 0.699643 0.353121
vt 0.696381 0.338754
vt 0.482601 0.204517
vt 0.493560 0.213511
vt 0.712961 0.352491
vt 0.708809 0.338166
vt 0.473669 0.217885
vt 0.486172 0.224568
vt 0.601988 0.524536
vt 0.588670 0.524013
vt 0.592823 0.509722
vt 0.605251 0.510210
vt 0.467516 0.232739
vt 0.481083 0.236854
vt 0.617183 0.524924
vt 0.619430 0.510572
vt 0.464380 0.248508
vt 0.478488 0.249897
vt 0.633670 0.525164
vt 0.634816 0.510796
vt 0.464380 0.264585
vt 0.478488 0.263196
vt 0.650816 0.680887
vt 0.667962 0.680806
vt 0.633670 0.680806
vt 0.684448 0.680567
vt 0.699643 0.680178
vt 0.712961 0.679655
vt 0.464380 0.679608
vt 0.477698 0.680238
vt 0.492892 0.680707
vt 0.509379 0.680995
vt 0.526525 0.681092
vt 0.543671 0.680995
vt 0.560158 0.680707
vt 0.575352 0.680238
vt 0.588670 0.679608
vt 0.464380 0.507990
vt 0.477698 0.508725
vt 0.492892 0.509272
vt 0.509379 0.509608
vt 0.526525 0.509722
vt 0.543671 0.509608
vt 0.560158 0.509272
vt 0.575352 0.508725
vt 0.588670 0.507990
vt 0.588670 0.508052
vt 0.601988 0.508682
vt 0.617183 0.509151
vt 0.633670 0.509439
vt 0.650816 0.509537
vt 0.667962 0.509439
vt 0.684448 0.509151
vt 0.699643 0.508682
vt 0.712961 0.508052
vt 0.588670 0.679655
vt 0.601988 0.680178
vt 0.617183 0.680567
vt 0.812009 0.292933
vt 0.812009 0.175885
vt 0.825344 0.175822
vt 0.825344 0.292870
vt 0.838167 0.175636
vt 0.838167 0.292684
vt 0.849985 0.175334
vt 0.849985 0.292382
vt 0.860344 0.174927
vt 0.860344 0.291975
vt 0.685341 0.797874
vt 0.685341 0.680887
vt 0.695699 0.681377
vt 0.695699 0.798364
vt 0.707517 0.681742
vt 0.707517 0.798729
vt 0.720340 0.681966
vt 0.720340 0.798953
vt 0.733676 0.682042
vt 0.733676 0.799029
vt 0.747012 0.681966
vt 0.747012 0.798953
vt 0.759835 0.681742
vt 0.759835 0.798729
vt 0.771653 0.681377
vt 0.771653 0.798364
vt 0.782011 0.680887
vt 0.782011 0.797874
vt 0.588670 0.797804
vt 0.588670 0.680887
vt 0.599029 0.681459
vt 0.599029 0.798376
vt 0.610847 0.681884
vt 0.610847 0.798800
vt 0.623670 0.682145
vt 0.623670 0.799062
vt 0.637006 0.682234
vt 0.637006 0.799151
vt 0.650341 0.682145
vt 0.650341 0.799062
vt 0.663164 0.681884
vt 0.663164 0.798800
vt 0.674982 0.681459
vt 0.674982 0.798376
vt 0.685341 0.680887
vt 0.685341 0.797804
vt 0.464380 0.798080
vt 0.464380 0.681092
vt 0.474738 0.681583
vt 0.474738 0.798570
vt 0.486556 0.681947
vt 0.486556 0.798934
vt 0.499379 0.682171
vt 0.499379 0.799159
vt 0.512715 0.682247
vt 0.512715 0.799235
vt 0.526051 0.682171
vt 0.526051 0.799159
vt 0.538874 0.681947
vt 0.538874 0.798934
vt 0.550692 0.681583
vt 0.550692 0.798570
vt 0.561050 0.681092
vt 0.561050 0.798080
vt 0.763673 0.291975
vt 0.763673 0.174927
vt 0.774032 0.175334
vt 0.774032 0.292382
vt 0.785850 0.175636
vt 0.785850 0.292684
vt 0.652281 0.295794
vt 0.642806 0.286319
vt 0.635361 0.275177
vt 0.630233 0.262797
vt 0.627619 0.249654
vt 0.627619 0.236254
vt 0.630233 0.223111
vt 0.635361 0.210731
vt 0.642806 0.199589
vt 0.652281 0.190114
vt 0.663423 0.182669
vt 0.675803 0.177541
vt 0.688946 0.174927
vt 0.702346 0.174927
vt 0.715489 0.177541
vt 0.727869 0.182669
vt 0.739011 0.190114
vt 0.748486 0.199589
vt 0.755931 0.210731
vt 0.761059 0.223111
vt 0.763673 0.236254
vt 0.763673 0.249654
vt 0.761059 0.262797
vt 0.755931 0.275177
vt 0.748486 0.286319
vt 0.739011 0.295794
vt 0.727869 0.303239
vt 0.715489 0.308367
vt 0.702346 0.310981
vt 0.688946 0.310981
vt 0.675803 0.308367
vt 0.663423 0.303239
vt 0.798673 0.175822
vt 0.798673 0.292870
vt 0.654494 0.111392
vt 0.647049 0.100250
vt 0.641921 0.087870
vt 0.639307 0.074727
vt 0.639307 0.061327
vt 0.641921 0.048184
vt 0.647049 0.035804
vt 0.654494 0.024662
vt 0.663969 0.015187
vt 0.675111 0.007742
vt 0.687491 0.002614
vt 0.700634 0.000000
vt 0.714034 0.000000
vt 0.727177 0.002614
vt 0.739557 0.007742
vt 0.750699 0.015187
vt 0.760174 0.024662
vt 0.767619 0.035804
vt 0.772747 0.048184
vt 0.775361 0.061327
vt 0.775361 0.074727
vt 0.772747 0.087870
vt 0.767619 0.100250
vt 0.760174 0.111392
vt 0.750699 0.120867
vt 0.739557 0.128312
vt 0.727177 0.133440
vt 0.714034 0.136054
vt 0.700634 0.136054
vt 0.687491 0.133440
vt 0.675111 0.128312
vt 0.663969 0.120867
vt 0.867249 0.970990
vt 0.867249 0.175064
vt 0.869154 0.175055
vt 0.869154 0.970981
vt 0.870986 0.175028
vt 0.870986 0.970955
vt 0.872674 0.174985
vt 0.872674 0.970911
vt 0.874154 0.174927
vt 0.874154 0.970853
vt 0.874154 0.970439
vt 0.874154 0.174927
vt 0.875634 0.174997
vt 0.875634 0.970509
vt 0.877322 0.175049
vt 0.877322 0.970561
vt 0.879154 0.175081
vt 0.879154 0.970594
vt 0.881059 0.175092
vt 0.881059 0.970604
vt 0.882964 0.175081
vt 0.882964 0.970594
vt 0.884796 0.175049
vt 0.884796 0.970561
vt 0.886484 0.174997
vt 0.886484 0.970509
vt 0.887964 0.174927
vt 0.887964 0.970439
vt 0.901774 0.969961
vt 0.901774 0.174927
vt 0.903254 0.175009
vt 0.903254 0.970042
vt 0.904942 0.175069
vt 0.904942 0.970103
vt 0.906774 0.175107
vt 0.906774 0.970141
vt 0.908679 0.175119
vt 0.908679 0.970153
vt 0.910584 0.175107
vt 0.910584 0.970141
vt 0.912416 0.175069
vt 0.912416 0.970103
vt 0.914104 0.175009
vt 0.914104 0.970042
vt 0.915584 0.174927
vt 0.915584 0.969961
vt 0.889444 0.174997
vt 0.889444 0.970509
vt 0.891132 0.175049
vt 0.891132 0.970561
vt 0.892964 0.175081
vt 0.892964 0.970594
vt 0.894869 0.175092
vt 0.894869 0.970604
vt 0.896774 0.175081
vt 0.896774 0.970594
vt 0.898606 0.175049
vt 0.898606 0.970561
vt 0.900294 0.174997
vt 0.900294 0.970509
vt 0.901774 0.174927
vt 0.901774 0.970439
vt 0.860344 0.970853
vt 0.860344 0.174927
vt 0.861824 0.174985
vt 0.861824 0.970911
vt 0.863512 0.175028
vt 0.863512 0.970955
vt 0.643532 0.328248
vt 0.641940 0.329312
vt 0.640172 0.330044
vt 0.638294 0.330418
vt 0.636380 0.330418
vt 0.634503 0.330044
vt 0.632734 0.329312
vt 0.631142 0.328248
vt 0.629789 0.326894
vt 0.628725 0.325303
vt 0.627993 0.323534
vt 0.627619 0.321657
vt 0.627619 0.319742
vt 0.627993 0.317865
vt 0.628725 0.316096
vt 0.629789 0.314504
vt 0.631142 0.313151
vt 0.632734 0.312087
vt 0.634503 0.311355
vt 0.636380 0.310981
vt 0.638294 0.310981
vt 0.640172 0.311355
vt 0.641940 0.312087
vt 0.643532 0.313151
vt 0.644886 0.314504
vt 0.645949 0.316096
vt 0.646682 0.317865
vt 0.647055 0.319742
vt 0.647055 0.321657
vt 0.646682 0.323534
vt 0.645949 0.325303
vt 0.644886 0.326894
vt 0.865344 0.175055
vt 0.865344 0.970981
vt 0.653628 0.154385
vt 0.651860 0.155117
vt 0.649982 0.155491
vt 0.648068 0.155491
vt 0.646190 0.155117
vt 0.644422 0.154385
vt 0.642830 0.153321
vt 0.641477 0.151967
vt 0.640413 0.150376
vt 0.639680 0.148607
vt 0.639307 0.146730
vt 0.639307 0.144815
vt 0.639680 0.142938
vt 0.640413 0.141169
vt 0.641477 0.139577
vt 0.642830 0.138224
vt 0.644422 0.137160
vt 0.646190 0.136428
vt 0.648068 0.136054
vt 0.649982 0.136054
vt 0.651860 0.136428
vt 0.653628 0.137160
vt 0.655220 0.138224
vt 0.656574 0.139577
vt 0.657637 0.141169
vt 0.658370 0.142938
vt 0.658743 0.144815
vt 0.658743 0.146730
vt 0.658370 0.148607
vt 0.657637 0.150376
vt 0.656574 0.151967
vt 0.655220 0.153321
vt 0.841561 0.806115
vt 0.841561 0.338166
vt 0.851326 0.338166
vt 0.851326 0.806115
vt 0.798594 0.806358
vt 0.798594 0.338166
vt 0.820077 0.338166
vt 0.820077 0.806358
vt 0.915584 0.642875
vt 0.915584 0.174927
vt 0.925349 0.174927
vt 0.925349 0.642875
vt 0.820077 0.805833
vt 0.820077 0.338166
vt 0.841561 0.338166
vt 0.841561 0.805833
vt 0.656821 0.310981
vt 0.656821 0.332465
vt 0.647055 0.332465
vt 0.647055 0.310981
vt 0.666586 0.310981
vt 0.666586 0.332465
vt 0.656821 0.310981
vt 0.284028 0.323926
vt 0.373100 0.005339
vt 0.374689 0.003820
vt 0.284028 0.335048
vt 0.378526 0.000000
vt 0.284028 0.361743
vt 0.094654 0.362149
vt 0.000157 0.000000
vt 0.003993 0.003834
vt 0.094654 0.335433
vt 0.005582 0.005376
vt 0.094654 0.324321
vt 0.194956 0.005339
vt 0.193367 0.003820
vt 0.189530 0.000000
vt 0.189152 0.000000
vt 0.185315 0.003834
vt 0.183726 0.005376
vt 0.754155 0.667847
vt 0.714583 0.667847
vt 0.714583 0.343930
vt 0.754155 0.343930
vt 0.757400 0.667847
vt 0.757400 0.343930
vt 0.796972 0.343930
vt 0.796972 0.667847
vt 0.284028 0.999032
vt 0.235077 0.827267
vt 0.189309 0.032909
vt 0.378747 0.032909
vt 0.332979 0.827267
vt 0.798594 0.338166
vt 0.798119 0.342242
vt 0.756253 0.342242
vt 0.755777 0.338166
vt 0.712961 0.338166
vt 0.755778 0.338166
vt 0.755302 0.342242
vt 0.713436 0.342242
vt 0.094654 1.000000
vt 0.045703 0.828041
vt 0.048295 0.815424
vt 0.094654 0.978277
vt 0.054553 0.784745
vt 0.094654 0.925616
vt 0.134756 0.784745
vt 0.141013 0.815424
vt 0.143605 0.828041
vt 0.000000 0.023251
vt 0.420621 0.023293
vt 0.420621 0.812269
vt 0.418344 0.825138
vt 0.418344 0.032941
vt 0.189309 0.023251
vt 0.422506 0.812269
vt 0.422506 0.023293
vt 0.424782 0.032941
vt 0.424782 0.825138
vt 0.378747 0.825138
vt 0.378747 0.032941
vt 0.418344 0.994184
vt 0.378747 0.994184
vt 0.464380 0.825138
vt 0.464380 0.994184
vt 0.424782 0.994184
vt 0.464380 0.032941
vt 0.378747 0.000000
vt 0.421563 0.000000
vt 0.421563 0.000000
vt 0.464380 0.000000
s 1
usemtl Material.021
f 6427/11908/2694 6428/11909/2694 6429/11910/2694 6430/11911/2694 6431/11912/2694 6432/11913/2694 6433/11914/2694 6434/11915/2694 6435/11916/2694 6436/11917/2694 6437/11918/2694 6438/11919/2694 6439/11920/2694 6440/11921/2694 6441/11922/2694 6442/11923/2694 6443/11924/2694 6444/11925/2694 6445/11926/2694 6446/11927/2694 6447/11928/2694 6448/11929/2694 6449/11930/2694 6450/11931/2694 6451/11932/2694 6452/11933/2694 6453/11934/2694 6454/11935/2694 6455/11936/2694 6456/11937/2694 6457/11938/2694 6458/11939/2694
f 6463/11940/2695 6460/11941/2695 6461/11942/2695 6464/11943/2695
f 6464/11944/2696 6461/11945/2696 6459/11946/2696 6462/11947/2696
f 6466/11948/2697 6463/11940/2697 6464/11943/2697 6467/11949/2697
f 6467/11950/2698 6464/11944/2698 6462/11947/2698 6465/11951/2698
f 6469/11952/2699 6466/11948/2699 6467/11949/2699 6470/11953/2699
f 6470/11954/2700 6467/11950/2700 6465/11951/2700 6468/11955/2700
f 6472/11956/2701 6469/11952/2701 6470/11953/2701 6473/11957/2701
f 6473/11958/2702 6470/11954/2702 6468/11955/2702 6471/11959/2702
f 6475/11960/2703 6472/11961/2703 6473/11962/2703 6476/11963/2703
f 6476/11964/2704 6473/11958/2704 6471/11959/2704 6474/11965/2704
f 6478/11966/2705 6475/11960/2705 6476/11963/2705 6479/11967/2705
f 6479/11968/2706 6476/11964/2706 6474/11965/2706 6477/11969/2706
f 6481/11970/2707 6478/11966/2707 6479/11967/2707 6482/11971/2707
f 6482/11972/2708 6479/11968/2708 6477/11969/2708 6480/11973/2708
f 6484/11974/2709 6481/11970/2709 6482/11971/2709 6485/11975/2709
f 6485/11976/2710 6482/11972/2710 6480/11973/2710 6483/11977/2710
f 6487/11978/2711 6484/11974/2711 6485/11975/2711 6488/11979/2711
f 6488/11980/2712 6485/11976/2712 6483/11977/2712 6486/11981/2712
f 6490/11982/2713 6487/11978/2713 6488/11979/2713 6491/11983/2713
f 6491/11984/2714 6488/11980/2714 6486/11981/2714 6489/11985/2714
f 6493/11986/2715 6490/11982/2715 6491/11983/2715 6494/11987/2715
f 6494/11988/2716 6491/11984/2716 6489/11985/2716 6492/11989/2716
f 6496/11990/2717 6493/11986/2717 6494/11987/2717 6497/11991/2717
f 6497/11992/2718 6494/11988/2718 6492/11989/2718 6495/11993/2718
f 6499/11994/2719 6496/11995/2719 6497/11996/2719 6500/11997/2719
f 6500/11998/2720 6497/11992/2720 6495/11993/2720 6498/11999/2720
f 6502/12000/2721 6499/11994/2721 6500/11997/2721 6503/12001/2721
f 6503/12002/2722 6500/11998/2722 6498/11999/2722 6501/12003/2722
f 6505/12004/2723 6502/12000/2723 6503/12001/2723 6506/12005/2723
f 6506/12006/2724 6503/12002/2724 6501/12003/2724 6504/12007/2724
f 6508/12008/2725 6505/12004/2725 6506/12005/2725 6509/12009/2725
f 6509/12010/2726 6506/12006/2726 6504/12007/2726 6507/12011/2726
f 6511/12012/2727 6508/12008/2727 6509/12009/2727 6512/12013/2727
f 6512/12014/2728 6509/12010/2728 6507/12011/2728 6510/12015/2728
f 6514/12016/2729 6511/12012/2729 6512/12013/2729 6515/12017/2729
f 6515/12018/2730 6512/12014/2730 6510/12015/2730 6513/12019/2730
f 6517/12020/2731 6514/12016/2731 6515/12017/2731 6518/12021/2731
f 6518/12022/2732 6515/12018/2732 6513/12019/2732 6516/12023/2732
f 6520/12024/2733 6517/12020/2733 6518/12021/2733 6521/12025/2733
f 6521/12026/2734 6518/12022/2734 6516/12023/2734 6519/12027/2734
f 6523/12028/2735 6520/12029/2735 6521/12030/2735 6524/12031/2735
f 6524/12032/2736 6521/12026/2736 6519/12027/2736 6522/12033/2736
f 6526/12034/2737 6523/12028/2737 6524/12031/2737 6527/12035/2737
f 6527/12036/2738 6524/12032/2738 6522/12033/2738 6525/12037/2738
f 6529/12038/2739 6526/12034/2739 6527/12035/2739 6530/12039/2739
f 6530/12040/2740 6527/12036/2740 6525/12037/2740 6528/12041/2740
f 6532/12042/2741 6529/12038/2741 6530/12039/2741 6533/12043/2741
f 6533/12044/2742 6530/12040/2742 6528/12041/2742 6531/12045/2742
f 6535/12046/2743 6532/12042/2743 6533/12043/2743 6536/12047/2743
f 6536/12048/2744 6533/12044/2744 6531/12045/2744 6534/12049/2744
f 6538/12050/2745 6535/12046/2745 6536/12047/2745 6539/12051/2745
f 6539/12052/2746 6536/12048/2746 6534/12049/2746 6537/12053/2746
f 6541/12054/2747 6538/12050/2747 6539/12051/2747 6542/12055/2747
f 6542/12056/2748 6539/12052/2748 6537/12053/2748 6540/12057/2748
f 6544/12058/2749 6541/12054/2749 6542/12055/2749 6545/12059/2749
f 6545/12060/2750 6542/12056/2750 6540/12057/2750 6543/12061/2750
f 6547/12062/2751 6544/12063/2751 6545/12064/2751 6548/12065/2751
f 6548/12066/2752 6545/12060/2752 6543/12061/2752 6546/12067/2752
f 6550/12068/2753 6547/12062/2753 6548/12065/2753 6551/12069/2753
f 6551/12070/2754 6548/12066/2754 6546/12067/2754 6549/12071/2754
f 6553/12072/2755 6550/12068/2755 6551/12069/2755 6554/12073/2755
f 6554/12074/2756 6551/12070/2756 6549/12071/2756 6552/12075/2756
f 6460/11941/2757 6553/12072/2757 6554/12073/2757 6461/11942/2757
f 6461/11945/2758 6554/12074/2758 6552/12075/2758 6459/11946/2758
f 6462/11947/2759 6459/11946/2759 6552/12075/2759 6549/12071/2759 6546/12067/2759 6543/12061/2759 6540/12057/2759 6537/12053/2759 6534/12049/2759 6531/12045/2759 6528/12041/2759 6525/12037/2759 6522/12033/2759 6519/12027/2759 6516/12023/2759 6513/12019/2759 6510/12015/2759 6507/12011/2759 6504/12007/2759 6501/12003/2759 6498/11999/2759 6495/11993/2759 6492/11989/2759 6489/11985/2759 6486/11981/2759 6483/11977/2759 6480/11973/2759 6477/11969/2759 6474/11965/2759 6471/11959/2759 6468/11955/2759 6465/11951/2759
f 6427/12076/2760 6460/11941/2760 6463/11940/2760 6428/12077/2760
f 6458/12078/2761 6553/12072/2761 6460/11941/2761 6427/12076/2761
f 6428/12077/2762 6463/11940/2762 6466/11948/2762 6429/12079/2762
f 6429/12079/2763 6466/11948/2763 6469/11952/2763 6430/12080/2763
f 6430/12080/2764 6469/11952/2764 6472/11956/2764 6431/12081/2764
f 6431/12082/2765 6472/11961/2765 6475/11960/2765 6432/12083/2765
f 6432/12083/2766 6475/11960/2766 6478/11966/2766 6433/12084/2766
f 6433/12084/2767 6478/11966/2767 6481/11970/2767 6434/12085/2767
f 6434/12085/2768 6481/11970/2768 6484/11974/2768 6435/12086/2768
f 6435/12086/2769 6484/11974/2769 6487/11978/2769 6436/12087/2769
f 6436/12087/2770 6487/11978/2770 6490/11982/2770 6437/12088/2770
f 6437/12088/2771 6490/11982/2771 6493/11986/2771 6438/12089/2771
f 6438/12089/2772 6493/11986/2772 6496/11990/2772 6439/12090/2772
f 6439/12091/2773 6496/11995/2773 6499/11994/2773 6440/12092/2773
f 6440/12092/2774 6499/11994/2774 6502/12000/2774 6441/12093/2774
f 6441/12093/2775 6502/12000/2775 6505/12004/2775 6442/12094/2775
f 6442/12094/2776 6505/12004/2776 6508/12008/2776 6443/12095/2776
f 6443/12095/2777 6508/12008/2777 6511/12012/2777 6444/12096/2777
f 6444/12096/2778 6511/12012/2778 6514/12016/2778 6445/12097/2778
f 6445/12097/2779 6514/12016/2779 6517/12020/2779 6446/12098/2779
f 6446/12098/2780 6517/12020/2780 6520/12024/2780 6447/12099/2780
f 6447/12100/2781 6520/12029/2781 6523/12028/2781 6448/12101/2781
f 6448/12101/2782 6523/12028/2782 6526/12034/2782 6449/12102/2782
f 6449/12102/2783 6526/12034/2783 6529/12038/2783 6450/12103/2783
f 6450/12103/2784 6529/12038/2784 6532/12042/2784 6451/12104/2784
f 6451/12104/2785 6532/12042/2785 6535/12046/2785 6452/12105/2785
f 6452/12105/2786 6535/12046/2786 6538/12050/2786 6453/12106/2786
f 6453/12106/2787 6538/12050/2787 6541/12054/2787 6454/12107/2787
f 6454/12107/2788 6541/12054/2788 6544/12058/2788 6455/12108/2788
f 6455/12109/2789 6544/12063/2789 6547/12062/2789 6456/12110/2789
f 6456/12110/2790 6547/12062/2790 6550/12068/2790 6457/12111/2790
f 6457/12111/2791 6550/12068/2791 6553/12072/2791 6458/12078/2791
f 6555/12112/2760 6556/12113/2760 6558/12114/2760 6557/12115/2760
f 6557/12115/2762 6558/12114/2762 6560/12116/2762 6559/12117/2762
f 6559/12117/2763 6560/12116/2763 6562/12118/2763 6561/12119/2763
f 6561/12119/2764 6562/12118/2764 6564/12120/2764 6563/12121/2764
f 6563/12122/2765 6564/12123/2765 6566/12124/2765 6565/12125/2765
f 6565/12125/2766 6566/12124/2766 6568/12126/2766 6567/12127/2766
f 6567/12127/2767 6568/12126/2767 6570/12128/2767 6569/12129/2767
f 6569/12129/2768 6570/12128/2768 6572/12130/2768 6571/12131/2768
f 6571/12131/2769 6572/12130/2769 6574/12132/2769 6573/12133/2769
f 6573/12133/2770 6574/12132/2770 6576/12134/2770 6575/12135/2770
f 6575/12135/2771 6576/12134/2771 6578/12136/2771 6577/12137/2771
f 6577/12137/2772 6578/12136/2772 6580/12138/2772 6579/12139/2772
f 6579/12140/2773 6580/12141/2773 6582/12142/2773 6581/12143/2773
f 6581/12143/2774 6582/12142/2774 6584/12144/2774 6583/12145/2774
f 6583/12145/2775 6584/12144/2775 6586/12146/2775 6585/12147/2775
f 6585/12147/2776 6586/12146/2776 6588/12148/2776 6587/12149/2776
f 6587/12149/2777 6588/12148/2777 6590/12150/2777 6589/12151/2777
f 6589/12151/2778 6590/12150/2778 6592/12152/2778 6591/12153/2778
f 6591/12153/2779 6592/12152/2779 6594/12154/2779 6593/12155/2779
f 6593/12155/2780 6594/12154/2780 6596/12156/2780 6595/12157/2780
f 6595/12158/2781 6596/12159/2781 6598/12160/2781 6597/12161/2781
f 6597/12161/2782 6598/12160/2782 6600/12162/2782 6599/12163/2782
f 6599/12163/2783 6600/12162/2783 6602/12164/2783 6601/12165/2783
f 6601/12165/2784 6602/12164/2784 6604/12166/2784 6603/12167/2784
f 6603/12167/2785 6604/12166/2785 6606/12168/2785 6605/12169/2785
f 6605/12169/2786 6606/12168/2786 6608/12170/2786 6607/12171/2786
f 6607/12171/2787 6608/12170/2787 6610/12172/2787 6609/12173/2787
f 6609/12173/2788 6610/12172/2788 6612/12174/2788 6611/12175/2788
f 6611/12176/2789 6612/12177/2789 6614/12178/2789 6613/12179/2789
f 6613/12179/2790 6614/12178/2790 6616/12180/2790 6615/12181/2790
f 6558/12182/2759 6556/12183/2759 6618/12184/2759 6616/12185/2759 6614/12186/2759 6612/12187/2759 6610/12188/2759 6608/12189/2759 6606/12190/2759 6604/12191/2759 6602/12192/2759 6600/12193/2759 6598/12194/2759 6596/12195/2759 6594/12196/2759 6592/12197/2759 6590/12198/2759 6588/12199/2759 6586/12200/2759 6584/12201/2759 6582/12202/2759 6580/12203/2759 6578/12204/2759 6576/12205/2759 6574/12206/2759 6572/12207/2759 6570/12208/2759 6568/12209/2759 6566/12210/2759 6564/12211/2759 6562/12212/2759 6560/12213/2759
f 6615/12181/2791 6616/12180/2791 6618/12214/2791 6617/12215/2791
f 6617/12215/2761 6618/12214/2761 6556/12113/2761 6555/12112/2761
f 6555/12216/2694 6557/12217/2694 6559/12218/2694 6561/12219/2694 6563/12220/2694 6565/12221/2694 6567/12222/2694 6569/12223/2694 6571/12224/2694 6573/12225/2694 6575/12226/2694 6577/12227/2694 6579/12228/2694 6581/12229/2694 6583/12230/2694 6585/12231/2694 6587/12232/2694 6589/12233/2694 6591/12234/2694 6593/12235/2694 6595/12236/2694 6597/12237/2694 6599/12238/2694 6601/12239/2694 6603/12240/2694 6605/12241/2694 6607/12242/2694 6609/12243/2694 6611/12244/2694 6613/12245/2694 6615/12246/2694 6617/12247/2694
f 6619/12248/2760 6620/12249/2760 6622/12250/2760 6621/12251/2760
f 6621/12251/2792 6622/12250/2792 6624/12252/2792 6623/12253/2792
f 6623/12253/2763 6624/12252/2763 6626/12254/2763 6625/12255/2763
f 6625/12255/2764 6626/12254/2764 6628/12256/2764 6627/12257/2764
f 6627/12258/2765 6628/12259/2765 6630/12260/2765 6629/12261/2765
f 6629/12261/2766 6630/12260/2766 6632/12262/2766 6631/12263/2766
f 6631/12263/2767 6632/12262/2767 6634/12264/2767 6633/12265/2767
f 6633/12265/2768 6634/12264/2768 6636/12266/2768 6635/12267/2768
f 6635/12267/2769 6636/12266/2769 6638/12268/2769 6637/12269/2769
f 6637/12269/2770 6638/12268/2770 6640/12270/2770 6639/12271/2770
f 6639/12271/2771 6640/12270/2771 6642/12272/2771 6641/12273/2771
f 6641/12273/2772 6642/12272/2772 6644/12274/2772 6643/12275/2772
f 6643/12276/2773 6644/12277/2773 6646/12278/2773 6645/12279/2773
f 6645/12279/2774 6646/12278/2774 6648/12280/2774 6647/12281/2774
f 6647/12281/2775 6648/12280/2775 6650/12282/2775 6649/12283/2775
f 6649/12283/2776 6650/12282/2776 6652/12284/2776 6651/12285/2776
f 6651/12285/2777 6652/12284/2777 6654/12286/2777 6653/12287/2777
f 6653/12287/2778 6654/12286/2778 6656/12288/2778 6655/12289/2778
f 6655/12289/2779 6656/12288/2779 6658/12290/2779 6657/12291/2779
f 6657/12291/2780 6658/12290/2780 6660/12292/2780 6659/12293/2780
f 6659/12275/2781 6660/12274/2781 6662/12294/2781 6661/12295/2781
f 6661/12295/2782 6662/12294/2782 6664/12296/2782 6663/12297/2782
f 6663/12297/2783 6664/12296/2783 6666/12298/2783 6665/12299/2783
f 6665/12299/2784 6666/12298/2784 6668/12300/2784 6667/12301/2784
f 6667/12301/2785 6668/12300/2785 6670/12302/2785 6669/12303/2785
f 6669/12303/2786 6670/12302/2786 6672/12304/2786 6671/12305/2786
f 6671/12305/2787 6672/12304/2787 6674/12306/2787 6673/12307/2787
f 6673/12307/2788 6674/12306/2788 6676/12308/2788 6675/12309/2788
f 6675/12310/2789 6676/12311/2789 6678/12312/2789 6677/12313/2789
f 6677/12313/2790 6678/12312/2790 6680/12314/2790 6679/12315/2790
f 6622/12316/2759 6620/12317/2759 6682/12318/2759 6680/12319/2759 6678/12320/2759 6676/12321/2759 6674/12322/2759 6672/12323/2759 6670/12324/2759 6668/12325/2759 6666/12326/2759 6664/12327/2759 6662/12328/2759 6660/12329/2759 6658/12330/2759 6656/12331/2759 6654/12332/2759 6652/12333/2759 6650/12334/2759 6648/12335/2759 6646/12336/2759 6644/12337/2759 6642/12338/2759 6640/12339/2759 6638/12340/2759 6636/12341/2759 6634/12342/2759 6632/12343/2759 6630/12344/2759 6628/12345/2759 6626/12346/2759 6624/12347/2759
f 6679/12315/2791 6680/12314/2791 6682/12348/2791 6681/12349/2791
f 6681/12349/2761 6682/12348/2761 6620/12249/2761 6619/12248/2761
f 6619/12350/2694 6621/12351/2694 6623/12352/2694 6625/12353/2694 6627/12354/2694 6629/12355/2694 6631/12356/2694 6633/12357/2694 6635/12358/2694 6637/12359/2694 6639/12360/2694 6641/12361/2694 6643/12362/2694 6645/12363/2694 6647/12364/2694 6649/12365/2694 6651/12366/2694 6653/12367/2694 6655/12368/2694 6657/12369/2694 6659/12370/2694 6661/12371/2694 6663/12372/2694 6665/12373/2694 6667/12374/2694 6669/12375/2694 6671/12376/2694 6673/12377/2694 6675/12378/2694 6677/12379/2694 6679/12380/2694 6681/12381/2694
f 6683/12382/2793 6684/12383/2793 6686/12384/2793 6685/12385/2793
f 6685/12386/2794 6686/12387/2794 6690/12388/2794 6689/12389/2794
f 6689/12390/2795 6690/12391/2795 6688/12392/2795 6687/12393/2795
f 6687/12394/2796 6688/12395/2796 6684/12396/2796 6683/12397/2796
f 6685/12398/2694 6689/12399/2694 6687/12400/2694 6683/12401/2694
f 6690/12402/2759 6686/12403/2759 6684/12399/2759 6688/12404/2759
f 6704/12405/2797 6707/12406/2797 6708/12407/2797 6705/12408/2797
f 6705/12408/2798 6708/12407/2798 6706/12409/2798 6703/12410/2798
f 6701/12411/2799 6710/12412/2799 6711/12413/2799 6702/12414/2799
f 6702/12414/2800 6711/12413/2800 6709/12415/2800 6700/12416/2800
f 6712/12417/2801 6704/12405/2801 6705/12408/2801 6714/12418/2801
f 6714/12418/2802 6705/12408/2802 6703/12410/2802 6713/12419/2802
f 6715/12420/2803 6701/12411/2803 6702/12414/2803 6717/12421/2803
f 6717/12421/2804 6702/12414/2804 6700/12416/2804 6716/12422/2804
f 6700/12423/2805 6704/12424/2805 6712/12425/2805 6716/12426/2805
f 6700/12427/2806 6709/12428/2806 6707/12429/2806 6704/12430/2806
f 6692/12431/2796 6693/12432/2796 6697/12433/2796 6698/12419/2796 6713/12419/2796 6703/12410/2796
f 6692/12431/2796 6703/12410/2796 6706/12409/2796 6695/12409/2796 6694/12434/2796 6691/12435/2796
f 6706/12436/2807 6708/12437/2807 6707/12429/2807 6709/12428/2807 6711/12438/2807 6710/12439/2807 6696/12439/2807 6695/12436/2807
f 6698/12440/2808 6699/12441/2808 6715/12441/2808 6717/12442/2808 6716/12426/2808 6712/12425/2808 6714/12443/2808 6713/12440/2808
f 6722/12444/2809 6719/12445/2809 6720/12446/2809 6723/12447/2809
f 6723/12447/2810 6720/12446/2810 6718/12448/2810 6721/12449/2810
f 6721/12449/2811 6724/12450/2811 6726/12451/2811 6723/12447/2811
f 6723/12447/2812 6726/12451/2812 6725/12452/2812 6722/12444/2812
f 6727/12412/2813 6718/12448/2813 6720/12446/2813 6729/12453/2813
f 6729/12454/2814 6720/12455/2814 6719/12456/2814 6728/12457/2814
f 6724/12450/2815 6731/12420/2815 6732/12458/2815 6726/12451/2815
f 6726/12459/2816 6732/12460/2816 6730/12461/2816 6725/12462/2816
f 6691/12463/2817 6694/12464/2817 6728/12457/2817 6719/12456/2817
f 6719/12456/2818 6722/12465/2818 6692/12466/2818 6691/12463/2818
f 6718/12448/2794 6727/12412/2794 6696/12412/2794 6710/12412/2794 6701/12411/2794 6721/12449/2794
f 6725/12462/2819 6693/12467/2819 6692/12468/2819 6722/12469/2819
f 6724/12450/2794 6721/12449/2794 6701/12411/2794 6715/12420/2794 6699/12420/2794 6731/12420/2794
f 6693/12467/2820 6725/12462/2820 6730/12461/2820 6697/12470/2820
f 6695/12471/2821 6696/12472/2821 6727/12472/2821 6729/12454/2821 6728/12457/2821 6694/12464/2821
f 6697/12470/2822 6730/12461/2822 6732/12460/2822 6731/12473/2822 6699/12473/2822 6698/12474/2822
o mdlSilla.022
v -3.007849 1.486190 6.075658
v -2.997190 1.486190 5.958522
v -2.963883 1.486190 5.845716
v -2.909209 1.486190 5.741575
v -2.835268 1.486190 5.650102
v -2.744903 1.486190 5.574811
v -2.641585 1.486190 5.518596
v -2.529286 1.486190 5.483618
v -2.412320 1.486190 5.471220
v -2.295184 1.486190 5.481880
v -2.182377 1.486190 5.515187
v -2.078237 1.486190 5.569861
v -1.986763 1.486190 5.643802
v -1.911473 1.486190 5.734168
v -1.855258 1.486190 5.837485
v -1.820280 1.486190 5.949784
v -1.807883 1.486190 6.066750
v -1.818542 1.486190 6.183887
v -1.851849 1.486190 6.296693
v -1.906523 1.486190 6.400834
v -1.980464 1.486190 6.492307
v -2.070829 1.486190 6.567597
v -2.174147 1.486190 6.623812
v -2.286446 1.486190 6.658790
v -2.403412 1.486190 6.671188
v -2.520548 1.486190 6.660528
v -2.633354 1.486190 6.627221
v -2.737495 1.486190 6.572547
v -2.828969 1.486190 6.498606
v -2.904259 1.486190 6.408241
v -2.960474 1.486190 6.304923
v -2.995452 1.486190 6.192624
v -2.870980 1.726190 6.074642
v -3.007849 1.698947 6.075658
v -2.967761 1.718211 6.075361
v -2.862752 1.726190 5.984227
v -2.997190 1.698947 5.958522
v -2.957814 1.718211 5.966051
v -2.837043 1.726190 5.897155
v -2.963883 1.698947 5.845716
v -2.926733 1.718211 5.860782
v -2.794841 1.726190 5.816771
v -2.909209 1.698947 5.741575
v -2.875711 1.718211 5.763599
v -2.737768 1.726190 5.746164
v -2.835268 1.698947 5.650102
v -2.806711 1.718211 5.678237
v -2.668017 1.726190 5.688049
v -2.744903 1.698947 5.574811
v -2.722383 1.718211 5.607977
v -2.588269 1.726190 5.644658
v -2.641585 1.698947 5.518596
v -2.625969 1.718211 5.555519
v -2.501587 1.726190 5.617660
v -2.529286 1.698947 5.483618
v -2.521173 1.718211 5.522878
v -2.411304 1.726190 5.608090
v -2.412320 1.698947 5.471220
v -2.412023 1.718211 5.511309
v -2.320889 1.726190 5.616318
v -2.295184 1.698947 5.481880
v -2.302713 1.718211 5.521256
v -2.233816 1.726190 5.642027
v -2.182378 1.698947 5.515187
v -2.197443 1.718211 5.552338
v -2.153432 1.726190 5.684229
v -2.078237 1.698947 5.569861
v -2.100261 1.718211 5.603359
v -2.082826 1.726190 5.741302
v -1.986763 1.698947 5.643802
v -2.014899 1.718211 5.672359
v -2.024711 1.726190 5.811053
v -1.911473 1.698947 5.734168
v -1.944639 1.718211 5.756687
v -1.981320 1.726190 5.890802
v -1.855258 1.698947 5.837485
v -1.892181 1.718211 5.853101
v -1.954321 1.726190 5.977483
v -1.820280 1.698947 5.949784
v -1.859540 1.718211 5.957897
v -1.944752 1.726190 6.067766
v -1.807883 1.698947 6.066750
v -1.847971 1.718211 6.067048
v -1.952980 1.726190 6.158181
v -1.818542 1.698947 6.183887
v -1.857918 1.718211 6.176358
v -1.978689 1.726190 6.245254
v -1.851849 1.698947 6.296693
v -1.888999 1.718211 6.281627
v -2.020891 1.726190 6.325638
v -1.906523 1.698947 6.400834
v -1.940021 1.718211 6.378809
v -2.077964 1.726190 6.396244
v -1.980464 1.698947 6.492307
v -2.009021 1.718211 6.464171
v -2.147715 1.726190 6.454359
v -2.070829 1.698947 6.567597
v -2.093349 1.718211 6.534431
v -2.227463 1.726190 6.497750
v -2.174147 1.698947 6.623812
v -2.189763 1.718211 6.586889
v -2.314145 1.726190 6.524749
v -2.286446 1.698947 6.658790
v -2.294559 1.718211 6.619531
v -2.404428 1.726190 6.534318
v -2.403412 1.698947 6.671188
v -2.403709 1.718211 6.631100
v -2.494843 1.726190 6.526091
v -2.520548 1.698947 6.660528
v -2.513019 1.718211 6.621152
v -2.581916 1.726190 6.500381
v -2.633355 1.698947 6.627221
v -2.618289 1.718211 6.590071
v -2.662300 1.726190 6.458179
v -2.737495 1.698947 6.572547
v -2.715471 1.718211 6.539050
v -2.732906 1.726190 6.401106
v -2.828969 1.698947 6.498606
v -2.800833 1.718211 6.470049
v -2.791021 1.726190 6.331356
v -2.904259 1.698947 6.408241
v -2.871093 1.718211 6.385722
v -2.834412 1.726190 6.251606
v -2.960474 1.698947 6.304923
v -2.923551 1.718211 6.289307
v -2.861411 1.726190 6.164925
v -2.995452 1.698947 6.192624
v -2.956192 1.718211 6.184511
v -2.874520 0.317975 6.074668
v -2.874520 0.477975 6.074668
v -2.866229 0.317975 5.983562
v -2.866229 0.477975 5.983562
v -2.840323 0.317975 5.895824
v -2.840323 0.477975 5.895824
v -2.797799 0.317975 5.814826
v -2.797799 0.477975 5.814826
v -2.740290 0.317975 5.743680
v -2.740290 0.477975 5.743680
v -2.670005 0.317975 5.685121
v -2.670005 0.477975 5.685121
v -2.589647 0.317975 5.641398
v -2.589647 0.477975 5.641398
v -2.502303 0.317975 5.614193
v -2.502303 0.477975 5.614193
v -2.411330 0.317975 5.604550
v -2.411330 0.477975 5.604550
v -2.320224 0.317975 5.612841
v -2.320224 0.477975 5.612841
v -2.232486 0.317975 5.638746
v -2.232486 0.477975 5.638746
v -2.151487 0.317975 5.681271
v -2.151487 0.477975 5.681271
v -2.080341 0.317975 5.738780
v -2.080342 0.477975 5.738780
v -2.021782 0.317975 5.809065
v -2.021782 0.477975 5.809065
v -1.978060 0.317975 5.889423
v -1.978060 0.477975 5.889423
v -1.950855 0.317975 5.976767
v -1.950855 0.477975 5.976767
v -1.941212 0.317975 6.067740
v -1.941212 0.477975 6.067740
v -1.949503 0.317975 6.158846
v -1.949503 0.477975 6.158846
v -1.975408 0.317975 6.246584
v -1.975408 0.477975 6.246584
v -2.017933 0.317975 6.327582
v -2.017933 0.477975 6.327582
v -2.075442 0.317975 6.398728
v -2.075442 0.477975 6.398728
v -2.145726 0.317975 6.457288
v -2.145726 0.477975 6.457288
v -2.226084 0.317975 6.501010
v -2.226084 0.477975 6.501010
v -2.313428 0.317975 6.528215
v -2.313428 0.477975 6.528215
v -2.404401 0.317975 6.537858
v -2.404401 0.477975 6.537858
v -2.495507 0.317975 6.529567
v -2.495508 0.477975 6.529567
v -2.583246 0.317975 6.503662
v -2.583246 0.477975 6.503662
v -2.664244 0.317975 6.461137
v -2.664244 0.477975 6.461137
v -2.735390 0.317975 6.403628
v -2.735390 0.477975 6.403628
v -2.793950 0.317975 6.333344
v -2.793950 0.477975 6.333344
v -2.837672 0.317975 6.252985
v -2.837672 0.477975 6.252985
v -2.864877 0.317975 6.165642
v -2.864877 0.477975 6.165642
v -2.474531 0.453975 6.071699
v -2.474531 1.541975 6.071699
v -2.473346 0.453975 6.058684
v -2.473346 1.541975 6.058684
v -2.469646 0.453975 6.046150
v -2.469646 1.541975 6.046150
v -2.463571 0.453975 6.034579
v -2.463571 1.541975 6.034579
v -2.455355 0.453975 6.024415
v -2.455355 1.541975 6.024415
v -2.445314 0.453975 6.016049
v -2.445314 1.541975 6.016049
v -2.433835 0.453975 6.009803
v -2.433835 1.541975 6.009803
v -2.421357 0.453975 6.005917
v -2.421357 1.541975 6.005917
v -2.408361 0.453975 6.004539
v -2.408361 1.541975 6.004539
v -2.395345 0.453975 6.005724
v -2.395346 1.541975 6.005724
v -2.382812 0.453975 6.009425
v -2.382812 1.541975 6.009425
v -2.371240 0.453975 6.015500
v -2.371240 1.541975 6.015500
v -2.361077 0.453975 6.023715
v -2.361077 1.541975 6.023715
v -2.352711 0.453975 6.033756
v -2.352711 1.541975 6.033756
v -2.346465 0.453975 6.045236
v -2.346465 1.541975 6.045236
v -2.342578 0.453975 6.057713
v -2.342579 1.541975 6.057713
v -2.341201 0.453975 6.070709
v -2.341201 1.541975 6.070709
v -2.342385 0.453975 6.083724
v -2.342386 1.541975 6.083724
v -2.346086 0.453975 6.096259
v -2.346086 1.541975 6.096259
v -2.352161 0.453975 6.107830
v -2.352161 1.541975 6.107830
v -2.360377 0.453975 6.117993
v -2.360377 1.541975 6.117993
v -2.370417 0.453975 6.126359
v -2.370417 1.541975 6.126359
v -2.381897 0.453975 6.132605
v -2.381897 1.541975 6.132605
v -2.394375 0.453975 6.136491
v -2.394375 1.541975 6.136491
v -2.407371 0.453975 6.137869
v -2.407371 1.541975 6.137869
v -2.420386 0.453975 6.136684
v -2.420386 1.541975 6.136684
v -2.432920 0.453975 6.132984
v -2.432920 1.541975 6.132984
v -2.444491 0.453975 6.126909
v -2.444491 1.541975 6.126909
v -2.454655 0.453975 6.118693
v -2.454655 1.541975 6.118693
v -2.463021 0.453975 6.108653
v -2.463021 1.541975 6.108653
v -2.469267 0.453975 6.097173
v -2.469267 1.541975 6.097173
v -2.473153 0.453975 6.084695
v -2.473153 1.541975 6.084695
v -1.954001 1.614190 6.141170
v -1.954001 2.254190 6.141170
v -2.020666 1.614190 6.141665
v -2.020666 2.254190 6.141665
v -1.955090 1.614190 5.994507
v -1.955090 2.254190 5.994507
v -2.021755 1.614190 5.995002
v -2.021755 2.254190 5.995002
v -1.825344 2.269675 6.401076
v -1.827825 2.034614 6.066898
v -1.830306 2.269675 5.732720
v -1.823025 3.356750 6.713525
v -1.823036 3.401785 6.712014
v -2.115335 3.401785 6.714184
v -1.832626 3.356750 5.420270
v -1.832615 3.401785 5.421782
v -2.124914 3.401785 5.423952
v -2.109050 2.958344 6.068986
v -2.120124 2.906741 6.069068
v -2.116881 2.943230 6.069044
v -1.827826 2.906741 6.066898
v -1.838900 2.958345 6.066980
v -1.831069 2.943231 6.066922
v -1.823036 3.401785 6.712014
v -1.834386 3.394330 6.675055
v -1.826474 3.396513 6.685846
v -2.104536 3.394330 6.677060
v -2.115335 3.401785 6.714184
v -2.112286 3.396513 6.687968
v -1.843414 3.394330 5.458906
v -1.832615 3.401785 5.421782
v -1.835664 3.396513 5.447999
v -2.124914 3.401785 5.423952
v -2.113564 3.394330 5.460911
v -2.121476 3.396513 5.450120
v -2.118092 2.329070 6.342832
v -2.095668 2.269675 6.403083
v -2.111338 2.287071 6.385503
v -2.120124 2.136505 6.069068
v -2.098149 2.034614 6.068905
v -2.113688 2.064457 6.069020
v -2.122157 2.329070 5.795304
v -2.100630 2.269675 5.734727
v -2.116037 2.287071 5.752537
v -2.115335 3.401785 6.714184
v -2.093349 3.356750 6.715532
v -2.108891 3.369940 6.715205
v -2.102950 3.356750 5.422277
v -2.124914 3.401785 5.423952
v -2.118485 3.369940 5.422835
vn -0.0000 -1.0000 -0.0000
vn -0.4330 0.9005 -0.0394
vn -0.0822 0.9966 -0.0075
vn -0.4170 0.9005 -0.1231
vn -0.0792 0.9966 -0.0234
vn -0.3850 0.9005 -0.2021
vn -0.0731 0.9966 -0.0384
vn -0.3382 0.9005 -0.2733
vn -0.0642 0.9966 -0.0519
vn -0.2783 0.9005 -0.3341
vn -0.0528 0.9966 -0.0634
vn -0.2078 0.9005 -0.3819
vn -0.0395 0.9966 -0.0725
vn -0.1293 0.9005 -0.4151
vn -0.0246 0.9966 -0.0788
vn -0.0458 0.9005 -0.4324
vn -0.0087 0.9966 -0.0821
vn 0.0394 0.9005 -0.4330
vn 0.0075 0.9966 -0.0822
vn 0.1231 0.9005 -0.4170
vn 0.0234 0.9966 -0.0792
vn 0.2021 0.9005 -0.3850
vn 0.0384 0.9966 -0.0731
vn 0.2733 0.9005 -0.3382
vn 0.0519 0.9966 -0.0642
vn 0.3341 0.9005 -0.2783
vn 0.0634 0.9966 -0.0528
vn 0.3819 0.9005 -0.2078
vn 0.0725 0.9966 -0.0395
vn 0.4151 0.9005 -0.1293
vn 0.0788 0.9966 -0.0246
vn 0.4324 0.9005 -0.0458
vn 0.0821 0.9966 -0.0087
vn 0.4330 0.9005 0.0394
vn 0.0822 0.9966 0.0075
vn 0.4170 0.9005 0.1231
vn 0.0792 0.9966 0.0234
vn 0.3850 0.9005 0.2021
vn 0.0731 0.9966 0.0384
vn 0.3382 0.9005 0.2733
vn 0.0642 0.9966 0.0519
vn 0.2783 0.9005 0.3341
vn 0.0528 0.9966 0.0634
vn 0.2078 0.9005 0.3819
vn 0.0395 0.9966 0.0725
vn 0.1293 0.9005 0.4151
vn 0.0246 0.9966 0.0788
vn 0.0458 0.9005 0.4324
vn 0.0087 0.9966 0.0821
vn -0.0394 0.9005 0.4330
vn -0.0075 0.9966 0.0822
vn -0.1231 0.9005 0.4170
vn -0.0234 0.9966 0.0792
vn -0.2021 0.9005 0.3850
vn -0.0384 0.9966 0.0731
vn -0.2733 0.9005 0.3382
vn -0.0519 0.9966 0.0642
vn -0.3341 0.9005 0.2783
vn -0.0634 0.9966 0.0528
vn -0.3819 0.9005 0.2078
vn -0.0725 0.9966 0.0395
vn -0.4151 0.9005 0.1293
vn -0.0788 0.9966 0.0246
vn -0.4324 0.9005 0.0458
vn -0.0821 0.9966 0.0087
vn -0.0000 1.0000 -0.0000
vn -0.9959 -0.0000 -0.0906
vn -0.9944 -0.0000 0.1054
vn -0.9591 -0.0000 -0.2832
vn -0.8854 -0.0000 -0.4648
vn -0.7777 -0.0000 -0.6286
vn -0.6401 -0.0000 -0.7683
vn -0.4779 -0.0000 -0.8784
vn -0.2974 -0.0000 -0.9548
vn -0.1054 -0.0000 -0.9944
vn 0.0906 -0.0000 -0.9959
vn 0.2832 -0.0000 -0.9591
vn 0.4648 -0.0000 -0.8854
vn 0.6286 -0.0000 -0.7777
vn 0.7683 -0.0000 -0.6401
vn 0.8784 -0.0000 -0.4779
vn 0.9548 -0.0000 -0.2974
vn 0.9944 -0.0000 -0.1054
vn 0.9959 -0.0000 0.0906
vn 0.9591 -0.0000 0.2832
vn 0.8854 -0.0000 0.4648
vn 0.7777 -0.0000 0.6286
vn 0.6401 -0.0000 0.7683
vn 0.4779 -0.0000 0.8784
vn 0.2974 -0.0000 0.9548
vn 0.1054 -0.0000 0.9944
vn -0.0906 -0.0000 0.9959
vn -0.2832 -0.0000 0.9591
vn -0.4648 -0.0000 0.8854
vn -0.6286 -0.0000 0.7777
vn -0.7683 -0.0000 0.6401
vn -0.8784 -0.0000 0.4779
vn -0.9548 -0.0000 0.2974
vn 0.0074 -0.0000 1.0000
vn -1.0000 -0.0000 0.0074
vn -0.0074 -0.0000 -1.0000
vn 1.0000 -0.0000 -0.0074
vn 0.7292 0.5515 -0.4051
vn 0.9868 0.1259 -0.1018
vn -0.9882 0.1259 -0.0872
vn -0.7351 0.5515 -0.3942
vn 0.7351 0.5515 0.3942
vn 0.9882 0.1259 0.0872
vn -0.9868 0.1259 0.1018
vn -0.7292 0.5515 0.4051
vn 0.0043 0.8127 0.5827
vn -0.0043 0.8127 -0.5827
vn -0.0015 0.9803 -0.1973
vn 0.0015 0.9803 0.1973
vn -0.8413 -0.4392 0.3152
vn -0.9936 -0.0888 0.0698
vn -0.9945 -0.0888 -0.0551
vn -0.8458 -0.4392 -0.3027
vn -0.9792 -0.0606 0.1935
vn -0.6372 -0.2174 0.7394
vn -0.9820 -0.0606 -0.1789
vn -0.6481 -0.2174 -0.7298
vn 0.0071 -0.2762 0.9611
vn 0.0043 -0.8179 0.5753
vn -0.0043 -0.8179 -0.5753
vn -0.0071 -0.2762 -0.9611
vn 0.0074 0.0335 0.9994
vn -0.0074 0.0335 -0.9994
vt 0.483906 0.143218
vt 0.474334 0.128893
vt 0.467741 0.112976
vt 0.464380 0.096078
vt 0.464380 0.078849
vt 0.467741 0.061951
vt 0.474334 0.046034
vt 0.483906 0.031709
vt 0.496089 0.019526
vt 0.510414 0.009954
vt 0.526331 0.003361
vt 0.543229 -0.000000
vt 0.560458 -0.000000
vt 0.577356 0.003361
vt 0.593273 0.009954
vt 0.607598 0.019526
vt 0.619781 0.031709
vt 0.629353 0.046034
vt 0.635946 0.061951
vt 0.639307 0.078849
vt 0.639307 0.096078
vt 0.635946 0.112976
vt 0.629353 0.128893
vt 0.619781 0.143218
vt 0.607598 0.155401
vt 0.593273 0.164973
vt 0.577356 0.171566
vt 0.560458 0.174927
vt 0.543229 0.174927
vt 0.526331 0.171566
vt 0.510414 0.164973
vt 0.496089 0.155401
vt 0.667962 0.525164
vt 0.650816 0.525244
vt 0.650816 0.510871
vt 0.666816 0.510796
vt 0.473669 0.295208
vt 0.467517 0.280354
vt 0.481083 0.276239
vt 0.486172 0.288525
vt 0.684448 0.524924
vt 0.682201 0.510572
vt 0.482601 0.308576
vt 0.493560 0.299582
vt 0.699643 0.524536
vt 0.696381 0.510210
vt 0.493970 0.319945
vt 0.502964 0.308986
vt 0.712961 0.524013
vt 0.708809 0.509722
vt 0.507338 0.328877
vt 0.514021 0.316374
vt 0.477698 0.524677
vt 0.464380 0.524046
vt 0.468532 0.509722
vt 0.480960 0.510310
vt 0.522192 0.335029
vt 0.526307 0.321463
vt 0.492892 0.525145
vt 0.495140 0.510747
vt 0.537961 0.338166
vt 0.539350 0.324058
vt 0.509379 0.525433
vt 0.510525 0.511016
vt 0.554038 0.338166
vt 0.552649 0.324058
vt 0.526525 0.525531
vt 0.526525 0.511107
vt 0.569807 0.335029
vt 0.565692 0.321463
vt 0.543671 0.525433
vt 0.542525 0.511016
vt 0.584661 0.328877
vt 0.577978 0.316374
vt 0.560158 0.525145
vt 0.557911 0.510747
vt 0.598029 0.319945
vt 0.589035 0.308986
vt 0.575352 0.524677
vt 0.572090 0.510310
vt 0.609398 0.308576
vt 0.598439 0.299582
vt 0.588670 0.524046
vt 0.584518 0.509722
vt 0.618330 0.295208
vt 0.605827 0.288525
vt 0.477698 0.353257
vt 0.464380 0.352522
vt 0.468532 0.338166
vt 0.480960 0.338852
vt 0.624482 0.280354
vt 0.610916 0.276239
vt 0.492892 0.353804
vt 0.495140 0.339362
vt 0.627619 0.264585
vt 0.613511 0.263196
vt 0.509379 0.354140
vt 0.510525 0.339676
vt 0.627619 0.248508
vt 0.613511 0.249897
vt 0.526525 0.354254
vt 0.526525 0.339782
vt 0.624482 0.232739
vt 0.610916 0.236854
vt 0.543671 0.354140
vt 0.542525 0.339676
vt 0.618330 0.217885
vt 0.605827 0.224568
vt 0.560158 0.353804
vt 0.557911 0.339362
vt 0.609397 0.204517
vt 0.598439 0.213511
vt 0.575352 0.353257
vt 0.572090 0.338852
vt 0.598029 0.193148
vt 0.589035 0.204107
vt 0.588670 0.352522
vt 0.584518 0.338166
vt 0.584661 0.184216
vt 0.577978 0.196719
vt 0.601988 0.353121
vt 0.588670 0.352491
vt 0.592823 0.338166
vt 0.605251 0.338754
vt 0.569807 0.178064
vt 0.565692 0.191630
vt 0.617183 0.353589
vt 0.619430 0.339191
vt 0.554038 0.174927
vt 0.552649 0.189035
vt 0.633670 0.353878
vt 0.634816 0.339461
vt 0.537961 0.174927
vt 0.539350 0.189035
vt 0.650816 0.353975
vt 0.650816 0.339552
vt 0.522192 0.178064
vt 0.526307 0.191630
vt 0.667962 0.353878
vt 0.666816 0.339461
vt 0.507338 0.184216
vt 0.514021 0.196719
vt 0.684448 0.353589
vt 0.682201 0.339191
vt 0.493970 0.193148
vt 0.502964 0.204107
vt 0.699643 0.353121
vt 0.696381 0.338754
vt 0.482601 0.204517
vt 0.493560 0.213511
vt 0.712961 0.352491
vt 0.708809 0.338166
vt 0.473669 0.217885
vt 0.486172 0.224568
vt 0.601988 0.524536
vt 0.588670 0.524013
vt 0.592823 0.509722
vt 0.605251 0.510210
vt 0.467516 0.232739
vt 0.481083 0.236854
vt 0.617183 0.524924
vt 0.619430 0.510572
vt 0.464380 0.248508
vt 0.478488 0.249897
vt 0.633670 0.525164
vt 0.634816 0.510796
vt 0.464380 0.264585
vt 0.478488 0.263196
vt 0.650816 0.680887
vt 0.667962 0.680806
vt 0.633670 0.680806
vt 0.684448 0.680567
vt 0.699643 0.680178
vt 0.712961 0.679655
vt 0.464380 0.679608
vt 0.477698 0.680238
vt 0.492892 0.680707
vt 0.509379 0.680995
vt 0.526525 0.681092
vt 0.543671 0.680995
vt 0.560158 0.680707
vt 0.575352 0.680238
vt 0.588670 0.679608
vt 0.464380 0.507990
vt 0.477698 0.508725
vt 0.492892 0.509272
vt 0.509379 0.509608
vt 0.526525 0.509722
vt 0.543671 0.509608
vt 0.560158 0.509272
vt 0.575352 0.508725
vt 0.588670 0.507990
vt 0.588670 0.508052
vt 0.601988 0.508682
vt 0.617183 0.509151
vt 0.633670 0.509439
vt 0.650816 0.509537
vt 0.667962 0.509439
vt 0.684448 0.509151
vt 0.699643 0.508682
vt 0.712961 0.508052
vt 0.588670 0.679655
vt 0.601988 0.680178
vt 0.617183 0.680567
vt 0.812009 0.292933
vt 0.812009 0.175885
vt 0.825344 0.175822
vt 0.825344 0.292870
vt 0.838167 0.175636
vt 0.838167 0.292684
vt 0.849985 0.175334
vt 0.849985 0.292382
vt 0.860344 0.174927
vt 0.860344 0.291975
vt 0.685341 0.797874
vt 0.685341 0.680887
vt 0.695699 0.681377
vt 0.695699 0.798364
vt 0.707517 0.681742
vt 0.707517 0.798729
vt 0.720340 0.681966
vt 0.720340 0.798953
vt 0.733676 0.682042
vt 0.733676 0.799029
vt 0.747012 0.681966
vt 0.747012 0.798953
vt 0.759835 0.681742
vt 0.759835 0.798729
vt 0.771653 0.681377
vt 0.771653 0.798364
vt 0.782011 0.680887
vt 0.782011 0.797874
vt 0.588670 0.797804
vt 0.588670 0.680887
vt 0.599029 0.681459
vt 0.599029 0.798376
vt 0.610847 0.681884
vt 0.610847 0.798800
vt 0.623670 0.682145
vt 0.623670 0.799062
vt 0.637006 0.682234
vt 0.637006 0.799151
vt 0.650341 0.682145
vt 0.650341 0.799062
vt 0.663164 0.681884
vt 0.663164 0.798800
vt 0.674982 0.681459
vt 0.674982 0.798376
vt 0.685341 0.680887
vt 0.685341 0.797804
vt 0.464380 0.798080
vt 0.464380 0.681092
vt 0.474738 0.681583
vt 0.474738 0.798570
vt 0.486556 0.681947
vt 0.486556 0.798934
vt 0.499379 0.682171
vt 0.499379 0.799159
vt 0.512715 0.682247
vt 0.512715 0.799235
vt 0.526051 0.682171
vt 0.526051 0.799159
vt 0.538874 0.681947
vt 0.538874 0.798934
vt 0.550692 0.681583
vt 0.550692 0.798570
vt 0.561050 0.681092
vt 0.561050 0.798080
vt 0.763673 0.291975
vt 0.763673 0.174927
vt 0.774032 0.175334
vt 0.774032 0.292382
vt 0.785850 0.175636
vt 0.785850 0.292684
vt 0.652281 0.295794
vt 0.642806 0.286319
vt 0.635361 0.275177
vt 0.630233 0.262797
vt 0.627619 0.249654
vt 0.627619 0.236254
vt 0.630233 0.223111
vt 0.635361 0.210731
vt 0.642806 0.199589
vt 0.652281 0.190114
vt 0.663423 0.182669
vt 0.675803 0.177541
vt 0.688946 0.174927
vt 0.702346 0.174927
vt 0.715489 0.177541
vt 0.727869 0.182669
vt 0.739011 0.190114
vt 0.748486 0.199589
vt 0.755931 0.210731
vt 0.761059 0.223111
vt 0.763673 0.236254
vt 0.763673 0.249654
vt 0.761059 0.262797
vt 0.755931 0.275177
vt 0.748486 0.286319
vt 0.739011 0.295794
vt 0.727869 0.303239
vt 0.715489 0.308367
vt 0.702346 0.310981
vt 0.688946 0.310981
vt 0.675803 0.308367
vt 0.663423 0.303239
vt 0.798673 0.175822
vt 0.798673 0.292870
vt 0.654494 0.111392
vt 0.647049 0.100250
vt 0.641921 0.087870
vt 0.639307 0.074727
vt 0.639307 0.061327
vt 0.641921 0.048184
vt 0.647049 0.035804
vt 0.654494 0.024662
vt 0.663969 0.015187
vt 0.675111 0.007742
vt 0.687491 0.002614
vt 0.700634 0.000000
vt 0.714034 0.000000
vt 0.727177 0.002614
vt 0.739557 0.007742
vt 0.750699 0.015187
vt 0.760174 0.024662
vt 0.767619 0.035804
vt 0.772747 0.048184
vt 0.775361 0.061327
vt 0.775361 0.074727
vt 0.772747 0.087870
vt 0.767619 0.100250
vt 0.760174 0.111392
vt 0.750699 0.120867
vt 0.739557 0.128312
vt 0.727177 0.133440
vt 0.714034 0.136054
vt 0.700634 0.136054
vt 0.687491 0.133440
vt 0.675111 0.128312
vt 0.663969 0.120867
vt 0.867249 0.970990
vt 0.867249 0.175064
vt 0.869154 0.175055
vt 0.869154 0.970981
vt 0.870986 0.175028
vt 0.870986 0.970955
vt 0.872674 0.174985
vt 0.872674 0.970911
vt 0.874154 0.174927
vt 0.874154 0.970853
vt 0.874154 0.970439
vt 0.874154 0.174927
vt 0.875634 0.174997
vt 0.875634 0.970509
vt 0.877322 0.175049
vt 0.877322 0.970561
vt 0.879154 0.175081
vt 0.879154 0.970594
vt 0.881059 0.175092
vt 0.881059 0.970604
vt 0.882964 0.175081
vt 0.882964 0.970594
vt 0.884796 0.175049
vt 0.884796 0.970561
vt 0.886484 0.174997
vt 0.886484 0.970509
vt 0.887964 0.174927
vt 0.887964 0.970439
vt 0.901774 0.969961
vt 0.901774 0.174927
vt 0.903254 0.175009
vt 0.903254 0.970042
vt 0.904942 0.175069
vt 0.904942 0.970103
vt 0.906774 0.175107
vt 0.906774 0.970141
vt 0.908679 0.175119
vt 0.908679 0.970153
vt 0.910584 0.175107
vt 0.910584 0.970141
vt 0.912416 0.175069
vt 0.912416 0.970103
vt 0.914104 0.175009
vt 0.914104 0.970042
vt 0.915584 0.174927
vt 0.915584 0.969961
vt 0.889444 0.174997
vt 0.889444 0.970509
vt 0.891132 0.175049
vt 0.891132 0.970561
vt 0.892964 0.175081
vt 0.892964 0.970594
vt 0.894869 0.175092
vt 0.894869 0.970604
vt 0.896774 0.175081
vt 0.896774 0.970594
vt 0.898606 0.175049
vt 0.898606 0.970561
vt 0.900294 0.174997
vt 0.900294 0.970509
vt 0.901774 0.174927
vt 0.901774 0.970439
vt 0.860344 0.970853
vt 0.860344 0.174927
vt 0.861824 0.174985
vt 0.861824 0.970911
vt 0.863512 0.175028
vt 0.863512 0.970955
vt 0.643532 0.328248
vt 0.641940 0.329312
vt 0.640172 0.330044
vt 0.638294 0.330418
vt 0.636380 0.330418
vt 0.634503 0.330044
vt 0.632734 0.329312
vt 0.631142 0.328248
vt 0.629789 0.326894
vt 0.628725 0.325303
vt 0.627993 0.323534
vt 0.627619 0.321657
vt 0.627619 0.319742
vt 0.627993 0.317865
vt 0.628725 0.316096
vt 0.629789 0.314504
vt 0.631142 0.313151
vt 0.632734 0.312087
vt 0.634503 0.311355
vt 0.636380 0.310981
vt 0.638294 0.310981
vt 0.640172 0.311355
vt 0.641940 0.312087
vt 0.643532 0.313151
vt 0.644886 0.314504
vt 0.645949 0.316096
vt 0.646682 0.317865
vt 0.647055 0.319742
vt 0.647055 0.321657
vt 0.646682 0.323534
vt 0.645949 0.325303
vt 0.644886 0.326894
vt 0.865344 0.175055
vt 0.865344 0.970981
vt 0.653628 0.154385
vt 0.651860 0.155117
vt 0.649982 0.155491
vt 0.648068 0.155491
vt 0.646190 0.155117
vt 0.644422 0.154385
vt 0.642830 0.153321
vt 0.641477 0.151967
vt 0.640413 0.150376
vt 0.639680 0.148607
vt 0.639307 0.146730
vt 0.639307 0.144815
vt 0.639680 0.142938
vt 0.640413 0.141169
vt 0.641477 0.139577
vt 0.642830 0.138224
vt 0.644422 0.137160
vt 0.646190 0.136428
vt 0.648068 0.136054
vt 0.649982 0.136054
vt 0.651860 0.136428
vt 0.653628 0.137160
vt 0.655220 0.138224
vt 0.656574 0.139577
vt 0.657637 0.141169
vt 0.658370 0.142938
vt 0.658743 0.144815
vt 0.658743 0.146730
vt 0.658370 0.148607
vt 0.657637 0.150376
vt 0.656574 0.151967
vt 0.655220 0.153321
vt 0.841561 0.806115
vt 0.841561 0.338166
vt 0.851326 0.338166
vt 0.851326 0.806115
vt 0.798594 0.806358
vt 0.798594 0.338166
vt 0.820077 0.338166
vt 0.820077 0.806358
vt 0.915584 0.642875
vt 0.915584 0.174927
vt 0.925349 0.174927
vt 0.925349 0.642875
vt 0.820077 0.805833
vt 0.820077 0.338166
vt 0.841561 0.338166
vt 0.841561 0.805833
vt 0.656821 0.310981
vt 0.656821 0.332465
vt 0.647055 0.332465
vt 0.647055 0.310981
vt 0.666586 0.310981
vt 0.666586 0.332465
vt 0.656821 0.310981
vt 0.284028 0.323926
vt 0.373100 0.005339
vt 0.374689 0.003820
vt 0.284028 0.335048
vt 0.378526 0.000000
vt 0.284028 0.361743
vt 0.094654 0.362149
vt 0.000157 0.000000
vt 0.003993 0.003834
vt 0.094654 0.335433
vt 0.005582 0.005376
vt 0.094654 0.324321
vt 0.194956 0.005339
vt 0.193367 0.003820
vt 0.189530 0.000000
vt 0.189152 0.000000
vt 0.185315 0.003834
vt 0.183726 0.005376
vt 0.754155 0.667847
vt 0.714583 0.667847
vt 0.714583 0.343930
vt 0.754155 0.343930
vt 0.757400 0.667847
vt 0.757400 0.343930
vt 0.796972 0.343930
vt 0.796972 0.667847
vt 0.284028 0.999032
vt 0.235077 0.827267
vt 0.189309 0.032909
vt 0.378747 0.032909
vt 0.332979 0.827267
vt 0.798594 0.338166
vt 0.798119 0.342242
vt 0.756253 0.342242
vt 0.755777 0.338166
vt 0.712961 0.338166
vt 0.755778 0.338166
vt 0.755302 0.342242
vt 0.713436 0.342242
vt 0.094654 1.000000
vt 0.045703 0.828041
vt 0.048295 0.815424
vt 0.094654 0.978277
vt 0.054553 0.784745
vt 0.094654 0.925616
vt 0.134756 0.784745
vt 0.141013 0.815424
vt 0.143605 0.828041
vt 0.000000 0.023251
vt 0.420621 0.023293
vt 0.420621 0.812269
vt 0.418344 0.825138
vt 0.418344 0.032941
vt 0.189309 0.023251
vt 0.422506 0.812269
vt 0.422506 0.023293
vt 0.424782 0.032941
vt 0.424782 0.825138
vt 0.378747 0.825138
vt 0.378747 0.032941
vt 0.418344 0.994184
vt 0.378747 0.994184
vt 0.464380 0.825138
vt 0.464380 0.994184
vt 0.424782 0.994184
vt 0.464380 0.032941
vt 0.378747 0.000000
vt 0.421563 0.000000
vt 0.421563 0.000000
vt 0.464380 0.000000
s 1
usemtl Material.021
f 6733/12475/2823 6734/12476/2823 6735/12477/2823 6736/12478/2823 6737/12479/2823 6738/12480/2823 6739/12481/2823 6740/12482/2823 6741/12483/2823 6742/12484/2823 6743/12485/2823 6744/12486/2823 6745/12487/2823 6746/12488/2823 6747/12489/2823 6748/12490/2823 6749/12491/2823 6750/12492/2823 6751/12493/2823 6752/12494/2823 6753/12495/2823 6754/12496/2823 6755/12497/2823 6756/12498/2823 6757/12499/2823 6758/12500/2823 6759/12501/2823 6760/12502/2823 6761/12503/2823 6762/12504/2823 6763/12505/2823 6764/12506/2823
f 6769/12507/2824 6766/12508/2824 6767/12509/2824 6770/12510/2824
f 6770/12511/2825 6767/12512/2825 6765/12513/2825 6768/12514/2825
f 6772/12515/2826 6769/12507/2826 6770/12510/2826 6773/12516/2826
f 6773/12517/2827 6770/12511/2827 6768/12514/2827 6771/12518/2827
f 6775/12519/2828 6772/12515/2828 6773/12516/2828 6776/12520/2828
f 6776/12521/2829 6773/12517/2829 6771/12518/2829 6774/12522/2829
f 6778/12523/2830 6775/12519/2830 6776/12520/2830 6779/12524/2830
f 6779/12525/2831 6776/12521/2831 6774/12522/2831 6777/12526/2831
f 6781/12527/2832 6778/12528/2832 6779/12529/2832 6782/12530/2832
f 6782/12531/2833 6779/12525/2833 6777/12526/2833 6780/12532/2833
f 6784/12533/2834 6781/12527/2834 6782/12530/2834 6785/12534/2834
f 6785/12535/2835 6782/12531/2835 6780/12532/2835 6783/12536/2835
f 6787/12537/2836 6784/12533/2836 6785/12534/2836 6788/12538/2836
f 6788/12539/2837 6785/12535/2837 6783/12536/2837 6786/12540/2837
f 6790/12541/2838 6787/12537/2838 6788/12538/2838 6791/12542/2838
f 6791/12543/2839 6788/12539/2839 6786/12540/2839 6789/12544/2839
f 6793/12545/2840 6790/12541/2840 6791/12542/2840 6794/12546/2840
f 6794/12547/2841 6791/12543/2841 6789/12544/2841 6792/12548/2841
f 6796/12549/2842 6793/12545/2842 6794/12546/2842 6797/12550/2842
f 6797/12551/2843 6794/12547/2843 6792/12548/2843 6795/12552/2843
f 6799/12553/2844 6796/12549/2844 6797/12550/2844 6800/12554/2844
f 6800/12555/2845 6797/12551/2845 6795/12552/2845 6798/12556/2845
f 6802/12557/2846 6799/12553/2846 6800/12554/2846 6803/12558/2846
f 6803/12559/2847 6800/12555/2847 6798/12556/2847 6801/12560/2847
f 6805/12561/2848 6802/12562/2848 6803/12563/2848 6806/12564/2848
f 6806/12565/2849 6803/12559/2849 6801/12560/2849 6804/12566/2849
f 6808/12567/2850 6805/12561/2850 6806/12564/2850 6809/12568/2850
f 6809/12569/2851 6806/12565/2851 6804/12566/2851 6807/12570/2851
f 6811/12571/2852 6808/12567/2852 6809/12568/2852 6812/12572/2852
f 6812/12573/2853 6809/12569/2853 6807/12570/2853 6810/12574/2853
f 6814/12575/2854 6811/12571/2854 6812/12572/2854 6815/12576/2854
f 6815/12577/2855 6812/12573/2855 6810/12574/2855 6813/12578/2855
f 6817/12579/2856 6814/12575/2856 6815/12576/2856 6818/12580/2856
f 6818/12581/2857 6815/12577/2857 6813/12578/2857 6816/12582/2857
f 6820/12583/2858 6817/12579/2858 6818/12580/2858 6821/12584/2858
f 6821/12585/2859 6818/12581/2859 6816/12582/2859 6819/12586/2859
f 6823/12587/2860 6820/12583/2860 6821/12584/2860 6824/12588/2860
f 6824/12589/2861 6821/12585/2861 6819/12586/2861 6822/12590/2861
f 6826/12591/2862 6823/12587/2862 6824/12588/2862 6827/12592/2862
f 6827/12593/2863 6824/12589/2863 6822/12590/2863 6825/12594/2863
f 6829/12595/2864 6826/12596/2864 6827/12597/2864 6830/12598/2864
f 6830/12599/2865 6827/12593/2865 6825/12594/2865 6828/12600/2865
f 6832/12601/2866 6829/12595/2866 6830/12598/2866 6833/12602/2866
f 6833/12603/2867 6830/12599/2867 6828/12600/2867 6831/12604/2867
f 6835/12605/2868 6832/12601/2868 6833/12602/2868 6836/12606/2868
f 6836/12607/2869 6833/12603/2869 6831/12604/2869 6834/12608/2869
f 6838/12609/2870 6835/12605/2870 6836/12606/2870 6839/12610/2870
f 6839/12611/2871 6836/12607/2871 6834/12608/2871 6837/12612/2871
f 6841/12613/2872 6838/12609/2872 6839/12610/2872 6842/12614/2872
f 6842/12615/2873 6839/12611/2873 6837/12612/2873 6840/12616/2873
f 6844/12617/2874 6841/12613/2874 6842/12614/2874 6845/12618/2874
f 6845/12619/2875 6842/12615/2875 6840/12616/2875 6843/12620/2875
f 6847/12621/2876 6844/12617/2876 6845/12618/2876 6848/12622/2876
f 6848/12623/2877 6845/12619/2877 6843/12620/2877 6846/12624/2877
f 6850/12625/2878 6847/12621/2878 6848/12622/2878 6851/12626/2878
f 6851/12627/2879 6848/12623/2879 6846/12624/2879 6849/12628/2879
f 6853/12629/2880 6850/12630/2880 6851/12631/2880 6854/12632/2880
f 6854/12633/2881 6851/12627/2881 6849/12628/2881 6852/12634/2881
f 6856/12635/2882 6853/12629/2882 6854/12632/2882 6857/12636/2882
f 6857/12637/2883 6854/12633/2883 6852/12634/2883 6855/12638/2883
f 6859/12639/2884 6856/12635/2884 6857/12636/2884 6860/12640/2884
f 6860/12641/2885 6857/12637/2885 6855/12638/2885 6858/12642/2885
f 6766/12508/2886 6859/12639/2886 6860/12640/2886 6767/12509/2886
f 6767/12512/2887 6860/12641/2887 6858/12642/2887 6765/12513/2887
f 6768/12514/2888 6765/12513/2888 6858/12642/2888 6855/12638/2888 6852/12634/2888 6849/12628/2888 6846/12624/2888 6843/12620/2888 6840/12616/2888 6837/12612/2888 6834/12608/2888 6831/12604/2888 6828/12600/2888 6825/12594/2888 6822/12590/2888 6819/12586/2888 6816/12582/2888 6813/12578/2888 6810/12574/2888 6807/12570/2888 6804/12566/2888 6801/12560/2888 6798/12556/2888 6795/12552/2888 6792/12548/2888 6789/12544/2888 6786/12540/2888 6783/12536/2888 6780/12532/2888 6777/12526/2888 6774/12522/2888 6771/12518/2888
f 6733/12643/2889 6766/12508/2889 6769/12507/2889 6734/12644/2889
f 6764/12645/2890 6859/12639/2890 6766/12508/2890 6733/12643/2890
f 6734/12644/2891 6769/12507/2891 6772/12515/2891 6735/12646/2891
f 6735/12646/2892 6772/12515/2892 6775/12519/2892 6736/12647/2892
f 6736/12647/2893 6775/12519/2893 6778/12523/2893 6737/12648/2893
f 6737/12649/2894 6778/12528/2894 6781/12527/2894 6738/12650/2894
f 6738/12650/2895 6781/12527/2895 6784/12533/2895 6739/12651/2895
f 6739/12651/2896 6784/12533/2896 6787/12537/2896 6740/12652/2896
f 6740/12652/2897 6787/12537/2897 6790/12541/2897 6741/12653/2897
f 6741/12653/2898 6790/12541/2898 6793/12545/2898 6742/12654/2898
f 6742/12654/2899 6793/12545/2899 6796/12549/2899 6743/12655/2899
f 6743/12655/2900 6796/12549/2900 6799/12553/2900 6744/12656/2900
f 6744/12656/2901 6799/12553/2901 6802/12557/2901 6745/12657/2901
f 6745/12658/2902 6802/12562/2902 6805/12561/2902 6746/12659/2902
f 6746/12659/2903 6805/12561/2903 6808/12567/2903 6747/12660/2903
f 6747/12660/2904 6808/12567/2904 6811/12571/2904 6748/12661/2904
f 6748/12661/2905 6811/12571/2905 6814/12575/2905 6749/12662/2905
f 6749/12662/2906 6814/12575/2906 6817/12579/2906 6750/12663/2906
f 6750/12663/2907 6817/12579/2907 6820/12583/2907 6751/12664/2907
f 6751/12664/2908 6820/12583/2908 6823/12587/2908 6752/12665/2908
f 6752/12665/2909 6823/12587/2909 6826/12591/2909 6753/12666/2909
f 6753/12667/2910 6826/12596/2910 6829/12595/2910 6754/12668/2910
f 6754/12668/2911 6829/12595/2911 6832/12601/2911 6755/12669/2911
f 6755/12669/2912 6832/12601/2912 6835/12605/2912 6756/12670/2912
f 6756/12670/2913 6835/12605/2913 6838/12609/2913 6757/12671/2913
f 6757/12671/2914 6838/12609/2914 6841/12613/2914 6758/12672/2914
f 6758/12672/2915 6841/12613/2915 6844/12617/2915 6759/12673/2915
f 6759/12673/2916 6844/12617/2916 6847/12621/2916 6760/12674/2916
f 6760/12674/2917 6847/12621/2917 6850/12625/2917 6761/12675/2917
f 6761/12676/2918 6850/12630/2918 6853/12629/2918 6762/12677/2918
f 6762/12677/2919 6853/12629/2919 6856/12635/2919 6763/12678/2919
f 6763/12678/2920 6856/12635/2920 6859/12639/2920 6764/12645/2920
f 6861/12679/2889 6862/12680/2889 6864/12681/2889 6863/12682/2889
f 6863/12682/2891 6864/12681/2891 6866/12683/2891 6865/12684/2891
f 6865/12684/2892 6866/12683/2892 6868/12685/2892 6867/12686/2892
f 6867/12686/2893 6868/12685/2893 6870/12687/2893 6869/12688/2893
f 6869/12689/2894 6870/12690/2894 6872/12691/2894 6871/12692/2894
f 6871/12692/2895 6872/12691/2895 6874/12693/2895 6873/12694/2895
f 6873/12694/2896 6874/12693/2896 6876/12695/2896 6875/12696/2896
f 6875/12696/2897 6876/12695/2897 6878/12697/2897 6877/12698/2897
f 6877/12698/2898 6878/12697/2898 6880/12699/2898 6879/12700/2898
f 6879/12700/2899 6880/12699/2899 6882/12701/2899 6881/12702/2899
f 6881/12702/2900 6882/12701/2900 6884/12703/2900 6883/12704/2900
f 6883/12704/2901 6884/12703/2901 6886/12705/2901 6885/12706/2901
f 6885/12707/2902 6886/12708/2902 6888/12709/2902 6887/12710/2902
f 6887/12710/2903 6888/12709/2903 6890/12711/2903 6889/12712/2903
f 6889/12712/2904 6890/12711/2904 6892/12713/2904 6891/12714/2904
f 6891/12714/2905 6892/12713/2905 6894/12715/2905 6893/12716/2905
f 6893/12716/2906 6894/12715/2906 6896/12717/2906 6895/12718/2906
f 6895/12718/2907 6896/12717/2907 6898/12719/2907 6897/12720/2907
f 6897/12720/2908 6898/12719/2908 6900/12721/2908 6899/12722/2908
f 6899/12722/2909 6900/12721/2909 6902/12723/2909 6901/12724/2909
f 6901/12725/2910 6902/12726/2910 6904/12727/2910 6903/12728/2910
f 6903/12728/2911 6904/12727/2911 6906/12729/2911 6905/12730/2911
f 6905/12730/2912 6906/12729/2912 6908/12731/2912 6907/12732/2912
f 6907/12732/2913 6908/12731/2913 6910/12733/2913 6909/12734/2913
f 6909/12734/2914 6910/12733/2914 6912/12735/2914 6911/12736/2914
f 6911/12736/2915 6912/12735/2915 6914/12737/2915 6913/12738/2915
f 6913/12738/2916 6914/12737/2916 6916/12739/2916 6915/12740/2916
f 6915/12740/2917 6916/12739/2917 6918/12741/2917 6917/12742/2917
f 6917/12743/2918 6918/12744/2918 6920/12745/2918 6919/12746/2918
f 6919/12746/2919 6920/12745/2919 6922/12747/2919 6921/12748/2919
f 6864/12749/2888 6862/12750/2888 6924/12751/2888 6922/12752/2888 6920/12753/2888 6918/12754/2888 6916/12755/2888 6914/12756/2888 6912/12757/2888 6910/12758/2888 6908/12759/2888 6906/12760/2888 6904/12761/2888 6902/12762/2888 6900/12763/2888 6898/12764/2888 6896/12765/2888 6894/12766/2888 6892/12767/2888 6890/12768/2888 6888/12769/2888 6886/12770/2888 6884/12771/2888 6882/12772/2888 6880/12773/2888 6878/12774/2888 6876/12775/2888 6874/12776/2888 6872/12777/2888 6870/12778/2888 6868/12779/2888 6866/12780/2888
f 6921/12748/2920 6922/12747/2920 6924/12781/2920 6923/12782/2920
f 6923/12782/2890 6924/12781/2890 6862/12680/2890 6861/12679/2890
f 6861/12783/2823 6863/12784/2823 6865/12785/2823 6867/12786/2823 6869/12787/2823 6871/12788/2823 6873/12789/2823 6875/12790/2823 6877/12791/2823 6879/12792/2823 6881/12793/2823 6883/12794/2823 6885/12795/2823 6887/12796/2823 6889/12797/2823 6891/12798/2823 6893/12799/2823 6895/12800/2823 6897/12801/2823 6899/12802/2823 6901/12803/2823 6903/12804/2823 6905/12805/2823 6907/12806/2823 6909/12807/2823 6911/12808/2823 6913/12809/2823 6915/12810/2823 6917/12811/2823 6919/12812/2823 6921/12813/2823 6923/12814/2823
f 6925/12815/2889 6926/12816/2889 6928/12817/2889 6927/12818/2889
f 6927/12818/2891 6928/12817/2891 6930/12819/2891 6929/12820/2891
f 6929/12820/2892 6930/12819/2892 6932/12821/2892 6931/12822/2892
f 6931/12822/2893 6932/12821/2893 6934/12823/2893 6933/12824/2893
f 6933/12825/2894 6934/12826/2894 6936/12827/2894 6935/12828/2894
f 6935/12828/2895 6936/12827/2895 6938/12829/2895 6937/12830/2895
f 6937/12830/2896 6938/12829/2896 6940/12831/2896 6939/12832/2896
f 6939/12832/2897 6940/12831/2897 6942/12833/2897 6941/12834/2897
f 6941/12834/2898 6942/12833/2898 6944/12835/2898 6943/12836/2898
f 6943/12836/2899 6944/12835/2899 6946/12837/2899 6945/12838/2899
f 6945/12838/2900 6946/12837/2900 6948/12839/2900 6947/12840/2900
f 6947/12840/2901 6948/12839/2901 6950/12841/2901 6949/12842/2901
f 6949/12843/2902 6950/12844/2902 6952/12845/2902 6951/12846/2902
f 6951/12846/2903 6952/12845/2903 6954/12847/2903 6953/12848/2903
f 6953/12848/2904 6954/12847/2904 6956/12849/2904 6955/12850/2904
f 6955/12850/2905 6956/12849/2905 6958/12851/2905 6957/12852/2905
f 6957/12852/2906 6958/12851/2906 6960/12853/2906 6959/12854/2906
f 6959/12854/2907 6960/12853/2907 6962/12855/2907 6961/12856/2907
f 6961/12856/2908 6962/12855/2908 6964/12857/2908 6963/12858/2908
f 6963/12858/2909 6964/12857/2909 6966/12859/2909 6965/12860/2909
f 6965/12842/2910 6966/12841/2910 6968/12861/2910 6967/12862/2910
f 6967/12862/2911 6968/12861/2911 6970/12863/2911 6969/12864/2911
f 6969/12864/2912 6970/12863/2912 6972/12865/2912 6971/12866/2912
f 6971/12866/2913 6972/12865/2913 6974/12867/2913 6973/12868/2913
f 6973/12868/2914 6974/12867/2914 6976/12869/2914 6975/12870/2914
f 6975/12870/2915 6976/12869/2915 6978/12871/2915 6977/12872/2915
f 6977/12872/2916 6978/12871/2916 6980/12873/2916 6979/12874/2916
f 6979/12874/2917 6980/12873/2917 6982/12875/2917 6981/12876/2917
f 6981/12877/2918 6982/12878/2918 6984/12879/2918 6983/12880/2918
f 6983/12880/2919 6984/12879/2919 6986/12881/2919 6985/12882/2919
f 6928/12883/2888 6926/12884/2888 6988/12885/2888 6986/12886/2888 6984/12887/2888 6982/12888/2888 6980/12889/2888 6978/12890/2888 6976/12891/2888 6974/12892/2888 6972/12893/2888 6970/12894/2888 6968/12895/2888 6966/12896/2888 6964/12897/2888 6962/12898/2888 6960/12899/2888 6958/12900/2888 6956/12901/2888 6954/12902/2888 6952/12903/2888 6950/12904/2888 6948/12905/2888 6946/12906/2888 6944/12907/2888 6942/12908/2888 6940/12909/2888 6938/12910/2888 6936/12911/2888 6934/12912/2888 6932/12913/2888 6930/12914/2888
f 6985/12882/2920 6986/12881/2920 6988/12915/2920 6987/12916/2920
f 6987/12916/2890 6988/12915/2890 6926/12816/2890 6925/12815/2890
f 6925/12917/2823 6927/12918/2823 6929/12919/2823 6931/12920/2823 6933/12921/2823 6935/12922/2823 6937/12923/2823 6939/12924/2823 6941/12925/2823 6943/12926/2823 6945/12927/2823 6947/12928/2823 6949/12929/2823 6951/12930/2823 6953/12931/2823 6955/12932/2823 6957/12933/2823 6959/12934/2823 6961/12935/2823 6963/12936/2823 6965/12937/2823 6967/12938/2823 6969/12939/2823 6971/12940/2823 6973/12941/2823 6975/12942/2823 6977/12943/2823 6979/12944/2823 6981/12945/2823 6983/12946/2823 6985/12947/2823 6987/12948/2823
f 6989/12949/2921 6990/12950/2921 6992/12951/2921 6991/12952/2921
f 6991/12953/2922 6992/12954/2922 6996/12955/2922 6995/12956/2922
f 6995/12957/2923 6996/12958/2923 6994/12959/2923 6993/12960/2923
f 6993/12961/2924 6994/12962/2924 6990/12963/2924 6989/12964/2924
f 6991/12965/2823 6995/12966/2823 6993/12967/2823 6989/12968/2823
f 6996/12969/2888 6992/12970/2888 6990/12966/2888 6994/12971/2888
f 7010/12972/2925 7013/12973/2925 7014/12974/2925 7011/12975/2925
f 7011/12975/2926 7014/12974/2926 7012/12976/2926 7009/12977/2926
f 7007/12978/2927 7016/12979/2927 7017/12980/2927 7008/12981/2927
f 7008/12981/2928 7017/12980/2928 7015/12982/2928 7006/12983/2928
f 7018/12984/2929 7010/12972/2929 7011/12975/2929 7020/12985/2929
f 7020/12985/2930 7011/12975/2930 7009/12977/2930 7019/12986/2930
f 7021/12987/2931 7007/12978/2931 7008/12981/2931 7023/12988/2931
f 7023/12988/2932 7008/12981/2932 7006/12983/2932 7022/12989/2932
f 7006/12990/2933 7010/12991/2933 7018/12992/2933 7022/12993/2933
f 7006/12994/2934 7015/12995/2934 7013/12996/2934 7010/12997/2934
f 6998/12998/2924 6999/12999/2924 7003/13000/2924 7004/12986/2924 7019/12986/2924 7009/12977/2924
f 6998/12998/2924 7009/12977/2924 7012/12976/2924 7001/12976/2924 7000/13001/2924 6997/13002/2924
f 7012/13003/2935 7014/13004/2935 7013/12996/2935 7015/12995/2935 7017/13005/2935 7016/13006/2935 7002/13006/2935 7001/13003/2935
f 7004/13007/2936 7005/13008/2936 7021/13008/2936 7023/13009/2936 7022/12993/2936 7018/12992/2936 7020/13010/2936 7019/13007/2936
f 7028/13011/2937 7025/13012/2937 7026/13013/2937 7029/13014/2937
f 7029/13014/2938 7026/13013/2938 7024/13015/2938 7027/13016/2938
f 7027/13016/2939 7030/13017/2939 7032/13018/2939 7029/13014/2939
f 7029/13014/2940 7032/13018/2940 7031/13019/2940 7028/13011/2940
f 7033/12979/2941 7024/13015/2941 7026/13013/2941 7035/13020/2941
f 7035/13021/2942 7026/13022/2942 7025/13023/2942 7034/13024/2942
f 7030/13017/2943 7037/12987/2943 7038/13025/2943 7032/13018/2943
f 7032/13026/2944 7038/13027/2944 7036/13028/2944 7031/13029/2944
f 6997/13030/2945 7000/13031/2945 7034/13024/2945 7025/13023/2945
f 7025/13023/2946 7028/13032/2946 6998/13033/2946 6997/13030/2946
f 7024/13015/2922 7033/12979/2922 7002/12979/2922 7016/12979/2922 7007/12978/2922 7027/13016/2922
f 7031/13029/2947 6999/13034/2947 6998/13035/2947 7028/13036/2947
f 7030/13017/2922 7027/13016/2922 7007/12978/2922 7021/12987/2922 7005/12987/2922 7037/12987/2922
f 6999/13034/2948 7031/13029/2948 7036/13028/2948 7003/13037/2948
f 7001/13038/2949 7002/13039/2949 7033/13039/2949 7035/13021/2949 7034/13024/2949 7000/13031/2949
f 7003/13037/2950 7036/13028/2950 7038/13027/2950 7037/13040/2950 7005/13040/2950 7004/13041/2950
o mdlSilla.023
v -3.023226 1.486190 4.004676
v -3.012566 1.486190 3.887539
v -2.979259 1.486190 3.774733
v -2.924585 1.486190 3.670592
v -2.850644 1.486190 3.579119
v -2.760279 1.486190 3.503828
v -2.656961 1.486190 3.447614
v -2.544662 1.486190 3.412636
v -2.427696 1.486190 3.400238
v -2.310560 1.486190 3.410898
v -2.197753 1.486190 3.444205
v -2.093613 1.486190 3.498879
v -2.002139 1.486190 3.572820
v -1.926849 1.486190 3.663185
v -1.870634 1.486190 3.766503
v -1.835656 1.486190 3.878802
v -1.823259 1.486190 3.995767
v -1.833918 1.486190 4.112904
v -1.867225 1.486190 4.225710
v -1.921899 1.486190 4.329851
v -1.995840 1.486190 4.421324
v -2.086205 1.486190 4.496615
v -2.189523 1.486190 4.552830
v -2.301822 1.486190 4.587808
v -2.418788 1.486190 4.600205
v -2.535924 1.486190 4.589546
v -2.648731 1.486190 4.556239
v -2.752872 1.486190 4.501565
v -2.844345 1.486190 4.427624
v -2.919636 1.486190 4.337258
v -2.975850 1.486190 4.233941
v -3.010828 1.486190 4.121641
v -2.886356 1.726190 4.003660
v -3.023226 1.698947 4.004676
v -2.983137 1.718211 4.004378
v -2.878128 1.726190 3.913245
v -3.012566 1.698947 3.887539
v -2.973190 1.718211 3.895068
v -2.852419 1.726190 3.826172
v -2.979259 1.698947 3.774733
v -2.942109 1.718211 3.789799
v -2.810217 1.726190 3.745788
v -2.924585 1.698947 3.670592
v -2.891087 1.718211 3.692617
v -2.753144 1.726190 3.675182
v -2.850644 1.698947 3.579119
v -2.822087 1.718211 3.607255
v -2.683393 1.726190 3.617067
v -2.760279 1.698947 3.503828
v -2.737760 1.718211 3.536995
v -2.603645 1.726190 3.573676
v -2.656961 1.698947 3.447614
v -2.641345 1.718211 3.484537
v -2.516963 1.726190 3.546677
v -2.544662 1.698947 3.412636
v -2.536549 1.718211 3.451895
v -2.426680 1.726190 3.537108
v -2.427696 1.698947 3.400238
v -2.427399 1.718211 3.440326
v -2.336265 1.726190 3.545336
v -2.310560 1.698947 3.410898
v -2.318089 1.718211 3.450274
v -2.249192 1.726190 3.571044
v -2.197754 1.698947 3.444205
v -2.212820 1.718211 3.481355
v -2.168808 1.726190 3.613246
v -2.093613 1.698947 3.498879
v -2.115637 1.718211 3.532377
v -2.098202 1.726190 3.670320
v -2.002139 1.698947 3.572820
v -2.030276 1.718211 3.601377
v -2.040087 1.726190 3.740071
v -1.926849 1.698947 3.663185
v -1.960016 1.718211 3.685704
v -1.996696 1.726190 3.819819
v -1.870634 1.698947 3.766503
v -1.907557 1.718211 3.782119
v -1.969697 1.726190 3.906501
v -1.835656 1.698947 3.878802
v -1.874916 1.718211 3.886915
v -1.960128 1.726190 3.996783
v -1.823259 1.698947 3.995767
v -1.863347 1.718211 3.996065
v -1.968356 1.726190 4.087199
v -1.833918 1.698947 4.112904
v -1.873294 1.718211 4.105375
v -1.994065 1.726190 4.174271
v -1.867225 1.698947 4.225710
v -1.904376 1.718211 4.210644
v -2.036267 1.726190 4.254655
v -1.921899 1.698947 4.329851
v -1.955397 1.718211 4.307827
v -2.093340 1.726190 4.325262
v -1.995840 1.698947 4.421324
v -2.024397 1.718211 4.393188
v -2.163091 1.726190 4.383377
v -2.086205 1.698947 4.496615
v -2.108725 1.718211 4.463449
v -2.242840 1.726190 4.426768
v -2.189523 1.698947 4.552830
v -2.205139 1.718211 4.515907
v -2.329521 1.726190 4.453766
v -2.301822 1.698947 4.587808
v -2.309935 1.718211 4.548548
v -2.419804 1.726190 4.463336
v -2.418788 1.698947 4.600205
v -2.419086 1.718211 4.560117
v -2.510219 1.726190 4.455108
v -2.535924 1.698947 4.589546
v -2.528395 1.718211 4.550170
v -2.597292 1.726190 4.429399
v -2.648731 1.698947 4.556239
v -2.633665 1.718211 4.519088
v -2.677676 1.726190 4.387197
v -2.752872 1.698947 4.501565
v -2.730847 1.718211 4.468067
v -2.748282 1.726190 4.330124
v -2.844345 1.698947 4.427624
v -2.816209 1.718211 4.399067
v -2.806397 1.726190 4.260373
v -2.919636 1.698947 4.337258
v -2.886469 1.718211 4.314739
v -2.849788 1.726190 4.180624
v -2.975850 1.698947 4.233941
v -2.938927 1.718211 4.218325
v -2.876787 1.726190 4.093943
v -3.010828 1.698947 4.121641
v -2.971568 1.718211 4.113529
v -2.889896 0.317975 4.003686
v -2.889896 0.477975 4.003686
v -2.881605 0.317975 3.912580
v -2.881605 0.477975 3.912580
v -2.855700 0.317975 3.824842
v -2.855700 0.477975 3.824842
v -2.813175 0.317975 3.743843
v -2.813175 0.477975 3.743843
v -2.755666 0.317975 3.672697
v -2.755666 0.477975 3.672697
v -2.685381 0.317975 3.614138
v -2.685381 0.477975 3.614138
v -2.605023 0.317975 3.570415
v -2.605023 0.477975 3.570415
v -2.517679 0.317975 3.543211
v -2.517679 0.477975 3.543211
v -2.426706 0.317975 3.533568
v -2.426706 0.477975 3.533568
v -2.335600 0.317975 3.541859
v -2.335600 0.477975 3.541859
v -2.247862 0.317975 3.567764
v -2.247862 0.477975 3.567764
v -2.166863 0.317975 3.610289
v -2.166863 0.477975 3.610289
v -2.095717 0.317975 3.667798
v -2.095718 0.477975 3.667798
v -2.037158 0.317975 3.738082
v -2.037158 0.477975 3.738082
v -1.993436 0.317975 3.818440
v -1.993436 0.477975 3.818440
v -1.966231 0.317975 3.905784
v -1.966231 0.477975 3.905784
v -1.956588 0.317975 3.996757
v -1.956588 0.477975 3.996757
v -1.964879 0.317975 4.087863
v -1.964879 0.477975 4.087863
v -1.990784 0.317975 4.175601
v -1.990784 0.477975 4.175601
v -2.033309 0.317975 4.256600
v -2.033309 0.477975 4.256600
v -2.090818 0.317975 4.327746
v -2.090818 0.477975 4.327746
v -2.161102 0.317975 4.386305
v -2.161102 0.477975 4.386305
v -2.241461 0.317975 4.430028
v -2.241461 0.477975 4.430028
v -2.328804 0.317975 4.457233
v -2.328804 0.477975 4.457233
v -2.419777 0.317975 4.466876
v -2.419777 0.477975 4.466876
v -2.510884 0.317975 4.458585
v -2.510884 0.477975 4.458585
v -2.598622 0.317975 4.432679
v -2.598622 0.477975 4.432679
v -2.679620 0.317975 4.390155
v -2.679620 0.477975 4.390155
v -2.750766 0.317975 4.332645
v -2.750766 0.477975 4.332645
v -2.809326 0.317975 4.262362
v -2.809326 0.477975 4.262362
v -2.853048 0.317975 4.182003
v -2.853048 0.477975 4.182003
v -2.880253 0.317975 4.094659
v -2.880253 0.477975 4.094659
v -2.489907 0.453975 4.000717
v -2.489907 1.541975 4.000717
v -2.488722 0.453975 3.987701
v -2.488723 1.541975 3.987701
v -2.485022 0.453975 3.975168
v -2.485022 1.541975 3.975168
v -2.478947 0.453975 3.963596
v -2.478947 1.541975 3.963596
v -2.470731 0.453975 3.953433
v -2.470731 1.541975 3.953433
v -2.460690 0.453975 3.945067
v -2.460690 1.541975 3.945067
v -2.449211 0.453975 3.938821
v -2.449211 1.541975 3.938821
v -2.436733 0.453975 3.934934
v -2.436733 1.541975 3.934934
v -2.423737 0.453975 3.933557
v -2.423737 1.541975 3.933557
v -2.410722 0.453975 3.934741
v -2.410722 1.541975 3.934741
v -2.398188 0.453975 3.938442
v -2.398188 1.541975 3.938442
v -2.386616 0.453975 3.944517
v -2.386616 1.541975 3.944517
v -2.376453 0.453975 3.952733
v -2.376453 1.541975 3.952733
v -2.368087 0.453975 3.962773
v -2.368087 1.541975 3.962773
v -2.361841 0.453975 3.974253
v -2.361841 1.541975 3.974253
v -2.357955 0.453975 3.986731
v -2.357955 1.541975 3.986731
v -2.356577 0.453975 3.999727
v -2.356577 1.541975 3.999727
v -2.357761 0.453975 4.012742
v -2.357762 1.541975 4.012742
v -2.361462 0.453975 4.025276
v -2.361462 1.541975 4.025276
v -2.367537 0.453975 4.036847
v -2.367537 1.541975 4.036847
v -2.375753 0.453975 4.047011
v -2.375753 1.541975 4.047011
v -2.385793 0.453975 4.055377
v -2.385793 1.541975 4.055377
v -2.397273 0.453975 4.061623
v -2.397273 1.541975 4.061623
v -2.409751 0.453975 4.065509
v -2.409751 1.541975 4.065509
v -2.422747 0.453975 4.066886
v -2.422747 1.541975 4.066886
v -2.435762 0.453975 4.065702
v -2.435762 1.541975 4.065702
v -2.448296 0.453975 4.062001
v -2.448296 1.541975 4.062001
v -2.459867 0.453975 4.055926
v -2.459867 1.541975 4.055926
v -2.470031 0.453975 4.047711
v -2.470031 1.541975 4.047711
v -2.478397 0.453975 4.037670
v -2.478397 1.541975 4.037670
v -2.484643 0.453975 4.026190
v -2.484643 1.541975 4.026190
v -2.488529 0.453975 4.013713
v -2.488529 1.541975 4.013713
v -1.969377 1.614190 4.070188
v -1.969377 2.254190 4.070188
v -2.036042 1.614190 4.070683
v -2.036042 2.254190 4.070683
v -1.970466 1.614190 3.923525
v -1.970466 2.254190 3.923525
v -2.037131 1.614190 3.924020
v -2.037131 2.254190 3.924020
v -1.840721 2.269675 4.330093
v -1.843201 2.034614 3.995915
v -1.845682 2.269675 3.661738
v -1.838401 3.356750 4.642543
v -1.838412 3.401785 4.641032
v -2.130711 3.401785 4.643202
v -1.848002 3.356750 3.349288
v -1.847991 3.401785 3.350799
v -2.140290 3.401785 3.352969
v -2.124426 2.958344 3.998003
v -2.135500 2.906741 3.998085
v -2.132257 2.943230 3.998061
v -1.843202 2.906741 3.995915
v -1.854276 2.958345 3.995998
v -1.846445 2.943231 3.995939
v -1.838412 3.401785 4.641032
v -1.849762 3.394330 4.604072
v -1.841850 3.396513 4.614863
v -2.119912 3.394330 4.606078
v -2.130711 3.401785 4.643202
v -2.127662 3.396513 4.616985
v -1.858790 3.394330 3.387923
v -1.847991 3.401785 3.350799
v -1.851040 3.396513 3.377016
v -2.140290 3.401785 3.352969
v -2.128941 3.394330 3.389929
v -2.136852 3.396513 3.379138
v -2.133468 2.329070 4.271850
v -2.111044 2.269675 4.332100
v -2.126714 2.287071 4.314521
v -2.135500 2.136505 3.998085
v -2.113525 2.034614 3.997922
v -2.129064 2.064457 3.998038
v -2.137533 2.329070 3.724321
v -2.116006 2.269675 3.663745
v -2.131413 2.287071 3.681555
v -2.130711 3.401785 4.643202
v -2.108725 3.356750 4.644550
v -2.124267 3.369940 4.644223
v -2.118326 3.356750 3.351295
v -2.140290 3.401785 3.352969
v -2.133862 3.369940 3.351853
vn -0.0000 -1.0000 -0.0000
vn -0.4330 0.9005 -0.0394
vn -0.0822 0.9966 -0.0075
vn -0.4170 0.9005 -0.1231
vn -0.0792 0.9966 -0.0234
vn -0.3850 0.9005 -0.2021
vn -0.0731 0.9966 -0.0384
vn -0.3382 0.9005 -0.2733
vn -0.0642 0.9966 -0.0519
vn -0.2783 0.9005 -0.3341
vn -0.0528 0.9966 -0.0634
vn -0.2078 0.9005 -0.3819
vn -0.0395 0.9966 -0.0725
vn -0.1293 0.9005 -0.4151
vn -0.0246 0.9966 -0.0788
vn -0.0458 0.9005 -0.4324
vn -0.0087 0.9966 -0.0821
vn 0.0394 0.9005 -0.4330
vn 0.0075 0.9966 -0.0822
vn 0.1231 0.9005 -0.4170
vn 0.0234 0.9966 -0.0792
vn 0.2021 0.9005 -0.3850
vn 0.0384 0.9966 -0.0731
vn 0.2733 0.9005 -0.3382
vn 0.0519 0.9966 -0.0642
vn 0.3341 0.9005 -0.2783
vn 0.0634 0.9966 -0.0528
vn 0.3819 0.9005 -0.2078
vn 0.0725 0.9966 -0.0395
vn 0.4151 0.9005 -0.1293
vn 0.0788 0.9966 -0.0246
vn 0.4324 0.9005 -0.0458
vn 0.0821 0.9966 -0.0087
vn 0.4330 0.9005 0.0394
vn 0.0822 0.9966 0.0075
vn 0.4170 0.9005 0.1231
vn 0.0792 0.9966 0.0234
vn 0.3850 0.9005 0.2021
vn 0.0731 0.9966 0.0384
vn 0.3382 0.9005 0.2733
vn 0.0642 0.9966 0.0519
vn 0.2783 0.9005 0.3341
vn 0.0528 0.9966 0.0634
vn 0.2078 0.9005 0.3819
vn 0.0395 0.9966 0.0725
vn 0.1293 0.9005 0.4151
vn 0.0246 0.9966 0.0788
vn 0.0458 0.9005 0.4324
vn 0.0087 0.9966 0.0821
vn -0.0394 0.9005 0.4330
vn -0.0075 0.9966 0.0822
vn -0.1231 0.9005 0.4170
vn -0.0234 0.9966 0.0792
vn -0.2021 0.9005 0.3850
vn -0.0384 0.9966 0.0731
vn -0.2733 0.9005 0.3382
vn -0.0519 0.9966 0.0642
vn -0.3341 0.9005 0.2783
vn -0.0634 0.9966 0.0528
vn -0.3819 0.9005 0.2078
vn -0.0725 0.9966 0.0395
vn -0.4151 0.9005 0.1293
vn -0.0788 0.9966 0.0246
vn -0.4324 0.9005 0.0458
vn -0.0821 0.9966 0.0087
vn -0.0000 1.0000 -0.0000
vn -0.9959 -0.0000 -0.0906
vn -0.9944 -0.0000 0.1054
vn -0.9591 -0.0000 -0.2832
vn -0.8854 -0.0000 -0.4648
vn -0.7777 -0.0000 -0.6286
vn -0.6401 -0.0000 -0.7683
vn -0.4779 -0.0000 -0.8784
vn -0.2974 -0.0000 -0.9548
vn -0.1054 -0.0000 -0.9944
vn 0.0906 -0.0000 -0.9959
vn 0.2832 -0.0000 -0.9591
vn 0.4648 -0.0000 -0.8854
vn 0.6286 -0.0000 -0.7777
vn 0.7683 -0.0000 -0.6401
vn 0.8784 -0.0000 -0.4779
vn 0.9548 -0.0000 -0.2974
vn 0.9944 -0.0000 -0.1054
vn 0.9959 -0.0000 0.0906
vn 0.9591 -0.0000 0.2832
vn 0.8854 -0.0000 0.4648
vn 0.7777 -0.0000 0.6286
vn 0.6401 -0.0000 0.7683
vn 0.4779 -0.0000 0.8784
vn 0.2974 -0.0000 0.9548
vn 0.1054 -0.0000 0.9944
vn -0.0906 -0.0000 0.9959
vn -0.2832 -0.0000 0.9591
vn -0.4648 -0.0000 0.8854
vn -0.6286 -0.0000 0.7777
vn -0.7683 -0.0000 0.6401
vn -0.8784 -0.0000 0.4779
vn -0.9548 -0.0000 0.2974
vn 0.0074 -0.0000 1.0000
vn -1.0000 -0.0000 0.0074
vn -0.0074 -0.0000 -1.0000
vn 1.0000 -0.0000 -0.0074
vn 0.7292 0.5515 -0.4051
vn 0.9868 0.1259 -0.1018
vn -0.9882 0.1259 -0.0872
vn -0.7351 0.5515 -0.3942
vn 0.7351 0.5515 0.3942
vn 0.9882 0.1259 0.0872
vn -0.9868 0.1259 0.1018
vn -0.7292 0.5515 0.4051
vn 0.0043 0.8127 0.5827
vn -0.0043 0.8127 -0.5827
vn -0.0015 0.9803 -0.1973
vn 0.0015 0.9803 0.1973
vn -0.8413 -0.4392 0.3152
vn -0.9936 -0.0888 0.0698
vn -0.9945 -0.0888 -0.0551
vn -0.8458 -0.4392 -0.3027
vn -0.9792 -0.0606 0.1935
vn -0.6372 -0.2174 0.7394
vn -0.9820 -0.0606 -0.1789
vn -0.6481 -0.2174 -0.7298
vn 0.0071 -0.2762 0.9611
vn 0.0043 -0.8179 0.5753
vn -0.0043 -0.8179 -0.5753
vn -0.0071 -0.2762 -0.9611
vn 0.0074 0.0335 0.9994
vn -0.0074 0.0335 -0.9994
vt 0.483906 0.143218
vt 0.474334 0.128893
vt 0.467741 0.112976
vt 0.464380 0.096078
vt 0.464380 0.078849
vt 0.467741 0.061951
vt 0.474334 0.046034
vt 0.483906 0.031709
vt 0.496089 0.019526
vt 0.510414 0.009954
vt 0.526331 0.003361
vt 0.543229 -0.000000
vt 0.560458 -0.000000
vt 0.577356 0.003361
vt 0.593273 0.009954
vt 0.607598 0.019526
vt 0.619781 0.031709
vt 0.629353 0.046034
vt 0.635946 0.061951
vt 0.639307 0.078849
vt 0.639307 0.096078
vt 0.635946 0.112976
vt 0.629353 0.128893
vt 0.619781 0.143218
vt 0.607598 0.155401
vt 0.593273 0.164973
vt 0.577356 0.171566
vt 0.560458 0.174927
vt 0.543229 0.174927
vt 0.526331 0.171566
vt 0.510414 0.164973
vt 0.496089 0.155401
vt 0.667962 0.525164
vt 0.650816 0.525244
vt 0.650816 0.510871
vt 0.666816 0.510796
vt 0.473669 0.295208
vt 0.467517 0.280354
vt 0.481083 0.276239
vt 0.486172 0.288525
vt 0.684448 0.524924
vt 0.682201 0.510572
vt 0.482601 0.308576
vt 0.493560 0.299582
vt 0.699643 0.524536
vt 0.696381 0.510210
vt 0.493970 0.319945
vt 0.502964 0.308986
vt 0.712961 0.524013
vt 0.708809 0.509722
vt 0.507338 0.328877
vt 0.514021 0.316374
vt 0.477698 0.524677
vt 0.464380 0.524046
vt 0.468532 0.509722
vt 0.480960 0.510310
vt 0.522192 0.335029
vt 0.526307 0.321463
vt 0.492892 0.525145
vt 0.495140 0.510747
vt 0.537961 0.338166
vt 0.539350 0.324058
vt 0.509379 0.525433
vt 0.510525 0.511016
vt 0.554038 0.338166
vt 0.552649 0.324058
vt 0.526525 0.525531
vt 0.526525 0.511107
vt 0.569807 0.335029
vt 0.565692 0.321463
vt 0.543671 0.525433
vt 0.542525 0.511016
vt 0.584661 0.328877
vt 0.577978 0.316374
vt 0.560158 0.525145
vt 0.557911 0.510747
vt 0.598029 0.319945
vt 0.589035 0.308986
vt 0.575352 0.524677
vt 0.572090 0.510310
vt 0.609398 0.308576
vt 0.598439 0.299582
vt 0.588670 0.524046
vt 0.584518 0.509722
vt 0.618330 0.295208
vt 0.605827 0.288525
vt 0.477698 0.353257
vt 0.464380 0.352522
vt 0.468532 0.338166
vt 0.480960 0.338852
vt 0.624482 0.280354
vt 0.610916 0.276239
vt 0.492892 0.353804
vt 0.495140 0.339362
vt 0.627619 0.264585
vt 0.613511 0.263196
vt 0.509379 0.354140
vt 0.510525 0.339676
vt 0.627619 0.248508
vt 0.613511 0.249897
vt 0.526525 0.354254
vt 0.526525 0.339782
vt 0.624482 0.232739
vt 0.610916 0.236854
vt 0.543671 0.354140
vt 0.542525 0.339676
vt 0.618330 0.217885
vt 0.605827 0.224568
vt 0.560158 0.353804
vt 0.557911 0.339362
vt 0.609397 0.204517
vt 0.598439 0.213511
vt 0.575352 0.353257
vt 0.572090 0.338852
vt 0.598029 0.193148
vt 0.589035 0.204107
vt 0.588670 0.352522
vt 0.584518 0.338166
vt 0.584661 0.184216
vt 0.577978 0.196719
vt 0.601988 0.353121
vt 0.588670 0.352491
vt 0.592823 0.338166
vt 0.605251 0.338754
vt 0.569807 0.178064
vt 0.565692 0.191630
vt 0.617183 0.353589
vt 0.619430 0.339191
vt 0.554038 0.174927
vt 0.552649 0.189035
vt 0.633670 0.353878
vt 0.634816 0.339461
vt 0.537961 0.174927
vt 0.539350 0.189035
vt 0.650816 0.353975
vt 0.650816 0.339552
vt 0.522192 0.178064
vt 0.526307 0.191630
vt 0.667962 0.353878
vt 0.666816 0.339461
vt 0.507338 0.184216
vt 0.514021 0.196719
vt 0.684448 0.353589
vt 0.682201 0.339191
vt 0.493970 0.193148
vt 0.502964 0.204107
vt 0.699643 0.353121
vt 0.696381 0.338754
vt 0.482601 0.204517
vt 0.493560 0.213511
vt 0.712961 0.352491
vt 0.708809 0.338166
vt 0.473669 0.217885
vt 0.486172 0.224568
vt 0.601988 0.524536
vt 0.588670 0.524013
vt 0.592823 0.509722
vt 0.605251 0.510210
vt 0.467516 0.232739
vt 0.481083 0.236854
vt 0.617183 0.524924
vt 0.619430 0.510572
vt 0.464380 0.248508
vt 0.478488 0.249897
vt 0.633670 0.525164
vt 0.634816 0.510796
vt 0.464380 0.264585
vt 0.478488 0.263196
vt 0.650816 0.680887
vt 0.667962 0.680806
vt 0.633670 0.680806
vt 0.684448 0.680567
vt 0.699643 0.680178
vt 0.712961 0.679655
vt 0.464380 0.679608
vt 0.477698 0.680238
vt 0.492892 0.680707
vt 0.509379 0.680995
vt 0.526525 0.681092
vt 0.543671 0.680995
vt 0.560158 0.680707
vt 0.575352 0.680238
vt 0.588670 0.679608
vt 0.464380 0.507990
vt 0.477698 0.508725
vt 0.492892 0.509272
vt 0.509379 0.509608
vt 0.526525 0.509722
vt 0.543671 0.509608
vt 0.560158 0.509272
vt 0.575352 0.508725
vt 0.588670 0.507990
vt 0.588670 0.508052
vt 0.601988 0.508682
vt 0.617183 0.509151
vt 0.633670 0.509439
vt 0.650816 0.509537
vt 0.667962 0.509439
vt 0.684448 0.509151
vt 0.699643 0.508682
vt 0.712961 0.508052
vt 0.588670 0.679655
vt 0.601988 0.680178
vt 0.617183 0.680567
vt 0.812009 0.292933
vt 0.812009 0.175885
vt 0.825344 0.175822
vt 0.825344 0.292870
vt 0.838167 0.175636
vt 0.838167 0.292684
vt 0.849985 0.175334
vt 0.849985 0.292382
vt 0.860344 0.174927
vt 0.860344 0.291975
vt 0.685341 0.797874
vt 0.685341 0.680887
vt 0.695699 0.681377
vt 0.695699 0.798364
vt 0.707517 0.681742
vt 0.707517 0.798729
vt 0.720340 0.681966
vt 0.720340 0.798953
vt 0.733676 0.682042
vt 0.733676 0.799029
vt 0.747012 0.681966
vt 0.747012 0.798953
vt 0.759835 0.681742
vt 0.759835 0.798729
vt 0.771653 0.681377
vt 0.771653 0.798364
vt 0.782011 0.680887
vt 0.782011 0.797874
vt 0.588670 0.797804
vt 0.588670 0.680887
vt 0.599029 0.681459
vt 0.599029 0.798376
vt 0.610847 0.681884
vt 0.610847 0.798800
vt 0.623670 0.682145
vt 0.623670 0.799062
vt 0.637006 0.682234
vt 0.637006 0.799151
vt 0.650341 0.682145
vt 0.650341 0.799062
vt 0.663164 0.681884
vt 0.663164 0.798800
vt 0.674982 0.681459
vt 0.674982 0.798376
vt 0.685341 0.680887
vt 0.685341 0.797804
vt 0.464380 0.798080
vt 0.464380 0.681092
vt 0.474738 0.681583
vt 0.474738 0.798570
vt 0.486556 0.681947
vt 0.486556 0.798934
vt 0.499379 0.682171
vt 0.499379 0.799159
vt 0.512715 0.682247
vt 0.512715 0.799235
vt 0.526051 0.682171
vt 0.526051 0.799159
vt 0.538874 0.681947
vt 0.538874 0.798934
vt 0.550692 0.681583
vt 0.550692 0.798570
vt 0.561050 0.681092
vt 0.561050 0.798080
vt 0.763673 0.291975
vt 0.763673 0.174927
vt 0.774032 0.175334
vt 0.774032 0.292382
vt 0.785850 0.175636
vt 0.785850 0.292684
vt 0.652281 0.295794
vt 0.642806 0.286319
vt 0.635361 0.275177
vt 0.630233 0.262797
vt 0.627619 0.249654
vt 0.627619 0.236254
vt 0.630233 0.223111
vt 0.635361 0.210731
vt 0.642806 0.199589
vt 0.652281 0.190114
vt 0.663423 0.182669
vt 0.675803 0.177541
vt 0.688946 0.174927
vt 0.702346 0.174927
vt 0.715489 0.177541
vt 0.727869 0.182669
vt 0.739011 0.190114
vt 0.748486 0.199589
vt 0.755931 0.210731
vt 0.761059 0.223111
vt 0.763673 0.236254
vt 0.763673 0.249654
vt 0.761059 0.262797
vt 0.755931 0.275177
vt 0.748486 0.286319
vt 0.739011 0.295794
vt 0.727869 0.303239
vt 0.715489 0.308367
vt 0.702346 0.310981
vt 0.688946 0.310981
vt 0.675803 0.308367
vt 0.663423 0.303239
vt 0.798673 0.175822
vt 0.798673 0.292870
vt 0.654494 0.111392
vt 0.647049 0.100250
vt 0.641921 0.087870
vt 0.639307 0.074727
vt 0.639307 0.061327
vt 0.641921 0.048184
vt 0.647049 0.035804
vt 0.654494 0.024662
vt 0.663969 0.015187
vt 0.675111 0.007742
vt 0.687491 0.002614
vt 0.700634 0.000000
vt 0.714034 0.000000
vt 0.727177 0.002614
vt 0.739557 0.007742
vt 0.750699 0.015187
vt 0.760174 0.024662
vt 0.767619 0.035804
vt 0.772747 0.048184
vt 0.775361 0.061327
vt 0.775361 0.074727
vt 0.772747 0.087870
vt 0.767619 0.100250
vt 0.760174 0.111392
vt 0.750699 0.120867
vt 0.739557 0.128312
vt 0.727177 0.133440
vt 0.714034 0.136054
vt 0.700634 0.136054
vt 0.687491 0.133440
vt 0.675111 0.128312
vt 0.663969 0.120867
vt 0.867249 0.970990
vt 0.867249 0.175064
vt 0.869154 0.175055
vt 0.869154 0.970981
vt 0.870986 0.175028
vt 0.870986 0.970955
vt 0.872674 0.174985
vt 0.872674 0.970911
vt 0.874154 0.174927
vt 0.874154 0.970853
vt 0.874154 0.970439
vt 0.874154 0.174927
vt 0.875634 0.174997
vt 0.875634 0.970509
vt 0.877322 0.175049
vt 0.877322 0.970561
vt 0.879154 0.175081
vt 0.879154 0.970594
vt 0.881059 0.175092
vt 0.881059 0.970604
vt 0.882964 0.175081
vt 0.882964 0.970594
vt 0.884796 0.175049
vt 0.884796 0.970561
vt 0.886484 0.174997
vt 0.886484 0.970509
vt 0.887964 0.174927
vt 0.887964 0.970439
vt 0.901774 0.969961
vt 0.901774 0.174927
vt 0.903254 0.175009
vt 0.903254 0.970042
vt 0.904942 0.175069
vt 0.904942 0.970103
vt 0.906774 0.175107
vt 0.906774 0.970141
vt 0.908679 0.175119
vt 0.908679 0.970153
vt 0.910584 0.175107
vt 0.910584 0.970141
vt 0.912416 0.175069
vt 0.912416 0.970103
vt 0.914104 0.175009
vt 0.914104 0.970042
vt 0.915584 0.174927
vt 0.915584 0.969961
vt 0.889444 0.174997
vt 0.889444 0.970509
vt 0.891132 0.175049
vt 0.891132 0.970561
vt 0.892964 0.175081
vt 0.892964 0.970594
vt 0.894869 0.175092
vt 0.894869 0.970604
vt 0.896774 0.175081
vt 0.896774 0.970594
vt 0.898606 0.175049
vt 0.898606 0.970561
vt 0.900294 0.174997
vt 0.900294 0.970509
vt 0.901774 0.174927
vt 0.901774 0.970439
vt 0.860344 0.970853
vt 0.860344 0.174927
vt 0.861824 0.174985
vt 0.861824 0.970911
vt 0.863512 0.175028
vt 0.863512 0.970955
vt 0.643532 0.328248
vt 0.641940 0.329312
vt 0.640172 0.330044
vt 0.638294 0.330418
vt 0.636380 0.330418
vt 0.634503 0.330044
vt 0.632734 0.329312
vt 0.631142 0.328248
vt 0.629789 0.326894
vt 0.628725 0.325303
vt 0.627993 0.323534
vt 0.627619 0.321657
vt 0.627619 0.319742
vt 0.627993 0.317865
vt 0.628725 0.316096
vt 0.629789 0.314504
vt 0.631142 0.313151
vt 0.632734 0.312087
vt 0.634503 0.311355
vt 0.636380 0.310981
vt 0.638294 0.310981
vt 0.640172 0.311355
vt 0.641940 0.312087
vt 0.643532 0.313151
vt 0.644886 0.314504
vt 0.645949 0.316096
vt 0.646682 0.317865
vt 0.647055 0.319742
vt 0.647055 0.321657
vt 0.646682 0.323534
vt 0.645949 0.325303
vt 0.644886 0.326894
vt 0.865344 0.175055
vt 0.865344 0.970981
vt 0.653628 0.154385
vt 0.651860 0.155117
vt 0.649982 0.155491
vt 0.648068 0.155491
vt 0.646190 0.155117
vt 0.644422 0.154385
vt 0.642830 0.153321
vt 0.641477 0.151967
vt 0.640413 0.150376
vt 0.639680 0.148607
vt 0.639307 0.146730
vt 0.639307 0.144815
vt 0.639680 0.142938
vt 0.640413 0.141169
vt 0.641477 0.139577
vt 0.642830 0.138224
vt 0.644422 0.137160
vt 0.646190 0.136428
vt 0.648068 0.136054
vt 0.649982 0.136054
vt 0.651860 0.136428
vt 0.653628 0.137160
vt 0.655220 0.138224
vt 0.656574 0.139577
vt 0.657637 0.141169
vt 0.658370 0.142938
vt 0.658743 0.144815
vt 0.658743 0.146730
vt 0.658370 0.148607
vt 0.657637 0.150376
vt 0.656574 0.151967
vt 0.655220 0.153321
vt 0.841561 0.806115
vt 0.841561 0.338166
vt 0.851326 0.338166
vt 0.851326 0.806115
vt 0.798594 0.806358
vt 0.798594 0.338166
vt 0.820077 0.338166
vt 0.820077 0.806358
vt 0.915584 0.642875
vt 0.915584 0.174927
vt 0.925349 0.174927
vt 0.925349 0.642875
vt 0.820077 0.805833
vt 0.820077 0.338166
vt 0.841561 0.338166
vt 0.841561 0.805833
vt 0.656821 0.310981
vt 0.656821 0.332465
vt 0.647055 0.332465
vt 0.647055 0.310981
vt 0.666586 0.310981
vt 0.666586 0.332465
vt 0.656821 0.310981
vt 0.284028 0.323926
vt 0.373100 0.005339
vt 0.374689 0.003820
vt 0.284028 0.335048
vt 0.378526 0.000000
vt 0.284028 0.361743
vt 0.094654 0.362149
vt 0.000157 0.000000
vt 0.003993 0.003834
vt 0.094654 0.335433
vt 0.005582 0.005376
vt 0.094654 0.324321
vt 0.194956 0.005339
vt 0.193367 0.003820
vt 0.189530 0.000000
vt 0.189152 0.000000
vt 0.185315 0.003834
vt 0.183726 0.005376
vt 0.754155 0.667847
vt 0.714583 0.667847
vt 0.714583 0.343930
vt 0.754155 0.343930
vt 0.757400 0.667847
vt 0.757400 0.343930
vt 0.796972 0.343930
vt 0.796972 0.667847
vt 0.284028 0.999032
vt 0.235077 0.827267
vt 0.189309 0.032909
vt 0.378747 0.032909
vt 0.332979 0.827267
vt 0.798594 0.338166
vt 0.798119 0.342242
vt 0.756253 0.342242
vt 0.755777 0.338166
vt 0.712961 0.338166
vt 0.755778 0.338166
vt 0.755302 0.342242
vt 0.713436 0.342242
vt 0.094654 1.000000
vt 0.045703 0.828041
vt 0.048295 0.815424
vt 0.094654 0.978277
vt 0.054553 0.784745
vt 0.094654 0.925616
vt 0.134756 0.784745
vt 0.141013 0.815424
vt 0.143605 0.828041
vt 0.000000 0.023251
vt 0.420621 0.023293
vt 0.420621 0.812269
vt 0.418344 0.825138
vt 0.418344 0.032941
vt 0.189309 0.023251
vt 0.422506 0.812269
vt 0.422506 0.023293
vt 0.424782 0.032941
vt 0.424782 0.825138
vt 0.378747 0.825138
vt 0.378747 0.032941
vt 0.418344 0.994184
vt 0.378747 0.994184
vt 0.464380 0.825138
vt 0.464380 0.994184
vt 0.424782 0.994184
vt 0.464380 0.032941
vt 0.378747 0.000000
vt 0.421563 0.000000
vt 0.421563 0.000000
vt 0.464380 0.000000
s 1
usemtl Material.021
f 7039/13042/2951 7040/13043/2951 7041/13044/2951 7042/13045/2951 7043/13046/2951 7044/13047/2951 7045/13048/2951 7046/13049/2951 7047/13050/2951 7048/13051/2951 7049/13052/2951 7050/13053/2951 7051/13054/2951 7052/13055/2951 7053/13056/2951 7054/13057/2951 7055/13058/2951 7056/13059/2951 7057/13060/2951 7058/13061/2951 7059/13062/2951 7060/13063/2951 7061/13064/2951 7062/13065/2951 7063/13066/2951 7064/13067/2951 7065/13068/2951 7066/13069/2951 7067/13070/2951 7068/13071/2951 7069/13072/2951 7070/13073/2951
f 7075/13074/2952 7072/13075/2952 7073/13076/2952 7076/13077/2952
f 7076/13078/2953 7073/13079/2953 7071/13080/2953 7074/13081/2953
f 7078/13082/2954 7075/13074/2954 7076/13077/2954 7079/13083/2954
f 7079/13084/2955 7076/13078/2955 7074/13081/2955 7077/13085/2955
f 7081/13086/2956 7078/13082/2956 7079/13083/2956 7082/13087/2956
f 7082/13088/2957 7079/13084/2957 7077/13085/2957 7080/13089/2957
f 7084/13090/2958 7081/13086/2958 7082/13087/2958 7085/13091/2958
f 7085/13092/2959 7082/13088/2959 7080/13089/2959 7083/13093/2959
f 7087/13094/2960 7084/13095/2960 7085/13096/2960 7088/13097/2960
f 7088/13098/2961 7085/13092/2961 7083/13093/2961 7086/13099/2961
f 7090/13100/2962 7087/13094/2962 7088/13097/2962 7091/13101/2962
f 7091/13102/2963 7088/13098/2963 7086/13099/2963 7089/13103/2963
f 7093/13104/2964 7090/13100/2964 7091/13101/2964 7094/13105/2964
f 7094/13106/2965 7091/13102/2965 7089/13103/2965 7092/13107/2965
f 7096/13108/2966 7093/13104/2966 7094/13105/2966 7097/13109/2966
f 7097/13110/2967 7094/13106/2967 7092/13107/2967 7095/13111/2967
f 7099/13112/2968 7096/13108/2968 7097/13109/2968 7100/13113/2968
f 7100/13114/2969 7097/13110/2969 7095/13111/2969 7098/13115/2969
f 7102/13116/2970 7099/13112/2970 7100/13113/2970 7103/13117/2970
f 7103/13118/2971 7100/13114/2971 7098/13115/2971 7101/13119/2971
f 7105/13120/2972 7102/13116/2972 7103/13117/2972 7106/13121/2972
f 7106/13122/2973 7103/13118/2973 7101/13119/2973 7104/13123/2973
f 7108/13124/2974 7105/13120/2974 7106/13121/2974 7109/13125/2974
f 7109/13126/2975 7106/13122/2975 7104/13123/2975 7107/13127/2975
f 7111/13128/2976 7108/13129/2976 7109/13130/2976 7112/13131/2976
f 7112/13132/2977 7109/13126/2977 7107/13127/2977 7110/13133/2977
f 7114/13134/2978 7111/13128/2978 7112/13131/2978 7115/13135/2978
f 7115/13136/2979 7112/13132/2979 7110/13133/2979 7113/13137/2979
f 7117/13138/2980 7114/13134/2980 7115/13135/2980 7118/13139/2980
f 7118/13140/2981 7115/13136/2981 7113/13137/2981 7116/13141/2981
f 7120/13142/2982 7117/13138/2982 7118/13139/2982 7121/13143/2982
f 7121/13144/2983 7118/13140/2983 7116/13141/2983 7119/13145/2983
f 7123/13146/2984 7120/13142/2984 7121/13143/2984 7124/13147/2984
f 7124/13148/2985 7121/13144/2985 7119/13145/2985 7122/13149/2985
f 7126/13150/2986 7123/13146/2986 7124/13147/2986 7127/13151/2986
f 7127/13152/2987 7124/13148/2987 7122/13149/2987 7125/13153/2987
f 7129/13154/2988 7126/13150/2988 7127/13151/2988 7130/13155/2988
f 7130/13156/2989 7127/13152/2989 7125/13153/2989 7128/13157/2989
f 7132/13158/2990 7129/13154/2990 7130/13155/2990 7133/13159/2990
f 7133/13160/2991 7130/13156/2991 7128/13157/2991 7131/13161/2991
f 7135/13162/2992 7132/13163/2992 7133/13164/2992 7136/13165/2992
f 7136/13166/2993 7133/13160/2993 7131/13161/2993 7134/13167/2993
f 7138/13168/2994 7135/13162/2994 7136/13165/2994 7139/13169/2994
f 7139/13170/2995 7136/13166/2995 7134/13167/2995 7137/13171/2995
f 7141/13172/2996 7138/13168/2996 7139/13169/2996 7142/13173/2996
f 7142/13174/2997 7139/13170/2997 7137/13171/2997 7140/13175/2997
f 7144/13176/2998 7141/13172/2998 7142/13173/2998 7145/13177/2998
f 7145/13178/2999 7142/13174/2999 7140/13175/2999 7143/13179/2999
f 7147/13180/3000 7144/13176/3000 7145/13177/3000 7148/13181/3000
f 7148/13182/3001 7145/13178/3001 7143/13179/3001 7146/13183/3001
f 7150/13184/3002 7147/13180/3002 7148/13181/3002 7151/13185/3002
f 7151/13186/3003 7148/13182/3003 7146/13183/3003 7149/13187/3003
f 7153/13188/3004 7150/13184/3004 7151/13185/3004 7154/13189/3004
f 7154/13190/3005 7151/13186/3005 7149/13187/3005 7152/13191/3005
f 7156/13192/3006 7153/13188/3006 7154/13189/3006 7157/13193/3006
f 7157/13194/3007 7154/13190/3007 7152/13191/3007 7155/13195/3007
f 7159/13196/3008 7156/13197/3008 7157/13198/3008 7160/13199/3008
f 7160/13200/3009 7157/13194/3009 7155/13195/3009 7158/13201/3009
f 7162/13202/3010 7159/13196/3010 7160/13199/3010 7163/13203/3010
f 7163/13204/3011 7160/13200/3011 7158/13201/3011 7161/13205/3011
f 7165/13206/3012 7162/13202/3012 7163/13203/3012 7166/13207/3012
f 7166/13208/3013 7163/13204/3013 7161/13205/3013 7164/13209/3013
f 7072/13075/3014 7165/13206/3014 7166/13207/3014 7073/13076/3014
f 7073/13079/3015 7166/13208/3015 7164/13209/3015 7071/13080/3015
f 7074/13081/3016 7071/13080/3016 7164/13209/3016 7161/13205/3016 7158/13201/3016 7155/13195/3016 7152/13191/3016 7149/13187/3016 7146/13183/3016 7143/13179/3016 7140/13175/3016 7137/13171/3016 7134/13167/3016 7131/13161/3016 7128/13157/3016 7125/13153/3016 7122/13149/3016 7119/13145/3016 7116/13141/3016 7113/13137/3016 7110/13133/3016 7107/13127/3016 7104/13123/3016 7101/13119/3016 7098/13115/3016 7095/13111/3016 7092/13107/3016 7089/13103/3016 7086/13099/3016 7083/13093/3016 7080/13089/3016 7077/13085/3016
f 7039/13210/3017 7072/13075/3017 7075/13074/3017 7040/13211/3017
f 7070/13212/3018 7165/13206/3018 7072/13075/3018 7039/13210/3018
f 7040/13211/3019 7075/13074/3019 7078/13082/3019 7041/13213/3019
f 7041/13213/3020 7078/13082/3020 7081/13086/3020 7042/13214/3020
f 7042/13214/3021 7081/13086/3021 7084/13090/3021 7043/13215/3021
f 7043/13216/3022 7084/13095/3022 7087/13094/3022 7044/13217/3022
f 7044/13217/3023 7087/13094/3023 7090/13100/3023 7045/13218/3023
f 7045/13218/3024 7090/13100/3024 7093/13104/3024 7046/13219/3024
f 7046/13219/3025 7093/13104/3025 7096/13108/3025 7047/13220/3025
f 7047/13220/3026 7096/13108/3026 7099/13112/3026 7048/13221/3026
f 7048/13221/3027 7099/13112/3027 7102/13116/3027 7049/13222/3027
f 7049/13222/3028 7102/13116/3028 7105/13120/3028 7050/13223/3028
f 7050/13223/3029 7105/13120/3029 7108/13124/3029 7051/13224/3029
f 7051/13225/3030 7108/13129/3030 7111/13128/3030 7052/13226/3030
f 7052/13226/3031 7111/13128/3031 7114/13134/3031 7053/13227/3031
f 7053/13227/3032 7114/13134/3032 7117/13138/3032 7054/13228/3032
f 7054/13228/3033 7117/13138/3033 7120/13142/3033 7055/13229/3033
f 7055/13229/3034 7120/13142/3034 7123/13146/3034 7056/13230/3034
f 7056/13230/3035 7123/13146/3035 7126/13150/3035 7057/13231/3035
f 7057/13231/3036 7126/13150/3036 7129/13154/3036 7058/13232/3036
f 7058/13232/3037 7129/13154/3037 7132/13158/3037 7059/13233/3037
f 7059/13234/3038 7132/13163/3038 7135/13162/3038 7060/13235/3038
f 7060/13235/3039 7135/13162/3039 7138/13168/3039 7061/13236/3039
f 7061/13236/3040 7138/13168/3040 7141/13172/3040 7062/13237/3040
f 7062/13237/3041 7141/13172/3041 7144/13176/3041 7063/13238/3041
f 7063/13238/3042 7144/13176/3042 7147/13180/3042 7064/13239/3042
f 7064/13239/3043 7147/13180/3043 7150/13184/3043 7065/13240/3043
f 7065/13240/3044 7150/13184/3044 7153/13188/3044 7066/13241/3044
f 7066/13241/3045 7153/13188/3045 7156/13192/3045 7067/13242/3045
f 7067/13243/3046 7156/13197/3046 7159/13196/3046 7068/13244/3046
f 7068/13244/3047 7159/13196/3047 7162/13202/3047 7069/13245/3047
f 7069/13245/3048 7162/13202/3048 7165/13206/3048 7070/13212/3048
f 7167/13246/3017 7168/13247/3017 7170/13248/3017 7169/13249/3017
f 7169/13249/3019 7170/13248/3019 7172/13250/3019 7171/13251/3019
f 7171/13251/3020 7172/13250/3020 7174/13252/3020 7173/13253/3020
f 7173/13253/3021 7174/13252/3021 7176/13254/3021 7175/13255/3021
f 7175/13256/3022 7176/13257/3022 7178/13258/3022 7177/13259/3022
f 7177/13259/3023 7178/13258/3023 7180/13260/3023 7179/13261/3023
f 7179/13261/3024 7180/13260/3024 7182/13262/3024 7181/13263/3024
f 7181/13263/3025 7182/13262/3025 7184/13264/3025 7183/13265/3025
f 7183/13265/3026 7184/13264/3026 7186/13266/3026 7185/13267/3026
f 7185/13267/3027 7186/13266/3027 7188/13268/3027 7187/13269/3027
f 7187/13269/3028 7188/13268/3028 7190/13270/3028 7189/13271/3028
f 7189/13271/3029 7190/13270/3029 7192/13272/3029 7191/13273/3029
f 7191/13274/3030 7192/13275/3030 7194/13276/3030 7193/13277/3030
f 7193/13277/3031 7194/13276/3031 7196/13278/3031 7195/13279/3031
f 7195/13279/3032 7196/13278/3032 7198/13280/3032 7197/13281/3032
f 7197/13281/3033 7198/13280/3033 7200/13282/3033 7199/13283/3033
f 7199/13283/3034 7200/13282/3034 7202/13284/3034 7201/13285/3034
f 7201/13285/3035 7202/13284/3035 7204/13286/3035 7203/13287/3035
f 7203/13287/3036 7204/13286/3036 7206/13288/3036 7205/13289/3036
f 7205/13289/3037 7206/13288/3037 7208/13290/3037 7207/13291/3037
f 7207/13292/3038 7208/13293/3038 7210/13294/3038 7209/13295/3038
f 7209/13295/3039 7210/13294/3039 7212/13296/3039 7211/13297/3039
f 7211/13297/3040 7212/13296/3040 7214/13298/3040 7213/13299/3040
f 7213/13299/3041 7214/13298/3041 7216/13300/3041 7215/13301/3041
f 7215/13301/3042 7216/13300/3042 7218/13302/3042 7217/13303/3042
f 7217/13303/3043 7218/13302/3043 7220/13304/3043 7219/13305/3043
f 7219/13305/3044 7220/13304/3044 7222/13306/3044 7221/13307/3044
f 7221/13307/3045 7222/13306/3045 7224/13308/3045 7223/13309/3045
f 7223/13310/3046 7224/13311/3046 7226/13312/3046 7225/13313/3046
f 7225/13313/3047 7226/13312/3047 7228/13314/3047 7227/13315/3047
f 7170/13316/3016 7168/13317/3016 7230/13318/3016 7228/13319/3016 7226/13320/3016 7224/13321/3016 7222/13322/3016 7220/13323/3016 7218/13324/3016 7216/13325/3016 7214/13326/3016 7212/13327/3016 7210/13328/3016 7208/13329/3016 7206/13330/3016 7204/13331/3016 7202/13332/3016 7200/13333/3016 7198/13334/3016 7196/13335/3016 7194/13336/3016 7192/13337/3016 7190/13338/3016 7188/13339/3016 7186/13340/3016 7184/13341/3016 7182/13342/3016 7180/13343/3016 7178/13344/3016 7176/13345/3016 7174/13346/3016 7172/13347/3016
f 7227/13315/3048 7228/13314/3048 7230/13348/3048 7229/13349/3048
f 7229/13349/3018 7230/13348/3018 7168/13247/3018 7167/13246/3018
f 7167/13350/2951 7169/13351/2951 7171/13352/2951 7173/13353/2951 7175/13354/2951 7177/13355/2951 7179/13356/2951 7181/13357/2951 7183/13358/2951 7185/13359/2951 7187/13360/2951 7189/13361/2951 7191/13362/2951 7193/13363/2951 7195/13364/2951 7197/13365/2951 7199/13366/2951 7201/13367/2951 7203/13368/2951 7205/13369/2951 7207/13370/2951 7209/13371/2951 7211/13372/2951 7213/13373/2951 7215/13374/2951 7217/13375/2951 7219/13376/2951 7221/13377/2951 7223/13378/2951 7225/13379/2951 7227/13380/2951 7229/13381/2951
f 7231/13382/3017 7232/13383/3017 7234/13384/3017 7233/13385/3017
f 7233/13385/3019 7234/13384/3019 7236/13386/3019 7235/13387/3019
f 7235/13387/3020 7236/13386/3020 7238/13388/3020 7237/13389/3020
f 7237/13389/3021 7238/13388/3021 7240/13390/3021 7239/13391/3021
f 7239/13392/3022 7240/13393/3022 7242/13394/3022 7241/13395/3022
f 7241/13395/3023 7242/13394/3023 7244/13396/3023 7243/13397/3023
f 7243/13397/3024 7244/13396/3024 7246/13398/3024 7245/13399/3024
f 7245/13399/3025 7246/13398/3025 7248/13400/3025 7247/13401/3025
f 7247/13401/3026 7248/13400/3026 7250/13402/3026 7249/13403/3026
f 7249/13403/3027 7250/13402/3027 7252/13404/3027 7251/13405/3027
f 7251/13405/3028 7252/13404/3028 7254/13406/3028 7253/13407/3028
f 7253/13407/3029 7254/13406/3029 7256/13408/3029 7255/13409/3029
f 7255/13410/3030 7256/13411/3030 7258/13412/3030 7257/13413/3030
f 7257/13413/3031 7258/13412/3031 7260/13414/3031 7259/13415/3031
f 7259/13415/3032 7260/13414/3032 7262/13416/3032 7261/13417/3032
f 7261/13417/3033 7262/13416/3033 7264/13418/3033 7263/13419/3033
f 7263/13419/3034 7264/13418/3034 7266/13420/3034 7265/13421/3034
f 7265/13421/3035 7266/13420/3035 7268/13422/3035 7267/13423/3035
f 7267/13423/3036 7268/13422/3036 7270/13424/3036 7269/13425/3036
f 7269/13425/3037 7270/13424/3037 7272/13426/3037 7271/13427/3037
f 7271/13409/3038 7272/13408/3038 7274/13428/3038 7273/13429/3038
f 7273/13429/3039 7274/13428/3039 7276/13430/3039 7275/13431/3039
f 7275/13431/3040 7276/13430/3040 7278/13432/3040 7277/13433/3040
f 7277/13433/3041 7278/13432/3041 7280/13434/3041 7279/13435/3041
f 7279/13435/3042 7280/13434/3042 7282/13436/3042 7281/13437/3042
f 7281/13437/3043 7282/13436/3043 7284/13438/3043 7283/13439/3043
f 7283/13439/3044 7284/13438/3044 7286/13440/3044 7285/13441/3044
f 7285/13441/3045 7286/13440/3045 7288/13442/3045 7287/13443/3045
f 7287/13444/3046 7288/13445/3046 7290/13446/3046 7289/13447/3046
f 7289/13447/3047 7290/13446/3047 7292/13448/3047 7291/13449/3047
f 7234/13450/3016 7232/13451/3016 7294/13452/3016 7292/13453/3016 7290/13454/3016 7288/13455/3016 7286/13456/3016 7284/13457/3016 7282/13458/3016 7280/13459/3016 7278/13460/3016 7276/13461/3016 7274/13462/3016 7272/13463/3016 7270/13464/3016 7268/13465/3016 7266/13466/3016 7264/13467/3016 7262/13468/3016 7260/13469/3016 7258/13470/3016 7256/13471/3016 7254/13472/3016 7252/13473/3016 7250/13474/3016 7248/13475/3016 7246/13476/3016 7244/13477/3016 7242/13478/3016 7240/13479/3016 7238/13480/3016 7236/13481/3016
f 7291/13449/3048 7292/13448/3048 7294/13482/3048 7293/13483/3048
f 7293/13483/3018 7294/13482/3018 7232/13383/3018 7231/13382/3018
f 7231/13484/2951 7233/13485/2951 7235/13486/2951 7237/13487/2951 7239/13488/2951 7241/13489/2951 7243/13490/2951 7245/13491/2951 7247/13492/2951 7249/13493/2951 7251/13494/2951 7253/13495/2951 7255/13496/2951 7257/13497/2951 7259/13498/2951 7261/13499/2951 7263/13500/2951 7265/13501/2951 7267/13502/2951 7269/13503/2951 7271/13504/2951 7273/13505/2951 7275/13506/2951 7277/13507/2951 7279/13508/2951 7281/13509/2951 7283/13510/2951 7285/13511/2951 7287/13512/2951 7289/13513/2951 7291/13514/2951 7293/13515/2951
f 7295/13516/3049 7296/13517/3049 7298/13518/3049 7297/13519/3049
f 7297/13520/3050 7298/13521/3050 7302/13522/3050 7301/13523/3050
f 7301/13524/3051 7302/13525/3051 7300/13526/3051 7299/13527/3051
f 7299/13528/3052 7300/13529/3052 7296/13530/3052 7295/13531/3052
f 7297/13532/2951 7301/13533/2951 7299/13534/2951 7295/13535/2951
f 7302/13536/3016 7298/13537/3016 7296/13533/3016 7300/13538/3016
f 7316/13539/3053 7319/13540/3053 7320/13541/3053 7317/13542/3053
f 7317/13542/3054 7320/13541/3054 7318/13543/3054 7315/13544/3054
f 7313/13545/3055 7322/13546/3055 7323/13547/3055 7314/13548/3055
f 7314/13548/3056 7323/13547/3056 7321/13549/3056 7312/13550/3056
f 7324/13551/3057 7316/13539/3057 7317/13542/3057 7326/13552/3057
f 7326/13552/3058 7317/13542/3058 7315/13544/3058 7325/13553/3058
f 7327/13554/3059 7313/13545/3059 7314/13548/3059 7329/13555/3059
f 7329/13555/3060 7314/13548/3060 7312/13550/3060 7328/13556/3060
f 7312/13557/3061 7316/13558/3061 7324/13559/3061 7328/13560/3061
f 7312/13561/3062 7321/13562/3062 7319/13563/3062 7316/13564/3062
f 7304/13565/3052 7305/13566/3052 7309/13567/3052 7310/13553/3052 7325/13553/3052 7315/13544/3052
f 7304/13565/3052 7315/13544/3052 7318/13543/3052 7307/13543/3052 7306/13568/3052 7303/13569/3052
f 7318/13570/3063 7320/13571/3063 7319/13563/3063 7321/13562/3063 7323/13572/3063 7322/13573/3063 7308/13573/3063 7307/13570/3063
f 7310/13574/3064 7311/13575/3064 7327/13575/3064 7329/13576/3064 7328/13560/3064 7324/13559/3064 7326/13577/3064 7325/13574/3064
f 7334/13578/3065 7331/13579/3065 7332/13580/3065 7335/13581/3065
f 7335/13581/3066 7332/13580/3066 7330/13582/3066 7333/13583/3066
f 7333/13583/3067 7336/13584/3067 7338/13585/3067 7335/13581/3067
f 7335/13581/3068 7338/13585/3068 7337/13586/3068 7334/13578/3068
f 7339/13546/3069 7330/13582/3069 7332/13580/3069 7341/13587/3069
f 7341/13588/3070 7332/13589/3070 7331/13590/3070 7340/13591/3070
f 7336/13584/3071 7343/13554/3071 7344/13592/3071 7338/13585/3071
f 7338/13593/3072 7344/13594/3072 7342/13595/3072 7337/13596/3072
f 7303/13597/3073 7306/13598/3073 7340/13591/3073 7331/13590/3073
f 7331/13590/3074 7334/13599/3074 7304/13600/3074 7303/13597/3074
f 7330/13582/3050 7339/13546/3050 7308/13546/3050 7322/13546/3050 7313/13545/3050 7333/13583/3050
f 7337/13596/3075 7305/13601/3075 7304/13602/3075 7334/13603/3075
f 7336/13584/3050 7333/13583/3050 7313/13545/3050 7327/13554/3050 7311/13554/3050 7343/13554/3050
f 7305/13601/3076 7337/13596/3076 7342/13595/3076 7309/13604/3076
f 7307/13605/3077 7308/13606/3077 7339/13606/3077 7341/13588/3077 7340/13591/3077 7306/13598/3077
f 7309/13604/3078 7342/13595/3078 7344/13594/3078 7343/13607/3078 7311/13607/3078 7310/13608/3078
