# Blender 5.0.1
# www.blender.org
mtllib mdlVentilador.mtl
o mdlVentiladorBase
v 4.140382 2.424290 14.594747
v 4.187072 2.424731 14.632895
v 4.247674 2.415804 13.860648
v 4.194996 2.416245 13.898797
v 4.187072 2.302757 14.632896
v 4.140382 2.303198 14.594747
v 4.194996 2.311243 13.898798
v 4.247674 2.311683 13.860648
v 4.915774 2.424731 14.632895
v 4.962464 2.424290 14.594747
v 4.907850 2.416245 13.898797
v 4.855172 2.415804 13.860648
v 4.962464 2.303198 14.594747
v 4.915774 2.302757 14.632896
v 4.855172 2.311683 13.860648
v 4.907850 2.311243 13.898798
v 4.419285 2.373908 14.117608
v 4.438626 2.577199 14.108681
v 4.419285 2.373908 13.995634
v 4.438626 2.577198 14.004560
v 4.683562 2.373908 14.117608
v 4.664221 2.577199 14.108681
v 4.683562 2.373908 13.995634
v 4.664221 2.577198 14.004560
v 4.520930 2.414567 14.575552
v 4.530112 2.445060 14.566369
v 4.520930 2.414567 14.514565
v 4.530112 2.445060 14.523748
v 4.581917 2.414567 14.575552
v 4.572734 2.445060 14.566369
v 4.581917 2.414567 14.514565
v 4.572734 2.445060 14.523748
v 4.602246 2.414567 14.575552
v 4.611428 2.445060 14.566369
v 4.602246 2.414567 14.514565
v 4.611428 2.445060 14.523748
v 4.663233 2.414567 14.575552
v 4.654050 2.445060 14.566369
v 4.663233 2.414567 14.514565
v 4.654050 2.445060 14.523748
v 4.683562 2.414567 14.575552
v 4.692744 2.445060 14.566369
v 4.683562 2.414567 14.514565
v 4.692744 2.445060 14.523748
v 4.744549 2.414567 14.575552
v 4.735366 2.445060 14.566369
v 4.744549 2.414567 14.514565
v 4.735366 2.445060 14.523748
v 4.358298 2.414567 14.575552
v 4.367480 2.445060 14.566369
v 4.358298 2.414567 14.514565
v 4.367480 2.445060 14.523748
v 4.419285 2.414567 14.575552
v 4.410102 2.445060 14.566369
v 4.419285 2.414567 14.514565
v 4.410102 2.445060 14.523748
v 4.551423 3.304230 14.396582
v 4.551423 3.355054 14.386303
v 4.551423 3.380293 14.369477
v 4.551423 3.393952 14.347492
v 4.551423 3.395710 14.335594
v 4.554905 3.321734 14.395410
v 4.558253 3.338565 14.391939
v 4.561338 3.354077 14.386303
v 4.564043 3.367673 14.378719
v 4.566262 3.378831 14.369477
v 4.567912 3.387123 14.358933
v 4.568927 3.392228 14.347492
v 4.569270 3.393952 14.335594
v 4.558253 3.320718 14.395410
v 4.564820 3.336573 14.391939
v 4.570873 3.351185 14.386303
v 4.576178 3.363992 14.378719
v 4.580531 3.374503 14.369477
v 4.583766 3.382313 14.358933
v 4.585759 3.387123 14.347492
v 4.586431 3.388747 14.335594
v 4.561338 3.319069 14.395410
v 4.570873 3.333338 14.391939
v 4.579659 3.346488 14.386303
v 4.587361 3.358015 14.378719
v 4.593681 3.367474 14.369477
v 4.598378 3.374503 14.358933
v 4.601270 3.378831 14.347492
v 4.602247 3.380293 14.335594
v 4.564043 3.316849 14.395410
v 4.576178 3.328984 14.391939
v 4.587361 3.340168 14.386303
v 4.597163 3.349970 14.378719
v 4.605208 3.358015 14.369477
v 4.611186 3.363992 14.358933
v 4.614867 3.367673 14.347492
v 4.616109 3.368916 14.335594
v 4.566262 3.314145 14.395410
v 4.580531 3.323679 14.391939
v 4.593682 3.332466 14.386303
v 4.605208 3.340168 14.378719
v 4.614667 3.346488 14.369477
v 4.621696 3.351185 14.358933
v 4.626025 3.354077 14.347492
v 4.627486 3.355054 14.335594
v 4.567912 3.311059 14.395410
v 4.583766 3.317627 14.391939
v 4.598378 3.323679 14.386303
v 4.611186 3.328984 14.378719
v 4.621696 3.333338 14.369477
v 4.629507 3.336573 14.358933
v 4.634316 3.338565 14.347492
v 4.635940 3.339238 14.335594
v 4.568927 3.307712 14.395410
v 4.585759 3.311059 14.391939
v 4.601270 3.314145 14.386303
v 4.614867 3.316849 14.378719
v 4.626025 3.319069 14.369477
v 4.634316 3.320718 14.358933
v 4.639422 3.321734 14.347492
v 4.641146 3.322077 14.335594
v 4.569270 3.304230 14.395410
v 4.586431 3.304230 14.391939
v 4.602247 3.304230 14.386303
v 4.616109 3.304230 14.378719
v 4.627486 3.304230 14.369477
v 4.635940 3.304230 14.358933
v 4.641146 3.304230 14.347492
v 4.642903 3.304230 14.335594
v 4.568927 3.300748 14.395410
v 4.585759 3.297400 14.391939
v 4.601270 3.294315 14.386303
v 4.614867 3.291610 14.378719
v 4.626025 3.289391 14.369477
v 4.634316 3.287741 14.358933
v 4.639422 3.286726 14.347492
v 4.641146 3.286383 14.335594
v 4.567912 3.297400 14.395410
v 4.583766 3.290833 14.391939
v 4.598378 3.284780 14.386303
v 4.611186 3.279475 14.378719
v 4.621696 3.275122 14.369477
v 4.629507 3.271887 14.358933
v 4.634316 3.269894 14.347492
v 4.635940 3.269222 14.335594
v 4.566262 3.294315 14.395410
v 4.580531 3.284780 14.391939
v 4.593681 3.275994 14.386303
v 4.605208 3.268292 14.378719
v 4.614667 3.261971 14.369477
v 4.621696 3.257275 14.358933
v 4.626025 3.254383 14.347492
v 4.627486 3.253406 14.335594
v 4.564043 3.291610 14.395410
v 4.576178 3.279475 14.391939
v 4.587361 3.268292 14.386303
v 4.597163 3.258490 14.378719
v 4.605208 3.250445 14.369477
v 4.611186 3.244467 14.358933
v 4.614867 3.240786 14.347492
v 4.616109 3.239543 14.335594
v 4.561338 3.289391 14.395410
v 4.570872 3.275122 14.391939
v 4.579659 3.261971 14.386303
v 4.587361 3.250445 14.378719
v 4.593681 3.240985 14.369477
v 4.598378 3.233957 14.358933
v 4.601270 3.229628 14.347492
v 4.602247 3.228167 14.335594
v 4.558253 3.287741 14.395410
v 4.564820 3.271887 14.391939
v 4.570872 3.257275 14.386303
v 4.576178 3.244467 14.378719
v 4.580531 3.233957 14.369477
v 4.583766 3.226146 14.358933
v 4.585759 3.221337 14.347492
v 4.586431 3.219713 14.335594
v 4.554905 3.286726 14.395410
v 4.558253 3.269894 14.391939
v 4.561338 3.254383 14.386303
v 4.564043 3.240786 14.378719
v 4.566262 3.229628 14.369477
v 4.567912 3.221337 14.358933
v 4.568927 3.216231 14.347492
v 4.569270 3.214507 14.335594
v 4.551423 3.286383 14.395410
v 4.551423 3.269222 14.391939
v 4.551423 3.253406 14.386303
v 4.551423 3.239543 14.378719
v 4.551423 3.228167 14.369477
v 4.551423 3.219713 14.358933
v 4.551423 3.214507 14.347492
v 4.551423 3.212749 14.335594
v 4.547941 3.286726 14.395410
v 4.544593 3.269894 14.391939
v 4.541508 3.254383 14.386303
v 4.538804 3.240786 14.378719
v 4.536584 3.229628 14.369477
v 4.534935 3.221337 14.358933
v 4.533919 3.216231 14.347492
v 4.533576 3.214507 14.335594
v 4.544593 3.287741 14.395410
v 4.538026 3.271887 14.391939
v 4.531974 3.257275 14.386303
v 4.526669 3.244467 14.378719
v 4.522315 3.233957 14.369477
v 4.519080 3.226146 14.358933
v 4.517088 3.221337 14.347492
v 4.516415 3.219713 14.335594
v 4.541508 3.289391 14.395410
v 4.531974 3.275122 14.391939
v 4.523187 3.261971 14.386303
v 4.515485 3.250445 14.378719
v 4.509165 3.240986 14.369477
v 4.504468 3.233957 14.358933
v 4.501576 3.229628 14.347492
v 4.500599 3.228167 14.335594
v 4.538804 3.291610 14.395410
v 4.526669 3.279475 14.391939
v 4.515485 3.268292 14.386303
v 4.505683 3.258490 14.378719
v 4.497638 3.250445 14.369477
v 4.491661 3.244467 14.358933
v 4.487979 3.240786 14.347492
v 4.486737 3.239543 14.335594
v 4.536584 3.294315 14.395410
v 4.522315 3.284780 14.391939
v 4.509165 3.275994 14.386303
v 4.497638 3.268292 14.378719
v 4.488179 3.261971 14.369477
v 4.481150 3.257275 14.358933
v 4.476821 3.254383 14.347492
v 4.475360 3.253406 14.335594
v 4.534935 3.297400 14.395410
v 4.519080 3.290833 14.391939
v 4.504468 3.284780 14.386303
v 4.491661 3.279475 14.378719
v 4.481150 3.275122 14.369477
v 4.473340 3.271887 14.358933
v 4.468530 3.269894 14.347492
v 4.466906 3.269222 14.335594
v 4.533919 3.300748 14.395410
v 4.517088 3.297400 14.391939
v 4.501576 3.294315 14.386303
v 4.487979 3.291610 14.378719
v 4.476821 3.289391 14.369477
v 4.468530 3.287741 14.358933
v 4.463424 3.286726 14.347492
v 4.461700 3.286383 14.335594
v 4.533576 3.304230 14.395410
v 4.516415 3.304230 14.391939
v 4.500599 3.304230 14.386303
v 4.486737 3.304230 14.378719
v 4.475360 3.304230 14.369477
v 4.466906 3.304230 14.358933
v 4.461700 3.304230 14.347492
v 4.459943 3.304230 14.335594
v 4.533919 3.307712 14.395410
v 4.517088 3.311059 14.391939
v 4.501576 3.314145 14.386303
v 4.487979 3.316849 14.378719
v 4.476821 3.319069 14.369477
v 4.468530 3.320718 14.358933
v 4.463425 3.321734 14.347492
v 4.461700 3.322077 14.335594
v 4.534935 3.311059 14.395410
v 4.519080 3.317627 14.391939
v 4.504468 3.323679 14.386303
v 4.491661 3.328984 14.378719
v 4.481150 3.333338 14.369477
v 4.473340 3.336573 14.358933
v 4.468530 3.338565 14.347492
v 4.466906 3.339238 14.335594
v 4.536584 3.314145 14.395410
v 4.522315 3.323679 14.391939
v 4.509165 3.332466 14.386303
v 4.497638 3.340168 14.378719
v 4.488179 3.346488 14.369477
v 4.481150 3.351185 14.358933
v 4.476821 3.354077 14.347492
v 4.475360 3.355054 14.335594
v 4.538804 3.316849 14.395410
v 4.526669 3.328984 14.391939
v 4.515485 3.340168 14.386303
v 4.505683 3.349970 14.378719
v 4.497638 3.358015 14.369477
v 4.491661 3.363992 14.358933
v 4.487979 3.367673 14.347492
v 4.486737 3.368916 14.335594
v 4.541508 3.319069 14.395410
v 4.531974 3.333338 14.391939
v 4.523187 3.346488 14.386303
v 4.515485 3.358015 14.378719
v 4.509165 3.367474 14.369477
v 4.504468 3.374503 14.358933
v 4.501576 3.378831 14.347492
v 4.500599 3.380293 14.335594
v 4.544593 3.320718 14.395410
v 4.538026 3.336573 14.391939
v 4.531974 3.351185 14.386303
v 4.526669 3.363992 14.378719
v 4.522315 3.374503 14.369477
v 4.519080 3.382313 14.358933
v 4.517088 3.387123 14.347492
v 4.516415 3.388747 14.335594
v 4.547941 3.321734 14.395410
v 4.544593 3.338565 14.391939
v 4.541508 3.354077 14.386303
v 4.538804 3.367673 14.378719
v 4.536584 3.378831 14.369477
v 4.534935 3.387123 14.358933
v 4.533919 3.392228 14.347492
v 4.533576 3.393952 14.335594
v 4.551423 3.322077 14.395410
v 4.551423 3.339238 14.391939
v 4.551423 3.368916 14.378719
v 4.551423 3.388747 14.358933
v 4.551423 3.304230 14.274608
v 4.536584 3.294314 14.275780
v 4.534935 3.297400 14.275780
v 4.533919 3.300748 14.275780
v 4.533576 3.304230 14.275780
v 4.534935 3.311059 14.275780
v 4.536584 3.314145 14.275780
v 4.551423 3.507519 13.830457
v 4.591083 3.503613 13.830457
v 4.551423 3.507519 13.850786
v 4.511763 3.503613 13.830457
v 4.473628 3.492045 13.830457
v 4.511763 3.503613 13.850786
v 4.473628 3.492045 13.850786
v 4.438481 3.473259 13.850786
v 4.407675 3.447977 13.850786
v 4.438481 3.473259 13.830457
v 4.407675 3.447977 13.830457
v 4.382394 3.417171 13.830457
v 4.363608 3.382025 13.830457
v 4.382394 3.417171 13.850786
v 4.396478 3.407761 13.830457
v 4.379257 3.375543 13.830457
v 4.419653 3.436000 13.830457
v 4.396478 3.407761 13.850786
v 4.379257 3.375543 13.850786
v 4.419653 3.436000 13.850786
v 4.447892 3.459175 13.850786
v 4.480110 3.476395 13.850786
v 4.447892 3.459175 13.830457
v 4.480110 3.476395 13.830457
v 4.515068 3.487000 13.830457
v 4.551423 3.490581 13.830457
v 4.515068 3.487000 13.850786
v 4.551423 3.490581 13.850786
v 4.587779 3.487000 13.850786
v 4.622736 3.476395 13.850786
v 4.587779 3.487000 13.830457
v 4.622736 3.476395 13.830457
v 4.654954 3.459175 13.830457
v 4.683193 3.436000 13.830457
v 4.654954 3.459175 13.850786
v 4.683193 3.436000 13.850786
v 4.706368 3.407761 13.850786
v 4.723589 3.375543 13.850786
v 4.706368 3.407761 13.830457
v 4.723589 3.375543 13.830457
v 4.734193 3.340585 13.830457
v 4.737774 3.304229 13.830457
v 4.734193 3.340585 13.850786
v 4.737774 3.304229 13.850786
v 4.734193 3.267874 13.850786
v 4.723589 3.232916 13.850786
v 4.734193 3.267874 13.830457
v 4.723589 3.232916 13.830457
v 4.706368 3.200698 13.830457
v 4.720452 3.191288 13.830457
v 4.683193 3.172459 13.830457
v 4.706368 3.200698 13.850786
v 4.683193 3.172459 13.850786
v 4.654954 3.149284 13.850786
v 4.622736 3.132064 13.850786
v 4.654954 3.149284 13.830457
v 4.622736 3.132064 13.830457
v 4.587779 3.121459 13.830457
v 4.551423 3.117878 13.830457
v 4.587779 3.121459 13.850786
v 4.551423 3.117878 13.850786
v 4.515068 3.121459 13.850786
v 4.480110 3.132064 13.850786
v 4.515068 3.121459 13.830457
v 4.480110 3.132064 13.830457
v 4.447892 3.149284 13.830457
v 4.419653 3.172459 13.830457
v 4.447892 3.149284 13.850786
v 4.419653 3.172459 13.850786
v 4.396478 3.200698 13.850786
v 4.379257 3.232916 13.850786
v 4.396478 3.200698 13.830457
v 4.379257 3.232916 13.830457
v 4.368653 3.267874 13.830457
v 4.365072 3.304229 13.830457
v 4.368653 3.267874 13.850786
v 4.365072 3.304229 13.850786
v 4.368653 3.340585 13.850786
v 4.368653 3.340585 13.830457
v 4.473628 3.116414 13.850786
v 4.511763 3.104846 13.850786
v 4.473628 3.116414 13.830457
v 4.438481 3.135200 13.850786
v 4.438481 3.135200 13.830457
v 4.407675 3.160482 13.850786
v 4.407675 3.160482 13.830457
v 4.382394 3.191288 13.850786
v 4.382394 3.191288 13.830457
v 4.363608 3.226434 13.850786
v 4.363608 3.226434 13.830457
v 4.352039 3.264570 13.850786
v 4.352039 3.264570 13.830457
v 4.348133 3.304229 13.850786
v 4.348133 3.304229 13.830457
v 4.352039 3.343889 13.850786
v 4.352039 3.343889 13.830457
v 4.363608 3.382025 13.850786
v 4.511763 3.104846 13.830457
v 4.551423 3.100940 13.830457
v 4.591083 3.104846 13.830457
v 4.551423 3.100940 13.850786
v 4.591083 3.104846 13.850786
v 4.629219 3.116414 13.850786
v 4.664365 3.135200 13.850786
v 4.629219 3.116414 13.830457
v 4.664365 3.135200 13.830457
v 4.695171 3.160482 13.830457
v 4.695171 3.160482 13.850786
v 4.720452 3.191288 13.850786
v 4.739239 3.226434 13.850786
v 4.750807 3.264570 13.850786
v 4.739239 3.226434 13.830457
v 4.750807 3.264570 13.830457
v 4.754713 3.304229 13.830457
v 4.750807 3.343889 13.830457
v 4.754713 3.304229 13.850786
v 4.750807 3.343889 13.850786
v 4.739239 3.382025 13.850786
v 4.720452 3.417171 13.850786
v 4.739239 3.382025 13.830457
v 4.720452 3.417171 13.830457
v 4.695171 3.447977 13.830457
v 4.664365 3.473259 13.830457
v 4.695171 3.447977 13.850786
v 4.664365 3.473259 13.850786
v 4.629219 3.492045 13.850786
v 4.591083 3.503613 13.850786
v 4.629219 3.492045 13.830457
v 4.551423 3.609164 13.871115
v 4.610913 3.603305 13.871115
v 4.551423 3.609164 13.891443
v 4.491933 3.603305 13.871115
v 4.434730 3.585953 13.871115
v 4.491933 3.603305 13.891443
v 4.434730 3.585953 13.891443
v 4.382010 3.557774 13.891443
v 4.335802 3.519851 13.891444
v 4.382010 3.557774 13.871115
v 4.335802 3.519851 13.871115
v 4.297879 3.473642 13.871115
v 4.269700 3.420923 13.871115
v 4.297879 3.473642 13.891444
v 4.314782 3.462348 13.871115
v 4.288482 3.413143 13.871115
v 4.350176 3.505476 13.871115
v 4.314782 3.462348 13.891444
v 4.288482 3.413143 13.891444
v 4.350176 3.505476 13.891444
v 4.393304 3.540871 13.891443
v 4.442509 3.567171 13.891443
v 4.393304 3.540871 13.871115
v 4.442509 3.567171 13.871115
v 4.495899 3.583367 13.871115
v 4.551423 3.588835 13.871115
v 4.495899 3.583367 13.891443
v 4.551423 3.588835 13.891443
v 4.606947 3.583367 13.891443
v 4.660337 3.567171 13.891443
v 4.606947 3.583367 13.871115
v 4.660337 3.567171 13.871115
v 4.709542 3.540871 13.871115
v 4.752670 3.505476 13.871115
v 4.709542 3.540871 13.891443
v 4.752670 3.505476 13.891444
v 4.767045 3.519851 13.891444
v 4.788064 3.462348 13.891444
v 4.814365 3.413143 13.891444
v 4.788064 3.462348 13.871115
v 4.814365 3.413143 13.871115
v 4.830560 3.359753 13.871115
v 4.836029 3.304229 13.871115
v 4.830560 3.359753 13.891444
v 4.836029 3.304229 13.891444
v 4.830560 3.248706 13.891444
v 4.814365 3.195316 13.891444
v 4.830560 3.248706 13.871115
v 4.814365 3.195316 13.871115
v 4.788064 3.146111 13.871115
v 4.752670 3.102983 13.871115
v 4.788064 3.146111 13.891444
v 4.752670 3.102983 13.891444
v 4.767045 3.088608 13.891444
v 4.709542 3.067588 13.891444
v 4.660337 3.041288 13.891444
v 4.709542 3.067588 13.871115
v 4.660337 3.041288 13.871115
v 4.606947 3.025092 13.871115
v 4.551423 3.019624 13.871115
v 4.606947 3.025092 13.891444
v 4.551423 3.019624 13.891444
v 4.495899 3.025092 13.891444
v 4.442509 3.041288 13.891444
v 4.495899 3.025092 13.871115
v 4.442509 3.041288 13.871115
v 4.393304 3.067588 13.871115
v 4.350176 3.102983 13.871115
v 4.393304 3.067588 13.891444
v 4.350176 3.102983 13.891444
v 4.314782 3.146111 13.891444
v 4.288482 3.195316 13.891444
v 4.314782 3.146111 13.871115
v 4.288482 3.195316 13.871115
v 4.297879 3.134817 13.871115
v 4.335802 3.088608 13.871115
v 4.297879 3.134817 13.891444
v 4.269700 3.187536 13.871115
v 4.269700 3.187536 13.891444
v 4.252347 3.244740 13.871115
v 4.252347 3.244740 13.891444
v 4.246488 3.304229 13.871115
v 4.246488 3.304229 13.891444
v 4.252347 3.363719 13.871115
v 4.252347 3.363719 13.891444
v 4.269700 3.420923 13.891444
v 4.335802 3.088608 13.891444
v 4.382010 3.050685 13.891444
v 4.434730 3.022506 13.891444
v 4.382010 3.050685 13.871115
v 4.434730 3.022506 13.871115
v 4.491933 3.005154 13.871115
v 4.551423 2.999295 13.871115
v 4.491933 3.005154 13.891444
v 4.551423 2.999295 13.891444
v 4.610913 3.005154 13.891444
v 4.668117 3.022506 13.891444
v 4.610913 3.005154 13.871115
v 4.668117 3.022506 13.871115
v 4.720836 3.050685 13.871115
v 4.767045 3.088608 13.871115
v 4.720836 3.050685 13.891444
v 4.804967 3.134817 13.871115
v 4.833146 3.187536 13.871115
v 4.804967 3.134817 13.891444
v 4.833146 3.187536 13.891444
v 4.850499 3.244740 13.891444
v 4.856358 3.304229 13.891444
v 4.850499 3.244740 13.871115
v 4.856358 3.304229 13.871115
v 4.850499 3.363719 13.871115
v 4.833146 3.420923 13.871115
v 4.850499 3.363719 13.891444
v 4.833146 3.420923 13.891444
v 4.804967 3.473642 13.891444
v 4.804967 3.473642 13.871115
v 4.767045 3.519851 13.871115
v 4.720836 3.557774 13.871115
v 4.668117 3.585953 13.871115
v 4.720836 3.557774 13.891443
v 4.668117 3.585953 13.891443
v 4.610913 3.603305 13.891443
v 4.272286 3.248706 13.871115
v 4.266817 3.304229 13.871115
v 4.272286 3.248706 13.891444
v 4.266817 3.304229 13.891444
v 4.272286 3.359753 13.891444
v 4.272286 3.359753 13.871115
v 4.551423 3.710809 13.911773
v 4.630743 3.702997 13.911773
v 4.551423 3.710809 13.932101
v 4.472103 3.702997 13.911773
v 4.395832 3.679860 13.911773
v 4.472103 3.702997 13.932101
v 4.395832 3.679860 13.932101
v 4.325540 3.642288 13.932101
v 4.263927 3.591725 13.932101
v 4.325540 3.642288 13.911773
v 4.263927 3.591725 13.911773
v 4.213364 3.530113 13.911773
v 4.175792 3.459821 13.911773
v 4.213364 3.530113 13.932101
v 4.175792 3.459821 13.932102
v 4.152656 3.383549 13.932102
v 4.144843 3.304229 13.932102
v 4.152656 3.383549 13.911773
v 4.144843 3.304229 13.911773
v 4.152656 3.224910 13.911773
v 4.175792 3.148638 13.911773
v 4.152656 3.224910 13.932102
v 4.172594 3.228876 13.911773
v 4.165172 3.304229 13.911773
v 4.194574 3.156418 13.911773
v 4.172594 3.228876 13.932102
v 4.194574 3.156418 13.932102
v 4.165172 3.304229 13.932102
v 4.172594 3.379583 13.932102
v 4.194574 3.452041 13.932102
v 4.172594 3.379583 13.911773
v 4.194574 3.452041 13.911773
v 4.230267 3.518819 13.911773
v 4.278303 3.577350 13.911773
v 4.230267 3.518819 13.932102
v 4.278303 3.577350 13.932101
v 4.336833 3.625386 13.932101
v 4.403611 3.661079 13.932101
v 4.336833 3.625386 13.911773
v 4.403611 3.661079 13.911773
v 4.476069 3.683059 13.911773
v 4.551423 3.690480 13.911773
v 4.476069 3.683059 13.932101
v 4.551423 3.690480 13.932101
v 4.626777 3.683059 13.932101
v 4.699235 3.661079 13.932101
v 4.626777 3.683059 13.911773
v 4.699235 3.661079 13.911773
v 4.766013 3.625386 13.911773
v 4.824544 3.577350 13.911773
v 4.766013 3.625386 13.932101
v 4.824544 3.577350 13.932101
v 4.872579 3.518819 13.932102
v 4.908272 3.452041 13.932102
v 4.872579 3.518819 13.911773
v 4.908272 3.452041 13.911773
v 4.930253 3.379583 13.911773
v 4.937674 3.304229 13.911773
v 4.930253 3.379583 13.932102
v 4.937674 3.304229 13.932102
v 4.930253 3.228876 13.932102
v 4.908272 3.156418 13.932102
v 4.930253 3.228876 13.911773
v 4.908272 3.156418 13.911773
v 4.872579 3.089640 13.911773
v 4.824544 3.031109 13.911773
v 4.872579 3.089640 13.932102
v 4.824544 3.031109 13.932102
v 4.766013 2.983074 13.932102
v 4.699235 2.947380 13.932102
v 4.766013 2.983074 13.911773
v 4.699235 2.947380 13.911773
v 4.626777 2.925400 13.911773
v 4.630743 2.905462 13.911773
v 4.551423 2.917979 13.911773
v 4.626777 2.925400 13.932102
v 4.551423 2.917979 13.932102
v 4.476069 2.925400 13.932102
v 4.403611 2.947380 13.932102
v 4.476069 2.925400 13.911773
v 4.403611 2.947380 13.911773
v 4.336833 2.983074 13.911773
v 4.278303 3.031109 13.911773
v 4.336833 2.983074 13.932102
v 4.278303 3.031109 13.932102
v 4.230267 3.089640 13.932102
v 4.230267 3.089640 13.911773
v 4.707015 2.928599 13.911773
v 4.630743 2.905462 13.932102
v 4.551423 2.897650 13.911773
v 4.551423 2.897650 13.932102
v 4.472103 2.905462 13.911773
v 4.472103 2.905462 13.932102
v 4.395832 2.928599 13.911773
v 4.395832 2.928599 13.932102
v 4.325540 2.966171 13.911773
v 4.325540 2.966171 13.932102
v 4.263927 3.016734 13.911773
v 4.263927 3.016734 13.932102
v 4.213364 3.078346 13.911773
v 4.213364 3.078346 13.932102
v 4.175792 3.148638 13.932102
v 4.707015 2.928599 13.932102
v 4.777307 2.966171 13.932102
v 4.838919 3.016734 13.932102
v 4.777307 2.966171 13.911773
v 4.838919 3.016734 13.911773
v 4.889482 3.078346 13.911773
v 4.927054 3.148638 13.911773
v 4.889482 3.078346 13.932102
v 4.927054 3.148638 13.932102
v 4.950191 3.224910 13.932102
v 4.958003 3.304229 13.932102
v 4.950191 3.224910 13.911773
v 4.958003 3.304229 13.911773
v 4.950191 3.383549 13.911773
v 4.927054 3.459821 13.911773
v 4.950191 3.383549 13.932102
v 4.927054 3.459821 13.932102
v 4.889482 3.530113 13.932101
v 4.838919 3.591725 13.932101
v 4.889482 3.530113 13.911773
v 4.838919 3.591725 13.911773
v 4.777307 3.642288 13.911773
v 4.707015 3.679860 13.911773
v 4.777307 3.642288 13.932101
v 4.707015 3.679860 13.932101
v 4.630743 3.702997 13.932101
v 4.551423 3.812454 13.952431
v 4.650573 3.802689 13.952431
v 4.551423 3.812454 13.972759
v 4.452273 3.802689 13.952431
v 4.356934 3.773768 13.952431
v 4.452273 3.802689 13.972759
v 4.356934 3.773768 13.972759
v 4.269068 3.726803 13.972759
v 4.192054 3.663599 13.972759
v 4.269068 3.726803 13.952431
v 4.192054 3.663599 13.952431
v 4.128850 3.586584 13.952431
v 4.081884 3.498719 13.952431
v 4.128850 3.586584 13.972759
v 4.081884 3.498719 13.972760
v 4.052964 3.403379 13.972760
v 4.043198 3.304229 13.972760
v 4.052964 3.403379 13.952431
v 4.043198 3.304229 13.952431
v 4.052964 3.205080 13.952431
v 4.081884 3.109740 13.952431
v 4.052964 3.205080 13.972760
v 4.072902 3.209046 13.952431
v 4.063527 3.304229 13.952431
v 4.100666 3.117520 13.952431
v 4.072902 3.209046 13.972760
v 4.100666 3.117520 13.972760
v 4.063527 3.304229 13.972760
v 4.072902 3.399413 13.972760
v 4.100666 3.490939 13.972760
v 4.072902 3.399413 13.952431
v 4.100666 3.490939 13.952431
v 4.145752 3.575290 13.952431
v 4.206429 3.649224 13.952431
v 4.145752 3.575290 13.972759
v 4.206429 3.649224 13.972759
v 4.280363 3.709900 13.972759
v 4.364714 3.754987 13.972759
v 4.280363 3.709900 13.952431
v 4.364714 3.754987 13.952431
v 4.456239 3.782751 13.952431
v 4.551423 3.792125 13.952431
v 4.456239 3.782751 13.972759
v 4.551423 3.792125 13.972759
v 4.646607 3.782751 13.972759
v 4.738133 3.754987 13.972759
v 4.646607 3.782751 13.952431
v 4.738133 3.754987 13.952431
v 4.822484 3.709900 13.952431
v 4.896418 3.649224 13.952431
v 4.822484 3.709900 13.972759
v 4.896418 3.649224 13.972759
v 4.957094 3.575290 13.972759
v 5.002180 3.490939 13.972760
v 4.957094 3.575290 13.952431
v 5.002180 3.490939 13.952431
v 5.029944 3.399413 13.952431
v 5.039319 3.304229 13.952431
v 5.029944 3.399413 13.972760
v 5.039319 3.304229 13.972760
v 5.029944 3.209046 13.972760
v 5.002180 3.117520 13.972760
v 5.029944 3.209046 13.952431
v 5.002180 3.117520 13.952431
v 4.957094 3.033169 13.952431
v 4.896418 2.959235 13.952431
v 4.957094 3.033169 13.972760
v 4.896418 2.959235 13.972760
v 4.822484 2.898559 13.972760
v 4.738133 2.853472 13.972760
v 4.822484 2.898559 13.952431
v 4.738133 2.853472 13.952431
v 4.646607 2.825708 13.952431
v 4.650573 2.805770 13.952431
v 4.551423 2.816334 13.952431
v 4.646607 2.825708 13.972760
v 4.551423 2.816334 13.972760
v 4.456239 2.825708 13.972760
v 4.364714 2.853472 13.972760
v 4.456239 2.825708 13.952431
v 4.364714 2.853472 13.952431
v 4.280363 2.898559 13.952431
v 4.206429 2.959235 13.952431
v 4.280363 2.898559 13.972760
v 4.206429 2.959235 13.972760
v 4.145752 3.033169 13.972760
v 4.145752 3.033169 13.952431
v 4.356934 2.834691 13.972760
v 4.452273 2.805770 13.972760
v 4.356934 2.834691 13.952431
v 4.269068 2.881656 13.972760
v 4.269068 2.881656 13.952431
v 4.192054 2.944860 13.972760
v 4.192054 2.944860 13.952431
v 4.128850 3.021875 13.972760
v 4.128850 3.021875 13.952431
v 4.081884 3.109740 13.972760
v 4.452273 2.805770 13.952431
v 4.551423 2.796005 13.952431
v 4.551423 2.796005 13.972760
v 4.650573 2.805770 13.972760
v 4.745913 2.834691 13.972760
v 4.833778 2.881656 13.972760
v 4.745913 2.834691 13.952431
v 4.833778 2.881656 13.952431
v 4.910792 2.944860 13.952431
v 4.973997 3.021875 13.952431
v 4.910792 2.944860 13.972760
v 4.973997 3.021875 13.972760
v 5.020962 3.109740 13.972760
v 5.049882 3.205080 13.972760
v 5.020962 3.109740 13.952431
v 5.049882 3.205080 13.952431
v 5.059648 3.304229 13.952431
v 5.049882 3.403379 13.952431
v 5.059648 3.304229 13.972760
v 5.049882 3.403379 13.972760
v 5.020962 3.498719 13.972760
v 4.973997 3.586584 13.972759
v 5.020962 3.498719 13.952431
v 4.973997 3.586584 13.952431
v 4.910792 3.663599 13.952431
v 4.833778 3.726803 13.952431
v 4.910792 3.663599 13.972759
v 4.833778 3.726803 13.972759
v 4.745913 3.773768 13.972759
v 4.650573 3.802689 13.972759
v 4.745913 3.773768 13.952431
v 4.551423 3.914099 13.993089
v 4.670403 3.902381 13.993089
v 4.551423 3.914099 14.013417
v 4.432444 3.902381 13.993089
v 4.318036 3.867676 13.993089
v 4.432444 3.902381 14.013417
v 4.318036 3.867676 14.013417
v 4.212597 3.811318 14.013417
v 4.120180 3.735473 14.013417
v 4.212597 3.811318 13.993089
v 4.120180 3.735473 13.993089
v 4.044335 3.643055 13.993089
v 3.987977 3.537617 13.993089
v 4.044335 3.643055 14.013417
v 3.987977 3.537617 14.013418
v 3.953272 3.423209 14.013418
v 3.941553 3.304229 14.013418
v 3.953272 3.423209 13.993089
v 3.941553 3.304229 13.993089
v 3.953272 3.185250 13.993089
v 3.987977 3.070843 13.993089
v 3.953272 3.185250 14.013418
v 3.973210 3.189216 13.993089
v 3.961882 3.304229 13.993089
v 4.006758 3.078622 13.993089
v 3.973210 3.189216 14.013418
v 4.006758 3.078622 14.013418
v 3.961882 3.304229 14.013418
v 3.973210 3.419243 14.013418
v 4.006758 3.529837 14.013418
v 3.973210 3.419243 13.993089
v 4.006758 3.529837 13.993089
v 4.061238 3.631761 13.993089
v 4.134555 3.721098 13.993089
v 4.061238 3.631761 14.013417
v 4.134555 3.721098 14.013417
v 4.223892 3.794415 14.013417
v 4.325816 3.848894 14.013417
v 4.223892 3.794415 13.993089
v 4.325816 3.848894 13.993089
v 4.436409 3.882442 13.993089
v 4.551423 3.893770 13.993089
v 4.436409 3.882442 14.013417
v 4.551423 3.893770 14.013417
v 4.666437 3.882442 14.013417
v 4.777030 3.848894 14.013417
v 4.666437 3.882442 13.993089
v 4.777030 3.848894 13.993089
v 4.878954 3.794415 13.993089
v 4.968291 3.721098 13.993089
v 4.878954 3.794415 14.013417
v 4.968291 3.721098 14.013417
v 5.041608 3.631761 14.013417
v 5.096088 3.529837 14.013418
v 5.041608 3.631761 13.993089
v 5.096088 3.529837 13.993089
v 5.129636 3.419243 13.993089
v 5.140964 3.304229 13.993089
v 5.129636 3.419243 14.013418
v 5.140964 3.304229 14.013418
v 5.129636 3.189216 14.013418
v 5.096088 3.078622 14.013418
v 5.129636 3.189216 13.993089
v 5.096088 3.078622 13.993089
v 5.041608 2.976698 13.993089
v 4.968291 2.887361 13.993089
v 5.041608 2.976698 14.013418
v 4.968291 2.887361 14.013418
v 4.878954 2.814044 14.013418
v 4.777030 2.759565 14.013418
v 4.878954 2.814044 13.993089
v 4.777030 2.759565 13.993089
v 4.666437 2.726017 13.993089
v 4.670403 2.706078 13.993089
v 4.551423 2.714689 13.993089
v 4.666437 2.726017 14.013418
v 4.551423 2.714689 14.013418
v 4.436409 2.726017 14.013418
v 4.325816 2.759565 14.013418
v 4.436409 2.726017 13.993089
v 4.325816 2.759565 13.993089
v 4.223892 2.814044 13.993089
v 4.134555 2.887361 13.993089
v 4.223892 2.814044 14.013418
v 4.134555 2.887361 14.013418
v 4.061238 2.976698 14.013418
v 4.061238 2.976698 13.993089
v 4.318036 2.740783 14.013418
v 4.432444 2.706078 14.013418
v 4.318036 2.740783 13.993089
v 4.212597 2.797142 14.013418
v 4.212597 2.797141 13.993089
v 4.120180 2.872987 14.013418
v 4.120180 2.872987 13.993089
v 4.044335 2.965404 14.013418
v 4.044335 2.965404 13.993089
v 3.987977 3.070843 14.013418
v 4.432444 2.706078 13.993089
v 4.551423 2.694360 13.993090
v 4.551423 2.694360 14.013418
v 4.670403 2.706078 14.013418
v 4.784810 2.740783 14.013418
v 4.890249 2.797142 14.013418
v 4.784810 2.740783 13.993089
v 4.890249 2.797141 13.993089
v 4.982666 2.872987 13.993089
v 5.058511 2.965404 13.993089
v 4.982666 2.872987 14.013418
v 5.058511 2.965404 14.013418
v 5.114870 3.070843 14.013418
v 5.149574 3.185250 14.013418
v 5.114870 3.070843 13.993089
v 5.149574 3.185250 13.993089
v 5.161293 3.304229 13.993089
v 5.149574 3.423209 13.993089
v 5.161293 3.304229 14.013418
v 5.149574 3.423209 14.013418
v 5.114870 3.537617 14.013418
v 5.058511 3.643055 14.013417
v 5.114870 3.537617 13.993089
v 5.058511 3.643055 13.993089
v 4.982666 3.735473 13.993089
v 4.890249 3.811318 13.993089
v 4.982666 3.735473 14.013417
v 4.890249 3.811318 14.013417
v 4.784810 3.867676 14.013417
v 4.670403 3.902381 14.013417
v 4.784810 3.867676 13.993089
v 4.551423 4.015745 14.067327
v 4.690233 4.002073 14.067327
v 4.551423 4.015745 14.087655
v 4.412613 4.002073 14.067327
v 4.279138 3.961584 14.067327
v 4.412613 4.002073 14.087655
v 4.279138 3.961584 14.087655
v 4.156126 3.895833 14.087655
v 4.048306 3.807347 14.087656
v 4.156126 3.895833 14.067327
v 4.048306 3.807347 14.067327
v 3.959820 3.699526 14.067327
v 3.894069 3.576515 14.067327
v 3.959820 3.699526 14.087656
v 3.894069 3.576515 14.087656
v 3.853580 3.443039 14.087656
v 3.839908 3.304230 14.087656
v 3.853580 3.443039 14.067327
v 3.839908 3.304230 14.067327
v 3.853580 3.165420 14.067327
v 3.894069 3.031945 14.067327
v 3.853580 3.165420 14.087656
v 3.873518 3.169386 14.067327
v 3.860237 3.304230 14.067327
v 3.912851 3.039724 14.067327
v 3.873518 3.169386 14.087656
v 3.860237 3.304230 14.087656
v 3.912851 3.039724 14.087656
v 3.976723 2.920227 14.087656
v 4.062681 2.815487 14.087656
v 3.976723 2.920227 14.067327
v 4.062681 2.815487 14.067327
v 4.167421 2.729530 14.067327
v 4.286918 2.665657 14.067327
v 4.167421 2.729530 14.087656
v 4.286918 2.665657 14.087656
v 4.416579 2.626325 14.087656
v 4.551423 2.613044 14.087656
v 4.416579 2.626325 14.067327
v 4.551423 2.613044 14.067327
v 4.686267 2.626325 14.067327
v 4.690233 2.606386 14.067327
v 4.815928 2.665657 14.067327
v 4.686267 2.626325 14.087656
v 4.815928 2.665657 14.087656
v 4.935425 2.729530 14.087656
v 5.040165 2.815487 14.087656
v 4.935425 2.729530 14.067327
v 5.040165 2.815487 14.067327
v 5.126123 2.920227 14.067327
v 5.189996 3.039724 14.067327
v 5.126123 2.920227 14.087656
v 5.189996 3.039724 14.087656
v 5.229328 3.169386 14.087656
v 5.242609 3.304230 14.087656
v 5.229328 3.169386 14.067327
v 5.242609 3.304230 14.067327
v 5.229328 3.439073 14.067327
v 5.189996 3.568735 14.067327
v 5.229328 3.439073 14.087656
v 5.189996 3.568735 14.087656
v 5.126123 3.688232 14.087656
v 5.040165 3.792972 14.087656
v 5.126123 3.688232 14.067327
v 5.040165 3.792972 14.067327
v 4.935425 3.878930 14.067327
v 4.815928 3.942802 14.067327
v 4.935425 3.878930 14.087655
v 4.815928 3.942802 14.087655
v 4.686267 3.982135 14.087655
v 4.551423 3.995415 14.087655
v 4.686267 3.982135 14.067327
v 4.551423 3.995415 14.067327
v 4.416579 3.982135 14.067327
v 4.286918 3.942802 14.067327
v 4.416579 3.982135 14.087655
v 4.286918 3.942802 14.087655
v 4.167421 3.878930 14.087655
v 4.062681 3.792972 14.087656
v 4.167421 3.878930 14.067327
v 4.062681 3.792972 14.067327
v 3.976723 3.688232 14.067327
v 3.912851 3.568735 14.067327
v 3.976723 3.688232 14.087656
v 3.912851 3.568735 14.087656
v 3.873518 3.439073 14.087656
v 3.873518 3.439073 14.067327
v 4.823708 2.646876 14.067327
v 4.690233 2.606386 14.087656
v 4.551423 2.592715 14.067327
v 4.551423 2.592715 14.087656
v 4.412613 2.606386 14.067327
v 4.412613 2.606386 14.087656
v 4.279138 2.646876 14.067327
v 4.279138 2.646876 14.087656
v 4.156126 2.712627 14.067327
v 4.156126 2.712627 14.087656
v 4.048306 2.801113 14.067327
v 4.048306 2.801113 14.087656
v 3.959820 2.908933 14.067327
v 3.959820 2.908933 14.087656
v 3.894069 3.031945 14.087656
v 4.823708 2.646876 14.087656
v 4.946720 2.712627 14.087656
v 5.054540 2.801113 14.087656
v 4.946720 2.712627 14.067327
v 5.054540 2.801113 14.067327
v 5.143026 2.908933 14.067327
v 5.208777 3.031945 14.067327
v 5.143026 2.908933 14.087656
v 5.208777 3.031945 14.087656
v 5.249267 3.165420 14.087656
v 5.262938 3.304230 14.087656
v 5.249267 3.165420 14.067327
v 5.262938 3.304230 14.067327
v 5.249267 3.443039 14.067327
v 5.208777 3.576515 14.067327
v 5.249267 3.443039 14.087656
v 5.208777 3.576515 14.087656
v 5.143026 3.699526 14.087656
v 5.054540 3.807347 14.087656
v 5.143026 3.699526 14.067327
v 5.054540 3.807347 14.067327
v 4.946720 3.895833 14.067327
v 4.823708 3.961584 14.067327
v 4.946720 3.895833 14.087655
v 4.823708 3.961584 14.087655
v 4.690233 4.002073 14.087655
v 4.551423 3.507520 14.270617
v 4.591083 3.503613 14.270617
v 4.551423 3.507520 14.290946
v 4.511763 3.503613 14.270617
v 4.473628 3.492045 14.270617
v 4.511763 3.503613 14.290946
v 4.473628 3.492045 14.290946
v 4.438481 3.473259 14.290946
v 4.407675 3.447978 14.290946
v 4.438481 3.473259 14.270617
v 4.407675 3.447978 14.270617
v 4.382394 3.417171 14.270617
v 4.363608 3.382025 14.270617
v 4.382394 3.417172 14.290946
v 4.396478 3.407761 14.270617
v 4.379257 3.375543 14.270617
v 4.419653 3.436000 14.270617
v 4.396478 3.407761 14.290946
v 4.379257 3.375543 14.290946
v 4.419653 3.436000 14.290946
v 4.447892 3.459175 14.290946
v 4.480110 3.476396 14.290946
v 4.447892 3.459175 14.270617
v 4.480110 3.476396 14.270617
v 4.515068 3.487000 14.270617
v 4.551423 3.490581 14.270617
v 4.515068 3.487000 14.290946
v 4.551423 3.490581 14.290946
v 4.587779 3.487000 14.290946
v 4.622736 3.476396 14.290946
v 4.587779 3.487000 14.270617
v 4.622736 3.476396 14.270617
v 4.654954 3.459175 14.270617
v 4.683193 3.436000 14.270617
v 4.654954 3.459175 14.290946
v 4.683193 3.436000 14.290946
v 4.706368 3.407761 14.290946
v 4.723589 3.375543 14.290946
v 4.706368 3.407761 14.270617
v 4.723589 3.375543 14.270617
v 4.734193 3.340585 14.270617
v 4.737774 3.304230 14.270617
v 4.734193 3.340585 14.290946
v 4.737774 3.304230 14.290946
v 4.734193 3.267874 14.290946
v 4.723589 3.232916 14.290946
v 4.734193 3.267874 14.270617
v 4.723589 3.232916 14.270617
v 4.706368 3.200699 14.270617
v 4.720452 3.191288 14.270617
v 4.683193 3.172460 14.270617
v 4.706368 3.200699 14.290946
v 4.683193 3.172460 14.290946
v 4.654954 3.149285 14.290946
v 4.622736 3.132064 14.290946
v 4.654954 3.149285 14.270617
v 4.622736 3.132064 14.270617
v 4.587779 3.121459 14.270617
v 4.551423 3.117879 14.270617
v 4.587779 3.121459 14.290946
v 4.551423 3.117879 14.290946
v 4.515068 3.121459 14.290946
v 4.480110 3.132064 14.290946
v 4.515068 3.121459 14.270617
v 4.480110 3.132064 14.270617
v 4.447892 3.149285 14.270617
v 4.419653 3.172460 14.270617
v 4.447892 3.149285 14.290946
v 4.419653 3.172460 14.290946
v 4.396478 3.200699 14.290946
v 4.379257 3.232916 14.290946
v 4.396478 3.200699 14.270617
v 4.379257 3.232916 14.270617
v 4.368653 3.267874 14.270617
v 4.365072 3.304230 14.270617
v 4.368653 3.267874 14.290946
v 4.365072 3.304230 14.290946
v 4.368653 3.340585 14.290946
v 4.368653 3.340585 14.270617
v 4.473628 3.116414 14.290946
v 4.511763 3.104846 14.290946
v 4.473628 3.116414 14.270617
v 4.438481 3.135200 14.290946
v 4.438481 3.135200 14.270617
v 4.407675 3.160482 14.290946
v 4.407675 3.160482 14.270617
v 4.382394 3.191288 14.290946
v 4.382394 3.191288 14.270617
v 4.363608 3.226434 14.290946
v 4.363608 3.226434 14.270617
v 4.352039 3.264570 14.290946
v 4.352039 3.264570 14.270617
v 4.348133 3.304230 14.290946
v 4.348133 3.304230 14.270617
v 4.352039 3.343890 14.290946
v 4.352039 3.343890 14.270617
v 4.363608 3.382025 14.290946
v 4.511763 3.104846 14.270617
v 4.551423 3.100940 14.270617
v 4.591083 3.104846 14.270617
v 4.551423 3.100940 14.290946
v 4.591083 3.104846 14.290946
v 4.629219 3.116414 14.290946
v 4.664365 3.135200 14.290946
v 4.629219 3.116414 14.270617
v 4.664365 3.135200 14.270617
v 4.695171 3.160482 14.270617
v 4.695171 3.160482 14.290946
v 4.720452 3.191288 14.290946
v 4.739239 3.226434 14.290946
v 4.750807 3.264570 14.290946
v 4.739239 3.226434 14.270617
v 4.750807 3.264570 14.270617
v 4.754713 3.304230 14.270617
v 4.750807 3.343890 14.270617
v 4.754713 3.304230 14.290946
v 4.750807 3.343890 14.290946
v 4.739239 3.382025 14.290946
v 4.720452 3.417172 14.290946
v 4.739239 3.382025 14.270617
v 4.720452 3.417171 14.270617
v 4.695171 3.447978 14.270617
v 4.664365 3.473259 14.270617
v 4.695171 3.447978 14.290946
v 4.664365 3.473259 14.290946
v 4.629219 3.492045 14.290946
v 4.591083 3.503613 14.290946
v 4.629219 3.492045 14.270617
v 4.551423 3.609165 14.229959
v 4.610913 3.603305 14.229959
v 4.551423 3.609165 14.250288
v 4.491933 3.603305 14.229959
v 4.434730 3.585953 14.229959
v 4.491933 3.603305 14.250288
v 4.434730 3.585953 14.250288
v 4.382010 3.557774 14.250288
v 4.335802 3.519851 14.250288
v 4.382010 3.557774 14.229959
v 4.335802 3.519851 14.229959
v 4.297879 3.473643 14.229959
v 4.269700 3.420923 14.229959
v 4.297879 3.473643 14.250288
v 4.314782 3.462348 14.229959
v 4.288482 3.413144 14.229959
v 4.350176 3.505476 14.229959
v 4.314782 3.462348 14.250288
v 4.288482 3.413144 14.250288
v 4.350176 3.505476 14.250288
v 4.393304 3.540871 14.250288
v 4.442509 3.567171 14.250288
v 4.393304 3.540871 14.229959
v 4.442509 3.567171 14.229959
v 4.495899 3.583367 14.229959
v 4.551423 3.588836 14.229959
v 4.495899 3.583367 14.250288
v 4.551423 3.588836 14.250288
v 4.606947 3.583367 14.250288
v 4.660337 3.567171 14.250288
v 4.606947 3.583367 14.229959
v 4.660337 3.567171 14.229959
v 4.709542 3.540871 14.229959
v 4.752670 3.505476 14.229959
v 4.709542 3.540871 14.250288
v 4.752670 3.505476 14.250288
v 4.767045 3.519851 14.250288
v 4.788064 3.462348 14.250288
v 4.814365 3.413144 14.250288
v 4.788064 3.462348 14.229959
v 4.814365 3.413144 14.229959
v 4.830560 3.359754 14.229959
v 4.836029 3.304230 14.229959
v 4.830560 3.359754 14.250288
v 4.836029 3.304230 14.250288
v 4.830560 3.248706 14.250288
v 4.814365 3.195316 14.250288
v 4.830560 3.248706 14.229959
v 4.814365 3.195316 14.229959
v 4.788064 3.146111 14.229959
v 4.752670 3.102983 14.229959
v 4.788064 3.146111 14.250288
v 4.752670 3.102983 14.250288
v 4.767045 3.088608 14.250288
v 4.709542 3.067589 14.250288
v 4.660337 3.041288 14.250288
v 4.709542 3.067589 14.229959
v 4.660337 3.041288 14.229959
v 4.606947 3.025092 14.229959
v 4.551423 3.019624 14.229959
v 4.606947 3.025092 14.250288
v 4.551423 3.019624 14.250288
v 4.495899 3.025092 14.250288
v 4.442509 3.041288 14.250288
v 4.495899 3.025092 14.229959
v 4.442509 3.041288 14.229959
v 4.393304 3.067589 14.229959
v 4.350176 3.102983 14.229959
v 4.393304 3.067589 14.250288
v 4.350176 3.102983 14.250288
v 4.314782 3.146111 14.250288
v 4.288482 3.195316 14.250288
v 4.314782 3.146111 14.229959
v 4.288482 3.195316 14.229959
v 4.297879 3.134817 14.229959
v 4.335802 3.088608 14.229959
v 4.297879 3.134817 14.250288
v 4.269700 3.187536 14.229959
v 4.269700 3.187536 14.250288
v 4.252347 3.244740 14.229959
v 4.252347 3.244740 14.250288
v 4.246488 3.304230 14.229959
v 4.246488 3.304230 14.250288
v 4.252347 3.363720 14.229959
v 4.252347 3.363720 14.250288
v 4.269700 3.420923 14.250288
v 4.335802 3.088608 14.250288
v 4.382010 3.050686 14.250288
v 4.434730 3.022507 14.250288
v 4.382010 3.050686 14.229959
v 4.434730 3.022507 14.229959
v 4.491933 3.005154 14.229959
v 4.551423 2.999295 14.229959
v 4.491933 3.005154 14.250288
v 4.551423 2.999295 14.250288
v 4.610913 3.005154 14.250288
v 4.668117 3.022507 14.250288
v 4.610913 3.005154 14.229959
v 4.668117 3.022507 14.229959
v 4.720836 3.050686 14.229959
v 4.767045 3.088608 14.229959
v 4.720836 3.050686 14.250288
v 4.804967 3.134817 14.229959
v 4.833146 3.187536 14.229959
v 4.804967 3.134817 14.250288
v 4.833146 3.187536 14.250288
v 4.850499 3.244740 14.250288
v 4.856358 3.304230 14.250288
v 4.850499 3.244740 14.229959
v 4.856358 3.304230 14.229959
v 4.850499 3.363720 14.229959
v 4.833146 3.420923 14.229959
v 4.850499 3.363720 14.250288
v 4.833146 3.420923 14.250288
v 4.804967 3.473643 14.250288
v 4.804967 3.473643 14.229959
v 4.767045 3.519851 14.229959
v 4.720836 3.557774 14.229959
v 4.668117 3.585953 14.229959
v 4.720836 3.557774 14.250288
v 4.668117 3.585953 14.250288
v 4.610913 3.603305 14.250288
v 4.272286 3.248706 14.229959
v 4.266817 3.304230 14.229959
v 4.272286 3.248706 14.250288
v 4.266817 3.304230 14.250288
v 4.272286 3.359754 14.250288
v 4.272286 3.359754 14.229959
v 4.551423 3.710810 14.189301
v 4.630743 3.702997 14.189301
v 4.551423 3.710810 14.209630
v 4.472103 3.702997 14.189301
v 4.395832 3.679861 14.189301
v 4.472103 3.702997 14.209630
v 4.395832 3.679861 14.209630
v 4.325540 3.642288 14.209630
v 4.263927 3.591725 14.209630
v 4.325540 3.642288 14.189301
v 4.263927 3.591725 14.189301
v 4.213364 3.530113 14.189301
v 4.175792 3.459821 14.189301
v 4.213364 3.530113 14.209630
v 4.175792 3.459821 14.209630
v 4.152656 3.383549 14.209630
v 4.144843 3.304230 14.209630
v 4.152656 3.383549 14.189301
v 4.144843 3.304230 14.189301
v 4.152656 3.224910 14.189301
v 4.175792 3.148638 14.189301
v 4.152656 3.224910 14.209630
v 4.172594 3.228876 14.189301
v 4.165172 3.304230 14.189301
v 4.194574 3.156418 14.189301
v 4.172594 3.228876 14.209630
v 4.194574 3.156418 14.209630
v 4.165172 3.304230 14.209630
v 4.172594 3.379584 14.209630
v 4.194574 3.452042 14.209630
v 4.172594 3.379584 14.189301
v 4.194574 3.452042 14.189301
v 4.230267 3.518819 14.189301
v 4.278303 3.577350 14.189301
v 4.230267 3.518819 14.209630
v 4.278303 3.577350 14.209630
v 4.336833 3.625386 14.209630
v 4.403611 3.661079 14.209630
v 4.336833 3.625386 14.189301
v 4.403611 3.661079 14.189301
v 4.476069 3.683059 14.189301
v 4.551423 3.690481 14.189301
v 4.476069 3.683059 14.209630
v 4.551423 3.690481 14.209630
v 4.626777 3.683059 14.209630
v 4.699235 3.661079 14.209630
v 4.626777 3.683059 14.189301
v 4.699235 3.661079 14.189301
v 4.766013 3.625386 14.189301
v 4.824544 3.577350 14.189301
v 4.766013 3.625386 14.209630
v 4.824544 3.577350 14.209630
v 4.872579 3.518819 14.209630
v 4.908272 3.452042 14.209630
v 4.872579 3.518819 14.189301
v 4.908272 3.452042 14.189301
v 4.930253 3.379584 14.189301
v 4.937674 3.304230 14.189301
v 4.930253 3.379584 14.209630
v 4.937674 3.304230 14.209630
v 4.930253 3.228876 14.209630
v 4.908272 3.156418 14.209630
v 4.930253 3.228876 14.189301
v 4.908272 3.156418 14.189301
v 4.872579 3.089640 14.189301
v 4.824544 3.031109 14.189301
v 4.872579 3.089640 14.209630
v 4.824544 3.031109 14.209630
v 4.766013 2.983074 14.209630
v 4.699235 2.947381 14.209630
v 4.766013 2.983074 14.189301
v 4.699235 2.947381 14.189301
v 4.626777 2.925400 14.189301
v 4.630743 2.905462 14.189301
v 4.551423 2.917979 14.189301
v 4.626777 2.925400 14.209630
v 4.551423 2.917979 14.209630
v 4.476069 2.925400 14.209630
v 4.403611 2.947381 14.209630
v 4.476069 2.925400 14.189301
v 4.403611 2.947381 14.189301
v 4.336833 2.983074 14.189301
v 4.278303 3.031109 14.189301
v 4.336833 2.983074 14.209630
v 4.278303 3.031109 14.209630
v 4.230267 3.089640 14.209630
v 4.230267 3.089640 14.189301
v 4.707015 2.928599 14.189301
v 4.630743 2.905462 14.209630
v 4.551423 2.897650 14.189301
v 4.551423 2.897650 14.209630
v 4.472103 2.905462 14.189301
v 4.472103 2.905462 14.209630
v 4.395832 2.928599 14.189301
v 4.395832 2.928599 14.209630
v 4.325540 2.966171 14.189301
v 4.325540 2.966171 14.209630
v 4.263927 3.016734 14.189301
v 4.263927 3.016734 14.209630
v 4.213364 3.078346 14.189301
v 4.213364 3.078346 14.209630
v 4.175792 3.148638 14.209630
v 4.707015 2.928599 14.209630
v 4.777307 2.966171 14.209630
v 4.838919 3.016734 14.209630
v 4.777307 2.966171 14.189301
v 4.838919 3.016734 14.189301
v 4.889482 3.078346 14.189301
v 4.927054 3.148638 14.189301
v 4.889482 3.078346 14.209630
v 4.927054 3.148638 14.209630
v 4.950191 3.224910 14.209630
v 4.958003 3.304230 14.209630
v 4.950191 3.224910 14.189301
v 4.958003 3.304230 14.189301
v 4.950191 3.383549 14.189301
v 4.927054 3.459821 14.189301
v 4.950191 3.383549 14.209630
v 4.927054 3.459821 14.209630
v 4.889482 3.530113 14.209630
v 4.838919 3.591725 14.209630
v 4.889482 3.530113 14.189301
v 4.838919 3.591725 14.189301
v 4.777307 3.642288 14.189301
v 4.707015 3.679861 14.189301
v 4.777307 3.642288 14.209630
v 4.707015 3.679861 14.209630
v 4.630743 3.702997 14.209630
v 4.551423 3.812454 14.148643
v 4.650573 3.802689 14.148643
v 4.551423 3.812455 14.168972
v 4.452273 3.802689 14.148643
v 4.356934 3.773768 14.148643
v 4.452273 3.802689 14.168972
v 4.356934 3.773768 14.168972
v 4.269068 3.726803 14.168972
v 4.192054 3.663599 14.168972
v 4.269068 3.726803 14.148643
v 4.192054 3.663599 14.148643
v 4.128850 3.586584 14.148643
v 4.081884 3.498719 14.148643
v 4.128850 3.586584 14.168972
v 4.081884 3.498719 14.168972
v 4.052964 3.403379 14.168972
v 4.043198 3.304230 14.168972
v 4.052964 3.403379 14.148643
v 4.043198 3.304230 14.148643
v 4.052964 3.205080 14.148643
v 4.081884 3.109740 14.148643
v 4.052964 3.205080 14.168972
v 4.072902 3.209046 14.148643
v 4.063527 3.304230 14.148643
v 4.100666 3.117520 14.148643
v 4.072902 3.209046 14.168972
v 4.100666 3.117520 14.168972
v 4.063527 3.304230 14.168972
v 4.072902 3.399414 14.168972
v 4.100666 3.490939 14.168972
v 4.072902 3.399413 14.148643
v 4.100666 3.490939 14.148643
v 4.145752 3.575290 14.148643
v 4.206429 3.649224 14.148643
v 4.145752 3.575290 14.168972
v 4.206429 3.649224 14.168972
v 4.280363 3.709900 14.168972
v 4.364714 3.754987 14.168972
v 4.280363 3.709900 14.148643
v 4.364714 3.754987 14.148643
v 4.456239 3.782751 14.148643
v 4.551423 3.792125 14.148643
v 4.456239 3.782751 14.168972
v 4.551423 3.792126 14.168972
v 4.646607 3.782751 14.168972
v 4.738133 3.754987 14.168972
v 4.646607 3.782751 14.148643
v 4.738133 3.754987 14.148643
v 4.822484 3.709900 14.148643
v 4.896418 3.649224 14.148643
v 4.822484 3.709900 14.168972
v 4.896418 3.649224 14.168972
v 4.957094 3.575290 14.168972
v 5.002180 3.490939 14.168972
v 4.957094 3.575290 14.148643
v 5.002180 3.490939 14.148643
v 5.029944 3.399413 14.148643
v 5.039319 3.304230 14.148643
v 5.029944 3.399414 14.168972
v 5.039319 3.304230 14.168972
v 5.029944 3.209046 14.168972
v 5.002180 3.117520 14.168972
v 5.029944 3.209046 14.148643
v 5.002180 3.117520 14.148643
v 4.957094 3.033169 14.148643
v 4.896418 2.959235 14.148643
v 4.957094 3.033169 14.168972
v 4.896418 2.959235 14.168972
v 4.822484 2.898559 14.168972
v 4.738133 2.853473 14.168972
v 4.822484 2.898559 14.148643
v 4.738133 2.853473 14.148643
v 4.646607 2.825709 14.148643
v 4.650573 2.805770 14.148643
v 4.551423 2.816334 14.148643
v 4.646607 2.825709 14.168972
v 4.551423 2.816334 14.168972
v 4.456239 2.825709 14.168972
v 4.364714 2.853473 14.168972
v 4.456239 2.825709 14.148643
v 4.364714 2.853473 14.148643
v 4.280363 2.898559 14.148643
v 4.206429 2.959235 14.148643
v 4.280363 2.898559 14.168972
v 4.206429 2.959235 14.168972
v 4.145752 3.033169 14.168972
v 4.145752 3.033169 14.148643
v 4.356934 2.834691 14.168972
v 4.452273 2.805770 14.168972
v 4.356934 2.834691 14.148643
v 4.269068 2.881656 14.168972
v 4.269068 2.881656 14.148643
v 4.192054 2.944860 14.168972
v 4.192054 2.944860 14.148643
v 4.128850 3.021875 14.168972
v 4.128850 3.021875 14.148643
v 4.081884 3.109740 14.168972
v 4.452273 2.805770 14.148643
v 4.551423 2.796005 14.148643
v 4.551423 2.796005 14.168972
v 4.650573 2.805770 14.168972
v 4.745913 2.834691 14.168972
v 4.833778 2.881656 14.168972
v 4.745913 2.834691 14.148643
v 4.833778 2.881656 14.148643
v 4.910792 2.944860 14.148643
v 4.973997 3.021875 14.148643
v 4.910792 2.944860 14.168972
v 4.973997 3.021875 14.168972
v 5.020962 3.109740 14.168972
v 5.049882 3.205080 14.168972
v 5.020962 3.109740 14.148643
v 5.049882 3.205080 14.148643
v 5.059648 3.304230 14.148643
v 5.049882 3.403379 14.148643
v 5.059648 3.304230 14.168972
v 5.049882 3.403379 14.168972
v 5.020962 3.498719 14.168972
v 4.973997 3.586584 14.168972
v 5.020962 3.498719 14.148643
v 4.973997 3.586584 14.148643
v 4.910792 3.663599 14.148643
v 4.833778 3.726803 14.148643
v 4.910792 3.663599 14.168972
v 4.833778 3.726803 14.168972
v 4.745913 3.773768 14.168972
v 4.650573 3.802689 14.168972
v 4.745913 3.773768 14.148643
v 4.551423 3.914099 14.107985
v 4.670403 3.902381 14.107985
v 4.551423 3.914099 14.128313
v 4.432444 3.902381 14.107985
v 4.318036 3.867676 14.107985
v 4.432444 3.902381 14.128313
v 4.318036 3.867676 14.128313
v 4.212597 3.811318 14.128314
v 4.120180 3.735473 14.128314
v 4.212597 3.811318 14.107985
v 4.120180 3.735473 14.107985
v 4.044335 3.643055 14.107985
v 3.987977 3.537617 14.107985
v 4.044335 3.643055 14.128314
v 3.987977 3.537617 14.128314
v 3.953272 3.423209 14.128314
v 3.941553 3.304230 14.128314
v 3.953272 3.423209 14.107985
v 3.941553 3.304230 14.107985
v 3.953272 3.185250 14.107985
v 3.987977 3.070843 14.107985
v 3.953272 3.185250 14.128314
v 3.973210 3.189216 14.107985
v 3.961882 3.304230 14.107985
v 4.006758 3.078622 14.107985
v 3.973210 3.189216 14.128314
v 4.006758 3.078622 14.128314
v 3.961882 3.304230 14.128314
v 3.973210 3.419243 14.128314
v 4.006758 3.529837 14.128314
v 3.973210 3.419243 14.107985
v 4.006758 3.529837 14.107985
v 4.061238 3.631761 14.107985
v 4.134555 3.721098 14.107985
v 4.061238 3.631761 14.128314
v 4.134555 3.721098 14.128314
v 4.223892 3.794415 14.128314
v 4.325816 3.848894 14.128314
v 4.223892 3.794415 14.107985
v 4.325816 3.848894 14.107985
v 4.436409 3.882442 14.107985
v 4.551423 3.893770 14.107985
v 4.436409 3.882442 14.128313
v 4.551423 3.893770 14.128313
v 4.666437 3.882442 14.128313
v 4.777030 3.848894 14.128314
v 4.666437 3.882442 14.107985
v 4.777030 3.848894 14.107985
v 4.878954 3.794415 14.107985
v 4.968291 3.721098 14.107985
v 4.878954 3.794415 14.128314
v 4.968291 3.721098 14.128314
v 5.041608 3.631761 14.128314
v 5.096088 3.529837 14.128314
v 5.041608 3.631761 14.107985
v 5.096088 3.529837 14.107985
v 5.129636 3.419243 14.107985
v 5.140964 3.304230 14.107985
v 5.129636 3.419243 14.128314
v 5.140964 3.304230 14.128314
v 5.129636 3.189216 14.128314
v 5.096088 3.078622 14.128314
v 5.129636 3.189216 14.107985
v 5.096088 3.078622 14.107985
v 5.041608 2.976698 14.107985
v 4.968291 2.887361 14.107985
v 5.041608 2.976698 14.128314
v 4.968291 2.887361 14.128314
v 4.878954 2.814044 14.128314
v 4.777030 2.759565 14.128314
v 4.878954 2.814044 14.107985
v 4.777030 2.759565 14.107985
v 4.666437 2.726017 14.107985
v 4.670403 2.706078 14.107985
v 4.551423 2.714689 14.107985
v 4.666437 2.726017 14.128314
v 4.551423 2.714689 14.128314
v 4.436409 2.726017 14.128314
v 4.325816 2.759565 14.128314
v 4.436409 2.726017 14.107985
v 4.325816 2.759565 14.107985
v 4.223892 2.814044 14.107985
v 4.134555 2.887361 14.107985
v 4.223892 2.814044 14.128314
v 4.134555 2.887361 14.128314
v 4.061238 2.976698 14.128314
v 4.061238 2.976698 14.107985
v 4.318036 2.740783 14.128314
v 4.432444 2.706078 14.128314
v 4.318036 2.740783 14.107985
v 4.212597 2.797142 14.128314
v 4.212597 2.797142 14.107985
v 4.120180 2.872987 14.128314
v 4.120180 2.872987 14.107985
v 4.044335 2.965404 14.128314
v 4.044335 2.965404 14.107985
v 3.987977 3.070843 14.128314
v 4.432444 2.706078 14.107985
v 4.551423 2.694360 14.107985
v 4.551423 2.694360 14.128314
v 4.670403 2.706078 14.128314
v 4.784810 2.740783 14.128314
v 4.890249 2.797142 14.128314
v 4.784810 2.740783 14.107985
v 4.890249 2.797142 14.107985
v 4.982666 2.872987 14.107985
v 5.058511 2.965404 14.107985
v 4.982666 2.872987 14.128314
v 5.058511 2.965404 14.128314
v 5.114870 3.070843 14.128314
v 5.149574 3.185250 14.128314
v 5.114870 3.070843 14.107985
v 5.149574 3.185250 14.107985
v 5.161293 3.304230 14.107985
v 5.149574 3.423209 14.107985
v 5.161293 3.304230 14.128314
v 5.149574 3.423209 14.128314
v 5.114870 3.537617 14.128314
v 5.058511 3.643055 14.128314
v 5.114870 3.537617 14.107985
v 5.058511 3.643055 14.107985
v 4.982666 3.735473 14.107985
v 4.890249 3.811318 14.107985
v 4.982666 3.735473 14.128314
v 4.890249 3.811318 14.128314
v 4.784810 3.867676 14.128313
v 4.670403 3.902381 14.128313
v 4.784810 3.867676 14.107985
v 4.551423 4.015745 14.026669
v 4.690233 4.002073 14.026669
v 4.551423 4.015745 14.046997
v 4.412613 4.002073 14.026669
v 4.279138 3.961584 14.026669
v 4.412613 4.002073 14.046997
v 4.279138 3.961584 14.046997
v 4.156126 3.895833 14.046997
v 4.048306 3.807347 14.046998
v 4.156126 3.895833 14.026669
v 4.048306 3.807347 14.026669
v 3.959820 3.699526 14.026669
v 3.894069 3.576515 14.026669
v 3.959820 3.699526 14.046998
v 3.894069 3.576515 14.046998
v 3.853580 3.443039 14.046998
v 3.839908 3.304230 14.046998
v 3.853580 3.443039 14.026669
v 3.839908 3.304230 14.026669
v 3.853580 3.165420 14.026669
v 3.894069 3.031945 14.026669
v 3.853580 3.165420 14.046998
v 3.873518 3.169386 14.026669
v 3.860237 3.304230 14.026669
v 3.912851 3.039724 14.026669
v 3.873518 3.169386 14.046998
v 3.860237 3.304230 14.046998
v 3.912851 3.039724 14.046998
v 3.976723 2.920227 14.046998
v 4.062681 2.815487 14.046998
v 3.976723 2.920227 14.026670
v 4.062681 2.815487 14.026670
v 4.167421 2.729530 14.026670
v 4.286918 2.665657 14.026670
v 4.167421 2.729530 14.046998
v 4.286918 2.665657 14.046998
v 4.416579 2.626325 14.046998
v 4.551423 2.613044 14.046998
v 4.416579 2.626325 14.026670
v 4.551423 2.613044 14.026670
v 4.686267 2.626325 14.026670
v 4.690233 2.606386 14.026670
v 4.815928 2.665657 14.026670
v 4.686267 2.626325 14.046998
v 4.815928 2.665657 14.046998
v 4.935425 2.729530 14.046998
v 5.040165 2.815487 14.046998
v 4.935425 2.729530 14.026670
v 5.040165 2.815487 14.026670
v 5.126123 2.920227 14.026670
v 5.189996 3.039724 14.026669
v 5.126123 2.920227 14.046998
v 5.189996 3.039724 14.046998
v 5.229328 3.169386 14.046998
v 5.242609 3.304230 14.046998
v 5.229328 3.169386 14.026669
v 5.242609 3.304230 14.026669
v 5.229328 3.439073 14.026669
v 5.189996 3.568735 14.026669
v 5.229328 3.439073 14.046998
v 5.189996 3.568735 14.046998
v 5.126123 3.688232 14.046998
v 5.040165 3.792972 14.046998
v 5.126123 3.688232 14.026669
v 5.040165 3.792972 14.026669
v 4.935425 3.878930 14.026669
v 4.815928 3.942802 14.026669
v 4.935425 3.878930 14.046997
v 4.815928 3.942802 14.046997
v 4.686267 3.982135 14.046997
v 4.551423 3.995415 14.046997
v 4.686267 3.982135 14.026669
v 4.551423 3.995415 14.026669
v 4.416579 3.982135 14.026669
v 4.286918 3.942802 14.026669
v 4.416579 3.982135 14.046997
v 4.286918 3.942802 14.046997
v 4.167421 3.878930 14.046997
v 4.062681 3.792972 14.046998
v 4.167421 3.878930 14.026669
v 4.062681 3.792972 14.026669
v 3.976723 3.688232 14.026669
v 3.912851 3.568735 14.026669
v 3.976723 3.688232 14.046998
v 3.912851 3.568735 14.046998
v 3.873518 3.439073 14.046998
v 3.873518 3.439073 14.026669
v 4.823708 2.646876 14.026670
v 4.690233 2.606386 14.046998
v 4.551423 2.592715 14.026670
v 4.551423 2.592715 14.046998
v 4.412613 2.606386 14.026670
v 4.412613 2.606386 14.046998
v 4.279138 2.646876 14.026670
v 4.279138 2.646876 14.046998
v 4.156126 2.712627 14.026670
v 4.156126 2.712627 14.046998
v 4.048306 2.801113 14.026670
v 4.048306 2.801113 14.046998
v 3.959820 2.908933 14.026670
v 3.959820 2.908933 14.046998
v 3.894069 3.031945 14.046998
v 4.823708 2.646876 14.046998
v 4.946720 2.712627 14.046998
v 5.054540 2.801113 14.046998
v 4.946720 2.712627 14.026670
v 5.054540 2.801113 14.026670
v 5.143026 2.908933 14.026670
v 5.208777 3.031945 14.026669
v 5.143026 2.908933 14.046998
v 5.208777 3.031945 14.046998
v 5.249267 3.165420 14.046998
v 5.262938 3.304230 14.046998
v 5.249267 3.165420 14.026669
v 5.262938 3.304230 14.026669
v 5.249267 3.443039 14.026669
v 5.208777 3.576515 14.026669
v 5.249267 3.443039 14.046998
v 5.208777 3.576515 14.046998
v 5.143026 3.699526 14.046998
v 5.054540 3.807347 14.046998
v 5.143026 3.699526 14.026669
v 5.054540 3.807347 14.026669
v 4.946720 3.895833 14.026669
v 4.823708 3.961584 14.026669
v 4.946720 3.895833 14.046997
v 4.823708 3.961584 14.046997
v 4.690233 4.002073 14.046997
v 4.551423 3.283900 13.799756
v 4.694199 3.283900 13.804833
v 4.551423 3.324558 13.799756
v 4.408648 3.283900 13.804833
v 4.271358 3.283900 13.819873
v 4.408648 3.324558 13.804833
v 4.271358 3.324558 13.819873
v 4.144833 3.324558 13.844295
v 4.033931 3.324558 13.877161
v 4.144833 3.283900 13.844295
v 4.033931 3.283900 13.877161
v 3.942917 3.283900 13.917209
v 3.875288 3.283900 13.962898
v 3.942917 3.324558 13.917209
v 3.875288 3.324558 13.962898
v 3.833642 3.324558 14.012475
v 3.819579 3.324559 14.064033
v 3.833642 3.283900 14.012475
v 3.819579 3.283901 14.064033
v 3.833642 3.283901 14.115591
v 3.875288 3.283901 14.165167
v 3.833642 3.324559 14.115591
v 3.854149 3.283901 14.114118
v 3.840489 3.283901 14.064033
v 3.894606 3.283901 14.162277
v 3.854149 3.324559 14.114118
v 3.840489 3.324559 14.064033
v 3.894606 3.324559 14.162277
v 3.960303 3.324559 14.206662
v 4.048717 3.324559 14.245565
v 3.960303 3.283901 14.206662
v 4.048717 3.283901 14.245565
v 4.156449 3.283901 14.277493
v 4.279360 3.283901 14.301217
v 4.156449 3.324559 14.277493
v 4.279360 3.324559 14.301217
v 4.412727 3.324559 14.315826
v 4.551423 3.324559 14.320759
v 4.412727 3.283901 14.315826
v 4.551423 3.283901 14.320759
v 4.690119 3.283901 14.315826
v 4.694199 3.283901 14.323232
v 4.823486 3.283901 14.301217
v 4.690119 3.324559 14.315826
v 4.823486 3.324559 14.301217
v 4.946397 3.324559 14.277493
v 5.054130 3.324559 14.245565
v 4.946397 3.283901 14.277493
v 5.054130 3.283901 14.245565
v 5.142543 3.283901 14.206662
v 5.208241 3.283901 14.162277
v 5.142543 3.324559 14.206662
v 5.208241 3.324559 14.162277
v 5.248697 3.324559 14.114118
v 5.262357 3.324559 14.064033
v 5.248697 3.283901 14.114118
v 5.262357 3.283901 14.064033
v 5.248697 3.283901 14.013947
v 5.208241 3.283900 13.965788
v 5.248697 3.324558 14.013947
v 5.208241 3.324558 13.965788
v 5.142543 3.324558 13.921403
v 5.054130 3.324558 13.882500
v 5.142543 3.283900 13.921403
v 5.054130 3.283900 13.882500
v 4.946397 3.283900 13.850573
v 4.823486 3.283900 13.826849
v 4.946397 3.324558 13.850573
v 4.823486 3.324558 13.826849
v 4.690119 3.324558 13.812240
v 4.551423 3.324558 13.807306
v 4.690119 3.283900 13.812240
v 4.551423 3.283900 13.807306
v 4.412727 3.283900 13.812240
v 4.279360 3.283900 13.826849
v 4.412727 3.324558 13.812240
v 4.279360 3.324558 13.826849
v 4.156449 3.324558 13.850573
v 4.048717 3.324558 13.882500
v 4.156449 3.283900 13.850573
v 4.048717 3.283900 13.882500
v 3.960303 3.283900 13.921403
v 3.894606 3.283900 13.965788
v 3.960303 3.324558 13.921403
v 3.894606 3.324558 13.965788
v 3.854149 3.324558 14.013947
v 3.854149 3.283901 14.013947
v 4.831488 3.283901 14.308193
v 4.694199 3.324559 14.323232
v 4.551423 3.283901 14.328310
v 4.551423 3.324559 14.328310
v 4.408648 3.283901 14.323232
v 4.408648 3.324559 14.323232
v 4.271358 3.283901 14.308193
v 4.271358 3.324559 14.308193
v 4.144833 3.283901 14.283771
v 4.144833 3.324559 14.283771
v 4.033931 3.283901 14.250905
v 4.033931 3.324559 14.250905
v 3.942917 3.283901 14.210857
v 3.942917 3.324559 14.210857
v 3.875288 3.324559 14.165167
v 4.831488 3.324559 14.308193
v 4.958014 3.324559 14.283771
v 5.068915 3.324559 14.250905
v 4.958014 3.283901 14.283771
v 5.068915 3.283901 14.250905
v 5.159929 3.283901 14.210857
v 5.227559 3.283901 14.165167
v 5.159929 3.324559 14.210857
v 5.227559 3.324559 14.165167
v 5.269205 3.324559 14.115591
v 5.283267 3.324559 14.064033
v 5.269205 3.283901 14.115591
v 5.283267 3.283901 14.064033
v 5.269205 3.283900 14.012475
v 5.227559 3.283900 13.962898
v 5.269205 3.324558 14.012475
v 5.227559 3.324558 13.962898
v 5.159929 3.324558 13.917209
v 5.068915 3.324558 13.877161
v 5.159929 3.283900 13.917209
v 5.068915 3.283900 13.877161
v 4.958014 3.283900 13.844295
v 4.831488 3.283900 13.819873
v 4.958014 3.324558 13.844295
v 4.831488 3.324558 13.819873
v 4.694199 3.324558 13.804833
v 4.531094 3.304229 13.789836
v 4.531094 3.159471 13.795110
v 4.571752 3.304229 13.789836
v 4.531094 3.448988 13.795110
v 4.531094 3.588184 13.810726
v 4.571752 3.448988 13.795110
v 4.571752 3.588184 13.810726
v 4.571752 3.716467 13.836087
v 4.571752 3.828909 13.870217
v 4.531094 3.716467 13.836087
v 4.531094 3.828909 13.870217
v 4.531094 3.921187 13.911805
v 4.531094 3.989756 13.959253
v 4.571752 3.921187 13.911805
v 4.571752 3.989756 13.959253
v 4.571752 4.031981 14.010736
v 4.571752 4.046238 14.064277
v 4.531094 4.031981 14.010736
v 4.531094 4.046238 14.064277
v 4.531094 4.031981 14.117818
v 4.531094 3.989756 14.169301
v 4.571752 4.031981 14.117818
v 4.531094 4.011188 14.116288
v 4.531094 4.025038 14.064277
v 4.531094 3.970170 14.166301
v 4.571752 4.011188 14.116288
v 4.571752 4.025038 14.064277
v 4.571752 3.970170 14.166301
v 4.571752 3.903560 14.212392
v 4.571752 3.813918 14.252792
v 4.531094 3.903560 14.212392
v 4.531094 3.813918 14.252792
v 4.531094 3.704689 14.285947
v 4.531094 3.580071 14.310584
v 4.571752 3.704689 14.285947
v 4.571752 3.580071 14.310584
v 4.571752 3.444852 14.325755
v 4.571752 3.304230 14.330877
v 4.531094 3.444852 14.325755
v 4.531094 3.304230 14.330877
v 4.531094 3.163607 14.325755
v 4.531094 3.159471 14.333446
v 4.531094 3.028389 14.310584
v 4.571752 3.163607 14.325755
v 4.571752 3.028389 14.310584
v 4.571752 2.903770 14.285948
v 4.571752 2.794542 14.252792
v 4.531094 2.903770 14.285948
v 4.531094 2.794542 14.252792
v 4.531094 2.704900 14.212393
v 4.531094 2.638290 14.166302
v 4.571752 2.704900 14.212393
v 4.571752 2.638290 14.166302
v 4.571752 2.597272 14.116289
v 4.571752 2.583422 14.064278
v 4.531094 2.597272 14.116289
v 4.531094 2.583422 14.064278
v 4.531094 2.597272 14.012267
v 4.531094 2.638290 13.962255
v 4.571752 2.597272 14.012267
v 4.571752 2.638290 13.962255
v 4.571752 2.704900 13.916162
v 4.571752 2.794541 13.875763
v 4.531094 2.704900 13.916162
v 4.531094 2.794541 13.875763
v 4.531094 2.903770 13.842607
v 4.531094 3.028388 13.817971
v 4.571752 2.903770 13.842607
v 4.571752 3.028388 13.817971
v 4.571752 3.163607 13.802800
v 4.571752 3.304229 13.797677
v 4.531094 3.163607 13.802800
v 4.531094 3.304229 13.797677
v 4.531094 3.444852 13.802800
v 4.531094 3.580071 13.817971
v 4.571752 3.444852 13.802800
v 4.571752 3.580071 13.817971
v 4.571752 3.704689 13.842607
v 4.571752 3.813918 13.875762
v 4.531094 3.704689 13.842607
v 4.531094 3.813918 13.875762
v 4.531094 3.903559 13.916162
v 4.531094 3.970169 13.962254
v 4.571752 3.903559 13.916162
v 4.571752 3.970169 13.962254
v 4.571752 4.011188 14.012266
v 4.531094 4.011188 14.012266
v 4.531094 3.020276 14.317828
v 4.571752 3.159471 14.333446
v 4.531094 3.304230 14.338719
v 4.571752 3.304230 14.338719
v 4.531094 3.448988 14.333446
v 4.571752 3.448988 14.333446
v 4.531094 3.588184 14.317828
v 4.571752 3.588184 14.317828
v 4.531094 3.716467 14.292467
v 4.571752 3.716467 14.292467
v 4.531094 3.828909 14.258337
v 4.571752 3.828909 14.258337
v 4.531094 3.921187 14.216748
v 4.571752 3.921187 14.216748
v 4.571752 3.989756 14.169301
v 4.571752 3.020276 14.317828
v 4.571752 2.891992 14.292467
v 4.571752 2.779551 14.258337
v 4.531094 2.891992 14.292467
v 4.531094 2.779551 14.258337
v 4.531094 2.687272 14.216749
v 4.531094 2.618703 14.169302
v 4.571752 2.687272 14.216749
v 4.571752 2.618703 14.169302
v 4.571752 2.576479 14.117819
v 4.571752 2.562221 14.064278
v 4.531094 2.576479 14.117819
v 4.531094 2.562221 14.064278
v 4.531094 2.576479 14.010737
v 4.531094 2.618703 13.959253
v 4.571752 2.576479 14.010737
v 4.571752 2.618703 13.959253
v 4.571752 2.687272 13.911806
v 4.571752 2.779550 13.870218
v 4.531094 2.687272 13.911806
v 4.531094 2.779550 13.870218
v 4.531094 2.891992 13.836088
v 4.531094 3.020275 13.810727
v 4.571752 2.891992 13.836088
v 4.571752 3.020275 13.810727
v 4.571752 3.159471 13.795110
v 4.551423 3.426204 14.333490
v 4.575219 3.423860 14.333490
v 4.551423 3.426204 14.341622
v 4.527627 3.423860 14.333490
v 4.504745 3.416919 14.333490
v 4.527627 3.423860 14.341622
v 4.504745 3.416919 14.341622
v 4.483658 3.405648 14.341622
v 4.465175 3.390478 14.341622
v 4.483658 3.405648 14.333490
v 4.465175 3.390478 14.333490
v 4.450006 3.371995 14.333490
v 4.438734 3.350907 14.333490
v 4.450006 3.371995 14.341622
v 4.438734 3.350907 14.341622
v 4.431793 3.328026 14.341622
v 4.429449 3.304230 14.341622
v 4.431793 3.328026 14.333490
v 4.429449 3.304230 14.333490
v 4.431793 3.280434 14.333490
v 4.438734 3.257552 14.333490
v 4.431793 3.280434 14.341622
v 4.438734 3.257552 14.341622
v 4.450006 3.236465 14.341622
v 4.465175 3.217981 14.341622
v 4.450006 3.236465 14.333490
v 4.465175 3.217981 14.333490
v 4.483658 3.202812 14.333490
v 4.504745 3.191540 14.333490
v 4.483658 3.202812 14.341622
v 4.504745 3.191540 14.341622
v 4.527627 3.184600 14.341622
v 4.551423 3.182256 14.341622
v 4.527627 3.184600 14.333490
v 4.551423 3.182256 14.333490
v 4.575219 3.184600 14.333490
v 4.598101 3.191540 14.333490
v 4.575219 3.184600 14.341622
v 4.598101 3.191540 14.341622
v 4.619188 3.202812 14.341622
v 4.637672 3.217981 14.341622
v 4.619188 3.202812 14.333490
v 4.637672 3.217981 14.333490
v 4.652841 3.236465 14.333490
v 4.664113 3.257552 14.333490
v 4.652841 3.236465 14.341622
v 4.664113 3.257552 14.341622
v 4.671053 3.280434 14.341622
v 4.673397 3.304230 14.341622
v 4.671053 3.280434 14.333490
v 4.673397 3.304230 14.333490
v 4.671053 3.328026 14.333490
v 4.664113 3.350907 14.333490
v 4.671053 3.328026 14.341622
v 4.664113 3.350907 14.341622
v 4.652841 3.371995 14.341622
v 4.637672 3.390478 14.341622
v 4.652841 3.371995 14.333490
v 4.637672 3.390478 14.333490
v 4.619188 3.405648 14.333490
v 4.598101 3.416919 14.333490
v 4.619188 3.405648 14.341622
v 4.598101 3.416919 14.341622
v 4.575219 3.423860 14.341622
v 4.551423 3.304229 13.726880
v 4.551423 3.286382 13.728052
v 4.554905 3.286726 13.728052
v 4.558253 3.287741 13.728052
v 4.561338 3.289390 13.728052
v 4.564043 3.291610 13.728052
v 4.566262 3.294314 13.728052
v 4.567912 3.297400 13.728052
v 4.568927 3.300748 13.728052
v 4.569270 3.304229 13.728052
v 4.568927 3.307711 13.728052
v 4.567912 3.311059 13.728052
v 4.566262 3.314145 13.728052
v 4.564043 3.316849 13.728052
v 4.561338 3.319069 13.728052
v 4.558253 3.320718 13.728052
v 4.554905 3.321733 13.728052
v 4.551423 3.322076 13.728052
v 4.547941 3.321733 13.728052
v 4.544593 3.320718 13.728052
v 4.541508 3.319069 13.728052
v 4.538804 3.316849 13.728052
v 4.536584 3.314145 13.728052
v 4.534935 3.311059 13.728052
v 4.533919 3.307711 13.728052
v 4.533576 3.304229 13.728052
v 4.533919 3.300748 13.728052
v 4.534935 3.297400 13.728052
v 4.536584 3.294314 13.728052
v 4.538804 3.291610 13.728052
v 4.541508 3.289390 13.728052
v 4.544593 3.287741 13.728052
v 4.547941 3.286726 13.728052
v 4.544593 3.269894 13.731523
v 4.541508 3.254382 13.737158
v 4.538026 3.271886 13.731523
v 4.551423 3.269221 13.731523
v 4.551423 3.253406 13.737158
v 4.558253 3.269894 13.731523
v 4.561338 3.254382 13.737158
v 4.564820 3.271886 13.731523
v 4.570873 3.257274 13.737158
v 4.570873 3.275121 13.731523
v 4.579659 3.261971 13.737158
v 4.576178 3.279475 13.731523
v 4.587361 3.268291 13.737158
v 4.580531 3.284780 13.731523
v 4.593682 3.275993 13.737158
v 4.583766 3.290833 13.731523
v 4.598378 3.284780 13.737158
v 4.585759 3.297400 13.731523
v 4.601270 3.294314 13.737158
v 4.586431 3.304229 13.731523
v 4.602247 3.304229 13.737158
v 4.585759 3.311059 13.731523
v 4.601270 3.314145 13.737158
v 4.583766 3.317626 13.731523
v 4.598378 3.323679 13.737158
v 4.580531 3.323679 13.731523
v 4.593681 3.332466 13.737158
v 4.576178 3.328984 13.731523
v 4.587361 3.340167 13.737158
v 4.570872 3.333338 13.731523
v 4.579659 3.346488 13.737158
v 4.564820 3.336573 13.731523
v 4.570872 3.351185 13.737158
v 4.558253 3.338565 13.731523
v 4.561338 3.354077 13.737158
v 4.551423 3.339237 13.731523
v 4.551423 3.355053 13.737158
v 4.544593 3.338565 13.731523
v 4.541508 3.354077 13.737158
v 4.538026 3.336573 13.731523
v 4.531974 3.351185 13.737158
v 4.531974 3.333338 13.731523
v 4.523187 3.346488 13.737158
v 4.526669 3.328984 13.731523
v 4.515485 3.340167 13.737158
v 4.522315 3.323679 13.731523
v 4.509165 3.332466 13.737158
v 4.519080 3.317626 13.731523
v 4.504468 3.323679 13.737158
v 4.517088 3.311059 13.731523
v 4.501576 3.314145 13.737158
v 4.516415 3.304229 13.731523
v 4.500599 3.304229 13.737158
v 4.517088 3.297400 13.731523
v 4.501576 3.294314 13.737158
v 4.519080 3.290833 13.731523
v 4.504468 3.284780 13.737158
v 4.522315 3.284780 13.731523
v 4.509165 3.275993 13.737158
v 4.526669 3.279475 13.731523
v 4.515485 3.268292 13.737158
v 4.531974 3.275121 13.731523
v 4.523187 3.261971 13.737158
v 4.515485 3.250445 13.744742
v 4.531974 3.257274 13.737158
v 4.526669 3.244467 13.744742
v 4.522315 3.233956 13.753984
v 4.538804 3.240786 13.744742
v 4.536584 3.229628 13.753984
v 4.551423 3.239543 13.744742
v 4.551423 3.228166 13.753984
v 4.564043 3.240786 13.744742
v 4.566262 3.229628 13.753984
v 4.576178 3.244467 13.744742
v 4.580531 3.233956 13.753984
v 4.587361 3.250445 13.744742
v 4.593682 3.240985 13.753984
v 4.597163 3.258489 13.744742
v 4.605208 3.250445 13.753984
v 4.605208 3.268291 13.744742
v 4.614667 3.261971 13.753984
v 4.611186 3.279475 13.744742
v 4.621696 3.275121 13.753984
v 4.614867 3.291610 13.744742
v 4.626025 3.289390 13.753984
v 4.616109 3.304229 13.744742
v 4.627486 3.304229 13.753984
v 4.614867 3.316849 13.744742
v 4.626025 3.319069 13.753984
v 4.611186 3.328984 13.744742
v 4.621696 3.333338 13.753984
v 4.605208 3.340167 13.744742
v 4.614667 3.346488 13.753984
v 4.597163 3.349970 13.744742
v 4.605208 3.358014 13.753984
v 4.587361 3.358014 13.744742
v 4.593681 3.367474 13.753984
v 4.576178 3.363992 13.744742
v 4.580531 3.374503 13.753984
v 4.564043 3.367673 13.744742
v 4.566262 3.378831 13.753984
v 4.551423 3.368916 13.744742
v 4.551423 3.380293 13.753984
v 4.538804 3.367673 13.744742
v 4.536584 3.378831 13.753984
v 4.526669 3.363992 13.744742
v 4.522315 3.374503 13.753984
v 4.515485 3.358014 13.744742
v 4.509165 3.367474 13.753984
v 4.505683 3.349970 13.744742
v 4.497638 3.358014 13.753984
v 4.497638 3.340167 13.744742
v 4.488179 3.346488 13.753984
v 4.491661 3.328984 13.744742
v 4.481150 3.333338 13.753984
v 4.487979 3.316849 13.744742
v 4.476821 3.319069 13.753984
v 4.486737 3.304229 13.744742
v 4.475360 3.304229 13.753984
v 4.487979 3.291610 13.744742
v 4.476821 3.289390 13.753984
v 4.491661 3.279475 13.744742
v 4.481150 3.275121 13.753984
v 4.497638 3.268291 13.744742
v 4.488179 3.261971 13.753984
v 4.505683 3.258489 13.744742
v 4.497638 3.250445 13.753984
v 4.491661 3.244467 13.764528
v 4.509165 3.240985 13.753984
v 4.504468 3.233956 13.764528
v 4.501576 3.229628 13.775970
v 4.519080 3.226146 13.764528
v 4.517088 3.221337 13.775970
v 4.534935 3.221337 13.764528
v 4.533919 3.216231 13.775970
v 4.551423 3.219712 13.764528
v 4.551423 3.214507 13.775970
v 4.567912 3.221337 13.764528
v 4.568927 3.216231 13.775970
v 4.583766 3.226146 13.764528
v 4.585759 3.221337 13.775970
v 4.598378 3.233956 13.764528
v 4.601270 3.229628 13.775970
v 4.611186 3.244467 13.764528
v 4.614867 3.240786 13.775970
v 4.621696 3.257274 13.764528
v 4.626025 3.254382 13.775970
v 4.629507 3.271886 13.764528
v 4.634316 3.269894 13.775970
v 4.634316 3.287741 13.764528
v 4.639422 3.286726 13.775970
v 4.635940 3.304229 13.764528
v 4.641146 3.304229 13.775970
v 4.634316 3.320718 13.764528
v 4.639422 3.321733 13.775970
v 4.629507 3.336573 13.764528
v 4.634316 3.338565 13.775970
v 4.621696 3.351185 13.764528
v 4.626025 3.354077 13.775970
v 4.611186 3.363992 13.764528
v 4.614867 3.367673 13.775970
v 4.598378 3.374503 13.764528
v 4.601270 3.378831 13.775970
v 4.583766 3.382313 13.764528
v 4.585759 3.387122 13.775970
v 4.567912 3.387122 13.764528
v 4.568927 3.392228 13.775970
v 4.551423 3.388747 13.764528
v 4.551423 3.393952 13.775970
v 4.534935 3.387122 13.764528
v 4.533919 3.392228 13.775970
v 4.519080 3.382313 13.764528
v 4.517088 3.387122 13.775970
v 4.504468 3.374503 13.764528
v 4.501576 3.378831 13.775970
v 4.491661 3.363992 13.764528
v 4.487979 3.367673 13.775970
v 4.481150 3.351185 13.764528
v 4.476821 3.354077 13.775970
v 4.473340 3.336573 13.764528
v 4.468530 3.338565 13.775970
v 4.468530 3.320718 13.764528
v 4.463424 3.321733 13.775970
v 4.466906 3.304229 13.764528
v 4.461700 3.304229 13.775970
v 4.468530 3.287741 13.764528
v 4.463424 3.286726 13.775970
v 4.473340 3.271886 13.764528
v 4.468530 3.269894 13.775970
v 4.481150 3.257274 13.764528
v 4.476821 3.254382 13.775970
v 4.475360 3.253406 13.787868
v 4.487979 3.240786 13.775970
v 4.486737 3.239543 13.787868
v 4.500599 3.228166 13.787868
v 4.516415 3.219713 13.787868
v 4.533576 3.214507 13.787868
v 4.551423 3.212749 13.787868
v 4.569270 3.214507 13.787868
v 4.586431 3.219712 13.787868
v 4.602247 3.228166 13.787868
v 4.616109 3.239543 13.787868
v 4.627486 3.253406 13.787868
v 4.635940 3.269222 13.787867
v 4.641146 3.286382 13.787867
v 4.642903 3.304229 13.787867
v 4.641146 3.322077 13.787867
v 4.635940 3.339237 13.787867
v 4.627486 3.355053 13.787867
v 4.616109 3.368916 13.787867
v 4.602247 3.380293 13.787867
v 4.586431 3.388747 13.787867
v 4.569270 3.393952 13.787867
v 4.551423 3.395710 13.787867
v 4.533576 3.393952 13.787867
v 4.516415 3.388746 13.787867
v 4.500599 3.380293 13.787867
v 4.486737 3.368916 13.787867
v 4.475360 3.355053 13.787867
v 4.466906 3.339237 13.787867
v 4.461700 3.322076 13.787867
v 4.459943 3.304229 13.787867
v 4.461700 3.286382 13.787867
v 4.466906 3.269221 13.787867
v 4.551423 3.304229 13.848854
v 4.536584 3.314145 13.847682
v 4.534935 3.311059 13.847682
v 4.533919 3.307711 13.847682
v 4.533576 3.304229 13.847682
v 4.534935 3.297400 13.847682
v 4.536584 3.294314 13.847682
v 4.551423 3.426203 13.785763
v 4.575219 3.423860 13.785763
v 4.551423 3.426203 13.793895
v 4.527627 3.423860 13.785763
v 4.504745 3.416919 13.785763
v 4.527627 3.423860 13.793895
v 4.504745 3.416919 13.793895
v 4.483658 3.405647 13.793895
v 4.465175 3.390478 13.793895
v 4.483658 3.405647 13.785763
v 4.465175 3.390478 13.785763
v 4.450006 3.371994 13.785763
v 4.438734 3.350907 13.785763
v 4.450006 3.371994 13.793895
v 4.438734 3.350907 13.793895
v 4.431793 3.328025 13.793895
v 4.429449 3.304229 13.793895
v 4.431793 3.328025 13.785763
v 4.429449 3.304229 13.785763
v 4.431793 3.280434 13.785763
v 4.438734 3.257552 13.785763
v 4.431793 3.280434 13.793895
v 4.438734 3.257552 13.793895
v 4.450006 3.236464 13.793895
v 4.465175 3.217981 13.793895
v 4.450006 3.236464 13.785763
v 4.465175 3.217981 13.785763
v 4.483658 3.202812 13.785763
v 4.504745 3.191540 13.785763
v 4.483658 3.202812 13.793895
v 4.504745 3.191540 13.793895
v 4.527627 3.184599 13.793895
v 4.551423 3.182256 13.793895
v 4.527627 3.184599 13.785763
v 4.551423 3.182256 13.785763
v 4.575219 3.184599 13.785763
v 4.598101 3.191540 13.785763
v 4.575219 3.184599 13.793895
v 4.598101 3.191540 13.793895
v 4.619188 3.202812 13.793895
v 4.637672 3.217981 13.793895
v 4.619188 3.202812 13.785763
v 4.637672 3.217981 13.785763
v 4.652841 3.236464 13.785763
v 4.664113 3.257552 13.785763
v 4.652841 3.236464 13.793895
v 4.664113 3.257552 13.793895
v 4.671053 3.280434 13.793895
v 4.673397 3.304229 13.793895
v 4.671053 3.280434 13.785763
v 4.673397 3.304229 13.785763
v 4.671053 3.328025 13.785763
v 4.664113 3.350907 13.785763
v 4.671053 3.328025 13.793895
v 4.664113 3.350907 13.793895
v 4.652841 3.371994 13.793895
v 4.637672 3.390478 13.793895
v 4.652841 3.371994 13.785763
v 4.637672 3.390478 13.785763
v 4.619188 3.405647 13.785763
v 4.598101 3.416919 13.785763
v 4.619188 3.405647 13.793895
v 4.598101 3.416919 13.793895
v 4.575219 3.423860 13.793895
v 4.551423 3.365216 13.790853
v 4.563321 3.364045 13.790853
v 4.551423 3.365217 14.339735
v 4.539525 3.364045 13.790853
v 4.528084 3.360574 13.790853
v 4.539525 3.364045 14.339735
v 4.528084 3.360574 14.339735
v 4.517540 3.354939 14.339735
v 4.508299 3.347354 14.339735
v 4.517540 3.354938 13.790853
v 4.508299 3.347354 13.790853
v 4.500714 3.338112 13.790853
v 4.495079 3.327568 13.790853
v 4.500714 3.338112 14.339735
v 4.495079 3.327569 14.339735
v 4.491608 3.316128 14.339735
v 4.490436 3.304230 14.339735
v 4.491608 3.316128 13.790853
v 4.490436 3.304229 13.790853
v 4.491608 3.292331 13.790853
v 4.495079 3.280891 13.790853
v 4.491608 3.292332 14.339735
v 4.495079 3.280891 14.339735
v 4.500714 3.270347 14.339735
v 4.508299 3.261106 14.339735
v 4.500714 3.270347 13.790853
v 4.508299 3.261105 13.790853
v 4.517540 3.253521 13.790853
v 4.528084 3.247885 13.790853
v 4.517540 3.253521 14.339735
v 4.528084 3.247885 14.339735
v 4.539525 3.244415 14.339735
v 4.551423 3.243243 14.339735
v 4.539525 3.244414 13.790853
v 4.551423 3.243243 13.790853
v 4.563321 3.244414 13.790853
v 4.574762 3.247885 13.790853
v 4.563321 3.244415 14.339735
v 4.574762 3.247885 14.339735
v 4.585306 3.253521 14.339735
v 4.594547 3.261106 14.339735
v 4.585306 3.253521 13.790853
v 4.594547 3.261105 13.790853
v 4.602132 3.270347 13.790853
v 4.607768 3.280891 13.790853
v 4.602132 3.270347 14.339735
v 4.607768 3.280891 14.339735
v 4.611238 3.292332 14.339735
v 4.612410 3.304230 14.339735
v 4.611238 3.292331 13.790853
v 4.612410 3.304229 13.790853
v 4.611238 3.316128 13.790853
v 4.607768 3.327568 13.790853
v 4.611238 3.316128 14.339735
v 4.607768 3.327569 14.339735
v 4.602132 3.338112 14.339735
v 4.594547 3.347354 14.339735
v 4.602132 3.338112 13.790853
v 4.594547 3.347354 13.790853
v 4.585306 3.354938 13.790853
v 4.574762 3.360574 13.790853
v 4.585306 3.354939 14.339735
v 4.574762 3.360574 14.339735
v 4.563321 3.364045 14.339735
vn -0.6327 -0.0000 0.7744
vn -0.5865 -0.0000 -0.8099
vn 0.6327 -0.0000 0.7744
vn 0.5865 -0.0000 -0.8099
vn -0.0000 -0.0000 1.0000
vn -0.9969 -0.0000 -0.0782
vn -0.0000 0.9999 -0.0116
vn -0.0000 -0.0000 -1.0000
vn -0.0000 -0.9999 -0.0116
vn 0.9969 -0.0000 -0.0782
vn -0.9955 0.0947 -0.0000
vn -0.0000 0.0439 -0.9990
vn 0.9955 0.0947 -0.0000
vn -0.0000 0.0439 0.9990
vn -0.0000 -1.0000 -0.0000
vn -0.0000 1.0000 -0.0000
vn -0.9575 0.2883 -0.0000
vn -0.0000 0.2883 -0.9575
vn 0.9575 0.2883 -0.0000
vn -0.0000 0.2884 0.9575
vn 0.0893 0.9066 0.4125
vn 0.0970 0.9846 0.1455
vn 0.0065 0.0655 0.9978
vn 0.0195 0.1982 0.9800
vn 0.0330 0.3355 0.9415
vn 0.0472 0.4794 0.8763
vn 0.0620 0.6293 0.7747
vn 0.0766 0.7779 0.6237
vn 0.2269 0.7480 0.6237
vn 0.2644 0.8717 0.4125
vn 0.2872 0.9468 0.1455
vn 0.0191 0.0630 0.9978
vn 0.0578 0.1906 0.9800
vn 0.0979 0.3226 0.9415
vn 0.1398 0.4610 0.8763
vn 0.1836 0.6051 0.7747
vn 0.1589 0.2973 0.9415
vn 0.2271 0.4249 0.8763
vn 0.2981 0.5577 0.7747
vn 0.3685 0.6894 0.6237
vn 0.4294 0.8034 0.4125
vn 0.4664 0.8725 0.1455
vn 0.0310 0.0581 0.9978
vn 0.0317 0.0576 0.9978
vn 0.0390 0.0528 0.9978
vn 0.0939 0.1756 0.9800
vn 0.5779 0.7042 0.4125
vn 0.6276 0.7648 0.1455
vn 0.0418 0.0509 0.9978
vn 0.1263 0.1539 0.9800
vn 0.2139 0.2606 0.9415
vn 0.3056 0.3724 0.8763
vn 0.4012 0.4888 0.7747
vn 0.4959 0.6042 0.6237
vn 0.2606 0.2139 0.9415
vn 0.3724 0.3056 0.8763
vn 0.4888 0.4012 0.7747
vn 0.6042 0.4959 0.6237
vn 0.7042 0.5779 0.4125
vn 0.7648 0.6276 0.1455
vn 0.0509 0.0418 0.9978
vn 0.0517 0.0405 0.9978
vn 0.0562 0.0338 0.9978
vn 0.1539 0.1263 0.9800
vn 0.8034 0.4294 0.4125
vn 0.8725 0.4664 0.1455
vn 0.0581 0.0310 0.9978
vn 0.1756 0.0939 0.9800
vn 0.2973 0.1589 0.9415
vn 0.4249 0.2271 0.8763
vn 0.5577 0.2981 0.7747
vn 0.6894 0.3685 0.6237
vn 0.4610 0.1398 0.8763
vn 0.6051 0.1836 0.7747
vn 0.7480 0.2269 0.6237
vn 0.8717 0.2644 0.4125
vn 0.9468 0.2872 0.1455
vn 0.0630 0.0191 0.9978
vn 0.0608 -0.0130 0.9981
vn 0.0650 0.0093 0.9978
vn 0.1906 0.0578 0.9800
vn 0.1921 0.0500 0.9801
vn 0.1966 0.0276 0.9801
vn 0.3226 0.0979 0.9415
vn 0.9846 0.0970 0.1455
vn 0.0655 -0.0000 0.9979
vn 0.1982 -0.0000 0.9802
vn 0.3355 0.0330 0.9415
vn 0.3357 -0.0000 0.9420
vn 0.4794 0.0472 0.8763
vn 0.6293 0.0620 0.7747
vn 0.7779 0.0766 0.6237
vn 0.9066 0.0893 0.4125
vn 0.6293 -0.0620 0.7747
vn 0.7779 -0.0766 0.6237
vn 0.9066 -0.0893 0.4125
vn 0.9846 -0.0970 0.1455
vn 0.0650 -0.0091 0.9978
vn 0.1921 -0.0500 0.9801
vn 0.1966 -0.0276 0.9801
vn 0.3355 -0.0330 0.9415
vn 0.4794 -0.0472 0.8763
vn 0.0617 -0.0221 0.9978
vn 0.1906 -0.0578 0.9800
vn 0.3226 -0.0979 0.9415
vn 0.4610 -0.1398 0.8763
vn 0.6051 -0.1836 0.7747
vn 0.7480 -0.2269 0.6237
vn 0.8717 -0.2644 0.4125
vn 0.9468 -0.2872 0.1455
vn 0.5577 -0.2981 0.7747
vn 0.6894 -0.3685 0.6237
vn 0.8034 -0.4294 0.4125
vn 0.8725 -0.4664 0.1455
vn 0.0581 -0.0310 0.9978
vn 0.1756 -0.0939 0.9800
vn 0.2973 -0.1589 0.9415
vn 0.4249 -0.2271 0.8763
vn 0.1539 -0.1263 0.9800
vn 0.2606 -0.2139 0.9415
vn 0.3724 -0.3056 0.8763
vn 0.4888 -0.4012 0.7747
vn 0.6042 -0.4959 0.6237
vn 0.7042 -0.5779 0.4125
vn 0.7648 -0.6276 0.1455
vn 0.0509 -0.0418 0.9978
vn 0.0426 -0.0501 0.9978
vn 0.0485 -0.0442 0.9978
vn 0.4959 -0.6042 0.6237
vn 0.5779 -0.7042 0.4125
vn 0.6276 -0.7648 0.1455
vn 0.0418 -0.0509 0.9978
vn 0.1263 -0.1539 0.9800
vn 0.2139 -0.2606 0.9415
vn 0.3056 -0.3724 0.8763
vn 0.4012 -0.4888 0.7747
vn 0.0939 -0.1756 0.9800
vn 0.1589 -0.2973 0.9415
vn 0.2271 -0.4249 0.8763
vn 0.2981 -0.5577 0.7747
vn 0.3685 -0.6894 0.6237
vn 0.4294 -0.8034 0.4125
vn 0.4664 -0.8725 0.1455
vn 0.0310 -0.0581 0.9978
vn 0.2269 -0.7480 0.6237
vn 0.2644 -0.8717 0.4125
vn 0.2872 -0.9468 0.1455
vn 0.0191 -0.0630 0.9978
vn 0.0578 -0.1906 0.9800
vn 0.0979 -0.3226 0.9415
vn 0.1398 -0.4610 0.8763
vn 0.1836 -0.6051 0.7747
vn 0.0330 -0.3355 0.9415
vn 0.0472 -0.4794 0.8763
vn 0.0620 -0.6293 0.7747
vn 0.0766 -0.7779 0.6237
vn 0.0893 -0.9066 0.4125
vn 0.0970 -0.9846 0.1455
vn 0.0065 -0.0655 0.9978
vn 0.0195 -0.1982 0.9800
vn -0.0893 -0.9066 0.4125
vn -0.0970 -0.9846 0.1455
vn -0.0065 -0.0655 0.9978
vn -0.0195 -0.1982 0.9800
vn -0.0330 -0.3355 0.9415
vn -0.0472 -0.4794 0.8763
vn -0.0620 -0.6293 0.7747
vn -0.0766 -0.7779 0.6237
vn -0.1398 -0.4610 0.8763
vn -0.1836 -0.6051 0.7747
vn -0.2269 -0.7480 0.6237
vn -0.2644 -0.8717 0.4125
vn -0.2872 -0.9468 0.1455
vn -0.0191 -0.0630 0.9978
vn -0.0578 -0.1906 0.9800
vn -0.0979 -0.3226 0.9415
vn -0.4664 -0.8725 0.1455
vn -0.0310 -0.0581 0.9978
vn -0.0317 -0.0576 0.9978
vn -0.0390 -0.0528 0.9978
vn -0.0939 -0.1756 0.9800
vn -0.1589 -0.2973 0.9415
vn -0.2271 -0.4249 0.8763
vn -0.2981 -0.5577 0.7747
vn -0.3685 -0.6894 0.6237
vn -0.4294 -0.8034 0.4125
vn -0.3056 -0.3724 0.8763
vn -0.4012 -0.4888 0.7747
vn -0.4959 -0.6042 0.6237
vn -0.5779 -0.7042 0.4125
vn -0.6276 -0.7648 0.1455
vn -0.0418 -0.0509 0.9978
vn -0.1263 -0.1539 0.9800
vn -0.2139 -0.2606 0.9415
vn -0.7648 -0.6276 0.1455
vn -0.0509 -0.0418 0.9978
vn -0.0517 -0.0405 0.9978
vn -0.0562 -0.0338 0.9978
vn -0.1539 -0.1263 0.9800
vn -0.2606 -0.2139 0.9415
vn -0.3724 -0.3056 0.8763
vn -0.4888 -0.4012 0.7747
vn -0.6042 -0.4959 0.6237
vn -0.7042 -0.5779 0.4125
vn -0.5577 -0.2981 0.7747
vn -0.6894 -0.3685 0.6237
vn -0.8034 -0.4294 0.4125
vn -0.8725 -0.4664 0.1455
vn -0.0581 -0.0310 0.9978
vn -0.1756 -0.0939 0.9800
vn -0.2973 -0.1589 0.9415
vn -0.4249 -0.2271 0.8763
vn -0.0630 -0.0191 0.9978
vn -0.0608 0.0130 0.9981
vn -0.0650 -0.0093 0.9978
vn -0.1906 -0.0578 0.9800
vn -0.1922 -0.0498 0.9801
vn -0.1966 -0.0276 0.9801
vn -0.3226 -0.0979 0.9415
vn -0.4610 -0.1398 0.8763
vn -0.6051 -0.1836 0.7747
vn -0.7480 -0.2269 0.6237
vn -0.8717 -0.2644 0.4125
vn -0.9468 -0.2872 0.1455
vn -0.6293 -0.0620 0.7747
vn -0.7779 -0.0766 0.6237
vn -0.9066 -0.0893 0.4125
vn -0.9846 -0.0970 0.1455
vn -0.0655 -0.0000 0.9979
vn -0.1982 -0.0000 0.9802
vn -0.3355 -0.0330 0.9415
vn -0.3357 -0.0000 0.9420
vn -0.4794 -0.0472 0.8763
vn -0.1921 0.0500 0.9801
vn -0.1966 0.0276 0.9801
vn -0.3355 0.0330 0.9415
vn -0.4794 0.0472 0.8763
vn -0.6293 0.0620 0.7747
vn -0.7779 0.0766 0.6237
vn -0.9066 0.0893 0.4125
vn -0.9846 0.0970 0.1455
vn -0.0649 0.0094 0.9978
vn -0.7480 0.2269 0.6237
vn -0.8717 0.2644 0.4125
vn -0.9468 0.2872 0.1455
vn -0.0617 0.0221 0.9978
vn -0.1906 0.0578 0.9800
vn -0.3226 0.0979 0.9415
vn -0.4610 0.1398 0.8763
vn -0.6051 0.1836 0.7747
vn -0.2973 0.1589 0.9415
vn -0.4249 0.2271 0.8763
vn -0.5577 0.2981 0.7747
vn -0.6894 0.3685 0.6237
vn -0.8034 0.4294 0.4125
vn -0.8725 0.4664 0.1455
vn -0.0581 0.0310 0.9978
vn -0.1756 0.0939 0.9800
vn -0.7042 0.5779 0.4125
vn -0.7648 0.6276 0.1455
vn -0.0509 0.0418 0.9978
vn -0.0426 0.0501 0.9978
vn -0.0484 0.0442 0.9978
vn -0.1539 0.1263 0.9800
vn -0.2606 0.2139 0.9415
vn -0.3724 0.3056 0.8763
vn -0.4888 0.4012 0.7747
vn -0.6042 0.4959 0.6237
vn -0.2139 0.2606 0.9415
vn -0.3056 0.3724 0.8763
vn -0.4012 0.4888 0.7747
vn -0.4959 0.6042 0.6237
vn -0.5779 0.7042 0.4125
vn -0.6276 0.7648 0.1455
vn -0.0418 0.0509 0.9978
vn -0.1263 0.1539 0.9800
vn -0.4294 0.8034 0.4125
vn -0.4664 0.8725 0.1455
vn -0.0310 0.0581 0.9978
vn -0.0939 0.1756 0.9800
vn -0.1589 0.2973 0.9415
vn -0.2271 0.4249 0.8763
vn -0.2981 0.5577 0.7747
vn -0.3685 0.6894 0.6237
vn -0.1398 0.4610 0.8763
vn -0.1836 0.6051 0.7747
vn -0.2269 0.7480 0.6237
vn -0.2644 0.8717 0.4125
vn -0.2872 0.9468 0.1455
vn -0.0191 0.0630 0.9978
vn -0.0578 0.1906 0.9800
vn -0.0979 0.3226 0.9415
vn -0.0970 0.9846 0.1455
vn -0.0065 0.0655 0.9978
vn -0.0195 0.1982 0.9800
vn -0.0330 0.3355 0.9415
vn -0.0472 0.4794 0.8763
vn -0.0620 0.6293 0.7747
vn -0.0766 0.7779 0.6237
vn -0.0893 0.9066 0.4125
vn -0.0581 -0.0310 -0.9978
vn -0.0655 -0.0065 -0.9978
vn -0.0581 0.0310 -0.9978
vn 0.0980 0.9952 -0.0000
vn -0.0980 0.9952 -0.0000
vn -0.2903 0.9569 -0.0000
vn -0.4714 0.8819 -0.0000
vn -0.6344 0.7730 -0.0000
vn -0.7730 0.6344 -0.0000
vn -0.8819 0.4714 -0.0000
vn 0.8819 -0.4714 -0.0000
vn 0.7730 -0.6344 -0.0000
vn 0.6344 -0.7730 -0.0000
vn 0.4714 -0.8819 -0.0000
vn 0.2903 -0.9569 -0.0000
vn 0.0980 -0.9952 -0.0000
vn -0.0980 -0.9952 -0.0000
vn -0.2903 -0.9569 -0.0000
vn -0.4714 -0.8819 -0.0000
vn -0.6344 -0.7730 -0.0000
vn -0.7730 -0.6344 -0.0000
vn -0.8819 -0.4714 -0.0000
vn -0.9569 -0.2903 -0.0000
vn -0.9952 -0.0980 -0.0000
vn -0.9952 0.0980 -0.0000
vn -0.9569 0.2903 -0.0000
vn 0.2903 0.9569 -0.0000
vn 0.4714 0.8819 -0.0000
vn 0.6344 0.7730 -0.0000
vn 0.7730 0.6344 -0.0000
vn 0.8819 0.4714 -0.0000
vn 0.9569 0.2903 -0.0000
vn 0.9952 0.0980 -0.0000
vn 0.9952 -0.0980 -0.0000
vn 0.9569 -0.2903 -0.0000
vn 0.0355 -0.0000 -0.9994
vn -0.0355 -0.0000 -0.9994
vn -0.1089 -0.0000 -0.9941
vn -0.1895 -0.0000 -0.9819
vn -0.2841 -0.0000 -0.9588
vn -0.4027 -0.0000 -0.9153
vn -0.5598 -0.0000 -0.8286
vn -0.7657 -0.0000 -0.6432
vn -0.9648 -0.0000 -0.2631
vn -0.9648 -0.0000 0.2631
vn -0.7657 -0.0000 0.6432
vn 0.9648 -0.0000 -0.2631
vn 0.7657 -0.0000 -0.6432
vn 0.5598 -0.0000 -0.8286
vn 0.4028 -0.0000 -0.9153
vn 0.2841 -0.0000 -0.9588
vn 0.1895 -0.0000 -0.9819
vn 0.1089 -0.0000 -0.9941
vn -0.4028 -0.0000 -0.9153
vn -0.5598 -0.0000 0.8286
vn -0.4027 -0.0000 0.9153
vn -0.2841 -0.0000 0.9588
vn -0.1895 -0.0000 0.9819
vn -0.1089 -0.0000 0.9941
vn -0.0355 -0.0000 0.9994
vn 0.0355 -0.0000 0.9994
vn 0.1089 -0.0000 0.9941
vn 0.1895 -0.0000 0.9819
vn 0.2841 -0.0000 0.9588
vn 0.4027 -0.0000 0.9153
vn 0.5598 -0.0000 0.8286
vn 0.7657 -0.0000 0.6432
vn 0.9648 -0.0000 0.2631
vn -0.4028 -0.0000 0.9153
vn 0.4028 -0.0000 0.9153
vn 0.4027 -0.0000 -0.9153
vn -1.0000 -0.0000 -0.0000
vn -0.0000 -0.0364 -0.9993
vn -0.0000 0.0364 -0.9993
vn -0.0000 0.1115 -0.9938
vn 1.0000 -0.0000 -0.0000
vn -0.0000 0.1939 -0.9810
vn -0.0000 0.2905 -0.9569
vn -0.0000 0.4109 -0.9117
vn -0.0000 0.5690 -0.8223
vn -0.0000 0.7732 -0.6342
vn -0.0000 0.9663 -0.2573
vn -0.0000 0.9663 0.2573
vn -0.0000 0.7732 0.6342
vn -0.0000 -0.9663 -0.2573
vn -0.0000 -0.7732 -0.6342
vn -0.0000 -0.5690 -0.8223
vn -0.0000 -0.4109 -0.9117
vn -0.0000 -0.2905 -0.9569
vn -0.0000 -0.1939 -0.9810
vn -0.0000 -0.1115 -0.9938
vn -0.0000 0.5690 0.8223
vn -0.0000 0.4109 0.9117
vn -0.0000 0.2905 0.9569
vn -0.0000 0.1939 0.9810
vn -0.0000 0.1115 0.9938
vn -0.0000 0.0364 0.9993
vn -0.0000 -0.0364 0.9993
vn -0.0000 -0.1115 0.9938
vn -0.0000 -0.1939 0.9810
vn -0.0000 -0.2905 0.9569
vn -0.0000 -0.4109 0.9117
vn -0.0000 -0.5690 0.8223
vn -0.0000 -0.7732 0.6342
vn -0.0000 -0.9663 0.2573
vn -0.0064 -0.0655 -0.9978
vn 0.0064 -0.0655 -0.9978
vn 0.0191 -0.0630 -0.9978
vn 0.0310 -0.0581 -0.9978
vn 0.0317 -0.0576 -0.9978
vn 0.0389 -0.0528 -0.9978
vn 0.0418 -0.0509 -0.9978
vn 0.0509 -0.0418 -0.9978
vn 0.0517 -0.0405 -0.9978
vn 0.0562 -0.0338 -0.9978
vn 0.0581 -0.0310 -0.9978
vn 0.0630 -0.0191 -0.9978
vn 0.0608 0.0130 -0.9981
vn 0.0650 -0.0091 -0.9978
vn 0.0655 -0.0000 -0.9979
vn 0.0650 0.0093 -0.9978
vn 0.0617 0.0221 -0.9978
vn 0.0581 0.0310 -0.9978
vn 0.0509 0.0418 -0.9978
vn 0.0426 0.0501 -0.9978
vn 0.0485 0.0442 -0.9978
vn 0.0418 0.0509 -0.9978
vn 0.0310 0.0581 -0.9978
vn 0.0191 0.0630 -0.9978
vn 0.0065 0.0655 -0.9978
vn -0.0065 0.0655 -0.9978
vn -0.0191 0.0630 -0.9978
vn -0.0310 0.0581 -0.9978
vn -0.0317 0.0576 -0.9978
vn -0.0389 0.0528 -0.9978
vn -0.0418 0.0509 -0.9978
vn -0.0509 0.0418 -0.9978
vn -0.0517 0.0405 -0.9978
vn -0.0562 0.0338 -0.9978
vn -0.0630 0.0191 -0.9978
vn -0.0608 -0.0130 -0.9981
vn -0.0649 0.0094 -0.9978
vn -0.0655 -0.0000 -0.9979
vn -0.0649 -0.0094 -0.9978
vn -0.0618 -0.0221 -0.9978
vn -0.0509 -0.0418 -0.9978
vn -0.0426 -0.0501 -0.9978
vn -0.0485 -0.0442 -0.9978
vn -0.0418 -0.0509 -0.9978
vn -0.0310 -0.0581 -0.9978
vn -0.0191 -0.0630 -0.9978
vn -0.0195 -0.1982 -0.9800
vn -0.0578 -0.1906 -0.9800
vn -0.0330 -0.3355 -0.9415
vn -0.0979 -0.3226 -0.9415
vn 0.0195 -0.1982 -0.9800
vn 0.0330 -0.3355 -0.9415
vn 0.0578 -0.1906 -0.9800
vn 0.0979 -0.3226 -0.9415
vn 0.0939 -0.1756 -0.9800
vn 0.1589 -0.2973 -0.9415
vn 0.1263 -0.1539 -0.9800
vn 0.2139 -0.2606 -0.9415
vn 0.1539 -0.1263 -0.9800
vn 0.2606 -0.2139 -0.9415
vn 0.1756 -0.0939 -0.9800
vn 0.2973 -0.1589 -0.9415
vn 0.1906 -0.0578 -0.9800
vn 0.1922 -0.0498 -0.9801
vn 0.1966 -0.0276 -0.9801
vn 0.3226 -0.0979 -0.9415
vn 0.1982 -0.0000 -0.9802
vn 0.3355 -0.0330 -0.9415
vn 0.3357 -0.0000 -0.9420
vn 0.1922 0.0498 -0.9801
vn 0.1966 0.0276 -0.9801
vn 0.3355 0.0330 -0.9415
vn 0.1906 0.0578 -0.9800
vn 0.3226 0.0979 -0.9415
vn 0.1756 0.0939 -0.9800
vn 0.2973 0.1589 -0.9415
vn 0.1539 0.1263 -0.9800
vn 0.2606 0.2139 -0.9415
vn 0.1263 0.1539 -0.9800
vn 0.2139 0.2606 -0.9415
vn 0.0939 0.1756 -0.9800
vn 0.1589 0.2973 -0.9415
vn 0.0578 0.1906 -0.9800
vn 0.0979 0.3226 -0.9415
vn 0.0195 0.1982 -0.9800
vn 0.0330 0.3355 -0.9415
vn -0.0195 0.1982 -0.9800
vn -0.0330 0.3355 -0.9415
vn -0.0578 0.1906 -0.9800
vn -0.0979 0.3226 -0.9415
vn -0.0939 0.1756 -0.9800
vn -0.1589 0.2973 -0.9415
vn -0.1263 0.1539 -0.9800
vn -0.2139 0.2606 -0.9415
vn -0.1539 0.1263 -0.9800
vn -0.2606 0.2139 -0.9415
vn -0.1756 0.0939 -0.9800
vn -0.2973 0.1589 -0.9415
vn -0.1906 0.0578 -0.9800
vn -0.1922 0.0498 -0.9801
vn -0.1966 0.0276 -0.9801
vn -0.3226 0.0979 -0.9415
vn -0.1982 -0.0000 -0.9802
vn -0.3355 0.0330 -0.9415
vn -0.3357 -0.0000 -0.9420
vn -0.1922 -0.0498 -0.9801
vn -0.1966 -0.0276 -0.9801
vn -0.3355 -0.0330 -0.9415
vn -0.1906 -0.0578 -0.9800
vn -0.3226 -0.0979 -0.9415
vn -0.1756 -0.0939 -0.9800
vn -0.2973 -0.1589 -0.9415
vn -0.1539 -0.1263 -0.9800
vn -0.2606 -0.2139 -0.9415
vn -0.1263 -0.1539 -0.9800
vn -0.2139 -0.2606 -0.9415
vn -0.0939 -0.1756 -0.9800
vn -0.1589 -0.2973 -0.9415
vn -0.2271 -0.4249 -0.8763
vn -0.3056 -0.3724 -0.8763
vn -0.1398 -0.4610 -0.8763
vn -0.1836 -0.6051 -0.7747
vn -0.2981 -0.5577 -0.7747
vn -0.0472 -0.4794 -0.8763
vn -0.0620 -0.6293 -0.7747
vn 0.0472 -0.4794 -0.8763
vn 0.0620 -0.6293 -0.7747
vn 0.1398 -0.4610 -0.8763
vn 0.1836 -0.6051 -0.7747
vn 0.2271 -0.4249 -0.8763
vn 0.2981 -0.5577 -0.7747
vn 0.3056 -0.3724 -0.8763
vn 0.4012 -0.4888 -0.7747
vn 0.3724 -0.3056 -0.8763
vn 0.4888 -0.4012 -0.7747
vn 0.4249 -0.2271 -0.8763
vn 0.5577 -0.2981 -0.7747
vn 0.4610 -0.1398 -0.8763
vn 0.6051 -0.1836 -0.7747
vn 0.4794 -0.0472 -0.8763
vn 0.6293 -0.0620 -0.7747
vn 0.4794 0.0472 -0.8763
vn 0.6293 0.0620 -0.7747
vn 0.4610 0.1398 -0.8763
vn 0.6051 0.1836 -0.7747
vn 0.4249 0.2271 -0.8763
vn 0.5577 0.2981 -0.7747
vn 0.3724 0.3056 -0.8763
vn 0.4888 0.4012 -0.7747
vn 0.3056 0.3724 -0.8763
vn 0.4012 0.4888 -0.7747
vn 0.2271 0.4249 -0.8763
vn 0.2981 0.5577 -0.7747
vn 0.1399 0.4610 -0.8763
vn 0.1836 0.6051 -0.7747
vn 0.0472 0.4794 -0.8763
vn 0.0620 0.6293 -0.7747
vn -0.0472 0.4794 -0.8763
vn -0.0620 0.6293 -0.7747
vn -0.1398 0.4610 -0.8763
vn -0.1836 0.6051 -0.7747
vn -0.2271 0.4249 -0.8763
vn -0.2981 0.5577 -0.7747
vn -0.3056 0.3724 -0.8763
vn -0.4012 0.4888 -0.7747
vn -0.3724 0.3056 -0.8763
vn -0.4888 0.4012 -0.7747
vn -0.4249 0.2271 -0.8763
vn -0.5577 0.2981 -0.7747
vn -0.4610 0.1398 -0.8763
vn -0.6051 0.1836 -0.7747
vn -0.4794 0.0472 -0.8763
vn -0.6293 0.0620 -0.7747
vn -0.4794 -0.0472 -0.8763
vn -0.6293 -0.0620 -0.7747
vn -0.4610 -0.1398 -0.8763
vn -0.6051 -0.1836 -0.7747
vn -0.4249 -0.2271 -0.8763
vn -0.5577 -0.2981 -0.7747
vn -0.3724 -0.3056 -0.8763
vn -0.4888 -0.4012 -0.7747
vn -0.4012 -0.4888 -0.7747
vn -0.4959 -0.6042 -0.6237
vn -0.6042 -0.4959 -0.6237
vn -0.3685 -0.6894 -0.6237
vn -0.4294 -0.8034 -0.4125
vn -0.5779 -0.7042 -0.4125
vn -0.2269 -0.7480 -0.6237
vn -0.2644 -0.8717 -0.4125
vn -0.0766 -0.7779 -0.6237
vn -0.0893 -0.9066 -0.4125
vn 0.0766 -0.7779 -0.6237
vn 0.0893 -0.9066 -0.4125
vn 0.2269 -0.7480 -0.6237
vn 0.2644 -0.8717 -0.4125
vn 0.3685 -0.6894 -0.6237
vn 0.4294 -0.8034 -0.4125
vn 0.4959 -0.6042 -0.6237
vn 0.5779 -0.7042 -0.4125
vn 0.6042 -0.4959 -0.6237
vn 0.7042 -0.5779 -0.4125
vn 0.6894 -0.3685 -0.6237
vn 0.8034 -0.4294 -0.4125
vn 0.7480 -0.2269 -0.6237
vn 0.8717 -0.2644 -0.4125
vn 0.7779 -0.0766 -0.6237
vn 0.9066 -0.0893 -0.4125
vn 0.7779 0.0766 -0.6237
vn 0.9066 0.0893 -0.4125
vn 0.7480 0.2269 -0.6237
vn 0.8717 0.2644 -0.4125
vn 0.6894 0.3685 -0.6237
vn 0.8034 0.4294 -0.4125
vn 0.6042 0.4959 -0.6237
vn 0.7042 0.5779 -0.4125
vn 0.4959 0.6042 -0.6237
vn 0.5779 0.7042 -0.4125
vn 0.3685 0.6894 -0.6237
vn 0.4294 0.8034 -0.4125
vn 0.2269 0.7480 -0.6237
vn 0.2644 0.8717 -0.4125
vn 0.0766 0.7779 -0.6237
vn 0.0893 0.9066 -0.4125
vn -0.0766 0.7779 -0.6237
vn -0.0893 0.9066 -0.4125
vn -0.2269 0.7480 -0.6237
vn -0.2644 0.8717 -0.4125
vn -0.3685 0.6894 -0.6237
vn -0.4294 0.8034 -0.4125
vn -0.4959 0.6042 -0.6237
vn -0.5779 0.7042 -0.4125
vn -0.6042 0.4959 -0.6237
vn -0.7042 0.5779 -0.4125
vn -0.6894 0.3685 -0.6237
vn -0.8034 0.4294 -0.4125
vn -0.7480 0.2269 -0.6237
vn -0.8717 0.2644 -0.4125
vn -0.7779 0.0766 -0.6237
vn -0.9066 0.0893 -0.4125
vn -0.7779 -0.0766 -0.6237
vn -0.9066 -0.0893 -0.4125
vn -0.7480 -0.2269 -0.6237
vn -0.8717 -0.2644 -0.4125
vn -0.6894 -0.3685 -0.6237
vn -0.8034 -0.4294 -0.4125
vn -0.7042 -0.5779 -0.4125
vn -0.7648 -0.6276 -0.1455
vn -0.8725 -0.4664 -0.1455
vn -0.6276 -0.7648 -0.1455
vn -0.4664 -0.8725 -0.1455
vn -0.2872 -0.9468 -0.1455
vn -0.0970 -0.9846 -0.1455
vn 0.0970 -0.9846 -0.1455
vn 0.2872 -0.9468 -0.1455
vn 0.4664 -0.8725 -0.1455
vn 0.6276 -0.7648 -0.1455
vn 0.7648 -0.6276 -0.1455
vn 0.8725 -0.4664 -0.1455
vn 0.9468 -0.2872 -0.1455
vn 0.9846 -0.0970 -0.1455
vn 0.9846 0.0970 -0.1455
vn 0.9468 0.2872 -0.1455
vn 0.8725 0.4664 -0.1455
vn 0.7648 0.6276 -0.1455
vn 0.6276 0.7648 -0.1455
vn 0.4664 0.8725 -0.1455
vn 0.2872 0.9468 -0.1455
vn 0.0970 0.9846 -0.1455
vn -0.0970 0.9846 -0.1455
vn -0.2872 0.9468 -0.1455
vn -0.4664 0.8725 -0.1455
vn -0.6276 0.7648 -0.1455
vn -0.7648 0.6276 -0.1455
vn -0.8725 0.4664 -0.1455
vn -0.9468 0.2872 -0.1455
vn -0.9846 0.0970 -0.1455
vn -0.9846 -0.0970 -0.1455
vn -0.9468 -0.2872 -0.1455
vn -0.0655 0.0065 0.9978
vt 0.774949 0.749855
vt 0.718649 0.749855
vt 0.718854 0.746528
vt 0.774747 0.746528
vt 0.315681 0.826234
vt 0.363741 0.826234
vt 0.363941 0.829819
vt 0.315474 0.829819
vt 0.315474 0.789937
vt 0.259174 0.789937
vt 0.259376 0.786565
vt 0.315269 0.786565
vt 0.363741 0.784930
vt 0.315681 0.784930
vt 0.315474 0.781352
vt 0.363941 0.781352
vt 0.365018 0.781352
vt 0.315474 0.781352
vt 0.315474 0.725052
vt 0.365018 0.725052
vt 0.722565 0.684969
vt 0.771032 0.684969
vt 0.262348 0.725052
vt 0.259174 0.721679
vt 0.262887 0.660140
vt 0.266469 0.656767
vt 0.307772 0.656767
vt 0.311354 0.660140
vt 0.315067 0.721679
vt 0.311892 0.725052
vt 0.318241 0.725052
vt 0.318780 0.660140
vt 0.322362 0.656767
vt 0.363665 0.656767
vt 0.367247 0.660140
vt 0.370960 0.721679
vt 0.367786 0.725052
vt 0.263091 0.725052
vt 0.311557 0.725052
vt 0.793730 0.891392
vt 0.794537 0.797558
vt 0.803739 0.797558
vt 0.804510 0.891392
vt 0.295110 0.789937
vt 0.293796 0.883771
vt 0.278458 0.883771
vt 0.277142 0.789937
vt 0.718373 0.750590
vt 0.717584 0.844425
vt 0.708381 0.844425
vt 0.707592 0.750590
vt 0.259174 0.883771
vt 0.260489 0.789937
vt 0.275828 0.789937
vt 0.277142 0.883771
vt 0.202883 0.829363
vt 0.202883 0.811395
vt 0.213664 0.811395
vt 0.213664 0.829363
vt 0.202883 0.844701
vt 0.202883 0.829363
vt 0.212086 0.829363
vt 0.212086 0.844701
vt 0.347816 0.843894
vt 0.348636 0.829819
vt 0.352403 0.829819
vt 0.353206 0.843894
vt 0.169988 0.830163
vt 0.169365 0.844239
vt 0.166467 0.844239
vt 0.165842 0.830163
vt 0.320864 0.829819
vt 0.320053 0.843894
vt 0.316286 0.843894
vt 0.315474 0.829819
vt 0.190721 0.844239
vt 0.191346 0.830163
vt 0.194244 0.830163
vt 0.194867 0.844239
vt 0.375107 0.718451
vt 0.379253 0.718451
vt 0.379253 0.723841
vt 0.375107 0.723841
vt 0.345323 0.843894
vt 0.348221 0.843894
vt 0.348221 0.847661
vt 0.345323 0.847661
vt 0.337036 0.843894
vt 0.337856 0.829819
vt 0.341623 0.829819
vt 0.342426 0.843894
vt 0.190721 0.830163
vt 0.190097 0.844239
vt 0.187200 0.844239
vt 0.186574 0.830163
vt 0.337036 0.829819
vt 0.336224 0.843894
vt 0.332457 0.843894
vt 0.331645 0.829819
vt 0.358595 0.843895
vt 0.359221 0.829819
vt 0.362118 0.829819
vt 0.362742 0.843895
vt 0.370960 0.713061
vt 0.375107 0.713061
vt 0.375107 0.718451
vt 0.370960 0.718451
vt 0.351119 0.843894
vt 0.351119 0.847661
vt 0.354026 0.829819
vt 0.357793 0.829819
vt 0.358595 0.843894
vt 0.174135 0.830163
vt 0.173511 0.844239
vt 0.170614 0.844239
vt 0.169988 0.830163
vt 0.326255 0.829819
vt 0.325443 0.843894
vt 0.321676 0.843894
vt 0.320864 0.829819
vt 0.174135 0.844239
vt 0.174760 0.830163
vt 0.177658 0.830163
vt 0.178281 0.844239
vt 0.379253 0.713061
vt 0.379253 0.718451
vt 0.339120 0.843894
vt 0.342018 0.843894
vt 0.342018 0.847661
vt 0.339120 0.847661
vt 0.343246 0.829819
vt 0.347013 0.829819
vt 0.347816 0.843894
vt 0.182428 0.830163
vt 0.181805 0.844239
vt 0.178907 0.844239
vt 0.178281 0.830163
vt 0.331645 0.829819
vt 0.330834 0.843894
vt 0.327067 0.843894
vt 0.326255 0.829819
vt 0.182428 0.844239
vt 0.183053 0.830163
vt 0.185951 0.830163
vt 0.186574 0.844239
vt 0.370960 0.718451
vt 0.370960 0.723841
vt 0.342426 0.843894
vt 0.342426 0.847661
vt 0.809290 0.797558
vt 0.809289 0.799962
vt 0.808168 0.800712
vt 0.808100 0.798354
vt 0.379415 0.665260
vt 0.380461 0.665260
vt 0.380455 0.666450
vt 0.379409 0.666474
vt 0.809286 0.830739
vt 0.809286 0.838976
vt 0.809049 0.830897
vt 0.809286 0.822817
vt 0.808822 0.823128
vt 0.809287 0.815516
vt 0.808612 0.815967
vt 0.809287 0.809117
vt 0.808429 0.809691
vt 0.809288 0.803865
vt 0.808279 0.804540
vt 0.807309 0.806537
vt 0.807090 0.802931
vt 0.806956 0.800710
vt 0.762028 0.887901
vt 0.760976 0.887105
vt 0.760976 0.884748
vt 0.762028 0.885498
vt 0.808821 0.831366
vt 0.808375 0.824047
vt 0.807964 0.817302
vt 0.807604 0.811390
vt 0.807964 0.825540
vt 0.807367 0.819470
vt 0.806844 0.814149
vt 0.806415 0.809782
vt 0.806097 0.806536
vt 0.759965 0.882528
vt 0.759965 0.878923
vt 0.760976 0.880921
vt 0.762027 0.881595
vt 0.808612 0.832127
vt 0.759964 0.874071
vt 0.760976 0.875770
vt 0.762027 0.876344
vt 0.808428 0.833151
vt 0.807603 0.827550
vt 0.806843 0.822387
vt 0.806177 0.817862
vt 0.805631 0.814148
vt 0.759033 0.875679
vt 0.759033 0.871312
vt 0.807307 0.829999
vt 0.806413 0.825942
vt 0.805631 0.822387
vt 0.804988 0.819468
vt 0.759032 0.865991
vt 0.759964 0.868159
vt 0.760976 0.869494
vt 0.762027 0.869945
vt 0.808277 0.834400
vt 0.759964 0.861414
vt 0.760975 0.862334
vt 0.762027 0.862644
vt 0.808165 0.835824
vt 0.807087 0.832792
vt 0.806094 0.829998
vt 0.805224 0.827549
vt 0.804510 0.825538
vt 0.759032 0.859921
vt 0.805897 0.834399
vt 0.804974 0.833150
vt 0.758216 0.857912
vt 0.758216 0.852311
vt 0.759032 0.853335
vt 0.759964 0.854096
vt 0.760975 0.854565
vt 0.762027 0.854723
vt 0.808096 0.837369
vt 0.806952 0.835824
vt 0.760975 0.846485
vt 0.762027 0.846485
vt 0.808072 0.838976
vt 0.806906 0.838976
vt 0.805831 0.838975
vt 0.804889 0.838975
vt 0.758216 0.846486
vt 0.759032 0.846486
vt 0.759964 0.846485
vt 0.758216 0.840661
vt 0.759032 0.839636
vt 0.759964 0.838875
vt 0.760975 0.838406
vt 0.762027 0.838247
vt 0.808096 0.840583
vt 0.806952 0.842128
vt 0.805897 0.843552
vt 0.804974 0.844800
vt 0.808165 0.842129
vt 0.807087 0.845160
vt 0.806094 0.847953
vt 0.805224 0.850401
vt 0.758216 0.835060
vt 0.759032 0.833050
vt 0.759964 0.831557
vt 0.760975 0.830637
vt 0.762027 0.830326
vt 0.804510 0.852409
vt 0.805631 0.855563
vt 0.804988 0.858479
vt 0.759032 0.826980
vt 0.759964 0.824812
vt 0.760976 0.823477
vt 0.762027 0.823027
vt 0.808277 0.843553
vt 0.807307 0.847953
vt 0.806413 0.852009
vt 0.808428 0.844801
vt 0.807603 0.850402
vt 0.806843 0.855564
vt 0.806177 0.860087
vt 0.805631 0.863800
vt 0.759033 0.821661
vt 0.759964 0.818901
vt 0.760976 0.817202
vt 0.762027 0.816628
vt 0.759033 0.817295
vt 0.759965 0.814050
vt 0.760976 0.812052
vt 0.762027 0.811377
vt 0.808612 0.845826
vt 0.807964 0.852412
vt 0.807367 0.858481
vt 0.806844 0.863801
vt 0.806415 0.868166
vt 0.808821 0.846587
vt 0.808375 0.853905
vt 0.807964 0.860649
vt 0.807604 0.866560
vt 0.807309 0.871410
vt 0.806097 0.871409
vt 0.807090 0.875014
vt 0.759965 0.810445
vt 0.760976 0.808225
vt 0.762028 0.807476
vt 0.808279 0.873408
vt 0.808168 0.877234
vt 0.806956 0.877233
vt 0.808100 0.879590
vt 0.760976 0.805869
vt 0.762028 0.805073
vt 0.809049 0.847056
vt 0.808822 0.854824
vt 0.808612 0.861984
vt 0.808429 0.868259
vt 0.809286 0.855135
vt 0.809287 0.862435
vt 0.809287 0.868832
vt 0.809288 0.874083
vt 0.809289 0.877984
vt 0.809290 0.880386
vt 0.379409 0.661620
vt 0.380455 0.661643
vt 0.380461 0.662833
vt 0.379415 0.662833
vt 0.809286 0.847214
vt 0.810410 0.877234
vt 0.810480 0.879590
vt 0.380455 0.664024
vt 0.379409 0.664047
vt 0.809522 0.847056
vt 0.809750 0.854824
vt 0.809961 0.861984
vt 0.810145 0.868259
vt 0.810297 0.873408
vt 0.810609 0.860649
vt 0.810970 0.866560
vt 0.811267 0.871410
vt 0.811488 0.875014
vt 0.811625 0.877233
vt 0.808117 0.684969
vt 0.809168 0.685765
vt 0.809184 0.688121
vt 0.808134 0.687372
vt 0.809750 0.846587
vt 0.810197 0.853905
vt 0.809199 0.691948
vt 0.808149 0.691273
vt 0.809960 0.845826
vt 0.810608 0.852412
vt 0.811206 0.858481
vt 0.811731 0.863801
vt 0.812161 0.868166
vt 0.812482 0.871409
vt 0.810194 0.690341
vt 0.810208 0.693946
vt 0.811730 0.855564
vt 0.812397 0.860087
vt 0.812945 0.863800
vt 0.811135 0.697190
vt 0.811146 0.701556
vt 0.810220 0.698797
vt 0.809212 0.697098
vt 0.808162 0.696524
vt 0.810144 0.844801
vt 0.810969 0.850402
vt 0.809223 0.703373
vt 0.808173 0.702922
vt 0.810295 0.843553
vt 0.811265 0.847953
vt 0.812160 0.852009
vt 0.812944 0.855563
vt 0.813588 0.858479
vt 0.811155 0.706876
vt 0.810230 0.704708
vt 0.813350 0.850401
vt 0.814066 0.852409
vt 0.811162 0.712946
vt 0.810237 0.711453
vt 0.809231 0.710533
vt 0.808181 0.710222
vt 0.810407 0.842129
vt 0.811485 0.845160
vt 0.812479 0.847953
vt 0.810476 0.840583
vt 0.811620 0.842128
vt 0.812676 0.843552
vt 0.813601 0.844800
vt 0.811968 0.714956
vt 0.811972 0.720557
vt 0.811166 0.719532
vt 0.810242 0.718771
vt 0.809236 0.718302
vt 0.808186 0.718143
vt 0.811973 0.726382
vt 0.811167 0.726381
vt 0.810243 0.726381
vt 0.809237 0.726381
vt 0.808187 0.726381
vt 0.810499 0.838976
vt 0.811666 0.838976
vt 0.812742 0.838975
vt 0.813685 0.838975
vt 0.810476 0.837369
vt 0.811620 0.835824
vt 0.812676 0.834399
vt 0.813601 0.833150
vt 0.811972 0.732207
vt 0.811166 0.733231
vt 0.810242 0.733992
vt 0.809236 0.734461
vt 0.808186 0.734619
vt 0.811162 0.739817
vt 0.810237 0.741310
vt 0.809231 0.742230
vt 0.808181 0.742540
vt 0.810407 0.835824
vt 0.811485 0.832792
vt 0.812479 0.829998
vt 0.813350 0.827549
vt 0.811968 0.737808
vt 0.811265 0.829999
vt 0.812160 0.825942
vt 0.812944 0.822387
vt 0.814066 0.825538
vt 0.813588 0.819468
vt 0.811155 0.745887
vt 0.810230 0.748055
vt 0.809223 0.749390
vt 0.808173 0.749840
vt 0.810295 0.834400
vt 0.810220 0.753967
vt 0.809212 0.755666
vt 0.808162 0.756239
vt 0.810144 0.833151
vt 0.810969 0.827550
vt 0.811730 0.822387
vt 0.812397 0.817862
vt 0.812945 0.814148
vt 0.811146 0.751208
vt 0.810608 0.825540
vt 0.811206 0.819470
vt 0.811731 0.814149
vt 0.812161 0.809782
vt 0.811135 0.755574
vt 0.810208 0.758819
vt 0.809199 0.760817
vt 0.808149 0.761491
vt 0.809960 0.832127
vt 0.810194 0.762424
vt 0.809184 0.764644
vt 0.808134 0.765394
vt 0.809750 0.831366
vt 0.810197 0.824047
vt 0.810609 0.817302
vt 0.810970 0.811390
vt 0.811267 0.806537
vt 0.812482 0.806536
vt 0.811488 0.802931
vt 0.809961 0.815967
vt 0.810145 0.809691
vt 0.810297 0.804540
vt 0.810410 0.800712
vt 0.811625 0.800710
vt 0.810480 0.798354
vt 0.809168 0.767001
vt 0.808117 0.767797
vt 0.809522 0.830897
vt 0.809750 0.823128
vt 0.379409 0.664047
vt 0.380455 0.664070
vt 0.379409 0.693476
vt 0.379409 0.688790
vt 0.379825 0.690157
vt 0.379259 0.703658
vt 0.380473 0.702068
vt 0.380473 0.703676
vt 0.379825 0.679417
vt 0.380241 0.682737
vt 0.379825 0.684103
vt 0.135608 0.798220
vt 0.136629 0.802549
vt 0.135116 0.816792
vt 0.133191 0.828490
vt 0.130928 0.837195
vt 0.128413 0.842572
vt 0.125743 0.844414
vt 0.123020 0.842650
vt 0.120350 0.837349
vt 0.117835 0.828713
vt 0.115572 0.817075
vt 0.113647 0.802883
vt 0.112134 0.786680
vt 0.111092 0.769091
vt 0.110561 0.750791
vt 0.110561 0.732483
vt 0.111092 0.714871
vt 0.112134 0.698631
vt 0.113155 0.702961
vt 0.112200 0.717847
vt 0.111713 0.733992
vt 0.111713 0.750774
vt 0.112200 0.767550
vt 0.113155 0.783673
vt 0.114541 0.798526
vt 0.116306 0.811536
vt 0.118381 0.822204
vt 0.120686 0.830120
vt 0.123134 0.834980
vt 0.125629 0.836596
vt 0.128077 0.834908
vt 0.130382 0.829979
vt 0.132457 0.822000
vt 0.134222 0.811276
vt 0.351133 0.846591
vt 0.352929 0.846591
vt 0.352916 0.849287
vt 0.351119 0.849287
vt 0.352916 0.843894
vt 0.769194 0.928576
vt 0.770990 0.928576
vt 0.770954 0.933916
vt 0.769157 0.933916
vt 0.693602 0.689849
vt 0.692581 0.692856
vt 0.691539 0.675267
vt 0.691008 0.656967
vt 0.691008 0.638659
vt 0.691539 0.621047
vt 0.692581 0.604807
vt 0.694094 0.590565
vt 0.696019 0.578866
vt 0.698282 0.570161
vt 0.700797 0.564785
vt 0.703467 0.562943
vt 0.706190 0.564706
vt 0.708860 0.570008
vt 0.711375 0.578643
vt 0.713638 0.590281
vt 0.715563 0.604474
vt 0.717076 0.620676
vt 0.718117 0.638266
vt 0.718648 0.656566
vt 0.718648 0.674874
vt 0.718117 0.692486
vt 0.717076 0.708725
vt 0.715563 0.722968
vt 0.713638 0.734667
vt 0.711375 0.743372
vt 0.710829 0.736155
vt 0.712904 0.728176
vt 0.714669 0.717452
vt 0.716055 0.704396
vt 0.717010 0.689510
vt 0.717497 0.673365
vt 0.717497 0.656583
vt 0.717010 0.639807
vt 0.716055 0.623684
vt 0.714669 0.608831
vt 0.712904 0.595821
vt 0.710829 0.585153
vt 0.708524 0.577237
vt 0.706076 0.572377
vt 0.703581 0.570760
vt 0.701133 0.572449
vt 0.698828 0.577377
vt 0.696753 0.585357
vt 0.694988 0.596081
vt 0.693602 0.609137
vt 0.692647 0.624023
vt 0.692160 0.640168
vt 0.692160 0.656950
vt 0.692647 0.673726
vt 0.769227 0.919903
vt 0.771024 0.919903
vt 0.769257 0.908233
vt 0.771053 0.908233
vt 0.769281 0.894013
vt 0.771077 0.894013
vt 0.113647 0.684389
vt 0.115572 0.672690
vt 0.117835 0.663985
vt 0.120350 0.658608
vt 0.123020 0.656767
vt 0.125743 0.658530
vt 0.128413 0.663832
vt 0.130928 0.672467
vt 0.133191 0.684105
vt 0.135116 0.698298
vt 0.136629 0.714500
vt 0.137670 0.732090
vt 0.138202 0.750390
vt 0.138202 0.768698
vt 0.137670 0.786310
vt 0.136563 0.783334
vt 0.137050 0.767189
vt 0.137050 0.750407
vt 0.136563 0.733631
vt 0.135608 0.717507
vt 0.134222 0.702655
vt 0.132457 0.689645
vt 0.130382 0.678977
vt 0.128077 0.671061
vt 0.125629 0.666201
vt 0.123134 0.664584
vt 0.120686 0.666273
vt 0.118381 0.671201
vt 0.116306 0.679181
vt 0.114541 0.689905
vt 0.769299 0.877790
vt 0.771095 0.877790
vt 0.257598 0.888329
vt 0.255801 0.888329
vt 0.255802 0.873459
vt 0.257598 0.873459
vt 0.257598 0.901363
vt 0.255801 0.901363
vt 0.257598 0.912059
vt 0.255801 0.912059
vt 0.257597 0.920007
vt 0.255801 0.920007
vt 0.257597 0.924901
vt 0.255800 0.924901
vt 0.362215 0.846367
vt 0.360418 0.846367
vt 0.360406 0.843895
vt 0.362202 0.843895
vt 0.362202 0.848839
vt 0.360406 0.848839
vt 0.252031 0.920007
vt 0.253827 0.920007
vt 0.253861 0.924901
vt 0.252064 0.924901
vt 0.252000 0.912059
vt 0.253797 0.912059
vt 0.251973 0.901363
vt 0.253770 0.901363
vt 0.253748 0.888329
vt 0.251951 0.888329
vt 0.253731 0.873459
vt 0.251934 0.873459
vt 0.253721 0.857324
vt 0.251924 0.857324
vt 0.253718 0.840543
vt 0.251921 0.840543
vt 0.253721 0.823762
vt 0.251924 0.823762
vt 0.253731 0.807626
vt 0.251934 0.807626
vt 0.253748 0.792755
vt 0.251951 0.792755
vt 0.253770 0.779719
vt 0.251973 0.779719
vt 0.708860 0.748748
vt 0.706190 0.750590
vt 0.703467 0.748827
vt 0.700797 0.743525
vt 0.698282 0.734889
vt 0.696019 0.723252
vt 0.694094 0.709059
vt 0.694988 0.704702
vt 0.696753 0.717712
vt 0.698828 0.728380
vt 0.701133 0.736296
vt 0.703581 0.741156
vt 0.706076 0.742772
vt 0.708524 0.741084
vt 0.253797 0.769021
vt 0.252000 0.769021
vt 0.253827 0.761072
vt 0.252031 0.761072
vt 0.253861 0.756176
vt 0.252064 0.756176
vt 0.165854 0.846711
vt 0.165842 0.844239
vt 0.167639 0.844239
vt 0.167651 0.846711
vt 0.165842 0.849182
vt 0.167639 0.849182
vt 0.255801 0.761072
vt 0.255800 0.756176
vt 0.257597 0.756176
vt 0.257597 0.761072
vt 0.255801 0.769021
vt 0.257598 0.769021
vt 0.255801 0.779719
vt 0.257598 0.779719
vt 0.257598 0.792754
vt 0.255801 0.792754
vt 0.257598 0.807626
vt 0.255802 0.807626
vt 0.257599 0.823762
vt 0.255802 0.823762
vt 0.257599 0.840543
vt 0.255802 0.840543
vt 0.257599 0.857323
vt 0.255802 0.857323
vt 0.769157 0.749855
vt 0.770954 0.749855
vt 0.770990 0.755194
vt 0.769194 0.755194
vt 0.771024 0.763864
vt 0.769227 0.763864
vt 0.771053 0.775532
vt 0.769257 0.775532
vt 0.771077 0.789751
vt 0.769281 0.789751
vt 0.771095 0.805973
vt 0.769299 0.805973
vt 0.771106 0.823575
vt 0.769310 0.823575
vt 0.771110 0.841881
vt 0.769313 0.841881
vt 0.771106 0.860187
vt 0.769310 0.860187
vt 0.358609 0.846591
vt 0.360406 0.846591
vt 0.360392 0.849288
vt 0.358595 0.849288
vt 0.358595 0.843895
vt 0.360392 0.843895
vt 0.774948 0.755194
vt 0.773152 0.755194
vt 0.773152 0.749855
vt 0.774948 0.763864
vt 0.773151 0.763864
vt 0.774948 0.775532
vt 0.773151 0.775532
vt 0.774948 0.789751
vt 0.773151 0.789751
vt 0.774947 0.805973
vt 0.773151 0.805973
vt 0.774947 0.823575
vt 0.773150 0.823575
vt 0.774947 0.841881
vt 0.773150 0.841881
vt 0.774947 0.860187
vt 0.773150 0.860187
vt 0.774947 0.877790
vt 0.773151 0.877790
vt 0.774948 0.894013
vt 0.773151 0.894013
vt 0.774948 0.908233
vt 0.773151 0.908233
vt 0.774948 0.919903
vt 0.773151 0.919903
vt 0.774948 0.928576
vt 0.773152 0.928576
vt 0.774949 0.933916
vt 0.773152 0.933916
vt 0.037876 0.870245
vt 0.039101 0.875441
vt 0.036832 0.896805
vt 0.033945 0.914352
vt 0.030550 0.927410
vt 0.026777 0.935475
vt 0.022772 0.938238
vt 0.018688 0.935592
vt 0.014683 0.927640
vt 0.010911 0.914687
vt 0.007515 0.897230
vt 0.004628 0.875941
vt 0.002359 0.851637
vt 0.000797 0.825253
vt -0.000000 0.797803
vt -0.000000 0.770341
vt 0.000797 0.743923
vt 0.002359 0.719564
vt 0.004628 0.698200
vt 0.007515 0.680652
vt 0.010911 0.667594
vt 0.014683 0.659529
vt 0.018688 0.656767
vt 0.022772 0.659412
vt 0.026777 0.667364
vt 0.030550 0.680318
vt 0.033945 0.697774
vt 0.036832 0.719064
vt 0.035759 0.724293
vt 0.033064 0.704423
vt 0.029895 0.688130
vt 0.026374 0.676040
vt 0.022636 0.668618
vt 0.018825 0.666149
vt 0.015087 0.668728
vt 0.011565 0.676255
vt 0.008396 0.688442
vt 0.005701 0.704820
vt 0.003584 0.724760
vt 0.002126 0.747495
vt 0.001382 0.772152
vt 0.001382 0.797783
vt 0.002126 0.823403
vt 0.003584 0.848028
vt 0.005701 0.870712
vt 0.008396 0.890581
vt 0.011565 0.906874
vt 0.015087 0.918964
vt 0.018825 0.926386
vt 0.022636 0.928855
vt 0.026374 0.926277
vt 0.029895 0.918749
vt 0.033064 0.906562
vt 0.035759 0.890184
vt 0.328243 0.847939
vt 0.330040 0.847939
vt 0.330019 0.851984
vt 0.328222 0.851984
vt 0.328222 0.843894
vt 0.330019 0.843894
vt 0.382958 0.924847
vt 0.384754 0.924847
vt 0.384700 0.932859
vt 0.382903 0.932859
vt 0.616484 0.610599
vt 0.615603 0.603951
vt 0.618998 0.586494
vt 0.622771 0.573541
vt 0.626776 0.565588
vt 0.630859 0.562943
vt 0.634864 0.565706
vt 0.638637 0.573771
vt 0.642032 0.586828
vt 0.644920 0.604376
vt 0.647188 0.625740
vt 0.648751 0.650099
vt 0.649548 0.676517
vt 0.649548 0.703979
vt 0.648751 0.731430
vt 0.647188 0.757814
vt 0.644920 0.782117
vt 0.642032 0.803406
vt 0.638637 0.820863
vt 0.634864 0.833816
vt 0.630859 0.841769
vt 0.626776 0.844414
vt 0.622771 0.841651
vt 0.618998 0.833586
vt 0.615603 0.820529
vt 0.612715 0.802981
vt 0.613789 0.796361
vt 0.616484 0.812739
vt 0.619653 0.824926
vt 0.623174 0.832453
vt 0.626912 0.835032
vt 0.630723 0.832563
vt 0.634461 0.825140
vt 0.637982 0.813051
vt 0.641151 0.796758
vt 0.643846 0.776888
vt 0.645964 0.754205
vt 0.647422 0.729580
vt 0.648166 0.703959
vt 0.648166 0.678328
vt 0.647422 0.653671
vt 0.645964 0.630936
vt 0.643846 0.610996
vt 0.641151 0.594618
vt 0.637982 0.582431
vt 0.634461 0.574904
vt 0.630723 0.572325
vt 0.626912 0.574794
vt 0.623174 0.582216
vt 0.619653 0.594306
vt 0.383008 0.911839
vt 0.384805 0.911839
vt 0.383052 0.894333
vt 0.384849 0.894333
vt 0.383088 0.873003
vt 0.384885 0.873003
vt 0.039101 0.743367
vt 0.040664 0.769751
vt 0.041460 0.797201
vt 0.041460 0.824663
vt 0.040664 0.851081
vt 0.039335 0.847510
vt 0.040078 0.822853
vt 0.040078 0.797221
vt 0.039335 0.771601
vt 0.037876 0.746976
vt 0.383115 0.848669
vt 0.384912 0.848669
vt 0.965064 0.867247
vt 0.963267 0.867247
vt 0.963267 0.844536
vt 0.965064 0.844536
vt 0.965064 0.887153
vt 0.963267 0.887153
vt 0.965063 0.903488
vt 0.963266 0.903488
vt 0.965063 0.915627
vt 0.963266 0.915627
vt 0.965062 0.923101
vt 0.963265 0.923101
vt 0.335488 0.847669
vt 0.333692 0.847669
vt 0.333672 0.843894
vt 0.335469 0.843894
vt 0.335469 0.851444
vt 0.333672 0.851444
vt 0.959619 0.915627
vt 0.961415 0.915627
vt 0.961466 0.923101
vt 0.959670 0.923101
vt 0.959572 0.903488
vt 0.961369 0.903488
vt 0.959531 0.887153
vt 0.961327 0.887153
vt 0.610447 0.781617
vt 0.608884 0.757258
vt 0.608087 0.730840
vt 0.608087 0.703378
vt 0.608884 0.675927
vt 0.610447 0.649543
vt 0.612715 0.625240
vt 0.613789 0.630469
vt 0.611671 0.653152
vt 0.610213 0.677777
vt 0.609469 0.703398
vt 0.609469 0.729029
vt 0.610213 0.753686
vt 0.611671 0.776421
vt 0.961294 0.867247
vt 0.959497 0.867247
vt 0.961269 0.844536
vt 0.959472 0.844536
vt 0.961253 0.819893
vt 0.959456 0.819893
vt 0.961248 0.794264
vt 0.959451 0.794264
vt 0.961253 0.768636
vt 0.959456 0.768636
vt 0.961269 0.743992
vt 0.959472 0.743992
vt 0.961294 0.721279
vt 0.959497 0.721279
vt 0.961327 0.701371
vt 0.959531 0.701371
vt 0.961369 0.685033
vt 0.959572 0.685033
vt 0.961415 0.672892
vt 0.959619 0.672892
vt 0.961466 0.665415
vt 0.959670 0.665415
vt 0.335507 0.847669
vt 0.335488 0.843894
vt 0.337285 0.843894
vt 0.337304 0.847669
vt 0.335488 0.851444
vt 0.337285 0.851444
vt 0.963265 0.665415
vt 0.965062 0.665415
vt 0.965063 0.672892
vt 0.963266 0.672892
vt 0.963266 0.685033
vt 0.965063 0.685033
vt 0.963267 0.701371
vt 0.965064 0.701371
vt 0.965064 0.721279
vt 0.963267 0.721279
vt 0.965064 0.743992
vt 0.963267 0.743992
vt 0.383052 0.695282
vt 0.384849 0.695282
vt 0.384885 0.716610
vt 0.383088 0.716610
vt 0.384912 0.740943
vt 0.383115 0.740943
vt 0.384928 0.767346
vt 0.383132 0.767346
vt 0.384934 0.794805
vt 0.383137 0.794805
vt 0.384928 0.822264
vt 0.383132 0.822264
vt 0.383008 0.677779
vt 0.384805 0.677779
vt 0.382958 0.664774
vt 0.384754 0.664774
vt 0.382903 0.656766
vt 0.384700 0.656766
vt 0.330060 0.847939
vt 0.331857 0.847939
vt 0.331836 0.851984
vt 0.330040 0.851984
vt 0.330040 0.843894
vt 0.331836 0.843894
vt 0.963265 0.673422
vt 0.961468 0.673422
vt 0.961469 0.665415
vt 0.963265 0.665415
vt 0.963264 0.686428
vt 0.961468 0.686428
vt 0.963264 0.703930
vt 0.961467 0.703930
vt 0.963264 0.725258
vt 0.961467 0.725258
vt 0.963263 0.749591
vt 0.961467 0.749591
vt 0.963263 0.775994
vt 0.961466 0.775994
vt 0.963263 0.803453
vt 0.961466 0.803453
vt 0.963263 0.830913
vt 0.961466 0.830913
vt 0.963263 0.857317
vt 0.961467 0.857317
vt 0.963264 0.881652
vt 0.961467 0.881652
vt 0.963264 0.902982
vt 0.961467 0.902982
vt 0.963264 0.920487
vt 0.961468 0.920487
vt 0.963265 0.933496
vt 0.961468 0.933496
vt 0.963266 0.941507
vt 0.961469 0.941507
vt 0.965064 0.768636
vt 0.963268 0.768636
vt 0.965064 0.794264
vt 0.963268 0.794264
vt 0.965064 0.819893
vt 0.963268 0.819893
vt 0.550415 0.715439
vt 0.551744 0.713589
vt 0.552806 0.750189
vt 0.552806 0.786805
vt 0.551744 0.822029
vt 0.549661 0.854508
vt 0.546636 0.882994
vt 0.542786 0.906391
vt 0.538259 0.923800
vt 0.533229 0.934554
vt 0.527889 0.938238
vt 0.522444 0.934710
vt 0.517104 0.924107
vt 0.512074 0.906836
vt 0.507547 0.883561
vt 0.503697 0.855175
vt 0.500672 0.822770
vt 0.498588 0.787592
vt 0.497526 0.750991
vt 0.497526 0.714375
vt 0.498588 0.679151
vt 0.500672 0.646672
vt 0.503697 0.618187
vt 0.507547 0.594790
vt 0.512074 0.577380
vt 0.517104 0.566627
vt 0.517507 0.575825
vt 0.512728 0.586040
vt 0.508428 0.602580
vt 0.504770 0.624807
vt 0.501896 0.651868
vt 0.499917 0.682723
vt 0.498908 0.716186
vt 0.498908 0.750971
vt 0.499917 0.785742
vt 0.501896 0.819161
vt 0.504770 0.849946
vt 0.508428 0.876912
vt 0.512728 0.899024
vt 0.517507 0.915432
vt 0.522580 0.925504
vt 0.527752 0.928855
vt 0.532825 0.925356
vt 0.537604 0.915140
vt 0.541905 0.898601
vt 0.545562 0.876373
vt 0.548436 0.849312
vt 0.550415 0.818457
vt 0.551425 0.784994
vt 0.551425 0.750209
vt 0.751164 0.848003
vt 0.752961 0.848003
vt 0.752933 0.853396
vt 0.751137 0.853396
vt 0.751137 0.842610
vt 0.752933 0.842610
vt 0.971898 0.983250
vt 0.973694 0.983250
vt 0.973621 0.993932
vt 0.971825 0.993932
vt 0.402167 0.586040
vt 0.401512 0.577380
vt 0.406543 0.566626
vt 0.411883 0.562943
vt 0.417327 0.566470
vt 0.422667 0.577073
vt 0.427698 0.594344
vt 0.432225 0.617620
vt 0.436075 0.646005
vt 0.439099 0.678410
vt 0.441183 0.713589
vt 0.442245 0.750189
vt 0.442245 0.786805
vt 0.441183 0.822029
vt 0.439099 0.854508
vt 0.436075 0.882994
vt 0.432225 0.906391
vt 0.427697 0.923801
vt 0.422667 0.934554
vt 0.417327 0.938238
vt 0.411883 0.934710
vt 0.406542 0.924107
vt 0.401512 0.906836
vt 0.396985 0.883561
vt 0.393135 0.855175
vt 0.390110 0.822770
vt 0.391335 0.819161
vt 0.394209 0.849946
vt 0.397866 0.876912
vt 0.402167 0.899024
vt 0.406946 0.915432
vt 0.412019 0.925504
vt 0.417191 0.928855
vt 0.422264 0.925356
vt 0.427043 0.915140
vt 0.431344 0.898601
vt 0.435001 0.876373
vt 0.437875 0.849312
vt 0.439854 0.818457
vt 0.440863 0.784994
vt 0.440863 0.750209
vt 0.439854 0.715439
vt 0.437875 0.682019
vt 0.435001 0.651235
vt 0.431344 0.624268
vt 0.427043 0.602157
vt 0.422264 0.585749
vt 0.417191 0.575676
vt 0.412019 0.572325
vt 0.406946 0.575825
vt 0.971965 0.965906
vt 0.973761 0.965906
vt 0.972023 0.942565
vt 0.973820 0.942565
vt 0.972072 0.914125
vt 0.973868 0.914125
vt 0.972108 0.881679
vt 0.973904 0.881679
vt 0.972130 0.846473
vt 0.973926 0.846473
vt 0.972137 0.809860
vt 0.973934 0.809860
vt 0.972130 0.773248
vt 0.973926 0.773249
vt 0.522444 0.562943
vt 0.527889 0.566470
vt 0.533229 0.577073
vt 0.538259 0.594344
vt 0.542786 0.617620
vt 0.546636 0.646005
vt 0.549661 0.678410
vt 0.548436 0.682019
vt 0.545562 0.651235
vt 0.541905 0.624268
vt 0.537604 0.602157
vt 0.532825 0.585749
vt 0.527752 0.575676
vt 0.522580 0.572325
vt 0.972108 0.738044
vt 0.973904 0.738044
vt 0.987004 0.819083
vt 0.985207 0.819083
vt 0.985207 0.784301
vt 0.987003 0.784301
vt 0.985206 0.750855
vt 0.987003 0.750855
vt 0.987003 0.853864
vt 0.985207 0.853864
vt 0.987003 0.887308
vt 0.985206 0.887308
vt 0.987003 0.918130
vt 0.985206 0.918130
vt 0.987002 0.945145
vt 0.985206 0.945145
vt 0.987002 0.967315
vt 0.985205 0.967315
vt 0.987001 0.983789
vt 0.985204 0.983789
vt 0.987001 0.993932
vt 0.985204 0.993932
vt 0.324588 0.849018
vt 0.322791 0.849018
vt 0.322766 0.843894
vt 0.324562 0.843894
vt 0.324562 0.854141
vt 0.322766 0.854141
vt 0.987231 0.965382
vt 0.989028 0.965382
vt 0.989097 0.975526
vt 0.987300 0.975526
vt 0.987167 0.948909
vt 0.988964 0.948909
vt 0.987111 0.926739
vt 0.988908 0.926739
vt 0.388027 0.787592
vt 0.386965 0.750991
vt 0.386965 0.714375
vt 0.388027 0.679151
vt 0.390110 0.646672
vt 0.393135 0.618187
vt 0.396985 0.594790
vt 0.397866 0.602580
vt 0.394209 0.624807
vt 0.391335 0.651868
vt 0.389356 0.682723
vt 0.388347 0.716186
vt 0.388347 0.750971
vt 0.389356 0.785742
vt 0.988862 0.899724
vt 0.987066 0.899724
vt 0.988828 0.868902
vt 0.987032 0.868902
vt 0.988807 0.835458
vt 0.987011 0.835458
vt 0.988800 0.800677
vt 0.987004 0.800677
vt 0.988807 0.765895
vt 0.987011 0.765895
vt 0.988828 0.732449
vt 0.987032 0.732449
vt 0.988862 0.701625
vt 0.987066 0.701625
vt 0.988908 0.674607
vt 0.987111 0.674607
vt 0.988964 0.652434
vt 0.987167 0.652434
vt 0.989028 0.635956
vt 0.987231 0.635956
vt 0.987300 0.625809
vt 0.989097 0.625809
vt 0.320969 0.849018
vt 0.320943 0.843894
vt 0.322740 0.843894
vt 0.322766 0.849018
vt 0.320943 0.854141
vt 0.322740 0.854141
vt 0.985204 0.654363
vt 0.985204 0.644215
vt 0.987001 0.644215
vt 0.987001 0.654363
vt 0.985205 0.670840
vt 0.987002 0.670840
vt 0.985206 0.693013
vt 0.987002 0.693013
vt 0.987003 0.720031
vt 0.985206 0.720031
vt 0.996397 0.562861
vt 0.994600 0.562861
vt 0.994601 0.552184
vt 0.996397 0.552184
vt 0.315474 0.843894
vt 0.317271 0.843894
vt 0.317298 0.849287
vt 0.315501 0.849287
vt 0.317271 0.854680
vt 0.315474 0.854680
vt 0.971825 0.625809
vt 0.973622 0.625809
vt 0.973694 0.636486
vt 0.971898 0.636486
vt 0.973761 0.653826
vt 0.971965 0.653826
vt 0.973820 0.677163
vt 0.972023 0.677163
vt 0.973868 0.705600
vt 0.972072 0.705600
vt 0.996396 0.580202
vt 0.994599 0.580202
vt 0.996396 0.603539
vt 0.994599 0.603539
vt 0.996395 0.631976
vt 0.994598 0.631976
vt 0.996395 0.664420
vt 0.994598 0.664420
vt 0.996395 0.699624
vt 0.994598 0.699624
vt 0.996394 0.736236
vt 0.994598 0.736236
vt 0.996395 0.772848
vt 0.994598 0.772848
vt 0.996395 0.808054
vt 0.994598 0.808054
vt 0.996395 0.840500
vt 0.994598 0.840500
vt 0.996396 0.868940
vt 0.994599 0.868940
vt 0.996396 0.892281
vt 0.994599 0.892281
vt 0.996397 0.909626
vt 0.994600 0.909626
vt 0.996397 0.920307
vt 0.994601 0.920307
vt 0.951214 0.659277
vt 0.952543 0.657426
vt 0.953871 0.703177
vt 0.953871 0.748947
vt 0.952543 0.792977
vt 0.949939 0.833576
vt 0.946157 0.869182
vt 0.941345 0.898429
vt 0.935686 0.920191
vt 0.929398 0.933633
vt 0.922723 0.938238
vt 0.915917 0.933829
vt 0.909242 0.920575
vt 0.902955 0.898986
vt 0.897296 0.869891
vt 0.892483 0.834409
vt 0.888702 0.793904
vt 0.886098 0.749930
vt 0.884770 0.704180
vt 0.884770 0.658410
vt 0.886098 0.614380
vt 0.888702 0.573781
vt 0.892483 0.538174
vt 0.897296 0.508928
vt 0.902955 0.487166
vt 0.909242 0.473724
vt 0.909645 0.482922
vt 0.903609 0.495826
vt 0.898177 0.516718
vt 0.893557 0.544794
vt 0.889927 0.578977
vt 0.887427 0.617951
vt 0.886152 0.660221
vt 0.886152 0.704160
vt 0.887427 0.748080
vt 0.889927 0.790295
vt 0.893557 0.829180
vt 0.898177 0.863243
vt 0.903609 0.891174
vt 0.909646 0.911899
vt 0.916054 0.924623
vt 0.922587 0.928855
vt 0.928995 0.924435
vt 0.935032 0.911531
vt 0.940464 0.890639
vt 0.945084 0.862562
vt 0.948714 0.828380
vt 0.951214 0.789405
vt 0.952489 0.747136
vt 0.952489 0.703197
vt 0.736530 0.849351
vt 0.738327 0.849351
vt 0.738293 0.856093
vt 0.736496 0.856093
vt 0.736496 0.842610
vt 0.738293 0.842610
vt 0.990699 0.446802
vt 0.992495 0.446802
vt 0.992404 0.460154
vt 0.990608 0.460154
vt 0.820826 0.321175
vt 0.819601 0.324784
vt 0.816997 0.280811
vt 0.815669 0.235061
vt 0.815669 0.189291
vt 0.816997 0.145260
vt 0.819601 0.104662
vt 0.823383 0.069055
vt 0.828195 0.039809
vt 0.833854 0.018047
vt 0.840142 0.004605
vt 0.846817 -0.000000
vt 0.853623 0.004409
vt 0.860298 0.017663
vt 0.866585 0.039252
vt 0.872244 0.068346
vt 0.877057 0.103828
vt 0.880838 0.144334
vt 0.883442 0.188308
vt 0.884770 0.234058
vt 0.884770 0.279828
vt 0.883442 0.323858
vt 0.880838 0.364457
vt 0.877057 0.400064
vt 0.872244 0.429310
vt 0.866585 0.451072
vt 0.865931 0.442412
vt 0.871363 0.421520
vt 0.875983 0.393443
vt 0.879613 0.359261
vt 0.882113 0.320286
vt 0.883388 0.278017
vt 0.883388 0.234078
vt 0.882113 0.190158
vt 0.879613 0.147943
vt 0.875983 0.109058
vt 0.871363 0.074995
vt 0.865931 0.047064
vt 0.859895 0.026339
vt 0.853486 0.013615
vt 0.846953 0.009382
vt 0.840545 0.013803
vt 0.834509 0.026707
vt 0.829076 0.047599
vt 0.824456 0.075675
vt 0.820826 0.109858
vt 0.818326 0.148832
vt 0.817051 0.191101
vt 0.817051 0.235041
vt 0.818326 0.278961
vt 0.990782 0.425121
vt 0.992579 0.425121
vt 0.990856 0.395945
vt 0.992652 0.395945
vt 0.990916 0.360395
vt 0.992713 0.360395
vt 0.990961 0.319837
vt 0.992758 0.319837
vt 0.990989 0.275830
vt 0.992785 0.275830
vt 0.990998 0.230064
vt 0.992795 0.230064
vt 0.990989 0.184300
vt 0.992785 0.184300
vt 0.915917 0.469119
vt 0.922723 0.473528
vt 0.929398 0.486782
vt 0.935686 0.508371
vt 0.941345 0.537465
vt 0.946157 0.572947
vt 0.949939 0.613453
vt 0.948714 0.617062
vt 0.945084 0.578177
vt 0.940464 0.544114
vt 0.935031 0.516183
vt 0.928995 0.495458
vt 0.922587 0.482734
vt 0.916054 0.478501
vt 0.990961 0.140294
vt 0.992758 0.140294
vt 0.976636 0.773070
vt 0.974839 0.773070
vt 0.974839 0.729135
vt 0.976635 0.729135
vt 0.974838 0.686888
vt 0.976635 0.686888
vt 0.976635 0.817004
vt 0.974839 0.817004
vt 0.976635 0.859249
vt 0.974838 0.859249
vt 0.976635 0.898182
vt 0.974838 0.898182
vt 0.976634 0.932306
vt 0.974837 0.932306
vt 0.976634 0.960311
vt 0.974837 0.960311
vt 0.976633 0.981119
vt 0.974836 0.981119
vt 0.976632 0.993932
vt 0.974835 0.993932
vt 0.747478 0.849082
vt 0.745681 0.849082
vt 0.745649 0.842610
vt 0.747445 0.842610
vt 0.747445 0.855553
vt 0.745649 0.855553
vt 0.979188 0.962713
vt 0.980985 0.962713
vt 0.981072 0.975526
vt 0.979275 0.975526
vt 0.979107 0.941905
vt 0.980904 0.941905
vt 0.979037 0.913901
vt 0.980834 0.913901
vt 0.980776 0.879776
vt 0.978979 0.879776
vt 0.980733 0.840843
vt 0.978936 0.840843
vt 0.980706 0.798598
vt 0.978910 0.798598
vt 0.980697 0.754664
vt 0.978901 0.754664
vt 0.980706 0.710729
vt 0.978910 0.710729
vt 0.980733 0.668482
vt 0.978936 0.668482
vt 0.980776 0.629546
vt 0.978979 0.629546
vt 0.980834 0.595418
vt 0.979037 0.595418
vt 0.860298 0.464514
vt 0.853623 0.469119
vt 0.846817 0.464710
vt 0.840142 0.451456
vt 0.833854 0.429867
vt 0.828195 0.400772
vt 0.823383 0.365290
vt 0.824456 0.360061
vt 0.829076 0.394124
vt 0.834509 0.422055
vt 0.840545 0.442780
vt 0.846953 0.455504
vt 0.853486 0.459736
vt 0.859895 0.455316
vt 0.980904 0.567410
vt 0.979108 0.567410
vt 0.980985 0.546596
vt 0.979188 0.546596
vt 0.979275 0.533778
vt 0.981072 0.533778
vt 0.743852 0.849082
vt 0.743819 0.842610
vt 0.745616 0.842610
vt 0.745649 0.849082
vt 0.743819 0.855553
vt 0.745616 0.855553
vt 0.974836 0.565002
vt 0.974835 0.552184
vt 0.976632 0.552184
vt 0.976633 0.565002
vt 0.974837 0.585815
vt 0.976633 0.585815
vt 0.974837 0.613824
vt 0.976634 0.613824
vt 0.976635 0.647952
vt 0.974838 0.647952
vt 0.990608 0.000000
vt 0.992404 0.000000
vt 0.992495 0.013346
vt 0.990699 0.013346
vt 0.992579 0.035022
vt 0.990782 0.035022
vt 0.992652 0.064193
vt 0.990856 0.064193
vt 0.992713 0.099739
vt 0.990916 0.099739
vt 0.740192 0.849351
vt 0.741988 0.849351
vt 0.741955 0.856093
vt 0.740158 0.856093
vt 0.740158 0.842610
vt 0.741955 0.842610
vt 0.998197 0.547125
vt 0.996400 0.547125
vt 0.996401 0.533778
vt 0.998198 0.533778
vt 0.998196 0.568800
vt 0.996400 0.568800
vt 0.998196 0.597971
vt 0.996399 0.597971
vt 0.998195 0.633517
vt 0.996398 0.633517
vt 0.998195 0.674072
vt 0.996398 0.674072
vt 0.998194 0.718078
vt 0.996397 0.718078
vt 0.998194 0.763843
vt 0.996397 0.763843
vt 0.998194 0.809608
vt 0.996397 0.809608
vt 0.998195 0.853615
vt 0.996398 0.853615
vt 0.998195 0.894173
vt 0.996398 0.894173
vt 0.998196 0.929723
vt 0.996399 0.929723
vt 0.998196 0.958899
vt 0.996400 0.958899
vt 0.998197 0.980580
vt 0.996400 0.980580
vt 0.998198 0.993932
vt 0.996401 0.993932
vt 0.632805 0.227819
vt 0.634134 0.225969
vt 0.635728 0.280870
vt 0.635728 0.335794
vt 0.634134 0.388630
vt 0.631009 0.437348
vt 0.626472 0.480076
vt 0.620697 0.515172
vt 0.613906 0.541287
vt 0.606361 0.557417
vt 0.598351 0.562943
vt 0.590184 0.557652
vt 0.582173 0.541747
vt 0.574628 0.515840
vt 0.567838 0.480927
vt 0.562063 0.438349
vt 0.557525 0.389742
vt 0.554400 0.336974
vt 0.552807 0.282073
vt 0.552807 0.227149
vt 0.554400 0.174313
vt 0.557525 0.125594
vt 0.562063 0.082866
vt 0.567837 0.047771
vt 0.574628 0.021656
vt 0.582173 0.005526
vt 0.582577 0.014724
vt 0.575283 0.030316
vt 0.568718 0.055561
vt 0.563136 0.089487
vt 0.558750 0.130790
vt 0.555729 0.177885
vt 0.554189 0.228960
vt 0.554189 0.282053
vt 0.555729 0.335124
vt 0.558750 0.386133
vt 0.563136 0.433119
vt 0.568718 0.474278
vt 0.575283 0.508028
vt 0.582577 0.533071
vt 0.590320 0.548446
vt 0.598214 0.553560
vt 0.605958 0.548219
vt 0.613251 0.532626
vt 0.619816 0.507382
vt 0.625398 0.473456
vt 0.629784 0.432152
vt 0.632805 0.385058
vt 0.634345 0.333983
vt 0.634345 0.280890
vt 0.370577 0.845730
vt 0.372374 0.845730
vt 0.372333 0.853819
vt 0.370536 0.853819
vt 0.370536 0.837641
vt 0.372333 0.837641
vt 0.976745 0.536162
vt 0.978541 0.536162
vt 0.978432 0.552184
vt 0.976636 0.552184
vt 0.392908 0.386132
vt 0.391683 0.389741
vt 0.388558 0.336974
vt 0.386965 0.282073
vt 0.386965 0.227149
vt 0.388558 0.174313
vt 0.391683 0.125594
vt 0.396221 0.082866
vt 0.401996 0.047771
vt 0.408786 0.021656
vt 0.416332 0.005526
vt 0.424342 0.000000
vt 0.432509 0.005291
vt 0.440519 0.021196
vt 0.448064 0.047102
vt 0.454855 0.082016
vt 0.460630 0.124594
vt 0.465167 0.173201
vt 0.468292 0.225969
vt 0.469886 0.280870
vt 0.469886 0.335794
vt 0.468292 0.388630
vt 0.465167 0.437348
vt 0.460630 0.480076
vt 0.454855 0.515172
vt 0.448064 0.541287
vt 0.447409 0.532626
vt 0.453974 0.507382
vt 0.459556 0.473456
vt 0.463942 0.432152
vt 0.466963 0.385058
vt 0.468504 0.333983
vt 0.468504 0.280890
vt 0.466963 0.227819
vt 0.463942 0.176810
vt 0.459556 0.129823
vt 0.453974 0.088664
vt 0.447409 0.054915
vt 0.440116 0.029871
vt 0.432372 0.014497
vt 0.424478 0.009382
vt 0.416735 0.014724
vt 0.409441 0.030316
vt 0.402877 0.055561
vt 0.397294 0.089487
vt 0.392908 0.130790
vt 0.389887 0.177885
vt 0.388347 0.228960
vt 0.388347 0.282053
vt 0.389887 0.335124
vt 0.976845 0.510145
vt 0.978642 0.510145
vt 0.976934 0.475134
vt 0.978730 0.475134
vt 0.977006 0.432474
vt 0.978803 0.432474
vt 0.977060 0.383805
vt 0.978856 0.383805
vt 0.977093 0.330996
vt 0.978889 0.330996
vt 0.977104 0.276077
vt 0.978901 0.276077
vt 0.977093 0.221160
vt 0.978889 0.221160
vt 0.590183 0.000000
vt 0.598351 0.005291
vt 0.606361 0.021196
vt 0.613906 0.047102
vt 0.620697 0.082016
vt 0.626471 0.124594
vt 0.631009 0.173201
vt 0.629784 0.176810
vt 0.625398 0.129823
vt 0.619816 0.088664
vt 0.613251 0.054915
vt 0.605957 0.029871
vt 0.598214 0.014497
vt 0.590320 0.009382
vt 0.977060 0.168353
vt 0.978856 0.168353
vt 1.000000 0.266903
vt 0.998203 0.266903
vt 0.998203 0.213815
vt 1.000000 0.213815
vt 0.998203 0.162767
vt 1.000000 0.162767
vt 1.000000 0.319990
vt 0.998203 0.319990
vt 1.000000 0.371037
vt 0.998203 0.371037
vt 0.999999 0.418081
vt 0.998202 0.418081
vt 0.999998 0.459314
vt 0.998202 0.459314
vt 0.999998 0.493153
vt 0.998201 0.493153
vt 0.999997 0.518296
vt 0.998200 0.518296
vt 0.999996 0.533778
vt 0.998199 0.533778
vt 0.381556 0.845460
vt 0.379759 0.845460
vt 0.379720 0.837641
vt 0.381516 0.837641
vt 0.381516 0.853280
vt 0.379720 0.853280
vt 0.981497 0.518296
vt 0.983294 0.518296
vt 0.983399 0.533778
vt 0.981602 0.533778
vt 0.981400 0.493153
vt 0.983196 0.493153
vt 0.981314 0.459314
vt 0.983111 0.459315
vt 0.983041 0.418081
vt 0.981245 0.418081
vt 0.982989 0.371037
vt 0.981193 0.371037
vt 0.982957 0.319991
vt 0.981161 0.319991
vt 0.982946 0.266903
vt 0.981150 0.266903
vt 0.982957 0.213816
vt 0.981161 0.213816
vt 0.982989 0.162767
vt 0.981193 0.162767
vt 0.983041 0.115720
vt 0.981245 0.115720
vt 0.983111 0.074482
vt 0.981315 0.074482
vt 0.440519 0.557417
vt 0.432509 0.562943
vt 0.424342 0.557652
vt 0.416332 0.541747
vt 0.408786 0.515840
vt 0.401996 0.480927
vt 0.396221 0.438349
vt 0.397294 0.433119
vt 0.402877 0.474278
vt 0.409441 0.508028
vt 0.416735 0.533071
vt 0.424478 0.548446
vt 0.432373 0.553560
vt 0.440116 0.548219
vt 0.983196 0.040638
vt 0.981400 0.040638
vt 0.983294 0.015488
vt 0.981497 0.015488
vt 0.981602 -0.000000
vt 0.983399 0.000000
vt 0.377923 0.845460
vt 0.377884 0.837641
vt 0.379680 0.837641
vt 0.379720 0.845460
vt 0.377884 0.853280
vt 0.379680 0.853280
vt 0.998200 0.015488
vt 0.998199 0.000000
vt 0.999996 0.000000
vt 0.999997 0.015488
vt 0.998201 0.040638
vt 0.999998 0.040638
vt 0.998202 0.074482
vt 0.999998 0.074482
vt 0.999999 0.115720
vt 0.998202 0.115720
vt 0.976636 0.000000
vt 0.978432 0.000000
vt 0.978541 0.016016
vt 0.976745 0.016016
vt 0.978642 0.042026
vt 0.976845 0.042026
vt 0.978730 0.077031
vt 0.976934 0.077031
vt 0.978803 0.119687
vt 0.977006 0.119687
vt 0.372414 0.845730
vt 0.374211 0.845730
vt 0.374170 0.853819
vt 0.372374 0.853819
vt 0.372374 0.837641
vt 0.374170 0.837641
vt 0.996396 0.016016
vt 0.994600 0.016016
vt 0.994601 0.000000
vt 0.996397 0.000000
vt 0.996395 0.042026
vt 0.994599 0.042026
vt 0.996394 0.077031
vt 0.994598 0.077031
vt 0.996394 0.119687
vt 0.994597 0.119687
vt 0.996393 0.168353
vt 0.994596 0.168353
vt 0.996393 0.221160
vt 0.994596 0.221160
vt 0.996393 0.276078
vt 0.994596 0.276078
vt 0.996393 0.330996
vt 0.994596 0.330996
vt 0.996393 0.383805
vt 0.994596 0.383805
vt 0.996394 0.432474
vt 0.994597 0.432474
vt 0.996394 0.475134
vt 0.994598 0.475134
vt 0.996395 0.510145
vt 0.994599 0.510145
vt 0.996396 0.536162
vt 0.994600 0.536162
vt 0.996397 0.552184
vt 0.994601 0.552184
vt 0.288841 0.266818
vt 0.290223 0.265007
vt 0.290224 0.329085
vt 0.288365 0.393136
vt 0.284718 0.454698
vt 0.279425 0.511407
vt 0.272687 0.561081
vt 0.264765 0.601814
vt 0.255962 0.632038
vt 0.246617 0.650594
vt 0.237089 0.656767
vt 0.227744 0.650320
vt 0.218941 0.631501
vt 0.211019 0.601034
vt 0.204281 0.560089
vt 0.198987 0.510240
vt 0.195341 0.453402
vt 0.193482 0.391759
vt 0.193482 0.327682
vt 0.195341 0.263631
vt 0.198987 0.202068
vt 0.204281 0.145360
vt 0.211018 0.095685
vt 0.218941 0.054953
vt 0.227744 0.024728
vt 0.237089 0.006173
vt 0.237225 0.015379
vt 0.228147 0.033404
vt 0.219595 0.062765
vt 0.211899 0.102334
vt 0.205354 0.150589
vt 0.200212 0.205677
vt 0.196670 0.265481
vt 0.194864 0.327702
vt 0.194864 0.389949
vt 0.196670 0.449830
vt 0.200212 0.505044
vt 0.205355 0.553469
vt 0.211900 0.593244
vt 0.219596 0.622841
vt 0.228147 0.641122
vt 0.237225 0.647384
vt 0.246481 0.641388
vt 0.255559 0.623362
vt 0.264110 0.594001
vt 0.271806 0.554433
vt 0.278351 0.506177
vt 0.283494 0.451089
vt 0.287036 0.391286
vt 0.288841 0.329065
vt 0.808165 0.777235
vt 0.809961 0.777235
vt 0.809914 0.786672
vt 0.808117 0.786672
vt 0.809914 0.767797
vt 0.967500 0.625522
vt 0.969297 0.625522
vt 0.969170 0.644215
vt 0.967373 0.644215
vt 0.043743 0.009382
vt 0.043606 0.000000
vt 0.053135 0.006173
vt 0.062480 0.024728
vt 0.071283 0.054953
vt 0.079205 0.095685
vt 0.085942 0.145360
vt 0.091236 0.202068
vt 0.094882 0.263631
vt 0.096741 0.327682
vt 0.095359 0.327702
vt 0.093553 0.265481
vt 0.090011 0.205677
vt 0.084869 0.150589
vt 0.078324 0.102334
vt 0.070628 0.062765
vt 0.062077 0.033404
vt 0.052999 0.015379
vt 0.967618 0.595169
vt 0.969414 0.595169
vt 0.967721 0.554323
vt 0.969517 0.554323
vt 0.967805 0.504553
vt 0.969602 0.504553
vt 0.967868 0.447772
vt 0.969664 0.447772
vt 0.967906 0.386162
vt 0.969703 0.386162
vt 0.967919 0.322090
vt 0.969716 0.322090
vt 0.967906 0.258019
vt 0.969703 0.258019
vt 0.246617 0.000000
vt 0.255962 0.006447
vt 0.264765 0.025265
vt 0.272687 0.055732
vt 0.279425 0.096677
vt 0.284718 0.146527
vt 0.288365 0.203365
vt 0.287036 0.206937
vt 0.283494 0.151723
vt 0.278351 0.103298
vt 0.271806 0.063522
vt 0.264110 0.033926
vt 0.255559 0.015645
vt 0.246481 0.009382
vt 0.967868 0.196412
vt 0.969664 0.196412
vt 0.990608 0.312921
vt 0.988811 0.312921
vt 0.988811 0.250680
vt 0.990608 0.250680
vt 0.988810 0.190830
vt 0.990607 0.190830
vt 0.096741 0.391759
vt 0.094882 0.453402
vt 0.091236 0.510240
vt 0.085942 0.560089
vt 0.079205 0.601034
vt 0.071283 0.631501
vt 0.062480 0.650320
vt 0.053135 0.656767
vt 0.043606 0.650594
vt 0.034261 0.632038
vt 0.025459 0.601814
vt 0.017536 0.561081
vt 0.010799 0.511407
vt 0.005505 0.454698
vt 0.001859 0.393136
vt -0.000000 0.329085
vt -0.000000 0.265007
vt 0.001859 0.203365
vt 0.005505 0.146527
vt 0.010799 0.096677
vt 0.017536 0.055732
vt 0.025459 0.025265
vt 0.034261 0.006447
vt 0.034665 0.015645
vt 0.026113 0.033926
vt 0.018417 0.063522
vt 0.011872 0.103298
vt 0.006730 0.151723
vt 0.003188 0.206937
vt 0.001382 0.266818
vt 0.001382 0.329065
vt 0.003188 0.391286
vt 0.006730 0.451089
vt 0.011872 0.506177
vt 0.018417 0.554433
vt 0.026113 0.594002
vt 0.034665 0.623362
vt 0.043743 0.641388
vt 0.052999 0.647384
vt 0.062077 0.641122
vt 0.070628 0.622841
vt 0.078324 0.593244
vt 0.084869 0.553469
vt 0.090011 0.505044
vt 0.093553 0.449830
vt 0.095359 0.389949
vt 0.988810 0.135671
vt 0.990607 0.135671
vt 0.988809 0.087323
vt 0.990606 0.087323
vt 0.988808 0.047644
vt 0.990605 0.047644
vt 0.988807 0.018159
vt 0.990604 0.018159
vt 0.988806 0.000000
vt 0.990602 0.000000
vt 0.195556 0.848499
vt 0.195602 0.839331
vt 0.197399 0.839331
vt 0.197353 0.848499
vt 0.195556 0.830163
vt 0.197353 0.830163
vt 0.972574 -0.000000
vt 0.974371 -0.000000
vt 0.974247 0.018159
vt 0.972450 0.018159
vt 0.974133 0.047644
vt 0.972336 0.047644
vt 0.974033 0.087324
vt 0.972237 0.087324
vt 0.973951 0.135672
vt 0.972154 0.135672
vt 0.973890 0.190830
vt 0.972094 0.190830
vt 0.973853 0.250680
vt 0.972056 0.250680
vt 0.973840 0.312921
vt 0.972043 0.312921
vt 0.973853 0.375161
vt 0.972056 0.375161
vt 0.973890 0.435009
vt 0.972094 0.435009
vt 0.973951 0.490164
vt 0.972154 0.490164
vt 0.974033 0.538507
vt 0.972236 0.538507
vt 0.974133 0.578180
vt 0.972336 0.578180
vt 0.974247 0.607658
vt 0.972450 0.607658
vt 0.974371 0.625809
vt 0.972574 0.625809
vt 0.366815 0.855977
vt 0.365018 0.855977
vt 0.365064 0.846809
vt 0.366861 0.846809
vt 0.365018 0.837641
vt 0.366815 0.837641
vt 0.990602 0.625809
vt 0.988806 0.625809
vt 0.988807 0.607658
vt 0.990604 0.607658
vt 0.988808 0.578179
vt 0.990605 0.578179
vt 0.988809 0.538507
vt 0.990606 0.538507
vt 0.988810 0.490164
vt 0.990607 0.490164
vt 0.988810 0.435009
vt 0.990607 0.435009
vt 0.988811 0.375161
vt 0.990608 0.375161
vt 0.987002 0.018685
vt 0.985205 0.018685
vt 0.985207 0.000000
vt 0.987004 0.000000
vt 0.362742 0.829819
vt 0.364539 0.829819
vt 0.364586 0.839257
vt 0.362789 0.839257
vt 0.364539 0.848694
vt 0.362742 0.848694
vt 0.967373 0.000000
vt 0.969170 0.000000
vt 0.969297 0.018685
vt 0.967500 0.018685
vt 0.969414 0.049030
vt 0.967618 0.049030
vt 0.969517 0.089870
vt 0.967721 0.089870
vt 0.969602 0.139635
vt 0.967805 0.139635
vt 0.987001 0.049030
vt 0.985204 0.049030
vt 0.987000 0.089870
vt 0.985203 0.089870
vt 0.986999 0.139635
vt 0.985202 0.139635
vt 0.986999 0.196412
vt 0.985202 0.196412
vt 0.986998 0.258020
vt 0.985201 0.258020
vt 0.986998 0.322090
vt 0.985201 0.322090
vt 0.986998 0.386162
vt 0.985201 0.386162
vt 0.986999 0.447772
vt 0.985202 0.447772
vt 0.986999 0.504553
vt 0.985202 0.504553
vt 0.987000 0.554323
vt 0.985203 0.554323
vt 0.987001 0.595169
vt 0.985204 0.595169
vt 0.987002 0.625522
vt 0.985205 0.625522
vt 0.987004 0.644215
vt 0.985207 0.644215
vt 0.163249 0.798220
vt 0.164269 0.802549
vt 0.162757 0.816792
vt 0.160832 0.828490
vt 0.158568 0.837195
vt 0.156053 0.842572
vt 0.153383 0.844414
vt 0.150661 0.842650
vt 0.147991 0.837349
vt 0.145476 0.828713
vt 0.143212 0.817075
vt 0.141287 0.802883
vt 0.139775 0.786680
vt 0.138733 0.769091
vt 0.138202 0.750791
vt 0.138202 0.732483
vt 0.138733 0.714871
vt 0.139775 0.698631
vt 0.140795 0.702961
vt 0.139840 0.717847
vt 0.139353 0.733992
vt 0.139353 0.750774
vt 0.139840 0.767550
vt 0.140795 0.783673
vt 0.142181 0.798526
vt 0.143946 0.811536
vt 0.146021 0.822204
vt 0.148327 0.830120
vt 0.150774 0.834980
vt 0.153270 0.836596
vt 0.155717 0.834908
vt 0.158023 0.829979
vt 0.160098 0.822000
vt 0.161862 0.811276
vt 0.353219 0.846591
vt 0.355016 0.846591
vt 0.355002 0.849287
vt 0.353205 0.849287
vt 0.353205 0.843894
vt 0.355002 0.843894
vt 0.767241 0.928576
vt 0.769038 0.928576
vt 0.769001 0.933916
vt 0.767205 0.933916
vt 0.084559 0.783334
vt 0.083452 0.786310
vt 0.082921 0.768698
vt 0.082921 0.750390
vt 0.083452 0.732090
vt 0.084494 0.714500
vt 0.086006 0.698298
vt 0.087931 0.684105
vt 0.090195 0.672467
vt 0.092710 0.663832
vt 0.095380 0.658530
vt 0.098102 0.656767
vt 0.100772 0.658608
vt 0.103287 0.663985
vt 0.105551 0.672690
vt 0.107476 0.684389
vt 0.108988 0.698631
vt 0.110030 0.714871
vt 0.110561 0.732483
vt 0.110561 0.750791
vt 0.110030 0.769091
vt 0.108988 0.786680
vt 0.107476 0.802883
vt 0.105551 0.817076
vt 0.103287 0.828713
vt 0.100772 0.837349
vt 0.100436 0.830120
vt 0.102742 0.822204
vt 0.104817 0.811536
vt 0.106581 0.798526
vt 0.107968 0.783673
vt 0.108923 0.767550
vt 0.109410 0.750774
vt 0.109410 0.733992
vt 0.108923 0.717847
vt 0.107968 0.702961
vt 0.106581 0.689905
vt 0.104817 0.679181
vt 0.102742 0.671202
vt 0.100436 0.666273
vt 0.097989 0.664584
vt 0.095493 0.666201
vt 0.093046 0.671061
vt 0.090740 0.678977
vt 0.088665 0.689645
vt 0.086901 0.702655
vt 0.085514 0.717507
vt 0.084559 0.733631
vt 0.084073 0.750407
vt 0.084073 0.767189
vt 0.767275 0.919903
vt 0.769071 0.919903
vt 0.767304 0.908233
vt 0.769101 0.908233
vt 0.767328 0.894013
vt 0.769125 0.894013
vt 0.141287 0.684389
vt 0.143212 0.672690
vt 0.145476 0.663985
vt 0.147991 0.658608
vt 0.150661 0.656767
vt 0.153383 0.658530
vt 0.156053 0.663832
vt 0.158568 0.672467
vt 0.160832 0.684105
vt 0.162757 0.698298
vt 0.164269 0.714500
vt 0.165311 0.732090
vt 0.165842 0.750390
vt 0.165842 0.768698
vt 0.165311 0.786310
vt 0.164204 0.783334
vt 0.164690 0.767189
vt 0.164690 0.750407
vt 0.164204 0.733631
vt 0.163249 0.717507
vt 0.161862 0.702655
vt 0.160098 0.689645
vt 0.158023 0.678977
vt 0.155717 0.671061
vt 0.153270 0.666201
vt 0.150774 0.664584
vt 0.148327 0.666273
vt 0.146021 0.671201
vt 0.143946 0.679181
vt 0.142181 0.689905
vt 0.767346 0.877790
vt 0.769143 0.877790
vt 0.202883 0.943548
vt 0.201086 0.943548
vt 0.201086 0.928677
vt 0.202883 0.928677
vt 0.202883 0.956582
vt 0.201086 0.956582
vt 0.202883 0.967278
vt 0.201086 0.967278
vt 0.202882 0.975225
vt 0.201085 0.975225
vt 0.202882 0.980119
vt 0.201085 0.980119
vt 0.171270 0.846711
vt 0.169473 0.846711
vt 0.169460 0.844239
vt 0.171257 0.844239
vt 0.171257 0.849182
vt 0.169460 0.849182
vt 0.253970 0.920007
vt 0.255767 0.920007
vt 0.255800 0.924901
vt 0.254004 0.924901
vt 0.253940 0.912059
vt 0.255736 0.912059
vt 0.253913 0.901363
vt 0.255709 0.901363
vt 0.255687 0.888329
vt 0.253891 0.888329
vt 0.255671 0.873459
vt 0.253874 0.873459
vt 0.255661 0.857324
vt 0.253864 0.857324
vt 0.255657 0.840543
vt 0.253861 0.840543
vt 0.255661 0.823762
vt 0.253864 0.823762
vt 0.255671 0.807626
vt 0.253874 0.807626
vt 0.255687 0.792755
vt 0.253891 0.792755
vt 0.255709 0.779719
vt 0.253913 0.779719
vt 0.098102 0.842650
vt 0.095380 0.844414
vt 0.092710 0.842572
vt 0.090195 0.837196
vt 0.087931 0.828491
vt 0.086006 0.816792
vt 0.084494 0.802549
vt 0.085514 0.798220
vt 0.086901 0.811276
vt 0.088665 0.822000
vt 0.090740 0.829979
vt 0.093046 0.834908
vt 0.095493 0.836596
vt 0.097989 0.834980
vt 0.255736 0.769021
vt 0.253940 0.769021
vt 0.255767 0.761072
vt 0.253970 0.761072
vt 0.255800 0.756176
vt 0.254004 0.756176
vt 0.167664 0.846711
vt 0.167651 0.844239
vt 0.169448 0.844239
vt 0.169460 0.846711
vt 0.167651 0.849182
vt 0.169448 0.849182
vt 0.201085 0.816290
vt 0.201085 0.811394
vt 0.202882 0.811394
vt 0.202882 0.816290
vt 0.201086 0.824240
vt 0.202883 0.824240
vt 0.201086 0.834938
vt 0.202883 0.834938
vt 0.202883 0.847973
vt 0.201086 0.847973
vt 0.202883 0.862844
vt 0.201086 0.862844
vt 0.202883 0.878980
vt 0.201086 0.878980
vt 0.202883 0.895761
vt 0.201087 0.895761
vt 0.202883 0.912542
vt 0.201086 0.912542
vt 0.767205 0.749855
vt 0.769001 0.749855
vt 0.769038 0.755194
vt 0.767241 0.755194
vt 0.769071 0.763864
vt 0.767275 0.763864
vt 0.769101 0.775532
vt 0.767304 0.775532
vt 0.769125 0.789751
vt 0.767328 0.789751
vt 0.769143 0.805973
vt 0.767346 0.805973
vt 0.769154 0.823575
vt 0.767357 0.823575
vt 0.769157 0.841881
vt 0.767361 0.841881
vt 0.769154 0.860187
vt 0.767357 0.860187
vt 0.355029 0.846591
vt 0.356826 0.846591
vt 0.356813 0.849287
vt 0.355016 0.849287
vt 0.355016 0.843894
vt 0.356813 0.843894
vt 0.772908 0.755194
vt 0.771111 0.755194
vt 0.771112 0.749855
vt 0.772908 0.749855
vt 0.772908 0.763864
vt 0.771111 0.763864
vt 0.772907 0.775532
vt 0.771111 0.775532
vt 0.772907 0.789751
vt 0.771110 0.789751
vt 0.772907 0.805973
vt 0.771110 0.805973
vt 0.772907 0.823575
vt 0.771110 0.823575
vt 0.772907 0.841881
vt 0.771110 0.841881
vt 0.772907 0.860187
vt 0.771110 0.860187
vt 0.772907 0.877790
vt 0.771110 0.877790
vt 0.772907 0.894013
vt 0.771110 0.894013
vt 0.772907 0.908233
vt 0.771111 0.908233
vt 0.772908 0.919903
vt 0.771111 0.919903
vt 0.772908 0.928576
vt 0.771111 0.928576
vt 0.772908 0.933917
vt 0.771112 0.933917
vt 0.077219 0.870712
vt 0.078293 0.875941
vt 0.075405 0.897230
vt 0.072010 0.914687
vt 0.068237 0.927640
vt 0.064232 0.935592
vt 0.060149 0.938238
vt 0.056144 0.935475
vt 0.052371 0.927410
vt 0.048976 0.914353
vt 0.046088 0.896805
vt 0.043820 0.875441
vt 0.042257 0.851082
vt 0.041460 0.824663
vt 0.041460 0.797202
vt 0.042257 0.769751
vt 0.043820 0.743367
vt 0.046088 0.719064
vt 0.048976 0.697774
vt 0.052371 0.680318
vt 0.056144 0.667364
vt 0.060149 0.659412
vt 0.064232 0.656767
vt 0.068238 0.659529
vt 0.072010 0.667595
vt 0.075405 0.680652
vt 0.078293 0.698200
vt 0.080562 0.719564
vt 0.079337 0.724760
vt 0.077219 0.704820
vt 0.074524 0.688442
vt 0.071356 0.676255
vt 0.067834 0.668728
vt 0.064096 0.666149
vt 0.060285 0.668618
vt 0.056547 0.676040
vt 0.053026 0.688130
vt 0.049857 0.704423
vt 0.047162 0.724293
vt 0.045045 0.746976
vt 0.043586 0.771601
vt 0.042842 0.797222
vt 0.042842 0.822853
vt 0.043586 0.847510
vt 0.045045 0.870245
vt 0.047162 0.890185
vt 0.049857 0.906563
vt 0.053026 0.918749
vt 0.056547 0.926277
vt 0.060285 0.928855
vt 0.064096 0.926386
vt 0.067834 0.918964
vt 0.071356 0.906874
vt 0.074524 0.890581
vt 0.324609 0.847939
vt 0.326405 0.847939
vt 0.326385 0.851984
vt 0.324588 0.851984
vt 0.324588 0.843894
vt 0.326385 0.843894
vt 0.384988 0.924847
vt 0.386785 0.924847
vt 0.386730 0.932859
vt 0.384934 0.932859
vt 0.657944 0.610599
vt 0.657063 0.603951
vt 0.660458 0.586494
vt 0.664231 0.573540
vt 0.668236 0.565588
vt 0.672320 0.562943
vt 0.676325 0.565706
vt 0.680097 0.573771
vt 0.683493 0.586828
vt 0.686380 0.604376
vt 0.688649 0.625740
vt 0.690211 0.650099
vt 0.691008 0.676517
vt 0.691008 0.703979
vt 0.690211 0.731430
vt 0.688649 0.757813
vt 0.686380 0.782117
vt 0.683493 0.803406
vt 0.680097 0.820863
vt 0.676325 0.833816
vt 0.672320 0.841769
vt 0.668236 0.844414
vt 0.664231 0.841651
vt 0.660458 0.833586
vt 0.657063 0.820529
vt 0.654176 0.802981
vt 0.655249 0.796361
vt 0.657944 0.812739
vt 0.661113 0.824925
vt 0.664634 0.832453
vt 0.668372 0.835032
vt 0.672184 0.832562
vt 0.675922 0.825140
vt 0.679443 0.813051
vt 0.682612 0.796758
vt 0.685307 0.776888
vt 0.687424 0.754204
vt 0.688883 0.729579
vt 0.689626 0.703959
vt 0.689626 0.678328
vt 0.688883 0.653671
vt 0.687424 0.630936
vt 0.685307 0.610996
vt 0.682612 0.594618
vt 0.679443 0.582431
vt 0.675922 0.574904
vt 0.672184 0.572325
vt 0.668372 0.574794
vt 0.664634 0.582216
vt 0.661113 0.594306
vt 0.385039 0.911839
vt 0.386835 0.911839
vt 0.385083 0.894333
vt 0.386879 0.894333
vt 0.385119 0.873003
vt 0.386916 0.873003
vt 0.082124 0.743923
vt 0.082921 0.770341
vt 0.082921 0.797803
vt 0.082124 0.825253
vt 0.080562 0.851637
vt 0.079337 0.848028
vt 0.080795 0.823403
vt 0.081539 0.797783
vt 0.081539 0.772152
vt 0.080795 0.747495
vt 0.385146 0.848669
vt 0.386942 0.848669
vt 0.985198 0.846047
vt 0.983401 0.846047
vt 0.983401 0.823336
vt 0.985198 0.823336
vt 0.985197 0.865953
vt 0.983400 0.865953
vt 0.985197 0.882289
vt 0.983400 0.882289
vt 0.985196 0.894427
vt 0.983400 0.894427
vt 0.985196 0.901901
vt 0.983399 0.901901
vt 0.339120 0.847669
vt 0.337323 0.847669
vt 0.337304 0.843894
vt 0.339101 0.843894
vt 0.339101 0.851444
vt 0.337304 0.851444
vt 0.954038 0.935198
vt 0.955835 0.935198
vt 0.955886 0.942672
vt 0.954089 0.942672
vt 0.953991 0.923059
vt 0.955788 0.923060
vt 0.953950 0.906724
vt 0.955747 0.906724
vt 0.651907 0.781617
vt 0.650344 0.757258
vt 0.649548 0.730839
vt 0.649548 0.703378
vt 0.650344 0.675927
vt 0.651907 0.649543
vt 0.654176 0.625240
vt 0.655249 0.630469
vt 0.653132 0.653152
vt 0.651673 0.677777
vt 0.650930 0.703398
vt 0.650930 0.729029
vt 0.651673 0.753686
vt 0.653132 0.776421
vt 0.955713 0.886818
vt 0.953917 0.886818
vt 0.955688 0.864107
vt 0.953891 0.864107
vt 0.955673 0.839464
vt 0.953876 0.839464
vt 0.955667 0.813836
vt 0.953871 0.813836
vt 0.955673 0.788207
vt 0.953876 0.788207
vt 0.955688 0.763563
vt 0.953891 0.763563
vt 0.955713 0.740850
vt 0.953917 0.740850
vt 0.955747 0.720942
vt 0.953950 0.720942
vt 0.955788 0.704604
vt 0.953991 0.704604
vt 0.955835 0.692463
vt 0.954038 0.692463
vt 0.955886 0.684986
vt 0.954089 0.684986
vt 0.331876 0.847669
vt 0.331857 0.843894
vt 0.333653 0.843894
vt 0.333672 0.847669
vt 0.331857 0.851444
vt 0.333653 0.851444
vt 0.983399 0.644215
vt 0.985196 0.644215
vt 0.985196 0.651692
vt 0.983400 0.651692
vt 0.983400 0.663833
vt 0.985197 0.663833
vt 0.983400 0.680172
vt 0.985197 0.680172
vt 0.985198 0.700080
vt 0.983401 0.700080
vt 0.985198 0.722792
vt 0.983401 0.722792
vt 0.385083 0.695282
vt 0.386879 0.695282
vt 0.386916 0.716610
vt 0.385119 0.716610
vt 0.386942 0.740943
vt 0.385146 0.740943
vt 0.386959 0.767346
vt 0.385162 0.767346
vt 0.386965 0.794805
vt 0.385168 0.794805
vt 0.386959 0.822264
vt 0.385162 0.822264
vt 0.385039 0.677779
vt 0.386835 0.677779
vt 0.384988 0.664774
vt 0.386785 0.664774
vt 0.384934 0.656766
vt 0.386730 0.656766
vt 0.326426 0.847939
vt 0.328222 0.847939
vt 0.328202 0.851984
vt 0.326405 0.851984
vt 0.326405 0.843894
vt 0.328202 0.843894
vt 0.959451 0.692994
vt 0.957654 0.692994
vt 0.957654 0.684986
vt 0.959451 0.684986
vt 0.959450 0.705999
vt 0.957653 0.705999
vt 0.959450 0.723501
vt 0.957653 0.723501
vt 0.959449 0.744829
vt 0.957653 0.744829
vt 0.959449 0.769162
vt 0.957652 0.769162
vt 0.959449 0.795566
vt 0.957652 0.795566
vt 0.959449 0.823024
vt 0.957652 0.823024
vt 0.959449 0.850484
vt 0.957652 0.850484
vt 0.959449 0.876888
vt 0.957652 0.876888
vt 0.959449 0.901223
vt 0.957653 0.901223
vt 0.959450 0.922553
vt 0.957653 0.922553
vt 0.959450 0.940058
vt 0.957653 0.940058
vt 0.959451 0.953067
vt 0.957654 0.953067
vt 0.959451 0.961078
vt 0.957654 0.961078
vt 0.985198 0.747436
vt 0.983401 0.747436
vt 0.985198 0.773065
vt 0.983401 0.773065
vt 0.985198 0.798693
vt 0.983401 0.798693
vt 0.606705 0.716186
vt 0.608087 0.714375
vt 0.608087 0.750991
vt 0.607025 0.787592
vt 0.604941 0.822770
vt 0.601916 0.855175
vt 0.598067 0.883561
vt 0.593539 0.906836
vt 0.588509 0.924107
vt 0.583169 0.934710
vt 0.577725 0.938238
vt 0.572384 0.934554
vt 0.567354 0.923801
vt 0.562827 0.906391
vt 0.558977 0.882994
vt 0.555952 0.854508
vt 0.553869 0.822029
vt 0.552807 0.786805
vt 0.552807 0.750189
vt 0.553869 0.713589
vt 0.555952 0.678410
vt 0.558977 0.646006
vt 0.562827 0.617620
vt 0.567354 0.594344
vt 0.572384 0.577073
vt 0.577725 0.566470
vt 0.577861 0.575676
vt 0.572788 0.585749
vt 0.568009 0.602157
vt 0.563708 0.624268
vt 0.560051 0.651235
vt 0.557177 0.682019
vt 0.555198 0.715439
vt 0.554189 0.750209
vt 0.554189 0.784994
vt 0.555198 0.818457
vt 0.557177 0.849312
vt 0.560051 0.876373
vt 0.563708 0.898601
vt 0.568009 0.915140
vt 0.572788 0.925356
vt 0.577861 0.928855
vt 0.583033 0.925504
vt 0.588106 0.915432
vt 0.592885 0.899024
vt 0.597186 0.876912
vt 0.600843 0.849946
vt 0.603717 0.819161
vt 0.605696 0.785742
vt 0.606705 0.750971
vt 0.808144 0.792065
vt 0.809941 0.792065
vt 0.809914 0.797458
vt 0.808117 0.797458
vt 0.808117 0.786672
vt 0.969789 0.983250
vt 0.971585 0.983250
vt 0.971513 0.993932
vt 0.969716 0.993932
vt 0.462226 0.585749
vt 0.461823 0.577073
vt 0.467163 0.566470
vt 0.472608 0.562943
vt 0.477948 0.566627
vt 0.482978 0.577380
vt 0.487505 0.594790
vt 0.491355 0.618187
vt 0.494380 0.646672
vt 0.496464 0.679151
vt 0.497526 0.714375
vt 0.497526 0.750991
vt 0.496464 0.787592
vt 0.494380 0.822770
vt 0.491355 0.855175
vt 0.487505 0.883561
vt 0.482978 0.906836
vt 0.477948 0.924108
vt 0.472608 0.934711
vt 0.467163 0.938238
vt 0.461823 0.934554
vt 0.456793 0.923801
vt 0.452266 0.906391
vt 0.448416 0.882994
vt 0.445391 0.854508
vt 0.443307 0.822029
vt 0.444636 0.818457
vt 0.446616 0.849312
vt 0.449489 0.876373
vt 0.453147 0.898601
vt 0.457448 0.915140
vt 0.462226 0.925356
vt 0.467299 0.928855
vt 0.472472 0.925505
vt 0.477545 0.915432
vt 0.482324 0.899024
vt 0.486624 0.876912
vt 0.490282 0.849946
vt 0.493155 0.819161
vt 0.495135 0.785742
vt 0.496144 0.750971
vt 0.496144 0.716186
vt 0.495135 0.682723
vt 0.493155 0.651868
vt 0.490282 0.624807
vt 0.486624 0.602580
vt 0.482324 0.586041
vt 0.477545 0.575825
vt 0.472472 0.572325
vt 0.467299 0.575676
vt 0.969856 0.965906
vt 0.971652 0.965906
vt 0.969915 0.942565
vt 0.971711 0.942565
vt 0.969963 0.914125
vt 0.971759 0.914125
vt 0.969999 0.881679
vt 0.971795 0.881679
vt 0.970021 0.846473
vt 0.971817 0.846473
vt 0.970028 0.809860
vt 0.971825 0.809860
vt 0.970021 0.773248
vt 0.971817 0.773249
vt 0.583169 0.562943
vt 0.588509 0.566627
vt 0.593539 0.577380
vt 0.598067 0.594790
vt 0.601916 0.618187
vt 0.604941 0.646672
vt 0.607025 0.679151
vt 0.605696 0.682723
vt 0.603717 0.651868
vt 0.600843 0.624807
vt 0.597186 0.602580
vt 0.592885 0.586040
vt 0.588106 0.575825
vt 0.583033 0.572325
vt 0.969999 0.738044
vt 0.971795 0.738044
vt 0.967373 0.819083
vt 0.965576 0.819083
vt 0.965576 0.784301
vt 0.967373 0.784301
vt 0.965576 0.750855
vt 0.967373 0.750855
vt 0.967373 0.853864
vt 0.965576 0.853864
vt 0.967373 0.887308
vt 0.965576 0.887308
vt 0.967372 0.918130
vt 0.965576 0.918130
vt 0.967372 0.945145
vt 0.965575 0.945145
vt 0.967371 0.967315
vt 0.965575 0.967315
vt 0.967371 0.983789
vt 0.965574 0.983789
vt 0.967370 0.993932
vt 0.965573 0.993932
vt 0.319120 0.849018
vt 0.317324 0.849018
vt 0.317298 0.843894
vt 0.319095 0.843894
vt 0.319095 0.854141
vt 0.317298 0.854141
vt 0.967601 0.983789
vt 0.969397 0.983789
vt 0.969466 0.993932
vt 0.967670 0.993932
vt 0.967537 0.967315
vt 0.969333 0.967315
vt 0.967481 0.945145
vt 0.969278 0.945145
vt 0.442245 0.786805
vt 0.442245 0.750189
vt 0.443307 0.713589
vt 0.445391 0.678410
vt 0.448416 0.646005
vt 0.452266 0.617620
vt 0.456793 0.594344
vt 0.457448 0.602157
vt 0.453147 0.624268
vt 0.449489 0.651235
vt 0.446616 0.682019
vt 0.444636 0.715439
vt 0.443627 0.750209
vt 0.443627 0.784994
vt 0.969232 0.918130
vt 0.967435 0.918130
vt 0.969198 0.887308
vt 0.967401 0.887308
vt 0.969177 0.853864
vt 0.967380 0.853864
vt 0.969170 0.819083
vt 0.967373 0.819083
vt 0.969177 0.784301
vt 0.967380 0.784301
vt 0.969198 0.750856
vt 0.967401 0.750856
vt 0.969232 0.720032
vt 0.967435 0.720032
vt 0.969278 0.693014
vt 0.967481 0.693014
vt 0.969333 0.670840
vt 0.967537 0.670840
vt 0.969397 0.654363
vt 0.967601 0.654363
vt 0.967670 0.644215
vt 0.969466 0.644215
vt 0.319146 0.849018
vt 0.319120 0.843894
vt 0.320917 0.843894
vt 0.320943 0.849018
vt 0.319120 0.854141
vt 0.320917 0.854141
vt 0.965574 0.654363
vt 0.965573 0.644215
vt 0.967370 0.644215
vt 0.967371 0.654363
vt 0.965575 0.670840
vt 0.967371 0.670840
vt 0.965575 0.693013
vt 0.967372 0.693013
vt 0.967372 0.720031
vt 0.965576 0.720031
vt 0.994594 0.562861
vt 0.992797 0.562861
vt 0.992797 0.552184
vt 0.994594 0.552184
vt 0.809941 0.786672
vt 0.811738 0.786672
vt 0.811765 0.792065
vt 0.809968 0.792065
vt 0.811738 0.797458
vt 0.809941 0.797458
vt 0.969716 0.625809
vt 0.971513 0.625809
vt 0.971585 0.636486
vt 0.969789 0.636486
vt 0.971652 0.653826
vt 0.969856 0.653826
vt 0.971711 0.677163
vt 0.969915 0.677163
vt 0.971759 0.705600
vt 0.969963 0.705600
vt 0.994593 0.580202
vt 0.992796 0.580202
vt 0.994592 0.603539
vt 0.992796 0.603539
vt 0.994592 0.631976
vt 0.992795 0.631976
vt 0.994592 0.664420
vt 0.992795 0.664420
vt 0.994591 0.699624
vt 0.992795 0.699624
vt 0.994591 0.736236
vt 0.992794 0.736236
vt 0.994591 0.772848
vt 0.992795 0.772848
vt 0.994592 0.808054
vt 0.992795 0.808054
vt 0.994592 0.840500
vt 0.992795 0.840500
vt 0.994592 0.868940
vt 0.992796 0.868940
vt 0.994593 0.892281
vt 0.992796 0.892281
vt 0.994594 0.909625
vt 0.992797 0.909625
vt 0.994594 0.920307
vt 0.992798 0.920307
vt 0.951214 0.190158
vt 0.952543 0.188308
vt 0.953871 0.234058
vt 0.953871 0.279828
vt 0.952543 0.323858
vt 0.949939 0.364457
vt 0.946158 0.400064
vt 0.941345 0.429310
vt 0.935686 0.451072
vt 0.929398 0.464514
vt 0.922723 0.469119
vt 0.915918 0.464710
vt 0.909243 0.451456
vt 0.902955 0.429867
vt 0.897296 0.400772
vt 0.892483 0.365291
vt 0.888702 0.324785
vt 0.886098 0.280811
vt 0.884770 0.235061
vt 0.884770 0.189291
vt 0.886098 0.145261
vt 0.888702 0.104662
vt 0.892483 0.069055
vt 0.897296 0.039809
vt 0.902955 0.018047
vt 0.909242 0.004605
vt 0.909646 0.013803
vt 0.903609 0.026707
vt 0.898177 0.047599
vt 0.893557 0.075676
vt 0.889927 0.109858
vt 0.887427 0.148833
vt 0.886152 0.191102
vt 0.886152 0.235041
vt 0.887427 0.278961
vt 0.889927 0.321176
vt 0.893557 0.360061
vt 0.898177 0.394124
vt 0.903609 0.422055
vt 0.909646 0.442780
vt 0.916054 0.455504
vt 0.922587 0.459736
vt 0.928995 0.455316
vt 0.935032 0.442412
vt 0.940464 0.421520
vt 0.945084 0.393443
vt 0.948714 0.359261
vt 0.951214 0.320286
vt 0.952489 0.278017
vt 0.952489 0.234078
vt 0.738361 0.849351
vt 0.740158 0.849351
vt 0.740124 0.856093
vt 0.738327 0.856093
vt 0.738327 0.842610
vt 0.740124 0.842610
vt 0.990699 0.906955
vt 0.992495 0.906955
vt 0.992404 0.920307
vt 0.990608 0.920307
vt 0.820826 0.790295
vt 0.819601 0.793904
vt 0.816997 0.749930
vt 0.815669 0.704180
vt 0.815669 0.658410
vt 0.816997 0.614379
vt 0.819601 0.573781
vt 0.823382 0.538174
vt 0.828195 0.508928
vt 0.833854 0.487166
vt 0.840142 0.473724
vt 0.846817 0.469119
vt 0.853622 0.473528
vt 0.860298 0.486782
vt 0.866585 0.508371
vt 0.872244 0.537465
vt 0.877057 0.572947
vt 0.880838 0.613453
vt 0.883442 0.657427
vt 0.884770 0.703177
vt 0.884770 0.748947
vt 0.883442 0.792977
vt 0.880838 0.833576
vt 0.877057 0.869183
vt 0.872244 0.898429
vt 0.866585 0.920191
vt 0.865931 0.911531
vt 0.871363 0.890639
vt 0.875983 0.862562
vt 0.879613 0.828380
vt 0.882113 0.789405
vt 0.883388 0.747136
vt 0.883388 0.703197
vt 0.882113 0.659277
vt 0.879613 0.617062
vt 0.875983 0.578177
vt 0.871363 0.544114
vt 0.865931 0.516183
vt 0.859894 0.495458
vt 0.853486 0.482734
vt 0.846953 0.478501
vt 0.840545 0.482922
vt 0.834508 0.495826
vt 0.829076 0.516718
vt 0.824456 0.544794
vt 0.820826 0.578977
vt 0.818326 0.617951
vt 0.817051 0.660221
vt 0.817051 0.704160
vt 0.818326 0.748080
vt 0.990782 0.885274
vt 0.992579 0.885274
vt 0.990856 0.856099
vt 0.992652 0.856099
vt 0.990916 0.820549
vt 0.992713 0.820549
vt 0.990961 0.779991
vt 0.992758 0.779991
vt 0.990989 0.735983
vt 0.992785 0.735983
vt 0.990998 0.690218
vt 0.992794 0.690218
vt 0.990989 0.644453
vt 0.992785 0.644453
vt 0.915917 0.000000
vt 0.922723 0.004409
vt 0.929398 0.017663
vt 0.935686 0.039252
vt 0.941345 0.068346
vt 0.946157 0.103828
vt 0.949939 0.144334
vt 0.948714 0.147943
vt 0.945084 0.109058
vt 0.940464 0.074995
vt 0.935032 0.047064
vt 0.928995 0.026339
vt 0.922587 0.013615
vt 0.916054 0.009382
vt 0.990961 0.600448
vt 0.992758 0.600448
vt 0.978901 0.773070
vt 0.977104 0.773070
vt 0.977104 0.729135
vt 0.978900 0.729135
vt 0.977103 0.686888
vt 0.978900 0.686888
vt 0.978900 0.817004
vt 0.977104 0.817004
vt 0.978900 0.859249
vt 0.977103 0.859249
vt 0.978900 0.898182
vt 0.977103 0.898182
vt 0.978899 0.932307
vt 0.977102 0.932307
vt 0.978899 0.960311
vt 0.977102 0.960311
vt 0.978898 0.981119
vt 0.977101 0.981119
vt 0.978897 0.993932
vt 0.977100 0.993932
vt 0.751137 0.849082
vt 0.749340 0.849082
vt 0.749307 0.842610
vt 0.751104 0.842610
vt 0.751104 0.855553
vt 0.749307 0.855553
vt 0.981359 0.962713
vt 0.983156 0.962713
vt 0.983243 0.975526
vt 0.981446 0.975526
vt 0.981279 0.941905
vt 0.983075 0.941905
vt 0.981208 0.913901
vt 0.983005 0.913901
vt 0.982947 0.879776
vt 0.981150 0.879776
vt 0.982904 0.840843
vt 0.981107 0.840843
vt 0.982877 0.798598
vt 0.981081 0.798598
vt 0.982868 0.754664
vt 0.981072 0.754664
vt 0.982877 0.710729
vt 0.981081 0.710729
vt 0.982904 0.668482
vt 0.981107 0.668482
vt 0.982947 0.629546
vt 0.981150 0.629546
vt 0.983005 0.595418
vt 0.981208 0.595418
vt 0.860298 0.933633
vt 0.853622 0.938238
vt 0.846817 0.933829
vt 0.840142 0.920575
vt 0.833854 0.898986
vt 0.828195 0.869891
vt 0.823383 0.834409
vt 0.824456 0.829180
vt 0.829076 0.863243
vt 0.834508 0.891174
vt 0.840545 0.911899
vt 0.846953 0.924623
vt 0.853486 0.928856
vt 0.859894 0.924435
vt 0.983075 0.567410
vt 0.981279 0.567410
vt 0.983156 0.546596
vt 0.981359 0.546596
vt 0.981447 0.533778
vt 0.983243 0.533778
vt 0.747511 0.849082
vt 0.747478 0.842610
vt 0.749275 0.842610
vt 0.749307 0.849082
vt 0.747478 0.855553
vt 0.749275 0.855553
vt 0.977101 0.565002
vt 0.977100 0.552184
vt 0.978897 0.552184
vt 0.978898 0.565002
vt 0.977102 0.585816
vt 0.978898 0.585816
vt 0.977102 0.613824
vt 0.978899 0.613824
vt 0.978900 0.647952
vt 0.977103 0.647952
vt 0.990608 0.460154
vt 0.992404 0.460154
vt 0.992495 0.473500
vt 0.990699 0.473500
vt 0.992579 0.495175
vt 0.990782 0.495175
vt 0.992652 0.524346
vt 0.990856 0.524346
vt 0.992713 0.559892
vt 0.990916 0.559892
vt 0.742022 0.849351
vt 0.743819 0.849351
vt 0.743785 0.856093
vt 0.741988 0.856093
vt 0.741988 0.842610
vt 0.743785 0.842610
vt 0.999998 0.547125
vt 0.998201 0.547125
vt 0.998202 0.533778
vt 0.999999 0.533778
vt 0.999997 0.568800
vt 0.998200 0.568800
vt 0.999996 0.597971
vt 0.998199 0.597971
vt 0.999996 0.633517
vt 0.998199 0.633517
vt 0.999995 0.674072
vt 0.998198 0.674072
vt 0.999995 0.718078
vt 0.998198 0.718078
vt 0.999995 0.763843
vt 0.998198 0.763843
vt 0.999995 0.809608
vt 0.998198 0.809608
vt 0.999995 0.853615
vt 0.998198 0.853615
vt 0.999996 0.894173
vt 0.998199 0.894173
vt 0.999996 0.929723
vt 0.998199 0.929723
vt 0.999997 0.958899
vt 0.998200 0.958899
vt 0.999998 0.980580
vt 0.998201 0.980580
vt 0.999999 0.993932
vt 0.998202 0.993932
vt 0.717266 0.228960
vt 0.718648 0.227149
vt 0.718648 0.282073
vt 0.717055 0.336973
vt 0.713930 0.389741
vt 0.709392 0.438348
vt 0.703618 0.480927
vt 0.696827 0.515840
vt 0.689282 0.541747
vt 0.681271 0.557651
vt 0.673104 0.562943
vt 0.665094 0.557417
vt 0.657549 0.541287
vt 0.650758 0.515172
vt 0.644984 0.480076
vt 0.640446 0.437348
vt 0.637321 0.388630
vt 0.635728 0.335794
vt 0.635728 0.280870
vt 0.637321 0.225969
vt 0.640446 0.173201
vt 0.644984 0.124594
vt 0.650759 0.082016
vt 0.657549 0.047102
vt 0.665094 0.021195
vt 0.673105 0.005291
vt 0.673241 0.014497
vt 0.665498 0.029871
vt 0.658204 0.054915
vt 0.651639 0.088664
vt 0.646057 0.129823
vt 0.641671 0.176810
vt 0.638650 0.227819
vt 0.637110 0.280890
vt 0.637110 0.333983
vt 0.638650 0.385058
vt 0.641671 0.432152
vt 0.646057 0.473456
vt 0.651639 0.507382
vt 0.658204 0.532626
vt 0.665498 0.548219
vt 0.673241 0.553560
vt 0.681135 0.548445
vt 0.688878 0.533071
vt 0.696172 0.508028
vt 0.702736 0.474278
vt 0.708319 0.433119
vt 0.712705 0.386132
vt 0.715726 0.335123
vt 0.717266 0.282053
vt 0.366902 0.845730
vt 0.368699 0.845730
vt 0.368658 0.853819
vt 0.366861 0.853819
vt 0.366861 0.837641
vt 0.368658 0.837641
vt 0.974480 0.536162
vt 0.976277 0.536162
vt 0.976167 0.552184
vt 0.974371 0.552184
vt 0.472808 0.385058
vt 0.471479 0.388630
vt 0.469886 0.335794
vt 0.469886 0.280870
vt 0.471479 0.225969
vt 0.474604 0.173201
vt 0.479142 0.124594
vt 0.484917 0.082016
vt 0.491707 0.047102
vt 0.499252 0.021196
vt 0.507263 0.005291
vt 0.515430 -0.000000
vt 0.523440 0.005526
vt 0.530985 0.021656
vt 0.537776 0.047771
vt 0.543550 0.082866
vt 0.548088 0.125594
vt 0.551213 0.174313
vt 0.552807 0.227149
vt 0.552807 0.282073
vt 0.551213 0.336974
vt 0.548088 0.389742
vt 0.543551 0.438349
vt 0.537776 0.480927
vt 0.530985 0.515840
vt 0.523440 0.541747
vt 0.523037 0.533071
vt 0.530330 0.508028
vt 0.536895 0.474278
vt 0.542477 0.433119
vt 0.546863 0.386133
vt 0.549884 0.335124
vt 0.551425 0.282053
vt 0.551425 0.228960
vt 0.549884 0.177885
vt 0.546863 0.130790
vt 0.542477 0.089487
vt 0.536895 0.055561
vt 0.530330 0.030316
vt 0.523037 0.014724
vt 0.515293 0.009382
vt 0.507399 0.014497
vt 0.499656 0.029871
vt 0.492362 0.054915
vt 0.485798 0.088664
vt 0.480215 0.129823
vt 0.475829 0.176810
vt 0.472808 0.227819
vt 0.471268 0.280890
vt 0.471268 0.333983
vt 0.974580 0.510145
vt 0.976377 0.510145
vt 0.974669 0.475134
vt 0.976465 0.475134
vt 0.974741 0.432474
vt 0.976538 0.432474
vt 0.974795 0.383805
vt 0.976591 0.383805
vt 0.974828 0.330996
vt 0.976624 0.330996
vt 0.974839 0.276077
vt 0.976636 0.276077
vt 0.974828 0.221159
vt 0.976624 0.221159
vt 0.681271 -0.000000
vt 0.689282 0.005526
vt 0.696827 0.021656
vt 0.703618 0.047771
vt 0.709392 0.082866
vt 0.713930 0.125594
vt 0.717055 0.174312
vt 0.715726 0.177884
vt 0.712705 0.130790
vt 0.708319 0.089486
vt 0.702737 0.055561
vt 0.696172 0.030316
vt 0.688878 0.014724
vt 0.681135 0.009382
vt 0.974795 0.168353
vt 0.976591 0.168353
vt 0.998199 0.266903
vt 0.996402 0.266903
vt 0.996402 0.213815
vt 0.998199 0.213815
vt 0.996401 0.162767
vt 0.998198 0.162767
vt 0.998199 0.319990
vt 0.996402 0.319990
vt 0.998198 0.371037
vt 0.996401 0.371037
vt 0.998198 0.418081
vt 0.996401 0.418081
vt 0.998197 0.459314
vt 0.996400 0.459314
vt 0.998196 0.493153
vt 0.996399 0.493153
vt 0.998195 0.518296
vt 0.996399 0.518296
vt 0.998194 0.533778
vt 0.996397 0.533778
vt 0.377884 0.845460
vt 0.376087 0.845460
vt 0.376047 0.837641
vt 0.377844 0.837641
vt 0.377844 0.853280
vt 0.376047 0.853280
vt 0.979248 0.518296
vt 0.981044 0.518296
vt 0.981150 0.533778
vt 0.979353 0.533778
vt 0.979150 0.493153
vt 0.980947 0.493153
vt 0.979065 0.459315
vt 0.980862 0.459315
vt 0.980792 0.418081
vt 0.978995 0.418081
vt 0.980740 0.371037
vt 0.978943 0.371037
vt 0.980708 0.319991
vt 0.978911 0.319991
vt 0.980697 0.266903
vt 0.978901 0.266903
vt 0.980708 0.213816
vt 0.978911 0.213816
vt 0.980740 0.162767
vt 0.978943 0.162767
vt 0.980792 0.115720
vt 0.978995 0.115720
vt 0.980862 0.074482
vt 0.979065 0.074482
vt 0.515430 0.557652
vt 0.507263 0.562943
vt 0.499252 0.557417
vt 0.491707 0.541287
vt 0.484917 0.515172
vt 0.479142 0.480076
vt 0.474604 0.437348
vt 0.475829 0.432152
vt 0.480215 0.473456
vt 0.485798 0.507382
vt 0.492362 0.532626
vt 0.499656 0.548219
vt 0.507399 0.553560
vt 0.515293 0.548446
vt 0.980947 0.040638
vt 0.979150 0.040638
vt 0.981044 0.015488
vt 0.979248 0.015488
vt 0.979353 0.000000
vt 0.981150 0.000000
vt 0.374251 0.845460
vt 0.374211 0.837641
vt 0.376008 0.837641
vt 0.376047 0.845460
vt 0.374211 0.853280
vt 0.376008 0.853280
vt 0.996399 0.015488
vt 0.996397 0.000000
vt 0.998194 0.000000
vt 0.998195 0.015488
vt 0.996399 0.040638
vt 0.998196 0.040638
vt 0.996400 0.074482
vt 0.998197 0.074482
vt 0.998198 0.115720
vt 0.996401 0.115720
vt 0.974371 -0.000000
vt 0.976167 0.000000
vt 0.976277 0.016016
vt 0.974480 0.016016
vt 0.976377 0.042026
vt 0.974580 0.042026
vt 0.976465 0.077031
vt 0.974669 0.077031
vt 0.976538 0.119687
vt 0.974741 0.119687
vt 0.368739 0.845730
vt 0.370536 0.845730
vt 0.370495 0.853819
vt 0.368699 0.853819
vt 0.368699 0.837641
vt 0.370495 0.837641
vt 0.994595 0.016016
vt 0.992798 0.016016
vt 0.992799 0.000000
vt 0.994596 0.000000
vt 0.994594 0.042026
vt 0.992797 0.042026
vt 0.994593 0.077031
vt 0.992796 0.077031
vt 0.994592 0.119687
vt 0.992796 0.119687
vt 0.994592 0.168353
vt 0.992795 0.168353
vt 0.994591 0.221160
vt 0.992795 0.221160
vt 0.994591 0.276078
vt 0.992795 0.276078
vt 0.994591 0.330996
vt 0.992795 0.330996
vt 0.994592 0.383805
vt 0.992795 0.383805
vt 0.994592 0.432474
vt 0.992796 0.432474
vt 0.994593 0.475134
vt 0.992796 0.475134
vt 0.994594 0.510145
vt 0.992797 0.510145
vt 0.994595 0.536162
vt 0.992798 0.536162
vt 0.994596 0.552184
vt 0.992799 0.552184
vt 0.385583 0.266818
vt 0.386965 0.265007
vt 0.386965 0.329085
vt 0.385106 0.393136
vt 0.381459 0.454698
vt 0.376166 0.511407
vt 0.369428 0.561081
vt 0.361506 0.601814
vt 0.352703 0.632038
vt 0.343358 0.650594
vt 0.333830 0.656766
vt 0.324485 0.650320
vt 0.315682 0.631501
vt 0.307760 0.601034
vt 0.301022 0.560089
vt 0.295729 0.510240
vt 0.292082 0.453402
vt 0.290223 0.391759
vt 0.290223 0.327682
vt 0.292082 0.263631
vt 0.295729 0.202068
vt 0.301022 0.145360
vt 0.307760 0.095685
vt 0.315682 0.054953
vt 0.324485 0.024728
vt 0.333830 0.006173
vt 0.333966 0.015379
vt 0.324888 0.033404
vt 0.316337 0.062765
vt 0.308641 0.102334
vt 0.302096 0.150589
vt 0.296953 0.205677
vt 0.293411 0.265481
vt 0.291605 0.327702
vt 0.291605 0.389949
vt 0.293411 0.449830
vt 0.296953 0.505044
vt 0.302096 0.553469
vt 0.308641 0.593244
vt 0.316337 0.622841
vt 0.324888 0.641122
vt 0.333966 0.647384
vt 0.343222 0.641388
vt 0.352300 0.623362
vt 0.360851 0.594001
vt 0.368547 0.554433
vt 0.375092 0.506177
vt 0.380235 0.451089
vt 0.383777 0.391286
vt 0.385583 0.329065
vt 0.380294 0.714721
vt 0.382091 0.714721
vt 0.382043 0.724158
vt 0.380246 0.724158
vt 0.380246 0.705283
vt 0.382043 0.705283
vt 0.965157 0.625522
vt 0.966954 0.625522
vt 0.966827 0.644215
vt 0.965030 0.644215
vt 0.149740 0.009382
vt 0.149876 0.000000
vt 0.159221 0.006447
vt 0.168024 0.025265
vt 0.175946 0.055732
vt 0.182684 0.096678
vt 0.187977 0.146527
vt 0.191623 0.203365
vt 0.193482 0.265007
vt 0.193482 0.329085
vt 0.192100 0.329065
vt 0.192100 0.266818
vt 0.190295 0.206937
vt 0.186752 0.151723
vt 0.181610 0.103298
vt 0.175065 0.063523
vt 0.167369 0.033926
vt 0.158818 0.015645
vt 0.965275 0.595169
vt 0.967071 0.595169
vt 0.965378 0.554323
vt 0.967174 0.554323
vt 0.965462 0.504553
vt 0.967259 0.504553
vt 0.965525 0.447772
vt 0.967321 0.447772
vt 0.965563 0.386162
vt 0.967360 0.386162
vt 0.965576 0.322090
vt 0.967373 0.322090
vt 0.965563 0.258019
vt 0.967360 0.258019
vt 0.343358 0.000000
vt 0.352703 0.006447
vt 0.361506 0.025265
vt 0.369428 0.055732
vt 0.376166 0.096677
vt 0.381459 0.146527
vt 0.385106 0.203365
vt 0.383777 0.206937
vt 0.380235 0.151723
vt 0.375092 0.103298
vt 0.368547 0.063522
vt 0.360851 0.033926
vt 0.352300 0.015645
vt 0.343222 0.009382
vt 0.965525 0.196412
vt 0.967321 0.196412
vt 0.988806 0.312921
vt 0.987009 0.312921
vt 0.987009 0.250680
vt 0.988806 0.250680
vt 0.987008 0.190830
vt 0.988805 0.190830
vt 0.191623 0.393136
vt 0.187977 0.454699
vt 0.182684 0.511407
vt 0.175946 0.561082
vt 0.168024 0.601814
vt 0.159221 0.632038
vt 0.149876 0.650594
vt 0.140348 0.656767
vt 0.131003 0.650320
vt 0.122200 0.631501
vt 0.114277 0.601034
vt 0.107540 0.560089
vt 0.102246 0.510240
vt 0.098600 0.453402
vt 0.096741 0.391759
vt 0.096741 0.327681
vt 0.098600 0.263631
vt 0.102246 0.202068
vt 0.107540 0.145360
vt 0.114277 0.095685
vt 0.122200 0.054953
vt 0.131003 0.024728
vt 0.140348 0.006173
vt 0.140484 0.015379
vt 0.131406 0.033404
vt 0.122854 0.062765
vt 0.115158 0.102334
vt 0.108613 0.150589
vt 0.103471 0.205677
vt 0.099929 0.265481
vt 0.098123 0.327702
vt 0.098123 0.389949
vt 0.099929 0.449830
vt 0.103471 0.505044
vt 0.108613 0.553469
vt 0.115158 0.593244
vt 0.122854 0.622841
vt 0.131406 0.641122
vt 0.140484 0.647384
vt 0.149740 0.641388
vt 0.158818 0.623363
vt 0.167369 0.594002
vt 0.175065 0.554433
vt 0.181610 0.506178
vt 0.186752 0.451090
vt 0.190295 0.391286
vt 0.987008 0.135671
vt 0.988805 0.135671
vt 0.987007 0.087323
vt 0.988804 0.087323
vt 0.987006 0.047644
vt 0.988803 0.047644
vt 0.987005 0.018159
vt 0.988802 0.018159
vt 0.987004 0.000000
vt 0.988801 0.000000
vt 0.199242 0.848499
vt 0.199288 0.839331
vt 0.201085 0.839331
vt 0.201039 0.848499
vt 0.199242 0.830163
vt 0.201039 0.830163
vt 0.970247 -0.000000
vt 0.972043 0.000000
vt 0.971920 0.018159
vt 0.970123 0.018159
vt 0.971806 0.047644
vt 0.970009 0.047644
vt 0.971706 0.087324
vt 0.969909 0.087324
vt 0.971624 0.135672
vt 0.969827 0.135672
vt 0.971563 0.190830
vt 0.969766 0.190830
vt 0.971525 0.250680
vt 0.969729 0.250680
vt 0.971513 0.312921
vt 0.969716 0.312921
vt 0.971525 0.375161
vt 0.969729 0.375161
vt 0.971563 0.435009
vt 0.969766 0.435009
vt 0.971624 0.490164
vt 0.969827 0.490164
vt 0.971706 0.538507
vt 0.969909 0.538507
vt 0.971806 0.578180
vt 0.970009 0.578180
vt 0.971920 0.607658
vt 0.970123 0.607658
vt 0.972043 0.625809
vt 0.970247 0.625809
vt 0.199196 0.848499
vt 0.197399 0.848499
vt 0.197445 0.839331
vt 0.199242 0.839331
vt 0.197399 0.830163
vt 0.199196 0.830163
vt 0.988801 0.625809
vt 0.987004 0.625809
vt 0.987005 0.607658
vt 0.988802 0.607658
vt 0.987006 0.578179
vt 0.988803 0.578179
vt 0.987007 0.538507
vt 0.988804 0.538507
vt 0.987008 0.490164
vt 0.988805 0.490164
vt 0.987008 0.435009
vt 0.988805 0.435009
vt 0.987009 0.375161
vt 0.988806 0.375161
vt 0.985200 0.018685
vt 0.983403 0.018685
vt 0.983405 0.000000
vt 0.985201 0.000000
vt 0.809961 0.767797
vt 0.811758 0.767797
vt 0.811806 0.777235
vt 0.810009 0.777235
vt 0.811758 0.786672
vt 0.809961 0.786672
vt 0.965030 -0.000000
vt 0.966827 -0.000000
vt 0.966954 0.018685
vt 0.965158 0.018685
vt 0.967071 0.049030
vt 0.965275 0.049030
vt 0.967174 0.089870
vt 0.965378 0.089870
vt 0.967259 0.139635
vt 0.965462 0.139635
vt 0.985199 0.049030
vt 0.983402 0.049030
vt 0.985198 0.089870
vt 0.983401 0.089870
vt 0.985197 0.139635
vt 0.983400 0.139635
vt 0.985196 0.196412
vt 0.983400 0.196412
vt 0.985196 0.258020
vt 0.983399 0.258020
vt 0.985196 0.322090
vt 0.983399 0.322090
vt 0.985196 0.386162
vt 0.983399 0.386162
vt 0.985196 0.447772
vt 0.983400 0.447772
vt 0.985197 0.504553
vt 0.983400 0.504553
vt 0.985198 0.554323
vt 0.983401 0.554323
vt 0.985199 0.595169
vt 0.983402 0.595169
vt 0.985200 0.625522
vt 0.983403 0.625522
vt 0.985201 0.644215
vt 0.983405 0.644215
vt 0.182563 0.659319
vt 0.182369 0.657932
vt 0.186877 0.656767
vt 0.191473 0.657511
vt 0.195981 0.660137
vt 0.200227 0.664544
vt 0.204049 0.670562
vt 0.207299 0.677960
vt 0.209852 0.686453
vt 0.211611 0.695716
vt 0.212508 0.705393
vt 0.212508 0.715110
vt 0.211611 0.724496
vt 0.209852 0.733189
vt 0.207299 0.740855
vt 0.204049 0.747200
vt 0.200227 0.751980
vt 0.195981 0.755011
vt 0.191473 0.756176
vt 0.186877 0.755431
vt 0.182369 0.752805
vt 0.178123 0.748399
vt 0.174301 0.742381
vt 0.171051 0.734983
vt 0.168497 0.726489
vt 0.166739 0.717226
vt 0.167380 0.716919
vt 0.169088 0.725917
vt 0.171569 0.734168
vt 0.174726 0.741355
vt 0.178438 0.747201
vt 0.182563 0.751482
vt 0.186942 0.754033
vt 0.191407 0.754756
vt 0.195786 0.753624
vt 0.199911 0.750679
vt 0.203624 0.746036
vt 0.206781 0.739873
vt 0.209262 0.732425
vt 0.210970 0.723981
vt 0.211841 0.714863
vt 0.211841 0.705423
vt 0.210970 0.696024
vt 0.209262 0.687025
vt 0.206781 0.678774
vt 0.203624 0.671588
vt 0.199911 0.665742
vt 0.195786 0.661461
vt 0.191407 0.658910
vt 0.186942 0.658187
vt 0.251921 0.802131
vt 0.233154 0.802131
vt 0.233154 0.792424
vt 0.251920 0.792424
vt 0.251920 0.811839
vt 0.233154 0.811839
vt 0.251919 0.821174
vt 0.233152 0.821174
vt 0.258507 0.705423
vt 0.259174 0.705393
vt 0.259174 0.715110
vt 0.258277 0.724496
vt 0.256518 0.733189
vt 0.253965 0.740855
vt 0.250715 0.747200
vt 0.246893 0.751980
vt 0.242647 0.755011
vt 0.238139 0.756176
vt 0.238073 0.754756
vt 0.242452 0.753624
vt 0.246577 0.750679
vt 0.250290 0.746036
vt 0.253447 0.739873
vt 0.255927 0.732425
vt 0.257636 0.723981
vt 0.258507 0.714863
vt 0.251917 0.829779
vt 0.233150 0.829779
vt 0.251914 0.837322
vt 0.233147 0.837322
vt 0.251910 0.843514
vt 0.233143 0.843514
vt 0.251905 0.848117
vt 0.233139 0.848117
vt 0.170263 0.811395
vt 0.170263 0.830162
vt 0.165842 0.830163
vt 0.165842 0.811396
vt 0.174833 0.811395
vt 0.174833 0.830161
vt 0.179376 0.811395
vt 0.179376 0.830162
vt 0.165842 0.707550
vt 0.165842 0.697832
vt 0.166739 0.688447
vt 0.168498 0.679754
vt 0.171051 0.672088
vt 0.174301 0.665743
vt 0.178123 0.660963
vt 0.178438 0.662263
vt 0.174726 0.666906
vt 0.171569 0.673070
vt 0.169088 0.680517
vt 0.167380 0.688962
vt 0.166509 0.698079
vt 0.166509 0.707519
vt 0.183718 0.811396
vt 0.183718 0.830163
vt 0.192401 0.830161
vt 0.192401 0.811395
vt 0.196828 0.811395
vt 0.196828 0.830162
vt 0.201085 0.811396
vt 0.201085 0.830163
vt 0.233543 0.755431
vt 0.229035 0.752805
vt 0.224789 0.748399
vt 0.220967 0.742381
vt 0.217717 0.734983
vt 0.215163 0.726489
vt 0.213405 0.717226
vt 0.212508 0.707550
vt 0.212508 0.697832
vt 0.213405 0.688447
vt 0.215163 0.679754
vt 0.217717 0.672088
vt 0.220967 0.665743
vt 0.224789 0.660963
vt 0.229035 0.657932
vt 0.233543 0.656767
vt 0.238139 0.657511
vt 0.242647 0.660137
vt 0.246893 0.664544
vt 0.250715 0.670562
vt 0.253965 0.677960
vt 0.256518 0.686453
vt 0.258277 0.695716
vt 0.257636 0.696024
vt 0.255927 0.687025
vt 0.253447 0.678774
vt 0.250290 0.671588
vt 0.246577 0.665742
vt 0.242452 0.661461
vt 0.238073 0.658910
vt 0.233608 0.658187
vt 0.229229 0.659319
vt 0.225104 0.662263
vt 0.221392 0.666906
vt 0.218235 0.673070
vt 0.215754 0.680517
vt 0.214046 0.688962
vt 0.213175 0.698079
vt 0.213175 0.707519
vt 0.214046 0.716919
vt 0.215754 0.725917
vt 0.218235 0.734168
vt 0.221392 0.741355
vt 0.225104 0.747201
vt 0.229229 0.751482
vt 0.233608 0.754033
vt 0.793730 0.886872
vt 0.774964 0.886872
vt 0.774960 0.882409
vt 0.793726 0.882409
vt 0.774956 0.876401
vt 0.793723 0.876401
vt 0.774953 0.869080
vt 0.793720 0.869080
vt 0.774951 0.860725
vt 0.793717 0.860725
vt 0.774949 0.851659
vt 0.793716 0.851659
vt 0.774949 0.842230
vt 0.793715 0.842230
vt 0.774949 0.832799
vt 0.793716 0.832799
vt 0.774951 0.823730
vt 0.793717 0.823730
vt 0.774953 0.815371
vt 0.793720 0.815371
vt 0.774956 0.808044
vt 0.793723 0.808044
vt 0.774960 0.802029
vt 0.793726 0.802029
vt 0.774964 0.797558
vt 0.793730 0.797558
vt 0.753862 0.842609
vt 0.749567 0.842610
vt 0.749567 0.823843
vt 0.753862 0.823842
vt 0.745127 0.842610
vt 0.745127 0.823844
vt 0.740714 0.842610
vt 0.740714 0.823843
vt 0.736496 0.842609
vt 0.736496 0.823842
vt 0.295125 0.879250
vt 0.295121 0.874779
vt 0.313888 0.874779
vt 0.313892 0.879250
vt 0.295117 0.868764
vt 0.313884 0.868764
vt 0.295114 0.861437
vt 0.313881 0.861437
vt 0.295112 0.853078
vt 0.313879 0.853078
vt 0.295110 0.844009
vt 0.313877 0.844009
vt 0.295110 0.834578
vt 0.313877 0.834578
vt 0.295110 0.825149
vt 0.313877 0.825149
vt 0.295112 0.816083
vt 0.313879 0.816083
vt 0.295114 0.807728
vt 0.313881 0.807728
vt 0.295117 0.800407
vt 0.313884 0.800407
vt 0.295121 0.794399
vt 0.313888 0.794399
vt 0.295125 0.789937
vt 0.313892 0.789937
vt 0.183718 0.830163
vt 0.183718 0.811396
vt 0.187974 0.811395
vt 0.187974 0.830162
vt 0.233137 0.821201
vt 0.214370 0.821201
vt 0.214371 0.811869
vt 0.233138 0.811869
vt 0.214372 0.802162
vt 0.233139 0.802162
vt 0.214371 0.792454
vt 0.233138 0.792454
vt 0.214370 0.783118
vt 0.233137 0.783118
vt 0.214368 0.774514
vt 0.233134 0.774514
vt 0.214365 0.766970
vt 0.233131 0.766970
vt 0.214361 0.760779
vt 0.233127 0.760779
vt 0.214356 0.756176
vt 0.233123 0.756176
vt 0.233134 0.829801
vt 0.214368 0.829801
vt 0.233131 0.837339
vt 0.214365 0.837339
vt 0.233127 0.843523
vt 0.214361 0.843523
vt 0.233123 0.848117
vt 0.214356 0.848117
vt 0.740878 0.805074
vt 0.740878 0.823841
vt 0.736496 0.823842
vt 0.736496 0.805075
vt 0.745435 0.805073
vt 0.745435 0.823840
vt 0.749992 0.805074
vt 0.749992 0.823841
vt 0.754374 0.805075
vt 0.754374 0.823842
vt 0.251910 0.760770
vt 0.233143 0.760770
vt 0.233139 0.756176
vt 0.251905 0.756176
vt 0.251914 0.766954
vt 0.233147 0.766954
vt 0.251917 0.774491
vt 0.233150 0.774491
vt 0.251919 0.783091
vt 0.233152 0.783091
vt 0.784543 0.016210
vt 0.784341 0.006614
vt 0.789026 0.000000
vt 0.793804 0.006548
vt 0.798490 0.026005
vt 0.802904 0.057625
vt 0.806876 0.100192
vt 0.810255 0.152070
vt 0.812909 0.211265
vt 0.814737 0.275503
vt 0.815669 0.342316
vt 0.815669 0.409134
vt 0.814737 0.473392
vt 0.812909 0.532618
vt 0.810255 0.584538
vt 0.806876 0.627156
vt 0.802904 0.658835
vt 0.798490 0.678356
vt 0.793804 0.684969
vt 0.789026 0.678422
vt 0.784341 0.658964
vt 0.779927 0.627344
vt 0.775954 0.584777
vt 0.772576 0.532900
vt 0.769922 0.473704
vt 0.768093 0.409466
vt 0.768760 0.407552
vt 0.770536 0.469955
vt 0.773114 0.527459
vt 0.776396 0.577855
vt 0.780255 0.619205
vt 0.784543 0.649922
vt 0.789095 0.668823
vt 0.793736 0.675184
vt 0.798288 0.668759
vt 0.802576 0.649796
vt 0.806435 0.619023
vt 0.809716 0.577623
vt 0.812295 0.527186
vt 0.814071 0.469652
vt 0.814976 0.407230
vt 0.814976 0.342321
vt 0.814071 0.277417
vt 0.812295 0.215014
vt 0.809716 0.157510
vt 0.806435 0.107115
vt 0.802576 0.065764
vt 0.798288 0.035048
vt 0.793736 0.016146
vt 0.789095 0.009785
vt 0.956635 0.342467
vt 0.953871 0.342467
vt 0.953871 0.275650
vt 0.956636 0.275650
vt 0.956636 0.409284
vt 0.953871 0.409284
vt 0.956637 0.473535
vt 0.953873 0.473535
vt 0.766468 0.342320
vt 0.767161 0.342315
vt 0.767161 0.409134
vt 0.766229 0.473392
vt 0.764401 0.532618
vt 0.761746 0.584538
vt 0.758367 0.627156
vt 0.754395 0.658835
vt 0.749980 0.678356
vt 0.745294 0.684969
vt 0.745226 0.675184
vt 0.749778 0.668759
vt 0.754066 0.649796
vt 0.757926 0.619023
vt 0.761208 0.577622
vt 0.763786 0.527186
vt 0.765563 0.469651
vt 0.766468 0.407230
vt 0.956639 0.532750
vt 0.953875 0.532750
vt 0.956643 0.584653
vt 0.953878 0.584653
vt 0.956647 0.627251
vt 0.953882 0.627251
vt 0.956651 0.658905
vt 0.953887 0.658905
vt 0.956656 0.678400
vt 0.953892 0.678400
vt 0.956661 0.684986
vt 0.953897 0.684986
vt 0.959446 0.006586
vt 0.956682 0.006586
vt 0.956687 0.000000
vt 0.959451 0.000000
vt 0.767161 0.342654
vt 0.767161 0.275835
vt 0.768093 0.211578
vt 0.769922 0.152351
vt 0.772576 0.100431
vt 0.775954 0.057813
vt 0.779927 0.026135
vt 0.780255 0.035173
vt 0.776396 0.065946
vt 0.773114 0.107347
vt 0.770536 0.157783
vt 0.768760 0.215318
vt 0.767854 0.277739
vt 0.767854 0.342649
vt 0.959441 0.026081
vt 0.956677 0.026081
vt 0.965005 0.665415
vt 0.962241 0.665415
vt 0.962246 0.659027
vt 0.965010 0.659027
vt 0.962250 0.640098
vt 0.965015 0.640098
vt 0.740516 0.678422
vt 0.735830 0.658964
vt 0.731415 0.627344
vt 0.727442 0.584778
vt 0.724064 0.532900
vt 0.721409 0.473704
vt 0.719581 0.409466
vt 0.718648 0.342654
vt 0.718648 0.275835
vt 0.719581 0.211578
vt 0.721409 0.152351
vt 0.724064 0.100431
vt 0.727442 0.057813
vt 0.731415 0.026135
vt 0.735830 0.006614
vt 0.740516 -0.000000
vt 0.745294 0.006548
vt 0.749980 0.026005
vt 0.754395 0.057625
vt 0.758367 0.100192
vt 0.761746 0.152070
vt 0.764401 0.211265
vt 0.766229 0.275503
vt 0.765563 0.277417
vt 0.763786 0.215014
vt 0.761208 0.157510
vt 0.757926 0.107114
vt 0.754066 0.065764
vt 0.749778 0.035048
vt 0.745226 0.016146
vt 0.740584 0.009785
vt 0.736032 0.016210
vt 0.731743 0.035173
vt 0.727884 0.065947
vt 0.724602 0.107347
vt 0.722023 0.157784
vt 0.720247 0.215318
vt 0.719342 0.277739
vt 0.719342 0.342649
vt 0.720247 0.407552
vt 0.722023 0.469955
vt 0.724602 0.527459
vt 0.727884 0.577855
vt 0.731743 0.619205
vt 0.736032 0.649922
vt 0.740584 0.668823
vt 0.962255 0.609357
vt 0.965019 0.609357
vt 0.962259 0.567985
vt 0.965023 0.567985
vt 0.962262 0.517571
vt 0.965026 0.517571
vt 0.962264 0.460052
vt 0.965028 0.460052
vt 0.962265 0.397640
vt 0.965030 0.397640
vt 0.962266 0.332733
vt 0.965030 0.332733
vt 0.962265 0.267824
vt 0.965030 0.267824
vt 0.962264 0.205409
vt 0.965028 0.205409
vt 0.962262 0.147886
vt 0.965026 0.147886
vt 0.962259 0.097466
vt 0.965023 0.097466
vt 0.962255 0.056085
vt 0.965019 0.056085
vt 0.962250 0.025336
vt 0.965015 0.025336
vt 0.962246 0.006398
vt 0.965010 0.006398
vt 0.962241 -0.000000
vt 0.965005 0.000000
vt 0.959451 0.665415
vt 0.959456 0.659017
vt 0.962221 0.659017
vt 0.962216 0.665415
vt 0.959461 0.640079
vt 0.962225 0.640079
vt 0.959465 0.609329
vt 0.962230 0.609329
vt 0.959469 0.567949
vt 0.962234 0.567949
vt 0.959472 0.517528
vt 0.962237 0.517528
vt 0.959475 0.460005
vt 0.962239 0.460005
vt 0.959476 0.397590
vt 0.962240 0.397590
vt 0.959477 0.332682
vt 0.962241 0.332682
vt 0.959476 0.267774
vt 0.962240 0.267774
vt 0.959475 0.205362
vt 0.962239 0.205362
vt 0.959472 0.147844
vt 0.962237 0.147844
vt 0.959469 0.097430
vt 0.962234 0.097430
vt 0.959465 0.056057
vt 0.962230 0.056057
vt 0.959461 0.025316
vt 0.962225 0.025316
vt 0.959456 0.006388
vt 0.962221 0.006388
vt 0.959451 -0.000000
vt 0.962216 -0.000000
vt 0.959427 0.473584
vt 0.956663 0.473584
vt 0.956662 0.409336
vt 0.959426 0.409336
vt 0.956661 0.342519
vt 0.959426 0.342519
vt 0.956662 0.275702
vt 0.959426 0.275702
vt 0.956663 0.211451
vt 0.959427 0.211451
vt 0.956666 0.152236
vt 0.959430 0.152236
vt 0.956669 0.100332
vt 0.959433 0.100332
vt 0.956673 0.057735
vt 0.959437 0.057735
vt 0.959430 0.532794
vt 0.956666 0.532794
vt 0.959433 0.584691
vt 0.956669 0.584691
vt 0.959437 0.627280
vt 0.956673 0.627280
vt 0.959441 0.658925
vt 0.956677 0.658925
vt 0.959446 0.678410
vt 0.956682 0.678410
vt 0.959451 0.684986
vt 0.956687 0.684986
vt 0.956656 0.006576
vt 0.953892 0.006576
vt 0.953897 0.000000
vt 0.956661 0.000000
vt 0.956651 0.026061
vt 0.953887 0.026061
vt 0.956647 0.057706
vt 0.953882 0.057706
vt 0.956643 0.100295
vt 0.953878 0.100295
vt 0.956639 0.152192
vt 0.953875 0.152192
vt 0.956637 0.211402
vt 0.953873 0.211402
vt 0.374127 0.837641
vt 0.372494 0.836582
vt 0.370892 0.833402
vt 0.369383 0.828220
vt 0.368024 0.821237
vt 0.366869 0.812722
vt 0.365962 0.803000
vt 0.365337 0.792447
vt 0.365018 0.781467
vt 0.365018 0.770482
vt 0.365337 0.759915
vt 0.365962 0.750171
vt 0.366869 0.741625
vt 0.368024 0.734606
vt 0.369383 0.729383
vt 0.370892 0.726157
vt 0.372494 0.725052
vt 0.374127 0.726110
vt 0.375729 0.729291
vt 0.377238 0.734473
vt 0.378596 0.741455
vt 0.379751 0.749971
vt 0.380659 0.759692
vt 0.381284 0.770246
vt 0.381602 0.781226
vt 0.381602 0.792211
vt 0.381284 0.802778
vt 0.380659 0.812522
vt 0.379751 0.821067
vt 0.378596 0.828086
vt 0.377238 0.833309
vt 0.375729 0.836535
vt 0.379417 0.671327
vt 0.380136 0.671327
vt 0.380128 0.672945
vt 0.379409 0.672945
vt 0.379409 0.669710
vt 0.380128 0.669710
vt 0.382113 0.763999
vt 0.382831 0.763999
vt 0.382809 0.767203
vt 0.382091 0.767203
vt 0.782424 0.686028
vt 0.784057 0.684969
vt 0.785659 0.686074
vt 0.787169 0.689301
vt 0.788527 0.694523
vt 0.789682 0.701543
vt 0.790589 0.710088
vt 0.791214 0.719832
vt 0.791533 0.730399
vt 0.791533 0.741384
vt 0.791214 0.752364
vt 0.790589 0.762918
vt 0.789682 0.772639
vt 0.788527 0.781155
vt 0.787169 0.788137
vt 0.785660 0.793319
vt 0.784057 0.796500
vt 0.782424 0.797558
vt 0.780822 0.796453
vt 0.779313 0.793227
vt 0.777955 0.788004
vt 0.776800 0.780985
vt 0.775892 0.772439
vt 0.775267 0.762695
vt 0.774949 0.752128
vt 0.774949 0.741143
vt 0.775267 0.730163
vt 0.775892 0.719610
vt 0.776800 0.709888
vt 0.777955 0.701373
vt 0.779313 0.694390
vt 0.780822 0.689208
vt 0.382133 0.758795
vt 0.382851 0.758795
vt 0.382150 0.751793
vt 0.382869 0.751793
vt 0.382165 0.743261
vt 0.382883 0.743261
vt 0.382176 0.733527
vt 0.382894 0.733527
vt 0.382182 0.722966
vt 0.382901 0.722966
vt 0.382184 0.711982
vt 0.382903 0.711982
vt 0.382182 0.700998
vt 0.382901 0.700998
vt 0.382176 0.690437
vt 0.382894 0.690437
vt 0.382165 0.680704
vt 0.382883 0.680704
vt 0.382150 0.672173
vt 0.382869 0.672173
vt 0.382133 0.665172
vt 0.382851 0.665172
vt 0.382113 0.659970
vt 0.382831 0.659970
vt 0.382091 0.656766
vt 0.382809 0.656766
vt 0.379417 0.674563
vt 0.380136 0.674563
vt 0.380128 0.676181
vt 0.379409 0.676181
vt 0.813505 0.688173
vt 0.812786 0.688173
vt 0.812786 0.684969
vt 0.813505 0.684969
vt 0.813505 0.693375
vt 0.812786 0.693375
vt 0.813504 0.700376
vt 0.812786 0.700376
vt 0.813504 0.708907
vt 0.812786 0.708907
vt 0.813504 0.718640
vt 0.812785 0.718640
vt 0.813504 0.729201
vt 0.812785 0.729201
vt 0.813504 0.740185
vt 0.812785 0.740185
vt 0.813504 0.751169
vt 0.812785 0.751169
vt 0.813504 0.761730
vt 0.812785 0.761730
vt 0.813504 0.771464
vt 0.812786 0.771464
vt 0.813504 0.779996
vt 0.812786 0.779996
vt 0.813505 0.786998
vt 0.812786 0.786998
vt 0.813505 0.792202
vt 0.812786 0.792202
vt 0.813505 0.795406
vt 0.812786 0.795406
vt 0.723661 0.838403
vt 0.723424 0.846483
vt 0.723424 0.838245
vt 0.723187 0.838403
vt 0.722960 0.838872
vt 0.722750 0.839633
vt 0.722566 0.840658
vt 0.722415 0.841906
vt 0.722303 0.843330
vt 0.722234 0.844876
vt 0.722210 0.846483
vt 0.722234 0.848090
vt 0.722303 0.849635
vt 0.722415 0.851059
vt 0.722566 0.852308
vt 0.722750 0.853332
vt 0.722960 0.854093
vt 0.723187 0.854562
vt 0.723424 0.854720
vt 0.723661 0.854562
vt 0.723888 0.854093
vt 0.724098 0.853332
vt 0.724282 0.852308
vt 0.724433 0.851059
vt 0.724545 0.849635
vt 0.724614 0.848090
vt 0.724637 0.846483
vt 0.724614 0.844876
vt 0.724545 0.843330
vt 0.724433 0.841906
vt 0.724282 0.840658
vt 0.724098 0.839633
vt 0.723888 0.838872
vt 0.723889 0.830635
vt 0.723424 0.830324
vt 0.724335 0.831554
vt 0.724099 0.823475
vt 0.723425 0.823025
vt 0.724747 0.824810
vt 0.722960 0.830635
vt 0.722751 0.823475
vt 0.722513 0.831554
vt 0.722102 0.824810
vt 0.722102 0.833047
vt 0.721505 0.826978
vt 0.721741 0.835057
vt 0.720981 0.829896
vt 0.721445 0.837506
vt 0.720552 0.833450
vt 0.721225 0.840299
vt 0.720232 0.837506
vt 0.721090 0.843331
vt 0.720036 0.841907
vt 0.721044 0.846483
vt 0.719969 0.846484
vt 0.721090 0.849636
vt 0.720036 0.851060
vt 0.721225 0.852667
vt 0.720232 0.855461
vt 0.721445 0.855460
vt 0.720552 0.859517
vt 0.721741 0.857909
vt 0.720981 0.863072
vt 0.722102 0.859919
vt 0.721505 0.865989
vt 0.722513 0.861412
vt 0.722102 0.868157
vt 0.722960 0.862331
vt 0.722751 0.869492
vt 0.723424 0.862642
vt 0.723425 0.869943
vt 0.723889 0.862331
vt 0.724099 0.869492
vt 0.724335 0.861412
vt 0.724747 0.868157
vt 0.724747 0.859919
vt 0.725344 0.865989
vt 0.725107 0.857909
vt 0.725868 0.863072
vt 0.725403 0.855460
vt 0.726298 0.859517
vt 0.725623 0.852667
vt 0.726617 0.855461
vt 0.725759 0.849635
vt 0.726814 0.851060
vt 0.725804 0.846483
vt 0.726880 0.846484
vt 0.725759 0.843331
vt 0.726814 0.841907
vt 0.725623 0.840299
vt 0.726617 0.837506
vt 0.725403 0.837506
vt 0.726298 0.833450
vt 0.725107 0.835057
vt 0.725868 0.829896
vt 0.724747 0.833047
vt 0.725344 0.826978
vt 0.725869 0.821659
vt 0.725109 0.818899
vt 0.726535 0.825372
vt 0.724283 0.817200
vt 0.725405 0.814049
vt 0.724435 0.812051
vt 0.726299 0.817293
vt 0.723425 0.816627
vt 0.723426 0.811376
vt 0.722567 0.817200
vt 0.722417 0.812051
vt 0.721742 0.818899
vt 0.721447 0.814049
vt 0.720982 0.821659
vt 0.720553 0.817293
vt 0.720316 0.825372
vt 0.719769 0.821659
vt 0.719769 0.829896
vt 0.719126 0.826980
vt 0.719362 0.835058
vt 0.718648 0.833050
vt 0.719112 0.840659
vt 0.762845 0.859924
vt 0.762028 0.857915
vt 0.762028 0.852314
vt 0.762845 0.853338
vt 0.719027 0.846484
vt 0.762028 0.846489
vt 0.762845 0.846489
vt 0.719112 0.852309
vt 0.762028 0.840664
vt 0.762845 0.839640
vt 0.719362 0.857910
vt 0.762028 0.835063
vt 0.762845 0.833053
vt 0.719769 0.863072
vt 0.718648 0.859921
vt 0.719126 0.865991
vt 0.720316 0.867597
vt 0.719769 0.871311
vt 0.720982 0.871310
vt 0.720553 0.875677
vt 0.721742 0.874069
vt 0.721447 0.878922
vt 0.722567 0.875768
vt 0.722417 0.880920
vt 0.723425 0.876342
vt 0.723426 0.881594
vt 0.724283 0.875768
vt 0.724435 0.880920
vt 0.725109 0.874069
vt 0.725405 0.878922
vt 0.725869 0.871310
vt 0.726299 0.875677
vt 0.726535 0.867597
vt 0.727083 0.871311
vt 0.727082 0.863072
vt 0.727726 0.865991
vt 0.727489 0.857910
vt 0.728204 0.859921
vt 0.727739 0.852309
vt 0.755201 0.859921
vt 0.754374 0.857912
vt 0.754378 0.852311
vt 0.755205 0.853335
vt 0.727823 0.846484
vt 0.754379 0.846486
vt 0.755206 0.846485
vt 0.727739 0.840659
vt 0.754378 0.840661
vt 0.755205 0.839636
vt 0.727489 0.835058
vt 0.754374 0.835060
vt 0.755201 0.833050
vt 0.727082 0.829896
vt 0.728204 0.833050
vt 0.727726 0.826980
vt 0.727083 0.821659
vt 0.756123 0.818901
vt 0.755185 0.821660
vt 0.755174 0.817295
vt 0.756111 0.814050
vt 0.756133 0.824812
vt 0.755194 0.826980
vt 0.726620 0.814050
vt 0.725626 0.810445
vt 0.757124 0.812052
vt 0.756097 0.810445
vt 0.757110 0.808225
vt 0.757137 0.817202
vt 0.724548 0.808225
vt 0.725763 0.808226
vt 0.724618 0.805869
vt 0.723427 0.807475
vt 0.723428 0.805073
vt 0.722306 0.808225
vt 0.722238 0.805869
vt 0.721228 0.810445
vt 0.721094 0.808226
vt 0.720235 0.814050
vt 0.764787 0.884749
vt 0.763776 0.882529
vt 0.763776 0.878925
vt 0.764788 0.880923
vt 0.762844 0.875680
vt 0.762845 0.871314
vt 0.763776 0.874074
vt 0.764788 0.875773
vt 0.762845 0.865994
vt 0.763777 0.868162
vt 0.764788 0.869497
vt 0.763777 0.861418
vt 0.764788 0.862338
vt 0.763777 0.854100
vt 0.764788 0.854569
vt 0.763777 0.846489
vt 0.764788 0.846489
vt 0.763777 0.838879
vt 0.764788 0.838410
vt 0.763777 0.831560
vt 0.764788 0.830641
vt 0.762845 0.826983
vt 0.763777 0.824816
vt 0.764788 0.823481
vt 0.762845 0.821663
vt 0.763776 0.818904
vt 0.764788 0.817205
vt 0.762844 0.817296
vt 0.763776 0.814052
vt 0.764788 0.812054
vt 0.720235 0.878923
vt 0.721228 0.882528
vt 0.763776 0.810446
vt 0.764787 0.808226
vt 0.722306 0.884748
vt 0.721094 0.884749
vt 0.722238 0.887105
vt 0.723427 0.885497
vt 0.723428 0.887901
vt 0.724548 0.884748
vt 0.724618 0.887105
vt 0.725626 0.882528
vt 0.725763 0.884749
vt 0.726620 0.878923
vt 0.757110 0.884748
vt 0.756097 0.882528
vt 0.756111 0.878923
vt 0.757124 0.880921
vt 0.755174 0.875679
vt 0.755185 0.871312
vt 0.756123 0.874071
vt 0.757137 0.875770
vt 0.755194 0.865991
vt 0.756133 0.868159
vt 0.757148 0.869494
vt 0.756140 0.861414
vt 0.757156 0.862334
vt 0.756145 0.854096
vt 0.757161 0.854565
vt 0.756146 0.846485
vt 0.757162 0.846485
vt 0.756145 0.838875
vt 0.757161 0.838406
vt 0.756140 0.831557
vt 0.757156 0.830637
vt 0.757148 0.823477
vt 0.758201 0.823026
vt 0.758190 0.816628
vt 0.758209 0.830326
vt 0.758177 0.811377
vt 0.758162 0.807476
vt 0.757094 0.805869
vt 0.758145 0.805073
vt 0.380467 0.661620
vt 0.379409 0.661597
vt 0.379415 0.660407
vt 0.380473 0.660407
vt 0.379409 0.659217
vt 0.380467 0.659193
vt 0.765839 0.887901
vt 0.764787 0.887105
vt 0.765839 0.885499
vt 0.765839 0.881597
vt 0.765839 0.876346
vt 0.765839 0.869948
vt 0.765840 0.862648
vt 0.765840 0.854727
vt 0.765840 0.846490
vt 0.765840 0.838252
vt 0.765840 0.830330
vt 0.765839 0.823030
vt 0.765839 0.816631
vt 0.765839 0.811379
vt 0.765839 0.807477
vt 0.764787 0.805869
vt 0.765839 0.805073
vt 0.379409 0.659170
vt 0.379415 0.657980
vt 0.380473 0.657980
vt 0.379409 0.656790
vt 0.380467 0.656766
vt 0.758145 0.887901
vt 0.757094 0.887105
vt 0.758162 0.885498
vt 0.758177 0.881595
vt 0.758190 0.876344
vt 0.758201 0.869945
vt 0.758209 0.862644
vt 0.758214 0.854723
vt 0.758216 0.846485
vt 0.758214 0.838247
vt 0.379409 0.684103
vt 0.379409 0.679417
vt 0.379825 0.680783
vt 0.379260 0.705266
vt 0.380473 0.703676
vt 0.380473 0.705283
vt 0.379409 0.684103
vt 0.379825 0.687423
vt 0.379409 0.688790
vt 0.698484 0.863179
vt 0.696882 0.862074
vt 0.695372 0.858848
vt 0.694014 0.853625
vt 0.692859 0.846605
vt 0.691952 0.838060
vt 0.691327 0.828316
vt 0.691008 0.817749
vt 0.691008 0.806764
vt 0.691327 0.795784
vt 0.691952 0.785230
vt 0.692859 0.775509
vt 0.694014 0.766993
vt 0.695372 0.760011
vt 0.696882 0.754829
vt 0.698484 0.751648
vt 0.700117 0.750590
vt 0.701719 0.751695
vt 0.703228 0.754921
vt 0.704586 0.760144
vt 0.705741 0.767163
vt 0.706649 0.775709
vt 0.707274 0.785453
vt 0.707592 0.796020
vt 0.707592 0.807005
vt 0.707274 0.817985
vt 0.706649 0.828538
vt 0.705741 0.838260
vt 0.704586 0.846776
vt 0.703228 0.853758
vt 0.701719 0.858940
vt 0.700117 0.862121
vt 0.379417 0.668092
vt 0.380136 0.668092
vt 0.380128 0.669710
vt 0.379409 0.669710
vt 0.380128 0.666474
vt 0.811995 0.792202
vt 0.812714 0.792202
vt 0.812692 0.795406
vt 0.811973 0.795406
vt 0.799008 0.686028
vt 0.800642 0.684969
vt 0.802244 0.686075
vt 0.803753 0.689301
vt 0.805111 0.694524
vt 0.806266 0.701543
vt 0.807174 0.710088
vt 0.807799 0.719832
vt 0.808117 0.730399
vt 0.808117 0.741384
vt 0.807799 0.752364
vt 0.807174 0.762918
vt 0.806266 0.772639
vt 0.805111 0.781155
vt 0.803753 0.788138
vt 0.802244 0.793319
vt 0.800642 0.796500
vt 0.799008 0.797558
vt 0.797406 0.796453
vt 0.795897 0.793227
vt 0.794539 0.788004
vt 0.793384 0.780985
vt 0.792477 0.772439
vt 0.791852 0.762695
vt 0.791533 0.752128
vt 0.791533 0.741143
vt 0.791852 0.730163
vt 0.792477 0.719610
vt 0.793384 0.709888
vt 0.794539 0.701373
vt 0.795897 0.694390
vt 0.797406 0.689209
vt 0.812015 0.786998
vt 0.812734 0.786998
vt 0.812033 0.779996
vt 0.812751 0.779996
vt 0.812047 0.771464
vt 0.812766 0.771464
vt 0.812058 0.761730
vt 0.812777 0.761730
vt 0.812064 0.751169
vt 0.812783 0.751169
vt 0.812067 0.740185
vt 0.812785 0.740185
vt 0.812064 0.729201
vt 0.812783 0.729201
vt 0.812058 0.718640
vt 0.812777 0.718640
vt 0.812047 0.708907
vt 0.812766 0.708907
vt 0.812033 0.700376
vt 0.812751 0.700376
vt 0.812015 0.693375
vt 0.812734 0.693375
vt 0.811995 0.688173
vt 0.812714 0.688173
vt 0.811973 0.684969
vt 0.812692 0.684969
vt 0.379417 0.677799
vt 0.380136 0.677799
vt 0.380128 0.679417
vt 0.379409 0.679417
vt 0.814224 0.688173
vt 0.813506 0.688173
vt 0.813506 0.684969
vt 0.814225 0.684969
vt 0.814224 0.693375
vt 0.813506 0.693375
vt 0.814224 0.700376
vt 0.813505 0.700376
vt 0.814224 0.708907
vt 0.813505 0.708907
vt 0.814224 0.718640
vt 0.813505 0.718640
vt 0.814224 0.729201
vt 0.813505 0.729201
vt 0.814224 0.740185
vt 0.813505 0.740185
vt 0.814224 0.751169
vt 0.813505 0.751169
vt 0.814224 0.761730
vt 0.813505 0.761730
vt 0.814224 0.771464
vt 0.813505 0.771464
vt 0.814224 0.779996
vt 0.813505 0.779996
vt 0.814224 0.786998
vt 0.813506 0.786998
vt 0.814224 0.792202
vt 0.813506 0.792202
vt 0.814225 0.795406
vt 0.813506 0.795406
vt 0.732759 0.861368
vt 0.731942 0.860839
vt 0.731141 0.859248
vt 0.730386 0.856658
vt 0.729707 0.853166
vt 0.729130 0.848908
vt 0.728676 0.844048
vt 0.728364 0.838771
vt 0.728204 0.833281
vt 0.728204 0.827788
vt 0.728364 0.822505
vt 0.728676 0.817633
vt 0.729130 0.813360
vt 0.729707 0.809851
vt 0.730386 0.807239
vt 0.731141 0.805626
vt 0.731942 0.805073
vt 0.732759 0.805603
vt 0.733560 0.807193
vt 0.734314 0.809784
vt 0.734993 0.813275
vt 0.735571 0.817533
vt 0.736024 0.822394
vt 0.736337 0.827670
vt 0.736496 0.833161
vt 0.736496 0.838653
vt 0.736337 0.843937
vt 0.736024 0.848808
vt 0.735571 0.853081
vt 0.734993 0.856591
vt 0.734314 0.859202
vt 0.733560 0.860815
vt 0.212895 0.829367
vt 0.212895 0.877879
vt 0.212086 0.877875
vt 0.213704 0.829363
vt 0.213704 0.877875
vt 0.767193 0.751457
vt 0.718684 0.751457
vt 0.718695 0.749855
vt 0.767204 0.749855
vt 0.374698 0.657296
vt 0.375514 0.656767
vt 0.376315 0.657319
vt 0.377070 0.658932
vt 0.377749 0.661544
vt 0.378327 0.665053
vt 0.378780 0.669326
vt 0.379093 0.674198
vt 0.379252 0.679481
vt 0.379252 0.684974
vt 0.379093 0.690464
vt 0.378780 0.695741
vt 0.378327 0.700601
vt 0.377749 0.704859
vt 0.377070 0.708351
vt 0.376315 0.710941
vt 0.375514 0.712532
vt 0.374698 0.713061
vt 0.373897 0.712508
vt 0.373142 0.710895
vt 0.372463 0.708284
vt 0.371886 0.704774
vt 0.371432 0.700501
vt 0.371119 0.695630
vt 0.370960 0.690346
vt 0.370960 0.684854
vt 0.371119 0.679363
vt 0.371432 0.674087
vt 0.371886 0.669226
vt 0.372463 0.664968
vt 0.373142 0.661477
vt 0.373897 0.658886
vt 0.767183 0.754059
vt 0.718674 0.754059
vt 0.767175 0.757560
vt 0.718665 0.757560
vt 0.767167 0.761826
vt 0.718658 0.761826
vt 0.767162 0.766693
vt 0.718653 0.766693
vt 0.767159 0.771974
vt 0.718650 0.771974
vt 0.767158 0.777466
vt 0.718648 0.777466
vt 0.767159 0.782958
vt 0.718650 0.782958
vt 0.767162 0.788238
vt 0.718653 0.788238
vt 0.767168 0.793105
vt 0.718658 0.793105
vt 0.767175 0.797370
vt 0.718666 0.797370
vt 0.767184 0.800871
vt 0.718675 0.800871
vt 0.767194 0.803472
vt 0.718685 0.803472
vt 0.767205 0.805073
vt 0.718696 0.805073
vt 0.381282 0.656771
vt 0.381282 0.705283
vt 0.380473 0.705279
vt 0.380473 0.656766
vt 0.382091 0.705279
vt 0.214356 0.757778
vt 0.165842 0.757778
vt 0.165842 0.756176
vt 0.214356 0.756176
vt 0.214356 0.760379
vt 0.165842 0.760379
vt 0.214356 0.763879
vt 0.165842 0.763879
vt 0.214356 0.768145
vt 0.165842 0.768145
vt 0.214356 0.773011
vt 0.165842 0.773011
vt 0.214356 0.778292
vt 0.165842 0.778292
vt 0.214356 0.783784
vt 0.165842 0.783784
vt 0.214356 0.789276
vt 0.165842 0.789276
vt 0.214356 0.794556
vt 0.165842 0.794556
vt 0.214356 0.799423
vt 0.165842 0.799423
vt 0.214356 0.803689
vt 0.165842 0.803689
vt 0.214356 0.807191
vt 0.165842 0.807191
vt 0.214356 0.809792
vt 0.165842 0.809792
vt 0.214356 0.811394
vt 0.165842 0.811394
s 1
usemtl V_MetalOxi.001
f 5/1/1 2/2/1 1/3/1 6/4/1
f 3/5/2 8/6/2 7/7/2 4/8/2
f 9/9/3 14/10/3 13/11/3 10/12/3
f 15/13/4 12/14/4 11/15/4 16/16/4
f 5/17/5 14/18/5 9/19/5 2/20/5
f 1/3/6 4/21/6 7/22/6 6/4/6
f 9/23/7 10/24/7 11/25/7 12/26/7 3/27/7 4/28/7 1/29/7 2/30/7
f 15/13/8 8/6/8 3/5/8 12/14/8
f 5/31/9 6/29/9 7/32/9 8/33/9 15/34/9 16/35/9 13/36/9 14/37/9
f 13/11/10 16/38/10 11/39/10 10/12/10
f 17/40/11 18/41/11 20/42/11 19/43/11
f 19/44/12 20/45/12 24/46/12 23/47/12
f 23/48/13 24/49/13 22/50/13 21/51/13
f 21/52/14 22/53/14 18/54/14 17/55/14
f 19/56/15 23/57/15 21/58/15 17/59/15
f 24/60/16 20/61/16 18/62/16 22/63/16
f 25/64/17 26/65/17 28/66/17 27/67/17
f 27/68/18 28/69/18 32/70/18 31/71/18
f 31/72/19 32/73/19 30/74/19 29/75/19
f 29/76/20 30/77/20 26/78/20 25/79/20
f 27/80/15 31/81/15 29/82/15 25/83/15
f 32/84/16 28/85/16 26/86/16 30/87/16
f 33/88/17 34/89/17 36/90/17 35/91/17
f 35/92/18 36/93/18 40/94/18 39/95/18
f 39/96/19 40/97/19 38/98/19 37/99/19
f 37/100/20 38/101/20 34/102/20 33/103/20
f 35/104/15 39/105/15 37/106/15 33/107/15
f 40/85/16 36/108/16 34/109/16 38/86/16
f 41/67/17 42/110/17 44/111/17 43/112/17
f 43/113/18 44/114/18 48/115/18 47/116/18
f 47/117/19 48/118/19 46/119/19 45/120/19
f 45/121/20 46/122/20 42/123/20 41/124/20
f 43/105/15 47/125/15 45/126/15 41/106/15
f 48/127/16 44/128/16 42/129/16 46/130/16
f 49/91/17 50/131/17 52/132/17 51/133/17
f 51/134/18 52/135/18 56/136/18 55/137/18
f 55/138/19 56/139/19 54/140/19 53/141/19
f 53/142/20 54/143/20 50/144/20 49/145/20
f 51/146/15 55/80/15 53/83/15 49/147/15
f 56/148/16 52/84/16 50/87/16 54/149/16
f 60/150/21 313/151/21 67/152/21 68/153/21
f 61/154/22 60/155/22 68/156/22 69/157/22
f 310/158/23 57/159/23 62/160/23
f 311/161/24 310/158/24 62/160/24 63/162/24
f 58/163/25 311/161/25 63/162/25 64/164/25
f 312/165/26 58/163/26 64/164/26 65/166/26
f 59/167/27 312/165/27 65/166/27 66/168/27
f 313/151/28 59/167/28 66/168/28 67/152/28
f 67/152/29 66/168/29 74/169/29 75/170/29
f 68/153/30 67/152/30 75/170/30 76/171/30
f 69/172/31 68/173/31 76/174/31 77/175/31
f 62/160/32 57/159/32 70/176/32
f 63/162/33 62/160/33 70/176/33 71/177/33
f 64/164/34 63/162/34 71/177/34 72/178/34
f 65/166/35 64/164/35 72/178/35 73/179/35
f 66/168/36 65/166/36 73/179/36 74/169/36
f 72/178/37 71/177/37 79/180/37 80/181/37
f 73/179/38 72/178/38 80/181/38 81/182/38
f 74/169/39 73/179/39 81/182/39 82/183/39
f 75/170/40 74/169/40 82/183/40 83/184/40
f 76/174/41 75/185/41 83/186/41 84/187/41
f 77/175/42 76/174/42 84/187/42 85/188/42
f 70/176/43 57/159/44 78/189/45
f 71/177/46 70/176/46 78/189/46 79/180/46
f 84/187/47 83/186/47 91/190/47 92/191/47
f 85/188/48 84/187/48 92/191/48 93/192/48
f 78/189/45 57/159/44 86/193/49
f 79/180/50 78/189/50 86/193/50 87/194/50
f 80/181/51 79/180/51 87/194/51 88/195/51
f 81/182/52 80/181/52 88/195/52 89/196/52
f 82/183/53 81/182/53 89/196/53 90/197/53
f 83/186/54 82/198/54 90/199/54 91/190/54
f 88/195/55 87/194/55 95/200/55 96/201/55
f 89/196/56 88/195/56 96/201/56 97/202/56
f 90/197/57 89/196/57 97/202/57 98/203/57
f 91/190/58 90/199/58 98/204/58 99/205/58
f 92/191/59 91/190/59 99/205/59 100/206/59
f 93/192/60 92/191/60 100/206/60 101/207/60
f 86/193/61 57/159/62 94/208/63
f 87/194/64 86/193/64 94/208/64 95/200/64
f 100/206/65 99/205/65 107/209/65 108/210/65
f 101/207/66 100/206/66 108/210/66 109/211/66
f 94/208/63 57/159/62 102/212/67
f 95/200/68 94/208/68 102/212/68 103/213/68
f 96/201/69 95/200/69 103/213/69 104/214/69
f 97/202/70 96/201/70 104/214/70 105/215/70
f 98/203/71 97/202/71 105/215/71 106/216/71
f 99/205/72 98/204/72 106/217/72 107/209/72
f 105/215/73 104/214/73 112/218/73 113/219/73
f 106/217/74 105/220/74 113/221/74 114/222/74
f 107/209/75 106/217/75 114/222/75 115/223/75
f 108/210/76 107/209/76 115/223/76 116/224/76
f 109/211/77 108/210/77 116/224/77 117/225/77
f 102/212/78 57/159/79 110/226/80
f 103/213/81 102/212/81 110/226/82 111/227/83
f 104/214/84 103/213/84 111/227/84 112/218/84
f 117/225/85 116/224/85 124/228/85 125/229/85
f 110/226/80 57/159/79 118/230/86
f 111/227/83 110/226/82 118/230/87 119/231/87
f 112/218/88 111/227/88 119/231/89 120/232/89
f 113/219/90 112/218/90 120/232/90 121/233/90
f 114/222/91 113/221/91 121/234/91 122/235/91
f 115/223/92 114/222/92 122/235/92 123/236/92
f 116/224/93 115/223/93 123/236/93 124/228/93
f 122/235/94 121/234/94 129/237/94 130/238/94
f 123/236/95 122/235/95 130/238/95 131/239/95
f 124/228/96 123/236/96 131/239/96 132/240/96
f 125/229/97 124/228/97 132/240/97 133/241/97
f 118/230/86 57/159/79 126/242/98
f 119/231/87 118/230/87 126/242/99 127/243/100
f 120/232/89 119/231/89 127/243/101 128/244/101
f 121/233/102 120/232/102 128/244/102 129/245/102
f 126/242/98 57/159/79 134/246/103
f 127/243/100 126/242/99 134/246/104 135/247/104
f 128/244/105 127/243/105 135/247/105 136/248/105
f 129/245/106 128/244/106 136/248/106 137/249/106
f 130/238/107 129/237/107 137/250/107 138/251/107
f 131/239/108 130/238/108 138/251/108 139/252/108
f 132/240/109 131/239/109 139/252/109 140/253/109
f 133/241/110 132/240/110 140/253/110 141/254/110
f 138/255/111 137/249/111 145/256/111 146/257/111
f 139/252/112 138/251/112 146/258/112 147/259/112
f 140/253/113 139/252/113 147/259/113 148/260/113
f 141/254/114 140/253/114 148/260/114 149/261/114
f 134/246/103 57/159/79 142/262/115
f 135/247/116 134/246/116 142/262/116 143/263/116
f 136/248/117 135/247/117 143/263/117 144/264/117
f 137/249/118 136/248/118 144/264/118 145/256/118
f 143/263/119 142/262/119 150/265/119 151/266/119
f 144/264/120 143/263/120 151/266/120 152/267/120
f 145/256/121 144/264/121 152/267/121 153/268/121
f 146/257/122 145/256/122 153/268/122 154/269/122
f 147/259/123 146/258/123 154/270/123 155/271/123
f 148/260/124 147/259/124 155/271/124 156/272/124
f 149/261/125 148/260/125 156/272/125 157/273/125
f 142/262/126 57/159/127 150/265/128
f 155/271/129 154/270/129 162/274/129 163/275/129
f 156/272/130 155/271/130 163/275/130 164/276/130
f 157/273/131 156/272/131 164/276/131 165/277/131
f 150/265/128 57/159/127 158/278/132
f 151/266/133 150/265/133 158/278/133 159/279/133
f 152/267/134 151/266/134 159/279/134 160/280/134
f 153/268/135 152/267/135 160/280/135 161/281/135
f 154/269/136 153/268/136 161/281/136 162/282/136
f 159/279/137 158/278/137 166/283/137 167/284/137
f 160/280/138 159/279/138 167/284/138 168/285/138
f 161/281/139 160/280/139 168/285/139 169/286/139
f 162/282/140 161/281/140 169/286/140 170/287/140
f 163/288/141 162/282/141 170/287/141 171/289/141
f 164/276/142 163/275/142 171/290/142 172/291/142
f 165/277/143 164/276/143 172/291/143 173/292/143
f 158/278/144 57/159/144 166/283/144
f 171/289/145 170/287/145 178/293/145 179/294/145
f 172/295/146 171/289/146 179/294/146 180/296/146
f 173/292/147 172/291/147 180/297/147 181/298/147
f 166/283/148 57/159/148 174/299/148
f 167/284/149 166/283/149 174/299/149 175/300/149
f 168/285/150 167/284/150 175/300/150 176/301/150
f 169/286/151 168/285/151 176/301/151 177/302/151
f 170/287/152 169/286/152 177/302/152 178/293/152
f 176/301/153 175/300/153 183/303/153 184/304/153
f 177/302/154 176/301/154 184/304/154 185/305/154
f 178/293/155 177/302/155 185/305/155 186/306/155
f 179/294/156 178/293/156 186/306/156 187/307/156
f 180/296/157 179/294/157 187/307/157 188/308/157
f 181/309/158 180/310/158 188/311/158 189/312/158
f 174/299/159 57/159/159 182/313/159
f 175/300/160 174/299/160 182/313/160 183/303/160
f 188/308/161 187/307/161 195/314/161 196/315/161
f 189/312/162 188/311/162 196/316/162 197/317/162
f 182/313/163 57/159/163 190/318/163
f 183/303/164 182/313/164 190/318/164 191/319/164
f 184/304/165 183/303/165 191/319/165 192/320/165
f 185/305/166 184/304/166 192/320/166 193/321/166
f 186/306/167 185/305/167 193/321/167 194/322/167
f 187/307/168 186/306/168 194/322/168 195/314/168
f 193/321/169 192/320/169 200/323/169 201/324/169
f 194/322/170 193/321/170 201/324/170 202/325/170
f 195/314/171 194/322/171 202/325/171 203/326/171
f 196/315/172 195/314/172 203/326/172 204/327/172
f 197/328/173 196/329/173 204/330/173 205/331/173
f 190/318/174 57/159/174 198/332/174
f 191/319/175 190/318/175 198/332/175 199/333/175
f 192/320/176 191/319/176 199/333/176 200/323/176
f 205/331/177 204/330/177 212/334/177 213/335/177
f 198/332/178 57/159/179 206/336/180
f 199/333/181 198/332/181 206/336/181 207/337/181
f 200/323/182 199/333/182 207/337/182 208/338/182
f 201/324/183 200/323/183 208/338/183 209/339/183
f 202/325/184 201/324/184 209/339/184 210/340/184
f 203/326/185 202/325/185 210/340/185 211/341/185
f 204/330/186 203/342/186 211/343/186 212/334/186
f 209/339/187 208/338/187 216/344/187 217/345/187
f 210/340/188 209/339/188 217/345/188 218/346/188
f 211/343/189 210/347/189 218/348/189 219/349/189
f 212/334/190 211/343/190 219/349/190 220/350/190
f 213/335/191 212/334/191 220/350/191 221/351/191
f 206/336/180 57/159/179 214/352/192
f 207/337/193 206/336/193 214/352/193 215/353/193
f 208/338/194 207/337/194 215/353/194 216/344/194
f 221/351/195 220/350/195 228/354/195 229/355/195
f 214/352/196 57/159/197 222/356/198
f 215/353/199 214/352/199 222/356/199 223/357/199
f 216/344/200 215/353/200 223/357/200 224/358/200
f 217/345/201 216/344/201 224/358/201 225/359/201
f 218/346/202 217/345/202 225/359/202 226/360/202
f 219/349/203 218/348/203 226/361/203 227/362/203
f 220/350/204 219/349/204 227/362/204 228/354/204
f 226/360/205 225/359/205 233/363/205 234/364/205
f 227/362/206 226/361/206 234/365/206 235/366/206
f 228/354/207 227/362/207 235/366/207 236/367/207
f 229/355/208 228/354/208 236/367/208 237/368/208
f 222/356/198 57/159/197 230/369/209
f 223/357/210 222/356/210 230/369/210 231/370/210
f 224/358/211 223/357/211 231/370/211 232/371/211
f 225/359/212 224/358/212 232/371/212 233/363/212
f 230/369/213 57/159/214 238/372/215
f 231/370/216 230/369/216 238/372/217 239/373/218
f 232/371/219 231/370/219 239/373/219 240/374/219
f 233/363/220 232/371/220 240/374/220 241/375/220
f 234/365/221 233/376/221 241/377/221 242/378/221
f 235/366/222 234/365/222 242/378/222 243/379/222
f 236/367/223 235/366/223 243/379/223 244/380/223
f 237/368/224 236/367/224 244/380/224 245/381/224
f 242/378/225 241/377/225 249/382/225 250/383/225
f 243/379/226 242/378/226 250/383/226 251/384/226
f 244/380/227 243/379/227 251/384/227 252/385/227
f 245/381/228 244/380/228 252/385/228 253/386/228
f 238/372/215 57/159/214 246/387/229
f 239/373/218 238/372/217 246/387/230 247/388/230
f 240/374/231 239/373/231 247/388/232 248/389/232
f 241/375/233 240/374/233 248/389/233 249/390/233
f 247/388/230 246/387/230 254/391/234 255/392/235
f 248/389/232 247/388/232 255/392/236 256/393/236
f 249/390/237 248/389/237 256/393/237 257/394/237
f 250/383/238 249/382/238 257/395/238 258/396/238
f 251/384/239 250/383/239 258/396/239 259/397/239
f 252/385/240 251/384/240 259/397/240 260/398/240
f 253/386/241 252/385/241 260/398/241 261/399/241
f 246/387/229 57/159/214 254/391/242
f 259/397/243 258/396/243 266/400/243 267/401/243
f 260/398/244 259/397/244 267/401/244 268/402/244
f 261/399/245 260/398/245 268/402/245 269/403/245
f 254/391/242 57/159/214 262/404/246
f 255/392/235 254/391/234 262/404/247 263/405/247
f 256/393/248 255/392/248 263/405/248 264/406/248
f 257/394/249 256/393/249 264/406/249 265/407/249
f 258/396/250 257/395/250 265/408/250 266/400/250
f 264/406/251 263/405/251 271/409/251 272/410/251
f 265/407/252 264/406/252 272/410/252 273/411/252
f 266/412/253 265/407/253 273/411/253 274/413/253
f 267/401/254 266/400/254 274/414/254 275/415/254
f 268/402/255 267/401/255 275/415/255 276/416/255
f 269/403/256 268/402/256 276/416/256 277/417/256
f 262/404/246 57/159/214 270/418/257
f 263/405/258 262/404/258 270/418/258 271/409/258
f 276/416/259 275/415/259 283/419/259 284/420/259
f 277/417/260 276/416/260 284/420/260 285/421/260
f 270/418/261 57/159/262 278/422/263
f 271/409/264 270/418/264 278/422/264 279/423/264
f 272/410/265 271/409/265 279/423/265 280/424/265
f 273/411/266 272/410/266 280/424/266 281/425/266
f 274/413/267 273/411/267 281/425/267 282/426/267
f 275/415/268 274/414/268 282/427/268 283/419/268
f 280/424/269 279/423/269 287/428/269 288/429/269
f 281/425/270 280/424/270 288/429/270 289/430/270
f 282/426/271 281/425/271 289/430/271 290/431/271
f 283/419/272 282/427/272 290/432/272 291/433/272
f 284/420/273 283/419/273 291/433/273 292/434/273
f 285/421/274 284/420/274 292/434/274 293/435/274
f 278/422/263 57/159/262 286/436/275
f 279/423/276 278/422/276 286/436/276 287/428/276
f 292/434/277 291/433/277 299/437/277 300/438/277
f 293/435/278 292/434/278 300/438/278 301/439/278
f 286/436/279 57/159/279 294/440/279
f 287/428/280 286/436/280 294/440/280 295/441/280
f 288/429/281 287/428/281 295/441/281 296/442/281
f 289/430/282 288/429/282 296/442/282 297/443/282
f 290/431/283 289/430/283 297/443/283 298/444/283
f 291/445/284 290/431/284 298/444/284 299/446/284
f 297/443/285 296/442/285 304/447/285 305/448/285
f 298/444/286 297/443/286 305/448/286 306/449/286
f 299/446/287 298/444/287 306/449/287 307/450/287
f 300/451/288 299/446/288 307/450/288 308/452/288
f 301/439/289 300/438/289 308/453/289 309/454/289
f 294/440/290 57/159/290 302/455/290
f 295/441/291 294/440/291 302/455/291 303/456/291
f 296/442/292 295/441/292 303/456/292 304/447/292
f 309/457/293 308/458/293 60/155/293 61/154/293
f 302/455/294 57/159/294 310/158/294
f 303/456/295 302/455/295 310/158/295 311/161/295
f 304/447/296 303/456/296 311/161/296 58/163/296
f 305/448/297 304/447/297 58/163/297 312/165/297
f 306/449/298 305/448/298 312/165/298 59/167/298
f 307/450/299 306/449/299 59/167/299 313/151/299
f 308/452/300 307/450/300 313/151/300 60/150/300
f 314/459/301 315/460/301 316/461/301
f 314/462/302 317/463/302 318/464/302
f 314/465/303 319/466/303 320/467/303
f 335/468/8 332/469/8 331/470/8 330/471/8 325/472/8 324/473/8 321/474/8 322/475/8 448/476/8 443/477/8 442/478/8 441/479/8 440/480/8 435/481/8 434/482/8 433/483/8 432/484/8 370/485/8 369/486/8 368/487/8 367/488/8 362/489/8 361/490/8 360/491/8 359/492/8 354/493/8 353/494/8 352/495/8 351/496/8 346/497/8 345/498/8 344/499/8 343/500/8 337/501/8
f 321/502/304 323/503/304 447/504/304 322/505/304
f 324/108/305 326/506/305 323/503/305 321/502/305
f 325/507/306 327/508/306 326/509/306 324/510/306
f 366/511/5 430/512/5 431/513/5 436/514/5 437/515/5 438/516/5 439/517/5 444/518/5 445/519/5 446/520/5 447/521/5 323/522/5 326/523/5 327/524/5 328/525/5 329/526/5 334/527/5 417/528/5 415/529/5 413/530/5 411/531/5 409/532/5 407/533/5 405/534/5 403/535/5 400/536/5 383/537/5 388/538/5 389/539/5 390/540/5 391/541/5 396/542/5 397/543/5 398/544/5 339/545/5 338/546/5 340/547/5 341/548/5 342/549/5 347/550/5 348/551/5 349/552/5 350/553/5 355/554/5 356/555/5 357/556/5 358/557/5 363/558/5 364/559/5 365/560/5
f 330/561/307 328/562/307 327/508/307 325/507/307
f 331/563/308 329/564/308 328/562/308 330/561/308
f 332/565/309 334/566/309 329/564/309 331/563/309
f 370/485/8 427/567/8 426/568/8 425/569/8 420/570/8 419/571/8 418/572/8 402/573/8 404/574/8 406/575/8 408/576/8 410/577/8 412/578/8 414/579/8 416/580/8 333/581/8 332/469/8 335/468/8 336/582/8 399/583/8 395/584/8 394/585/8 393/586/8 392/587/8 387/588/8 386/589/8 385/590/8 384/591/8 379/592/8 378/593/8 377/594/8 376/595/8 371/596/8 369/486/8
f 333/597/310 417/598/310 334/566/310 332/565/310
f 335/599/311 338/600/311 339/601/311 336/602/311
f 337/603/312 340/604/312 338/600/312 335/599/312
f 343/605/313 341/606/313 340/604/313 337/603/313
f 344/607/314 342/608/314 341/606/314 343/605/314
f 345/609/315 347/610/315 342/608/315 344/607/315
f 346/611/316 348/612/316 347/613/316 345/614/316
f 351/615/317 349/616/317 348/612/317 346/611/317
f 352/617/318 350/618/318 349/619/318 351/620/318
f 353/621/319 355/622/319 350/618/319 352/617/319
f 354/623/320 356/624/320 355/622/320 353/621/320
f 357/625/321 356/624/321 354/623/321 359/626/321
f 358/627/322 357/625/322 359/626/322 360/628/322
f 363/629/323 358/627/323 360/628/323 361/630/323
f 364/631/324 363/629/324 361/630/324 362/632/324
f 365/633/325 364/631/325 362/632/325 367/634/325
f 366/635/326 365/633/326 367/634/326 368/636/326
f 372/637/310 366/635/310 368/636/310 369/638/310
f 373/639/309 372/637/309 369/638/309 371/640/309
f 383/537/5 400/536/5 401/641/5 421/642/5 422/643/5 423/644/5 424/645/5 428/646/5 429/647/5 430/512/5 366/511/5 372/648/5 373/649/5 374/650/5 375/651/5 380/652/5 381/653/5 382/654/5
f 374/655/308 373/639/308 371/640/308 376/656/308
f 375/657/307 374/655/307 376/656/307 377/658/307
f 380/659/306 375/657/306 377/658/306 378/660/306
f 381/661/305 380/662/305 378/663/305 379/664/305
f 382/665/304 381/661/304 379/664/304 384/666/304
f 383/667/327 382/668/327 384/669/327 385/670/327
f 388/671/328 383/667/328 385/670/328 386/672/328
f 389/673/329 388/671/329 386/672/329 387/674/329
f 392/675/330 390/676/330 389/673/330 387/674/330
f 393/677/331 391/678/331 390/676/331 392/675/331
f 394/679/332 396/680/332 391/678/332 393/677/332
f 395/681/333 397/682/333 396/680/333 394/679/333
f 399/683/334 398/684/334 397/682/334 395/681/334
f 336/602/335 339/601/335 398/684/335 399/683/335
f 418/685/318 401/686/318 400/687/318 402/688/318
f 402/688/319 400/687/319 403/689/319 404/690/319
f 404/690/320 403/689/320 405/691/320 406/692/320
f 406/692/321 405/691/321 407/693/321 408/694/321
f 408/694/322 407/693/322 409/695/322 410/696/322
f 410/696/323 409/695/323 411/697/323 412/698/323
f 412/698/324 411/697/324 413/699/324 414/700/324
f 414/700/325 413/699/325 415/701/325 416/702/325
f 416/702/326 415/701/326 417/598/326 333/597/326
f 419/703/317 421/704/317 401/705/317 418/706/317
f 420/707/316 422/708/316 421/704/316 419/703/316
f 425/709/315 423/710/315 422/711/315 420/1/315
f 426/712/314 424/713/314 423/710/314 425/709/314
f 427/714/313 428/715/313 424/713/313 426/712/313
f 370/716/312 429/717/312 428/715/312 427/714/312
f 432/718/311 430/719/311 429/717/311 370/716/311
f 433/720/335 431/721/335 430/719/335 432/718/335
f 434/722/334 436/723/334 431/721/334 433/720/334
f 435/724/333 437/725/333 436/723/333 434/722/333
f 440/726/332 438/727/332 437/725/332 435/724/332
f 441/728/331 439/729/331 438/727/331 440/726/331
f 442/730/330 444/731/330 439/729/330 441/728/330
f 443/732/329 445/733/329 444/731/329 442/730/329
f 448/734/328 446/735/328 445/733/328 443/732/328
f 322/736/327 447/737/327 446/735/327 448/734/327
f 463/738/8 460/739/8 459/740/8 458/741/8 453/742/8 452/743/8 449/744/8 450/745/8 567/746/8 566/747/8 565/748/8 564/749/8 560/750/8 559/751/8 558/752/8 557/753/8 552/754/8 551/755/8 549/756/8 548/757/8 547/758/8 546/759/8 541/760/8 540/761/8 539/762/8 538/763/8 524/764/8 523/765/8 521/766/8 516/767/8 515/768/8 514/769/8 513/770/8 508/771/8 507/772/8 506/773/8 505/774/8 499/775/8 498/776/8 497/777/8 496/778/8 491/779/8 490/780/8 489/781/8 488/782/8 482/783/8 481/784/8 480/785/8 479/786/8 474/787/8 473/788/8 472/789/8 471/790/8 465/791/8
f 449/792/304 451/793/304 570/794/304 450/795/304
f 452/796/305 454/797/305 451/793/305 449/792/305
f 453/798/306 455/799/306 454/800/306 452/801/306
f 484/802/5 485/803/5 568/804/5 569/805/5 570/806/5 451/807/5 454/808/5 455/809/5 456/810/5 457/811/5 462/812/5 534/813/5 533/814/5 531/815/5 529/816/5 527/817/5 525/818/5 535/819/5 536/820/5 537/821/5 542/822/5 543/823/5 544/824/5 545/825/5 550/826/5 502/827/5 501/828/5 503/829/5 504/830/5 509/831/5 510/832/5 511/833/5 512/834/5 517/835/5 518/836/5 519/837/5 520/838/5 573/839/5 574/840/5 575/841/5 467/842/5 466/843/5 468/844/5 469/845/5 470/846/5 475/847/5 476/848/5 477/849/5 478/850/5 483/851/5
f 458/852/307 456/853/307 455/799/307 453/798/307
f 459/854/308 457/855/308 456/853/308 458/852/308
f 460/856/309 462/857/309 457/855/309 459/854/309
f 521/766/8 523/765/8 526/858/8 528/859/8 530/860/8 532/861/8 461/862/8 460/739/8 463/738/8 464/863/8 576/864/8 572/865/8 571/866/8 522/867/8
f 461/868/310 534/869/310 462/857/310 460/856/310
f 463/870/311 466/871/311 467/872/311 464/873/311
f 465/874/312 468/875/312 466/871/312 463/870/312
f 471/876/313 469/877/313 468/875/313 465/874/313
f 472/878/314 470/879/314 469/877/314 471/876/314
f 473/880/315 475/881/315 470/879/315 472/878/315
f 474/882/316 476/883/316 475/884/316 473/885/316
f 479/886/317 477/887/317 476/883/317 474/882/317
f 480/888/318 478/889/318 477/890/318 479/891/318
f 481/892/319 483/893/319 478/889/319 480/888/319
f 482/894/320 484/895/320 483/893/320 481/892/320
f 502/827/5 553/896/5 554/897/5 555/898/5 556/899/5 561/900/5 562/901/5 563/902/5 485/803/5 484/802/5 486/903/5 487/904/5 492/905/5 493/906/5 494/907/5 495/908/5 500/909/5 501/828/5
f 486/910/321 484/895/321 482/894/321 488/911/321
f 487/912/322 486/910/322 488/911/322 489/913/322
f 492/914/323 487/912/323 489/913/323 490/915/323
f 493/916/324 492/914/324 490/915/324 491/917/324
f 494/918/325 493/916/325 491/917/325 496/919/325
f 495/920/326 494/918/326 496/919/326 497/921/326
f 500/922/310 495/920/310 497/921/310 498/923/310
f 501/924/309 500/922/309 498/923/309 499/925/309
f 503/926/308 501/924/308 499/925/308 505/927/308
f 504/928/307 503/926/307 505/927/307 506/929/307
f 509/930/306 504/928/306 506/929/306 507/931/306
f 510/932/305 509/933/305 507/934/305 508/935/305
f 511/936/304 510/932/304 508/935/304 513/937/304
f 511/938/327 513/939/327 514/940/327 512/941/327
f 517/942/328 512/941/328 514/940/328 515/943/328
f 518/944/329 517/942/329 515/943/329 516/945/329
f 521/946/330 519/947/330 518/944/330 516/945/330
f 522/948/331 520/949/331 519/947/331 521/946/331
f 524/950/321 535/951/321 525/952/321 523/953/321
f 523/953/322 525/952/322 527/954/322 526/955/322
f 526/955/323 527/954/323 529/956/323 528/957/323
f 528/957/324 529/956/324 531/958/324 530/959/324
f 530/959/325 531/958/325 533/960/325 532/961/325
f 532/961/326 533/960/326 534/869/326 461/868/326
f 538/962/320 536/963/320 535/951/320 524/950/320
f 539/964/319 537/965/319 536/963/319 538/962/319
f 540/966/318 542/967/318 537/965/318 539/964/318
f 541/968/317 543/969/317 542/970/317 540/971/317
f 546/972/316 544/973/316 543/969/316 541/968/316
f 547/974/315 545/975/315 544/976/315 546/977/315
f 548/978/314 550/979/314 545/975/314 547/974/314
f 549/980/313 502/981/313 550/979/313 548/978/313
f 551/982/312 553/983/312 502/981/312 549/980/312
f 552/984/311 554/985/311 553/983/311 551/982/311
f 557/986/335 555/987/335 554/985/335 552/984/335
f 558/988/334 556/989/334 555/987/334 557/986/334
f 559/990/333 561/991/333 556/989/333 558/988/333
f 560/992/332 562/993/332 561/991/332 559/990/332
f 564/994/331 563/995/331 562/993/331 560/992/331
f 565/996/330 485/997/330 563/995/330 564/994/330
f 566/998/329 568/999/329 485/997/329 565/996/329
f 567/1000/328 569/1001/328 568/999/328 566/998/328
f 450/1002/327 570/1003/327 569/1001/327 567/1000/327
f 571/1004/332 573/1005/332 520/949/332 522/948/332
f 572/1006/333 574/1007/333 573/1005/333 571/1004/333
f 576/1008/334 575/1009/334 574/1007/334 572/1006/334
f 464/873/335 467/872/335 575/1009/335 576/1008/335
f 599/1010/8 596/1011/8 595/1012/8 594/1013/8 589/1014/8 588/1015/8 587/1016/8 586/1017/8 581/1018/8 580/1019/8 577/1020/8 578/1021/8 701/1022/8 700/1023/8 699/1024/8 698/1025/8 693/1026/8 692/1027/8 691/1028/8 690/1029/8 685/1030/8 684/1031/8 683/1032/8 682/1033/8 664/1034/8 650/1035/8 649/1036/8 648/1037/8 647/1038/8 642/1039/8 641/1040/8 640/1041/8 639/1042/8 634/1043/8 633/1044/8 632/1045/8 631/1046/8 626/1047/8 625/1048/8 624/1049/8 623/1050/8 618/1051/8 617/1052/8 616/1053/8 615/1054/8 610/1055/8 609/1056/8 608/1057/8 607/1058/8 600/1059/8
f 577/1060/304 579/1061/304 704/1062/304 578/1063/304
f 580/1064/305 582/1065/305 579/1061/305 577/1060/305
f 581/1066/306 583/1067/306 582/1068/306 580/1069/306
f 622/1070/5 703/1071/5 704/1072/5 579/1073/5 582/1074/5 583/1075/5 584/1076/5 585/1077/5 590/1078/5 591/1079/5 592/1080/5 593/1081/5 598/1082/5 678/1083/5 677/1084/5 675/1085/5 673/1086/5 671/1087/5 669/1088/5 667/1089/5 665/1090/5 679/1091/5 680/1092/5 681/1093/5 686/1094/5 687/1095/5 638/1096/5 643/1097/5 644/1098/5 645/1099/5 646/1100/5 652/1101/5 653/1102/5 654/1103/5 655/1104/5 660/1105/5 661/1106/5 662/1107/5 603/1108/5 602/1109/5 604/1110/5 605/1111/5 606/1112/5 611/1113/5 612/1114/5 613/1115/5 614/1116/5 619/1117/5 620/1118/5 621/1119/5
f 586/1120/307 584/1121/307 583/1067/307 581/1066/307
f 587/1122/308 585/1123/308 584/1121/308 586/1120/308
f 588/1124/309 590/1125/309 585/1123/309 587/1122/309
f 589/1126/310 591/1127/310 590/1125/310 588/1124/310
f 594/1128/326 592/1129/326 591/1127/326 589/1126/326
f 595/1130/325 593/1131/325 592/1129/325 594/1128/325
f 596/1132/324 598/1133/324 593/1131/324 595/1130/324
f 650/1035/8 666/1134/8 668/1135/8 670/1136/8 672/1137/8 674/1138/8 676/1139/8 597/1140/8 596/1011/8 599/1010/8 601/1141/8 663/1142/8 659/1143/8 658/1144/8 657/1145/8 656/1146/8 651/1147/8 649/1036/8
f 597/1148/323 678/1149/323 598/1133/323 596/1132/323
f 600/1150/333 604/1151/333 602/1152/333 599/1153/333
f 599/1153/332 602/1152/332 603/1154/332 601/1155/332
f 607/1156/334 605/1157/334 604/1151/334 600/1150/334
f 608/1158/335 606/1159/335 605/1157/335 607/1156/335
f 609/1160/311 611/1161/311 606/1159/311 608/1158/311
f 610/1162/312 612/1163/312 611/1161/312 609/1160/312
f 615/1164/313 613/1165/313 612/1163/313 610/1162/313
f 616/1166/314 614/1167/314 613/1165/314 615/1164/314
f 617/1168/315 619/1169/315 614/1167/315 616/1166/315
f 618/1170/316 620/1171/316 619/1172/316 617/1173/316
f 623/1174/317 621/1175/317 620/1171/317 618/1170/317
f 624/1176/318 622/1177/318 621/1178/318 623/1179/318
f 625/1180/319 627/1181/319 622/1177/319 624/1176/319
f 626/1182/320 628/1183/320 627/1181/320 625/1180/320
f 638/1096/5 687/1095/5 688/1184/5 689/1185/5 694/1186/5 695/1187/5 696/1188/5 697/1189/5 702/1190/5 703/1071/5 622/1070/5 627/1191/5 628/1192/5 629/1193/5 630/1194/5 635/1195/5 636/1196/5 637/1197/5
f 629/1198/321 628/1183/321 626/1182/321 631/1199/321
f 630/1200/322 629/1198/322 631/1199/322 632/1201/322
f 635/1202/323 630/1200/323 632/1201/323 633/1203/323
f 636/1204/324 635/1202/324 633/1203/324 634/1205/324
f 637/1206/325 636/1204/325 634/1205/325 639/1207/325
f 638/1208/326 637/1206/326 639/1207/326 640/1209/326
f 643/1210/310 638/1208/310 640/1209/310 641/1211/310
f 644/1212/309 643/1210/309 641/1211/309 642/1213/309
f 645/1214/308 644/1212/308 642/1213/308 647/1215/308
f 646/1216/307 645/1214/307 647/1215/307 648/1217/307
f 649/1218/306 652/1219/306 646/1216/306 648/1217/306
f 653/1220/305 652/1221/305 649/1222/305 651/1223/305
f 654/1224/304 653/1220/304 651/1223/304 656/1225/304
f 655/1226/327 654/1227/327 656/1228/327 657/1229/327
f 660/1230/328 655/1226/328 657/1229/328 658/1231/328
f 661/1232/329 660/1230/329 658/1231/329 659/1233/329
f 663/1234/330 662/1235/330 661/1232/330 659/1233/330
f 601/1155/331 603/1154/331 662/1235/331 663/1234/331
f 664/1236/315 679/1237/315 665/1238/315 650/1239/315
f 650/1240/316 665/1241/316 667/1242/316 666/1243/316
f 666/1243/317 667/1242/317 669/1244/317 668/1245/317
f 668/1246/318 669/1247/318 671/1248/318 670/1249/318
f 670/1249/319 671/1248/319 673/1250/319 672/1251/319
f 672/1251/320 673/1250/320 675/1252/320 674/1253/320
f 674/1253/321 675/1252/321 677/1254/321 676/1255/321
f 676/1255/322 677/1254/322 678/1149/322 597/1148/322
f 682/1256/314 680/1257/314 679/1237/314 664/1236/314
f 683/1258/313 681/1259/313 680/1257/313 682/1256/313
f 684/1260/312 686/1261/312 681/1259/312 683/1258/312
f 685/1262/311 687/1263/311 686/1261/311 684/1260/311
f 690/1264/335 688/1265/335 687/1263/335 685/1262/335
f 691/1266/334 689/1267/334 688/1265/334 690/1264/334
f 692/1268/333 694/1269/333 689/1267/333 691/1266/333
f 693/1270/332 695/1271/332 694/1269/332 692/1268/332
f 698/1272/331 696/1273/331 695/1271/331 693/1270/331
f 699/1274/330 697/1275/330 696/1273/330 698/1272/330
f 700/1276/329 702/1277/329 697/1275/329 699/1274/329
f 701/1278/328 703/1279/328 702/1277/328 700/1276/328
f 578/1280/327 704/1281/327 703/1279/327 701/1278/327
f 727/1282/8 724/1283/8 723/1284/8 722/1285/8 717/1286/8 716/1287/8 715/1288/8 714/1289/8 709/1290/8 708/1291/8 705/1292/8 706/1293/8 832/1294/8 827/1295/8 826/1296/8 825/1297/8 824/1298/8 819/1299/8 818/1300/8 817/1301/8 816/1302/8 811/1303/8 810/1304/8 809/1305/8 808/1306/8 778/1307/8 777/1308/8 776/1309/8 775/1310/8 770/1311/8 769/1312/8 768/1313/8 767/1314/8 762/1315/8 761/1316/8 760/1317/8 759/1318/8 754/1319/8 753/1320/8 752/1321/8 751/1322/8 746/1323/8 745/1324/8 744/1325/8 743/1326/8 738/1327/8 737/1328/8 736/1329/8 735/1330/8 728/1331/8
f 705/1332/304 707/1333/304 831/1334/304 706/1335/304
f 708/1336/305 710/1337/305 707/1333/305 705/1332/305
f 709/1338/306 711/1339/306 710/1340/306 708/1341/306
f 766/1342/5 814/1343/5 815/1344/5 820/1345/5 821/1346/5 822/1347/5 823/1348/5 828/1349/5 829/1350/5 830/1351/5 831/1352/5 707/1353/5 710/1354/5 711/1355/5 712/1356/5 713/1357/5 718/1358/5 719/1359/5 720/1360/5 721/1361/5 726/1362/5 801/1363/5 799/1364/5 797/1365/5 795/1366/5 792/1367/5 783/1368/5 788/1369/5 789/1370/5 790/1371/5 731/1372/5 730/1373/5 732/1374/5 733/1375/5 734/1376/5 739/1377/5 740/1378/5 741/1379/5 742/1380/5 747/1381/5 748/1382/5 749/1383/5 750/1384/5 755/1385/5 756/1386/5 757/1387/5 758/1388/5 763/1389/5 764/1390/5 765/1391/5
f 714/1392/307 712/1393/307 711/1339/307 709/1338/307
f 715/1394/308 713/1395/308 712/1393/308 714/1392/308
f 716/1396/309 718/1397/309 713/1395/309 715/1394/309
f 717/1398/310 719/1399/310 718/1397/310 716/1396/310
f 722/1400/326 720/1401/326 719/1399/326 717/1398/326
f 723/1402/325 721/1403/325 720/1401/325 722/1400/325
f 724/1404/324 726/1405/324 721/1403/324 723/1402/324
f 778/1307/8 803/1406/8 802/1407/8 794/1408/8 796/1409/8 798/1410/8 800/1411/8 725/1412/8 724/1283/8 727/1282/8 729/1413/8 791/1414/8 787/1415/8 786/1416/8 785/1417/8 784/1418/8 779/1419/8 777/1308/8
f 725/1420/323 801/1421/323 726/1405/323 724/1404/323
f 728/1422/333 732/1423/333 730/1424/333 727/1425/333
f 727/1425/332 730/1424/332 731/1426/332 729/1427/332
f 735/1428/334 733/1429/334 732/1423/334 728/1422/334
f 736/1430/335 734/1431/335 733/1429/335 735/1428/335
f 737/1432/311 739/1433/311 734/1431/311 736/1430/311
f 738/1434/312 740/1435/312 739/1433/312 737/1432/312
f 743/1436/313 741/1437/313 740/1435/313 738/1434/313
f 744/1438/314 742/1439/314 741/1437/314 743/1436/314
f 745/1440/315 747/1441/315 742/1439/315 744/1438/315
f 746/1442/316 748/1443/316 747/1444/316 745/1445/316
f 751/1446/317 749/1447/317 748/1443/317 746/1442/317
f 752/1448/318 750/1449/318 749/1450/318 751/1451/318
f 753/1452/319 755/1453/319 750/1449/319 752/1448/319
f 754/1454/320 756/1455/320 755/1453/320 753/1452/320
f 757/1456/321 756/1455/321 754/1454/321 759/1457/321
f 758/1458/322 757/1456/322 759/1457/322 760/1459/322
f 763/1460/323 758/1458/323 760/1459/323 761/1461/323
f 764/1462/324 763/1460/324 761/1461/324 762/1463/324
f 765/1464/325 764/1462/325 762/1463/325 767/1465/325
f 766/1466/326 765/1464/326 767/1465/326 768/1467/326
f 771/1468/310 766/1466/310 768/1467/310 769/1469/310
f 772/1470/309 771/1468/309 769/1469/309 770/1471/309
f 783/1368/5 792/1367/5 793/1472/5 804/1473/5 805/1474/5 806/1475/5 807/1476/5 812/1477/5 813/1478/5 814/1343/5 766/1342/5 771/1479/5 772/1480/5 773/1481/5 774/1482/5 780/1483/5 781/1484/5 782/1485/5
f 773/1486/308 772/1470/308 770/1471/308 775/1487/308
f 774/1488/307 773/1486/307 775/1487/307 776/1489/307
f 777/1490/306 780/1491/306 774/1488/306 776/1489/306
f 781/1492/305 780/1493/305 777/1494/305 779/1495/305
f 782/1496/304 781/1492/304 779/1495/304 784/1497/304
f 783/1498/327 782/1499/327 784/1500/327 785/1501/327
f 788/1502/328 783/1498/328 785/1501/328 786/1503/328
f 789/1504/329 788/1502/329 786/1503/329 787/1505/329
f 791/1506/330 790/1507/330 789/1504/330 787/1505/330
f 729/1427/331 731/1426/331 790/1507/331 791/1506/331
f 802/1508/318 793/1509/318 792/1510/318 794/1511/318
f 794/1511/319 792/1510/319 795/1512/319 796/1513/319
f 796/1513/320 795/1512/320 797/1514/320 798/1515/320
f 798/1515/321 797/1514/321 799/1516/321 800/1517/321
f 800/1517/322 799/1516/322 801/1421/322 725/1420/322
f 803/1518/317 804/1519/317 793/1520/317 802/1521/317
f 778/1522/316 805/1523/316 804/1519/316 803/1518/316
f 808/1524/315 806/1525/315 805/1526/315 778/1527/315
f 809/1528/314 807/1529/314 806/1525/314 808/1524/314
f 810/1530/313 812/1531/313 807/1529/313 809/1528/313
f 811/1532/312 813/1533/312 812/1531/312 810/1530/312
f 816/1534/311 814/1535/311 813/1533/311 811/1532/311
f 817/1536/335 815/1537/335 814/1535/335 816/1534/335
f 818/1538/334 820/1539/334 815/1537/334 817/1536/334
f 819/1540/333 821/1541/333 820/1539/333 818/1538/333
f 824/1542/332 822/1543/332 821/1541/332 819/1540/332
f 825/1544/331 823/1545/331 822/1543/331 824/1542/331
f 826/1546/330 828/1547/330 823/1545/330 825/1544/330
f 827/1548/329 829/1549/329 828/1547/329 826/1546/329
f 832/1550/328 830/1551/328 829/1549/328 827/1548/328
f 706/1552/327 831/1553/327 830/1551/327 832/1550/327
f 855/1554/8 852/1555/8 851/1556/8 850/1557/8 845/1558/8 844/1559/8 843/1560/8 842/1561/8 837/1562/8 836/1563/8 833/1564/8 834/1565/8 960/1566/8 955/1567/8 954/1568/8 953/1569/8 952/1570/8 947/1571/8 946/1572/8 945/1573/8 944/1574/8 939/1575/8 938/1576/8 937/1577/8 936/1578/8 906/1579/8 905/1580/8 904/1581/8 903/1582/8 898/1583/8 897/1584/8 896/1585/8 895/1586/8 890/1587/8 889/1588/8 888/1589/8 887/1590/8 882/1591/8 881/1592/8 880/1593/8 879/1594/8 874/1595/8 873/1596/8 872/1597/8 871/1598/8 866/1599/8 865/1600/8 864/1601/8 863/1602/8 856/1603/8
f 833/1604/304 835/1605/304 959/1606/304 834/1607/304
f 836/1608/305 838/1609/305 835/1605/305 833/1604/305
f 837/1610/306 839/1611/306 838/1612/306 836/1613/306
f 894/1614/5 942/1615/5 943/1616/5 948/1617/5 949/1618/5 950/1619/5 951/1620/5 956/1621/5 957/1622/5 958/1623/5 959/1624/5 835/1625/5 838/1626/5 839/1627/5 840/1628/5 841/1629/5 846/1630/5 847/1631/5 848/1632/5 849/1633/5 854/1634/5 929/1635/5 927/1636/5 925/1637/5 923/1638/5 920/1639/5 911/1640/5 916/1641/5 917/1642/5 918/1643/5 859/1644/5 858/1645/5 860/1646/5 861/1647/5 862/1648/5 867/1649/5 868/1650/5 869/1651/5 870/1652/5 875/1653/5 876/1654/5 877/1655/5 878/1656/5 883/1657/5 884/1658/5 885/1659/5 886/1660/5 891/1661/5 892/1662/5 893/1663/5
f 842/1664/307 840/1665/307 839/1611/307 837/1610/307
f 843/1666/308 841/1667/308 840/1665/308 842/1664/308
f 844/1668/309 846/1669/309 841/1667/309 843/1666/309
f 845/1670/310 847/1671/310 846/1669/310 844/1668/310
f 850/1672/326 848/1673/326 847/1671/326 845/1670/326
f 851/1674/325 849/1675/325 848/1673/325 850/1672/325
f 852/1676/324 854/1677/324 849/1675/324 851/1674/324
f 906/1579/8 931/1678/8 930/1679/8 922/1680/8 924/1681/8 926/1682/8 928/1683/8 853/1684/8 852/1555/8 855/1554/8 857/1685/8 919/1686/8 915/1687/8 914/1688/8 913/1689/8 912/1690/8 907/1691/8 905/1580/8
f 853/1692/323 929/1693/323 854/1677/323 852/1676/323
f 856/1694/333 860/1695/333 858/1696/333 855/1697/333
f 855/1697/332 858/1696/332 859/1698/332 857/1699/332
f 863/1700/334 861/1701/334 860/1695/334 856/1694/334
f 864/1702/335 862/1703/335 861/1701/335 863/1700/335
f 865/1704/311 867/1705/311 862/1703/311 864/1702/311
f 866/1706/312 868/1707/312 867/1705/312 865/1704/312
f 871/1708/313 869/1709/313 868/1707/313 866/1706/313
f 872/1710/314 870/1711/314 869/1709/314 871/1708/314
f 873/1712/315 875/1713/315 870/1711/315 872/1710/315
f 874/1714/316 876/1715/316 875/1716/316 873/1717/316
f 879/1718/317 877/1719/317 876/1715/317 874/1714/317
f 880/1720/318 878/1721/318 877/1722/318 879/1723/318
f 881/1724/319 883/1725/319 878/1721/319 880/1720/319
f 882/1726/320 884/1727/320 883/1725/320 881/1724/320
f 885/1728/321 884/1727/321 882/1726/321 887/1729/321
f 886/1730/322 885/1728/322 887/1729/322 888/1731/322
f 891/1732/323 886/1730/323 888/1731/323 889/1733/323
f 892/1734/324 891/1732/324 889/1733/324 890/1735/324
f 893/1736/325 892/1734/325 890/1735/325 895/1737/325
f 894/1738/326 893/1736/326 895/1737/326 896/1739/326
f 899/1740/310 894/1738/310 896/1739/310 897/1741/310
f 900/1742/309 899/1740/309 897/1741/309 898/1743/309
f 911/1640/5 920/1639/5 921/1744/5 932/1745/5 933/1746/5 934/1747/5 935/1748/5 940/1749/5 941/1750/5 942/1615/5 894/1614/5 899/1751/5 900/1752/5 901/1753/5 902/1754/5 908/1755/5 909/1756/5 910/1757/5
f 901/1758/308 900/1742/308 898/1743/308 903/1759/308
f 902/1760/307 901/1758/307 903/1759/307 904/1761/307
f 905/1762/306 908/1763/306 902/1760/306 904/1761/306
f 909/1764/305 908/1765/305 905/1766/305 907/1767/305
f 910/1768/304 909/1764/304 907/1767/304 912/1769/304
f 911/1770/327 910/1771/327 912/1772/327 913/1773/327
f 916/1774/328 911/1770/328 913/1773/328 914/1775/328
f 917/1776/329 916/1774/329 914/1775/329 915/1777/329
f 919/1778/330 918/1779/330 917/1776/330 915/1777/330
f 857/1699/331 859/1698/331 918/1779/331 919/1778/331
f 930/1780/318 921/1781/318 920/1782/318 922/1783/318
f 922/1783/319 920/1782/319 923/1784/319 924/1785/319
f 924/1785/320 923/1784/320 925/1786/320 926/1787/320
f 926/1787/321 925/1786/321 927/1788/321 928/1789/321
f 928/1789/322 927/1788/322 929/1693/322 853/1692/322
f 931/1790/317 932/1791/317 921/1792/317 930/1793/317
f 906/1794/316 933/1795/316 932/1791/316 931/1790/316
f 936/1796/315 934/1797/315 933/1798/315 906/1799/315
f 937/1800/314 935/1801/314 934/1797/314 936/1796/314
f 938/1802/313 940/1803/313 935/1801/313 937/1800/313
f 939/1804/312 941/1805/312 940/1803/312 938/1802/312
f 944/1806/311 942/1807/311 941/1805/311 939/1804/311
f 945/1808/335 943/1809/335 942/1807/335 944/1806/335
f 946/1810/334 948/1811/334 943/1809/334 945/1808/334
f 947/1812/333 949/1813/333 948/1811/333 946/1810/333
f 952/1814/332 950/1815/332 949/1813/332 947/1812/332
f 953/1816/331 951/1817/331 950/1815/331 952/1814/331
f 954/1818/330 956/1819/330 951/1817/330 953/1816/330
f 955/1820/329 957/1821/329 956/1819/329 954/1818/329
f 960/1822/328 958/1823/328 957/1821/328 955/1820/328
f 834/1824/327 959/1825/327 958/1823/327 960/1822/327
f 983/1826/8 980/1827/8 979/1828/8 978/1829/8 973/1830/8 972/1831/8 971/1832/8 970/1833/8 965/1834/8 964/1835/8 961/1836/8 962/1837/8 1085/1838/8 1084/1839/8 1083/1840/8 1082/1841/8 1077/1842/8 1076/1843/8 1075/1844/8 1074/1845/8 1069/1846/8 1068/1847/8 1067/1848/8 1066/1849/8 1048/1850/8 1002/1851/8 1001/1852/8 1003/1853/8 1008/1854/8 1009/1855/8 1010/1856/8 1011/1857/8 1016/1858/8 1017/1859/8 1018/1860/8 1019/1861/8 1024/1862/8 1025/1863/8 1026/1864/8 1027/1865/8 1032/1866/8 1033/1867/8 1034/1868/8 1035/1869/8 1040/1870/8 1041/1871/8 1042/1872/8 1043/1873/8 1047/1874/8 984/1875/8
f 961/1876/304 963/1877/304 1088/1878/304 962/1879/304
f 964/454/305 966/1880/305 963/1877/305 961/1876/305
f 965/1881/306 967/1882/306 966/1883/306 964/1884/306
f 1031/1885/5 963/1886/5 966/1887/5 967/1888/5 968/1889/5 969/1890/5 974/1891/5 975/1892/5 976/1893/5 977/1894/5 987/1895/5 1046/1896/5 1045/1897/5 1044/1898/5 1039/1899/5 1038/1900/5 1037/1901/5 1036/1902/5
f 970/1903/307 968/1904/307 967/1882/307 965/1881/307
f 971/1905/308 969/1906/308 968/1904/308 970/1903/308
f 972/1907/309 974/1908/309 969/1906/309 971/1905/309
f 973/1909/310 975/1910/310 974/1908/310 972/1907/310
f 978/1911/326 976/1912/326 975/1910/326 973/1909/326
f 979/1913/325 977/1914/325 976/1912/325 978/1911/325
f 980/1915/324 982/1916/324 977/1914/324 979/1913/324
f 1002/1851/8 1050/1917/8 1052/1918/8 1054/1919/8 1056/1920/8 1058/1921/8 1060/1922/8 981/1923/8 980/1827/8 983/1826/8 985/1924/8 991/1925/8 992/1926/8 993/1927/8 994/1928/8 999/1929/8 1000/1930/8 1001/1852/8
f 981/1931/323 1062/1932/323 982/1916/323 980/1915/323
f 984/1933/333 987/1934/333 986/1935/333 983/1936/333
f 983/1936/332 986/1935/332 988/1937/332 985/1938/332
f 987/1895/5 977/1894/5 982/1939/5 1062/1940/5 1061/1941/5 1059/1942/5 1057/1943/5 1055/1944/5 1053/1945/5 1051/1946/5 1049/1947/5 1063/1948/5 1064/1949/5 1065/1950/5 1070/1951/5 1071/1952/5 1072/1953/5 1073/1954/5 1078/1955/5 1079/1956/5 1080/1957/5 1081/1958/5 1086/1959/5 1087/1960/5 1088/1961/5 963/1886/5 1031/1885/5 1030/1962/5 1029/1963/5 1028/1964/5 1023/1965/5 1022/1966/5 1021/1967/5 1020/1968/5 1015/1969/5 1014/1970/5 1013/1971/5 1012/1972/5 1007/1973/5 1006/1974/5 1005/1975/5 1004/1976/5 998/1977/5 997/1978/5 996/1979/5 995/1980/5 990/1981/5 989/1982/5 988/1983/5 986/1984/5
f 985/1938/331 988/1937/331 989/1985/331 991/1986/331
f 991/1986/330 989/1985/330 990/1987/330 992/1988/330
f 990/1987/329 995/1989/329 993/1990/329 992/1988/329
f 995/1989/328 996/1991/328 994/1992/328 993/1990/328
f 996/1991/327 997/1993/327 999/1994/327 994/1992/327
f 997/1995/304 998/1996/304 1000/1997/304 999/1998/304
f 998/1996/305 1004/1999/305 1001/2000/305 1000/1997/305
f 1001/2001/306 1004/2002/306 1005/2003/306 1003/2004/306
f 1005/2003/307 1006/2005/307 1008/2006/307 1003/2004/307
f 1006/2005/308 1007/2007/308 1009/2008/308 1008/2006/308
f 1007/2007/309 1012/2009/309 1010/2010/309 1009/2008/309
f 1012/2009/310 1013/2011/310 1011/2012/310 1010/2010/310
f 1013/2011/326 1014/2013/326 1016/2014/326 1011/2012/326
f 1014/2013/325 1015/2015/325 1017/2016/325 1016/2014/325
f 1015/2015/324 1020/2017/324 1018/2018/324 1017/2016/324
f 1020/2017/323 1021/2019/323 1019/2020/323 1018/2018/323
f 1021/2019/322 1022/2021/322 1024/2022/322 1019/2020/322
f 1022/2021/321 1023/2023/321 1025/2024/321 1024/2022/321
f 1025/2024/320 1023/2023/320 1028/2025/320 1026/2026/320
f 1026/2026/319 1028/2025/319 1029/2027/319 1027/2028/319
f 1027/2028/318 1029/2027/318 1030/2029/318 1032/2030/318
f 1032/2031/317 1030/2032/317 1031/2033/317 1033/2034/317
f 1033/2034/316 1031/2033/316 1036/2035/316 1034/2036/316
f 1034/2037/315 1036/2038/315 1037/2039/315 1035/2040/315
f 1035/2040/314 1037/2039/314 1038/2041/314 1040/2042/314
f 1040/2042/313 1038/2041/313 1039/2043/313 1041/2044/313
f 1041/2044/312 1039/2043/312 1044/2045/312 1042/2046/312
f 1042/2046/311 1044/2045/311 1045/2047/311 1043/2048/311
f 1043/2048/335 1045/2047/335 1046/2049/335 1047/2050/335
f 1047/2050/334 1046/2049/334 987/1934/334 984/1933/334
f 1048/2051/315 1063/2052/315 1049/2053/315 1002/2054/315
f 1002/2055/316 1049/2056/316 1051/2057/316 1050/2058/316
f 1050/2058/317 1051/2057/317 1053/2059/317 1052/2060/317
f 1052/2061/318 1053/2062/318 1055/2063/318 1054/2064/318
f 1054/2064/319 1055/2063/319 1057/2065/319 1056/2066/319
f 1056/2066/320 1057/2065/320 1059/2067/320 1058/2068/320
f 1058/2068/321 1059/2067/321 1061/2069/321 1060/2070/321
f 1060/2070/322 1061/2069/322 1062/1932/322 981/1931/322
f 1066/2071/314 1064/2072/314 1063/2052/314 1048/2051/314
f 1067/2073/313 1065/2074/313 1064/2072/313 1066/2071/313
f 1068/2075/312 1070/2076/312 1065/2074/312 1067/2073/312
f 1069/2077/311 1071/2078/311 1070/2076/311 1068/2075/311
f 1074/2079/335 1072/2080/335 1071/2078/335 1069/2077/335
f 1075/2081/334 1073/2082/334 1072/2080/334 1074/2079/334
f 1076/2083/333 1078/2084/333 1073/2082/333 1075/2081/333
f 1077/2085/332 1079/2086/332 1078/2084/332 1076/2083/332
f 1082/2087/331 1080/2088/331 1079/2086/331 1077/2085/331
f 1083/2089/330 1081/2090/330 1080/2088/330 1082/2087/330
f 1084/2091/329 1086/2092/329 1081/2090/329 1083/2089/329
f 1085/2093/328 1087/2094/328 1086/2092/328 1084/2091/328
f 962/2095/327 1088/2096/327 1087/2094/327 1085/2093/327
f 1103/2097/8 1100/2098/8 1099/2099/8 1098/2100/8 1093/2101/8 1092/2102/8 1089/2103/8 1090/2104/8 1216/2105/8 1211/2106/8 1210/2107/8 1209/2108/8 1208/2109/8 1203/2110/8 1202/2111/8 1201/2112/8 1200/2113/8 1138/2114/8 1137/2115/8 1136/2116/8 1135/2117/8 1130/2118/8 1129/2119/8 1128/2120/8 1127/2121/8 1122/2122/8 1121/2123/8 1120/2124/8 1119/2125/8 1114/2126/8 1113/2127/8 1112/2128/8 1111/2129/8 1105/2130/8
f 1089/2131/304 1091/2132/304 1215/2133/304 1090/2134/304
f 1092/2135/305 1094/2136/305 1091/2132/305 1089/2131/305
f 1093/2137/306 1095/2138/306 1094/2139/306 1092/2140/306
f 1134/2141/5 1198/2142/5 1199/2143/5 1204/2144/5 1205/2145/5 1206/2146/5 1207/2147/5 1212/2148/5 1213/2149/5 1214/2150/5 1215/2151/5 1091/2152/5 1094/2153/5 1095/2154/5 1096/2155/5 1097/2156/5 1102/2157/5 1185/2158/5 1183/2159/5 1181/2160/5 1179/2161/5 1177/2162/5 1175/2163/5 1173/2164/5 1171/2165/5 1168/2166/5 1151/2167/5 1156/2168/5 1157/2169/5 1158/2170/5 1159/2171/5 1164/2172/5 1165/2173/5 1166/2174/5 1107/2175/5 1106/2176/5 1108/2177/5 1109/2178/5 1110/2179/5 1115/2180/5 1116/2181/5 1117/2182/5 1118/2183/5 1123/2184/5 1124/2185/5 1125/2186/5 1126/2187/5 1131/2188/5 1132/2189/5 1133/2190/5
f 1098/2191/307 1096/2192/307 1095/2138/307 1093/2137/307
f 1099/2193/308 1097/2194/308 1096/2192/308 1098/2191/308
f 1100/2195/309 1102/2196/309 1097/2194/309 1099/2193/309
f 1138/2114/8 1195/2197/8 1194/2198/8 1193/2199/8 1188/2200/8 1187/2201/8 1186/2202/8 1170/2203/8 1172/2204/8 1174/2205/8 1176/2206/8 1178/2207/8 1180/2208/8 1182/2209/8 1184/2210/8 1101/2211/8 1100/2098/8 1103/2097/8 1104/2212/8 1167/2213/8 1163/2214/8 1162/2215/8 1161/2216/8 1160/2217/8 1155/2218/8 1154/2219/8 1153/2220/8 1152/2221/8 1147/2222/8 1146/2223/8 1145/2224/8 1144/2225/8 1139/2226/8 1137/2115/8
f 1101/2227/310 1185/2228/310 1102/2196/310 1100/2195/310
f 1103/2229/311 1106/2230/311 1107/2231/311 1104/2232/311
f 1105/2233/312 1108/2234/312 1106/2230/312 1103/2229/312
f 1111/2235/313 1109/2236/313 1108/2234/313 1105/2233/313
f 1112/2237/314 1110/2238/314 1109/2236/314 1111/2235/314
f 1113/2239/315 1115/2240/315 1110/2238/315 1112/2237/315
f 1114/2241/316 1116/2242/316 1115/2243/316 1113/2244/316
f 1119/2245/317 1117/2246/317 1116/2242/317 1114/2241/317
f 1120/2247/318 1118/2248/318 1117/2249/318 1119/2250/318
f 1121/2251/319 1123/2252/319 1118/2248/319 1120/2247/319
f 1122/2253/320 1124/2254/320 1123/2252/320 1121/2251/320
f 1125/2255/321 1124/2254/321 1122/2253/321 1127/2256/321
f 1126/2257/322 1125/2255/322 1127/2256/322 1128/2258/322
f 1131/2259/323 1126/2257/323 1128/2258/323 1129/2260/323
f 1132/2261/324 1131/2259/324 1129/2260/324 1130/2262/324
f 1133/2263/325 1132/2261/325 1130/2262/325 1135/2264/325
f 1134/2265/326 1133/2263/326 1135/2264/326 1136/2266/326
f 1140/2267/310 1134/2265/310 1136/2266/310 1137/2268/310
f 1141/2269/309 1140/2267/309 1137/2268/309 1139/2270/309
f 1151/2167/5 1168/2166/5 1169/2271/5 1189/2272/5 1190/2273/5 1191/2274/5 1192/2275/5 1196/2276/5 1197/2277/5 1198/2142/5 1134/2141/5 1140/2278/5 1141/2279/5 1142/2280/5 1143/2281/5 1148/2282/5 1149/2283/5 1150/2284/5
f 1142/2285/308 1141/2269/308 1139/2270/308 1144/2286/308
f 1143/2287/307 1142/2285/307 1144/2286/307 1145/2288/307
f 1148/2289/306 1143/2287/306 1145/2288/306 1146/2290/306
f 1149/2291/305 1148/2292/305 1146/2293/305 1147/2294/305
f 1150/2295/304 1149/2291/304 1147/2294/304 1152/2296/304
f 1151/2297/327 1150/2298/327 1152/2299/327 1153/2300/327
f 1156/2301/328 1151/2297/328 1153/2300/328 1154/2302/328
f 1157/2303/329 1156/2301/329 1154/2302/329 1155/2304/329
f 1160/2305/330 1158/2306/330 1157/2303/330 1155/2304/330
f 1161/2307/331 1159/2308/331 1158/2306/331 1160/2305/331
f 1162/2309/332 1164/2310/332 1159/2308/332 1161/2307/332
f 1163/2311/333 1165/2312/333 1164/2310/333 1162/2309/333
f 1167/2313/334 1166/2314/334 1165/2312/334 1163/2311/334
f 1104/2232/335 1107/2231/335 1166/2314/335 1167/2313/335
f 1186/2315/318 1169/2316/318 1168/2317/318 1170/2318/318
f 1170/2318/319 1168/2317/319 1171/2319/319 1172/2320/319
f 1172/2320/320 1171/2319/320 1173/2321/320 1174/2322/320
f 1174/2322/321 1173/2321/321 1175/2323/321 1176/2324/321
f 1176/2324/322 1175/2323/322 1177/2325/322 1178/2326/322
f 1178/2326/323 1177/2325/323 1179/2327/323 1180/2328/323
f 1180/2328/324 1179/2327/324 1181/2329/324 1182/2330/324
f 1182/2330/325 1181/2329/325 1183/2331/325 1184/2332/325
f 1184/2332/326 1183/2331/326 1185/2228/326 1101/2227/326
f 1187/2333/317 1189/2334/317 1169/2335/317 1186/2336/317
f 1188/2337/316 1190/2338/316 1189/2334/316 1187/2333/316
f 1193/2339/315 1191/2340/315 1190/2341/315 1188/2342/315
f 1194/2343/314 1192/2344/314 1191/2340/314 1193/2339/314
f 1195/2345/313 1196/2346/313 1192/2344/313 1194/2343/313
f 1138/2347/312 1197/2348/312 1196/2346/312 1195/2345/312
f 1200/2349/311 1198/2350/311 1197/2348/311 1138/2347/311
f 1201/2351/335 1199/2352/335 1198/2350/335 1200/2349/335
f 1202/2353/334 1204/2354/334 1199/2352/334 1201/2351/334
f 1203/2355/333 1205/2356/333 1204/2354/333 1202/2353/333
f 1208/2357/332 1206/2358/332 1205/2356/332 1203/2355/332
f 1209/2359/331 1207/2360/331 1206/2358/331 1208/2357/331
f 1210/2361/330 1212/2362/330 1207/2360/330 1209/2359/330
f 1211/2363/329 1213/2364/329 1212/2362/329 1210/2361/329
f 1216/2365/328 1214/2366/328 1213/2364/328 1211/2363/328
f 1090/2367/327 1215/2368/327 1214/2366/327 1216/2365/327
f 1231/2369/8 1228/2370/8 1227/2371/8 1226/2372/8 1221/2373/8 1220/2374/8 1217/2375/8 1218/2376/8 1335/2377/8 1334/2378/8 1333/2379/8 1332/2380/8 1328/2381/8 1327/2382/8 1326/2383/8 1325/2384/8 1320/2385/8 1319/2386/8 1317/2387/8 1316/2388/8 1315/2389/8 1314/2390/8 1309/2391/8 1308/2392/8 1307/2393/8 1306/2394/8 1292/2395/8 1291/2396/8 1289/2397/8 1284/2398/8 1283/2399/8 1282/2400/8 1281/2401/8 1276/2402/8 1275/2403/8 1274/2404/8 1273/2405/8 1267/2406/8 1266/2407/8 1265/2408/8 1264/2409/8 1259/2410/8 1258/2411/8 1257/2412/8 1256/2413/8 1250/2414/8 1249/2415/8 1248/2416/8 1247/2417/8 1242/2418/8 1241/2419/8 1240/2420/8 1239/2421/8 1233/2422/8
f 1217/2423/304 1219/2424/304 1338/2425/304 1218/2426/304
f 1220/2427/305 1222/2428/305 1219/2424/305 1217/2423/305
f 1221/2429/306 1223/2430/306 1222/2431/306 1220/2432/306
f 1252/2433/5 1253/2434/5 1336/2435/5 1337/2436/5 1338/2437/5 1219/2438/5 1222/2439/5 1223/2440/5 1224/2441/5 1225/2442/5 1230/2443/5 1302/2444/5 1301/2445/5 1299/2446/5 1297/2447/5 1295/2448/5 1293/2449/5 1303/2450/5 1304/2451/5 1305/2452/5 1310/2453/5 1311/2454/5 1312/2455/5 1313/2456/5 1318/2457/5 1270/2458/5 1269/2459/5 1271/2460/5 1272/2461/5 1277/2462/5 1278/2463/5 1279/2464/5 1280/2465/5 1285/2466/5 1286/2467/5 1287/2468/5 1288/2469/5 1341/2470/5 1342/2471/5 1343/2472/5 1235/2473/5 1234/2474/5 1236/2475/5 1237/2476/5 1238/2477/5 1243/2478/5 1244/2479/5 1245/2480/5 1246/2481/5 1251/2482/5
f 1226/2483/307 1224/2484/307 1223/2430/307 1221/2429/307
f 1227/2485/308 1225/2486/308 1224/2484/308 1226/2483/308
f 1228/2487/309 1230/2488/309 1225/2486/309 1227/2485/309
f 1289/2397/8 1291/2396/8 1294/2489/8 1296/2490/8 1298/2491/8 1300/2492/8 1229/2493/8 1228/2370/8 1231/2369/8 1232/2494/8 1344/2495/8 1340/2496/8 1339/2497/8 1290/2498/8
f 1229/2499/310 1302/2500/310 1230/2488/310 1228/2487/310
f 1231/2501/311 1234/2502/311 1235/2503/311 1232/2504/311
f 1233/2505/312 1236/2506/312 1234/2502/312 1231/2501/312
f 1239/2507/313 1237/2508/313 1236/2506/313 1233/2505/313
f 1240/2509/314 1238/2510/314 1237/2508/314 1239/2507/314
f 1241/2511/315 1243/2512/315 1238/2510/315 1240/2509/315
f 1242/2513/316 1244/2514/316 1243/2515/316 1241/2516/316
f 1247/2517/317 1245/2518/317 1244/2514/317 1242/2513/317
f 1248/2519/318 1246/2520/318 1245/2521/318 1247/2522/318
f 1249/2523/319 1251/2524/319 1246/2520/319 1248/2519/319
f 1250/2525/320 1252/2526/320 1251/2524/320 1249/2523/320
f 1270/2458/5 1321/2527/5 1322/2528/5 1323/2529/5 1324/2530/5 1329/2531/5 1330/2532/5 1331/2533/5 1253/2434/5 1252/2433/5 1254/2534/5 1255/2535/5 1260/2536/5 1261/2537/5 1262/2538/5 1263/2539/5 1268/2540/5 1269/2459/5
f 1254/2541/321 1252/2526/321 1250/2525/321 1256/2542/321
f 1255/2543/322 1254/2541/322 1256/2542/322 1257/2544/322
f 1260/2545/323 1255/2543/323 1257/2544/323 1258/2546/323
f 1261/2547/324 1260/2545/324 1258/2546/324 1259/2548/324
f 1262/2549/325 1261/2547/325 1259/2548/325 1264/2550/325
f 1263/2551/326 1262/2549/326 1264/2550/326 1265/2552/326
f 1268/2553/310 1263/2551/310 1265/2552/310 1266/2554/310
f 1269/2555/309 1268/2553/309 1266/2554/309 1267/2556/309
f 1271/2557/308 1269/2555/308 1267/2556/308 1273/2558/308
f 1272/2559/307 1271/2557/307 1273/2558/307 1274/2560/307
f 1277/2561/306 1272/2559/306 1274/2560/306 1275/2562/306
f 1278/2563/305 1277/2564/305 1275/2565/305 1276/2566/305
f 1279/2567/304 1278/2563/304 1276/2566/304 1281/2568/304
f 1279/2569/327 1281/2570/327 1282/2571/327 1280/2572/327
f 1285/2573/328 1280/2572/328 1282/2571/328 1283/2574/328
f 1286/2575/329 1285/2573/329 1283/2574/329 1284/2576/329
f 1289/2577/330 1287/2578/330 1286/2575/330 1284/2576/330
f 1290/2579/331 1288/2580/331 1287/2578/331 1289/2577/331
f 1292/2581/321 1303/2582/321 1293/2583/321 1291/2584/321
f 1291/2584/322 1293/2583/322 1295/2585/322 1294/2586/322
f 1294/2586/323 1295/2585/323 1297/2587/323 1296/2588/323
f 1296/2588/324 1297/2587/324 1299/2589/324 1298/2590/324
f 1298/2590/325 1299/2589/325 1301/2591/325 1300/2592/325
f 1300/2592/326 1301/2591/326 1302/2500/326 1229/2499/326
f 1306/2593/320 1304/2594/320 1303/2582/320 1292/2581/320
f 1307/2595/319 1305/2596/319 1304/2594/319 1306/2593/319
f 1308/2597/318 1310/2598/318 1305/2596/318 1307/2595/318
f 1309/2599/317 1311/2600/317 1310/2601/317 1308/2602/317
f 1314/2603/316 1312/2604/316 1311/2600/316 1309/2599/316
f 1315/2605/315 1313/2606/315 1312/2607/315 1314/2608/315
f 1316/2609/314 1318/2610/314 1313/2606/314 1315/2605/314
f 1317/2611/313 1270/2612/313 1318/2610/313 1316/2609/313
f 1319/2613/312 1321/2614/312 1270/2612/312 1317/2611/312
f 1320/2615/311 1322/2616/311 1321/2614/311 1319/2613/311
f 1325/2617/335 1323/2618/335 1322/2616/335 1320/2615/335
f 1326/2619/334 1324/2620/334 1323/2618/334 1325/2617/334
f 1327/2621/333 1329/2622/333 1324/2620/333 1326/2619/333
f 1328/2623/332 1330/2624/332 1329/2622/332 1327/2621/332
f 1332/2625/331 1331/2626/331 1330/2624/331 1328/2623/331
f 1333/2627/330 1253/2628/330 1331/2626/330 1332/2625/330
f 1334/2629/329 1336/2630/329 1253/2628/329 1333/2627/329
f 1335/2631/328 1337/2632/328 1336/2630/328 1334/2629/328
f 1218/2633/327 1338/2634/327 1337/2632/327 1335/2631/327
f 1339/2635/332 1341/2636/332 1288/2580/332 1290/2579/332
f 1340/2637/333 1342/2638/333 1341/2636/333 1339/2635/333
f 1344/2639/334 1343/2640/334 1342/2638/334 1340/2637/334
f 1232/2504/335 1235/2503/335 1343/2640/335 1344/2639/335
f 1367/2641/8 1364/2642/8 1363/2643/8 1362/2644/8 1357/2645/8 1356/2646/8 1355/2647/8 1354/2648/8 1349/2649/8 1348/2650/8 1345/2651/8 1346/2652/8 1469/2653/8 1468/2654/8 1467/2655/8 1466/2656/8 1461/2657/8 1460/2658/8 1459/2659/8 1458/2660/8 1453/2661/8 1452/2662/8 1451/2663/8 1450/2664/8 1432/2665/8 1418/2666/8 1417/2667/8 1416/2668/8 1415/2669/8 1410/2670/8 1409/2671/8 1408/2672/8 1407/2673/8 1402/2674/8 1401/2675/8 1400/2676/8 1399/2677/8 1394/2678/8 1393/2679/8 1392/2680/8 1391/2681/8 1386/2682/8 1385/2683/8 1384/2684/8 1383/2685/8 1378/2686/8 1377/2687/8 1376/2688/8 1375/2689/8 1368/2690/8
f 1345/2691/304 1347/2692/304 1472/2693/304 1346/2694/304
f 1348/2695/305 1350/1878/305 1347/2692/305 1345/2691/305
f 1349/2696/306 1351/2697/306 1350/2698/306 1348/2699/306
f 1390/2700/5 1471/2701/5 1472/2702/5 1347/2703/5 1350/2704/5 1351/2705/5 1352/2706/5 1353/2707/5 1358/2708/5 1359/2709/5 1360/2710/5 1361/2711/5 1366/2712/5 1446/2713/5 1445/2714/5 1443/2715/5 1441/2716/5 1439/2717/5 1437/2718/5 1435/2719/5 1433/2720/5 1447/2721/5 1448/2722/5 1449/2723/5 1454/2724/5 1455/2725/5 1406/2726/5 1411/2727/5 1412/2728/5 1413/2729/5 1414/2730/5 1420/2731/5 1421/2732/5 1422/2733/5 1423/2734/5 1428/2735/5 1429/2736/5 1430/2737/5 1371/2738/5 1370/2739/5 1372/2740/5 1373/2741/5 1374/2742/5 1379/2743/5 1380/2744/5 1381/2745/5 1382/2746/5 1387/2747/5 1388/2748/5 1389/2749/5
f 1354/2750/307 1352/2751/307 1351/2697/307 1349/2696/307
f 1355/2752/308 1353/2753/308 1352/2751/308 1354/2750/308
f 1356/2754/309 1358/2755/309 1353/2753/309 1355/2752/309
f 1357/2756/310 1359/2757/310 1358/2755/310 1356/2754/310
f 1362/2758/326 1360/2759/326 1359/2757/326 1357/2756/326
f 1363/2760/325 1361/2761/325 1360/2759/325 1362/2758/325
f 1364/2762/324 1366/2763/324 1361/2761/324 1363/2760/324
f 1418/2666/8 1434/2764/8 1436/2765/8 1438/2766/8 1440/2767/8 1442/2768/8 1444/2769/8 1365/2770/8 1364/2642/8 1367/2641/8 1369/2771/8 1431/2772/8 1427/2773/8 1426/2774/8 1425/2775/8 1424/2776/8 1419/2777/8 1417/2667/8
f 1365/2778/323 1446/2779/323 1366/2763/323 1364/2762/323
f 1368/2780/333 1372/2781/333 1370/2782/333 1367/2783/333
f 1367/2783/332 1370/2782/332 1371/2784/332 1369/2785/332
f 1375/2786/334 1373/2787/334 1372/2781/334 1368/2780/334
f 1376/2788/335 1374/2789/335 1373/2787/335 1375/2786/335
f 1377/2790/311 1379/2791/311 1374/2789/311 1376/2788/311
f 1378/2792/312 1380/2793/312 1379/2791/312 1377/2790/312
f 1383/2794/313 1381/2795/313 1380/2793/313 1378/2792/313
f 1384/2796/314 1382/2797/314 1381/2795/314 1383/2794/314
f 1385/2798/315 1387/2799/315 1382/2797/315 1384/2796/315
f 1386/2800/316 1388/2801/316 1387/2802/316 1385/2803/316
f 1391/2804/317 1389/2805/317 1388/2801/317 1386/2800/317
f 1392/2806/318 1390/2807/318 1389/2808/318 1391/2809/318
f 1393/2810/319 1395/2811/319 1390/2807/319 1392/2806/319
f 1394/2812/320 1396/2813/320 1395/2811/320 1393/2810/320
f 1406/2726/5 1455/2725/5 1456/2814/5 1457/2815/5 1462/2816/5 1463/2817/5 1464/2818/5 1465/2819/5 1470/2820/5 1471/2701/5 1390/2700/5 1395/2821/5 1396/2822/5 1397/2823/5 1398/2824/5 1403/2825/5 1404/2826/5 1405/2827/5
f 1397/2828/321 1396/2813/321 1394/2812/321 1399/2829/321
f 1398/2830/322 1397/2828/322 1399/2829/322 1400/2831/322
f 1403/2832/323 1398/2830/323 1400/2831/323 1401/2833/323
f 1404/2834/324 1403/2832/324 1401/2833/324 1402/2835/324
f 1405/2836/325 1404/2834/325 1402/2835/325 1407/2837/325
f 1406/2838/326 1405/2836/326 1407/2837/326 1408/2839/326
f 1411/2840/310 1406/2838/310 1408/2839/310 1409/2841/310
f 1412/2842/309 1411/2840/309 1409/2841/309 1410/2843/309
f 1413/2844/308 1412/2842/308 1410/2843/308 1415/2845/308
f 1414/2846/307 1413/2844/307 1415/2845/307 1416/2847/307
f 1417/2848/306 1420/2849/306 1414/2846/306 1416/2847/306
f 1421/2850/305 1420/2851/305 1417/2852/305 1419/2853/305
f 1422/2854/304 1421/2850/304 1419/2853/304 1424/2855/304
f 1423/2856/327 1422/2857/327 1424/2858/327 1425/2859/327
f 1428/2860/328 1423/2856/328 1425/2859/328 1426/2861/328
f 1429/2862/329 1428/2860/329 1426/2861/329 1427/2863/329
f 1431/2864/330 1430/2865/330 1429/2862/330 1427/2863/330
f 1369/2785/331 1371/2784/331 1430/2865/331 1431/2864/331
f 1432/2866/315 1447/2867/315 1433/2868/315 1418/2869/315
f 1418/2870/316 1433/2871/316 1435/2872/316 1434/2873/316
f 1434/2873/317 1435/2872/317 1437/2874/317 1436/2875/317
f 1436/2876/318 1437/2877/318 1439/2878/318 1438/2879/318
f 1438/2879/319 1439/2878/319 1441/2880/319 1440/2881/319
f 1440/2881/320 1441/2880/320 1443/2882/320 1442/2883/320
f 1442/2883/321 1443/2882/321 1445/2884/321 1444/2885/321
f 1444/2885/322 1445/2884/322 1446/2779/322 1365/2778/322
f 1450/2886/314 1448/2887/314 1447/2867/314 1432/2866/314
f 1451/2888/313 1449/2889/313 1448/2887/313 1450/2886/313
f 1452/2890/312 1454/2891/312 1449/2889/312 1451/2888/312
f 1453/2892/311 1455/2893/311 1454/2891/311 1452/2890/311
f 1458/2894/335 1456/2895/335 1455/2893/335 1453/2892/335
f 1459/2896/334 1457/2897/334 1456/2895/334 1458/2894/334
f 1460/2898/333 1462/2899/333 1457/2897/333 1459/2896/333
f 1461/2900/332 1463/2901/332 1462/2899/332 1460/2898/332
f 1466/2902/331 1464/2903/331 1463/2901/331 1461/2900/331
f 1467/2904/330 1465/2905/330 1464/2903/330 1466/2902/330
f 1468/2906/329 1470/2907/329 1465/2905/329 1467/2904/329
f 1469/2908/328 1471/2909/328 1470/2907/328 1468/2906/328
f 1346/2910/327 1472/2911/327 1471/2909/327 1469/2908/327
f 1495/2912/8 1492/2913/8 1491/2914/8 1490/2915/8 1485/2916/8 1484/2917/8 1483/2918/8 1482/2919/8 1477/2920/8 1476/2921/8 1473/2922/8 1474/2923/8 1600/2924/8 1595/2925/8 1594/2926/8 1593/2927/8 1592/2928/8 1587/2929/8 1586/2930/8 1585/2931/8 1584/2932/8 1579/2933/8 1578/2934/8 1577/2935/8 1576/2936/8 1546/2937/8 1545/2938/8 1544/2939/8 1543/2940/8 1538/2941/8 1537/2942/8 1536/2943/8 1535/2944/8 1530/2945/8 1529/2946/8 1528/2947/8 1527/2948/8 1522/2949/8 1521/2950/8 1520/2951/8 1519/2952/8 1514/2953/8 1513/2954/8 1512/2955/8 1511/2956/8 1506/2957/8 1505/2958/8 1504/2959/8 1503/2960/8 1496/2961/8
f 1473/2962/304 1475/2963/304 1599/2964/304 1474/2965/304
f 1476/2966/305 1478/2967/305 1475/2963/305 1473/2962/305
f 1477/2968/306 1479/2969/306 1478/2970/306 1476/2971/306
f 1534/2972/5 1582/2973/5 1583/2974/5 1588/2975/5 1589/2976/5 1590/2977/5 1591/2978/5 1596/2979/5 1597/2980/5 1598/2981/5 1599/2982/5 1475/2983/5 1478/2984/5 1479/2985/5 1480/2986/5 1481/2987/5 1486/2988/5 1487/2989/5 1488/2990/5 1489/2991/5 1494/2992/5 1569/2993/5 1567/2994/5 1565/2995/5 1563/2996/5 1560/2997/5 1551/2998/5 1556/2999/5 1557/3000/5 1558/3001/5 1499/3002/5 1498/3003/5 1500/3004/5 1501/3005/5 1502/3006/5 1507/3007/5 1508/3008/5 1509/3009/5 1510/3010/5 1515/3011/5 1516/3012/5 1517/3013/5 1518/3014/5 1523/3015/5 1524/3016/5 1525/3017/5 1526/3018/5 1531/3019/5 1532/3020/5 1533/3021/5
f 1482/3022/307 1480/3023/307 1479/2969/307 1477/2968/307
f 1483/3024/308 1481/3025/308 1480/3023/308 1482/3022/308
f 1484/3026/309 1486/3027/309 1481/3025/309 1483/3024/309
f 1485/3028/310 1487/3029/310 1486/3027/310 1484/3026/310
f 1490/3030/326 1488/3031/326 1487/3029/326 1485/3028/326
f 1491/3032/325 1489/3033/325 1488/3031/325 1490/3030/325
f 1492/3034/324 1494/3035/324 1489/3033/324 1491/3032/324
f 1546/2937/8 1571/3036/8 1570/3037/8 1562/3038/8 1564/3039/8 1566/3040/8 1568/3041/8 1493/3042/8 1492/2913/8 1495/2912/8 1497/3043/8 1559/3044/8 1555/3045/8 1554/3046/8 1553/3047/8 1552/3048/8 1547/3049/8 1545/2938/8
f 1493/3050/323 1569/3051/323 1494/3035/323 1492/3034/323
f 1496/3052/333 1500/3053/333 1498/3054/333 1495/3055/333
f 1495/3055/332 1498/3054/332 1499/3056/332 1497/3057/332
f 1503/3058/334 1501/3059/334 1500/3053/334 1496/3052/334
f 1504/3060/335 1502/3061/335 1501/3059/335 1503/3058/335
f 1505/3062/311 1507/3063/311 1502/3061/311 1504/3060/311
f 1506/3064/312 1508/3065/312 1507/3063/312 1505/3062/312
f 1511/3066/313 1509/3067/313 1508/3065/313 1506/3064/313
f 1512/3068/314 1510/3069/314 1509/3067/314 1511/3066/314
f 1513/3070/315 1515/3071/315 1510/3069/315 1512/3068/315
f 1514/3072/316 1516/3073/316 1515/3074/316 1513/3075/316
f 1519/3076/317 1517/3077/317 1516/3073/317 1514/3072/317
f 1520/3078/318 1518/3079/318 1517/3080/318 1519/3081/318
f 1521/3082/319 1523/3083/319 1518/3079/319 1520/3078/319
f 1522/3084/320 1524/3085/320 1523/3083/320 1521/3082/320
f 1525/3086/321 1524/3085/321 1522/3084/321 1527/3087/321
f 1526/3088/322 1525/3086/322 1527/3087/322 1528/3089/322
f 1531/3090/323 1526/3088/323 1528/3089/323 1529/3091/323
f 1532/3092/324 1531/3090/324 1529/3091/324 1530/3093/324
f 1533/3094/325 1532/3092/325 1530/3093/325 1535/3095/325
f 1534/3096/326 1533/3094/326 1535/3095/326 1536/3097/326
f 1539/3098/310 1534/3096/310 1536/3097/310 1537/3099/310
f 1540/3100/309 1539/3098/309 1537/3099/309 1538/3101/309
f 1551/2998/5 1560/2997/5 1561/3102/5 1572/3103/5 1573/3104/5 1574/3105/5 1575/3106/5 1580/3107/5 1581/3108/5 1582/2973/5 1534/2972/5 1539/3109/5 1540/3110/5 1541/3111/5 1542/3112/5 1548/3113/5 1549/3114/5 1550/3115/5
f 1541/3116/308 1540/3100/308 1538/3101/308 1543/3117/308
f 1542/3118/307 1541/3116/307 1543/3117/307 1544/3119/307
f 1545/3120/306 1548/3121/306 1542/3118/306 1544/3119/306
f 1549/3122/305 1548/3123/305 1545/3124/305 1547/3125/305
f 1550/3126/304 1549/3122/304 1547/3125/304 1552/3127/304
f 1551/3128/327 1550/3129/327 1552/3130/327 1553/3131/327
f 1556/3132/328 1551/3128/328 1553/3131/328 1554/3133/328
f 1557/3134/329 1556/3132/329 1554/3133/329 1555/3135/329
f 1559/3136/330 1558/3137/330 1557/3134/330 1555/3135/330
f 1497/3057/331 1499/3056/331 1558/3137/331 1559/3136/331
f 1570/3138/318 1561/3139/318 1560/3140/318 1562/3141/318
f 1562/3141/319 1560/3140/319 1563/3142/319 1564/3143/319
f 1564/3143/320 1563/3142/320 1565/3144/320 1566/3145/320
f 1566/3145/321 1565/3144/321 1567/3146/321 1568/3147/321
f 1568/3147/322 1567/3146/322 1569/3051/322 1493/3050/322
f 1571/3148/317 1572/3149/317 1561/3150/317 1570/3151/317
f 1546/3152/316 1573/3153/316 1572/3149/316 1571/3148/316
f 1576/3154/315 1574/3155/315 1573/3156/315 1546/3157/315
f 1577/3158/314 1575/3159/314 1574/3155/314 1576/3154/314
f 1578/3160/313 1580/3161/313 1575/3159/313 1577/3158/313
f 1579/3162/312 1581/3163/312 1580/3161/312 1578/3160/312
f 1584/3164/311 1582/3165/311 1581/3163/311 1579/3162/311
f 1585/3166/335 1583/3167/335 1582/3165/335 1584/3164/335
f 1586/3168/334 1588/3169/334 1583/3167/334 1585/3166/334
f 1587/3170/333 1589/3171/333 1588/3169/333 1586/3168/333
f 1592/3172/332 1590/3173/332 1589/3171/332 1587/3170/332
f 1593/3174/331 1591/3175/331 1590/3173/331 1592/3172/331
f 1594/3176/330 1596/3177/330 1591/3175/330 1593/3174/330
f 1595/3178/329 1597/3179/329 1596/3177/329 1594/3176/329
f 1600/3180/328 1598/3181/328 1597/3179/328 1595/3178/328
f 1474/3182/327 1599/3183/327 1598/3181/327 1600/3180/327
f 1623/3184/8 1620/3185/8 1619/3186/8 1618/3187/8 1613/3188/8 1612/3189/8 1611/3190/8 1610/3191/8 1605/3192/8 1604/3193/8 1601/3194/8 1602/3195/8 1728/3196/8 1723/3197/8 1722/3198/8 1721/3199/8 1720/3200/8 1715/3201/8 1714/3202/8 1713/3203/8 1712/3204/8 1707/3205/8 1706/3206/8 1705/3207/8 1704/3208/8 1674/3209/8 1673/3210/8 1672/3211/8 1671/3212/8 1666/3213/8 1665/3214/8 1664/3215/8 1663/3216/8 1658/3217/8 1657/3218/8 1656/3219/8 1655/3220/8 1650/3221/8 1649/3222/8 1648/3223/8 1647/3224/8 1642/3225/8 1641/3226/8 1640/3227/8 1639/3228/8 1634/3229/8 1633/3230/8 1632/3231/8 1631/3232/8 1624/3233/8
f 1601/3234/304 1603/3235/304 1727/3236/304 1602/3237/304
f 1604/3238/305 1606/3239/305 1603/3235/305 1601/3234/305
f 1605/3240/306 1607/3241/306 1606/3242/306 1604/3243/306
f 1662/3244/5 1710/3245/5 1711/3246/5 1716/3247/5 1717/3248/5 1718/3249/5 1719/3250/5 1724/3251/5 1725/3252/5 1726/3253/5 1727/3254/5 1603/3255/5 1606/3256/5 1607/3257/5 1608/3258/5 1609/3259/5 1614/3260/5 1615/3261/5 1616/3262/5 1617/3263/5 1622/3264/5 1697/3265/5 1695/3266/5 1693/3267/5 1691/3268/5 1688/3269/5 1679/3270/5 1684/3271/5 1685/3272/5 1686/3273/5 1627/3274/5 1626/3275/5 1628/3276/5 1629/3277/5 1630/3278/5 1635/3279/5 1636/3280/5 1637/3281/5 1638/3282/5 1643/3283/5 1644/3284/5 1645/3285/5 1646/3286/5 1651/3287/5 1652/3288/5 1653/3289/5 1654/3290/5 1659/3291/5 1660/3292/5 1661/3293/5
f 1610/3294/307 1608/3295/307 1607/3241/307 1605/3240/307
f 1611/3296/308 1609/3297/308 1608/3295/308 1610/3294/308
f 1612/3298/309 1614/3299/309 1609/3297/309 1611/3296/309
f 1613/3300/310 1615/3301/310 1614/3299/310 1612/3298/310
f 1618/3302/326 1616/3303/326 1615/3301/326 1613/3300/326
f 1619/3304/325 1617/3305/325 1616/3303/325 1618/3302/325
f 1620/3306/324 1622/3307/324 1617/3305/324 1619/3304/324
f 1674/3209/8 1699/3308/8 1698/3309/8 1690/3310/8 1692/3311/8 1694/3312/8 1696/3313/8 1621/3314/8 1620/3185/8 1623/3184/8 1625/3315/8 1687/3316/8 1683/3317/8 1682/3318/8 1681/3319/8 1680/3320/8 1675/3321/8 1673/3210/8
f 1621/3322/323 1697/3323/323 1622/3307/323 1620/3306/323
f 1624/3324/333 1628/3325/333 1626/3326/333 1623/3327/333
f 1623/3327/332 1626/3326/332 1627/3328/332 1625/3329/332
f 1631/3330/334 1629/3331/334 1628/3325/334 1624/3324/334
f 1632/3332/335 1630/3333/335 1629/3331/335 1631/3330/335
f 1633/3334/311 1635/3335/311 1630/3333/311 1632/3332/311
f 1634/3336/312 1636/3337/312 1635/3335/312 1633/3334/312
f 1639/3338/313 1637/3339/313 1636/3337/313 1634/3336/313
f 1640/3340/314 1638/3341/314 1637/3339/314 1639/3338/314
f 1641/3342/315 1643/3343/315 1638/3341/315 1640/3340/315
f 1642/3344/316 1644/3345/316 1643/3346/316 1641/3347/316
f 1647/3348/317 1645/3349/317 1644/3345/317 1642/3344/317
f 1648/3350/318 1646/3351/318 1645/3352/318 1647/3353/318
f 1649/3354/319 1651/3355/319 1646/3351/319 1648/3350/319
f 1650/3356/320 1652/3357/320 1651/3355/320 1649/3354/320
f 1653/3358/321 1652/3357/321 1650/3356/321 1655/3359/321
f 1654/3360/322 1653/3358/322 1655/3359/322 1656/3361/322
f 1659/3362/323 1654/3360/323 1656/3361/323 1657/3363/323
f 1660/3364/324 1659/3362/324 1657/3363/324 1658/3365/324
f 1661/3366/325 1660/3364/325 1658/3365/325 1663/3367/325
f 1662/3368/326 1661/3366/326 1663/3367/326 1664/3369/326
f 1667/3370/310 1662/3368/310 1664/3369/310 1665/3371/310
f 1668/3372/309 1667/3370/309 1665/3371/309 1666/3373/309
f 1679/3270/5 1688/3269/5 1689/3374/5 1700/3375/5 1701/3376/5 1702/3377/5 1703/3378/5 1708/3379/5 1709/3380/5 1710/3245/5 1662/3244/5 1667/3381/5 1668/3382/5 1669/3383/5 1670/3384/5 1676/3385/5 1677/3386/5 1678/3387/5
f 1669/3388/308 1668/3372/308 1666/3373/308 1671/3389/308
f 1670/3390/307 1669/3388/307 1671/3389/307 1672/3391/307
f 1673/3392/306 1676/3393/306 1670/3390/306 1672/3391/306
f 1677/3394/305 1676/3395/305 1673/3396/305 1675/3397/305
f 1678/3398/304 1677/3394/304 1675/3397/304 1680/3399/304
f 1679/3400/327 1678/3401/327 1680/3402/327 1681/3403/327
f 1684/3404/328 1679/3400/328 1681/3403/328 1682/3405/328
f 1685/3406/329 1684/3404/329 1682/3405/329 1683/3407/329
f 1687/3408/330 1686/3409/330 1685/3406/330 1683/3407/330
f 1625/3329/331 1627/3328/331 1686/3409/331 1687/3408/331
f 1698/3410/318 1689/3411/318 1688/3412/318 1690/3413/318
f 1690/3413/319 1688/3412/319 1691/3414/319 1692/3415/319
f 1692/3415/320 1691/3414/320 1693/3416/320 1694/3417/320
f 1694/3417/321 1693/3416/321 1695/3418/321 1696/3419/321
f 1696/3419/322 1695/3418/322 1697/3323/322 1621/3322/322
f 1699/3420/317 1700/3421/317 1689/3422/317 1698/3423/317
f 1674/3424/316 1701/3425/316 1700/3421/316 1699/3420/316
f 1704/3426/315 1702/3427/315 1701/3428/315 1674/3429/315
f 1705/3430/314 1703/3431/314 1702/3427/314 1704/3426/314
f 1706/3432/313 1708/3433/313 1703/3431/313 1705/3430/313
f 1707/3434/312 1709/3435/312 1708/3433/312 1706/3432/312
f 1712/3436/311 1710/3437/311 1709/3435/311 1707/3434/311
f 1713/3438/335 1711/3439/335 1710/3437/335 1712/3436/335
f 1714/3440/334 1716/3441/334 1711/3439/334 1713/3438/334
f 1715/3442/333 1717/3443/333 1716/3441/333 1714/3440/333
f 1720/3444/332 1718/3445/332 1717/3443/332 1715/3442/332
f 1721/3446/331 1719/3447/331 1718/3445/331 1720/3444/331
f 1722/3448/330 1724/3449/330 1719/3447/330 1721/3446/330
f 1723/3450/329 1725/3451/329 1724/3449/329 1722/3448/329
f 1728/3452/328 1726/3453/328 1725/3451/328 1723/3450/328
f 1602/3454/327 1727/3455/327 1726/3453/327 1728/3452/327
f 1751/3456/8 1748/3457/8 1747/3458/8 1746/3459/8 1741/3460/8 1740/3461/8 1739/3462/8 1738/3463/8 1733/3464/8 1732/3465/8 1729/3466/8 1730/3467/8 1853/3468/8 1852/3469/8 1851/3470/8 1850/3471/8 1845/3472/8 1844/3473/8 1843/3474/8 1842/3475/8 1837/3476/8 1836/3477/8 1835/3478/8 1834/3479/8 1816/3480/8 1770/3481/8 1769/3482/8 1771/3483/8 1776/3484/8 1777/3485/8 1778/3486/8 1779/3487/8 1784/3488/8 1785/3489/8 1786/3490/8 1787/3491/8 1792/3492/8 1793/3493/8 1794/3494/8 1795/3495/8 1800/3496/8 1801/3497/8 1802/3498/8 1803/3499/8 1808/3500/8 1809/3501/8 1810/3502/8 1811/3503/8 1815/3504/8 1752/3505/8
f 1729/3506/304 1731/3507/304 1856/3508/304 1730/3509/304
f 1732/3510/305 1734/3511/305 1731/3507/305 1729/3506/305
f 1733/3512/306 1735/3513/306 1734/3514/306 1732/3515/306
f 1799/3516/5 1731/3517/5 1734/3518/5 1735/3519/5 1736/3520/5 1737/3521/5 1742/3522/5 1743/3523/5 1744/3524/5 1745/3525/5 1755/3526/5 1814/3527/5 1813/3528/5 1812/3529/5 1807/3530/5 1806/3531/5 1805/3532/5 1804/3533/5
f 1738/3534/307 1736/3535/307 1735/3513/307 1733/3512/307
f 1739/3536/308 1737/3537/308 1736/3535/308 1738/3534/308
f 1740/3538/309 1742/3539/309 1737/3537/309 1739/3536/309
f 1741/3540/310 1743/3541/310 1742/3539/310 1740/3538/310
f 1746/3542/326 1744/3543/326 1743/3541/326 1741/3540/326
f 1747/3544/325 1745/3545/325 1744/3543/325 1746/3542/325
f 1748/3546/324 1750/3547/324 1745/3545/324 1747/3544/324
f 1770/3481/8 1818/3548/8 1820/3549/8 1822/3550/8 1824/3551/8 1826/3552/8 1828/3553/8 1749/3554/8 1748/3457/8 1751/3456/8 1753/3555/8 1759/3556/8 1760/3557/8 1761/3558/8 1762/3559/8 1767/3560/8 1768/3561/8 1769/3482/8
f 1749/3562/323 1830/3563/323 1750/3547/323 1748/3546/323
f 1752/3564/333 1755/3565/333 1754/3566/333 1751/3567/333
f 1751/3567/332 1754/3566/332 1756/3568/332 1753/3569/332
f 1755/3526/5 1745/3525/5 1750/3570/5 1830/3571/5 1829/3572/5 1827/3573/5 1825/3574/5 1823/3575/5 1821/3576/5 1819/3577/5 1817/3578/5 1831/3579/5 1832/3580/5 1833/3581/5 1838/3582/5 1839/3583/5 1840/3584/5 1841/3585/5 1846/3586/5 1847/3587/5 1848/3588/5 1849/3589/5 1854/3590/5 1855/3591/5 1856/3592/5 1731/3517/5 1799/3516/5 1798/3593/5 1797/3594/5 1796/3595/5 1791/3596/5 1790/3597/5 1789/3598/5 1788/3599/5 1783/3600/5 1782/3601/5 1781/3602/5 1780/3603/5 1775/3604/5 1774/3605/5 1773/3606/5 1772/3607/5 1766/3608/5 1765/3609/5 1764/3610/5 1763/3611/5 1758/3612/5 1757/3613/5 1756/3614/5 1754/3615/5
f 1753/3569/331 1756/3568/331 1757/3616/331 1759/3617/331
f 1759/3617/330 1757/3616/330 1758/3618/330 1760/3619/330
f 1758/3618/329 1763/3620/329 1761/3621/329 1760/3619/329
f 1763/3620/328 1764/3622/328 1762/3623/328 1761/3621/328
f 1764/3622/327 1765/3624/327 1767/3625/327 1762/3623/327
f 1765/3626/304 1766/3627/304 1768/3628/304 1767/3629/304
f 1766/3627/305 1772/3630/305 1769/3631/305 1768/3628/305
f 1769/3632/306 1772/3633/306 1773/3634/306 1771/3635/306
f 1773/3634/307 1774/3636/307 1776/3637/307 1771/3635/307
f 1774/3636/308 1775/3638/308 1777/3639/308 1776/3637/308
f 1775/3638/309 1780/3640/309 1778/3641/309 1777/3639/309
f 1780/3640/310 1781/3642/310 1779/3643/310 1778/3641/310
f 1781/3642/326 1782/3644/326 1784/3645/326 1779/3643/326
f 1782/3644/325 1783/3646/325 1785/3647/325 1784/3645/325
f 1783/3646/324 1788/3648/324 1786/3649/324 1785/3647/324
f 1788/3648/323 1789/3650/323 1787/3651/323 1786/3649/323
f 1789/3650/322 1790/3652/322 1792/3653/322 1787/3651/322
f 1790/3652/321 1791/3654/321 1793/3655/321 1792/3653/321
f 1793/3655/320 1791/3654/320 1796/3656/320 1794/3657/320
f 1794/3657/319 1796/3656/319 1797/3658/319 1795/3659/319
f 1795/3659/318 1797/3658/318 1798/3660/318 1800/3661/318
f 1800/3662/317 1798/3663/317 1799/3664/317 1801/3665/317
f 1801/3665/316 1799/3664/316 1804/3666/316 1802/3667/316
f 1802/3668/315 1804/3669/315 1805/3670/315 1803/3671/315
f 1803/3671/314 1805/3670/314 1806/3672/314 1808/3673/314
f 1808/3673/313 1806/3672/313 1807/3674/313 1809/3675/313
f 1809/3675/312 1807/3674/312 1812/3676/312 1810/3677/312
f 1810/3677/311 1812/3676/311 1813/3678/311 1811/3679/311
f 1811/3679/335 1813/3678/335 1814/3680/335 1815/3681/335
f 1815/3681/334 1814/3680/334 1755/3565/334 1752/3564/334
f 1816/3682/315 1831/3683/315 1817/3684/315 1770/3685/315
f 1770/3686/316 1817/3687/316 1819/3688/316 1818/3689/316
f 1818/3689/317 1819/3688/317 1821/3690/317 1820/3691/317
f 1820/3692/318 1821/3693/318 1823/3694/318 1822/3695/318
f 1822/3695/319 1823/3694/319 1825/3696/319 1824/3697/319
f 1824/3697/320 1825/3696/320 1827/3698/320 1826/3699/320
f 1826/3699/321 1827/3698/321 1829/3700/321 1828/3701/321
f 1828/3701/322 1829/3700/322 1830/3563/322 1749/3562/322
f 1834/3702/314 1832/3703/314 1831/3683/314 1816/3682/314
f 1835/3704/313 1833/3705/313 1832/3703/313 1834/3702/313
f 1836/3706/312 1838/3707/312 1833/3705/312 1835/3704/312
f 1837/3708/311 1839/3709/311 1838/3707/311 1836/3706/311
f 1842/3710/335 1840/3711/335 1839/3709/335 1837/3708/335
f 1843/3712/334 1841/3713/334 1840/3711/334 1842/3710/334
f 1844/3714/333 1846/3715/333 1841/3713/333 1843/3712/333
f 1845/3716/332 1847/3717/332 1846/3715/332 1844/3714/332
f 1850/3718/331 1848/3719/331 1847/3717/331 1845/3716/331
f 1851/3720/330 1849/3721/330 1848/3719/330 1850/3718/330
f 1852/3722/329 1854/3723/329 1849/3721/329 1851/3720/329
f 1853/3724/328 1855/3725/328 1854/3723/328 1852/3722/328
f 1730/3726/327 1856/3727/327 1855/3725/327 1853/3724/327
f 1879/3728/15 1876/3729/15 1875/3730/15 1874/3731/15 1869/3732/15 1868/3733/15 1867/3734/15 1866/3735/15 1861/3736/15 1860/3737/15 1857/3738/15 1858/3739/15 1981/3740/15 1980/3741/15 1979/3742/15 1978/3743/15 1973/3744/15 1972/3745/15 1971/3746/15 1970/3747/15 1965/3748/15 1964/3749/15 1963/3750/15 1962/3751/15 1944/3752/15 1898/3753/15 1897/3754/15 1899/3755/15 1904/3756/15 1905/3757/15 1906/3758/15 1907/3759/15 1912/3760/15 1913/3761/15 1914/3762/15 1915/3763/15 1920/3764/15 1921/3765/15 1922/3766/15 1923/3767/15 1928/3768/15 1929/3769/15 1930/3770/15 1931/3771/15 1936/3772/15 1937/3773/15 1938/3774/15 1939/3775/15 1943/3776/15 1880/3777/15
f 1857/3778/336 1859/3779/336 1984/3780/336 1858/3781/336
f 1860/3782/337 1862/3783/337 1859/3779/337 1857/3778/337
f 1861/3784/338 1863/3785/338 1862/3783/338 1860/3782/338
f 1927/3786/16 1859/3787/16 1862/3788/16 1863/3789/16 1864/3790/16 1865/3791/16 1870/3792/16 1871/3793/16 1872/3794/16 1873/3795/16 1883/3796/16 1942/3797/16 1941/3798/16 1940/3799/16 1935/3800/16 1934/3801/16 1933/3802/16 1932/3803/16
f 1866/3804/339 1864/3805/339 1863/3785/339 1861/3784/339
f 1867/3806/340 1865/3807/340 1864/3805/340 1866/3804/340
f 1868/3808/341 1870/3809/341 1865/3807/341 1867/3806/341
f 1869/3810/342 1871/3811/342 1870/3809/342 1868/3808/342
f 1874/3812/343 1872/3813/343 1871/3814/343 1869/3815/343
f 1875/3816/344 1873/3817/344 1872/3813/344 1874/3812/344
f 1876/3818/345 1878/3819/345 1873/3817/345 1875/3816/345
f 1898/3753/15 1946/3820/15 1948/3821/15 1950/3822/15 1952/3823/15 1954/3824/15 1956/3825/15 1877/3826/15 1876/3729/15 1879/3728/15 1881/3827/15 1887/3828/15 1888/3829/15 1889/3830/15 1890/3831/15 1895/3832/15 1896/3833/15 1897/3754/15
f 1877/3834/346 1958/3835/346 1878/3819/346 1876/3818/346
f 1880/3836/347 1883/3837/347 1882/3838/347 1879/3839/347
f 1879/3839/348 1882/3838/348 1884/3840/348 1881/3841/348
f 1883/3796/16 1873/3795/16 1878/3842/16 1958/3843/16 1957/3844/16 1955/3845/16 1953/3846/16 1951/3847/16 1949/3848/16 1947/3849/16 1945/3850/16 1959/3851/16 1960/3852/16 1961/3853/16 1966/3854/16 1967/3855/16 1968/3856/16 1969/3857/16 1974/3858/16 1975/3859/16 1976/3860/16 1977/3861/16 1982/3862/16 1983/3863/16 1984/3864/16 1859/3787/16 1927/3786/16 1926/3865/16 1925/3866/16 1924/3867/16 1919/3868/16 1918/3869/16 1917/3870/16 1916/3871/16 1911/3872/16 1910/3873/16 1909/3874/16 1908/3875/16 1903/3876/16 1902/3877/16 1901/3878/16 1900/3879/16 1894/3880/16 1893/3881/16 1892/3882/16 1891/3883/16 1886/3884/16 1885/3885/16 1884/3886/16 1882/3887/16
f 1881/3888/349 1884/3889/349 1885/3890/349 1887/3891/349
f 1887/3891/350 1885/3890/350 1886/3892/350 1888/3893/350
f 1886/3892/351 1891/3894/351 1889/3895/351 1888/3893/351
f 1891/3894/352 1892/3896/352 1890/3897/352 1889/3895/352
f 1892/3896/353 1893/3898/353 1895/3899/353 1890/3897/353
f 1893/3898/336 1894/3900/336 1896/3901/336 1895/3899/336
f 1894/3900/337 1900/3902/337 1897/3903/337 1896/3901/337
f 1897/3903/338 1900/3902/338 1901/3904/338 1899/3905/338
f 1901/3904/339 1902/3906/339 1904/3907/339 1899/3905/339
f 1902/3906/340 1903/3908/340 1905/3909/340 1904/3907/340
f 1903/3908/354 1908/3910/354 1906/3911/354 1905/3909/354
f 1908/3910/342 1909/3912/342 1907/3913/342 1906/3911/342
f 1909/3914/343 1910/3915/343 1912/3916/343 1907/3917/343
f 1910/3915/344 1911/3918/344 1913/3919/344 1912/3916/344
f 1911/3918/345 1916/3920/345 1914/3921/345 1913/3919/345
f 1916/3920/346 1917/3922/346 1915/3923/346 1914/3921/346
f 1917/3924/355 1918/3925/355 1920/3926/355 1915/3927/355
f 1918/3925/356 1919/3928/356 1921/3929/356 1920/3926/356
f 1921/3929/357 1919/3928/357 1924/3930/357 1922/3931/357
f 1922/3931/358 1924/3930/358 1925/3932/358 1923/3933/358
f 1923/3933/359 1925/3932/359 1926/3934/359 1928/3935/359
f 1928/3935/360 1926/3934/360 1927/3936/360 1929/3937/360
f 1929/3937/361 1927/3936/361 1932/3938/361 1930/3939/361
f 1930/3939/362 1932/3938/362 1933/3940/362 1931/3941/362
f 1931/3941/363 1933/3940/363 1934/3942/363 1936/3943/363
f 1936/3943/364 1934/3942/364 1935/3944/364 1937/3945/364
f 1937/3945/365 1935/3944/365 1940/3946/365 1938/3947/365
f 1938/3947/366 1940/3946/366 1941/3948/366 1939/3949/366
f 1939/3950/367 1941/3951/367 1942/3952/367 1943/3953/367
f 1943/3953/368 1942/3952/368 1883/3837/368 1880/3836/368
f 1944/3954/362 1959/3955/362 1945/3956/362 1898/3957/362
f 1898/3957/361 1945/3956/361 1947/3958/361 1946/3959/361
f 1946/3959/360 1947/3958/360 1949/3960/360 1948/3961/360
f 1948/3961/359 1949/3960/359 1951/3962/359 1950/3963/359
f 1950/3963/358 1951/3962/358 1953/3964/358 1952/3965/358
f 1952/3965/357 1953/3964/357 1955/3966/357 1954/3967/357
f 1954/3967/369 1955/3966/369 1957/3968/369 1956/3969/369
f 1956/3969/355 1957/3968/355 1958/3970/355 1877/3971/355
f 1962/3972/363 1960/3973/363 1959/3955/363 1944/3954/363
f 1963/3974/364 1961/3975/364 1960/3973/364 1962/3972/364
f 1964/3976/370 1966/3977/370 1961/3975/370 1963/3974/370
f 1965/3978/366 1967/3979/366 1966/3977/366 1964/3976/366
f 1970/3980/367 1968/3981/367 1967/3982/367 1965/3983/367
f 1971/3984/368 1969/3985/368 1968/3981/368 1970/3980/368
f 1972/3986/347 1974/3987/347 1969/3985/347 1971/3984/347
f 1973/3988/348 1975/3989/348 1974/3987/348 1972/3986/348
f 1978/3990/349 1976/3991/349 1975/3992/349 1973/3993/349
f 1979/3994/371 1977/3995/371 1976/3991/371 1978/3990/371
f 1980/3996/351 1982/3997/351 1977/3995/351 1979/3994/351
f 1981/3998/352 1983/3999/352 1982/3997/352 1980/3996/352
f 1858/3781/353 1984/3780/353 1983/3999/353 1981/3998/353
f 2007/4000/372 2004/4001/372 2003/4002/372 2002/4003/372 1997/4004/372 1996/4005/372 1995/4006/372 1994/4007/372 1989/4008/372 1988/4009/372 1985/4010/372 1986/4011/372 2109/4012/372 2108/4013/372 2107/4014/372 2106/4015/372 2101/4016/372 2100/4017/372 2099/4018/372 2098/4019/372 2093/4020/372 2092/4021/372 2091/4022/372 2090/4023/372 2072/4024/372 2026/4025/372 2025/4026/372 2027/4027/372 2032/4028/372 2033/4029/372 2034/4030/372 2035/4031/372 2040/4032/372 2041/4033/372 2042/4034/372 2043/4035/372 2048/4036/372 2049/4037/372 2050/4038/372 2051/4039/372 2056/4040/372 2057/4041/372 2058/4042/372 2059/4043/372 2064/4044/372 2065/4045/372 2066/4046/372 2067/4047/372 2071/4048/372 2008/4049/372
f 1985/4050/8 1987/4051/8 2112/4052/373 1986/4053/373
f 1988/4054/374 1990/4055/374 1987/4051/8 1985/4050/8
f 1989/4056/375 1991/4057/375 1990/4055/375 1988/4054/375
f 2055/4058/376 1987/4059/376 1990/4060/376 1991/4061/376 1992/4062/376 1993/4063/376 1998/4064/376 1999/4065/376 2000/4066/376 2001/4067/376 2011/4068/376 2070/4069/376 2069/4070/376 2068/4071/376 2063/4072/376 2062/4073/376 2061/4074/376 2060/4075/376
f 1994/4076/377 1992/4077/377 1991/4057/377 1989/4056/377
f 1995/4078/378 1993/4079/378 1992/4077/378 1994/4076/378
f 1996/4080/379 1998/4081/379 1993/4079/379 1995/4078/379
f 1997/4082/380 1999/4083/380 1998/4081/380 1996/4080/380
f 2002/4084/381 2000/4085/381 1999/4083/381 1997/4082/381
f 2003/4086/382 2001/4087/382 2000/4085/382 2002/4084/382
f 2004/4088/383 2006/4089/383 2001/4090/383 2003/4091/383
f 2026/4025/372 2074/4092/372 2076/4093/372 2078/4094/372 2080/4095/372 2082/4096/372 2084/4097/372 2005/4098/372 2004/4001/372 2007/4000/372 2009/4099/372 2015/4100/372 2016/4101/372 2017/4102/372 2018/4103/372 2023/4104/372 2024/4105/372 2025/4026/372
f 2005/4106/384 2086/4107/384 2006/4089/384 2004/4088/384
f 2008/4108/385 2011/4109/385 2010/4110/385 2007/4111/385
f 2007/4111/386 2010/4110/386 2012/4112/386 2009/4113/386
f 2011/4068/376 2001/4067/376 2006/4114/376 2086/4115/376 2085/4116/376 2083/4117/376 2081/4118/376 2079/4119/376 2077/4120/376 2075/4121/376 2073/4122/376 2087/4123/376 2088/4124/376 2089/4125/376 2094/4126/376 2095/4127/376 2096/4128/376 2097/4129/376 2102/4130/376 2103/4131/376 2104/4132/376 2105/4133/376 2110/4134/376 2111/4135/376 2112/4136/376 1987/4059/376 2055/4058/376 2054/4137/376 2053/4138/376 2052/4139/376 2047/4140/376 2046/4141/376 2045/4142/376 2044/4143/376 2039/4144/376 2038/4145/376 2037/4146/376 2036/4147/376 2031/4148/376 2030/4149/376 2029/4150/376 2028/4151/376 2022/4152/376 2021/4153/376 2020/4154/376 2019/4155/376 2014/4156/376 2013/4157/376 2012/4158/376 2010/4159/376
f 2009/4113/387 2012/4112/387 2013/4160/387 2015/4161/387
f 2015/4161/388 2013/4160/388 2014/4162/388 2016/4163/388
f 2014/4162/389 2019/4164/389 2017/4165/389 2016/4163/389
f 2019/4164/390 2020/4166/390 2018/4167/390 2017/4165/390
f 2020/4166/391 2021/4168/391 2023/4169/391 2018/4167/391
f 2021/4168/373 2022/4170/8 2024/4171/8 2023/4169/373
f 2022/4170/8 2028/4172/374 2025/4173/374 2024/4171/8
f 2025/4173/375 2028/4172/375 2029/4174/375 2027/4175/375
f 2029/4174/377 2030/4176/377 2032/4177/377 2027/4175/377
f 2030/4176/378 2031/4178/378 2033/4179/378 2032/4177/378
f 2031/4178/379 2036/4180/379 2034/4181/379 2033/4179/379
f 2036/4180/380 2037/4182/380 2035/4183/380 2034/4181/380
f 2037/4182/381 2038/4184/381 2040/4185/381 2035/4183/381
f 2038/4184/382 2039/4186/382 2041/4187/382 2040/4185/382
f 2039/4188/383 2044/4189/383 2042/4190/383 2041/4191/383
f 2044/4189/384 2045/4192/384 2043/4193/384 2042/4190/384
f 2045/4192/392 2046/4194/392 2048/4195/392 2043/4193/392
f 2046/4194/393 2047/4196/393 2049/4197/393 2048/4195/393
f 2049/4197/394 2047/4196/394 2052/4198/394 2050/4199/394
f 2050/4199/395 2052/4198/395 2053/4200/395 2051/4201/395
f 2051/4201/396 2053/4200/396 2054/4202/396 2056/4203/396
f 2056/4203/397 2054/4202/397 2055/4204/5 2057/4205/5
f 2057/4205/5 2055/4204/5 2060/4206/398 2058/4207/398
f 2058/4207/399 2060/4206/399 2061/4208/399 2059/4209/399
f 2059/4209/400 2061/4208/400 2062/4210/400 2064/4211/400
f 2064/4211/401 2062/4210/401 2063/4212/401 2065/4213/401
f 2065/4213/402 2063/4212/402 2068/4214/402 2066/4215/402
f 2066/4215/403 2068/4214/403 2069/4216/403 2067/4217/403
f 2067/4217/404 2069/4216/404 2070/4218/404 2071/4219/404
f 2071/4219/405 2070/4218/405 2011/4220/405 2008/4221/405
f 2072/4222/399 2087/4223/399 2073/4224/399 2026/4225/399
f 2026/4225/398 2073/4224/398 2075/4226/5 2074/4227/5
f 2074/4227/5 2075/4226/5 2077/4228/397 2076/4229/397
f 2076/4229/396 2077/4228/396 2079/4230/396 2078/4231/396
f 2078/4231/395 2079/4230/395 2081/4232/395 2080/4233/395
f 2080/4233/394 2081/4232/394 2083/4234/394 2082/4235/394
f 2082/4235/393 2083/4234/393 2085/4236/393 2084/4237/393
f 2084/4237/392 2085/4236/392 2086/4107/392 2005/4106/392
f 2090/4238/400 2088/4239/400 2087/4223/400 2072/4222/400
f 2091/4240/401 2089/4241/401 2088/4239/401 2090/4238/401
f 2092/4242/402 2094/4243/402 2089/4241/402 2091/4240/402
f 2093/4244/403 2095/4245/403 2094/4243/403 2092/4242/403
f 2098/4246/404 2096/4247/404 2095/4245/404 2093/4244/404
f 2099/4248/405 2097/4249/405 2096/4247/405 2098/4246/405
f 2100/4250/385 2102/4251/385 2097/4252/385 2099/4253/385
f 2101/4254/386 2103/4255/386 2102/4251/386 2100/4250/386
f 2106/4256/387 2104/4257/387 2103/4255/387 2101/4254/387
f 2107/4258/388 2105/4259/388 2104/4257/388 2106/4256/388
f 2108/4260/389 2110/4261/389 2105/4259/389 2107/4258/389
f 2109/4262/390 2111/4263/390 2110/4261/390 2108/4260/390
f 1986/4053/391 2112/4052/391 2111/4263/391 2109/4262/391
f 2113/4264/8 2114/4265/8 2173/4266/8 2172/4267/8 2171/4268/8 2170/4269/8 2165/4270/8 2164/4271/8 2163/4272/8 2162/4273/8 2157/4274/8 2156/4275/8 2155/4276/8 2154/4277/8 2149/4278/8 2148/4279/8 2147/4280/8 2146/4281/8 2141/4282/8 2140/4283/8 2139/4284/8 2138/4285/8 2133/4286/8 2132/4287/8 2131/4288/8 2130/4289/8 2125/4290/8 2124/4291/8 2123/4292/8 2122/4293/8 2117/4294/8 2116/4295/8
f 2113/4296/304 2115/4297/304 2176/4298/304 2114/4299/304
f 2116/4300/305 2118/4301/305 2115/4297/305 2113/4296/305
f 2117/4302/306 2119/4303/306 2118/4304/306 2116/4305/306
f 2176/4306/5 2115/4307/5 2118/4308/5 2119/4309/5 2120/4310/5 2121/4311/5 2126/4312/5 2127/4313/5 2128/4314/5 2129/4315/5 2134/4316/5 2135/4317/5 2136/4318/5 2137/4319/5 2142/4320/5 2143/4321/5 2144/4322/5 2145/4323/5 2150/4324/5 2151/4325/5 2152/4326/5 2153/4327/5 2158/4328/5 2159/4329/5 2160/4330/5 2161/4331/5 2166/4332/5 2167/4333/5 2168/4334/5 2169/4335/5 2174/4336/5 2175/4337/5
f 2122/4338/307 2120/4339/307 2119/4303/307 2117/4302/307
f 2123/4340/308 2121/4341/308 2120/4339/308 2122/4338/308
f 2124/4342/309 2126/4343/309 2121/4341/309 2123/4340/309
f 2125/4344/310 2127/4345/310 2126/4343/310 2124/4342/310
f 2130/4346/326 2128/4347/326 2127/4345/326 2125/4344/326
f 2131/4348/325 2129/4349/325 2128/4347/325 2130/4346/325
f 2132/4350/324 2134/4351/324 2129/4349/324 2131/4348/324
f 2133/4352/323 2135/4353/323 2134/4351/323 2132/4350/323
f 2138/4354/322 2136/4355/322 2135/4353/322 2133/4352/322
f 2139/4356/321 2137/4357/321 2136/4355/321 2138/4354/321
f 2140/4358/320 2142/4359/320 2137/4357/320 2139/4356/320
f 2141/4360/319 2143/4361/319 2142/4359/319 2140/4358/319
f 2146/4362/318 2144/4363/318 2143/4361/318 2141/4360/318
f 2147/4364/317 2145/4365/317 2144/4366/317 2146/4367/317
f 2148/4299/316 2150/4298/316 2145/4365/316 2147/4364/316
f 2149/4368/315 2151/4369/315 2150/4370/315 2148/4371/315
f 2154/4372/314 2152/4373/314 2151/4369/314 2149/4368/314
f 2155/4374/313 2153/4375/313 2152/4373/313 2154/4372/313
f 2156/4376/312 2158/4377/312 2153/4375/312 2155/4374/312
f 2157/4378/311 2159/4379/311 2158/4377/311 2156/4376/311
f 2162/4380/335 2160/4381/335 2159/4379/335 2157/4378/335
f 2163/4382/334 2161/4383/334 2160/4381/334 2162/4380/334
f 2164/4384/333 2166/4385/333 2161/4383/333 2163/4382/333
f 2165/4386/332 2167/4387/332 2166/4385/332 2164/4384/332
f 2170/4388/331 2168/4389/331 2167/4387/331 2165/4386/331
f 2171/4390/330 2169/4391/330 2168/4389/330 2170/4388/330
f 2172/4392/329 2174/4393/329 2169/4391/329 2171/4390/329
f 2173/4394/328 2175/4395/328 2174/4393/328 2172/4392/328
f 2114/4396/327 2176/4397/327 2175/4395/327 2173/4394/327
f 2209/4398/406 2177/4399/406 2178/4400/406
f 2178/4400/407 2177/4399/407 2179/4401/407
f 2179/4401/408 2177/4399/408 2180/4402/408
f 2180/4402/409 2177/4399/410 2181/4403/411
f 2181/4403/411 2177/4399/410 2182/4404/412
f 2182/4404/413 2177/4399/414 2183/4405/415
f 2183/4405/415 2177/4399/414 2184/4406/416
f 2184/4406/417 2177/4399/418 2185/4407/419
f 2185/4407/419 2177/4399/418 2186/4408/420
f 2186/4408/420 2177/4399/418 2187/4409/421
f 2187/4409/421 2177/4399/418 2188/4410/422
f 2188/4410/422 2177/4399/418 2189/4411/423
f 2189/4411/424 2177/4399/425 2190/4412/426
f 2190/4412/426 2177/4399/425 2191/4413/427
f 2191/4413/428 2177/4399/428 2192/4414/428
f 2192/4414/429 2177/4399/429 2193/4415/429
f 2193/4415/430 2177/4399/430 2194/4416/430
f 2194/4416/431 2177/4399/431 2195/4417/431
f 2195/4417/432 2177/4399/432 2196/4418/432
f 2196/4418/433 2177/4399/434 2197/4419/435
f 2197/4419/435 2177/4399/434 2198/4420/436
f 2198/4420/437 2177/4399/438 2199/4421/439
f 2199/4421/439 2177/4399/438 2200/4422/303
f 2200/4422/440 2177/4399/441 2201/4423/442
f 2201/4423/442 2177/4399/441 2202/4424/443
f 2202/4424/443 2177/4399/441 2203/4425/444
f 2203/4425/444 2177/4399/441 2204/4426/445
f 2204/4426/445 2177/4399/441 2205/4427/301
f 2205/4427/446 2177/4399/447 2206/4428/448
f 2206/4428/448 2177/4399/447 2207/4429/449
f 2207/4429/450 2177/4399/450 2208/4430/450
f 2208/4430/451 2177/4399/451 2209/4398/451
f 2210/4431/452 2209/4398/452 2178/4400/452 2213/4432/452
f 2212/4433/453 2208/4430/453 2209/4398/453 2210/4431/453
f 2211/4434/454 2210/4431/454 2213/4432/454 2214/4435/454
f 2274/4436/455 2212/4433/455 2210/4431/455 2211/4434/455
f 2213/4432/456 2178/4400/456 2179/4401/456 2215/4437/456
f 2214/4435/457 2213/4432/457 2215/4437/457 2216/4438/457
f 2215/4437/458 2179/4401/458 2180/4402/458 2217/4439/458
f 2216/4438/459 2215/4437/459 2217/4439/459 2218/4440/459
f 2217/4439/460 2180/4402/460 2181/4403/460 2219/4441/460
f 2218/4440/461 2217/4439/461 2219/4441/461 2220/4442/461
f 2219/4441/462 2181/4403/462 2182/4404/462 2221/4443/462
f 2220/4442/463 2219/4441/463 2221/4443/463 2222/4444/463
f 2221/4443/464 2182/4404/464 2183/4405/464 2223/4445/464
f 2222/4444/465 2221/4443/465 2223/4445/465 2224/4446/465
f 2223/4445/466 2183/4405/466 2184/4406/466 2225/4447/466
f 2224/4446/467 2223/4445/467 2225/4447/467 2226/4448/467
f 2225/4447/468 2184/4406/468 2185/4407/469 2227/4449/470
f 2226/4448/471 2225/4447/471 2227/4449/471 2228/4450/471
f 2227/4449/470 2185/4407/469 2186/4408/472 2229/4451/472
f 2228/4450/473 2227/4449/473 2229/4451/474 2230/4452/474
f 2229/4451/472 2186/4408/472 2187/4409/475 2231/4453/476
f 2230/4452/474 2229/4451/474 2231/4453/477 2232/4454/477
f 2231/4453/476 2187/4409/475 2188/4410/478 2233/4455/478
f 2232/4454/479 2231/4453/479 2233/4455/479 2234/4456/479
f 2233/4455/480 2188/4410/480 2189/4411/480 2235/4457/480
f 2234/4456/481 2233/4455/481 2235/4457/481 2236/4458/481
f 2235/4457/482 2189/4411/482 2190/4412/482 2237/4459/482
f 2236/4458/483 2235/4457/483 2237/4459/483 2238/4460/483
f 2237/4459/484 2190/4412/484 2191/4413/484 2239/4461/484
f 2238/4460/485 2237/4459/485 2239/4461/485 2240/4462/485
f 2239/4461/486 2191/4413/486 2192/4414/486 2241/4463/486
f 2240/4462/487 2239/4461/487 2241/4463/487 2242/4464/487
f 2241/4463/488 2192/4414/488 2193/4415/488 2243/4465/488
f 2242/4464/489 2241/4463/489 2243/4465/489 2244/4466/489
f 2243/4465/490 2193/4415/490 2194/4416/490 2245/4467/490
f 2244/4466/491 2243/4465/491 2245/4467/491 2246/4468/491
f 2245/4467/492 2194/4416/492 2195/4417/492 2247/4469/492
f 2246/4468/493 2245/4467/493 2247/4469/493 2248/4470/493
f 2247/4469/494 2195/4417/494 2196/4418/494 2249/4471/494
f 2248/4470/495 2247/4469/495 2249/4471/495 2250/4472/495
f 2249/4471/496 2196/4418/496 2197/4419/496 2251/4473/496
f 2250/4472/497 2249/4471/497 2251/4473/497 2252/4474/497
f 2251/4473/498 2197/4419/498 2198/4420/498 2253/4475/498
f 2252/4474/499 2251/4473/499 2253/4475/499 2254/4476/499
f 2253/4475/500 2198/4420/500 2199/4421/500 2255/4477/500
f 2254/4476/501 2253/4475/501 2255/4477/501 2256/4478/501
f 2255/4477/502 2199/4421/502 2200/4422/502 2257/4479/502
f 2256/4478/503 2255/4477/503 2257/4479/503 2258/4480/503
f 2257/4479/504 2200/4422/504 2201/4423/505 2259/4481/506
f 2258/4480/507 2257/4479/507 2259/4481/507 2260/4482/507
f 2259/4481/506 2201/4423/505 2202/4424/508 2261/4483/508
f 2260/4482/509 2259/4481/509 2261/4483/510 2262/4484/510
f 2261/4483/508 2202/4424/508 2203/4425/511 2263/4485/512
f 2262/4484/510 2261/4483/510 2263/4485/513 2264/4486/513
f 2263/4485/512 2203/4425/511 2204/4426/514 2265/4487/514
f 2264/4486/515 2263/4485/515 2265/4487/515 2266/4488/515
f 2265/4487/516 2204/4426/516 2205/4427/516 2267/4489/516
f 2266/4488/517 2265/4487/517 2267/4489/517 2268/4490/517
f 2267/4489/518 2205/4427/518 2206/4428/518 2269/4491/518
f 2268/4490/519 2267/4489/519 2269/4491/519 2270/4492/519
f 2269/4491/520 2206/4428/520 2207/4429/520 2271/4493/520
f 2270/4492/521 2269/4491/521 2271/4493/521 2272/4494/521
f 2271/4493/522 2207/4429/522 2208/4430/522 2212/4433/522
f 2272/4494/523 2271/4493/523 2212/4433/523 2274/4436/523
f 2273/4495/524 2272/4494/524 2274/4436/524 2275/4496/524
f 2335/4497/525 2270/4492/525 2272/4494/525 2273/4495/525
f 2275/4496/526 2274/4436/526 2211/4434/526 2277/4498/526
f 2276/4499/527 2275/4496/527 2277/4498/527 2278/4500/527
f 2338/4501/528 2273/4495/528 2275/4496/528 2276/4499/528
f 2277/4498/529 2211/4434/529 2214/4435/529 2279/4502/529
f 2278/4500/530 2277/4498/530 2279/4502/530 2280/4503/530
f 2279/4502/531 2214/4435/531 2216/4438/531 2281/4504/531
f 2280/4503/532 2279/4502/532 2281/4504/532 2282/4505/532
f 2281/4504/533 2216/4438/533 2218/4440/533 2283/4506/533
f 2282/4505/534 2281/4504/534 2283/4506/534 2284/4507/534
f 2283/4506/535 2218/4440/535 2220/4442/535 2285/4508/535
f 2284/4507/536 2283/4506/536 2285/4508/536 2286/4509/536
f 2285/4508/537 2220/4442/537 2222/4444/537 2287/4510/537
f 2286/4509/538 2285/4508/538 2287/4510/538 2288/4511/538
f 2287/4510/539 2222/4444/539 2224/4446/539 2289/4512/539
f 2288/4511/540 2287/4510/540 2289/4512/540 2290/4513/540
f 2289/4512/541 2224/4446/541 2226/4448/541 2291/4514/541
f 2290/4513/542 2289/4512/542 2291/4514/542 2292/4515/542
f 2291/4514/543 2226/4448/543 2228/4450/543 2293/4516/543
f 2292/4517/544 2291/4518/544 2293/4519/544 2294/4520/544
f 2293/4516/545 2228/4450/545 2230/4452/545 2295/4521/545
f 2294/4520/546 2293/4519/546 2295/4522/546 2296/4523/546
f 2295/4521/547 2230/4452/547 2232/4454/547 2297/4524/547
f 2296/4523/548 2295/4522/548 2297/4525/548 2298/4526/548
f 2297/4524/549 2232/4454/549 2234/4456/549 2299/4527/549
f 2298/4526/550 2297/4525/550 2299/4528/550 2300/4529/550
f 2299/4527/551 2234/4456/551 2236/4458/551 2301/4530/551
f 2300/4531/552 2299/4527/552 2301/4530/552 2302/4532/552
f 2301/4530/553 2236/4458/553 2238/4460/553 2303/4533/553
f 2302/4532/554 2301/4530/554 2303/4533/554 2304/4534/554
f 2303/4533/555 2238/4460/555 2240/4462/555 2305/4535/555
f 2304/4534/556 2303/4533/556 2305/4535/556 2306/4536/556
f 2305/4535/557 2240/4462/557 2242/4464/557 2307/4537/557
f 2306/4536/558 2305/4535/558 2307/4537/558 2308/4538/558
f 2307/4537/559 2242/4464/559 2244/4466/559 2309/4539/559
f 2308/4538/560 2307/4537/560 2309/4539/560 2310/4540/560
f 2309/4539/561 2244/4466/561 2246/4468/561 2311/4541/561
f 2310/4540/562 2309/4539/562 2311/4541/562 2312/4542/562
f 2311/4541/563 2246/4468/563 2248/4470/563 2313/4543/563
f 2312/4542/564 2311/4541/564 2313/4543/564 2314/4544/564
f 2313/4543/565 2248/4470/565 2250/4472/565 2315/4545/565
f 2314/4544/566 2313/4543/566 2315/4545/566 2316/4546/566
f 2315/4545/567 2250/4472/567 2252/4474/567 2317/4547/567
f 2316/4546/568 2315/4545/568 2317/4547/568 2318/4548/568
f 2317/4547/569 2252/4474/569 2254/4476/569 2319/4549/569
f 2318/4548/570 2317/4547/570 2319/4549/570 2320/4550/570
f 2319/4549/571 2254/4476/571 2256/4478/571 2321/4551/571
f 2320/4550/572 2319/4549/572 2321/4551/572 2322/4552/572
f 2321/4551/573 2256/4478/573 2258/4480/573 2323/4553/573
f 2322/4552/574 2321/4551/574 2323/4553/574 2324/4554/574
f 2323/4553/575 2258/4480/575 2260/4482/575 2325/4555/575
f 2324/4556/576 2323/4557/576 2325/4558/576 2326/4559/576
f 2325/4555/577 2260/4482/577 2262/4484/577 2327/4560/577
f 2326/4559/578 2325/4558/578 2327/4561/578 2328/4562/578
f 2327/4560/579 2262/4484/579 2264/4486/579 2329/4563/579
f 2328/4562/580 2327/4561/580 2329/4564/580 2330/4565/580
f 2329/4563/581 2264/4486/581 2266/4488/581 2331/4566/581
f 2330/4565/582 2329/4564/582 2331/4567/582 2332/4568/582
f 2331/4566/583 2266/4488/583 2268/4490/583 2333/4569/583
f 2332/4570/584 2331/4566/584 2333/4569/584 2334/4571/584
f 2333/4569/585 2268/4490/585 2270/4492/585 2335/4497/585
f 2334/4571/586 2333/4569/586 2335/4497/586 2336/4572/586
f 2336/4572/587 2335/4497/587 2273/4495/587 2338/4501/587
f 2337/4573/588 2336/4574/588 2338/4575/588 2339/4576/588
f 2399/4577/589 2334/4578/589 2336/4574/589 2337/4573/589
f 2339/4579/590 2338/4501/590 2276/4499/590 2341/4580/590
f 2340/4581/591 2339/4576/591 2341/4582/591 2342/4583/591
f 2402/4584/592 2337/4573/592 2339/4576/592 2340/4581/592
f 2341/4580/593 2276/4499/593 2278/4500/593 2343/4585/593
f 2342/4586/594 2341/4580/594 2343/4585/594 2344/4587/594
f 2343/4585/595 2278/4500/595 2280/4503/595 2345/4588/595
f 2344/4587/596 2343/4585/596 2345/4588/596 2346/4589/596
f 2345/4588/597 2280/4503/597 2282/4505/597 2347/4590/597
f 2346/4589/598 2345/4588/598 2347/4590/598 2348/4591/598
f 2347/4590/599 2282/4505/599 2284/4507/599 2349/4592/599
f 2348/4591/600 2347/4590/600 2349/4592/600 2350/4593/600
f 2349/4592/601 2284/4507/601 2286/4509/601 2351/4594/601
f 2350/4595/602 2349/4596/602 2351/4597/602 2352/4598/602
f 2351/4597/603 2286/4599/603 2288/4600/603 2353/4601/603
f 2352/4598/604 2351/4597/604 2353/4601/604 2354/4602/604
f 2353/4601/605 2288/4600/605 2290/4603/605 2355/4604/605
f 2354/4602/606 2353/4601/606 2355/4604/606 2356/4605/606
f 2355/4604/607 2290/4603/607 2292/4517/607 2357/4606/607
f 2356/4605/608 2355/4604/608 2357/4606/608 2358/4607/608
f 2357/4606/609 2292/4517/609 2294/4520/609 2359/4608/609
f 2358/4607/610 2357/4606/610 2359/4608/610 2360/4609/610
f 2359/4608/611 2294/4520/611 2296/4523/611 2361/4610/611
f 2360/4609/612 2359/4608/612 2361/4610/612 2362/4611/612
f 2361/4610/613 2296/4523/613 2298/4526/613 2363/4612/613
f 2362/4611/614 2361/4610/614 2363/4612/614 2364/4613/614
f 2363/4612/615 2298/4526/615 2300/4529/615 2365/4614/615
f 2364/4613/616 2363/4612/616 2365/4614/616 2366/4615/616
f 2365/4614/617 2300/4529/617 2302/4616/617 2367/4617/617
f 2366/4615/618 2365/4614/618 2367/4617/618 2368/4618/618
f 2367/4617/619 2302/4616/619 2304/4619/619 2369/4620/619
f 2368/4618/620 2367/4617/620 2369/4620/620 2370/4621/620
f 2369/4620/621 2304/4619/621 2306/4622/621 2371/4623/621
f 2370/4621/622 2369/4620/622 2371/4623/622 2372/4624/622
f 2371/4625/623 2306/4536/623 2308/4538/623 2373/4626/623
f 2372/4624/624 2371/4623/624 2373/4627/624 2374/4628/624
f 2373/4626/625 2308/4538/625 2310/4540/625 2375/4629/625
f 2374/4630/626 2373/4626/626 2375/4629/626 2376/4631/626
f 2375/4629/627 2310/4540/627 2312/4542/627 2377/4632/627
f 2376/4631/628 2375/4629/628 2377/4632/628 2378/4633/628
f 2377/4632/629 2312/4542/629 2314/4544/629 2379/4634/629
f 2378/4633/630 2377/4632/630 2379/4634/630 2380/4635/630
f 2379/4634/631 2314/4544/631 2316/4546/631 2381/4636/631
f 2380/4635/632 2379/4634/632 2381/4636/632 2382/4637/632
f 2381/4636/633 2316/4546/633 2318/4548/633 2383/4638/633
f 2382/4639/634 2381/4640/634 2383/4641/634 2384/4642/634
f 2383/4641/635 2318/4643/635 2320/4644/635 2385/4645/635
f 2384/4642/636 2383/4641/636 2385/4645/636 2386/4646/636
f 2385/4645/637 2320/4644/637 2322/4647/637 2387/4648/637
f 2386/4646/638 2385/4645/638 2387/4648/638 2388/4649/638
f 2387/4648/639 2322/4647/639 2324/4556/639 2389/4650/639
f 2388/4649/640 2387/4648/640 2389/4650/640 2390/4651/640
f 2389/4650/641 2324/4556/641 2326/4559/641 2391/4652/641
f 2390/4651/642 2389/4650/642 2391/4652/642 2392/4653/642
f 2391/4652/643 2326/4559/643 2328/4562/643 2393/4654/643
f 2392/4653/644 2391/4652/644 2393/4654/644 2394/4655/644
f 2393/4654/645 2328/4562/645 2330/4565/645 2395/4656/645
f 2394/4655/646 2393/4654/646 2395/4656/646 2396/4657/646
f 2395/4656/647 2330/4565/647 2332/4568/647 2397/4658/647
f 2396/4657/648 2395/4656/648 2397/4658/648 2398/4659/648
f 2397/4658/649 2332/4568/649 2334/4578/649 2399/4577/649
f 2398/4659/650 2397/4658/650 2399/4577/650 2400/4660/650
f 2400/4660/651 2399/4577/651 2337/4573/651 2402/4584/651
f 2401/4661/652 2400/4660/652 2402/4584/652 2403/4662/652
f 2433/4663/653 2398/4659/653 2400/4660/653 2401/4661/653
f 2403/4662/654 2402/4584/654 2340/4581/654 2404/4664/654
f 2404/4664/655 2340/4581/655 2342/4583/655 2405/4665/655
f 2405/4665/656 2342/4583/656 2344/4666/656 2406/4667/656
f 2406/4668/657 2344/4669/657 2346/4670/657 2407/4671/657
f 2407/4671/658 2346/4670/658 2348/4672/658 2408/4673/658
f 2408/4674/659 2348/4675/659 2350/4595/659 2409/4676/659
f 2409/4676/660 2350/4595/660 2352/4598/660 2410/4677/660
f 2410/4677/661 2352/4598/661 2354/4602/661 2411/4678/661
f 2411/4678/662 2354/4602/662 2356/4605/662 2412/4679/662
f 2412/4679/663 2356/4605/663 2358/4607/663 2413/4680/663
f 2413/4680/664 2358/4607/664 2360/4609/664 2414/4681/664
f 2414/4681/665 2360/4609/665 2362/4611/665 2415/4682/665
f 2415/4682/666 2362/4611/666 2364/4613/666 2416/4683/666
f 2416/4683/667 2364/4613/667 2366/4615/667 2417/4684/667
f 2417/4684/668 2366/4615/668 2368/4618/668 2418/4685/668
f 2418/4685/669 2368/4618/669 2370/4621/669 2419/4686/669
f 2419/4686/670 2370/4621/670 2372/4624/670 2420/4687/670
f 2420/4687/671 2372/4624/671 2374/4628/671 2421/4688/671
f 2421/4688/672 2374/4628/672 2376/4689/672 2422/4690/672
f 2422/4673/673 2376/4691/673 2378/4692/673 2423/4693/673
f 2423/4693/674 2378/4692/674 2380/4694/674 2424/4695/674
f 2424/4696/675 2380/4697/675 2382/4639/675 2425/4698/675
f 2425/4698/676 2382/4639/676 2384/4642/676 2426/4699/676
f 2426/4699/677 2384/4642/677 2386/4646/677 2427/4700/677
f 2427/4700/678 2386/4646/678 2388/4649/678 2428/4701/678
f 2428/4701/679 2388/4649/679 2390/4651/679 2429/4702/679
f 2429/4702/680 2390/4651/680 2392/4653/680 2430/4703/680
f 2430/4703/681 2392/4653/681 2394/4655/681 2431/4704/681
f 2431/4704/682 2394/4655/682 2396/4657/682 2432/4705/682
f 2432/4705/683 2396/4657/683 2398/4659/683 2433/4663/683
f 2434/4706/257 2435/4707/257 2436/4708/257
f 2434/4709/684 2437/4710/684 2438/4711/684
f 2434/4712/209 2439/4713/209 2440/4714/209
f 2441/4715/8 2442/4716/8 2501/4717/8 2500/4718/8 2499/4719/8 2498/4720/8 2493/4721/8 2492/4722/8 2491/4723/8 2490/4724/8 2485/4725/8 2484/4726/8 2483/4727/8 2482/4728/8 2477/4729/8 2476/4730/8 2475/4731/8 2474/4732/8 2469/4733/8 2468/4734/8 2467/4735/8 2466/4736/8 2461/4737/8 2460/4738/8 2459/4739/8 2458/4740/8 2453/4741/8 2452/4742/8 2451/4743/8 2450/4744/8 2445/4745/8 2444/4746/8
f 2441/4747/304 2443/4748/304 2504/4749/304 2442/4750/304
f 2444/157/305 2446/4751/305 2443/4748/305 2441/4747/305
f 2445/4752/306 2447/4753/306 2446/4754/306 2444/4755/306
f 2504/4756/5 2443/4757/5 2446/4758/5 2447/4759/5 2448/4760/5 2449/4761/5 2454/4762/5 2455/4763/5 2456/4764/5 2457/4765/5 2462/4766/5 2463/4767/5 2464/4768/5 2465/4769/5 2470/4770/5 2471/4771/5 2472/4772/5 2473/4773/5 2478/4774/5 2479/4775/5 2480/4776/5 2481/4777/5 2486/4778/5 2487/4779/5 2488/4780/5 2489/4781/5 2494/4782/5 2495/4783/5 2496/4784/5 2497/4785/5 2502/4786/5 2503/4787/5
f 2450/4788/307 2448/4789/307 2447/4753/307 2445/4752/307
f 2451/4790/308 2449/4791/308 2448/4789/308 2450/4788/308
f 2452/4792/309 2454/4793/309 2449/4791/309 2451/4790/309
f 2453/4794/310 2455/4795/310 2454/4793/310 2452/4792/310
f 2458/4796/326 2456/4797/326 2455/4795/326 2453/4794/326
f 2459/4798/325 2457/4799/325 2456/4797/325 2458/4796/325
f 2460/4800/324 2462/4801/324 2457/4799/324 2459/4798/324
f 2461/4802/323 2463/4803/323 2462/4801/323 2460/4800/323
f 2466/4804/322 2464/4805/322 2463/4803/322 2461/4802/322
f 2467/4806/321 2465/4807/321 2464/4805/321 2466/4804/321
f 2468/4808/320 2470/4809/320 2465/4807/320 2467/4806/320
f 2469/4810/319 2471/4811/319 2470/4809/319 2468/4808/319
f 2474/4812/318 2472/4813/318 2471/4811/318 2469/4810/318
f 2475/4814/317 2473/4815/317 2472/4816/317 2474/4817/317
f 2476/4367/316 2478/4366/316 2473/4815/316 2475/4814/316
f 2477/4818/315 2479/4819/315 2478/4820/315 2476/4821/315
f 2482/4822/314 2480/4823/314 2479/4819/314 2477/4818/314
f 2483/4824/313 2481/4825/313 2480/4823/313 2482/4822/313
f 2484/4826/312 2486/4827/312 2481/4825/312 2483/4824/312
f 2485/4828/311 2487/4829/311 2486/4827/311 2484/4826/311
f 2490/4830/335 2488/4831/335 2487/4829/335 2485/4828/335
f 2491/4832/334 2489/4833/334 2488/4831/334 2490/4830/334
f 2492/4834/333 2494/4835/333 2489/4833/333 2491/4832/333
f 2493/4836/332 2495/4837/332 2494/4835/332 2492/4834/332
f 2498/4838/331 2496/4839/331 2495/4837/331 2493/4836/331
f 2499/4840/330 2497/4841/330 2496/4839/330 2498/4838/330
f 2500/4842/329 2502/4843/329 2497/4841/329 2499/4840/329
f 2501/4844/328 2503/4845/328 2502/4843/328 2500/4842/328
f 2442/4846/327 2504/4847/327 2503/4845/327 2501/4844/327
f 2505/4848/8 2506/4849/8 2565/4850/8 2564/4851/8 2563/4852/8 2562/4853/8 2557/4854/8 2556/4855/8 2555/4856/8 2554/4857/8 2549/4858/8 2548/4859/8 2547/4860/8 2546/4861/8 2541/4862/8 2540/4863/8 2539/4864/8 2538/4865/8 2533/4866/8 2532/4867/8 2531/4868/8 2530/4869/8 2525/4870/8 2524/4871/8 2523/4872/8 2522/4873/8 2517/4874/8 2516/4875/8 2515/4876/8 2514/4877/8 2509/4878/8 2508/4879/8
f 2505/4880/304 2507/4881/304 2568/4882/304 2506/62/304
f 2508/4883/305 2510/4884/305 2507/4881/305 2505/4880/305
f 2509/4885/306 2511/4886/306 2510/4887/306 2508/4888/306
f 2568/4889/5 2507/4890/5 2510/4891/5 2511/4892/5 2512/4893/5 2513/4894/5 2518/4895/5 2519/4896/5 2520/4897/5 2521/4898/5 2526/4899/5 2527/4900/5 2528/4901/5 2529/4902/5 2534/4903/5 2535/4904/5 2536/4905/5 2537/4906/5 2542/4907/5 2543/4908/5 2544/4909/5 2545/4910/5 2550/4911/5 2551/4912/5 2552/4913/5 2553/4914/5 2558/4915/5 2559/4916/5 2560/4917/5 2561/4918/5 2566/4919/5 2567/4920/5
f 2514/4921/307 2512/4922/307 2511/4886/307 2509/4885/307
f 2515/4923/308 2513/4924/308 2512/4922/308 2514/4921/308
f 2516/4925/309 2518/4926/309 2513/4924/309 2515/4923/309
f 2517/4927/310 2519/4928/310 2518/4926/310 2516/4925/310
f 2522/4929/326 2520/4930/326 2519/4928/326 2517/4927/326
f 2523/4931/325 2521/4932/325 2520/4930/325 2522/4929/325
f 2524/4933/324 2526/4934/324 2521/4932/324 2523/4931/324
f 2525/4935/323 2527/4936/323 2526/4934/323 2524/4933/323
f 2530/4937/322 2528/4938/322 2527/4936/322 2525/4935/322
f 2531/4939/321 2529/4940/321 2528/4938/321 2530/4937/321
f 2532/4941/320 2534/4942/320 2529/4940/320 2531/4939/320
f 2533/4943/319 2535/4944/319 2534/4942/319 2532/4941/319
f 2538/4945/318 2536/4946/318 2535/4944/318 2533/4943/318
f 2539/4947/317 2537/4948/317 2536/4949/317 2538/4950/317
f 2540/4362/316 2542/4951/316 2537/4948/316 2539/4947/316
f 2541/4952/315 2543/4953/315 2542/4954/315 2540/4955/315
f 2546/4956/314 2544/4957/314 2543/4953/314 2541/4952/314
f 2547/4958/313 2545/4959/313 2544/4957/313 2546/4956/313
f 2548/4960/312 2550/4961/312 2545/4959/312 2547/4958/312
f 2549/4962/311 2551/4963/311 2550/4961/311 2548/4960/311
f 2554/4964/335 2552/4965/335 2551/4963/335 2549/4962/335
f 2555/4966/334 2553/4967/334 2552/4965/334 2554/4964/334
f 2556/4968/333 2558/4969/333 2553/4967/333 2555/4966/333
f 2557/4970/332 2559/4971/332 2558/4969/332 2556/4968/332
f 2562/4972/331 2560/4973/331 2559/4971/331 2557/4970/331
f 2563/4974/330 2561/4975/330 2560/4973/330 2562/4972/330
f 2564/4976/329 2566/4977/329 2561/4975/329 2563/4974/329
f 2565/4978/328 2567/4979/328 2566/4977/328 2564/4976/328
f 2506/4980/327 2568/4981/327 2567/4979/327 2565/4978/327
